training/actor/actor_loss,training/actor/bound_loss,training/actor/mse,training/actor/q,training/actor/q_loss,training/alpha/current_vs_historical_ratio,training/alpha/historical_avg_loss,training/alpha/max_alpha_bound,training/alpha/min_alpha_bound,training/alpha/valid_count,training/alpha_weight,training/critic/critic_loss,training/critic/q_max,training/critic/q_mean,training/critic/q_min,training/grad/max,training/grad/min,training/grad/norm,training/meanflow/consistency_loss,training/meanflow/flow_loss,training/meanflow/mean_flow_loss,training/metrics/actor_learning_rate,training/metrics/critic_learning_rate,training/total_loss,time/epoch_time,time/total_time,step,exploration/goal_achieved,exploration/total.timesteps,exploration/episode.final_reward,exploration/episode.return,exploration/episode.length,exploration/episode.duration,exploration/episode.normalized_return
0.113674864,0.0,0.4129077,-0.113674864,0.113674864,1.0,0.0,110000.0,1100.0,0,11000.0,243.14293,3.7109785,0.21083742,-3.442274,15595.704,-18275.613,318205.03,0.0828025,0.8335409,0.8335409,0.0,0.0003,9412.207,0.006629498863220215,33.14749836921692,0,,,,,,,
-76.64229,0.028529953,0.09522603,76.670815,-76.670815,26449538.0,0.0,110000.0,1100.0,2,11000.0,103.31944,1118.3195,76.60046,-40.6355,7946.4624,-9087.242,148554.88,0.019111961,0.26449537,0.26449537,1e-05,0.0003,2936.1265,0.009067899847030639,78.48700189590454,5000,,,,,,,
-231.52254,0.0148100965,0.051088583,231.53735,-231.53735,16409473.0,0.0,110000.0,1100.0,4,11000.0,238.93088,2640.1348,231.09021,-65.327286,8045.0825,-11654.698,187704.83,0.007723787,0.16409473,0.16409473,2e-05,0.0003,1812.4503,0.0037149003982543945,97.0615074634552,10000,,,,,,,
-237.65497,0.011004226,0.047656078,237.66597,-237.66597,14235173.0,0.0,110000.0,1100.0,7,11000.0,70.37109,4057.4758,237.33301,-93.21196,5009.283,-6338.0835,137507.69,0.0065987376,0.14235173,0.14235173,3e-05,0.0003,1398.5852,0.0037093120098114015,115.60807180404663,15000,,,,,,,
-381.12375,0.011581161,0.040843785,381.1353,-381.1353,18314446.0,0.0,110000.0,1100.0,9,11000.0,113.55121,5266.4966,380.9417,-185.93404,6824.217,-9860.276,103792.84,0.0065281955,0.18314445,0.18314445,4e-05,0.0003,1747.0165,0.0036538079261779787,133.87711668014526,20000,,,,,,,
-456.074,0.009192228,0.040734548,456.0832,-456.0832,1.569847,0.08578187,110000.0,1100.0,12,11000.0,99.8203,6254.543,455.8568,-155.81418,5597.345,-3847.497,75905.94,0.0060738637,0.13466442,0.13466442,5e-05,0.0003,1125.0549,0.0037381940841674805,152.56809401512146,25000,,,,,,,
-677.48566,0.0072367936,0.03829973,677.4929,-677.4929,1.1828173,0.114236794,110000.0,1100.0,14,11000.0,111.333534,7057.3994,677.06213,-141.71806,5992.2607,-5561.492,64297.555,0.0047760317,0.13512126,0.13512126,6e-05,0.0003,920.18176,0.003708708715438843,171.11164164543152,30000,,,,,,,
-659.1043,0.008387743,0.03357989,659.1127,-659.1127,1.001291,0.14368589,110000.0,1100.0,17,11000.0,88.70947,7710.4585,658.28687,-256.8546,6259.2925,-3497.155,57555.863,0.0048128315,0.1438714,0.1438714,6.9999995e-05,0.0003,1012.1905,0.003699311113357544,189.60820126533508,35000,,,,,,,
-748.699,0.009198491,0.03637084,748.7082,-748.7082,0.8689102,0.15643813,110000.0,1100.0,19,11000.0,176.33112,8244.064,746.39233,-72.60556,4316.608,-2864.9355,57436.84,0.0056828666,0.13593069,0.13593069,8e-05,0.0003,922.8697,0.003654128170013428,207.8788459300995,40000,,,,,,,
-727.34534,0.011038555,0.029677672,727.3564,-727.3564,0.88714457,0.14426404,110000.0,1100.0,20,11000.0,68.5253,8670.449,726.14966,-114.46509,2099.3533,-3683.9385,41268.266,0.004292912,0.12798306,0.12798306,8.9999994e-05,0.0003,748.99365,0.003694956970214844,226.35363483428955,45000,,,,,,,
-745.0337,0.0054796184,0.029238192,745.0392,-745.0392,1.0500567,0.13712434,110000.0,1100.0,20,11000.0,116.569,6716.125,743.04443,-304.9009,4006.7373,-2549.404,38540.1,0.003735648,0.14398834,0.14398834,1e-04,0.0003,955.407,0.0037043763637542725,244.8755238056183,50000,,,,,,,
-995.6473,0.023660427,0.01961428,995.67096,-995.67096,1.0257859,0.13434717,110000.0,1100.0,20,11000.0,156.53737,9278.88,996.9076,-127.49917,8456.498,-7696.554,81153.08,0.004522228,0.13781144,0.13781144,9.999385e-05,0.0003,676.81586,0.003705442190170288,263.40273904800415,55000,,,,,,,
-908.8151,0.01200779,0.07500565,908.82715,-908.82715,1.6270683,0.1357936,110000.0,1100.0,20,11000.0,300.18594,9515.723,909.6683,-200.5932,128873.7,-174026.44,501578.25,0.011371611,0.22094545,0.22094545,9.99754e-05,0.0003,1821.7708,0.0036501943588256834,281.6537148952484,60000,,,,,,,
-1162.8403,0.013673025,0.040368747,1162.854,-1162.854,0.9459016,0.14062023,110000.0,1100.0,20,11000.0,408.3496,9808.783,1160.4724,-11.782872,21032.615,-9842.241,102390.17,0.005579515,0.13301289,0.13301289,9.994465e-05,0.0003,708.6511,0.003692684078216553,300.1171395778656,65000,,,,,,,
-1296.7307,0.010293638,0.03721457,1296.741,-1296.741,0.99234176,0.14069913,110000.0,1100.0,20,11000.0,397.4779,10195.717,1294.5784,-111.36493,3778.7878,-4526.8604,68172.19,0.0063227853,0.13962163,0.13962163,9.990162e-05,0.0003,636.5851,0.003700146484375,318.6178767681122,70000,,,,,,,
-1348.4568,0.009997318,0.040201176,1348.4668,-1348.4668,0.9808865,0.14013284,110000.0,1100.0,20,11000.0,581.4769,10421.388,1338.707,-36.771397,1210.6046,-1403.0267,64116.082,0.006672055,0.13745442,0.13745442,9.984629e-05,0.0003,745.0188,0.0037064720153808595,337.1502437591553,75000,,,,,,,
-6111.1772,0.015314436,0.07099213,6111.1924,-6111.1924,2.0586565,0.15326613,110000.0,1100.0,20,11000.0,58694.945,9964.518,5927.1377,-21.735035,22437.176,-21140.078,898120.0,0.00649688,0.3155223,0.3155223,9.977873e-05,0.0003,56054.516,0.0036455160617828368,355.3778278827667,80000,,,,,,,
-6928.756,0.008791968,0.03444933,6928.7646,-6928.7646,0.75769466,0.16237544,110000.0,1100.0,20,11000.0,2379.1565,10321.53,6922.8906,2629.9182,2877.6118,-2326.8762,127202.03,0.007066522,0.123031005,0.123031005,9.969891e-05,0.0003,-3196.2585,0.0037109889030456544,373.9327766895294,85000,,,,,,,
-6138.691,0.009112513,0.02703985,6138.7,-6138.7,0.6785419,0.16839866,110000.0,1100.0,20,11000.0,1839.0432,10507.948,6131.6914,-55.721478,2130.135,-4319.685,138492.94,0.005922937,0.114265546,0.114265546,9.9606885e-05,0.0003,-3042.7266,0.0037114287853240967,392.48992443084717,90000,,,,,,,
-5838.0864,0.0074013565,0.042349257,5838.0938,-5838.0938,1.2972649,0.16929401,110000.0,1100.0,20,11000.0,6655.784,10587.707,5769.2783,-252.64334,3785.358,-9177.633,241483.28,0.0043825703,0.21961918,0.21961918,9.950265e-05,0.0003,3233.5088,0.0037045230865478517,411.0125436782837,95000,,,,,,,
-6060.7188,0.0039535286,0.026250318,6060.7227,-6060.7227,0.6915416,0.1684408,110000.0,1100.0,20,11000.0,1697.9888,10736.3545,6050.596,2821.7732,1016.9504,-2702.0227,79523.67,0.007946802,0.11648382,0.11648382,9.938626e-05,0.0003,-3081.408,0.0036406081199645995,429.2155885696411,100000,,,,,,,
-6996.986,0.015222978,0.047030002,6997.001,-6997.001,1.6488243,0.16365257,110000.0,1100.0,20,11000.0,16250.331,10934.509,6931.9033,-401.77222,5967.26,-34302.652,476127.62,0.00509952,0.26983434,0.26983434,9.9257726e-05,0.0003,12221.523,0.008126127576828002,469.846230506897,105000,,,,,,,
-6700.7354,0.007807968,0.03316626,6700.743,-6700.743,0.93229324,0.17073435,110000.0,1100.0,20,11000.0,2291.6038,10960.122,6677.5635,-90.11388,1274.8287,-4135.7607,83016.91,0.006022761,0.15917447,0.15917447,9.91171e-05,0.0003,-2658.2126,0.0037208909511566163,488.45068979263306,110000,,,,,,,
-6939.713,0.007699879,0.024877217,6939.7207,-6939.7207,0.7281971,0.17028353,110000.0,1100.0,20,11000.0,1698.7266,11073.286,6927.503,3011.5205,3069.8657,-2924.807,80095.39,0.0034433445,0.12399997,0.12399997,9.896442e-05,0.0003,-3876.9868,0.0037208641052246094,507.0550150871277,115000,,,,,,,
-7070.0674,0.008535274,0.028384563,7070.0757,-7070.0757,0.6124543,0.16029915,110000.0,1100.0,20,11000.0,1194.4736,11203.422,7061.6465,4426.5493,801.7004,-4472.9043,67894.195,0.0044880398,0.098175906,0.098175906,9.8799705e-05,0.0003,-4795.6587,0.003663966131210327,525.3748495578766,120000,,,,,,,
-6984.728,0.0073670465,0.047085654,6984.7354,-6984.7354,1.2636946,0.14718325,110000.0,1100.0,20,11000.0,3765.9185,11251.159,6934.341,2873.1792,14326.082,-1669.3474,155335.06,0.005489463,0.1859947,0.1859947,9.8623015e-05,0.0003,-1172.8679,0.0037058682441711427,543.904194355011,125000,,,,,,,
-7356.8403,0.013971419,0.08357247,7356.8545,-7356.8545,2.3966126,0.14977895,110000.0,1100.0,20,11000.0,11599.346,11246.969,7245.95,-389.22775,3210.3843,-49510.266,375261.53,0.0072083035,0.3589621,0.3589621,9.843441e-05,0.0003,8191.0884,0.0037052526473999024,562.4304621219635,130000,,,,,,,
-7733.015,0.010477828,0.029381273,7733.0254,-7733.0254,0.9047994,0.16633314,110000.0,1100.0,20,11000.0,1266.8787,11504.482,7720.9717,13.916317,757.8973,-3252.4253,66608.45,0.0048940964,0.15049812,0.15049812,9.823391e-05,0.0003,-4810.657,0.003661183738708496,580.7363843917847,135000,,,,,,,
-7126.341,0.004560824,0.024468211,7126.345,-7126.345,0.71060306,0.1661895,110000.0,1100.0,20,11000.0,993.2281,11299.105,7121.0815,-5.343581,1220.0483,-654.6589,57200.117,0.004271377,0.11809477,0.11809477,9.8021614e-05,0.0003,-4834.0703,0.0037055497169494627,599.2641372680664,140000,,,,,,,
-6950.7876,0.013094692,0.06871156,6950.801,-6950.801,1.4498899,0.16055095,110000.0,1100.0,20,11000.0,26854.121,11337.526,6864.138,-27.201096,70978.65,-8241.62,507305.7,0.004443592,0.2327812,0.2327812,9.779754e-05,0.0003,22463.928,0.003704457664489746,617.7864294052124,145000,,,,,,,
-7768.989,0.009425542,0.02190785,7768.998,-7768.998,0.6609922,0.17356567,110000.0,1100.0,20,11000.0,3713.9158,11402.859,7763.612,4428.0815,2421.8157,-1497.5112,95385.26,0.0052938852,0.11472555,0.11472555,9.756177e-05,0.0003,-2793.0918,0.003735692596435547,636.4648990631104,150000,,,,,,,
-7594.3975,0.004226504,0.025611388,7594.402,-7594.402,0.5908249,0.17922293,110000.0,1100.0,20,11000.0,1356.5594,11289.496,7593.624,592.2472,1119.9788,-2288.6106,66219.86,0.003057068,0.105889365,0.105889365,9.7314376e-05,0.0003,-5073.0547,0.003660921382904053,654.7695100307465,155000,,,,,,,
-6813.14,0.0033015877,0.02535296,6813.1436,-6813.1436,0.74359137,0.17664881,110000.0,1100.0,20,11000.0,1174.6771,11355.828,6795.327,-139.34709,4948.2974,-662.0645,67691.25,0.0035688793,0.13135453,0.13135453,9.7055396e-05,0.0003,-4193.563,0.003703148031234741,673.2852537631989,160000,,,,,,,
-6616.988,0.01705306,0.10694253,6617.005,-6617.005,1.8075626,0.1765392,110000.0,1100.0,20,11000.0,7638.97,11361.794,6483.753,260.56863,3106.6687,-3598.643,135165.38,0.0042581977,0.31910565,0.31910565,9.6784934e-05,0.0003,4532.1445,0.003713907289505005,691.8547945022583,165000,,,,,,,
-6464.3213,0.0052536656,0.021340005,6464.3267,-6464.3267,0.73267204,0.1716264,110000.0,1100.0,20,11000.0,1335.5542,11496.042,6458.6636,-250.93507,601.0374,-1510.2886,52634.867,0.0032321268,0.12574586,0.12574586,9.6503034e-05,0.0003,-3745.5625,0.003711879873275757,710.4141979217529,170000,,,,,,,
-6013.588,0.0045898375,0.022633128,6013.5923,-6013.5923,0.79474384,0.15220255,110000.0,1100.0,20,11000.0,1522.6201,11364.436,6008.658,-451.0254,1640.5625,-3399.4136,82549.81,0.0029835608,0.12096204,0.12096204,9.62098e-05,0.0003,-3160.3853,0.003655219125747681,728.6902980804443,175000,,,,,,,
-5518.917,0.0040608305,0.02002023,5518.921,-5518.921,0.6768308,0.1560348,110000.0,1100.0,20,11000.0,3163.9995,11175.956,5517.083,-418.8593,4346.581,-1820.2202,89735.11,0.003784744,0.10560916,0.10560916,9.59053e-05,0.0003,-1193.2167,0.0037104289531707762,747.2424466609955,180000,,,,,,,
-8449.291,0.0050913845,0.021707663,8449.296,-8449.296,1.0271449,0.1617677,110000.0,1100.0,20,11000.0,6096.628,11294.367,8434.311,-438.50577,10145.917,-8779.182,245832.28,0.0036756354,0.16615887,0.16615887,9.558961e-05,0.0003,-524.9155,0.0037137771129608153,765.8113360404968,185000,,,,,,,
-7705.1284,0.0033856553,0.020177348,7705.132,-7705.132,0.75213754,0.138205,110000.0,1100.0,20,11000.0,9144.512,11323.803,7702.4863,-385.85596,43463.78,-5766.4214,379330.97,0.0028332851,0.103949174,0.103949174,9.526282e-05,0.0003,2582.8242,0.0037161798000335694,784.3922395706177,190000,,,,,,,
-7079.9834,0.0056255264,0.021337228,7079.9893,-7079.9893,0.8272979,0.12900911,110000.0,1100.0,20,11000.0,3352.0527,11263.155,7074.867,-341.21912,3523.4255,-4646.567,142500.55,0.004305566,0.10672897,0.10672897,9.4925024e-05,0.0003,-2553.912,0.003657182741165161,802.6781570911407,195000,,,,,,,
-7413.652,0.017091695,0.16260849,7413.669,-7413.669,1.9659314,0.12791327,110000.0,1100.0,20,11000.0,7616.414,11390.142,7240.5557,-311.11215,35319.035,-3587.33,227821.75,0.009830936,0.25146872,0.25146872,9.457632e-05,0.0003,2968.9182,0.0037079949378967286,821.2181355953217,200000,,,,,,,
-7156.7256,0.005696272,0.031022623,7156.7314,-7156.7314,1.5026056,0.13389738,110000.0,1100.0,20,11000.0,3993.3218,11367.781,7125.0615,-490.46863,3811.5852,-38352.047,234938.16,0.002927867,0.20119494,0.20119494,9.42168e-05,0.0003,-950.2595,0.007701923274993897,859.7277565002441,205000,,,,,,,
-7064.6333,0.0044233114,0.025050718,7064.6377,-7064.6377,0.75301236,0.12827063,110000.0,1100.0,20,11000.0,24815.361,11220.657,7039.4043,3375.487,27771.012,-5421.9053,444331.84,0.0031413306,0.096589364,0.096589364,9.384654e-05,0.0003,18813.21,0.003713474655151367,878.2951340675354,210000,,,,,,,
-7328.531,0.0033495065,0.017766591,7328.534,-7328.534,0.77603656,0.13234453,110000.0,1100.0,20,11000.0,1779.7379,11476.728,7323.179,-326.79535,1306.4878,-7420.217,81233.84,0.0023453936,0.10270419,0.10270419,9.346567e-05,0.0003,-4419.047,0.003654393720626831,896.5671067237854,215000,,,,,,,
-7458.817,0.0069929743,0.027669597,7458.8237,-7458.8237,1.0941781,0.13076258,110000.0,1100.0,20,11000.0,1982.1907,11317.448,7435.1416,-430.86935,5022.8125,-1926.9735,90721.78,0.003485759,0.14307754,0.14307754,9.30743e-05,0.0003,-3902.773,0.0037058568477630616,915.0963959693909,220000,,,,,,,
-8090.6284,0.01914275,0.21584386,8090.6475,-8090.6475,3.4763443,0.13336669,110000.0,1100.0,20,11000.0,11287.561,11587.805,7831.208,-350.1232,10969.271,-4559.296,282347.06,0.005378799,0.46362853,0.46362853,9.267249e-05,0.0003,8296.846,0.003708441162109375,933.6386053562164,225000,,,,,,,
-8566.409,0.0037086112,0.022019103,8566.413,-8566.413,0.6405905,0.13963175,110000.0,1100.0,20,11000.0,1635.9758,11706.727,8555.781,2767.8154,791.0783,-4896.7417,75956.93,0.0034553811,0.08944677,0.08944677,9.2260394e-05,0.0003,-5946.519,0.003711129140853882,952.1942551136017,230000,,,,,,,
-7896.2305,0.006463693,0.01939487,7896.237,-7896.237,0.68278235,0.13930975,110000.0,1100.0,20,11000.0,1829.6431,11492.349,7891.789,-193.80876,2671.2617,-5053.941,104923.41,0.0032192299,0.09511824,0.09511824,9.183811e-05,0.0003,-5020.2866,0.003657854175567627,970.4835300445557,235000,,,,,,,
-7365.718,0.0033037127,0.018614436,7365.721,-7365.721,0.43119097,0.13613294,110000.0,1100.0,20,11000.0,945.26416,11588.1,7362.527,2608.972,2894.5806,-920.60803,53321.523,0.003299174,0.058699295,0.058699295,9.1405775e-05,0.0003,-5774.761,0.003714186429977417,989.0544657707214,240000,,,,,,,
-7722.1157,0.011318769,0.10294766,7722.127,-7722.127,2.8222604,0.13295361,110000.0,1100.0,20,11000.0,11888.15,11529.125,7583.3457,3757.1587,3841.5315,-2691.7788,145248.94,0.0049711103,0.37522972,0.37522972,9.0963455e-05,0.0003,8293.562,0.0037113176822662353,1007.6110589504242,245000,,,,,,,
-8048.695,0.005463613,0.020922152,8048.7,-8048.7,0.7865737,0.14750782,110000.0,1100.0,20,11000.0,1633.1671,11541.736,8040.3955,-267.54385,1299.3079,-1012.144,58404.86,0.0040680636,0.116025776,0.116025776,9.051133e-05,0.0003,-5139.244,0.003709997081756592,1026.1610486507416,250000,,,,,,,
-7869.5957,0.005628922,0.018948292,7869.6016,-7869.6016,0.6158585,0.16212228,110000.0,1100.0,20,11000.0,3702.8237,11698.852,7866.978,282.17825,7670.5967,-3724.109,104540.5,0.0024911086,0.09984438,0.09984438,9.004948e-05,0.0003,-3068.484,0.003650429964065552,1044.4132022857666,255000,,,,,,,
-8687.34,0.0040468536,0.017243342,8687.344,-8687.344,0.59413457,0.16009007,110000.0,1100.0,20,11000.0,4469.1064,11505.467,8686.152,2772.7168,23966.262,-8027.735,169430.5,0.003447747,0.09511505,0.09511505,8.9578054e-05,0.0003,-3171.9678,0.003705026340484619,1062.9383382797241,260000,,,,,,,
-8196.514,0.0058892174,0.042117722,8196.52,-8196.52,1.5212461,0.15301318,110000.0,1100.0,20,11000.0,6000.5527,11822.75,8140.35,140.80516,29133.512,-2764.0825,178625.4,0.004613953,0.23277071,0.23277071,8.909717e-05,0.0003,364.51685,0.003702100419998169,1081.4488439559937,265000,,,,,,,
-7681.8315,0.006691104,0.019678349,7681.8384,-7681.8384,0.7104189,0.14658527,110000.0,1100.0,20,11000.0,2543.5496,11460.435,7674.957,4293.9663,1567.4012,-4290.7607,88218.16,0.0035556157,0.104136944,0.104136944,8.860696e-05,0.0003,-3992.776,0.003651896667480469,1099.7083308696747,270000,,,,,,,
-8522.08,0.042938657,0.29925856,8522.123,-8522.123,1.6120988,0.14774697,110000.0,1100.0,20,11000.0,22072.74,11511.686,8223.451,-359.78555,34476.75,-5063.7217,325974.3,0.015739521,0.2381827,0.2381827,8.810758e-05,0.0003,16170.67,0.0037201756000518798,1118.3092138767242,275000,,,,,,,
-7946.0645,0.005124984,0.017337088,7946.0693,-7946.0693,0.54211485,0.14827827,110000.0,1100.0,20,11000.0,1062.7549,11811.7,7942.6543,-368.32758,3834.9392,-842.32184,52999.75,0.0026084855,0.08038385,0.08038385,8.759914e-05,0.0003,-5999.0874,0.0037051164150238036,1136.834800004959,280000,,,,,,,
-7732.741,0.0036509188,0.040229037,7732.7446,-7732.7446,1.1801221,0.15297092,110000.0,1100.0,20,11000.0,3197.9678,11610.023,7674.9824,-101.10837,2791.0933,-10810.815,127220.8,0.0024020083,0.18052438,0.18052438,8.708179e-05,0.0003,-2549.0054,0.0037029865264892577,1155.3497366905212,285000,,,,,,,
-8520.307,0.0015794283,0.018048668,8520.309,-8520.309,0.8068427,0.15194474,110000.0,1100.0,20,11000.0,1978.8726,11546.565,8505.398,3359.7646,8890.691,-3411.1562,87442.83,0.0032586458,0.122595504,0.122595504,8.655565e-05,0.0003,-5192.884,0.0036466864585876467,1173.5831725597382,290000,,,,,,,
-8363.273,0.01999847,0.14654635,8363.293,-8363.293,1.2611719,0.13315845,110000.0,1100.0,20,11000.0,16167.304,11748.828,8246.861,-314.73276,5485.577,-15630.117,197502.12,0.00708593,0.1679357,0.1679357,8.602091e-05,0.0003,9651.323,0.003703274393081665,1192.0995485782623,295000,,,,,,,
-7713.0303,0.0030137543,0.015348474,7713.033,-7713.033,0.67423564,0.14030142,110000.0,1100.0,20,11000.0,627.0782,11555.058,7707.9883,63.43085,2086.3252,-3567.1396,55599.402,0.002478204,0.09459622,0.09459622,8.547767e-05,0.0003,-6045.3936,0.0037101615905761717,1210.6503612995148,300000,,,,,,,
-7415.5566,0.0029101002,0.026927946,7415.5596,-7415.5596,0.9550193,0.1474983,110000.0,1100.0,20,11000.0,2130.8262,11412.565,7376.3945,2446.3118,10432.194,-895.8945,86312.37,0.0031415145,0.14086372,0.14086372,8.49261e-05,0.0003,-3735.2295,0.007756459903717041,1249.4326651096344,305000,,,,,,,
-9182.412,0.040646765,0.31914276,9182.453,-9182.453,2.3919353,0.16894697,110000.0,1100.0,20,11000.0,32374.465,11491.262,8923.1455,-41.41755,54998.754,-10355.652,563130.5,0.023425415,0.40411022,0.40411022,8.436636e-05,0.0003,27637.266,0.0036504315853118897,1267.6848270893097,310000,,,,,,,
-8189.3213,0.0038254198,0.022447685,8189.325,-8189.325,0.8427715,0.18211417,110000.0,1100.0,20,11000.0,2503.9302,11506.511,8161.578,-254.34601,2364.4578,-5047.963,78623.53,0.0030090187,0.15348062,0.15348062,8.3798586e-05,0.0003,-3997.1042,0.0037062896728515624,1286.2162792682648,315000,,,,,,,
-7583.629,0.0030060858,0.016219255,7583.632,-7583.632,0.5216259,0.18277355,110000.0,1100.0,20,11000.0,2787.323,11649.457,7580.015,-158.54309,20242.152,-4705.659,125738.36,0.0037819257,0.0953394,0.0953394,8.322294e-05,0.0003,-3747.5723,0.003709815263748169,1304.7653594017029,320000,,,,,,,
-7932.2495,0.00628669,0.024236662,7932.256,-7932.256,0.74243146,0.18542232,110000.0,1100.0,20,11000.0,10559.182,11652.821,7890.9766,122.98822,9033.351,-63019.89,466729.72,0.0036173144,0.13766336,0.13766336,8.263957e-05,0.0003,4141.229,0.003709852647781372,1323.314626455307,325000,,,,,,,
-8587.221,0.003591907,0.015045112,8587.225,-8587.225,0.679461,0.17918931,110000.0,1100.0,20,11000.0,15868.1455,11859.738,8579.485,-165.6925,7354.2085,-26054.533,278330.22,0.0019998972,0.12175215,0.12175215,8.2048646e-05,0.0003,8620.198,0.0036557279109954836,1341.593270778656,330000,,,,,,,
-7713.492,0.0042712484,0.018804489,7713.4966,-7713.4966,1.0085074,0.18342035,110000.0,1100.0,20,11000.0,908.2383,11459.297,7700.258,104.58806,9357.763,-2369.19,82737.4,0.0030420616,0.18498078,0.18498078,8.1450344e-05,0.0003,-4770.4653,0.0037056267261505126,1360.1214084625244,335000,,,,,,,
-7577.8994,0.0049828175,0.020745168,7577.9043,-7577.9043,1.086768,0.18191355,110000.0,1100.0,20,11000.0,15242.988,11783.442,7561.549,2930.6343,6448.1987,-21164.385,265991.8,0.0028296083,0.19769783,0.19769783,8.0844795e-05,0.0003,9839.766,0.003708177328109741,1378.6622989177704,340000,,,,,,,
-8386.023,0.0044925213,0.019360965,8386.028,-8386.028,0.5184891,0.20110252,110000.0,1100.0,20,11000.0,1604.9094,11802.972,8382.332,143.50833,4145.2695,-1167.0984,70144.47,0.002994842,0.104269475,0.104269475,8.0232174e-05,0.0003,-5634.15,0.0037058743000030515,1397.1916739940643,345000,,,,,,,
-8068.283,0.0036782776,0.016789358,8068.287,-8068.287,0.69770926,0.18966392,110000.0,1100.0,20,11000.0,871.82495,11638.997,8057.643,221.0297,966.9626,-1127.3438,53230.57,0.0028800112,0.13233027,0.13233027,7.961267e-05,0.0003,-5740.825,0.0036613040447235107,1415.4981985092163,350000,,,,,,,
-7655.9966,0.0032090782,0.019307408,7656.0,-7656.0,0.4705373,0.18955885,110000.0,1100.0,20,11000.0,3401.487,11872.671,7641.9497,-39.86737,7290.4453,-5047.948,163926.6,0.0033772578,0.08919451,0.08919451,7.898643e-05,0.0003,-3273.37,0.003708279752731323,1434.0396013259888,355000,,,,,,,
-9306.332,0.004714069,0.0150613105,9306.337,-9306.337,0.685476,0.20943227,110000.0,1100.0,20,11000.0,3458.7012,11590.225,9293.377,-128.30956,2100.3208,-10930.779,113907.234,0.0020379794,0.1435608,0.1435608,7.835362e-05,0.0003,-4268.462,0.003710386610031128,1452.5915386676788,360000,,,,,,,
-8464.283,0.0034867655,0.014381109,8464.287,-8464.287,0.3439482,0.20510326,110000.0,1100.0,20,11000.0,575.6696,11925.069,8460.645,3669.976,2492.375,-3268.706,51669.906,0.0018985033,0.0705449,0.0705449,7.7714445e-05,0.0003,-7112.62,0.00371641263961792,1471.1736059188843,365000,,,,,,,
-8843.136,0.022855688,0.20597836,8843.158,-8843.158,0.7813648,0.19801633,110000.0,1100.0,20,11000.0,6881.01,11949.244,8636.449,4782.124,7490.66,-2899.7363,129742.44,0.015929531,0.15472299,0.15472299,7.706907e-05,0.0003,-260.1731,0.0036527602672576905,1489.4374115467072,370000,,,,,,,
-8846.406,0.006043641,0.015396455,8846.412,-8846.412,0.4132751,0.20879458,110000.0,1100.0,20,11000.0,2652.4192,12118.091,8840.49,-169.97487,3582.8254,-3345.041,102655.21,0.002579986,0.0862896,0.0862896,7.641764e-05,0.0003,-5244.802,0.003708963108062744,1507.9822316169739,375000,,,,,,,
-8022.717,0.007648077,0.02066339,8022.7246,-8022.7246,0.6719382,0.19861156,110000.0,1100.0,20,11000.0,909.2968,11903.699,8009.6084,-126.22476,3039.8257,-2953.6387,64724.637,0.0021420333,0.1334547,0.1334547,7.5760356e-05,0.0003,-5645.418,0.00370961971282959,1526.5303342342377,380000,,,,,,,
-7334.7744,0.005430901,0.014530777,7334.78,-7334.78,0.4984909,0.17424124,110000.0,1100.0,20,11000.0,12184.326,11622.792,7331.1523,246.12302,6084.766,-8784.047,238031.1,0.002907874,0.08685768,0.08685768,7.50974e-05,0.0003,5804.9863,0.0037074542999267577,1545.0676097869873,385000,,,,,,,
-8809.546,0.030841649,0.2577695,8809.577,-8809.577,2.9807723,0.17271058,110000.0,1100.0,20,11000.0,14008.436,12192.996,8565.498,3010.9658,31632.262,-7639.6104,350142.2,0.005693295,0.5148109,0.5148109,7.442894e-05,0.0003,10861.81,0.00365531063079834,1563.3441667556763,390000,,,,,,,
-9146.12,0.006888128,0.048113033,9146.127,-9146.127,1.5768825,0.18277721,110000.0,1100.0,20,11000.0,10209.398,11994.528,9086.547,-256.9139,5324.8887,-26538.465,183138.97,0.006435583,0.2882182,0.2882182,7.375519e-05,0.0003,4233.6787,0.003716601228713989,1581.9271771907806,395000,,,,,,,
-8155.0273,0.029780515,0.15806885,8155.057,-8155.057,1.7319618,0.16178805,110000.0,1100.0,20,11000.0,14474.517,12297.784,8043.9165,1814.6598,9246.779,-12808.375,234866.77,0.0071831155,0.28021073,0.28021073,7.30763e-05,0.0003,9401.808,0.0037086769104003907,1600.4705655574799,400000,,,,,,,
-8116.5703,0.043151803,0.3670758,8116.6133,-8116.6133,1.7313597,0.16516444,110000.0,1100.0,20,11000.0,57078.273,12291.824,7847.0093,-112.54632,24750.799,-49979.25,465755.0,0.011210753,0.28595906,0.28595906,7.239246e-05,0.0003,52107.254,0.007546231603622436,1638.2017276287079,405000,,,,,,,
-8247.969,0.0025223098,0.019780917,8247.972,-8247.972,0.92266154,0.17150432,110000.0,1100.0,20,11000.0,2703.4714,11906.912,8230.117,-147.34483,4269.8696,-3104.6443,147899.27,0.00260108,0.15824044,0.15824044,7.170388e-05,0.0003,-3803.8523,0.003715633201599121,1656.779897928238,410000,,,,,,,
-8394.915,0.0046718554,0.03747597,8394.92,-8394.92,1.0071304,0.15715195,110000.0,1100.0,20,11000.0,8880.908,12243.87,8332.548,-134.98178,6415.0903,-26978.223,179911.81,0.0026426609,0.1582725,0.1582725,7.101073e-05,0.0003,2226.9907,0.0037078330039978027,1675.3190667629242,415000,,,,,,,
-8619.434,0.0064960574,0.04238813,8619.44,-8619.44,0.83798325,0.15883888,110000.0,1100.0,20,11000.0,3211.4229,12422.286,8556.493,4486.9224,7108.408,-3412.6418,98919.484,0.0036874427,0.13310432,0.13310432,7.0313195e-05,0.0003,-3943.8633,0.00371249737739563,1693.8815577030182,420000,,,,,,,
-8285.95,0.0029832101,0.016400425,8285.953,-8285.953,0.8124407,0.16024439,110000.0,1100.0,20,11000.0,1075.0125,12315.77,8276.72,3772.9126,1327.0583,-5775.009,64537.89,0.004761377,0.13018906,0.13018906,6.961148e-05,0.0003,-5778.858,0.003652624797821045,1712.1446862220764,425000,,,,,,,
-8716.753,0.004594401,0.064988896,8716.758,-8716.758,1.4909953,0.1627609,110000.0,1100.0,20,11000.0,20201.656,12444.939,8622.745,-70.34721,8840.783,-29913.0,387950.44,0.004647572,0.24267572,0.24267572,6.890576e-05,0.0003,14154.336,0.0037166098117828368,1730.7277393341064,430000,,,,,,,
-9288.747,0.026045226,0.25714293,9288.773,-9288.773,2.6692195,0.15489937,110000.0,1100.0,20,11000.0,13235.019,12476.135,9063.07,4810.073,20357.219,-9927.227,317403.84,0.010290951,0.41346043,0.41346043,6.8196256e-05,0.0003,8494.336,0.0037090249538421632,1749.2728679180145,435000,,,,,,,
-9137.22,0.031152267,0.30436924,9137.251,-9137.251,2.300635,0.17465292,110000.0,1100.0,20,11000.0,38919.977,12667.997,8922.313,-57.396652,33351.402,-26692.357,579892.94,0.015268374,0.4018126,0.4018126,6.748313e-05,0.0003,34202.695,0.0037069852352142334,1767.8077981472015,440000,,,,,,,
-8987.248,0.038332254,0.2516237,8987.286,-8987.286,1.5921263,0.17777275,110000.0,1100.0,20,11000.0,27165.469,12434.832,8791.299,153.49068,43375.434,-55383.316,501081.5,0.008865763,0.28303665,0.28303665,6.67666e-05,0.0003,21291.623,0.0036489722728729247,1786.0526638031006,445000,,,,,,,
-8983.655,0.0033431277,0.015079222,8983.658,-8983.658,0.4311757,0.18701552,110000.0,1100.0,20,11000.0,1158.145,12427.454,8973.336,-11.198367,770.3723,-3131.993,66487.59,0.0022909855,0.080636546,0.080636546,6.604685e-05,0.0003,-6938.5083,0.003703154516220093,1804.568440437317,450000,,,,,,,
-8984.779,0.005380882,0.020387724,8984.785,-8984.785,0.7248061,0.2029566,110000.0,1100.0,20,11000.0,1836.2136,12519.358,8960.238,246.65776,2753.4944,-5400.2046,92157.81,0.0026329258,0.14710417,0.14710417,6.5324086e-05,0.0003,-5530.4194,0.003712135887145996,1823.1291241645813,455000,,,,,,,
-9387.77,0.0055946643,0.02871905,9387.775,-9387.775,0.503102,0.21847892,110000.0,1100.0,20,11000.0,1300.8594,12729.882,9337.269,117.04742,5100.198,-1702.171,60068.43,0.0016714897,0.10991718,0.10991718,6.4598484e-05,0.0003,-6877.8213,0.0036536466121673584,1841.3973610401154,460000,,,,,,,
-8578.341,0.0043966523,0.017616317,8578.346,-8578.346,0.50810385,0.23222946,110000.0,1100.0,20,11000.0,940.6714,12501.867,8561.465,243.10977,1739.9884,-1033.6284,51908.734,0.0023180172,0.11799668,0.11799668,6.387027e-05,0.0003,-6339.706,0.0037060050010681153,1859.9273900985718,465000,,,,,,,
-9524.956,0.0029333064,0.012978905,9524.959,-9524.959,0.6465683,0.22340444,110000.0,1100.0,20,11000.0,69839.78,12612.558,9524.082,3823.384,47755.492,-140967.69,1243089.0,0.0029398112,0.14444622,0.14444622,6.3139625e-05,0.0003,61903.734,0.0037087615966796875,1878.4712026119232,470000,,,,,,,
-8854.607,0.021827223,0.1404024,8854.629,-8854.629,1.1845254,0.20872585,110000.0,1100.0,20,11000.0,14358.666,12625.98,8742.262,100.43662,10207.022,-11957.181,169579.05,0.0036069483,0.24724108,0.24724108,6.2406754e-05,0.0003,8223.711,0.003706164216995239,1897.0020282268524,475000,,,,,,,
-9313.513,0.031908292,0.32073203,9313.545,-9313.545,1.8028044,0.19421403,110000.0,1100.0,20,11000.0,44851.47,12602.872,9038.598,149.56502,55687.797,-139417.95,822828.5,0.006306378,0.3501299,0.3501299,6.167186e-05,0.0003,39389.387,0.003650372314453125,1915.2538940906525,480000,,,,,,,
-8916.602,0.0039135693,0.010711132,8916.605,-8916.605,0.37540674,0.20473145,110000.0,1100.0,20,11000.0,1312.5475,12501.224,8914.42,-16.513372,2464.65,-8173.949,71120.98,0.0016017944,0.07685757,0.07685757,6.093515e-05,0.0003,-6758.621,0.003710307025909424,1933.8054330348969,485000,,,,,,,
-8163.5874,0.0034997643,0.014799836,8163.591,-8163.591,0.44003633,0.19373427,110000.0,1100.0,20,11000.0,1242.1738,12506.459,8156.7944,6.040286,2585.3027,-1541.1716,65238.04,0.0020286322,0.08525012,0.08525012,6.0196806e-05,0.0003,-5983.662,0.0037062167167663572,1952.336520910263,490000,,,,,,,
-9769.148,0.004114927,0.028552078,9769.152,-9769.152,1.1773734,0.17810331,110000.0,1100.0,20,11000.0,11535.863,12531.096,9716.531,90.856094,38348.32,-56906.336,569407.25,0.0031805458,0.20969409,0.20969409,5.945705e-05,0.0003,4073.3499,0.003652941942214966,1970.601233959198,495000,,,,,,,
-9018.146,0.004269101,0.0148900915,9018.15,-9018.15,0.8249875,0.16615759,110000.0,1100.0,20,11000.0,2408.3813,12586.646,9009.272,-161.9434,5894.214,-27183.393,150304.42,0.0021622102,0.13707793,0.13707793,5.8716072e-05,0.0003,-5101.908,0.0037088850498199462,1989.145663022995,500000,,,,,,,
-9773.55,0.0071236626,0.09359476,9773.557,-9773.557,2.6884804,0.15475468,110000.0,1100.0,20,11000.0,4374.734,12587.147,9672.307,3810.5881,17778.412,-3036.5247,159546.81,0.0021442084,0.4160549,0.4160549,5.7974077e-05,0.0003,-822.2119,0.00785084137916565,2028.3998773097992,505000,,,,,,,
-8694.007,0.002838999,0.016341394,8694.01,-8694.01,0.5680541,0.15245076,110000.0,1100.0,20,11000.0,4612.3086,12358.966,8693.041,-198.44641,39783.055,-19756.77,195228.28,0.0026535545,0.086600274,0.086600274,5.7231267e-05,0.0003,-3129.0952,0.0037099029064178468,2046.9493963718414,510000,,,,,,,
-9065.048,0.0025571971,0.013860133,9065.051,-9065.051,0.6190075,0.1535695,110000.0,1100.0,20,11000.0,2254.8728,12362.426,9056.172,-210.51268,6073.9707,-2482.3213,84214.46,0.0024814275,0.09506068,0.09506068,5.6487854e-05,0.0003,-5764.5073,0.0036558414459228515,2065.22860789299,515000,,,,,,,
-9157.621,0.0036917918,0.017740337,9157.625,-9157.625,0.8307091,0.15196063,110000.0,1100.0,20,11000.0,1295.2749,12474.021,9135.113,4407.4175,13445.066,-5973.874,95324.24,0.0021815633,0.12623508,0.12623508,5.574403e-05,0.0003,-6473.7603,0.003708626985549927,2083.771747112274,520000,,,,,,,
-9418.054,0.035868242,0.29416922,9418.09,-9418.09,1.3432587,0.1497382,110000.0,1100.0,20,11000.0,28398.387,12647.047,9178.892,3666.9482,42622.367,-23170.5,455510.0,0.021753972,0.20113714,0.20113714,5.5000004e-05,0.0003,21192.84,0.003713384962081909,2102.3386754989624,525000,,,,,,,
-9176.178,0.0042303884,0.014016471,9176.182,-9176.182,0.71845317,0.15315676,110000.0,1100.0,20,11000.0,689.1682,12550.847,9167.887,-80.68312,8700.388,-1536.1411,57978.527,0.0020120663,0.110035956,0.110035956,5.4255972e-05,0.0003,-7276.6143,0.0037158623695373533,2120.9179911613464,530000,,,,,,,
-8144.662,0.005110037,0.018261475,8144.667,-8144.667,0.9458699,0.15076451,110000.0,1100.0,20,11000.0,3025.292,12326.085,8132.3486,-360.5753,9632.715,-3842.0383,115578.0,0.00412725,0.14260362,0.14260362,5.3512147e-05,0.0003,-3550.7305,0.0036678032875061034,2139.2570118904114,535000,,,,,,,
-9236.616,0.0032651336,0.022648025,9236.619,-9236.619,1.4652957,0.14673398,110000.0,1100.0,20,11000.0,2196.6404,12023.327,9202.52,-321.69308,1795.522,-19640.477,112993.12,0.002955045,0.21500868,0.21500868,5.276873e-05,0.0003,-4674.88,0.003730855083465576,2157.911293745041,540000,,,,,,,
-8283.17,0.030706959,0.18958844,8283.2,-8283.2,1.3096706,0.14726159,110000.0,1100.0,20,11000.0,20027.035,11650.197,8153.4463,-364.27002,36906.566,-15480.281,365326.38,0.010125808,0.19286416,0.19286416,5.2025924e-05,0.0003,13865.371,0.003717503309249878,2176.4988141059875,545000,,,,,,,
-8958.652,0.003004569,0.039272647,8958.655,-8958.655,1.751735,0.1491857,110000.0,1100.0,20,11000.0,2291.7507,11683.514,8901.958,-261.03955,12575.029,-1671.4415,91880.484,0.0030816428,0.26133382,0.26133382,5.1283936e-05,0.0003,-3792.2292,0.003655244588851929,2194.7750413417816,550000,,,,,,,
-8412.453,0.003693985,0.01930511,8412.457,-8412.457,0.5074245,0.16529728,110000.0,1100.0,20,11000.0,1333.0284,12347.32,8386.963,-62.60264,4505.129,-7950.5845,77819.68,0.0019647088,0.08387589,0.08387589,5.0542945e-05,0.0003,-6156.79,0.0037107393741607664,2213.3287420272827,555000,,,,,,,
-8468.996,0.0049294312,0.03748892,8469.001,-8469.001,0.9444224,0.16954482,110000.0,1100.0,20,11000.0,4376.3657,12458.544,8408.391,-43.334885,12333.206,-19913.773,218720.25,0.0029804402,0.16012192,0.16012192,4.9803188e-05,0.0003,-2331.2893,0.003720229768753052,2231.929894924164,560000,,,,,,,
-8421.816,0.0034524987,0.016865589,8421.82,-8421.82,0.6562645,0.14902009,110000.0,1100.0,20,11000.0,9013.753,12272.532,8416.281,-353.95874,14786.093,-10239.982,196301.48,0.003005652,0.0977966,0.0977966,4.9064853e-05,0.0003,1667.6991,0.003708416175842285,2250.4719796180725,565000,,,,,,,
-9274.75,0.0034218207,0.015843496,9274.754,-9274.754,0.6088592,0.14938477,110000.0,1100.0,20,11000.0,3839.8657,12161.76,9262.803,2289.585,8801.406,-8000.4795,155597.6,0.002099324,0.09095429,0.09095429,4.8328133e-05,0.0003,-4434.387,0.0036530529975891115,2268.737248659134,570000,,,,,,,
-8182.127,0.013666044,0.0851949,8182.1406,-8182.1406,1.3021927,0.15116212,110000.0,1100.0,20,11000.0,15621.39,11941.782,8091.4023,-267.00696,6056.9146,-15671.163,260136.56,0.0025124482,0.19684221,0.19684221,4.7593247e-05,0.0003,9604.527,0.0037065668106079103,2287.270087480545,575000,,,,,,,
-9598.028,0.0032622544,0.015774397,9598.031,-9598.031,0.57345486,0.16471644,110000.0,1100.0,20,11000.0,9030.889,11674.785,9588.887,2817.5469,19201.86,-27383.645,249313.97,0.0024034865,0.09445745,0.09445745,4.686038e-05,0.0003,471.89233,0.003701650857925415,2305.778345346451,580000,,,,,,,
-8596.992,0.017737415,0.13287988,8597.01,-8597.01,2.4500256,0.16181456,110000.0,1100.0,20,11000.0,18421.63,11612.681,8494.043,657.39355,50716.477,-28896.523,350574.56,0.002556363,0.3964498,0.3964498,4.612974e-05,0.0003,14185.586,0.003652411079406738,2324.0404047966003,585000,,,,,,,
-8672.779,0.019634992,0.17925197,8672.799,-8672.799,1.1755586,0.15873867,110000.0,1100.0,20,11000.0,4711.1543,11640.33,8454.82,40.64871,18526.984,-11210.546,183920.48,0.004279431,0.1866066,0.1866066,4.540152e-05,0.0003,-1908.9524,0.003711433219909668,2342.597575187683,590000,,,,,,,
-8490.057,0.004082134,0.014483363,8490.061,-8490.061,0.53642637,0.14859311,110000.0,1100.0,20,11000.0,1474.0854,11462.719,8483.667,-150.07324,4073.2659,-2051.8706,81422.19,0.0034352583,0.07970926,0.07970926,4.467592e-05,0.0003,-6139.1694,0.0037164343357086183,2361.179757118225,595000,,,,,,,
-7625.443,0.0033095516,0.011781585,7625.4463,-7625.4463,0.57451355,0.14119469,110000.0,1100.0,20,11000.0,1335.9984,11874.27,7623.2666,-182.03296,4430.861,-4571.64,68386.555,0.0016172534,0.08111826,0.08111826,4.3953154e-05,0.0003,-5397.1436,0.0037077657699584963,2379.718590259552,600000,,,,,,,
-8949.985,0.008542402,0.11859775,8949.994,-8949.994,1.8561326,0.15088123,110000.0,1100.0,20,11000.0,5865.0107,11646.971,8821.754,3315.1145,3740.2124,-13403.287,140648.34,0.0068235784,0.28005558,0.28005558,4.3233405e-05,0.0003,-4.3632812,0.007822244882583618,2418.829818725586,605000,,,,,,,
-8529.739,0.0030655353,0.012875377,8529.742,-8529.742,0.6911774,0.14904438,110000.0,1100.0,20,11000.0,2344.7312,11793.541,8515.719,2130.6235,2074.7983,-7208.8213,97431.47,0.0017569131,0.10301611,0.10301611,4.251687e-05,0.0003,-5051.8306,0.0037034955978393555,2437.3473019599915,610000,,,,,,,
-8267.681,0.0030862247,0.012196186,8267.684,-8267.684,0.5531183,0.15235011,110000.0,1100.0,20,11000.0,1429.3572,11959.019,8260.691,123.163124,1228.8872,-6402.1113,70071.89,0.0017550328,0.08426763,0.08426763,4.1803753e-05,0.0003,-5911.3794,0.003716664218902588,2455.9306275844574,615000,,,,,,,
-7902.498,0.0056594387,0.023710435,7902.504,-7902.504,1.1227423,0.14023876,110000.0,1100.0,20,11000.0,11778.9,12114.437,7865.193,360.6627,21372.86,-91276.016,481929.78,0.002342244,0.15745199,0.15745199,4.1094238e-05,0.0003,5608.374,0.003712548542022705,2474.4933743476868,620000,,,,,,,
-8890.35,0.008727718,0.085401244,8890.358,-8890.358,2.2508206,0.14640221,110000.0,1100.0,20,11000.0,8223.376,11895.203,8801.074,107.19352,33521.977,-13127.965,294346.3,0.0034638252,0.3295251,0.3295251,4.0388528e-05,0.0003,2957.8025,0.003653248357772827,2492.759620666504,625000,,,,,,,
-7946.1055,0.0032392186,0.012507327,7946.109,-7946.109,0.8163454,0.15493736,110000.0,1100.0,20,11000.0,3706.364,12109.229,7933.1675,65.90702,6595.855,-4968.795,170393.22,0.0022508882,0.1264824,0.1264824,3.9686805e-05,0.0003,-2848.4348,0.00370928955078125,2511.306072473526,630000,,,,,,,
-7452.945,0.0032416433,0.01951849,7452.948,-7452.948,1.2074497,0.15002492,110000.0,1100.0,20,11000.0,1716.7727,11654.235,7422.402,16.949652,12807.353,-5245.367,109185.2,0.0015135095,0.18114755,0.18114755,3.8989278e-05,0.0003,-3743.5488,0.0037093040943145753,2529.8525969982147,635000,,,,,,,
-8284.12,0.011073213,0.0813182,8284.131,-8284.131,1.7455333,0.169407,110000.0,1100.0,20,11000.0,5973.215,11633.525,8216.096,22.697933,20335.475,-35917.137,309213.44,0.0025730398,0.29570556,0.29570556,3.8296123e-05,0.0003,941.85596,0.0036549350261688234,2548.127275943756,640000,,,,,,,
-7181.94,0.0016535008,0.011339366,7181.9414,-7181.9414,0.40113202,0.17354374,110000.0,1100.0,20,11000.0,2855.3738,11428.178,7176.4453,48.428905,7855.6323,-3164.601,129939.06,0.0013542837,0.06961395,0.06961395,3.7607537e-05,0.0003,-3560.813,0.0037052764415740967,2566.6536617279053,645000,,,,,,,
-7030.4556,0.0045818277,0.027889566,7030.46,-7030.46,0.7377954,0.16766185,110000.0,1100.0,20,11000.0,2820.0352,11874.063,6989.8,1869.9938,6309.537,-5095.883,97595.39,0.0017718535,0.12370015,0.12370015,3.692371e-05,0.0003,-2849.7188,0.003704074287414551,2585.174037694931,650000,,,,,,,
-8406.374,0.0097586615,0.10146455,8406.384,-8406.384,1.5882394,0.16864292,110000.0,1100.0,20,11000.0,5689.2065,11586.45,8316.633,58.620964,12122.453,-4611.487,155455.1,0.003336815,0.26784533,0.26784533,3.6244823e-05,0.0003,229.1311,0.003715226173400879,2603.7501730918884,655000,,,,,,,
-7399.248,0.002724117,0.011917744,7399.251,-7399.251,0.62736017,0.17329949,110000.0,1100.0,20,11000.0,1382.94,11653.098,7389.3228,1766.4713,2967.379,-4643.478,76261.3,0.0014241578,0.1087212,0.1087212,3.5571058e-05,0.0003,-4820.375,0.0036556321144104002,2622.0283381938934,660000,,,,,,,
-7481.341,0.022439862,0.19180647,7481.3633,-7481.3633,1.0737596,0.16770093,110000.0,1100.0,20,11000.0,6032.574,11691.589,7317.3335,131.7418,8593.594,-19788.922,169011.47,0.0067376965,0.18007049,0.18007049,3.490261e-05,0.0003,532.0088,0.0037151340007781984,2640.6040167808533,665000,,,,,,,
-7480.8623,0.0034784446,0.013188638,7480.8657,-7480.8657,0.6867936,0.16925795,110000.0,1100.0,20,11000.0,1659.3126,11760.113,7465.4307,71.42348,3611.976,-2427.2554,78111.35,0.002000443,0.116245285,0.116245285,3.4239645e-05,0.0003,-4542.8516,0.0037146582126617433,2659.1773142814636,670000,,,,,,,
-8292.817,0.009083379,0.14443938,8292.826,-8292.826,0.90765446,0.17879555,110000.0,1100.0,20,11000.0,5129.6943,12128.016,8158.7295,2708.254,20240.898,-6121.8574,200386.75,0.003083095,0.16228458,0.16228458,3.3582368e-05,0.0003,-1377.9927,0.003713925075531006,2677.7469437122345,675000,,,,,,,
-8058.203,0.0036798043,0.015693996,8058.207,-8058.207,0.9399475,0.16554739,110000.0,1100.0,20,11000.0,2785.8496,11987.458,8038.9443,128.19164,19961.66,-3575.6094,132912.28,0.0013041538,0.15560585,0.15560585,3.2930948e-05,0.0003,-3560.689,0.0036463668823242187,2695.978781938553,680000,,,,,,,
-8016.89,0.0027472766,0.011584979,8016.893,-8016.893,0.7333369,0.16655608,110000.0,1100.0,20,11000.0,1936.4043,12131.439,8011.3403,103.211525,5540.5864,-12068.414,104189.11,0.0022918386,0.12214172,0.12214172,3.228555e-05,0.0003,-4736.927,0.003704719352722168,2714.5023827552795,685000,,,,,,,
-7735.1357,0.003005334,0.020003036,7735.1387,-7735.1387,0.8225736,0.1787183,110000.0,1100.0,20,11000.0,4013.2393,11384.303,7712.2305,-282.781,11509.424,-10223.126,150982.56,0.001769626,0.14700896,0.14700896,3.1646374e-05,0.0003,-2104.7979,0.0037001810073852537,2733.0032920837402,690000,,,,,,,
-7432.5254,0.0032313983,0.011447131,7432.529,-7432.529,0.56999743,0.18462847,110000.0,1100.0,20,11000.0,1095.2026,12041.503,7423.477,102.33856,1277.8267,-2055.8572,76246.95,0.001657028,0.10523775,0.10523775,3.1013573e-05,0.0003,-5179.7075,0.0036472628593444824,2751.2396099567413,695000,,,,,,,
-8327.629,0.014245803,0.15106079,8327.644,-8327.644,0.8644978,0.18389486,110000.0,1100.0,20,11000.0,5141.9497,11958.511,8191.3896,98.99677,4700.898,-14706.467,146212.55,0.0060401717,0.15897669,0.15897669,3.0387337e-05,0.0003,-1436.9357,0.003700863552093506,2769.7439320087433,700000,,,,,,,
-7847.519,0.003250908,0.01265911,7847.5225,-7847.5225,0.6432279,0.18454485,110000.0,1100.0,20,11000.0,1349.4904,11843.872,7832.552,1531.4028,4429.3057,-5368.1123,99561.016,0.0017813402,0.11870439,0.11870439,2.9767822e-05,0.0003,-5192.2803,0.007512213230133057,2807.305002450943,705000,,,,,,,
-8252.498,0.016010202,0.15872303,8252.514,-8252.514,1.8740084,0.17918608,110000.0,1100.0,20,11000.0,4222.5312,11742.352,8111.154,258.45212,10431.242,-9380.144,284394.72,0.0033986517,0.33579624,0.33579624,2.9155208e-05,0.0003,-336.20825,0.0037107298851013185,2825.8586559295654,710000,,,,,,,
-8159.3604,0.0028850604,0.015917633,8159.3633,-8159.3633,0.8733436,0.1803865,110000.0,1100.0,20,11000.0,1897.024,12185.787,8136.744,-390.83066,6871.6436,-3932.1777,145076.81,0.0031722533,0.1575394,0.1575394,2.8549664e-05,0.0003,-4529.4033,0.0036534124851226807,2844.125722169876,715000,,,,,,,
-8245.453,0.0036436205,0.02394513,8245.457,-8245.457,0.83780384,0.1832499,110000.0,1100.0,20,11000.0,11399.252,11967.643,8206.903,-41.162907,34080.023,-22090.531,305593.88,0.0018409872,0.15352747,0.15352747,2.7951346e-05,0.0003,4842.601,0.003702523994445801,2862.638345718384,720000,,,,,,,
-8364.811,0.015887273,0.14167865,8364.826,-8364.826,1.0946196,0.18073307,110000.0,1100.0,20,11000.0,8329.066,12042.967,8263.935,-39.004536,5159.0894,-8815.587,232478.28,0.003783034,0.19783396,0.19783396,2.736043e-05,0.0003,2140.4294,0.0037001955986022948,2881.139327764511,725000,,,,,,,
-8040.264,0.00432038,0.07248322,8040.2686,-8040.2686,0.62688476,0.18091793,110000.0,1100.0,20,11000.0,2699.8677,11867.318,7964.3193,-225.92404,4304.2754,-9059.744,146653.06,0.0037292214,0.11341469,0.11341469,2.6777061e-05,0.0003,-4092.835,0.0037048057079315183,2899.663360118866,730000,,,,,,,
-7856.7144,0.0028628684,0.026670234,7856.7173,-7856.7173,0.7300068,0.17218311,110000.0,1100.0,20,11000.0,3120.9531,10938.243,7824.8584,-146.32625,1605.8553,-3974.1423,94674.875,0.002147687,0.12569484,0.12569484,2.6201416e-05,0.0003,-3353.118,0.0036529787063598633,2917.9282579421997,735000,,,,,,,
-7929.6846,0.004447802,0.051077005,7929.689,-7929.689,1.1825464,0.1769439,110000.0,1100.0,20,11000.0,2540.013,11704.163,7867.827,-49.101486,2800.3228,-2680.0479,119187.734,0.0044307476,0.20924437,0.20924437,2.5633639e-05,0.0003,-3087.984,0.003702105712890625,2936.4387907981873,740000,,,,,,,
-6792.3403,0.0027355673,0.013706102,6792.3433,-6792.3433,0.37203994,0.18565446,110000.0,1100.0,20,11000.0,1100.1858,11458.119,6781.832,-57.475094,7128.9766,-1575.2938,87417.39,0.0018832621,0.069070876,0.069070876,2.5073889e-05,0.0003,-4932.3745,0.003702420663833618,2954.950897693634,745000,,,,,,,
-7165.6343,0.0077008912,0.07459717,7165.642,-7165.642,1.1095706,0.18554707,110000.0,1100.0,20,11000.0,5471.0483,10851.659,7050.281,70.06514,11305.676,-39146.242,246418.97,0.0035421108,0.20587757,0.20587757,2.4522331e-05,0.0003,570.0674,0.0036504671096801757,2973.2032368183136,750000,,,,,,,
-8127.5996,0.009964293,0.0872175,8127.6094,-8127.6094,0.7979083,0.1953246,110000.0,1100.0,20,11000.0,4673.043,11668.234,8039.0596,-59.0265,9300.669,-10477.107,155189.34,0.007223701,0.15585113,0.15585113,2.3979092e-05,0.0003,-1740.1942,0.003700580167770386,2991.706141471863,755000,,,,,,,
-7690.979,0.01800935,0.13399073,7690.997,-7690.997,0.8524204,0.18809101,110000.0,1100.0,20,11000.0,14657.338,10955.059,7578.6216,-56.73345,32778.746,-7692.732,201113.23,0.0025312535,0.16033262,0.16033262,2.3444345e-05,0.0003,8730.018,0.003702416229248047,3010.2182264328003,760000,,,,,,,
-7602.898,0.0024130445,0.013428429,7602.9004,-7602.9004,0.5291156,0.18438518,110000.0,1100.0,20,11000.0,1272.0206,12034.589,7583.1553,93.861694,1114.943,-1445.4727,72343.78,0.0015892874,0.09756108,0.09756108,2.2918219e-05,0.0003,-5257.7056,0.0037045203685760497,3028.7408318519592,765000,,,,,,,
-7507.1274,0.014368323,0.11626743,7507.1416,-7507.1416,0.8525648,0.17553757,110000.0,1100.0,20,11000.0,5780.912,11901.571,7406.783,490.98468,3399.9597,-10534.849,132845.8,0.001747593,0.14965716,0.14965716,2.2400869e-05,0.0003,-79.98657,0.003653262233734131,3047.0071473121643,770000,,,,,,,
-7103.1104,0.0030631472,0.02452278,7103.1133,-7103.1133,0.9160991,0.17661624,110000.0,1100.0,20,11000.0,5456.7744,11919.451,7069.91,2499.504,4388.84,-6169.074,174978.66,0.0034274415,0.16179797,0.16179797,2.1892429e-05,0.0003,133.44177,0.0036975711822509767,3065.4950065612793,775000,,,,,,,
-7879.4126,0.009306643,0.10707254,7879.422,-7879.422,1.088115,0.17559329,110000.0,1100.0,20,11000.0,3666.2925,11320.198,7778.7666,-112.74716,4523.662,-1840.1938,92631.58,0.0044032284,0.1910657,0.1910657,2.1393029e-05,0.0003,-2111.3975,0.0037068850994110107,3084.0294358730316,780000,,,,,,,
-7327.2515,0.0025760885,0.011850053,7327.254,-7327.254,0.63083965,0.172859,110000.0,1100.0,20,11000.0,1438.1615,11945.807,7318.1724,-122.1378,1433.048,-3836.29,84252.55,0.0013181763,0.10904631,0.10904631,2.0902831e-05,0.0003,-4689.5806,0.0036585527896881103,3102.322203397751,785000,,,,,,,
-7693.6646,0.0031167637,0.037627187,7693.6675,-7693.6675,0.9251885,0.18024103,110000.0,1100.0,20,11000.0,2780.1045,11726.463,7636.6904,-151.12201,4259.9404,-13930.418,123919.88,0.0029261725,0.16675693,0.16675693,2.0421947e-05,0.0003,-3079.234,0.0037149006843566895,3120.8967106342316,790000,,,,,,,
-7398.324,0.004173971,0.019103795,7398.3286,-7398.3286,1.0257488,0.16601282,110000.0,1100.0,20,11000.0,1412.3579,11656.796,7374.283,-210.75497,6534.1064,-10164.23,154580.67,0.0022607862,0.17028746,0.17028746,1.9950523e-05,0.0003,-4112.804,0.003712716484069824,3139.4602966308594,795000,,,,,,,
-7178.212,0.002335487,0.013182878,7178.2144,-7178.2144,0.6991085,0.18152443,110000.0,1100.0,20,11000.0,1814.9617,11866.421,7160.8555,-269.97208,4045.6245,-2659.9084,120516.91,0.001295456,0.12690526,0.12690526,1.9488682e-05,0.0003,-3967.292,0.0037178157329559327,3158.0493791103363,800000,,,,,,,
-6866.958,0.0068624336,0.06476209,6866.965,-6866.965,1.7086788,0.17913233,110000.0,1100.0,20,11000.0,2132.4016,11818.411,6800.3555,396.82455,4463.1655,-8402.94,146879.36,0.001470816,0.30607963,0.30607963,1.9036543e-05,0.0003,-1367.6807,0.007899075651168824,3197.5447614192963,805000,,,,,,,
-7705.248,0.0038368092,0.056540027,7705.252,-7705.252,0.9734077,0.18369047,110000.0,1100.0,20,11000.0,1993.6212,11795.526,7619.1104,-182.6021,5712.914,-6880.6777,139921.83,0.0019189427,0.17880571,0.17880571,1.859424e-05,0.0003,-3744.7642,0.0037058295726776123,3216.073912858963,810000,,,,,,,
-7442.05,0.003669364,0.035521775,7442.0537,-7442.0537,0.39427954,0.1883869,110000.0,1100.0,20,11000.0,1396.5874,11757.648,7396.0923,617.16547,2471.2695,-2397.027,93942.03,0.0016682346,0.0742771,0.0742771,1.8161878e-05,0.0003,-5228.414,0.0037043882846832274,3234.5958580970764,815000,,,,,,,
-6925.9697,0.0052366448,0.03304939,6925.975,-6925.975,0.6650047,0.18209738,110000.0,1100.0,20,11000.0,4905.3164,10758.867,6886.873,-239.6505,1527.0936,-1448.308,114704.16,0.0021051,0.1210956,0.1210956,1.7739603e-05,0.0003,-688.6017,0.003698845195770264,3253.090087890625,820000,,,,,,,
-6722.257,0.003754313,0.02724639,6722.2607,-6722.2607,0.5142428,0.17612545,110000.0,1100.0,20,11000.0,1202.0441,11480.267,6683.9863,-222.07559,1824.9254,-1329.5011,81426.625,0.0012905203,0.090571254,0.090571254,1.7327511e-05,0.0003,-4523.929,0.003650994920730591,3271.3450667858124,825000,,,,,,,
-7376.3965,0.0033669295,0.040597513,7376.4,-7376.4,1.0961031,0.16938503,110000.0,1100.0,20,11000.0,1356.5491,10778.609,7320.9663,415.0079,4830.6333,-4183.078,104243.125,0.0023741226,0.18566345,0.18566345,1.6925713e-05,0.0003,-3977.5498,0.0037123414516448973,3289.9067783355713,830000,,,,,,,
-7194.8667,0.0040082703,0.041560847,7194.8706,-7194.8706,0.47812483,0.16911301,110000.0,1100.0,20,11000.0,1732.0078,11708.813,7145.714,-138.67238,5246.0234,-3222.5264,101725.33,0.0020775287,0.08085713,0.08085713,1.653433e-05,0.0003,-4573.4307,0.0037012815475463865,3308.413190603256,835000,,,,,,,
-7103.3413,0.0030987328,0.020320022,7103.344,-7103.344,0.5042577,0.15239114,110000.0,1100.0,20,11000.0,1659.3628,11856.956,7072.7036,761.52423,2221.5476,-2206.1885,85284.71,0.0015968618,0.076844394,0.076844394,1.6153459e-05,0.0003,-4598.6904,0.0036522491455078126,3326.6744406223297,840000,,,,,,,
-7481.6973,0.006175552,0.07731234,7481.7036,-7481.7036,1.6069212,0.14586835,110000.0,1100.0,20,11000.0,1772.3391,11738.393,7393.092,-173.40317,4546.547,-2569.059,106723.234,0.0037506865,0.23439893,0.23439893,1.5783213e-05,0.0003,-3130.9702,0.00370144305229187,3345.1816594600677,845000,,,,,,,
-7545.6396,0.0032296155,0.019737089,7545.643,-7545.643,1.2504549,0.14623825,110000.0,1100.0,20,11000.0,1295.6403,11739.1875,7515.138,533.7231,2148.9287,-4973.095,109862.2,0.0021819335,0.18286434,0.18286434,1.542368e-05,0.0003,-4238.4917,0.0037005023002624512,3363.6841747760773,850000,,,,,,,
-7065.5605,0.0030614606,0.018934095,7065.5635,-7065.5635,0.79734164,0.1495261,110000.0,1100.0,20,11000.0,2382.334,11778.273,7040.377,213.02141,2511.1133,-2230.9023,108068.84,0.0020478729,0.119223386,0.119223386,1.5074969e-05,0.0003,-3371.7693,0.00365735445022583,3381.970953464508,855000,,,,,,,
-6982.1606,0.0025867394,0.0107468,6982.163,-6982.163,0.9442883,0.15181498,110000.0,1100.0,20,11000.0,885.949,11634.182,6971.376,1377.3152,2579.2346,-2159.81,83028.86,0.0019007252,0.14335711,0.14335711,1.4737181e-05,0.0003,-4519.2837,0.0037096357822418214,3400.5191366672516,860000,,,,,,,
-6545.95,0.008762714,0.0641895,6545.959,-6545.959,0.88476586,0.14738964,110000.0,1100.0,20,11000.0,2387.2886,11649.756,6482.1084,-305.44992,6674.077,-2400.7754,96333.33,0.002059,0.13040532,0.13040532,1.4410394e-05,0.0003,-2724.2031,0.0037107585906982423,3419.072933912277,865000,,,,,,,
-6782.0576,0.0033967304,0.039686576,6782.061,-6782.061,0.97291183,0.14918226,110000.0,1100.0,20,11000.0,1881.7395,11741.043,6730.1787,-168.78156,1234.3052,-5362.3584,91250.97,0.0014684589,0.14514118,0.14514118,1.4094706e-05,0.0003,-3303.7654,0.0037289849281311035,3437.717865228653,870000,,,,,,,
-7325.3774,0.0051632263,0.059259325,7325.383,-7325.383,1.7363211,0.15063259,110000.0,1100.0,20,11000.0,1923.0183,11580.1455,7266.039,1774.6041,1619.8169,-2310.2932,105364.09,0.002961885,0.26154655,0.26154655,1.37902e-05,0.0003,-2525.3474,0.0036657920360565186,3456.0468289852142,875000,,,,,,,
-6836.5664,0.009653891,0.0754886,6836.576,-6836.576,1.268745,0.1607452,110000.0,1100.0,20,11000.0,1619.0619,11551.153,6776.9893,-151.69295,5141.694,-3868.2244,92691.89,0.0013093058,0.20394467,0.20394467,1.3496962e-05,0.0003,-2974.113,0.003716151428222656,3474.627591609955,880000,,,,,,,
-6397.772,0.002861041,0.024441032,6397.775,-6397.775,0.98532027,0.16509765,110000.0,1100.0,20,11000.0,1252.8374,10988.202,6362.002,-265.09048,2194.516,-2385.5176,89539.36,0.0036901727,0.16267407,0.16267407,1.3215067e-05,0.0003,-3355.5198,0.0037241429328918455,3493.24831032753,885000,,,,,,,
-6822.659,0.0029896963,0.022018993,6822.662,-6822.662,0.49298692,0.16122855,110000.0,1100.0,20,11000.0,1668.1241,11562.055,6793.7627,-274.07553,2415.2961,-1406.3704,93881.81,0.0037848435,0.07948357,0.07948357,1.2944596e-05,0.0003,-4280.216,0.0036646598815917968,3511.5716133117676,890000,,,,,,,
-6525.9883,0.005135175,0.04792429,6525.9937,-6525.9937,1.3199106,0.14887953,110000.0,1100.0,20,11000.0,3122.7104,11602.222,6475.245,97.112465,1796.4202,-2130.7126,99835.32,0.0016056346,0.19650768,0.19650768,1.26856285e-05,0.0003,-1241.6934,0.0037129760265350344,3530.13649725914,895000,,,,,,,
-6523.6104,0.0024137134,0.025974013,6523.613,-6523.613,1.2185401,0.15510713,110000.0,1100.0,20,11000.0,967.5437,11489.216,6488.0317,-247.22841,2438.1917,-1727.4319,84635.95,0.0017217238,0.18900426,0.18900426,1.2438221e-05,0.0003,-3477.0195,0.0037130420207977296,3548.7017114162445,900000,,,,,,,
-6935.091,0.0028687823,0.015860345,6935.0938,-6935.0938,0.7931524,0.16340886,110000.0,1100.0,20,11000.0,2008.1516,11606.4795,6908.346,-42.497692,1378.8142,-2538.6377,96990.68,0.0012934094,0.12960812,0.12960812,1.22024585e-05,0.0003,-3501.25,0.008096782207489014,3589.1856265068054,905000,,,,,,,
-7000.4785,0.003453087,0.021814859,7000.482,-7000.482,1.0735654,0.16318785,110000.0,1100.0,20,11000.0,3195.7446,11688.409,6973.5996,-213.97868,5547.1357,-2110.1162,129820.2,0.00225089,0.17519282,0.17519282,1.1978389e-05,0.0003,-1877.6129,0.0036555323123931885,3607.4632925987244,910000,,,,,,,
-6980.1455,0.0028772685,0.032456763,6980.1484,-6980.1484,0.9284054,0.15801276,110000.0,1100.0,20,11000.0,1056.5242,11668.779,6935.138,150.02228,3608.8276,-6028.522,110970.28,0.0019652613,0.1466999,0.1466999,1.1766084e-05,0.0003,-4309.922,0.003703597593307495,3625.9812848567963,915000,,,,,,,
-7019.419,0.0077925483,0.07667512,7019.427,-7019.427,3.139718,0.15157716,110000.0,1100.0,20,11000.0,5253.309,10631.818,6948.348,-131.37857,6536.669,-6478.7837,179234.75,0.0023740844,0.47590953,0.47590953,1.1565597e-05,0.0003,3468.895,0.003723877763748169,3644.6006774902344,920000,,,,,,,
-7191.5605,0.007260347,0.07502408,7191.568,-7191.568,1.1398671,0.16974388,110000.0,1100.0,20,11000.0,1457.6348,11811.69,7112.0107,196.43846,4753.0825,-8909.316,118308.266,0.0034558584,0.19348545,0.19348545,1.1376989e-05,0.0003,-3605.5857,0.0036572848796844483,3662.8871059417725,925000,,,,,,,
-7142.5063,0.0035584173,0.029734507,7142.51,-7142.51,0.6959785,0.16415356,110000.0,1100.0,20,11000.0,1591.5117,11700.721,7088.407,1620.7277,2092.1824,-2971.873,96551.86,0.0014151586,0.11424735,0.11424735,1.1200302e-05,0.0003,-4294.274,0.0037105570316314698,3681.439894914627,930000,,,,,,,
-7070.7095,0.0026138718,0.03223431,7070.712,-7070.712,0.5329384,0.16870594,110000.0,1100.0,20,11000.0,941.5498,11784.311,7030.171,978.3897,3065.5054,-3416.2937,122283.49,0.0030316282,0.089909874,0.089909874,1.103559e-05,0.0003,-5140.151,0.003719519281387329,3700.0374958515167,935000,,,,,,,
-6937.797,0.0040280186,0.041147597,6937.801,-6937.801,1.0830947,0.16280095,110000.0,1100.0,20,11000.0,1483.3022,11768.796,6877.1025,-243.93799,3051.0088,-2141.0352,93401.766,0.001201546,0.17632884,0.17632884,1.0882903e-05,0.0003,-3514.8774,0.0037114709854125976,3718.5948543548584,940000,,,,,,,
-7101.076,0.013735511,0.12650211,7101.09,-7101.09,1.9417485,0.16376393,110000.0,1100.0,20,11000.0,6076.4307,11637.741,6998.1133,81.41091,4836.435,-2228.649,132989.23,0.0059742588,0.31798837,0.31798837,1.0742272e-05,0.0003,2473.2266,0.003652552843093872,3736.8576238155365,945000,,,,,,,
-6907.1953,0.0038333093,0.025740946,6907.199,-6907.199,0.7016225,0.16693857,110000.0,1100.0,20,11000.0,970.89124,11635.666,6868.246,576.4015,3137.339,-6934.8975,101766.2,0.0014309116,0.11712786,0.11712786,1.061374e-05,0.0003,-4647.8975,0.003709527587890625,3755.405268907547,950000,,,,,,,
-7336.042,0.006537052,0.05712209,7336.0483,-7336.0483,0.6419258,0.17101891,110000.0,1100.0,20,11000.0,1769.3687,11469.219,7283.077,1039.9811,12020.91,-4662.57,143996.9,0.0019441323,0.10978145,0.10978145,1.0497346e-05,0.0003,-4359.077,0.0037064743041992187,3773.937644004822,955000,,,,,,,
-6975.0005,0.0055161486,0.03940818,6975.006,-6975.006,0.78351223,0.1705526,110000.0,1100.0,20,11000.0,1122.9019,11629.994,6928.8174,-182.95175,1817.6829,-3255.375,80591.84,0.0017125523,0.13363004,0.13363004,1.0393118e-05,0.0003,-4382.168,0.003672511672973633,3792.30020570755,960000,,,,,,,
-7368.562,0.005405452,0.06501842,7368.5674,-7368.5674,0.7983497,0.16459201,110000.0,1100.0,20,11000.0,1521.6931,10902.436,7283.442,-242.41806,5829.1465,-16491.172,166751.4,0.0019370933,0.13140199,0.13140199,1.0301083e-05,0.0003,-4401.4473,0.0037058836936950685,3810.829627752304,965000,,,,,,,
-7143.064,0.0045201597,0.027937913,7143.0684,-7143.0684,0.41929665,0.16356438,110000.0,1100.0,20,11000.0,1149.6047,11305.898,7100.161,-133.2874,4527.2793,-2456.615,99699.22,0.0014776095,0.068582,0.068582,1.0221269e-05,0.0003,-5239.057,0.003703753995895386,3829.348401784897,970000,,,,,,,
-6739.2954,0.0037023255,0.03409738,6739.2993,-6739.2993,1.1045088,0.15623522,110000.0,1100.0,20,11000.0,1153.4617,11556.842,6698.3037,-178.18082,2901.7656,-2975.5771,97057.42,0.002396655,0.17256317,0.17256317,1.0153698e-05,0.0003,-3687.6392,0.003660982942581177,3847.65332365036,975000,,,,,,,
-6876.369,0.017486745,0.1629093,6876.3867,-6876.3867,1.6186506,0.15523086,110000.0,1100.0,20,11000.0,3609.278,11304.5,6751.595,1685.2295,5411.3027,-8213.694,147235.75,0.0051514134,0.2512645,0.2512645,1.0098386e-05,0.0003,-503.1814,0.0037075290203094483,3866.1909725666046,980000,,,,,,,
-7367.1953,0.0042150635,0.04838617,7367.1997,-7367.1997,0.7548856,0.16219926,110000.0,1100.0,20,11000.0,1741.7158,10838.901,7301.3857,-237.1061,3995.6711,-1683.8942,112548.49,0.0019373914,0.12244188,0.12244188,1.005535e-05,0.0003,-4278.6187,0.0037042954444885252,3884.7124536037445,985000,,,,,,,
-6981.8447,0.0024837577,0.009230832,6981.847,-6981.847,0.96498317,0.15615001,110000.0,1100.0,20,11000.0,2995.7148,11263.712,6972.9497,-207.43861,2294.226,-3306.0283,135851.5,0.0015490293,0.15068214,0.15068214,1.0024603e-05,0.0003,-2328.6265,0.003712465190887451,3903.274782896042,990000,,,,,,,
-6902.4727,0.016604554,0.1275163,6902.4893,-6902.4893,0.96744967,0.15284231,110000.0,1100.0,20,11000.0,3766.5679,11539.567,6782.568,-199.14159,2569.4922,-4174.551,122481.45,0.0030414558,0.14786725,0.14786725,1.000615e-05,0.0003,-1509.3651,0.0036555344581604005,3921.552459001541,995000,,,,,,,
-7571.654,0.0068304315,0.061300192,7571.6606,-7571.6606,1.2824395,0.16795012,110000.0,1100.0,20,11000.0,2304.0073,11476.349,7512.1636,59.996845,2785.0872,-2701.4263,128158.766,0.005694594,0.21538585,0.21538585,1e-05,0.0003,-2898.402,0.003703964948654175,3940.072289466858,1000000,,,,,,,
-7283.567,0.0043962966,0.03600942,7283.5713,-7283.5713,1.0709776,0.16028415,110000.0,1100.0,20,11000.0,1715.0465,11270.723,7237.8857,-139.16678,3954.8613,-2870.7888,107184.04,0.002364096,0.17166072,0.17166072,1e-05,0.0003,-3680.2524,0.010973807096481323,3994.941328763962,1005000,0.0,5000.0,0.9253271025501537,35.03268041841408,200.0,1.3244729042053223,2.3711796026092657
-6655.9834,0.0028342158,0.014600392,6655.9863,-6655.9863,1.1769758,0.17301188,110000.0,1100.0,20,11000.0,1840.3872,11244.298,6634.8486,-287.42432,10056.908,-3475.8525,139378.62,0.0016710766,0.2036308,0.2036308,1e-05,0.0003,-2575.6572,0.006642949008941651,4028.1560785770416,1010000,1.0,10000.0,101.76973226382918,8984.026845127939,200.0,1.3118722438812256,70.84619721221502
-6413.1704,0.004552103,0.041358836,6413.175,-6413.175,1.1774474,0.18374196,110000.0,1100.0,20,11000.0,5448.3354,11426.288,6366.032,-262.84702,3284.1865,-4900.9556,157008.16,0.0016809703,0.21634649,0.21634649,1e-05,0.0003,1414.9763,0.0067350930213928226,4061.8315472602844,1015000,0.0,15000.0,-1.1728812540268168,-223.6216865482853,200.0,1.2542393207550049,0.39203401296398976
-5934.9917,0.003234068,0.015146978,5934.995,-5934.995,0.46486512,0.18767326,110000.0,1100.0,20,11000.0,1457.5033,11380.361,5914.7603,763.7204,3388.0742,-3435.4653,110848.3,0.001533641,0.08724275,0.08724275,1e-05,0.0003,-3517.8179,0.00678979172706604,4095.780510187149,1020000,0.0,20000.0,1.4286364602953796,118.58568646492647,200.0,1.3059349060058594,3.010502129260632
-5559.3135,0.003869786,0.02073345,5559.3174,-5559.3174,0.8739371,0.18177506,110000.0,1100.0,20,11000.0,2900.1958,11331.531,5526.843,-108.70123,3278.8027,-3768.2808,151162.86,0.0017436546,0.15885997,0.15885997,1e-05,0.0003,-911.6581,0.006736119556427002,4129.461111783981,1025000,0.0,25000.0,1.2376748610246788,-60.79037611276163,200.0,1.598926067352295,1.6379703320910428
-5554.2954,0.003278233,0.019004708,5554.299,-5554.299,1.289693,0.18362181,110000.0,1100.0,20,11000.0,1425.0884,11101.314,5519.273,-257.39728,3453.118,-6483.3096,130808.94,0.0018884243,0.23681575,0.23681575,1e-05,0.0003,-1524.2339,0.006603480625152588,4162.47851896286,1030000,1.0,30000.0,101.81822562642834,10955.541439502666,200.0,1.327817678451538,85.93163520476354
-5509.3726,0.0037430213,0.016259348,5509.3765,-5509.3765,0.89032394,0.19025207,110000.0,1100.0,20,11000.0,3543.0725,11241.627,5486.0107,-87.86834,5644.665,-4896.3813,218624.72,0.001977647,0.16938597,0.16938597,1e-05,0.0003,-103.05444,0.006694659519195557,4195.951819658279,1035000,0.0,35000.0,-1.2309979554535426,-251.32553532262355,200.0,1.2677946090698242,0.18005247651852033
-5840.7236,0.0023874142,0.019642558,5840.726,-5840.726,1.3052677,0.17518835,110000.0,1100.0,20,11000.0,2319.4373,11210.854,5807.3325,1053.5746,3235.5059,-10143.883,177002.16,0.0015488487,0.22866768,0.22866768,1e-05,0.0003,-1005.9419,0.0066923387050628665,4229.41351723671,1040000,0.0,40000.0,1.4012839888351791,62.24102796093577,200.0,1.291569471359253,2.5793697123368564
-5820.377,0.010965989,0.08803807,5820.3877,-5820.3877,1.2867745,0.18173967,110000.0,1100.0,20,11000.0,19562.652,10659.583,5754.7236,-189.86913,5278.156,-7086.3687,249713.0,0.0026052252,0.23385797,0.23385797,1e-05,0.0003,16314.713,0.006609052610397339,4262.458784103394,1045000,0.0,45000.0,-1.529941604852186,-265.693303239152,200.0,1.2522602081298828,0.07011462842216423
-5384.192,0.0035296467,0.026801312,5384.1953,-5384.1953,0.89683896,0.17628913,110000.0,1100.0,20,11000.0,2456.6033,10767.734,5348.754,-139.6393,2116.8994,-3551.6128,122153.11,0.00096146006,0.15810296,0.15810296,1e-05,0.0003,-1188.456,0.006764562606811524,4296.281601428986,1050000,1.0,50000.0,101.81899648088778,12110.705915271315,200.0,1.3417608737945557,94.77060708969121
-6036.449,0.0033180742,0.019376315,6036.4526,-6036.4526,1.1388947,0.18264952,110000.0,1100.0,20,11000.0,2502.019,11357.776,6001.7573,1562.5723,3075.9595,-6248.255,133032.45,0.0023940136,0.20801857,0.20801857,1e-05,0.0003,-1246.2258,0.006805860424041748,4330.31090760231,1055000,0.0,55000.0,1.056778823739848,54.643539152218416,200.0,1.3358221054077148,2.5212360081025555
-5500.9106,0.0033952272,0.024713535,5500.914,-5500.914,0.73709273,0.18409675,110000.0,1100.0,20,11000.0,3474.6924,11161.446,5466.386,-248.2583,6901.6846,-5358.7495,167008.58,0.0023761035,0.13569638,0.13569638,1e-05,0.0003,-533.5581,0.0067848825454711915,4364.235323905945,1060000,0.0,60000.0,1.5635864842492424,60.250415407699315,200.0,1.3257148265838623,2.564138142494706
-6052.295,0.0028170156,0.014302255,6052.298,-6052.298,0.6881515,0.17596951,110000.0,1100.0,20,11000.0,5200.942,10935.037,6026.133,806.441,6619.35,-9040.244,233084.4,0.001239117,0.12109368,0.12109368,1e-05,0.0003,480.6775,0.0068443706512451175,4398.457180976868,1065000,0.0,65000.0,1.1701139490199264,18.057457928479195,200.0,1.312107801437378,2.2412902946567446
-6035.461,0.0037168039,0.027747864,6035.465,-6035.465,1.2941625,0.17238922,110000.0,1100.0,20,11000.0,4923.5366,11093.044,5988.0596,853.9799,10149.635,-7336.3057,229383.62,0.0012422107,0.22309968,0.22309968,1e-05,0.0003,1342.1721,0.006910860347747802,4433.01148724556,1070000,1.0,70000.0,101.7774948184281,12155.424122182909,200.0,1.3280322551727295,95.11277738831724
-6139.4688,0.0036664659,0.03247667,6139.4727,-6139.4727,1.0318279,0.17069162,110000.0,1100.0,20,11000.0,3118.5505,11226.33,6088.0786,1258.1731,2102.728,-2101.9434,126793.47,0.0016025298,0.1761244,0.1761244,1e-05,0.0003,-1083.5499,0.0068871994972229,4467.4474885463715,1075000,0.0,75000.0,-1.244381693073428,-74.00738315263375,200.0,1.610175609588623,1.5368377608607986
-6083.4424,0.003079016,0.013581881,6083.4453,-6083.4453,0.93004346,0.17972845,110000.0,1100.0,20,11000.0,5262.25,11287.606,6058.1523,-174.40358,3472.2021,-3890.7693,142417.5,0.0014214499,0.16715527,0.16715527,1e-05,0.0003,1017.5155,0.006831404018402099,4501.604512453079,1080000,0.0,80000.0,0.954775632685888,132.39471912040912,200.0,1.3473474979400635,3.116164702825009
-6384.5635,0.004294588,0.041756425,6384.568,-6384.568,1.55676,0.17252122,110000.0,1100.0,20,11000.0,3618.259,11187.969,6329.9697,1531.8269,10112.359,-5792.6733,260375.62,0.0012020301,0.26857412,0.26857412,1e-05,0.0003,188.01074,0.0070095559597015385,4536.652297496796,1085000,1.0,85000.0,101.79941990099444,13131.500228875486,200.0,1.3430299758911133,102.58141882040819
-6327.3027,0.0026447545,0.018040372,6327.305,-6327.305,0.54095304,0.17762418,110000.0,1100.0,20,11000.0,5321.0537,11200.935,6299.2744,-264.86154,5785.192,-7442.2534,285026.22,0.0012130429,0.09608634,0.09608634,1e-05,0.0003,50.700684,0.00748041353225708,4574.054369211197,1090000,1.0,90000.0,101.8074937922915,10679.352840640475,200.0,1.4160284996032715,83.81832293496223
-6445.8755,0.003247351,0.027822567,6445.879,-6445.879,1.7268085,0.16943817,110000.0,1100.0,20,11000.0,17438.424,11076.272,6400.7266,-147.91061,11981.781,-8224.988,339728.12,0.0023593882,0.29258728,0.29258728,1e-05,0.0003,14211.009,0.006926132154464722,4608.685034275055,1095000,1.0,95000.0,101.83486540507421,3794.272536748764,200.0,1.3541805744171143,31.1357547742043
-6482.594,0.0031458251,0.025243077,6482.597,-6482.597,0.7362297,0.16509984,110000.0,1100.0,20,11000.0,2153.3386,11127.95,6436.8887,-162.2783,4620.483,-2559.7087,136040.22,0.0018524692,0.12155141,0.12155141,1e-05,0.0003,-2992.1904,0.006932474708557129,4643.347412109375,1100000,1.0,100000.0,101.84156336910078,13410.538880487858,200.0,1.3547687530517578,104.71653883850666
-6478.0005,0.0032592937,0.031136226,6478.004,-6478.004,1.4244438,0.17583054,110000.0,1100.0,20,11000.0,3593.0718,10940.695,6424.79,-155.37169,4877.6143,-11712.263,213453.4,0.001871979,0.25046074,0.25046074,1e-05,0.0003,-129.8606,0.011438133907318114,4700.538085222244,1105000,0.0,105000.0,26.76776977260113,10732.049551430024,200.0,1.385671615600586,84.22154235078357
-6773.464,0.002876834,0.024132797,6773.467,-6773.467,1.0309612,0.1773633,110000.0,1100.0,20,11000.0,6824.198,11056.4795,6732.2896,1104.8903,8455.56,-13001.184,315200.56,0.0019832572,0.18285467,0.18285467,1e-05,0.0003,2062.1357,0.006921823263168335,4735.14720582962,1110000,0.0,110000.0,0.8397774864538641,104.22429514379546,200.0,1.6334736347198486,2.9006130729585373
-6517.0747,0.0037315392,0.03527106,6517.0786,-6517.0786,0.8856805,0.17258918,110000.0,1100.0,20,11000.0,3108.9404,11085.958,6465.1025,-258.3559,3242.3022,-4588.7256,179019.0,0.002106266,0.15285887,0.15285887,1e-05,0.0003,-1726.6868,0.006949204111099243,4769.893229961395,1115000,0.0,115000.0,26.75750824826775,10916.086636992322,200.0,1.3516919612884521,85.62973889698256
-6851.912,0.0034458723,0.02999325,6851.9155,-6851.9155,1.461363,0.16265564,110000.0,1100.0,20,11000.0,6302.2,11189.814,6804.839,-234.26671,11871.715,-10491.818,346139.22,0.0020487234,0.23769893,0.23769893,1e-05,0.0003,2064.9763,0.007023493766784668,4805.010702848434,1120000,1.0,120000.0,101.8198534106427,12542.302074672009,200.0,1.3655648231506348,98.07305137239567
-6348.481,0.0036509878,0.016117647,6348.4844,-6348.4844,0.72165215,0.16187535,110000.0,1100.0,20,11000.0,3197.6619,11031.517,6322.0225,-145.0263,4062.953,-7428.796,168259.9,0.0019192159,0.1168177,0.1168177,1e-05,0.0003,-1865.8245,0.006980532169342041,4839.913367509842,1125000,0.0,125000.0,26.712430513901577,9916.997863656276,200.0,1.3638560771942139,77.98501144621147
-6377.515,0.0032039592,0.021608332,6377.5186,-6377.5186,0.7713244,0.17317688,110000.0,1100.0,20,11000.0,4667.9834,11091.347,6336.4116,-109.38721,6323.9897,-7505.973,273406.22,0.0018415503,0.13357556,0.13357556,1e-05,0.0003,-240.20056,0.006920509386062622,4874.515918493271,1130000,1.0,130000.0,101.83673324090658,14426.832734691427,200.0,1.3472857475280762,112.49291440455134
-6743.146,0.0033983453,0.035760973,6743.1494,-6743.1494,0.8841789,0.18103163,110000.0,1100.0,20,11000.0,5189.496,11022.389,6688.905,-299.6354,6923.2837,-4966.0986,220833.97,0.0021362803,0.16006434,0.16006434,1e-05,0.0003,207.05786,0.006931939363479614,4909.175619363785,1135000,0.0,135000.0,1.2687592711328655,124.15730351124921,200.0,1.3555097579956055,3.0531344707661665
-6899.457,0.0034102602,0.030798096,6899.4604,-6899.4604,1.0431292,0.18219437,110000.0,1100.0,20,11000.0,2989.9883,11034.3125,6850.5884,1272.7565,6256.3867,-3657.9873,187665.88,0.0020574909,0.19005226,0.19005226,1e-05,0.0003,-1818.894,0.007031565999984741,4944.3334538936615,1140000,1.0,140000.0,101.82485676850392,14319.96397333362,200.0,1.3692119121551514,111.67518671569547
-6874.79,0.0027329098,0.020817328,6874.793,-6874.793,1.3059618,0.17489903,110000.0,1100.0,20,11000.0,3951.7576,11355.713,6839.791,-314.36972,6698.3843,-9048.732,256070.1,0.0019708858,0.22841147,0.22841147,1e-05,0.0003,-410.50635,0.00701052474975586,4979.386081457138,1145000,0.0,145000.0,26.800062252504066,12476.89369533731,200.0,1.3776183128356934,97.57256608384542
-7158.7583,0.0035309023,0.024943912,7158.7617,-7158.7617,0.9358384,0.18354838,110000.0,1100.0,20,11000.0,10858.34,11132.822,7114.3228,832.17914,24344.162,-18945.277,453447.5,0.0017406939,0.17177162,0.17177162,1e-05,0.0003,5589.0693,0.0070338704109191895,5014.555438041687,1150000,1.0,150000.0,101.82998804903872,13738.591620925992,200.0,1.3441660404205322,107.22669995437435
-6750.8496,0.0039347573,0.034468073,6750.8535,-6750.8535,1.0394809,0.18944977,110000.0,1100.0,20,11000.0,3336.395,11009.472,6705.0107,-273.26813,3015.4973,-14258.346,203009.97,0.0020792591,0.19692943,0.19692943,1e-05,0.0003,-1248.231,0.007080990123748779,5049.96039223671,1155000,0.0,155000.0,26.793864772450746,7970.567436820833,200.0,1.3777625560760498,63.091509975506746
-6767.259,0.003934561,0.033789318,6767.2627,-6767.2627,1.3823291,0.19282484,110000.0,1100.0,20,11000.0,15697.004,11480.968,6714.4106,1327.2457,55587.562,-48233.867,946015.5,0.0018114059,0.26654738,0.26654738,1e-05,0.0003,11861.767,0.006991299104690552,5084.916892051697,1160000,1.0,160000.0,101.8167992409316,3384.5726615310236,200.0,1.356055736541748,28.00085428663664
-6948.5483,0.005834766,0.051046923,6948.554,-6948.554,0.956856,0.19753313,110000.0,1100.0,20,11000.0,5675.377,11379.837,6879.12,1334.2552,9048.258,-13546.565,316225.97,0.001521018,0.18901077,0.18901077,1e-05,0.0003,805.947,0.007047331809997558,5120.1535551548,1165000,1.0,165000.0,101.81324721426547,12555.087075517813,200.0,1.399472951889038,98.170878361881
-6977.272,0.0033506588,0.021750903,6977.2754,-6977.2754,0.4860799,0.1850693,110000.0,1100.0,20,11000.0,4917.355,11588.654,6938.457,-248.08006,6404.3745,-7477.765,253295.72,0.0015342749,0.08995847,0.08995847,1e-05,0.0003,-1070.3738,0.007761364841461182,5158.960383653641,1170000,1.0,170000.0,101.79725349586433,14457.089629760061,200.0,1.3509531021118164,112.72443108503003
-6886.8076,0.0049381317,0.041340847,6886.8125,-6886.8125,1.4652605,0.17657317,110000.0,1100.0,20,11000.0,2803.8667,11620.546,6833.941,-293.91394,4553.6846,-5813.595,162612.75,0.0027184368,0.2587257,0.2587257,1e-05,0.0003,-1236.9583,0.0071366343975067135,5194.643564462662,1175000,1.0,175000.0,101.67147646633221,9833.083171745715,200.0,1.5464046001434326,77.34292140787622
-7122.4966,0.0033712776,0.03166244,7122.5,-7122.5,0.82025576,0.17999886,110000.0,1100.0,20,11000.0,2772.7922,11186.109,7070.5527,315.61823,3062.5889,-2832.009,164712.84,0.0020036201,0.14764509,0.14764509,1e-05,0.0003,-2725.6082,0.007597930240631104,5232.6332223415375,1180000,1.0,180000.0,101.78456847614156,5164.890725465551,200.0,1.40517258644104,41.623313809446365
-7372.948,0.0028731122,0.024999866,7372.951,-7372.951,0.73632735,0.18531112,110000.0,1100.0,20,11000.0,5909.702,10889.035,7335.6143,-108.56004,15004.728,-25113.488,338002.5,0.0023079934,0.13644965,0.13644965,1e-05,0.0003,37.700073,0.0075838402271270755,5270.552427530289,1185000,1.0,185000.0,101.82652139944949,15477.069334860033,200.0,3.7129433155059814,120.52900967595015
-7314.5396,0.0034614261,0.04518669,7314.543,-7314.543,1.0016409,0.17777303,110000.0,1100.0,20,11000.0,2991.6113,11552.351,7249.8076,608.2563,4300.6,-4572.0215,177458.28,0.0012206426,0.17806473,0.17806473,1e-05,0.0003,-2364.2163,0.007242789554595948,5306.7663786411285,1190000,1.0,190000.0,101.84820031114629,14765.87288482207,200.0,1.3649981021881104,115.08714788188567
-7261.7104,0.00348794,0.028504439,7261.714,-7261.714,0.6216099,0.17286168,110000.0,1100.0,20,11000.0,3032.456,10958.6455,7214.1924,-384.0216,3170.1836,-2523.4067,161966.23,0.0029440895,0.107452534,0.107452534,1e-05,0.0003,-3047.2764,0.007671000862121582,5345.121389627457,1195000,0.0,195000.0,1.1417415531615729,153.47650989033906,200.0,4.048559904098511,3.2774762388080956
-7423.539,0.002261397,0.01721965,7423.5415,-7423.5415,0.37928584,0.16773078,110000.0,1100.0,20,11000.0,2346.27,11133.976,7397.5464,1161.5681,2403.8547,-2404.5698,132958.73,0.0012479204,0.06361791,0.06361791,1e-05,0.0003,-4377.472,0.007183290576934814,5381.037846565247,1200000,0.0,200000.0,-1.2161340594299017,-243.64305138300998,200.0,1.3168833255767822,0.23883653798601692
-6989.86,0.0055853208,0.05714267,6989.865,-6989.865,1.5272247,0.15776415,110000.0,1100.0,20,11000.0,4657.783,11034.21,6921.0938,586.86017,4363.257,-4398.756,242425.06,0.0024648989,0.24094132,0.24094132,1e-05,0.0003,318.27783,0.012259392642974853,5442.33481502533,1205000,0.0,205000.0,1.3625543524326056,106.13767150573972,200.0,1.342470645904541,2.915253654644757
-7129.0923,0.0035310048,0.037881356,7129.0957,-7129.0957,1.0892959,0.15460673,110000.0,1100.0,20,11000.0,2248.1401,11098.872,7074.3975,-350.93646,1965.9951,-2981.6746,124305.56,0.0019303329,0.16841246,0.16841246,1e-05,0.0003,-3028.415,0.0069902792453765865,5477.286217927933,1210000,1.0,210000.0,101.8020085965007,14995.350674572606,200.0,1.356050968170166,116.84304305903841
-7117.8994,0.0026049851,0.024061615,7117.902,-7117.902,0.6452796,0.15360042,110000.0,1100.0,20,11000.0,4185.4653,11228.364,7069.8457,-263.2296,11328.658,-8890.878,237934.88,0.0014424304,0.099115215,0.099115215,1e-05,0.0003,-1842.1667,0.007486950016021728,5514.720971822739,1215000,0.0,215000.0,-1.2933709009372736,-196.0863868410616,200.0,1.2733325958251953,0.6027258625322162
-7327.9497,0.005392302,0.049662787,7327.955,-7327.955,0.93217397,0.14697088,110000.0,1100.0,20,11000.0,3982.981,10950.534,7265.4355,1351.7188,8912.406,-4695.635,196248.66,0.0035965128,0.13700244,0.13700244,1e-05,0.0003,-1837.9419,0.007088960933685303,5550.1657807827,1220000,1.0,220000.0,101.81112503196346,14865.172908238801,200.0,1.4049839973449707,115.84696185951783
-7367.809,0.0030380576,0.019511914,7367.812,-7367.812,1.7235003,0.14432772,110000.0,1100.0,20,11000.0,2644.966,10898.712,7333.4473,753.3596,6299.541,-3752.9937,156650.31,0.001436795,0.24874885,0.24874885,1e-05,0.0003,-1986.6055,0.007746123838424683,5588.896404266357,1225000,1.0,225000.0,101.82315793633366,11272.536530088852,200.0,1.396930456161499,88.35718650254474
-7213.6123,0.0030544489,0.02740791,7213.615,-7213.615,1.0851613,0.14883175,110000.0,1100.0,20,11000.0,2398.1343,11097.499,7162.8145,-368.08493,2991.1348,-2262.3438,133768.67,0.0035256257,0.16150647,0.16150647,1e-05,0.0003,-3038.9067,0.007224621915817261,5625.019518136978,1230000,1.0,230000.0,101.81276388287687,15680.184663540409,200.0,1.7594573497772217,122.0831872127975
-7216.254,0.003036647,0.017408317,7216.257,-7216.257,1.2312775,0.14346565,110000.0,1100.0,20,11000.0,2751.2593,11000.426,7185.1016,-365.06192,2599.4255,-2884.85,141541.22,0.0021648908,0.17664602,0.17664602,1e-05,0.0003,-2521.8882,0.0069923752784729004,5659.98140001297,1235000,1.0,235000.0,101.76469780209355,7082.364152051557,200.0,1.3572421073913574,56.295245004709315
-7442.7886,0.0031787348,0.02665252,7442.792,-7442.792,1.4170715,0.15149939,110000.0,1100.0,20,11000.0,4608.883,11188.565,7397.385,1637.9205,15267.333,-12526.312,272300.12,0.0035509553,0.21468547,0.21468547,1e-05,0.0003,-472.36548,0.007055827236175537,5695.260540008545,1240000,1.0,240000.0,101.76580265772986,15279.600427325291,200.0,1.368149757385254,119.01803685912633
-7217.3506,0.0050664814,0.06013777,7217.3555,-7217.3555,0.67961943,0.15451072,110000.0,1100.0,20,11000.0,3581.5554,11239.279,7153.4385,-108.23768,7382.049,-3808.3877,199798.97,0.0028407383,0.10500848,0.10500848,1e-05,0.0003,-2480.702,0.007652247047424316,5733.521787643433,1245000,1.0,245000.0,101.84336114966618,13369.792375472685,200.0,3.4905383586883545,104.40475881081967
-7267.278,0.0034982995,0.0380049,7267.2812,-7267.2812,0.9570372,0.16002855,110000.0,1100.0,20,11000.0,4526.7363,10942.508,7209.748,-457.96356,9502.145,-6425.1846,254877.94,0.0021705069,0.15315327,0.15315327,1e-05,0.0003,-1055.8555,0.009035393142700195,5778.698760032654,1250000,1.0,250000.0,101.80390988886577,15653.737124575213,200.0,1.3937711715698242,121.88081858197258
-7284.9688,0.0030510959,0.02258756,7284.9717,-7284.9717,1.1127408,0.16461822,110000.0,1100.0,20,11000.0,1921.0142,10902.308,7253.175,-616.33453,5044.41,-3284.2925,150317.4,0.0016203583,0.18317741,0.18317741,1e-05,0.0003,-3349.003,0.0073429277420043945,5815.41340303421,1255000,1.0,255000.0,101.8078075907286,15684.53179525949,200.0,1.4449865818023682,122.11645016006696
-7633.4517,0.0046714055,0.047558155,7633.4565,-7633.4565,0.43550342,0.17170483,110000.0,1100.0,20,11000.0,3391.321,10927.46,7570.267,993.93933,3681.5688,-2668.6716,190560.69,0.0031808536,0.074778035,0.074778035,1e-05,0.0003,-3419.5725,0.007313080739974976,5851.978810787201,1260000,0.0,260000.0,24.482985831407237,3878.262047251423,200.0,1.353694200515747,31.778417301952018
-7433.242,0.0031719173,0.030380558,7433.245,-7433.245,1.155718,0.16862993,110000.0,1100.0,20,11000.0,5751.981,10897.559,7383.135,901.95544,6751.401,-5896.4756,269023.2,0.0021116235,0.19488864,0.19488864,1e-05,0.0003,462.51367,0.007323731565475464,5888.597472906113,1265000,0.0,265000.0,26.760084400836693,14966.957824507987,200.0,1.4571194648742676,116.6257894915002
-7520.73,0.0043484373,0.05127454,7520.7344,-7520.7344,1.4625506,0.16217777,110000.0,1100.0,20,11000.0,7011.7427,10809.694,7463.356,-179.75533,48524.184,-39117.707,630656.06,0.0021110994,0.2371932,0.2371932,1e-05,0.0003,2100.138,0.007445464277267456,5925.824798345566,1270000,0.0,270000.0,0.7577799414800306,126.93476078858843,200.0,1.4236640930175781,3.0743867402922476
-7430.101,0.0027796912,0.015461636,7430.104,-7430.104,0.6805189,0.1764761,110000.0,1100.0,20,11000.0,2805.1074,11102.443,7398.274,117.39627,5737.739,-4284.0166,171420.75,0.0012989664,0.12009533,0.12009533,1e-05,0.0003,-3303.945,0.007469273853302002,5963.171171426773,1275000,0.0,275000.0,1.5808427148045807,2038.5051284331087,200.0,1.4297327995300293,17.701149500138985
-7666.3486,0.0044867797,0.044648368,7666.353,-7666.353,1.0789192,0.17170358,110000.0,1100.0,20,11000.0,6358.162,10850.384,7609.713,318.8961,11218.602,-13104.558,386328.53,0.0016363219,0.18525428,0.18525428,1e-05,0.0003,729.6105,0.007430702495574951,6000.324688196182,1280000,1.0,280000.0,101.84414086859861,15683.893786779561,200.0,1.762418270111084,122.11156831065526
-7229.456,0.0027703797,0.026968464,7229.459,-7229.459,1.6713477,0.17164646,110000.0,1100.0,20,11000.0,2149.963,11013.712,7193.3105,292.54245,6115.543,-5103.4336,159162.5,0.0016772317,0.2868809,0.2868809,1e-05,0.0003,-1923.8032,0.007384325885772705,6037.24632191658,1285000,1.0,285000.0,101.78284625273317,15692.980214827161,200.0,1.466034173965454,122.1810949310906
-7386.2515,0.003211584,0.02515991,7386.255,-7386.255,0.9232334,0.16796009,110000.0,1100.0,20,11000.0,2873.566,11031.217,7346.4014,401.47104,2743.4365,-2824.0625,154579.48,0.0023732614,0.15506636,0.15506636,1e-05,0.0003,-2806.9556,0.007455986547470093,6074.526258468628,1290000,0.0,290000.0,26.7194450019179,15257.228950479845,200.0,1.437744140625,118.84685703234916
-7527.211,0.0028736289,0.01605075,7527.214,-7527.214,0.6056224,0.16805142,110000.0,1100.0,20,11000.0,4140.1035,11154.286,7496.58,1286.1034,3627.894,-2187.0903,165580.66,0.0021493633,0.101775706,0.101775706,1e-05,0.0003,-2267.5747,0.007474763536453247,6111.90008020401,1295000,1.0,295000.0,101.72657396100783,15860.502455522119,200.0,1.4399805068969727,123.46292484073835
-7359.7925,0.0034678741,0.03218066,7359.796,-7359.796,0.6566668,0.15989958,110000.0,1100.0,20,11000.0,4925.0225,11112.434,7304.577,177.61075,8608.983,-14592.052,262058.1,0.0014572027,0.10500075,0.10500075,1e-05,0.0003,-1279.7617,0.0073901846408843995,6148.851007699966,1300000,1.0,300000.0,101.80706944128696,13194.474148808471,200.0,1.569749355316162,103.0632763562374
-7314.418,0.004514618,0.04545728,7314.4224,-7314.4224,1.0631772,0.15861176,110000.0,1100.0,20,11000.0,7749.16,10814.052,7258.396,-295.1751,7709.91,-8182.599,300600.78,0.0035538794,0.16863242,0.16863242,1e-05,0.0003,2289.6987,0.012164249324798584,6209.672258377075,1305000,1.0,305000.0,101.80661950305677,2438.5135323019763,200.0,1.4636790752410889,20.761893757513306
-7539.544,0.0028971327,0.023125086,7539.547,-7539.547,0.88212436,0.16144438,110000.0,1100.0,20,11000.0,3235.386,10996.381,7505.079,-433.00317,4027.7676,-3770.288,180984.95,0.003136113,0.14241402,0.14241402,1e-05,0.0003,-2737.604,0.00742245078086853,6246.7845187187195,1310000,1.0,310000.0,101.83811533740575,15760.705028109316,200.0,1.4493014812469482,122.6993048770073
-7510.4717,0.004503692,0.035658088,7510.476,-7510.476,1.1144073,0.1557097,110000.0,1100.0,20,11000.0,4110.585,11064.207,7464.783,1227.2983,4020.9324,-4135.4575,198536.75,0.004145398,0.17352402,0.17352402,1e-05,0.0003,-1491.1224,0.007355483198165894,6283.561939001083,1315000,1.0,315000.0,101.79001026775653,12748.552117409476,200.0,1.7284572124481201,99.6512148004292
-7407.2715,0.0029726257,0.021965481,7407.2744,-7407.2744,0.9691473,0.15725859,110000.0,1100.0,20,11000.0,7288.377,11145.141,7374.6714,-327.46307,9543.881,-9012.086,398963.94,0.0021159828,0.15240674,0.15240674,1e-05,0.0003,1557.5796,0.007220696449279785,6319.665424823761,1320000,1.0,320000.0,101.83184694698318,15782.395719665059,200.0,1.4040625095367432,122.86527553906237
-7349.3936,0.0039490354,0.031092646,7349.3975,-7349.3975,0.9223335,0.15788363,110000.0,1100.0,20,11000.0,2645.149,10866.084,7309.9844,-159.15013,2788.7102,-3980.8835,163667.1,0.0018987107,0.14562136,0.14562136,1e-05,0.0003,-3102.4097,0.007473359298706054,6357.032225608826,1325000,1.0,325000.0,101.83999083980925,16408.547941816956,200.0,1.4296519756317139,127.65640442449913
-7557.5913,0.0022463968,0.017521812,7557.5938,-7557.5938,0.6113156,0.15040933,110000.0,1100.0,20,11000.0,2955.146,10910.465,7533.962,94.060776,2616.7324,-2724.8452,165498.45,0.0024613445,0.09194757,0.09194757,1e-05,0.0003,-3591.022,0.007521220922470093,6394.638334751129,1330000,1.0,330000.0,101.83055478199441,15894.001501173027,200.0,1.4698855876922607,123.71924948445046
-7742.4966,0.0045948373,0.042567667,7742.501,-7742.501,0.9380318,0.14157027,110000.0,1100.0,20,11000.0,4797.407,11300.881,7686.5156,1138.7354,7314.3564,-6320.102,239229.73,0.0021378943,0.13279742,0.13279742,1e-05,0.0003,-1484.3177,0.007522271966934204,6432.249699115753,1335000,1.0,335000.0,101.7783112983085,16190.905634185117,200.0,1.4569497108459473,125.99107080449792
-7739.1035,0.0038739052,0.04130016,7739.1074,-7739.1074,0.9318608,0.14062034,110000.0,1100.0,20,11000.0,3224.5156,11012.683,7681.0835,-310.21674,6257.942,-10604.909,226906.78,0.0016181937,0.13103858,0.13103858,1e-05,0.0003,-3073.1636,0.007578415727615357,6470.14178276062,1340000,1.0,340000.0,101.72121904844377,15683.514904622387,200.0,1.4579150676727295,122.10866921809726
-7884.263,0.0024179022,0.020893123,7884.2656,-7884.2656,1.1586645,0.14392345,110000.0,1100.0,20,11000.0,2545.602,10858.255,7853.8184,-229.41928,3032.8718,-3342.1252,172660.8,0.0016004317,0.16675898,0.16675898,1e-05,0.0003,-3504.3123,0.007497723579406738,6507.63040471077,1345000,1.0,345000.0,101.8133881989635,16068.061210013346,200.0,1.4587650299072266,125.05110213834595
-7353.4595,0.002856866,0.024055438,7353.4624,-7353.4624,0.7909794,0.13743167,110000.0,1100.0,20,11000.0,2216.57,10940.599,7315.701,-183.40028,3065.7947,-3224.0393,131137.05,0.0013506362,0.10870562,0.10870562,1e-05,0.0003,-3941.128,0.007426923084259033,6544.765024662018,1350000,0.0,350000.0,26.777132744222016,13252.775501053658,200.0,1.4802205562591553,103.5093808064332
-7474.7886,0.0028869226,0.020063821,7474.7915,-7474.7915,1.2557945,0.12911598,110000.0,1100.0,20,11000.0,3069.0586,10838.189,7439.5107,-166.59575,4058.937,-3321.9783,174431.9,0.001522103,0.16214314,0.16214314,1e-05,0.0003,-2622.1553,0.007473138618469238,6582.130721569061,1355000,1.0,355000.0,101.80503194460002,12818.797157879,200.0,1.459841012954712,100.18870876842246
-7664.566,0.0036206583,0.032925755,7664.5693,-7664.5693,1.502819,0.12919192,110000.0,1100.0,20,11000.0,3449.2605,11213.66,7618.331,1298.2705,11233.067,-3767.5295,204122.28,0.0035293535,0.19415206,0.19415206,1e-05,0.0003,-2079.633,0.007512530040740967,6619.693375587463,1360000,1.0,360000.0,101.76246205856106,13729.725146498547,200.0,1.480088233947754,107.15885635302878
-7582.6396,0.0047762003,0.042601913,7582.6445,-7582.6445,0.899571,0.12790306,110000.0,1100.0,20,11000.0,2651.1597,10745.607,7530.362,-187.71597,5992.684,-4368.6484,163752.1,0.0028277242,0.115057886,0.115057886,1e-05,0.0003,-3665.8433,0.0074790274143219,6657.0885174274445,1365000,1.0,365000.0,101.79656151943915,15889.162009730208,200.0,1.787522554397583,123.68221914834012
-7551.0435,0.0033433745,0.024832979,7551.047,-7551.047,0.8613529,0.12881209,110000.0,1100.0,20,11000.0,2931.9702,11411.4795,7516.7734,506.22983,7711.948,-8315.943,208513.0,0.0017172503,0.11095267,0.11095267,1e-05,0.0003,-3398.5938,0.007511379384994507,6694.64541888237,1370000,1.0,370000.0,101.79294751031745,16670.238496725946,200.0,1.4257144927978516,129.6587820130694
-7607.528,0.003020773,0.03274724,7607.531,-7607.531,1.0098399,0.13237008,110000.0,1100.0,20,11000.0,4073.5933,11427.604,7562.15,-194.52873,14162.479,-9005.669,268442.72,0.0013629105,0.1336726,0.1336726,1e-05,0.0003,-2063.5361,0.007327653217315674,6731.283689022064,1375000,1.0,375000.0,101.85281705107224,15988.906647364778,200.0,1.4127817153930664,124.44543518053123
-7652.521,0.004589585,0.0429549,7652.5254,-7652.5254,0.9434104,0.14071329,110000.0,1100.0,20,11000.0,3440.8574,11022.413,7596.634,1577.6624,6344.775,-5019.5366,201505.25,0.0016443956,0.13275038,0.13275038,1e-05,0.0003,-2751.4094,0.007333984661102295,6767.953616142273,1380000,0.0,380000.0,26.795127264665815,11194.151408602242,200.0,1.4427030086517334,87.7574070775795
-7910.624,0.0037457854,0.037836134,7910.628,-7910.628,0.60857695,0.1392579,110000.0,1100.0,20,11000.0,3875.0444,11312.06,7854.8486,-174.30112,4079.8242,-4193.081,209767.39,0.001146183,0.08474915,0.08474915,1e-05,0.0003,-3103.3389,0.007424635171890259,6805.076796293259,1385000,1.0,385000.0,101.79601951439228,16401.644120466215,200.0,1.4643375873565674,127.60357845547236
-7651.3936,0.0029237857,0.023956144,7651.3965,-7651.3965,1.1077441,0.14559717,110000.0,1100.0,20,11000.0,7705.462,10924.668,7619.93,-162.93716,5962.672,-3884.8818,233314.97,0.0012778597,0.16128442,0.16128442,1e-05,0.0003,1828.1969,0.007542589378356933,6842.789747476578,1390000,1.0,390000.0,101.80795733195848,7839.387285893764,200.0,1.4679975509643555,62.087758829910435
-7897.521,0.0034942138,0.036854997,7897.5244,-7897.5244,0.8704797,0.14915733,110000.0,1100.0,20,11000.0,3250.0103,11362.04,7847.562,225.42137,3055.9224,-2895.9243,165650.56,0.0013716742,0.12983844,0.12983844,1e-05,0.0003,-3219.288,0.007514352178573608,6880.3615119457245,1395000,1.0,395000.0,101.85399889859733,17091.54369483572,200.0,1.4671821594238281,132.8824829484607
-7524.091,0.0029055777,0.03055691,7524.0938,-7524.0938,0.74172544,0.14623518,110000.0,1100.0,20,11000.0,4092.3691,11288.895,7490.0703,-270.77753,4270.2266,-4081.527,164790.12,0.0054495875,0.10846636,0.10846636,1e-05,0.0003,-2238.5918,0.0075245808601379395,6917.984421014786,1400000,1.0,400000.0,101.85362719063204,16686.332507493473,200.0,1.7794482707977295,129.78192855338804
-7716.062,0.0034269681,0.033033,7716.0654,-7716.0654,1.2626297,0.13969964,110000.0,1100.0,20,11000.0,2984.1836,11323.341,7668.3994,-165.76561,3531.3665,-4046.7097,171202.78,0.0021986468,0.17638892,0.17638892,1e-05,0.0003,-2791.6003,0.012145027351379395,6978.709562301636,1405000,1.0,405000.0,101.73163510446497,16392.98697791836,200.0,1.439870834350586,127.53733659884551
-7744.0234,0.0046598585,0.042324103,7744.0283,-7744.0283,1.3679692,0.1486889,110000.0,1100.0,20,11000.0,3515.6123,11086.565,7687.4775,-281.21136,4747.602,-5633.575,199710.34,0.0030577735,0.20340182,0.20340182,1e-05,0.0003,-1990.9912,0.007523205804824829,7016.325595378876,1410000,1.0,410000.0,101.73903182465163,16705.460175792898,200.0,1.4763121604919434,129.92828773069078
-7380.1606,0.002551297,0.018410426,7380.163,-7380.163,0.5462301,0.15175806,110000.0,1100.0,20,11000.0,2716.3777,10703.95,7349.4707,-88.86203,6122.446,-3640.9565,175050.56,0.0026707682,0.08289482,0.08289482,1e-05,0.0003,-3751.9402,0.007489469432830811,7053.772946357727,1415000,1.0,415000.0,101.84493718640508,16204.875405608525,200.0,1.4567227363586426,126.09796330287418
-7799.0957,0.0067758244,0.061787635,7799.1025,-7799.1025,1.2259798,0.14651923,110000.0,1100.0,20,11000.0,3476.423,11319.891,7728.9404,1.3858385,2968.6255,-2464.9016,163280.94,0.0016472581,0.17962961,0.17962961,1e-05,0.0003,-2346.747,0.007361066627502442,7090.578284025192,1420000,1.0,420000.0,101.82576084396757,16336.06206336343,200.0,1.477262020111084,127.10176423676425
-7718.764,0.0035347326,0.03043759,7718.7676,-7718.7676,0.49380773,0.14467335,110000.0,1100.0,20,11000.0,2201.6084,10707.436,7669.9297,-274.63477,3023.3525,-2176.602,142038.69,0.0033723938,0.071440816,0.071440816,1e-05,0.0003,-4731.3066,0.007533186292648315,7128.244219779968,1425000,1.0,425000.0,101.82860472186496,16307.434596313968,200.0,1.4826126098632812,126.88271545047039
-7761.3945,0.0062882667,0.046936184,7761.401,-7761.401,1.4829484,0.14199115,110000.0,1100.0,20,11000.0,7650.1943,11295.253,7701.411,-252.56392,19623.04,-30131.605,426098.28,0.002966386,0.21056554,0.21056554,1e-05,0.0003,2205.0208,0.007363907480239868,7165.063761472702,1430000,1.0,430000.0,99.44781807778679,16488.41142882863,200.0,1.3470017910003662,128.26749585878062
-7795.048,0.0022298829,0.018975364,7795.0503,-7795.0503,0.5827345,0.14547668,110000.0,1100.0,20,11000.0,4884.3867,11002.805,7762.36,385.5558,10354.249,-10573.501,259854.2,0.0017180922,0.084774286,0.084774286,1e-05,0.0003,-1978.144,0.007229006433486939,7201.20879817009,1435000,1.0,435000.0,101.79246339162825,15828.839365850425,200.0,1.437804937362671,123.22064838117892
-7821.5312,0.002257881,0.020652786,7821.5337,-7821.5337,0.80083334,0.14709674,110000.0,1100.0,20,11000.0,2909.6655,11243.282,7790.2383,1624.4197,3732.269,-4974.576,167734.47,0.0015748929,0.11779997,0.11779997,1e-05,0.0003,-3616.066,0.007362559986114502,7238.021601676941,1440000,1.0,440000.0,101.81666704878356,16607.266978882846,200.0,1.4748115539550781,129.1769428573111
-7782.6562,0.0026884256,0.023394926,7782.659,-7782.659,1.0743495,0.14886901,110000.0,1100.0,20,11000.0,13409.484,11176.745,7748.364,-230.40929,32787.78,-27083.752,935874.75,0.0029405167,0.15993735,0.15993735,1e-05,0.0003,7386.139,0.007585426139831543,7275.948736906052,1445000,1.0,445000.0,101.8192649533011,16406.453395354474,200.0,1.4641568660736084,127.6403775835757
-7521.115,0.003883007,0.042715285,7521.119,-7521.119,0.92845,0.14605655,110000.0,1100.0,20,11000.0,1619.043,11176.3545,7466.033,-240.50269,3014.6821,-2282.2427,112951.42,0.0010374914,0.1356062,0.1356062,1e-05,0.0003,-4410.4043,0.007514180183410645,7313.519642114639,1450000,0.0,450000.0,26.82281177612626,15551.192143082084,200.0,1.4772734642028809,121.09617515900453
-7870.689,0.0026623525,0.02841957,7870.6914,-7870.6914,0.8737979,0.14260197,110000.0,1100.0,20,11000.0,3446.359,11023.105,7831.915,620.2421,6611.887,-6575.1123,219239.25,0.0014617832,0.1246053,0.1246053,1e-05,0.0003,-3053.6719,0.007474819850921631,7350.893745660782,1455000,1.0,455000.0,101.82736399603752,15106.334617375338,200.0,1.4858906269073486,117.69225888127795
-7922.3486,0.0039390195,0.04284848,7922.3525,-7922.3525,1.6245166,0.14098108,110000.0,1100.0,20,11000.0,3293.848,10947.346,7871.42,401.14542,6095.879,-4073.4949,194007.78,0.0020463634,0.2290261,0.2290261,1e-05,0.0003,-2109.2139,0.007571884822845459,7388.753173351288,1460000,1.0,460000.0,101.79581406157877,16508.951976869914,200.0,1.4725089073181152,128.42466596783984
-7906.8955,0.0037089805,0.034417346,7906.8994,-7906.8994,0.67330676,0.14519538,110000.0,1100.0,20,11000.0,2868.1948,11047.34,7861.4746,1451.3134,6060.5117,-2917.5527,134573.62,0.0014371006,0.097761035,0.097761035,1e-05,0.0003,-3963.3293,0.007481391906738281,7426.160137414932,1465000,1.0,465000.0,101.74007375189089,7152.259447359781,200.0,1.4564306735992432,56.83006282769251
-7942.261,0.003044713,0.035628546,7942.264,-7942.264,1.0266398,0.14856315,110000.0,1100.0,20,11000.0,4049.716,11002.309,7896.148,1505.4127,3937.7112,-4193.489,191818.06,0.002916054,0.15252084,0.15252084,1e-05,0.0003,-2214.816,0.007577560234069824,7464.04794216156,1470000,1.0,470000.0,101.85768200944251,14789.101685717542,200.0,1.4583735466003418,115.26488769499674
-7810.1343,0.0025859,0.022164114,7810.1367,-7810.1367,0.6479346,0.14875112,110000.0,1100.0,20,11000.0,1852.9581,10740.241,7777.9893,409.90375,2809.0073,-1990.6973,119772.81,0.0023976942,0.096381,0.096381,1e-05,0.0003,-4896.9854,0.007583757019042969,7501.966731071472,1475000,0.0,475000.0,26.714712865278774,13933.369276235948,200.0,1.465796709060669,108.71708011686268
-7759.491,0.005033507,0.044130173,7759.496,-7759.496,0.7137759,0.14704947,110000.0,1100.0,20,11000.0,2713.579,10724.855,7699.7495,1254.6033,6475.885,-5993.365,188072.88,0.002056573,0.10496037,0.10496037,1e-05,0.0003,-3891.3481,0.007557050943374634,7539.751989603043,1480000,0.0,480000.0,26.772303488825717,11863.73045706912,200.0,1.7957053184509277,92.88082500488136
-7529.5527,0.0026417128,0.019538242,7529.555,-7529.555,1.5998157,0.15541132,110000.0,1100.0,20,11000.0,4810.451,10709.235,7499.532,827.7919,7928.7285,-3853.0012,222192.4,0.0018670678,0.24862947,0.24862947,1e-05,0.0003,15.82251,0.00746677508354187,7577.085869550705,1485000,1.0,485000.0,101.82705747209815,17017.95159106322,200.0,1.4628024101257324,132.31937825658125
-8037.3115,0.00596731,0.046204504,8037.3174,-8037.3174,1.4714216,0.15227933,110000.0,1100.0,20,11000.0,7890.302,11056.429,7987.576,1153.6271,28934.94,-33437.39,569297.9,0.0035553726,0.2240671,0.2240671,1e-05,0.0003,2317.7285,0.007504738664627075,7614.609567165375,1490000,1.0,490000.0,101.81707473764021,9215.952506612182,200.0,1.4445765018463135,72.62082276922793
-7832.6753,0.006229317,0.046136823,7832.6816,-7832.6816,0.6859457,0.15520552,110000.0,1100.0,20,11000.0,4096.54,11168.9,7765.972,-214.73685,9985.823,-12281.312,299838.8,0.0017855057,0.10646255,0.10646255,1e-05,0.0003,-2565.047,0.0073600659847259525,7651.409901380539,1495000,1.0,495000.0,101.83810798090929,16894.690421644988,200.0,1.446871280670166,131.37622078087537
-7842.361,0.0034876657,0.03811114,7842.3643,-7842.3643,1.2743914,0.15902911,110000.0,1100.0,20,11000.0,2611.1445,10910.091,7795.413,950.10284,5372.6797,-4755.3916,169762.12,0.0014565901,0.20266533,0.20266533,1e-05,0.0003,-3001.8977,0.007326034307479859,7688.040076971054,1500000,1.0,500000.0,101.84064680893432,17023.283294168745,200.0,1.4529139995574951,132.36017484861387
-7885.1826,0.0027253947,0.023142634,7885.1855,-7885.1855,1.0062916,0.1598528,110000.0,1100.0,20,11000.0,9614.512,11123.504,7848.841,-332.62845,28732.967,-20245.895,675798.7,0.0017299141,0.16085853,0.16085853,1e-05,0.0003,3498.773,0.012214587116241455,7749.113016843796,1505000,1.0,505000.0,101.83045879564175,16916.409755557062,200.0,1.475104808807373,131.54241060564507
-7923.846,0.0024453872,0.030213896,7923.8486,-7923.8486,0.9523571,0.16090773,110000.0,1100.0,20,11000.0,1827.5634,10906.53,7883.1045,910.1291,2950.829,-2677.162,120742.97,0.0018482623,0.15324162,0.15324162,1e-05,0.0003,-4410.625,0.007612532186508179,7787.175682067871,1510000,1.0,510000.0,101.70551904909924,17085.736341136006,200.0,1.4572739601135254,132.83804682083183
-8063.0273,0.003981124,0.043239314,8063.0312,-8063.0312,0.86583704,0.15809329,110000.0,1100.0,20,11000.0,3478.3525,10674.256,8003.1943,1701.5645,6754.118,-5477.19,239761.56,0.003497653,0.13688304,0.13688304,1e-05,0.0003,-3078.9614,0.007507260227203369,7824.711987495422,1515000,1.0,515000.0,101.8100257855036,15864.57606473894,200.0,1.4394316673278809,123.49409487590906
-7920.597,0.0023537786,0.020904766,7920.5996,-7920.5996,1.0290861,0.16396552,110000.0,1100.0,20,11000.0,2162.9,10967.784,7894.151,27.145351,3736.896,-4555.7754,142401.38,0.0017064508,0.16873464,0.16873464,1e-05,0.0003,-3901.6162,0.007605406188964844,7862.739022493362,1520000,1.0,520000.0,101.85553570812941,17023.94013631548,200.0,1.4826784133911133,132.36520080759166
-7887.293,0.0030554407,0.037124626,7887.296,-7887.296,1.3474258,0.15711537,110000.0,1100.0,20,11000.0,2056.3813,10879.528,7830.0166,1443.1256,5195.8716,-6247.186,151577.56,0.0029975234,0.21170132,0.21170132,1e-05,0.0003,-3502.197,0.007512208366394043,7900.300068616867,1525000,1.0,525000.0,101.80252634706156,17079.560387825954,200.0,1.4247314929962158,132.79079027960736
-7700.75,0.0029153372,0.022098646,7700.753,-7700.753,1.2027507,0.15519953,110000.0,1100.0,20,11000.0,8618.748,10758.832,7671.621,898.37335,30648.078,-25987.926,571133.4,0.0020582352,0.18666632,0.18666632,1e-05,0.0003,2971.3276,0.007533179950714112,7937.965972661972,1530000,1.0,530000.0,101.80982512206862,16989.443074571147,200.0,1.4916787147521973,132.10123964425352
-7959.3423,0.0022332272,0.021076342,7959.3447,-7959.3447,0.6198615,0.15868814,110000.0,1100.0,20,11000.0,2496.9438,10899.141,7929.756,460.88434,3322.4668,-6664.3306,159025.14,0.0019277965,0.098364666,0.098364666,1e-05,0.0003,-4380.387,0.007529937887191773,7975.615666627884,1535000,1.0,535000.0,99.59024066494982,15886.817841158134,200.0,1.3790152072906494,123.66428227394974
-8181.1333,0.0024149425,0.027338166,8181.1357,-8181.1357,0.743699,0.15664223,110000.0,1100.0,20,11000.0,3213.852,10839.529,8144.165,988.74506,6781.5557,-7622.317,223863.25,0.0011154934,0.11649467,0.11649467,1e-05,0.0003,-3685.8398,0.0075663503646850585,8013.447422742844,1540000,0.0,540000.0,26.787444027752016,16395.461604754288,200.0,1.4665398597717285,127.55627170071826
-8033.997,0.0030565497,0.035853855,8034.0,-8034.0,0.47165683,0.15300082,110000.0,1100.0,20,11000.0,4663.6157,10885.533,7988.46,-280.19534,9177.425,-5886.8945,263501.94,0.001483495,0.07216388,0.07216388,1e-05,0.0003,-2576.5786,0.007462990236282349,8050.762378692627,1545000,1.0,545000.0,101.81805463544336,16841.36245028954,200.0,1.798032522201538,130.96817114865533
-7747.009,0.0038430574,0.039470877,7747.0127,-7747.0127,1.353736,0.14938374,110000.0,1100.0,20,11000.0,2839.9226,11139.265,7705.3086,560.4284,9466.246,-8076.3403,202037.53,0.0031288308,0.20222615,0.20222615,1e-05,0.0003,-2682.5984,0.007269963884353638,8087.112201929092,1550000,1.0,550000.0,101.81083006895771,17214.916619739717,200.0,1.4534952640533447,133.82649554360398
-7877.637,0.0036041182,0.02840254,7877.6406,-7877.6406,0.80754596,0.15823303,110000.0,1100.0,20,11000.0,4102.7275,10852.073,7826.8477,550.021,11265.308,-6951.538,247887.72,0.0019945994,0.12778045,0.12778045,1e-05,0.0003,-2369.3247,0.00746984338760376,8124.461422920227,1555000,1.0,555000.0,101.85029367513695,16816.99976426315,200.0,1.4803698062896729,130.78175518681988
-8050.0327,0.0022896836,0.022999577,8050.035,-8050.035,0.43213487,0.1525597,110000.0,1100.0,20,11000.0,2437.7368,11402.8,8014.3022,1973.2927,4099.3257,-3086.8564,146851.84,0.0010842126,0.065926366,0.065926366,1e-05,0.0003,-4887.106,0.00766055040359497,8162.764178991318,1560000,1.0,560000.0,101.68655549481973,16809.87158683628,200.0,1.782285451889038,130.7272125124315
-7801.426,0.0037602433,0.03935475,7801.4297,-7801.4297,0.46981758,0.15408003,110000.0,1100.0,20,11000.0,3257.1714,11181.451,7757.657,521.1847,7868.893,-10862.357,200941.38,0.0024786675,0.072389506,0.072389506,1e-05,0.0003,-3747.9697,0.00750047869682312,8200.26657652855,1565000,1.0,565000.0,101.68261327210257,16513.47040570432,200.0,1.5245025157928467,128.45923962922672
-7893.251,0.002531055,0.030959634,7893.2534,-7893.2534,0.9866582,0.14974265,110000.0,1100.0,20,11000.0,3442.3303,10844.3955,7850.4805,1090.3188,20799.121,-67645.055,476728.5,0.0016266935,0.1477448,0.1477448,1e-05,0.0003,-2825.728,0.007575660371780395,8238.14488363266,1570000,1.0,570000.0,101.79209003737964,16737.908609636583,200.0,1.460226058959961,130.17657340815973
-8012.395,0.0044143745,0.045321163,8012.3994,-8012.3994,0.75412065,0.14528935,110000.0,1100.0,20,11000.0,1962.6594,11130.289,7964.8584,932.70013,6123.8223,-6440.026,136781.66,0.003115867,0.1095657,0.1095657,1e-05,0.0003,-4844.5127,0.007545661878585816,8275.873197317123,1575000,1.0,575000.0,101.83315816112562,16795.383905848947,200.0,1.452486276626587,130.6163571255052
-7971.0674,0.0037050834,0.035823826,7971.0713,-7971.0713,1.108649,0.14272738,110000.0,1100.0,20,11000.0,2661.4287,10932.258,7925.476,1337.5985,8346.458,-7320.0225,247999.61,0.0019102608,0.15823457,0.15823457,1e-05,0.0003,-3569.0586,0.007474139404296875,8313.243898391724,1580000,1.0,580000.0,101.77451826272917,16708.462781611364,200.0,1.4314234256744385,129.9512627692828
-7932.3667,0.0025152634,0.024270356,7932.369,-7932.369,0.9080557,0.15032935,110000.0,1100.0,20,11000.0,2933.8113,11195.218,7899.629,486.85263,5157.3037,-5039.7603,172916.48,0.0017681137,0.13650742,0.13650742,1e-05,0.0003,-3496.974,0.007473192501068115,8350.60986495018,1585000,1.0,585000.0,101.78203857299945,15930.645018283862,200.0,1.482828140258789,123.99963468006688
-8096.251,0.0030678827,0.0354095,8096.254,-8096.254,0.5650955,0.15201356,110000.0,1100.0,20,11000.0,2688.85,11163.212,8044.3096,570.5394,4198.9478,-4618.26,145151.27,0.0018556013,0.08590218,0.08590218,1e-05,0.0003,-4462.477,0.007568188714981079,8388.450813055038,1590000,0.0,590000.0,26.81018861169811,15937.316722456975,200.0,1.4873936176300049,124.05068455811256
-8259.074,0.0024031447,0.0194656,8259.076,-8259.076,0.86454725,0.13983373,110000.0,1100.0,20,11000.0,2752.72,11275.619,8228.74,1523.7765,12246.776,-15698.369,220529.97,0.0017178471,0.12089287,0.12089287,1e-05,0.0003,-4176.533,0.007509461164474487,8425.998123407364,1595000,1.0,595000.0,101.82223954080024,17195.29936290745,200.0,1.4548649787902832,133.67639018178147
-8269.689,0.00275662,0.02828074,8269.692,-8269.692,0.9473069,0.13780747,110000.0,1100.0,20,11000.0,2508.4456,11166.971,8229.776,-269.20135,4677.915,-6299.542,162835.19,0.0015032145,0.13054596,0.13054596,1e-05,0.0003,-4325.239,0.007453220748901367,8463.264231920242,1600000,1.0,600000.0,99.71086125986952,16745.172818436306,200.0,1.3765227794647217,130.23215695378795
-8054.523,0.002378013,0.01864085,8054.5254,-8054.5254,1.1444656,0.14229794,110000.0,1100.0,20,11000.0,2766.1763,11062.857,8032.534,1119.6992,10353.091,-9381.675,188993.8,0.0018322273,0.16285509,0.16285509,1e-05,0.0003,-3496.9407,0.012288625001907348,8524.707360982895,1605000,0.0,605000.0,26.791306289796736,10694.304982757321,200.0,1.4174506664276123,83.93273223905922
-8201.433,0.0022447256,0.023050323,8201.435,-8201.435,1.0236782,0.15074995,110000.0,1100.0,20,11000.0,2977.5212,11080.697,8171.726,1351.312,7631.9995,-7420.852,181635.34,0.0013754566,0.15431944,0.15431944,1e-05,0.0003,-3526.3975,0.007514140796661377,8562.278069257736,1610000,1.0,610000.0,101.83778047823556,17127.12885551384,200.0,1.7756805419921875,133.154769918284
-8099.025,0.002967401,0.030946093,8099.028,-8099.028,0.6448205,0.1538434,110000.0,1100.0,20,11000.0,2566.0962,11220.928,8056.7656,403.64642,9385.816,-17275.611,237237.22,0.002746554,0.09920138,0.09920138,1e-05,0.0003,-4441.7134,0.007408822774887085,8599.322187662125,1615000,0.0,615000.0,26.730280540166277,8446.767158818371,200.0,1.4662868976593018,66.73524733294742
-8296.838,0.004543363,0.035122313,8296.843,-8296.843,0.9631621,0.15896602,110000.0,1100.0,20,11000.0,5173.0684,11279.023,8253.496,-214.10692,12753.942,-13185.97,283235.44,0.0021454392,0.15311006,0.15311006,1e-05,0.0003,-1439.559,0.007663181495666504,8637.638099908829,1620000,1.0,620000.0,101.82844979081875,15751.188976361684,200.0,1.468907117843628,122.62649090495637
-8360.899,0.0034154267,0.03348225,8360.902,-8360.902,0.95914674,0.14696676,110000.0,1100.0,20,11000.0,2224.7012,11444.099,8320.333,876.6192,3190.4834,-1979.5088,120582.53,0.0019496795,0.14096269,0.14096269,1e-05,0.0003,-4585.6084,0.007580096673965454,8675.538587093353,1625000,0.0,625000.0,26.7751079773698,13239.36494051741,200.0,1.8154804706573486,103.40676722193723
-8233.749,0.0029201554,0.031910185,8233.752,-8233.752,1.4073571,0.1466766,110000.0,1100.0,20,11000.0,2852.644,11341.125,8196.997,1403.4447,6819.1655,-7273.671,218326.84,0.0016394323,0.20642635,0.20642635,1e-05,0.0003,-3110.415,0.007503058767318726,8713.053885221481,1630000,1.0,630000.0,101.83023375498794,17192.67980136109,200.0,1.445420742034912,133.65634608300175
-8308.128,0.0055440953,0.04458666,8308.134,-8308.134,1.4603271,0.14545742,110000.0,1100.0,20,11000.0,3309.4512,11397.926,8256.041,447.15927,14113.026,-19902.162,240942.56,0.0019389668,0.2124154,0.2124154,1e-05,0.0003,-2662.1074,0.007563470220565796,8750.871240615845,1635000,0.0,635000.0,26.798107957954567,15768.136928751084,200.0,1.5316040515899658,122.7561715502838
-8071.0796,0.0027115815,0.017316762,8071.0825,-8071.0825,0.8110058,0.14938422,110000.0,1100.0,20,11000.0,5117.928,11302.34,8043.5117,1605.7201,5859.343,-14413.109,250556.81,0.0015813363,0.12115146,0.12115146,1e-05,0.0003,-1620.4852,0.007594783782958984,8788.8451628685,1640000,1.0,640000.0,101.83823350659672,17096.884878144218,200.0,1.4817790985107422,132.9233520801613
-8680.6,0.0040559126,0.038062777,8680.604,-8680.604,0.60796237,0.14606422,110000.0,1100.0,20,11000.0,2003.7932,11552.744,8635.211,1066.6241,14851.31,-14658.461,194992.25,0.0021106948,0.08880155,0.08880155,1e-05,0.0003,-5699.9897,0.00747779278755188,8826.234131097794,1645000,1.0,645000.0,101.80573581676853,17299.645390969865,200.0,1.4646461009979248,134.4748146725743
-8425.483,0.0032296036,0.03117267,8425.486,-8425.486,1.022425,0.14542684,110000.0,1100.0,20,11000.0,2447.2622,11642.931,8387.377,1169.3607,13068.229,-13280.284,195599.75,0.002077601,0.14868805,0.14868805,1e-05,0.0003,-4342.653,0.00757085542678833,8864.08841586113,1650000,1.0,650000.0,101.78314817196878,17016.79470819338,200.0,1.4798047542572021,132.31052613606062
-8347.144,0.0025717942,0.017933086,8347.146,-8347.146,1.3346332,0.14713274,110000.0,1100.0,20,11000.0,3171.2805,11634.091,8318.84,772.1979,7820.0557,-16556.096,216443.84,0.001507659,0.19636825,0.19636825,1e-05,0.0003,-3015.8125,0.007417792749404907,8901.177384376526,1655000,1.0,655000.0,101.85356943291445,9527.939751949623,200.0,1.4049551486968994,75.00805553810159
-8215.18,0.0029367104,0.02910326,8215.183,-8215.183,0.92423403,0.14218947,110000.0,1100.0,20,11000.0,4109.886,11749.4795,8172.676,-229.62314,6784.5063,-6563.7754,210085.22,0.0018175044,0.13141635,0.13141635,1e-05,0.0003,-2659.7136,0.00725597996711731,8937.457287788391,1660000,1.0,660000.0,101.76942136550976,8094.021896350363,200.0,1.4259188175201416,64.03614644913476
-8198.083,0.004028172,0.040891416,8198.087,-8198.087,1.1482732,0.14660603,110000.0,1100.0,20,11000.0,3973.9543,11297.182,8148.55,903.12024,15247.97,-15402.1875,273894.7,0.0011954869,0.16834378,0.16834378,1e-05,0.0003,-2372.3472,0.007461831092834472,8974.766447782516,1665000,0.0,665000.0,26.759411750885242,6905.214739487868,200.0,1.4629180431365967,54.93975086519296
-8132.6675,0.0027200812,0.022101628,8132.6704,-8132.6704,0.84408283,0.14571247,110000.0,1100.0,20,11000.0,2331.2979,11190.788,8099.546,1356.3834,2418.3245,-2118.6177,134258.47,0.0021584132,0.12299339,0.12299339,1e-05,0.0003,-4448.4424,0.007481345367431641,9012.17317891121,1670000,1.0,670000.0,101.77200093070944,16395.776989881637,200.0,1.4619989395141602,127.55868493306053
-8166.2544,0.0024529593,0.025055693,8166.257,-8166.257,1.1348518,0.15050124,110000.0,1100.0,20,11000.0,2867.8076,11625.476,8130.857,1238.3214,12287.846,-4950.2354,183963.44,0.0017950215,0.1707966,0.1707966,1e-05,0.0003,-3419.684,0.007517328786849976,9049.759827375412,1675000,1.0,675000.0,101.85035520765935,16994.218657132184,200.0,1.4874544143676758,132.13778096878056
-8009.0083,0.0033800642,0.04501797,8009.0117,-8009.0117,1.1890469,0.15477112,110000.0,1100.0,20,11000.0,2528.9521,11449.819,7963.412,-115.77099,8854.563,-9483.795,170782.0,0.0016622484,0.18403012,0.18403012,1e-05,0.0003,-3455.7249,0.007522580289840698,9087.372732877731,1680000,1.0,680000.0,101.83970020873262,17496.940899693123,200.0,1.4939990043640137,135.98446069373244
-8297.627,0.0036798776,0.030478062,8297.631,-8297.631,0.9897337,0.15934949,110000.0,1100.0,20,11000.0,2612.9004,11539.088,8257.066,652.4426,6651.663,-9215.933,165085.22,0.0022906908,0.15771355,0.15771355,1e-05,0.0003,-3949.8774,0.007553684902191162,9125.141161680222,1685000,0.0,685000.0,26.66338297793515,4055.9756809926407,200.0,1.4736528396606445,33.13822869258687
-8279.252,0.004257927,0.043621387,8279.256,-8279.256,1.3413709,0.1569115,110000.0,1100.0,20,11000.0,3633.583,11480.325,8224.136,1105.9622,10045.944,-9898.685,208138.84,0.0014895055,0.21047655,0.21047655,1e-05,0.0003,-2330.427,0.0075334328651428225,9162.808330059052,1690000,1.0,690000.0,101.85417145713822,16610.244372045257,200.0,1.4566593170166016,129.19972497622572
-8196.489,0.0030755377,0.035518687,8196.492,-8196.492,0.784983,0.16045193,110000.0,1100.0,20,11000.0,2684.3958,11780.641,8155.4053,436.7331,11602.723,-11707.137,203999.1,0.0022737738,0.12595204,0.12595204,1e-05,0.0003,-4126.621,0.007561880350112915,9200.617735862732,1695000,1.0,695000.0,101.7329594880419,17292.71984819143,200.0,1.451719045639038,134.42182249770178
-7909.5117,0.0027941167,0.030402059,7909.5146,-7909.5146,1.0045104,0.17219774,110000.0,1100.0,20,11000.0,2322.641,11345.854,7878.798,399.87827,6688.127,-4750.6973,151349.86,0.00234972,0.17297442,0.17297442,1e-05,0.0003,-3684.1519,0.007543965578079224,9238.337567806244,1700000,1.0,700000.0,101.84731815951326,17196.77655958659,200.0,1.4767966270446777,133.68769324743948
-8158.6006,0.0029529529,0.029478885,8158.6035,-8158.6035,0.3499706,0.1786636,110000.0,1100.0,20,11000.0,2211.4795,11347.528,8120.9766,52.53739,9043.343,-9539.041,183452.97,0.001620846,0.06252701,0.06252701,1e-05,0.0003,-5259.324,0.01230361795425415,9299.855662107468,1705000,1.0,705000.0,101.79981911637468,17294.06362631757,200.0,1.8401873111724854,134.43210468463332
-8055.5054,0.002329156,0.036029432,8055.508,-8055.508,1.0242018,0.18107004,110000.0,1100.0,20,11000.0,5954.4907,11541.516,8007.657,1770.5457,48507.727,-37788.875,625892.75,0.0018860223,0.18545227,0.18545227,1e-05,0.0003,-61.039673,0.007575910663604736,9337.735219955444,1710000,1.0,710000.0,101.708678951608,17007.83771772277,200.0,1.4695234298706055,132.24198993311808
-7997.01,0.0041068178,0.05238802,7997.0137,-7997.0137,0.73011,0.17971143,110000.0,1100.0,20,11000.0,5556.567,11376.234,7938.2627,486.60974,7065.0483,-10116.178,242377.56,0.0012578124,0.1312091,0.1312091,1e-05,0.0003,-997.1427,0.007412428665161133,9374.797367572784,1715000,1.0,715000.0,101.75567191303115,17315.541161877572,200.0,1.4161169528961182,134.59644434098058
-8011.9966,0.001951905,0.017602403,8011.9985,-8011.9985,1.1078871,0.17359556,110000.0,1100.0,20,11000.0,2986.3237,11120.386,7988.553,648.4797,6881.912,-5106.453,163149.94,0.0028382912,0.1923243,0.1923243,1e-05,0.0003,-2910.1057,0.007344757318496704,9411.521158456802,1720000,1.0,720000.0,101.8389811253044,17498.822392563383,200.0,1.4598474502563477,135.99885731250905
-8169.189,0.00294418,0.028474078,8169.192,-8169.192,1.0686135,0.17883042,110000.0,1100.0,20,11000.0,2153.9268,11164.635,8132.18,612.84827,5617.8467,-3602.4138,146614.98,0.0038960236,0.19110061,0.19110061,1e-05,0.0003,-3913.1555,0.007482158327102661,9448.931954860687,1725000,1.0,725000.0,99.4401804511738,16639.916427723023,200.0,1.349931001663208,129.4267666412053
-8280.708,0.0047791544,0.043921188,8280.713,-8280.713,0.8894155,0.17460059,110000.0,1100.0,20,11000.0,2906.8286,11612.784,8216.785,-259.68274,9622.66,-10658.606,217082.42,0.00085177534,0.15529247,0.15529247,1e-05,0.0003,-3665.662,0.007597189331054688,9486.917905569077,1730000,1.0,730000.0,101.7843743170335,15422.69654361017,200.0,1.4643189907073975,120.1129653954655
-8085.556,0.0048213364,0.04639734,8085.561,-8085.561,0.39787522,0.16437288,110000.0,1100.0,20,11000.0,3060.7207,11323.2,8039.082,1009.97705,10836.894,-6484.8677,180037.5,0.0041674683,0.06539989,0.06539989,1e-05,0.0003,-4305.4365,0.00762960205078125,9525.065919876099,1735000,1.0,735000.0,101.74706639789174,17117.21343821516,200.0,1.444281816482544,133.0789001208925
-8206.336,0.003482218,0.029764675,8206.34,-8206.34,1.1529647,0.15834677,110000.0,1100.0,20,11000.0,3617.961,10982.786,8170.169,566.3712,20969.977,-20414.07,268361.4,0.0016444939,0.18256824,0.18256824,1e-05,0.0003,-2580.1245,0.007530086803436279,9562.716358423233,1740000,1.0,740000.0,101.79709296981358,17215.06862918693,200.0,1.4766013622283936,133.82765867427358
-8148.7334,0.0021144631,0.017110385,8148.7354,-8148.7354,1.1817728,0.15379696,110000.0,1100.0,20,11000.0,3343.6436,11525.212,8121.629,785.3449,24314.863,-25229.615,277995.62,0.0020916185,0.18175305,0.18175305,1e-05,0.0003,-2805.8062,0.0075887390613555905,9600.660058498383,1745000,1.0,745000.0,101.7969743505094,17315.887264025383,200.0,1.5184381008148193,134.59909261074475
-8251.65,0.0024470263,0.027091462,8251.653,-8251.653,1.0781658,0.15635173,110000.0,1100.0,20,11000.0,2624.9062,11303.156,8216.11,-179.7346,7264.356,-7187.8066,153348.53,0.0014577901,0.16857308,0.16857308,1e-05,0.0003,-3772.4402,0.007581790208816528,9638.569014072418,1750000,1.0,750000.0,101.69514653169132,16811.28325232857,200.0,1.4687695503234863,130.73801415311468
-8510.09,0.0023083785,0.031954736,8510.092,-8510.092,1.0557793,0.15597752,110000.0,1100.0,20,11000.0,3036.33,11461.008,8468.68,711.23865,21778.668,-20024.512,281752.5,0.001962932,0.16467783,0.16467783,1e-05,0.0003,-3662.3037,0.0073689340114593506,9675.41368842125,1755000,1.0,755000.0,101.80250901648674,17423.07411370991,200.0,1.4603798389434814,135.4192542160132
-8335.939,0.0042501534,0.044089887,8335.943,-8335.943,0.9236144,0.1611258,110000.0,1100.0,20,11000.0,7233.794,11597.154,8281.965,187.38496,23342.102,-20952.719,469830.47,0.001882669,0.1488181,0.1488181,1e-05,0.0003,534.85364,0.0075728511810302735,9713.277948617935,1760000,1.0,760000.0,101.78084733832662,17017.637068857573,200.0,1.4545073509216309,132.31697162705686
-8248.855,0.0021574455,0.013355245,8248.857,-8248.857,1.1383394,0.15032192,110000.0,1100.0,20,11000.0,4606.3335,11796.276,8229.398,-75.982346,24576.611,-26084.14,511802.5,0.0010630114,0.17111737,0.17111737,1e-05,0.0003,-1760.231,0.007507283973693848,9750.814373493195,1765000,1.0,765000.0,101.78868931721142,17011.772175143495,200.0,1.4781889915466309,132.27209522050677
-8322.114,0.0053338455,0.053009603,8322.119,-8322.119,1.3741049,0.1544507,110000.0,1100.0,20,11000.0,4065.1406,11905.297,8275.176,224.74597,9613.372,-8896.081,229587.56,0.003606752,0.21223146,0.21223146,1e-05,0.0003,-1922.4275,0.007527477836608887,9788.451766729355,1770000,0.0,770000.0,26.735824825802382,9744.770731488215,200.0,1.7558422088623047,76.66718111902601
-8456.576,0.0034615342,0.031828206,8456.58,-8456.58,0.40215603,0.15966809,110000.0,1100.0,20,11000.0,3132.3403,11646.691,8409.232,1347.1576,25860.541,-23526.346,296976.3,0.0018912826,0.06421148,0.06421148,1e-05,0.0003,-4617.9097,0.007382321262359619,9825.363377571106,1775000,1.0,775000.0,101.77664926088941,17421.116247068854,200.0,1.4851808547973633,135.40427320806347
-8299.423,0.0029839866,0.029263888,8299.426,-8299.426,1.4779762,0.15202993,110000.0,1100.0,20,11000.0,2135.7344,11510.251,8264.156,142.6539,11471.63,-12150.033,178939.56,0.001802309,0.22469662,0.22469662,1e-05,0.0003,-3692.0256,0.007387116622924805,9862.298964738846,1780000,1.0,780000.0,101.76041725669982,17022.277976795973,200.0,1.5070796012878418,132.3524824617895
-8320.979,0.003477575,0.04255547,8320.982,-8320.982,1.1166104,0.15367204,110000.0,1100.0,20,11000.0,2802.8604,11509.53,8275.247,168.3177,4234.3613,-5246.559,153173.11,0.0016869406,0.1715918,0.1715918,1e-05,0.0003,-3630.6084,0.007536376285552979,9899.980850458145,1785000,1.0,785000.0,101.81068907253174,17629.18737040093,200.0,1.8183295726776123,136.99637099827103
-8402.485,0.0032061706,0.03254969,8402.488,-8402.488,1.427659,0.15361682,110000.0,1100.0,20,11000.0,2671.683,12122.615,8366.427,-114.34444,12911.691,-9618.293,245818.11,0.0016202444,0.21931243,0.21931243,1e-05,0.0003,-3318.3655,0.007504239320755005,9937.502051115036,1790000,1.0,790000.0,101.80212992991629,17525.032527341322,200.0,1.469409704208374,136.19940939774193
-8357.078,0.0024159453,0.023694262,8357.08,-8357.08,0.54010457,0.15762857,110000.0,1100.0,20,11000.0,2881.288,11757.714,8309.757,33.607903,26980.033,-26962.598,257877.69,0.0009893337,0.08513591,0.08513591,1e-05,0.0003,-4539.295,0.007548694276809692,9975.245526313782,1795000,1.0,795000.0,101.79584339033049,17294.530866256056,200.0,1.4665281772613525,134.4356798644163
-8538.276,0.00371599,0.034366064,8538.28,-8538.28,1.599064,0.15388319,110000.0,1100.0,20,11000.0,4910.004,11783.092,8484.815,91.10682,19525.992,-21213.496,353727.34,0.001309744,0.24606907,0.24606907,1e-05,0.0003,-921.5127,0.007477160167694092,10012.63133096695,1800000,1.0,800000.0,101.80719855539165,17095.550449907285,200.0,1.4617958068847656,132.91314143577594
-8192.173,0.005071204,0.03855718,8192.178,-8192.178,0.43784142,0.16728775,110000.0,1100.0,20,11000.0,3240.5789,11924.26,8142.7617,-180.46344,4239.7847,-4347.0674,182142.6,0.0018486109,0.0732455,0.0732455,1e-05,0.0003,-4145.893,0.012230838251113891,10073.785526275635,1805000,1.0,805000.0,101.77587900851518,17294.58612277039,200.0,1.4508941173553467,134.4361026706806
-8573.667,0.0022452655,0.02314567,8573.669,-8573.669,0.7114985,0.1689469,110000.0,1100.0,20,11000.0,3145.5493,11899.318,8544.461,1526.9364,16336.624,-16421.986,222349.6,0.0018048602,0.12020547,0.12020547,1e-05,0.0003,-4105.8574,0.007607172107696533,10111.821390867233,1810000,1.0,810000.0,101.82245074073913,8570.54218341125,200.0,1.4113621711730957,67.68233667423338
-8506.594,0.002124031,0.014681301,8506.596,-8506.596,0.5729244,0.16195542,110000.0,1100.0,20,11000.0,3681.914,11795.617,8482.22,-122.26297,7063.529,-7012.26,188105.47,0.0013417829,0.092788205,0.092788205,1e-05,0.0003,-3804.0095,0.007486347341537475,10149.2531311512,1815000,1.0,815000.0,101.79681006940345,15364.526670219913,200.0,1.4422118663787842,119.6678669820087
-8388.266,0.0027324653,0.03551939,8388.269,-8388.269,1.178729,0.17175399,110000.0,1100.0,20,11000.0,2837.271,11819.675,8348.146,-171.23778,20208.389,-18884.688,233810.06,0.0012403863,0.20245141,0.20245141,1e-05,0.0003,-3324.029,0.007417261409759521,10186.339442491531,1820000,1.0,820000.0,101.76607718971887,17426.38215976498,200.0,1.46551513671875,135.44456639162814
-8675.72,0.004129433,0.043881413,8675.724,-8675.724,1.3628672,0.16943783,110000.0,1100.0,20,11000.0,2628.694,11978.526,8620.6455,955.7582,6428.3994,-6179.287,207347.66,0.0010087856,0.23092127,0.23092127,1e-05,0.0003,-3506.8914,0.007481875228881836,10223.748822927475,1825000,1.0,825000.0,101.76712524146693,17219.234068182806,200.0,1.4228088855743408,133.859531363354
-8637.891,0.0022380627,0.011764702,8637.893,-8637.893,0.5850808,0.1657434,110000.0,1100.0,20,11000.0,3464.7485,12034.886,8629.132,1413.4493,25423.11,-25395.44,281387.12,0.0011730524,0.09697328,0.09697328,1e-05,0.0003,-4106.436,0.007394196987152099,10260.719812393188,1830000,0.0,830000.0,26.282193421687392,11863.28128698347,200.0,1.4252936840057373,92.87738809018923
-8574.308,0.00642832,0.04296069,8574.314,-8574.314,0.77730024,0.15478937,110000.0,1100.0,20,11000.0,3526.3484,12158.49,8526.061,-277.95874,17003.28,-15966.159,222681.23,0.002791402,0.12031782,0.12031782,1e-05,0.0003,-3724.463,0.0073732987880706785,10297.586311101913,1835000,1.0,835000.0,101.82031768370061,17302.08018906713,200.0,1.4583213329315186,134.49344501689203
-8456.21,0.002341749,0.015171427,8456.212,-8456.212,0.8690746,0.14950441,110000.0,1100.0,20,11000.0,5195.4014,12706.37,8441.434,1213.4554,12763.465,-15023.377,322816.78,0.0021467467,0.12993048,0.12993048,1e-05,0.0003,-1831.5732,0.007479743432998657,10334.985032558441,1840000,1.0,840000.0,101.84434547892916,17219.109642246236,200.0,1.4361233711242676,133.8585792934296
-8612.343,0.002840218,0.03334487,8612.346,-8612.346,1.0530668,0.13982892,110000.0,1100.0,20,11000.0,2474.9324,12019.969,8572.568,1775.7269,6889.654,-5375.135,148320.1,0.0022791324,0.14724919,0.14724919,1e-05,0.0003,-4517.669,0.007447366666793823,10372.221869707108,1845000,1.0,845000.0,101.73261015431471,13395.55000311197,200.0,1.4334797859191895,104.60184844723234
-8707.76,0.003686921,0.038749408,8707.764,-8707.764,1.9688659,0.14427988,110000.0,1100.0,20,11000.0,2294.8567,12246.996,8670.379,316.87604,11128.357,-8958.627,195826.25,0.0025871699,0.28406775,0.28406775,1e-05,0.0003,-3288.158,0.007486653995513916,10409.655143737793,1850000,0.0,850000.0,26.79639751545679,4572.000550266465,200.0,1.8339998722076416,37.086696124811034
-8596.799,0.0021329625,0.018553441,8596.801,-8596.801,1.336027,0.15090428,110000.0,1100.0,20,11000.0,3018.953,12156.491,8577.589,1268.4717,4895.3657,-24257.422,195950.03,0.0018645478,0.2016122,0.2016122,1e-05,0.0003,-3360.1116,0.007492840242385865,10447.119349002838,1855000,1.0,855000.0,101.82549205664209,17304.174060706064,200.0,1.47987961769104,134.5094666942682
-8655.557,0.0022123824,0.014272947,8655.559,-8655.559,0.7561386,0.14435402,110000.0,1100.0,20,11000.0,5399.3135,11963.261,8636.816,1687.8986,9165.57,-9709.815,226197.03,0.0013096628,0.10915165,0.10915165,1e-05,0.0003,-2055.5752,0.007567641544342041,10484.957560539246,1860000,1.0,860000.0,101.71914495621265,9921.948928344227,200.0,1.444258213043213,78.0228955073086
-8660.476,0.0049680434,0.037487164,8660.48,-8660.48,0.86124027,0.14452554,110000.0,1100.0,20,11000.0,2922.6318,12083.443,8623.385,1992.0509,3486.6,-3223.1858,151149.9,0.0021397874,0.12447122,0.12447122,1e-05,0.0003,-4368.66,0.007454874992370605,10522.231939554214,1865000,1.0,865000.0,101.75797685548123,7331.57981809266,200.0,1.7762432098388672,58.202168487579655
-8801.609,0.0020495087,0.021123556,8801.611,-8801.611,0.7476188,0.14370005,110000.0,1100.0,20,11000.0,2925.1538,11658.623,8776.846,973.55237,7258.2886,-7897.7324,162898.38,0.005310971,0.10743286,0.10743286,1e-05,0.0003,-4694.6943,0.007517745351791382,10559.820670127869,1870000,1.0,870000.0,101.79449623806335,17388.76507371265,200.0,1.4771525859832764,135.15673173865528
-8460.748,0.0022789836,0.029699894,8460.75,-8460.75,0.6775769,0.14699253,110000.0,1100.0,20,11000.0,7570.5605,11974.46,8424.609,-157.3723,25572.611,-33269.215,289686.5,0.0018681315,0.09959875,0.09959875,1e-05,0.0003,205.3988,0.0075414716720581055,10597.528032779694,1875000,0.0,875000.0,26.80117687325882,13147.77494541589,200.0,1.4527263641357422,102.70594806706812
-8460.2295,0.0024729883,0.025523053,8460.232,-8460.232,0.6514805,0.15335028,110000.0,1100.0,20,11000.0,4391.338,11490.172,8432.661,318.469,6427.894,-9191.412,280442.06,0.0019315416,0.099904716,0.099904716,1e-05,0.0003,-2969.9397,0.0075649690628051755,10635.352882146835,1880000,1.0,880000.0,101.74586597128244,15729.877548838842,200.0,1.7763690948486328,122.46342225745772
-8551.953,0.004095873,0.046593096,8551.957,-8551.957,1.125605,0.14327513,110000.0,1100.0,20,11000.0,3848.7114,11794.479,8499.508,1236.3895,4911.5894,-10541.979,201630.39,0.0017902554,0.1612712,0.1612712,1e-05,0.0003,-2929.2585,0.007320104789733887,10671.95341014862,1885000,1.0,885000.0,101.83155524987357,17190.49647767984,200.0,1.367767095565796,133.63963994544378
-8337.833,0.003846121,0.049397644,8337.837,-8337.837,1.2333761,0.14282803,110000.0,1100.0,20,11000.0,4147.8184,11627.265,8288.626,-99.50417,19776.611,-20307.04,308782.5,0.0031131576,0.1761607,0.1761607,1e-05,0.0003,-2252.247,0.007349080514907837,10708.698816776276,1890000,1.0,890000.0,101.84951076862866,11994.135321575914,200.0,1.4710652828216553,93.8786438914658
-8381.946,0.002216492,0.025166916,8381.948,-8381.948,1.0575026,0.14600894,110000.0,1100.0,20,11000.0,8098.3076,11841.225,8353.006,1343.8435,47025.223,-116912.945,791563.8,0.001633161,0.15440483,0.15440483,1e-05,0.0003,1414.8145,0.007437074232101441,10745.884191513062,1895000,1.0,895000.0,101.81501909012094,17499.776481987275,200.0,1.8254718780517578,136.00615771844292
-8595.617,0.0033344468,0.035236474,8595.62,-8595.62,1.195897,0.14561243,110000.0,1100.0,20,11000.0,2451.9622,12152.253,8554.816,813.6677,16300.978,-15282.826,207434.88,0.002506596,0.17413747,0.17413747,1e-05,0.0003,-4228.143,0.00744124116897583,10783.090403795242,1900000,1.0,900000.0,101.83177064711752,15608.33441890322,200.0,1.6759343147277832,121.53341070426116
-8609.314,0.0023036469,0.016044399,8609.316,-8609.316,0.756265,0.14499252,110000.0,1100.0,20,11000.0,7138.561,12074.39,8586.418,1269.9475,26928.705,-26455.502,364766.34,0.0011919928,0.10965276,0.10965276,1e-05,0.0003,-264.57312,0.013419474792480469,10850.187784194946,1905000,1.0,905000.0,101.75734997202244,17193.99538402226,200.0,1.465958833694458,133.66641252669723
-8607.458,0.003737651,0.042005967,8607.462,-8607.462,1.0027466,0.1473428,110000.0,1100.0,20,11000.0,3464.9258,12192.684,8559.607,-253.02383,7878.3867,-6358.5063,187897.7,0.003287076,0.14774749,0.14774749,1e-05,0.0003,-3517.3098,0.007574295616149902,10888.05926656723,1910000,1.0,910000.0,101.81020118936799,17501.83342168894,200.0,1.5261695384979248,136.021896803719
-8876.492,0.0029184343,0.030155666,8876.495,-8876.495,0.4432817,0.14935435,110000.0,1100.0,20,11000.0,3200.6877,11818.236,8833.686,1360.951,15078.045,-14465.191,241457.72,0.0035475262,0.06620605,0.06620605,1e-05,0.0003,-4947.538,0.007563231706619262,10925.875429391861,1915000,1.0,915000.0,101.82219561166433,17427.45528607634,200.0,1.4652099609375,135.4527776321
-8409.649,0.0033080487,0.035375465,8409.652,-8409.652,1.0566628,0.14493826,110000.0,1100.0,20,11000.0,5407.524,11505.783,8372.566,377.98822,20171.178,-19540.504,307215.12,0.0013738498,0.15315087,0.15315087,1e-05,0.0003,-1317.466,0.00762327470779419,10963.991807222366,1920000,0.0,920000.0,26.797736580903585,15568.203332626355,200.0,1.4186716079711914,121.22633967606254
-8580.71,0.003268493,0.037138868,8580.713,-8580.713,1.3710476,0.15625422,110000.0,1100.0,20,11000.0,2932.5222,11925.203,8531.021,950.3961,11475.853,-8161.6104,197638.9,0.0025080536,0.21423197,0.21423197,1e-05,0.0003,-3291.6357,0.0074237430572509765,11001.110526323318,1925000,0.0,925000.0,26.685260766311984,2940.7869837413814,200.0,1.4802660942077637,24.60513946749272
-8403.844,0.0020719753,0.015293922,8403.846,-8403.846,0.8532902,0.15084852,110000.0,1100.0,20,11000.0,2983.4329,12349.852,8383.343,-5.0150886,8017.896,-7470.9053,180518.72,0.0013599865,0.12871757,0.12871757,1e-05,0.0003,-4004.5178,0.007452550888061523,11038.373285531998,1930000,1.0,930000.0,101.82636487461222,16912.374998666706,200.0,1.4528019428253174,131.51153785681623
-8400.698,0.0030481606,0.02726201,8400.701,-8400.701,1.5321429,0.1388916,110000.0,1100.0,20,11000.0,3814.064,11467.423,8364.406,-25.200369,9237.339,-11084.186,208110.92,0.0018452622,0.21280175,0.21280175,1e-05,0.0003,-2245.815,0.00758293080329895,11076.287943840027,1935000,1.0,935000.0,101.80871402541723,17291.789176626033,200.0,1.492227554321289,134.41470127819304
-8684.853,0.002572848,0.03270703,8684.855,-8684.855,0.6061553,0.14610209,110000.0,1100.0,20,11000.0,4148.0244,12096.827,8641.89,587.46454,14928.903,-13415.221,240163.55,0.0008522112,0.08856055,0.08856055,1e-05,0.0003,-3562.662,0.007566131734848022,11114.118606567383,1940000,1.0,940000.0,101.78768750308758,17425.528964402096,200.0,1.444286584854126,135.43803799676917
-8886.113,0.0029234292,0.026678758,8886.116,-8886.116,0.79379165,0.1371497,110000.0,1100.0,20,11000.0,3162.6536,12176.1045,8855.937,482.36102,12580.401,-6859.9893,168459.39,0.0021429881,0.10886829,0.10886829,1e-05,0.0003,-4525.9087,0.007506148719787597,11151.649354457855,1945000,1.0,945000.0,101.83804610138463,16612.75859085658,200.0,1.4732489585876465,129.218963024012
-8516.123,0.0023920576,0.024930226,8516.125,-8516.125,0.83851635,0.13800637,110000.0,1100.0,20,11000.0,3308.112,11753.865,8488.474,14.987561,15545.43,-8629.743,237124.77,0.0010703126,0.1157206,0.1157206,1e-05,0.0003,-3935.084,0.007562432622909546,11189.461522102356,1950000,1.0,950000.0,101.81685023206298,17531.23937857362,200.0,1.468916654586792,136.24690236059445
-8846.337,0.0022887087,0.02345467,8846.339,-8846.339,1.2677851,0.14275084,110000.0,1100.0,20,11000.0,5599.608,12036.021,8813.986,931.912,42891.957,-43160.64,497607.75,0.0016666884,0.18097739,0.18097739,1e-05,0.0003,-1255.9778,0.007575836849212646,11227.340710401535,1955000,1.0,955000.0,101.80355917745054,17501.003155059076,200.0,1.4692981243133545,136.0155438526438
-8745.569,0.0031246513,0.028774116,8745.572,-8745.572,0.9742922,0.14458972,110000.0,1100.0,20,11000.0,4217.507,13269.856,8708.275,1535.8783,66435.85,-102233.06,530948.4,0.0017470901,0.14087264,0.14087264,1e-05,0.0003,-2978.4634,0.007370158863067627,11264.191509008408,1960000,0.0,960000.0,26.813135748518366,12720.528281215606,200.0,1.439551591873169,99.43678481628291
-8510.76,0.002136932,0.024447246,8510.762,-8510.762,0.8817952,0.13773084,110000.0,1100.0,20,11000.0,3364.0898,11785.26,8477.14,469.50153,20243.088,-24300.723,256148.67,0.0012672663,0.121450394,0.121450394,1e-05,0.0003,-3810.7156,0.007423035955429078,11301.306692838669,1965000,1.0,965000.0,101.78952581622757,16570.657635152067,200.0,1.466970443725586,128.89681914614286
-8581.009,0.0032661208,0.032613013,8581.012,-8581.012,1.3717362,0.1349101,110000.0,1100.0,20,11000.0,3482.3257,12262.205,8545.566,869.0712,27727.404,-40230.996,315728.94,0.0015155993,0.18506107,0.18506107,1e-05,0.0003,-3063.0112,0.007728238391876221,11339.947889089584,1970000,1.0,970000.0,101.80582920588942,16110.771444255772,200.0,1.4755487442016602,125.37790803273279
-8721.0625,0.00240232,0.030199112,8721.064,-8721.064,0.6557781,0.14020443,110000.0,1100.0,20,11000.0,2845.3936,12314.729,8681.232,1856.6613,14644.516,-22913.799,222892.31,0.0010399786,0.091943,0.091943,1e-05,0.0003,-4864.296,0.0076926611423492434,11378.411198854446,1975000,1.0,975000.0,101.75959627399891,6534.349136417125,200.0,1.550220012664795,52.1019985732972
-8575.226,0.0022322773,0.020881964,8575.228,-8575.228,0.62838507,0.13695943,110000.0,1100.0,20,11000.0,4736.941,11171.386,8551.711,560.0558,16339.715,-31568.898,281001.78,0.0016042974,0.086063266,0.086063266,1e-05,0.0003,-2891.5889,0.007673572254180908,11416.779064416885,1980000,1.0,980000.0,101.77342705959434,17014.299614780506,200.0,1.4686253070831299,132.2914344300834
-8560.065,0.0024659126,0.033607244,8560.068,-8560.068,0.957421,0.13894443,110000.0,1100.0,20,11000.0,5170.247,12221.897,8519.402,1053.5851,27442.322,-26448.05,343153.2,0.0024094766,0.13302831,0.13302831,1e-05,0.0003,-1926.507,0.0076649006366729736,11455.103572130203,1985000,0.0,985000.0,26.804519806374913,12523.022341083071,200.0,1.4645628929138184,97.92552863713486
-8663.377,0.0022471151,0.018666534,8663.379,-8663.379,1.3890997,0.13572235,110000.0,1100.0,20,11000.0,4116.1025,11650.765,8645.012,602.7328,16083.768,-16053.109,251385.19,0.0013319318,0.18853189,0.18853189,1e-05,0.0003,-2473.4236,0.007614492797851562,11493.17604136467,1990000,1.0,990000.0,101.7947817834696,17297.178182583164,200.0,1.4938759803771973,134.45593633444864
-8530.803,0.0022762348,0.024511658,8530.805,-8530.805,1.0666664,0.13532315,110000.0,1100.0,20,11000.0,5545.1216,11588.733,8489.285,1012.4385,20379.557,-19902.223,271772.3,0.0014675183,0.14434466,0.14434466,1e-05,0.0003,-1397.8899,0.008351943922042847,11534.935765981674,1995000,1.0,995000.0,101.82125910479905,17069.737839103873,200.0,1.5153520107269287,132.7156310846927
-8629.582,0.002626731,0.026896982,8629.585,-8629.585,1.3520219,0.13921638,110000.0,1100.0,20,11000.0,2721.1523,12400.34,8596.641,516.67096,25835.008,-25673.514,240027.02,0.0019824367,0.1882236,0.1882236,1e-05,0.0003,-3837.97,0.007762487030029297,11573.748205184937,2000000,0.0,1000000.0,1.0376315347778653,143.138023158698,200.0,1.3692078590393066,3.1983692410856563
