training/actor/bound_loss,training/actor/q_loss,training/alpha/current_vs_historical_ratio,training/alpha/historical_avg_loss,training/alpha/max_alpha_bound,training/alpha/min_alpha_bound,training/alpha/valid_count,training/alpha_weight,training/critic/critic_loss,training/critic/q_max,training/critic/q_mean,training/critic/q_min,training/grad/max,training/grad/min,training/grad/norm,training/meanflow/consistency_loss,training/meanflow/flow_loss,training/meanflow/mean_flow_loss,training/metrics/actor_learning_rate,training/metrics/critic_learning_rate,training/total_loss,time/epoch_time,time/total_time,step,training/actor/any_oob,training/actor/coordinate_oob,training/actor/jacobian,training/actor/loss,training/actor/max_clip,training/actor/mean_clip,training/actor/q,training/actor/transport,training/control/adjoint_clip_fraction,training/control/adjoint_norm,training/control/applied_adjoint_norm,training/control/eta,training/control/gate,training/control/relative_critic_disagreement,training/teacher/endpoint_variance,training/teacher/q,exploration/total.timesteps,exploration/episode.final_reward,exploration/episode.return,exploration/episode.length,exploration/episode.duration,exploration/episode.normalized_return
0.0,0.0,1.0,0.0,100.0,1.0,0,10.0,2.8375733,4.8073044,0.3651948,-3.992136,30.048584,-27.067753,403.49374,0.0,1.3283899,1.3283899,0.0,0.0003,16.121473,0.00165132794380188,8.256660223007202,0,,,,,,,,,,,,,,,,,,,,,,
0.025247542,0.0,67982970.0,0.0,100.0,1.0,2,10.0,0.11759546,-0.7327664,-21.799343,-25.033184,18.474596,-18.35987,467.3639,0.0,0.6798297,0.6798297,1e-05,0.0003,6.9411397,0.02698217420578003,143.16765880584717,5000,,,,,,,,,,,,,,,,,,,,,,
0.018341266,0.0,66859412.0,0.0,100.0,1.0,4,10.0,0.21035917,0.5809755,-37.323933,-42.123386,18.837452,-12.879608,439.84454,0.0,0.6685941,0.6685941,2e-05,0.0003,6.914642,0.00795277066230774,182.93166184425354,10000,,,,,,,,,,,,,,,,,,,,,,
0.008238323,0.0,60281216.0,0.0,100.0,1.0,7,10.0,0.4213009,-0.6725483,-49.330612,-55.28351,8.614093,-11.526215,359.94336,0.0,0.6028122,0.6028122,3e-05,0.0003,6.457661,0.007816735458374023,222.01547694206238,15000,,,,,,,,,,,,,,,,,,,,,,
0.004802646,0.0,64145510.0,0.0,100.0,1.0,9,10.0,0.26792526,-2.3734274,-59.148438,-65.00484,7.3198767,-6.535855,253.31564,0.0,0.6414551,0.6414551,4e-05,0.0003,6.687279,0.007918222570419312,261.60670256614685,20000,,,,,,,,,,,,,,,,,,,,,,
0.0050228373,0.0,2.073277,0.24340276,100.0,1.0,12,10.0,0.48788524,0.014182478,-65.24245,-73.1507,6.021345,-4.2684755,214.64975,0.0,0.5046413,0.5046413,5e-05,0.0003,5.539321,0.007652720069885254,299.870436668396,25000,,,,,,,,,,,,,,,,,,,,,,
0.0059053297,0.0,1.6270635,0.38488546,100.0,1.0,14,10.0,0.628051,0.16090533,-71.037094,-80.40536,6.628132,-7.88448,249.84795,0.0,0.6262331,0.6262331,6e-05,0.0003,6.8962874,0.008261676406860352,341.1789493560791,30000,,,,,,,,,,,,,,,,,,,,,,
0.0071854163,0.0,1.0723119,0.51201576,100.0,1.0,17,10.0,0.41546944,0.5210549,-75.10888,-85.43727,10.509675,-14.621653,185.67703,0.0,0.54904056,0.54904056,6.9999995e-05,0.0003,5.91306,0.007655683755874634,379.4574954509735,35000,,,,,,,,,,,,,,,,,,,,,,
0.0051810434,0.0,0.9695957,0.578577,100.0,1.0,19,10.0,0.41138774,0.25256458,-76.82442,-89.43766,3.3469157,-6.5708475,160.31194,0.0,0.56098574,0.56098574,8e-05,0.0003,6.0264263,0.007735945415496826,418.1373598575592,40000,,,,,,,,,,,,,,,,,,,,,,
0.006112134,0.0,0.90832204,0.58228546,100.0,1.0,20,10.0,0.4170023,-0.28480345,-77.73189,-91.5168,2.3472939,-3.107819,137.75404,0.0,0.5289027,0.5289027,8.9999994e-05,0.0003,5.7121415,0.007750593280792237,456.8904490470886,45000,,,,,,,,,,,,,,,,,,,,,,
0.00733498,0.0,0.8101801,0.5641401,100.0,1.0,20,10.0,1.5722991,0.04232815,-79.041695,-94.07221,2.4347334,-2.2205744,148.66315,0.0,0.4570551,0.4570551,1e-04,0.0003,6.150185,0.00763571720123291,495.0691623687744,50000,,,,,,,,,,,,,,,,,,,,,,
0.011208907,0.0,0.86307025,0.54258305,100.0,1.0,20,10.0,0.27462775,-0.24316595,-81.76587,-96.74948,2.1335835,-1.8046399,107.11076,0.0,0.4682873,0.4682873,9.999385e-05,0.0003,4.9687095,0.007898161745071412,534.5600461959839,55000,,,,,,,,,,,,,,,,,,,,,,
0.0060658855,0.0,0.95562905,0.54424995,100.0,1.0,20,10.0,0.49792588,-0.38915318,-80.49361,-95.86544,2.7447493,-1.7153503,125.99385,0.0,0.5201011,0.5201011,9.99754e-05,0.0003,5.7050023,0.007659150838851929,572.8558444976807,60000,,,,,,,,,,,,,,,,,,,,,,
0.004586309,0.0,0.8313769,0.53525037,100.0,1.0,20,10.0,0.44915146,0.28485444,-79.61192,-97.09295,1.6697049,-2.204688,99.30983,0.0,0.44499478,0.44499478,9.994465e-05,0.0003,4.9036856,0.007552425813674927,610.6180124282837,65000,,,,,,,,,,,,,,,,,,,,,,
0.005817652,0.0,0.8885311,0.5275607,100.0,1.0,20,10.0,0.56042874,-0.25325155,-80.57736,-97.698586,2.1762934,-1.8200442,123.2881,0.0,0.4687541,0.4687541,9.990162e-05,0.0003,5.2537875,0.007639947175979614,648.8177807331085,70000,,,,,,,,,,,,,,,,,,,,,,
0.0063542672,0.0,1.022239,0.5129783,100.0,1.0,20,10.0,0.29129258,-0.021775246,-81.36414,-103.89724,2.4038496,-1.79467,93.26102,0.0,0.5243864,0.5243864,9.984629e-05,0.0003,5.541511,0.007451478433609009,686.0751883983612,75000,,,,,,,,,,,,,,,,,,,,,,
0.0037486302,0.0,0.9760969,0.5051922,100.0,1.0,20,10.0,0.6694342,-0.42113316,-80.520905,-98.78198,1.8230636,-1.5715477,97.92293,0.0,0.49311656,0.49311656,9.977873e-05,0.0003,5.6043487,0.007542430591583252,723.7873628139496,80000,,,,,,,,,,,,,,,,,,,,,,
0.003981062,0.0,0.93128306,0.4946797,100.0,1.0,20,10.0,0.4000627,0.5172839,-81.28044,-99.50294,1.9846294,-2.28573,92.05282,0.0,0.4606868,0.4606868,9.969891e-05,0.0003,5.0109115,0.007735953760147095,762.467173576355,85000,,,,,,,,,,,,,,,,,,,,,,
0.002956227,0.0,0.9532922,0.49473953,100.0,1.0,20,10.0,0.47291,-0.04185532,-80.98675,-99.19516,2.4278758,-1.269204,94.415245,0.0,0.47163135,0.47163135,9.9606885e-05,0.0003,5.1921797,0.0073466157913208005,799.2002913951874,90000,,,,,,,,,,,,,,,,,,,,,,
0.0063259527,0.0,1.003851,0.49078178,100.0,1.0,20,10.0,0.29278198,0.22262082,-81.47482,-101.47374,2.1188326,-1.5621214,94.09559,0.0,0.4926718,0.4926718,9.950265e-05,0.0003,5.225826,0.007522782373428345,836.8142428398132,95000,,,,,,,,,,,,,,,,,,,,,,
0.003626984,0.0,1.0117285,0.48653656,100.0,1.0,20,10.0,0.49380785,-0.14495404,-83.44719,-104.959366,9.481362,-7.8730593,191.28792,0.0,0.4922429,0.4922429,9.938626e-05,0.0003,5.4198637,0.007363025903701782,873.6294419765472,100000,,,,,,,,,,,,,,,,,,,,,,
0.00097468833,0.0,1.0483736,0.4828659,100.0,1.0,20,10.0,0.4887476,-0.83686614,-83.35292,-99.774765,1.9164975,-1.5303732,96.24406,0.0,0.50622386,0.50622386,9.9257726e-05,0.0003,5.551961,0.023664632511138917,991.9528157711029,105000,,,,,,,,,,,,,,,,,,,,,,
0.0038281525,0.0,0.9199139,0.4836877,100.0,1.0,20,10.0,0.64902747,-0.025010884,-78.80332,-99.738174,2.1285841,-1.942704,125.44556,0.0,0.44495106,0.44495106,9.91171e-05,0.0003,5.1023664,0.00826438946723938,1033.2749869823456,110000,,,,,,,,,,,,,,,,,,,,,,
0.0076939682,0.0,1.0213908,0.47995314,100.0,1.0,20,10.0,0.41014713,-1.2737553,-83.65054,-102.83472,1.6239121,-2.4249597,85.896225,0.0,0.49021977,0.49021977,9.896442e-05,0.0003,5.320039,0.008494758701324464,1075.748987197876,115000,,,,,,,,,,,,,,,,,,,,,,
0.0022319723,0.0,1.0972775,0.48185807,100.0,1.0,20,10.0,0.34558478,0.015423492,-81.68309,-100.07796,1.8170309,-2.5257328,87.64197,0.0,0.528732,0.528732,9.8799705e-05,0.0003,5.635137,0.008091035699844361,1116.2043664455414,120000,,,,,,,,,,,,,,,,,,,,,,
0.0019089538,0.0,1.0849342,0.48416534,100.0,1.0,20,10.0,0.23765266,0.32299736,-79.09717,-99.66118,1.2478579,-1.4824944,78.75979,0.0,0.52528757,0.52528757,9.8623015e-05,0.0003,5.4924374,0.008393541097640992,1158.1722762584686,125000,,,,,,,,,,,,,,,,,,,,,,
0.0027148565,0.0,0.88527876,0.48276266,100.0,1.0,20,10.0,0.3390939,0.06426686,-81.062485,-104.78997,1.2972807,-2.120795,88.60721,0.0,0.42737955,0.42737955,9.843441e-05,0.0003,4.6156044,0.008187013816833497,1199.1075506210327,130000,,,,,,,,,,,,,,,,,,,,,,
0.0034211332,0.0,0.938317,0.48054272,100.0,1.0,20,10.0,0.53031063,0.035483286,-78.81116,-100.32204,2.0773618,-1.8889654,75.35637,0.0,0.4509014,0.4509014,9.823391e-05,0.0003,5.042746,0.008190008640289306,1240.0577926635742,135000,,,,,,,,,,,,,,,,,,,,,,
0.007345706,0.0,1.0473919,0.4784957,100.0,1.0,20,10.0,0.25068814,0.66584516,-80.676735,-100.05886,1.6273534,-1.3267573,80.907295,0.0,0.5011725,0.5011725,9.8021614e-05,0.0003,5.2697587,0.008370032405853272,1281.9081461429596,140000,,,,,,,,,,,,,,,,,,,,,,
0.0017015298,0.0,0.9293365,0.4793059,100.0,1.0,20,10.0,0.31550962,0.1934224,-79.90068,-99.942566,1.597662,-1.4988048,77.24925,0.0,0.44543648,0.44543648,9.779754e-05,0.0003,4.771576,0.008466641902923584,1324.2415533065796,145000,,,,,,,,,,,,,,,,,,,,,,
0.00515823,0.0,1.0228907,0.4773848,100.0,1.0,20,10.0,0.4200128,-0.14877388,-81.72025,-103.026764,1.8391721,-1.8427175,90.290794,0.0,0.48831248,0.48831248,9.756177e-05,0.0003,5.3082957,0.00871487374305725,1367.8161129951477,150000,,,,,,,,,,,,,,,,,,,,,,
0.0020167732,0.0,1.0907187,0.47958383,100.0,1.0,20,10.0,0.20954812,0.28165084,-82.84093,-100.12048,1.3605183,-1.4181457,81.87038,0.0,0.5230911,0.5230911,9.7314376e-05,0.0003,5.442476,0.008804903745651245,1411.8408365249634,155000,,,,,,,,,,,,,,,,,,,,,,
0.0011867384,0.0,0.9144364,0.47512075,100.0,1.0,20,10.0,0.26918656,0.31733227,-80.29188,-100.78102,1.4100343,-1.390848,71.805275,0.0,0.43446767,0.43446767,9.7055396e-05,0.0003,4.6150503,0.008738649797439576,1455.5342876911163,160000,,,,,,,,,,,,,,,,,,,,,,
0.0020258082,0.0,0.91893226,0.47005972,100.0,1.0,20,10.0,0.48965383,0.1123454,-79.66528,-104.44672,1.5295609,-1.4212214,94.48302,0.0,0.43195304,0.43195304,9.6784934e-05,0.0003,4.81121,0.008287249088287353,1496.9707338809967,165000,,,,,,,,,,,,,,,,,,,,,,
0.0016200987,0.0,0.9953584,0.46712598,100.0,1.0,20,10.0,0.3762709,-0.04748133,-81.101585,-103.070206,3.4922981,-4.35367,123.93941,0.0,0.46495777,0.46495777,9.6503034e-05,0.0003,5.0274687,0.008437649202346801,1539.1591849327087,170000,,,,,,,,,,,,,,,,,,,,,,
0.003953031,0.0,0.97844523,0.4651537,100.0,1.0,20,10.0,0.609551,0.14110525,-79.0367,-99.793564,2.1605954,-2.323025,90.95654,0.0,0.45512742,0.45512742,9.62098e-05,0.0003,5.164778,0.008544247388839722,1581.8806192874908,175000,,,,,,,,,,,,,,,,,,,,,,
0.0035130354,0.0,1.0373957,0.46567258,100.0,1.0,20,10.0,0.20105496,0.36815822,-80.36777,-100.008675,1.9084343,-2.0661225,69.79717,0.0,0.48308674,0.48308674,9.59053e-05,0.0003,5.035435,0.00819253067970276,1622.8434636592865,180000,,,,,,,,,,,,,,,,,,,,,,
0.0029957118,0.0,0.9359514,0.45987734,100.0,1.0,20,10.0,0.20250197,0.19336376,-83.50077,-100.22032,1.4819287,-1.632281,77.16058,0.0,0.43042284,0.43042284,9.558961e-05,0.0003,4.509726,0.008238503265380859,1664.0361776351929,185000,,,,,,,,,,,,,,,,,,,,,,
0.005749987,0.0,1.0131512,0.4618837,100.0,1.0,20,10.0,0.35258973,0.067917034,-80.58728,-102.1147,2.0167427,-1.6298177,76.95932,0.0,0.46795803,0.46795803,9.526282e-05,0.0003,5.03792,0.008130929756164551,1704.6910140514374,190000,,,,,,,,,,,,,,,,,,,,,,
0.0049963165,0.0,0.9367578,0.4600791,100.0,1.0,20,10.0,0.22961222,0.009061769,-81.19265,-99.80825,2.1687148,-1.7202975,79.961975,0.0,0.4309827,0.4309827,9.4925024e-05,0.0003,4.5444355,0.008083162260055543,1745.1070010662079,195000,,,,,,,,,,,,,,,,,,,,,,
0.0056026336,0.0,1.0472615,0.46127686,100.0,1.0,20,10.0,0.3469625,-0.021126583,-81.51717,-101.34973,1.7844366,-1.8171343,74.0831,0.0,0.48307747,0.48307747,9.457632e-05,0.0003,5.18334,0.008378375053405761,1786.9990501403809,200000,,,,,,,,,,,,,,,,,,,,,,
0.0026146565,0.0,0.9609177,0.4637448,100.0,1.0,20,10.0,0.34351236,-2.2693777,-84.34731,-101.80574,1.2408918,-1.2076479,75.78197,0.0,0.44562057,0.44562057,9.42168e-05,0.0003,4.802333,0.023875094652175903,1906.374685049057,205000,,,,,,,,,,,,,,,,,,,,,,
0.0010959414,0.0,1.0267731,0.46612325,100.0,1.0,20,10.0,0.33976573,0.331652,-78.07947,-100.1014,1.6997947,-1.5600631,85.57944,0.0,0.47860286,0.47860286,9.384654e-05,0.0003,5.12689,0.008265245199203491,1947.7010769844055,210000,,,,,,,,,,,,,,,,,,,,,,
0.002652979,0.0,1.0482434,0.46566924,100.0,1.0,20,10.0,0.2586785,0.054598838,-80.329544,-100.1504,1.627981,-1.4559773,79.22789,0.0,0.48813474,0.48813474,9.346567e-05,0.0003,5.142679,0.008268942213058472,1989.0459349155426,215000,,,,,,,,,,,,,,,,,,,,,,
0.006881533,0.0,1.0358102,0.46509606,100.0,1.0,20,10.0,0.34406728,-3.8004444,-82.32115,-100.02069,1.3466192,-1.458095,86.40523,0.0,0.48175123,0.48175123,9.30743e-05,0.0003,5.1684613,0.008378845739364624,2030.9403133392334,220000,,,,,,,,,,,,,,,,,,,,,,
0.0028751318,0.0,1.0164258,0.470004,100.0,1.0,20,10.0,0.29183614,0.15306199,-81.3732,-99.875885,1.3180714,-1.4609145,81.77712,0.0,0.47772422,0.47772422,9.267249e-05,0.0003,5.0719533,0.008067104053497315,2071.2759828567505,225000,,,,,,,,,,,,,,,,,,,,,,
0.0018433775,0.0,1.0330278,0.46593904,100.0,1.0,20,10.0,0.23821378,0.06508705,-82.60113,-99.53851,1.1585294,-1.4655672,81.98967,0.0,0.48132795,0.48132795,9.2260394e-05,0.0003,5.0533366,0.008298041582107544,2112.7663502693176,230000,,,,,,,,,,,,,,,,,,,,,,
0.0011371765,0.0,0.92069846,0.4627752,100.0,1.0,20,10.0,0.32000333,0.11556105,-81.25603,-99.817116,1.8238437,-1.583643,81.307304,0.0,0.42607644,0.42607644,9.183811e-05,0.0003,4.581905,0.008266380739212036,2154.09840464592,235000,,,,,,,,,,,,,,,,,,,,,,
0.0010443802,0.0,1.0337672,0.4678126,100.0,1.0,20,10.0,0.3158356,0.09893967,-80.57775,-99.79265,1.498362,-1.2278363,80.58108,0.0,0.48360932,0.48360932,9.1405775e-05,0.0003,5.152973,0.007791126251220703,2193.0541791915894,240000,,,,,,,,,,,,,,,,,,,,,,
0.002139538,0.0,1.0532659,0.46468267,100.0,1.0,20,10.0,0.39047134,0.12950173,-81.38156,-100.11598,1.3695066,-1.4594299,63.717617,0.0,0.48943442,0.48943442,9.0963455e-05,0.0003,5.2869554,0.008212587928771973,2234.117259979248,245000,,,,,,,,,,,,,,,,,,,,,,
0.003940627,0.0,0.95232767,0.46270117,100.0,1.0,20,10.0,0.3207235,0.13316067,-81.864,-99.8394,1.0616051,-0.9323616,69.37424,0.0,0.44064316,0.44064316,9.051133e-05,0.0003,4.731096,0.007952769899368287,2273.881227016449,250000,,,,,,,,,,,,,,,,,,,,,,
0.0014521137,0.0,1.0868187,0.45928803,100.0,1.0,20,10.0,0.2914903,0.35466427,-79.59707,-100.23363,1.2734716,-1.9906055,83.858185,0.0,0.4991628,0.4991628,9.004948e-05,0.0003,5.28457,0.007760945463180542,2312.6860671043396,255000,,,,,,,,,,,,,,,,,,,,,,
0.0032343804,0.0,0.93485975,0.45767474,100.0,1.0,20,10.0,0.22642328,-0.39292616,-82.44051,-100.54238,2.1195083,-1.8621016,69.707504,0.0,0.42786166,0.42786166,8.9578054e-05,0.0003,4.508274,0.007923258686065674,2352.3025040626526,260000,,,,,,,,,,,,,,,,,,,,,,
0.0035363305,0.0,1.0544846,0.45022473,100.0,1.0,20,10.0,0.3049634,0.17166871,-79.72606,-100.29876,1.3495303,-1.7157198,70.804184,0.0,0.47475505,0.47475505,8.909717e-05,0.0003,5.0560503,0.008084170007705688,2392.7234976291656,265000,,,,,,,,,,,,,,,,,,,,,,
0.0014539721,0.0,1.1658995,0.44725353,100.0,1.0,20,10.0,0.28453645,-0.17068815,-79.97232,-100.63185,1.3887937,-1.4964411,83.77614,0.0,0.52145267,0.52145267,8.860696e-05,0.0003,5.500517,0.007519765281677246,2430.322461605072,270000,,,,,,,,,,,,,,,,,,,,,,
0.0031689103,0.0,0.90029246,0.44997722,100.0,1.0,20,10.0,0.3558745,0.062148347,-80.92764,-99.93043,1.1132903,-1.1666347,75.86688,0.0,0.40511107,0.40511107,8.810758e-05,0.0003,4.4101543,0.007698950338363647,2468.8173310756683,275000,,,,,,,,,,,,,,,,,,,,,,
0.0054736836,0.0,1.0658431,0.44317922,100.0,1.0,20,10.0,0.23852858,0.09350386,-80.99332,-100.081825,2.2073417,-1.7426882,75.98511,0.0,0.47235954,0.47235954,8.759914e-05,0.0003,4.967598,0.008037573480606078,2509.005354642868,280000,,,,,,,,,,,,,,,,,,,,,,
0.00199905,0.0,0.9341602,0.4465396,100.0,1.0,20,10.0,0.19189745,0.08724089,-80.26427,-100.77241,1.1698229,-1.646944,62.6765,0.0,0.4171395,0.4171395,8.708179e-05,0.0003,4.365291,0.007657674789428711,2547.29384970665,285000,,,,,,,,,,,,,,,,,,,,,,
0.0037643102,0.0,0.9404525,0.44055033,100.0,1.0,20,10.0,0.2775531,0.15963978,-81.03129,-99.70566,1.4717607,-1.1878115,63.202583,0.0,0.41431668,0.41431668,8.655565e-05,0.0003,4.4244843,0.007827198457717895,2586.4299676418304,290000,,,,,,,,,,,,,,,,,,,,,,
0.0049581677,0.0,0.995506,0.44116965,100.0,1.0,20,10.0,0.22693902,0.3131029,-78.58797,-99.703766,1.5945563,-1.161369,68.845825,0.0,0.43918702,0.43918702,8.602091e-05,0.0003,4.6237674,0.007979500150680541,2626.3275899887085,295000,,,,,,,,,,,,,,,,,,,,,,
0.003163009,0.0,0.9669035,0.4398013,100.0,1.0,20,10.0,0.21854639,0.18217197,-80.22245,-99.9077,1.3274575,-1.2921776,68.96857,0.0,0.4252454,0.4252454,8.547767e-05,0.0003,4.474163,0.007729307746887207,2664.974252462387,300000,,,,,,,,,,,,,,,,,,,,,,
0.0021708563,0.0,0.995545,0.44045368,100.0,1.0,20,10.0,0.3101186,0.16370635,-81.89923,-100.84506,1.3679973,-0.90924937,62.4594,0.0,0.43849143,0.43849143,8.49261e-05,0.0003,4.6972036,0.02211636390686035,2775.556236743927,305000,,,,,,,,,,,,,,,,,,,,,,
0.002177028,0.0,0.9280348,0.4392209,100.0,1.0,20,10.0,0.2784776,-0.021239325,-81.21678,-99.764915,1.5258003,-1.2346896,60.926826,0.0,0.40761226,0.40761226,8.436636e-05,0.0003,4.356777,0.008441953229904174,2817.766168832779,310000,,,,,,,,,,,,,,,,,,,,,,
0.00039688923,0.0,1.0256943,0.43332013,100.0,1.0,20,10.0,0.28038508,-0.057630762,-80.1971,-99.910095,0.98004335,-1.3172027,62.86485,0.0,0.44445395,0.44445395,8.3798586e-05,0.0003,4.7253213,0.008399499225616456,2859.7638330459595,315000,,,,,,,,,,,,,,,,,,,,,,
0.00067263877,0.0,1.0767919,0.42972788,100.0,1.0,20,10.0,0.3703155,0.23495992,-79.90703,-99.998695,1.2462105,-1.279,72.27114,0.0,0.4627275,0.4627275,8.322294e-05,0.0003,4.9982634,0.008570414113998413,2902.6160678863525,320000,,,,,,,,,,,,,,,,,,,,,,
0.0034545474,0.0,1.012024,0.42064938,100.0,1.0,20,10.0,0.22479182,-0.011632293,-81.25734,-99.87371,2.0597818,-1.6164343,71.21854,0.0,0.42570728,0.42570728,8.263957e-05,0.0003,4.485319,0.00837230749130249,2944.477789402008,325000,,,,,,,,,,,,,,,,,,,,,,
0.0011959348,0.0,1.1118902,0.42384225,100.0,1.0,20,10.0,0.51365644,0.23698243,-81.98285,-100.39231,8.35584,-6.3643937,188.02597,0.0,0.47126603,0.47126603,8.2048646e-05,0.0003,5.227513,0.008373727416992188,2986.3466000556946,330000,,,,,,,,,,,,,,,,,,,,,,
0.00541024,0.0,0.9975387,0.42860445,100.0,1.0,20,10.0,0.23741025,1.2596886,-83.03375,-101.208206,2.6525865,-2.027147,73.68808,0.0,0.42754954,0.42754954,8.1450344e-05,0.0003,4.518316,0.008554434728622436,3029.1189596652985,335000,,,,,,,,,,,,,,,,,,,,,,
0.003967587,0.0,0.898724,0.42936954,100.0,1.0,20,10.0,0.30876416,0.17916815,-78.124664,-100.10457,2.190214,-1.6666489,73.93371,0.0,0.3858847,0.3858847,8.0844795e-05,0.0003,4.171579,0.008977763652801514,3074.0079703330994,340000,,,,,,,,,,,,,,,,,,,,,,
0.004071975,0.0,0.93031937,0.42572433,100.0,1.0,20,10.0,0.25913098,-0.008979261,-79.891235,-100.03722,1.138652,-1.6638186,74.88102,0.0,0.3960596,0.3960596,8.0232174e-05,0.0003,4.223799,0.008368741273880004,3115.8518266677856,345000,,,,,,,,,,,,,,,,,,,,,,
0.0019726886,0.0,0.91406965,0.42724916,100.0,1.0,20,10.0,0.29903126,-0.3970188,-78.350204,-100.949814,1.6111943,-1.0353559,61.19757,0.0,0.39053547,0.39053547,7.961267e-05,0.0003,4.206359,0.008565454816818238,3158.6792538166046,350000,,,,,,,,,,,,,,,,,,,,,,
0.0010095534,0.0,0.9912655,0.42845073,100.0,1.0,20,10.0,0.20202877,0.09026326,-82.73073,-100.0602,1.3015733,-1.4357198,62.276,0.0,0.42470843,0.42470843,7.898643e-05,0.0003,4.4501224,0.008599758386611938,3201.6782262325287,355000,,,,,,,,,,,,,,,,,,,,,,
0.0022608035,0.0,1.0130115,0.4322942,100.0,1.0,20,10.0,0.1722265,0.14358869,-82.98654,-99.872696,2.0619614,-2.871041,72.9077,0.0,0.43791896,0.43791896,7.835362e-05,0.0003,4.5536766,0.008394558572769165,3243.651200771332,360000,,,,,,,,,,,,,,,,,,,,,,
0.0016045254,0.0,0.9482759,0.43422174,100.0,1.0,20,10.0,0.2366035,0.1985495,-81.01298,-99.92782,0.9150981,-1.367787,62.677094,0.0,0.411762,0.411762,7.7714445e-05,0.0003,4.355828,0.008502810621261597,3286.165426492691,365000,,,,,,,,,,,,,,,,,,,,,,
0.0035738219,0.0,0.9641958,0.43348178,100.0,1.0,20,10.0,0.23464715,-0.29793364,-82.609825,-99.6831,1.0757854,-1.3065354,60.906742,0.0,0.41796133,0.41796133,7.706907e-05,0.0003,4.4178343,0.008696282720565796,3329.64701795578,370000,,,,,,,,,,,,,,,,,,,,,,
0.0020058108,0.0,1.0166346,0.4263483,100.0,1.0,20,10.0,0.18847333,0.35364306,-80.24289,-99.53413,1.6663526,-1.4235135,67.36684,0.0,0.4334404,0.4334404,7.641764e-05,0.0003,4.5248833,0.008363115501403808,3371.4627888202667,375000,,,,,,,,,,,,,,,,,,,,,,
0.008681103,0.0,1.0215206,0.42243567,100.0,1.0,20,10.0,0.35748866,0.24234585,-78.00196,-100.14878,1.5602549,-1.2535468,66.145096,0.0,0.43152672,0.43152672,7.5760356e-05,0.0003,4.681437,0.008675147867202759,3414.8386969566345,380000,,,,,,,,,,,,,,,,,,,,,,
0.0038257942,0.0,1.0301771,0.42286333,100.0,1.0,20,10.0,0.23012081,0.12976702,-79.00046,-99.754036,1.8122767,-2.0418766,67.30114,0.0,0.43562412,0.43562412,7.50974e-05,0.0003,4.590188,0.008583521318435669,3457.7564659118652,385000,,,,,,,,,,,,,,,,,,,,,,
0.0022712895,0.0,1.0480591,0.42230842,100.0,1.0,20,10.0,0.22332312,-0.11618963,-80.116165,-99.67186,1.2469238,-1.5349112,66.10217,0.0,0.44260418,0.44260418,7.442894e-05,0.0003,4.651636,0.008681138896942138,3501.162328481674,390000,,,,,,,,,,,,,,,,,,,,,,
0.0015228583,0.0,0.9143928,0.420283,100.0,1.0,20,10.0,0.19660193,0.094617516,-80.05911,-100.05653,1.0686884,-1.1615571,60.794525,0.0,0.38430375,0.38430375,7.375519e-05,0.0003,4.0411625,0.008381533765792846,3543.0701525211334,395000,,,,,,,,,,,,,,,,,,,,,,
0.0033705377,0.0,0.99045247,0.41913214,100.0,1.0,20,10.0,0.2990112,0.18333955,-80.71474,-99.66082,1.3140235,-1.3795092,65.40042,0.0,0.41513047,0.41513047,7.30763e-05,0.0003,4.453686,0.008661025333404541,3586.375436067581,400000,,,,,,,,,,,,,,,,,,,,,,
0.0039454494,0.0,0.97451663,0.42070076,100.0,1.0,20,10.0,0.25996423,0.14310722,-80.6052,-99.62128,1.7182249,-1.228732,68.1021,0.0,0.40997988,0.40997988,7.239246e-05,0.0003,4.3637085,0.023241268014907838,3702.581925868988,405000,,,,,,,,,,,,,,,,,,,,,,
0.0014995888,0.0,0.9666561,0.4186491,100.0,1.0,20,10.0,0.2624811,0.27179867,-79.470184,-99.44389,1.4410832,-1.674871,66.8084,0.0,0.40468973,0.40468973,7.170388e-05,0.0003,4.3108783,0.008280328035354615,3743.983730316162,410000,,,,,,,,,,,,,,,,,,,,,,
0.0038761864,0.0,1.026504,0.41857776,100.0,1.0,20,10.0,0.3101923,0.04230766,-80.59197,-99.692375,1.6735263,-1.2526175,72.393814,0.0,0.42967173,0.42967173,7.101073e-05,0.0003,4.6107855,0.008124636602401734,3784.6070518493652,415000,,,,,,,,,,,,,,,,,,,,,,
0.0008995123,0.0,1.0260237,0.41698575,100.0,1.0,20,10.0,0.26574934,-0.07987678,-78.93286,-99.53235,1.0822157,-0.9927316,59.618,0.0,0.42783725,0.42783725,7.0313195e-05,0.0003,4.5450215,0.008348408555984498,3826.3492465019226,420000,,,,,,,,,,,,,,,,,,,,,,
0.0023253777,0.0,1.0333651,0.41930637,100.0,1.0,20,10.0,0.1729662,0.20875293,-81.591354,-99.50061,2.3143506,-2.0234573,71.333466,0.0,0.43329656,0.43329656,6.961148e-05,0.0003,4.5082574,0.008053468942642212,3866.6167306900024,425000,,,,,,,,,,,,,,,,,,,,,,
0.0006756089,0.0,0.9434914,0.42032838,100.0,1.0,20,10.0,0.1710079,0.04453987,-79.92185,-99.51724,1.8508338,-1.1415788,59.700024,0.0,0.39657623,0.39657623,6.890576e-05,0.0003,4.1374454,0.00832488489151001,3908.241293668747,430000,,,,,,,,,,,,,,,,,,,,,,
0.0014746089,0.0,1.0686117,0.42288995,100.0,1.0,20,10.0,0.15924834,0.026598543,-82.99478,-99.52986,2.0140536,-1.7866747,76.85649,0.0,0.45190513,0.45190513,6.8196256e-05,0.0003,4.6797743,0.008280355310440064,3949.6432156562805,435000,,,,,,,,,,,,,,,,,,,,,,
0.0017617597,0.0,0.96262044,0.4209063,100.0,1.0,20,10.0,0.21945947,0.24479416,-80.34894,-99.732185,1.0327815,-1.2886381,66.54304,0.0,0.405173,0.405173,6.748313e-05,0.0003,4.2729516,0.008251692581176757,3990.901820421219,440000,,,,,,,,,,,,,,,,,,,,,,
0.0017329066,0.0,0.92986697,0.41851974,100.0,1.0,20,10.0,0.2335926,0.1900351,-81.63165,-99.5426,1.769954,-1.5042906,75.02252,0.0,0.3891677,0.3891677,6.67666e-05,0.0003,4.1270022,0.007942553806304932,4030.6147747039795,445000,,,,,,,,,,,,,,,,,,,,,,
0.0037484383,0.0,1.0557623,0.42022228,100.0,1.0,20,10.0,0.19225062,0.16651304,-79.826294,-99.89848,1.2169428,-1.3317868,59.838978,0.0,0.44365484,0.44365484,6.604685e-05,0.0003,4.6325474,0.008530170011520385,4073.265751838684,450000,,,,,,,,,,,,,,,,,,,,,,
0.0056162016,0.0,0.91472596,0.42267385,100.0,1.0,20,10.0,0.21314469,0.21955253,-80.070694,-99.62829,1.4160774,-1.3419646,69.91065,0.0,0.3866307,0.3866307,6.5324086e-05,0.0003,4.085068,0.008240669107437135,4114.469220161438,455000,,,,,,,,,,,,,,,,,,,,,,
0.0035431674,0.0,0.8946689,0.42560616,100.0,1.0,20,10.0,0.22742063,0.017488167,-80.71893,-99.61758,1.8689823,-3.139309,63.066643,0.0,0.38077658,0.38077658,6.4598484e-05,0.0003,4.0387297,0.007976314210891724,4154.350925207138,460000,,,,,,,,,,,,,,,,,,,,,,
0.0014362165,0.0,1.120624,0.42160907,100.0,1.0,20,10.0,0.16925983,0.16575748,-79.82559,-99.487434,1.5114886,-1.2846361,59.561165,0.0,0.47246522,0.47246522,6.387027e-05,0.0003,4.8953485,0.007734849929809571,4193.025326967239,465000,,,,,,,,,,,,,,,,,,,,,,
0.0034506654,0.0,0.9451444,0.42444253,100.0,1.0,20,10.0,0.22705239,0.034575537,-81.779144,-99.587166,1.7767886,-1.8394276,67.59437,0.0,0.40115947,0.40115947,6.3139625e-05,0.0003,4.242098,0.007870213508605957,4232.376536369324,470000,,,,,,,,,,,,,,,,,,,,,,
0.004269113,0.0,0.9182932,0.41813228,100.0,1.0,20,10.0,0.22313741,0.11047812,-78.76098,-99.40372,2.400588,-1.9909964,74.695786,0.0,0.383968,0.383968,6.2406754e-05,0.0003,4.0670867,0.008120034217834473,4272.976856946945,475000,,,,,,,,,,,,,,,,,,,,,,
0.003780058,0.0,1.0281216,0.41709638,100.0,1.0,20,10.0,0.14802507,-0.04297352,-81.923134,-99.468376,1.9613588,-1.6325297,68.55441,0.0,0.4288258,0.4288258,6.167186e-05,0.0003,4.440063,0.00802254228591919,4313.089743852615,480000,,,,,,,,,,,,,,,,,,,,,,
0.0018012576,0.0,1.0900923,0.41724277,100.0,1.0,20,10.0,0.16250508,0.17696679,-79.698364,-99.52132,1.4139206,-1.1931089,63.190773,0.0,0.45483312,0.45483312,6.093515e-05,0.0003,4.7126374,0.00822615442276001,4354.220685243607,485000,,,,,,,,,,,,,,,,,,,,,,
0.0036111174,0.0,1.0754867,0.4156271,100.0,1.0,20,10.0,0.2480311,0.15314452,-76.03592,-99.4777,0.97302216,-1.6185935,69.15892,0.0,0.44700137,0.44700137,6.0196806e-05,0.0003,4.721656,0.00803305950164795,4394.386163711548,490000,,,,,,,,,,,,,,,,,,,,,,
0.0037529878,0.0,0.90938234,0.41227862,100.0,1.0,20,10.0,0.15370005,0.26956612,-80.135345,-99.188576,1.9239935,-1.6464037,58.599678,0.0,0.37491888,0.37491888,5.945705e-05,0.0003,3.906642,0.008176747846603393,4435.270077228546,495000,,,,,,,,,,,,,,,,,,,,,,
0.0034227725,0.0,0.8717947,0.41150084,100.0,1.0,20,10.0,0.2379332,-0.013910413,-80.2429,-99.33125,1.4292094,-1.1315919,62.460133,0.0,0.35874426,0.35874426,5.8716072e-05,0.0003,3.8287985,0.008032046508789062,4475.430465221405,500000,,,,,,,,,,,,,,,,,,,,,,
0.00056858116,0.0,1.005171,0.41160432,100.0,1.0,20,10.0,0.19312614,0.06717621,-82.6597,-99.397255,3.8601556,-2.4957783,71.52832,0.0,0.4137327,0.4137327,5.7974077e-05,0.0003,4.331022,0.021671197938919067,4583.786660909653,505000,,,,,,,,,,,,,,,,,,,,,,
0.0009914618,0.0,1.0159441,0.40941867,100.0,1.0,20,10.0,0.13759449,0.20879516,-81.975174,-99.21739,1.5355906,-1.46592,60.613792,0.0,0.41594648,0.41594648,5.7231267e-05,0.0003,4.298051,0.008555310440063477,4626.5634133815765,510000,,,,,,,,,,,,,,,,,,,,,,
0.00229963,0.0,0.9294604,0.41362986,100.0,1.0,20,10.0,0.21705845,-0.1832891,-81.53973,-99.47782,1.805391,-2.0524762,61.498093,0.0,0.38445258,0.38445258,5.6487854e-05,0.0003,4.063884,0.0086275634765625,4669.701392412186,515000,,,,,,,,,,,,,,,,,,,,,,
0.0045000473,0.0,0.8427119,0.4155592,100.0,1.0,20,10.0,0.19590499,0.041633874,-80.02968,-99.25232,1.0124369,-1.0998272,60.491512,0.0,0.35019672,0.35019672,5.574403e-05,0.0003,3.7023723,0.008557314109802245,4712.488105535507,520000,,,,,,,,,,,,,,,,,,,,,,
0.004672167,0.0,0.91414547,0.40753165,100.0,1.0,20,10.0,0.22288065,0.2007822,-79.01232,-99.465515,1.2041785,-2.0538242,62.731224,0.0,0.37254322,0.37254322,5.5000004e-05,0.0003,3.952985,0.008901271295547485,4756.994629144669,525000,,,,,,,,,,,,,,,,,,,,,,
0.0009652139,0.0,1.0908054,0.40350634,100.0,1.0,20,10.0,0.2389134,0.23757271,-79.08388,-99.88361,1.5658846,-1.6268893,75.3087,0.0,0.44014692,0.44014692,5.4255972e-05,0.0003,4.641348,0.00852780909538269,4799.63384437561,530000,,,,,,,,,,,,,,,,,,,,,,
0.0024956001,0.0,1.250329,0.40045863,100.0,1.0,20,10.0,0.15109226,0.20279336,-81.63034,-99.348595,2.09844,-1.496354,71.35285,0.0,0.50070506,0.50070506,5.3512147e-05,0.0003,5.1606383,0.008646175289154052,4842.86487030983,535000,,,,,,,,,,,,,,,,,,,,,,
0.0062992796,0.0,1.0491967,0.40145245,100.0,1.0,20,10.0,0.26437846,0.07881218,-79.02113,-99.37681,1.9867935,-2.5866635,75.88728,0.0,0.4212026,0.4212026,5.276873e-05,0.0003,4.4827037,0.008611753129959106,4885.923803091049,540000,,,,,,,,,,,,,,,,,,,,,,
0.0020185157,0.0,1.0543915,0.40199623,100.0,1.0,20,10.0,0.2616653,0.42469624,-80.1499,-99.53643,2.2205327,-1.2575068,67.1481,0.0,0.4238614,0.4238614,5.2025924e-05,0.0003,4.502298,0.008592301845550538,4928.885480880737,545000,,,,,,,,,,,,,,,,,,,,,,
0.008368714,0.0,1.028429,0.3988875,100.0,1.0,20,10.0,0.1968844,0.09630421,-77.59135,-99.849686,1.9718984,-1.4058144,68.13356,0.0,0.41022748,0.41022748,5.1283936e-05,0.0003,4.307528,0.008546992206573486,4971.620613336563,550000,,,,,,,,,,,,,,,,,,,,,,
0.0036835885,0.0,1.1021736,0.39732948,100.0,1.0,20,10.0,0.1330219,0.12107797,-80.70156,-99.76354,1.127008,-1.3284492,60.777237,0.0,0.43792605,0.43792605,5.0542945e-05,0.0003,4.515966,0.008489879274368286,5014.0701649188995,555000,,,,,,,,,,,,,,,,,,,,,,
0.0018410129,0.0,1.0106577,0.39780822,100.0,1.0,20,10.0,0.19562735,0.33110023,-81.2349,-99.53126,1.2935206,-1.2944177,59.581814,0.0,0.4020479,0.4020479,4.9803188e-05,0.0003,4.2179475,0.008367726373672486,5055.9089615345,560000,,,,,,,,,,,,,,,,,,,,,,
0.0023985952,0.0,0.89393544,0.40275344,100.0,1.0,20,10.0,0.21261476,0.035351366,-79.80007,-99.755905,1.8402902,-1.4666886,62.149075,0.0,0.36003557,0.36003557,4.9064853e-05,0.0003,3.815369,0.008341331100463867,5097.615753173828,565000,,,,,,,,,,,,,,,,,,,,,,
0.0017537798,0.0,1.0069833,0.41163036,100.0,1.0,20,10.0,0.19179499,0.18640876,-79.56394,-99.11943,1.3839183,-1.3205618,66.284,0.0,0.4145049,0.4145049,4.8328133e-05,0.0003,4.338598,0.008403706026077271,5139.6344673633575,570000,,,,,,,,,,,,,,,,,,,,,,
0.0031123497,0.0,0.96887904,0.42047578,100.0,1.0,20,10.0,0.28453505,0.12812686,-80.60332,-99.52543,1.0521768,-1.5422094,60.040257,0.0,0.40739018,0.40739018,4.7593247e-05,0.0003,4.361549,0.008709008693695069,5183.179675102234,575000,,,,,,,,,,,,,,,,,,,,,,
0.0019327984,0.0,0.92709476,0.41619894,100.0,1.0,20,10.0,0.19744366,-0.05887629,-82.37334,-99.53145,1.0888911,-1.2403286,64.43745,0.0,0.38585585,0.38585585,4.686038e-05,0.0003,4.057935,0.008339510536193848,5224.877388000488,580000,,,,,,,,,,,,,,,,,,,,,,
0.0037625188,0.0,0.9459175,0.4167318,100.0,1.0,20,10.0,0.18985844,0.10694373,-80.9383,-99.009445,1.1036206,-1.040224,56.04813,0.0,0.39419392,0.39419392,4.612974e-05,0.0003,4.13556,0.008671656465530395,5268.235827207565,585000,,,,,,,,,,,,,,,,,,,,,,
0.003450197,0.0,0.8557424,0.4158061,100.0,1.0,20,10.0,0.1763014,0.124718025,-80.76662,-99.04271,1.377647,-1.5861473,58.30549,0.0,0.35582292,0.35582292,4.540152e-05,0.0003,3.7379808,0.008435232305526733,5310.412149190903,590000,,,,,,,,,,,,,,,,,,,,,,
0.0035104135,0.0,1.02464,0.4164787,100.0,1.0,20,10.0,0.30808252,-0.11196034,-78.2666,-99.09548,1.4013329,-1.3724238,69.25383,0.0,0.4267407,0.4267407,4.467592e-05,0.0003,4.579,0.00834463701248169,5352.135482788086,595000,,,,,,,,,,,,,,,,,,,,,,
0.0011698585,0.0,0.9204159,0.4144098,100.0,1.0,20,10.0,0.24508938,-8.297975,-82.24802,-99.57709,2.0421143,-1.7126949,63.727837,0.0,0.38142934,0.38142934,4.3953154e-05,0.0003,4.0605526,0.008056484603881836,5392.4180591106415,600000,,,,,,,,,,,,,,,,,,,,,,
0.0006621985,0.0,1.0915444,0.41344696,100.0,1.0,20,10.0,0.14707226,0.20075984,-78.98381,-99.56167,1.3875628,-1.3786476,61.558937,0.0,0.4512957,0.4512957,4.3233405e-05,0.0003,4.6606917,0.022858302927017213,5506.709711790085,605000,,,,,,,,,,,,,,,,,,,,,,
0.003092188,0.0,1.0620817,0.40593702,100.0,1.0,20,10.0,0.29297495,0.23644556,-77.028656,-99.96198,1.2361237,-1.2281934,68.02074,0.0,0.43113828,0.43113828,4.251687e-05,0.0003,4.60745,0.008566340446472169,5549.541586399078,610000,,,,,,,,,,,,,,,,,,,,,,
0.0025838637,0.0,0.9588639,0.40009856,100.0,1.0,20,10.0,0.22782308,-0.05361809,-79.16113,-99.50875,1.2613517,-1.2166616,66.39122,0.0,0.38364008,0.38364008,4.1803753e-05,0.0003,4.0668077,0.008759514236450196,5593.339316368103,615000,,,,,,,,,,,,,,,,,,,,,,
0.00040426367,0.0,0.9814338,0.40508983,100.0,1.0,20,10.0,0.25480396,0.41244102,-79.54538,-99.04536,1.3109328,-1.2666552,68.13075,0.0,0.39756885,0.39756885,4.1094238e-05,0.0003,4.2308965,0.008473982143402099,5635.709366321564,620000,,,,,,,,,,,,,,,,,,,,,,
0.0051552113,0.0,0.8169703,0.40296474,100.0,1.0,20,10.0,0.393421,0.028573379,-78.38059,-99.124016,1.5872058,-1.5345311,63.008926,0.0,0.32921022,0.32921022,4.0388528e-05,0.0003,3.6906786,0.00809797282218933,5676.199361562729,625000,,,,,,,,,,,,,,,,,,,,,,
0.0021176976,0.0,1.0018162,0.40554497,100.0,1.0,20,10.0,0.1392239,-0.009776071,-83.26545,-99.32112,1.4602144,-1.0089219,60.971375,0.0,0.40628147,0.40628147,3.9686805e-05,0.0003,4.2041564,0.00814484281539917,5716.92372918129,630000,,,,,,,,,,,,,,,,,,,,,,
0.002304533,0.0,0.95587724,0.40429965,100.0,1.0,20,10.0,0.30828005,-0.095626876,-80.99541,-99.54742,1.4295808,-1.1837823,72.43219,0.0,0.38646084,0.38646084,3.8989278e-05,0.0003,4.175193,0.008168837213516236,5757.768055438995,635000,,,,,,,,,,,,,,,,,,,,,,
0.0030823322,0.0,1.1035433,0.403327,100.0,1.0,20,10.0,0.24192077,0.11616936,-80.089516,-99.6329,1.50922,-1.3415867,66.33538,0.0,0.44508874,0.44508874,3.8296123e-05,0.0003,4.695891,0.008114010286331177,5798.338263511658,640000,,,,,,,,,,,,,,,,,,,,,,
0.0048155147,0.0,0.9894856,0.40912548,100.0,1.0,20,10.0,0.18249872,0.08424744,-78.45523,-99.21836,1.7121314,-1.3203175,72.50407,0.0,0.40482378,0.40482378,3.7607537e-05,0.0003,4.235552,0.00831709098815918,5839.9239065647125,645000,,,,,,,,,,,,,,,,,,,,,,
0.0024322178,0.0,0.9292152,0.4127623,100.0,1.0,20,10.0,0.27509162,0.24345027,-80.41342,-99.44842,1.1634806,-1.3535675,87.66027,0.0,0.383545,0.383545,3.692371e-05,0.0003,4.112974,0.00836879849433899,5881.768036603928,650000,,,,,,,,,,,,,,,,,,,,,,
0.0037483769,0.0,0.92538476,0.4131096,100.0,1.0,20,10.0,0.15541922,0.21689057,-78.768555,-99.22241,1.2493591,-1.4689496,62.771152,0.0,0.3822853,0.3822853,3.6244823e-05,0.0003,3.9820206,0.008593929958343505,5924.737840890884,655000,,,,,,,,,,,,,,,,,,,,,,
0.0022758911,0.0,0.9562516,0.41196385,100.0,1.0,20,10.0,0.18462232,0.1994147,-79.290665,-100.19616,1.7244209,-1.3503485,66.48405,0.0,0.3939411,0.3939411,3.5571058e-05,0.0003,4.1263094,0.008308903360366821,5966.282535791397,660000,,,,,,,,,,,,,,,,,,,,,,
0.0058191726,0.0,0.90859324,0.41024262,100.0,1.0,20,10.0,0.15170728,-0.047012195,-79.9241,-99.37471,1.7962947,-1.4014827,62.86071,0.0,0.37274367,0.37274367,3.490261e-05,0.0003,3.884963,0.00841484227180481,6008.35693025589,665000,,,,,,,,,,,,,,,,,,,,,,
0.0021417392,0.0,1.165491,0.41030392,100.0,1.0,20,10.0,0.23326576,0.12813705,-77.18896,-99.59582,1.695453,-1.4272273,78.30878,0.0,0.47820553,0.47820553,3.4239645e-05,0.0003,5.0174627,0.008181030416488648,6049.2622537612915,670000,,,,,,,,,,,,,,,,,,,,,,
0.002175206,0.0,0.9196483,0.4156735,100.0,1.0,20,10.0,0.12883726,0.16022554,-81.890335,-99.62446,1.3723332,-1.517188,58.582825,0.0,0.38227344,0.38227344,3.3582368e-05,0.0003,3.9537468,0.00807894582748413,6089.657147884369,675000,,,,,,,,,,,,,,,,,,,,,,
0.0044509377,0.0,0.89183277,0.41591913,100.0,1.0,20,10.0,0.16239509,0.13725263,-80.43188,-100.31549,0.9204319,-0.836693,57.930363,0.0,0.3709303,0.3709303,3.2930948e-05,0.0003,3.8761492,0.008015398740768433,6129.734326601028,680000,,,,,,,,,,,,,,,,,,,,,,
0.0032814005,0.0,1.0443081,0.4081249,100.0,1.0,20,10.0,0.32326669,0.113227144,-81.842,-99.24426,1.1511052,-1.1454368,78.69491,0.0,0.42620814,0.42620814,3.228555e-05,0.0003,4.5886292,0.008409938907623291,6171.784198522568,685000,,,,,,,,,,,,,,,,,,,,,,
0.002841401,0.0,1.1688545,0.40491757,100.0,1.0,20,10.0,0.18457997,0.2377641,-79.45031,-99.60619,2.6013162,-1.2707671,80.63699,0.0,0.4732897,0.4732897,3.1646374e-05,0.0003,4.920318,0.008194811820983887,6212.758440494537,690000,,,,,,,,,,,,,,,,,,,,,,
0.0013727166,0.0,0.8599763,0.40195075,100.0,1.0,20,10.0,0.22459897,0.010147274,-80.51249,-99.134384,1.573199,-1.3509835,75.99165,0.0,0.3456681,0.3456681,3.1013573e-05,0.0003,3.6826527,0.00841663236618042,6254.841773033142,695000,,,,,,,,,,,,,,,,,,,,,,
0.0016229537,0.0,0.99946636,0.4007027,100.0,1.0,20,10.0,0.20221423,0.17727494,-78.68744,-99.391396,1.3712347,-1.4741187,66.714676,0.0,0.40048885,0.40048885,3.0387337e-05,0.0003,4.208726,0.008097351741790772,6295.3287053108215,700000,,,,,,,,,,,,,,,,,,,,,,
0.001195468,0.0,1.0496228,0.40136018,100.0,1.0,20,10.0,0.3270111,0.108692065,-80.050674,-100.30848,4.7326465,-4.4042683,126.629654,0.0,0.4212768,0.4212768,2.9767822e-05,0.0003,4.5409746,0.021993474388122557,6405.29624915123,705000,,,,,,,,,,,,,,,,,,,,,,
0.006075048,0.0,1.0757151,0.39821222,100.0,1.0,20,10.0,0.22250862,0.05457008,-81.99031,-98.94572,1.2078164,-1.3720404,75.766655,0.0,0.4283629,0.4283629,2.9155208e-05,0.0003,4.5122128,0.00842712173461914,6447.432021379471,710000,,,,,,,,,,,,,,,,,,,,,,
0.0043356484,0.0,0.983855,0.3935708,100.0,1.0,20,10.0,0.22673196,0.3539725,-77.98699,-99.03047,1.072124,-1.3036029,61.68438,0.0,0.38721663,0.38721663,2.8549664e-05,0.0003,4.103234,0.008481985521316529,6489.842089653015,715000,,,,,,,,,,,,,,,,,,,,,,
0.002239962,0.0,1.005077,0.389043,100.0,1.0,20,10.0,0.18880236,0.6203884,-77.50988,-99.42614,1.8237736,-1.5045307,70.239655,0.0,0.39101815,0.39101815,2.7951346e-05,0.0003,4.101224,0.008491979122161866,6532.302138328552,720000,,,,,,,,,,,,,,,,,,,,,,
0.003999507,0.0,0.9325006,0.39376724,100.0,1.0,20,10.0,0.25855958,0.22016531,-79.33836,-100.28906,1.4590442,-1.0094845,68.80521,0.0,0.3671882,0.3671882,2.736043e-05,0.0003,3.934441,0.008334893369674683,6573.9767944812775,725000,,,,,,,,,,,,,,,,,,,,,,
0.0017930213,0.0,0.9589737,0.39653686,100.0,1.0,20,10.0,0.2190775,0.18461265,-76.48182,-99.27465,1.3061273,-1.2773856,61.655746,0.0,0.38026842,0.38026842,2.6777061e-05,0.0003,4.023555,0.008537363719940185,6616.663782596588,730000,,,,,,,,,,,,,,,,,,,,,,
0.0016863964,0.0,0.93640214,0.39625147,100.0,1.0,20,10.0,0.1801371,0.3143885,-79.9103,-100.04944,1.5789614,-1.0661407,62.15398,0.0,0.37105072,0.37105072,2.6201416e-05,0.0003,3.8923306,0.008261412620544433,6657.971013784409,735000,,,,,,,,,,,,,,,,,,,,,,
0.0018445905,0.0,0.8690315,0.3997556,100.0,1.0,20,10.0,0.20723972,-1.4174557,-80.84488,-99.106445,1.4673786,-1.7700094,72.717224,0.0,0.3474002,0.3474002,2.5633639e-05,0.0003,3.6830862,0.008437090539932251,6700.156630754471,740000,,,,,,,,,,,,,,,,,,,,,,
0.002850261,0.0,1.062978,0.3959929,100.0,1.0,20,10.0,0.18805549,0.23388053,-80.16719,-99.997246,1.2227694,-1.0390317,67.423874,0.0,0.4209318,0.4209318,2.5073889e-05,0.0003,4.4002233,0.008387814426422118,6742.095879793167,745000,,,,,,,,,,,,,,,,,,,,,,
0.0021266574,0.0,0.99387544,0.39830813,100.0,1.0,20,10.0,0.13293977,0.29567784,-80.21522,-99.30756,1.3010877,-1.2672352,56.167244,0.0,0.39586866,0.39586866,2.4522331e-05,0.0003,4.093753,0.008494956827163697,6784.570842504501,750000,,,,,,,,,,,,,,,,,,,,,,
0.002659202,0.0,0.94506913,0.39739573,100.0,1.0,20,10.0,0.17196807,0.21064211,-81.01515,-99.11613,1.6815257,-1.7660197,73.780334,0.0,0.37556642,0.37556642,2.3979092e-05,0.0003,3.9302917,0.00826327838897705,6825.887401103973,755000,,,,,,,,,,,,,,,,,,,,,,
0.0054950174,0.0,0.90840554,0.4001235,100.0,1.0,20,10.0,0.22328606,0.08982052,-76.73618,-99.13917,1.2334375,-1.5557908,66.658745,0.0,0.36347443,0.36347443,2.3444345e-05,0.0003,3.8635252,0.008300604772567749,6867.390602350235,760000,,,,,,,,,,,,,,,,,,,,,,
0.0024454882,0.0,0.985656,0.39753148,100.0,1.0,20,10.0,0.19684646,0.20653924,-79.130905,-99.2362,2.3881366,-2.5897048,73.721664,0.0,0.3918293,0.3918293,2.2918219e-05,0.0003,4.117585,0.008591935777664185,6910.35046172142,765000,,,,,,,,,,,,,,,,,,,,,,
0.004077834,0.0,0.9515166,0.39390907,100.0,1.0,20,10.0,0.1405181,0.06329042,-81.849724,-99.29886,0.72596556,-1.1866293,61.82594,0.0,0.37481102,0.37481102,2.2400869e-05,0.0003,3.8927062,0.008460601043701171,6952.653643131256,770000,,,,,,,,,,,,,,,,,,,,,,
0.008647514,0.0,0.95123863,0.3941717,100.0,1.0,20,10.0,0.25555944,0.15672404,-79.68017,-99.97323,1.3180757,-1.3635641,74.36919,0.0,0.37495136,0.37495136,2.1892429e-05,0.0003,4.0137205,0.008416710805892944,6994.737358093262,775000,,,,,,,,,,,,,,,,,,,,,,
0.0029843664,0.0,0.9660874,0.38804877,100.0,1.0,20,10.0,0.16140814,0.068287134,-78.25711,-99.156906,1.1799893,-1.0164148,63.754906,0.0,0.37488905,0.37488905,2.1393029e-05,0.0003,3.9132829,0.008249321126937867,7035.984115600586,780000,,,,,,,,,,,,,,,,,,,,,,
0.0030498034,0.0,0.98161477,0.39468202,100.0,1.0,20,10.0,0.13198493,0.23070364,-78.78006,-100.09788,1.0660875,-1.2862267,64.17535,0.0,0.3874257,0.3874257,2.0902831e-05,0.0003,4.0092916,0.008209366750717163,7077.031106233597,785000,,,,,,,,,,,,,,,,,,,,,,
0.0006360676,0.0,1.1507702,0.39154264,100.0,1.0,20,10.0,0.19224587,0.07716066,-79.62662,-99.67622,1.2709069,-1.1935152,70.128365,0.0,0.45057556,0.45057556,2.0421947e-05,0.0003,4.6986375,0.008128909730911255,7117.675810098648,790000,,,,,,,,,,,,,,,,,,,,,,
0.0057089636,0.0,1.027828,0.39403862,100.0,1.0,20,10.0,0.16243291,0.055485517,-80.242004,-100.17604,1.2735895,-1.8679686,67.78378,0.0,0.4050039,0.4050039,1.9950523e-05,0.0003,4.218181,0.0082834876537323,7159.0933973789215,795000,,,,,,,,,,,,,,,,,,,,,,
0.0067076073,0.0,0.9077708,0.39374298,100.0,1.0,20,10.0,0.18852101,0.11033042,-78.45376,-100.05981,1.2865257,-1.248168,65.30073,0.0,0.35742837,0.35742837,1.9488682e-05,0.0003,3.7695122,0.008074890995025634,7199.467998743057,800000,,,,,,,,,,,,,,,,,,,,,,
0.003492076,0.0,1.1579739,0.39125192,100.0,1.0,20,10.0,0.110595465,0.08077589,-81.13232,-99.13382,1.224715,-2.3680713,71.910904,0.0,0.4530595,0.4530595,1.9036543e-05,0.0003,4.6446824,0.02130666756629944,7306.001487255096,805000,,,,,,,,,,,,,,,,,,,,,,
0.0006902321,0.0,1.0398703,0.3892733,100.0,1.0,20,10.0,0.13036573,-0.24111271,-79.794815,-100.12273,1.1206992,-1.1002057,63.423103,0.0,0.4047937,0.4047937,1.859424e-05,0.0003,4.1789927,0.00820248737335205,7347.014102697372,810000,,,,,,,,,,,,,,,,,,,,,,
0.0016281963,0.0,0.93031836,0.392743,100.0,1.0,20,10.0,0.6429717,0.09712969,-81.08269,-100.183846,2.178989,-1.3516375,68.50777,0.0,0.36537603,0.36537603,1.8161878e-05,0.0003,4.29836,0.008953546619415283,7391.781983613968,815000,,,,,,,,,,,,,,,,,,,,,,
0.0028758193,0.0,1.0350574,0.3943296,100.0,1.0,20,10.0,0.15358864,0.15840508,-79.84799,-100.23156,1.2177113,-1.8277671,64.0771,0.0,0.4081538,0.4081538,1.7739603e-05,0.0003,4.238003,0.008645083045959472,7435.007567405701,820000,,,,,,,,,,,,,,,,,,,,,,
0.0024091005,0.0,1.1593705,0.39435726,100.0,1.0,20,10.0,0.20666772,0.41505837,-80.84819,-99.092285,1.2180705,-1.7098218,75.11389,0.0,0.4572062,0.4572062,1.7327511e-05,0.0003,4.781139,0.008492113828659057,7477.468289852142,825000,,,,,,,,,,,,,,,,,,,,,,
0.005157645,0.0,0.99487376,0.3983366,100.0,1.0,20,10.0,0.14237241,0.13339894,-79.210915,-99.22762,2.0234175,-1.7230717,72.900764,0.0,0.3962946,0.3962946,1.6925713e-05,0.0003,4.110476,0.007774733972549438,7516.342122554779,830000,,,,,,,,,,,,,,,,,,,,,,
0.0011709842,0.0,1.1024585,0.39967674,100.0,1.0,20,10.0,0.15414265,0.22316074,-80.67127,-99.16499,1.1199553,-1.1494019,65.657005,0.0,0.440627,0.440627,1.653433e-05,0.0003,4.5615835,0.00819086308479309,7557.2965841293335,835000,,,,,,,,,,,,,,,,,,,,,,
0.006588298,0.0,1.0487514,0.40084234,100.0,1.0,20,10.0,0.1619605,0.041056246,-78.8999,-100.193474,1.2811344,-1.4594982,67.67296,0.0,0.42038396,0.42038396,1.6153459e-05,0.0003,4.3723884,0.008267690134048463,7598.635184049606,840000,,,,,,,,,,,,,,,,,,,,,,
0.0039290898,0.0,0.85775775,0.4039185,100.0,1.0,20,10.0,0.12386163,0.056651756,-81.27967,-100.90863,1.1083758,-1.2732309,59.85621,0.0,0.34646425,0.34646425,1.5783213e-05,0.0003,3.5924332,0.008032237529754639,7638.796528577805,845000,,,,,,,,,,,,,,,,,,,,,,
0.003240404,0.0,0.96795213,0.40510926,100.0,1.0,20,10.0,0.28961894,0.16103919,-79.34134,-99.18686,1.6929821,-0.9382612,69.13283,0.0,0.39212638,0.39212638,1.542368e-05,0.0003,4.2141232,0.007965714168548584,7678.625244140625,850000,,,,,,,,,,,,,,,,,,,,,,
0.0029696026,0.0,0.93361425,0.4035538,100.0,1.0,20,10.0,0.18355024,0.1396025,-81.51494,-99.140366,1.5777541,-1.8580586,72.50549,0.0,0.3767636,0.3767636,1.5074969e-05,0.0003,3.954156,0.00781687388420105,7717.709758520126,855000,,,,,,,,,,,,,,,,,,,,,,
0.002281339,0.0,0.94085455,0.40367362,100.0,1.0,20,10.0,0.1383163,0.13810264,-79.440704,-99.22509,2.2071989,-1.6344235,66.890755,0.0,0.37979814,0.37979814,1.4737181e-05,0.0003,3.938579,0.007865645313262939,7757.038123846054,860000,,,,,,,,,,,,,,,,,,,,,,
0.00233706,0.0,1.0500182,0.40151492,100.0,1.0,20,10.0,0.12413876,-0.030722395,-79.88814,-98.978874,1.6252812,-1.5804458,78.81563,0.0,0.42159796,0.42159796,1.4410394e-05,0.0003,4.3424554,0.007732830905914307,7795.702419757843,865000,,,,,,,,,,,,,,,,,,,,,,
0.0012167678,0.0,1.0449556,0.39933753,100.0,1.0,20,10.0,0.19009797,0.22525646,-82.474915,-99.21901,1.1906071,-1.2548312,65.17279,0.0,0.41729,0.41729,1.4094706e-05,0.0003,4.364215,0.007839166736602784,7834.898395061493,870000,,,,,,,,,,,,,,,,,,,,,,
0.0023488698,0.0,1.0366784,0.3937932,100.0,1.0,20,10.0,0.1978977,0.08844674,-80.15909,-100.52402,0.95977396,-0.9680299,63.705585,0.0,0.40823692,0.40823692,1.37902e-05,0.0003,4.2826157,0.007872750568389892,7874.262296676636,875000,,,,,,,,,,,,,,,,,,,,,,
0.0017934984,0.0,0.96892864,0.3957859,100.0,1.0,20,10.0,0.15564167,0.09610288,-80.46016,-99.09017,1.997452,-1.8895805,68.25215,0.0,0.3834883,0.3834883,1.3496962e-05,0.0003,3.9923182,0.007974858665466308,7914.136737585068,880000,,,,,,,,,,,,,,,,,,,,,,
0.0012543914,0.0,0.9582224,0.3930584,100.0,1.0,20,10.0,0.16329388,0.16329744,-76.901764,-99.060425,1.4511391,-1.7162845,65.551315,0.0,0.37663734,0.37663734,1.3215067e-05,0.0003,3.9309216,0.007851221418380737,7953.39298915863,885000,,,,,,,,,,,,,,,,,,,,,,
0.005548404,0.0,0.9738273,0.3942156,100.0,1.0,20,10.0,0.17728372,0.42142594,-78.96854,-99.07137,1.3186946,-0.9769009,65.9723,0.0,0.38389793,0.38389793,1.2944596e-05,0.0003,4.0218115,0.0079323823928833,7993.055043458939,890000,,,,,,,,,,,,,,,,,,,,,,
0.0021364784,0.0,1.1114012,0.39367577,100.0,1.0,20,10.0,0.13535717,-0.017671227,-78.44235,-99.09181,1.6116127,-1.8407248,68.14325,0.0,0.43753174,0.43753174,1.26856285e-05,0.0003,4.512811,0.007574443054199219,8030.9273998737335,895000,,,,,,,,,,,,,,,,,,,,,,
0.0025142771,0.0,0.940367,0.39429444,100.0,1.0,20,10.0,0.14701834,0.18615906,-80.373856,-99.95396,1.4529383,-1.6699516,66.2986,0.0,0.37078148,0.37078148,1.2438221e-05,0.0003,3.8573472,0.007311083745956421,8067.482962846756,900000,,,,,,,,,,,,,,,,,,,,,,
0.0027103657,0.0,1.0110846,0.3946387,100.0,1.0,20,10.0,0.13873294,0.08992423,-81.84297,-99.1498,2.223865,-1.943693,71.28224,0.0,0.3990131,0.3990131,1.22024585e-05,0.0003,4.131574,0.020287563467025756,8168.920978546143,905000,,,,,,,,,,,,,,,,,,,,,,
0.004470655,0.0,1.0352087,0.39897883,100.0,1.0,20,10.0,0.2044717,0.12256782,-79.2084,-99.30285,1.1464269,-1.6683829,72.32741,0.0,0.41302636,0.41302636,1.1978389e-05,0.0003,4.339206,0.007429568576812744,8206.069012641907,910000,,,,,,,,,,,,,,,,,,,,,,
0.001460694,0.0,0.97234726,0.40135026,100.0,1.0,20,10.0,0.14143331,0.13030393,-79.06279,-99.09103,1.3007756,-1.2755749,65.85107,0.0,0.39025182,0.39025182,1.1766084e-05,0.0003,4.045412,0.007318604135513306,8242.662215471268,915000,,,,,,,,,,,,,,,,,,,,,,
0.0032864166,0.0,0.9632361,0.39968264,100.0,1.0,20,10.0,0.4308203,0.2650498,-80.45328,-99.033165,1.511554,-1.5459259,72.957436,0.0,0.38498875,0.38498875,1.1565597e-05,0.0003,4.283994,0.007487295436859131,8280.09883594513,920000,,,,,,,,,,,,,,,,,,,,,,
0.0013041373,0.0,0.8997977,0.3986561,100.0,1.0,20,10.0,0.15561692,0.030482396,-81.50844,-99.6626,1.848378,-1.5129644,66.41441,0.0,0.35870984,0.35870984,1.1376989e-05,0.0003,3.7440195,0.0073204186916351315,8316.701097011566,925000,,,,,,,,,,,,,,,,,,,,,,
0.0019034697,0.0,0.8203576,0.40365273,100.0,1.0,20,10.0,0.2063643,0.46364623,-78.89082,-103.2123,1.2407762,-1.253139,67.42354,0.0,0.33113956,0.33113956,1.1200302e-05,0.0003,3.5196633,0.007452531957626343,8353.963928222656,930000,,,,,,,,,,,,,,,,,,,,,,
0.0020768149,0.0,1.0050551,0.3953646,100.0,1.0,20,10.0,0.13926868,0.14208172,-82.32042,-102.5257,1.2560238,-1.3417741,71.418945,0.0,0.39736322,0.39736322,1.103559e-05,0.0003,4.114978,0.00752393102645874,8391.58374786377,935000,,,,,,,,,,,,,,,,,,,,,,
0.002542098,0.0,1.014108,0.39554352,100.0,1.0,20,10.0,0.18785691,0.07872875,-79.42081,-99.00264,1.321366,-0.9875473,61.46634,0.0,0.40112382,0.40112382,1.0882903e-05,0.0003,4.2016373,0.007376668214797974,8428.467251062393,940000,,,,,,,,,,,,,,,,,,,,,,
0.0036177677,0.0,1.0418202,0.3905594,100.0,1.0,20,10.0,0.14065143,-6.2092996,-81.433105,-98.982635,1.0042132,-1.4368068,62.844265,0.0,0.40689266,0.40689266,1.0742272e-05,0.0003,4.213196,0.007431643915176391,8465.625615596771,945000,,,,,,,,,,,,,,,,,,,,,,
0.0013568447,0.0,0.9040244,0.38377905,100.0,1.0,20,10.0,0.15412137,0.18711902,-78.95871,-100.465385,1.3577486,-1.5254223,64.40815,0.0,0.34694564,0.34694564,1.061374e-05,0.0003,3.6249347,0.007264793395996094,8501.949744224548,950000,,,,,,,,,,,,,,,,,,,,,,
0.0018111786,0.0,1.0549251,0.3796826,100.0,1.0,20,10.0,0.20325223,-0.11179666,-80.28573,-99.114105,1.3387154,-1.3971113,64.532074,0.0,0.4005367,0.4005367,1.0497346e-05,0.0003,4.21043,0.007280546617507934,8538.352633476257,955000,,,,,,,,,,,,,,,,,,,,,,
0.0019050201,0.0,0.9337034,0.3844016,100.0,1.0,20,10.0,0.15927881,0.07313296,-80.701096,-100.0547,1.102014,-1.112997,59.95244,0.0,0.35891706,0.35891706,1.0393118e-05,0.0003,3.7503543,0.007344488906860351,8575.0752389431,960000,,,,,,,,,,,,,,,,,,,,,,
0.0013067705,0.0,1.0895666,0.38373548,100.0,1.0,20,10.0,0.65775216,0.1346797,-78.72905,-99.77009,1.4693427,-1.2348429,72.38591,0.0,0.41810536,0.41810536,1.0301083e-05,0.0003,4.8401127,0.007413455438613892,8612.142666816711,965000,,,,,,,,,,,,,,,,,,,,,,
0.0025799829,0.0,0.94641584,0.38045028,100.0,1.0,20,10.0,0.12457499,0.134604,-79.17508,-99.65456,1.0328785,-1.3390384,66.5069,0.0,0.36006415,0.36006415,1.0221269e-05,0.0003,3.7277966,0.007397852993011475,8649.13209939003,970000,,,,,,,,,,,,,,,,,,,,,,
0.0025067662,0.0,1.1400722,0.38266543,100.0,1.0,20,10.0,0.16586252,-4.620091,-79.72186,-99.0752,1.3743862,-1.8085063,73.56895,0.0,0.43626618,0.43626618,1.0153698e-05,0.0003,4.531031,0.007620513868331909,8687.234848022461,975000,,,,,,,,,,,,,,,,,,,,,,
0.0022540803,0.0,1.0654267,0.38311562,100.0,1.0,20,10.0,0.17126189,0.3078055,-80.322266,-101.139786,1.3645282,-1.4049373,76.471954,0.0,0.4081816,0.4081816,1.0098386e-05,0.0003,4.255332,0.007448626518249512,8724.478144645691,980000,,,,,,,,,,,,,,,,,,,,,,
0.0028433825,0.0,0.97958714,0.38638863,100.0,1.0,20,10.0,0.14514399,0.16142006,-81.36719,-100.96433,1.2170153,-1.6031253,66.64551,0.0,0.37850136,0.37850136,1.005535e-05,0.0003,3.933001,0.0074823925495147705,8761.890261411667,985000,,,,,,,,,,,,,,,,,,,,,,
0.0047298428,0.0,1.0216265,0.39016208,100.0,1.0,20,10.0,0.17867416,0.10532364,-78.869,-99.861595,1.9093935,-1.834661,73.99755,0.0,0.39859992,0.39859992,1.0024603e-05,0.0003,4.169403,0.007216710090637207,8797.973974227905,990000,,,,,,,,,,,,,,,,,,,,,,
0.0019623965,0.0,1.0216646,0.39489797,100.0,1.0,20,10.0,0.20075765,0.12699693,-76.57619,-99.938354,1.2105998,-1.2567501,65.24161,0.0,0.40345326,0.40345326,1.000615e-05,0.0003,4.2372527,0.007294574880599976,8834.447004318237,995000,,,,,,,,,,,,,,,,,,,,,,
0.0021710685,0.0,0.9416104,0.39160314,100.0,1.0,20,10.0,0.20402274,-0.31433913,-78.989334,-99.20504,1.4128034,-1.2915597,62.93799,0.0,0.36873758,0.36873758,1e-05,0.0003,3.8935695,0.007197734785079956,8870.435851335526,1000000,,,,,,,,,,,,,,,,,,,,,,
0.0004306971,0.0,,,,,,,0.16757858,0.06470688,-79.26001,-99.60383,0.3318781,-0.31956533,10.0822315,,,,,,0.1737919,0.03948787713050842,9067.875241279602,1005000,0.1015625,0.0126953125,0.0,0.0062133153,0.24895012,0.0004306971,-79.301285,0.005782618,0.0,0.18538633,0.18538633,0.1,1.0,0.011193822,0.5975614,-79.531525,4932.0,1.0,1.0,436.0,8.714160203933716,100.0
0.00023617753,0.0,,,,,,,0.15490206,0.24571975,-78.92402,-99.82376,0.15906659,-0.13640267,8.189066,,,,,,0.15891275,0.019764685249328614,9166.698672533035,1010000,0.05078125,0.0063476562,0.0,0.0040106857,0.19475675,0.00023617753,-78.92975,0.0037745084,0.0,0.17896745,0.17896745,0.1,1.0,0.02819794,0.523845,-71.41077,9960.0,1.0,1.0,602.0,12.052328824996948,100.0
0.00021834776,0.0,,,,,,,0.2491068,0.20872502,-82.66266,-99.10732,0.31819507,-1.1360767,13.730142,,,,,,0.2536246,0.019402045440673827,9263.70890378952,1015000,0.09375,0.01171875,0.0,0.004517781,0.058141947,0.00021834776,-82.655304,0.0042994334,0.0,0.19497934,0.19497934,0.1,1.0,0.005235551,0.5781164,-83.97782,14327.0,1.0,1.0,750.0,14.571632146835327,100.0
0.000174415,0.0,,,,,,,0.13300917,-0.122336864,-82.382614,-105.922745,0.17614283,-0.16881856,8.253187,,,,,,0.13616787,0.01930657606124878,9360.241788625717,1020000,0.0546875,0.0068359375,0.0,0.003158706,0.059885263,0.000174415,-82.36496,0.002984291,0.0,0.16253948,0.16253948,0.1,1.0,0.0037718124,0.56188726,-80.86505,19857.0,1.0,1.0,617.0,12.087893724441528,100.0
0.00026150915,0.0,,,,,,,0.21685436,0.025124192,-80.27777,-99.393005,0.38820082,-0.6380569,15.881388,,,,,,0.22018528,0.01941574544906616,9457.320522546768,1025000,0.08203125,0.010253906,0.0,0.0033309094,0.1234349,0.00026150915,-80.308205,0.0030694003,0.0,0.15066585,0.15066585,0.1,1.0,0.0018647243,0.56782746,-81.82017,24508.0,1.0,1.0,578.0,10.955514192581177,100.0
8.695992e-05,0.0,,,,,,,0.15571374,0.3550207,-79.2529,-99.47128,0.14917238,-0.16839176,8.284083,,,,,,0.15897588,0.019437145709991454,9554.50625872612,1030000,0.05078125,0.0068359375,0.0,0.003262154,0.045396566,8.695992e-05,-79.30351,0.0031751941,0.0,0.12756959,0.12756959,0.1,1.0,0.016626788,0.579709,-73.86511,29526.0,1.0,1.0,507.0,10.089396238327026,100.0
0.00024257525,0.0,,,,,,,0.13073605,0.035016954,-83.52662,-99.41017,0.37775913,-0.40517813,11.225077,,,,,,0.13516025,0.019487488079071046,9651.943704128265,1035000,0.0546875,0.0073242188,0.0,0.0044241934,0.18974245,0.00024257525,-83.539185,0.0041816183,0.0,0.15230109,0.15230109,0.1,1.0,0.008249162,0.6516891,-83.23478,34869.0,0.0,0.0,1000.0,19.487746477127075,0.0
0.00018350972,0.0,,,,,,,0.2038449,-0.04598169,-80.09266,-107.039986,0.25668135,-0.20024505,9.765335,,,,,,0.20931004,0.019340987253189088,9748.648645162582,1040000,0.05859375,0.0073242188,0.0,0.0054651317,0.15961003,0.00018350972,-80.1014,0.005281622,0.0,0.21289814,0.21289814,0.1,1.0,0.0038085105,0.5814523,-75.4078,39464.0,1.0,1.0,670.0,13.091590166091919,100.0
0.00025943684,0.0,,,,,,,0.1309856,-0.7906885,-84.05672,-99.42222,0.13666737,-0.19490516,8.975622,,,,,,0.13933823,0.01930524220466614,9845.174860954285,1045000,0.0625,0.0078125,0.0,0.00835263,0.14922392,0.00025943684,-84.08298,0.008093193,0.0,0.11503184,0.11503184,0.1,1.0,0.0010505489,0.5926613,-88.1575,44838.0,1.0,1.0,551.0,10.842426776885986,100.0
0.00015983084,0.0,,,,,,,0.17141503,0.16016695,-82.6839,-99.332985,0.28001836,-0.14093928,11.246554,,,,,,0.17649917,0.019436994886398315,9942.359840154648,1050000,0.05859375,0.0073242188,0.0,0.005084144,0.057309985,0.00015983084,-82.70567,0.004924313,0.0,0.11847982,0.11847982,0.1,1.0,0.009195125,0.57757354,-78.136345,49903.0,1.0,1.0,464.0,9.344273328781128,100.0
8.071744e-05,0.0,,,,,,,0.1131412,0.04456131,-83.810265,-99.48011,0.20280547,-0.15523769,6.7441325,,,,,,0.11670539,0.019338825416564943,10039.053972244263,1055000,0.05859375,0.0078125,0.0,0.0035641866,0.025691628,8.071744e-05,-83.82747,0.0034834691,0.0,0.23445575,0.23445575,0.1,1.0,0.0011953597,0.6119829,-85.554794,54229.0,1.0,1.0,430.0,8.096150159835815,100.0
0.000168511,0.0,,,,,,,0.15849763,-0.18408549,-82.76181,-99.459785,0.21885116,-0.35801405,9.821902,,,,,,0.16171579,0.019469365739822386,10136.400805473328,1060000,0.0546875,0.0068359375,0.0,0.0032181623,0.094747186,0.000168511,-82.785995,0.0030496514,0.0,0.13711202,0.13711202,0.1,1.0,0.001127904,0.6346573,-86.99937,59872.0,1.0,1.0,363.0,6.836828947067261,100.0
0.00029893755,0.0,,,,,,,0.12724078,0.543739,-82.92904,-99.41417,0.091551125,-0.09369141,5.7140985,,,,,,0.13212425,0.019353683567047118,10233.16922879219,1065000,0.08203125,0.011230469,0.0,0.004883472,0.14419043,0.00029893755,-82.95407,0.0045845346,0.0,0.13705075,0.13705075,0.1,1.0,0.0016582401,0.6146719,-84.60072,64902.0,1.0,1.0,438.0,8.74894118309021,100.0
0.00010576681,0.0,,,,,,,0.22804964,0.03826113,-83.118744,-99.575554,1.5288452,-1.0077629,24.50211,,,,,,0.2314755,0.019282170581817627,10329.580089569092,1070000,0.05078125,0.0063476562,0.0,0.003425872,0.06183088,0.00010576681,-83.143,0.0033201051,0.0,0.08215711,0.08215711,0.1,1.0,0.00073569966,0.56665796,-87.26601,69971.0,0.0,0.0,1000.0,19.341533184051514,0.0
0.00036245497,0.0,,,,,,,0.10434021,0.14190486,-83.389145,-99.593094,0.3029493,-0.10294646,8.683449,,,,,,0.10999076,0.019494784355163573,10427.054015636444,1075000,0.08984375,0.011230469,0.0,0.005650549,0.12734437,0.00036245497,-83.3781,0.0052880943,0.0,0.13277212,0.13277212,0.1,1.0,0.004804455,0.5907716,-80.95147,74823.0,1.0,1.0,444.0,8.394285678863525,100.0
0.00011297979,0.0,,,,,,,0.1578778,0.083155125,-81.89896,-99.71957,0.24962369,-0.21414076,10.281171,,,,,,0.16214415,0.01933281121253967,10523.718076229095,1080000,0.03515625,0.0043945312,0.0,0.004266357,0.06659222,0.00011297979,-81.85717,0.0041533774,0.0,0.15097854,0.15097854,0.1,1.0,0.0018110287,0.5981146,-84.32096,79785.0,1.0,1.0,440.0,8.76954698562622,100.0
5.5731565e-05,0.0,,,,,,,0.12737241,0.11253199,-80.68437,-99.40522,0.1395889,-0.19383071,7.6448946,,,,,,0.13217866,0.019395561885833742,10620.695889949799,1085000,0.04296875,0.0053710938,0.0,0.0048062536,0.03353715,5.5731565e-05,-80.72139,0.004750522,0.0,0.20372574,0.20372574,0.1,1.0,0.009538688,0.61933184,-69.31702,84060.0,1.0,1.0,471.0,8.849511623382568,100.0
0.00023627077,0.0,,,,,,,0.1632162,0.12543012,-82.480804,-99.523575,0.84971213,-0.50290394,13.229481,,,,,,0.16735548,0.01935938582420349,10717.492823600769,1090000,0.05859375,0.0078125,0.0,0.004139276,0.09072995,0.00023627077,-82.46648,0.0039030055,0.0,0.1391439,0.1391439,0.1,1.0,0.0016368746,0.59951586,-84.780304,89784.0,1.0,1.0,390.0,7.83644437789917,100.0
0.00016935129,0.0,,,,,,,0.1137276,0.09857948,-82.590645,-99.614006,0.1317398,-0.18216299,6.310009,,,,,,0.11766234,0.019432513999938963,10814.655397891998,1095000,0.04296875,0.0053710938,0.0,0.003934739,0.13121581,0.00016935129,-82.625244,0.0037653877,0.0,0.11533042,0.11533042,0.1,1.0,0.0023034264,0.6333168,-83.62065,94048.0,1.0,1.0,364.0,6.874754905700684,100.0
0.00022474374,0.0,,,,,,,0.12814765,0.15971301,-84.01619,-104.03772,0.3361394,-0.3676196,19.332005,,,,,,0.1471719,0.019311320114135742,10911.212002754211,1100000,0.078125,0.0107421875,0.0,0.019024253,0.09189308,0.00022474374,-84.02155,0.01879951,0.0,0.23080702,0.23080702,0.1,1.0,0.0034146043,0.5480841,-82.37148,99982.0,1.0,1.0,526.0,9.944744348526001,100.0
0.00016618543,0.0,,,,,,,0.15997198,0.25392723,-82.04036,-99.13595,0.20766887,-0.26941854,10.321642,,,,,,0.1640087,0.028990640687942507,11056.165212631226,1105000,0.05859375,0.0078125,0.0,0.0040367255,0.10994756,0.00016618543,-82.08176,0.0038705403,0.0,0.10959066,0.10959066,0.1,1.0,0.003435317,0.58665335,-78.653786,104150.0,1.0,1.0,434.0,8.697723627090454,100.0
0.0001575622,0.0,,,,,,,0.13986565,0.3536861,-84.791985,-102.10926,0.17491312,-0.7856994,8.720824,,,,,,0.14461698,0.019482468843460082,11153.577563285828,1110000,0.06640625,0.008300781,0.0,0.004751322,0.06645894,0.0001575622,-84.8029,0.00459376,0.0,0.109453514,0.109453514,0.1,1.0,0.013444079,0.57099754,-85.05544,109711.0,1.0,1.0,343.0,6.966619491577148,100.0
0.00011835701,0.0,,,,,,,0.21595971,-0.055608332,-82.53261,-99.637505,0.21957546,-0.24895546,10.249807,,,,,,0.22029415,0.019472971248626708,11250.942425727844,1115000,0.06640625,0.008300781,0.0,0.00433444,0.078722715,0.00011835701,-82.56112,0.004216083,0.0,0.13207394,0.13207394,0.1,1.0,0.0037525026,0.6048125,-87.9561,114987.0,1.0,1.0,476.0,9.474616289138794,100.0
0.0001505051,0.0,,,,,,,0.18015836,0.0036606193,-81.477844,-99.50084,0.3853929,-0.27048782,9.925634,,,,,,0.1839917,0.019476461029052733,11348.32473731041,1120000,0.05859375,0.0073242188,0.0,0.0038333451,0.097738504,0.0001505051,-81.490585,0.00368284,0.0,0.12743713,0.12743713,0.1,1.0,0.0021237086,0.6497662,-83.625626,119688.0,1.0,1.0,398.0,7.981699705123901,100.0
0.0003243041,0.0,,,,,,,0.28890735,-0.10103196,-81.96622,-99.440865,0.39027804,-0.3991622,13.408334,,,,,,0.29380798,0.019478607225418092,11445.717778921127,1125000,0.0703125,0.0087890625,0.0,0.0049006245,0.16228676,0.0003243041,-81.97742,0.0045763203,0.0,0.23139621,0.23139621,0.1,1.0,0.004748163,0.6186887,-75.514305,124859.0,0.0,0.0,1000.0,19.450450658798218,0.0
0.0001809806,0.0,,,,,,,0.17283088,-0.02850312,-81.05955,-101.92141,0.271897,-0.22007917,9.175058,,,,,,0.18065156,0.019450458335876466,11542.970077037811,1130000,0.05859375,0.0078125,0.0,0.007820674,0.07454443,0.0001809806,-81.10626,0.007639694,0.0,0.2018907,0.2018907,0.1,1.0,0.0060479697,0.6112292,-74.776245,129970.0,1.0,1.0,436.0,8.733716011047363,100.0
0.00019944092,0.0,,,,,,,0.19040121,-0.31010038,-82.094406,-99.79656,0.42258704,-0.26099193,10.797783,,,,,,0.19413896,0.019482637643814086,11640.383272409439,1135000,0.046875,0.005859375,0.0,0.0037377533,0.10009217,0.00019944092,-82.1046,0.0035383124,0.0,0.17071983,0.17071983,0.1,1.0,0.0063149002,0.6157008,-79.40939,134346.0,1.0,1.0,406.0,7.746838331222534,100.0
0.00017050904,0.0,,,,,,,0.18755624,0.37782186,-80.06224,-99.70061,0.4648984,-0.4318631,12.246045,,,,,,0.19236115,0.01958211798667908,11738.29386806488,1140000,0.0703125,0.0087890625,0.0,0.004804912,0.0740546,0.00017050904,-80.03539,0.004634403,0.0,0.14994843,0.14994843,0.1,1.0,0.005485396,0.55107164,-76.8606,139682.0,0.0,0.0,1000.0,19.52375602722168,0.0
0.00019770645,0.0,,,,,,,0.16286072,0.37441617,-82.84561,-99.70787,0.22755624,-0.34573147,8.932861,,,,,,0.16749562,0.01965799207687378,11836.583835601807,1145000,0.1015625,0.0126953125,0.0,0.0046348963,0.1268264,0.00019770645,-82.85373,0.00443719,0.0,0.14960551,0.14960551,0.1,1.0,0.009937429,0.59142625,-80.411934,144870.0,1.0,1.0,459.0,9.192522287368774,100.0
0.00023206032,0.0,,,,,,,0.17657465,0.12513377,-80.761795,-99.75647,0.39445537,-0.32658097,8.483759,,,,,,0.18119106,0.019699788379669188,11935.08278298378,1150000,0.0859375,0.0107421875,0.0,0.004616416,0.070022464,0.00023206032,-80.77697,0.0043843556,0.0,0.30259782,0.30259782,0.1,1.0,0.004671955,0.567944,-81.113014,149792.0,1.0,1.0,484.0,9.75901198387146,100.0
0.00015389873,0.0,,,,,,,0.22816353,-0.113709256,-81.15149,-99.7102,0.544933,-0.4486348,12.971095,,,,,,0.23272602,0.01986896743774414,12034.427627801895,1155000,0.03515625,0.0043945312,0.0,0.004562497,0.16822958,0.00015389873,-81.13837,0.0044085984,0.0,0.18881056,0.18881056,0.1,1.0,0.0050395816,0.5509638,-78.57583,154991.0,1.0,1.0,506.0,10.084554672241211,100.0
0.00018937781,0.0,,,,,,,0.16886413,0.042942077,-83.292305,-99.65792,0.25388634,-0.22056791,9.341728,,,,,,0.17400114,0.019692733669281006,12132.891302585602,1160000,0.06640625,0.0087890625,0.0,0.005137018,0.071837425,0.00018937781,-83.334,0.00494764,0.0,0.1341849,0.1341849,0.1,1.0,0.02422718,0.5896274,-78.82791,159916.0,1.0,1.0,413.0,8.377790451049805,100.0
0.00012964802,0.0,,,,,,,0.18878046,0.017093793,-83.28444,-103.743355,0.2203802,-0.19212744,7.6042757,,,,,,0.19461852,0.01970170660018921,12231.399842262268,1165000,0.05078125,0.0063476562,0.0,0.0058380663,0.09477103,0.00012964802,-83.27779,0.0057084183,0.0,0.1381779,0.1381779,0.1,1.0,0.0031296473,0.5845969,-81.06636,164846.0,1.0,1.0,328.0,6.786164283752441,100.0
9.795104e-05,0.0,,,,,,,0.1636202,0.08267449,-83.59012,-99.49072,0.40415838,-0.45165122,15.625341,,,,,,0.16710846,0.01965606231689453,12329.68016242981,1170000,0.05078125,0.0063476562,0.0,0.0034882538,0.047152042,9.795104e-05,-83.643585,0.0033903026,0.0,0.12087673,0.12087673,0.1,1.0,0.005197215,0.5954422,-84.86453,169674.0,0.0,0.0,1000.0,19.655338048934937,0.0
0.00026138854,0.0,,,,,,,0.23197626,-2.029925,-81.89569,-99.908005,0.2723924,-0.25963405,13.681661,,,,,,0.24056663,0.019575781297683715,12427.559077262878,1175000,0.05078125,0.0063476562,0.0,0.008590367,0.13392723,0.00026138854,-81.94025,0.008328978,0.0,0.29499328,0.29499328,0.1,1.0,0.004693253,0.5933809,-78.141754,174705.0,1.0,1.0,376.0,7.171015739440918,100.0
0.00017946336,0.0,,,,,,,0.15988971,-0.021145523,-80.76199,-99.706726,0.172289,-0.16233099,8.000339,,,,,,0.16426936,0.019583755016326903,12525.477863788605,1180000,0.08203125,0.010253906,0.0,0.0043796515,0.13808346,0.00017946336,-80.80683,0.004200188,0.0,0.12152636,0.12152636,0.1,1.0,0.011398595,0.52520424,-82.299484,179601.0,1.0,1.0,466.0,8.86123251914978,100.0
0.0002656377,0.0,,,,,,,0.15115884,-7.0701733,-83.06538,-99.702896,0.15631807,-0.16768089,7.1067095,,,,,,0.15475675,0.019594833040237427,12623.452034950256,1185000,0.11328125,0.015136719,0.0,0.003597914,0.080739975,0.0002656377,-83.07532,0.0033322764,0.0,0.12752756,0.12752756,0.1,1.0,0.0071199164,0.54617333,-84.13171,184804.0,1.0,1.0,505.0,9.661782264709473,100.0
0.0001523344,0.0,,,,,,,0.14811331,-0.12674427,-82.86034,-99.988434,0.251992,-0.24182595,8.62779,,,,,,0.15382856,0.01954451904296875,12721.174636125565,1190000,0.0625,0.0078125,0.0,0.005715257,0.07643223,0.0001523344,-82.84607,0.0055629225,0.0,0.15363336,0.15363336,0.1,1.0,0.0020515271,0.6215004,-80.823616,189903.0,1.0,1.0,456.0,8.671985149383545,100.0
0.00020710158,0.0,,,,,,,0.2525391,0.10264976,-82.88486,-99.41618,0.57838094,-0.52316076,14.871332,,,,,,0.2568244,0.01952399959564209,12818.794640302658,1195000,0.06640625,0.008300781,0.0,0.004285298,0.08430886,0.00020710158,-82.92343,0.0040781964,0.0,0.15946138,0.15946138,0.1,1.0,0.0045829434,0.56787694,-80.12547,194922.0,1.0,1.0,506.0,9.579524517059326,100.0
0.00014398812,0.0,,,,,,,0.19322963,0.28847104,-77.95188,-99.51894,0.29839292,-0.30658838,7.980111,,,,,,0.19609298,0.01953589310646057,12916.474112510681,1200000,0.046875,0.005859375,0.0,0.0028633464,0.10021663,0.00014398812,-77.94104,0.0027193583,0.0,0.18370107,0.18370107,0.1,1.0,0.0034628003,0.6080864,-80.17126,199740.0,1.0,1.0,324.0,6.118361949920654,100.0
0.00018127536,0.0,,,,,,,0.19788706,0.16929926,-78.3376,-99.70064,0.24029465,-0.2694067,8.007523,,,,,,0.2013714,0.02965149416923523,13064.731589078903,1205000,0.07421875,0.009765625,0.0,0.003484342,0.11514974,0.00018127536,-78.39902,0.0033030666,0.0,0.14217642,0.14217642,0.1,1.0,0.0029351094,0.648254,-78.313705,204226.0,1.0,1.0,372.0,7.061256408691406,100.0
0.0001212862,0.0,,,,,,,0.18973032,0.08301403,-84.012985,-102.49567,0.57259643,-0.6850611,14.772945,,,,,,0.1935221,0.01963086700439453,13162.885930538177,1210000,0.05078125,0.0068359375,0.0,0.0037917849,0.08127117,0.0001212862,-83.96777,0.0036704987,0.0,0.15709075,0.15709075,0.1,1.0,0.002361454,0.6029265,-87.47557,209981.0,1.0,1.0,376.0,7.126675844192505,100.0
0.00011168758,0.0,,,,,,,0.24582535,-0.029634207,-80.4639,-99.79649,0.2131665,-0.22220087,10.403704,,,,,,0.25172976,0.01954021167755127,13260.586995363235,1215000,0.05859375,0.0073242188,0.0,0.005904409,0.051532745,0.00011168758,-80.50213,0.0057927216,0.0,0.23143373,0.23143373,0.1,1.0,0.007254646,0.58036953,-76.54533,214584.0,0.0,0.0,1000.0,19.498213529586792,0.0
0.000106035965,0.0,,,,,,,0.21970208,0.10593632,-81.23633,-102.17947,0.4230629,-0.4467069,10.840153,,,,,,0.2229682,0.019470649337768556,13357.94024848938,1220000,0.046875,0.005859375,0.0,0.0032661243,0.046035647,0.000106035965,-81.238785,0.0031600883,0.0,0.12160294,0.12160294,0.1,1.0,0.002304972,0.57162,-82.69559,219967.0,1.0,1.0,480.0,9.083355903625488,100.0
0.0001751181,0.0,,,,,,,0.17323247,0.59432364,-80.862,-99.95745,0.38184798,-0.2946611,10.221147,,,,,,0.17818822,0.019533177900314332,13455.606143951416,1225000,0.0546875,0.0073242188,0.0,0.0049557523,0.084246516,0.0001751181,-80.908936,0.0047806343,0.0,0.29344356,0.29344356,0.1,1.0,0.003281001,0.54177755,-78.51941,224946.0,1.0,1.0,335.0,6.362692594528198,100.0
0.0003478902,0.0,,,,,,,0.19762048,-0.5739848,-81.88359,-99.67921,0.36789978,-0.30701816,11.628005,,,,,,0.20207511,0.019507661581039427,13553.144458293915,1230000,0.05078125,0.0068359375,0.0,0.0044546267,0.22458792,0.0003478902,-81.88519,0.0041067363,0.0,0.23825438,0.23825438,0.1,1.0,0.0020968781,0.5923447,-81.15924,229833.0,1.0,1.0,374.0,7.084945201873779,100.0
0.00018144131,0.0,,,,,,,0.27138957,0.58690894,-82.785324,-99.43158,3.5500169,-5.443296,45.982216,,,,,,0.27711692,0.01951198797225952,13650.704404354095,1235000,0.078125,0.010253906,0.0,0.0057273395,0.083597064,0.00018144131,-82.8074,0.0055458983,0.0,0.19715826,0.19715826,0.1,1.0,0.0015948882,0.56295174,-87.193375,234886.0,1.0,1.0,445.0,8.405269384384155,100.0
0.00016753306,0.0,,,,,,,0.14093208,0.5162698,-82.08487,-99.77376,0.23517752,-0.13624638,10.060963,,,,,,0.14539729,0.0194282874584198,13747.845848560333,1240000,0.0625,0.008300781,0.0,0.0044652056,0.14333189,0.00016753306,-82.07208,0.004297673,0.0,0.12716618,0.12716618,0.1,1.0,0.005407048,0.60786974,-80.96495,239949.0,1.0,1.0,416.0,7.858804702758789,100.0
0.0002410342,0.0,,,,,,,0.18027686,-0.1166331,-80.51393,-99.62762,0.20743822,-0.36456484,10.583382,,,,,,0.18680736,0.019722755527496336,13846.459631681442,1245000,0.046875,0.0063476562,0.0,0.006530509,0.14979386,0.0002410342,-80.55638,0.0062894747,0.0,0.21198368,0.21198368,0.1,1.0,0.0021592947,0.5815803,-83.43651,244161.0,1.0,1.0,377.0,7.789129018783569,100.0
0.0002765924,0.0,,,,,,,0.21717222,-0.09072545,-81.146736,-99.947556,0.25083622,-0.20351297,9.165522,,,,,,0.22228432,0.019641283893585205,13944.666057348251,1250000,0.07421875,0.009277344,0.0,0.005112097,0.21356773,0.0002765924,-81.19359,0.0048355046,0.0,0.16762727,0.16762727,0.1,1.0,0.0049401214,0.5516342,-79.572525,249200.0,1.0,1.0,442.0,8.83230972290039,100.0
0.00023109413,0.0,,,,,,,0.15839213,0.20278068,-85.065186,-99.6198,0.7350007,-0.47551847,12.670084,,,,,,0.16232644,0.019646613931655885,14042.89913392067,1255000,0.078125,0.009765625,0.0,0.003934312,0.12743282,0.00023109413,-85.11997,0.003703218,0.0,0.13097727,0.13097727,0.1,1.0,0.003784545,0.5736759,-80.975525,254617.0,1.0,1.0,341.0,6.540834426879883,100.0
6.025209e-05,0.0,,,,,,,0.28869265,-0.115251884,-83.95576,-101.253105,0.41581738,-0.4392154,12.693394,,,,,,0.29173857,0.01968220901489258,14141.310185909271,1260000,0.03515625,0.0053710938,0.0,0.0030459242,0.05132544,6.025209e-05,-83.96819,0.002985672,0.0,0.15231973,0.15231973,0.1,1.0,0.0017522839,0.6019225,-86.00786,259721.0,0.0,0.0,1000.0,19.685429096221924,0.0
0.00013540394,0.0,,,,,,,0.22554651,0.28063613,-78.6736,-99.88829,0.63094074,-0.9357745,14.174103,,,,,,0.22979861,0.019671676206588745,14239.668573856354,1265000,0.07421875,0.009277344,0.0,0.0042521115,0.044359207,0.00013540394,-78.731636,0.0041167075,0.0,0.14333543,0.14333543,0.1,1.0,0.016044473,0.62045246,-81.212585,264589.0,1.0,1.0,425.0,8.11933708190918,100.0
0.00039173494,0.0,,,,,,,0.1601604,0.24582386,-78.89164,-99.89657,0.26105803,-0.2330239,8.386829,,,,,,0.16685635,0.01953501124382019,14337.343636512756,1270000,0.08984375,0.012207031,0.0,0.0066959346,0.23422265,0.00039173494,-78.88001,0.0063042,0.0,0.13374484,0.13374484,0.1,1.0,0.0019538368,0.58432573,-83.30678,269751.0,1.0,1.0,395.0,7.55595326423645,100.0
0.00013950415,0.0,,,,,,,0.124177106,0.8756265,-81.90946,-99.501335,0.23898174,-0.25071582,7.036959,,,,,,0.1272088,0.019617828750610352,14435.432786464691,1275000,0.0625,0.0078125,0.0,0.0030316971,0.13929415,0.00013950415,-81.89169,0.002892193,0.0,0.11229205,0.11229205,0.1,1.0,0.0037310005,0.59116733,-83.00705,274722.0,1.0,1.0,401.0,7.628803014755249,100.0
0.00016582996,0.0,,,,,,,0.28116155,-0.017729819,-81.26457,-99.71546,0.29593146,-0.25187582,9.732865,,,,,,0.2846556,0.019606334686279297,14533.464465856552,1280000,0.05859375,0.0073242188,0.0,0.0034940643,0.113765,0.00016582996,-81.25552,0.0033282344,0.0,0.18062112,0.18062112,0.1,1.0,0.0029563368,0.6014278,-76.88627,279294.0,1.0,1.0,500.0,10.029857635498047,100.0
0.00023602549,0.0,,,,,,,0.15011385,-3.8385525,-83.62803,-99.82579,0.14576216,-0.33202618,9.3711405,,,,,,0.15779439,0.01972571520805359,14632.093048095703,1285000,0.0703125,0.009765625,0.0,0.007680542,0.07747817,0.00023602549,-83.67651,0.0074445163,0.0,0.16983621,0.16983621,0.1,1.0,0.004926874,0.5363216,-82.13575,284790.0,1.0,1.0,325.0,6.6941540241241455,100.0
0.00014991988,0.0,,,,,,,0.26555395,0.10501124,-78.90552,-99.75461,0.4724997,-0.3538104,13.469891,,,,,,0.26861882,0.019578811931610107,14729.987114191055,1290000,0.0703125,0.009765625,0.0,0.0030648606,0.06609595,0.00014991988,-78.91717,0.0029149407,0.0,0.18478948,0.18478948,0.1,1.0,0.0037783694,0.59579784,-81.758224,289780.0,1.0,1.0,405.0,7.6798882484436035,100.0
0.00018938968,0.0,,,,,,,0.15701202,0.064502105,-83.95739,-99.841835,0.17744894,-0.22014572,9.481443,,,,,,0.16198702,0.019534275245666505,14827.658496141434,1295000,0.078125,0.010253906,0.0,0.0049750037,0.12144935,0.00018938968,-84.00308,0.004785614,0.0,0.16155793,0.16155793,0.1,1.0,0.0020260254,0.62068856,-84.11432,294942.0,1.0,1.0,467.0,8.908799886703491,100.0
0.00013255846,0.0,,,,,,,0.16628146,0.030350164,-80.75572,-99.51912,0.21076581,-0.27823868,10.183166,,,,,,0.16943647,0.019583024120330812,14925.573623657227,1300000,0.0625,0.008300781,0.0,0.003155013,0.05136001,0.00013255846,-80.75949,0.0030224547,0.0,0.10664571,0.10664571,0.1,1.0,0.0023784838,0.64708245,-84.26403,299466.0,1.0,1.0,333.0,6.802206516265869,100.0
9.508274e-05,0.0,,,,,,,0.18180731,-0.17460899,-81.84984,-103.25159,0.16025352,-0.15564233,7.7025943,,,,,,0.18668185,0.028061662673950195,15065.88194346428,1305000,0.03125,0.00390625,0.0,0.004874537,0.08508468,9.508274e-05,-81.88013,0.004779454,0.0,0.15037926,0.15037926,0.1,1.0,0.002900014,0.62504,-81.9349,304736.0,1.0,1.0,483.0,9.294777631759644,100.0
0.00017919048,0.0,,,,,,,0.18454783,0.1541007,-81.61619,-99.69487,0.22548206,-0.23300695,9.98159,,,,,,0.19257656,0.019774190282821656,15164.752901792526,1310000,0.0703125,0.009277344,0.0,0.008028735,0.12412286,0.00017919048,-81.5952,0.007849545,0.0,0.15669712,0.15669712,0.1,1.0,0.011275057,0.57649547,-83.062035,309967.0,0.0,0.0,1000.0,20.179110527038574,0.0
0.00022139918,0.0,,,,,,,0.21112877,-0.22287516,-80.57742,-99.71204,0.58588445,-0.624315,12.672938,,,,,,0.21555045,0.019642699003219605,15262.966403484344,1315000,0.078125,0.0107421875,0.0,0.004421684,0.12035048,0.00022139918,-80.68652,0.004200285,0.0,0.14717907,0.14717907,0.1,1.0,0.0022749633,0.60498166,-79.99545,314072.0,1.0,1.0,391.0,7.504992246627808,100.0
0.00014895038,0.0,,,,,,,0.23815984,0.20449682,-79.958145,-99.68059,0.63408077,-0.4525321,15.262744,,,,,,0.24172005,0.019625639295578003,15361.094606876373,1320000,0.06640625,0.0087890625,0.0,0.003560208,0.07061815,0.00014895038,-79.99395,0.0034112576,0.0,0.14603874,0.14603874,0.1,1.0,0.007227336,0.571215,-77.40271,319777.0,1.0,1.0,387.0,7.432687520980835,100.0
0.00014535029,0.0,,,,,,,0.19935727,0.07456204,-81.70749,-99.79218,1.0523697,-0.88811594,20.920359,,,,,,0.20415035,0.01982062840461731,15460.197755098343,1325000,0.0546875,0.0078125,0.0,0.004793083,0.0724107,0.00014535029,-81.739265,0.0046477327,0.0,0.3208437,0.3208437,0.1,1.0,0.008796873,0.5873128,-79.92863,324758.0,1.0,1.0,377.0,7.279625654220581,100.0
9.821553e-05,0.0,,,,,,,0.14978734,-0.012332603,-83.696335,-99.714455,0.43756023,-0.17338341,10.327195,,,,,,0.15301898,0.019794441080093383,15559.16996717453,1330000,0.0546875,0.0073242188,0.0,0.003231645,0.061267614,9.821553e-05,-83.68164,0.0031334297,0.0,0.099334255,0.099334255,0.1,1.0,0.0007800254,0.6403685,-90.35938,329300.0,1.0,1.0,351.0,6.709446668624878,100.0
0.00015682535,0.0,,,,,,,0.13411222,-0.1570398,-80.97,-99.850716,0.18169594,-0.18558586,7.6459002,,,,,,0.13755436,0.019657303524017334,15657.456491708755,1335000,0.05078125,0.0063476562,0.0,0.0034421314,0.09510338,0.00015682535,-81.03154,0.003285306,0.0,0.18477142,0.18477142,0.1,1.0,0.017589819,0.6281837,-75.742004,334758.0,1.0,1.0,379.0,7.741665601730347,100.0
8.43904e-05,0.0,,,,,,,0.19263211,-0.0444635,-80.44068,-99.6265,0.28828105,-0.37655282,11.087206,,,,,,0.19568355,0.019618695449829103,15755.549974918365,1340000,0.03515625,0.0048828125,0.0,0.0030514468,0.030117154,8.43904e-05,-80.44274,0.0029670564,0.0,0.09198557,0.09198557,0.1,1.0,0.0032732168,0.60057265,-82.10444,339466.0,1.0,1.0,427.0,8.172144412994385,100.0
8.3653955e-05,0.0,,,,,,,0.4113177,0.11175656,-77.8363,-99.65248,0.46835473,-0.4316081,13.913056,,,,,,0.41611966,0.01978586320877075,15854.47929739952,1345000,0.0390625,0.0053710938,0.0,0.0048019504,0.05983007,8.3653955e-05,-77.87439,0.004718296,0.0,0.14702827,0.14702827,0.1,1.0,0.002815035,0.53996515,-82.27785,344697.0,0.0,0.0,1000.0,19.800055265426636,0.0
0.00024034694,0.0,,,,,,,0.21523237,0.7287503,-79.46007,-103.58984,0.30731368,-0.18390201,10.231804,,,,,,0.2197498,0.019643780517578126,15952.69820690155,1350000,0.07421875,0.009765625,0.0,0.00451742,0.09719157,0.00024034694,-79.52284,0.0042770733,0.0,0.17870888,0.17870888,0.1,1.0,0.012677434,0.5977891,-75.15501,349648.0,1.0,1.0,392.0,8.022624254226685,100.0
6.9251924e-05,0.0,,,,,,,0.496796,0.23224187,-81.265076,-99.40108,0.32336515,-0.36252677,15.252202,,,,,,0.5006249,0.019743177795410155,16051.414102077484,1355000,0.05078125,0.0063476562,0.0,0.0038289118,0.024937987,6.9251924e-05,-81.25905,0.0037596598,0.0,0.18475032,0.18475032,0.1,1.0,0.012311545,0.54937136,-79.4515,354111.0,1.0,1.0,335.0,6.4352357387542725,100.0
0.00022958836,0.0,,,,,,,0.1371537,-0.13007797,-82.2139,-99.787025,0.17180897,-0.2132581,7.2417216,,,,,,0.14149463,0.01963104090690613,16149.569313049316,1360000,0.06640625,0.008300781,0.0,0.0043409304,0.08396995,0.00022958836,-82.21095,0.004111342,0.0,0.2092396,0.2092396,0.1,1.0,0.0021388233,0.58607477,-78.13936,359176.0,0.0,0.0,1000.0,20.18980574607849,0.0
0.0002258218,0.0,,,,,,,0.2009307,-0.04160036,-81.13724,-99.7274,0.31225997,-0.29628825,10.616791,,,,,,0.2063233,0.019877581310272216,16248.95723080635,1365000,0.0859375,0.01171875,0.0,0.005392589,0.06543815,0.0002258218,-81.256,0.005166767,0.0,0.13906595,0.13906595,0.1,1.0,0.004200333,0.57737863,-82.846725,364759.0,1.0,1.0,406.0,8.362581014633179,100.0
0.0001401573,0.0,,,,,,,0.21344064,-0.08209382,-83.16835,-99.72005,0.19683738,-0.3352862,7.0436854,,,,,,0.21561776,0.01966674041748047,16347.290939092636,1370000,0.04296875,0.0053710938,0.0,0.002177118,0.13321304,0.0001401573,-83.2041,0.0020369608,0.0,0.07719304,0.07719304,0.1,1.0,0.027105926,0.5915795,-87.436646,369671.0,1.0,1.0,363.0,6.894211053848267,100.0
0.00019416912,0.0,,,,,,,0.41423053,0.35535264,-78.70773,-99.74653,0.22016364,-0.16530831,9.522612,,,,,,0.42018995,0.0196843665599823,16445.712777614594,1375000,0.0625,0.0078125,0.0,0.005959429,0.060312986,0.00019416912,-78.75781,0.0057652597,0.0,0.22644544,0.22644544,0.1,1.0,0.00729754,0.49829763,-79.54992,374622.0,0.0,0.0,1000.0,19.703295469284058,0.0
0.00013638422,0.0,,,,,,,0.18694663,0.5136286,-82.29707,-99.73915,0.16710043,-0.36176205,11.154321,,,,,,0.19053125,0.019658562755584717,16544.005598068237,1380000,0.0546875,0.0068359375,0.0,0.0035846196,0.05539632,0.00013638422,-82.35072,0.0034482353,0.0,0.17123647,0.17123647,0.1,1.0,0.0011212449,0.5938836,-84.33998,379764.0,1.0,1.0,377.0,7.231670141220093,100.0
0.00032333203,0.0,,,,,,,0.27287465,0.36437622,-77.70935,-99.86746,0.36742055,-0.31593847,13.345384,,,,,,0.27684096,0.019615225887298585,16642.08173418045,1385000,0.08203125,0.010253906,0.0,0.003966303,0.27144122,0.00032333203,-77.74978,0.0036429712,0.0,0.19771293,0.19771293,0.1,1.0,0.0016992006,0.5215037,-82.85248,384825.0,1.0,1.0,464.0,8.878530979156494,100.0
0.00019020878,0.0,,,,,,,0.26997364,1.6132382,-77.949875,-99.94131,0.4686911,-0.6927127,13.9320345,,,,,,0.27428898,0.01971113257408142,16740.637402534485,1390000,0.05078125,0.0063476562,0.0,0.004315342,0.14016688,0.00019020878,-77.99356,0.004125133,0.0,0.18564025,0.18564025,0.1,1.0,0.017271366,0.64147955,-75.813446,389598.0,1.0,1.0,383.0,7.273866653442383,100.0
0.000112623035,0.0,,,,,,,0.16530748,0.35475108,-82.28815,-99.75781,0.266791,-0.26114768,7.6255236,,,,,,0.16809408,0.0196037549495697,16838.656184196472,1395000,0.06640625,0.008300781,0.0,0.002786601,0.06481159,0.000112623035,-82.36191,0.002673978,0.0,0.15230861,0.15230861,0.1,1.0,0.006082133,0.5455951,-81.26161,394364.0,1.0,1.0,361.0,6.8849570751190186,100.0
9.7941374e-05,0.0,,,,,,,0.22841,-0.530623,-78.21484,-99.816216,0.30146897,-0.3058434,12.569744,,,,,,0.23357278,0.01974914050102234,16937.401893377304,1400000,0.05078125,0.0063476562,0.0,0.005162781,0.06653416,9.7941374e-05,-78.31533,0.00506484,0.0,0.32514316,0.32514316,0.1,1.0,0.005637687,0.53620493,-75.2969,399093.0,1.0,1.0,405.0,8.202171564102173,100.0
0.00028811226,0.0,,,,,,,0.13105719,0.16197534,-82.714066,-99.59408,0.17026787,-0.2611506,8.376965,,,,,,0.13622601,0.028894432067871095,17081.87406730652,1405000,0.1015625,0.0126953125,0.0,0.0051688193,0.106318474,0.00028811226,-82.732155,0.0048807072,0.0,0.19447309,0.19447309,0.1,1.0,0.0023717103,0.5987432,-81.78866,404676.0,1.0,1.0,554.0,10.525261878967285,100.0
0.00015601987,0.0,,,,,,,0.3020499,0.14269783,-80.008865,-99.8446,0.5777608,-0.46383658,14.502157,,,,,,0.30515045,0.019577853298187255,17179.76333975792,1410000,0.06640625,0.008300781,0.0,0.0031005424,0.073153734,0.00015601987,-80.0716,0.0029445225,0.0,0.15867649,0.15867649,0.1,1.0,0.0071767615,0.6184548,-78.53662,409383.0,1.0,1.0,392.0,8.012554168701172,100.0
0.00011143705,0.0,,,,,,,0.22427239,-1.9468671,-82.21161,-99.65832,0.30843052,-0.3963451,10.071379,,,,,,0.22858548,0.019865579891204833,17279.091245412827,1415000,0.03125,0.00390625,0.0,0.0043130997,0.071347356,0.00011143705,-82.18129,0.0042016627,0.0,0.2463804,0.2463804,0.1,1.0,0.00301167,0.64314663,-81.12778,414897.0,1.0,1.0,323.0,6.273908615112305,100.0
5.9273443e-05,0.0,,,,,,,0.165135,0.1355254,-81.594086,-99.67459,0.37625173,-0.3237045,10.167715,,,,,,0.16783158,0.019550595378875733,17376.844227790833,1420000,0.03515625,0.0048828125,0.0,0.002696592,0.057939768,5.9273443e-05,-81.66296,0.0026373183,0.0,0.13860075,0.13860075,0.1,1.0,0.027610343,0.65459967,-81.78612,419690.0,1.0,1.0,456.0,8.615433692932129,100.0
0.00017169764,0.0,,,,,,,0.25405115,0.22583714,-77.28378,-99.69251,0.250911,-0.3871679,11.752093,,,,,,0.25841084,0.019748134088516237,17475.584904670715,1425000,0.05859375,0.0073242188,0.0,0.004359684,0.05438578,0.00017169764,-77.36485,0.0041879863,0.0,0.18196562,0.18196562,0.1,1.0,0.0054533244,0.6028104,-73.103195,424397.0,1.0,1.0,365.0,6.986729383468628,100.0
0.0002245825,0.0,,,,,,,0.20863485,1.3407179,-80.466385,-99.85813,0.36049828,-0.30927658,11.244769,,,,,,0.21494602,0.019857619524002074,17574.873008966446,1430000,0.05859375,0.0078125,0.0,0.0063111586,0.07921851,0.0002245825,-80.51184,0.0060865763,0.0,0.31045508,0.31045508,0.1,1.0,0.007285066,0.5927366,-77.88311,429904.0,1.0,1.0,350.0,6.753733396530151,100.0
0.0003895645,0.0,,,,,,,0.18187097,0.13379751,-79.633934,-99.78438,0.19431053,-0.18896693,9.148863,,,,,,0.1866223,0.019670334625244142,17673.22468829155,1435000,0.10546875,0.015625,0.0,0.0047513447,0.16380787,0.0003895645,-79.67915,0.0043617804,0.0,0.18929908,0.18929908,0.1,1.0,0.007749457,0.5876442,-79.26038,434767.0,1.0,1.0,431.0,8.752630472183228,100.0
0.0002086148,0.0,,,,,,,0.20663738,-0.010424197,-79.153915,-99.877914,0.25201732,-0.29550835,12.754877,,,,,,0.21161981,0.01967580499649048,17771.60371875763,1440000,0.05859375,0.0078125,0.0,0.0049824337,0.1419177,0.0002086148,-79.19769,0.004773819,0.0,0.11165832,0.11165832,0.1,1.0,0.009760518,0.58284533,-85.113434,439048.0,1.0,1.0,334.0,6.328006744384766,100.0
0.00022068166,0.0,,,,,,,0.22940049,0.24415892,-78.2894,-99.65098,0.3120339,-0.3841969,9.404736,,,,,,0.23284827,0.01954291591644287,17869.318305015564,1445000,0.0625,0.0078125,0.0,0.003447792,0.1979183,0.00022068166,-78.28538,0.0032271103,0.0,0.17556083,0.17556083,0.1,1.0,0.011861011,0.53676414,-74.75012,444253.0,1.0,1.0,418.0,7.9145872592926025,100.0
0.00020464562,0.0,,,,,,,0.28485364,0.020612225,-80.02189,-99.88319,0.5585337,-0.45327657,16.09029,,,,,,0.2907582,0.019582092094421386,17967.228771686554,1450000,0.078125,0.011230469,0.0,0.0059045632,0.08456051,0.00020464562,-80.08056,0.0056999177,0.0,0.16718754,0.16718754,0.1,1.0,0.017117983,0.57896066,-82.24824,449932.0,1.0,1.0,457.0,8.712911605834961,100.0
0.00011262571,0.0,,,,,,,0.5225267,-0.085384384,-80.28166,-99.78072,0.30342987,-0.25517306,11.110497,,,,,,0.5254715,0.019747962856292725,18065.9685921669,1455000,0.0546875,0.0068359375,0.0,0.0029448476,0.038698554,0.00011262571,-80.32033,0.0028322218,0.0,0.14583571,0.14583571,0.1,1.0,0.013513065,0.59227645,-80.39699,454946.0,1.0,1.0,347.0,6.694627285003662,100.0
0.00010299514,0.0,,,,,,,0.16105223,1.3372189,-80.76935,-99.67632,0.13832717,-0.23486398,6.9726377,,,,,,0.16452332,0.01968025197982788,18164.369858026505,1460000,0.05859375,0.0073242188,0.0,0.0034710858,0.14487565,0.00010299514,-80.77003,0.0033680906,0.0,0.15517259,0.15517259,0.1,1.0,0.0059026214,0.5795931,-75.11158,459347.0,1.0,1.0,372.0,7.612417936325073,100.0
0.0001371465,0.0,,,,,,,0.14898732,-0.3037457,-78.67809,-102.08457,0.24422729,-0.30720058,9.374929,,,,,,0.1544641,0.019487688302993775,18261.80830526352,1465000,0.06640625,0.008300781,0.0,0.0054767774,0.05980158,0.0001371465,-78.739655,0.005339631,0.0,0.22084597,0.22084597,0.1,1.0,0.020767553,0.6006969,-75.04613,464659.0,1.0,1.0,318.0,6.018278121948242,100.0
0.000104890205,0.0,,,,,,,0.20187157,-0.08868128,-80.92743,-99.63435,0.2773894,-0.274139,8.343796,,,,,,0.20579776,0.01972559986114502,18360.43631005287,1470000,0.0703125,0.0087890625,0.0,0.0039261873,0.07423365,0.000104890205,-80.96838,0.003821297,0.0,0.17211755,0.17211755,0.1,1.0,0.003908667,0.57657886,-79.249016,469560.0,1.0,1.0,416.0,8.447974443435669,100.0
0.00016819028,0.0,,,,,,,0.16210033,-0.26868516,-80.112976,-99.72352,0.17862761,-0.14942814,7.7569804,,,,,,0.16575764,0.019746786117553712,18459.17024731636,1475000,0.06640625,0.0087890625,0.0,0.0036573096,0.07171333,0.00016819028,-80.15126,0.0034891192,0.0,0.17594036,0.17594036,0.1,1.0,0.012881398,0.5752666,-77.393196,474725.0,1.0,1.0,431.0,8.277010917663574,100.0
0.00010718935,0.0,,,,,,,0.4773162,0.14917974,-79.0699,-99.63796,0.96441466,-1.0524969,25.230154,,,,,,0.48121125,0.019646004152297974,18557.400275707245,1480000,0.03125,0.00390625,0.0,0.0038950304,0.095293164,0.00010718935,-79.076836,0.003787841,0.0,0.12425315,0.12425315,0.1,1.0,0.0033098003,0.6012547,-82.99491,479712.0,1.0,1.0,470.0,9.049594640731812,100.0
0.00016298419,0.0,,,,,,,0.15234125,-0.7384465,-81.08852,-99.9109,0.18181348,-0.21428442,7.3324986,,,,,,0.15618446,0.019721783304214476,18656.009199619293,1485000,0.078125,0.009765625,0.0,0.003843219,0.12722361,0.00016298419,-81.20096,0.0036802348,0.0,0.23983105,0.23983105,0.1,1.0,0.0050765146,0.59206426,-77.21709,484608.0,0.0,0.0,1000.0,19.715201139450073,0.0
0.00012597407,0.0,,,,,,,0.22203521,-4.026767,-80.23237,-99.812836,0.30458975,-0.18115804,9.326084,,,,,,0.22627042,0.01963122091293335,18754.165310382843,1490000,0.046875,0.005859375,0.0,0.0042352057,0.08554304,0.00012597407,-80.30521,0.0041092318,0.0,0.1504084,0.1504084,0.1,1.0,0.00246913,0.5381163,-83.176476,489976.0,1.0,1.0,365.0,7.392014980316162,100.0
0.0001145163,0.0,,,,,,,0.18162096,-0.19661471,-80.39843,-99.834366,0.34936115,-0.3215891,10.409406,,,,,,0.18637228,0.019611751174926757,18852.22407245636,1495000,0.0390625,0.0048828125,0.0,0.0047513195,0.052112103,0.0001145163,-80.53719,0.004636803,0.0,0.20646943,0.20646943,0.1,1.0,0.0022939374,0.6158649,-82.44046,494637.0,1.0,1.0,354.0,6.7611823081970215,100.0
0.00010598899,0.0,,,,,,,0.20397124,-0.034800977,-80.74066,-99.81084,0.33394969,-0.46607354,11.594293,,,,,,0.20695333,0.01963208441734314,18950.384500980377,1500000,0.05859375,0.0078125,0.0,0.0029820935,0.048633456,0.00010598899,-80.79558,0.0028761046,0.0,0.11912278,0.11912278,0.1,1.0,0.00080800673,0.61610526,-86.20227,499815.0,1.0,1.0,307.0,5.902793645858765,100.0
0.0001950417,0.0,,,,,,,0.18325356,-0.039962694,-82.04787,-100.00715,0.18681304,-0.29971996,9.299691,,,,,,0.1884307,0.02723591809272766,19086.564098119736,1505000,0.09375,0.0126953125,0.0,0.0051771463,0.11324108,0.0001950417,-82.11402,0.0049821045,0.0,0.14948687,0.14948687,0.1,1.0,0.0016279126,0.5696741,-82.99433,504819.0,1.0,1.0,386.0,7.403630018234253,100.0
8.788437e-05,0.0,,,,,,,0.3232038,-0.3250813,-79.99836,-103.53333,0.3489111,-0.44945005,15.164197,,,,,,0.32887065,0.01978834247589111,19185.505818128586,1510000,0.05859375,0.0073242188,0.0,0.0056668553,0.03243792,8.788437e-05,-79.97269,0.005578971,0.0,0.1327415,0.1327415,0.1,1.0,0.00664788,0.5763789,-81.153625,509627.0,1.0,1.0,282.0,5.3952412605285645,100.0
0.00017230667,0.0,,,,,,,0.17527594,0.08865948,-80.70023,-99.60233,0.33954152,-0.28189382,10.226545,,,,,,0.17885014,0.019657106924057005,19283.79135942459,1515000,0.078125,0.010253906,0.0,0.0035742037,0.07949686,0.00017230667,-80.75101,0.003401897,0.0,0.1287246,0.1287246,0.1,1.0,0.0029413956,0.60792804,-79.55232,514868.0,1.0,1.0,410.0,7.845398187637329,100.0
0.00014879333,0.0,,,,,,,0.20439653,0.024250567,-80.83034,-99.787415,0.351157,-0.29065913,13.087521,,,,,,0.21060368,0.019684443950653076,19382.213586091995,1520000,0.078125,0.010253906,0.0,0.0062071593,0.07519126,0.00014879333,-80.9169,0.006058366,0.0,0.30218762,0.30218762,0.1,1.0,0.0018265906,0.62246394,-78.51611,519466.0,1.0,1.0,364.0,6.9351983070373535,100.0
0.00023820996,0.0,,,,,,,0.2996586,0.12825163,-78.67702,-99.77224,0.27642247,-0.2917893,10.851511,,,,,,0.30413938,0.01968037233352661,19480.61545395851,1525000,0.05078125,0.0068359375,0.0,0.0044807675,0.11905801,0.00023820996,-78.74809,0.0042425576,0.0,0.18957868,0.18957868,0.1,1.0,0.01471056,0.55416715,-80.29872,524647.0,1.0,1.0,330.0,6.280238628387451,100.0
0.00015637564,0.0,,,,,,,0.24416038,0.15973292,-78.56377,-99.5098,0.39185643,-0.49288633,11.855633,,,,,,0.2495593,0.019701061010360718,19579.120765686035,1530000,0.0546875,0.0068359375,0.0,0.0053989114,0.15353012,0.00015637564,-78.5751,0.005242536,0.0,0.1557406,0.1557406,0.1,1.0,0.014474165,0.65993834,-75.86285,529682.0,1.0,1.0,383.0,7.87423300743103,100.0
0.00013317051,0.0,,,,,,,0.2024974,0.21710247,-78.02937,-99.72601,0.3320162,-0.33707407,9.244369,,,,,,0.20710488,0.019766850996017455,19677.955026626587,1535000,0.0625,0.0078125,0.0,0.004607482,0.046230793,0.00013317051,-78.06482,0.004474311,0.0,0.22239429,0.22239429,0.1,1.0,0.021507349,0.60815203,-75.32785,534924.0,1.0,1.0,396.0,8.150047779083252,100.0
0.00023089594,0.0,,,,,,,0.18647087,-1.1259542,-80.306274,-99.73289,0.16933158,-0.21737282,7.5017424,,,,,,0.19079033,0.019605278635025026,19775.98142528534,1540000,0.09375,0.0126953125,0.0,0.004319454,0.12810922,0.00023089594,-80.40142,0.0040885583,0.0,0.17519915,0.17519915,0.1,1.0,0.010040727,0.6041305,-74.63094,539873.0,1.0,1.0,361.0,6.885910511016846,100.0
0.00012001861,0.0,,,,,,,0.27823883,-0.4041261,-78.591255,-99.9304,1.1451472,-1.275552,17.79066,,,,,,0.28195965,0.019653269386291503,19874.247777462006,1545000,0.046875,0.005859375,0.0,0.003720831,0.07780743,0.00012001861,-78.64018,0.0036008123,0.0,0.19010708,0.19010708,0.1,1.0,0.009753356,0.5392194,-74.49274,544968.0,1.0,1.0,385.0,7.3637073040008545,100.0
0.00013778446,0.0,,,,,,,0.21019185,0.20872775,-79.66406,-99.45044,0.30426738,-0.23815672,8.999045,,,,,,0.21501978,0.01946338429450989,19971.56470489502,1550000,0.0703125,0.0087890625,0.0,0.0048279315,0.083167076,0.00013778446,-79.72599,0.004690147,0.0,0.15761396,0.15761396,0.1,1.0,0.009057077,0.6383953,-77.93262,549894.0,1.0,1.0,334.0,6.312829494476318,100.0
9.788398e-05,0.0,,,,,,,0.16364408,-0.30780953,-78.22325,-99.718765,0.2008514,-0.21867792,12.751236,,,,,,0.17633756,0.019560514640808106,20069.367285490036,1555000,0.046875,0.005859375,0.0,0.012693475,0.09228349,9.788398e-05,-78.269196,0.012595591,0.0,0.14249796,0.14249796,0.1,1.0,0.014256027,0.58767945,-73.059235,554919.0,0.0,0.0,1000.0,19.646077871322632,0.0
0.00010249234,0.0,,,,,,,0.15219018,0.04100044,-82.12503,-99.5157,0.13683562,-0.21639726,7.3485394,,,,,,0.15709099,0.019740904664993286,20168.071814775467,1560000,0.0625,0.0078125,0.0,0.0049008066,0.047292233,0.00010249234,-82.168274,0.004798314,0.0,0.14029033,0.14029033,0.1,1.0,0.0011980815,0.609864,-82.51766,559945.0,1.0,1.0,474.0,9.165599346160889,100.0
8.945895e-05,0.0,,,,,,,0.1834394,0.036320314,-80.80815,-99.81281,0.729981,-0.8065577,17.26484,,,,,,0.18789445,0.01969437427520752,20266.543693065643,1565000,0.0546875,0.0068359375,0.0,0.004455052,0.0534842,8.945895e-05,-80.830734,0.0043655927,0.0,0.17614657,0.17614657,0.1,1.0,0.021281056,0.5925847,-79.593834,564773.0,1.0,1.0,353.0,6.7430641651153564,100.0
9.584217e-05,0.0,,,,,,,0.17488828,-0.40479222,-80.68139,-99.84625,0.18504877,-0.23061004,7.34451,,,,,,0.17819645,0.01987651581764221,20365.926278352737,1570000,0.0625,0.008300781,0.0,0.003308168,0.03831017,9.584217e-05,-80.759995,0.0032123257,0.0,0.2106835,0.2106835,0.1,1.0,0.0029301248,0.6128544,-82.04806,569645.0,1.0,1.0,356.0,7.404782772064209,100.0
9.6925534e-05,0.0,,,,,,,0.16383845,-0.025598481,-78.532364,-99.76204,0.18783107,-0.17049755,8.159386,,,,,,0.17242368,0.02000394616127014,20465.94601559639,1575000,0.046875,0.0068359375,0.0,0.008585223,0.05331576,9.6925534e-05,-78.61783,0.008488297,0.0,0.15704201,0.15704201,0.1,1.0,0.008159047,0.5698694,-76.3636,574919.0,1.0,1.0,428.0,8.464676856994629,100.0
0.00010428589,0.0,,,,,,,0.20407398,-0.06730324,-82.03557,-99.766045,0.4377743,-0.36318353,13.026225,,,,,,0.20952268,0.01985768928527832,20565.234468221664,1580000,0.04296875,0.0053710938,0.0,0.0054486957,0.07037437,0.00010428589,-82.11952,0.00534441,0.0,0.23982935,0.23982935,0.1,1.0,0.001301684,0.58263993,-81.16336,579671.0,1.0,1.0,386.0,7.894275426864624,100.0
0.00013266236,0.0,,,,,,,0.32995006,0.0351813,-79.14446,-99.703384,0.304082,-0.44546473,13.146104,,,,,,0.33423078,0.01983031039237976,20664.38602590561,1585000,0.046875,0.0063476562,0.0,0.0042807274,0.04647374,0.00013266236,-79.18918,0.004148065,0.0,0.25294405,0.25294405,0.1,1.0,0.03398472,0.5839404,-77.71936,584893.0,1.0,1.0,334.0,6.4178712368011475,100.0
0.00023045304,0.0,,,,,,,0.17503084,-0.34899735,-80.21329,-99.77016,0.23807707,-0.24133776,8.644379,,,,,,0.17964011,0.019658902597427367,20762.680544614792,1590000,0.08984375,0.011230469,0.0,0.0046092737,0.13389814,0.00023045304,-80.2659,0.004378821,0.0,0.22345081,0.22345081,0.1,1.0,0.0111285215,0.5698689,-79.872574,589782.0,1.0,1.0,379.0,7.238706111907959,100.0
9.2158036e-05,0.0,,,,,,,0.26800132,0.50770694,-80.83394,-99.91514,0.8193813,-0.6404002,17.665464,,,,,,0.2726165,0.019760417127609252,20861.48263645172,1595000,0.0625,0.0078125,0.0,0.00461519,0.062016845,9.2158036e-05,-80.8699,0.004523032,0.0,0.12696943,0.12696943,0.1,1.0,0.0009381443,0.5385169,-87.16157,594738.0,1.0,1.0,369.0,7.6318652629852295,100.0
9.332079e-05,0.0,,,,,,,0.16448744,0.5349359,-82.08408,-99.583244,0.24172972,-0.23668213,8.26055,,,,,,0.16967583,0.019834182691574095,20960.653557300568,1600000,0.0546875,0.0068359375,0.0,0.0051883864,0.05000317,9.332079e-05,-82.105255,0.0050950656,0.0,0.3050226,0.3050226,0.1,1.0,0.005278311,0.64730024,-79.45239,599796.0,1.0,1.0,456.0,9.263656854629517,100.0
0.00014300772,0.0,,,,,,,0.16661832,0.11243945,-79.9474,-99.71925,0.19779912,-0.23569128,10.587865,,,,,,0.17080761,0.028030593156814575,21100.806529283524,1605000,0.046875,0.0063476562,0.0,0.0041892943,0.09200299,0.00014300772,-79.9888,0.0040462865,0.0,0.19344306,0.19344306,0.1,1.0,0.0018465348,0.6273797,-81.65094,604924.0,1.0,1.0,350.0,7.31419563293457,100.0
5.5784127e-05,0.0,,,,,,,0.17977798,0.14029635,-80.11853,-99.25256,0.36373797,-0.35670024,11.755333,,,,,,0.18393934,0.01979845690727234,21199.798820257187,1610000,0.05078125,0.0063476562,0.0,0.0041613625,0.028110743,5.5784127e-05,-80.14416,0.004105578,0.0,0.17382951,0.17382951,0.1,1.0,0.008631332,0.59202594,-82.11105,609899.0,0.0,0.0,1000.0,20.24526286125183,0.0
0.00016751589,0.0,,,,,,,0.24493286,-1.0561888,-79.62828,-99.600815,0.25906408,-0.51511145,14.064259,,,,,,0.2504359,0.019781315279006957,21298.705403327942,1615000,0.07421875,0.009277344,0.0,0.0055030333,0.048850656,0.00016751589,-79.6125,0.005335517,0.0,0.16076036,0.16076036,0.1,1.0,0.0016571609,0.6163469,-85.94539,614619.0,1.0,1.0,462.0,8.914150714874268,100.0
0.00018070661,0.0,,,,,,,0.17032588,-0.043286994,-82.401665,-99.521385,0.34934917,-0.5487172,10.953373,,,,,,0.1765947,0.019577461433410645,21396.59271645546,1620000,0.06640625,0.008300781,0.0,0.0062688356,0.078452826,0.00018070661,-82.3985,0.006088129,0.0,0.21838519,0.21838519,0.1,1.0,0.017031737,0.57877064,-82.284454,619684.0,1.0,1.0,369.0,7.051585912704468,100.0
0.00022058428,0.0,,,,,,,0.16731462,-0.3224889,-78.88565,-99.41517,0.20686805,-0.19656605,8.166065,,,,,,0.1720353,0.019834915590286255,21495.76730275154,1625000,0.0703125,0.009277344,0.0,0.0047206883,0.118638754,0.00022058428,-78.91726,0.004500104,0.0,0.18724081,0.18724081,0.1,1.0,0.011601108,0.6151359,-75.71916,624877.0,1.0,1.0,377.0,7.691685676574707,100.0
0.00013435597,0.0,,,,,,,0.26421353,-0.17532751,-79.871284,-99.62575,0.25530165,-0.33390364,11.061375,,,,,,0.26854596,0.019498833513259886,21593.261476039886,1630000,0.0625,0.008300781,0.0,0.0043324144,0.042647123,0.00013435597,-79.95866,0.0041980585,0.0,0.1484989,0.1484989,0.1,1.0,0.0053073894,0.5990336,-80.44791,629706.0,1.0,1.0,342.0,6.992269277572632,100.0
0.00011424732,0.0,,,,,,,0.15021132,0.05777912,-79.112526,-99.64586,0.23888206,-0.21220975,7.352548,,,,,,0.152699,0.01957779288291931,21691.150447130203,1635000,0.0703125,0.009765625,0.0,0.0024876753,0.0490098,0.00011424732,-79.18959,0.002373428,0.0,0.115253784,0.115253784,0.1,1.0,0.004124353,0.58083385,-85.0599,634629.0,1.0,1.0,406.0,7.7555296421051025,100.0
7.288583e-05,0.0,,,,,,,0.16129214,-0.45222235,-81.38217,-99.478546,0.22627857,-0.23816945,8.229893,,,,,,0.16466115,0.019610976362228392,21789.20533466339,1640000,0.046875,0.005859375,0.0,0.003369013,0.05184555,7.288583e-05,-81.44411,0.0032961273,0.0,0.13522092,0.13522092,0.1,1.0,0.0021819794,0.6242839,-82.41881,639689.0,1.0,1.0,352.0,6.690566778182983,100.0
9.828404e-05,0.0,,,,,,,0.18324107,-0.065286174,-78.07879,-100.01979,0.33913618,-0.27931142,10.285912,,,,,,0.1914401,0.01961831154823303,21887.296903133392,1645000,0.05859375,0.0073242188,0.0,0.008199042,0.040046573,9.828404e-05,-78.14666,0.008100757,0.0,0.2895181,0.2895181,0.1,1.0,0.007851113,0.622278,-70.353745,644278.0,1.0,1.0,415.0,7.904065132141113,100.0
8.7021035e-05,0.0,,,,,,,0.17406064,0.33501044,-81.98647,-99.61247,0.40694767,-0.41022778,11.721221,,,,,,0.18095006,0.0196498113155365,21985.54596567154,1650000,0.05078125,0.0063476562,0.0,0.006889418,0.030457854,8.7021035e-05,-82.04755,0.006802397,0.0,0.13986015,0.13986015,0.1,1.0,0.014714366,0.58205914,-79.13995,649937.0,1.0,1.0,442.0,8.96673583984375,100.0
9.350176e-05,0.0,,,,,,,0.21342906,0.09434213,-80.65863,-99.59027,0.13782287,-0.115950175,6.515553,,,,,,0.21798617,0.019713490676879882,22084.113426446915,1655000,0.046875,0.005859375,0.0,0.0045571085,0.055524945,9.350176e-05,-80.672356,0.004463607,0.0,0.15968591,0.15968591,0.1,1.0,0.0036204916,0.57067394,-77.56877,654741.0,1.0,1.0,346.0,6.663530349731445,100.0
0.00018536503,0.0,,,,,,,0.20488021,0.10319474,-80.78714,-99.60691,0.29213515,-0.19124472,10.382076,,,,,,0.2085885,0.019684892225265503,22182.537894010544,1660000,0.06640625,0.008300781,0.0,0.0037082941,0.1317221,0.00018536503,-80.84451,0.003522929,0.0,0.12320331,0.12320331,0.1,1.0,0.002519243,0.59412223,-83.51822,660000.0,1.0,1.0,348.0,6.673104763031006,100.0
0.00013718288,0.0,,,,,,,0.18765455,-0.29828596,-79.18978,-99.64571,0.25105634,-0.27188513,8.929815,,,,,,0.19164388,0.019681514024734496,22280.945472717285,1665000,0.0546875,0.0068359375,0.0,0.003989319,0.07614076,0.00013718288,-79.22435,0.003852136,0.0,0.15643457,0.15643457,0.1,1.0,0.022362346,0.60622644,-70.51259,664722.0,1.0,1.0,360.0,7.345492124557495,100.0
0.00013431197,0.0,,,,,,,0.18488738,0.28094354,-80.41576,-99.48808,0.12047804,-0.22602236,10.294882,,,,,,0.1901732,0.019711451959609987,22379.502739667892,1670000,0.078125,0.009765625,0.0,0.00528581,0.044853568,0.00013431197,-80.50989,0.005151498,0.0,0.1781516,0.1781516,0.1,1.0,0.0028665573,0.5946922,-78.16101,669835.0,1.0,1.0,337.0,6.46994161605835,100.0
0.0001309202,0.0,,,,,,,0.15728086,0.24138395,-79.77145,-99.64808,0.40924877,-0.25814736,10.7161045,,,,,,0.16027386,0.019578947925567625,22477.39748620987,1675000,0.06640625,0.009765625,0.0,0.0029929974,0.04466009,0.0001309202,-79.76915,0.0028620772,0.0,0.108416766,0.108416766,0.1,1.0,0.002249242,0.5403788,-86.9617,674818.0,1.0,1.0,354.0,6.839402914047241,100.0
0.00021608185,0.0,,,,,,,0.23996547,-1.4740671,-81.92893,-99.53246,1.17696,-0.9815087,19.322475,,,,,,0.24541591,0.019647347497940063,22575.634229898453,1680000,0.09375,0.01171875,0.0,0.005450449,0.09592438,0.00021608185,-81.98295,0.005234367,0.0,0.25435206,0.25435206,0.1,1.0,0.0015573777,0.6498218,-85.0004,679184.0,1.0,1.0,393.0,7.476073980331421,100.0
9.690551e-05,0.0,,,,,,,0.28278172,-0.5523262,-80.367065,-99.58055,0.405787,-0.25267807,10.277046,,,,,,0.28696176,0.019669085025787354,22673.97966194153,1685000,0.0625,0.0078125,0.0,0.0041800314,0.06934857,9.690551e-05,-80.44862,0.004083126,0.0,0.13123652,0.13123652,0.1,1.0,0.0021627855,0.5664755,-83.635086,684797.0,1.0,1.0,402.0,8.202455759048462,100.0
5.9729675e-05,0.0,,,,,,,0.15085995,0.47437972,-80.17105,-99.63557,0.20808688,-0.2273473,8.692963,,,,,,0.15580876,0.0195913179397583,22771.93625855446,1690000,0.04296875,0.0053710938,0.0,0.0049488125,0.033696175,5.9729675e-05,-80.2475,0.004889083,0.0,0.13030694,0.13030694,0.1,1.0,0.004135807,0.60352945,-79.77814,689763.0,1.0,1.0,446.0,9.086471557617188,100.0
0.00013420085,0.0,,,,,,,0.18115571,0.055546626,-80.2458,-99.43342,0.22368075,-0.18840194,7.8413534,,,,,,0.18382338,0.019564549684524535,22869.759013175964,1695000,0.0703125,0.009277344,0.0,0.002667672,0.086310506,0.00013420085,-80.27253,0.0025334712,0.0,0.1414491,0.1414491,0.1,1.0,0.021947706,0.60293996,-79.46209,694734.0,1.0,1.0,340.0,6.960287094116211,100.0
0.00014941016,0.0,,,,,,,0.2781258,0.74028796,-77.96159,-99.60275,0.23731332,-0.34153077,10.029377,,,,,,0.2811913,0.01946756854057312,22967.096861362457,1700000,0.078125,0.009765625,0.0,0.0030654958,0.08597815,0.00014941016,-78.01306,0.0029160855,0.0,0.1456214,0.1456214,0.1,1.0,0.04011241,0.63339967,-71.99841,699584.0,1.0,1.0,781.0,15.232573747634888,100.0
4.5570196e-05,0.0,,,,,,,0.16893122,-2.3226817,-80.57917,-99.63155,0.37334552,-0.2482629,9.918173,,,,,,0.17484967,0.027203234481811524,23103.11303973198,1705000,0.03515625,0.0048828125,0.0,0.0059184567,0.030754328,4.5570196e-05,-80.66221,0.0058728866,0.0,0.2704599,0.2704599,0.1,1.0,0.0044742646,0.5915924,-80.88857,704828.0,1.0,1.0,302.0,5.728378772735596,100.0
0.00025480596,0.0,,,,,,,0.19582982,-0.18159887,-78.483315,-99.57257,0.51322305,-0.38334537,12.774912,,,,,,0.19945636,0.019692349052429198,23201.574792146683,1710000,0.0703125,0.009277344,0.0,0.0036265417,0.2165916,0.00025480596,-78.571625,0.0033717358,0.0,0.2061438,0.2061438,0.1,1.0,0.0074067237,0.61785126,-76.43587,709900.0,1.0,1.0,528.0,10.061408758163452,100.0
0.00018317875,0.0,,,,,,,0.25101545,-1.0272186,-78.1939,-99.63287,0.2560694,-0.2795988,9.439823,,,,,,0.25673154,0.01973155326843262,23300.23256587982,1715000,0.08984375,0.01171875,0.0,0.0057160934,0.0745939,0.00018317875,-78.229324,0.005532915,0.0,0.36490414,0.36490414,0.1,1.0,0.014853676,0.5217282,-78.28555,714561.0,1.0,1.0,391.0,8.02418303489685,100.0
0.00017659197,0.0,,,,,,,0.19038135,-0.19694833,-80.82229,-99.65483,0.25530216,-0.26857165,9.719259,,,,,,0.19576354,0.019748165321350097,23398.97340154648,1720000,0.04296875,0.0053710938,0.0,0.0053821923,0.21776807,0.00017659197,-80.92793,0.0052056005,0.0,0.112976015,0.112976015,0.1,1.0,0.0021549114,0.57562625,-84.826996,719945.0,0.0,0.0,1000.0,19.03685736656189,0.0
0.00018940098,0.0,,,,,,,0.22060455,-1.1885779,-80.917465,-99.57992,0.38733596,-0.23761389,11.449372,,,,,,0.22538124,0.019480598735809325,23496.37640094757,1725000,0.08203125,0.012207031,0.0,0.004776693,0.09223497,0.00018940098,-80.926476,0.0045872917,0.0,0.097585715,0.097585715,0.1,1.0,0.001036936,0.5777917,-88.84592,724996.0,1.0,1.0,331.0,6.326050281524658,100.0
0.00015025947,0.0,,,,,,,0.3076188,-3.1478336,-79.26529,-99.56795,0.27173367,-0.29967058,12.732294,,,,,,0.3112646,0.019692484855651855,23594.83883047104,1730000,0.05859375,0.0073242188,0.0,0.003645801,0.13350403,0.00015025947,-79.32802,0.0034955416,0.0,0.16400221,0.16400221,0.1,1.0,0.007618581,0.6259211,-77.15535,729873.0,1.0,1.0,430.0,8.642228364944458,100.0
0.00019497803,0.0,,,,,,,0.23197937,-0.11117412,-78.07625,-99.43782,0.38422966,-0.37050754,13.466846,,,,,,0.23633292,0.0195581335067749,23692.629504442215,1735000,0.07421875,0.009277344,0.0,0.004353552,0.069110036,0.00019497803,-78.0923,0.004158574,0.0,0.14226413,0.14226413,0.1,1.0,0.005849268,0.62949836,-78.2703,734956.0,1.0,1.0,415.0,8.342983484268188,100.0
0.00017472194,0.0,,,,,,,0.3651349,-0.24368244,-78.360245,-99.4374,0.4127489,-0.47467437,17.888725,,,,,,0.36827514,0.019538844442367555,23790.32373380661,1740000,0.08984375,0.011230469,0.0,0.0031402286,0.038374543,0.00017472194,-78.42907,0.0029655066,0.0,0.19204415,0.19204415,0.1,1.0,0.0019617477,0.63976574,-82.21437,739472.0,1.0,1.0,310.0,5.869197607040405,100.0
6.6503126e-05,0.0,,,,,,,0.26054037,0.17097592,-79.44884,-99.59462,0.7620096,-0.80481994,12.927907,,,,,,0.2665269,0.01958946943283081,23888.271087884903,1745000,0.03125,0.00390625,0.0,0.0059865555,0.04143071,6.6503126e-05,-79.537994,0.0059200525,0.0,0.40505072,0.40505072,0.1,1.0,0.009817893,0.5817077,-77.09515,744820.0,1.0,1.0,439.0,8.410566091537476,100.0
0.00014452985,0.0,,,,,,,0.21690539,1.2091508,-76.33743,-99.60352,0.28996998,-0.24170138,8.707672,,,,,,0.22067817,0.01965742950439453,23986.55824112892,1750000,0.0625,0.008300781,0.0,0.0037727796,0.062016845,0.00014452985,-76.38764,0.0036282497,0.0,0.16106494,0.16106494,0.1,1.0,0.003332053,0.6517432,-79.61011,749803.0,1.0,1.0,441.0,8.506500482559204,100.0
0.00013007998,0.0,,,,,,,0.18623665,-3.4532452,-81.886635,-99.67359,0.63623065,-0.31524882,10.416609,,,,,,0.19081746,0.019541024732589722,24084.263370513916,1755000,0.0390625,0.0048828125,0.0,0.004580812,0.13729095,0.00013007998,-81.91905,0.004450732,0.0,0.13854553,0.13854553,0.1,1.0,0.0022540223,0.6051636,-78.516716,754310.0,1.0,1.0,378.0,7.180562973022461,100.0
0.00011095498,0.0,,,,,,,0.1901529,-0.015343189,-82.86855,-99.56426,0.27188438,-0.19203767,9.165095,,,,,,0.19493602,0.01971086778640747,24182.817715168,1760000,0.0625,0.0078125,0.0,0.00478313,0.08625877,0.00011095498,-82.90236,0.004672175,0.0,0.25344938,0.25344938,0.1,1.0,0.017085537,0.59579647,-77.53262,759827.0,1.0,1.0,298.0,5.695086717605591,100.0
0.00016215892,0.0,,,,,,,0.30587128,-2.5108104,-77.93441,-99.5018,1.1367837,-1.498227,16.887732,,,,,,0.31073278,0.019728557062149047,24281.460506916046,1765000,0.08203125,0.0107421875,0.0,0.0048614955,0.09243119,0.00016215892,-78.03029,0.0046993364,0.0,0.2903426,0.2903426,0.1,1.0,0.009785002,0.57826865,-78.880554,764662.0,1.0,1.0,344.0,6.525254726409912,100.0
9.4341056e-05,0.0,,,,,,,0.20878972,-0.8646031,-80.176605,-101.550476,0.2656967,-0.35177693,14.702654,,,,,,0.21670815,0.019745171880722046,24380.186374425888,1770000,0.0546875,0.0068359375,0.0,0.007918435,0.05090463,9.4341056e-05,-80.25128,0.007824094,0.0,0.18914005,0.18914005,0.1,1.0,0.0034169147,0.5442718,-73.690155,769951.0,0.0,0.0,1000.0,19.783321142196655,0.0
8.730503e-05,0.0,,,,,,,0.33248952,-0.34684157,-78.068665,-99.41912,0.27804294,-0.37018377,12.550375,,,,,,0.33855534,0.019700463581085206,24478.68869805336,1775000,0.04296875,0.0053710938,0.0,0.0060658306,0.063605785,8.730503e-05,-78.1754,0.0059785256,0.0,0.16633864,0.16633864,0.1,1.0,0.030570544,0.60613745,-75.77669,774881.0,1.0,1.0,342.0,6.547496318817139,100.0
0.00012481742,0.0,,,,,,,0.6701624,0.20342895,-78.030075,-99.45271,3.0225637,-3.6084623,45.760624,,,,,,0.6739682,0.019779593133926392,24577.586671590805,1780000,0.046875,0.005859375,0.0,0.0038058425,0.047614694,0.00012481742,-78.059525,0.003681025,0.0,0.15246242,0.15246242,0.1,1.0,0.0037312943,0.57106006,-80.32373,779756.0,1.0,1.0,394.0,8.074252605438232,100.0
0.000224474,0.0,,,,,,,0.17093074,-0.18472664,-80.56099,-99.70492,0.30082208,-0.32277524,7.428669,,,,,,0.17376101,0.019577524137496947,24675.474299430847,1785000,0.0703125,0.009277344,0.0,0.0028302674,0.07804966,0.000224474,-80.61342,0.0026057935,0.0,0.07915753,0.07915753,0.1,1.0,0.0014702947,0.54725844,-85.66486,784683.0,1.0,1.0,476.0,9.477417945861816,100.0
0.00011177716,0.0,,,,,,,0.24384923,-0.13301194,-80.687874,-99.586876,0.48235482,-0.23478602,10.881573,,,,,,0.24671857,0.019767606353759765,24774.31233716011,1790000,0.0703125,0.0087890625,0.0,0.0028693404,0.041581392,0.00011177716,-80.74214,0.0027575633,0.0,0.13677129,0.13677129,0.1,1.0,0.017413583,0.6236764,-76.69786,789909.0,1.0,1.0,371.0,7.126583814620972,100.0
0.00016226782,0.0,,,,,,,0.23250863,0.15913758,-80.325645,-99.45687,0.24887718,-0.35073555,14.631529,,,,,,0.2373614,0.01979436240196228,24873.284155130386,1795000,0.0390625,0.0048828125,0.0,0.0048527643,0.12731159,0.00016226782,-80.41802,0.0046904963,0.0,0.18322618,0.18322618,0.1,1.0,0.0016194708,0.58725286,-82.26897,794108.0,1.0,1.0,286.0,5.499872446060181,100.0
0.00011625164,0.0,,,,,,,0.16017935,-0.7002685,-78.44204,-99.4122,0.2628616,-0.30584574,10.990207,,,,,,0.16643427,0.019740329551696776,24971.98580956459,1800000,0.08203125,0.010253906,0.0,0.00625492,0.05250597,0.00011625164,-78.511024,0.006138668,0.0,0.2038855,0.2038855,0.1,1.0,0.0035159383,0.6274365,-76.31115,799715.0,1.0,1.0,340.0,7.018734455108643,100.0
0.00022092735,0.0,,,,,,,0.22248444,-7.149049,-80.688965,-99.53115,0.172847,-0.27735263,9.71993,,,,,,0.22588317,0.029036056327819824,25117.166097164154,1805000,0.078125,0.010253906,0.0,0.0033987311,0.117646456,0.00022092735,-80.747856,0.0031778037,0.0,0.19595289,0.19595289,0.1,1.0,0.0021899897,0.6420994,-80.37605,804771.0,1.0,1.0,396.0,8.241329193115234,100.0
0.00021331193,0.0,,,,,,,0.2308453,-1.4599906,-79.5337,-99.35474,0.19406345,-0.2090156,10.967588,,,,,,0.23907222,0.01991259551048279,25216.72908115387,1810000,0.04296875,0.0053710938,0.0,0.008226914,0.2288419,0.00021331193,-79.625534,0.008013602,0.0,0.23650335,0.23650335,0.1,1.0,0.005116066,0.577586,-76.86251,809679.0,1.0,1.0,396.0,8.230198860168457,100.0
0.00015096285,0.0,,,,,,,0.26011282,-0.056757227,-77.71625,-99.5731,0.5382836,-0.42069718,12.320239,,,,,,0.2635596,0.019719924879074098,25315.32871198654,1815000,0.046875,0.005859375,0.0,0.003446774,0.117251635,0.00015096285,-77.79907,0.0032958114,0.0,0.16234785,0.16234785,0.1,1.0,0.0073440187,0.55374706,-74.98433,814884.0,1.0,1.0,356.0,6.811660289764404,100.0
6.896147e-05,0.0,,,,,,,0.2947925,-0.010289893,-78.7225,-99.79157,0.1936027,-0.3627834,9.914432,,,,,,0.2985579,0.019791858768463136,25414.28801202774,1820000,0.046875,0.0063476562,0.0,0.003765409,0.06451726,6.896147e-05,-78.79544,0.0036964477,0.0,0.23627105,0.23627105,0.1,1.0,0.006875368,0.53985065,-76.97888,819813.0,1.0,1.0,356.0,6.863544464111328,100.0
0.00018148636,0.0,,,,,,,0.16685176,-0.2597655,-80.36176,-99.489944,0.5403581,-0.28172308,11.391865,,,,,,0.17180331,0.01959776644706726,25512.276850938797,1825000,0.06640625,0.0087890625,0.0,0.004951555,0.06511617,0.00018148636,-80.39723,0.0047700685,0.0,0.17733985,0.17733985,0.1,1.0,0.017235382,0.60280347,-74.491806,824516.0,1.0,1.0,354.0,7.219971656799316,100.0
6.7048124e-05,0.0,,,,,,,0.24660605,-0.10848749,-80.62049,-99.42344,0.25807685,-0.17988688,10.329891,,,,,,0.24974754,0.019602822828292846,25610.290971040726,1830000,0.03515625,0.0043945312,0.0,0.0031415,0.044504642,6.7048124e-05,-80.62916,0.003074452,0.0,0.14393204,0.14393204,0.1,1.0,0.0071804747,0.583015,-78.22216,829959.0,1.0,1.0,390.0,7.527420520782471,100.0
0.00011724833,0.0,,,,,,,0.322286,0.07412806,-80.80828,-99.669495,0.36832422,-0.25038508,14.24892,,,,,,0.3256056,0.019757281446456908,25709.07738494873,1835000,0.05078125,0.0063476562,0.0,0.003319591,0.06631708,0.00011724833,-80.82288,0.0032023427,0.0,0.20913106,0.20913106,0.1,1.0,0.032674637,0.6110039,-80.78653,834702.0,1.0,1.0,297.0,5.681215286254883,100.0
0.00013660168,0.0,,,,,,,0.21788257,-0.3820697,-77.81066,-99.66933,0.3421014,-0.4163853,12.064633,,,,,,0.22098795,0.01976241111755371,25807.889446258545,1840000,0.05078125,0.0063476562,0.0,0.003105367,0.057405233,0.00013660168,-77.81366,0.0029687653,0.0,0.17161378,0.17161378,0.1,1.0,0.0044897264,0.5891336,-83.487206,839648.0,1.0,1.0,324.0,6.229600667953491,100.0
6.078265e-05,0.0,,,,,,,0.27925274,0.5819262,-80.06922,-99.36517,0.23319262,-0.29556268,10.471308,,,,,,0.2822552,0.01975877561569214,25906.683331012726,1845000,0.0390625,0.0053710938,0.0,0.0030024666,0.030394912,6.078265e-05,-80.12401,0.002941684,0.0,0.14221066,0.14221066,0.1,1.0,0.012312345,0.5565315,-81.20143,844857.0,0.0,0.0,1000.0,19.87457013130188,0.0
0.00025962002,0.0,,,,,,,0.20672496,-2.9981503,-79.69595,-99.534225,0.51621443,-0.3901074,12.486393,,,,,,0.21273814,0.019606137132644655,26004.71402335167,1850000,0.0703125,0.010253906,0.0,0.006013192,0.08580959,0.00025962002,-79.75635,0.0057535716,0.0,0.12395043,0.12395043,0.1,1.0,0.0030979773,0.5098139,-78.18976,849981.0,1.0,1.0,345.0,6.5601677894592285,100.0
0.00010169746,0.0,,,,,,,0.20238958,-0.80388325,-77.248245,-99.56622,0.2998242,-0.37148842,12.298155,,,,,,0.20627876,0.01956360659599304,26102.53206205368,1855000,0.04296875,0.0063476562,0.0,0.0038891726,0.068885446,0.00010169746,-77.357315,0.0037874752,0.0,0.17262828,0.17262828,0.1,1.0,0.003068161,0.5967302,-76.642105,854754.0,0.0,0.0,1000.0,19.583203554153442,0.0
5.3591037e-05,0.0,,,,,,,0.16105548,-0.4382152,-81.05267,-99.47887,0.1642578,-0.15807909,8.3521595,,,,,,0.16790496,0.019604587602615357,26200.555006980896,1860000,0.04296875,0.0053710938,0.0,0.006849484,0.04061508,5.3591037e-05,-81.111374,0.006795893,0.0,0.20715821,0.20715821,0.1,1.0,0.016384797,0.57095647,-76.00003,859757.0,1.0,1.0,460.0,8.758822441101074,100.0
7.443974e-05,0.0,,,,,,,0.2052593,0.23618889,-78.651,-99.54421,0.22459385,-0.3481543,9.1703615,,,,,,0.20836578,0.019610595512390135,26298.60799050331,1865000,0.05078125,0.0063476562,0.0,0.003106495,0.03560257,7.443974e-05,-78.65514,0.0030320552,0.0,0.1736863,0.1736863,0.1,1.0,0.012525431,0.60476655,-78.020325,864798.0,0.0,0.0,1000.0,19.526151657104492,0.0
0.00012245064,0.0,,,,,,,0.2948892,-0.093385115,-77.66843,-99.53462,0.70636237,-0.7578887,13.993501,,,,,,0.29951784,0.019599899864196777,26396.60749554634,1870000,0.05859375,0.0073242188,0.0,0.004628615,0.04319012,0.00012245064,-77.727516,0.004506164,0.0,0.13644007,0.13644007,0.1,1.0,0.0057808375,0.53115284,-73.01251,869657.0,0.0,0.0,1000.0,19.57556390762329,0.0
8.6982735e-05,0.0,,,,,,,0.4620344,-0.522619,-78.016785,-99.68021,0.6012486,-0.82488155,23.20935,,,,,,0.4684014,0.019731485891342163,26495.264931678772,1875000,0.05859375,0.0073242188,0.0,0.006366996,0.0761832,8.6982735e-05,-78.07358,0.0062800134,0.0,0.32286233,0.32286233,0.1,1.0,0.004869234,0.58596057,-77.53992,874941.0,1.0,1.0,300.0,5.7165186405181885,100.0
0.00012412225,0.0,,,,,,,0.19157808,-1.7803482,-77.017624,-99.781425,0.25469893,-0.23904136,9.546656,,,,,,0.19664639,0.019579808807373048,26593.163982391357,1880000,0.05859375,0.0078125,0.0,0.0050683143,0.06930208,0.00012412225,-77.106155,0.0049441922,0.0,0.13542518,0.13542518,0.1,1.0,0.009095195,0.60809904,-74.97623,879465.0,1.0,1.0,332.0,6.2977683544158936,100.0
0.00011737115,0.0,,,,,,,0.2663427,-0.31650978,-78.32944,-99.43535,0.4508619,-0.54043794,11.211308,,,,,,0.26882768,0.01963033595085144,26691.315667629242,1885000,0.0546875,0.0068359375,0.0,0.0024849817,0.05215454,0.00011737115,-78.358574,0.0023676106,0.0,0.07915032,0.07915032,0.1,1.0,0.0012194237,0.6073818,-83.16348,884926.0,1.0,1.0,418.0,8.425975799560547,100.0
0.00015872001,0.0,,,,,,,0.30563936,-0.7503238,-80.49707,-99.510864,0.32880268,-0.2865977,11.332006,,,,,,0.31018147,0.019512708568572998,26788.87921690941,1890000,0.05078125,0.0063476562,0.0,0.004542098,0.07643092,0.00015872001,-80.50748,0.0043833777,0.0,0.21779022,0.21779022,0.1,1.0,0.0113039715,0.59940684,-73.355354,889724.0,1.0,1.0,588.0,11.71956753730774,100.0
6.521575e-05,0.0,,,,,,,0.3143909,0.11136755,-76.22825,-99.50214,1.0249465,-0.6912499,18.582138,,,,,,0.3192112,0.019680737829208372,26887.2829144001,1895000,0.0234375,0.0029296875,0.0,0.0048203133,0.037347674,6.521575e-05,-76.28877,0.0047550974,0.0,0.23258364,0.23258364,0.1,1.0,0.002272174,0.59777296,-81.00665,894460.0,1.0,1.0,363.0,7.432241201400757,100.0
8.0058e-05,0.0,,,,,,,0.36215958,0.49111497,-77.65227,-99.47937,0.30297846,-0.28497553,11.664423,,,,,,0.36733487,0.01974494185447693,26986.007630825043,1900000,0.0546875,0.0073242188,0.0,0.0051752836,0.04029429,8.0058e-05,-77.73536,0.0050952258,0.0,0.13774292,0.13774292,0.1,1.0,0.025586981,0.60713905,-80.084274,899250.0,1.0,1.0,386.0,7.90258264541626,100.0
0.0002045107,0.0,,,,,,,0.17864098,-0.32957327,-77.135864,-99.53424,0.41694516,-0.29300335,9.853911,,,,,,0.18362571,0.027278771257400514,27122.401492595673,1905000,0.0546875,0.0068359375,0.0,0.0049847364,0.11019254,0.0002045107,-77.21443,0.004780226,0.0,0.166232,0.166232,0.1,1.0,0.0023325486,0.5869209,-78.439674,904642.0,1.0,1.0,274.0,5.195580959320068,100.0
0.00014333404,0.0,,,,,,,0.20700702,0.19644174,-79.2581,-99.46051,0.25288916,-0.22765267,10.214389,,,,,,0.2097788,0.019423346281051634,27219.51823091507,1910000,0.08203125,0.0107421875,0.0,0.0027717797,0.04924178,0.00014333404,-79.34893,0.0026284456,0.0,0.13500273,0.13500273,0.1,1.0,0.010673931,0.6052152,-83.57251,909665.0,1.0,1.0,348.0,6.591877460479736,100.0
0.000106328225,0.0,,,,,,,0.41669092,0.19775327,-78.13435,-99.514885,0.4136777,-0.4290718,13.295055,,,,,,0.41993612,0.019527694034576416,27317.156707525253,1915000,0.0625,0.0078125,0.0,0.0032451944,0.038767934,0.000106328225,-78.19099,0.0031388663,0.0,0.14582041,0.14582041,0.1,1.0,0.003374992,0.6058574,-80.96747,914748.0,1.0,1.0,345.0,6.5301737785339355,100.0
0.0001769212,0.0,,,,,,,0.20498532,-0.37968075,-81.05361,-99.54663,0.21943071,-0.36863393,9.261225,,,,,,0.20919193,0.019534814977645875,27414.83079648018,1920000,0.0625,0.0078125,0.0,0.004206607,0.10249865,0.0001769212,-81.14662,0.004029686,0.0,0.1156388,0.1156388,0.1,1.0,0.00400388,0.5929565,-82.80426,919602.0,1.0,1.0,342.0,6.473881483078003,100.0
4.817272e-05,0.0,,,,,,,0.22289772,-0.010362521,-78.45963,-99.50419,0.31033167,-0.35935426,13.927335,,,,,,0.2297092,0.019537036180496216,27512.515983343124,1925000,0.0390625,0.0053710938,0.0,0.0068114703,0.03187692,4.817272e-05,-78.52254,0.0067632976,0.0,0.27673692,0.27673692,0.1,1.0,0.01882109,0.61168313,-70.96295,924925.0,1.0,1.0,434.0,8.721566677093506,100.0
0.00012527243,0.0,,,,,,,0.23545334,0.034600005,-76.28802,-99.48118,0.3444186,-0.23153928,10.249023,,,,,,0.23958479,0.01948744683265686,27609.953223466873,1930000,0.0703125,0.009765625,0.0,0.004131458,0.047599077,0.00012527243,-76.305786,0.0040061856,0.0,0.24395679,0.24395679,0.1,1.0,0.007463551,0.5854832,-76.21069,929895.0,1.0,1.0,441.0,8.372071981430054,100.0
0.000121907564,0.0,,,,,,,0.16498719,-0.97702205,-80.96361,-99.46031,0.33568275,-0.15893224,8.611071,,,,,,0.16955265,0.01917544484138489,27705.83045387268,1935000,0.0625,0.0078125,0.0,0.004565455,0.12393165,0.000121907564,-81.015656,0.0044435477,0.0,0.20838973,0.20838973,0.1,1.0,0.0031088085,0.6208708,-81.38873,934644.0,1.0,1.0,474.0,8.771676778793335,100.0
0.000128304,0.0,,,,,,,0.30537972,-0.39156902,-79.18643,-99.45154,0.31256047,-0.44580513,10.963513,,,,,,0.31016812,0.018770305013656615,27799.681985855103,1940000,0.06640625,0.008300781,0.0,0.0047884122,0.08017635,0.000128304,-79.22579,0.004660108,0.0,0.16346776,0.16346776,0.1,1.0,0.0039035464,0.53597945,-82.41211,939486.0,1.0,1.0,375.0,7.244135618209839,100.0
0.00020707154,0.0,,,,,,,0.24376008,-0.0072952956,-78.10673,-99.48697,0.46588892,-0.65844744,12.361577,,,,,,0.24774635,0.018793138408660887,27893.64768385887,1945000,0.05078125,0.0068359375,0.0,0.0039862627,0.16846335,0.00020707154,-78.16927,0.0037791913,0.0,0.15827018,0.15827018,0.1,1.0,0.00916356,0.5969494,-76.93381,944770.0,1.0,1.0,356.0,6.461615085601807,100.0
0.00021274097,0.0,,,,,,,0.17049673,-0.057799727,-78.2216,-99.498245,0.2623442,-0.1864762,8.782749,,,,,,0.17358933,0.018662426042556763,27986.959819555283,1950000,0.0703125,0.0087890625,0.0,0.0030926052,0.16375995,0.00021274097,-78.27763,0.002879864,0.0,0.13706067,0.13706067,0.1,1.0,0.0066675036,0.6045447,-76.83011,949802.0,1.0,1.0,355.0,6.478123903274536,100.0
0.0001503728,0.0,,,,,,,0.34866595,0.5815462,-75.858536,-99.59562,0.30648372,-0.29599115,10.899891,,,,,,0.35347512,0.018700690793991087,28080.46327972412,1955000,0.0546875,0.0073242188,0.0,0.004809167,0.06051123,0.0001503728,-75.935104,0.004658794,0.0,0.22884881,0.22884881,0.1,1.0,0.0011463263,0.612329,-81.89537,954784.0,1.0,1.0,384.0,7.405847549438477,100.0
0.0001748922,0.0,,,,,,,0.32026172,-0.6829277,-75.70056,-99.428406,0.29881552,-0.3495968,12.990737,,,,,,0.32621604,0.01859152817726135,28173.420926570892,1960000,0.05859375,0.008300781,0.0,0.0059543303,0.10011184,0.0001748922,-75.752945,0.005779438,0.0,0.107431486,0.107431486,0.1,1.0,0.008092193,0.5861131,-81.8422,959549.0,1.0,1.0,377.0,6.881014347076416,100.0
0.00017438788,0.0,,,,,,,0.16290027,0.6452061,-80.10466,-99.5274,0.18878867,-0.2663286,9.833566,,,,,,0.167328,0.018689792251586915,28266.869893550873,1965000,0.05078125,0.0063476562,0.0,0.004427727,0.12157047,0.00017438788,-80.19824,0.004253339,0.0,0.2543111,0.2543111,0.1,1.0,0.011906614,0.5581218,-71.32309,964777.0,1.0,1.0,412.0,7.510586977005005,100.0
0.0001983234,0.0,,,,,,,0.18035015,1.5049255,-77.48881,-99.48269,0.2182713,-0.16732009,9.141828,,,,,,0.18951562,0.018729066038131712,28360.515228509903,1970000,0.03515625,0.0048828125,0.0,0.009165458,0.19687164,0.0001983234,-77.53029,0.008967135,0.0,0.35627037,0.35627037,0.1,1.0,0.027692664,0.5572057,-74.505844,969324.0,1.0,1.0,354.0,6.549604654312134,100.0
0.00013125199,0.0,,,,,,,0.22098899,-0.09380509,-77.37355,-99.56226,0.3062046,-0.26252484,10.241954,,,,,,0.22609049,0.018681984090805053,28453.925154209137,1975000,0.0625,0.0078125,0.0,0.0051015085,0.049022555,0.00013125199,-77.45793,0.0049702567,0.0,0.12228934,0.12228934,0.1,1.0,0.001263915,0.5910334,-84.8464,974963.0,1.0,1.0,348.0,6.342911720275879,100.0
0.0001340179,0.0,,,,,,,0.19956985,-1.4457906,-75.08198,-99.441696,0.26863432,-0.20693226,10.103981,,,,,,0.20382975,0.01871057195663452,28547.478019714355,1980000,0.0546875,0.0068359375,0.0,0.0042599044,0.063168526,0.0001340179,-75.17474,0.0041258866,0.0,0.12846524,0.12846524,0.1,1.0,0.0017140873,0.61978084,-80.632675,979441.0,1.0,1.0,419.0,7.6222147941589355,100.0
3.426231e-05,0.0,,,,,,,0.21140635,0.37074524,-77.60405,-99.48813,0.50240827,-0.38555533,12.174362,,,,,,0.21560434,0.01866172103881836,28640.786630630493,1985000,0.04296875,0.0053710938,0.0,0.0041979793,0.014572978,3.426231e-05,-77.698524,0.004163717,0.0,0.1112212,0.1112212,0.1,1.0,0.0012881907,0.5642792,-85.644615,984947.0,1.0,1.0,450.0,8.703486204147339,100.0
0.00011502474,0.0,,,,,,,0.21814093,-0.15411012,-78.40821,-99.585526,0.45884886,-0.61885166,15.451483,,,,,,0.22195424,0.018751989459991455,28734.546584129333,1990000,0.05078125,0.0063476562,0.0,0.00381331,0.08097839,0.00011502474,-78.47985,0.0036982854,0.0,0.18509291,0.18509291,0.1,1.0,0.0450592,0.5802705,-76.78323,989205.0,1.0,1.0,388.0,7.53238582611084,100.0
0.0001113796,0.0,,,,,,,0.18118393,-0.6564729,-79.54819,-99.52619,0.90158707,-0.6025985,13.996883,,,,,,0.1872005,0.018655380249023436,28827.823490142822,1995000,0.05859375,0.0073242188,0.0,0.0060165613,0.04332006,0.0001113796,-79.590355,0.0059051816,0.0,0.12519124,0.12519124,0.1,1.0,0.0031138374,0.5615036,-84.60568,994967.0,1.0,1.0,307.0,6.0775885581970215,100.0
5.89969e-05,0.0,,,,,,,0.17713572,-0.36324072,-78.27085,-99.408485,0.20475277,-0.24082989,8.304434,,,,,,0.18172172,0.018678774261474608,28921.21736717224,2000000,0.05078125,0.0068359375,0.0,0.004585995,0.03285086,5.89969e-05,-78.349304,0.004526998,0.0,0.1554796,0.1554796,0.1,1.0,0.0029182117,0.51412797,-80.5157,999633.0,1.0,1.0,444.0,8.114057540893555,100.0
