training/actor/actor_loss,training/actor/bound_loss,training/actor/mse,training/actor/q,training/actor/q_loss,training/alpha/current_vs_historical_ratio,training/alpha/historical_avg_loss,training/alpha/max_alpha_bound,training/alpha/min_alpha_bound,training/alpha/valid_count,training/alpha_weight,training/critic/critic_loss,training/critic/q_max,training/critic/q_mean,training/critic/q_min,training/grad/max,training/grad/min,training/grad/norm,training/meanflow/consistency_loss,training/meanflow/flow_loss,training/meanflow/mean_flow_loss,training/metrics/actor_learning_rate,training/metrics/critic_learning_rate,training/total_loss,time/epoch_time,time/total_time,step,exploration/total.timesteps,exploration/episode.final_reward,exploration/episode.return,exploration/episode.length,exploration/episode.duration,exploration/episode.normalized_return
-0.25733268,0.0,0.67441225,0.25733268,-0.25733268,1.0,0.0,1000.0,10.0,0,100.0,3.5022655,4.502843,0.30097878,-3.953432,218.48772,-229.12668,2949.6914,0.15150008,1.1206266,1.1206266,0.0,0.0003,115.307594,0.0069092803955078125,34.54640746116638,0,,,,,,
21.072983,0.05258866,0.32230097,-21.020393,21.020393,57211350.0,0.0,1000.0,10.0,2,100.0,0.8319545,-0.15350765,-21.051437,-24.89236,115.6064,-161.61942,3523.4448,0.072825335,0.5721135,0.5721135,1e-05,0.0003,79.11629,0.01639371967315674,116.51501250267029,5000,,,,,,
32.589508,0.04558311,0.31741288,-32.543926,32.543926,59682812.0,0.0,1000.0,10.0,4,100.0,1.1958967,0.58612573,-32.536583,-42.73992,117.26515,-268.9143,4620.2305,0.07278052,0.5968281,0.5968281,2e-05,0.0003,93.468216,0.0036824965000152587,134.92750191688538,10000,,,,,,
38.56092,0.025504664,0.3090346,-38.535416,38.535416,61788988.0,0.0,1000.0,10.0,7,100.0,1.9650464,-0.756356,-38.6203,-56.192814,237.0813,-98.71359,3156.9697,0.06932007,0.6178899,0.6178899,3e-05,0.0003,102.31496,0.0036889614582061767,153.3723168373108,15000,,,,,,
40.29944,0.03042936,0.32334518,-40.26901,40.26901,53777308.0,0.0,1000.0,10.0,9,100.0,1.719118,0.0399931,-40.24936,-66.19442,104.90498,-63.80945,1978.1558,0.08404501,0.5377731,0.5377731,4e-05,0.0003,95.79586,0.003625394058227539,171.49929118156433,20000,,,,,,
46.8132,0.038137637,0.31566507,-46.775063,46.775063,2.3977396,0.21396297,1000.0,10.0,12,100.0,2.002094,-1.7328669,-46.791645,-73.67402,65.99887,-70.35829,2029.5327,0.0750489,0.5130275,0.5130275,5e-05,0.0003,100.11804,0.003687771511077881,189.93815231323242,25000,,,,,,
43.29009,0.020700613,0.27208298,-43.269386,43.269386,1.4997402,0.3580345,1000.0,10.0,14,100.0,2.6523192,-0.20249757,-43.272736,-80.37375,68.35616,-66.72554,2019.4288,0.05287455,0.53695875,0.53695875,6e-05,0.0003,99.63829,0.003694551944732666,208.41091632843018,30000,,,,,,
45.84425,0.014323108,0.31955504,-45.829926,45.829926,1.3071039,0.49068922,1000.0,10.0,17,100.0,1.383637,1.1241752,-45.719376,-85.63655,48.834137,-74.2886,1671.8284,0.07070361,0.6413818,0.6413818,6.9999995e-05,0.0003,111.36607,0.00362406587600708,226.53124928474426,35000,,,,,,
43.224155,0.014253605,0.2933884,-43.209904,43.209904,1.100076,0.5579485,1000.0,10.0,19,100.0,2.8784971,0.6669449,-43.24826,-89.72626,39.99976,-39.852844,1430.3013,0.07467623,0.6137858,0.6137858,8e-05,0.0003,107.48123,0.003694321393966675,245.00286102294922,40000,,,,,,
47.380455,0.010823843,0.26625192,-47.369633,47.369633,0.97863704,0.5797949,1000.0,10.0,20,100.0,1.4688568,0.06085974,-47.39391,-92.81562,31.246046,-35.207436,1251.8864,0.063885584,0.56740874,0.56740874,8.9999994e-05,0.0003,105.59019,0.0037028934478759764,263.5173325538635,45000,,,,,,
44.08525,0.017119847,0.2989229,-44.06813,44.06813,1.0041672,0.57032126,1000.0,10.0,20,100.0,1.5164872,1.0729536,-43.9839,-94.71747,39.144447,-39.340385,1222.0,0.07074182,0.57269794,0.57269794,1e-04,0.0003,102.87154,0.003625221538543701,281.6434440612793,50000,,,,,,
49.89341,0.012494575,0.26686332,-49.880917,49.880917,0.9920043,0.5628118,1000.0,10.0,20,100.0,1.2836038,0.35641533,-49.840897,-96.76935,24.642136,-32.56559,1170.0381,0.06784452,0.5583117,0.5583117,9.999385e-05,0.0003,107.00818,0.003694644021987915,300.11667037010193,55000,,,,,,
43.979813,0.013346298,0.2683205,-43.966465,43.966465,0.9504783,0.55132437,1000.0,10.0,20,100.0,1.6344433,0.59324163,-44.02435,-97.90315,47.071827,-32.270428,963.9019,0.07404942,0.52402186,0.52402186,9.99754e-05,0.0003,98.01645,0.003692828607559204,318.58081793785095,60000,,,,,,
51.054287,0.006368499,0.26112017,-51.04792,51.04792,1.0441701,0.5512528,1000.0,10.0,20,100.0,1.1126614,-1.9528147,-50.997337,-98.923065,39.29223,-24.940775,936.4073,0.06191831,0.5756017,0.5756017,9.994465e-05,0.0003,109.72711,0.0036354069232940674,336.75785660743713,65000,,,,,,
46.970695,0.015473832,0.2394925,-46.955223,46.955223,0.7424672,0.54483426,1000.0,10.0,20,100.0,1.1097234,2.2333927,-47.054333,-99.90847,26.20575,-27.526428,841.4162,0.049988374,0.40452158,0.40452158,9.990162e-05,0.0003,88.53258,0.003687157392501831,355.19364738464355,70000,,,,,,
47.149456,0.010022633,0.26879102,-47.139435,47.139435,0.9787964,0.53507704,1000.0,10.0,20,100.0,1.1953853,-0.17645806,-47.14468,-100.45447,32.124622,-21.791292,820.7599,0.062678896,0.52373147,0.52373147,9.984629e-05,0.0003,100.71799,0.003674018669128418,373.56374502182007,75000,,,,,,
50.113346,0.007806833,0.24769141,-50.105537,50.105537,0.9661226,0.5249935,1000.0,10.0,20,100.0,1.7039549,-0.70045996,-50.09385,-100.815575,19.617897,-15.095226,801.4032,0.0509605,0.50720805,0.50720805,9.977873e-05,0.0003,102.53811,0.0036435123443603517,391.7813105583191,80000,,,,,,
43.62913,0.010583968,0.26792032,-43.618546,43.618546,1.0707214,0.51292294,1000.0,10.0,20,100.0,1.4453151,0.2165302,-43.65662,-101.55165,24.520287,-22.205847,847.3557,0.06938787,0.54919755,0.54919755,9.969891e-05,0.0003,99.9942,0.0036957598209381103,410.2601134777069,85000,,,,,,
48.05228,0.017904183,0.21936046,-48.034378,48.034378,0.97463006,0.5127967,1000.0,10.0,20,100.0,1.0821614,-2.2305906,-48.109173,-102.025406,20.139631,-21.999352,895.2711,0.038773358,0.4997871,0.4997871,9.9606885e-05,0.0003,99.11315,0.0036864876747131348,428.69255542755127,90000,,,,,,
48.98627,0.020351132,0.2628922,-48.96592,48.96592,0.89587826,0.50462884,1000.0,10.0,20,100.0,1.2808657,0.5682944,-49.021973,-102.13649,20.914848,-17.283598,733.65344,0.05113917,0.452086,0.452086,9.950265e-05,0.0003,95.47574,0.003638312530517578,446.88412261009216,95000,,,,,,
44.126957,0.013515037,0.24732947,-44.11344,44.11344,1.0009682,0.49613738,1000.0,10.0,20,100.0,1.0160172,0.64748335,-44.07142,-102.661285,27.62842,-17.461426,817.23535,0.0580706,0.49661776,0.49661776,9.938626e-05,0.0003,94.80475,0.0036954716205596923,465.3614845275879,100000,,,,,,
47.765865,0.025998771,0.27684325,-47.73987,47.73987,0.9854279,0.48595867,1000.0,10.0,20,100.0,1.5012985,-2.424096,-47.687504,-101.429,16.00209,-22.595554,774.2369,0.055062115,0.47887725,0.47887725,9.9257726e-05,0.0003,97.15489,0.0062881676197052,496.8023262023926,105000,,,,,,
49.39496,0.012609568,0.2676805,-49.382347,49.382347,1.18029,0.48874488,1000.0,10.0,20,100.0,1.4866807,-2.5714905,-49.545395,-102.46054,18.46034,-23.151382,815.21716,0.078458875,0.57686067,0.57686067,9.91171e-05,0.0003,108.5677,0.0036791527271270753,515.198094367981,110000,,,,,,
45.64215,0.014428876,0.26056504,-45.627724,45.627724,1.0028435,0.49610955,1000.0,10.0,20,100.0,1.0858178,1.6799424,-45.671406,-102.9114,33.667995,-24.446814,826.9004,0.062464677,0.49752024,0.49752024,9.896442e-05,0.0003,96.479996,0.00364530553817749,533.4246263504028,115000,,,,,,
47.453594,0.008163504,0.24588545,-47.44543,47.44543,1.0076644,0.48661953,1000.0,10.0,20,100.0,0.9676069,0.52580726,-47.509323,-102.16347,19.024801,-22.016077,701.57056,0.056165088,0.49034917,0.49034917,9.8799705e-05,0.0003,97.456116,0.0037084611892700195,551.9669365882874,120000,,,,,,
46.353905,0.0039996486,0.22600421,-46.349907,46.349907,0.8660181,0.48683134,1000.0,10.0,20,100.0,1.080283,-0.26140028,-46.44527,-102.28751,25.715433,-18.942368,729.4215,0.05117631,0.42160475,0.42160475,9.8623015e-05,0.0003,89.594666,0.0037006542205810546,570.470211982727,125000,,,,,,
48.297535,0.008724408,0.2268109,-48.28881,48.28881,0.8883634,0.48673105,1000.0,10.0,20,100.0,1.2693044,1.0117882,-48.20461,-102.71887,18.415209,-17.389376,713.4263,0.052578624,0.43239406,0.43239406,9.843441e-05,0.0003,92.806244,0.00370300931930542,588.9852631092072,130000,,,,,,
47.986126,0.008720717,0.26320004,-47.977406,47.977406,1.0015181,0.4819553,1000.0,10.0,20,100.0,1.0956004,0.7494237,-48.05987,-102.542885,17.398092,-19.561493,725.32983,0.05853414,0.48268697,0.48268697,9.823391e-05,0.0003,97.35042,0.0036357892513275147,607.1642136573792,135000,,,,,,
46.572258,0.008676094,0.24651214,-46.563583,46.563583,0.9412245,0.48646998,1000.0,10.0,20,100.0,1.0417159,2.2111309,-46.530487,-102.33937,16.970516,-18.311357,756.00256,0.054781176,0.45787743,0.45787743,9.8021614e-05,0.0003,93.40172,0.003687233638763428,625.6003861427307,140000,,,,,,
46.85977,0.0077202898,0.26203698,-46.85205,46.85205,0.9307917,0.4798245,1000.0,10.0,20,100.0,1.2947959,1.7363576,-46.930626,-102.22626,18.007479,-18.128796,667.6248,0.04978577,0.44661668,0.44661668,9.779754e-05,0.0003,92.81624,0.003687186908721924,644.036324262619,145000,,,,,,
46.574265,0.005128658,0.22973067,-46.569138,46.569138,1.0517372,0.47983503,1000.0,10.0,20,100.0,1.1205962,0.2675652,-46.655815,-102.415794,26.401237,-20.386738,780.07495,0.0627017,0.50466037,0.50466037,9.756177e-05,0.0003,98.160904,0.003692740726470947,662.5000314712524,150000,,,,,,
44.384872,0.009783043,0.19960955,-44.375088,44.375088,0.85136616,0.47144428,1000.0,10.0,20,100.0,2.5739572,1.2505009,-44.35482,-102.12158,22.229841,-17.801119,647.64954,0.044895187,0.40137172,0.40137172,9.7314376e-05,0.0003,87.096,0.003630460834503174,680.6523394584656,155000,,,,,,
47.2903,0.010504959,0.24056233,-47.279793,47.279793,0.9232071,0.4750867,1000.0,10.0,20,100.0,0.9893149,-0.12063375,-47.339546,-101.85842,15.144699,-17.49707,651.3573,0.049040355,0.43860337,0.43860337,9.7055396e-05,0.0003,92.13995,0.003700241708755493,699.1535522937775,160000,,,,,,
46.965824,0.006160569,0.20698753,-46.959663,46.959663,0.9797037,0.46648884,1000.0,10.0,20,100.0,1.9287059,-0.6571403,-46.999596,-101.86051,15.449086,-20.764557,755.2893,0.04234615,0.45702082,0.45702082,9.6784934e-05,0.0003,94.59662,0.003680717086791992,717.5571417808533,165000,,,,,,
48.23324,0.00816645,0.2463795,-48.22507,48.22507,1.0276946,0.46255073,1000.0,10.0,20,100.0,0.8211304,0.4410772,-48.28833,-101.51561,16.392593,-15.252364,634.8199,0.060110204,0.47536087,0.47536087,9.6503034e-05,0.0003,96.590454,0.003700769567489624,736.0609934329987,170000,,,,,,
49.9184,0.008281097,0.21255934,-49.91012,49.91012,0.8336046,0.46393013,1000.0,10.0,20,100.0,4.837128,0.119299114,-50.034447,-101.80654,21.352728,-24.002687,706.79803,0.033658646,0.38673428,0.38673428,9.62098e-05,0.0003,93.428955,0.0036323370456695556,754.2226829528809,175000,,,,,,
48.201256,0.0050964993,0.21550587,-48.19616,48.19616,0.8702879,0.46320158,1000.0,10.0,20,100.0,0.96219015,-0.032755017,-48.32598,-101.438736,17.543476,-17.21191,614.86084,0.038650863,0.4031187,0.4031187,9.59053e-05,0.0003,89.47531,0.0036802669525146485,772.6240220069885,180000,,,,,,
47.620377,0.0038682048,0.2283963,-47.61651,47.61651,0.9523718,0.46431956,1000.0,10.0,20,100.0,1.0230004,0.8690117,-47.558556,-101.76786,14.426033,-14.756098,675.70215,0.050014004,0.44220483,0.44220483,9.558961e-05,0.0003,92.86386,0.003690006732940674,791.0740597248077,185000,,,,,,
47.21752,0.0072701755,0.18651631,-47.21025,47.21025,0.81996787,0.46142825,1000.0,10.0,20,100.0,0.78302014,0.91069824,-47.276596,-102.31351,19.897919,-14.091343,536.3801,0.040736154,0.37835634,0.37835634,9.526282e-05,0.0003,85.836174,0.003696196460723877,809.5550458431244,190000,,,,,,
48.41128,0.0068248943,0.22202158,-48.404457,48.404457,0.96495134,0.4542933,1000.0,10.0,20,100.0,1.902533,-0.019619562,-48.317654,-101.13059,19.206648,-11.27546,633.7278,0.06383936,0.43837094,0.43837094,9.4925024e-05,0.0003,94.15091,0.0036342593193054197,827.7263467311859,195000,,,,,,
44.665154,0.0042590154,0.23458937,-44.660896,44.660896,1.1135972,0.45258006,1000.0,10.0,20,100.0,1.4270971,0.59934264,-44.67016,-101.16545,24.40203,-16.375198,748.17847,0.05310272,0.5039919,0.5039919,9.457632e-05,0.0003,96.49144,0.0036845630645751955,846.1491661071777,200000,,,,,,
44.292904,0.0075067393,0.21158019,-44.285397,44.285397,0.9655167,0.45833015,1000.0,10.0,20,100.0,3.0226352,-0.7804368,-44.268406,-100.70701,16.826296,-18.294094,772.7682,0.044269722,0.44252542,0.44252542,9.42168e-05,0.0003,91.568085,0.006745721006393432,879.8777751922607,205000,,,,,,
46.44313,0.006898797,0.23306596,-46.436234,46.436234,0.9925118,0.45457354,1000.0,10.0,20,100.0,0.74855787,0.48020667,-46.511765,-101.08441,14.752154,-15.080022,614.26135,0.063717656,0.45116958,0.45116958,9.384654e-05,0.0003,92.30865,0.0036821179866790774,898.2883689403534,210000,,,,,,
49.75535,0.0066648815,0.2156077,-49.748684,49.748684,1.0390891,0.45382538,1000.0,10.0,20,100.0,0.84083617,0.08212055,-49.766872,-100.85529,40.257366,-49.059288,876.6874,0.036346834,0.471565,0.471565,9.346567e-05,0.0003,97.752686,0.003643223190307617,916.5044887065887,215000,,,,,,
45.757343,0.0057437015,0.24565877,-45.7516,45.7516,0.9967429,0.44985673,1000.0,10.0,20,100.0,2.2863302,-1.2928821,-45.72058,-100.432106,24.139565,-28.43543,752.63983,0.056506947,0.4483915,0.4483915,9.30743e-05,0.0003,92.88283,0.0036796818256378174,934.9029011726379,220000,,,,,,
47.41362,0.0056710765,0.25025436,-47.407948,47.407948,1.0564686,0.45426092,1000.0,10.0,20,100.0,0.8825063,0.3264991,-47.394157,-99.54662,19.198076,-18.861067,753.0563,0.045123905,0.47991237,0.47991237,9.267249e-05,0.0003,96.28737,0.0036868648529052735,953.3372328281403,225000,,,,,,
49.701244,0.008754735,0.20282349,-49.69249,49.69249,0.9761018,0.46063837,1000.0,10.0,20,100.0,0.9086803,-5.3188906,-49.675133,-100.655914,16.447971,-15.646625,620.3283,0.052026883,0.44962996,0.44962996,9.2260394e-05,0.0003,95.57292,0.0036918702125549314,971.7965879440308,230000,,,,,,
45.332565,0.0057139355,0.22684447,-45.32685,45.32685,0.9410745,0.4685823,1000.0,10.0,20,100.0,0.8860236,-0.17398053,-45.4507,-100.44422,22.976828,-22.333725,617.8872,0.051270824,0.44097084,0.44097084,9.183811e-05,0.0003,90.315674,0.0036282989501953125,989.9380867481232,235000,,,,,,
45.012127,0.009097557,0.23111603,-45.00303,45.00303,0.9813054,0.46084604,1000.0,10.0,20,100.0,3.0813744,0.84940374,-45.196648,-100.712006,34.78288,-34.32381,821.7543,0.049165137,0.45223072,0.45223072,9.1405775e-05,0.0003,93.316574,0.0036928186416625977,1008.4021866321564,240000,,,,,,
44.217274,0.006527004,0.23986308,-44.210747,44.210747,1.0100386,0.45602036,1000.0,10.0,20,100.0,1.3793211,-2.8200228,-44.17137,-100.41824,14.198082,-13.926044,689.67737,0.05328948,0.4605982,0.4605982,9.0963455e-05,0.0003,91.65642,0.003698279094696045,1026.8935859203339,245000,,,,,,
43.43769,0.0019610745,0.19473201,-43.43573,43.43573,1.0196993,0.4583839,1000.0,10.0,20,100.0,1.5710678,0.7900414,-43.391983,-104.014824,18.969797,-18.3727,612.6514,0.048492573,0.46741372,0.46741372,9.051133e-05,0.0003,91.75013,0.0036957234382629395,1045.372210741043,250000,,,,,,
49.151886,0.00552307,0.22719313,-49.146362,49.146362,1.0640801,0.45992318,1000.0,10.0,20,100.0,0.6688763,0.34321177,-49.09888,-104.04211,94.136475,-63.87007,1022.7501,0.049975295,0.48939514,0.48939514,9.004948e-05,0.0003,98.76028,0.0036260231494903566,1063.502329826355,255000,,,,,,
47.171574,0.00612923,0.22624572,-47.165443,47.165443,1.0096492,0.4564027,1000.0,10.0,20,100.0,1.2640021,0.4162042,-47.262337,-101.79114,15.680014,-13.219409,734.1681,0.047295105,0.46080658,0.46080658,8.9578054e-05,0.0003,94.516235,0.003688645887374878,1081.9455635547638,260000,,,,,,
45.630558,0.005871511,0.247291,-45.624687,45.624687,0.89261633,0.44962388,1000.0,10.0,20,100.0,0.8581306,0.6112636,-45.59967,-99.905205,27.711601,-26.552938,673.98773,0.053812668,0.40134165,0.40134165,8.909717e-05,0.0003,86.62285,0.003696788787841797,1100.4295146465302,265000,,,,,,
45.50077,0.009364841,0.22302198,-45.491405,45.491405,0.9145336,0.44215783,1000.0,10.0,20,100.0,0.8216279,-2.8429146,-45.499725,-99.53991,66.16611,-43.052055,693.3689,0.053594843,0.40436816,0.40436816,8.860696e-05,0.0003,86.75922,0.003685400104522705,1118.856519460678,270000,,,,,,
43.490597,0.009965328,0.2177755,-43.480633,43.480633,0.95461255,0.43598232,1000.0,10.0,20,100.0,1.0192026,0.3311376,-43.619247,-99.419945,14.592905,-18.718674,623.3707,0.05371679,0.4161942,0.4161942,8.810758e-05,0.0003,86.12922,0.003641224050521851,1137.0626435279846,275000,,,,,,
45.143353,0.008872097,0.259857,-45.13448,45.13448,1.057346,0.43892765,1000.0,10.0,20,100.0,1.3101213,0.64797103,-45.600697,-100.345314,83.78582,-71.83479,1036.2998,0.050775334,0.4640984,0.4640984,8.759914e-05,0.0003,92.86331,0.0036793504238128664,1155.4593997001648,280000,,,,,,
44.776066,0.005098383,0.21401754,-44.770966,44.770966,1.0854337,0.4368783,1000.0,10.0,20,100.0,6.761161,0.77595633,-44.824417,-99.8388,14.359366,-14.740061,761.2081,0.044568434,0.47420245,0.47420245,8.708179e-05,0.0003,98.95747,0.003714974069595337,1174.0342774391174,285000,,,,,,
43.097065,0.0026515462,0.20938069,-43.094414,43.094414,0.9091399,0.43908015,1000.0,10.0,20,100.0,0.8942096,0.045120284,-43.217327,-99.16919,16.87049,-14.050927,505.86435,0.045858525,0.39918527,0.39918527,8.655565e-05,0.0003,83.909805,0.003623203277587891,1192.1502974033356,290000,,,,,,
48.471943,0.009916032,0.21570055,-48.46203,48.46203,1.0665562,0.4273191,1000.0,10.0,20,100.0,0.82001984,0.2352823,-48.55603,-99.713135,38.579494,-38.040783,869.43066,0.054866508,0.45575985,0.45575985,8.602091e-05,0.0003,94.86795,0.003693942356109619,1210.6200139522552,295000,,,,,,
46.048527,0.003749861,0.19640619,-46.044777,46.044777,0.93061393,0.43230706,1000.0,10.0,20,100.0,0.7510047,-2.0885406,-46.06651,-102.17739,20.238777,-15.753943,608.97485,0.040427327,0.40231097,0.40231097,8.547767e-05,0.0003,87.030624,0.0037012986183166505,1229.1265110969543,300000,,,,,,
45.86876,0.007395922,0.17027591,-45.861362,45.861362,0.8334392,0.43237334,1000.0,10.0,20,100.0,0.65229595,0.16646108,-45.87535,-99.70403,11.135377,-21.076092,549.75916,0.036910668,0.36035687,0.36035687,8.49261e-05,0.0003,82.55674,0.006710258960723877,1262.6778099536896,305000,,,,,,
47.283993,0.007250337,0.21917431,-47.27674,47.27674,0.969056,0.43238726,1000.0,10.0,20,100.0,0.70626014,1.5676979,-47.237976,-99.01189,16.618433,-18.205069,710.6904,0.056935526,0.41900748,0.41900748,8.436636e-05,0.0003,89.89101,0.003626272106170654,1280.8091745376587,310000,,,,,,
46.754223,0.0050404174,0.24578175,-46.749184,46.749184,1.0484569,0.433446,1000.0,10.0,20,100.0,0.7018957,-0.18940833,-46.672142,-99.29966,16.339205,-18.408718,589.96985,0.053008735,0.45444947,0.45444947,8.3798586e-05,0.0003,92.90106,0.003688518571853638,1299.2517716884613,315000,,,,,,
45.81395,0.007752262,0.22333068,-45.8062,45.8062,0.82610846,0.4363256,1000.0,10.0,20,100.0,0.79235744,0.4434393,-45.941383,-99.255356,18.343233,-16.887453,574.5508,0.048809618,0.3604523,0.3604523,8.322294e-05,0.0003,82.651535,0.0036916160583496094,1317.7098557949066,320000,,,,,,
46.77205,0.009576808,0.22876371,-46.76247,46.76247,0.99343014,0.4376731,1000.0,10.0,20,100.0,1.9689608,1.3433702,-46.8818,-98.758316,155.9595,-185.53098,1592.9824,0.053041358,0.43479764,0.43479764,8.263957e-05,0.0003,92.22077,0.0036953004360198976,1336.1863613128662,325000,,,,,,
45.913185,0.005166157,0.19799653,-45.90802,45.90802,1.0715652,0.43440482,1000.0,10.0,20,100.0,0.6657841,0.5346273,-45.938324,-98.92422,12.358609,-20.505943,613.06934,0.044180796,0.46549308,0.46549308,8.2048646e-05,0.0003,93.12828,0.0036287310600280763,1354.3300197124481,330000,,,,,,
45.47771,0.0063577513,0.19936055,-45.47135,45.47135,0.9566616,0.44542003,1000.0,10.0,20,100.0,1.6677095,0.9059136,-45.453773,-98.96781,18.478733,-18.059835,667.854,0.050990257,0.42611623,0.42611623,8.1450344e-05,0.0003,89.75704,0.0036881452560424805,1372.7707500457764,335000,,,,,,
43.88415,0.007602318,0.20840858,-43.87655,43.87655,0.91966957,0.43875906,1000.0,10.0,20,100.0,2.0812857,2.3398597,-43.884277,-98.92866,31.526543,-21.715044,778.88763,0.049355008,0.40351334,0.40351334,8.0844795e-05,0.0003,86.31677,0.0037089547157287597,1391.315527677536,340000,,,,,,
44.903545,0.002251765,0.21535853,-44.901295,44.901295,0.9429342,0.436475,1000.0,10.0,20,100.0,0.9895605,0.3818733,-44.875717,-99.000725,12.203134,-18.736261,597.001,0.03976752,0.4115672,0.4115672,8.0232174e-05,0.0003,87.04983,0.0036851725101470947,1409.741394519806,345000,,,,,,
45.78216,0.0053879526,0.19461352,-45.776775,45.776775,0.7963018,0.43788964,1000.0,10.0,20,100.0,2.0266669,0.7929604,-45.980515,-101.35083,12.306613,-17.904093,643.63477,0.04246094,0.3486923,0.3486923,7.961267e-05,0.0003,82.678055,0.0036309306621551516,1427.896051645279,350000,,,,,,
46.417007,0.0065904013,0.18530169,-46.410416,46.410416,1.00596,0.43433616,1000.0,10.0,20,100.0,0.77100635,0.043954834,-46.454803,-98.65318,15.132065,-18.618343,582.9232,0.04696691,0.43692482,0.43692482,7.898643e-05,0.0003,90.88049,0.0036953909397125246,1446.3730132579803,355000,,,,,,
44.866306,0.0059453207,0.20398746,-44.86036,44.86036,0.98033714,0.43438345,1000.0,10.0,20,100.0,0.6179254,-0.050948717,-44.84327,-99.051926,12.004121,-12.627301,570.1938,0.060131416,0.42584223,0.42584223,7.835362e-05,0.0003,88.06845,0.0036881534576416017,1464.8137850761414,360000,,,,,,
43.83611,0.00448414,0.19567394,-43.831627,43.831627,0.8915051,0.4312036,1000.0,10.0,20,100.0,0.75082755,-0.23744032,-43.934658,-98.9586,44.481052,-27.00199,641.53784,0.039952908,0.38442022,0.38442022,7.7714445e-05,0.0003,83.02896,0.0036887079238891603,1483.2573282718658,365000,,,,,,
40.023693,0.005843417,0.25114602,-40.01785,40.01785,0.97132796,0.43138647,1000.0,10.0,20,100.0,0.9018774,0.8290784,-40.309006,-99.21359,17.745884,-18.42104,593.4689,0.050299093,0.41901776,0.41901776,7.706907e-05,0.0003,82.82735,0.0036404173374176025,1501.4594190120697,370000,,,,,,
49.658577,0.006969523,0.1985474,-49.651608,49.651608,0.92997545,0.4237883,1000.0,10.0,20,100.0,0.53578097,-0.50400054,-49.657475,-101.59468,16.86452,-16.403612,593.2616,0.043591395,0.3941127,0.3941127,7.641764e-05,0.0003,89.60563,0.0036938477516174316,1519.9286615848541,375000,,,,,,
45.688747,0.004931395,0.2290947,-45.683815,45.683815,1.0482827,0.43099275,1000.0,10.0,20,100.0,0.6048965,0.4149817,-45.63746,-98.8766,295.20105,-223.50752,1632.9104,0.041546322,0.45180225,0.45180225,7.5760356e-05,0.0003,91.47387,0.0036861246585845947,1538.3592884540558,380000,,,,,,
43.69971,0.0053581623,0.23210065,-43.69435,43.69435,0.98621273,0.4335104,1000.0,10.0,20,100.0,0.8783963,0.58938956,-43.792633,-99.11727,52.887466,-45.81494,814.70123,0.051171616,0.42753345,0.42753345,7.50974e-05,0.0003,87.33145,0.0036818599224090576,1556.768592119217,385000,,,,,,
42.686012,0.004409631,0.2035234,-42.681602,42.681602,0.94371426,0.4365545,1000.0,10.0,20,100.0,0.55147874,0.33023378,-42.681335,-98.933945,65.162544,-32.241825,740.3406,0.047065437,0.41198272,0.41198272,7.442894e-05,0.0003,84.43576,0.003636999750137329,1574.9535949230194,390000,,,,,,
46.737988,0.004015481,0.19053924,-46.73397,46.73397,0.9408923,0.44002986,1000.0,10.0,20,100.0,0.8854518,0.47756374,-46.882927,-99.010956,17.72638,-21.968025,648.4389,0.04632713,0.41402072,0.41402072,7.375519e-05,0.0003,89.02551,0.003683639907836914,1593.3717982769012,395000,,,,,,
44.800377,0.0053726323,0.19884363,-44.795006,44.795006,1.0148828,0.43769485,1000.0,10.0,20,100.0,0.8624009,0.7788652,-44.880154,-98.9711,26.452152,-22.175917,672.62286,0.049739584,0.44420895,0.44420895,7.30763e-05,0.0003,90.08367,0.0036912981510162355,1611.8282928466797,400000,,,,,,
46.81148,0.00502946,0.2131063,-46.806454,46.806454,0.9296762,0.4444561,1000.0,10.0,20,100.0,0.5942855,0.32888246,-46.810005,-99.12965,16.439278,-17.946712,585.36115,0.04683637,0.41320023,0.41320023,7.239246e-05,0.0003,88.725784,0.006704436731338501,1645.350480556488,405000,,,,,,
45.34036,0.0037366864,0.19960313,-45.33662,45.33662,0.97193754,0.44162956,1000.0,10.0,20,100.0,0.8656448,-0.77187663,-45.38803,-99.18673,14.227529,-17.980719,585.0304,0.040298432,0.42923632,0.42923632,7.170388e-05,0.0003,89.12964,0.003626895332336426,1663.4849617481232,410000,,,,,,
48.14261,0.0067986613,0.20199215,-48.13581,48.13581,1.0394288,0.44315043,1000.0,10.0,20,100.0,1.0075358,0.83473,-48.183723,-99.13532,100.8116,-101.66031,1062.8228,0.051049616,0.46062332,0.46062332,7.101073e-05,0.0003,95.21248,0.003694018840789795,1681.9550597667694,415000,,,,,,
44.962254,0.0053454954,0.18472973,-44.95691,44.95691,0.8702734,0.43796268,1000.0,10.0,20,100.0,0.65319085,1.5579287,-44.952164,-98.75702,31.44946,-15.216452,584.93555,0.036196586,0.38114727,0.38114727,7.0313195e-05,0.0003,83.73017,0.003716261339187622,1700.5363698005676,420000,,,,,,
47.133266,0.0034628357,0.22625214,-47.129803,47.129803,0.96574986,0.43029547,1000.0,10.0,20,100.0,0.825891,-0.15618482,-47.14354,-98.782776,73.316345,-104.52276,855.1199,0.041127365,0.41555777,0.41555777,6.961148e-05,0.0003,89.51494,0.0037030256271362305,1719.051504611969,425000,,,,,,
46.523968,0.009907244,0.24222614,-46.51406,46.51406,1.1712955,0.4207742,1000.0,10.0,20,100.0,0.622156,0.24674982,-46.578045,-101.17317,369.102,-190.4982,1986.4188,0.039629705,0.49285093,0.49285093,6.890576e-05,0.0003,96.43121,0.003628304195404053,1737.1930298805237,430000,,,,,,
46.499905,0.0046256334,0.222354,-46.495277,46.495277,0.97544146,0.421763,1000.0,10.0,20,100.0,0.6147375,0.31867376,-46.492973,-99.06387,23.026941,-17.369537,617.0541,0.04422986,0.41140512,0.41140512,6.8196256e-05,0.0003,88.25516,0.003699157428741455,1755.6888206005096,435000,,,,,,
43.628628,0.002367535,0.19997707,-43.62626,43.62626,1.0455981,0.42006984,1000.0,10.0,20,100.0,0.7430824,1.1659131,-43.72471,-99.0632,14.754311,-17.066164,646.16724,0.04571314,0.43922424,0.43922424,6.748313e-05,0.0003,88.294136,0.0036766365051269533,1774.0720081329346,440000,,,,,,
46.422894,0.0063419826,0.20468293,-46.41655,46.41655,1.1248341,0.41635838,1000.0,10.0,20,100.0,0.65894735,0.5339229,-46.324837,-99.91717,40.143097,-42.728016,723.26825,0.056280676,0.4683341,0.4683341,6.67666e-05,0.0003,93.91525,0.0036961597442626954,1792.5528106689453,445000,,,,,,
45.78845,0.0034897977,0.19876501,-45.784958,45.784958,0.8918998,0.41713402,1000.0,10.0,20,100.0,0.6460016,0.74806094,-45.858604,-99.32008,70.24637,-48.896313,734.45166,0.041877672,0.37204176,0.37204176,6.604685e-05,0.0003,83.638626,0.0036234695911407473,1810.670162677765,450000,,,,,,
43.723015,0.005150687,0.21717215,-43.717865,43.717865,0.9587108,0.41761318,1000.0,10.0,20,100.0,1.8360397,0.28963068,-43.744026,-99.05021,15.656555,-17.511137,659.78644,0.044111412,0.40037024,0.40037024,6.5324086e-05,0.0003,85.596085,0.0036949687004089356,1829.1450099945068,455000,,,,,,
44.96999,0.008061884,0.26659495,-44.96193,44.96193,1.0446981,0.4142035,1000.0,10.0,20,100.0,1.7370995,-5.3148594,-45.403248,-99.63338,59.280903,-34.075413,807.57336,0.04461102,0.4327176,0.4327176,6.4598484e-05,0.0003,89.97885,0.0036894783020019533,1847.592405796051,460000,,,,,,
45.140762,0.004500543,0.2056946,-45.13626,45.13626,0.9083568,0.41936785,1000.0,10.0,20,100.0,0.73089594,0.8003759,-45.13343,-99.061134,21.180353,-24.98593,570.9706,0.04108391,0.3809356,0.3809356,6.387027e-05,0.0003,83.96522,0.003625732946395874,1865.7210745811462,465000,,,,,,
44.34093,0.0034530908,0.20750153,-44.33748,44.33748,0.9341668,0.4220584,1000.0,10.0,20,100.0,0.51265013,0.2049839,-44.26802,-99.33537,12.709863,-14.843162,539.61914,0.037180007,0.39427292,0.39427292,6.3139625e-05,0.0003,84.28087,0.0036901538848876955,1884.1718471050262,470000,,,,,,
47.73968,0.0040086634,0.21212325,-47.735672,47.735672,0.96996826,0.42139474,1000.0,10.0,20,100.0,0.6147467,0.111462474,-47.74241,-99.177216,17.719175,-17.761055,647.7313,0.059625942,0.4087395,0.4087395,6.2406754e-05,0.0003,89.22838,0.0036818720817565916,1902.5812113285065,475000,,,,,,
44.94647,0.0036358736,0.21132004,-44.942833,44.942833,1.0996333,0.42013913,1000.0,10.0,20,100.0,0.5582721,-0.09823621,-44.96237,-98.56998,63.031727,-75.39355,951.50964,0.042836204,0.461999,0.461999,6.167186e-05,0.0003,91.70464,0.003686734580993652,1921.0148887634277,480000,,,,,,
43.301975,0.0027091303,0.19887686,-43.299267,43.299267,0.87215793,0.42327705,1000.0,10.0,20,100.0,0.8778128,-0.11168486,-43.305416,-99.238785,13.420832,-17.402863,533.8745,0.040063333,0.36916444,0.36916444,6.093515e-05,0.0003,81.09623,0.003624270534515381,1939.1362454891205,485000,,,,,,
45.481743,0.0046234373,0.17933656,-45.47712,45.47712,0.8972852,0.42244124,1000.0,10.0,20,100.0,0.8081664,-0.03063228,-45.549873,-99.07804,10.726429,-13.481234,518.33167,0.039919823,0.37905025,0.37905025,6.0196806e-05,0.0003,84.19493,0.0036950812339782715,1957.6116592884064,490000,,,,,,
41.010433,0.0052839704,0.25023687,-41.00515,41.00515,1.2730848,0.42288247,1000.0,10.0,20,100.0,0.91397727,0.119724736,-41.253014,-98.64276,25.391094,-18.5099,836.3741,0.038552783,0.53836524,0.53836524,5.945705e-05,0.0003,95.76094,0.0037020211696624757,1976.1217696666718,495000,,,,,,
44.45655,0.03862782,0.5106442,-44.417923,44.417923,0.9824823,0.42158452,1000.0,10.0,20,100.0,1.6878583,0.51784015,-45.032753,-98.67425,18.464453,-13.558851,713.22003,0.047425583,0.41419935,0.41419935,5.8716072e-05,0.0003,87.56435,0.0036964322090148926,1994.6039345264435,500000,,,,,,
47.46631,0.0046184314,0.18952708,-47.46169,47.46169,1.0123694,0.41820765,1000.0,10.0,20,100.0,0.51517975,0.9761432,-47.528904,-98.882324,14.884291,-15.642837,565.76135,0.03691348,0.4233806,0.4233806,5.7974077e-05,0.0003,90.31955,0.008159332513809204,2035.4006016254425,505000,,,,,,
44.33673,0.0068063,0.25801405,-44.329926,44.329926,1.3126701,0.4171668,1000.0,10.0,20,100.0,1.1334727,-0.31534302,-44.58904,-98.68835,21.56055,-18.39865,779.8629,0.052312188,0.5476024,0.5476024,5.7231267e-05,0.0003,100.230446,0.0037000461101531984,2053.9008390903473,510000,,,,,,
48.946407,0.005446852,0.19679521,-48.94096,48.94096,1.0457994,0.422448,1000.0,10.0,20,100.0,0.58160174,0.31819007,-48.921165,-98.99653,17.799253,-16.35402,621.21924,0.040571053,0.44179583,0.44179583,5.6487854e-05,0.0003,93.70759,0.003694370985031128,2072.372697353363,515000,,,,,,
43.345226,0.0063452916,0.18520452,-43.338882,43.338882,0.96165335,0.42477068,1000.0,10.0,20,100.0,4.2344403,0.13687646,-43.603928,-98.54339,15.567529,-12.576476,660.7933,0.040298495,0.40848213,0.40848213,5.574403e-05,0.0003,88.42788,0.0036967880249023435,2090.8566415309906,520000,,,,,,
44.942482,0.006049615,0.23737215,-44.93643,44.93643,0.91361874,0.41489783,1000.0,10.0,20,100.0,1.9588449,0.2014384,-45.24605,-98.80567,68.19996,-51.744534,831.8373,0.03868971,0.37905842,0.37905842,5.5000004e-05,0.0003,84.80717,0.003654280948638916,2109.128050327301,525000,,,,,,
43.610073,0.0038633405,0.19452107,-43.60621,43.60621,0.90018237,0.41498718,1000.0,10.0,20,100.0,0.81453407,-1.1291398,-43.65391,-99.02662,20.73235,-14.041399,571.2509,0.048168574,0.37356412,0.37356412,5.4255972e-05,0.0003,81.78102,0.0036937947273254393,2127.5970282554626,530000,,,,,,
43.45725,0.0036890937,0.20460281,-43.45356,43.45356,0.9780582,0.40900618,1000.0,10.0,20,100.0,0.6277395,0.821708,-43.490112,-98.71871,15.47065,-14.618256,642.8399,0.05116675,0.40003186,0.40003186,5.3512147e-05,0.0003,84.08817,0.003686346387863159,2146.028763771057,535000,,,,,,
48.78204,0.0034799678,0.19631307,-48.77856,48.77856,1.0378352,0.42163807,1000.0,10.0,20,100.0,0.84316295,0.15363263,-48.82206,-98.6986,48.09749,-44.184074,773.6539,0.041601002,0.43759084,0.43759084,5.276873e-05,0.0003,93.384285,0.003620135450363159,2164.1294450759888,540000,,,,,,
43.166462,0.0064356383,0.21336514,-43.160027,43.160027,0.98759234,0.42467165,1000.0,10.0,20,100.0,0.51049525,0.21915776,-43.171402,-98.75231,13.190303,-14.719383,688.6237,0.049457297,0.41940248,0.41940248,5.2025924e-05,0.0003,85.6172,0.003689523696899414,2182.5770699977875,545000,,,,,,
43.377476,0.0024280525,0.18487698,-43.37505,43.37505,0.94447774,0.42798302,1000.0,10.0,20,100.0,0.5063448,1.1125705,-43.382843,-98.53099,25.934422,-32.398537,652.00793,0.039598025,0.4042204,0.4042204,5.1283936e-05,0.0003,84.30586,0.003670024585723877,2200.927196741104,550000,,,,,,
45.279137,0.0043114154,0.21034616,-45.274826,45.274826,0.8704283,0.4163962,1000.0,10.0,20,100.0,0.91144437,-0.1342345,-45.25206,-98.65917,17.071997,-11.3064785,584.00183,0.04795525,0.36244306,0.36244306,5.0542945e-05,0.0003,82.43489,0.003684951686859131,2219.3519616127014,555000,,,,,,
43.32781,0.0038582047,0.20162001,-43.32395,43.32395,0.84312403,0.41608873,1000.0,10.0,20,100.0,0.7357123,0.45988715,-43.362434,-98.84857,27.057875,-25.179785,615.0102,0.052316472,0.35081443,0.35081443,4.9803188e-05,0.0003,79.144966,0.0036358494758605957,2237.5312139987946,560000,,,,,,
44.867195,0.02375773,0.33781064,-44.843437,44.843437,1.1833735,0.4136264,1000.0,10.0,20,100.0,1.9277997,0.3049003,-45.44203,-98.69058,56.458496,-76.73135,904.58203,0.046099596,0.48947448,0.48947448,4.9064853e-05,0.0003,95.74245,0.0036868152618408203,2255.965294599533,565000,,,,,,
45.455776,0.0055738557,0.22785018,-45.450203,45.450203,0.8741596,0.41195998,1000.0,10.0,20,100.0,0.64213014,-0.08011455,-45.754547,-98.27629,25.1861,-32.005745,711.70325,0.033120476,0.36011875,0.36011875,4.8328133e-05,0.0003,82.10979,0.003682786750793457,2274.379231929779,570000,,,,,,
39.080597,0.008749097,0.32635564,-39.071846,39.071846,1.1868757,0.41095945,1000.0,10.0,20,100.0,0.6228366,0.77252,-39.508698,-98.72609,26.911139,-28.781399,870.13837,0.049365588,0.48775777,0.48775777,4.7593247e-05,0.0003,88.47921,0.0036298890590667726,2292.5286812782288,575000,,,,,,
44.75142,0.031525966,0.47126782,-44.719894,44.719894,1.1888698,0.40014845,1000.0,10.0,20,100.0,0.70581675,0.3680489,-45.337425,-98.51237,20.527315,-18.96332,853.7721,0.04927959,0.4757244,0.4757244,4.686038e-05,0.0003,93.02968,0.003684647035598755,2310.9519209861755,580000,,,,,,
44.794956,0.00313178,0.19616291,-44.791824,44.791824,0.9994149,0.4022048,1000.0,10.0,20,100.0,0.44093457,0.53469676,-44.840233,-98.55874,25.976738,-22.325619,624.8316,0.042788826,0.4019695,0.4019695,4.612974e-05,0.0003,85.43284,0.003690578842163086,2329.4048221111298,585000,,,,,,
43.673595,0.003743337,0.19185218,-43.669853,43.669853,0.8838801,0.4041352,1000.0,10.0,20,100.0,0.53179395,0.5143389,-43.67904,-98.662895,16.485926,-29.79466,591.9577,0.042189293,0.35720706,0.35720706,4.540152e-05,0.0003,79.9261,0.0036948060512542727,2347.878856420517,590000,,,,,,
43.492054,0.008848436,0.26825988,-43.483204,43.483204,1.1191801,0.40722227,1000.0,10.0,20,100.0,0.66541696,0.72633606,-43.733643,-98.61724,15.767398,-16.369867,658.7312,0.05703356,0.45575505,0.45575505,4.467592e-05,0.0003,89.73297,0.00364251766204834,2366.0914487838745,595000,,,,,,
41.872562,0.004491025,0.21054259,-41.868073,41.868073,1.1349111,0.40724927,1000.0,10.0,20,100.0,0.7230564,0.60359704,-41.986206,-98.53927,25.663712,-29.886168,819.8877,0.03640848,0.4621917,0.4621917,4.3953154e-05,0.0003,88.81479,0.0037001876831054686,2384.592390537262,600000,,,,,,
44.631546,0.0031587929,0.20478745,-44.628387,44.628387,1.0093188,0.41390738,1000.0,10.0,20,100.0,0.5178652,0.09954174,-44.646084,-98.55825,21.23107,-25.31793,672.6237,0.04346835,0.4177645,0.4177645,4.3233405e-05,0.0003,86.92586,0.006060299587249756,2414.893892765045,605000,,,,,,
44.818783,0.0038637538,0.21103512,-44.81492,44.81492,1.0002052,0.411549,1000.0,10.0,20,100.0,0.6894496,0.19807903,-44.885548,-98.792015,19.19869,-17.272959,703.81476,0.047156766,0.41163343,0.41163343,4.251687e-05,0.0003,86.67157,0.0036955830097198487,2433.3718116283417,610000,,,,,,
46.53739,0.005551497,0.19691283,-46.53184,46.53184,0.9411009,0.4204571,1000.0,10.0,20,100.0,0.75487065,-0.06906891,-46.636932,-98.63984,16.48064,-24.247225,705.9443,0.05636055,0.39569253,0.39569253,4.1803753e-05,0.0003,86.86151,0.0036282427310943602,2451.5130293369293,615000,,,,,,
43.8372,0.014051963,0.3723368,-43.823147,43.823147,1.1460209,0.42439872,1000.0,10.0,20,100.0,0.64199317,0.06704132,-44.18141,-98.61354,155.72919,-137.07019,1474.2017,0.047019675,0.4863698,0.4863698,4.1094238e-05,0.0003,93.11617,0.0036937217235565186,2469.981641769409,620000,,,,,,
42.163666,0.0054703066,0.20141718,-42.158195,42.158195,0.9965808,0.4269011,1000.0,10.0,20,100.0,0.99712735,2.0237334,-42.197075,-98.909515,12.165258,-12.96977,625.58813,0.049965136,0.4254414,0.4254414,4.0388528e-05,0.0003,85.70493,0.0036816658020019533,2488.3899743556976,625000,,,,,,
43.807228,0.026283732,0.5084295,-43.780945,43.780945,0.871971,0.4246644,1000.0,10.0,20,100.0,0.48111886,1.1286837,-44.33188,-98.66485,15.215235,-14.314768,574.6007,0.041403346,0.37029505,0.37029505,3.9686805e-05,0.0003,81.31785,0.003694710636138916,2506.8635318279266,630000,,,,,,
47.089424,0.007570061,0.29988027,-47.081856,47.081856,0.97702163,0.42622444,1000.0,10.0,20,100.0,0.5359702,0.16945435,-47.271523,-98.91993,48.309925,-26.792658,1492.5032,0.05933568,0.41643047,0.41643047,3.8989278e-05,0.0003,89.26844,0.0036222036361694336,2524.974553823471,635000,,,,,,
44.746365,0.005098599,0.18696661,-44.741264,44.741264,0.80546594,0.42632946,1000.0,10.0,20,100.0,0.60322547,-1.1692848,-44.722054,-98.41648,30.697668,-21.82443,633.5587,0.030773036,0.34339386,0.34339386,3.8296123e-05,0.0003,79.68898,0.003685935068130493,2543.404233455658,640000,,,,,,
40.8594,0.011332925,0.3061209,-40.84807,40.84807,1.0296477,0.41688916,1000.0,10.0,20,100.0,1.2156701,0.16012628,-41.171043,-98.48503,18.455248,-28.227322,818.2803,0.05403897,0.42924896,0.42924896,3.7607537e-05,0.0003,84.99997,0.0036861023902893066,2561.834748983383,645000,,,,,,
44.60659,0.004227565,0.22614014,-44.602364,44.602364,1.0701154,0.42055774,1000.0,10.0,20,100.0,0.46512368,0.179665,-44.809746,-98.64774,16.52704,-15.816465,724.60254,0.050629012,0.45004532,0.45004532,3.692371e-05,0.0003,90.07625,0.0036303913593292237,2579.9867215156555,650000,,,,,,
39.888176,0.028779477,0.70316875,-39.859398,39.859398,1.0283003,0.4199472,1000.0,10.0,20,100.0,0.6464702,0.1949143,-40.416634,-98.23317,17.560144,-16.820524,688.5814,0.043564737,0.4318318,0.4318318,3.6244823e-05,0.0003,83.71783,0.003695500326156616,2598.464226961136,655000,,,,,,
42.807915,0.0033885143,0.2104384,-42.804527,42.804527,0.9426975,0.41545874,1000.0,10.0,20,100.0,0.50774336,0.539684,-42.856796,-98.57532,24.498928,-17.745453,620.83936,0.06175284,0.39165193,0.39165193,3.5571058e-05,0.0003,82.48085,0.003676899242401123,2616.848727464676,660000,,,,,,
38.9942,0.0036546679,0.1913226,-38.990547,38.990547,0.7970706,0.40631968,1000.0,10.0,20,100.0,0.48217696,0.5631872,-38.929077,-98.61037,24.577705,-14.390207,582.7472,0.04369658,0.32386547,0.32386547,3.490261e-05,0.0003,71.86293,0.0036901113986968995,2635.2992877960205,665000,,,,,,
42.306076,0.013580628,0.4044443,-42.292496,42.292496,1.0782176,0.40386087,1000.0,10.0,20,100.0,0.49044037,-0.08761144,-42.753445,-98.669,54.356804,-66.13831,1016.791,0.036611862,0.4354499,0.4354499,3.4239645e-05,0.0003,86.34151,0.003628289222717285,2653.44073843956,670000,,,,,,
40.708946,0.021796566,0.46507102,-40.68715,40.68715,1.1440399,0.40845266,1000.0,10.0,20,100.0,0.44134483,0.6624667,-41.02259,-98.4641,64.36935,-59.984043,1538.0054,0.044641435,0.46728614,0.46728614,3.3582368e-05,0.0003,87.87891,0.003699188995361328,2671.936687707901,675000,,,,,,
42.151104,0.014964217,0.36883777,-42.13614,42.13614,1.260323,0.40901065,1000.0,10.0,20,100.0,0.71133167,-0.2551111,-42.49386,-98.6489,17.862692,-27.881618,959.814,0.039483596,0.5154855,0.5154855,3.2930948e-05,0.0003,94.41099,0.00368266019821167,2690.349992275238,680000,,,,,,
42.588787,0.011080934,0.35772356,-42.577705,42.577705,1.078421,0.42954826,1000.0,10.0,20,100.0,0.8511976,0.3146634,-42.962814,-98.552765,15.235544,-15.406374,938.2249,0.041981485,0.46323383,0.46323383,3.228555e-05,0.0003,89.76337,0.003639546823501587,2708.5477306842804,685000,,,,,,
41.81676,0.03864287,0.57774496,-41.77812,41.77812,1.1133542,0.4292705,1000.0,10.0,20,100.0,5.6275415,0.3518089,-42.401108,-98.496086,35.028183,-26.613409,882.0327,0.046582244,0.47793013,0.47793013,3.1646374e-05,0.0003,95.23732,0.003684247446060181,2726.9689722061157,690000,,,,,,
42.026344,0.002844181,0.18880633,-42.0235,42.0235,0.91285676,0.43416998,1000.0,10.0,20,100.0,0.6432839,-0.022024125,-42.04579,-98.583534,16.76948,-12.711016,589.28326,0.03761404,0.396335,0.396335,3.1013573e-05,0.0003,82.30313,0.003685262060165405,2745.39528632164,695000,,,,,,
42.36594,0.020161713,0.46033883,-42.34578,42.34578,0.83729464,0.43862286,1000.0,10.0,20,100.0,0.34229,0.57148874,-42.74991,-98.22245,84.30862,-136.07556,1108.0596,0.04172509,0.36725658,0.36725658,3.0387337e-05,0.0003,79.43388,0.003698204517364502,2763.8863122463226,700000,,,,,,
41.38068,0.020572476,0.46324843,-41.360107,41.360107,0.77222294,0.44192854,1000.0,10.0,20,100.0,0.39703685,-0.93217176,-41.695118,-98.174,18.727936,-21.969706,619.08325,0.041988626,0.34126735,0.34126735,2.9767822e-05,0.0003,75.90445,0.006351840114593506,2795.6455171108246,705000,,,,,,
40.05449,0.0050030723,0.19363813,-40.049484,40.049484,0.85166574,0.43985787,1000.0,10.0,20,100.0,0.40049908,0.10135725,-40.069473,-98.63931,21.39987,-16.053482,677.4085,0.047057793,0.37461185,0.37461185,2.9155208e-05,0.0003,77.91617,0.0036912142753601075,2814.101592063904,710000,,,,,,
38.502335,0.030167025,0.7979083,-38.472168,38.472168,1.0789262,0.4315651,1000.0,10.0,20,100.0,0.6538586,-4.6886764,-39.053535,-98.75043,22.382526,-25.608913,1317.169,0.048326228,0.46562693,0.46562693,2.8549664e-05,0.0003,85.71889,0.003686687469482422,2832.535033226013,715000,,,,,,
39.565445,0.0056363475,0.2686748,-39.559807,39.559807,1.0242486,0.43236995,1000.0,10.0,20,100.0,0.46628472,0.2932194,-39.72927,-98.84545,129.22394,-68.622604,1046.0171,0.0437254,0.44285432,0.44285432,2.7951346e-05,0.0003,84.31716,0.0037030982494354247,2851.0505287647247,720000,,,,,,
38.240505,0.022002252,0.46396068,-38.218502,38.218502,1.0517188,0.41889668,1000.0,10.0,20,100.0,0.38522118,-0.2806777,-38.72499,-98.3034,73.6265,-36.01717,1171.4078,0.0431602,0.44056153,0.44056153,2.736043e-05,0.0003,82.68188,0.0036739738941192627,2869.4204025268555,725000,,,,,,
38.247753,0.0040467745,0.22821067,-38.243706,38.243706,0.982338,0.41854438,1000.0,10.0,20,100.0,0.69790184,0.70478797,-38.173126,-98.12515,98.26834,-80.97554,1172.3041,0.040581234,0.41115206,0.41115206,2.6777061e-05,0.0003,80.06087,0.003695659112930298,2887.898703098297,730000,,,,,,
42.327576,0.004136033,0.16815154,-42.32344,42.32344,0.9650479,0.4150683,1000.0,10.0,20,100.0,0.58961666,0.84274364,-42.39973,-98.45619,75.226395,-96.595856,900.47516,0.03782517,0.40056077,0.40056077,2.6201416e-05,0.0003,82.97327,0.0036949538230895995,2906.3734765052795,735000,,,,,,
38.21725,0.021478735,0.59330076,-38.19577,38.19577,0.8065216,0.40855795,1000.0,10.0,20,100.0,0.34302747,-1.2121973,-38.557587,-98.19584,32.40839,-35.223797,701.34827,0.042343296,0.3295108,0.3295108,2.5633639e-05,0.0003,71.51136,0.0036294559001922608,2924.520759820938,740000,,,,,,
41.517616,0.030268997,0.66513383,-41.487347,41.487347,1.01095,0.40872207,1000.0,10.0,20,100.0,0.3308458,0.6648776,-41.94995,-98.291176,17.753712,-20.520687,770.37756,0.04238162,0.41319755,0.41319755,2.5073889e-05,0.0003,83.16821,0.00368433780670166,2942.9424526691437,745000,,,,,,
38.837486,0.022586033,0.82293403,-38.8149,38.8149,1.3520362,0.40962657,1000.0,10.0,20,100.0,0.529163,0.38467306,-39.30339,-98.20213,197.32048,-209.3371,2672.5925,0.04140307,0.55382997,0.55382997,2.4522331e-05,0.0003,94.74965,0.00369439754486084,2961.414443731308,750000,,,,,,
39.06169,0.027543906,0.52886295,-39.03415,39.03415,1.0760189,0.41580802,1000.0,10.0,20,100.0,0.33886546,-3.1160269,-39.397503,-97.88217,19.70968,-37.05917,876.73224,0.038448736,0.4474173,0.4474173,2.3979092e-05,0.0003,84.14229,0.003686612844467163,2979.8475127220154,755000,,,,,,
38.71154,0.029280972,0.8139082,-38.68226,38.68226,0.99385464,0.41232428,1000.0,10.0,20,100.0,0.36157557,0.011358038,-39.28488,-98.16627,18.539585,-19.99045,694.8025,0.039915036,0.4097904,0.4097904,2.3444345e-05,0.0003,80.052155,0.0036419668674468994,2998.057350873947,760000,,,,,,
37.67345,0.0041529676,0.1804035,-37.669296,37.669296,0.92410433,0.41245198,1000.0,10.0,20,100.0,0.4225641,0.119784,-37.711994,-97.66252,31.244183,-38.044838,634.1177,0.045500197,0.38114864,0.38114864,2.2918219e-05,0.0003,76.21088,0.003689409065246582,3016.5044000148773,765000,,,,,,
43.65928,0.0039941557,0.19906035,-43.655285,43.655285,0.92369616,0.4099103,1000.0,10.0,20,100.0,0.89150876,0.4860534,-43.64169,-98.26631,14.810078,-21.124159,650.0021,0.03214954,0.37863255,0.37863255,2.2400869e-05,0.0003,82.41405,0.0036933845520019533,3034.9713265895844,770000,,,,,,
41.567978,0.03345517,0.7565716,-41.534523,41.534523,0.96590805,0.4031504,1000.0,10.0,20,100.0,0.3723327,-1.0808339,-42.116993,-98.19034,14.770501,-17.369366,671.9608,0.040190924,0.3894062,0.3894062,2.1892429e-05,0.0003,80.880936,0.003624052572250366,3053.091593503952,775000,,,,,,
41.864967,0.024876036,0.5455985,-41.84009,41.84009,1.1578071,0.40839964,1000.0,10.0,20,100.0,0.32629097,0.30655703,-42.184364,-98.27388,190.33212,-166.23734,2278.2754,0.043733306,0.472848,0.472848,2.1393029e-05,0.0003,89.47606,0.0036959256172180177,3071.571225166321,780000,,,,,,
40.510838,0.030178856,0.67844987,-40.48066,40.48066,0.90989184,0.4193921,1000.0,10.0,20,100.0,0.4227299,-0.87362784,-40.884777,-98.24229,79.59903,-91.13562,870.2765,0.04511913,0.38160145,0.38160145,2.0902831e-05,0.0003,79.09371,0.0036836084842681886,3089.989271879196,785000,,,,,,
41.899548,0.0032993974,0.17905235,-41.896248,41.896248,0.8584306,0.419839,1000.0,10.0,20,100.0,0.40268165,0.2895853,-41.92674,-98.39342,18.02277,-41.857494,656.2384,0.032127537,0.36040264,0.36040264,2.0421947e-05,0.0003,78.3425,0.003719132375717163,3108.584937810898,790000,,,,,,
40.043423,0.016553855,0.4487702,-40.02687,40.02687,0.99716574,0.41345748,1000.0,10.0,20,100.0,0.25113758,0.04168947,-40.294067,-98.49337,91.80263,-76.40045,1176.6342,0.042280186,0.41228563,0.41228563,1.9950523e-05,0.0003,81.52312,0.0036262142181396483,3126.716012954712,795000,,,,,,
40.20744,0.03235124,0.82369035,-40.175087,40.175087,1.0195497,0.41524535,1000.0,10.0,20,100.0,0.32652804,0.26397172,-40.670242,-98.48623,35.853874,-25.243887,731.51294,0.042339906,0.4233633,0.4233633,1.9488682e-05,0.0003,82.8703,0.0036954899311065674,3145.1934700012207,800000,,,,,,
39.600758,0.029282399,0.5899518,-39.571476,39.571476,0.92353356,0.41586724,1000.0,10.0,20,100.0,0.31455606,0.17922114,-39.976112,-98.42396,19.261265,-14.832784,770.7023,0.035160784,0.38406736,0.38406736,1.9036543e-05,0.0003,78.32205,0.007129340934753418,3180.840178489685,805000,,,,,,
40.245758,0.021169543,0.45424673,-40.22459,40.22459,1.079765,0.41429147,1000.0,10.0,20,100.0,0.30110362,-2.606462,-40.63867,-98.522575,15.716374,-11.549393,830.8224,0.050394207,0.44733745,0.44733745,1.859424e-05,0.0003,85.28061,0.003695485258102417,3199.317608356476,810000,,,,,,
38.576954,0.026273541,0.5577848,-38.550682,38.550682,1.1296673,0.42075244,1000.0,10.0,20,100.0,0.3018462,0.33308768,-38.989555,-98.63912,114.27146,-119.920815,3023.7832,0.04212472,0.47531027,0.47531027,1.8161878e-05,0.0003,86.40982,0.0036317747592926027,3217.476487159729,815000,,,,,,
41.53385,0.00304366,0.20268534,-41.530807,41.530807,1.008516,0.42080083,1000.0,10.0,20,100.0,1.0169382,-0.16539814,-41.53293,-98.70753,16.452984,-22.815325,760.1604,0.046589587,0.42438436,0.42438436,1.7739603e-05,0.0003,84.98923,0.0037060399532318116,3236.0066936016083,820000,,,,,,
46.369183,0.0035224007,0.18043701,-46.36566,46.36566,0.89004445,0.40741825,1000.0,10.0,20,100.0,0.79503083,0.48025912,-46.419327,-98.70009,28.102991,-19.710451,643.3832,0.031887427,0.36262035,0.36262035,1.7327511e-05,0.0003,83.426254,0.0036904468536376953,3254.458931684494,825000,,,,,,
38.885876,0.02438226,0.5239711,-38.861492,38.861492,0.9864394,0.40692192,1000.0,10.0,20,100.0,0.27701735,0.4603676,-39.22475,-98.42459,24.628069,-24.801046,898.8198,0.03192852,0.4014038,0.4014038,1.6925713e-05,0.0003,79.30327,0.0036477597713470457,3272.697734117508,830000,,,,,,
41.977543,0.02195879,0.51361907,-41.955585,41.955585,0.931409,0.40693384,1000.0,10.0,20,100.0,0.30888823,0.16801208,-42.40986,-98.20649,25.334625,-22.493881,933.5476,0.03659039,0.37902182,0.37902182,1.653433e-05,0.0003,80.188614,0.003697824954986572,3291.186862230301,835000,,,,,,
36.707592,0.027919998,0.6715347,-36.679672,36.679672,1.1050383,0.40814915,1000.0,10.0,20,100.0,0.26545691,0.37495416,-37.158745,-97.79605,48.30471,-39.987026,1322.9443,0.03237914,0.45102045,0.45102045,1.6153459e-05,0.0003,82.07509,0.0036890536308288573,3309.632133960724,840000,,,,,,
38.937614,0.030023519,0.68624586,-38.907593,38.907593,0.95037556,0.4038458,1000.0,10.0,20,100.0,0.3462202,0.05725777,-39.275223,-97.23426,12.063822,-19.21203,724.272,0.04380746,0.38380516,0.38380516,1.5783213e-05,0.0003,77.66435,0.003697155952453613,3328.1179168224335,845000,,,,,,
37.75396,0.028121715,0.681569,-37.725838,37.725838,0.9929874,0.40830046,1000.0,10.0,20,100.0,0.48393255,0.34639323,-38.220467,-97.74662,23.726727,-19.773401,833.67834,0.040952913,0.4054372,0.4054372,1.542368e-05,0.0003,78.78162,0.0036321200847625732,3346.278521299362,850000,,,,,,
39.506927,0.028242517,0.82653445,-39.478683,39.478683,1.1020703,0.40315476,1000.0,10.0,20,100.0,0.28570044,0.8707994,-39.84529,-98.07001,162.07594,-62.792843,3118.9326,0.044434838,0.44430488,0.44430488,1.5074969e-05,0.0003,84.223114,0.00369264612197876,3364.741755962372,855000,,,,,,
38.273388,0.0028736978,0.16663173,-38.270515,38.270515,0.90990436,0.4002788,1000.0,10.0,20,100.0,0.46891677,0.3777652,-38.219696,-97.52987,12.912023,-12.263238,621.38385,0.039901763,0.36421543,0.36421543,1.4737181e-05,0.0003,75.16385,0.0036877062797546385,3383.180290222168,860000,,,,,,
38.222336,0.028863106,0.6336105,-38.193474,38.193474,1.1560379,0.4024408,1000.0,10.0,20,100.0,0.24357066,-0.17500372,-38.69423,-98.393845,65.59736,-49.53514,894.04755,0.03591286,0.46523678,0.46523678,1.4410394e-05,0.0003,84.989586,0.003646458864212036,3401.412589073181,865000,,,,,,
41.581238,0.0032289359,0.16955863,-41.57801,41.57801,0.90843934,0.40839067,1000.0,10.0,20,100.0,0.4675183,0.5122202,-41.575096,-98.7868,11.9893675,-17.274664,671.52124,0.03387247,0.37099814,0.37099814,1.4094706e-05,0.0003,79.148575,0.0036792072772979735,3419.808629512787,870000,,,,,,
42.825226,0.0026334287,0.1873475,-42.822594,42.822594,1.0289068,0.41003567,1000.0,10.0,20,100.0,0.7736901,0.63357425,-42.864075,-98.7698,136.21591,-60.161236,1070.0314,0.042831384,0.4218885,0.4218885,1.37902e-05,0.0003,85.787766,0.003682152843475342,3438.2193973064423,875000,,,,,,
37.954224,0.035160303,0.80102324,-37.919064,37.919064,1.0895241,0.4096417,1000.0,10.0,20,100.0,0.32545066,0.27541196,-38.45057,-98.49878,137.07796,-55.31248,2491.7075,0.043298364,0.44631454,0.44631454,1.3496962e-05,0.0003,82.91113,0.003677667188644409,3456.6077375411987,880000,,,,,,
37.287426,0.032259353,0.67111945,-37.255165,37.255165,0.9208084,0.41493103,1000.0,10.0,20,100.0,0.47921494,-2.4874492,-37.833565,-98.039566,27.320017,-23.804771,770.0995,0.046497505,0.38207194,0.38207194,1.3215067e-05,0.0003,75.97383,0.0036336484909057615,3474.775983572006,885000,,,,,,
41.254047,0.005413566,0.23363037,-41.248634,41.248634,1.0850155,0.41361332,1000.0,10.0,20,100.0,0.5231387,-0.0021312237,-41.404552,-98.57981,296.5691,-235.9329,2464.355,0.035949536,0.44877684,0.44877684,1.2944596e-05,0.0003,86.65488,0.003690388298034668,3493.2279291152954,890000,,,,,,
36.388634,0.021447977,0.48223287,-36.367188,36.367188,1.1674491,0.413717,1000.0,10.0,20,100.0,0.3486616,0.012529239,-36.800728,-98.58723,74.549576,-46.151665,2074.4368,0.0363086,0.48299354,0.48299354,1.26856285e-05,0.0003,85.03665,0.003687488555908203,3511.6653757095337,895000,,,,,,
35.70339,0.03274541,0.79489505,-35.670643,35.670643,1.0202374,0.41318533,1000.0,10.0,20,100.0,0.26143977,0.07703592,-36.217785,-98.43433,24.880135,-25.069992,931.1744,0.037885964,0.4215471,0.4215471,1.2438221e-05,0.0003,78.11954,0.003652581024169922,3529.9282846450806,900000,,,,,,
37.880997,0.031811938,0.7580668,-37.849186,37.849186,1.0252335,0.41552,1000.0,10.0,20,100.0,0.29092646,0.9703772,-38.410667,-98.49008,23.606861,-22.438654,711.98145,0.040357307,0.42600507,0.42600507,1.22024585e-05,0.0003,80.77243,0.00653666615486145,3562.6116197109222,905000,,,,,,
39.50149,0.023175724,0.80476785,-39.478317,39.478317,0.8369406,0.42325035,1000.0,10.0,20,100.0,0.43446276,0.7685825,-39.932808,-98.28334,32.242023,-30.261461,763.4561,0.03497635,0.3542354,0.3542354,1.1978389e-05,0.0003,75.3595,0.0037020822048187256,3581.1220347881317,910000,,,,,,
40.141384,0.027651183,0.64458,-40.11373,40.11373,1.1346104,0.42150575,1000.0,10.0,20,100.0,0.27041984,0.2377228,-40.622036,-98.54775,164.1598,-153.47417,4389.117,0.039239906,0.47824478,0.47824478,1.1766084e-05,0.0003,88.23628,0.0036941682815551757,3599.5928797721863,915000,,,,,,
36.750214,0.029448053,0.6925231,-36.720764,36.720764,0.94289875,0.42307773,1000.0,10.0,20,100.0,0.30290222,0.03607011,-37.198036,-98.71892,28.807205,-21.675138,708.62213,0.048231818,0.3989195,0.3989195,1.1565597e-05,0.0003,76.94507,0.0036442986488342283,3617.814377307892,920000,,,,,,
35.951824,0.0054590306,0.20965596,-35.946365,35.946365,0.81643826,0.41747513,1000.0,10.0,20,100.0,0.5632436,-1.9644753,-36.08516,-98.74733,16.026188,-36.203842,1075.573,0.036661983,0.34084266,0.34084266,1.1376989e-05,0.0003,70.599335,0.0036926288604736328,3636.2775251865387,925000,,,,,,
38.825554,0.002919468,0.19309318,-38.822636,38.822636,0.88121915,0.42705065,1000.0,10.0,20,100.0,0.49289948,0.28718212,-38.876717,-98.81205,21.200468,-21.346106,683.77734,0.043359153,0.37632522,0.37632522,1.1200302e-05,0.0003,76.95097,0.003683878755569458,3654.6969225406647,930000,,,,,,
40.149384,0.003603519,0.16734609,-40.14578,40.14578,0.8780458,0.42748308,1000.0,10.0,20,100.0,1.0792382,0.57297057,-40.095135,-98.46638,16.350155,-14.944108,675.2097,0.039872713,0.3753497,0.3753497,1.103559e-05,0.0003,78.763596,0.0036347839832305906,3672.8708465099335,935000,,,,,,
42.334072,0.0024921303,0.18566228,-42.33158,42.33158,1.0439124,0.42959467,1000.0,10.0,20,100.0,0.70096254,1.0887173,-42.32698,-98.24442,157.50546,-142.73457,1271.627,0.03457079,0.4484592,0.4484592,1.0882903e-05,0.0003,87.88095,0.0036933637142181398,3691.33766913414,940000,,,,,,
42.32395,0.002753718,0.19086128,-42.321198,42.321198,0.912602,0.4275355,1000.0,10.0,20,100.0,0.8616804,0.31571245,-42.375267,-98.073875,15.852084,-13.5349455,661.04614,0.05389259,0.39016974,0.39016974,1.0742272e-05,0.0003,82.20261,0.0036998201847076415,3709.8367776870728,945000,,,,,,
41.17323,0.025805846,0.56853753,-41.147423,41.147423,0.8581355,0.4215184,1000.0,10.0,20,100.0,0.3044653,0.59588265,-41.52643,-97.97893,113.09572,-124.86765,1169.3694,0.038448893,0.3617199,0.3617199,1.061374e-05,0.0003,77.64969,0.0036925317287445068,3728.2994401454926,950000,,,,,,
40.19643,0.028286006,0.8212194,-40.168144,40.168144,1.1218534,0.428092,1000.0,10.0,20,100.0,0.26669154,0.28806213,-40.655323,-97.49126,173.80646,-50.922295,2866.9473,0.038446214,0.48025644,0.48025644,1.0497346e-05,0.0003,88.48877,0.003632170009613037,3746.4602937698364,955000,,,,,,
38.20217,0.0038551548,0.17296629,-38.198315,38.198315,0.93322515,0.42569447,1000.0,10.0,20,100.0,0.38157865,-0.07743204,-38.231712,-98.15963,31.336594,-18.557102,869.31647,0.038728785,0.39726877,0.39726877,1.0393118e-05,0.0003,78.31062,0.0036915142059326172,3764.917868614197,960000,,,,,,
39.14953,0.022842038,0.49790502,-39.126686,39.126686,1.1164654,0.42970473,1000.0,10.0,20,100.0,0.22057821,0.14252116,-39.524944,-98.32797,14.085352,-41.28841,1129.3728,0.049452085,0.47975045,0.47975045,1.0301083e-05,0.0003,87.34515,0.0036783434867858887,3783.309589624405,965000,,,,,,
35.91982,0.028081007,0.5554868,-35.89174,35.89174,1.0364207,0.41984168,1000.0,10.0,20,100.0,0.23359454,0.26813152,-36.32805,-98.43314,26.85746,-20.051125,998.6915,0.04727118,0.43513262,0.43513262,1.0221269e-05,0.0003,79.66667,0.0036831537246704103,3801.7253618240356,970000,,,,,,
40.932423,0.0029035206,0.16658357,-40.92952,40.92952,0.8582391,0.4171625,1000.0,10.0,20,100.0,0.47052753,0.58825,-40.934685,-98.55262,16.788372,-12.917061,609.021,0.053422812,0.35802516,0.35802516,1.0153698e-05,0.0003,77.20547,0.0036277763843536375,3819.8642480373383,975000,,,,,,
40.882977,0.0028730491,0.19302225,-40.880104,40.880104,0.9000906,0.4117559,1000.0,10.0,20,100.0,0.86146665,0.7709795,-40.93373,-98.484985,22.8737,-15.485184,649.2654,0.04067312,0.3706176,0.3706176,1.0098386e-05,0.0003,78.8062,0.0036979591369628905,3838.3540472984314,980000,,,,,,
45.130573,0.0027797646,0.17737293,-45.127792,45.127792,0.8528652,0.4064901,1000.0,10.0,20,100.0,0.9781803,0.37313294,-45.16903,-98.417534,40.457035,-32.80674,691.9874,0.031532258,0.34668124,0.34668124,1.005535e-05,0.0003,80.77688,0.003690419960021973,3856.8061509132385,985000,,,,,,
48.25077,0.0036434962,0.18599886,-48.247128,48.247128,1.0850346,0.3981864,1000.0,10.0,20,100.0,0.6480594,0.0868094,-48.157932,-98.29693,22.279476,-32.25252,767.17267,0.03879544,0.432046,0.432046,1.0024603e-05,0.0003,92.10343,0.00363221378326416,3874.9672231674194,990000,,,,,,
44.635868,0.0037053996,0.16429144,-44.632164,44.632164,1.0465083,0.39554295,1000.0,10.0,20,100.0,0.65799224,0.6522172,-44.69023,-97.33489,20.775242,-16.083393,836.0528,0.037037842,0.413939,0.413939,1.000615e-05,0.0003,86.68776,0.003694431924819946,3893.4393866062164,995000,,,,,,
40.202866,0.029916685,0.8120204,-40.17295,40.17295,1.1380317,0.39599928,1000.0,10.0,20,100.0,0.4036538,0.12372254,-40.702168,-97.882545,44.35239,-37.797634,1009.1035,0.044587847,0.45065972,0.45065972,1e-05,0.0003,85.672485,0.0036828163146972654,3911.853472471237,1000000,,,,,,
40.923313,0.027057221,0.81452227,-40.896255,40.896255,1.0021148,0.39692125,1000.0,10.0,20,100.0,0.32424074,0.69851154,-41.302025,-98.00168,28.582493,-32.440575,853.35846,0.04654015,0.39776063,0.39776063,1e-05,0.0003,81.02362,0.009849244403839112,3961.0996980667114,1005000,4670.0,0.0,0.0,700.0,4.664860248565674,0.0
37.677982,0.032717176,0.7003771,-37.645264,37.645264,1.0728029,0.40188798,1000.0,10.0,20,100.0,0.31926572,-1.5265448,-38.123512,-98.121025,28.201288,-30.259611,946.83435,0.04634996,0.43114662,0.43114662,1e-05,0.0003,81.11191,0.006606265783309937,3994.131031036377,1010000,9539.0,1.0,1.0,117.0,0.7336487770080566,100.0
35.736458,0.01846288,0.37727183,-35.717995,35.717995,1.1063195,0.40519473,1000.0,10.0,20,100.0,0.37388888,0.26023751,-36.010372,-98.14732,17.11702,-78.0857,1445.0201,0.03892144,0.44827485,0.44827485,1e-05,0.0003,80.937836,0.006630987453460693,4027.2859721183777,1015000,14949.0,1.0,1.0,118.0,0.7598984241485596,100.0
37.123722,0.029093187,0.729854,-37.094627,37.094627,1.2440088,0.40996042,1000.0,10.0,20,100.0,0.27979356,0.72628796,-37.504097,-98.32705,109.26466,-137.08116,2259.8372,0.038529668,0.5099944,0.5099944,1e-05,0.0003,88.402954,0.006617116260528564,4060.371558189392,1020000,19947.0,1.0,1.0,117.0,0.7548954486846924,100.0
40.118446,0.026609343,0.7202857,-40.09184,40.09184,1.0428764,0.421031,1000.0,10.0,20,100.0,0.2597273,0.6754627,-40.464912,-98.1458,130.24161,-33.30563,2216.968,0.03628376,0.43908328,0.43908328,1e-05,0.0003,84.2865,0.006563681364059448,4093.1899688243866,1025000,24746.0,1.0,1.0,119.0,0.766258955001831,100.0
38.652306,0.0029220765,0.19591293,-38.649384,38.649384,0.9510236,0.42074332,1000.0,10.0,20,100.0,0.9894487,0.9111558,-38.60531,-98.06702,15.438221,-17.29238,690.95435,0.044911936,0.4001368,0.4001368,1e-05,0.0003,79.65543,0.006593773651123047,4126.158841133118,1030000,29991.0,1.0,1.0,116.0,0.7245581150054932,100.0
39.272682,0.0028496743,0.20747265,-39.269833,39.269833,0.8858785,0.4125823,1000.0,10.0,20,100.0,0.75701606,0.48185876,-39.416,-97.75313,16.0182,-13.660306,640.974,0.04094153,0.36549777,0.36549777,1e-05,0.0003,76.579475,0.0066428737163543704,4159.373213529587,1035000,34865.0,1.0,1.0,123.0,0.7852284908294678,100.0
44.79257,0.002952402,0.18690258,-44.789616,44.789616,1.0144005,0.4116828,1000.0,10.0,20,100.0,0.65601933,-1.7927239,-44.84362,-98.36227,14.129948,-16.218086,748.8286,0.03775496,0.41761124,0.41761124,1e-05,0.0003,87.20972,0.006486848497390747,4191.807460069656,1040000,39895.0,1.0,1.0,146.0,1.1939826011657715,100.0
42.49306,0.0025706158,0.19576053,-42.49049,42.49049,1.1057582,0.41083238,1000.0,10.0,20,100.0,0.774604,-0.114387736,-42.44027,-97.81952,56.41957,-59.77789,1126.1917,0.0437285,0.45428127,0.45428127,1e-05,0.0003,88.69579,0.00647964391708374,4224.205683231354,1045000,44967.0,1.0,1.0,136.0,0.8625218868255615,100.0
42.259445,0.002925913,0.19002724,-42.25652,42.25652,0.98739254,0.40697986,1000.0,10.0,20,100.0,0.7951064,1.1720619,-42.271423,-98.32088,94.85694,-83.869514,1082.9448,0.030035492,0.40184888,0.40184888,1e-05,0.0003,83.23944,0.006524605655670166,4256.82871556282,1050000,49920.0,1.0,1.0,120.0,0.7750794887542725,100.0
43.379295,0.0028451355,0.18043506,-43.37645,43.37645,0.9675122,0.40405422,1000.0,10.0,20,100.0,0.8315015,-0.06366211,-43.30612,-96.9483,15.765661,-22.076199,705.7446,0.042398512,0.3909274,0.3909274,1e-05,0.0003,83.303535,0.006398102951049805,4288.819234609604,1055000,54904.0,1.0,1.0,136.0,0.8423724174499512,100.0
43.04478,0.0030908438,0.2000868,-43.04169,43.04169,1.0628786,0.40374932,1000.0,10.0,20,100.0,0.8332207,0.5156037,-43.01371,-98.1578,27.823586,-34.469093,729.44116,0.029713795,0.4291365,0.4291365,1e-05,0.0003,86.79166,0.0064323357105255125,4320.980917692184,1060000,59489.0,1.0,1.0,212.0,1.3324384689331055,100.0
43.3949,0.002764124,0.17021981,-43.392136,43.392136,1.0037549,0.3998688,1000.0,10.0,20,100.0,0.7517489,0.42335546,-43.376472,-97.708,16.786442,-16.890524,655.74634,0.052569516,0.40137023,0.40137023,1e-05,0.0003,84.283676,0.0064956239223480225,4353.45904135704,1065000,64775.0,1.0,1.0,135.0,0.8522539138793945,100.0
43.63215,0.002319246,0.17667177,-43.62983,43.62983,1.0265788,0.40063214,1000.0,10.0,20,100.0,0.610963,0.35560477,-43.59703,-97.51716,17.360514,-18.142796,692.7506,0.03451202,0.41128045,0.41128045,1e-05,0.0003,85.371155,0.006528323793411255,4386.100669145584,1070000,69926.0,1.0,1.0,108.0,0.6782441139221191,100.0
47.154255,0.0025442485,0.20920382,-47.15171,47.15171,1.0563724,0.40997735,1000.0,10.0,20,100.0,0.77227944,0.73849857,-47.107315,-97.87139,183.10175,-171.26881,1777.0044,0.047751315,0.43308875,0.43308875,1e-05,0.0003,91.23541,0.006580636119842529,4419.003853797913,1075000,74908.0,1.0,1.0,123.0,0.7956719398498535,100.0
38.05026,0.028538477,0.6247611,-38.02172,38.02172,1.1392242,0.4117673,1000.0,10.0,20,100.0,0.39928627,-1.6876272,-38.432114,-97.31829,279.38266,-84.80508,4154.3794,0.037477236,0.46909526,0.46909526,1e-05,0.0003,85.35907,0.006477418804168701,4451.3909521102905,1080000,79961.0,1.0,1.0,128.0,0.7997128963470459,100.0
39.07381,0.027576607,0.6397866,-39.046234,39.046234,0.96755904,0.40799004,1000.0,10.0,20,100.0,0.632596,0.7912631,-39.510185,-97.21237,24.695833,-34.587315,951.359,0.042059425,0.39475444,0.39475444,1e-05,0.0003,79.181854,0.0066778712272644045,4484.780311822891,1085000,84702.0,0.0,0.0,700.0,4.607802629470825,0.0
40.526142,0.0263011,0.6390351,-40.49984,40.49984,1.0767667,0.41054296,1000.0,10.0,20,100.0,0.2610519,0.43377352,-40.88095,-98.07415,32.80464,-36.684193,835.4397,0.043673873,0.442059,0.442059,1e-05,0.0003,84.993095,0.006586009454727173,4517.71036362648,1090000,89948.0,1.0,1.0,126.0,0.8099303245544434,100.0
39.24438,0.023807794,0.4566366,-39.220573,39.220573,0.83615595,0.41988087,1000.0,10.0,20,100.0,0.36330497,-0.33200747,-39.50681,-97.40717,22.626078,-39.502407,1062.5184,0.038514063,0.35108587,0.35108587,1e-05,0.0003,74.71627,0.0064865278244018556,4550.143005847931,1095000,94933.0,1.0,1.0,227.0,1.4456474781036377,100.0
39.70686,0.0036195721,0.19091815,-39.70324,39.70324,0.93783045,0.42086005,1000.0,10.0,20,100.0,0.40998566,0.5301337,-39.696842,-98.37904,76.08631,-53.280125,861.24426,0.045651264,0.39469537,0.39469537,1e-05,0.0003,79.58638,0.006559281969070434,4582.9394199848175,1100000,99966.0,1.0,1.0,130.0,0.8153455257415771,100.0
41.575325,0.026687168,0.7783477,-41.548637,41.548637,1.013972,0.41681758,1000.0,10.0,20,100.0,0.53438294,-0.17155588,-41.938095,-98.24689,92.994484,-83.19938,1143.1624,0.04605601,0.4226414,0.4226414,1e-05,0.0003,84.37385,0.008756918001174927,4626.724013805389,1105000,104930.0,1.0,1.0,213.0,1.3531544208526611,100.0
41.217125,0.028029881,0.59042966,-41.189095,41.189095,1.1042416,0.42188677,1000.0,10.0,20,100.0,0.35249895,-1.9525291,-41.513153,-98.18046,47.419872,-103.9082,1123.2983,0.036536515,0.4658649,0.4658649,1e-05,0.0003,88.15611,0.006563374137878418,4659.540888547897,1110000,109947.0,1.0,1.0,122.0,0.7799584865570068,100.0
41.742477,0.0034649717,0.21108389,-41.739014,41.739014,0.9378092,0.4220955,1000.0,10.0,20,100.0,0.7419838,-0.28371388,-41.82981,-98.26261,17.66704,-19.872713,626.12085,0.03968768,0.39584506,0.39584506,1e-05,0.0003,82.06897,0.00653941912651062,4692.237987995148,1115000,114965.0,1.0,1.0,131.0,0.8402402400970459,100.0
40.836952,0.019855618,0.50266254,-40.817097,40.817097,0.8867371,0.42019245,1000.0,10.0,20,100.0,0.3951401,-0.041341394,-41.20346,-97.20212,14.173329,-37.785793,967.5553,0.031306528,0.37260026,0.37260026,1e-05,0.0003,78.49212,0.006587657213211059,4725.176278591156,1120000,119419.0,1.0,1.0,122.0,0.7744815349578857,100.0
40.85545,0.026538037,0.713904,-40.82891,40.82891,0.9261962,0.4228359,1000.0,10.0,20,100.0,0.2682325,-1.7840358,-41.253998,-98.21185,15.308276,-13.484579,673.7566,0.029598352,0.39162898,0.39162898,1e-05,0.0003,80.28658,0.006642523574829102,4758.38890004158,1125000,124900.0,1.0,1.0,110.0,0.706110954284668,100.0
38.362297,0.02265745,0.45563146,-38.339638,38.339638,1.0542161,0.433421,1000.0,10.0,20,100.0,0.677075,-0.53331614,-38.60672,-98.13268,206.48691,-75.22247,3174.1294,0.044963844,0.45691943,0.45691943,1e-05,0.0003,84.731316,0.006523796749114991,4791.007887840271,1130000,129917.0,1.0,1.0,141.0,0.8918509483337402,100.0
41.45301,0.025355726,0.7415248,-41.427654,41.427654,1.051256,0.4253935,1000.0,10.0,20,100.0,0.32055444,-0.051718295,-41.777103,-98.20955,113.03416,-75.96714,1961.4069,0.046495073,0.4471974,0.4471974,1e-05,0.0003,86.4933,0.006520352602005005,4823.609655618668,1135000,134915.0,0.0,0.0,700.0,4.4372475147247314,0.0
37.66257,0.025004193,0.5761833,-37.637566,37.637566,1.0942622,0.42675644,1000.0,10.0,20,100.0,0.33746353,0.5462916,-38.004696,-98.38946,209.8997,-78.2422,3298.2993,0.046129145,0.46698344,0.46698344,1e-05,0.0003,84.69838,0.006659213066101074,4856.905725717545,1140000,139949.0,1.0,1.0,98.0,0.6229913234710693,100.0
42.738388,0.022570916,0.4977104,-42.715816,42.715816,0.8315544,0.43681452,1000.0,10.0,20,100.0,0.2672036,-3.9571064,-43.019196,-98.37283,41.44956,-57.849583,1099.964,0.027762026,0.36323506,0.36323506,1e-05,0.0003,79.3291,0.006629176330566406,4890.051610946655,1145000,144875.0,1.0,1.0,109.0,0.6951167583465576,100.0
39.728874,0.026668884,0.5952436,-39.702206,39.702206,1.1347651,0.43300352,1000.0,10.0,20,100.0,0.62018,-4.720372,-40.169357,-98.46018,96.14469,-39.02225,2074.4104,0.03554549,0.4913573,0.4913573,1e-05,0.0003,89.48479,0.006627828359603882,4923.1907567977905,1150000,149948.0,1.0,1.0,163.0,1.041442632675171,100.0
43.540882,0.002673414,0.1993514,-43.538208,43.538208,0.9139092,0.43261513,1000.0,10.0,20,100.0,0.65902984,0.8179502,-43.40377,-97.91156,14.426257,-13.119439,719.55493,0.041997023,0.39537093,0.39537093,1e-05,0.0003,83.73701,0.0065638797283172606,4956.010160446167,1155000,154789.0,1.0,1.0,114.0,0.7105076313018799,100.0
40.10536,0.0035738337,0.20916179,-40.101784,40.101784,0.88304186,0.43031293,1000.0,10.0,20,100.0,0.87402594,0.46951804,-40.13486,-98.12552,24.32147,-13.963335,642.46173,0.056920376,0.37998432,0.37998432,1e-05,0.0003,78.97781,0.006531262874603271,4988.666478633881,1160000,159978.0,1.0,1.0,131.0,0.7966594696044922,100.0
43.439785,0.002864,0.19961986,-43.43692,43.43692,0.97032404,0.43165284,1000.0,10.0,20,100.0,0.70192957,0.30507204,-43.403423,-98.19962,14.799064,-17.368212,762.86755,0.03185114,0.41884315,0.41884315,1e-05,0.0003,86.02603,0.006365173006057739,5020.492347717285,1165000,164990.0,1.0,1.0,119.0,0.7354013919830322,100.0
43.292236,0.0028291119,0.18433951,-43.289406,43.289406,0.849148,0.41973788,1000.0,10.0,20,100.0,0.7387391,-0.41975182,-43.222466,-97.80028,17.896805,-22.81666,692.6798,0.038817137,0.35641956,0.35641956,1e-05,0.0003,79.67293,0.0074306386947631834,5057.645545244217,1170000,169939.0,1.0,1.0,128.0,0.8313097953796387,100.0
42.806484,0.0036064947,0.19053128,-42.80288,42.80288,0.797295,0.42225605,1000.0,10.0,20,100.0,0.6683471,-0.7191137,-42.87284,-97.96409,21.623522,-37.283497,727.49756,0.03780322,0.33666262,0.33666262,1e-05,0.0003,77.1411,0.006582460308074951,5090.557851076126,1175000,174927.0,1.0,1.0,118.0,0.7561483383178711,100.0
40.450302,0.0029318575,0.18902867,-40.44737,40.44737,1.0041659,0.41691372,1000.0,10.0,20,100.0,0.8975594,0.82089865,-40.40084,-97.704926,24.000376,-20.983757,760.3665,0.03761141,0.41865054,0.41865054,1e-05,0.0003,83.21292,0.006480632972717285,5122.961019277573,1180000,179934.0,1.0,1.0,118.0,0.7216594219207764,100.0
44.855083,0.0037800088,0.1721965,-44.851303,44.851303,0.9851872,0.40673754,1000.0,10.0,20,100.0,0.6492839,-0.030399188,-44.87715,-98.20784,16.686405,-18.472666,713.93506,0.034234583,0.4007126,0.4007126,1e-05,0.0003,85.57563,0.006439652252197265,5155.159285068512,1185000,184992.0,1.0,1.0,111.0,0.6914727687835693,100.0
46.785545,0.0026954585,0.19084015,-46.78285,46.78285,1.0168049,0.40939733,1000.0,10.0,20,100.0,0.56024873,-0.911563,-46.655865,-98.4301,23.347233,-18.924788,747.32214,0.042101867,0.41627723,0.41627723,1e-05,0.0003,88.97352,0.00661783390045166,5188.2484583854675,1190000,189866.0,1.0,1.0,153.0,0.9658267498016357,100.0
45.693478,0.0031605146,0.18197075,-45.690315,45.690315,1.0033303,0.40740877,1000.0,10.0,20,100.0,0.6683066,-1.0145322,-45.808388,-97.762054,35.628727,-25.187897,854.79114,0.055285323,0.4087656,0.4087656,1e-05,0.0003,87.23834,0.006602981805801392,5221.263371229172,1195000,194892.0,1.0,1.0,118.0,0.751943826675415,100.0
41.765167,0.0032855337,0.1945638,-41.761883,41.761883,1.0185671,0.40763554,1000.0,10.0,20,100.0,0.82080895,0.12782264,-41.711967,-97.41188,57.033237,-56.436775,866.54553,0.048063744,0.41520417,0.41520417,1e-05,0.0003,84.10639,0.006593083143234253,5254.228791713715,1200000,199964.0,1.0,1.0,113.0,0.7241148948669434,100.0
43.171135,0.004112829,0.18928504,-43.167023,43.167023,1.0006603,0.4053348,1000.0,10.0,20,100.0,0.6129328,0.6782314,-43.211678,-97.2969,21.979774,-26.33954,768.3173,0.03436792,0.40560246,0.40560246,1e-05,0.0003,84.344315,0.008864826488494872,5298.552928209305,1205000,204950.0,1.0,1.0,119.0,0.7512204647064209,100.0
45.159363,0.0035266725,0.18415381,-45.155838,45.155838,0.9013242,0.40015522,1000.0,10.0,20,100.0,0.5320629,-0.03435774,-45.192413,-97.52875,28.350918,-22.329897,666.82184,0.047229018,0.3606696,0.3606696,1e-05,0.0003,81.75839,0.006751005411148071,5332.307959079742,1210000,209894.0,1.0,1.0,120.0,0.7625203132629395,100.0
42.9541,0.0028011166,0.198346,-42.9513,42.9513,0.97228,0.39241758,1000.0,10.0,20,100.0,0.6444609,0.4238804,-43.073357,-97.153435,20.78264,-18.500875,720.22,0.044920884,0.3815398,0.3815398,1e-05,0.0003,81.75255,0.006604079866409302,5365.328362703323,1215000,214867.0,1.0,1.0,115.0,0.7197620868682861,100.0
46.77197,0.0030570505,0.17967702,-46.768913,46.768913,0.9585822,0.39745924,1000.0,10.0,20,100.0,0.66963565,2.145956,-46.805717,-97.4423,14.456091,-16.681105,729.49,0.04068052,0.38099736,0.38099736,1e-05,0.0003,85.541336,0.0066327354431152345,5398.492043733597,1220000,219984.0,1.0,1.0,133.0,1.1536130905151367,100.0
42.110294,0.0022084536,0.19971022,-42.108086,42.108086,1.3377305,0.3966522,1000.0,10.0,20,100.0,0.729375,1.7960156,-42.14916,-97.650696,24.03802,-20.42366,896.01855,0.041254237,0.5306138,0.5306138,1e-05,0.0003,95.90105,0.006634287929534912,5431.663488149643,1225000,224785.0,1.0,1.0,142.0,0.916724681854248,100.0
47.275387,0.0036448909,0.19884245,-47.271744,47.271744,1.1305048,0.39261478,1000.0,10.0,20,100.0,0.6166445,0.3499931,-47.25438,-97.73516,83.35301,-95.19079,1303.8044,0.043625627,0.4438529,0.4438529,1e-05,0.0003,92.27733,0.006633125066757202,5464.829117774963,1230000,229965.0,1.0,1.0,119.0,0.7845346927642822,100.0
41.394154,0.0031520426,0.21656503,-41.391003,41.391003,1.0873159,0.3932223,1000.0,10.0,20,100.0,0.5866588,1.0707321,-41.356964,-97.77886,23.73424,-21.77454,784.4335,0.049692854,0.42755687,0.42755687,1e-05,0.0003,84.736496,0.0065953341484069825,5497.805793046951,1235000,234600.0,1.0,1.0,141.0,0.892744779586792,100.0
46.237793,0.0029192937,0.20217271,-46.234875,46.234875,1.0816262,0.39970157,1000.0,10.0,20,100.0,0.65364337,0.21596843,-46.287716,-97.757545,19.769327,-23.709238,771.6369,0.059581064,0.43232766,0.43232766,1e-05,0.0003,90.12421,0.006506982326507568,5530.340708732605,1240000,239918.0,1.0,1.0,124.0,0.7923967838287354,100.0
45.49756,0.0026818444,0.1805112,-45.494877,45.494877,0.94071037,0.40071836,1000.0,10.0,20,100.0,0.66027606,0.09467554,-45.600174,-97.66745,53.99262,-31.55149,751.7579,0.037708253,0.37695992,0.37695992,1e-05,0.0003,83.85382,0.006505022525787354,5562.865825176239,1245000,244830.0,1.0,1.0,109.0,0.6903188228607178,100.0
44.846085,0.0028805975,0.20348321,-44.843204,44.843204,1.0664274,0.40712783,1000.0,10.0,20,100.0,0.5094235,0.606603,-44.871006,-97.98371,17.007357,-21.857815,877.08545,0.042945165,0.4341722,0.4341722,1e-05,0.0003,88.77273,0.0064878448009490965,5595.305053472519,1250000,249918.0,1.0,1.0,114.0,0.7028868198394775,100.0
42.93702,0.0025799507,0.15442461,-42.93444,42.93444,1.0196617,0.40998626,1000.0,10.0,20,100.0,0.45057088,0.69761956,-42.96131,-98.119225,18.112377,-18.11905,726.51886,0.041261967,0.41804725,0.41804725,1e-05,0.0003,85.192314,0.00653623685836792,5627.986241579056,1255000,254934.0,1.0,1.0,122.0,0.7769904136657715,100.0
44.3175,0.0024897757,0.1857731,-44.31501,44.31501,0.96419966,0.41036826,1000.0,10.0,20,100.0,0.6583198,0.9512123,-44.238598,-98.08316,17.66986,-18.56495,780.4651,0.042745307,0.3956769,0.3956769,1e-05,0.0003,84.54352,0.006551485252380371,5660.743672132492,1260000,259939.0,1.0,1.0,162.0,1.0459113121032715,100.0
44.782673,0.0029127467,0.17664844,-44.77976,44.77976,0.92181814,0.41524458,1000.0,10.0,20,100.0,0.7015135,0.80688965,-44.728645,-98.1064,38.4102,-35.850777,723.9603,0.035933618,0.38278,0.38278,1e-05,0.0003,83.76219,0.006575034236907959,5693.618846893311,1265000,264879.0,1.0,1.0,115.0,0.7107284069061279,100.0
45.382683,0.0029687092,0.18702433,-45.379715,45.379715,1.080435,0.41435048,1000.0,10.0,20,100.0,0.85050714,1.3244582,-45.380775,-97.9484,27.01971,-37.80397,817.4221,0.043994546,0.44767874,0.44767874,1e-05,0.0003,91.00107,0.006420111227035522,5725.719407320023,1270000,269948.0,1.0,1.0,102.0,0.6660983562469482,100.0
42.817856,0.0020435136,0.1754833,-42.81581,42.81581,0.8733288,0.41620094,1000.0,10.0,20,100.0,1.7111886,0.52184147,-42.765778,-98.08724,61.473804,-41.786034,852.93536,0.036669225,0.36348027,0.36348027,1e-05,0.0003,80.877075,0.006373637008666992,5757.587596178055,1275000,274339.0,1.0,1.0,118.0,0.7281241416931152,100.0
45.160694,0.0020951268,0.17162059,-45.1586,45.1586,0.931572,0.41230774,1000.0,10.0,20,100.0,0.68203115,-0.43723375,-45.198833,-98.0276,60.219017,-47.718967,949.3396,0.032395452,0.38409436,0.38409436,1e-05,0.0003,84.25216,0.007100059747695923,5793.087899684906,1280000,279988.0,0.0,0.0,700.0,4.428561210632324,0.0
43.23901,0.002309323,0.19332512,-43.236702,43.236702,0.9065744,0.4101064,1000.0,10.0,20,100.0,0.663638,-0.67985415,-43.202415,-97.93306,23.233322,-24.673885,763.477,0.05216106,0.37179196,0.37179196,1e-05,0.0003,81.08185,0.006444107103347778,5825.308439016342,1285000,284938.0,1.0,1.0,113.0,0.6927309036254883,100.0
45.0651,0.0026313183,0.19946739,-45.06247,45.06247,0.92707914,0.4048415,1000.0,10.0,20,100.0,0.65139717,0.6026198,-45.054077,-97.80228,31.690176,-33.948555,675.1294,0.036426015,0.3753201,0.3753201,1e-05,0.0003,83.248505,0.006396825933456421,5857.29257273674,1290000,289936.0,1.0,1.0,112.0,0.6913578510284424,100.0
44.335323,0.0022085642,0.19390818,-44.333115,44.333115,0.949178,0.40355864,1000.0,10.0,20,100.0,0.6776669,0.16311708,-44.36538,-97.76466,23.29318,-26.677485,832.1959,0.04148247,0.38304898,0.38304898,1e-05,0.0003,83.31789,0.006560822010040283,5890.096687078476,1295000,294866.0,1.0,1.0,112.0,0.7141633033752441,100.0
45.74508,0.002612498,0.1978594,-45.742466,45.742466,1.0334449,0.3986985,1000.0,10.0,20,100.0,0.5995842,1.9167519,-45.72789,-97.8047,12.460431,-33.02848,737.6258,0.0351862,0.41203296,0.41203296,1e-05,0.0003,87.54796,0.00707148060798645,5925.454094171524,1300000,299926.0,1.0,1.0,118.0,0.7367494106292725,100.0
45.487617,0.0023023728,0.19161433,-45.485313,45.485313,1.0050576,0.3966595,1000.0,10.0,20,100.0,0.5112953,0.11155528,-45.398746,-97.86219,17.179306,-19.478678,682.8487,0.027556766,0.3986656,0.3986656,1e-05,0.0003,85.86548,0.008486231851577758,5967.885257720947,1305000,304982.0,1.0,1.0,141.0,0.8812735080718994,100.0
42.071632,0.0031700896,0.20654552,-42.068462,42.068462,0.96520185,0.40004072,1000.0,10.0,20,100.0,0.98151827,0.283328,-42.053513,-97.869255,24.656776,-21.814314,762.06006,0.042911753,0.38612002,0.38612002,1e-05,0.0003,81.66515,0.00638033709526062,5999.786947011948,1310000,309938.0,1.0,1.0,125.0,0.7663819789886475,100.0
41.526188,0.0028475737,0.18103963,-41.523342,41.523342,1.059233,0.39361712,1000.0,10.0,20,100.0,0.7678421,0.4345071,-41.449783,-97.5118,22.157986,-19.09459,756.5582,0.04188508,0.4169322,0.4169322,1e-05,0.0003,83.98724,0.006492879152297974,6032.251346588135,1315000,314881.0,1.0,1.0,113.0,0.7046334743499756,100.0
44.74728,0.0023457974,0.17155024,-44.744934,44.744934,0.9479305,0.38969293,1000.0,10.0,20,100.0,0.524629,-1.0308204,-44.664192,-97.79502,42.59401,-47.08144,822.90027,0.039598726,0.3694018,0.3694018,1e-05,0.0003,82.21209,0.006589598321914673,6065.199342250824,1320000,319997.0,1.0,1.0,109.0,0.6924002170562744,100.0
43.980362,0.0029507095,0.17975041,-43.97741,43.97741,1.0516013,0.38672644,1000.0,10.0,20,100.0,0.46645993,-0.7058325,-43.999596,-97.6483,16.41201,-12.47235,709.6802,0.037629746,0.40668204,0.40668204,1e-05,0.0003,85.11503,0.0066876230716705325,6098.637461423874,1325000,324909.0,1.0,1.0,113.0,0.7313938140869141,100.0
45.910595,0.0024587894,0.19340459,-45.908134,45.908134,1.0708898,0.39396426,1000.0,10.0,20,100.0,0.46482855,0.085979655,-45.87219,-97.94249,14.79523,-17.780472,804.55334,0.048535556,0.42189234,0.42189234,1e-05,0.0003,88.56466,0.006756980848312378,6132.42236995697,1330000,329946.0,1.0,1.0,103.0,0.6868934631347656,100.0
44.12015,0.0032014935,0.18934196,-44.11695,44.11695,1.2249885,0.39766398,1000.0,10.0,20,100.0,0.38919973,1.1868205,-44.14231,-97.08297,36.55436,-23.800638,801.10004,0.04431959,0.4871338,0.4871338,1e-05,0.0003,93.22273,0.006666122007369995,6165.752984523773,1335000,334938.0,1.0,1.0,120.0,0.753669023513794,100.0
42.821793,0.003333718,0.19886957,-42.81846,42.81846,1.0502433,0.39760214,1000.0,10.0,20,100.0,0.5594627,1.3785846,-42.85403,-97.346115,23.641813,-20.247717,790.52356,0.048194136,0.417579,0.417579,1e-05,0.0003,85.13916,0.00667959041595459,6199.150940179825,1340000,339964.0,1.0,1.0,114.0,1.0400865077972412,100.0
44.576286,0.003537937,0.16473323,-44.57275,44.57275,1.0372686,0.39907473,1000.0,10.0,20,100.0,1.4003329,-1.2883422,-44.62833,-97.661606,18.999592,-15.964118,845.94147,0.041989945,0.41394767,0.41394767,1e-05,0.0003,87.37138,0.006550846719741822,6231.905177354813,1345000,344929.0,1.0,1.0,105.0,0.6656911373138428,100.0
43.49236,0.0026115766,0.18793991,-43.489746,43.489746,0.9430724,0.39660603,1000.0,10.0,20,100.0,0.58030134,2.0345666,-43.453255,-97.650986,35.50976,-31.07459,751.6158,0.038841248,0.3740282,0.3740282,1e-05,0.0003,81.47548,0.006614455509185791,6264.977459430695,1350000,349936.0,1.0,1.0,141.0,0.9032049179077148,100.0
41.436413,0.0032983231,0.19368038,-41.433113,41.433113,1.1224569,0.39672765,1000.0,10.0,20,100.0,2.0759487,0.9037945,-41.455154,-97.72323,144.57399,-250.95113,1880.0415,0.031192195,0.4453097,0.4453097,1e-05,0.0003,88.043335,0.006672235012054444,6298.338638544083,1355000,354863.0,1.0,1.0,104.0,0.6596603393554688,100.0
44.920536,0.003835247,0.19698054,-44.916702,44.916702,0.99818677,0.40383315,1000.0,10.0,20,100.0,0.52731943,0.1104047,-44.91366,-97.373405,16.71211,-13.451416,682.86633,0.044168215,0.4031009,0.4031009,1e-05,0.0003,85.75795,0.0066277837753295895,6331.477560997009,1360000,359953.0,1.0,1.0,118.0,0.7472681999206543,100.0
43.626743,0.0043078465,0.19755393,-43.622437,43.622437,1.049795,0.41155076,1000.0,10.0,20,100.0,0.5116119,0.34933415,-43.62789,-97.54444,14.748931,-21.50476,765.18286,0.04403674,0.43204394,0.43204394,1e-05,0.0003,87.34275,0.006599786186218262,6364.476497173309,1365000,364889.0,1.0,1.0,103.0,0.6476650238037109,100.0
45.764797,0.0032584742,0.18934914,-45.76154,45.76154,1.0534567,0.4071423,1000.0,10.0,20,100.0,0.5774652,-0.16464593,-45.762016,-97.949066,31.06926,-25.3022,912.3554,0.042067252,0.4289068,0.4289068,1e-05,0.0003,89.23294,0.0065455891609191895,6397.204447031021,1370000,369990.0,1.0,1.0,114.0,0.7096738815307617,100.0
45.245556,0.002462546,0.19092356,-45.24309,45.24309,1.0161674,0.40803137,1000.0,10.0,20,100.0,2.373155,1.4495366,-45.023705,-97.97488,77.815025,-59.29424,1200.8318,0.037205976,0.4146282,0.4146282,1e-05,0.0003,89.08153,0.006428325700759888,6429.346078634262,1375000,374969.0,1.0,1.0,107.0,0.6525654792785645,100.0
42.382153,0.0026296708,0.18556173,-42.379524,42.379524,0.98373246,0.40936065,1000.0,10.0,20,100.0,0.63990366,0.71500367,-42.356743,-97.39432,25.768318,-18.648426,699.8231,0.03821001,0.40270138,0.40270138,1e-05,0.0003,83.29219,0.006496733665466309,6461.829751729965,1380000,379998.0,1.0,1.0,122.0,0.7652022838592529,100.0
41.65925,0.0034711745,0.16876021,-41.655777,41.655777,0.848079,0.4102779,1000.0,10.0,20,100.0,0.9348946,0.95973134,-41.734303,-97.82901,42.553905,-44.85154,765.0991,0.03815536,0.34794807,0.34794807,1e-05,0.0003,77.38895,0.006660788822174073,6495.13370013237,1385000,384881.0,0.0,0.0,700.0,4.834246635437012,0.0
44.391922,0.0031387382,0.1884207,-44.388783,44.388783,0.959687,0.4082789,1000.0,10.0,20,100.0,0.61777586,-0.9672042,-44.381897,-97.80417,31.254251,-50.20474,828.5242,0.041786022,0.39181995,0.39181995,1e-05,0.0003,84.191696,0.00666487979888916,6528.4581027030945,1390000,389931.0,1.0,1.0,107.0,0.9848160743713379,100.0
44.54043,0.0036284556,0.18855476,-44.5368,44.5368,0.9603699,0.40725595,1000.0,10.0,20,100.0,0.51018524,1.6071458,-44.498142,-97.99522,50.81578,-28.251034,918.018,0.04244857,0.39111632,0.39111632,1e-05,0.0003,84.16225,0.006639250755310059,6561.654361248016,1395000,394924.0,1.0,1.0,110.0,0.7195515632629395,100.0
41.95782,0.0033388375,0.20324804,-41.954483,41.954483,1.0563637,0.40375137,1000.0,10.0,20,100.0,0.4862455,2.0904782,-41.862667,-97.980965,21.259195,-16.546486,802.86743,0.04814472,0.42650828,0.42650828,1e-05,0.0003,85.094894,0.006715287685394287,6595.230805158615,1400000,399910.0,1.0,1.0,132.0,0.8568518161773682,100.0
41.782513,0.0027266294,0.21133381,-41.779785,41.779785,0.9617754,0.40090257,1000.0,10.0,20,100.0,0.5427741,0.9513377,-41.767822,-97.291176,18.807547,-15.551746,779.181,0.048651263,0.38557824,0.38557824,1e-05,0.0003,80.88311,0.009119575548171997,6640.8286900520325,1405000,404943.0,1.0,1.0,127.0,0.8337616920471191,100.0
42.456303,0.002890294,0.17241828,-42.45341,42.45341,1.1308931,0.40220085,1000.0,10.0,20,100.0,0.5068287,-0.21894875,-42.47886,-97.226265,16.187809,-21.841661,786.9591,0.045815326,0.45484614,0.45484614,1e-05,0.0003,88.44775,0.0065626958847045894,6673.642173051834,1410000,409895.0,1.0,1.0,113.0,0.7243466377258301,100.0
41.06578,0.0022055767,0.18770343,-41.063576,41.063576,0.99359417,0.40329012,1000.0,10.0,20,100.0,0.59858495,0.15504433,-41.03825,-98.05533,17.670694,-16.474428,715.03046,0.041296117,0.4007067,0.4007067,1e-05,0.0003,81.73503,0.0067098599433898926,6707.191477775574,1415000,414942.0,1.0,1.0,150.0,0.9862933158874512,100.0
43.72436,0.002968553,0.18742602,-43.721394,43.721394,0.93395644,0.4064692,1000.0,10.0,20,100.0,0.48255903,1.4095095,-43.63378,-97.93122,44.902267,-22.86665,915.14453,0.03978484,0.37962452,0.37962452,1e-05,0.0003,82.16937,0.0066530910015106205,6740.4569363594055,1420000,419887.0,1.0,1.0,135.0,0.8589999675750732,100.0
42.22875,0.0026265713,0.17646244,-42.22612,42.22612,0.8596218,0.4003745,1000.0,10.0,20,100.0,2.112525,0.3534767,-42.213158,-97.49249,87.47276,-104.943436,1136.5632,0.037562687,0.34417066,0.34417066,1e-05,0.0003,78.75834,0.006628878021240235,6773.60133099556,1425000,424908.0,1.0,1.0,137.0,0.8810102939605713,100.0
42.89438,0.0036623557,0.18823332,-42.890717,42.890717,0.9536166,0.4001854,1000.0,10.0,20,100.0,1.6278622,0.12909766,-42.904266,-97.841736,14.611409,-10.637629,784.9592,0.036100462,0.38162345,0.38162345,1e-05,0.0003,82.684586,0.006574777841567993,6806.475224733353,1430000,429979.0,1.0,1.0,117.0,0.7585506439208984,100.0
43.333797,0.00261205,0.17074814,-43.331184,43.331184,1.0889571,0.40189844,1000.0,10.0,20,100.0,0.45267522,-2.2675257,-43.335217,-98.13219,31.499884,-24.165203,823.5892,0.035091788,0.43765017,0.43765017,1e-05,0.0003,87.55149,0.006601813364028931,6839.48429608345,1435000,434975.0,1.0,1.0,120.0,0.7355310916900635,100.0
44.424072,0.0022361896,0.186111,-44.421837,44.421837,0.9441259,0.40321842,1000.0,10.0,20,100.0,0.42852873,0.51145136,-44.44831,-98.07447,29.143469,-24.666483,862.81836,0.041579746,0.38068894,0.38068894,1e-05,0.0003,82.92149,0.006304159164428711,6871.005095720291,1440000,439959.0,0.0,0.0,700.0,4.624011754989624,0.0
45.851818,0.0022253376,0.19053663,-45.849594,45.849594,1.1533896,0.40316,1000.0,10.0,20,100.0,0.44615957,1.8578682,-45.794186,-98.09708,23.255459,-21.881325,736.6492,0.03458665,0.4650005,0.4650005,1e-05,0.0003,92.79803,0.0063478842735290525,6902.744520664215,1445000,445000.0,1.0,1.0,105.0,0.6662027835845947,100.0
40.549488,0.0028809782,0.21628606,-40.546608,40.546608,1.2060461,0.40245438,1000.0,10.0,20,100.0,0.45503983,-0.5185775,-40.51664,-98.093735,14.415723,-14.275111,730.89795,0.038960837,0.4853785,0.4853785,1e-05,0.0003,89.54237,0.006649955415725708,6935.994301319122,1450000,449993.0,1.0,1.0,135.0,0.874741792678833,100.0
44.663826,0.0032745695,0.19536993,-44.660553,44.660553,0.9209302,0.403608,1000.0,10.0,20,100.0,0.6866842,1.5126185,-44.696793,-98.07823,15.485983,-19.829327,698.0477,0.042761818,0.3716948,0.3716948,1e-05,0.0003,82.51999,0.006700305843353272,6969.495834827423,1455000,454940.0,1.0,1.0,130.0,0.8463027477264404,100.0
43.25579,0.0021178243,0.17192197,-43.253674,43.253674,0.9566419,0.4003521,1000.0,10.0,20,100.0,0.49121788,-1.3330662,-43.231827,-97.60684,21.145195,-18.984375,708.8233,0.040040754,0.3829936,0.3829936,1e-05,0.0003,82.04637,0.006536115694046021,7002.176417589188,1460000,459937.0,1.0,1.0,94.0,0.5962443351745605,100.0
44.11946,0.002997639,0.19389352,-44.116463,44.116463,1.0063907,0.399114,1000.0,10.0,20,100.0,0.48278925,-0.6709753,-44.076515,-98.118996,29.960438,-53.331215,998.7404,0.04118304,0.4016646,0.4016646,1e-05,0.0003,84.76871,0.006644998836517334,7035.401415348053,1465000,464912.0,1.0,1.0,122.0,0.7775516510009766,100.0
44.214104,0.0023946178,0.19991586,-44.211708,44.211708,1.0498481,0.40167758,1000.0,10.0,20,100.0,0.45271435,0.48925167,-44.263115,-98.18958,34.633366,-46.20825,856.67096,0.042826816,0.42170042,0.42170042,1e-05,0.0003,86.83685,0.006648120927810669,7068.642024517059,1470000,469921.0,1.0,1.0,182.0,1.172302007675171,100.0
47.26942,0.0021400936,0.1834696,-47.26728,47.26728,1.027754,0.40669584,1000.0,10.0,20,100.0,0.34586322,0.6918689,-47.22969,-98.18991,53.31559,-56.322353,831.2841,0.04368318,0.4179833,0.4179833,1e-05,0.0003,89.41361,0.006610183000564575,7101.692943572998,1475000,474914.0,1.0,1.0,106.0,0.969158411026001,100.0
40.992115,0.0018684872,0.19440356,-40.990246,40.990246,0.83516246,0.40551087,1000.0,10.0,20,100.0,1.3498292,1.6366374,-41.02771,-97.806755,16.680172,-33.038616,680.09607,0.043494955,0.33866745,0.33866745,1e-05,0.0003,76.208694,0.006578463125228882,7134.585263967514,1480000,479976.0,1.0,1.0,114.0,0.7222616672515869,100.0
44.129513,0.0021102917,0.17344174,-44.127403,44.127403,0.91513956,0.4033297,1000.0,10.0,20,100.0,0.55482495,0.25237215,-44.054558,-97.85104,33.20376,-42.09602,700.08923,0.036045026,0.36910295,0.36910295,1e-05,0.0003,81.594635,0.00667995400428772,7167.9850380420685,1485000,484993.0,1.0,1.0,98.0,0.6116554737091064,100.0
44.956696,0.002076192,0.17550102,-44.95462,44.95462,0.9211366,0.40420204,1000.0,10.0,20,100.0,0.4638472,-0.18240632,-45.01021,-98.1151,14.33976,-13.6380825,697.1513,0.033404224,0.3723253,0.3723253,1e-05,0.0003,82.653076,0.006769708585739136,7201.833585739136,1490000,489472.0,1.0,1.0,124.0,0.81416916847229,100.0
41.77981,0.0026016445,0.18820167,-41.77721,41.77721,1.0712974,0.40262038,1000.0,10.0,20,100.0,0.81088674,-0.41549027,-41.840088,-97.98227,19.040667,-19.020113,809.3513,0.040876184,0.43132615,0.43132615,1e-05,0.0003,85.72331,0.006564969825744629,7234.658438444138,1495000,494898.0,1.0,1.0,108.0,0.7021784782409668,100.0
41.848507,0.0024282287,0.17142326,-41.846077,41.846077,0.9510063,0.40236488,1000.0,10.0,20,100.0,0.67055184,0.30983543,-41.845047,-98.04817,62.76587,-63.53349,894.66,0.047364496,0.3826515,0.3826515,1e-05,0.0003,80.78421,0.006569542455673218,7267.506155014038,1500000,499960.0,1.0,1.0,104.0,0.6575489044189453,100.0
46.060333,0.0024983021,0.20012791,-46.057835,46.057835,1.0988237,0.40955424,1000.0,10.0,20,100.0,0.35679412,-0.60880107,-45.97846,-98.13409,20.049896,-27.305822,894.48096,0.03799378,0.45002788,0.45002788,1e-05,0.0003,91.419914,0.008276861524581909,7308.890466213226,1505000,504897.0,1.0,1.0,110.0,0.6833972930908203,100.0
43.333855,0.0031213353,0.17606911,-43.330734,43.330734,0.9794385,0.4097219,1000.0,10.0,20,100.0,0.35893154,-0.39307785,-43.332726,-98.21923,17.194586,-18.240149,785.2573,0.03946818,0.40129742,0.40129742,1e-05,0.0003,83.822525,0.0065567400932312015,7341.6741716861725,1510000,509948.0,1.0,1.0,115.0,0.7429006099700928,100.0
43.094124,0.0018558172,0.2028312,-43.09227,43.09227,1.0750386,0.4097868,1000.0,10.0,20,100.0,0.52363425,-0.82294357,-43.084427,-98.13456,20.766241,-20.018492,736.11505,0.03730826,0.44053662,0.44053662,1e-05,0.0003,87.67142,0.006524380779266358,7374.296080350876,1515000,514967.0,1.0,1.0,114.0,0.7494425773620605,100.0
44.70046,0.0032539642,0.17969331,-44.697205,44.697205,0.9816509,0.40862247,1000.0,10.0,20,100.0,0.64045084,0.15523745,-44.68743,-98.07919,25.836233,-24.334244,905.2048,0.046418145,0.4011246,0.4011246,1e-05,0.0003,85.45337,0.006693987226486206,7407.766020536423,1520000,519977.0,1.0,1.0,108.0,0.6806848049163818,100.0
43.51651,0.0029979618,0.20184626,-43.51351,43.51351,1.0350294,0.41055727,1000.0,10.0,20,100.0,0.50122154,-0.561389,-43.52987,-98.30122,17.341959,-20.68332,731.9288,0.045892656,0.42493886,0.42493886,1e-05,0.0003,86.51161,0.006685711622238159,7441.194582700729,1525000,524992.0,1.0,1.0,108.0,0.691575288772583,100.0
46.977184,0.002545199,0.19720018,-46.97464,46.97464,0.9543419,0.40941915,1000.0,10.0,20,100.0,1.0429951,-0.597432,-46.86355,-97.80038,35.270367,-21.437916,780.97705,0.03631463,0.39072585,0.39072585,1e-05,0.0003,87.092766,0.006602942562103272,7474.20929980278,1530000,529910.0,1.0,1.0,129.0,0.81803297996521,100.0
43.055668,0.0013986698,0.17281312,-43.054268,43.054268,0.89144707,0.41269636,1000.0,10.0,20,100.0,0.38701057,0.44682968,-43.068344,-98.32197,22.466919,-26.060581,823.7951,0.03569357,0.36789694,0.36789694,1e-05,0.0003,80.232376,0.006710542392730713,7507.762016057968,1535000,534952.0,1.0,1.0,103.0,0.6607003211975098,100.0
43.872654,0.0017651911,0.17514393,-43.870888,43.870888,0.8894818,0.41338387,1000.0,10.0,20,100.0,0.5165192,0.6872358,-43.84957,-98.20984,84.79382,-87.45486,1163.2189,0.043769553,0.36769742,0.36769742,1e-05,0.0003,81.15891,0.006695388984680176,7541.238965272903,1540000,539924.0,1.0,1.0,114.0,0.7431697845458984,100.0
40.26069,0.0024422912,0.2105931,-40.258247,40.258247,1.0281088,0.40824157,1000.0,10.0,20,100.0,0.5398957,1.7236909,-40.33525,-98.16702,12.803073,-14.549094,747.5946,0.05349258,0.41971675,0.41971675,1e-05,0.0003,82.77226,0.00658637113571167,7574.170825481415,1545000,544867.0,1.0,1.0,99.0,0.6340713500976562,100.0
41.04318,0.0024817414,0.21001956,-41.040695,41.040695,0.86960065,0.41433334,1000.0,10.0,20,100.0,0.48167497,0.8119718,-41.07013,-98.29119,14.794747,-42.234703,777.3502,0.038747236,0.36030456,0.36030456,1e-05,0.0003,77.55531,0.006655393362045288,7607.447796344757,1550000,549910.0,1.0,1.0,134.0,0.8582272529602051,100.0
42.785152,0.0028735432,0.18630083,-42.78228,42.78228,1.0599039,0.41445738,1000.0,10.0,20,100.0,0.41502842,-1.7730621,-42.790585,-98.31645,22.443613,-18.813978,825.746,0.040485173,0.43928495,0.43928495,1e-05,0.0003,87.12868,0.006650815534591675,7640.701878070831,1555000,554947.0,1.0,1.0,123.0,0.8075954914093018,100.0
38.592293,0.0019371406,0.20630671,-38.590355,38.590355,1.0514401,0.41491443,1000.0,10.0,20,100.0,0.55011284,0.82269204,-38.576912,-98.157745,27.987385,-18.381052,791.42664,0.04540313,0.43625766,0.43625766,1e-05,0.0003,82.76817,0.0066656417846679685,7674.030091047287,1560000,559906.0,1.0,1.0,110.0,0.9854352474212646,100.0
45.366318,0.0026186418,0.19919258,-45.3637,45.3637,0.96913236,0.42151985,1000.0,10.0,20,100.0,0.4619362,-2.5519688,-45.36783,-98.01881,29.147127,-24.473217,769.10803,0.036755387,0.4085085,0.4085085,1e-05,0.0003,86.67911,0.006431229591369629,7706.186242818832,1565000,564867.0,1.0,1.0,98.0,0.6117119789123535,100.0
39.354862,0.002290743,0.19097938,-39.35257,39.35257,0.9117557,0.4228011,1000.0,10.0,20,100.0,0.5825501,4.0477195,-39.32,-97.813156,23.446165,-28.200434,809.4563,0.0440461,0.3854913,0.3854913,1e-05,0.0003,78.48654,0.006596362972259522,7739.168061971664,1570000,569927.0,1.0,1.0,108.0,0.6697885990142822,100.0
43.745663,0.0027790214,0.18834668,-43.74288,43.74288,0.99033445,0.41220737,1000.0,10.0,20,100.0,0.34153548,-0.5250089,-43.785652,-98.209,23.260792,-26.887783,869.308,0.03514937,0.40822315,0.40822315,1e-05,0.0003,84.909515,0.006420813083648682,7771.272131204605,1575000,574905.0,1.0,1.0,142.0,0.8701703548431396,100.0
43.425488,0.0019792998,0.18059069,-43.423508,43.423508,1.0739553,0.41699633,1000.0,10.0,20,100.0,0.40635794,0.36905855,-43.422127,-98.2893,36.004227,-26.501139,900.8301,0.046532504,0.44783542,0.44783542,1e-05,0.0003,88.61539,0.006428046321868897,7803.412367105484,1580000,579879.0,1.0,1.0,113.0,0.7449843883514404,100.0
41.629612,0.0027118558,0.19313754,-41.6269,41.6269,1.003839,0.4209846,1000.0,10.0,20,100.0,0.5462158,1.0979887,-41.65869,-98.45043,134.95595,-158.34003,1243.1167,0.030572323,0.42260075,0.42260075,1e-05,0.0003,84.4359,0.0065958416938781735,7836.391579627991,1585000,584945.0,1.0,1.0,97.0,0.6131961345672607,100.0
45.175068,0.002354221,0.18006039,-45.172714,45.172714,0.9665786,0.418188,1000.0,10.0,20,100.0,0.40662318,-1.1410762,-45.19665,-97.983116,23.208872,-20.474611,704.40063,0.045313444,0.40421158,0.40421158,1e-05,0.0003,86.00285,0.006624391794204712,7869.513542890549,1590000,590000.0,1.0,1.0,105.0,0.6739954948425293,100.0
41.27673,0.0028144252,0.18163306,-41.273914,41.273914,0.9073981,0.41344666,1000.0,10.0,20,100.0,0.56203586,-2.2221148,-41.251358,-98.48008,25.685493,-26.839851,799.3107,0.036491834,0.37516072,0.37516072,1e-05,0.0003,79.354836,0.00664518518447876,7902.73947262764,1595000,594887.0,1.0,1.0,103.0,0.6518905162811279,100.0
42.450848,0.0022359514,0.16953027,-42.448612,42.448612,1.0219586,0.4160544,1000.0,10.0,20,100.0,0.37570933,-0.5334047,-42.485428,-98.20232,20.138239,-17.841236,934.7617,0.03738513,0.4251904,0.4251904,1e-05,0.0003,85.3456,0.006619081878662109,7935.834886074066,1600000,599896.0,1.0,1.0,94.0,0.6016051769256592,100.0
43.31064,0.0027837954,0.16882773,-43.307854,43.307854,0.8334627,0.4111991,1000.0,10.0,20,100.0,0.50719476,-0.18264528,-43.253174,-98.52353,18.659307,-22.736568,772.074,0.040467866,0.3427191,0.3427191,1e-05,0.0003,78.089745,0.008459083127975464,7978.130306482315,1605000,604983.0,1.0,1.0,128.0,0.8089613914489746,100.0
43.01429,0.0020317202,0.1793846,-43.012257,43.012257,1.0152946,0.40437227,1000.0,10.0,20,100.0,0.37426457,0.42518637,-42.96794,-98.23652,18.513836,-23.675428,881.6549,0.04378565,0.41055694,0.41055694,1e-05,0.0003,84.444244,0.006649493169784546,8011.377776384354,1610000,609889.0,1.0,1.0,107.0,0.7064588069915771,100.0
43.109035,0.0018782084,0.19296196,-43.10716,43.10716,0.9656793,0.40670824,1000.0,10.0,20,100.0,0.47644895,-0.052838758,-43.17797,-97.904625,20.596096,-12.718124,626.5521,0.036119364,0.39274973,0.39274973,1e-05,0.0003,82.86046,0.0066027379035949706,8044.3914704322815,1615000,614980.0,1.0,1.0,122.0,0.777554988861084,100.0
42.215366,0.0024738754,0.18052876,-42.21289,42.21289,1.1076881,0.39966747,1000.0,10.0,20,100.0,0.515997,0.78497267,-42.195995,-98.28091,19.930307,-22.144651,892.2243,0.03997501,0.4427069,0.4427069,1e-05,0.0003,87.00206,0.006635608625411987,8077.569517850876,1620000,619962.0,1.0,1.0,120.0,0.7749850749969482,100.0
40.332424,0.002301685,0.20039487,-40.330124,40.330124,0.909663,0.40357047,1000.0,10.0,20,100.0,0.45402554,-2.8570242,-40.33047,-98.31575,16.118277,-27.245543,772.54675,0.054298133,0.36711314,0.36711314,1e-05,0.0003,77.497765,0.006572542715072632,8110.432235479355,1625000,624903.0,1.0,1.0,115.0,0.7338190078735352,100.0
40.585533,0.0021426834,0.19164753,-40.58339,40.58339,1.0475998,0.4025448,1000.0,10.0,20,100.0,0.8671453,0.37756383,-40.57219,-98.13128,21.897398,-30.61625,889.23303,0.04707793,0.42170584,0.42170584,1e-05,0.0003,83.62326,0.006455245685577393,8142.708467721939,1630000,629899.0,1.0,1.0,106.0,0.6831369400024414,100.0
43.202644,0.002891687,0.17711201,-43.199753,43.199753,0.8132267,0.40922266,1000.0,10.0,20,100.0,0.6097336,0.029695198,-43.196762,-98.44809,22.967266,-17.385923,705.0818,0.033984873,0.3327908,0.3327908,1e-05,0.0003,77.09146,0.006697765254974365,8176.197297811508,1635000,634935.0,0.0,0.0,700.0,4.539372444152832,0.0
37.438038,0.0022942254,0.186605,-37.435745,37.435745,0.90717965,0.40250164,1000.0,10.0,20,100.0,0.673931,0.38951033,-37.45005,-97.99164,12.194535,-13.950871,700.9982,0.040999554,0.36514127,0.36514127,1e-05,0.0003,74.6261,0.006590429925918579,8209.149451971054,1640000,639920.0,1.0,1.0,252.0,1.5957746505737305,100.0
41.103806,0.0016337945,0.17229041,-41.102173,41.102173,0.9270494,0.39696762,1000.0,10.0,20,100.0,0.3864853,0.70018554,-41.0299,-98.215256,15.303509,-32.07964,721.23865,0.036293313,0.3680086,0.3680086,1e-05,0.0003,78.29115,0.00645594367980957,8241.4291741848,1645000,644897.0,1.0,1.0,135.0,1.1702373027801514,100.0
42.90047,0.0028824583,0.19325984,-42.897587,42.897587,1.0491617,0.39882976,1000.0,10.0,20,100.0,0.61817455,0.897792,-42.866096,-98.513535,39.01386,-40.679905,960.3098,0.045212924,0.41843688,0.41843688,1e-05,0.0003,85.362335,0.00656033673286438,8274.230861902237,1650000,649911.0,1.0,1.0,109.0,0.6871688365936279,100.0
40.906147,0.0020421026,0.21710056,-40.904106,40.904106,1.2423605,0.40565595,1000.0,10.0,20,100.0,0.586727,0.058498695,-40.89676,-98.37269,27.483002,-24.589594,919.39087,0.05804766,0.5039709,0.5039709,1e-05,0.0003,91.88997,0.006663325309753418,8307.54749751091,1655000,654999.0,1.0,1.0,183.0,1.187178373336792,100.0
43.470802,0.0024405862,0.20317648,-43.46836,43.46836,0.8373724,0.41268393,1000.0,10.0,20,100.0,0.5347326,0.18706158,-43.39839,-98.20952,19.906445,-12.220511,662.59534,0.032459043,0.34557015,0.34557015,1e-05,0.0003,78.562546,0.00666605076789856,8340.877755641937,1660000,659978.0,1.0,1.0,111.0,0.7073032855987549,100.0
44.341442,0.0025215968,0.18398084,-44.33892,44.33892,0.92753386,0.40328512,1000.0,10.0,20,100.0,0.36927313,0.77686167,-44.254684,-98.44272,18.485935,-24.374687,751.4691,0.040216938,0.3740606,0.3740606,1e-05,0.0003,82.116776,0.006609471702575684,8373.92511844635,1665000,664878.0,1.0,1.0,138.0,0.8985369205474854,100.0
42.929054,0.002217561,0.18423797,-42.926838,42.926838,1.0417092,0.39919862,1000.0,10.0,20,100.0,0.3683865,-0.4245414,-42.97895,-98.49046,17.435661,-19.563065,773.20984,0.041733533,0.41584885,0.41584885,1e-05,0.0003,84.882324,0.006613209819793701,8406.991171360016,1670000,669920.0,1.0,1.0,104.0,0.659843921661377,100.0
47.12318,0.0020876075,0.18547435,-47.121094,47.121094,1.0558243,0.39302596,1000.0,10.0,20,100.0,0.40970072,-0.18405814,-47.172737,-97.985985,75.55166,-34.591747,944.99695,0.03982748,0.41496634,0.41496634,1e-05,0.0003,89.02952,0.006621548986434937,8440.098920345306,1675000,674968.0,1.0,1.0,116.0,0.7458772659301758,100.0
44.48228,0.0019499946,0.16962548,-44.48033,44.48033,0.98356307,0.39412925,1000.0,10.0,20,100.0,0.728716,0.6708715,-44.36235,-98.35668,31.083866,-29.085732,772.4238,0.04239424,0.38765097,0.38765097,1e-05,0.0003,83.9761,0.006573267126083374,8472.965260982513,1680000,679987.0,1.0,1.0,92.0,0.5829720497131348,100.0
44.749386,0.0021579599,0.16636741,-44.747227,44.747227,0.8803449,0.3944534,1000.0,10.0,20,100.0,0.41086796,0.24024108,-44.749123,-98.08639,23.151382,-27.981749,744.157,0.042591177,0.34725505,0.34725505,1e-05,0.0003,79.88576,0.006544753932952881,8505.68903517723,1685000,684890.0,1.0,1.0,110.0,0.6764638423919678,100.0
47.28122,0.0022911155,0.1887762,-47.278927,47.278927,0.9955222,0.40061554,1000.0,10.0,20,100.0,0.30380717,-0.07226446,-47.23526,-98.43077,28.598791,-18.76195,721.7942,0.04144548,0.39882165,0.39882165,1e-05,0.0003,87.46719,0.006489164590835571,8538.134861946106,1690000,689990.0,1.0,1.0,133.0,0.8338627815246582,100.0
45.294495,0.0016233849,0.18043834,-45.29287,45.29287,0.94622517,0.39700648,1000.0,10.0,20,100.0,0.35849774,0.20743048,-45.24254,-97.82902,24.195599,-22.112564,813.75116,0.04669915,0.37565753,0.37565753,1e-05,0.0003,83.21875,0.006721647882461548,8571.743105888367,1695000,694946.0,1.0,1.0,118.0,0.7607672214508057,100.0
41.85611,0.0026876603,0.19166775,-41.85342,41.85342,1.1533355,0.39409092,1000.0,10.0,20,100.0,0.4480793,1.0448673,-41.919296,-98.23169,21.885561,-28.500574,873.0687,0.0514456,0.45451903,0.45451903,1e-05,0.0003,87.75609,0.006580820035934448,8604.647209882736,1700000,699935.0,1.0,1.0,107.0,0.6753804683685303,100.0
44.191097,0.0023616585,0.17668627,-44.188736,44.188736,1.0277699,0.398937,1000.0,10.0,20,100.0,0.33085343,0.29147267,-44.162514,-98.07174,20.836147,-17.957369,738.49866,0.036856003,0.41001543,0.41001543,1e-05,0.0003,85.5235,0.008319499254226684,8646.244710206985,1705000,704968.0,1.0,1.0,99.0,0.6132485866546631,100.0
41.517345,0.0020238743,0.17706248,-41.51532,41.51532,0.9399427,0.3969468,1000.0,10.0,20,100.0,0.41272098,0.6092713,-41.565315,-98.384,14.429351,-24.061232,740.0657,0.035856485,0.37310722,0.37310722,1e-05,0.0003,79.24078,0.006529949474334717,8678.894461393356,1710000,709972.0,1.0,1.0,113.0,0.7293663024902344,100.0
42.17183,0.0019505478,0.21237737,-42.16988,42.16988,1.1652069,0.3917808,1000.0,10.0,20,100.0,0.49056762,0.64942145,-42.236984,-97.84933,20.292042,-29.239157,902.2421,0.04620716,0.45650566,0.45650566,1e-05,0.0003,88.31296,0.006485210657119751,8711.32051897049,1715000,714979.0,1.0,1.0,108.0,0.6769065856933594,100.0
43.48936,0.0019871495,0.19115536,-43.487373,43.487373,1.0662959,0.39290926,1000.0,10.0,20,100.0,0.4116675,0.28750327,-43.55841,-98.15414,22.30154,-23.988726,762.2212,0.035660595,0.41895753,0.41895753,1e-05,0.0003,85.79678,0.006682657957077026,8744.73381614685,1720000,719935.0,1.0,1.0,105.0,0.6741878986358643,100.0
42.728813,0.0017106577,0.19690241,-42.727104,42.727104,0.8382275,0.39998254,1000.0,10.0,20,100.0,0.35888526,-1.3225828,-42.673447,-98.26851,44.230392,-54.544735,804.95233,0.045045145,0.33527637,0.33527637,1e-05,0.0003,76.61534,0.00669930682182312,8778.230354070663,1725000,724925.0,1.0,1.0,126.0,0.806668758392334,100.0
42.050438,0.0019671505,0.17877282,-42.04847,42.04847,1.1496496,0.39394245,1000.0,10.0,20,100.0,0.40391964,1.4479008,-42.00609,-98.507286,340.66028,-301.48392,2722.6382,0.037208878,0.45289576,0.45289576,1e-05,0.0003,87.743935,0.006596353864669799,8811.212127923965,1730000,729948.0,1.0,1.0,108.0,0.9951226711273193,100.0
41.7509,0.0023564291,0.18306153,-41.748543,41.748543,0.9460304,0.39947292,1000.0,10.0,20,100.0,0.91604364,0.80326337,-41.75012,-98.311195,184.25981,-105.34207,1323.6438,0.04272105,0.37791353,0.37791353,1e-05,0.0003,80.4583,0.006621736812591553,8844.320816040039,1735000,734874.0,1.0,1.0,119.0,0.752650260925293,100.0
41.897373,0.0016068488,0.18924884,-41.895767,41.895767,0.9602685,0.3980017,1000.0,10.0,20,100.0,0.7276149,1.3079373,-41.824387,-97.812035,17.94778,-20.140524,736.9986,0.038132504,0.3821885,0.3821885,1e-05,0.0003,80.84384,0.0066289475440979,8877.465558052063,1740000,739960.0,1.0,1.0,120.0,0.76593017578125,100.0
41.252228,0.002534698,0.18835059,-41.249695,41.249695,0.87894374,0.3927035,1000.0,10.0,20,100.0,2.053445,0.45085216,-41.24556,-98.28566,230.92267,-143.69305,1530.2897,0.037061177,0.3451643,0.3451643,1e-05,0.0003,77.8221,0.006650975894927979,8910.720441818237,1745000,744935.0,1.0,1.0,103.0,0.6495397090911865,100.0
39.742836,0.0018236302,0.18873215,-39.741013,39.741013,1.0599867,0.3972189,1000.0,10.0,20,100.0,0.78074205,1.3045177,-39.74984,-97.84288,16.826132,-15.255353,781.8334,0.04097911,0.42104676,0.42104676,1e-05,0.0003,82.62825,0.006441447973251343,8942.927685499191,1750000,749946.0,1.0,1.0,97.0,0.6115865707397461,100.0
41.97633,0.001451297,0.18568599,-41.97488,41.97488,0.9224413,0.40548667,1000.0,10.0,20,100.0,0.5756675,-1.9186006,-42.151688,-98.31882,41.139088,-24.858469,806.9231,0.047262926,0.37403762,0.37403762,1e-05,0.0003,79.955765,0.0065469830513000486,8975.662605524063,1755000,754973.0,1.0,1.0,101.0,0.6372041702270508,100.0
40.79803,0.0016416227,0.20590335,-40.79639,40.79639,1.0567803,0.4066863,1000.0,10.0,20,100.0,1.5039093,0.33987275,-40.867054,-98.26228,15.163075,-16.778019,891.93915,0.048021637,0.4297781,0.4297781,1e-05,0.0003,85.279755,0.006722657299041748,9009.2758975029,1760000,759960.0,1.0,1.0,111.0,0.7472434043884277,100.0
40.86134,0.0027131846,0.18675816,-40.858627,40.858627,1.006628,0.40758067,1000.0,10.0,20,100.0,0.4767099,-1.6200373,-40.831863,-97.7611,30.774168,-38.731895,863.0123,0.039076105,0.41028216,0.41028216,1e-05,0.0003,82.36627,0.006651991987228394,9042.535861730576,1765000,764904.0,1.0,1.0,102.0,0.6549677848815918,100.0
40.142235,0.0020784948,0.1795498,-40.140156,40.140156,0.8991641,0.4085134,1000.0,10.0,20,100.0,0.43566582,0.62159395,-40.142048,-98.149605,17.36389,-25.367975,696.6294,0.03745413,0.36732054,0.36732054,1e-05,0.0003,77.30995,0.006599784946441651,9075.534790039062,1770000,769968.0,1.0,1.0,98.0,0.6180911064147949,100.0
41.166058,0.001684991,0.18428521,-41.16437,41.16437,0.93546987,0.4067598,1000.0,10.0,20,100.0,0.6613128,-1.319306,-41.08271,-98.24162,24.778984,-31.3143,923.50604,0.046782084,0.38051152,0.38051152,1e-05,0.0003,79.878525,0.006575111150741577,9108.410350322723,1775000,774951.0,1.0,1.0,96.0,0.5899438858032227,100.0
41.74691,0.002688964,0.18015856,-41.74422,41.74422,0.92590624,0.4093065,1000.0,10.0,20,100.0,0.3386635,0.73470956,-41.764053,-98.30826,15.260282,-11.33658,639.6408,0.04060895,0.37897944,0.37897944,1e-05,0.0003,79.98352,0.006477351760864258,9140.79711318016,1780000,779983.0,1.0,1.0,104.0,0.6867308616638184,100.0
44.809685,0.002335566,0.19945036,-44.80735,44.80735,1.0070359,0.4074792,1000.0,10.0,20,100.0,0.6044793,-0.5400066,-44.96528,-98.1419,16.686136,-17.65223,792.4835,0.04283168,0.41034615,0.41034615,1e-05,0.0003,86.44878,0.006407261276245117,9172.833423137665,1785000,784949.0,1.0,1.0,93.0,0.59979248046875,100.0
42.910305,0.0023144193,0.19054861,-42.90799,42.90799,0.9325895,0.4089306,1000.0,10.0,20,100.0,0.3802805,-0.99788016,-42.967533,-97.94469,22.188086,-29.613974,975.0364,0.039244965,0.38136435,0.38136435,1e-05,0.0003,81.42702,0.006679622888565063,9206.231541156769,1790000,789762.0,1.0,1.0,106.0,0.6825952529907227,100.0
43.315266,0.0022372422,0.19537963,-43.31303,43.31303,0.9767254,0.40809202,1000.0,10.0,20,100.0,0.5805751,0.8214632,-43.252075,-97.91653,16.987154,-17.045927,831.1658,0.03664571,0.39859384,0.39859384,1e-05,0.0003,83.75522,0.006740007257461548,9239.931581497192,1795000,794951.0,1.0,1.0,103.0,0.6575932502746582,100.0
43.164234,0.0022784711,0.17185009,-43.161957,43.161957,0.8850276,0.41266474,1000.0,10.0,20,100.0,0.380092,0.9615404,-43.19581,-98.26843,13.758069,-20.761147,693.54407,0.03987699,0.36521965,0.36521965,1e-05,0.0003,80.06629,0.0065632656574249265,9272.747913599014,1800000,799947.0,1.0,1.0,112.0,0.7153415679931641,100.0
42.47903,0.0021560662,0.17335515,-42.476875,42.476875,0.876331,0.40851736,1000.0,10.0,20,100.0,0.42183292,1.1118112,-42.403225,-98.216934,13.547532,-22.255558,696.73315,0.038328253,0.3579964,0.3579964,1e-05,0.0003,78.7005,0.008652115440368653,9316.008494853973,1805000,804955.0,1.0,1.0,107.0,0.6957273483276367,100.0
42.40532,0.0027467778,0.20018026,-42.402573,42.402573,0.9783738,0.4096086,1000.0,10.0,20,100.0,0.2864325,0.17275393,-42.36402,-98.12565,13.260042,-15.467884,795.7073,0.050528932,0.40075034,0.40075034,1e-05,0.0003,82.766785,0.00649994707107544,9348.508234739304,1810000,809984.0,1.0,1.0,115.0,0.729633092880249,100.0
43.093544,0.0028459625,0.18655828,-43.0907,43.0907,0.92104083,0.40289655,1000.0,10.0,20,100.0,0.36532903,0.7023202,-43.064697,-98.13061,65.34717,-103.618034,1057.231,0.03640946,0.37108415,0.37108415,1e-05,0.0003,80.56729,0.006440941333770752,9380.712945222855,1815000,814892.0,1.0,1.0,201.0,1.2930083274841309,100.0
40.696873,0.002927592,0.19298801,-40.693947,40.693947,1.0718054,0.39813402,1000.0,10.0,20,100.0,0.36310667,0.113186285,-40.62029,-98.01902,17.82074,-16.880123,807.54614,0.027181858,0.42672217,0.42672217,1e-05,0.0003,83.73219,0.006627696704864502,9413.851432323456,1820000,819905.0,1.0,1.0,94.0,0.5991060733795166,100.0
41.69743,0.0028330532,0.18762523,-41.694595,41.694595,0.95628357,0.40960723,1000.0,10.0,20,100.0,0.6214771,1.1404116,-41.647842,-97.86207,40.6378,-24.7969,894.94977,0.03152117,0.39170069,0.39170069,1e-05,0.0003,81.488976,0.006576026916503906,9446.731573581696,1825000,824965.0,1.0,1.0,96.0,0.5959639549255371,100.0
41.443977,0.0024478037,0.19346637,-41.44153,41.44153,1.0705391,0.40429822,1000.0,10.0,20,100.0,0.51669574,-0.695871,-41.53103,-98.19581,46.646553,-50.96491,884.319,0.042887,0.43281704,0.43281704,1e-05,0.0003,85.24238,0.006602191877365112,9479.742540121078,1830000,829908.0,1.0,1.0,112.0,0.707740068435669,100.0
43.22921,0.0027787215,0.16679125,-43.226433,43.226433,0.9736195,0.40453705,1000.0,10.0,20,100.0,0.44001228,0.9232046,-43.18064,-98.312675,32.474365,-25.3082,843.80804,0.03636212,0.39386517,0.39386517,1e-05,0.0003,83.05574,0.006633865880966186,9512.911873340607,1835000,834846.0,1.0,1.0,99.0,0.6176586151123047,100.0
46.71872,0.0022038454,0.16850908,-46.716515,46.716515,0.9953573,0.4043171,1000.0,10.0,20,100.0,0.5115495,0.31880674,-46.71266,-98.05622,23.708618,-19.221035,808.4523,0.043189324,0.40243998,0.40243998,1e-05,0.0003,87.47427,0.006543342113494873,9545.628587722778,1840000,839988.0,1.0,1.0,99.0,0.6087431907653809,100.0
41.906734,0.0020722998,0.17700288,-41.904663,41.904663,1.0851004,0.4050002,1000.0,10.0,20,100.0,0.67471105,0.46594837,-41.85539,-98.00595,114.31175,-105.07513,1330.0765,0.04491751,0.43946588,0.43946588,1e-05,0.0003,86.52803,0.006483112668991089,9578.044155836105,1845000,844993.0,1.0,1.0,105.0,0.9595003128051758,100.0
41.292004,0.0030465056,0.18331064,-41.288956,41.288956,0.7854848,0.40171534,1000.0,10.0,20,100.0,1.3894538,1.3961673,-41.36891,-98.12149,22.176727,-31.770231,905.6904,0.033131666,0.3155413,0.3155413,1e-05,0.0003,74.23559,0.0063641195774078365,9609.864757299423,1850000,849999.0,1.0,1.0,104.0,0.6423461437225342,100.0
41.39477,0.0023388118,0.1803635,-41.392433,41.392433,0.88168806,0.40081492,1000.0,10.0,20,100.0,0.36558795,0.33416057,-41.398926,-98.22994,20.173592,-15.788069,794.5886,0.04708159,0.35339373,0.35339373,1e-05,0.0003,77.09973,0.00660851411819458,9642.907331228256,1855000,854968.0,1.0,1.0,110.0,0.7375414371490479,100.0
39.411278,0.0038714034,0.22236988,-39.407406,39.407406,0.867416,0.4012955,1000.0,10.0,20,100.0,0.6827977,-1.2837949,-39.455475,-98.26893,43.077778,-31.71194,858.24335,0.03661172,0.34809014,0.34809014,1e-05,0.0003,74.90309,0.006585847568511963,9675.836573600769,1860000,859859.0,1.0,1.0,134.0,1.1527256965637207,100.0
40.595234,0.002179767,0.17200166,-40.593056,40.593056,0.9863988,0.39433232,1000.0,10.0,20,100.0,0.39159274,1.5798672,-40.589703,-98.11897,99.74595,-196.01045,1410.4309,0.03617327,0.38896894,0.38896894,1e-05,0.0003,79.88373,0.006544013357162475,9708.556644678116,1865000,864985.0,1.0,1.0,101.0,0.6392688751220703,100.0
41.919643,0.0019086947,0.18048766,-41.917736,41.917736,1.0021381,0.39588746,1000.0,10.0,20,100.0,0.46102422,-2.162372,-41.942245,-97.95853,34.461426,-19.626564,819.5023,0.04361213,0.3967339,0.3967339,1e-05,0.0003,82.05406,0.006652851915359497,9741.820907831192,1870000,869902.0,1.0,1.0,105.0,0.6659390926361084,100.0
40.76184,0.016580494,0.35719496,-40.745262,40.745262,1.0690025,0.39622015,1000.0,10.0,20,100.0,0.49501166,-0.0151978135,-40.98801,-97.88088,20.735409,-19.011236,819.2019,0.046387684,0.42356032,0.42356032,1e-05,0.0003,83.612885,0.006618538427352905,9774.913604021072,1875000,874984.0,1.0,1.0,132.0,0.8300130367279053,100.0
39.822517,0.017640859,0.3664391,-39.80488,39.80488,1.1044352,0.39504537,1000.0,10.0,20,100.0,0.61115956,-0.5228428,-40.013622,-97.73561,31.697968,-26.892662,974.72943,0.03388028,0.43630198,0.43630198,1e-05,0.0003,84.06387,0.006518482542037964,9807.50602221489,1880000,879946.0,1.0,1.0,118.0,0.7663679122924805,100.0
38.901756,0.008031353,0.2580457,-38.893726,38.893726,1.0233438,0.39146957,1000.0,10.0,20,100.0,0.42783177,2.3594797,-38.994522,-98.12147,26.352068,-16.175798,858.62085,0.035461165,0.40060794,0.40060794,1e-05,0.0003,79.39038,0.006582052898406982,9840.416290998459,1885000,884928.0,1.0,1.0,91.0,0.5688321590423584,100.0
41.04698,0.013302794,0.32125178,-41.03368,41.03368,0.8954619,0.39844462,1000.0,10.0,20,100.0,0.57056594,-1.3552794,-41.330147,-98.354416,23.050718,-35.262215,930.5613,0.0332824,0.35679197,0.35679197,1e-05,0.0003,77.296745,0.006606671094894409,9873.449650764465,1890000,889958.0,1.0,1.0,111.0,0.6963284015655518,100.0
40.599125,0.0036664065,0.1921106,-40.59546,40.59546,1.0066963,0.39809978,1000.0,10.0,20,100.0,0.29450375,1.9302853,-40.5665,-98.1598,48.327084,-55.295128,1050.092,0.040910855,0.4007656,0.4007656,1e-05,0.0003,80.970184,0.006549428129196167,9906.19679570198,1895000,894962.0,1.0,1.0,104.0,0.6590163707733154,100.0
41.4404,0.0019624026,0.19432732,-41.43844,41.43844,0.9589389,0.3986443,1000.0,10.0,20,100.0,0.37644374,0.06904355,-41.437218,-98.15352,21.145655,-14.719954,744.0536,0.046060838,0.38227552,0.38227552,1e-05,0.0003,80.04439,0.006708296823501587,9939.738283872604,1900000,899929.0,1.0,1.0,111.0,0.7100434303283691,100.0
39.116817,0.002439184,0.18466583,-39.11438,39.11438,0.89932394,0.3957871,1000.0,10.0,20,100.0,0.6718443,0.08522843,-39.029232,-97.56994,22.50208,-16.961681,899.1725,0.03977426,0.35594082,0.35594082,1e-05,0.0003,75.382744,0.008612105321884155,9982.798814535141,1905000,904990.0,1.0,1.0,97.0,0.6057243347167969,100.0
37.63493,0.015987016,0.36104316,-37.618942,37.618942,1.1051304,0.40119562,1000.0,10.0,20,100.0,0.554408,1.0049497,-37.76573,-98.032326,83.696045,-606.3564,4065.859,0.041120704,0.4433735,0.4433735,1e-05,0.0003,82.52669,0.006499171161651611,10015.294674158096,1910000,909958.0,1.0,1.0,97.0,0.6003897190093994,100.0
41.085163,0.004989326,0.24491015,-41.080173,41.080173,1.016664,0.40302905,1000.0,10.0,20,100.0,0.52114844,-1.7208154,-41.110367,-98.5909,26.576733,-18.158266,889.64215,0.037311208,0.40974513,0.40974513,1e-05,0.0003,82.580826,0.0064774033069610595,10047.68169426918,1915000,914915.0,1.0,1.0,97.0,0.6069884300231934,100.0
39.6781,0.0066769617,0.25012147,-39.671425,39.671425,0.9051443,0.4054949,1000.0,10.0,20,100.0,0.38171503,-0.5839552,-39.768906,-98.1099,28.399492,-12.028935,839.34753,0.03745399,0.36703137,0.36703137,1e-05,0.0003,76.762955,0.006515159130096436,10080.257494688034,1920000,919961.0,1.0,1.0,108.0,0.7003927230834961,100.0
39.107998,0.019062858,0.39757213,-39.088936,39.088936,1.1098489,0.40579253,1000.0,10.0,20,100.0,0.54505336,-3.477748,-39.350113,-98.23174,85.23942,-324.52594,2685.478,0.03482227,0.45036837,0.45036837,1e-05,0.0003,84.68989,0.0065992414474487305,10113.25370645523,1925000,924954.0,1.0,1.0,99.0,0.9731521606445312,100.0
39.40108,0.0024523241,0.184392,-39.39863,39.39863,1.1074502,0.39903328,1000.0,10.0,20,100.0,0.42160678,-0.23257732,-39.3274,-97.74558,17.766798,-18.423431,734.7123,0.039972685,0.4419095,0.4419095,1e-05,0.0003,84.01364,0.006534125757217407,10145.924339532852,1930000,929993.0,1.0,1.0,98.0,0.6395702362060547,100.0
40.102253,0.014728535,0.3575408,-40.087524,40.087524,0.99379814,0.40638694,1000.0,10.0,20,100.0,0.41797188,0.6375209,-40.26845,-97.99899,19.939175,-27.136381,837.9989,0.042536788,0.40386656,0.40386656,1e-05,0.0003,80.90688,0.006639509725570679,10179.121891975403,1935000,934914.0,1.0,1.0,109.0,0.7078795433044434,100.0
42.064896,0.0037856274,0.18338102,-42.06111,42.06111,0.90600014,0.40570346,1000.0,10.0,20,100.0,0.5685836,0.07944758,-42.047737,-97.420135,44.20955,-57.649384,993.87366,0.042230118,0.36756736,0.36756736,1e-05,0.0003,79.39021,0.006637879037857055,10212.311291694641,1940000,939920.0,1.0,1.0,106.0,0.6664602756500244,100.0
40.358353,0.008857527,0.2913165,-40.349495,40.349495,0.9668966,0.40632626,1000.0,10.0,20,100.0,0.44335124,-1.3151994,-40.538326,-98.535324,58.930996,-45.551186,1061.9866,0.040381107,0.39287546,0.39287546,1e-05,0.0003,80.08925,0.006513594436645508,10244.879268169403,1945000,944950.0,1.0,1.0,91.0,0.566657304763794,100.0
41.638294,0.01522566,0.37222597,-41.62307,41.62307,0.9894056,0.40502825,1000.0,10.0,20,100.0,0.6281734,1.5939971,-41.670006,-97.65695,42.078938,-41.961212,1040.8616,0.044836387,0.4007372,0.4007372,1e-05,0.0003,82.34019,0.006597996187210083,10277.86925292015,1950000,949965.0,1.0,1.0,103.0,0.6705245971679688,100.0
38.553047,0.011946769,0.3126459,-38.5411,38.5411,0.9383936,0.39968416,1000.0,10.0,20,100.0,0.61562485,-0.60005707,-38.676598,-97.57545,24.696747,-13.252728,745.98926,0.031205405,0.37506106,0.37506106,1e-05,0.0003,76.674774,0.006589336109161377,10310.815937280655,1955000,954944.0,1.0,1.0,107.0,0.6793889999389648,100.0
41.291363,0.0059512863,0.25386947,-41.28541,41.28541,1.0119436,0.39481878,1000.0,10.0,20,100.0,0.41424537,-1.1007123,-41.362396,-97.594536,38.327557,-17.973606,909.8767,0.039599653,0.3995343,0.3995343,1e-05,0.0003,81.65904,0.006509348440170288,10343.362683534622,1960000,959976.0,1.0,1.0,112.0,0.6950442790985107,100.0
40.660374,0.0023147902,0.20352453,-40.65806,40.65806,0.88057405,0.39629972,1000.0,10.0,20,100.0,0.32346603,1.1642612,-40.63871,-98.00286,17.164536,-18.836763,759.23785,0.040679507,0.34897125,0.34897125,1e-05,0.0003,75.88097,0.006706026983261108,10376.89282298088,1965000,964484.0,1.0,1.0,104.0,0.6838195323944092,100.0
39.154827,0.017327227,0.35104883,-39.1375,39.1375,1.3126397,0.39647248,1000.0,10.0,20,100.0,0.47114655,-1.8198534,-39.355896,-97.87361,326.25916,-200.58588,1904.6538,0.041395083,0.52042556,0.52042556,1e-05,0.0003,91.66853,0.006652249431610108,10410.154074430466,1970000,969966.0,1.0,1.0,92.0,0.5862705707550049,100.0
42.39023,0.01585418,0.38998884,-42.374374,42.374374,0.7905059,0.39821312,1000.0,10.0,20,100.0,0.40495783,1.1047095,-42.64085,-98.253654,18.207994,-44.06599,940.7335,0.032440312,0.31478983,0.31478983,1e-05,0.0003,74.27417,0.006519863224029541,10442.75339436531,1975000,974960.0,1.0,1.0,110.0,0.7089986801147461,100.0
44.5452,0.0020427175,0.15649019,-44.54316,44.54316,0.8910768,0.39908406,1000.0,10.0,20,100.0,0.30425078,-5.0279765,-44.537987,-97.94752,25.401234,-21.060947,742.9485,0.028116737,0.35561454,0.35561454,1e-05,0.0003,80.410904,0.006463930654525757,10475.073051691055,1980000,979909.0,1.0,1.0,101.0,0.6261227130889893,100.0
38.807636,0.0151708,0.359097,-38.792465,38.792465,1.1342224,0.3985605,1000.0,10.0,20,100.0,0.38714176,0.59027416,-38.969448,-97.55886,56.373714,-194.40479,1686.601,0.03682689,0.45205623,0.45205623,1e-05,0.0003,84.400406,0.006470971488952637,10507.427912950516,1985000,984932.0,1.0,1.0,105.0,0.65740966796875,100.0
39.841225,0.010537927,0.33726144,-39.83069,39.83069,0.93794036,0.39646396,1000.0,10.0,20,100.0,0.4006935,1.0886428,-39.986473,-97.60128,54.98556,-94.16151,1044.2932,0.03658745,0.37185955,0.37185955,1e-05,0.0003,77.42787,0.006494489765167236,10539.90036559105,1990000,989966.0,1.0,1.0,123.0,0.8404574394226074,100.0
38.367874,0.0015548198,0.17895271,-38.366318,38.366318,0.89909923,0.3986527,1000.0,10.0,20,100.0,0.41465312,0.95479155,-38.324883,-98.16692,16.510233,-16.886805,828.134,0.038133375,0.35842833,0.35842833,1e-05,0.0003,74.62537,0.006553334236145019,10572.66704082489,1995000,994929.0,1.0,1.0,102.0,0.6436283588409424,100.0
40.141396,0.013379796,0.28848457,-40.128017,40.128017,0.85950994,0.3982301,1000.0,10.0,20,100.0,0.2814455,-1.8443196,-40.26845,-98.320404,48.36464,-31.70701,1022.5683,0.04557909,0.34228274,0.34228274,1e-05,0.0003,74.651115,0.006637137842178345,10605.85273361206,2000000,999949.0,1.0,1.0,137.0,0.888505220413208,100.0
