training/actor/bound_loss,training/actor/q_loss,training/alpha/current_vs_historical_ratio,training/alpha/historical_avg_loss,training/alpha/max_alpha_bound,training/alpha/min_alpha_bound,training/alpha/valid_count,training/alpha_weight,training/critic/critic_loss,training/critic/q_max,training/critic/q_mean,training/critic/q_min,training/grad/max,training/grad/min,training/grad/norm,training/meanflow/consistency_loss,training/meanflow/flow_loss,training/meanflow/mean_flow_loss,training/metrics/actor_learning_rate,training/metrics/critic_learning_rate,training/total_loss,time/epoch_time,time/total_time,step,training/actor/any_oob,training/actor/coordinate_oob,training/actor/jacobian,training/actor/loss,training/actor/max_clip,training/actor/mean_clip,training/actor/q,training/actor/transport,training/control/adjoint_clip_fraction,training/control/adjoint_norm,training/control/applied_adjoint_norm,training/control/eta,training/control/gate,training/control/relative_critic_disagreement,training/teacher/endpoint_variance,training/teacher/q,exploration/total.timesteps,exploration/episode.final_reward,exploration/episode.return,exploration/episode.length,exploration/episode.duration,exploration/episode.normalized_return
0.0,0.0,1.0,0.0,500.0,5.0,0,50.0,2.5767741,3.8674161,0.43789184,-4.210252,142.52103,-151.11485,1663.2534,0.0,1.2234755,1.2234755,0.0,0.0003,63.75055,0.007599461984634399,37.99761390686035,0,,,,,,,,,,,,,,,,,,,,,,
0.04111819,0.0,67190730.0,0.0,500.0,5.0,2,50.0,0.034332603,-2.3510249,-23.028603,-24.806019,74.6152,-76.40203,1939.9609,0.0,0.6719073,0.6719073,1e-05,0.0003,33.670815,0.026342384576797485,169.70972681045532,5000,,,,,,,,,,,,,,,,,,,,,,
0.029291723,0.0,67571640.0,0.0,500.0,5.0,4,50.0,0.17280327,-1.1836905,-38.983562,-41.834934,130.51556,-150.18977,2279.5728,0.0,0.6757164,0.6757164,2e-05,0.0003,33.987915,0.008006605863571168,209.74290943145752,10000,,,,,,,,,,,,,,,,,,,,,,
0.01017556,0.0,57535480.0,0.0,500.0,5.0,7,50.0,0.30327964,-5.0394807,-51.15645,-55.178337,82.47497,-38.845585,1564.383,0.0,0.5753548,0.5753548,3e-05,0.0003,29.081196,0.008212832927703858,250.80720734596252,15000,,,,,,,,,,,,,,,,,,,,,,
0.015984079,0.0,56426764.0,0.0,500.0,5.0,9,50.0,1.3903995,-17.581942,-60.300804,-66.38742,28.34455,-41.640827,1243.4924,0.0,0.56426764,0.56426764,4e-05,0.0003,29.619766,0.008189347839355468,291.7540953159332,20000,,,,,,,,,,,,,,,,,,,,,,
0.011562189,0.0,2.0171802,0.24026564,500.0,5.0,12,50.0,3.8027205,-0.09083187,-66.89104,-74.91496,21.385698,-23.643616,1160.1077,0.0,0.48465908,0.48465908,5e-05,0.0003,28.047237,0.007801421308517456,330.7613468170166,25000,,,,,,,,,,,,,,,,,,,,,,
0.009699313,0.0,1.3424281,0.382042,500.0,5.0,14,50.0,0.5949904,-0.020977706,-71.97186,-81.338486,20.789585,-25.60036,757.6721,0.0,0.5128639,0.5128639,6e-05,0.0003,26.247885,0.008323189496994019,372.3774163722992,30000,,,,,,,,,,,,,,,,,,,,,,
0.009300106,0.0,1.0197551,0.49830207,500.0,5.0,17,50.0,8.883831,-0.17444259,-73.72575,-86.27507,17.90132,-20.597975,1075.5378,0.0,0.5081461,0.5081461,6.9999995e-05,0.0003,34.300438,0.007714552545547485,410.95030069351196,35000,,,,,,,,,,,,,,,,,,,,,,
0.012109184,0.0,0.902883,0.55630726,500.0,5.0,19,50.0,1.0258396,-0.7315888,-74.38831,-90.08533,12.162817,-11.688233,627.4788,0.0,0.50228035,0.50228035,8e-05,0.0003,26.151966,0.007813432216644288,450.0175919532776,40000,,,,,,,,,,,,,,,,,,,,,,
0.013932035,0.0,0.9340272,0.54937524,500.0,5.0,20,50.0,0.6940532,-3.090915,-77.4711,-92.07568,8.485392,-7.56831,514.47327,0.0,0.5131314,0.5131314,8.9999994e-05,0.0003,26.364553,0.0078776593208313,489.40600323677063,45000,,,,,,,,,,,,,,,,,,,,,,
0.007961879,0.0,0.88481826,0.5293259,500.0,5.0,20,50.0,0.4717875,-3.623552,-79.48432,-94.3328,10.919767,-11.706284,523.2545,0.0,0.4683572,0.4683572,1e-04,0.0003,23.89761,0.007914191389083862,528.9770781993866,50000,,,,,,,,,,,,,,,,,,,,,,
0.0052184444,0.0,0.8293867,0.5057012,500.0,5.0,20,50.0,0.96039677,0.30280775,-79.23158,-95.56194,6.6856585,-8.274726,489.1903,0.0,0.41942182,0.41942182,9.999385e-05,0.0003,21.936705,0.00855632381439209,571.758829832077,55000,,,,,,,,,,,,,,,,,,,,,,
0.009788851,0.0,1.0379171,0.49902922,500.0,5.0,20,50.0,1.119382,-28.186817,-80.38143,-96.94991,7.008519,-8.66992,507.3673,0.0,0.517951,0.517951,9.99754e-05,0.0003,27.026722,0.00801853051185608,611.8516297340393,60000,,,,,,,,,,,,,,,,,,,,,,
0.008556743,0.0,1.099868,0.4921963,500.0,5.0,20,50.0,0.8134891,-10.162225,-79.007324,-104.07928,9.269735,-8.29745,479.22064,0.0,0.541351,0.541351,9.994465e-05,0.0003,27.889597,0.008005610561370849,651.8798134326935,65000,,,,,,,,,,,,,,,,,,,,,,
0.009993067,0.0,0.9367525,0.48374304,500.0,5.0,20,50.0,1.1256758,-12.245176,-78.592514,-107.33999,7.9407907,-6.937575,492.03613,0.0,0.45314753,0.45314753,9.990162e-05,0.0003,23.793047,0.007624078178405762,690.0003190040588,70000,,,,,,,,,,,,,,,,,,,,,,
0.009039462,0.0,0.86786324,0.4679856,500.0,5.0,20,50.0,0.6929048,0.5496554,-77.514244,-98.010315,8.02772,-7.324773,351.03424,0.0,0.40614748,0.40614748,9.984629e-05,0.0003,21.009317,0.00768606743812561,728.4307601451874,75000,,,,,,,,,,,,,,,,,,,,,,
0.008452385,0.0,1.0520762,0.46259156,500.0,5.0,20,50.0,0.66370237,-1.5041499,-78.060326,-98.59223,5.6432385,-7.767686,372.44693,0.0,0.48668158,0.48668158,9.977873e-05,0.0003,25.006235,0.007691810655593872,766.8899366855621,80000,,,,,,,,,,,,,,,,,,,,,,
0.0045104306,0.0,0.9190154,0.45855203,500.0,5.0,20,50.0,2.3652987,-1.8217475,-75.23468,-98.42787,19.783905,-19.337763,703.8753,0.0,0.4214164,0.4214164,9.969891e-05,0.0003,23.440628,0.007857214117050171,806.1761169433594,85000,,,,,,,,,,,,,,,,,,,,,,
0.0078045144,0.0,0.9836952,0.45462218,500.0,5.0,20,50.0,1.1822056,-10.868197,-76.260925,-98.79076,9.875158,-6.117835,356.90228,0.0,0.4472097,0.4472097,9.9606885e-05,0.0003,23.550495,0.007720457124710083,844.7785120010376,90000,,,,,,,,,,,,,,,,,,,,,,
0.009846239,0.0,1.0308194,0.44681722,500.0,5.0,20,50.0,0.5740307,-4.621005,-76.08067,-98.43244,7.0820236,-8.621565,362.05212,0.0,0.46058786,0.46058786,9.950265e-05,0.0003,23.61327,0.007565616083145142,882.6066920757294,95000,,,,,,,,,,,,,,,,,,,,,,
0.010690563,0.0,1.0343978,0.44372326,500.0,5.0,20,50.0,0.7029861,-4.446257,-77.00206,-99.18158,7.076715,-8.015903,392.66098,0.0,0.4589864,0.4589864,9.938626e-05,0.0003,23.662996,0.007335681486129761,919.2851943969727,100000,,,,,,,,,,,,,,,,,,,,,,
0.009352886,0.0,1.0011977,0.43982086,500.0,5.0,20,50.0,0.6518878,0.22875263,-77.73483,-98.95545,8.230145,-7.8661237,369.0337,0.0,0.4403476,0.4403476,9.9257726e-05,0.0003,22.678621,0.022641548919677734,1032.4932224750519,105000,,,,,,,,,,,,,,,,,,,,,,
0.0055218036,0.0,0.95369256,0.44446713,500.0,5.0,20,50.0,0.81703687,-0.12521158,-77.965164,-98.933426,5.1960464,-7.4432216,362.96436,0.0,0.42388496,0.42388496,9.91171e-05,0.0003,22.016808,0.00910483250617981,1078.0176606178284,110000,,,,,,,,,,,,,,,,,,,,,,
0.0039046034,0.0,0.9982096,0.44444433,500.0,5.0,20,50.0,0.4096254,-10.039042,-78.22878,-135.64899,5.430884,-6.8257704,383.98706,0.0,0.44364858,0.44364858,9.896442e-05,0.0003,22.595959,0.008724915361404418,1121.6425247192383,115000,,,,,,,,,,,,,,,,,,,,,,
0.0070745237,0.0,0.995711,0.4437623,500.0,5.0,20,50.0,0.59369004,-13.493938,-79.08649,-99.0624,6.521943,-7.8724804,362.04016,0.0,0.441859,0.441859,9.8799705e-05,0.0003,22.693716,0.009029543781280517,1166.790524482727,120000,,,,,,,,,,,,,,,,,,,,,,
0.01005645,0.0,0.98602146,0.4419384,500.0,5.0,20,50.0,0.29904348,-15.390946,-77.81363,-99.0187,5.31214,-6.1964316,371.56528,0.0,0.4357607,0.4357607,9.8623015e-05,0.0003,22.097134,0.008946094083786011,1211.5212602615356,125000,,,,,,,,,,,,,,,,,,,,,,
0.0067396704,0.0,1.1860236,0.4405589,500.0,5.0,20,50.0,0.5872899,-9.344615,-80.28265,-137.6169,5.0938077,-5.677588,345.639,0.0,0.5225133,0.5225133,9.843441e-05,0.0003,26.719694,0.008942348861694337,1256.233249425888,130000,,,,,,,,,,,,,,,,,,,,,,
0.012897098,0.0,0.9147017,0.44198456,500.0,5.0,20,50.0,0.6987848,-11.038834,-78.55817,-136.05595,4.9228506,-5.466162,312.6774,0.0,0.40428403,0.40428403,9.823391e-05,0.0003,20.925882,0.008653134441375733,1299.4991953372955,135000,,,,,,,,,,,,,,,,,,,,,,
0.0068661263,0.0,1.0724711,0.4369777,500.0,5.0,20,50.0,0.5784712,-2.1415005,-80.42551,-133.7809,7.4903636,-7.422349,366.2605,0.0,0.468646,0.468646,9.8021614e-05,0.0003,24.017635,0.008941093778610229,1344.2049288749695,140000,,,,,,,,,,,,,,,,,,,,,,
0.007803422,0.0,1.0603813,0.43726286,500.0,5.0,20,50.0,0.5622024,0.4719834,-76.48422,-134.81976,6.3420095,-6.959642,363.17664,0.0,0.46366534,0.46366534,9.779754e-05,0.0003,23.753273,0.008744152736663818,1387.925943851471,145000,,,,,,,,,,,,,,,,,,,,,,
0.0083406735,0.0,1.0304093,0.43641073,500.0,5.0,20,50.0,0.6539918,3.2863457,-75.267914,-99.05818,10.357091,-5.8282423,322.8103,0.0,0.4496817,0.4496817,9.756177e-05,0.0003,23.146418,0.00867593092918396,1431.3058393001556,150000,,,,,,,,,,,,,,,,,,,,,,
0.008308253,0.0,1.101587,0.4398934,500.0,5.0,20,50.0,1.0635151,-5.8708477,-75.33215,-99.064316,6.0651283,-6.075915,342.84372,0.0,0.48458087,0.48458087,9.7314376e-05,0.0003,25.300867,0.009186171627044678,1477.2370116710663,155000,,,,,,,,,,,,,,,,,,,,,,
0.006297146,0.0,0.8715398,0.44018194,500.0,5.0,20,50.0,1.477215,-0.10257994,-76.89167,-99.06407,7.566109,-7.5409713,455.5199,0.0,0.38363606,0.38363606,9.7055396e-05,0.0003,20.665316,0.00872161545753479,1520.8453431129456,160000,,,,,,,,,,,,,,,,,,,,,,
0.006429322,0.0,1.0298884,0.4360717,500.0,5.0,20,50.0,0.62392724,-8.144016,-77.57657,-122.19446,4.4911966,-6.247286,300.23987,0.0,0.44910514,0.44910514,9.6784934e-05,0.0003,23.085613,0.008798096752166747,1564.8360800743103,165000,,,,,,,,,,,,,,,,,,,,,,
0.010958671,0.0,1.0593133,0.4330515,500.0,5.0,20,50.0,0.5508141,-11.669846,-80.16546,-116.77432,7.0458975,-6.5416026,340.94934,0.0,0.45873722,0.45873722,9.6503034e-05,0.0003,23.498634,0.008733579826354981,1608.504222393036,170000,,,,,,,,,,,,,,,,,,,,,,
0.007966068,0.0,1.0033337,0.4340652,500.0,5.0,20,50.0,0.44814056,0.12321064,-77.517265,-98.75492,5.2676396,-4.625422,273.56168,0.0,0.43551224,0.43551224,9.62098e-05,0.0003,22.231718,0.008870835447311402,1652.8586523532867,175000,,,,,,,,,,,,,,,,,,,,,,
0.0068871016,0.0,0.86802703,0.4351174,500.0,5.0,20,50.0,0.5730335,-0.23133817,-77.496826,-114.790115,5.3188047,-5.8237667,269.56897,0.0,0.37769365,0.37769365,9.59053e-05,0.0003,19.464602,0.009391699028015137,1699.8174138069153,180000,,,,,,,,,,,,,,,,,,,,,,
0.007602884,0.0,0.92550445,0.4289674,500.0,5.0,20,50.0,0.49700555,-28.414019,-79.63878,-99.127266,7.6591835,-6.2247233,290.42322,0.0,0.39701122,0.39701122,9.558961e-05,0.0003,20.35517,0.009129737949371337,1745.4663705825806,185000,,,,,,,,,,,,,,,,,,,,,,
0.010330616,0.0,1.0558537,0.42538378,500.0,5.0,20,50.0,1.0560205,-26.776058,-76.4232,-99.124886,5.755042,-6.6327147,311.46545,0.0,0.44914305,0.44914305,9.526282e-05,0.0003,23.523504,0.008962371349334718,1790.2784931659698,190000,,,,,,,,,,,,,,,,,,,,,,
0.0076017166,0.0,1.0740616,0.42153707,500.0,5.0,20,50.0,0.41835877,0.31687373,-77.6886,-99.038605,5.746721,-7.290081,319.37305,0.0,0.4527568,0.4527568,9.4925024e-05,0.0003,23.0638,0.008931962871551513,1834.9385595321655,195000,,,,,,,,,,,,,,,,,,,,,,
0.0060633714,0.0,1.0598822,0.4172217,500.0,5.0,20,50.0,0.54560214,-5.1616383,-75.8979,-99.126434,7.5848346,-5.004145,314.92236,0.0,0.44220585,0.44220585,9.457632e-05,0.0003,22.661959,0.009094721746444703,1880.4124238491058,200000,,,,,,,,,,,,,,,,,,,,,,
0.008479661,0.0,1.0444221,0.41861197,500.0,5.0,20,50.0,0.39008754,-8.327712,-80.68304,-98.8251,6.138843,-6.2990527,283.8561,0.0,0.43720764,0.43720764,9.42168e-05,0.0003,22.25895,0.021245646476745605,1986.6408627033234,205000,,,,,,,,,,,,,,,,,,,,,,
0.0065831663,0.0,0.9259663,0.42458558,500.0,5.0,20,50.0,0.360549,-1.8040272,-79.2121,-103.249504,5.6166587,-5.7357,288.2401,0.0,0.3931519,0.3931519,9.384654e-05,0.0003,20.024727,0.008640614795684814,2029.8441400527954,210000,,,,,,,,,,,,,,,,,,,,,,
0.008343829,0.0,1.0334224,0.417202,500.0,5.0,20,50.0,0.5128684,-6.8902154,-74.6519,-101.45992,7.055313,-7.5906353,292.77396,0.0,0.43114585,0.43114585,9.346567e-05,0.0003,22.078505,0.008887107849121095,2074.279860496521,215000,,,,,,,,,,,,,,,,,,,,,,
0.007899417,0.0,0.93940854,0.41830322,500.0,5.0,20,50.0,0.83802235,-4.52501,-76.40102,-99.09825,5.8918304,-5.494294,276.7271,0.0,0.39295763,0.39295763,9.30743e-05,0.0003,20.493803,0.008627872848510743,2117.4194192886353,220000,,,,,,,,,,,,,,,,,,,,,,
0.0073224716,0.0,1.0477673,0.4197085,500.0,5.0,20,50.0,0.402636,-10.190911,-79.180214,-98.90597,6.088859,-5.2695417,296.51392,0.0,0.4397568,0.4397568,9.267249e-05,0.0003,22.397799,0.008332870960235595,2159.083941221237,225000,,,,,,,,,,,,,,,,,,,,,,
0.007306874,0.0,1.0260899,0.42183495,500.0,5.0,20,50.0,0.373784,0.20570068,-77.705826,-99.11288,6.1328,-4.703081,273.54477,0.0,0.43284056,0.43284056,9.2260394e-05,0.0003,22.023117,0.00862824206352234,2202.2253324985504,230000,,,,,,,,,,,,,,,,,,,,,,
0.006976099,0.0,1.0290058,0.4165527,500.0,5.0,20,50.0,0.42218703,0.28446823,-76.097176,-98.94352,9.740581,-5.614915,317.61096,0.0,0.42863512,0.42863512,9.183811e-05,0.0003,21.860918,0.008352050924301148,2243.98575425148,235000,,,,,,,,,,,,,,,,,,,,,,
0.0064293193,0.0,0.9582182,0.4239063,500.0,5.0,20,50.0,0.27845976,-0.038776368,-76.88614,-98.753456,4.5141892,-4.837406,268.04156,0.0,0.40619475,0.40619475,9.1405775e-05,0.0003,20.594627,0.008291285848617554,2285.442353963852,240000,,,,,,,,,,,,,,,,,,,,,,
0.010158642,0.0,0.8985311,0.42215443,500.0,5.0,20,50.0,0.42430884,-10.240985,-75.90422,-98.82766,7.3598785,-4.438147,275.8886,0.0,0.3793189,0.3793189,9.0963455e-05,0.0003,19.400412,0.008351938962936402,2327.2022280693054,245000,,,,,,,,,,,,,,,,,,,,,,
0.007349326,0.0,0.990799,0.41689745,500.0,5.0,20,50.0,0.5465452,-1.0318882,-76.35773,-98.70967,5.5619383,-5.4190755,290.49014,0.0,0.4130616,0.4130616,9.051133e-05,0.0003,21.206974,0.008326797103881836,2368.8363811969757,250000,,,,,,,,,,,,,,,,,,,,,,
0.0062394217,0.0,0.9040696,0.41786844,500.0,5.0,20,50.0,0.6891453,-6.419151,-75.428444,-98.642815,5.8582783,-4.439955,290.80225,0.0,0.37778214,0.37778214,9.004948e-05,0.0003,19.584492,0.008369317483901977,2410.68314576149,255000,,,,,,,,,,,,,,,,,,,,,,
0.007934682,0.0,1.0184528,0.41746506,500.0,5.0,20,50.0,0.5761881,-18.730913,-75.81114,-98.8277,10.171297,-6.5327725,336.86646,0.0,0.42516842,0.42516842,8.9578054e-05,0.0003,21.842545,0.008465991497039796,2453.013281106949,260000,,,,,,,,,,,,,,,,,,,,,,
0.006390381,0.0,1.0490887,0.4144941,500.0,5.0,20,50.0,0.48079118,0.88967395,-76.5238,-98.5409,4.968874,-4.8607893,269.02496,0.0,0.4348411,0.4348411,8.909717e-05,0.0003,22.229235,0.00851258888244629,2495.5764009952545,265000,,,,,,,,,,,,,,,,,,,,,,
0.007863123,0.0,1.0494264,0.40897486,500.0,5.0,20,50.0,0.37585524,1.2826638,-76.24619,-98.83586,5.6482673,-5.598117,271.45972,0.0,0.42918903,0.42918903,8.860696e-05,0.0003,21.84317,0.008067412567138672,2535.913635492325,270000,,,,,,,,,,,,,,,,,,,,,,
0.0059711593,0.0,0.9547066,0.41121197,500.0,5.0,20,50.0,0.6026197,-1.2400641,-73.99972,-98.97149,4.936602,-4.2899685,265.3484,0.0,0.39258677,0.39258677,8.810758e-05,0.0003,20.23793,0.008288942527770996,2577.358510017395,275000,,,,,,,,,,,,,,,,,,,,,,
0.0069775535,0.0,0.897686,0.40328056,500.0,5.0,20,50.0,0.3922559,-0.43421316,-76.676575,-99.39344,5.281735,-5.4625893,264.70877,0.0,0.3620193,0.3620193,8.759914e-05,0.0003,18.500198,0.007818817615509033,2616.4527542591095,280000,,,,,,,,,,,,,,,,,,,,,,
0.00621727,0.0,1.0634005,0.4011099,500.0,5.0,20,50.0,0.45076072,-8.04797,-77.69855,-100.6569,7.222639,-7.958977,300.74817,0.0,0.4265405,0.4265405,8.708179e-05,0.0003,21.784002,0.007982685708999633,2656.366342306137,285000,,,,,,,,,,,,,,,,,,,,,,
0.005665065,0.0,0.9636933,0.40572724,500.0,5.0,20,50.0,0.45881915,0.33601058,-76.2206,-98.57198,5.3846354,-7.7689104,280.11713,0.0,0.3909966,0.3909966,8.655565e-05,0.0003,20.014313,0.00803439302444458,2696.5384685993195,290000,,,,,,,,,,,,,,,,,,,,,,
0.0073934067,0.0,1.0473572,0.4069217,500.0,5.0,20,50.0,0.29025552,-12.632593,-77.03856,-98.22608,5.3298116,-4.8963757,274.55246,0.0,0.42619237,0.42619237,8.602091e-05,0.0003,21.607267,0.008292575740814209,2738.001500606537,295000,,,,,,,,,,,,,,,,,,,,,,
0.008505275,0.0,0.9891725,0.40528736,500.0,5.0,20,50.0,0.47786304,-13.724553,-76.41432,-98.71694,10.314897,-8.700411,292.2569,0.0,0.40089908,0.40089908,8.547767e-05,0.0003,20.531322,0.007956382703781129,2777.7835710048676,300000,,,,,,,,,,,,,,,,,,,,,,
0.0057949107,0.0,1.023494,0.40823418,500.0,5.0,20,50.0,0.5003975,-15.294662,-77.074684,-99.44992,5.2621837,-8.308062,275.82394,0.0,0.41782522,0.41782522,8.49261e-05,0.0003,21.397455,0.019752005672454834,2876.5438673496246,305000,,,,,,,,,,,,,,,,,,,,,,
0.007838117,0.0,0.9125804,0.4091676,500.0,5.0,20,50.0,0.34537363,-8.168189,-76.9321,-98.776054,5.578865,-5.8748755,245.28249,0.0,0.3733983,0.3733983,8.436636e-05,0.0003,19.023127,0.00896078782081604,2921.348060131073,310000,,,,,,,,,,,,,,,,,,,,,,
0.0071502933,0.0,1.048592,0.40821758,500.0,5.0,20,50.0,0.2807554,-8.687243,-75.844406,-98.57954,4.4247036,-5.622619,258.28406,0.0,0.42805368,0.42805368,8.3798586e-05,0.0003,21.69059,0.009011559438705444,2966.4061183929443,315000,,,,,,,,,,,,,,,,,,,,,,
0.0067267045,0.0,0.90952754,0.406816,500.0,5.0,20,50.0,0.3777696,-9.882323,-77.54474,-98.76482,6.8965473,-4.460406,265.3084,0.0,0.37001038,0.37001038,8.322294e-05,0.0003,18.885015,0.008845600318908691,3010.634376525879,320000,,,,,,,,,,,,,,,,,,,,,,
0.005808974,0.0,0.8316793,0.40740284,500.0,5.0,20,50.0,0.33794945,-9.468609,-74.98308,-99.10614,5.407544,-4.6588254,255.09258,0.0,0.3388285,0.3388285,8.263957e-05,0.0003,17.285183,0.009028221321105957,3055.775736093521,325000,,,,,,,,,,,,,,,,,,,,,,
0.007980856,0.0,1.0232289,0.40622184,500.0,5.0,20,50.0,0.25428674,-8.567249,-79.314705,-98.6018,4.912297,-4.7590833,244.97153,0.0,0.4156579,0.4156579,8.2048646e-05,0.0003,21.045164,0.009153149652481079,3101.541729927063,330000,,,,,,,,,,,,,,,,,,,,,,
0.0054266425,0.0,0.9374557,0.40264317,500.0,5.0,20,50.0,0.35616344,0.64120793,-74.70248,-98.83251,6.179202,-7.2986317,270.4386,0.0,0.37746012,0.37746012,8.1450344e-05,0.0003,19.234596,0.00937113242149353,3148.3977386951447,335000,,,,,,,,,,,,,,,,,,,,,,
0.007575645,0.0,1.008686,0.40150252,500.0,5.0,20,50.0,0.56034434,-7.648064,-73.63228,-98.78923,5.180478,-6.936261,257.27603,0.0,0.40498996,0.40498996,8.0844795e-05,0.0003,20.81742,0.009331087636947632,3195.053395986557,340000,,,,,,,,,,,,,,,,,,,,,,
0.0073054917,0.0,1.0084419,0.39814827,500.0,5.0,20,50.0,0.3205409,-4.416807,-77.163055,-98.69739,7.8986588,-7.045466,280.92834,0.0,0.4015094,0.4015094,8.0232174e-05,0.0003,20.403316,0.009171095371246338,3240.909112930298,345000,,,,,,,,,,,,,,,,,,,,,,
0.0070411903,0.0,1.0375617,0.40237832,500.0,5.0,20,50.0,0.35569334,-1.9338287,-75.63933,-99.05764,5.582439,-8.000295,268.84677,0.0,0.41749233,0.41749233,7.961267e-05,0.0003,21.23735,0.008901142692565919,3285.4150652885437,350000,,,,,,,,,,,,,,,,,,,,,,
0.007566616,0.0,0.99433684,0.4046033,500.0,5.0,20,50.0,0.4237036,-12.4119,-76.91996,-98.9768,6.7118025,-8.787176,328.42178,0.0,0.40231198,0.40231198,7.898643e-05,0.0003,20.54687,0.009095667314529418,3330.893646001816,355000,,,,,,,,,,,,,,,,,,,,,,
0.0067643793,0.0,0.97508174,0.40697756,500.0,5.0,20,50.0,0.37388152,0.4944988,-75.403694,-99.00918,5.3890452,-5.3963346,251.58841,0.0,0.3968364,0.3968364,7.835362e-05,0.0003,20.222466,0.009212429332733155,3376.9560589790344,360000,,,,,,,,,,,,,,,,,,,,,,
0.0084224865,0.0,0.85284746,0.4024856,500.0,5.0,20,50.0,0.34024227,-6.4260902,-77.65394,-99.04917,5.059877,-6.266744,259.24286,0.0,0.34325883,0.34325883,7.7714445e-05,0.0003,17.511606,0.009438957929611205,3424.151086330414,365000,,,,,,,,,,,,,,,,,,,,,,
0.008127476,0.0,1.063554,0.39753264,500.0,5.0,20,50.0,0.27278298,-1.7974384,-73.76113,-99.03545,6.264931,-8.03411,292.06482,0.0,0.42279744,0.42279744,7.706907e-05,0.0003,21.420782,0.009130983924865723,3469.806244134903,370000,,,,,,,,,,,,,,,,,,,,,,
0.010043215,0.0,0.9441699,0.3975599,500.0,5.0,20,50.0,1.0416604,0.33384037,-76.15732,-98.44465,5.159498,-6.486217,326.37543,0.0,0.3753641,0.3753641,7.641764e-05,0.0003,19.81991,0.008643776941299438,3513.025363445282,375000,,,,,,,,,,,,,,,,,,,,,,
0.008157927,0.0,0.9514857,0.39933547,500.0,5.0,20,50.0,0.31988186,0.2607491,-74.67738,-98.82791,5.7286687,-5.879281,251.01056,0.0,0.379962,0.379962,7.5760356e-05,0.0003,19.32614,0.00907819004058838,3558.4165527820587,380000,,,,,,,,,,,,,,,,,,,,,,
0.0068386495,0.0,0.9266778,0.39904687,500.0,5.0,20,50.0,0.3301659,-2.0577931,-75.92801,-98.733025,6.307407,-6.6505036,251.53738,0.0,0.36978787,0.36978787,7.50974e-05,0.0003,18.826397,0.009249191188812256,3604.662746191025,385000,,,,,,,,,,,,,,,,,,,,,,
0.0067451335,0.0,0.9169278,0.39516473,500.0,5.0,20,50.0,0.29432613,0.18838549,-75.358505,-98.255806,5.486071,-4.709078,239.52673,0.0,0.36233753,0.36233753,7.442894e-05,0.0003,18.417948,0.009254195976257325,3650.9339706897736,390000,,,,,,,,,,,,,,,,,,,,,,
0.0077462797,0.0,1.0141468,0.39530247,500.0,5.0,20,50.0,0.33632824,-12.087214,-75.70484,-98.48895,7.5986342,-7.1200647,273.81323,0.0,0.40089476,0.40089476,7.375519e-05,0.0003,20.388813,0.009263361167907715,3697.25102353096,395000,,,,,,,,,,,,,,,,,,,,,,
0.007723222,0.0,1.0108063,0.39483765,500.0,5.0,20,50.0,0.31092507,0.589591,-75.59065,-98.82159,5.206349,-4.6076436,258.57928,0.0,0.39910442,0.39910442,7.30763e-05,0.0003,20.273869,0.009393579721450806,3744.219160079956,400000,,,,,,,,,,,,,,,,,,,,,,
0.005383416,0.0,1.0150603,0.3963605,500.0,5.0,20,50.0,0.3649793,-1.1986394,-73.995186,-99.23174,4.5014453,-4.4108067,259.98184,0.0,0.40232977,0.40232977,7.239246e-05,0.0003,20.486853,0.018366410303115845,3836.051351547241,405000,,,,,,,,,,,,,,,,,,,,,,
0.0090036765,0.0,0.90602225,0.3952402,500.0,5.0,20,50.0,0.29442886,-18.53871,-78.12267,-98.344185,5.741847,-6.138088,251.1372,0.0,0.35809642,0.35809642,7.170388e-05,0.0003,18.208254,0.008776150131225586,3879.9322743415833,410000,,,,,,,,,,,,,,,,,,,,,,
0.0060814703,0.0,0.9592045,0.3944228,500.0,5.0,20,50.0,0.43618044,-11.208471,-76.50188,-98.67723,3.5661368,-4.199419,234.2927,0.0,0.37833214,0.37833214,7.101073e-05,0.0003,19.35887,0.008724064588546753,3923.5527658462524,415000,,,,,,,,,,,,,,,,,,,,,,
0.006747956,0.0,0.91544956,0.39585206,500.0,5.0,20,50.0,0.2700884,0.35698777,-77.32152,-98.59175,4.721481,-4.376144,241.751,0.0,0.3623826,0.3623826,7.0313195e-05,0.0003,18.395966,0.008963221645355225,3968.3690416812897,420000,,,,,,,,,,,,,,,,,,,,,,
0.0056468537,0.0,0.8780548,0.39741632,500.0,5.0,20,50.0,0.8325757,-2.40366,-73.92244,-98.775826,5.8320537,-6.586793,286.14612,0.0,0.3489533,0.3489533,6.961148e-05,0.0003,18.285889,0.008671449899673462,4011.726460456848,425000,,,,,,,,,,,,,,,,,,,,,,
0.006682726,0.0,1.0138067,0.39470086,500.0,5.0,20,50.0,0.25961134,0.89760244,-75.71704,-99.025444,5.2943377,-4.881589,256.495,0.0,0.4001504,0.4001504,6.890576e-05,0.0003,20.273813,0.008758393144607544,4055.51860499382,430000,,,,,,,,,,,,,,,,,,,,,,
0.006522257,0.0,0.9133406,0.39237884,500.0,5.0,20,50.0,0.33376598,-7.940678,-76.73227,-98.796875,8.237416,-8.867378,275.8801,0.0,0.35837552,0.35837552,6.8196256e-05,0.0003,18.259064,0.009401436138153077,4102.52596783638,435000,,,,,,,,,,,,,,,,,,,,,,
0.0055082496,0.0,1.020405,0.39408055,500.0,5.0,20,50.0,0.29961994,-19.313946,-77.78487,-98.71014,4.29662,-5.916983,255.4076,0.0,0.40212178,0.40212178,6.748313e-05,0.0003,20.411217,0.008618480157852174,4145.618569135666,440000,,,,,,,,,,,,,,,,,,,,,,
0.009019039,0.0,0.9805651,0.39738044,500.0,5.0,20,50.0,0.23747882,0.17591533,-77.17317,-99.16765,6.1499887,-7.618044,254.82895,0.0,0.38965738,0.38965738,6.67666e-05,0.0003,19.729366,0.008517770957946777,4188.207582235336,445000,,,,,,,,,,,,,,,,,,,,,,
0.005012001,0.0,0.9067283,0.3999218,500.0,5.0,20,50.0,0.4265129,-12.072088,-77.86289,-98.33806,5.643168,-4.3820844,260.89374,0.0,0.36262044,0.36262044,6.604685e-05,0.0003,18.562546,0.008418268013000487,4230.299142360687,450000,,,,,,,,,,,,,,,,,,,,,,
0.008650373,0.0,1.0539521,0.39863417,500.0,5.0,20,50.0,0.48527482,-13.870245,-74.59213,-98.96193,5.663595,-4.5276723,269.83182,0.0,0.42014134,0.42014134,6.5324086e-05,0.0003,21.500992,0.008071850156784058,4270.658559322357,455000,,,,,,,,,,,,,,,,,,,,,,
0.00866371,0.0,0.9080582,0.39843798,500.0,5.0,20,50.0,0.5523237,-4.347254,-76.97687,-98.585556,7.14033,-6.437452,266.84424,0.0,0.36180487,0.36180487,6.4598484e-05,0.0003,18.651232,0.008542221498489379,4313.369889974594,460000,,,,,,,,,,,,,,,,,,,,,,
0.00872435,0.0,0.9475851,0.39231914,500.0,5.0,20,50.0,0.3223998,-17.22346,-75.57416,-98.91341,6.9672675,-5.811473,261.0586,0.0,0.37175578,0.37175578,6.387027e-05,0.0003,18.918913,0.008250655698776244,4354.623395681381,465000,,,,,,,,,,,,,,,,,,,,,,
0.0060637295,0.0,0.9381714,0.39248765,500.0,5.0,20,50.0,0.23113337,0.59248817,-77.694916,-99.293076,5.5719604,-5.713116,251.3875,0.0,0.3682207,0.3682207,6.3139625e-05,0.0003,18.648232,0.008070084524154662,4394.973979711533,470000,,,,,,,,,,,,,,,,,,,,,,
0.008441344,0.0,0.9831361,0.3909255,500.0,5.0,20,50.0,0.46281534,-6.8307467,-74.974144,-99.35305,6.430375,-4.6216774,274.17038,0.0,0.38433295,0.38433295,6.2406754e-05,0.0003,19.687904,0.007839698457717896,4434.17268538475,475000,,,,,,,,,,,,,,,,,,,,,,
0.007267303,0.0,0.9971836,0.38914254,500.0,5.0,20,50.0,0.895417,-0.5889237,-74.89201,-99.02481,8.715008,-6.136744,353.26953,0.0,0.38804656,0.38804656,6.167186e-05,0.0003,20.305014,0.007653951501846314,4472.442622900009,480000,,,,,,,,,,,,,,,,,,,,,,
0.0075053303,0.0,0.99127495,0.3839778,500.0,5.0,20,50.0,0.22698724,0.5208942,-77.385254,-98.60919,6.4268546,-6.864719,264.2952,0.0,0.38062757,0.38062757,6.093515e-05,0.0003,19.265871,0.007595621967315674,4510.4209043979645,485000,,,,,,,,,,,,,,,,,,,,,,
0.0060987854,0.0,1.0517014,0.38233152,500.0,5.0,20,50.0,0.32162157,-10.554101,-73.98796,-98.658936,5.9024806,-7.802636,266.14313,0.0,0.4020986,0.4020986,6.0196806e-05,0.0003,20.43265,0.007588142108917236,4548.361827135086,490000,,,,,,,,,,,,,,,,,,,,,,
0.008392295,0.0,0.9511249,0.38263687,500.0,5.0,20,50.0,0.37582704,-13.967277,-76.02816,-99.0259,3.4312308,-9.05841,249.57047,0.0,0.36393547,0.36393547,5.945705e-05,0.0003,18.580994,0.007473133182525635,4585.727659225464,495000,,,,,,,,,,,,,,,,,,,,,,
0.006316837,0.0,,,,,,,0.33296275,-0.24720539,-75.54169,-98.74691,0.5840017,-0.48575187,20.104214,,,,,,0.38665578,0.012128306245803832,4646.36919593811,500000,0.70703125,0.1352539,0.043991804,0.053693015,0.6378119,0.006316837,-75.58597,0.0033843748,0.0,0.22248472,0.22248472,0.1,1.0,0.0018306045,0.5703806,-77.887856,,,,,,
0.0001533209,0.0,,,,,,,0.5140768,-3.1679277,-76.286896,-98.64624,0.7538618,-0.6666254,38.484653,,,,,,0.63626206,0.027540830230712892,4784.073352098465,505000,0.05078125,0.0063476562,0.113753535,0.12218526,0.115516186,0.0001533209,-76.24977,0.00827841,0.0,0.19772077,0.19772077,0.1,1.0,0.0017993753,0.61598563,-76.7652,,,,,,
0.00011310412,0.0,,,,,,,0.31069648,-12.036737,-78.95416,-99.013016,0.4147985,-0.28249076,24.543129,,,,,,0.36959305,0.015817742729187012,4863.16207075119,510000,0.05078125,0.0063476562,0.04977686,0.058896568,0.08327973,0.00011310412,-78.91273,0.009006603,0.0,0.21752375,0.21752375,0.1,1.0,0.0033405507,0.5912211,-75.19537,,,,,,
0.000107262866,0.0,,,,,,,0.2116768,-10.830741,-79.753815,-98.623405,0.20714477,-0.27682337,10.961206,,,,,,0.24649586,0.01580441164970398,4942.184134244919,515000,0.03125,0.00390625,0.02657783,0.03481905,0.09048271,0.000107262866,-79.74376,0.008133959,0.0,0.21589355,0.21589355,0.1,1.0,0.0052323584,0.5960079,-74.32397,,,,,,
0.00013109884,0.0,,,,,,,1.800379,-0.18775475,-77.99422,-99.16387,1.302104,-1.2691642,50.637383,,,,,,1.912121,0.01577421040534973,5021.055189847946,520000,0.06640625,0.008300781,0.10420978,0.11174199,0.06725764,0.00013109884,-78.02265,0.007401108,0.0,0.18137904,0.18137904,0.1,1.0,0.0031095543,0.59889054,-78.37433,,,,,,
9.739731e-05,0.0,,,,,,,0.23760249,-14.762408,-79.47519,-98.65706,0.24653643,-0.1909771,15.25804,,,,,,0.32102287,0.015805059576034546,5100.080492019653,525000,0.05078125,0.0073242188,0.07605382,0.08342038,0.063887715,9.739731e-05,-79.469635,0.0072691664,0.0,0.15184763,0.15184763,0.1,1.0,0.0012717941,0.6019548,-81.03439,,,,,,
9.343063e-05,0.0,,,,,,,0.40356138,-3.8791485,-78.24031,-99.00845,0.4619699,-0.24580693,19.218618,,,,,,0.4555992,0.015859534120559692,5179.378167390823,530000,0.04296875,0.0053710938,0.043678753,0.052037813,0.13013434,9.343063e-05,-78.15126,0.008265628,0.0,0.19192128,0.19192128,0.1,1.0,0.002950644,0.6014688,-77.14952,,,,,,
3.1592557e-05,0.0,,,,,,,0.5165425,-13.677248,-77.67067,-98.96908,0.69943774,-0.6111184,26.051067,,,,,,0.58585405,0.015850549602508545,5258.630926609039,535000,0.0390625,0.0053710938,0.05921186,0.06931157,0.010894418,3.1592557e-05,-77.591,0.010068117,0.0,0.2201294,0.2201294,0.1,1.0,0.0032960991,0.5487113,-78.13636,,,,,,
6.9992966e-05,0.0,,,,,,,0.2763114,1.8588299,-77.119125,-99.19874,0.3482571,-0.39258882,14.962246,,,,,,0.30861846,0.0159127103805542,5338.194482326508,540000,0.04296875,0.0053710938,0.019369619,0.03230707,0.055485606,6.9992966e-05,-77.12865,0.012867458,0.0,0.2915895,0.2915895,0.1,1.0,0.0027818778,0.65272105,-79.16778,,,,,,
7.7036384e-05,0.0,,,,,,,0.5884793,0.112930685,-72.58949,-98.73379,0.5178163,-0.31667495,17.724705,,,,,,0.6448218,0.015728334140777588,5416.836157083511,545000,0.0625,0.0078125,0.04932629,0.05634252,0.023052812,7.7036384e-05,-72.55257,0.0069391937,0.0,0.4166096,0.4166096,0.1,1.0,0.004475627,0.6192368,-71.23473,,,,,,
0.00010516605,0.0,,,,,,,0.2761,0.08903876,-75.53409,-99.179214,0.28421062,-0.23885313,15.920157,,,,,,0.33140227,0.015794770193099977,5495.810012102127,550000,0.0625,0.0078125,0.04255224,0.055302255,0.036795974,0.00010516605,-75.499466,0.01264485,0.0,0.22994557,0.22994557,0.1,1.0,0.0022374573,0.57950544,-74.1855,,,,,,
0.00019654294,0.0,,,,,,,0.3555565,0.11975472,-75.73434,-99.086945,0.3832479,-0.32093063,17.922089,,,,,,0.42337468,0.01579893469810486,5574.804696083069,555000,0.10546875,0.013671875,0.060113266,0.0678182,0.06851733,0.00019654294,-75.70658,0.0075083864,0.0,0.2593698,0.2593698,0.1,1.0,0.009975576,0.5404235,-72.492065,,,,,,
0.00014676905,0.0,,,,,,,0.337609,0.23430711,-75.4236,-98.83649,0.29422438,-0.3183363,17.195265,,,,,,0.3757683,0.015785203647613526,5653.730728626251,560000,0.046875,0.005859375,0.029903602,0.038159326,0.0977993,0.00014676905,-75.42642,0.008108957,0.0,0.24327143,0.24327143,0.1,1.0,0.0025494175,0.59136444,-77.64628,,,,,,
0.00014578318,0.0,,,,,,,0.293516,-11.129856,-77.839066,-100.27334,0.37714434,-0.42636597,23.33157,,,,,,0.32908264,0.015779746246337892,5732.629472732544,565000,0.0546875,0.0068359375,0.025639538,0.03556663,0.079761386,0.00014578318,-77.82105,0.00978131,0.0,0.2594633,0.2594633,0.1,1.0,0.003416238,0.5713837,-73.298355,,,,,,
5.612598e-05,0.0,,,,,,,0.3388421,-5.6268764,-76.12697,-100.8297,0.27372107,-0.38009357,21.410353,,,,,,0.42179495,0.01579102668762207,5811.584611415863,570000,0.046875,0.005859375,0.07782499,0.082952864,0.017753363,5.612598e-05,-76.10593,0.0050717546,0.0,0.1806231,0.1806231,0.1,1.0,0.0024883016,0.59121996,-73.5136,,,,,,
0.00023193785,0.0,,,,,,,0.5371994,-0.03161764,-75.150894,-98.80471,0.53528607,-0.62730306,38.481598,,,,,,0.6875033,0.015799818801879882,5890.583709955215,575000,0.0625,0.008300781,0.14030337,0.15030392,0.14151251,0.00023193785,-75.149155,0.009768603,0.0,0.21385077,0.21385077,0.1,1.0,0.002801921,0.612069,-76.36658,,,,,,
9.461213e-05,0.0,,,,,,,0.40212315,-9.38447,-75.47075,-99.38968,0.18641208,-0.2879841,15.2716675,,,,,,0.46084255,0.015792071962356567,5969.544073104858,580000,0.05078125,0.0063476562,0.05013506,0.058719385,0.045891404,9.461213e-05,-75.47326,0.008489715,0.0,0.18119046,0.18119046,0.1,1.0,0.0014426771,0.5805328,-77.707054,,,,,,
0.00016608514,0.0,,,,,,,0.3114009,-12.662424,-75.59781,-100.293205,0.43187165,-0.3802331,21.229603,,,,,,0.45284057,0.01578495063781738,6048.468830347061,585000,0.0546875,0.0073242188,0.13636962,0.14143969,0.0939455,0.00016608514,-75.5901,0.0049039833,0.0,0.29904044,0.29904044,0.1,1.0,0.0024558352,0.5714931,-74.023575,,,,,,
6.2837964e-05,0.0,,,,,,,0.25127834,-6.2274895,-75.87605,-101.06074,0.32714468,-0.37844598,14.56127,,,,,,0.30959257,0.015785890007019042,6127.398285627365,590000,0.05078125,0.0063476562,0.05286228,0.058314227,0.022865295,6.2837964e-05,-75.89372,0.0053891083,0.0,0.15294357,0.15294357,0.1,1.0,0.0027115478,0.6139202,-73.52635,,,,,,
0.00016321125,0.0,,,,,,,0.3374349,-6.1706133,-75.49222,-101.706116,1.2070026,-1.0676619,43.029785,,,,,,0.5091653,0.015822722339630127,6206.511902809143,595000,0.046875,0.005859375,0.15577766,0.17173038,0.10557151,0.00016321125,-75.492355,0.01578951,0.0,0.3734786,0.3734786,0.1,1.0,0.0028180145,0.67088455,-72.52969,,,,,,
7.5256336e-05,0.0,,,,,,,0.2604977,-1.9351504,-74.29287,-98.86324,0.40191588,-0.23368755,15.999941,,,,,,0.29977286,0.015775356578826904,6285.388690233231,600000,0.0625,0.008300781,0.031302594,0.039275173,0.029995203,7.5256336e-05,-74.25887,0.007897326,0.0,0.26493245,0.26493245,0.1,1.0,0.002933493,0.57588845,-74.25206,,,,,,
4.311191e-05,0.0,,,,,,,0.27349105,-3.3637435,-76.92201,-99.07174,0.30312183,-0.31096232,15.817545,,,,,,0.3178998,0.024073979949951172,6405.758596897125,605000,0.04296875,0.0053710938,0.040381726,0.044408746,0.028901339,4.311191e-05,-76.9045,0.0039839065,0.0,0.17443776,0.17443776,0.1,1.0,0.0019468819,0.592867,-77.02498,,,,,,
0.0001401144,0.0,,,,,,,0.23452047,-16.276876,-74.91138,-98.89989,0.20014502,-0.22530434,11.656257,,,,,,0.30385467,0.015797664976119997,6484.746927976608,610000,0.0546875,0.0068359375,0.05811306,0.06933421,0.0626024,0.0001401144,-74.94675,0.0110810315,0.0,0.21236423,0.21236423,0.1,1.0,0.0026367484,0.6048164,-75.12654,,,,,,
0.00014798943,0.0,,,,,,,0.3284151,0.28918707,-73.68516,-98.76346,0.33068705,-0.32022175,14.202471,,,,,,0.35314733,0.015798138093948363,6563.737626314163,615000,0.05078125,0.0068359375,0.021184495,0.024732219,0.083859324,0.00014798943,-73.68779,0.0033997358,0.0,0.21432033,0.21432033,0.1,1.0,0.004073839,0.6083456,-70.451416,,,,,,
0.00015951367,0.0,,,,,,,0.26775807,-12.005822,-77.252266,-98.869225,0.2556734,-0.28906024,13.38969,,,,,,0.3045439,0.015808729982376098,6642.781282663345,620000,0.0703125,0.009277344,0.030999735,0.03678583,0.063317895,0.00015951367,-77.18735,0.0056265797,0.0,0.25588176,0.25588176,0.1,1.0,0.0015356508,0.59034634,-73.34516,,,,,,
0.00024232996,0.0,,,,,,,0.36402273,-15.687934,-76.206055,-98.89196,0.1935876,-0.5779568,14.690462,,,,,,0.40770143,0.01582733545303345,6721.917966365814,625000,0.08984375,0.01171875,0.037050087,0.043678712,0.09231877,0.00024232996,-76.174805,0.006386295,0.0,0.18196878,0.18196878,0.1,1.0,0.0034210782,0.543205,-74.128265,,,,,,
0.00014146895,0.0,,,,,,,0.27902898,-8.092508,-75.815895,-98.73332,0.41935614,-0.48518175,15.169793,,,,,,0.33341694,0.01586557412147522,6801.245843172073,630000,0.05859375,0.0073242188,0.0485177,0.05438795,0.06777251,0.00014146895,-75.82518,0.005728781,0.0,0.28803775,0.28803775,0.1,1.0,0.0024352502,0.6225574,-73.2083,,,,,,
0.0002522249,0.0,,,,,,,0.23295622,-12.726506,-76.53093,-100.22892,0.3069088,-0.34071407,11.957605,,,,,,0.2775194,0.015791035413742067,6880.201027393341,635000,0.0703125,0.009277344,0.03685195,0.044563178,0.094659805,0.0002522249,-76.48398,0.0074590035,0.0,0.28854045,0.28854045,0.1,1.0,0.0036049942,0.5574708,-77.00746,,,,,,
0.00016548584,0.0,,,,,,,0.2848901,-5.3243403,-76.79702,-102.62089,0.36601412,-0.26615632,12.999047,,,,,,0.33001634,0.015787324380874632,6959.137659549713,640000,0.08984375,0.011230469,0.03704164,0.045126252,0.088412404,0.00016548584,-76.783905,0.007919125,0.0,0.27482477,0.27482477,0.1,1.0,0.003096875,0.5601314,-73.13022,,,,,,
2.5804155e-05,0.0,,,,,,,0.28929394,-24.95597,-77.44206,-98.75665,0.17638423,-0.45169502,18.72916,,,,,,0.3269693,0.01578656997680664,7038.070515871048,645000,0.01953125,0.0024414062,0.033292398,0.037675347,0.027569056,2.5804155e-05,-77.426735,0.004357146,0.0,0.2587943,0.2587943,0.1,1.0,0.0037785182,0.5621206,-73.74307,,,,,,
0.00013171555,0.0,,,,,,,0.21814418,-9.590071,-73.93468,-98.8822,0.50320274,-0.6346703,22.912275,,,,,,0.29682043,0.01579679102897644,7117.054478168488,650000,0.0390625,0.0048828125,0.07421435,0.078676246,0.08705354,0.00013171555,-73.904785,0.004330178,0.0,0.18156186,0.18156186,0.1,1.0,0.0020946786,0.58555734,-75.821396,,,,,,
0.00014902651,0.0,,,,,,,0.31561804,0.044551775,-73.6349,-98.646164,0.3399813,-0.34534436,18.00977,,,,,,0.38298684,0.015701991319656373,7195.5644409656525,655000,0.06640625,0.008300781,0.061051287,0.06736881,0.07942629,0.00014902651,-73.62988,0.0061684987,0.0,0.26165032,0.26165032,0.1,1.0,0.004959682,0.55828005,-74.3481,,,,,,
0.0001009492,0.0,,,,,,,0.39716822,-12.202499,-75.66055,-98.75616,0.24942935,-0.4399671,16.734753,,,,,,0.44782263,0.015790235710144044,7274.5156264305115,660000,0.0625,0.0078125,0.04678177,0.050654422,0.033867955,0.0001009492,-75.62569,0.003771702,0.0,0.16594276,0.16594276,0.1,1.0,0.0026813638,0.55061376,-78.74513,,,,,,
0.00012272486,0.0,,,,,,,0.23524335,0.079366505,-76.75609,-98.46115,0.2830555,-0.23939854,12.002441,,,,,,0.2835044,0.015853675270080567,7353.784012079239,665000,0.0546875,0.0073242188,0.044626724,0.048261054,0.059180498,0.00012272486,-76.763504,0.003511603,0.0,0.18961385,0.18961385,0.1,1.0,0.0025216178,0.57530063,-70.22568,,,,,,
0.00014028157,0.0,,,,,,,0.30278403,-5.2364383,-75.06431,-98.742516,0.37957066,-0.3743545,18.9285,,,,,,0.38399062,0.015687008571624757,7432.2190618515015,670000,0.05078125,0.0063476562,0.07602765,0.0812066,0.1092304,0.00014028157,-75.050354,0.0050386707,0.0,0.1712786,0.1712786,0.1,1.0,0.0014743191,0.57540536,-77.4808,,,,,,
8.361123e-05,0.0,,,,,,,0.28052357,-13.254429,-75.08145,-97.95846,0.27233738,-0.49374348,14.33348,,,,,,0.31378248,0.01575214776992798,7510.979806184769,675000,0.05078125,0.0063476562,0.02792219,0.03325892,0.07869196,8.361123e-05,-74.96922,0.0052531185,0.0,0.15957125,0.15957125,0.1,1.0,0.0020012397,0.5918871,-77.65516,,,,,,
0.00010504923,0.0,,,,,,,0.29672498,-19.440575,-76.660034,-98.71983,0.7681341,-0.90100527,51.012997,,,,,,0.45209828,0.01579215817451477,7589.940608501434,680000,0.05078125,0.0063476562,0.14989215,0.1553733,0.0594393,0.00010504923,-76.62383,0.005376097,0.0,0.21751001,0.21751001,0.1,1.0,0.0019917767,0.5550433,-78.37413,,,,,,
8.6479355e-05,0.0,,,,,,,0.27934623,-10.507453,-75.21696,-99.041534,0.40580297,-0.34922367,14.730408,,,,,,0.3495334,0.015792840003967284,7668.904814004898,685000,0.046875,0.005859375,0.062142164,0.070187174,0.07181609,8.6479355e-05,-75.173294,0.007958532,0.0,0.1676839,0.1676839,0.1,1.0,0.0013222262,0.6030284,-78.06395,,,,,,
6.401789e-05,0.0,,,,,,,0.27573097,-0.0130432695,-74.88055,-99.11068,0.19417472,-0.33154526,13.348905,,,,,,0.32566282,0.015867613649368287,7748.242888450623,690000,0.0625,0.0078125,0.042347845,0.049931854,0.026265979,6.401789e-05,-74.83101,0.0075199916,0.0,0.2281496,0.2281496,0.1,1.0,0.00247898,0.6341378,-75.48727,,,,,,
8.295616e-05,0.0,,,,,,,0.1857821,-0.16109431,-75.78504,-99.11321,0.5208498,-0.32227302,15.674703,,,,,,0.24507195,0.015803646230697632,7827.261125802994,695000,0.03515625,0.0043945312,0.052934073,0.05928985,0.096728206,8.295616e-05,-75.76152,0.0062728208,0.0,0.24410164,0.24410164,0.1,1.0,0.005677911,0.6073462,-73.08786,,,,,,
9.76217e-05,0.0,,,,,,,0.50463104,0.15870325,-72.22617,-103.91118,0.43464863,-0.50566053,20.721783,,,,,,0.5400749,0.015777617168426513,7906.149218082428,700000,0.05859375,0.0078125,0.02938611,0.035443816,0.036884665,9.76217e-05,-72.16239,0.0059600845,0.0,0.31635597,0.31635597,0.1,1.0,0.0026308335,0.6100205,-74.95044,,,,,,
7.926067e-05,0.0,,,,,,,0.2963537,-15.908638,-76.89307,-99.16144,0.35893682,-0.4487029,20.668169,,,,,,0.42739797,0.02383359956741333,8025.317222118378,705000,0.0625,0.0078125,0.12734766,0.13104427,0.044779897,7.926067e-05,-76.880875,0.0036173435,0.0,0.14229935,0.14229935,0.1,1.0,0.0014509553,0.58742994,-82.23036,,,,,,
0.00011613587,0.0,,,,,,,0.2984147,0.11889684,-74.430664,-98.92806,0.22940856,-0.2829052,16.44809,,,,,,0.34578365,0.015725012111663817,8103.942288398743,710000,0.0546875,0.0073242188,0.042236093,0.047368955,0.070744395,0.00011613587,-74.36127,0.0050167274,0.0,0.2822141,0.2822141,0.1,1.0,0.0027166777,0.5684355,-75.510605,,,,,,
0.00013974443,0.0,,,,,,,0.30478287,-4.9312096,-71.6696,-99.48376,0.2758651,-0.32249916,13.010549,,,,,,0.3430575,0.01586610369682312,8183.272813081741,715000,0.0625,0.008300781,0.033912987,0.03827466,0.0425725,0.00013974443,-71.610085,0.004221933,0.0,0.2394185,0.2394185,0.1,1.0,0.0028031208,0.57521176,-72.50399,,,,,,
0.00014116283,0.0,,,,,,,0.4803723,0.41275465,-74.9453,-100.54218,0.31147224,-0.23460801,13.85787,,,,,,0.5223676,0.0157746787071228,8262.146214723587,720000,0.04296875,0.0053710938,0.036448777,0.041995265,0.1311543,0.00014116283,-74.89024,0.0054053254,0.0,0.2219472,0.2219472,0.1,1.0,0.0023843278,0.59262216,-74.98012,,,,,,
6.0829625e-05,0.0,,,,,,,0.38036156,-7.918786,-76.25845,-99.39068,0.29173332,-0.20127079,17.800343,,,,,,0.43208995,0.015789396095275878,8341.093202829361,725000,0.05078125,0.0063476562,0.044705626,0.05172841,0.030099511,6.0829625e-05,-76.284294,0.0069619515,0.0,0.23739998,0.23739998,0.1,1.0,0.0034641437,0.582075,-75.417206,,,,,,
0.00014196569,0.0,,,,,,,0.18771982,-8.039049,-77.831345,-98.80301,0.13743748,-0.18922439,9.786968,,,,,,0.20138761,0.015763332080841064,8419.909870624542,730000,0.0625,0.0078125,0.009861689,0.01366779,0.09612906,0.00014196569,-77.84178,0.003664135,0.0,0.17260128,0.17260128,0.1,1.0,0.0024452934,0.6165612,-78.598495,,,,,,
0.00012181472,0.0,,,,,,,0.21099816,-18.274563,-74.553154,-99.25077,0.20418097,-0.2989775,11.700781,,,,,,0.23677278,0.01580217742919922,8498.920765161514,735000,0.0390625,0.0053710938,0.022349857,0.025774617,0.07880092,0.00012181472,-74.5164,0.0033029444,0.0,0.2214916,0.2214916,0.1,1.0,0.0025530541,0.5715333,-74.14317,,,,,,
7.811445e-05,0.0,,,,,,,0.26361865,0.25921428,-76.252594,-98.597725,0.42003298,-0.48597488,21.476204,,,,,,0.36048806,0.01577259497642517,8577.783746480942,740000,0.05859375,0.0073242188,0.09340003,0.09686941,0.030530334,7.811445e-05,-76.26275,0.0033912687,0.0,0.30468297,0.30468297,0.1,1.0,0.0049956953,0.56527174,-73.285416,,,,,,
0.00011236017,0.0,,,,,,,0.253465,-0.15124772,-75.63872,-98.97929,1.6839684,-1.8675115,58.204636,,,,,,0.3590279,0.015758913040161134,8656.57831788063,745000,0.06640625,0.0087890625,0.09928366,0.10556289,0.041720986,0.00011236017,-75.72429,0.006166869,0.0,0.36323577,0.36323577,0.1,1.0,0.038110096,0.5764901,-73.17639,,,,,,
0.00010461954,0.0,,,,,,,0.23744254,-0.09771748,-75.15905,-98.59787,0.32972834,-0.14506844,13.501308,,,,,,0.29841238,0.015783090209960937,8735.493775844574,750000,0.06640625,0.008300781,0.05670896,0.060969844,0.032325268,0.00010461954,-75.174675,0.004156261,0.0,0.24497402,0.24497402,0.1,1.0,0.0022255077,0.5986761,-80.470085,,,,,,
7.805758e-05,0.0,,,,,,,0.21488214,-0.109623775,-74.9937,-103.89962,0.30048072,-0.16494197,15.023351,,,,,,0.26450264,0.015777436304092406,8814.380963802338,755000,0.03125,0.00390625,0.04564075,0.049620524,0.06679261,7.805758e-05,-74.956894,0.0039017154,0.0,0.19875668,0.19875668,0.1,1.0,0.0023233402,0.5708694,-75.80977,,,,,,
8.314039e-05,0.0,,,,,,,0.27992702,0.30200183,-73.77989,-98.456314,0.27854234,-0.3324461,16.762272,,,,,,0.40190807,0.015774340677261352,8893.252671957016,760000,0.0390625,0.0053710938,0.11559762,0.12198106,0.035449147,8.314039e-05,-73.75399,0.0063002994,0.0,0.24973224,0.24973224,0.1,1.0,0.002048019,0.58642656,-77.75422,,,,,,
6.674143e-05,0.0,,,,,,,0.19847175,0.22645094,-75.154236,-98.53307,0.15794939,-0.22108854,9.795695,,,,,,0.22777487,0.015781495952606202,8972.160156726837,765000,0.03125,0.00390625,0.026846636,0.029303119,0.051796198,6.674143e-05,-75.123535,0.0023897411,0.0,0.18777838,0.18777838,0.1,1.0,0.011136732,0.5816745,-70.84497,,,,,,
9.018683e-05,0.0,,,,,,,0.32429612,0.16085136,-74.35091,-99.38616,0.48220047,-0.82169986,17.29674,,,,,,0.37057778,0.01576464719772339,9050.983397722244,770000,0.0546875,0.0068359375,0.04175905,0.046281658,0.027156591,9.018683e-05,-74.347595,0.0044324226,0.0,0.23716442,0.23716442,0.1,1.0,0.014922817,0.568701,-72.1503,,,,,,
0.00012703653,0.0,,,,,,,0.22621419,0.030615613,-73.14949,-98.6875,0.28812113,-0.26591295,15.127964,,,,,,0.26995775,0.0156918447971344,9129.442630529404,775000,0.04296875,0.0053710938,0.04068674,0.043743555,0.07867658,0.00012703653,-73.089905,0.0029297755,0.0,0.24224928,0.24224928,0.1,1.0,0.0027370695,0.55274636,-72.03781,,,,,,
0.00015433057,0.0,,,,,,,0.2514662,-11.130532,-75.94091,-98.62942,0.32374635,-0.18287484,14.859234,,,,,,0.31904066,0.015762412643432616,9208.254698753357,780000,0.0390625,0.0048828125,0.06455873,0.06757445,0.22765958,0.00015433057,-75.91133,0.0028613894,0.0,0.2075555,0.2075555,0.1,1.0,0.0030113002,0.59088475,-74.89047,,,,,,
6.410014e-05,0.0,,,,,,,0.3062303,-7.386719,-75.51651,-101.70331,1.0359784,-1.5840898,24.693087,,,,,,0.4003874,0.015810390853881837,9287.306661367416,785000,0.03515625,0.0043945312,0.08909026,0.09415709,0.03829968,6.410014e-05,-75.49392,0.0050027343,0.0,0.34371126,0.34371126,0.1,1.0,0.0023104502,0.6260125,-72.831406,,,,,,
8.6170214e-05,0.0,,,,,,,0.192285,0.45852697,-74.08731,-98.71901,0.44183958,-0.14307086,15.026209,,,,,,0.23841314,0.015783033895492554,9366.221837043762,790000,0.0546875,0.0078125,0.041525185,0.046128143,0.059334755,8.6170214e-05,-74.01312,0.004516788,0.0,0.3233593,0.3233593,0.1,1.0,0.0031563318,0.6419145,-74.13472,,,,,,
4.5722292e-05,0.0,,,,,,,0.24095851,-5.647344,-75.222916,-98.52469,0.28191993,-0.29862392,13.779335,,,,,,0.3101861,0.015783959245681763,9445.141639947891,795000,0.0234375,0.0029296875,0.06635259,0.069227576,0.035879612,4.5722292e-05,-75.13223,0.0028292635,0.0,0.18812832,0.18812832,0.1,1.0,0.0032252432,0.62227416,-74.3443,,,,,,
6.981712e-05,0.0,,,,,,,0.2205601,-7.9741855,-74.64932,-99.37356,0.3344019,-0.4074053,17.025122,,,,,,0.2999675,0.015806478548049927,9524.174039125443,800000,0.03125,0.00390625,0.07586131,0.079407394,0.073721886,6.981712e-05,-74.66344,0.003476262,0.0,0.30989605,0.30989605,0.1,1.0,0.004014468,0.562879,-71.48608,,,,,,
7.795729e-05,0.0,,,,,,,0.3096112,-5.3979983,-73.70444,-98.666145,0.2703294,-0.21126848,17.43507,,,,,,0.3669259,0.024288683795928957,9645.617465496063,805000,0.05859375,0.0073242188,0.05347638,0.057314694,0.032899857,7.795729e-05,-73.676384,0.0037603588,0.0,0.26239204,0.26239204,0.1,1.0,0.0025109127,0.60459405,-71.92285,,,,,,
8.402526e-05,0.0,,,,,,,0.21711852,-2.8923945,-74.65375,-98.19103,0.21901941,-0.3041222,15.251255,,,,,,0.28146026,0.015793734788894655,9724.586146593094,810000,0.0390625,0.0048828125,0.059010036,0.06434174,0.06535363,8.402526e-05,-74.672485,0.0052476767,0.0,0.2759714,0.2759714,0.1,1.0,0.004313429,0.5299177,-73.22154,,,,,,
9.835482e-05,0.0,,,,,,,0.20016643,-0.032051966,-75.33216,-98.523964,0.37490016,-0.44590452,16.93636,,,,,,0.25627694,0.015831388998031617,9803.743099689484,815000,0.06640625,0.008300781,0.05359534,0.05611051,0.073488235,9.835482e-05,-75.31538,0.0024168128,0.0,0.18970639,0.18970639,0.1,1.0,0.0019037332,0.6058906,-79.519646,,,,,,
6.4051885e-05,0.0,,,,,,,0.25394854,-3.7200432,-74.6176,-98.99424,0.2818583,-0.29066432,18.64629,,,,,,0.2853932,0.0157202627658844,9882.344420671463,820000,0.04296875,0.0063476562,0.027872462,0.03144466,0.058740854,6.4051885e-05,-74.52118,0.0035081462,0.0,0.33225262,0.33225262,0.1,1.0,0.0026685842,0.5727861,-76.39348,,,,,,
8.587685e-05,0.0,,,,,,,0.27850366,0.05656439,-75.29256,-98.07302,0.42580545,-0.4587144,24.741352,,,,,,0.37413728,0.015796056032180785,9961.324707508087,825000,0.0546875,0.0068359375,0.08948901,0.09563361,0.032492995,8.587685e-05,-75.25925,0.0060587195,0.0,0.20149857,0.20149857,0.1,1.0,0.0035086,0.5861,-73.99948,,,,,,
5.9607206e-05,0.0,,,,,,,0.2592526,-12.4773,-74.64201,-100.04499,0.34325004,-0.39015436,26.04657,,,,,,0.39312142,0.01580060305595398,10040.327729225159,830000,0.04296875,0.0063476562,0.12993053,0.13386883,0.027145505,5.9607206e-05,-74.673904,0.0038786945,0.0,0.25175363,0.25175363,0.1,1.0,0.0034037945,0.5389055,-71.01585,,,,,,
6.114616e-05,0.0,,,,,,,0.39249453,-10.019421,-73.75105,-100.23664,0.23152088,-0.27560392,12.724844,,,,,,0.43640512,0.015777473068237305,10119.21510052681,835000,0.05078125,0.0068359375,0.04049228,0.04391058,0.020875096,6.114616e-05,-73.76613,0.003357152,0.0,0.36064324,0.36064324,0.1,1.0,0.0049619866,0.615614,-66.21743,,,,,,
0.00018106506,0.0,,,,,,,0.22181281,-0.011349827,-74.1942,-98.50389,0.2449761,-0.2000545,12.6096115,,,,,,0.26922387,0.015790683794021605,10198.16853094101,840000,0.06640625,0.0087890625,0.043522168,0.04741106,0.09845185,0.00018106506,-74.19403,0.003707829,0.0,0.23161179,0.23161179,0.1,1.0,0.0017076784,0.58027416,-77.83015,,,,,,
5.4074044e-05,0.0,,,,,,,0.2883953,-13.042803,-72.984474,-98.96082,0.25440213,-0.23213091,15.283856,,,,,,0.31806487,0.015778284978866578,10277.059962272644,845000,0.046875,0.005859375,0.027062051,0.029669581,0.027935863,5.4074044e-05,-72.95274,0.002553455,0.0,0.24734762,0.24734762,0.1,1.0,0.0027609998,0.6345873,-73.01402,,,,,,
9.9185505e-05,0.0,,,,,,,0.2390744,-9.52856,-71.78656,-98.57407,0.31054956,-0.3075895,15.083338,,,,,,0.3199985,0.01579165229797363,10356.018229961395,850000,0.0703125,0.0087890625,0.077861995,0.08092409,0.042339087,9.9185505e-05,-71.757614,0.002962918,0.0,0.2340844,0.2340844,0.1,1.0,0.0032635152,0.6187533,-68.33534,,,,,,
5.199475e-05,0.0,,,,,,,0.24354964,-9.99574,-73.23857,-98.55183,0.29358515,-0.2562297,12.57612,,,,,,0.29220283,0.01579003777503967,10434.968425512314,855000,0.0390625,0.0048828125,0.04601076,0.048653178,0.04190731,5.199475e-05,-73.22073,0.0025904253,0.0,0.22892606,0.22892606,0.1,1.0,0.0013255735,0.6140599,-77.949486,,,,,,
5.3649128e-05,0.0,,,,,,,0.2178474,-0.04299806,-73.87407,-98.25011,0.8022978,-0.80918205,31.578495,,,,,,0.30687475,0.015806040287017823,10513.998642206192,860000,0.0390625,0.0048828125,0.085719965,0.08902735,0.030728579,5.3649128e-05,-73.878235,0.0032537393,0.0,0.2345222,0.2345222,0.1,1.0,0.0032166247,0.5946995,-68.18898,,,,,,
6.650487e-05,0.0,,,,,,,0.2326273,0.6220342,-74.88397,-100.19714,0.8278113,-0.86835605,46.15206,,,,,,0.35433456,0.01578597159385681,10592.928506612778,865000,0.04296875,0.005859375,0.1126389,0.12170726,0.046484828,6.650487e-05,-74.86859,0.009001856,0.0,0.27950203,0.27950203,0.1,1.0,0.020980619,0.5561059,-76.31435,,,,,,
0.00010411022,0.0,,,,,,,0.19960316,0.16824757,-72.796326,-99.293495,0.21127652,-0.21492258,12.473516,,,,,,0.24244398,0.01570891079902649,10671.473068237305,870000,0.0546875,0.0068359375,0.040114876,0.04284082,0.043414712,0.00010411022,-72.80377,0.0026218323,0.0,0.20777169,0.20777169,0.1,1.0,0.0027489243,0.59565246,-75.246574,,,,,,
0.00011118577,0.0,,,,,,,0.25816247,-7.8531733,-72.19252,-98.63104,0.26311827,-0.21592441,10.572666,,,,,,0.3219357,0.01579407796859741,10750.44346499443,875000,0.06640625,0.008300781,0.058284,0.06377323,0.03473866,0.00011118577,-72.15294,0.005378042,0.0,0.40253502,0.40253502,0.1,1.0,0.0032260017,0.54644334,-71.05086,,,,,,
2.022786e-05,0.0,,,,,,,0.19557063,-11.648466,-74.48536,-98.35586,0.22074951,-0.21438995,10.656612,,,,,,0.26717898,0.015788829755783083,10829.387621879578,880000,0.02734375,0.0034179688,0.06919211,0.07160836,0.016561866,2.022786e-05,-74.47218,0.0023960196,0.0,0.2725892,0.2725892,0.1,1.0,0.0034322883,0.56200343,-70.29867,,,,,,
6.6949986e-05,0.0,,,,,,,0.2217495,0.111091584,-73.31585,-98.64742,0.29144034,-0.1621217,13.010851,,,,,,0.26837873,0.01579966917037964,10908.385973453522,885000,0.0546875,0.0068359375,0.04245852,0.046629235,0.048529148,6.6949986e-05,-73.257,0.004103766,0.0,0.28884426,0.28884426,0.1,1.0,0.0024158524,0.59964764,-74.66901,,,,,,
0.00013159559,0.0,,,,,,,0.47108722,0.026250944,-73.89483,-98.99563,0.25636026,-0.27633405,16.065868,,,,,,0.5179453,0.015787794303894043,10987.324952363968,890000,0.0625,0.008300781,0.042594817,0.046858046,0.071382046,0.00013159559,-73.872246,0.004131633,0.0,0.25169146,0.25169146,0.1,1.0,0.002870562,0.5220534,-75.474884,,,,,,
5.0213595e-05,0.0,,,,,,,0.2511356,0.13938163,-71.387054,-99.388504,0.2484312,-0.24234724,20.403522,,,,,,0.31604773,0.015788763761520386,11066.268778324127,895000,0.0546875,0.0068359375,0.057407595,0.064912155,0.027728677,5.0213595e-05,-71.42621,0.0074543464,0.0,0.3088034,0.3088034,0.1,1.0,0.0044486383,0.60942155,-68.676544,,,,,,
5.4422067e-05,0.0,,,,,,,0.28689787,-11.791894,-74.15611,-98.92432,0.4985715,-0.3263719,15.139564,,,,,,0.31037223,0.01578044204711914,11145.170995235443,900000,0.046875,0.005859375,0.019904554,0.023474377,0.028662443,5.4422067e-05,-74.14961,0.003515401,0.0,0.14034721,0.14034721,0.1,1.0,0.003104232,0.55173993,-79.263275,,,,,,
6.302091e-05,0.0,,,,,,,0.17418757,0.21031043,-75.85507,-98.77102,0.3361844,-0.45632246,12.1856365,,,,,,0.20278254,0.024379859495162963,11267.070298910141,905000,0.0546875,0.0068359375,0.02519631,0.028594974,0.030184388,6.302091e-05,-75.83757,0.0033356443,0.0,0.17632966,0.17632966,0.1,1.0,0.0024705264,0.5704073,-76.221176,,,,,,
7.500913e-05,0.0,,,,,,,0.25748202,-7.519338,-73.762146,-98.51346,0.40037555,-0.2823064,18.990435,,,,,,0.2974438,0.015807369232177734,11346.107151269913,910000,0.046875,0.0063476562,0.033999868,0.039961778,0.034313202,7.500913e-05,-73.750244,0.0058869016,0.0,0.2962802,0.2962802,0.1,1.0,0.0027656187,0.5886355,-71.9679,,,,,,
9.921775e-05,0.0,,,,,,,0.24300967,0.10920444,-73.580696,-99.45407,0.18280886,-0.19694033,10.671534,,,,,,0.27149993,0.015822495222091674,11425.219635009766,915000,0.04296875,0.0053710938,0.025029268,0.028490247,0.06641543,9.921775e-05,-73.543144,0.003361762,0.0,0.20306814,0.20306814,0.1,1.0,0.0014317717,0.5868974,-79.49387,,,,,,
2.218748e-05,0.0,,,,,,,0.26566577,0.43603128,-73.61833,-98.68248,0.23474473,-0.20498541,12.58095,,,,,,0.29430676,0.015732728624343873,11503.883285284042,920000,0.03515625,0.0043945312,0.024983503,0.028640978,0.02915001,2.218748e-05,-73.61174,0.0036352864,0.0,0.23616248,0.23616248,0.1,1.0,0.0028545605,0.59113336,-72.99312,,,,,,
5.242933e-05,0.0,,,,,,,0.22362822,-6.1829724,-73.42272,-99.36823,0.6137322,-0.81107044,45.9831,,,,,,0.38998318,0.015899841403961182,11583.38249874115,925000,0.046875,0.005859375,0.16305473,0.16635495,0.030228257,5.242933e-05,-73.43805,0.0032477933,0.0,0.25276667,0.25276667,0.1,1.0,0.0025301084,0.57415307,-72.0468,,,,,,
5.8528618e-05,0.0,,,,,,,0.20030633,-1.4295322,-74.554886,-98.962074,0.2579078,-0.22280432,11.787172,,,,,,0.23223819,0.015819849824905394,11662.481755495071,930000,0.03125,0.00390625,0.029197818,0.03193186,0.084569335,5.8528618e-05,-74.5639,0.0026755123,0.0,0.16977288,0.16977288,0.1,1.0,0.0017007836,0.60254025,-76.790955,,,,,,
0.0001414229,0.0,,,,,,,0.26974484,0.32738167,-74.84662,-100.17122,0.4074999,-0.5287034,25.841955,,,,,,0.35823,0.01580645446777344,11741.514035224915,935000,0.06640625,0.008300781,0.08443488,0.08848514,0.07985592,0.0001414229,-74.84377,0.003908837,0.0,0.23126057,0.23126057,0.1,1.0,0.0032810222,0.4974774,-72.72587,,,,,,
8.638605e-05,0.0,,,,,,,0.24821538,-3.490855,-73.60746,-98.547386,0.40936217,-0.31571108,18.172935,,,,,,0.3131714,0.015805163860321044,11820.539861440659,940000,0.03515625,0.0043945312,0.06245295,0.064956,0.05881095,8.638605e-05,-73.58985,0.002416665,0.0,0.25884372,0.25884372,0.1,1.0,0.0031455099,0.51765585,-75.150955,,,,,,
0.00015817606,0.0,,,,,,,0.24369796,-26.214088,-74.96998,-99.04012,0.2260822,-0.23140393,14.477736,,,,,,0.3290001,0.015795829057693483,11899.519013404846,945000,0.05859375,0.0073242188,0.08200633,0.08530214,0.09038448,0.00015817606,-74.96711,0.0031376337,0.0,0.27963847,0.27963847,0.1,1.0,0.0025914516,0.5691896,-73.28808,,,,,,
5.9971935e-05,0.0,,,,,,,0.19516605,-12.622394,-73.538994,-99.242676,0.29306787,-0.18497866,12.983717,,,,,,0.24717432,0.01578222179412842,11978.43012881279,950000,0.0390625,0.0048828125,0.048798583,0.052008267,0.04165232,5.9971935e-05,-73.57881,0.0031497097,0.0,0.2499264,0.2499264,0.1,1.0,0.0034909793,0.59235156,-72.45822,,,,,,
5.883578e-05,0.0,,,,,,,0.1643674,0.05906163,-74.3154,-98.94202,0.26142973,-0.15840782,14.766628,,,,,,0.22992471,0.015791273403167723,12057.386502027512,955000,0.0546875,0.0073242188,0.06115117,0.065557316,0.04780054,5.883578e-05,-74.39865,0.0043473076,0.0,0.2528846,0.2528846,0.1,1.0,0.007922024,0.57638,-68.58473,,,,,,
3.2812473e-05,0.0,,,,,,,0.2424173,-3.2834878,-72.989975,-99.041275,0.20985049,-0.32497078,16.100704,,,,,,0.32801878,0.015799417018890382,12136.38359427452,960000,0.0390625,0.0048828125,0.08155802,0.085601464,0.015449047,3.2812473e-05,-73.00276,0.004010635,0.0,0.26873624,0.26873624,0.1,1.0,0.01857831,0.54363865,-69.72066,,,,,,
0.00013799896,0.0,,,,,,,0.21537088,-4.6241317,-75.64385,-98.7583,0.1237944,-0.43815714,12.079102,,,,,,0.24698612,0.015799364614486694,12215.38042473793,965000,0.06640625,0.008300781,0.028572062,0.031615242,0.057590008,0.00013799896,-75.60129,0.0029051793,0.0,0.24051343,0.24051343,0.1,1.0,0.0030264198,0.5445378,-72.73396,,,,,,
6.690476e-05,0.0,,,,,,,0.15382102,-0.050143957,-75.18817,-98.25404,0.16226104,-0.16059694,8.118332,,,,,,0.18102345,0.015786793661117553,12294.314400196075,970000,0.0390625,0.0048828125,0.02318472,0.027202422,0.04551363,6.690476e-05,-75.18872,0.003950796,0.0,0.2924105,0.2924105,0.1,1.0,0.0015740767,0.6094011,-74.94457,,,,,,
8.647918e-05,0.0,,,,,,,0.27820534,1.0016707,-73.728745,-98.82795,1.0172424,-1.1535002,40.46028,,,,,,0.34556213,0.01579279022216797,12373.278358221054,975000,0.0625,0.0078125,0.06507816,0.0673568,0.03448534,8.647918e-05,-73.71933,0.0021921613,0.0,0.16639969,0.16639969,0.1,1.0,0.018376378,0.58760047,-76.8846,,,,,,
8.295232e-05,0.0,,,,,,,0.2494285,-17.969666,-72.81842,-98.95053,0.31335622,-0.29960844,13.332201,,,,,,0.29754913,0.015781245183944703,12452.184590101242,980000,0.04296875,0.0053710938,0.036609247,0.04812062,0.08332348,8.295232e-05,-72.79457,0.011428421,0.0,0.34929013,0.34929013,0.1,1.0,0.0045734467,0.61501426,-71.528,,,,,,
0.00013249711,0.0,,,,,,,0.20533635,0.24082065,-74.42586,-99.25432,0.34353277,-0.17335518,13.030114,,,,,,0.22132921,0.01580071668624878,12531.188180685043,985000,0.046875,0.005859375,0.013902275,0.015992861,0.059797525,0.00013249711,-74.35628,0.0019580885,0.0,0.19799218,0.19799218,0.1,1.0,0.0028816294,0.5724849,-78.3869,,,,,,
7.004762e-05,0.0,,,,,,,0.25300556,0.11093415,-73.76681,-98.94482,0.4419774,-0.50849694,23.34066,,,,,,0.3231235,0.01581023654937744,12610.239369869232,990000,0.05078125,0.0068359375,0.06610832,0.07011795,0.031149983,7.004762e-05,-73.76472,0.0039395737,0.0,0.40837175,0.40837175,0.1,1.0,0.003186325,0.5967854,-69.14127,,,,,,
8.872303e-06,0.0,,,,,,,0.16643083,-0.050658375,-76.25542,-98.72344,0.96107686,-0.94978404,25.418503,,,,,,0.23211649,0.01579982542991638,12689.238503217697,995000,0.015625,0.001953125,0.06156805,0.06568566,0.008441806,8.872303e-06,-76.20126,0.0041087344,0.0,0.2659307,0.2659307,0.1,1.0,0.002625424,0.59064454,-76.779945,,,,,,
7.2126044e-05,0.0,,,,,,,0.18195422,-2.6193445,-74.22598,-99.10379,0.28691816,-0.3603017,15.623192,,,,,,0.25314057,0.015794078969955445,12768.208904027939,1000000,0.0390625,0.0053710938,0.06824078,0.071186356,0.048874497,7.2126044e-05,-74.14201,0.002873451,0.0,0.22787228,0.22787228,0.1,1.0,0.0018778555,0.6020944,-77.31829,,,,,,
8.5838896e-05,0.0,,,,,,,0.2523086,-0.13303515,-73.77778,-98.47953,0.5528745,-0.4429855,16.602697,,,,,,0.2916823,0.028253126430511474,12909.474547624588,1005000,0.046875,0.005859375,0.036768276,0.039373685,0.065730214,8.5838896e-05,-73.76662,0.0025195696,0.0,0.2018396,0.2018396,0.1,1.0,0.002357029,0.55122,-74.99167,4138.0,1.0,1.0,236.0,4.473607301712036,100.0
4.7053734e-05,0.0,,,,,,,0.17824906,-0.1325384,-73.28551,-99.26337,0.23970874,-0.13030894,12.819819,,,,,,0.2211829,0.019580606889724732,13007.377587080002,1010000,0.0390625,0.0048828125,0.040133506,0.042933833,0.04512608,4.7053734e-05,-73.212265,0.0027532738,0.0,0.27151346,0.27151346,0.1,1.0,0.0018426767,0.57674676,-74.69899,9787.0,0.0,0.0,1000.0,19.578487396240234,0.0
8.6798274e-05,0.0,,,,,,,0.19017749,0.13994892,-73.92558,-98.16661,0.22197242,-0.21548267,11.661585,,,,,,0.23027942,0.019579249811172487,13105.273844957352,1015000,0.05859375,0.0078125,0.037421685,0.040101923,0.042984366,8.6798274e-05,-73.962585,0.0025934405,0.0,0.22279781,0.22279781,0.1,1.0,0.0021586805,0.55451834,-72.8345,14305.0,0.0,0.0,1000.0,20.028383255004883,0.0
1.38246105e-05,0.0,,,,,,,0.27168316,-2.9578896,-74.36186,-98.2903,0.62345797,-0.6860569,16.61203,,,,,,0.32424515,0.019529657888412474,13202.922139644623,1020000,0.02734375,0.0034179688,0.04918011,0.052562013,0.011915922,1.38246105e-05,-74.43802,0.0033680794,0.0,0.16980833,0.16980833,0.1,1.0,0.0037261536,0.5368279,-79.77683,19658.0,1.0,1.0,570.0,10.82770586013794,100.0
4.884397e-05,0.0,,,,,,,0.19814827,-11.127368,-74.92924,-98.47735,0.2659558,-0.1887549,13.607847,,,,,,0.23831144,0.01942729778289795,13300.058632850647,1025000,0.04296875,0.0053710938,0.03820975,0.040163178,0.029179335,4.884397e-05,-74.98038,0.0019045826,0.0,0.22162959,0.22162959,0.1,1.0,0.0031508347,0.57472277,-73.26494,24888.0,0.0,0.0,1000.0,19.46401309967041,0.0
0.0001147117,0.0,,,,,,,0.18481603,-18.096613,-77.45979,-98.405655,0.32905015,-0.250132,14.4314785,,,,,,0.25439113,0.01939184913635254,13397.017883062363,1030000,0.05078125,0.0063476562,0.06655331,0.069575116,0.06984389,0.0001147117,-77.44371,0.0029070957,0.0,0.18303514,0.18303514,0.1,1.0,0.00244413,0.6388497,-77.07931,29949.0,1.0,1.0,307.0,5.76765775680542,100.0
0.0001092974,0.0,,,,,,,0.37407064,-0.20059723,-72.628815,-98.81717,0.28934532,-0.37281173,22.649294,,,,,,0.4803958,0.01943020920753479,13494.16893863678,1035000,0.05078125,0.0068359375,0.102947585,0.10632515,0.049001098,0.0001092974,-72.583115,0.0032682677,0.0,0.22866571,0.22866571,0.1,1.0,0.0031906436,0.5988332,-74.79794,34488.0,1.0,1.0,390.0,7.807963609695435,100.0
9.0423564e-05,0.0,,,,,,,2.522271,-1.6132517,-76.16048,-98.84339,5.994353,-9.337721,176.69725,,,,,,2.553405,0.019510893154144286,13591.72340965271,1040000,0.03515625,0.0043945312,0.027424354,0.031134065,0.099395156,9.0423564e-05,-76.16388,0.0036192862,0.0,0.18018132,0.18018132,0.1,1.0,0.0023119946,0.55735266,-75.98955,39955.0,0.0,0.0,1000.0,19.410046100616455,0.0
5.5872137e-05,0.0,,,,,,,0.34578156,-12.050335,-74.262985,-98.87702,1.0590585,-0.97627205,22.49962,,,,,,0.41210362,0.01938437829017639,13688.645305156708,1045000,0.03125,0.00390625,0.062250018,0.06632206,0.049791694,5.5872137e-05,-74.2303,0.004016168,0.0,0.21566236,0.21566236,0.1,1.0,0.0016971945,0.6036002,-83.97409,44167.0,1.0,1.0,291.0,5.497715473175049,100.0
5.2353425e-05,0.0,,,,,,,0.21896477,0.7230848,-74.92372,-98.443405,0.3343531,-0.37457025,20.928349,,,,,,0.27219424,0.01939610276222229,13785.62582373619,1050000,0.03125,0.00390625,0.050788827,0.053229462,0.034888864,5.2353425e-05,-74.93979,0.002388279,0.0,0.22959259,0.22959259,0.1,1.0,0.0025217463,0.64237505,-74.09965,49767.0,1.0,1.0,343.0,6.9407689571380615,100.0
1.0392978e-05,0.0,,,,,,,0.24591696,-18.719212,-77.78424,-98.857445,0.8618061,-0.58553535,15.851172,,,,,,0.29912633,0.019386706638336183,13882.559361219406,1055000,0.0234375,0.0029296875,0.049042348,0.053209364,0.0068508387,1.0392978e-05,-77.764725,0.004156623,0.0,0.26785484,0.26785484,0.1,1.0,0.0017121999,0.5660117,-77.109856,54935.0,1.0,1.0,254.0,4.794831037521362,100.0
0.00013497757,0.0,,,,,,,0.27076367,-3.5963585,-76.35425,-98.43656,0.7119806,-0.67792106,20.21761,,,,,,0.32346797,0.019431273078918457,13979.715731143951,1060000,0.0390625,0.0053710938,0.04579418,0.05270432,0.18250406,0.00013497757,-76.33939,0.0067751603,0.0,0.22599407,0.22599407,0.1,1.0,0.0131665375,0.56479806,-77.6613,59905.0,1.0,1.0,272.0,5.139166355133057,100.0
6.941549e-05,0.0,,,,,,,0.44722968,1.0403769,-75.63749,-98.755196,6.444374,-7.147137,99.742485,,,,,,0.49158558,0.019380749940872192,14076.619485378265,1065000,0.04296875,0.0053710938,0.04076851,0.044355907,0.05412221,6.941549e-05,-75.65483,0.003517976,0.0,0.2624557,0.2624557,0.1,1.0,0.008387494,0.6174451,-74.59143,64947.0,1.0,1.0,320.0,6.00385308265686,100.0
8.0502476e-05,0.0,,,,,,,0.29596475,-16.612265,-77.55895,-98.33785,0.45690832,-0.3932863,20.787556,,,,,,0.32399315,0.019513723278045653,14174.188108444214,1070000,0.05859375,0.0073242188,0.024018828,0.028028414,0.042627454,8.0502476e-05,-77.55177,0.0039290837,0.0,0.23674698,0.23674698,0.1,1.0,0.0030100653,0.55621624,-78.23978,69510.0,0.0,0.0,1000.0,19.444117069244385,0.0
0.00012385595,0.0,,,,,,,0.33226797,-8.451715,-75.75264,-98.106224,0.45612854,-0.48832694,22.199749,,,,,,0.39812914,0.019364360284805298,14271.009915590286,1075000,0.0703125,0.009277344,0.063957095,0.065861166,0.07340431,0.00012385595,-75.711395,0.0017802112,0.0,0.17964575,0.17964575,0.1,1.0,0.002916148,0.5456661,-78.05116,74891.0,0.0,0.0,1000.0,19.352297067642212,0.0
7.406616e-05,0.0,,,,,,,0.22518148,-19.342106,-77.75605,-98.52973,0.3086722,-0.3398905,20.321707,,,,,,0.27278662,0.019366904926300048,14367.844455957413,1080000,0.0390625,0.0048828125,0.044368453,0.04760515,0.054471493,7.406616e-05,-77.774864,0.0031626313,0.0,0.21396923,0.21396923,0.1,1.0,0.002410431,0.59213734,-79.155075,79776.0,1.0,1.0,458.0,9.192014217376709,100.0
6.973138e-05,0.0,,,,,,,0.28839505,-10.115417,-76.697014,-98.37216,0.6077453,-0.548928,15.75259,,,,,,0.3490728,0.01939188184738159,14464.803870677948,1085000,0.0390625,0.0048828125,0.058638908,0.060677756,0.037730694,6.973138e-05,-76.68268,0.0019691163,0.0,0.15229926,0.15229926,0.1,1.0,0.0042518564,0.60469514,-77.474594,84885.0,1.0,1.0,366.0,6.894129276275635,100.0
5.0513772e-05,0.0,,,,,,,0.15836574,-15.134672,-77.88829,-98.201126,0.9196838,-1.2103488,34.913185,,,,,,0.22103769,0.019413404369354247,14561.870898723602,1090000,0.0546875,0.0068359375,0.060606,0.06267195,0.023982048,5.0513772e-05,-77.866684,0.0020154412,0.0,0.20184016,0.20184016,0.1,1.0,0.0019877036,0.5899107,-75.70474,89988.0,1.0,1.0,264.0,4.971580743789673,100.0
0.000101609854,0.0,,,,,,,0.5943175,0.42675894,-77.43014,-98.60384,3.5496385,-4.7084208,61.142414,,,,,,0.62713075,0.019401019811630248,14658.876003980637,1095000,0.07421875,0.009277344,0.029667981,0.032813277,0.06799865,0.000101609854,-77.46129,0.0030436842,0.0,0.25861531,0.25861531,0.1,1.0,0.0042547113,0.6418435,-77.73536,94805.0,1.0,1.0,315.0,5.974381446838379,100.0
0.00012088602,0.0,,,,,,,1.055043,-7.4831085,-78.36209,-98.44183,9.380466,-7.931009,124.89966,,,,,,1.1467519,0.019391489601135254,14755.833457946777,1100000,0.0546875,0.0073242188,0.08725319,0.091708854,0.06297505,0.00012088602,-78.4021,0.004334781,0.0,0.23004654,0.23004654,0.1,1.0,0.0024647834,0.6029115,-78.442696,99797.0,0.0,0.0,1000.0,19.421643257141113,0.0
9.955256e-05,0.0,,,,,,,0.2812081,-17.494072,-78.489494,-98.42226,0.55542487,-0.5398425,19.761303,,,,,,0.33839828,0.025860904693603515,14885.137991189957,1105000,0.0625,0.0078125,0.05467651,0.057190172,0.08422351,9.955256e-05,-78.523254,0.0024141097,0.0,0.18651317,0.18651317,0.1,1.0,0.0018739386,0.5599016,-82.78226,104703.0,1.0,1.0,295.0,5.58039402961731,100.0
1.389347e-05,0.0,,,,,,,0.33918756,-16.878805,-76.11303,-98.828316,0.4065023,-0.37588146,22.607843,,,,,,0.40481806,0.019437376689910888,14982.324881076813,1110000,0.0234375,0.0029296875,0.060900144,0.0656305,0.0119313,1.389347e-05,-76.1178,0.004716466,0.0,0.14275411,0.14275411,0.1,1.0,0.0030304957,0.5816363,-77.89118,109156.0,1.0,1.0,572.0,11.280893802642822,100.0
5.2911986e-05,0.0,,,,,,,0.28997964,0.8786127,-77.126625,-98.3685,0.39366248,-0.39042333,17.78347,,,,,,0.3378689,0.019587650537490845,15080.2631483078,1115000,0.05859375,0.0078125,0.04420642,0.04788927,0.026799917,5.2911986e-05,-77.11711,0.003629939,0.0,0.28518152,0.28518152,0.1,1.0,0.0069862995,0.59487474,-73.180176,114942.0,1.0,1.0,272.0,5.638021945953369,100.0
3.55643e-05,0.0,,,,,,,0.63317025,-11.727272,-76.07736,-99.18959,1.0128,-0.9081518,39.23545,,,,,,0.70640457,0.019564961767196656,15178.087963819504,1120000,0.03515625,0.0043945312,0.06790614,0.07323432,0.020716429,3.55643e-05,-76.02041,0.0052926186,0.0,0.25480253,0.25480253,0.1,1.0,0.010139642,0.61354876,-73.85578,119859.0,1.0,1.0,320.0,6.0337975025177,100.0
9.165646e-05,0.0,,,,,,,0.38405722,0.19081184,-76.256256,-98.76024,0.80005234,-1.0455961,25.549334,,,,,,0.43420252,0.01945995078086853,15275.387723684311,1125000,0.05078125,0.0063476562,0.043815278,0.050145287,0.028583288,9.165646e-05,-76.35144,0.006238353,0.0,0.3175248,0.3175248,0.1,1.0,0.0025204741,0.57063854,-78.17542,124863.0,1.0,1.0,283.0,5.378641128540039,100.0
0.000106479274,0.0,,,,,,,0.30031446,-14.18202,-78.53163,-99.21537,0.48318872,-0.55826545,19.866627,,,,,,0.4545977,0.019465531635284423,15372.715387582779,1130000,0.0390625,0.0048828125,0.15050942,0.15428324,0.097272396,0.000106479274,-78.60336,0.0036673425,0.0,0.18213227,0.18213227,0.1,1.0,0.0015941887,0.59107447,-83.94793,129987.0,1.0,1.0,298.0,5.634259462356567,100.0
0.00016875053,0.0,,,,,,,0.16871491,-12.349524,-77.120544,-98.66787,0.23386304,-0.2520535,12.406441,,,,,,0.26131815,0.019508748960494995,15470.259138822556,1135000,0.0625,0.0087890625,0.090028465,0.09260325,0.10826242,0.00016875053,-77.10419,0.0024060355,0.0,0.12816145,0.12816145,0.1,1.0,0.0016585444,0.5783738,-80.974365,134962.0,1.0,1.0,248.0,4.676287412643433,100.0
7.315632e-05,0.0,,,,,,,0.48265427,0.403811,-77.65822,-98.72184,0.6505063,-0.9025177,21.175768,,,,,,0.5631003,0.019454711294174195,15567.532701969147,1140000,0.0390625,0.0048828125,0.07432103,0.080446005,0.07292616,7.315632e-05,-77.66707,0.006051815,0.0,0.21857812,0.21857812,0.1,1.0,0.0030997503,0.6481103,-75.85136,139877.0,1.0,1.0,222.0,4.720138788223267,100.0
6.8037014e-05,0.0,,,,,,,0.26603264,-2.5533066,-77.77132,-98.729935,0.1708099,-0.20191726,13.771883,,,,,,0.31910777,0.019466115617752074,15664.863286972046,1145000,0.0703125,0.009277344,0.049804993,0.053075127,0.026356578,6.8037014e-05,-77.775986,0.0032020952,0.0,0.17587937,0.17587937,0.1,1.0,0.0022293488,0.5691754,-80.93779,144884.0,1.0,1.0,299.0,6.142212629318237,100.0
5.3609547e-05,0.0,,,,,,,0.48700738,-2.8691754,-75.21245,-98.74936,1.0762653,-0.9282589,18.419046,,,,,,0.5220499,0.01947239832878113,15762.225285053253,1150000,0.05078125,0.0063476562,0.03210784,0.03504251,0.02187872,5.3609547e-05,-75.254,0.0028810576,0.0,0.20773724,0.20773724,0.1,1.0,0.0024618087,0.6039623,-76.586105,149567.0,1.0,1.0,316.0,5.962933540344238,100.0
2.4476321e-05,0.0,,,,,,,0.5159554,-4.573842,-76.25377,-98.61987,1.4596957,-1.1174316,32.850235,,,,,,0.5449586,0.019484728622436522,15859.648933649063,1155000,0.03125,0.00390625,0.026100272,0.029003195,0.016213655,2.4476321e-05,-76.280106,0.0028784466,0.0,0.1972811,0.1972811,0.1,1.0,0.0029179826,0.58233756,-79.1297,154151.0,1.0,1.0,330.0,6.236605882644653,100.0
0.00011387374,0.0,,,,,,,0.33822277,-6.7485757,-77.8241,-98.56271,0.46788594,-0.32995057,22.22224,,,,,,0.41654682,0.019464059162139894,15956.969235658646,1160000,0.06640625,0.008300781,0.0734048,0.078324035,0.045904875,0.00011387374,-77.78791,0.0048053623,0.0,0.20671795,0.20671795,0.1,1.0,0.0022019846,0.6614778,-79.54129,159831.0,1.0,1.0,237.0,4.982717037200928,100.0
5.322526e-05,0.0,,,,,,,0.3081931,-0.023505628,-76.35181,-99.349045,0.3005954,-0.35384017,19.41877,,,,,,0.36170167,0.019371700048446655,16053.827741622925,1165000,0.03515625,0.0043945312,0.049299516,0.05350858,0.039895058,5.322526e-05,-76.354576,0.004155835,0.0,0.21763176,0.21763176,0.1,1.0,0.0022226078,0.645995,-79.39557,164542.0,1.0,1.0,276.0,5.242796182632446,100.0
0.00015027146,0.0,,,,,,,0.4120997,-15.539683,-75.83487,-98.8513,0.738876,-0.74521786,21.275143,,,,,,0.46478468,0.0194938045501709,16151.296774148941,1170000,0.0390625,0.0048828125,0.04863793,0.05268499,0.08376527,0.00015027146,-75.86272,0.0038967892,0.0,0.22157894,0.22157894,0.1,1.0,0.0023974406,0.59747005,-74.4785,169698.0,1.0,1.0,244.0,4.616260290145874,100.0
0.000118974596,0.0,,,,,,,0.393962,-7.024212,-78.26796,-99.09352,1.2633775,-1.330839,44.88224,,,,,,0.45018706,0.01949699764251709,16248.781767606735,1175000,0.0546875,0.0068359375,0.053488083,0.05622505,0.04947579,0.000118974596,-78.2863,0.0026179915,0.0,0.15897697,0.15897697,0.1,1.0,0.0058074733,0.55962646,-78.05582,174532.0,1.0,1.0,235.0,5.000845909118652,100.0
7.405004e-05,0.0,,,,,,,0.35099906,-15.038399,-77.72926,-99.01939,0.41212216,-0.35668617,17.824287,,,,,,0.41187412,0.019351015996932983,16345.536854028702,1180000,0.05078125,0.0063476562,0.05753573,0.060875047,0.03319156,7.405004e-05,-77.739555,0.003265266,0.0,0.12691984,0.12691984,0.1,1.0,0.0013378505,0.6146019,-85.649506,179906.0,1.0,1.0,220.0,4.143359184265137,100.0
5.1769603e-05,0.0,,,,,,,0.4402588,-3.9243717,-74.97601,-99.493095,0.63504446,-0.85588366,27.170921,,,,,,0.49910384,0.019542674970626832,16443.250236034393,1185000,0.03515625,0.0043945312,0.05525379,0.058845058,0.0388757,5.1769603e-05,-74.9873,0.003539499,0.0,0.330402,0.330402,0.1,1.0,0.0037189876,0.60457265,-69.70018,184979.0,1.0,1.0,284.0,5.944703102111816,100.0
6.641133e-05,0.0,,,,,,,0.56414676,0.82577896,-75.944214,-99.26696,0.5682006,-0.69367164,21.016361,,,,,,0.6027379,0.019552060604095457,16541.010545492172,1190000,0.046875,0.0063476562,0.034720905,0.038591117,0.025002599,6.641133e-05,-75.941055,0.003803801,0.0,0.27683342,0.27683342,0.1,1.0,0.003174465,0.5787349,-77.43136,189815.0,1.0,1.0,249.0,5.181098461151123,100.0
4.486402e-05,0.0,,,,,,,0.36096638,0.882007,-76.478,-99.12923,0.5161244,-0.6295293,19.284025,,,,,,0.39592955,0.019622595357894897,16639.12352991104,1195000,0.0234375,0.0034179688,0.031516746,0.034963153,0.039501548,4.486402e-05,-76.54238,0.0034015449,0.0,0.24253142,0.24253142,0.1,1.0,0.003062223,0.59656155,-77.99028,194733.0,1.0,1.0,320.0,6.5364673137664795,100.0
5.270366e-05,0.0,,,,,,,0.32343215,-0.11022812,-76.239174,-99.06205,1.2143819,-1.0765887,31.640244,,,,,,0.47681385,0.019565860843658446,16736.95284152031,1200000,0.0390625,0.0048828125,0.149208,0.15338169,0.04490471,5.270366e-05,-76.28311,0.0041209897,0.0,0.32389337,0.32389337,0.1,1.0,0.0043597594,0.58176804,-73.170845,199910.0,1.0,1.0,249.0,4.747507572174072,100.0
4.7605252e-05,0.0,,,,,,,0.21795018,-17.234152,-76.67146,-99.0755,0.21219504,-0.34168115,10.778854,,,,,,0.2608561,0.025382449865341185,16863.86509823799,1205000,0.0390625,0.0048828125,0.039148625,0.042905904,0.025298357,4.7605252e-05,-76.709656,0.0037096743,0.0,0.2263788,0.2263788,0.1,1.0,0.0021225149,0.56244963,-74.10939,204723.0,1.0,1.0,239.0,4.5944578647613525,100.0
0.00011056615,0.0,,,,,,,0.38291004,1.6163788,-77.44197,-99.18059,0.77071255,-0.94561213,25.215664,,,,,,0.44872165,0.019580938577651977,16961.76979780197,1210000,0.06640625,0.0087890625,0.061471835,0.065811604,0.06864059,0.00011056615,-77.51632,0.0042292033,0.0,0.30281264,0.30281264,0.1,1.0,0.02458366,0.60401237,-71.80044,209804.0,1.0,1.0,497.0,9.524125337600708,100.0
6.306963e-05,0.0,,,,,,,0.29086813,-13.249204,-76.06831,-99.248955,0.4270691,-0.4070235,11.374697,,,,,,0.32330376,0.01954469428062439,17059.493277549744,1215000,0.03515625,0.0048828125,0.028092206,0.03243562,0.028358698,6.306963e-05,-76.077576,0.0042803427,0.0,0.27253836,0.27253836,0.1,1.0,0.0030695843,0.51901126,-79.437225,214558.0,1.0,1.0,259.0,4.907943248748779,100.0
9.048055e-05,0.0,,,,,,,0.6018709,-1.2374299,-75.38872,-98.90154,1.0887299,-1.0875645,29.931797,,,,,,0.6609018,0.01965758147239685,17157.78119134903,1220000,0.05859375,0.0073242188,0.055124905,0.05903092,0.047053218,9.048055e-05,-75.448715,0.0038155345,0.0,0.3264332,0.3264332,0.1,1.0,0.0054871594,0.6062438,-72.49159,219602.0,1.0,1.0,281.0,5.3409388065338135,100.0
5.423685e-05,0.0,,,,,,,0.30612165,-3.0207467,-77.177124,-99.11996,0.29717955,-0.4920925,13.7362,,,,,,0.33937714,0.019569103717803956,17255.626715660095,1225000,0.02734375,0.0034179688,0.028838795,0.0332555,0.028150082,5.423685e-05,-77.224045,0.0043624663,0.0,0.24311365,0.24311365,0.1,1.0,0.012509355,0.5649099,-78.62477,224359.0,1.0,1.0,231.0,4.389914274215698,100.0
7.025775e-05,0.0,,,,,,,0.40688783,-7.174981,-75.16687,-98.9323,0.9546439,-0.7969309,22.118856,,,,,,0.46455958,0.019556718969345094,17353.410316944122,1230000,0.0625,0.0078125,0.05382724,0.057671767,0.038024545,7.025775e-05,-75.17673,0.0037742667,0.0,0.21062279,0.21062279,0.1,1.0,0.004279499,0.60304046,-69.20531,229693.0,1.0,1.0,327.0,6.2351555824279785,100.0
7.0552866e-05,0.0,,,,,,,0.28691524,-12.16295,-77.7346,-98.919075,0.6090226,-0.5036281,16.500452,,,,,,0.3182077,0.01956462116241455,17451.233436346054,1235000,0.05859375,0.0073242188,0.028717216,0.03129248,0.031986713,7.0552866e-05,-77.77918,0.002504712,0.0,0.119006164,0.119006164,0.1,1.0,0.0019584838,0.55180055,-81.22453,234574.0,1.0,1.0,245.0,4.610812187194824,100.0
3.568927e-05,0.0,,,,,,,0.25248602,0.92391574,-74.578384,-98.47231,0.4308966,-0.2504561,21.778221,,,,,,0.31005293,0.019495556354522704,17548.711225032806,1240000,0.02734375,0.0034179688,0.052812293,0.0575669,0.02634728,3.568927e-05,-74.54825,0.0047189184,0.0,0.16377123,0.16377123,0.1,1.0,0.006480475,0.5130867,-75.68669,239979.0,1.0,1.0,242.0,5.030331373214722,100.0
3.9641454e-05,0.0,,,,,,,0.4210167,-12.635077,-75.81874,-98.75561,0.3408473,-0.4840509,22.35009,,,,,,0.5012809,0.019560400915145874,17646.51323699951,1245000,0.03515625,0.0043945312,0.07583074,0.08026419,0.042701602,3.9641454e-05,-75.92967,0.0043938016,0.0,0.28426504,0.28426504,0.1,1.0,0.0019658348,0.64590305,-69.742645,244756.0,1.0,1.0,235.0,4.454436779022217,100.0
5.213823e-05,0.0,,,,,,,0.2440854,0.70640475,-77.39569,-98.85525,0.24788599,-0.23359205,12.455683,,,,,,0.29869682,0.019593275785446167,17744.479621887207,1250000,0.046875,0.0063476562,0.052406397,0.05461143,0.023243785,5.213823e-05,-77.4377,0.0021528923,0.0,0.14654195,0.14654195,0.1,1.0,0.0021895946,0.5835327,-79.53114,249926.0,0.0,0.0,1000.0,19.571345806121826,0.0
6.4043794e-05,0.0,,,,,,,0.56740713,-1.5005633,-74.31082,-98.90667,0.61235523,-0.47906876,17.923988,,,,,,0.60674495,0.01956070604324341,17842.283158540726,1255000,0.0390625,0.0053710938,0.03575635,0.03933782,0.027950883,6.4043794e-05,-74.38802,0.0035174277,0.0,0.22787412,0.22787412,0.1,1.0,0.003923127,0.6307104,-70.913895,254198.0,1.0,1.0,273.0,5.657782316207886,100.0
6.292941e-05,0.0,,,,,,,0.31521332,-14.733577,-76.54837,-98.50841,0.3535991,-0.3970891,15.893484,,,,,,0.36111635,0.019454832506179808,17939.55732870102,1260000,0.0546875,0.0068359375,0.041558444,0.04590302,0.03220117,6.292941e-05,-76.59993,0.004281648,0.0,0.22724907,0.22724907,0.1,1.0,0.0021750396,0.5806658,-78.06325,259722.0,1.0,1.0,416.0,7.921510457992554,100.0
5.6393677e-05,0.0,,,,,,,0.3197403,-3.3654096,-74.28088,-98.696625,0.40415984,-0.3590039,15.966127,,,,,,0.37012398,0.019682943773269655,18037.972053527832,1265000,0.046875,0.005859375,0.047135416,0.050383687,0.03782499,5.6393677e-05,-74.26521,0.0031918765,0.0,0.15726079,0.15726079,0.1,1.0,0.0020640902,0.6177745,-79.65495,264403.0,1.0,1.0,586.0,11.191590070724487,100.0
0.00011417759,0.0,,,,,,,0.25098082,-8.201078,-76.895546,-98.62954,0.5597303,-0.27896705,17.352161,,,,,,0.30037776,0.019448847579956054,18135.216297388077,1270000,0.05859375,0.0078125,0.04639089,0.049396932,0.04261172,0.00011417759,-76.79492,0.002891865,0.0,0.21596763,0.21596763,0.1,1.0,0.0047425823,0.61402774,-71.51953,269654.0,1.0,1.0,212.0,4.013134479522705,100.0
0.000104280014,0.0,,,,,,,0.29209268,-6.947614,-74.54842,-98.63607,0.46344784,-0.56779045,22.40389,,,,,,0.38456544,0.019567333030700684,18233.052968740463,1275000,0.0625,0.0078125,0.08900869,0.09247277,0.03669572,0.000104280014,-74.59236,0.0033598032,0.0,0.3392151,0.3392151,0.1,1.0,0.0042023337,0.5303229,-67.52252,274863.0,1.0,1.0,240.0,4.536050319671631,100.0
8.3922525e-05,0.0,,,,,,,0.36005116,0.42504424,-74.106125,-99.020905,0.48110703,-0.36599305,16.962204,,,,,,0.44509178,0.019527112865447997,18330.688538074493,1280000,0.05078125,0.0063476562,0.08156356,0.08504064,0.050557375,8.3922525e-05,-74.07913,0.0033931502,0.0,0.17764369,0.17764369,0.1,1.0,0.006335915,0.5351683,-74.00542,280000.0,1.0,1.0,236.0,4.485710620880127,100.0
0.00012947078,0.0,,,,,,,0.46891534,-10.630928,-73.36528,-98.73507,0.9690205,-1.1254826,19.654716,,,,,,0.5151742,0.019622054386138916,18428.79881668091,1285000,0.0546875,0.0073242188,0.04010757,0.04625887,0.10821009,0.00012947078,-73.39114,0.0060218265,0.0,0.30630156,0.30630156,0.1,1.0,0.005813352,0.58097804,-71.190315,284916.0,0.0,0.0,1000.0,20.03380513191223,0.0
4.4724788e-05,0.0,,,,,,,0.7916103,-2.9805367,-74.69269,-98.96177,1.7661933,-1.7263741,37.047188,,,,,,0.8472585,0.019564121675491333,18526.619431734085,1290000,0.02734375,0.0034179688,0.05258836,0.0556482,0.024116516,4.4724788e-05,-74.75508,0.0030151145,0.0,0.16719112,0.16719112,0.1,1.0,0.0036603762,0.5745255,-73.8728,289142.0,1.0,1.0,244.0,4.663121700286865,100.0
0.00010555028,0.0,,,,,,,0.32350987,1.2436354,-75.656525,-98.343605,0.45968807,-0.42787543,14.718441,,,,,,0.35639915,0.01951077733039856,18624.173325061798,1295000,0.046875,0.005859375,0.028422728,0.032889288,0.085580945,0.00010555028,-75.739555,0.00436101,0.0,0.34252733,0.34252733,0.1,1.0,0.0056553995,0.5730622,-73.81175,294743.0,1.0,1.0,273.0,5.680713653564453,100.0
7.9446996e-05,0.0,,,,,,,0.28165448,0.4082383,-73.961075,-98.98867,0.24807033,-0.3230812,14.102762,,,,,,0.31041512,0.019552086639404297,18721.933764457703,1300000,0.0390625,0.0048828125,0.025863297,0.028760638,0.03104353,7.9446996e-05,-73.98617,0.0028178934,0.0,0.14165239,0.14165239,0.1,1.0,0.001438024,0.6575522,-81.10921,299557.0,1.0,1.0,243.0,4.624757766723633,100.0
0.00010592549,0.0,,,,,,,2.0702126,-0.40914953,-73.510864,-98.826584,1.7184055,-1.8612337,48.08928,,,,,,2.116733,0.025660754776000976,18850.237545490265,1305000,0.05859375,0.0073242188,0.03822968,0.046520405,0.0589962,0.00010592549,-73.554375,0.008184799,0.0,0.22570954,0.22570954,0.1,1.0,0.0037590927,0.56157506,-76.94838,304913.0,1.0,1.0,290.0,5.5515453815460205,100.0
7.948029e-05,0.0,,,,,,,0.8163798,-4.9635754,-75.60045,-98.64632,1.6933012,-2.48156,38.113365,,,,,,0.83724546,0.019540877962112426,18947.941941976547,1310000,0.0546875,0.0068359375,0.017461592,0.020865656,0.044000864,7.948029e-05,-75.673134,0.0033245827,0.0,0.2583189,0.2583189,0.1,1.0,0.0067542344,0.59521663,-69.314835,309793.0,1.0,1.0,215.0,4.075568675994873,100.0
6.2982144e-05,0.0,,,,,,,0.42245972,-3.8448284,-73.91976,-98.45458,0.61107045,-0.38492355,18.6904,,,,,,0.46109745,0.019584863567352295,19045.866270780563,1315000,0.0390625,0.0048828125,0.035304524,0.038637727,0.048294306,6.2982144e-05,-73.93158,0.0032702195,0.0,0.27636516,0.27636516,0.1,1.0,0.0025680207,0.5696704,-73.186905,314909.0,1.0,1.0,264.0,5.025493621826172,100.0
0.00010403228,0.0,,,,,,,0.30458862,-13.615836,-76.382225,-98.990524,0.60979337,-0.5558115,15.541851,,,,,,0.36139724,0.019641560316085816,19144.074078798294,1320000,0.046875,0.005859375,0.053846102,0.05680862,0.115406156,0.00010403228,-76.336914,0.002858485,0.0,0.19727397,0.19727397,0.1,1.0,0.0024040965,0.5763393,-78.82744,319770.0,1.0,1.0,282.0,5.94653844833374,100.0
5.504681e-05,0.0,,,,,,,0.78388083,-5.473143,-75.967316,-99.06493,1.2012861,-1.1273543,28.61983,,,,,,0.8311962,0.019597121715545653,19242.05969452858,1325000,0.03125,0.00390625,0.040580936,0.047315355,0.035999537,5.504681e-05,-76.0103,0.006679369,0.0,0.1395369,0.1395369,0.1,1.0,0.004707789,0.60410243,-79.70021,324874.0,1.0,1.0,420.0,8.439502716064453,100.0
5.5906537e-05,0.0,,,,,,,0.27454746,0.09015614,-77.015945,-99.13477,0.24168015,-0.6092831,15.62389,,,,,,0.32263353,0.0194805881023407,19339.462642908096,1330000,0.03515625,0.0043945312,0.042570356,0.048086077,0.052825212,5.5906537e-05,-77.0609,0.005459815,0.0,0.19839865,0.19839865,0.1,1.0,0.0023157157,0.62600106,-72.61113,329905.0,1.0,1.0,245.0,4.680981874465942,100.0
8.079811e-05,0.0,,,,,,,0.41836107,-10.901767,-73.066734,-99.19985,0.36737087,-0.5021461,20.944258,,,,,,0.4768627,0.01957029333114624,19437.314116239548,1335000,0.02734375,0.00390625,0.054992937,0.05850163,0.07623184,8.079811e-05,-73.10652,0.0034278953,0.0,0.21638879,0.21638879,0.1,1.0,0.0033253995,0.5573181,-72.74658,334265.0,1.0,1.0,271.0,5.658121109008789,100.0
7.1951654e-05,0.0,,,,,,,0.26081944,-5.968823,-74.892395,-99.237526,0.21925387,-0.2759627,12.210819,,,,,,0.32688707,0.019583357954025268,19535.230912685394,1340000,0.04296875,0.0053710938,0.063855626,0.066067636,0.055859447,7.1951654e-05,-74.924385,0.0021400624,0.0,0.10940166,0.10940166,0.1,1.0,0.0018951315,0.661603,-80.39908,339582.0,0.0,0.0,1000.0,19.57246994972229,0.0
0.000101626734,0.0,,,,,,,0.3126069,4.8416014,-73.472,-99.33701,0.32258052,-0.33579078,12.559673,,,,,,0.34740478,0.019933715629577638,19634.899498462677,1345000,0.05859375,0.0073242188,0.03075317,0.034797877,0.040017962,0.000101626734,-73.5542,0.00394308,0.0,0.23166513,0.23166513,0.1,1.0,0.005039195,0.57411516,-69.28166,344853.0,1.0,1.0,347.0,7.266856908798218,100.0
3.9674167e-05,0.0,,,,,,,0.5101303,-7.3961205,-71.3813,-99.1329,0.49378756,-0.42191976,27.41903,,,,,,0.61339194,0.019791944980621336,19733.859233617783,1350000,0.02734375,0.00390625,0.10010237,0.10326163,0.034417152,3.9674167e-05,-71.40866,0.0031195793,0.0,0.19806102,0.19806102,0.1,1.0,0.0031744025,0.61419874,-71.307526,349798.0,1.0,1.0,215.0,4.127514123916626,100.0
2.784771e-05,0.0,,,,,,,0.30919862,-7.438024,-75.0139,-98.96175,0.26321837,-0.5072087,15.212757,,,,,,0.39576378,0.019778752708435057,19832.753004074097,1355000,0.02734375,0.0034179688,0.08296847,0.08656516,0.02353692,2.784771e-05,-75.0233,0.0035688367,0.0,0.24936756,0.24936756,0.1,1.0,0.0059844614,0.5653423,-71.049835,354803.0,1.0,1.0,260.0,5.013077974319458,100.0
0.00012947008,0.0,,,,,,,0.40033665,-5.9507723,-72.003876,-98.719574,0.45620966,-0.41047546,27.735329,,,,,,0.47043353,0.019650533866882324,19931.00568008423,1360000,0.05859375,0.0078125,0.06319153,0.07009689,0.0991801,0.00012947008,-72.01085,0.006775889,0.0,0.32950008,0.32950008,0.1,1.0,0.005415596,0.5817624,-70.21102,359819.0,1.0,1.0,256.0,4.914000511169434,100.0
0.00012271194,0.0,,,,,,,0.3274293,-9.861727,-75.252045,-98.5339,0.58587587,-0.4119193,12.82552,,,,,,0.3609781,0.019649863243103027,20029.255004405975,1365000,0.06640625,0.008300781,0.030295692,0.0335488,0.045855284,0.00012271194,-75.2673,0.0031303952,0.0,0.31677955,0.31677955,0.1,1.0,0.0034431699,0.61374235,-73.71584,364375.0,1.0,1.0,585.0,11.22449254989624,100.0
6.4560794e-05,0.0,,,,,,,0.29026866,-12.409129,-75.42259,-99.106476,0.371236,-0.3181771,19.024572,,,,,,0.38607386,0.01956564121246338,20127.083217144012,1370000,0.05078125,0.0063476562,0.09280744,0.09580519,0.03155887,6.4560794e-05,-75.4789,0.0029331928,0.0,0.17171925,0.17171925,0.1,1.0,0.0018010419,0.59647703,-82.46003,369657.0,1.0,1.0,227.0,4.312565803527832,100.0
7.567904e-05,0.0,,,,,,,0.43795928,0.9950018,-73.63078,-98.84892,0.9672304,-1.041527,21.749071,,,,,,0.47132862,0.019583763122558592,20225.00204396248,1375000,0.04296875,0.0053710938,0.030014627,0.033369325,0.0496279,7.567904e-05,-73.70145,0.0032790191,0.0,0.26227134,0.26227134,0.1,1.0,0.0030823187,0.5633358,-78.92934,374380.0,1.0,1.0,221.0,4.211676836013794,100.0
0.00018914847,0.0,,,,,,,1.7623949,0.9376893,-73.16599,-99.43762,2.1695364,-1.767901,42.476433,,,,,,1.8410066,0.019614546823501586,20323.074789762497,1380000,0.05078125,0.0068359375,0.0746412,0.07861177,0.16429722,0.00018914847,-73.26944,0.0037814209,0.0,0.33237284,0.33237284,0.1,1.0,0.009518072,0.5794524,-69.98783,379276.0,1.0,1.0,236.0,4.47403359413147,100.0
4.8461778e-05,0.0,,,,,,,0.37926245,-10.023711,-74.97223,-98.83721,0.9097506,-0.8836064,18.625834,,,,,,0.43150598,0.019601175117492677,20421.080672740936,1385000,0.05859375,0.0073242188,0.049606293,0.052243516,0.03199458,4.8461778e-05,-75.00908,0.0025887615,0.0,0.20484933,0.20484933,0.1,1.0,0.0031689026,0.5955387,-73.59427,384703.0,1.0,1.0,437.0,8.95859169960022,100.0
8.018338e-05,0.0,,,,,,,0.31579292,-11.299493,-74.332794,-99.17138,0.5787447,-0.53361654,23.149527,,,,,,0.43273932,0.019546929931640623,20518.815328598022,1390000,0.04296875,0.0053710938,0.112125516,0.1169464,0.053441405,8.018338e-05,-74.383965,0.004740697,0.0,0.32588995,0.32588995,0.1,1.0,0.0047162883,0.57157516,-72.26861,389813.0,1.0,1.0,241.0,4.585258722305298,100.0
5.038979e-05,0.0,,,,,,,0.31905958,-6.079492,-74.72661,-99.05667,0.517571,-0.42982876,19.175987,,,,,,0.34840506,0.01955053949356079,20616.568033218384,1395000,0.03515625,0.0048828125,0.025187187,0.029345488,0.028347015,5.038979e-05,-74.8466,0.00410791,0.0,0.32519597,0.32519597,0.1,1.0,0.011217954,0.5917054,-75.00148,394950.0,1.0,1.0,255.0,5.337534666061401,100.0
6.63987e-05,0.0,,,,,,,1.9135702,-1.7590704,-74.81021,-99.054886,1.2130578,-1.1811782,49.64509,,,,,,1.9870355,0.019509625244140624,20714.11616706848,1400000,0.0390625,0.0048828125,0.07029435,0.0734654,0.036507845,6.63987e-05,-74.87716,0.003104653,0.0,0.1536954,0.1536954,0.1,1.0,0.002933384,0.5759639,-75.79617,399854.0,1.0,1.0,244.0,4.622313499450684,100.0
6.843923e-05,0.0,,,,,,,0.3669033,-9.107646,-73.00025,-99.39408,0.36946315,-0.47428828,25.539574,,,,,,0.42483997,0.025112019491195677,20839.676270484924,1405000,0.04296875,0.0053710938,0.054543413,0.05793666,0.08076334,6.843923e-05,-73.04537,0.0033248067,0.0,0.21217297,0.21217297,0.1,1.0,0.0034184721,0.6245171,-72.14166,404840.0,1.0,1.0,206.0,3.9259016513824463,100.0
0.00013004424,0.0,,,,,,,2.1228156,-3.4804509,-75.497536,-99.1564,1.8441411,-2.0199733,52.602974,,,,,,2.1739092,0.019503008460998537,20937.19131922722,1410000,0.0546875,0.0068359375,0.04679022,0.05109358,0.049564004,0.00013004424,-75.51944,0.004173316,0.0,0.21053833,0.21053833,0.1,1.0,0.0038357847,0.54660356,-77.658936,409798.0,1.0,1.0,735.0,13.930037498474121,100.0
6.615603e-05,0.0,,,,,,,0.3490612,-9.128983,-73.18332,-99.73742,0.38519675,-0.4000324,23.733416,,,,,,0.4009917,0.019514229393005372,21034.76247358322,1415000,0.0234375,0.0029296875,0.04899864,0.051930506,0.048880816,6.615603e-05,-73.261246,0.0028657112,0.0,0.23517399,0.23517399,0.1,1.0,0.0047127623,0.5736742,-75.853325,414849.0,1.0,1.0,261.0,5.462172269821167,100.0
4.0181098e-05,0.0,,,,,,,0.6180857,0.20937489,-71.11991,-98.72263,1.1718292,-1.7353178,36.207756,,,,,,0.68092984,0.01961701626777649,21132.84756088257,1420000,0.05859375,0.0073242188,0.06001871,0.062844165,0.015699863,4.0181098e-05,-71.17966,0.0027852745,0.0,0.18041904,0.18041904,0.1,1.0,0.0059391255,0.56287885,-79.138954,419722.0,1.0,1.0,258.0,4.897461652755737,100.0
0.0001505015,0.0,,,,,,,0.7390598,-2.7193024,-73.063156,-98.90995,2.2613127,-2.3436837,46.25364,,,,,,0.79982173,0.019489067935943603,21230.292907238007,1425000,0.05859375,0.008300781,0.056859937,0.060761936,0.07024598,0.0001505015,-73.123276,0.0037514984,0.0,0.22951639,0.22951639,0.1,1.0,0.0025343678,0.5891279,-71.604065,424951.0,1.0,1.0,259.0,5.406047344207764,100.0
6.884872e-05,0.0,,,,,,,0.3970009,-0.7387297,-70.843475,-98.85402,0.5359781,-0.78041494,22.3652,,,,,,0.46043503,0.019396559476852416,21327.275711536407,1430000,0.0625,0.0078125,0.061178617,0.06343411,0.060631514,6.884872e-05,-70.899155,0.0021866444,0.0,0.20798112,0.20798112,0.1,1.0,0.0048268177,0.6276829,-73.64433,429962.0,1.0,1.0,246.0,4.633143186569214,100.0
6.934238e-05,0.0,,,,,,,0.4586419,-1.0401387,-72.20545,-99.09491,0.6964039,-0.6349642,28.922112,,,,,,0.5143727,0.019491816759109496,21424.734801769257,1435000,0.04296875,0.0053710938,0.053771675,0.05573081,0.07464123,6.934238e-05,-72.256966,0.0018897918,0.0,0.16098537,0.16098537,0.1,1.0,0.004068253,0.6165297,-73.501724,434836.0,1.0,1.0,266.0,5.536564111709595,100.0
6.563385e-05,0.0,,,,,,,0.39868206,-9.891753,-72.18283,-98.99602,0.3807267,-0.33374286,14.719025,,,,,,0.48319745,0.019574419212341307,21522.606903791428,1440000,0.03125,0.00390625,0.08149275,0.08451538,0.062250257,6.563385e-05,-72.21304,0.002956991,0.0,0.2558956,0.2558956,0.1,1.0,0.009200823,0.6079735,-66.06888,439797.0,1.0,1.0,258.0,4.880979537963867,100.0
8.344132e-05,0.0,,,,,,,0.24552034,-3.7371838,-74.560745,-98.78916,0.22523843,-0.19685827,11.402593,,,,,,0.2858752,0.019574866008758546,21620.481240272522,1445000,0.046875,0.005859375,0.035465084,0.04035487,0.036579847,8.344132e-05,-74.64012,0.004806345,0.0,0.4372151,0.4372151,0.1,1.0,0.004481798,0.56225365,-73.36296,444923.0,1.0,1.0,220.0,4.183182954788208,100.0
0.00012600864,0.0,,,,,,,0.2981133,-15.677957,-74.00857,-99.191216,0.42570528,-0.4046067,20.492243,,,,,,0.40067232,0.01961067204475403,21718.53460741043,1450000,0.08203125,0.010253906,0.097515285,0.10255902,0.048277736,0.00012600864,-74.11318,0.004917722,0.0,0.42860436,0.42860436,0.1,1.0,0.0063590864,0.5876765,-71.357605,449785.0,1.0,1.0,353.0,6.712249994277954,100.0
2.5395653e-05,0.0,,,,,,,0.35215244,-14.439148,-73.307144,-98.77985,0.383463,-0.5379366,20.353857,,,,,,0.44391507,0.019721794939041137,21817.14359140396,1455000,0.02734375,0.0034179688,0.08748801,0.09176262,0.0135113,2.5395653e-05,-73.35022,0.004249205,0.0,0.25534993,0.25534993,0.1,1.0,0.003469238,0.56668067,-75.93146,454986.0,1.0,1.0,212.0,4.044672250747681,100.0
6.3796586e-05,0.0,,,,,,,0.35193515,0.27610666,-72.872375,-98.60774,0.796078,-0.9324864,23.811527,,,,,,0.40507385,0.019396853017807008,21914.127863407135,1460000,0.0390625,0.0053710938,0.048676666,0.053138707,0.02955401,6.3796586e-05,-72.92154,0.0043982463,0.0,0.34050626,0.34050626,0.1,1.0,0.0104105305,0.60999435,-71.53375,459742.0,1.0,1.0,214.0,4.062053918838501,100.0
4.9787282e-05,0.0,,,,,,,0.4912279,-6.2142262,-71.91765,-98.47846,0.8498821,-0.7595081,25.974697,,,,,,0.53807634,0.019675096797943114,22012.503356695175,1465000,0.03515625,0.0043945312,0.044159558,0.046848465,0.033771396,4.9787282e-05,-71.99169,0.0026391174,0.0,0.29176342,0.29176342,0.1,1.0,0.0068738074,0.57818234,-72.883965,464986.0,1.0,1.0,257.0,4.8907201290130615,100.0
6.0594175e-05,0.0,,,,,,,0.5822099,0.94055605,-71.99271,-98.8109,0.6605053,-0.5874531,21.68436,,,,,,0.6307767,0.019629005575180054,22110.64839196205,1470000,0.046875,0.005859375,0.046915166,0.048566837,0.045959353,6.0594175e-05,-72.064224,0.0015910764,0.0,0.17808321,0.17808321,0.1,1.0,0.0031722323,0.56758845,-75.035385,469870.0,1.0,1.0,207.0,3.9267988204956055,100.0
4.2895786e-05,0.0,,,,,,,0.22255623,-9.301734,-74.39371,-98.864555,0.3684658,-0.23888536,16.820229,,,,,,0.26972649,0.01961118779182434,22208.704337358475,1475000,0.03515625,0.0048828125,0.043708168,0.047170244,0.02583325,4.2895786e-05,-74.48343,0.0034191792,0.0,0.22804777,0.22804777,0.1,1.0,0.0021239035,0.6525802,-78.15048,474052.0,1.0,1.0,230.0,4.369966268539429,100.0
0.00013519608,0.0,,,,,,,0.3206442,-12.067134,-74.34501,-98.8465,0.361624,-0.35642216,15.375757,,,,,,0.3963366,0.01952461109161377,22306.327399492264,1480000,0.0703125,0.0087890625,0.07172517,0.07569239,0.081101656,0.00013519608,-74.326935,0.0038320282,0.0,0.2671152,0.2671152,0.1,1.0,0.0050462065,0.51842856,-71.053986,479817.0,1.0,1.0,325.0,6.701159238815308,100.0
7.9026446e-05,0.0,,,,,,,0.37944084,-3.339527,-73.76336,-99.03597,0.29940808,-0.28352308,16.177984,,,,,,0.4186992,0.01947890067100525,22403.72190952301,1485000,0.0546875,0.0068359375,0.033790383,0.039258353,0.04182756,7.9026446e-05,-73.81814,0.0053889425,0.0,0.3153627,0.3153627,0.1,1.0,0.007150693,0.6105523,-64.44595,484829.0,1.0,1.0,195.0,4.184264659881592,100.0
0.00016547256,0.0,,,,,,,0.28173447,-7.604519,-74.26001,-99.17944,0.31714374,-0.29702342,13.136378,,,,,,0.31145215,0.019477011585235595,22501.10697388649,1490000,0.06640625,0.0087890625,0.02576137,0.02971768,0.102436304,0.00016547256,-74.34813,0.0037908389,0.0,0.27279648,0.27279648,0.1,1.0,0.0036264523,0.5914093,-75.31559,489834.0,1.0,1.0,216.0,4.5662901401519775,100.0
0.00016768248,0.0,,,,,,,0.51603246,1.9297713,-71.156105,-98.432976,0.732656,-1.1014463,47.936523,,,,,,0.62006843,0.019396480464935303,22598.08938241005,1495000,0.04296875,0.0053710938,0.09766978,0.104036,0.07790077,0.00016768248,-71.253815,0.006198539,0.0,0.45413488,0.45413488,0.1,1.0,0.008878987,0.6150099,-68.43869,494988.0,1.0,1.0,284.0,5.340343952178955,100.0
4.9347058e-05,0.0,,,,,,,0.53679335,-1.7089227,-72.97317,-98.95076,0.98956347,-1.322435,29.280502,,,,,,0.564448,0.01943152027130127,22695.246991872787,1500000,0.0390625,0.0048828125,0.024970649,0.027654627,0.03951633,4.9347058e-05,-73.02818,0.0026346312,0.0,0.31052473,0.31052473,0.1,1.0,0.0063441135,0.6281569,-71.088455,499545.0,1.0,1.0,213.0,4.517416954040527,100.0
1.8900551e-05,0.0,,,,,,,0.37831017,-4.9656897,-70.67955,-98.81413,0.42832035,-0.35381502,23.702202,,,,,,0.5250048,0.02500327730178833,22820.263385295868,1505000,0.01953125,0.0024414062,0.14122431,0.14669465,0.027137637,1.8900551e-05,-70.75837,0.005451436,0.0,0.38345188,0.38345188,0.1,1.0,0.024439145,0.63567424,-68.54173,504964.0,1.0,1.0,229.0,4.349691867828369,100.0
5.2119605e-05,0.0,,,,,,,0.618798,-1.8502219,-71.72838,-98.768524,0.6539945,-0.5346211,20.193138,,,,,,0.6629118,0.019519161415100097,22917.859199285507,1510000,0.03515625,0.0043945312,0.041550115,0.044113778,0.043185353,5.2119605e-05,-71.74791,0.0025115418,0.0,0.21688488,0.21688488,0.1,1.0,0.0037555199,0.6011708,-72.03785,509933.0,1.0,1.0,215.0,4.065613269805908,100.0
8.056202e-05,0.0,,,,,,,0.37673885,-7.7958555,-72.99368,-98.91465,0.64915234,-0.6105014,42.40276,,,,,,0.51384676,0.019530858850479126,23015.513499975204,1515000,0.0546875,0.0073242188,0.13401453,0.13710791,0.034484267,8.056202e-05,-73.062836,0.0030128146,0.0,0.13076985,0.13076985,0.1,1.0,0.0016672085,0.63056016,-78.80317,514972.0,1.0,1.0,257.0,4.838673830032349,100.0
7.0386275e-05,0.0,,,,,,,0.31815287,-0.43500805,-71.40072,-98.73697,0.21391849,-0.28522268,14.004844,,,,,,0.36701715,0.019507287216186525,23113.04994416237,1520000,0.0390625,0.0048828125,0.043014344,0.048864283,0.03626132,7.0386275e-05,-71.48178,0.0057795523,0.0,0.21762343,0.21762343,0.1,1.0,0.0021499752,0.59737945,-75.248566,519799.0,1.0,1.0,190.0,4.071439743041992,100.0
6.113824e-05,0.0,,,,,,,0.34230766,-1.2286611,-72.44361,-98.51529,0.26377985,-0.2772502,14.013806,,,,,,0.37330452,0.019532730579376222,23210.71360874176,1525000,0.05859375,0.0078125,0.027263591,0.030996865,0.02906859,6.113824e-05,-72.5078,0.003672137,0.0,0.33340216,0.33340216,0.1,1.0,0.033950664,0.6244184,-66.196175,524267.0,1.0,1.0,207.0,3.931365489959717,100.0
8.973683e-05,0.0,,,,,,,0.382629,-8.516537,-70.04419,-99.15512,0.3445814,-0.3067902,22.27973,,,,,,0.5421782,0.019574181747436522,23308.58452439308,1530000,0.05078125,0.0063476562,0.15446359,0.1595492,0.059381366,8.973683e-05,-70.11421,0.00499588,0.0,0.2790752,0.2790752,0.1,1.0,0.0055077774,0.5680565,-69.43387,529817.0,1.0,1.0,220.0,4.1852617263793945,100.0
4.7242327e-05,0.0,,,,,,,0.3502099,-0.13786843,-72.39342,-98.77481,0.6620484,-0.69760853,34.10402,,,,,,0.44498593,0.019655484437942506,23406.861952781677,1535000,0.02734375,0.0034179688,0.092210196,0.09477603,0.04121232,4.7242327e-05,-72.4765,0.0025185854,0.0,0.18894108,0.18894108,0.1,1.0,0.0032772897,0.49823824,-78.82826,534974.0,1.0,1.0,260.0,5.408596754074097,100.0
6.621174e-05,0.0,,,,,,,0.43784362,-1.9643613,-71.246506,-98.888016,0.6361081,-0.5277812,17.679098,,,,,,0.45808163,0.019610039377212524,23504.91215634346,1540000,0.06640625,0.008300781,0.016779628,0.020238021,0.026776671,6.621174e-05,-71.36,0.0033921818,0.0,0.23508918,0.23508918,0.1,1.0,0.0048687393,0.5957806,-65.38223,539832.0,1.0,1.0,202.0,4.342962265014648,100.0
2.5800604e-05,0.0,,,,,,,0.49999452,-8.150634,-71.42692,-98.97393,0.81045675,-0.78307205,21.69339,,,,,,0.57662165,0.019447310304641724,23602.14872264862,1545000,0.01953125,0.0024414062,0.07282972,0.07662715,0.03448057,2.5800604e-05,-71.49536,0.003771627,0.0,0.31948978,0.31948978,0.1,1.0,0.0026041747,0.6139109,-70.611145,544925.0,1.0,1.0,211.0,3.982937812805176,100.0
6.098178e-05,0.0,,,,,,,0.3760224,-11.065012,-69.74191,-98.60682,0.9871407,-0.8015134,21.342632,,,,,,0.4356099,0.019624507236480713,23700.271267414093,1550000,0.05078125,0.0063476562,0.054142836,0.059587497,0.03468561,6.098178e-05,-69.93599,0.0053836787,0.0,0.37523782,0.37523782,0.1,1.0,0.01385861,0.57681,-65.228134,549763.0,1.0,1.0,200.0,3.8370401859283447,100.0
0.00011363294,0.0,,,,,,,0.69770855,-5.5200324,-69.74966,-99.10225,0.6424118,-0.64476967,27.929926,,,,,,0.88497627,0.019498816299438476,23797.76535630226,1555000,0.04296875,0.0053710938,0.18219815,0.18726775,0.0697186,0.00011363294,-69.73926,0.004955969,0.0,0.35830665,0.35830665,0.1,1.0,0.0069295913,0.54493415,-65.05129,554526.0,1.0,1.0,289.0,5.455143690109253,100.0
7.001363e-05,0.0,,,,,,,1.2251412,-6.1962924,-70.33898,-98.91424,5.291341,-8.210953,131.32506,,,,,,1.3265336,0.019544063663482665,23895.485680818558,1560000,0.05078125,0.0063476562,0.09709112,0.101392426,0.052772284,7.001363e-05,-70.39998,0.0042312867,0.0,0.39792246,0.39792246,0.1,1.0,0.0028053778,0.5467963,-72.55754,559949.0,1.0,1.0,226.0,4.252695083618164,100.0
0.000111912144,0.0,,,,,,,0.4455805,-5.4766183,-69.62018,-98.43509,0.3621543,-0.44684464,17.373455,,,,,,0.5017144,0.01940691089630127,23992.520242214203,1565000,0.046875,0.0063476562,0.053206973,0.056133922,0.07552564,0.000111912144,-69.63028,0.0028150375,0.0,0.29576865,0.29576865,0.1,1.0,0.0036317965,0.61843455,-68.90443,564550.0,1.0,1.0,252.0,4.766984701156616,100.0
5.6919118e-05,0.0,,,,,,,0.31492847,-4.244352,-71.522995,-98.632545,0.28873116,-0.4057243,12.328156,,,,,,0.3658244,0.019478162240982054,24089.911059617996,1570000,0.0390625,0.0048828125,0.04864879,0.050895937,0.038234472,5.6919118e-05,-71.54494,0.0021902293,0.0,0.1374976,0.1374976,0.1,1.0,0.0028374325,0.5812629,-71.962494,569942.0,1.0,1.0,254.0,5.311540365219116,100.0
3.1701697e-05,0.0,,,,,,,0.36009413,-0.08329941,-72.54234,-98.7789,0.653412,-0.6332917,16.092764,,,,,,0.43224442,0.01944392957687378,24187.130714416504,1575000,0.04296875,0.0053710938,0.06860071,0.07215029,0.017953157,3.1701697e-05,-72.563126,0.0035178787,0.0,0.3235774,0.3235774,0.1,1.0,0.008668789,0.5656135,-71.88964,574764.0,1.0,1.0,228.0,4.782735586166382,100.0
0.00013563345,0.0,,,,,,,0.36394688,-1.5734801,-71.67633,-99.02356,0.35008845,-0.30205482,13.912476,,,,,,0.39850932,0.01951447057723999,24284.703073501587,1580000,0.05078125,0.0063476562,0.031201974,0.03456245,0.09844327,0.00013563345,-71.76863,0.0032248418,0.0,0.26027438,0.26027438,0.1,1.0,0.009133772,0.5583861,-70.037994,579454.0,1.0,1.0,207.0,3.905900239944458,100.0
5.9178215e-05,0.0,,,,,,,0.7644235,0.15862407,-70.99724,-98.75939,0.9437182,-0.9109867,26.486748,,,,,,0.82632655,0.01947669415473938,24382.08656024933,1585000,0.0390625,0.0053710938,0.055913944,0.061903037,0.03622794,5.9178215e-05,-71.09179,0.0059299115,0.0,0.5830475,0.5830475,0.1,1.0,0.01419458,0.624586,-73.00012,584980.0,1.0,1.0,243.0,4.58795952796936,100.0
6.62792e-05,0.0,,,,,,,0.5248157,-2.8190918,-69.05727,-98.66194,0.7400743,-0.79613847,28.927923,,,,,,0.62850773,0.019588288974761964,24480.028012514114,1590000,0.0546875,0.0068359375,0.099076815,0.10369206,0.030172944,6.62792e-05,-69.05824,0.004548969,0.0,0.23223814,0.23223814,0.1,1.0,0.0035468892,0.5723128,-72.5343,589803.0,1.0,1.0,197.0,3.757261276245117,100.0
8.0676575e-05,0.0,,,,,,,0.4046789,-0.1243128,-67.9018,-98.75089,0.43813998,-0.54927087,23.23437,,,,,,0.45536605,0.019585842752456666,24577.957233428955,1595000,0.046875,0.0063476562,0.04825176,0.050687123,0.039934516,8.0676575e-05,-68.06574,0.0023546903,0.0,0.20945108,0.20945108,0.1,1.0,0.008607848,0.61520654,-68.048645,594979.0,1.0,1.0,223.0,4.729523658752441,100.0
5.0663366e-05,0.0,,,,,,,0.53573495,0.8966354,-71.62545,-98.788795,0.38631412,-0.42829648,17.300934,,,,,,0.572748,0.01952346911430359,24675.574585676193,1600000,0.0390625,0.0048828125,0.033178028,0.037013073,0.02532792,5.0663366e-05,-71.70331,0.00378438,0.0,0.24888758,0.24888758,0.1,1.0,0.0044899085,0.5790704,-71.4457,599355.0,1.0,1.0,370.0,7.057523965835571,100.0
3.6496494e-05,0.0,,,,,,,0.6177386,-8.832077,-71.76928,-98.96161,0.9632097,-0.93115056,39.904938,,,,,,0.7006203,0.024795378398895264,24799.55148458481,1605000,0.046875,0.005859375,0.07928605,0.08288169,0.022537231,3.6496494e-05,-71.80177,0.003559148,0.0,0.37161773,0.37161773,0.1,1.0,0.0043819156,0.62468505,-65.93318,604923.0,1.0,1.0,229.0,4.372087001800537,100.0
0.00010791002,0.0,,,,,,,0.3795709,1.079203,-71.56643,-99.0042,0.58025163,-0.3877388,20.423069,,,,,,0.4839317,0.01956522707939148,24897.377627134323,1610000,0.046875,0.005859375,0.10212122,0.1043608,0.08239722,0.00010791002,-71.65901,0.0021316716,0.0,0.137565,0.137565,0.1,1.0,0.003300564,0.60946536,-76.60756,609889.0,1.0,1.0,205.0,3.8932623863220215,100.0
6.0143415e-05,0.0,,,,,,,0.5068604,1.419375,-70.807846,-98.88661,0.90388185,-0.8554293,27.614864,,,,,,0.57457143,0.019530929613113403,24995.03228163719,1615000,0.046875,0.005859375,0.064348325,0.06771104,0.03213215,6.0143415e-05,-70.96306,0.0033025714,0.0,0.29742098,0.29742098,0.1,1.0,0.005961757,0.60236984,-70.86272,614888.0,1.0,1.0,284.0,5.351158142089844,100.0
4.4984685e-05,0.0,,,,,,,1.0274903,-1.673497,-70.847305,-98.53495,1.504439,-1.603002,36.334583,,,,,,1.064128,0.019563654088973998,25092.850558042526,1620000,0.03515625,0.0043945312,0.03358422,0.03663777,0.017852783,4.4984685e-05,-70.85423,0.0030085668,0.0,0.41891092,0.41891092,0.1,1.0,0.0024262564,0.5801181,-71.88585,619800.0,1.0,1.0,193.0,3.626948595046997,100.0
6.894203e-05,0.0,,,,,,,0.6002581,0.258968,-70.94223,-98.63378,0.65861624,-0.62855583,25.12777,,,,,,0.67036945,0.019630768156051637,25191.00440478325,1625000,0.04296875,0.0053710938,0.06477913,0.07011131,0.05141473,6.894203e-05,-70.94957,0.0052632354,0.0,0.42070442,0.42070442,0.1,1.0,0.004139029,0.6725376,-72.3709,624855.0,0.0,0.0,1000.0,19.624369382858276,0.0
7.0115144e-05,0.0,,,,,,,0.5280235,0.18501845,-71.36538,-99.16021,1.6734295,-1.8697832,27.43763,,,,,,0.578429,0.0193521773815155,25287.76529765129,1630000,0.0390625,0.0053710938,0.046956,0.050405532,0.03538966,7.0115144e-05,-71.39775,0.0033794178,0.0,0.18695574,0.18695574,0.1,1.0,0.004699248,0.5785258,-66.91095,629821.0,1.0,1.0,217.0,4.073254823684692,100.0
0.00010934612,0.0,,,,,,,0.46473834,-3.3215842,-71.81491,-98.46322,0.57312196,-0.48900944,25.603706,,,,,,0.5063647,0.019721012449264528,25386.370366573334,1635000,0.03125,0.00390625,0.038615,0.041626345,0.078965425,0.00010934612,-71.886505,0.0029020002,0.0,0.16800845,0.16800845,0.1,1.0,0.0020579058,0.57836056,-74.49295,634961.0,1.0,1.0,206.0,3.920681953430176,100.0
4.664238e-05,0.0,,,,,,,0.4620902,-5.626635,-69.990616,-98.74674,0.82732105,-0.8136013,22.89824,,,,,,0.5438223,0.019606724405288697,25484.40399479866,1640000,0.046875,0.005859375,0.078874886,0.081732124,0.019915223,4.664238e-05,-70.06858,0.0028105995,0.0,0.2896299,0.2896299,0.1,1.0,0.0060219974,0.56286705,-63.403725,639808.0,1.0,1.0,380.0,7.25188422203064,100.0
9.363948e-05,0.0,,,,,,,0.30053905,-6.731706,-71.8542,-98.466896,0.36809033,-0.3194895,18.619183,,,,,,0.3669622,0.019553770875930788,25582.17285680771,1645000,0.05078125,0.0063476562,0.06277855,0.06642315,0.08142519,9.363948e-05,-71.93277,0.0035509593,0.0,0.19429702,0.19429702,0.1,1.0,0.0030498137,0.57866627,-74.37436,644750.0,1.0,1.0,202.0,3.8425960540771484,100.0
0.00011181412,0.0,,,,,,,0.58505154,-0.3581469,-68.894165,-98.86482,0.9963272,-0.78913265,26.854368,,,,,,0.62167543,0.01969224452972412,25680.634086370468,1650000,0.0859375,0.0107421875,0.032431528,0.036623873,0.037282705,0.00011181412,-69.00128,0.0040805293,0.0,0.27567708,0.27567708,0.1,1.0,0.008057041,0.6125742,-67.21449,649813.0,1.0,1.0,275.0,5.2565717697143555,100.0
0.000104600855,0.0,,,,,,,0.31990886,-4.734661,-72.3522,-98.89447,0.3332138,-0.35428798,15.747209,,,,,,0.40675893,0.019568621635437013,25778.477200746536,1655000,0.05078125,0.0063476562,0.082812384,0.08685008,0.104367495,0.000104600855,-72.36893,0.0039330954,0.0,0.23919715,0.23919715,0.1,1.0,0.00461312,0.6499957,-63.62335,654862.0,1.0,1.0,222.0,4.643362522125244,100.0
0.00013789051,0.0,,,,,,,0.32850614,-7.69925,-71.1891,-98.66059,0.6469966,-0.5057406,24.11375,,,,,,0.42082286,0.019601242351531982,25876.483419418335,1660000,0.0859375,0.0107421875,0.08736746,0.09231672,0.042142034,0.00013789051,-71.261826,0.0048113675,0.0,0.48607412,0.48607412,0.1,1.0,0.006863608,0.5641062,-64.233894,659834.0,1.0,1.0,658.0,13.114314556121826,100.0
5.8736536e-05,0.0,,,,,,,0.25907087,-2.2542684,-72.03006,-99.03185,0.3576959,-0.435739,17.313797,,,,,,0.3126982,0.01964626145362854,25974.714732646942,1665000,0.046875,0.0063476562,0.04838399,0.05362732,0.025668621,5.8736536e-05,-72.085785,0.0051845955,0.0,0.39713407,0.39713407,0.1,1.0,0.018166576,0.5964189,-71.406815,664848.0,1.0,1.0,214.0,4.093491077423096,100.0
2.7377566e-05,0.0,,,,,,,0.30392885,-1.7113881,-70.90538,-98.63522,0.36289144,-0.36208466,16.007256,,,,,,0.36032525,0.019545771980285644,26072.443598508835,1670000,0.02734375,0.0034179688,0.052516352,0.05639639,0.024699211,2.7377566e-05,-70.95798,0.0038526615,0.0,0.19313563,0.19313563,0.1,1.0,0.0022705875,0.5717238,-74.8434,669991.0,0.0,0.0,1000.0,19.655769109725952,0.0
9.3725044e-05,0.0,,,,,,,0.37414885,-2.38489,-68.491714,-99.0184,8.141513,-7.7534533,86.280945,,,,,,0.5046627,0.019597999620437623,26170.43360233307,1675000,0.0546875,0.0073242188,0.122291654,0.13051383,0.04275918,9.3725044e-05,-68.50113,0.008128455,0.0,0.47852874,0.47852874,0.1,1.0,0.013104754,0.64673144,-64.568085,674212.0,1.0,1.0,198.0,3.7473208904266357,100.0
5.70236e-05,0.0,,,,,,,0.36905658,0.36134964,-69.91795,-98.945,0.50410634,-0.6163216,26.527098,,,,,,0.4788372,0.019622872400283813,26268.54797053337,1680000,0.0390625,0.005859375,0.10672744,0.109780595,0.020053267,5.70236e-05,-69.9966,0.0029961215,0.0,0.20189202,0.20189202,0.1,1.0,0.008982608,0.6200931,-74.75834,679966.0,0.0,0.0,1000.0,19.650252103805542,0.0
8.369947e-05,0.0,,,,,,,2.2136807,-3.413297,-70.08331,-99.13133,3.7182548,-4.650604,74.25199,,,,,,2.2610023,0.0195200074672699,26366.148015260696,1685000,0.046875,0.005859375,0.04312781,0.0473216,0.030167818,8.369947e-05,-70.15852,0.0041100914,0.0,0.26150677,0.26150677,0.1,1.0,0.005781237,0.55794984,-69.153625,684606.0,1.0,1.0,236.0,4.936960697174072,100.0
8.0549566e-05,0.0,,,,,,,0.33516935,-6.624473,-70.0217,-99.211105,0.28570524,-0.5706351,17.51005,,,,,,0.37569764,0.019514137220382692,26463.71870803833,1690000,0.04296875,0.0053710938,0.03620342,0.040528297,0.047492027,8.0549566e-05,-70.03993,0.0042443294,0.0,0.33005214,0.33005214,0.1,1.0,0.009976577,0.5985011,-68.14439,689938.0,1.0,1.0,202.0,3.8379440307617188,100.0
0.00012447074,0.0,,,,,,,0.36090696,-2.65602,-71.53734,-98.70718,0.2168038,-0.31940818,14.427845,,,,,,0.39619005,0.01956970705986023,26561.567249298096,1695000,0.05859375,0.0073242188,0.031794354,0.035283096,0.069504976,0.00012447074,-71.58179,0.0033642708,0.0,0.32632375,0.32632375,0.1,1.0,0.005287304,0.6254393,-68.39534,694842.0,1.0,1.0,245.0,4.669819116592407,100.0
7.555529e-05,0.0,,,,,,,0.51709646,-2.2806737,-70.580734,-98.76836,0.6353172,-0.63582885,31.201155,,,,,,0.58784723,0.01958408522605896,26659.48769569397,1700000,0.02734375,0.0034179688,0.06610526,0.07075074,0.047484517,7.555529e-05,-70.67136,0.0045699268,0.0,0.13842595,0.13842595,0.1,1.0,0.0023866796,0.632805,-75.10694,699140.0,1.0,1.0,322.0,6.1304872035980225,100.0
0.000119593635,0.0,,,,,,,0.5609825,2.1743433,-69.654625,-98.579575,1.3974353,-1.5564069,35.75745,,,,,,0.6295051,0.02375180187225342,26778.246711969376,1705000,0.0546875,0.0068359375,0.06383534,0.06852255,0.08202696,0.000119593635,-69.70766,0.0045676176,0.0,0.23634376,0.23634376,0.1,1.0,0.0055610193,0.55603194,-73.08174,704955.0,1.0,1.0,281.0,5.842294216156006,100.0
6.485917e-05,0.0,,,,,,,0.40476334,-9.465271,-70.00818,-98.69252,1.3431569,-1.6000369,58.704388,,,,,,0.48950142,0.019601563596725463,26876.25453710556,1710000,0.04296875,0.0053710938,0.08159676,0.08473809,0.03233576,6.485917e-05,-70.0517,0.0030764746,0.0,0.2975586,0.2975586,0.1,1.0,0.0065334053,0.668319,-64.34076,709789.0,1.0,1.0,256.0,4.882288455963135,100.0
6.0422404e-05,0.0,,,,,,,0.60760313,-0.7719674,-69.35965,-98.55422,0.6302349,-0.60581356,30.1013,,,,,,0.69524956,0.01961623740196228,26974.33573126793,1715000,0.04296875,0.0053710938,0.0839402,0.08764643,0.0441792,6.0422404e-05,-69.45146,0.0036458103,0.0,0.20716196,0.20716196,0.1,1.0,0.0033495626,0.6468823,-73.18916,714909.0,1.0,1.0,193.0,3.6913483142852783,100.0
0.00012886175,0.0,,,,,,,0.3120094,1.3764472,-72.51761,-98.82497,0.4897058,-0.5038254,27.646416,,,,,,0.38712877,0.019480267238616945,27071.737077474594,1720000,0.05078125,0.0068359375,0.07006759,0.07511939,0.056868672,0.00012886175,-72.64751,0.004922931,0.0,0.54551506,0.54551506,0.1,1.0,0.0026129633,0.61968136,-75.126526,719861.0,1.0,1.0,335.0,6.3443474769592285,100.0
0.0001180665,0.0,,,,,,,0.7050915,-6.4368973,-70.193,-98.78185,1.303634,-1.1082335,28.208149,,,,,,0.7375152,0.0196713059425354,27170.093614578247,1725000,0.06640625,0.008300781,0.0288358,0.03242376,0.042081,0.0001180665,-70.19067,0.0034698942,0.0,0.29466158,0.29466158,0.1,1.0,0.005837181,0.66574484,-69.87752,724857.0,1.0,1.0,249.0,5.223712682723999,100.0
2.9294635e-05,0.0,,,,,,,0.39267933,-0.6802757,-68.95689,-99.06194,1.2652037,-1.0755559,24.760078,,,,,,0.44123286,0.019504974222183228,27267.618492126465,1730000,0.04296875,0.005859375,0.04483643,0.048553526,0.01432693,2.9294635e-05,-69.16829,0.0036878001,0.0,0.27819288,0.27819288,0.1,1.0,0.0034256899,0.52198464,-72.84831,729856.0,0.0,0.0,1000.0,19.603684902191162,0.0
3.652321e-05,0.0,,,,,,,0.8783341,-6.7153416,-72.16828,-98.60957,15.715014,-15.181866,129.88554,,,,,,0.90563095,0.019629456615447998,27365.7657828331,1735000,0.05078125,0.0063476562,0.02499489,0.027296836,0.019551992,3.652321e-05,-72.27652,0.0022654228,0.0,0.18551749,0.18551749,0.1,1.0,0.002167861,0.5662687,-75.24962,734776.0,1.0,1.0,228.0,4.333860397338867,100.0
6.714725e-05,0.0,,,,,,,0.9714749,-4.2289734,-70.7462,-99.14048,2.799959,-3.0598896,95.60531,,,,,,1.1767972,0.019655393743515014,27464.04275751114,1740000,0.0546875,0.0068359375,0.19868572,0.20532233,0.02755034,6.714725e-05,-70.865074,0.006569453,0.0,0.32147694,0.32147694,0.1,1.0,0.012647784,0.57035816,-67.55408,739905.0,1.0,1.0,234.0,4.476515531539917,100.0
7.619278e-05,0.0,,,,,,,0.47681308,-2.0322428,-71.74597,-98.99366,1.1437318,-1.1258847,27.849287,,,,,,0.5489932,0.019627443456649782,27562.17998099327,1745000,0.0390625,0.0048828125,0.06657042,0.072180115,0.033717632,7.619278e-05,-71.83681,0.0055335048,0.0,0.3411486,0.3411486,0.1,1.0,0.006646126,0.63347816,-68.41432,744807.0,1.0,1.0,252.0,4.796289682388306,100.0
7.857458e-05,0.0,,,,,,,0.5340524,-1.7402438,-67.7189,-98.84351,0.96712583,-0.77914655,26.85881,,,,,,0.5856993,0.019528441238403322,27659.822193861008,1750000,0.0546875,0.0073242188,0.046156965,0.051646944,0.09228861,7.857458e-05,-67.89769,0.005411404,0.0,0.2698074,0.2698074,0.1,1.0,0.0034495112,0.5615461,-70.179184,749843.0,1.0,1.0,248.0,4.7088518142700195,100.0
0.00011104799,0.0,,,,,,,0.35879922,1.5283308,-70.13042,-99.04437,0.54407585,-0.5685763,25.283007,,,,,,0.42527285,0.019546872329711914,27757.55656170845,1755000,0.06640625,0.008300781,0.062989935,0.06647363,0.05549264,0.00011104799,-70.263504,0.0033726483,0.0,0.26791131,0.26791131,0.1,1.0,0.004292184,0.55988806,-72.30357,754844.0,1.0,1.0,213.0,4.0335609912872314,100.0
7.160945e-05,0.0,,,,,,,0.3931861,0.77620393,-68.38667,-98.90784,0.6448986,-0.4914602,31.608627,,,,,,0.49085033,0.01957344551086426,27855.423795938492,1760000,0.07421875,0.009277344,0.09485472,0.097664244,0.032921076,7.160945e-05,-68.50829,0.0027379137,0.0,0.2767876,0.2767876,0.1,1.0,0.0025404426,0.58512425,-73.24135,759872.0,1.0,1.0,279.0,5.318584442138672,100.0
0.0001222277,0.0,,,,,,,0.6227684,-0.069622174,-69.34308,-98.96954,0.5754087,-0.59518516,16.95101,,,,,,0.67177486,0.019544878959655763,27953.148200273514,1765000,0.05859375,0.0078125,0.04450353,0.049006436,0.078389764,0.0001222277,-69.47109,0.0043806797,0.0,0.33449376,0.33449376,0.1,1.0,0.0066289,0.6567668,-75.06743,764867.0,1.0,1.0,222.0,4.7074878215789795,100.0
5.405431e-05,0.0,,,,,,,0.3774389,-2.3187811,-68.00926,-99.10284,0.27849513,-0.20628577,14.362604,,,,,,0.42831007,0.019636654233932495,28051.33147764206,1770000,0.03515625,0.0043945312,0.047940787,0.050871175,0.0302006,5.405431e-05,-68.112015,0.0028763325,0.0,0.22477427,0.22477427,0.1,1.0,0.005964456,0.5831281,-72.36404,769849.0,1.0,1.0,224.0,4.236864805221558,100.0
9.8634104e-05,0.0,,,,,,,0.46062398,-4.597824,-67.018394,-98.929474,0.5683763,-0.6863602,18.632473,,,,,,0.51216364,0.019506925773620606,28148.866113185883,1775000,0.05078125,0.0063476562,0.04827813,0.051539656,0.04168284,9.8634104e-05,-67.10047,0.0031628916,0.0,0.30947375,0.30947375,0.1,1.0,0.008335179,0.5882441,-59.135384,774798.0,1.0,1.0,211.0,3.980515241622925,100.0
8.0510916e-05,0.0,,,,,,,0.5440109,1.1066574,-71.61303,-98.73167,1.5450158,-1.098771,31.847612,,,,,,0.5748067,0.019508667850494384,28246.409459352493,1780000,0.05859375,0.0073242188,0.026863074,0.030795783,0.0307132,8.0510916e-05,-71.71289,0.0038521986,0.0,0.19924909,0.19924909,0.1,1.0,0.0027550645,0.5992211,-76.08403,779814.0,1.0,1.0,228.0,4.359338283538818,100.0
4.8852933e-05,0.0,,,,,,,0.38947904,0.31989264,-67.82057,-98.59976,0.36830053,-0.5274085,24.528828,,,,,,0.44843772,0.019550219678878784,28344.160568714142,1785000,0.03515625,0.0043945312,0.055222653,0.05895868,0.026539803,4.8852933e-05,-67.96022,0.0036871734,0.0,0.22473559,0.22473559,0.1,1.0,0.00411486,0.596068,-72.94005,784353.0,1.0,1.0,217.0,4.131679534912109,100.0
0.00010303297,0.0,,,,,,,0.2587628,-3.5850456,-69.90445,-98.62589,0.35044435,-0.38278565,10.983832,,,,,,0.28371868,0.01960063920021057,28442.16377043724,1790000,0.0546875,0.0068359375,0.02284893,0.024955863,0.08850598,0.00010303297,-69.96771,0.0020039,0.0,0.23894432,0.23894432,0.1,1.0,0.0024807844,0.5485229,-72.44919,789489.0,1.0,1.0,189.0,3.6109933853149414,100.0
6.8378344e-05,0.0,,,,,,,0.45494422,-0.5752871,-69.97127,-98.805145,0.76286185,-1.0136963,23.466633,,,,,,0.55418646,0.019742948770523072,28540.878520011902,1795000,0.03515625,0.0043945312,0.096583664,0.09924227,0.04786277,6.8378344e-05,-70.06616,0.002590227,0.0,0.2596771,0.2596771,0.1,1.0,0.010803031,0.5551361,-68.08879,794868.0,1.0,1.0,237.0,4.5001137256622314,100.0
0.00016832171,0.0,,,,,,,0.43186265,-3.6179698,-67.23033,-98.67185,0.589815,-0.69420725,21.225735,,,,,,0.47856057,0.019429073286056517,28638.02389383316,1800000,0.078125,0.009765625,0.04379693,0.04669791,0.07073259,0.00016832171,-67.332184,0.0027326567,0.0,0.2779895,0.2779895,0.1,1.0,0.005292004,0.58301777,-59.722908,799871.0,1.0,1.0,243.0,4.621701955795288,100.0
7.4341835e-05,0.0,,,,,,,0.38623345,-4.925522,-70.44678,-98.85774,1.1621332,-0.8757767,14.705118,,,,,,0.4027811,0.025359590768814087,28764.82185435295,1805000,0.0546875,0.0068359375,0.0132170245,0.016547661,0.030104876,7.4341835e-05,-70.539276,0.003256295,0.0,0.27551877,0.27551877,0.1,1.0,0.0073721297,0.57077575,-68.33824,804362.0,1.0,1.0,206.0,3.9143972396850586,100.0
3.466342e-05,0.0,,,,,,,0.38812461,-3.146094,-67.07182,-98.213806,1.2103398,-1.2209827,50.76737,,,,,,0.47939208,0.019426887941360473,28861.956300735474,1810000,0.03125,0.00390625,0.08748347,0.091267474,0.019927025,3.466342e-05,-67.19466,0.0037493438,0.0,0.3599395,0.3599395,0.1,1.0,0.0077268183,0.5354492,-63.22688,809952.0,1.0,1.0,686.0,13.034996271133423,100.0
4.8088958e-05,0.0,,,,,,,0.29411966,-6.5878983,-71.98047,-98.96892,0.8099072,-0.8216993,30.287922,,,,,,0.34507787,0.019547606468200685,28959.69434094429,1815000,0.04296875,0.0053710938,0.047566712,0.05095822,0.026406169,4.8088958e-05,-72.091156,0.0033434164,0.0,0.29279232,0.29279232,0.1,1.0,0.0063258484,0.6164375,-68.49865,814943.0,1.0,1.0,264.0,5.020201921463013,100.0
0.00010668731,0.0,,,,,,,0.63798106,-1.3312414,-69.27044,-98.65889,0.88090664,-0.595133,22.396923,,,,,,0.6732869,0.0195846773147583,29057.617733716965,1820000,0.046875,0.0063476562,0.0310166,0.035305865,0.11283767,0.00010668731,-69.338745,0.004182576,0.0,0.30543494,0.30543494,0.1,1.0,0.008237154,0.5651388,-66.97339,819729.0,1.0,1.0,233.0,4.923038959503174,100.0
9.280996e-05,0.0,,,,,,,1.165765,-1.4861383,-70.0636,-99.071304,0.9970145,-0.85233796,71.88109,,,,,,1.4317555,0.019527283143997192,29155.25415635109,1825000,0.0625,0.0078125,0.2634486,0.26599053,0.05031681,9.280996e-05,-70.10632,0.0024491341,0.0,0.20711917,0.20711917,0.1,1.0,0.0031533546,0.6178694,-68.46921,824941.0,1.0,1.0,212.0,4.007632493972778,100.0
6.788684e-05,0.0,,,,,,,0.5015138,2.7457416,-68.090225,-98.69898,0.7436091,-0.46167654,36.03954,,,,,,0.59108,0.019556943273544312,29253.038880586624,1830000,0.0390625,0.0048828125,0.08449322,0.089566246,0.027817965,6.788684e-05,-68.217316,0.005005134,0.0,0.31957492,0.31957492,0.1,1.0,0.0051870057,0.6155505,-69.97072,829956.0,1.0,1.0,230.0,4.367832899093628,100.0
0.00018288812,0.0,,,,,,,0.510955,0.25989708,-68.70511,-99.14464,0.31318817,-0.38203636,16.645668,,,,,,0.54482806,0.01958427448272705,29350.96025967598,1835000,0.0390625,0.0053710938,0.03068205,0.033873066,0.14498973,0.00018288812,-68.77519,0.0030081277,0.0,0.19381571,0.19381571,0.1,1.0,0.0052263443,0.5518851,-70.581795,834990.0,1.0,1.0,391.0,7.453004837036133,100.0
0.00016788667,0.0,,,,,,,0.49513856,-1.9451146,-67.91936,-98.71718,0.7468432,-0.6928765,20.50094,,,,,,0.54609203,0.019461091470718384,29448.265724897385,1840000,0.0625,0.0078125,0.047655463,0.050953448,0.06048739,0.00016788667,-68.035645,0.0031300974,0.0,0.1820668,0.1820668,0.1,1.0,0.002374064,0.59096766,-72.75453,839343.0,1.0,1.0,244.0,4.629030466079712,100.0
9.4127085e-05,0.0,,,,,,,0.6835496,0.7739013,-70.14353,-99.01503,1.0591079,-1.1641064,27.913641,,,,,,0.76116073,0.019534160327911377,29545.936532735825,1845000,0.03515625,0.0048828125,0.06949764,0.07761117,0.077023745,9.4127085e-05,-70.275795,0.008019402,0.0,0.2143815,0.2143815,0.1,1.0,0.0093459785,0.5647192,-70.28899,844830.0,1.0,1.0,231.0,4.405177593231201,100.0
0.000116913056,0.0,,,,,,,0.5777226,-5.0940156,-68.9284,-98.82264,0.53070134,-0.55292654,27.951515,,,,,,0.6529696,0.019455105352401733,29643.21206665039,1850000,0.0546875,0.0068359375,0.072215356,0.075246975,0.06576729,0.000116913056,-69.145424,0.0029147048,0.0,0.23550883,0.23550883,0.1,1.0,0.004730044,0.5959678,-66.16143,849967.0,0.0,0.0,1000.0,19.46916365623474,0.0
7.448025e-05,0.0,,,,,,,0.3988548,-6.335323,-69.67424,-98.65739,0.8071088,-0.72812366,18.305443,,,,,,0.44544527,0.01943926420211792,29740.408398151398,1855000,0.03515625,0.0043945312,0.043507077,0.04659048,0.07525647,7.448025e-05,-69.78403,0.003008924,0.0,0.21548203,0.21548203,0.1,1.0,0.0030780416,0.639827,-72.24238,854868.0,1.0,1.0,206.0,3.872952938079834,100.0
9.0504764e-05,0.0,,,,,,,2.3612313,-10.906806,-67.356,-98.78572,1.4564115,-1.770244,44.935863,,,,,,2.472987,0.01942257423400879,29837.521275281906,1860000,0.04296875,0.0053710938,0.10590863,0.11175563,0.0625304,9.0504764e-05,-67.43043,0.0057564983,0.0,0.36716607,0.36716607,0.1,1.0,0.013372586,0.63206595,-60.27935,859815.0,1.0,1.0,205.0,3.871002435684204,100.0
0.00016468845,0.0,,,,,,,0.75678575,-2.7982507,-69.87741,-98.80235,0.47383836,-0.47595814,22.285307,,,,,,0.8377793,0.019393299245834352,29934.487777471542,1865000,0.08203125,0.010253906,0.07632692,0.080993526,0.06510711,0.00016468845,-70.01424,0.0045019193,0.0,0.27151185,0.27151185,0.1,1.0,0.003926294,0.6257094,-69.83209,864875.0,1.0,1.0,191.0,3.6012933254241943,100.0
3.755471e-05,0.0,,,,,,,0.3638044,0.10757163,-69.68452,-98.77057,0.7804406,-0.58856064,21.373894,,,,,,0.42090863,0.01944867515563965,30031.731160402298,1870000,0.02734375,0.0034179688,0.055425756,0.057104215,0.026189327,3.755471e-05,-69.713844,0.0016409062,0.0,0.15835318,0.15835318,0.1,1.0,0.002791908,0.51710844,-73.097855,869768.0,1.0,1.0,219.0,4.628105878829956,100.0
0.00019979471,0.0,,,,,,,0.5120527,0.08948085,-68.20008,-98.89006,0.43454695,-0.38213953,17.314701,,,,,,0.5404499,0.019431487321853638,30128.88860321045,1875000,0.07421875,0.009765625,0.02605695,0.02839719,0.06545913,0.00019979471,-68.26674,0.002140443,0.0,0.24115624,0.24115624,0.1,1.0,0.002529643,0.6400433,-67.52229,874841.0,1.0,1.0,197.0,4.183242321014404,100.0
7.728854e-05,0.0,,,,,,,0.5593494,0.24157283,-69.09006,-98.823586,0.87480897,-0.6816035,27.073418,,,,,,0.60821,0.019434856319427492,30226.062891960144,1880000,0.03125,0.00390625,0.04595904,0.048860617,0.06567705,7.728854e-05,-69.2489,0.0028242865,0.0,0.3059818,0.3059818,0.1,1.0,0.004286914,0.5943506,-66.43211,879929.0,1.0,1.0,215.0,4.046146392822266,100.0
4.0281448e-05,0.0,,,,,,,0.34223425,-4.029587,-65.360596,-98.58144,0.6051744,-0.40831307,16.927435,,,,,,0.37462047,0.0194912202835083,30323.51900744438,1885000,0.05078125,0.0063476562,0.028003467,0.03238622,0.024907827,4.0281448e-05,-65.39113,0.004342471,0.0,0.17231041,0.17231041,0.1,1.0,0.0028697215,0.5944629,-67.39888,884916.0,0.0,0.0,1000.0,19.51806902885437,0.0
0.00013954146,0.0,,,,,,,0.57234174,-5.7023044,-68.146065,-98.84103,1.2553209,-0.75328815,22.389355,,,,,,0.65117586,0.019491147756576538,30420.97475385666,1890000,0.078125,0.010253906,0.07440999,0.07883413,0.05749452,0.00013954146,-68.305885,0.004284598,0.0,0.41714525,0.41714525,0.1,1.0,0.0063090813,0.63055384,-69.62478,889849.0,1.0,1.0,244.0,5.1187827587127686,100.0
1.9392348e-05,0.0,,,,,,,0.6499245,3.176365,-67.91371,-98.65669,0.8236104,-0.53729373,31.239536,,,,,,0.70480835,0.01964694209098816,30519.209470510483,1895000,0.02734375,0.0034179688,0.05123914,0.054883868,0.012312055,1.9392348e-05,-67.983536,0.0036253347,0.0,0.33245635,0.33245635,0.1,1.0,0.0027186128,0.59624094,-71.16217,894881.0,1.0,1.0,191.0,3.610171318054199,100.0
5.5994722e-05,0.0,,,,,,,0.4482696,0.36668736,-67.57829,-98.60591,0.42076635,-0.5596348,19.088902,,,,,,0.51090175,0.019441524648666383,30616.417100191116,1900000,0.05078125,0.0063476562,0.05650717,0.062632166,0.02966261,5.5994722e-05,-67.62633,0.0060690073,0.0,0.31965613,0.31965613,0.1,1.0,0.004230283,0.60253125,-62.36621,899559.0,1.0,1.0,279.0,5.265439033508301,100.0
8.243247e-05,0.0,,,,,,,0.53648525,1.6513383,-70.14011,-98.70959,0.8254532,-0.43667346,26.155344,,,,,,0.60288054,0.024022188520431517,30736.528049230576,1905000,0.05859375,0.0078125,0.05993194,0.06639528,0.064291835,8.243247e-05,-70.23317,0.0063809054,0.0,0.49542785,0.49542785,0.1,1.0,0.0070221983,0.53127605,-65.70926,904832.0,1.0,1.0,226.0,4.276851177215576,100.0
7.748109e-05,0.0,,,,,,,0.9888272,-1.4153074,-68.723915,-98.65765,0.5659863,-0.5500085,23.216686,,,,,,1.0362561,0.019450784301757812,30833.781977653503,1910000,0.0390625,0.0053710938,0.04368896,0.047428902,0.05747044,7.748109e-05,-68.85477,0.003662458,0.0,0.32445836,0.32445836,0.1,1.0,0.0067422492,0.5549495,-71.69075,909978.0,1.0,1.0,191.0,3.612305164337158,100.0
8.4378815e-05,0.0,,,,,,,0.38873622,0.10923147,-68.38077,-98.88318,0.9360504,-0.5745036,24.438318,,,,,,0.43649638,0.01944634108543396,30931.013692617416,1915000,0.06640625,0.008300781,0.044213925,0.04776015,0.03485644,8.4378815e-05,-68.49875,0.0034618494,0.0,0.24803327,0.24803327,0.1,1.0,0.0038590129,0.59263396,-74.54443,914986.0,1.0,1.0,242.0,4.558718681335449,100.0
9.053532e-05,0.0,,,,,,,0.51360774,-7.569479,-68.43538,-99.0656,0.48456442,-0.57469743,22.800217,,,,,,0.53415465,0.01941643805503845,31028.09588909149,1920000,0.05078125,0.0068359375,0.01751614,0.020546883,0.04907918,9.053532e-05,-68.46475,0.0029402073,0.0,0.25102544,0.25102544,0.1,1.0,0.004844035,0.56935644,-65.40562,919810.0,1.0,1.0,194.0,3.662888288497925,100.0
8.770655e-05,0.0,,,,,,,0.58145624,-6.899213,-67.88676,-98.73604,0.5855831,-0.4424024,22.54768,,,,,,0.70589715,0.019554814243316652,31125.869965791702,1925000,0.0625,0.0078125,0.120172724,0.12444093,0.06076169,8.770655e-05,-67.9698,0.004180498,0.0,0.27028137,0.27028137,0.1,1.0,0.0044330973,0.5618556,-69.47544,924867.0,0.0,0.0,1000.0,19.514787435531616,0.0
4.3908774e-05,0.0,,,,,,,0.48693848,-4.6424503,-69.51779,-98.9306,0.43524098,-0.30186275,16.439377,,,,,,0.52619016,0.01946486439704895,31223.194294452667,1930000,0.03515625,0.0043945312,0.036708415,0.039251715,0.025754094,4.3908774e-05,-69.65776,0.0024993916,0.0,0.22011021,0.22011021,0.1,1.0,0.004796306,0.5696592,-69.37509,929922.0,1.0,1.0,222.0,4.677097320556641,100.0
5.0791365e-05,0.0,,,,,,,0.5490141,-6.167754,-67.81776,-98.54818,0.7029661,-0.79928285,33.418472,,,,,,0.6257477,0.01943671865463257,31320.377893686295,1935000,0.046875,0.005859375,0.071901396,0.076733604,0.03176236,5.0791365e-05,-67.976006,0.0047814157,0.0,0.29854184,0.29854184,0.1,1.0,0.008538177,0.63545644,-63.384132,934750.0,1.0,1.0,300.0,6.1031763553619385,100.0
0.000109544955,0.0,,,,,,,0.44842678,0.5839167,-66.60129,-98.562485,0.49222714,-0.4300628,21.117588,,,,,,0.5226023,0.019401222324371338,31417.384011507034,1940000,0.046875,0.005859375,0.07077776,0.074175514,0.04056251,0.000109544955,-66.69743,0.0032882076,0.0,0.3129195,0.3129195,0.1,1.0,0.02421108,0.571654,-61.743298,939842.0,1.0,1.0,193.0,3.63891863822937,100.0
6.607879e-05,0.0,,,,,,,0.4370538,-2.3022425,-68.513504,-99.077324,0.49086502,-0.45206904,15.92371,,,,,,0.4733882,0.019405016946792603,31514.4091026783,1945000,0.05078125,0.0068359375,0.033599973,0.036334384,0.03952813,6.607879e-05,-68.54863,0.0026683318,0.0,0.2521397,0.2521397,0.1,1.0,0.0041892636,0.62910104,-66.3954,944650.0,1.0,1.0,262.0,4.953351974487305,100.0
6.303773e-05,0.0,,,,,,,0.39049977,-6.5681806,-71.046234,-98.91523,0.43809336,-0.29967925,15.307121,,,,,,0.44991422,0.019484201192855835,31611.83011507988,1950000,0.046875,0.005859375,0.05519845,0.059414446,0.025107265,6.303773e-05,-71.094696,0.004152958,0.0,0.22544426,0.22544426,0.1,1.0,0.0040862476,0.5525357,-73.251434,949902.0,1.0,1.0,196.0,3.7065975666046143,100.0
3.577018e-05,0.0,,,,,,,0.6939888,-9.505195,-68.55351,-98.67449,0.6277694,-0.59751153,24.922691,,,,,,0.72380376,0.019529591703414916,31709.478080034256,1955000,0.05078125,0.0063476562,0.024743685,0.029814987,0.02350521,3.577018e-05,-68.64,0.0050355303,0.0,0.3279068,0.3279068,0.1,1.0,0.013070492,0.634398,-65.671715,954790.0,1.0,1.0,205.0,3.877009153366089,100.0
6.470166e-05,0.0,,,,,,,0.36960322,-3.0119379,-69.56078,-98.812904,0.2885011,-0.5212335,17.689453,,,,,,0.4503256,0.01947273292541504,31806.841751098633,1960000,0.046875,0.005859375,0.07638338,0.08072239,0.037199616,6.470166e-05,-69.72001,0.0042743064,0.0,0.24577233,0.24577233,0.1,1.0,0.0045781983,0.59095234,-61.212772,959962.0,0.0,0.0,1000.0,19.513903856277466,0.0
7.54068e-05,0.0,,,,,,,0.7264157,-2.271163,-67.97635,-98.53929,0.6039,-0.6416606,18.080862,,,,,,0.76097804,0.019558451175689696,31904.634012937546,1965000,0.04296875,0.0053710938,0.03141544,0.03456233,0.06753826,7.54068e-05,-68.07765,0.003071482,0.0,0.2741217,0.2741217,0.1,1.0,0.0054757865,0.57521284,-63.981728,964973.0,1.0,1.0,233.0,4.360032320022583,100.0
0.000105679675,0.0,,,,,,,0.69540876,-2.0808282,-68.500854,-98.750145,0.8788146,-0.75754917,32.691994,,,,,,0.77281076,0.0194619647026062,32001.943843364716,1970000,0.04296875,0.005859375,0.07231879,0.07740202,0.06306028,0.000105679675,-68.59523,0.0049775494,0.0,0.3405848,0.3405848,0.1,1.0,0.0046315566,0.6042181,-68.96123,969591.0,1.0,1.0,240.0,4.517706871032715,100.0
0.00012532686,0.0,,,,,,,0.32809556,0.1600898,-70.28508,-98.491455,0.29998773,-0.36481035,11.258833,,,,,,0.36537308,0.019403170728683472,32098.959703445435,1975000,0.07421875,0.009765625,0.03442616,0.037277527,0.047794104,0.00012532686,-70.41714,0.0027260405,0.0,0.2211251,0.2211251,0.1,1.0,0.0021108245,0.551664,-70.30391,974764.0,1.0,1.0,247.0,4.635791540145874,100.0
0.00013624784,0.0,,,,,,,0.47889,2.0859926,-67.469696,-98.948326,1.2354048,-1.3918805,43.046623,,,,,,0.64993584,0.019466128730773927,32196.290353775024,1980000,0.04296875,0.0053710938,0.16627008,0.17104581,0.115808964,0.00013624784,-67.57662,0.004639487,0.0,0.29818255,0.29818255,0.1,1.0,0.0031769702,0.59208465,-68.200905,979993.0,1.0,1.0,321.0,6.045217037200928,100.0
5.7607132e-05,0.0,,,,,,,0.54292166,-4.6971617,-66.427795,-98.99327,0.42944464,-0.39112,17.606535,,,,,,0.56965613,0.01934752254486084,32293.02797269821,1985000,0.05078125,0.0068359375,0.023715597,0.026734494,0.019061804,5.7607132e-05,-66.558304,0.0029612891,0.0,0.35363606,0.35363606,0.1,1.0,0.0077953245,0.52811193,-65.681946,984137.0,1.0,1.0,306.0,5.64531135559082,100.0
5.053787e-05,0.0,,,,,,,0.5041822,0.8086069,-66.23891,-98.54718,0.90008235,-0.81112444,38.01975,,,,,,0.59224427,0.018833524703979494,32387.19560289383,1990000,0.03515625,0.0043945312,0.08379582,0.088062026,0.026029944,5.053787e-05,-66.3904,0.004215667,0.0,0.29910088,0.29910088,0.1,1.0,0.00757012,0.54165184,-65.30458,989851.0,1.0,1.0,268.0,5.37850546836853,100.0
6.082724e-05,0.0,,,,,,,0.32503504,-5.048493,-71.41766,-98.96019,0.6837086,-0.73103154,16.468536,,,,,,0.36087596,0.018535240840911866,32479.871813058853,1995000,0.04296875,0.0053710938,0.032429848,0.035840917,0.041158557,6.082724e-05,-71.49777,0.0033502416,0.0,0.2104302,0.2104302,0.1,1.0,0.0026161978,0.57213676,-72.03955,994663.0,1.0,1.0,258.0,4.621000289916992,100.0
3.120565e-05,0.0,,,,,,,0.7205215,-0.16552459,-70.66505,-99.06448,2.0310016,-1.4531527,45.88011,,,,,,0.7641398,0.018589576292037963,32572.819700717926,2000000,0.03125,0.00390625,0.03978836,0.04361824,0.018119216,3.120565e-05,-70.78729,0.0037986725,0.0,0.26705438,0.26705438,0.1,1.0,0.004042549,0.63266194,-61.688236,999848.0,1.0,1.0,230.0,4.232198476791382,100.0
