training/actor/actor_loss,training/actor/bound_loss,training/actor/mse,training/actor/q,training/actor/q_loss,training/alpha/current_vs_historical_ratio,training/alpha/historical_avg_loss,training/alpha/max_alpha_bound,training/alpha/min_alpha_bound,training/alpha/valid_count,training/alpha_weight,training/critic/critic_loss,training/critic/q_max,training/critic/q_mean,training/critic/q_min,training/grad/max,training/grad/min,training/grad/norm,training/meanflow/consistency_loss,training/meanflow/flow_loss,training/meanflow/mean_flow_loss,training/metrics/actor_learning_rate,training/metrics/critic_learning_rate,training/total_loss,time/epoch_time,time/total_time,step,exploration/goal_achieved,exploration/total.timesteps,exploration/episode.final_reward,exploration/episode.return,exploration/episode.length,exploration/episode.duration,exploration/episode.normalized_return
-0.19262886,0.0,0.51240224,0.19262886,-0.19262886,1.0,0.0,90000.0,900.0,0,9000.0,16.909061,3.8560033,0.30027467,-3.086927,13308.725,-12338.309,244814.38,0.100370616,0.9441237,0.9441237,0.0,1e-04,8513.83,0.009062345504760743,45.31173229217529,0,,,,,,,
-36.412926,0.033965237,0.08335885,36.44689,-36.44689,25180858.0,0.0,90000.0,900.0,2,9000.0,2.5801365,311.65024,36.573486,-7.1588693,6423.723,-6137.7354,185071.67,0.01619024,0.25180858,0.25180858,1e-05,1e-04,2232.4446,0.01070974841117859,98.86047911643982,5000,,,,,,,
-97.66083,0.014492789,0.044243507,97.67532,-97.67532,19175560.0,0.0,90000.0,900.0,4,9000.0,2.697052,615.798,97.77057,-9.57769,8091.4087,-11159.952,169108.3,0.0073973862,0.1917556,0.1917556,2e-05,1e-04,1630.8365,0.0036421836376190186,117.07140183448792,10000,,,,,,,
-166.93097,0.012873243,0.040430307,166.94385,-166.94385,14161244.0,0.0,90000.0,900.0,7,9000.0,4.9615064,890.786,167.01996,-10.404627,8040.9404,-10622.042,121951.375,0.0076123327,0.14161244,0.14161244,3e-05,1e-04,1112.5425,0.00369966254234314,135.5697214603424,15000,,,,,,,
-212.47061,0.01049309,0.03982611,212.48111,-212.48111,14370392.0,0.0,90000.0,900.0,9,9000.0,8.104877,1132.985,212.225,-10.317319,7653.3853,-8848.628,96401.125,0.005438374,0.14370392,0.14370392,4e-05,1e-04,1088.9696,0.003714241647720337,154.1409342288971,20000,,,,,,,
-297.4013,0.016655752,0.041233964,297.41797,-297.41797,1.8729031,0.087477766,90000.0,900.0,12,9000.0,13.400231,1340.6266,297.34717,-8.844381,13316.077,-3985.7734,81345.02,0.007099154,0.16383737,0.16383737,5e-05,1e-04,1190.5353,0.0036836380004882812,172.55912923812866,25000,,,,,,,
-381.42746,0.00932823,0.033098083,381.4368,-381.4368,1.1508039,0.1213356,90000.0,900.0,14,9000.0,17.628859,1517.1346,381.28992,-10.493854,7722.5684,-4463.0015,65770.48,0.004577012,0.13963349,0.13963349,6e-05,1e-04,892.90283,0.003671070337295532,190.9144856929779,30000,,,,,,,
-466.66077,0.012535886,0.031999923,466.6733,-466.6733,0.8814573,0.14748526,90000.0,900.0,17,9000.0,18.784082,1663.4225,466.42163,-12.256911,6112.94,-4297.894,55997.734,0.005174279,0.13000196,0.13000196,6.9999995e-05,1e-04,722.141,0.003675933885574341,209.29415941238403,35000,,,,,,,
-488.34018,0.010112659,0.032581113,488.35028,-488.35028,0.8396825,0.1581253,90000.0,900.0,19,9000.0,29.235298,1788.4781,487.95364,20.458763,3945.0393,-2628.9233,48415.566,0.005421454,0.13277505,0.13277505,8e-05,1e-04,735.8706,0.003683392095565796,227.71112442016602,40000,,,,,,,
-478.56967,0.008993476,0.027878592,478.57867,-478.57867,0.90771693,0.1420346,90000.0,900.0,20,9000.0,51.05494,1893.5586,477.6171,66.55393,3348.9834,-4475.067,58782.082,0.004933232,0.12892722,0.12892722,8.9999994e-05,1e-04,732.8302,0.0036752219676971436,246.08724069595337,45000,,,,,,,
-544.8975,0.009000107,0.027797496,544.9065,-544.9065,0.78804094,0.13459064,90000.0,900.0,20,9000.0,36.06518,1977.0223,544.42676,73.39261,2571.9648,-5093.593,49109.99,0.005781895,0.10606294,0.10606294,1e-04,1e-04,445.73413,0.0036720446586608886,264.447468996048,50000,,,,,,,
-560.9089,0.0074167335,0.02726862,560.9163,-560.9163,0.91781616,0.12485538,90000.0,900.0,20,9000.0,47.182198,2052.4592,560.2573,76.98538,2639.6445,-3080.267,37336.96,0.0039256383,0.11459428,0.11459428,9.999385e-05,1e-04,517.6218,0.003607357311248779,282.4842600822449,55000,,,,,,,
-552.2263,0.010110301,0.023346521,552.23645,-552.23645,0.79250467,0.12118065,90000.0,900.0,20,9000.0,49.493443,2111.7622,551.4907,108.14445,1664.3884,-1880.7228,41015.062,0.004318365,0.09603624,0.09603624,9.99754e-05,1e-04,361.5933,0.003675217056274414,300.86034989356995,60000,,,,,,,
-673.5532,0.006584785,0.018744865,673.5598,-673.5598,0.8329799,0.11690036,90000.0,900.0,20,9000.0,47.329975,2162.1433,672.65344,112.56621,1861.5752,-1509.5065,30357.74,0.0025605797,0.09737565,0.09737565,9.994465e-05,1e-04,250.1576,0.003757715368270874,319.6489317417145,65000,,,,,,,
-672.9444,0.009200958,0.019963512,672.9536,-672.9536,0.7959387,0.11209303,90000.0,900.0,20,9000.0,45.776726,2219.5884,672.8822,166.68031,1333.0966,-2156.7837,30695.521,0.0024915948,0.089219175,0.089219175,9.990162e-05,1e-04,175.80493,0.003789036989212036,338.5941216945648,70000,,,,,,,
-643.62115,0.009829173,0.023269447,643.631,-643.631,1.0060806,0.10642435,90000.0,900.0,20,9000.0,50.547916,2264.522,643.16986,180.86436,1983.3046,-1555.0101,39186.695,0.002982965,0.107071474,0.107071474,9.984629e-05,1e-04,370.57,0.0037660644054412842,357.4244508743286,75000,,,,,,,
-638.2569,0.0071475,0.020403162,638.26404,-638.26404,0.9102504,0.1037456,90000.0,900.0,20,9000.0,27.70975,2307.9397,637.4998,175.61235,1017.11884,-1580.1648,26414.043,0.003198239,0.09443448,0.09443448,9.977873e-05,1e-04,239.36316,0.0037054337978363037,375.95162558555603,80000,,,,,,,
-631.4897,0.007007903,0.016901216,631.4967,-631.4967,0.96008086,0.096004024,90000.0,900.0,20,9000.0,30.779789,2348.161,630.45575,161.71849,1894.5001,-1378.7832,28162.787,0.0036605368,0.092171624,0.092171624,9.969891e-05,1e-04,228.83472,0.0037273694515228273,394.58847737312317,85000,,,,,,,
-601.6116,0.0068556163,0.016181482,601.6184,-601.6184,0.7823162,0.09284541,90000.0,900.0,20,9000.0,36.323784,2378.1782,600.6732,135.0163,915.5902,-526.3434,25165.604,0.002251163,0.072634466,0.072634466,9.9606885e-05,1e-04,88.422424,0.0037240480422973633,413.2087228298187,90000,,,,,,,
-618.767,0.0077293348,0.0159965,618.7748,-618.7748,0.8490906,0.08769926,90000.0,900.0,20,9000.0,25.918774,2401.079,617.8394,119.85029,868.80865,-1417.6808,25302.635,0.0019869884,0.07446461,0.07446461,9.950265e-05,1e-04,77.33325,0.0037061021327972413,431.73923778533936,95000,,,,,,,
-633.7362,0.0038114619,0.015293537,633.74,-633.74,0.7887432,0.086441346,90000.0,900.0,20,9000.0,36.202957,2420.5322,633.363,120.85939,1089.3794,-1299.5396,26978.516,0.0023831115,0.068180025,0.068180025,9.938626e-05,1e-04,16.086975,0.0036542964458465576,450.0107247829437,100000,,,,,,,
-640.184,0.0066551506,0.015155305,640.1907,-640.1907,0.97745925,0.081422396,90000.0,900.0,20,9000.0,42.361794,2433.5442,639.34644,103.09452,929.1204,-951.173,27230.426,0.0025001857,0.07958707,0.07958707,9.9257726e-05,1e-04,118.461426,0.008434498834609986,492.18322372436523,105000,,,,,,,
-604.8163,0.0073268143,0.011816111,604.8236,-604.8236,0.95491374,0.07945698,90000.0,900.0,20,9000.0,41.19484,2441.2163,603.47723,91.28865,1434.0562,-928.93726,38010.656,0.0016883892,0.07587456,0.07587456,9.91171e-05,1e-04,119.24957,0.003792224407196045,511.1443507671356,110000,,,,,,,
-594.8599,0.0059262314,0.01632594,594.86584,-594.86584,1.1899588,0.07819611,90000.0,900.0,20,9000.0,34.036743,2446.16,593.6968,79.24658,772.4642,-1144.9873,26683.912,0.002300608,0.093050145,0.093050145,9.896442e-05,1e-04,276.6281,0.0038946455478668213,530.6175880432129,115000,,,,,,,
-586.75555,0.0052082324,0.01571241,586.76074,-586.76074,0.8037142,0.07622024,90000.0,900.0,20,9000.0,55.48066,2457.6152,586.11017,83.41528,679.5313,-627.4173,25384.557,0.0019904096,0.061259285,0.061259285,9.8799705e-05,1e-04,20.058655,0.003954217529296875,550.388680934906,120000,,,,,,,
-633.6467,0.006649576,0.016450142,633.6534,-633.6534,0.8592076,0.073360555,90000.0,900.0,20,9000.0,24.413763,2463.4048,632.80994,87.46875,642.89374,-528.4696,28894.217,0.0030425836,0.06303194,0.06303194,9.8623015e-05,1e-04,-41.945496,0.003955529117584228,570.1663315296173,125000,,,,,,,
-582.7226,0.007458524,0.013432609,582.73004,-582.73004,0.9500116,0.07211994,90000.0,900.0,20,9000.0,22.23589,2462.5166,582.62024,149.7741,838.339,-604.5764,28169.902,0.001743059,0.06851478,0.06851478,9.843441e-05,1e-04,56.1463,0.003967051601409912,590.0015943050385,130000,,,,,,,
-547.117,0.005284148,0.013332549,547.1223,-547.1223,0.75507647,0.07149029,90000.0,900.0,20,9000.0,18.698015,2447.706,546.5624,156.0329,657.28687,-687.9574,20976.81,0.0017001894,0.053980634,0.053980634,9.823391e-05,1e-04,-42.593292,0.003897926330566406,609.4912309646606,135000,,,,,,,
-604.77155,0.0067951027,0.013074156,604.7783,-604.7783,1.1307592,0.0708595,90000.0,900.0,20,9000.0,20.648285,2446.728,604.2185,136.79846,732.8029,-756.4401,28422.496,0.002159841,0.080125034,0.080125034,9.8021614e-05,1e-04,137.00201,0.003970595693588257,629.3442144393921,140000,,,,,,,
-574.641,0.006470385,0.012233186,574.64746,-574.64746,0.8171609,0.07138919,90000.0,900.0,20,9000.0,33.226814,2417.506,574.43243,109.45883,931.8188,-1073.2183,32563.578,0.0020570324,0.058336455,0.058336455,9.779754e-05,1e-04,-16.386108,0.004002399444580078,649.3562164306641,145000,,,,,,,
-575.175,0.0050541866,0.016922899,575.18005,-575.18005,1.1700499,0.07104272,90000.0,900.0,20,9000.0,28.08616,2417.9966,573.97644,86.44525,561.1789,-1095.1898,35264.188,0.002769349,0.08312353,0.08312353,9.756177e-05,1e-04,201.02295,0.003996982908248901,669.3411362171173,150000,,,,,,,
-528.79016,0.002586338,0.023316624,528.7927,-528.7927,0.7761387,0.07091461,90000.0,900.0,20,9000.0,66.84047,2386.0269,526.60986,78.31537,1033.1298,-2391.4248,43252.17,0.0025397518,0.055039577,0.055039577,9.7314376e-05,1e-04,33.406494,0.0039633740425109865,689.1580123901367,155000,,,,,,,
-576.8185,0.0030527064,0.014534052,576.82153,-576.82153,0.7355808,0.0731679,90000.0,900.0,20,9000.0,30.733418,2393.3083,576.1565,90.88498,587.2848,-894.016,29938.236,0.0016743956,0.0538209,0.0538209,9.7055396e-05,1e-04,-61.69699,0.003909784317016602,708.7069387435913,160000,,,,,,,
-528.4463,0.0025483675,0.012798024,528.44885,-528.44885,0.7543657,0.07279294,90000.0,900.0,20,9000.0,19.460552,2350.789,527.14044,109.802246,782.9013,-952.2972,29091.53,0.0018275467,0.054912493,0.054912493,9.6784934e-05,1e-04,-14.773315,0.003984580278396607,728.6298453807831,165000,,,,,,,
-556.73145,0.0064553027,0.012441651,556.7379,-556.7379,1.0970181,0.07148899,90000.0,900.0,20,9000.0,28.287617,2381.7173,556.64465,87.528786,778.578,-527.912,30488.227,0.0016388625,0.07842472,0.07842472,9.6503034e-05,1e-04,177.37866,0.003986579513549805,748.5627472400665,170000,,,,,,,
-552.56793,0.0076402402,0.01598852,552.57556,-552.57556,0.7875275,0.07231086,90000.0,900.0,20,9000.0,25.070251,2366.4668,551.72156,100.88022,847.5714,-430.0967,23984.332,0.0019259963,0.05694679,0.05694679,9.62098e-05,1e-04,-14.9765625,0.0039398512363433835,768.2620089054108,175000,,,,,,,
-554.9823,0.0039082393,0.0112131005,554.9862,-554.9862,0.9404142,0.070976734,90000.0,900.0,20,9000.0,19.344625,2312.9465,554.52997,102.39013,624.5574,-663.96936,24669.86,0.0014561861,0.066747524,0.066747524,9.59053e-05,1e-04,65.09003,0.003926810216903686,787.8960659503937,180000,,,,,,,
-510.24377,0.0050355317,0.014747655,510.2488,-510.2488,1.4310559,0.06910047,90000.0,900.0,20,9000.0,11.355985,2306.0786,509.99734,93.76684,579.0317,-513.4789,27571.105,0.0019469333,0.09888664,0.09888664,9.558961e-05,1e-04,391.09195,0.003913617181777954,807.4641575813293,185000,,,,,,,
-510.6104,0.003515133,0.011622862,510.61392,-510.61392,0.9916438,0.06835403,90000.0,900.0,20,9000.0,12.548186,2369.4536,510.208,68.48806,556.56244,-481.7063,24873.56,0.0019943877,0.06778285,0.06778285,9.526282e-05,1e-04,111.98343,0.00387442512512207,826.8362879753113,190000,,,,,,,
-503.0041,0.0051300814,0.011682683,503.00922,-503.00922,0.7865721,0.065894775,90000.0,900.0,20,9000.0,11.6265,2357.599,502.7826,72.793724,1290.3425,-1088.8878,32785.25,0.0020588175,0.051830992,0.051830992,9.4925024e-05,1e-04,-24.898651,0.0038581986904144285,846.1272859573364,195000,,,,,,,
-433.11142,0.0066483538,0.010509107,433.11807,-433.11807,1.0272604,0.062642336,90000.0,900.0,20,9000.0,10.54336,2267.6914,432.43475,58.92834,812.86816,-878.9642,30029.977,0.0014671258,0.064349994,0.064349994,9.457632e-05,1e-04,156.58191,0.0038025116443634035,865.1398487091064,200000,,,,,,,
-464.72107,0.003522648,0.011130427,464.72458,-464.72458,0.8533905,0.062438514,90000.0,900.0,20,9000.0,8.9189,2349.0015,464.53882,42.484993,442.7419,-339.87225,21371.318,0.0013054614,0.053284433,0.053284433,9.42168e-05,1e-04,23.75772,0.008184812784194946,906.0639209747314,205000,,,,,,,
-427.62772,0.0067514377,0.010831436,427.63446,-427.63446,1.0213487,0.06206603,90000.0,900.0,20,9000.0,11.463862,2258.922,427.33154,38.95085,881.91406,-543.78534,24877.436,0.0015289701,0.06339106,0.06339106,9.384654e-05,1e-04,154.35568,0.003945719718933105,925.7925248146057,210000,,,,,,,
-500.86798,0.004180702,0.00876323,500.87216,-500.87216,0.8844354,0.06045265,90000.0,900.0,20,9000.0,8.194181,2350.6768,500.26807,31.892757,647.6065,-608.7749,27103.395,0.0011474126,0.053466465,0.053466465,9.346567e-05,1e-04,-11.475616,0.003783083200454712,944.7079458236694,215000,,,,,,,
-481.49207,0.00414933,0.009937758,481.49622,-481.49622,0.87160915,0.060257234,90000.0,900.0,20,9000.0,9.62868,2348.3545,481.32703,25.03565,304.126,-285.24585,21641.908,0.001484162,0.052520756,0.052520756,9.30743e-05,1e-04,0.8234253,0.0038837170600891113,964.1265363693237,220000,,,,,,,
-432.54697,0.0051529137,0.011430563,432.55212,-432.55212,0.7842074,0.059073985,90000.0,900.0,20,9000.0,9.512222,2353.937,432.1435,27.88648,490.0334,-427.58844,23340.754,0.0018494364,0.046326257,0.046326257,9.267249e-05,1e-04,-6.098419,0.0039055173873901367,983.654128074646,225000,,,,,,,
-478.51447,0.0033199424,0.009451664,478.5178,-478.5178,1.0397406,0.058805328,90000.0,900.0,20,9000.0,5.5319934,2250.7168,478.22266,26.58614,481.17847,-473.8407,25931.98,0.0013511485,0.06114228,0.06114228,9.2260394e-05,1e-04,77.298035,0.003920787906646728,1003.258073091507,230000,,,,,,,
-465.88098,0.006281182,0.009455841,465.88727,-465.88727,1.0378814,0.05810867,90000.0,900.0,20,9000.0,7.590346,2336.9954,465.6799,12.047985,494.815,-483.51804,26553.453,0.0014508374,0.060309906,0.060309906,9.183811e-05,1e-04,84.498474,0.0039186841487884524,1022.8514983654022,235000,,,,,,,
-480.84497,0.005281255,0.008260043,480.85025,-480.85025,0.8810755,0.057612445,90000.0,900.0,20,9000.0,19.701012,2344.139,480.7931,26.658579,333.8869,-292.19656,26918.477,0.0011234556,0.050760914,0.050760914,9.1405775e-05,1e-04,-4.2957153,0.0039390115261077885,1042.5465614795685,240000,,,,,,,
-419.56192,0.005095398,0.010790679,419.56702,-419.56702,0.86097175,0.055328798,90000.0,900.0,20,9000.0,10.64843,2329.1995,419.1029,14.676783,442.98172,-617.2965,23549.969,0.0013772099,0.04763653,0.04763653,9.0963455e-05,1e-04,19.815308,0.004004919719696045,1062.5711648464203,245000,,,,,,,
-437.0664,0.0028926346,0.011487008,437.0693,-437.0693,0.96137625,0.055508923,90000.0,900.0,20,9000.0,8.016874,2315.188,436.8323,3.6601458,793.4063,-937.1124,33157.0,0.0013817713,0.053364962,0.053364962,9.051133e-05,1e-04,51.235138,0.00400379810333252,1082.5901606082916,250000,,,,,,,
-437.99207,0.004420168,0.0073835626,437.9965,-437.9965,1.0165223,0.053434666,90000.0,900.0,20,9000.0,7.375513,2321.9336,437.97772,5.840625,553.3245,-409.64325,25525.223,0.001280033,0.05431753,0.05431753,9.004948e-05,1e-04,58.24121,0.004011168670654297,1102.6460089683533,255000,,,,,,,
-420.1457,0.00299194,0.009715233,420.14868,-420.14868,0.9892144,0.052694302,90000.0,900.0,20,9000.0,7.328663,2311.2803,419.89243,7.9110765,322.93988,-373.84998,25011.805,0.001740026,0.05212596,0.05212596,8.9578054e-05,1e-04,56.31662,0.003987884712219238,1122.5854370594025,260000,,,,,,,
-453.8927,0.003978269,0.008640762,453.89667,-453.89667,0.94861114,0.052021097,90000.0,900.0,20,9000.0,5.9389224,2172.8318,453.61368,9.07498,433.817,-495.6447,24132.729,0.0016618763,0.049347796,0.049347796,8.909717e-05,1e-04,-3.8236084,0.003921125411987305,1142.1910691261292,265000,,,,,,,
-412.2677,0.0056190332,0.008669344,412.27332,-412.27332,0.9881263,0.051738054,90000.0,900.0,20,9000.0,6.824565,2287.1553,412.17432,13.291001,431.8219,-373.69135,24305.709,0.0010657331,0.05112373,0.05112373,8.860696e-05,1e-04,54.67044,0.004023030519485473,1162.3062272071838,270000,,,,,,,
-455.1818,0.0054380284,0.00876179,455.18723,-455.18723,1.1472911,0.052237906,90000.0,900.0,20,9000.0,5.411729,2250.777,455.00186,9.456064,598.52344,-474.14648,27062.188,0.0010637154,0.059932075,0.059932075,8.810758e-05,1e-04,89.61862,0.004069956016540527,1182.6560122966766,275000,,,,,,,
-483.1717,0.0043687904,0.007676948,483.17606,-483.17606,0.9351339,0.051974036,90000.0,900.0,20,9000.0,5.544898,2204.6743,482.91782,7.954167,496.78818,-482.62924,25621.557,0.0010119512,0.04860268,0.04860268,8.759914e-05,1e-04,-40.202667,0.004057069206237793,1202.941363811493,280000,,,,,,,
-457.07672,0.004162105,0.009318763,457.08087,-457.08087,1.2457415,0.05237299,90000.0,900.0,20,9000.0,4.3488083,2238.1282,456.91507,3.1854486,441.05093,-462.53134,26178.355,0.0010148966,0.0652432,0.0652432,8.708179e-05,1e-04,134.46088,0.004007294797897339,1222.977843284607,285000,,,,,,,
-428.851,0.004849028,0.009772352,428.85587,-428.85587,0.8415474,0.052125406,90000.0,900.0,20,9000.0,4.5024366,2117.9053,428.72327,-0.37884748,490.71786,-507.3628,23400.58,0.001539795,0.043866,0.043866,8.655565e-05,1e-04,-29.554565,0.0039376863479614254,1242.6662800312042,290000,,,,,,,
-504.04956,0.0033388336,0.00852949,504.0529,-504.0529,0.8230562,0.050996393,90000.0,900.0,20,9000.0,8.987532,2153.8628,503.7415,4.8814297,386.19592,-299.2564,21318.309,0.0010785592,0.041972898,0.041972898,8.602091e-05,1e-04,-117.30597,0.003924440240859985,1262.288486480713,295000,,,,,,,
-433.66513,0.0029135395,0.0076235174,433.66803,-433.66803,1.1398861,0.05105136,90000.0,900.0,20,9000.0,5.700369,2155.3987,432.876,-6.0621905,339.68268,-614.2277,27048.129,0.00071006163,0.058192737,0.058192737,8.547767e-05,1e-04,95.76987,0.0040654434204101565,1282.6157085895538,300000,,,,,,,
-468.70593,0.004321929,0.0086375745,468.71027,-468.71027,0.90030503,0.0506047,90000.0,900.0,20,9000.0,6.9390016,2132.7712,468.49908,-0.0022578835,407.5428,-420.81613,22927.736,0.0011305241,0.045559663,0.045559663,8.49261e-05,1e-04,-51.72998,0.008764228248596191,1326.4368555545807,305000,,,,,,,
-418.84134,0.0035848117,0.0078161135,418.8449,-418.8449,0.9981801,0.05017602,90000.0,900.0,20,9000.0,3.650178,2087.2014,418.6081,-4.642065,521.02325,-468.6083,26117.82,0.001016443,0.050084706,0.050084706,8.436636e-05,1e-04,35.571198,0.004070482110977173,1346.7892715930939,310000,,,,,,,
-413.7731,0.0039826836,0.007860535,413.7771,-413.7771,1.0627439,0.04928601,90000.0,900.0,20,9000.0,5.149912,2083.81,413.53577,-9.875948,560.08844,-823.5656,26545.371,0.0012699309,0.052378412,0.052378412,8.3798586e-05,1e-04,62.7825,0.004062197637557983,1367.100265264511,315000,,,,,,,
-376.0424,0.0048393137,0.009433216,376.04724,-376.04724,1.0287592,0.048561927,90000.0,900.0,20,9000.0,4.7159786,2074.8052,375.87646,-3.6245155,460.9995,-440.13412,25473.777,0.001102754,0.04995853,0.04995853,8.322294e-05,1e-04,78.300354,0.003943409395217896,1386.8173172473907,320000,,,,,,,
-426.62158,0.0029373309,0.0079733,426.6245,-426.6245,1.1392694,0.049464907,90000.0,900.0,20,9000.0,7.8098636,2064.6958,426.40747,1.718802,809.1792,-465.31433,27601.637,0.0009953583,0.056353852,0.056353852,8.263957e-05,1e-04,88.372955,0.0040256947994232175,1406.9457964897156,325000,,,,,,,
-417.8633,0.0034132472,0.010071274,417.86673,-417.86673,1.0060041,0.04939576,90000.0,900.0,20,9000.0,4.77026,2067.0015,417.58038,4.622334,445.22733,-546.3819,25482.879,0.0012587805,0.049692333,0.049692333,8.2048646e-05,1e-04,34.13794,0.004105481004714966,1427.4732065200806,330000,,,,,,,
-398.63348,0.004128664,0.008414497,398.6376,-398.6376,0.81410015,0.05085835,90000.0,900.0,20,9000.0,7.911439,2063.1204,398.5016,-3.452765,859.51514,-752.06396,25681.934,0.0013655969,0.04140379,0.04140379,8.1450344e-05,1e-04,-18.087952,0.004116249513626099,1448.0544600486755,335000,,,,,,,
-432.40167,0.0037190113,0.008030121,432.4054,-432.4054,0.9254603,0.050320655,90000.0,900.0,20,9000.0,5.1007338,2066.4836,432.20215,-8.933378,848.1726,-1060.6122,26217.592,0.0013171671,0.046569765,0.046569765,8.0844795e-05,1e-04,-8.173065,0.004061150360107422,1468.3602166175842,340000,,,,,,,
-359.32053,0.0036936784,0.0065773665,359.32422,-359.32422,0.8129592,0.05016175,90000.0,900.0,20,9000.0,6.2916155,2063.3845,359.2599,-2.426021,929.0451,-1151.5931,30138.055,0.0010546141,0.040779456,0.040779456,8.0232174e-05,1e-04,13.986206,0.004147400808334351,1489.0972259044647,345000,,,,,,,
-482.79095,0.003908753,0.0075550294,482.79486,-482.79486,1.0045882,0.050263513,90000.0,900.0,20,9000.0,4.787942,2068.976,482.76886,-2.4796586,630.20026,-559.4649,28470.045,0.0009790086,0.050494134,0.050494134,7.961267e-05,1e-04,-23.555817,0.004164758205413818,1509.921021938324,350000,,,,,,,
-428.87964,0.0054189046,0.008053325,428.88507,-428.88507,1.0887029,0.049516894,90000.0,900.0,20,9000.0,4.1696973,2059.2512,428.6657,-1.0469933,445.3202,-417.80743,25309.326,0.0012295444,0.053909186,0.053909186,7.898643e-05,1e-04,60.472748,0.004148262071609497,1530.6623368263245,355000,,,,,,,
-425.5601,0.004278021,0.0075071137,425.56436,-425.56436,0.8959243,0.049691577,90000.0,900.0,20,9000.0,5.24743,2057.4536,425.33923,-13.743235,539.53644,-463.51047,23788.324,0.0016803069,0.044519894,0.044519894,7.835362e-05,1e-04,-19.633606,0.004142103958129883,1551.3728623390198,360000,,,,,,,
-423.69812,0.0032083897,0.007632004,423.70132,-423.70132,0.78662246,0.0485851,90000.0,900.0,20,9000.0,4.1007533,2054.845,423.42126,-5.9978714,421.888,-481.66187,24862.594,0.0012446828,0.03821813,0.03821813,7.7714445e-05,1e-04,-75.63422,0.004072371912002564,1571.7347266674042,365000,,,,,,,
-380.15952,0.00270372,0.007645572,380.16223,-380.16223,0.96248627,0.047837235,90000.0,900.0,20,9000.0,4.3402643,2056.0366,379.95422,-7.9609447,462.97525,-377.75333,25635.537,0.001380202,0.04604268,0.04604268,7.706907e-05,1e-04,38.56488,0.0041407421588897705,1592.4384424686432,370000,,,,,,,
-452.30026,0.0035165832,0.0076013966,452.30377,-452.30377,1.0311568,0.047285546,90000.0,900.0,20,9000.0,3.4151497,2046.4183,452.18027,-4.0901003,671.69543,-900.2912,29930.908,0.0008673976,0.048758812,0.048758812,7.641764e-05,1e-04,-10.055786,0.004116268301010132,1613.0197887420654,375000,,,,,,,
-398.04205,0.0040848455,0.0076256623,398.04614,-398.04614,0.8576893,0.046598226,90000.0,900.0,20,9000.0,4.469036,2046.774,398.02466,-15.491248,476.5705,-485.80624,26168.674,0.00079622684,0.0399668,0.0399668,7.5760356e-05,1e-04,-33.871826,0.0041370590686798095,1633.7050893306732,380000,,,,,,,
-412.87247,0.002749606,0.006870548,412.8752,-412.8752,1.0461702,0.044617172,90000.0,900.0,20,9000.0,5.2154813,2042.4644,412.75287,-8.5636425,580.88446,-400.7545,28334.016,0.0008749925,0.046677157,0.046677157,7.50974e-05,1e-04,12.437439,0.004141463470458984,1654.4124159812927,385000,,,,,,,
-368.39584,0.003316931,0.0062940773,368.39917,-368.39917,0.8680561,0.044007625,90000.0,900.0,20,9000.0,4.6337976,2049.3123,368.253,-12.871286,352.94696,-347.1518,22101.201,0.0007712285,0.038201086,0.038201086,7.442894e-05,1e-04,-19.95227,0.0040473924160003664,1674.6493828296661,390000,,,,,,,
-413.00537,0.0038412549,0.0064891274,413.00922,-413.00922,0.91679776,0.04262942,90000.0,900.0,20,9000.0,4.572452,2041.3433,412.8542,-17.346233,498.28198,-380.87756,23760.475,0.00084488565,0.039082557,0.039082557,7.375519e-05,1e-04,-56.68991,0.003981387996673584,1694.5563271045685,395000,,,,,,,
-397.44675,0.0034427976,0.0064795525,397.4502,-397.4502,0.8809959,0.04306906,90000.0,900.0,20,9000.0,5.833952,2058.5635,397.35782,-13.801305,562.72107,-352.13165,24227.09,0.0009903207,0.03794367,0.03794367,7.30763e-05,1e-04,-50.11978,0.004039357376098633,1714.7531192302704,400000,,,,,,,
-402.7996,0.00407021,0.008472487,402.80365,-402.80365,0.80272675,0.0423447,90000.0,900.0,20,9000.0,6.490799,2049.9468,402.643,-9.17063,473.01773,-534.54333,23226.977,0.0017814646,0.033991225,0.033991225,7.239246e-05,1e-04,-90.38776,0.00822782130241394,1755.8922305107117,405000,,,,,,,
-417.98666,0.00312247,0.006725483,417.98978,-417.98978,1.0456134,0.041559715,90000.0,900.0,20,9000.0,2.8372388,2041.0005,417.9098,-11.823979,1031.7699,-752.71747,28664.844,0.00084761047,0.043455392,0.043455392,7.170388e-05,1e-04,-24.050873,0.0039240859031677245,1775.5126647949219,410000,,,,,,,
-464.95126,0.0039034751,0.005992356,464.95517,-464.95517,0.96609056,0.04007124,90000.0,900.0,20,9000.0,3.1769748,2042.7592,464.9734,-14.784601,356.10587,-337.85114,22283.82,0.00075405656,0.03871245,0.03871245,7.101073e-05,1e-04,-113.36224,0.0038068899631500245,1794.5471198558807,415000,,,,,,,
-439.90652,0.004053726,0.0058969622,439.91058,-439.91058,1.0025854,0.040802002,90000.0,900.0,20,9000.0,3.7550764,2033.4312,439.90063,-9.568901,612.7843,-978.70966,31988.25,0.0009989771,0.04090749,0.04090749,7.0313195e-05,1e-04,-67.98404,0.0038081096172332763,1813.5876727104187,420000,,,,,,,
-378.84958,0.003440948,0.0073993644,378.85303,-378.85303,1.1302364,0.041570872,90000.0,900.0,20,9000.0,2.949368,2047.4569,378.6972,-14.3081045,658.7562,-704.38007,32497.543,0.0007820265,0.04698491,0.04698491,6.961148e-05,1e-04,46.96399,0.0038075879096984865,1832.6256167888641,425000,,,,,,,
-396.9605,0.0033072862,0.0069992417,396.9638,-396.9638,0.98701537,0.04169138,90000.0,900.0,20,9000.0,5.693742,2054.624,396.98688,-13.031243,665.1175,-975.26794,29670.664,0.0012787197,0.041150033,0.041150033,6.890576e-05,1e-04,-20.916443,0.0038770668029785155,1852.010960817337,430000,,,,,,,
-363.84518,0.0053273775,0.0075188857,363.85052,-363.85052,0.80975366,0.041362356,90000.0,900.0,20,9000.0,3.3587995,2039.0618,363.6878,-11.833605,374.2141,-326.83026,21954.576,0.001314911,0.033493318,0.033493318,6.8196256e-05,1e-04,-59.04654,0.003816575241088867,1871.0938415527344,435000,,,,,,,
-434.17984,0.0022735742,0.0063095703,434.18213,-434.18213,0.8817976,0.040883604,90000.0,900.0,20,9000.0,3.0385046,2043.148,433.93964,-15.479109,586.50977,-364.2095,27933.652,0.00090239855,0.036051065,0.036051065,6.748313e-05,1e-04,-106.68173,0.0037685810089111327,1889.9367513656616,440000,,,,,,,
-357.65112,0.0036304032,0.0071032355,357.65475,-357.65475,1.0916992,0.03982577,90000.0,900.0,20,9000.0,2.519442,2034.5658,357.4618,-13.899665,892.3173,-908.0562,29563.68,0.0008281074,0.043477762,0.043477762,6.67666e-05,1e-04,36.168182,0.0038628822326660156,1909.2511672973633,445000,,,,,,,
-453.1181,0.002837084,0.005126872,453.12094,-453.12094,0.83222234,0.04011702,90000.0,900.0,20,9000.0,3.0478754,2030.7311,453.10208,-7.159737,320.0406,-367.07507,22841.918,0.0006982984,0.033386283,0.033386283,6.604685e-05,1e-04,-149.59369,0.0038189887046813963,1928.3461155891418,450000,,,,,,,
-360.18134,0.0033636007,0.0072988807,360.1847,-360.1847,0.9135349,0.040879127,90000.0,900.0,20,9000.0,2.1878653,2013.1365,360.20874,-16.269337,543.3831,-441.25992,25345.004,0.0007450783,0.037344508,0.037344508,6.5324086e-05,1e-04,-21.892883,0.0038103440284729005,1947.3978407382965,455000,,,,,,,
-439.31693,0.0032020041,0.005120958,439.32013,-439.32013,0.9145613,0.039830223,90000.0,900.0,20,9000.0,2.4655173,2042.1287,439.28967,-18.404009,600.9646,-718.0462,27982.89,0.0006806584,0.036427177,0.036427177,6.4598484e-05,1e-04,-109.006805,0.0037948564529418946,1966.3721280097961,460000,,,,,,,
-371.93167,0.0031043962,0.0055423016,371.93478,-371.93478,0.87732327,0.039100055,90000.0,900.0,20,9000.0,4.0187974,2028.3517,371.84207,-17.935623,638.9275,-474.17215,23242.678,0.00074653927,0.034303386,0.034303386,6.387027e-05,1e-04,-59.182404,0.0037505711555480955,1985.1249887943268,465000,,,,,,,
-394.89227,0.0040922835,0.0063709063,394.89636,-394.89636,0.77980256,0.038458485,90000.0,900.0,20,9000.0,2.9137487,2038.2266,394.8917,-14.594417,358.45416,-420.14026,23899.633,0.0009813458,0.029990025,0.029990025,6.3139625e-05,1e-04,-122.0683,0.0037722826957702635,2003.9864072799683,470000,,,,,,,
-409.67526,0.003866185,0.006169879,409.67914,-409.67914,1.1269481,0.03804788,90000.0,900.0,20,9000.0,4.2493496,2037.0105,409.45758,-9.467784,320.2558,-406.78708,25684.076,0.00078801496,0.042877987,0.042877987,6.2406754e-05,1e-04,-19.524017,0.003752001953125,2022.7464218139648,475000,,,,,,,
-399.8172,0.0026469666,0.0056486484,399.81985,-399.81985,0.6225434,0.038126536,90000.0,900.0,20,9000.0,2.8084168,2035.0769,399.73993,-15.011808,682.9153,-320.50555,21271.445,0.00038441646,0.023735423,0.023735423,6.167186e-05,1e-04,-183.38998,0.003772946882247925,2041.6111614704132,480000,,,,,,,
-366.6563,0.0028150007,0.006107251,366.65912,-366.65912,0.75419813,0.037339557,90000.0,900.0,20,9000.0,3.4555914,2038.5686,366.70142,-15.62126,445.34604,-515.0794,23976.988,0.0013468327,0.028161423,0.028161423,6.093515e-05,1e-04,-109.74791,0.0037270119190216063,2060.246225833893,485000,,,,,,,
-393.137,0.0034454837,0.0066582067,393.14044,-393.14044,1.1355724,0.036507938,90000.0,900.0,20,9000.0,1.9338633,2028.2942,392.93198,-18.553732,1020.20013,-601.24384,28805.562,0.0011063064,0.041457407,0.041457407,6.0196806e-05,1e-04,-18.086456,0.003598873805999756,2078.2406005859375,490000,,,,,,,
-390.03387,0.0031208778,0.0057836804,390.037,-390.037,0.89361507,0.035708,90000.0,900.0,20,9000.0,2.3705912,2036.8427,390.02026,-17.62163,724.4372,-1279.6731,29427.488,0.0010022358,0.031909205,0.031909205,5.945705e-05,1e-04,-100.48044,0.0037423330783843993,2096.952270746231,495000,,,,,,,
-366.68567,0.0031134253,0.0051961564,366.68878,-366.68878,0.8048234,0.03556129,90000.0,900.0,20,9000.0,2.510559,2021.4441,366.54108,-18.192753,494.86578,-394.68524,24950.654,0.000865201,0.028620558,0.028620558,5.8716072e-05,1e-04,-106.59009,0.003751561450958252,2115.710082769394,500000,,,,,,,
-430.8354,0.002212141,0.005700785,430.8376,-430.8376,1.2340668,0.03490572,90000.0,900.0,20,9000.0,1.9909706,2021.8213,430.8028,-18.719484,702.88885,-796.9869,30754.79,0.00043473826,0.043075994,0.043075994,5.7974077e-05,1e-04,-41.160492,0.008327764749526978,2157.348911523819,505000,,,,,,,
-346.00497,0.0031896073,0.005725828,346.00818,-346.00818,0.70747775,0.03577764,90000.0,900.0,20,9000.0,1.8917544,2022.1907,345.89914,-18.567266,462.37753,-482.66403,23944.066,0.0005491433,0.025311884,0.025311884,5.7231267e-05,1e-04,-116.306274,0.003965643739700317,2177.177134990692,510000,,,,,,,
-363.01004,0.002462203,0.005502982,363.0125,-363.0125,1.1130377,0.03626807,90000.0,900.0,20,9000.0,3.8350642,2033.4202,362.05148,-22.429861,1031.7692,-1425.139,38846.164,0.00049024145,0.04036773,0.04036773,5.6487854e-05,1e-04,4.1345825,0.0038737055778503417,2196.545667409897,515000,,,,,,,
-400.66245,0.0038170477,0.0054567787,400.66626,-400.66626,1.2087578,0.03558335,90000.0,900.0,20,9000.0,3.4440198,2003.3936,400.72195,-26.94317,653.602,-686.4124,32904.07,0.0009550844,0.04301165,0.04301165,5.574403e-05,1e-04,-10.113556,0.0038932387351989744,2216.011866092682,520000,,,,,,,
-418.83246,0.003474475,0.0056868093,418.83594,-418.83594,1.059534,0.03726237,90000.0,900.0,20,9000.0,1.612576,2004.0576,418.74042,-20.449057,415.35947,-447.16815,27375.154,0.00060707465,0.039480746,0.039480746,5.5000004e-05,1e-04,-61.893158,0.0038860583305358886,2235.442163467407,525000,,,,,,,
-391.4121,0.0027951552,0.004870133,391.41492,-391.41492,0.9333467,0.037574407,90000.0,900.0,20,9000.0,1.9305482,2002.3706,391.372,-22.593706,812.5338,-913.7711,34156.727,0.00054117735,0.03506995,0.03506995,5.4255972e-05,1e-04,-73.85202,0.0039060304164886474,2254.9723205566406,530000,,,,,,,
-379.07715,0.0023914776,0.0058872527,379.07953,-379.07953,0.8440882,0.037511524,90000.0,900.0,20,9000.0,3.53903,2016.187,378.95587,-20.627167,515.2647,-584.9263,28292.883,0.00072621106,0.031663034,0.031663034,5.3512147e-05,1e-04,-90.5708,0.0039033212184906006,2274.488930940628,535000,,,,,,,
-388.616,0.003579951,0.004286639,388.61957,-388.61957,0.6978876,0.036718946,90000.0,900.0,20,9000.0,2.4660773,2016.3805,388.6966,-20.983782,439.93085,-393.32092,23599.465,0.0003172364,0.025625698,0.025625698,5.276873e-05,1e-04,-155.51865,0.0038449059963226316,2293.71346616745,540000,,,,,,,
-341.7679,0.0022904382,0.0049455855,341.7702,-341.7702,0.5456875,0.03631867,90000.0,900.0,20,9000.0,2.2501206,2009.5037,341.65823,-17.85331,374.03107,-301.85202,22106.873,0.000822913,0.019818645,0.019818645,5.2025924e-05,1e-04,-161.15,0.003895721244812012,2313.1920776367188,545000,,,,,,,
-370.92706,0.0029786318,0.0064581838,370.93005,-370.93005,0.7871265,0.035120986,90000.0,900.0,20,9000.0,1.826256,2008.4409,370.77884,-20.727345,365.8467,-431.1605,22788.227,0.0014072408,0.02764466,0.02764466,5.1283936e-05,1e-04,-120.29886,0.003902445411682129,2332.7043101787567,550000,,,,,,,
-380.34644,0.0026893353,0.005110922,380.34912,-380.34912,0.8781778,0.03387152,90000.0,900.0,20,9000.0,2.1517847,1985.9216,380.03824,-20.844788,497.85748,-401.3141,27200.195,0.00062487484,0.02974522,0.02974522,5.0542945e-05,1e-04,-110.48767,0.0038951005935668947,2352.179817676544,555000,,,,,,,
-407.08597,0.0029086769,0.0051541687,407.08887,-407.08887,0.9611653,0.03377834,90000.0,900.0,20,9000.0,1.7601807,2009.964,406.9225,-17.942549,506.64172,-576.3278,27469.857,0.000707641,0.032466568,0.032466568,4.9803188e-05,1e-04,-113.12665,0.0038759921073913575,2371.5597829818726,560000,,,,,,,
-393.30515,0.0032466198,0.005388927,393.30838,-393.30838,0.90194213,0.0321504,90000.0,900.0,20,9000.0,2.233255,2006.5195,393.19293,-20.335842,1032.4642,-803.25037,32322.336,0.00077216903,0.0289978,0.0289978,4.9064853e-05,1e-04,-130.0917,0.003915484428405762,2391.137209892273,565000,,,,,,,
-413.99994,0.0027571998,0.004895293,414.0027,-414.0027,1.1475346,0.031499807,90000.0,900.0,20,9000.0,2.770474,2006.2899,414.1121,-18.799559,682.10126,-1205.1252,31102.043,0.00070073444,0.036147118,0.036147118,4.8328133e-05,1e-04,-85.905396,0.004000891780853271,2411.1416733264923,570000,,,,,,,
-409.22928,0.0021909813,0.005336263,409.23148,-409.23148,0.90165704,0.030881798,90000.0,900.0,20,9000.0,2.6469698,2018.983,409.0848,-18.227264,1193.1665,-762.1285,30738.898,0.0009360713,0.02784479,0.02784479,4.7593247e-05,1e-04,-155.97919,0.003931342935562134,2430.7983932495117,575000,,,,,,,
-338.6903,0.0035423548,0.005589874,338.69385,-338.69385,0.9264327,0.0310704,90000.0,900.0,20,9000.0,2.0140553,2003.6333,338.76428,-17.368793,512.1371,-861.08154,28099.91,0.0005543523,0.028784635,0.028784635,4.686038e-05,1e-04,-77.61453,0.003932565307617188,2450.4612245559692,580000,,,,,,,
-403.60623,0.0028987166,0.006947322,403.60913,-403.60913,0.79081136,0.031287353,90000.0,900.0,20,9000.0,2.856884,1988.9202,403.43024,-17.423851,448.8825,-527.71265,24071.258,0.0009288526,0.024742395,0.024742395,4.612974e-05,1e-04,-178.06781,0.0038561041831970213,2469.741750240326,585000,,,,,,,
-381.36432,0.0034367878,0.005325203,381.36777,-381.36777,1.1329911,0.031551417,90000.0,900.0,20,9000.0,1.8593673,2011.6787,381.4114,-20.412445,1297.8079,-1596.7593,39595.836,0.0009058032,0.035747472,0.035747472,4.540152e-05,1e-04,-57.77768,0.003925996208190918,2489.371741294861,590000,,,,,,,
-381.93692,0.002926264,0.003707507,381.93985,-381.93985,0.9096801,0.03144517,90000.0,900.0,20,9000.0,2.0959916,2016.5627,381.79825,-22.373245,674.1101,-914.9945,34736.312,0.0006704314,0.028605048,0.028605048,4.467592e-05,1e-04,-122.39551,0.003838388252258301,2508.563687801361,595000,,,,,,,
-410.67996,0.002273928,0.0046312492,410.68225,-410.68225,1.0966243,0.030464042,90000.0,900.0,20,9000.0,2.6246684,1987.3785,410.5286,-18.521046,376.16388,-717.3788,30145.723,0.00043536958,0.033407606,0.033407606,4.3953154e-05,1e-04,-107.38684,0.003878715181350708,2527.9572682380676,600000,,,,,,,
-390.61197,0.0030459533,0.0051433025,390.61502,-390.61502,0.7747269,0.031326815,90000.0,900.0,20,9000.0,1.8545415,1998.118,390.44397,-17.310762,449.76974,-329.82455,25940.936,0.0012147126,0.024269728,0.024269728,4.3233405e-05,1e-04,-170.32986,0.00829646806716919,2569.439613342285,605000,,,,,,,
-397.33966,0.0022500264,0.0054129353,397.34192,-397.34192,1.1894207,0.0317244,90000.0,900.0,20,9000.0,2.709725,2002.4222,397.27148,-18.813185,445.6734,-399.69705,28261.258,0.0004852783,0.03773366,0.03773366,4.251687e-05,1e-04,-55.027008,0.0038065791606903075,2588.472513437271,610000,,,,,,,
-387.1689,0.002274282,0.0042467304,387.1712,-387.1712,0.83792096,0.031155577,90000.0,900.0,20,9000.0,1.6858596,1994.9143,387.0648,-17.770006,643.80414,-685.94794,29157.184,0.00038026585,0.026105912,0.026105912,4.1803753e-05,1e-04,-150.52985,0.0038781081199646,2607.8630583286285,615000,,,,,,,
-338.22992,0.0027076593,0.004402601,338.23264,-338.23264,1.2360657,0.03124996,90000.0,900.0,20,9000.0,1.6323262,2003.145,338.1932,-20.130844,946.0775,-1075.2478,33110.59,0.0007588483,0.038627002,0.038627002,4.1094238e-05,1e-04,11.045441,0.003872989463806152,2627.228010892868,620000,,,,,,,
-336.6261,0.0032092764,0.0041849553,336.6293,-336.6293,0.97948015,0.031224325,90000.0,900.0,20,9000.0,1.535258,1927.3636,336.5769,-21.072853,457.1364,-623.6309,30485.48,0.0008002583,0.030583605,0.030583605,4.0388528e-05,1e-04,-59.83841,0.0038530744552612304,2646.493388414383,625000,,,,,,,
-339.9325,0.0033470881,0.005753557,339.93585,-339.93585,0.9933295,0.031039342,90000.0,900.0,20,9000.0,1.703918,1999.0057,339.91382,-23.611666,646.14417,-670.30035,28940.725,0.0007406167,0.030832294,0.030832294,3.9686805e-05,1e-04,-60.737915,0.0038590165615081788,2665.788476228714,630000,,,,,,,
-350.8929,0.0024170417,0.004380693,350.89532,-350.89532,0.7042463,0.031099727,90000.0,900.0,20,9000.0,1.3565271,1971.7434,350.8294,-20.844732,375.7052,-337.33356,21956.791,0.00053989486,0.021901868,0.021901868,3.8989278e-05,1e-04,-152.41956,0.003781528663635254,2684.696124315262,635000,,,,,,,
-392.88535,0.0020709517,0.0033731463,392.88742,-392.88742,0.844431,0.031353164,90000.0,900.0,20,9000.0,1.9026811,1992.6995,392.80637,-21.736288,900.57904,-884.10645,28881.854,0.0009006555,0.026475584,0.026475584,3.8296123e-05,1e-04,-152.70241,0.0038517048835754394,2703.954653263092,640000,,,,,,,
-363.46213,0.0025068517,0.0041040615,363.46463,-363.46463,0.824307,0.029880876,90000.0,900.0,20,9000.0,1.622081,1950.6606,363.4024,-23.830837,491.33887,-467.47412,23032.178,0.0005418676,0.024631016,0.024631016,3.7607537e-05,1e-04,-140.16092,0.0038520691871643067,2723.2150049209595,645000,,,,,,,
-378.30362,0.003338508,0.0057265228,378.30695,-378.30695,0.72219414,0.029359916,90000.0,900.0,20,9000.0,1.2640592,1984.0186,378.65115,-22.242207,488.77972,-461.5395,26261.977,0.00058131356,0.021203559,0.021203559,3.692371e-05,1e-04,-186.20752,0.003808844804763794,2742.25923371315,650000,,,,,,,
-351.96744,0.0030330322,0.003410312,351.97046,-351.97046,0.98182863,0.028315023,90000.0,900.0,20,9000.0,1.8136289,1974.9039,351.81577,-25.714064,596.1745,-547.55524,30064.902,0.00036208605,0.0278005,0.0278005,3.6244823e-05,1e-04,-99.94931,0.0038030495166778565,2761.274486064911,655000,,,,,,,
-310.30667,0.0022753184,0.0044825897,310.30896,-310.30896,1.090356,0.028109342,90000.0,900.0,20,9000.0,1.426692,1942.7334,310.23315,-23.484182,547.0402,-650.54156,29288.637,0.00054782827,0.030649187,0.030649187,3.5571058e-05,1e-04,-33.037292,0.0037631754875183106,2780.0903685092926,660000,,,,,,,
-386.426,0.0024778945,0.0049701505,386.42847,-386.42847,1.1123428,0.0277817,90000.0,900.0,20,9000.0,1.3228159,1999.7463,386.2922,-20.376564,935.4056,-846.43195,33486.61,0.0005644024,0.030902775,0.030902775,3.490261e-05,1e-04,-106.97821,0.003835703992843628,2799.2688932418823,665000,,,,,,,
-336.96655,0.0030052292,0.0051325806,336.96954,-336.96954,1.4351139,0.027354553,90000.0,900.0,20,9000.0,1.2751789,1949.6127,336.82733,-24.24386,1309.9637,-690.6779,41500.598,0.0007641924,0.0392569,0.0392569,3.4239645e-05,1e-04,17.620728,0.003833032989501953,2818.434063434601,670000,,,,,,,
-376.94357,0.0019726604,0.0035917885,376.94556,-376.94556,0.9471839,0.027655656,90000.0,900.0,20,9000.0,1.0697241,1974.6323,376.8554,-23.092426,553.83405,-699.44836,32015.111,0.0007012838,0.026194992,0.026194992,3.3582368e-05,1e-04,-140.11891,0.0038264949321746827,2837.566543340683,675000,,,,,,,
-342.82486,0.0029130247,0.004612012,342.82776,-342.82776,1.2205267,0.02810415,90000.0,900.0,20,9000.0,1.21842,1976.8065,342.69174,-23.226553,709.2579,-656.31384,32609.422,0.00045812,0.034301866,0.034301866,3.2930948e-05,1e-04,-32.88965,0.0038348121643066407,2856.7406089305878,680000,,,,,,,
-401.52585,0.0021343022,0.0043315208,401.52798,-401.52798,1.0109568,0.02834711,90000.0,900.0,20,9000.0,1.8182297,2004.3292,400.94598,-23.78723,725.07513,-576.0021,30839.855,0.0005311288,0.0286577,0.0286577,3.228555e-05,1e-04,-141.7883,0.003768320322036743,2875.582214832306,685000,,,,,,,
-355.66742,0.002859299,0.004355611,355.6703,-355.6703,0.8018008,0.028223729,90000.0,900.0,20,9000.0,1.2109505,1982.5038,355.63748,-24.386671,503.69897,-618.85406,27772.73,0.00040508137,0.022629809,0.022629809,3.1646374e-05,1e-04,-150.78821,0.0038321002960205078,2894.74272108078,690000,,,,,,,
-333.98248,0.0027494053,0.0045533874,333.98523,-333.98523,0.86934745,0.028417943,90000.0,900.0,20,9000.0,1.2711005,1982.3961,333.85217,-25.909113,515.2553,-459.47504,31059.594,0.0006757601,0.024705067,0.024705067,3.1013573e-05,1e-04,-110.36578,0.0037581244468688963,2913.5333485603333,695000,,,,,,,
-348.48334,0.0023154109,0.004625821,348.48566,-348.48566,0.893912,0.028740764,90000.0,900.0,20,9000.0,1.968686,1978.401,348.34113,-24.149298,485.05145,-834.19104,28827.145,0.0005267033,0.025691716,0.025691716,3.0387337e-05,1e-04,-115.2892,0.0037394490718841555,2932.230598449707,700000,,,,,,,
-358.47632,0.0025125274,0.0041182465,358.47882,-358.47882,0.99720156,0.027892044,90000.0,900.0,20,9000.0,1.8727393,2007.3984,358.3817,-24.691273,626.25714,-895.8992,32287.566,0.00044533765,0.027813988,0.027813988,2.9767822e-05,1e-04,-106.27768,0.008136344814300537,2972.9123272895813,705000,,,,,,,
-359.5247,0.0025533603,0.0039689797,359.52725,-359.52725,0.82187575,0.027626682,90000.0,900.0,20,9000.0,1.4028307,1976.3926,359.28412,-26.184929,414.14642,-433.50375,27457.55,0.0004540138,0.0227057,0.0227057,2.9155208e-05,1e-04,-153.77055,0.003768233108520508,2991.753498315811,710000,,,,,,,
-388.2223,0.0024581214,0.0042529213,388.22476,-388.22476,0.8060383,0.02635394,90000.0,900.0,20,9000.0,1.6057918,1994.5411,388.0853,-24.978336,470.31406,-478.01855,24929.773,0.0005397736,0.021242285,0.021242285,2.8549664e-05,1e-04,-195.43591,0.0037957370758056642,3010.7321882247925,715000,,,,,,,
-296.56143,0.0029743188,0.004343233,296.5644,-296.5644,0.95761585,0.025739286,90000.0,900.0,20,9000.0,1.5088363,1993.2979,296.4859,-25.01798,933.82294,-901.59235,30657.613,0.000580851,0.024648348,0.024648348,2.7951346e-05,1e-04,-73.21745,0.0038104889392852784,3029.7846376895905,720000,,,,,,,
-385.5902,0.0021167432,0.0037555299,385.59232,-385.59232,1.1645708,0.025841579,90000.0,900.0,20,9000.0,1.6089058,1999.5311,385.3439,-27.425453,880.7721,-826.9958,37174.492,0.0005291793,0.030094348,0.030094348,2.736043e-05,1e-04,-113.13217,0.0038712650775909424,3049.140968322754,725000,,,,,,,
-341.598,0.0023169126,0.003530551,341.6003,-341.6003,0.66849625,0.025773961,90000.0,900.0,20,9000.0,1.782981,2000.336,341.53766,-26.65829,634.0749,-679.7824,26502.906,0.00040635106,0.017229795,0.017229795,2.6777061e-05,1e-04,-184.74684,0.0037694159984588624,3067.9880533218384,730000,,,,,,,
-350.6553,0.0023397321,0.0036636482,350.65765,-350.65765,1.0008825,0.025350166,90000.0,900.0,20,9000.0,1.0546565,2013.5176,350.602,-25.234516,420.01074,-604.9639,30264.102,0.00057602266,0.025372537,0.025372537,2.6201416e-05,1e-04,-121.24782,0.003814446020126343,3087.0602884292603,735000,,,,,,,
-361.16653,0.0030797487,0.0039811786,361.16962,-361.16962,0.7937779,0.024778442,90000.0,900.0,20,9000.0,1.7035168,2009.1302,361.1555,-24.48309,1119.1871,-936.60693,34936.176,0.00037338532,0.01966858,0.01966858,2.5633639e-05,1e-04,-182.4458,0.0038342984199523926,3106.2317848205566,740000,,,,,,,
-380.04196,0.0028275566,0.0040379986,380.0448,-380.0448,1.2524396,0.025225777,90000.0,900.0,20,9000.0,1.6384242,2011.0914,379.90668,-25.562037,1210.0988,-802.3845,33152.938,0.0007648298,0.031593762,0.031593762,2.5073889e-05,1e-04,-94.05966,0.0038399528980255127,3125.4315547943115,745000,,,,,,,
-361.2434,0.0029930877,0.0034056243,361.2464,-361.2464,1.0237678,0.02503978,90000.0,900.0,20,9000.0,1.3956268,1967.0974,361.1579,-25.655094,689.5026,-749.35394,35915.586,0.0008378346,0.025634922,0.025634922,2.4522331e-05,1e-04,-129.13348,0.0037977038383483885,3144.4200789928436,750000,,,,,,,
-346.09723,0.002416052,0.0034478111,346.09964,-346.09964,0.5502395,0.025472006,90000.0,900.0,20,9000.0,0.94407344,2008.6125,346.00217,-26.135744,1014.77124,-1116.8384,32650.89,0.0003780163,0.014015704,0.014015704,2.3979092e-05,1e-04,-219.01183,0.0037924860000610352,3163.3825130462646,755000,,,,,,,
-409.78027,0.00256467,0.002760596,409.78284,-409.78284,0.83273464,0.026078135,90000.0,900.0,20,9000.0,1.2848285,2000.4745,409.70862,-28.255411,608.5257,-522.1031,25080.21,0.0003685745,0.021716166,0.021716166,2.3444345e-05,1e-04,-213.04996,0.0038785226345062255,3182.775131225586,760000,,,,,,,
-321.88745,0.0022807287,0.0036934975,321.88974,-321.88974,0.95776314,0.024475088,90000.0,900.0,20,9000.0,1.161521,1921.81,321.8097,-25.628042,548.5,-493.5076,29882.492,0.00042088548,0.023441337,0.023441337,2.2918219e-05,1e-04,-109.75389,0.0038710774421691894,3202.130523920059,765000,,,,,,,
-332.43295,0.0022494767,0.0029126878,332.4352,-332.4352,0.7001322,0.024505137,90000.0,900.0,20,9000.0,1.1467466,2011.5386,332.3257,-25.99258,705.85736,-1764.5583,31966.184,0.00051642716,0.017156836,0.017156836,2.2400869e-05,1e-04,-176.87468,0.003885986042022705,3221.5604586601257,770000,,,,,,,
-391.5579,0.0017159253,0.0030479806,391.5596,-391.5596,0.6908927,0.024083328,90000.0,900.0,20,9000.0,1.3177742,2008.5901,391.4258,-25.755346,747.2142,-672.51385,25978.781,0.00040095588,0.016638994,0.016638994,2.1892429e-05,1e-04,-240.48917,0.003775035047531128,3240.4356389045715,775000,,,,,,,
-403.51984,0.0027427753,0.003924863,403.52258,-403.52258,1.0482597,0.023620281,90000.0,900.0,20,9000.0,1.2652336,2012.4027,403.51794,-25.39776,1222.4204,-1343.8562,36345.887,0.00041686857,0.02476019,0.02476019,2.1393029e-05,1e-04,-179.41289,0.00382774920463562,3259.57438993454,780000,,,,,,,
-291.7466,0.0029130618,0.0030712928,291.7495,-291.7495,0.7320896,0.02305184,90000.0,900.0,20,9000.0,1.2518831,1996.9242,291.74365,-26.746553,411.25824,-431.11758,21152.062,0.00034282837,0.016876012,0.016876012,2.0902831e-05,1e-04,-138.61061,0.003815124988555908,3278.6500198841095,785000,,,,,,,
-338.0601,0.0023484062,0.0033903215,338.06244,-338.06244,0.78528094,0.023005048,90000.0,900.0,20,9000.0,1.3020871,2001.1058,338.06158,-25.676243,761.4388,-622.5434,35162.24,0.00055098673,0.018065426,0.018065426,2.0421947e-05,1e-04,-174.16916,0.0037994035720825196,3297.6470427513123,790000,,,,,,,
-380.7392,0.0027492847,0.0041901013,380.74194,-380.74194,1.1573669,0.02286149,90000.0,900.0,20,9000.0,1.459995,2018.3077,380.64093,-25.896915,1069.4027,-978.23987,35987.31,0.0006484089,0.026459131,0.026459131,1.9950523e-05,1e-04,-141.14702,0.003743566846847534,3316.3648817539215,795000,,,,,,,
-360.16757,0.0028026062,0.0036769381,360.17038,-360.17038,1.1921915,0.022796607,90000.0,900.0,20,9000.0,2.513953,2012.1664,360.19147,-25.669699,829.31067,-1176.4421,34310.93,0.00048126117,0.02717792,0.02717792,1.9488682e-05,1e-04,-113.05234,0.003663874053955078,3334.684257030487,800000,,,,,,,
-372.0073,0.0019250535,0.0032868583,372.00922,-372.00922,1.0963262,0.022654844,90000.0,900.0,20,9000.0,1.1216486,1994.6069,371.98108,-26.529692,816.0359,-975.0032,35952.848,0.0004192005,0.024837099,0.024837099,1.9036543e-05,1e-04,-147.35176,0.008109454202651977,3375.2315344810486,805000,,,,,,,
-369.87903,0.0020893023,0.003650887,369.8811,-369.8811,0.90046954,0.022681594,90000.0,900.0,20,9000.0,0.98587954,1990.6755,369.66138,-26.526617,712.41473,-756.4325,32888.39,0.00047229393,0.020424085,0.020424085,1.859424e-05,1e-04,-185.0764,0.0037516608715057373,3393.9898433685303,810000,,,,,,,
-379.18854,0.0020251041,0.002998366,379.19055,-379.19055,1.1076285,0.0233056,90000.0,900.0,20,9000.0,1.0730584,2006.2186,379.1731,-26.594284,776.7225,-668.2317,35714.832,0.00042438303,0.025813947,0.025813947,1.8161878e-05,1e-04,-145.78996,0.0037633766651153566,3412.8067309856415,815000,,,,,,,
-355.96994,0.0021646877,0.003331341,355.9721,-355.9721,0.87614584,0.023066564,90000.0,900.0,20,9000.0,0.908921,2012.3011,355.87518,-27.02175,814.39056,-778.9002,34067.02,0.00050803175,0.020209674,0.020209674,1.7739603e-05,1e-04,-173.17393,0.003646185064315796,3431.0376613140106,820000,,,,,,,
-361.77435,0.0024892904,0.0037557096,361.77686,-361.77686,1.2536594,0.022905758,90000.0,900.0,20,9000.0,0.91827154,2016.7218,361.64996,-27.274601,729.02795,-616.6252,33157.047,0.0005982949,0.028716018,0.028716018,1.7327511e-05,1e-04,-102.41193,0.003782980823516846,3449.952570438385,825000,,,,,,,
-339.61066,0.0028034635,0.0041712755,339.61346,-339.61346,1.0024337,0.022937289,90000.0,900.0,20,9000.0,0.8749832,2015.9008,339.51605,-26.674795,922.8091,-802.27167,30241.61,0.0005575584,0.022993108,0.022993108,1.6925713e-05,1e-04,-131.79771,0.0037872422695159912,3468.8887865543365,830000,,,,,,,
-391.46567,0.0026408487,0.0031111178,391.46832,-391.46832,0.7293782,0.022846034,90000.0,900.0,20,9000.0,1.1386726,2014.1674,391.36536,-26.94168,657.76556,-654.646,36583.19,0.00055551715,0.016663399,0.016663399,1.653433e-05,1e-04,-240.35641,0.0038378427028656005,3488.078006505966,835000,,,,,,,
-309.89185,0.0024733553,0.0038005137,309.89432,-309.89432,0.68108344,0.021887163,90000.0,900.0,20,9000.0,0.97594345,1987.3054,309.78412,-26.53446,434.67392,-536.43463,22686.967,0.00045060506,0.014906984,0.014906984,1.6153459e-05,1e-04,-174.75304,0.003825175142288208,3507.2038865089417,840000,,,,,,,
-363.5563,0.0018685423,0.0027864396,363.55817,-363.55817,0.86502546,0.02138498,90000.0,900.0,20,9000.0,1.2856069,2021.5504,363.42157,-26.926846,706.6234,-1317.9489,27359.227,0.00041261394,0.018498553,0.018498553,1.5783213e-05,1e-04,-195.7837,0.0037422317028045654,3525.915050506592,845000,,,,,,,
-370.4969,0.002145365,0.004196264,370.49902,-370.49902,1.1926793,0.021170868,90000.0,900.0,20,9000.0,1.0169156,2020.4813,370.43494,-26.2603,678.10706,-660.43756,35279.75,0.00049016904,0.025250055,0.025250055,1.542368e-05,1e-04,-142.22949,0.0038116636276245117,3544.9733731746674,850000,,,,,,,
-378.32504,0.0024662414,0.003656901,378.3275,-378.3275,0.9787833,0.02108014,90000.0,900.0,20,9000.0,0.9268886,2000.4652,378.24814,-26.794733,488.07602,-685.7644,30619.375,0.00038772525,0.02063289,0.02063289,1.5074969e-05,1e-04,-191.70216,0.0038109915733337404,3564.0283358097076,855000,,,,,,,
-325.25345,0.0022750897,0.003163018,325.25574,-325.25574,0.7713482,0.021501975,90000.0,900.0,20,9000.0,1.156208,2001.0557,325.21265,-26.896156,628.3936,-750.29254,29447.53,0.0005251302,0.01658551,0.01658551,1.4737181e-05,1e-04,-174.82764,0.0038079825401306153,3583.0682532787323,860000,,,,,,,
-294.94986,0.0026649074,0.0043675075,294.9525,-294.9525,1.4730195,0.020690339,90000.0,900.0,20,9000.0,0.9243595,1959.8319,294.83368,-27.00672,692.32263,-734.0861,33971.305,0.00046866832,0.03047727,0.03047727,1.4410394e-05,1e-04,-19.730072,0.0037433014392852784,3601.784765958786,865000,,,,,,,
-368.377,0.0024373769,0.003908934,368.37946,-368.37946,1.4225018,0.020137405,90000.0,900.0,20,9000.0,0.77564025,1998.6427,368.31464,-27.049702,971.04065,-1309.5802,38238.36,0.0006213533,0.028645497,0.028645497,1.4094706e-05,1e-04,-109.7919,0.0038223270893096924,3620.8964059352875,870000,,,,,,,
-287.74423,0.0024370002,0.0039041534,287.74667,-287.74667,1.7914099,0.019919587,90000.0,900.0,20,9000.0,1.2278113,1989.1748,287.69604,-27.374912,851.31726,-1477.078,38793.75,0.00041611653,0.035684146,0.035684146,1.37902e-05,1e-04,34.6409,0.003821808862686157,3640.00545501709,875000,,,,,,,
-374.99432,0.0019980194,0.003275081,374.9963,-374.9963,0.9892554,0.019602997,90000.0,900.0,20,9000.0,1.0018537,2008.0973,374.9065,-27.825933,690.1805,-447.11435,28983.244,0.00043497374,0.019392371,0.019392371,1.3496962e-05,1e-04,-199.46112,0.0038224699974060057,3659.11781001091,880000,,,,,,,
-322.34152,0.0024773094,0.0037885609,322.344,-322.344,0.74684536,0.020514034,90000.0,900.0,20,9000.0,1.0383382,2005.952,322.31006,-26.923386,666.06366,-635.67834,28900.635,0.00060971966,0.015320811,0.015320811,1.3215067e-05,1e-04,-183.4159,0.0038097140312194824,3678.1663846969604,885000,,,,,,,
-350.57968,0.0019913316,0.003539052,350.58167,-350.58167,1.2706546,0.020054778,90000.0,900.0,20,9000.0,0.9903248,2012.377,350.54428,-27.763514,460.2411,-498.61575,28303.723,0.0004139536,0.025482696,0.025482696,1.2944596e-05,1e-04,-120.2451,0.0037542553424835205,3696.937666416168,890000,,,,,,,
-323.3774,0.0025886502,0.0032534085,323.38,-323.38,0.82104766,0.020678526,90000.0,900.0,20,9000.0,1.2260376,2008.8007,323.29932,-27.419935,531.9456,-516.9093,25918.912,0.0003307245,0.016978055,0.016978055,1.26856285e-05,1e-04,-169.34888,0.0038014655113220216,3715.944999217987,895000,,,,,,,
-334.6212,0.002402299,0.0034412737,334.6236,-334.6236,1.2632409,0.020565568,90000.0,900.0,20,9000.0,1.0986991,2009.715,334.55862,-27.413258,820.4247,-789.8729,43067.977,0.00041827068,0.025979266,0.025979266,1.2438221e-05,1e-04,-99.70911,0.003758733892440796,3734.7386734485626,900000,,,,,,,
-337.76187,0.0024467735,0.0029099376,337.7643,-337.7643,1.1041856,0.021242207,90000.0,900.0,20,9000.0,0.8089355,1996.678,337.68903,-27.711817,779.87933,-471.3684,30448.586,0.00019394999,0.023455339,0.023455339,1.22024585e-05,1e-04,-125.85489,0.008237665510177612,3775.9270067214966,905000,,,,,,,
-307.21945,0.0023843152,0.0037410676,307.22183,-307.22183,1.2644308,0.021047097,90000.0,900.0,20,9000.0,0.8801595,2007.039,307.19565,-27.12213,602.5706,-1004.6014,34547.438,0.00075714773,0.026612595,0.026612595,1.1978389e-05,1e-04,-66.82594,0.003783695411682129,3794.845496892929,910000,,,,,,,
-304.8511,0.002534952,0.0035305514,304.85364,-304.85364,1.553202,0.020763416,90000.0,900.0,20,9000.0,0.881135,1999.6665,304.78204,-27.208876,1175.0931,-759.79803,32971.78,0.0007259714,0.03224978,0.03224978,1.1766084e-05,1e-04,-13.721954,0.0038644387245178225,3814.167695760727,915000,,,,,,,
-376.5414,0.0022873336,0.0031814682,376.5437,-376.5437,1.0835218,0.021345917,90000.0,900.0,20,9000.0,0.77548504,1979.8142,376.49527,-27.044924,913.3526,-1007.78625,41670.695,0.00026951925,0.023128767,0.023128767,1.1565597e-05,1e-04,-167.60703,0.0037734067916870115,3833.0347344875336,920000,,,,,,,
-313.6955,0.0025287694,0.0029024617,313.69803,-313.69803,1.1742766,0.02130217,90000.0,900.0,20,9000.0,1.3299202,1987.1437,313.658,-26.738997,596.4019,-546.5756,33398.355,0.0005216046,0.025014637,0.025014637,1.1376989e-05,1e-04,-87.23384,0.0037995234966278074,3852.0323572158813,925000,,,,,,,
-341.4762,0.0027447979,0.0031830056,341.47894,-341.47894,0.76998997,0.021440653,90000.0,900.0,20,9000.0,0.8810241,1982.8716,341.3531,-26.988966,416.10562,-567.7541,22489.613,0.00059869915,0.016509088,0.016509088,1.1200302e-05,1e-04,-192.0134,0.0037898343563079833,3870.9815344810486,930000,,,,,,,
-365.6914,0.0027333924,0.0033962466,365.69415,-365.69415,1.2154765,0.020785866,90000.0,900.0,20,9000.0,0.8989605,2014.0956,365.70523,-28.599707,495.48297,-536.49414,33226.8,0.000344928,0.02526473,0.02526473,1.103559e-05,1e-04,-137.40987,0.0037506910800933838,3889.734994649887,935000,,,,,,,
-300.26663,0.0023540086,0.0033197007,300.26898,-300.26898,1.5717674,0.02010798,90000.0,900.0,20,9000.0,0.76838195,1987.6964,300.2247,-26.62619,625.9917,-493.38565,32967.145,0.0006261698,0.031605072,0.031605072,1.0882903e-05,1e-04,-15.052612,0.003772777843475342,3908.598888874054,940000,,,,,,,
-360.73706,0.0024560576,0.002971171,360.7395,-360.7395,1.3602661,0.020867081,90000.0,900.0,20,9000.0,0.6718981,2002.4995,360.6281,-26.973873,1015.0007,-1257.9337,38761.664,0.00041033895,0.028384782,0.028384782,1.0742272e-05,1e-04,-104.60211,0.0037752710819244383,3927.475248813629,945000,,,,,,,
-359.48697,0.0020967936,0.00294726,359.48907,-359.48907,0.81442535,0.021366606,90000.0,900.0,20,9000.0,0.9907501,1957.6501,359.1346,-26.83356,629.30176,-528.33484,30560.537,0.00029891226,0.017401505,0.017401505,1.061374e-05,1e-04,-201.88268,0.0038240169525146483,3946.595338344574,950000,,,,,,,
-343.0457,0.001974562,0.0026816607,343.04767,-343.04767,0.53369635,0.021733308,90000.0,900.0,20,9000.0,0.63759553,1991.9591,342.9411,-27.464283,887.0013,-937.2286,29750.031,0.00031732203,0.0115989875,0.0115989875,1.0497346e-05,1e-04,-238.0172,0.0037689204216003417,3965.4399461746216,955000,,,,,,,
-349.46332,0.0022548458,0.0034364313,349.46558,-349.46558,1.3105294,0.021324873,90000.0,900.0,20,9000.0,0.7758662,1940.2424,349.39798,-28.018602,494.39606,-452.72195,26773.314,0.00035685225,0.027946873,0.027946873,1.0393118e-05,1e-04,-97.16559,0.00379695405960083,3984.4247217178345,960000,,,,,,,
-367.83994,0.0023059815,0.0031730665,367.84225,-367.84225,0.7877837,0.021702947,90000.0,900.0,20,9000.0,0.7565309,1987.2571,367.7135,-28.351,1075.6216,-643.9086,30550.746,0.00039784523,0.017097227,0.017097227,1.0301083e-05,1e-04,-213.20836,0.0037819183349609375,4003.334317922592,965000,,,,,,,
-279.0807,0.0024357613,0.002631248,279.08313,-279.08313,0.9306014,0.021714784,90000.0,900.0,20,9000.0,0.6627989,1898.738,279.0492,-26.801683,541.39166,-600.8476,31797.057,0.00033318053,0.02020781,0.02020781,1.0221269e-05,1e-04,-96.54759,0.003791276550292969,4022.2907061576843,970000,,,,,,,
-309.26953,0.0023313467,0.003920007,309.27185,-309.27185,1.13551,0.021370316,90000.0,900.0,20,9000.0,0.71619356,1957.4333,309.23096,-27.05404,787.60046,-661.6526,33843.82,0.00051556004,0.024266206,0.024266206,1.0153698e-05,1e-04,-90.157486,0.00378265061378479,4041.2039637565613,975000,,,,,,,
-299.66214,0.0021574022,0.00439297,299.6643,-299.6643,1.2444842,0.02197844,90000.0,900.0,20,9000.0,0.940958,1975.1428,299.6419,-27.529943,754.0597,-659.0097,36039.17,0.00046975282,0.02735182,0.02735182,1.0098386e-05,1e-04,-52.55481,0.003719491910934448,4059.8014283180237,980000,,,,,,,
-322.26923,0.0018605161,0.0022843522,322.2711,-322.2711,0.7748364,0.021646034,90000.0,900.0,20,9000.0,0.82314867,1967.489,322.23737,-26.591476,582.5845,-571.2531,25335.629,0.00018134921,0.016772134,0.016772134,1.005535e-05,1e-04,-170.49687,0.003802420663833618,4078.813536643982,985000,,,,,,,
-301.0982,0.0018444171,0.0029359425,301.10004,-301.10004,0.8072545,0.021203136,90000.0,900.0,20,9000.0,0.7337158,1968.9995,300.9718,-27.764467,761.699,-745.84314,31613.133,0.00031519207,0.017116327,0.017116327,1.0024603e-05,1e-04,-146.31757,0.0037387394428253173,4097.507238864899,990000,,,,,,,
-326.13785,0.002343345,0.002706382,326.1402,-326.1402,0.8800987,0.020940566,90000.0,900.0,20,9000.0,0.684845,1979.9187,326.1098,-26.923004,969.82153,-1363.6284,39605.23,0.00028203308,0.018429765,0.018429765,1.000615e-05,1e-04,-159.58511,0.0037797428131103516,4116.405958414078,995000,,,,,,,
-285.23434,0.002154917,0.0032408906,285.2365,-285.2365,1.1855081,0.021268182,90000.0,900.0,20,9000.0,0.86336786,1972.5615,285.17383,-26.401888,709.8985,-425.7958,31283.408,0.00042110952,0.025213601,0.025213601,1e-05,1e-04,-57.448563,0.003662828016281128,4134.720103263855,1000000,,,,,,,
-328.10083,0.0022438301,0.0032867745,328.1031,-328.1031,0.7911722,0.020904511,90000.0,900.0,20,9000.0,0.85545075,1982.5264,328.02026,-27.260557,1107.8889,-622.3829,30518.732,0.00027926287,0.016539067,0.016539067,1e-05,1e-04,-178.39378,0.010901101160049439,4189.225614070892,1005000,0.0,5000.0,-0.2707836510721303,-58.203658315195455,200.0,1.203766107559204,-0.057568199784824435
-410.5652,0.002134536,0.003222189,410.56732,-410.56732,0.89024353,0.021038553,90000.0,900.0,20,9000.0,0.81697357,1957.8572,410.41272,-27.98003,895.2608,-1107.6409,30489.805,0.0006828949,0.018729435,0.018729435,1e-05,1e-04,-241.18329,0.006286357069015503,4220.65740442276,1010000,0.0,10000.0,-0.3237958283276541,-61.57494722282534,200.0,1.2143003940582275,-0.17235180967202596
-349.40094,0.0022485638,0.003119622,349.4032,-349.4032,0.8394024,0.021152403,90000.0,900.0,20,9000.0,1.2979589,1981.8507,349.35504,-26.815386,774.5329,-834.99493,33257.07,0.00033604392,0.017755378,0.017755378,1e-05,1e-04,-188.30457,0.006273289680480957,4252.023857593536,1015000,0.0,15000.0,-0.29832674760327926,-57.240916700703345,200.0,1.2042169570922852,-0.024789354385387378
-315.41797,0.0023720458,0.0034107633,315.42035,-315.42035,0.87304145,0.020700019,90000.0,900.0,20,9000.0,0.8135915,1947.6272,315.3436,-27.551455,570.1598,-474.9601,29590.168,0.00038006404,0.018071974,0.018071974,1e-05,1e-04,-151.9566,0.006237179183959961,4283.209758520126,1020000,0.0,20000.0,-0.26497795538672575,-56.58764419222225,200.0,1.2014250755310059,-0.002547126318305389
-282.7636,0.0023347158,0.0039005387,282.76596,-282.76596,1.0420778,0.01963721,90000.0,900.0,20,9000.0,0.87366664,1944.1631,282.75885,-27.183683,1124.8428,-644.8428,32142.676,0.00019447663,0.020463502,0.020463502,1e-05,1e-04,-97.71843,0.006269205617904663,4314.555792331696,1025000,0.0,25000.0,-0.3154743792378702,-57.85524030847964,200.0,1.2261521816253662,-0.04570547379001764
-350.97333,0.002432558,0.0031834708,350.97577,-350.97577,1.1272334,0.02033639,90000.0,900.0,20,9000.0,0.5760014,1991.7041,350.87283,-26.840254,713.2194,-642.214,34530.258,0.00028722116,0.022923857,0.022923857,1e-05,1e-04,-144.08263,0.006296496152877808,4346.038277864456,1030000,0.0,30000.0,-0.32506915499887956,-60.91190881769919,200.0,1.202481985092163,-0.14977707825046518
-364.763,0.0025480958,0.0040310025,364.76553,-364.76553,1.2401414,0.020237243,90000.0,900.0,20,9000.0,0.8275484,1962.3293,364.7119,-28.54577,719.37396,-803.1198,31047.32,0.0002895241,0.025097042,0.025097042,1e-05,1e-04,-138.06207,0.00624511661529541,4377.263865947723,1035000,0.0,35000.0,-0.2744580663303767,-55.64119693127527,200.0,1.2057526111602783,0.029676938766559642
-291.1002,0.0021917396,0.003938317,291.1024,-291.1024,0.743861,0.019275136,90000.0,900.0,20,9000.0,0.7568444,1981.1177,291.0405,-27.556356,461.82767,-317.9425,20317.527,0.00062082114,0.014338023,0.014338023,1e-05,1e-04,-161.30115,0.006342151641845703,4408.974629163742,1040000,0.0,40000.0,-0.281442044964128,-57.72777319937199,200.0,1.2559752464294434,-0.041365550595613094
-333.45084,0.0022319583,0.0044072075,333.45306,-333.45306,1.9517411,0.018480903,90000.0,900.0,20,9000.0,0.74579537,1993.6309,333.3864,-26.859652,732.2081,-600.62744,32907.56,0.0007332613,0.036069937,0.036069937,1e-05,1e-04,-8.075623,0.006245138216018677,4440.200325727463,1045000,0.0,45000.0,-0.3193085062294617,-61.22340642169697,200.0,1.1989529132843018,-0.16038276065791443
-371.2293,0.0018818914,0.0038387484,371.2312,-371.2312,0.8585858,0.01847238,90000.0,900.0,20,9000.0,0.6376919,1966.1417,371.1936,-27.866388,444.85504,-392.6883,25450.072,0.0004039987,0.015860122,0.015860122,1e-05,1e-04,-227.85052,0.006313210725784302,4471.766384363174,1050000,0.0,50000.0,-0.29667249796475664,-59.45011881542775,200.0,1.2317094802856445,-0.10000693455913207
-329.76816,0.002517679,0.003507678,329.77066,-329.77066,0.9164598,0.017906656,90000.0,900.0,20,9000.0,0.47108665,1974.8542,329.77457,-26.989927,1239.8859,-1540.9739,32404.484,0.00041871914,0.01641073,0.01641073,1e-05,1e-04,-181.60048,0.006291798210144043,4503.225380420685,1055000,0.0,55000.0,-0.2803033352220247,-57.23920387193715,200.0,1.1952457427978516,-0.024731037025383755
-292.45267,0.002459512,0.003791696,292.45514,-292.45514,1.0363928,0.01849827,90000.0,900.0,20,9000.0,0.55088055,1959.7245,292.466,-28.203009,430.3786,-369.33017,22091.697,0.00058592233,0.019171475,0.019171475,1e-05,1e-04,-119.35852,0.006260358381271362,4534.527177333832,1060000,0.0,60000.0,-0.31711534616158116,-56.87645043847284,200.0,1.2020494937896729,-0.012380227073209264
-316.9899,0.0025952528,0.0038554957,316.9925,-316.9925,1.2618647,0.018375387,90000.0,900.0,20,9000.0,0.496992,1965.1266,316.99982,-27.133572,515.0977,-457.67804,31145.623,0.00049651944,0.023187254,0.023187254,1e-05,1e-04,-107.80763,0.006309351921081543,4566.073942661285,1065000,0.0,65000.0,-0.28244925891199224,-58.911522744009936,200.0,1.512953281402588,-0.08166914060487128
-286.8457,0.0024957266,0.0038580496,286.8482,-286.8482,0.829342,0.018252742,90000.0,900.0,20,9000.0,0.46809155,1962.3313,286.8177,-26.579262,1622.653,-722.4601,25937.527,0.00026412358,0.015137766,0.015137766,1e-05,1e-04,-150.13774,0.0062144623756408696,4597.1462597846985,1070000,0.0,70000.0,-0.2595751965937714,-54.39049157246553,200.0,1.2086613178253174,0.07226019992360383
-303.69028,0.0025577736,0.004004698,303.69284,-303.69284,1.1220547,0.018226694,90000.0,900.0,20,9000.0,0.3612104,1988.5746,303.6734,-27.439468,1603.2606,-715.54047,31447.244,0.00065772317,0.020451348,0.020451348,1e-05,1e-04,-119.26694,0.006249751567840576,4628.3950226306915,1075000,0.0,75000.0,-0.3216461874795393,-60.245975012057556,200.0,1.2069299221038818,-0.1271037659797564
-305.7794,0.0019852188,0.0024748365,305.78137,-305.78137,0.9496448,0.01869032,90000.0,900.0,20,9000.0,0.33318603,1988.1448,305.7509,-27.080347,618.4172,-710.6589,34406.93,0.000363119,0.017749164,0.017749164,1e-05,1e-04,-145.70372,0.006263396072387696,4659.71200799942,1080000,0.0,80000.0,-0.3258752432141559,-60.99188103407182,200.0,1.2140369415283203,-0.15249992400395582
-281.76724,0.0028483935,0.004621013,281.77008,-281.77008,1.1537563,0.01967926,90000.0,900.0,20,9000.0,4.261522,1985.2477,281.7143,-27.449356,1167.5117,-1282.4597,40909.79,0.00070101436,0.022705067,0.022705067,1e-05,1e-04,-73.16011,0.006241467809677124,4690.919352531433,1085000,0.0,85000.0,-0.28180363280710274,-56.212051602889794,200.0,1.2033381462097168,0.010240823463420515
-283.34988,0.0021362943,0.0033476786,283.35202,-283.35202,0.96690243,0.019568846,90000.0,900.0,20,9000.0,0.3688083,1965.0616,283.32483,-27.021015,712.66797,-695.5136,28417.541,0.0003803618,0.018921165,0.018921165,1e-05,1e-04,-112.6906,0.006180774974822998,4721.823232889175,1090000,0.0,90000.0,-0.3266530224194484,-61.014941523496674,200.0,1.1947100162506104,-0.15328507362906216
-277.88016,0.0023383945,0.0032930328,277.8825,-277.8825,0.9300757,0.020403657,90000.0,900.0,20,9000.0,11.386584,1970.7701,277.84558,-28.513672,1139.7853,-1195.5319,36612.0,0.00034997816,0.018976945,0.018976945,1e-05,1e-04,-95.70105,0.00625141487121582,4753.0803129673,1095000,0.0,95000.0,-0.3268485149313878,-60.35872608959274,200.0,1.2196338176727295,-0.13094264661347196
-258.37097,0.002701625,0.0029046638,258.3737,-258.3737,0.89864004,0.019832117,90000.0,900.0,20,9000.0,0.3530444,1997.7441,258.3349,-27.604027,1356.1375,-705.11066,32599.328,0.00032186808,0.017821934,0.017821934,1e-05,1e-04,-97.620514,0.005951882171630859,4782.839729070663,1100000,0.0,100000.0,-0.32543264951304607,-60.45853887955328,200.0,1.1812899112701416,-0.13434101224112682
-347.32352,0.0021914793,0.0031977622,347.3257,-347.3257,1.7456467,0.020459121,90000.0,900.0,20,9000.0,0.34833157,1985.2433,347.3173,-27.31743,573.12585,-888.20404,34088.01,0.0007810666,0.035714395,0.035714395,1e-05,1e-04,-25.545624,0.010436984539031982,4835.0246567726135,1105000,0.0,105000.0,-0.3176387721477075,-62.817833332634265,200.0,1.2153491973876953,-0.21466884575862644
-270.60663,0.002434209,0.0048225773,270.60907,-270.60907,1.8264288,0.019841626,90000.0,900.0,20,9000.0,0.38362503,1977.4525,270.61847,-27.954676,1348.1344,-2329.8545,44456.33,0.0007778892,0.03623932,0.03623932,1e-05,1e-04,55.930878,0.006216189002990723,4866.105609416962,1110000,0.0,110000.0,-0.2827739428080326,-60.150754470548804,200.0,1.209418535232544,-0.12386175445560238
-266.86115,0.0022505983,0.0041958345,266.8634,-266.8634,1.129644,0.020895258,90000.0,900.0,20,9000.0,0.37145084,1994.0247,266.8501,-27.390783,773.33307,-752.49976,34997.453,0.00035220318,0.023604203,0.023604203,1e-05,1e-04,-54.051865,0.006197826337814331,4897.0947477817535,1115000,0.0,115000.0,-0.2795102792989689,-56.03535300884289,200.0,1.1977746486663818,0.016256950541937723
-274.3801,0.0024349955,0.0036971539,274.38254,-274.38254,1.0340977,0.021258641,90000.0,900.0,20,9000.0,0.31735426,1983.951,274.33826,-28.684935,592.2007,-765.6802,33196.363,0.0005740765,0.021983512,0.021983512,1e-05,1e-04,-76.211136,0.006321643924713135,4928.7029728889465,1120000,0.0,120000.0,-0.31915700206176506,-57.21253975681458,200.0,1.2112748622894287,-0.023823193327595082
-300.9514,0.0018639944,0.003831935,300.95325,-300.95325,1.0926511,0.020648118,90000.0,900.0,20,9000.0,0.43118122,1967.0232,300.92044,-27.707026,1036.6311,-762.50665,36599.414,0.0006082844,0.022561189,0.022561189,1e-05,1e-04,-97.4695,0.006355830049514771,4960.482128381729,1125000,0.0,125000.0,-0.3186068227556428,-59.2790123576618,200.0,1.2252426147460938,-0.09418120516141172
-298.96753,0.0020476063,0.004097446,298.96957,-298.96957,0.78727305,0.021638313,90000.0,900.0,20,9000.0,0.37936014,1986.9464,298.9798,-26.650448,705.4995,-972.84216,32394.553,0.00037103082,0.01703526,0.01703526,1e-05,1e-04,-145.27081,0.006322964286804199,4992.096955299377,1130000,0.0,130000.0,-0.28894916326590897,-58.17990881425316,200.0,1.262193202972412,-0.0567595911114454
-261.6859,0.002514015,0.004084262,261.68842,-261.68842,1.3402082,0.021219974,90000.0,900.0,20,9000.0,0.23894927,1990.978,261.6665,-27.557768,816.3182,-571.72784,28702.209,0.0005233108,0.02843918,0.02843918,1e-05,1e-04,-5.494339,0.006291018962860107,5023.55205488205,1135000,0.0,135000.0,-0.3203180445312547,-58.595782646753236,200.0,1.5237202644348145,-0.07091901234762285
-253.94844,0.0020839984,0.003414877,253.95053,-253.95053,1.3740975,0.022717852,90000.0,900.0,20,9000.0,0.27924657,1991.1887,253.93634,-28.139524,918.9394,-1372.2899,33210.145,0.00042920554,0.031216543,0.031216543,1e-05,1e-04,27.279694,0.006288120985031128,5054.9926652908325,1140000,0.0,140000.0,-0.27752827835966637,-58.24047370523727,200.0,1.248309850692749,-0.058821667963965416
-265.06622,0.0020052101,0.0032251542,265.06824,-265.06824,0.6121502,0.023829078,90000.0,900.0,20,9000.0,0.27917978,1988.7786,265.06467,-27.58321,429.66605,-476.6914,21544.55,0.00040006425,0.014586975,0.014586975,1e-05,1e-04,-133.50427,0.0063566924095153805,5086.776132106781,1145000,0.0,145000.0,-0.27692166418444075,-55.83988983965058,200.0,1.2231781482696533,0.02291196254909885
-275.90878,0.0024826466,0.004548234,275.91125,-275.91125,1.2266856,0.024586497,90000.0,900.0,20,9000.0,0.28742537,1994.961,275.91968,-27.56071,693.2603,-599.41223,36434.16,0.0004603395,0.030159902,0.030159902,1e-05,1e-04,-4.182251,0.006331801223754882,5118.435144901276,1150000,0.0,150000.0,-0.321764611974008,-60.39964003412505,200.0,1.2586486339569092,-0.132335659902103
-266.4988,0.002117619,0.004063917,266.50092,-266.50092,1.0185926,0.024333177,90000.0,900.0,20,9000.0,0.96481895,1978.0791,266.82397,-27.211143,603.89355,-484.41965,26021.61,0.000507539,0.024785595,0.024785595,1e-05,1e-04,-42.46364,0.0063646782875061035,5150.258541584015,1155000,0.0,155000.0,-0.302899670379595,-57.95079218644094,200.0,1.2363789081573486,-0.048958766457720425
-264.48022,0.0028015957,0.0042795306,264.48303,-264.48303,1.0770499,0.024448436,90000.0,900.0,20,9000.0,0.22274545,1948.4912,264.45953,-27.686625,812.3469,-820.28174,29802.797,0.00071273156,0.026332185,0.026332185,1e-05,1e-04,-27.267822,0.006231770038604736,5181.4173974990845,1160000,0.0,160000.0,-0.3272134239817254,-61.74856654650245,200.0,1.1897447109222412,-0.17826309561157608
-240.33537,0.0023079228,0.004043629,240.33768,-240.33768,0.8791905,0.024991086,90000.0,900.0,20,9000.0,0.20835833,1948.7229,240.33372,-28.641548,480.24863,-565.80164,29449.787,0.00057629717,0.021971926,0.021971926,1e-05,1e-04,-42.379684,0.006344223546981812,5213.138520002365,1165000,0.0,165000.0,-0.2819859585255361,-57.869411499085395,200.0,1.2176308631896973,-0.04618796593432694
-255.94533,0.001861173,0.0041063214,255.94719,-255.94719,0.87450254,0.024509836,90000.0,900.0,20,9000.0,0.17154673,1984.6428,255.9234,-28.449963,636.31866,-711.1033,37455.023,0.0004203186,0.021433914,0.021433914,1e-05,1e-04,-62.86856,0.006301143121719361,5244.644240140915,1170000,0.0,170000.0,-0.32260317680996814,-59.6824178692404,200.0,1.2283129692077637,-0.10791611253247381
-254.78088,0.0024376502,0.003823866,254.78333,-254.78333,1.0855232,0.025186628,90000.0,900.0,20,9000.0,0.20701385,1967.897,254.76602,-27.499504,749.0401,-1077.5603,33225.203,0.00042449372,0.02734067,0.02734067,1e-05,1e-04,-8.507843,0.006396638536453247,5276.6274383068085,1175000,0.0,175000.0,-0.317600292465975,-62.48586314873431,200.0,1.2132453918457031,-0.2033661253074908
-308.061,0.002035682,0.004187211,308.06305,-308.06305,1.1683288,0.023943206,90000.0,900.0,20,9000.0,0.2582867,2002.4363,308.0347,-27.238386,465.56946,-429.59183,29270.0,0.00078546064,0.027973536,0.027973536,1e-05,1e-04,-56.04088,0.006354484128952027,5308.399864196777,1180000,0.0,180000.0,-0.27776890406186777,-56.70293227335867,200.0,1.5509157180786133,-0.006472385319353206
-294.55655,0.0021331918,0.004224056,294.5587,-294.5587,1.3093084,0.023706552,90000.0,900.0,20,9000.0,0.38305038,1997.6002,294.5592,-27.759161,1352.2527,-1174.6462,49344.992,0.00028759975,0.031039186,0.031039186,1e-05,1e-04,-14.820831,0.0062970215320587155,5339.884977340698,1185000,0.0,185000.0,-0.2729618323326881,-59.91773872423234,200.0,1.2152588367462158,-0.11592817496847165
-245.47665,0.0021593021,0.0037218202,245.47882,-245.47882,0.94383377,0.024927964,90000.0,900.0,20,9000.0,0.18414623,1999.9645,245.47812,-27.96803,657.6083,-549.9487,31437.553,0.0007121117,0.023527855,0.023527855,1e-05,1e-04,-33.54181,0.006413785409927368,5371.953909635544,1190000,0.0,190000.0,-0.3263031441614201,-61.233683738889894,200.0,1.249525547027588,-0.16073267655052442
-262.80957,0.002196407,0.0042152256,262.81177,-262.81177,0.9203526,0.024936615,90000.0,900.0,20,9000.0,3.0530431,1976.5812,263.02338,-29.296772,630.74097,-548.85205,34421.25,0.00043556263,0.022950478,0.022950478,1e-05,1e-04,-53.202225,0.006371363639831543,5403.810733795166,1195000,0.0,195000.0,-0.29443979705719103,-61.3385417772386,200.0,1.2330667972564697,-0.1643028197500929
-222.34781,0.0024982607,0.0055237236,222.35031,-222.35031,1.4574147,0.02482166,90000.0,900.0,20,9000.0,0.18707342,1980.0116,222.34894,-27.170954,876.2928,-607.4415,33610.086,0.0005534985,0.036175452,0.036175452,1e-05,1e-04,103.418335,0.006077392101287842,5434.197699546814,1200000,0.0,200000.0,-0.31243982719220675,-61.21057916538,200.0,1.516176700592041,-0.1599460259770989
-256.28775,0.0022368783,0.004118349,256.28998,-256.28998,1.1249067,0.025824163,90000.0,900.0,20,9000.0,0.20136142,1987.6954,256.27618,-28.420467,1274.551,-1229.0745,39493.53,0.00076965324,0.029049775,0.029049775,1e-05,1e-04,5.3615723,0.01065048441886902,5487.450126409531,1205000,0.0,205000.0,-0.32392089374079813,-59.82304588469686,200.0,1.247232437133789,-0.11270413032259358
-260.67538,0.0021184308,0.004487598,260.6775,-260.6775,0.93751955,0.026021207,90000.0,900.0,20,9000.0,0.19752783,1995.4171,260.66528,-27.39226,977.3677,-582.3076,31361.326,0.00033451008,0.024395391,0.024395391,1e-05,1e-04,-40.919327,0.0063778491020202634,5519.339377403259,1210000,0.0,210000.0,-0.2804534854308325,-60.349190496115966,200.0,1.2159302234649658,-0.1306179844822603
-215.33266,0.0020932304,0.0040587075,215.33475,-215.33475,1.1028264,0.02606537,90000.0,900.0,20,9000.0,0.3032729,1988.5033,215.3501,-28.295147,453.0491,-463.94922,29122.566,0.00047154428,0.028745579,0.028745579,1e-05,1e-04,43.680817,0.006382638549804687,5551.252574920654,1215000,0.0,215000.0,-0.267261667669027,-56.7991313597773,200.0,1.2583160400390625,-0.009747713749969382
-265.944,0.0024234431,0.005100468,265.9464,-265.9464,1.3119346,0.02804169,90000.0,900.0,20,9000.0,0.20399106,2006.3674,265.94366,-27.387453,1797.8347,-821.916,44013.664,0.000835161,0.036788862,0.036788862,1e-05,1e-04,65.35974,0.006441194725036621,5583.458553552628,1220000,0.0,220000.0,-0.27897168498435393,-59.73690466212496,200.0,1.2113752365112305,-0.10977124596951353
-323.5466,0.00239624,0.004150505,323.549,-323.549,0.9003153,0.02888917,90000.0,900.0,20,9000.0,0.3143059,2006.3295,323.53183,-28.934902,732.02765,-623.3405,29608.426,0.0007235682,0.026009362,0.026009362,1e-05,1e-04,-89.14804,0.006410880184173584,5615.512959718704,1225000,0.0,225000.0,-0.28925840278297915,-56.43223101453826,200.0,1.5978221893310547,0.0027442877513213725
-212.39066,0.002353785,0.004581692,212.393,-212.393,1.0959477,0.027651096,90000.0,900.0,20,9000.0,0.15398937,1990.8882,212.40414,-28.037804,1525.565,-1175.978,36103.72,0.0005945018,0.030304154,0.030304154,1e-05,1e-04,60.500732,0.006326732397079468,5647.1466274261475,1230000,0.0,230000.0,-0.3098978378391154,-60.07883266507233,200.0,1.2318522930145264,-0.12141300423324358
-237.53969,0.0024477886,0.003934976,237.54213,-237.54213,0.7902175,0.027730608,90000.0,900.0,20,9000.0,0.18888715,1982.1338,237.5134,-28.831533,657.7193,-1021.8505,30016.598,0.0004643399,0.021913212,0.021913212,1e-05,1e-04,-40.131897,0.006328507280349732,5678.789169549942,1235000,0.0,235000.0,-0.3340108547896517,-58.36133344231761,200.0,1.2054872512817383,-0.06293662734365624
-267.9291,0.0022392604,0.0037082261,267.93134,-267.93134,0.50169814,0.028574934,90000.0,900.0,20,9000.0,0.1796233,1975.3291,267.913,-28.427073,762.766,-847.1769,27055.148,0.0003842752,0.014335992,0.014335992,1e-05,1e-04,-138.72556,0.0063227499961853026,5710.402923822403,1240000,0.0,240000.0,-0.2693090747298402,-57.770893887318024,200.0,1.2378289699554443,-0.04283369775205044
-239.64244,0.0023570424,0.0037175762,239.64479,-239.64479,0.81764287,0.027280265,90000.0,900.0,20,9000.0,0.15582034,1950.1328,239.65628,-28.640575,614.6102,-1007.6249,36184.543,0.00048411114,0.022305517,0.022305517,1e-05,1e-04,-38.73697,0.006379292583465576,5742.29939198494,1245000,0.0,245000.0,-0.28438288818529817,-56.83517749532634,200.0,1.272244930267334,-0.010974990816446404
-254.66812,0.0023133862,0.004165625,254.67044,-254.67044,1.1263543,0.027042687,90000.0,900.0,20,9000.0,0.20332956,2002.7881,254.66147,-28.762495,532.6549,-341.62143,26066.953,0.0004931173,0.030459648,0.030459648,1e-05,1e-04,19.672043,0.006330227851867676,5773.950536251068,1250000,0.0,250000.0,-0.32645810096499256,-62.50385810092385,200.0,1.20343017578125,-0.20397880657826184
-199.41634,0.002219551,0.0050775143,199.41855,-199.41855,0.8709524,0.027287547,90000.0,900.0,20,9000.0,0.16522698,1998.1279,199.4238,-30.380104,1016.62616,-879.07306,39009.36,0.00057347724,0.023766156,0.023766156,1e-05,1e-04,14.644287,0.006312251663208008,5805.511799812317,1255000,0.0,255000.0,-0.33134569987470114,-59.28239994613529,200.0,1.1995701789855957,-0.09429654372907939
-271.663,0.0020612928,0.0045286356,271.66507,-271.66507,0.8450909,0.026257588,90000.0,900.0,20,9000.0,1.033289,1979.0035,271.672,-30.103458,581.3871,-612.4899,28382.145,0.00052597065,0.02219005,0.02219005,1e-05,1e-04,-70.91925,0.006325990915298462,5837.141760110855,1260000,0.0,260000.0,-0.2986441260843181,-57.9713658108968,200.0,1.2095565795898438,-0.04965924480538213
-259.22717,0.0024089771,0.00541251,259.22958,-259.22958,0.8746209,0.025830194,90000.0,900.0,20,9000.0,0.16915885,1992.2299,259.2077,-29.058996,527.61957,-504.33377,26858.578,0.00077012385,0.022591628,0.022591628,1e-05,1e-04,-55.733368,0.006333082008361817,5868.80717587471,1265000,0.0,265000.0,-0.29395519900020767,-60.36682712614598,200.0,1.228482961654663,-0.13121846581641952
-294.71967,0.002405005,0.0039072447,294.72208,-294.72208,0.8725406,0.026933122,90000.0,900.0,20,9000.0,0.15614617,2000.6823,294.69226,-28.59145,544.2546,-1084.2721,31720.168,0.0006555723,0.023500241,0.023500241,1e-05,1e-04,-83.06134,0.006233983993530273,5899.977101325989,1270000,0.0,270000.0,-0.2795820608511395,-55.97152487709004,200.0,1.2118377685546875,0.018430132246527578
-280.3635,0.001936919,0.004655581,280.36542,-280.36542,1.0153037,0.027572671,90000.0,900.0,20,9000.0,0.2242507,1985.5891,280.36517,-29.50296,748.954,-776.54663,30668.648,0.0006068555,0.027994636,0.027994636,1e-05,1e-04,-28.18753,0.006310061836242675,5931.527415752411,1275000,0.0,275000.0,-0.3234291055962067,-59.593166378579596,200.0,1.2103629112243652,-0.10487733164879584
-272.57465,0.0023575043,0.0039527984,272.577,-272.577,0.97862977,0.027345449,90000.0,900.0,20,9000.0,0.19543584,1993.5992,272.55923,-28.63057,3295.6628,-2559.5176,62365.555,0.00043702926,0.02676107,0.02676107,1e-05,1e-04,-31.529587,0.0063442902565002445,5963.248872280121,1280000,0.0,280000.0,-0.30795875120312494,-57.00927796209244,200.0,1.212451696395874,-0.016902658425482275
-273.56403,0.0023800223,0.0049896687,273.5664,-273.5664,0.8858961,0.028694173,90000.0,900.0,20,9000.0,0.19896871,1984.9246,273.5499,-29.495975,475.53424,-504.84958,31168.035,0.0008665228,0.025420057,0.025420057,1e-05,1e-04,-44.58455,0.006315768766403198,5994.827721357346,1285000,0.0,285000.0,-0.2572300377270658,-56.160098240111736,200.0,1.2167854309082031,0.012009700201319922
-256.88123,0.0019793327,0.004338047,256.8832,-256.8832,1.0271249,0.028979981,90000.0,900.0,20,9000.0,0.119823016,1973.6075,256.8747,-29.664883,2156.5417,-1649.4412,44327.434,0.00064760464,0.029766059,0.029766059,1e-05,1e-04,11.133118,0.006253496599197388,6026.09520983696,1290000,0.0,290000.0,-0.2805849959557761,-58.12959252594953,200.0,1.2238354682922363,-0.05504645249714735
-265.53085,0.0021660337,0.0041689086,265.53302,-265.53302,0.7392201,0.02881145,90000.0,900.0,20,9000.0,0.22911483,1981.7783,265.53317,-28.909765,1139.423,-881.2465,37396.195,0.0005583092,0.021298002,0.021298002,1e-05,1e-04,-73.619705,0.006336585187911988,6057.7781410217285,1295000,0.0,295000.0,-0.28973468762508764,-57.43372120942719,200.0,1.240746259689331,-0.03135384592563039
-258.2182,0.0022129214,0.005521779,258.22043,-258.22043,1.3036621,0.028703136,90000.0,900.0,20,9000.0,0.17253962,1976.7354,258.2001,-29.626957,1181.4454,-943.56464,35917.637,0.00059670984,0.037419192,0.037419192,1e-05,1e-04,78.72708,0.0061905926704406734,6088.731109380722,1300000,0.0,300000.0,-0.3157718160789648,-60.42570050208221,200.0,1.132810115814209,-0.13322295098555256
-222.20004,0.002216917,0.0051770704,222.20226,-222.20226,0.8417625,0.028512685,90000.0,900.0,20,9000.0,0.15957624,1965.9165,222.18309,-30.301954,575.7004,-642.4176,27641.604,0.00089226227,0.02400091,0.02400091,1e-05,1e-04,-6.0322876,0.01065260443687439,6141.994136571884,1305000,0.0,305000.0,-0.30894479227513594,-57.55069156183679,200.0,1.21738600730896,-0.035336381883603614
-253.84656,0.0021657934,0.0048711738,253.84872,-253.84872,0.72964996,0.02770941,90000.0,900.0,20,9000.0,0.16983932,1960.0579,253.82541,-28.502035,580.2273,-639.4853,31356.223,0.0005169203,0.02021817,0.02021817,1e-05,1e-04,-71.713196,0.006326225709915161,6173.6252698898315,1310000,0.0,310000.0,-0.2992579380110512,-57.746604290379885,200.0,1.5333456993103027,-0.04200670021619557
-227.78561,0.0024808059,0.0056118025,227.7881,-227.7881,0.6421569,0.02692687,90000.0,900.0,20,9000.0,55.67906,1993.5406,227.4322,-30.942987,519.8009,-482.37744,25020.39,0.0008327086,0.017291274,0.017291274,1e-05,1e-04,-16.485092,0.006311765193939209,6205.184101343155,1315000,0.0,315000.0,-0.28119805303656015,-57.256302521599736,200.0,1.2070097923278809,-0.025313201528706603
-267.298,0.0018762209,0.0057510096,267.29987,-267.29987,0.8400073,0.027239395,90000.0,900.0,20,9000.0,0.17192745,1971.6104,267.2541,-29.82819,1702.0309,-1433.7064,35314.836,0.0008851447,0.022881292,0.022881292,1e-05,1e-04,-61.194443,0.0063431241035461425,6236.899727344513,1320000,0.0,320000.0,-0.2783587561881887,-55.37063146368063,200.0,1.2518854141235352,0.038888988499539846
-195.1224,0.0021471947,0.00475628,195.12456,-195.12456,1.0297589,0.026271224,90000.0,900.0,20,9000.0,0.23304656,1993.7533,195.13043,-30.094112,482.79675,-698.84924,33023.508,0.00065868563,0.027053028,0.027053028,1e-05,1e-04,48.58789,0.006413669729232788,6268.968080997467,1325000,0.0,325000.0,-0.3323161205061585,-59.99219740591852,200.0,1.2261650562286377,-0.11846329922081278
-225.79881,0.001908914,0.0046047964,225.80072,-225.80072,0.92972493,0.025744928,90000.0,900.0,20,9000.0,0.19894215,1978.9574,225.78773,-30.260036,442.54263,-389.0867,25619.934,0.0008194872,0.023935702,0.023935702,1e-05,1e-04,-10.178558,0.006399219703674316,6300.9641852378845,1330000,0.0,330000.0,-0.30445902660256485,-61.713840624610185,200.0,1.5817484855651855,-0.1770807683828315
-248.2054,0.0020022928,0.004347601,248.2074,-248.2074,0.8020823,0.026090896,90000.0,900.0,20,9000.0,0.13633703,1982.7676,248.2081,-30.513641,654.6976,-679.4147,36854.17,0.0004831475,0.020927045,0.020927045,1e-05,1e-04,-59.725647,0.00643983850479126,6333.163383245468,1335000,0.0,335000.0,-0.28237738813530777,-56.08905359305937,200.0,1.2320246696472168,0.01442858546308942
-238.14462,0.002691996,0.004737414,238.14731,-238.14731,1.1114641,0.025342016,90000.0,900.0,20,9000.0,0.1465222,1979.5223,238.12859,-29.779388,585.8219,-613.05536,31377.904,0.0006434412,0.028166741,0.028166741,1e-05,1e-04,15.502563,0.006348849296569824,6364.907635211945,1340000,0.0,340000.0,-0.2588786992099061,-56.505659607612635,200.0,1.2222998142242432,0.0002442353342947425
-219.35072,0.0021035671,0.0044431067,219.35283,-219.35283,1.430357,0.026028374,90000.0,900.0,20,9000.0,37.32593,2000.9095,219.35126,-29.733784,484.6491,-523.7322,35211.562,0.00043258196,0.03722987,0.03722987,1e-05,1e-04,153.04402,0.006402053642272949,6396.917909383774,1345000,0.0,345000.0,-0.3263831996868574,-59.381661477335314,200.0,1.2112557888031006,-0.09767614043118451
-205.7793,0.0023235288,0.0049036816,205.78162,-205.78162,0.96600014,0.025805091,90000.0,900.0,20,9000.0,5.6318016,1966.1968,205.7829,-29.881065,577.13477,-320.40884,29847.799,0.0005834757,0.02492772,0.02492772,1e-05,1e-04,24.201996,0.006269178342819214,6428.263806581497,1350000,0.0,350000.0,-0.3271327322276308,-59.6263151211045,200.0,1.2052721977233887,-0.10600596002639297
-178.49084,0.0021902735,0.005169395,178.49304,-178.49304,0.8298102,0.0262795,90000.0,900.0,20,9000.0,0.10321974,1992.178,178.47562,-29.663229,377.0767,-601.7854,28925.066,0.00053768896,0.021806996,0.021806996,1e-05,1e-04,17.87535,0.0063372600078582765,6459.950112581253,1355000,0.0,355000.0,-0.30098314505590246,-58.05821700603727,200.0,1.2286317348480225,-0.052616301875952
-275.47327,0.0021683893,0.005107502,275.47543,-275.47543,0.94511247,0.025460187,90000.0,900.0,20,9000.0,0.13174081,1979.9124,275.45773,-29.664711,619.7205,-852.7996,32770.223,0.0005276482,0.024062742,0.024062742,1e-05,1e-04,-58.776855,0.006405244922637939,6491.976343154907,1360000,0.0,360000.0,-0.31479615545619805,-57.51691679172785,200.0,1.2558181285858154,-0.03418643889668229
-233.25618,0.0024313438,0.0052786567,233.2586,-233.2586,1.3189332,0.026159042,90000.0,900.0,20,9000.0,0.17683981,1957.0323,233.23706,-29.1893,925.60944,-1497.8463,44277.992,0.0012089364,0.03450203,0.03450203,1e-05,1e-04,77.4389,0.006450841856002807,6524.230557918549,1365000,0.0,365000.0,-0.2784728625197511,-59.003473573838725,200.0,1.2710237503051758,-0.0847998269592758
-195.9147,0.0020610476,0.005497693,195.91676,-195.91676,0.80749476,0.026399875,90000.0,900.0,20,9000.0,0.10980595,1962.492,195.89906,-28.442738,353.917,-389.3499,22530.008,0.0008445212,0.021317761,0.021317761,1e-05,1e-04,-3.945053,0.006390796899795532,6556.184547901154,1370000,0.0,370000.0,-0.27976995344956435,-54.978230342587274,200.0,1.2532236576080322,0.052249225025381166
-217.56192,0.002132498,0.0053799157,217.56406,-217.56406,1.1225278,0.026369011,90000.0,900.0,20,9000.0,0.17539589,1982.3585,217.55794,-29.46149,508.5773,-485.57428,30382.195,0.00086123485,0.029599946,0.029599946,1e-05,1e-04,49.012985,0.006289904546737671,6587.634076595306,1375000,0.0,375000.0,-0.33853529581351166,-55.81520531714338,200.0,1.186814785003662,0.02375240627236027
-236.98495,0.0021295878,0.0057152784,236.98709,-236.98709,1.1143129,0.02772457,90000.0,900.0,20,9000.0,0.10199998,1944.9823,236.95468,-31.039034,1374.9172,-1407.8308,39647.266,0.0007232453,0.030893844,0.030893844,1e-05,1e-04,41.161636,0.006237124443054199,6618.819704055786,1380000,0.0,380000.0,-0.31083104795085864,-60.88729609194731,200.0,1.1840965747833252,-0.14893907901979392
-208.44757,0.0024674474,0.0053282315,208.45004,-208.45004,0.69839054,0.027178708,90000.0,900.0,20,9000.0,0.115036234,1986.0793,208.40451,-31.071768,2351.1338,-805.8954,29302.38,0.00054108206,0.018981352,0.018981352,1e-05,1e-04,-37.500366,0.0062825714111328125,6650.23256611824,1385000,0.0,385000.0,-0.26161302839170547,-58.772864447104816,200.0,1.220350980758667,-0.07694818660310632
-165.88121,0.0025286744,0.005931008,165.88374,-165.88374,1.2873845,0.026932154,90000.0,900.0,20,9000.0,0.07167201,1943.4734,165.86684,-30.188145,519.08606,-579.0331,28552.867,0.0006930643,0.034672037,0.034672037,1e-05,1e-04,146.2388,0.006224432373046875,6681.354733705521,1390000,0.0,390000.0,-0.29510605739255985,-61.91039028655687,200.0,1.1821715831756592,-0.18377277263950917
-205.56128,0.0021428377,0.0058816886,205.56342,-205.56342,0.7127548,0.027575914,90000.0,900.0,20,9000.0,0.16165967,1963.4409,205.569,-30.429283,478.87073,-478.86218,25636.879,0.00062669406,0.019654864,0.019654864,1e-05,1e-04,-28.505829,0.006160532522201538,6712.157401800156,1395000,0.0,395000.0,-0.32365178570587566,-58.17660954046084,200.0,1.2254796028137207,-0.05664725942873737
-193.04181,0.0019763922,0.0062145335,193.0438,-193.0438,1.1706668,0.028154528,90000.0,900.0,20,9000.0,0.123607025,1965.8411,193.03474,-29.806326,1048.3274,-805.18256,30099.156,0.0010886876,0.032959573,0.032959573,1e-05,1e-04,103.71797,0.006133066463470459,6742.822739601135,1400000,0.0,400000.0,-0.28562838336262164,-55.64202408153877,200.0,1.1659235954284668,0.02964877645363853
-189.38586,0.0028675506,0.006389176,189.38873,-189.38873,1.2766706,0.028792089,90000.0,900.0,20,9000.0,0.12331457,1985.6268,189.3699,-30.95093,1168.5123,-990.8958,35966.64,0.0010386037,0.036758013,0.036758013,1e-05,1e-04,141.55957,0.010545365238189698,6795.549570798874,1405000,0.0,405000.0,-0.2992467323491907,-57.470949753506744,200.0,1.2480478286743164,-0.03262138092407708
-261.36392,0.0021549445,0.0044498187,261.3661,-261.3661,1.2498784,0.029266208,90000.0,900.0,20,9000.0,0.15526433,1978.9252,261.34637,-29.870983,2483.821,-4516.695,59434.035,0.00043044964,0.0365792,0.0365792,1e-05,1e-04,68.00415,0.006400299310684204,6827.551072835922,1410000,0.0,410000.0,-0.2978007754104235,-59.54488701236682,200.0,1.2237415313720703,-0.10323354492840335
-242.08537,0.0018256762,0.005347637,242.0872,-242.0872,1.0728915,0.029989017,90000.0,900.0,20,9000.0,0.10324623,1981.2793,242.07228,-29.276567,426.38937,-531.8906,27100.014,0.00075420475,0.032174964,0.032174964,1e-05,1e-04,47.592545,0.006342301416397095,6859.262585401535,1415000,0.0,415000.0,-0.25305472012855296,-55.909917183849714,200.0,1.5390534400939941,0.020527713800853484
-194.69102,0.0020681166,0.005971102,194.6931,-194.6931,1.3278939,0.029933041,90000.0,900.0,20,9000.0,0.18411359,1940.7119,194.68399,-30.309153,1732.0197,-874.06177,36730.71,0.00069151004,0.0397479,0.0397479,1e-05,1e-04,163.2242,0.00637219614982605,6891.123571634293,1420000,0.0,420000.0,-0.2676278304390911,-52.00027779077931,200.0,1.2805607318878174,0.15364075607919164
-195.8985,0.002142168,0.005628712,195.90063,-195.90063,1.0331191,0.030545218,90000.0,900.0,20,9000.0,0.13558766,1984.7616,195.881,-29.269722,693.3839,-603.7134,39434.47,0.00061022583,0.031556845,0.031556845,1e-05,1e-04,88.24869,0.006468438053131104,6923.465767621994,1425000,0.0,425000.0,-0.2999438627119251,-61.447781492497526,200.0,1.2596824169158936,-0.16802214764041137
-216.58609,0.0023469015,0.0057159388,216.58844,-216.58844,0.75202465,0.0315843,90000.0,900.0,20,9000.0,0.10899194,1980.3099,216.58319,-30.440697,1136.2567,-1525.6094,36055.414,0.0008590609,0.023752172,0.023752172,1e-05,1e-04,-2.70755,0.006485130214691162,6955.891424179077,1430000,0.0,430000.0,-0.28637415870887717,-58.52242805888195,200.0,1.2426342964172363,-0.068421479615083
-250.39178,0.0024013966,0.004920347,250.39418,-250.39418,1.0055672,0.031277224,90000.0,900.0,20,9000.0,0.15854512,1955.7478,250.35646,-30.785114,595.17883,-1849.1775,36201.29,0.00091254344,0.031451352,0.031451352,1e-05,1e-04,32.82892,0.006502177381515503,6988.402316331863,1435000,0.0,435000.0,-0.3016136993797674,-54.20201562045948,200.0,1.6309845447540283,0.07867731537734608
-169.57993,0.0020652723,0.007281558,169.58199,-169.58199,1.1082757,0.03126067,90000.0,900.0,20,9000.0,0.10845772,1919.8877,169.57608,-30.12066,1159.6099,-1616.47,49900.664,0.0010571255,0.03464544,0.03464544,1e-05,1e-04,142.33746,0.006398224401473999,7020.393443346024,1440000,0.0,440000.0,-0.3014918040450133,-61.30969983178595,200.0,1.2502045631408691,-0.16332082659971858
-157.89673,0.0023973493,0.0053834706,157.89912,-157.89912,1.0580509,0.031504497,90000.0,900.0,20,9000.0,0.12367752,1980.2462,157.91931,-29.824766,1074.1111,-994.2143,44238.617,0.00093222584,0.03333336,0.03333336,1e-05,1e-04,142.22719,0.006421712398529053,7052.502012491226,1445000,0.0,445000.0,-0.32630000129298625,-60.70326490586543,200.0,1.2363545894622803,-0.14267329627346967
-201.91594,0.0021660335,0.005336189,201.9181,-201.9181,0.8936312,0.03079097,90000.0,900.0,20,9000.0,0.12968408,1989.2859,201.9038,-31.003317,1012.8837,-750.90436,29492.709,0.0007017233,0.02751577,0.02751577,1e-05,1e-04,45.855682,0.006493352794647217,7084.968782186508,1450000,0.0,450000.0,-0.3090432445687073,-57.71733366373194,200.0,1.2272145748138428,-0.04101011158722713
-206.14493,0.002236968,0.0067616054,206.14717,-206.14717,1.4218632,0.030307561,90000.0,900.0,20,9000.0,0.1514074,1953.2185,206.1229,-30.329634,863.8647,-706.73706,35208.625,0.0010377034,0.043093204,0.043093204,1e-05,1e-04,181.84532,0.006438063764572143,7117.159106731415,1455000,0.0,455000.0,-0.25350918525662647,-52.96814389470201,200.0,1.572312593460083,0.12068743515665688
-218.62067,0.0025263266,0.0051539144,218.6232,-218.6232,1.257281,0.030067218,90000.0,900.0,20,9000.0,1.1817689,1988.1736,218.51924,-30.805065,487.00177,-675.0029,30832.852,0.000586519,0.037802942,0.037802942,1e-05,1e-04,122.78757,0.0063176712512969975,7148.7474682331085,1460000,0.0,460000.0,-0.2866639088900821,-55.47981879128927,200.0,1.2415223121643066,0.035171444272318185
-203.12283,0.0032746722,0.0063660075,203.12611,-203.12611,1.3675464,0.030186966,90000.0,900.0,20,9000.0,0.118177846,1969.4211,203.36946,-31.232538,735.3786,-570.6036,39516.805,0.0010370587,0.04128208,0.04128208,1e-05,1e-04,168.53407,0.006352895879745484,7180.511952638626,1465000,0.0,465000.0,-0.3009620293738461,-60.7833373365692,200.0,1.2100207805633545,-0.14539955406401972
-216.4713,0.0024948083,0.0054851496,216.47379,-216.47379,0.679849,0.030891199,90000.0,900.0,20,9000.0,0.11931327,1984.8055,216.45515,-30.544014,765.8554,-549.1288,29331.443,0.00074653386,0.02100135,0.02100135,1e-05,1e-04,-27.339844,0.006352210521697998,7212.273010492325,1470000,0.0,470000.0,-0.28212124309699427,-57.487789991424755,200.0,1.2240290641784668,-0.03319474718029258
-191.215,0.0023139096,0.004177065,191.21732,-191.21732,1.3958333,0.030013887,90000.0,900.0,20,9000.0,0.13932408,1976.157,191.21208,-29.190186,921.97064,-757.47864,36471.008,0.00051607116,0.041894384,0.041894384,1e-05,1e-04,185.97377,0.006322021865844726,7243.883125305176,1475000,0.0,475000.0,-0.2537892512176185,-58.27928790314697,200.0,1.1995108127593994,-0.06014319034695334
-218.04025,0.002228945,0.0058767004,218.04248,-218.04248,1.1467025,0.029805947,90000.0,900.0,20,9000.0,0.0970871,1990.6108,218.04529,-30.453886,827.9675,-483.53912,29830.158,0.0009230753,0.034178555,0.034178555,1e-05,1e-04,89.66383,0.006249569463729858,7275.130979061127,1480000,0.0,480000.0,-0.25844906716993155,-57.79548448163986,200.0,1.2444078922271729,-0.04367094346514966
-182.29407,0.0026834663,0.0070748343,182.29675,-182.29675,1.1743964,0.029656757,90000.0,900.0,20,9000.0,0.11759899,1970.4808,182.29237,-29.455585,370.5942,-319.92313,23797.592,0.00093516085,0.03482879,0.03482879,1e-05,1e-04,131.28264,0.00639490065574646,7307.105494260788,1485000,0.0,485000.0,-0.282950454011071,-61.14906308054653,200.0,1.2199790477752686,-0.15785156345051687
-225.28574,0.0022214653,0.0056837853,225.28796,-225.28796,1.0851909,0.030726625,90000.0,900.0,20,9000.0,0.14287362,1986.994,225.28333,-30.634695,642.3854,-733.5028,36053.45,0.00057489064,0.03334425,0.03334425,1e-05,1e-04,74.9554,0.006428949356079102,7339.250246047974,1490000,0.0,490000.0,-0.2754845860037182,-54.98532469627619,200.0,1.2267730236053467,0.05200768075298521
-180.91814,0.0021289214,0.00613689,180.92027,-180.92027,1.1262727,0.030516362,90000.0,900.0,20,9000.0,0.097893745,1966.3419,180.90956,-30.692732,806.1772,-804.9962,36869.414,0.00065968337,0.034369744,0.034369744,1e-05,1e-04,128.50746,0.006300431537628174,7370.752409219742,1495000,0.0,495000.0,-0.278509231890168,-54.76469128004725,200.0,1.2255091667175293,0.05951967413901244
-188.9939,0.0025313115,0.00625467,188.99643,-188.99643,1.2891685,0.030455455,90000.0,900.0,20,9000.0,0.13876289,1996.2926,188.99858,-29.714952,579.8187,-513.17285,29973.002,0.00066253997,0.039262213,0.039262213,1e-05,1e-04,164.50479,0.006124626970291138,7401.375549316406,1500000,0.0,500000.0,-0.26686436396936936,-55.18515197023434,200.0,1.1999292373657227,0.045204082340839474
-323.47314,0.0018729314,0.0042192633,323.475,-323.475,1.0227083,0.030147335,90000.0,900.0,20,9000.0,0.16655806,1996.0176,323.45483,-29.26426,526.60657,-451.68646,31930.596,0.0005998651,0.03083193,0.03083193,1e-05,1e-04,-45.819214,0.010550570297241211,7454.128405570984,1505000,0.0,505000.0,-0.2758707618666391,-56.3686064461081,200.0,1.2406985759735107,0.004910538654766778
-207.796,0.002436398,0.006324066,207.79845,-207.79845,1.1712283,0.02902042,90000.0,900.0,20,9000.0,109.49858,1999.9763,207.82878,-31.397274,1779.6028,-3138.594,57708.043,0.0005285822,0.033989538,0.033989538,1e-05,1e-04,207.6084,0.006427838945388794,7486.267606496811,1510000,0.0,510000.0,-0.30779061419740106,-58.26191425234193,200.0,1.2447583675384521,-0.059551662770717134
-126.70692,0.0023015048,0.0062510865,126.70922,-126.70922,1.3372957,0.030327244,90000.0,900.0,20,9000.0,0.080117285,2000.6,126.70128,-30.345837,624.7306,-548.3317,33307.383,0.0007393722,0.04055649,0.04055649,1e-05,1e-04,238.38162,0.006457880115509033,7518.557012081146,1515000,0.0,515000.0,-0.25897310421030717,-56.17692953577621,200.0,1.2575490474700928,0.011436638405555479
-233.3387,0.0018973451,0.0059559806,233.34059,-233.34059,0.85888606,0.031229505,90000.0,900.0,20,9000.0,0.15989204,1991.36,233.32713,-30.656929,831.2151,-601.6683,30646.805,0.00077271095,0.026822587,0.026822587,1e-05,1e-04,8.224487,0.00624958872795105,7549.804961204529,1520000,0.0,520000.0,-0.26951550683994274,-57.021428418531066,200.0,1.1933062076568604,-0.017316349832542117
-216.02603,0.0017492678,0.005919714,216.02779,-216.02779,0.65952134,0.031048048,90000.0,900.0,20,9000.0,0.17013396,1994.467,216.00835,-30.904743,946.4557,-741.5326,28109.965,0.0008341817,0.020476852,0.020476852,1e-05,1e-04,-31.564224,0.006277993059158325,7581.1949326992035,1525000,0.0,525000.0,-0.26156039196741665,-59.906548652592754,200.0,1.213066816329956,-0.11554718216338113
-214.68515,0.002269092,0.005936082,214.68742,-214.68742,0.6538742,0.030841276,90000.0,900.0,20,9000.0,0.109037325,1997.6951,214.67834,-28.934319,701.2874,-676.78314,33409.414,0.0007613356,0.020166315,0.020166315,1e-05,1e-04,-33.07927,0.006322805881500244,7612.808966875076,1530000,0.0,530000.0,-0.261234193651419,-55.6035155568035,200.0,1.2102477550506592,0.030959891460881392
-199.31073,0.0022333972,0.007192256,199.31296,-199.31296,1.3330936,0.030916888,90000.0,900.0,20,9000.0,0.13164958,1987.2937,199.30472,-30.11304,897.65643,-513.6064,30958.59,0.000903271,0.04121511,0.04121511,1e-05,1e-04,171.75693,0.006317295026779175,7644.395447254181,1535000,0.0,535000.0,-0.2527565151101219,-55.11503784521149,200.0,1.2479467391967773,0.04759128575019158
-211.32169,0.0020211902,0.0059104185,211.3237,-211.3237,1.0025761,0.03137784,90000.0,900.0,20,9000.0,0.10378989,1987.8679,211.32469,-30.155754,524.25433,-560.4788,30347.502,0.00054826366,0.031458676,0.031458676,1e-05,1e-04,71.91019,0.006312733459472656,7675.959119319916,1540000,0.0,540000.0,-0.31206749241339266,-61.35694978628257,200.0,1.5508825778961182,-0.16492956453133092
-211.52963,0.0019374483,0.007163627,211.53157,-211.53157,0.9723801,0.032070227,90000.0,900.0,20,9000.0,0.1267398,1998.7816,211.4948,-30.425064,340.71167,-357.49045,27651.293,0.0009336906,0.03118445,0.03118445,1e-05,1e-04,69.25714,0.006293050336837768,7707.424376249313,1545000,0.0,545000.0,-0.31998825376910894,-58.79101487790623,200.0,1.2086350917816162,-0.07756616151581076
-231.8177,0.0022096392,0.005497958,231.81992,-231.81992,0.8950331,0.03266944,90000.0,900.0,20,9000.0,0.09891138,2001.9574,231.81009,-29.943857,1149.7172,-909.87646,34314.895,0.00042318867,0.029240232,0.029240232,1e-05,1e-04,31.443283,0.006289587450027466,7738.872318267822,1550000,0.0,550000.0,-0.2644418673703613,-54.40490046965037,200.0,1.2087056636810303,0.07176961448916458
-152.22592,0.0026369477,0.006132335,152.22856,-152.22856,0.85653454,0.031696226,90000.0,900.0,20,9000.0,0.077399164,2003.2858,152.2294,-30.438488,557.3329,-710.2308,27697.125,0.0007561028,0.027148914,0.027148914,1e-05,1e-04,92.191696,0.006292048692703247,7770.332566738129,1555000,0.0,555000.0,-0.25868583351693447,-55.798067657383605,200.0,1.2500357627868652,0.024335898967926557
-237.82025,0.0023477548,0.0058280732,237.8226,-237.8226,0.8997438,0.031234536,90000.0,900.0,20,9000.0,0.14296663,2004.6171,237.81422,-30.333033,952.9851,-812.72754,40845.22,0.0009261579,0.02810308,0.02810308,1e-05,1e-04,15.250427,0.00632639422416687,7801.96454334259,1560000,0.0,560000.0,-0.29019278836793205,-53.67533053640831,200.0,1.591209888458252,0.09660957122297119
-249.98436,0.0020909698,0.0052590957,249.98645,-249.98645,1.073864,0.031365782,90000.0,900.0,20,9000.0,0.11218856,2006.7618,249.96458,-31.116613,733.4245,-682.42535,29877.262,0.00044124856,0.033682585,0.033682585,1e-05,1e-04,53.271072,0.0063714241981506345,7833.821670055389,1565000,0.0,565000.0,-0.27791449745980323,-55.83349622111043,200.0,1.231858491897583,0.023129648614098924
-176.87923,0.0027260638,0.006578555,176.88196,-176.88196,1.2673316,0.031572822,90000.0,900.0,20,9000.0,0.0955354,2004.7883,176.89153,-29.160225,655.2233,-488.17322,32597.926,0.0011544209,0.040013235,0.040013235,1e-05,1e-04,183.33542,0.006352645254135132,7865.584901809692,1570000,0.0,570000.0,-0.27770921122997927,-55.39967798352874,200.0,1.1982722282409668,0.03790003012362596
-242.5988,0.0016922624,0.0045476006,242.6005,-242.6005,0.69517845,0.031806033,90000.0,900.0,20,9000.0,0.13462652,2002.4279,242.57489,-29.813396,607.08716,-425.84213,28053.105,0.00042192094,0.022110868,0.022110868,1e-05,1e-04,-43.466354,0.006328555250167847,7897.227682828903,1575000,0.0,575000.0,-0.2712934528633617,-55.97360451885075,200.0,1.228653907775879,0.01835932585908743
-226.24373,0.0030521515,0.0055769044,226.24678,-226.24678,0.9866458,0.03148441,90000.0,900.0,20,9000.0,0.13850793,2001.5743,226.23637,-30.21526,703.83154,-765.9209,40839.637,0.0006772586,0.03106396,0.03106396,1e-05,1e-04,53.47043,0.006438860321044922,7929.421989679337,1580000,0.0,580000.0,-0.25819484317304014,-55.76858094906989,200.0,1.558260440826416,0.02533984461502872
-167.15,0.0022605225,0.006982358,167.15225,-167.15225,1.1520832,0.031059286,90000.0,900.0,20,9000.0,0.13462046,1994.6676,167.15129,-30.467527,1499.2914,-1108.1869,48605.0,0.0010682213,0.03578288,0.03578288,1e-05,1e-04,155.03055,0.006383651733398437,7961.340253829956,1585000,0.0,585000.0,-0.2874816208265598,-56.642025659127,200.0,1.2334916591644287,-0.004398673679957358
-208.81519,0.0019869963,0.005327223,208.81717,-208.81717,0.71383166,0.030485967,90000.0,900.0,20,9000.0,0.0885001,1998.6791,208.80249,-30.228947,753.6226,-600.32544,30954.85,0.0007705987,0.021761848,0.021761848,1e-05,1e-04,-12.870056,0.006321119117736816,7992.9458549022675,1590000,0.0,590000.0,-0.2593225504581191,-60.002094170721534,200.0,1.2153515815734863,-0.11880025829534475
-183.40353,0.002356258,0.0060886624,183.40588,-183.40588,1.0487715,0.031114956,90000.0,900.0,20,9000.0,0.11582293,1995.5842,183.3946,-29.068258,1951.9551,-1065.6805,47113.367,0.0004453127,0.032632478,0.032632478,1e-05,1e-04,110.40459,0.006302424097061157,8024.457980394363,1595000,0.0,595000.0,-0.26509811825913226,-57.96364496458811,200.0,1.2102560997009277,-0.04939637009040603
-170.62198,0.0024024774,0.006831985,170.62437,-170.62437,0.9966629,0.030736124,90000.0,900.0,20,9000.0,0.108795784,2001.6444,170.60957,-30.261253,692.22363,-854.27826,27039.105,0.00091149757,0.030633554,0.030633554,1e-05,1e-04,105.18881,0.006272463035583496,8055.82030081749,1600000,0.0,600000.0,-0.2911814942445547,-58.724781488735765,200.0,1.2091143131256104,-0.07531108705842927
-121.8395,0.0022182777,0.006285474,121.84172,-121.84172,1.130354,0.030145539,90000.0,900.0,20,9000.0,0.11985099,1995.818,121.849,-30.487368,537.2104,-670.21405,27978.418,0.0008708717,0.034075134,0.034075134,1e-05,1e-04,184.95656,0.010386534214019775,8107.75297665596,1605000,0.0,605000.0,-0.27536692808428415,-56.96368737377479,200.0,1.176231861114502,-0.015350417591972613
-236.59354,0.002009891,0.006295064,236.59555,-236.59555,1.1639211,0.029783621,90000.0,900.0,20,9000.0,0.14332572,2004.0801,236.56903,-30.340864,978.1037,-1690.9906,34464.43,0.00091851025,0.034665786,0.034665786,1e-05,1e-04,75.541855,0.006294131231307984,8139.223638534546,1610000,0.0,610000.0,-0.3313163647815594,-61.635064979091226,200.0,1.3919153213500977,-0.17439866275154117
-171.13855,0.0024568075,0.0067379405,171.141,-171.141,1.0414908,0.030833313,90000.0,900.0,20,9000.0,0.10760215,2004.235,171.15005,-31.096182,453.56082,-488.79868,26279.967,0.0007920091,0.032112613,0.032112613,1e-05,1e-04,117.982574,0.006390201568603516,8171.174651384354,1615000,0.0,615000.0,-0.2985223328552908,-60.39856231385008,200.0,1.1779541969299316,-0.13229896633267033
-174.99239,0.0019486815,0.0058959597,174.99434,-174.99434,1.2220389,0.03067309,90000.0,900.0,20,9000.0,0.1254169,1992.1271,174.98085,-30.228498,448.49612,-604.9535,30316.113,0.0007985977,0.037483707,0.037483707,1e-05,1e-04,162.48639,0.00626614408493042,8202.505376815796,1620000,0.0,620000.0,-0.32858455356668254,-57.95413147454603,200.0,1.1784489154815674,-0.04907246052359771
-184.50854,0.0020534503,0.0062384647,184.5106,-184.5106,1.1026537,0.03137237,90000.0,900.0,20,9000.0,0.10954547,2003.561,184.50945,-29.907637,1211.0518,-1112.4712,43109.305,0.0007723455,0.03459286,0.03459286,1e-05,1e-04,126.93672,0.006111788320541382,8233.064323663712,1625000,0.0,625000.0,-0.2570766596178905,-52.52025298470417,200.0,1.218437910079956,0.1359369545226369
-231.85464,0.0018638081,0.006300738,231.8565,-231.8565,0.8702435,0.031828802,90000.0,900.0,20,9000.0,0.119207956,2005.3794,231.86844,-29.882227,445.21768,-595.19,24877.16,0.00058234646,0.027698807,0.027698807,1e-05,1e-04,17.553818,0.00609950761795044,8263.561867237091,1630000,0.0,630000.0,-0.32965371871117377,-59.915015174734336,200.0,1.1841497421264648,-0.11583544519904124
-175.87296,0.002008406,0.006535957,175.87497,-175.87497,0.52487713,0.032234635,90000.0,900.0,20,9000.0,0.09664004,2013.7161,175.87378,-29.89956,1587.3516,-2778.8967,36109.79,0.0007280402,0.016919224,0.016919224,1e-05,1e-04,-23.503311,0.006122584056854248,8294.174793481827,1635000,0.0,635000.0,-0.2839649594128848,-56.74033739108427,200.0,1.161496639251709,-0.007745932190724229
-194.53954,0.0022150641,0.00815654,194.54175,-194.54175,1.2982334,0.03227036,90000.0,900.0,20,9000.0,0.34895796,2011.8878,194.52777,-30.524628,564.2463,-848.34015,35188.79,0.0010161618,0.04189446,0.04189446,1e-05,1e-04,182.85953,0.006029530143737793,8324.322448730469,1640000,0.0,640000.0,-0.28570850424053656,-56.79495845804738,200.0,1.1429994106292725,-0.009605637310545784
-213.42125,0.0017837288,0.0070579504,213.42303,-213.42303,1.0242087,0.03369729,90000.0,900.0,20,9000.0,0.119200975,2019.5994,213.41733,-29.609873,818.6852,-614.9174,29999.098,0.00063551863,0.034513056,0.034513056,1e-05,1e-04,97.315445,0.0059854472637176515,8354.249690055847,1645000,0.0,645000.0,-0.2766891545361175,-54.81574621579668,200.0,1.1549458503723145,0.057781386502312
-157.53647,0.0023886957,0.0066251517,157.53886,-157.53886,0.68592936,0.034419324,90000.0,900.0,20,9000.0,0.10488042,2019.6154,157.52655,-30.503023,722.694,-722.0451,27973.232,0.0013780711,0.023609225,0.023609225,1e-05,1e-04,55.051422,0.006025425672531128,8384.376822948456,1650000,0.0,650000.0,-0.31441560162092463,-57.28941836429544,200.0,1.189795970916748,-0.026440709752777007
-177.60718,0.0023522212,0.006267836,177.60953,-177.60953,0.83683103,0.03269994,90000.0,900.0,20,9000.0,14.768039,2020.1903,177.64932,-29.576097,473.65488,-306.2378,25828.186,0.0010405959,0.027364325,0.027364325,1e-05,1e-04,83.43977,0.006034595060348511,8414.549805879593,1655000,0.0,655000.0,-0.2623118128773141,-56.785813422645994,200.0,1.1959748268127441,-0.009294272664952233
-155.34361,0.0022671912,0.0070203664,155.34589,-155.34589,0.9920758,0.03335384,90000.0,900.0,20,9000.0,0.10866706,2000.263,155.32083,-29.35878,767.1775,-814.66296,29688.924,0.001012016,0.033089537,0.033089537,1e-05,1e-04,142.5709,0.006021761178970337,8444.658618211746,1660000,0.0,660000.0,-0.27994217851305514,-56.055812324166986,200.0,1.1603364944458008,0.015560364122599573
-175.41968,0.0024198703,0.0062241093,175.4221,-175.4221,1.136412,0.031728785,90000.0,900.0,20,9000.0,45.134026,2010.1782,175.44919,-29.744095,1176.8151,-633.32416,36118.797,0.0006261555,0.036056973,0.036056973,1e-05,1e-04,194.22711,0.006116691350936889,8475.242080688477,1665000,0.0,665000.0,-0.26626033410488575,-59.09158412980005,200.0,1.5073845386505127,-0.08779976198695014
-203.55983,0.0018948369,0.0069177486,203.56172,-203.56172,1.2171351,0.032135747,90000.0,900.0,20,9000.0,0.12320247,1991.9977,203.5422,-29.788364,588.6594,-777.3498,34123.426,0.0008792251,0.039113544,0.039113544,1e-05,1e-04,148.58525,0.006123155069351197,8505.857860803604,1670000,0.0,670000.0,-0.30416734014029234,-54.699192502339066,200.0,1.1862897872924805,0.06174973698872247
-158.09435,0.0019134239,0.0066311564,158.09625,-158.09625,0.9098742,0.032607906,90000.0,900.0,20,9000.0,0.12803914,1988.6669,158.07703,-30.581703,597.11597,-448.84186,30139.25,0.0007391858,0.029669091,0.029669091,1e-05,1e-04,109.05551,0.006147646141052246,8536.596096754074,1675000,0.0,675000.0,-0.2938938605137553,-60.43096701242153,200.0,1.1987175941467285,-0.13340226195082994
-180.49034,0.0020581472,0.0062612,180.4924,-180.4924,1.0107932,0.0328163,90000.0,900.0,20,9000.0,0.106215626,2021.1194,180.4987,-30.846403,688.5323,-485.44318,32830.824,0.00080661784,0.03317049,0.03317049,1e-05,1e-04,118.1503,0.006180095100402832,8567.496577978134,1680000,0.0,680000.0,-0.257181334986883,-55.99336882277351,200.0,1.1765902042388916,0.017686402768447473
-186.55138,0.0018409425,0.0067559686,186.55322,-186.55322,1.3405054,0.032055948,90000.0,900.0,20,9000.0,0.083296,1994.9879,186.54366,-29.139753,543.0428,-550.01404,30305.77,0.00058476627,0.042971168,0.042971168,1e-05,1e-04,200.27243,0.006129429197311401,8598.143729448318,1685000,0.0,685000.0,-0.25273173109082403,-53.55659106653416,200.0,1.5011146068572998,0.10065234102457486
-162.2941,0.00204462,0.0068977894,162.29614,-162.29614,1.3758925,0.031705547,90000.0,900.0,20,9000.0,0.062718466,1996.5325,162.28877,-29.841484,752.58,-638.8323,31480.896,0.0008514688,0.043623425,0.043623425,1e-05,1e-04,230.37946,0.006077962112426758,8628.533545255661,1690000,0.0,690000.0,-0.2752377235797549,-59.2796890968025,200.0,1.1857383251190186,-0.09420424636720867
-188.51555,0.0018064217,0.0059036934,188.51735,-188.51735,0.69316155,0.033745017,90000.0,900.0,20,9000.0,1.1030432,1998.5856,188.58984,-29.237755,598.1788,-471.86957,26759.207,0.0008017783,0.023390748,0.023390748,1e-05,1e-04,23.104218,0.0061295072555541995,8659.181086540222,1695000,0.0,695000.0,-0.2681156356583341,-53.1749960175449,200.0,1.1865997314453125,0.11364465892973605
-167.8312,0.0019217686,0.0066391905,167.83313,-167.83313,1.2559317,0.034476202,90000.0,900.0,20,9000.0,0.07227363,1997.2233,167.83682,-30.52191,979.7282,-783.13464,37065.38,0.0005663027,0.043299753,0.043299753,1e-05,1e-04,221.93886,0.006039852809906006,8689.380355596542,1700000,0.0,700000.0,-0.2793221444167278,-54.39843736756097,200.0,1.200667381286621,0.07198966628811058
-167.2067,0.002322651,0.006366116,167.20901,-167.20901,0.9881394,0.035674363,90000.0,900.0,20,9000.0,0.07740562,1975.2993,167.18176,-30.508469,429.03326,-527.00146,23816.047,0.0005300043,0.035251245,0.035251245,1e-05,1e-04,150.13191,0.010282987928390504,8740.795300722122,1705000,0.0,705000.0,-0.3200075116826541,-60.74177474951463,200.0,1.4751496315002441,-0.143984456186298
-221.21725,0.0020150836,0.0065099904,221.21927,-221.21927,0.82413965,0.034601394,90000.0,900.0,20,9000.0,0.111838505,2022.2074,221.19293,-29.363588,645.52704,-835.0923,25761.195,0.000880565,0.02851638,0.02851638,1e-05,1e-04,35.542007,0.005940118837356567,8770.495900392532,1710000,0.0,710000.0,-0.32552567228614454,-58.93334809198665,200.0,1.1671326160430908,-0.08241223687945695
-210.89069,0.001953129,0.0056262095,210.89264,-210.89264,0.7993404,0.032888588,90000.0,900.0,20,9000.0,0.10902594,2022.6626,210.86295,-30.665974,438.92813,-396.07706,24128.633,0.00081608084,0.026289178,0.026289178,1e-05,1e-04,25.820938,0.006025029754638672,8800.621054649353,1715000,0.0,715000.0,-0.30433105680032924,-58.24647265340661,200.0,1.1611602306365967,-0.059025916530394976
-168.85838,0.0025323078,0.007515437,168.86092,-168.86092,1.0010306,0.03360096,90000.0,900.0,20,9000.0,0.0759741,2023.4518,168.8461,-29.861038,361.9352,-407.0244,26737.875,0.00063511904,0.033635587,0.033635587,1e-05,1e-04,133.93787,0.005987695741653442,8830.55953836441,1720000,0.0,720000.0,-0.3156701117932489,-57.9139567140383,200.0,1.1461443901062012,-0.047704614526479304
-138.03584,0.0023635498,0.0065862513,138.03821,-138.03821,1.0754243,0.034530114,90000.0,900.0,20,9000.0,0.064288646,2019.58,138.0325,-30.902323,622.0998,-473.4266,32341.486,0.0008871407,0.037134524,0.037134524,1e-05,1e-04,196.23917,0.006109164333343506,8861.105365037918,1725000,0.0,725000.0,-0.2631865850168896,-56.0363590641134,200.0,1.5217630863189697,0.016222696979321462
-161.36522,0.0020044614,0.006949262,161.36722,-161.36722,1.0144218,0.0351568,90000.0,900.0,20,9000.0,0.123774186,1970.0037,161.35199,-29.176144,533.36725,-527.77795,30588.58,0.0011082026,0.03566383,0.03566383,1e-05,1e-04,159.73302,0.0061440552711486815,8891.825646400452,1730000,0.0,730000.0,-0.25714021571592516,-56.01894742213884,200.0,1.1800413131713867,0.01681551805596682
-157.10722,0.0020016143,0.007296039,157.10922,-157.10922,0.89609814,0.03519103,90000.0,900.0,20,9000.0,0.06729005,2028.5471,157.10939,-30.523739,846.53424,-757.25806,31083.248,0.00081617176,0.031534616,0.031534616,1e-05,1e-04,126.77162,0.0060366439342498775,8922.008871078491,1735000,0.0,735000.0,-0.27121415569067575,-53.283385500206414,200.0,1.1640799045562744,0.10995427924571141
-210.20567,0.002084752,0.0068980074,210.20776,-210.20776,1.389699,0.033716064,90000.0,900.0,20,9000.0,0.13412651,2026.7408,210.18196,-31.407827,972.83093,-933.4045,35061.773,0.00095655094,0.04685518,0.04685518,1e-05,1e-04,211.62508,0.006019031810760498,8952.104035377502,1740000,0.0,740000.0,-0.3424728364669489,-58.57134169319907,200.0,1.14788818359375,-0.07008686151306111
-194.2554,0.0024241647,0.008164924,194.25783,-194.25783,0.9986576,0.035540853,90000.0,900.0,20,9000.0,0.07408008,2031.0809,194.26135,-29.922943,585.9267,-679.00977,21776.543,0.0008133038,0.035493143,0.035493143,1e-05,1e-04,125.25697,0.006009624481201172,8982.152162790298,1745000,0.0,745000.0,-0.280035637593928,-54.632558331874144,200.0,1.4714767932891846,0.06401845700571446
-155.92392,0.0020712945,0.006062461,155.926,-155.926,1.0564023,0.037456185,90000.0,900.0,20,9000.0,0.07043002,1982.8611,155.91904,-30.352259,856.4883,-805.6222,36637.504,0.000697851,0.0395688,0.0395688,1e-05,1e-04,200.26572,0.0059755035877227785,9012.029685258865,1750000,0.0,750000.0,-0.29358804293356333,-58.67169103675344,200.0,1.1543967723846436,-0.07350349539362622
-153.52042,0.0020614243,0.0076255067,153.52248,-153.52248,0.89948094,0.038853113,90000.0,900.0,20,9000.0,0.104106694,1996.0282,153.52802,-29.244741,462.2169,-555.3573,22940.82,0.00086279854,0.034947634,0.034947634,1e-05,1e-04,161.11241,0.006031950712203979,9042.189443826675,1755000,0.0,755000.0,-0.257437323769222,-55.44741114257051,200.0,1.1815242767333984,0.03627484033531261
-133.84071,0.0021277864,0.005286133,133.84283,-133.84283,0.7177113,0.03819295,90000.0,900.0,20,9000.0,0.056645863,1964.2196,133.82535,-31.254595,1083.611,-746.8522,34672.367,0.0005945978,0.027411513,0.027411513,1e-05,1e-04,112.91954,0.00596321496963501,9072.005524158478,1760000,0.0,760000.0,-0.25549642698534697,-56.45452063549681,200.0,1.143399953842163,0.0019853841904756164
-137.68425,0.0025121577,0.0069292993,137.68677,-137.68677,1.221235,0.038431294,90000.0,900.0,20,9000.0,0.09073463,1975.7782,137.66806,-29.933962,609.7029,-688.7635,29769.982,0.00092211296,0.046933644,0.046933644,1e-05,1e-04,284.80927,0.0059254777908325194,9101.63291835785,1765000,0.0,765000.0,-0.25478177165268345,-52.75366923321865,200.0,1.155418872833252,0.1279897389784028
-181.90712,0.0022099079,0.006094635,181.90933,-181.90933,1.1840991,0.03797409,90000.0,900.0,20,9000.0,0.056268007,1972.4319,181.89645,-30.666811,790.5467,-890.659,43802.58,0.000751371,0.044965085,0.044965085,1e-05,1e-04,222.83492,0.006001095962524414,9131.638403892517,1770000,0.0,770000.0,-0.261637681127061,-53.075109840501064,200.0,1.169386863708496,0.11704552319650811
-183.09857,0.0019244818,0.006486481,183.1005,-183.1005,0.74073607,0.03851567,90000.0,900.0,20,9000.0,0.09431289,1974.9783,183.09299,-30.245665,905.1266,-757.3051,28469.727,0.000628524,0.028529946,0.028529946,1e-05,1e-04,73.76524,0.006038515710830688,9161.830988168716,1775000,0.0,775000.0,-0.3279317658108977,-55.17176284045287,200.0,1.176210880279541,0.0456599473502389
-151.3493,0.0022590326,0.0066397907,151.35156,-151.35156,1.0186806,0.04017577,90000.0,900.0,20,9000.0,0.062473312,2012.8464,151.32985,-29.248962,595.37506,-530.39435,35162.266,0.00090000953,0.040926278,0.040926278,1e-05,1e-04,217.04965,0.006029475975036621,9191.97837305069,1780000,0.0,780000.0,-0.3093786602530452,-59.25395267446739,200.0,1.1534733772277832,-0.09332798819351151
-140.41988,0.0020601067,0.0068307696,140.42194,-140.42194,0.9258405,0.038513612,90000.0,900.0,20,9000.0,0.07615718,1950.3665,140.42172,-30.749105,578.50195,-613.9461,31183.773,0.0008917676,0.03565746,0.03565746,1e-05,1e-04,180.57343,0.005934822416305542,9221.65248966217,1785000,0.0,785000.0,-0.25991378558831874,-57.034056505206,200.0,1.1425039768218994,-0.01774630330560022
-190.68132,0.0022694787,0.006462274,190.6836,-190.6836,0.7598719,0.03715505,90000.0,900.0,20,9000.0,0.0791315,2003.9052,190.68991,-30.339739,563.357,-880.06476,32263.793,0.0008757506,0.02823308,0.02823308,1e-05,1e-04,63.49553,0.006000763416290284,9251.65631198883,1790000,0.0,790000.0,-0.27547817699328336,-55.31577402399013,200.0,1.1766741275787354,0.04075674149531379
-172.30235,0.0020699943,0.007989582,172.30443,-172.30443,1.0681572,0.036502857,90000.0,900.0,20,9000.0,0.06621839,2013.2499,172.30247,-30.391224,569.6136,-905.7146,29255.021,0.0009494495,0.03899079,0.03899079,1e-05,1e-04,178.68095,0.006042685747146607,9281.869745969772,1795000,0.0,795000.0,-0.2737695215464753,-55.5781011538564,200.0,1.222154140472412,0.031825185712819844
-186.60326,0.001950082,0.007506878,186.60521,-186.60521,1.0405015,0.036951985,90000.0,900.0,20,9000.0,0.09184292,1959.9867,186.62297,-29.953388,749.95294,-625.82983,33375.414,0.0009508699,0.038448595,0.038448595,1e-05,1e-04,159.52594,0.005922049474716187,9311.4799990654,1800000,0.0,800000.0,-0.26859519619560385,-51.7314870198074,200.0,1.1813085079193115,0.162792382012731
-135.6493,0.0016498304,0.0075708525,135.65096,-135.65096,0.7779383,0.036909807,90000.0,900.0,20,9000.0,0.06431414,2010.4948,135.64749,-29.97825,1449.6581,-638.8105,31769.13,0.0009589922,0.028713552,0.028713552,1e-05,1e-04,122.836975,0.010383835983276368,9363.399184703827,1805000,0.0,805000.0,-0.28394415669301987,-53.65632831574113,200.0,1.199808120727539,0.09725654736290273
-191.3652,0.0019832207,0.007335262,191.36719,-191.36719,0.7888102,0.037435036,90000.0,900.0,20,9000.0,0.093032986,2019.4751,191.36005,-30.572845,516.0579,-566.8159,29632.508,0.001065243,0.029529138,0.029529138,1e-05,1e-04,74.49007,0.006209623050689697,9394.447305202484,1810000,0.0,810000.0,-0.25196469924742965,-54.657678328462296,200.0,1.2135882377624512,0.06316318652378788
-151.0427,0.002043884,0.008053175,151.04474,-151.04474,1.0533582,0.036658164,90000.0,900.0,20,9000.0,0.11846262,1962.6177,151.03766,-29.621895,887.29254,-1323.2369,31683.48,0.00082044944,0.038614176,0.038614176,1e-05,1e-04,196.60336,0.006142825126647949,9425.161435842514,1815000,0.0,815000.0,-0.26998199624222535,-55.849364834111995,200.0,1.152270793914795,0.022589363656585988
-114.19417,0.0020743115,0.008278372,114.19624,-114.19624,1.2754123,0.03575557,90000.0,900.0,20,9000.0,0.08101064,2023.5698,114.19939,-30.567154,1170.9006,-1283.2585,34148.86,0.000871246,0.045603096,0.045603096,1e-05,1e-04,296.3147,0.00601050763130188,9455.21397948265,1820000,0.0,820000.0,-0.2836371684088367,-57.35225076595815,200.0,1.1480000019073486,-0.028579989440259756
-114.66075,0.0021914635,0.007398147,114.66294,-114.66294,1.309551,0.036365576,90000.0,900.0,20,9000.0,0.058210313,1937.3293,114.65231,-30.227127,1171.0231,-937.67865,37374.42,0.0010782918,0.047622576,0.047622576,1e-05,1e-04,314.00064,0.005972291421890259,9485.075441598892,1825000,0.0,825000.0,-0.2706349629836046,-56.73360837701424,200.0,1.1475749015808105,-0.007516826781160779
-139.1103,0.001903819,0.007967432,139.11221,-139.11221,1.172336,0.037049018,90000.0,900.0,20,9000.0,0.16005543,1776.2327,139.08965,-31.145689,459.9012,-468.30273,26838.922,0.0007621405,0.043433897,0.043433897,1e-05,1e-04,251.9548,0.006065465450286865,9515.402773857117,1830000,0.0,830000.0,-0.26009252192525567,-52.70704665946846,200.0,1.1834514141082764,0.1295771162290347
-146.12947,0.0018272602,0.008291532,146.1313,-146.1313,1.2549843,0.038870122,90000.0,900.0,20,9000.0,0.09888223,2017.3866,146.10667,-29.417841,444.29797,-730.918,28206.219,0.0011806451,0.04878139,0.04878139,1e-05,1e-04,293.00195,0.006228796863555908,9546.546763420105,1835000,0.0,835000.0,-0.32440903185394326,-58.876060800536514,200.0,1.257512092590332,-0.08046175375757883
-166.62895,0.0019970206,0.006827383,166.63095,-166.63095,0.6928303,0.039283074,90000.0,900.0,20,9000.0,1.6725295,1961.6947,166.63477,-30.315733,483.76086,-867.9383,27818.738,0.0009627964,0.027216505,0.027216505,1e-05,1e-04,79.99213,0.006240428495407104,9577.74891114235,1840000,0.0,840000.0,-0.28019524683696495,-58.711052083618114,200.0,1.5007028579711914,-0.07484363655976652
-130.03008,0.0021498862,0.008555851,130.03223,-130.03223,1.2569096,0.038441654,90000.0,900.0,20,9000.0,0.10582626,1965.403,130.02261,-30.640608,601.18695,-1020.61456,29252.863,0.0008118194,0.048317686,0.048317686,1e-05,1e-04,304.9349,0.006192267990112305,9608.710256814957,1845000,0.0,845000.0,-0.26259406970758803,-58.78353863891414,200.0,1.1810967922210693,-0.07731161504311022
-168.69601,0.002205776,0.006911411,168.69823,-168.69823,0.9212263,0.038493674,90000.0,900.0,20,9000.0,0.16363755,1967.3794,168.68692,-29.900799,995.9366,-487.1195,25814.783,0.0010793502,0.035461385,0.035461385,1e-05,1e-04,150.62009,0.006225034236907959,9639.835433006287,1850000,0.0,850000.0,-0.2617274709168761,-56.112502643117615,200.0,1.1881861686706543,0.013630206360064547
-172.96785,0.0019937314,0.0072278967,172.96985,-172.96985,0.8417205,0.038456377,90000.0,900.0,20,9000.0,0.122241475,1992.7985,172.96014,-30.869696,987.8588,-1933.7039,39591.105,0.0006026038,0.03236952,0.03236952,1e-05,1e-04,118.48007,0.006261503267288208,9671.142954587936,1855000,0.0,855000.0,-0.2673289724384703,-52.7977725349295,200.0,1.2165396213531494,0.12648813638158635
-157.54395,0.0023980315,0.0071083778,157.54634,-157.54634,0.83580345,0.037912726,90000.0,900.0,20,9000.0,0.3935257,1968.8945,157.54456,-30.65749,266.56827,-277.08716,20506.86,0.00081162545,0.031687587,0.031687587,1e-05,1e-04,128.03787,0.006202321147918701,9702.15456533432,1860000,0.0,860000.0,-0.28864642726465284,-52.9845768957738,200.0,1.5112860202789307,0.12012793425478187
-159.27615,0.0022765251,0.006765314,159.27843,-159.27843,0.79663426,0.037551135,90000.0,900.0,20,9000.0,0.15524514,1960.1141,159.2889,-29.700483,551.9246,-573.69434,28370.498,0.0010702024,0.02991452,0.02991452,1e-05,1e-04,110.10977,0.006141324234008789,9732.861191511154,1865000,0.0,865000.0,-0.24870172415382333,-54.82486013158856,200.0,1.192800760269165,0.05747108139839989
-110.35013,0.0027254112,0.007005333,110.35285,-110.35285,0.7330817,0.03751969,90000.0,900.0,20,9000.0,0.1852284,1986.9094,110.348145,-30.58809,281.634,-285.10638,20770.938,0.0009997165,0.027505,0.027505,1e-05,1e-04,137.3801,0.006205570650100708,9763.889050245285,1870000,0.0,870000.0,-0.2968840229614215,-59.21295202970366,200.0,1.1701598167419434,-0.09193202298773126
-146.6715,0.0020321351,0.007423134,146.67352,-146.67352,0.98050326,0.03707498,90000.0,900.0,20,9000.0,0.24797156,1975.345,146.64044,-30.35123,348.32193,-469.09933,24700.453,0.0006236587,0.03635214,0.03635214,1e-05,1e-04,180.74573,0.006208131885528564,9794.929715156555,1875000,0.0,875000.0,-0.3105430814189992,-59.22212806584646,200.0,1.2048676013946533,-0.09224444312785712
-171.93088,0.0024184927,0.0073111155,171.93329,-171.93329,1.0334369,0.03690835,90000.0,900.0,20,9000.0,0.14579633,1977.1431,171.92462,-30.658207,706.0344,-1109.3685,31748.443,0.00095171167,0.03814245,0.03814245,1e-05,1e-04,171.49696,0.006234109544754028,9826.100268602371,1880000,0.0,880000.0,-0.2776412369832534,-58.18789999309188,200.0,1.511885643005371,-0.05703166994523707
-153.65396,0.002075914,0.007642442,153.65604,-153.65604,0.83782125,0.03726367,90000.0,900.0,20,9000.0,0.12169126,1986.7728,153.63394,-30.14306,996.41534,-989.6016,35400.7,0.00073763885,0.031220293,0.031220293,1e-05,1e-04,127.45036,0.006132258605957031,9856.761567354202,1885000,0.0,885000.0,-0.255185803967558,-55.89937739149058,200.0,1.200460433959961,0.020886566289498042
-171.34615,0.0019524407,0.007285677,171.3481,-171.3481,0.8972847,0.036387175,90000.0,900.0,20,9000.0,4.960164,2022.5453,171.3213,-30.927187,747.7361,-745.3621,37480.63,0.00093834894,0.032649655,0.032649655,1e-05,1e-04,127.46091,0.006195744895935058,9887.740297079086,1890000,0.0,890000.0,-0.2726009501375024,-56.07213316296938,200.0,1.2050793170928955,0.015004682053974122
-220.19951,0.002509471,0.008357322,220.20201,-220.20201,1.1761558,0.03538111,90000.0,900.0,20,9000.0,0.1106018,1992.6908,220.1914,-30.110037,687.1902,-629.3539,36069.5,0.0013477266,0.041613698,0.041613698,1e-05,1e-04,154.43437,0.00622383599281311,9918.859482049942,1895000,0.0,895000.0,-0.33744077155018387,-53.64416122134677,200.0,1.2073497772216797,0.09767080524903698
-165.0212,0.00215531,0.0070515918,165.02335,-165.02335,0.7698785,0.036387302,90000.0,900.0,20,9000.0,0.16299394,2018.2574,164.9851,-29.64287,1069.6293,-915.0905,35315.67,0.0007962555,0.028013801,0.028013801,1e-05,1e-04,87.26601,0.006164231061935425,9949.68064212799,1900000,0.0,900000.0,-0.297811875141082,-55.967400405176846,200.0,1.210960865020752,0.018570559776782646
-171.75546,0.002122439,0.008132619,171.75758,-171.75758,0.94194245,0.036252163,90000.0,900.0,20,9000.0,0.2066145,2018.4995,171.74141,-29.790302,519.9304,-469.26538,28807.729,0.0008426615,0.034147453,0.034147453,1e-05,1e-04,135.77824,0.010238603019714356,10000.873663187027,1905000,0.0,905000.0,-0.3343745066781784,-58.86218924181733,200.0,1.1526024341583252,-0.07998946329889213
-149.1332,0.0019059387,0.0073580258,149.1351,-149.1351,0.89160866,0.03690158,90000.0,900.0,20,9000.0,0.11047022,2020.7844,149.11848,-30.471212,733.49615,-608.21375,30936.725,0.00064709794,0.032901768,0.032901768,1e-05,1e-04,147.09319,0.006023382139205932,10030.990578651428,1910000,0.0,910000.0,-0.30196248431315237,-52.15718389230491,200.0,1.2086055278778076,0.1482985118397035
-165.51515,0.0021166352,0.0068345354,165.51727,-165.51727,1.0377969,0.036079258,90000.0,900.0,20,9000.0,0.2345213,2022.2162,165.50034,-29.979858,698.5731,-767.9302,32074.107,0.00096295803,0.03744294,0.03744294,1e-05,1e-04,171.70586,0.006018930768966675,10061.08523774147,1915000,0.0,915000.0,-0.2540708392661324,-51.67657729904435,200.0,1.1707618236541748,0.16466191504290753
-144.7107,0.0022920673,0.0074536563,144.71298,-144.71298,0.6722729,0.036300488,90000.0,900.0,20,9000.0,0.32714164,1960.9625,144.7215,-30.7584,314.68173,-526.57526,20379.322,0.0011447901,0.024403837,0.024403837,1e-05,1e-04,75.25099,0.005969148731231689,10090.930986404419,1920000,0.0,920000.0,-0.26194816230690954,-53.74459142558372,200.0,1.170865774154663,0.09425141827275722
-183.29225,0.0021237275,0.007963667,183.29437,-183.29437,1.0392945,0.035465714,90000.0,900.0,20,9000.0,0.19240934,2030.751,183.29144,-29.690062,834.17163,-547.84625,24009.25,0.0010618398,0.03685932,0.03685932,1e-05,1e-04,148.63402,0.006140030145645141,10121.631141901016,1925000,0.0,925000.0,-0.2599069425386537,-55.196683635616914,200.0,1.1605803966522217,0.044811459158166575
-119.170876,0.0023588138,0.007405477,119.17323,-119.17323,1.2374845,0.03626083,90000.0,900.0,20,9000.0,0.11312235,1997.991,119.15529,-30.078224,647.57587,-712.3209,30413.43,0.0010649232,0.044872213,0.044872213,1e-05,1e-04,284.79218,0.006164960241317749,10152.455947637558,1930000,0.0,930000.0,1.7799327798785907,11.530038553338942,200.0,1.2385056018829346,2.316682621387744
-129.57681,0.001975776,0.008172464,129.57878,-129.57878,1.3205545,0.038322207,90000.0,900.0,20,9000.0,0.1678004,2038.4816,129.8054,-31.031855,534.003,-516.3876,37098.855,0.0008116766,0.050606564,0.050606564,1e-05,1e-04,326.05005,0.006140594387054443,10183.158924818039,1935000,0.0,935000.0,-0.3208232703263555,-57.956380132421565,200.0,1.1746256351470947,-0.049149021469700814
-165.8269,0.001956215,0.007873742,165.82886,-165.82886,0.96753794,0.038299646,90000.0,900.0,20,9000.0,0.22895423,1984.13,165.81912,-30.341911,771.39844,-675.8678,35007.86,0.0010230344,0.03705636,0.03705636,1e-05,1e-04,167.90929,0.006045789241790772,10213.387875795364,1940000,0.0,940000.0,-0.3196562723777112,-57.034217727652724,200.0,1.1735539436340332,-0.01775179251015566
-185.35081,0.001918498,0.0084669795,185.35274,-185.35274,1.5152726,0.038842306,90000.0,900.0,20,9000.0,0.25331792,2031.5947,185.32626,-29.688343,633.74133,-527.7184,32893.42,0.0011725046,0.05885668,0.05885668,1e-05,1e-04,344.61264,0.006128781080245972,10244.031786441803,1945000,0.0,945000.0,-0.25553845421126736,-54.40284948101125,200.0,1.2474932670593262,0.07183944531241529
-142.52306,0.0024006476,0.0074643567,142.52545,-142.52545,1.1904958,0.03817136,90000.0,900.0,20,9000.0,0.23212904,2041.2351,142.54007,-30.45762,320.79266,-401.66324,26738.566,0.0008521546,0.045442846,0.045442846,1e-05,1e-04,266.6947,0.006077799129486084,10274.420786857605,1950000,0.0,950000.0,-0.25522941306133246,-51.6846232723606,200.0,1.1767358779907227,0.1643879705998178
-161.6348,0.0019891667,0.008227671,161.63678,-161.63678,0.91954994,0.039275922,90000.0,900.0,20,9000.0,17.404285,2038.543,161.64949,-29.14712,1266.8992,-827.08405,31654.59,0.0009860492,0.03611617,0.03611617,1e-05,1e-04,180.81502,0.006052814865112305,10304.684866189957,1955000,0.0,955000.0,-0.28163869571809186,-56.20135142067368,200.0,1.1656370162963867,0.010605136809107543
-165.35164,0.0020976898,0.0071231266,165.35373,-165.35373,0.66347337,0.03952839,90000.0,900.0,20,9000.0,3.5821939,1923.7253,165.29916,-28.519447,348.14258,-275.837,22732.133,0.0009856736,0.026226034,0.026226034,1e-05,1e-04,74.26488,0.0059143364906311035,10334.25655412674,1960000,0.0,960000.0,-0.26197973216075077,-53.20043013922115,200.0,1.148158311843872,0.11277869330640934
-164.05183,0.0019309665,0.008309329,164.05377,-164.05377,0.8242463,0.04039817,90000.0,900.0,20,9000.0,0.193043,2034.182,164.01999,-28.895367,585.7781,-459.54034,31310.494,0.000736057,0.03329804,0.03329804,1e-05,1e-04,135.82358,0.006015634155273437,10364.334729909897,1965000,0.0,965000.0,-0.31739529126189475,-57.59131940275511,200.0,1.150146484375,-0.03671965408907179
-141.33086,0.002370311,0.0070399465,141.33322,-141.33322,0.48238057,0.0408471,90000.0,900.0,20,9000.0,0.17320701,2031.5455,141.3227,-29.702166,708.3278,-883.17535,22524.43,0.0010033881,0.019703846,0.019703846,1e-05,1e-04,36.17697,0.0060031049728393555,10394.350260019302,1970000,0.0,970000.0,-0.24887458740680907,-51.781371995194604,200.0,1.1748242378234863,0.1610939284802799
-132.14888,0.0018500787,0.007312909,132.15073,-132.15073,0.94406545,0.03979004,90000.0,900.0,20,9000.0,0.19610439,2033.5912,132.1582,-28.925915,1364.4753,-707.29974,35293.39,0.00082431926,0.037564404,0.037564404,1e-05,1e-04,206.12688,0.006026626634597778,10424.483398199081,1975000,0.0,975000.0,-0.25822854909921517,-55.01606795973989,200.0,1.4909837245941162,0.050960952674566594
-139.83376,0.0020282245,0.008061907,139.83578,-139.83578,0.9950455,0.039592072,90000.0,900.0,20,9000.0,0.22953133,2032.0831,139.83951,-30.012089,804.7522,-920.5969,33132.594,0.00081032835,0.039395913,0.039395913,1e-05,1e-04,214.95901,0.005957259511947632,10454.269701004028,1980000,0.0,980000.0,-0.3265433775655758,-55.75483154371665,200.0,1.165747880935669,0.02580797606964125
-155.44492,0.002034905,0.007508273,155.44695,-155.44695,1.1293186,0.03902125,90000.0,900.0,20,9000.0,0.13620315,2031.97,155.43332,-29.535904,715.20605,-1216.3376,37483.164,0.00097609527,0.044067424,0.044067424,1e-05,1e-04,241.2981,0.006125475263595581,10484.89708328247,1985000,0.0,985000.0,-0.3158487232922467,-56.38624644703571,200.0,1.190596103668213,0.004309942550320855
-145.90646,0.0017644379,0.009222309,145.90823,-145.90823,1.0565463,0.038905606,90000.0,900.0,20,9000.0,0.12785858,1958.6804,145.89209,-29.586529,584.7276,-837.3212,34201.824,0.0008515499,0.041105576,0.041105576,1e-05,1e-04,224.17159,0.0061134690761566165,10515.464433670044,1990000,0.0,990000.0,-0.25322373798698555,-60.1213427391127,200.0,1.169755458831787,-0.12286036157597446
-186.32921,0.0022744318,0.008245935,186.33148,-186.33148,1.0076585,0.03765897,90000.0,900.0,20,9000.0,0.12589645,1966.1902,186.29584,-29.843643,615.29626,-569.34436,32529.117,0.00055168825,0.03794738,0.03794738,1e-05,1e-04,155.32309,0.006138087368011475,10546.154875516891,1995000,0.0,995000.0,-0.26063014036089266,-59.77457575728988,200.0,1.4546706676483154,-0.11105384868020031
-172.14282,0.0023977067,0.0064817327,172.14522,-172.14522,0.8320238,0.037580427,90000.0,900.0,20,9000.0,0.12513177,2027.6536,172.18567,-28.652065,722.82983,-678.2356,34977.164,0.000838251,0.03126781,0.03126781,1e-05,1e-04,109.392624,0.005884906244277954,10575.579412460327,2000000,0.0,1000000.0,-0.2644530007522688,-54.661699033412184,200.0,1.1340250968933105,0.0630262919884679
