training/actor/bound_loss,training/actor/q_loss,training/alpha/current_vs_historical_ratio,training/alpha/historical_avg_loss,training/alpha/max_alpha_bound,training/alpha/min_alpha_bound,training/alpha/valid_count,training/alpha_weight,training/critic/critic_loss,training/critic/q_max,training/critic/q_mean,training/critic/q_min,training/grad/max,training/grad/min,training/grad/norm,training/meanflow/consistency_loss,training/meanflow/flow_loss,training/meanflow/mean_flow_loss,training/metrics/actor_learning_rate,training/metrics/critic_learning_rate,training/total_loss,time/epoch_time,time/total_time,step,training/actor/any_oob,training/actor/coordinate_oob,training/actor/jacobian,training/actor/loss,training/actor/max_clip,training/actor/mean_clip,training/actor/q,training/actor/transport,training/control/adjoint_clip_fraction,training/control/adjoint_norm,training/control/applied_adjoint_norm,training/control/eta,training/control/gate,training/control/relative_critic_disagreement,training/teacher/endpoint_variance,training/teacher/q,exploration/total.timesteps,exploration/episode.final_reward,exploration/episode.return,exploration/episode.length,exploration/episode.duration,exploration/episode.normalized_return
0.0,0.0,1.0,0.0,1000.0,10.0,0,100.0,3.5033045,4.5016212,0.30088872,-3.954447,287.86465,-277.6997,3389.1746,0.0,1.40382,1.40382,0.0,0.0003,143.88531,0.006713927316665649,33.56988334655762,0,,,,,,,,,,,,,,,,,,,,,,
0.026606936,0.0,64974028.0,0.0,1000.0,10.0,2,100.0,0.9457203,-0.18921617,-21.49265,-24.995527,131.5245,-133.01085,4314.463,0.0,0.6497403,0.6497403,1e-05,0.0003,65.94636,0.0208940860748291,138.04042506217957,5000,,,,,,,,,,,,,,,,,,,,,,
0.024419505,0.0,61580410.0,0.0,1000.0,10.0,4,100.0,1.4023658,0.6546174,-33.396374,-42.884575,161.75014,-148.97621,3999.7944,0.0,0.6158041,0.6158041,2e-05,0.0003,63.00719,0.007966300106048584,177.87202501296997,10000,,,,,,,,,,,,,,,,,,,,,,
0.016849166,0.0,53969944.0,0.0,1000.0,10.0,7,100.0,2.3043334,-0.46333304,-39.665764,-56.319477,300.93857,-193.65459,3425.0706,0.0,0.53969944,0.53969944,3e-05,0.0003,56.291126,0.007782215976715088,216.7832067012787,15000,,,,,,,,,,,,,,,,,,,,,,
0.010648094,0.0,53339796.0,0.0,1000.0,10.0,9,100.0,2.3219457,0.9639006,-41.13575,-66.643105,205.2398,-161.08272,2541.8462,0.0,0.533398,0.533398,4e-05,0.0003,55.67239,0.007841011095046996,255.98831272125244,20000,,,,,,,,,,,,,,,,,,,,,,
0.009538365,0.0,2.0198555,0.23318033,1000.0,10.0,12,100.0,2.0197368,-2.475861,-48.201744,-74.5739,172.47525,-67.93267,1923.4817,0.0,0.47099057,0.47099057,5e-05,0.0003,49.12833,0.007567148065567016,293.82408833503723,25000,,,,,,,,,,,,,,,,,,,,,,
0.00730774,0.0,1.2376447,0.3716759,1000.0,10.0,14,100.0,3.1507626,0.09877922,-44.560455,-81.43134,99.210045,-79.937935,1776.4392,0.0,0.46000266,0.46000266,6e-05,0.0003,49.158337,0.008238016939163208,335.0142092704773,30000,,,,,,,,,,,,,,,,,,,,,,
0.010621233,0.0,0.9111179,0.48695895,1000.0,10.0,17,100.0,1.9402366,1.0975393,-46.90108,-86.71242,50.77319,-64.16636,1348.4025,0.0,0.443677,0.443677,6.9999995e-05,0.0003,46.31856,0.00762268476486206,373.127671957016,35000,,,,,,,,,,,,,,,,,,,,,,
0.008537978,0.0,0.9350541,0.5356238,1000.0,10.0,19,100.0,2.4987094,0.3892156,-44.285748,-91.316574,72.07886,-51.34415,1111.5547,0.0,0.5008372,0.5008372,8e-05,0.0003,52.59097,0.007532131624221802,410.7884337902069,40000,,,,,,,,,,,,,,,,,,,,,,
0.009054498,0.0,0.8200793,0.53315884,1000.0,10.0,20,100.0,1.4457955,-0.16934884,-48.488903,-93.99833,21.485434,-31.4533,1022.04614,0.0,0.43723252,0.43723252,8.9999994e-05,0.0003,45.1781,0.007844250583648682,450.0097620487213,45000,,,,,,,,,,,,,,,,,,,,,,
0.009560596,0.0,0.9572082,0.51768905,1000.0,10.0,20,100.0,1.5555253,0.6055968,-45.549976,-97.719154,16.885515,-20.898106,993.82166,0.0,0.4955362,0.4955362,1e-04,0.0003,51.118706,0.007558530616760254,487.8024916648865,50000,,,,,,,,,,,,,,,,,,,,,,
0.008433741,0.0,1.008334,0.4976266,1000.0,10.0,20,100.0,1.5484021,0.20847206,-50.92932,-99.99188,19.431282,-21.464453,868.766,0.0,0.50177383,0.50177383,9.999385e-05,0.0003,51.73422,0.008106144142150879,528.3332605361938,55000,,,,,,,,,,,,,,,,,,,,,,
0.012572605,0.0,0.98032284,0.4839935,1000.0,10.0,20,100.0,2.3131382,2.3825264,-45.041428,-101.98212,13.981327,-13.448035,805.99,0.0,0.47446987,0.47446987,9.99754e-05,0.0003,49.772697,0.00734092960357666,565.037962436676,60000,,,,,,,,,,,,,,,,,,,,,,
0.008493014,0.0,1.00547,0.47622433,1000.0,10.0,20,100.0,1.4021602,-3.1809819,-51.96055,-102.40179,18.319313,-15.413057,884.8048,0.0,0.47882932,0.47882932,9.994465e-05,0.0003,49.293583,0.007609542560577392,603.0857222080231,65000,,,,,,,,,,,,,,,,,,,,,,
0.00897707,0.0,0.8670335,0.46827754,1000.0,10.0,20,100.0,1.3906424,1.997358,-47.86769,-100.78197,14.535526,-15.367189,756.9774,0.0,0.40601233,0.40601233,9.990162e-05,0.0003,42.000854,0.007479814147949218,640.4848432540894,70000,,,,,,,,,,,,,,,,,,,,,,
0.0067591453,0.0,0.9005715,0.46344343,1000.0,10.0,20,100.0,1.2944187,1.2549931,-47.70578,-103.088585,22.632689,-13.6248455,767.72437,0.0,0.41736397,0.41736397,9.984629e-05,0.0003,43.037575,0.007665662479400635,678.8132064342499,75000,,,,,,,,,,,,,,,,,,,,,,
0.011166234,0.0,0.98834133,0.4598286,1000.0,10.0,20,100.0,1.3759155,-1.5711515,-50.52575,-103.093315,15.251336,-12.505499,745.07477,0.0,0.4544676,0.4544676,9.977873e-05,0.0003,46.83384,0.007503743886947632,716.3320317268372,80000,,,,,,,,,,,,,,,,,,,,,,
0.008266741,0.0,1.0531155,0.45194444,1000.0,10.0,20,100.0,1.647208,0.8437545,-44.347984,-103.115654,14.696016,-18.285809,714.359,0.0,0.4759497,0.4759497,9.969891e-05,0.0003,49.250446,0.0075097938060760495,753.8811075687408,85000,,,,,,,,,,,,,,,,,,,,,,
0.006448479,0.0,1.0326234,0.44465372,1000.0,10.0,20,100.0,1.3325005,-2.1866705,-48.870827,-103.18431,18.155476,-17.10722,802.68835,0.0,0.4591598,0.4591598,9.9606885e-05,0.0003,47.254925,0.007377682065963745,790.7696316242218,90000,,,,,,,,,,,,,,,,,,,,,,
0.0059464187,0.0,0.9976554,0.43827233,1000.0,10.0,20,100.0,1.2211316,-0.20701477,-49.591213,-102.766174,24.086145,-16.766285,826.49243,0.0,0.43724477,0.43724477,9.950265e-05,0.0003,44.951553,0.007296251010894776,827.2509841918945,95000,,,,,,,,,,,,,,,,,,,,,,
0.008216584,0.0,1.1120766,0.4424184,1000.0,10.0,20,100.0,1.3690684,0.5934391,-44.755775,-103.00316,14.78786,-15.5092535,811.16736,0.0,0.49200314,0.49200314,9.938626e-05,0.0003,50.5776,0.00705951714515686,862.5486660003662,100000,,,,,,,,,,,,,,,,,,,,,,
0.0059813205,0.0,0.9690839,0.4371399,1000.0,10.0,20,100.0,1.5883042,-2.279558,-48.096592,-100.67223,15.466802,-13.6422205,641.48895,0.0,0.42362523,0.42362523,9.9257726e-05,0.0003,43.956806,0.011635360717773437,920.7257766723633,105000,,,,,,,,,,,,,,,,,,,,,,
0.007239373,0.0,1.082943,0.44110176,1000.0,10.0,20,100.0,1.6592994,-1.6309528,-50.326885,-101.19635,12.985392,-14.16979,709.5456,0.0,0.47768804,0.47768804,9.91171e-05,0.0003,49.43534,0.00807881941795349,961.1201202869415,110000,,,,,,,,,,,,,,,,,,,,,,
0.008939992,0.0,1.0822902,0.44147736,1000.0,10.0,20,100.0,1.2365023,0.44485864,-46.24533,-102.47509,32.12997,-32.92852,956.01056,0.0,0.47780657,0.47780657,9.896442e-05,0.0003,49.026096,0.008220910215377807,1002.2249057292938,115000,,,,,,,,,,,,,,,,,,,,,,
0.006865564,0.0,0.90712106,0.43838745,1000.0,10.0,20,100.0,1.2498224,0.5723861,-48.221344,-100.94133,18.078674,-16.176353,657.88245,0.0,0.3976705,0.3976705,9.8799705e-05,0.0003,41.02374,0.008620524597167969,1045.327781200409,120000,,,,,,,,,,,,,,,,,,,,,,
0.008165531,0.0,1.0666838,0.42918268,1000.0,10.0,20,100.0,1.4606918,0.30685252,-47.06109,-101.37978,13.61302,-11.962013,619.5381,0.0,0.45780218,0.45780218,9.8623015e-05,0.0003,47.249073,0.008924399185180664,1089.9500334262848,125000,,,,,,,,,,,,,,,,,,,,,,
0.0066132536,0.0,1.1095808,0.43387532,1000.0,10.0,20,100.0,1.3639612,0.8144695,-48.93224,-102.44944,13.912014,-13.722942,672.54016,0.0,0.4814197,0.4814197,9.843441e-05,0.0003,49.512547,0.0086037202835083,1132.9688897132874,130000,,,,,,,,,,,,,,,,,,,,,,
0.0068373657,0.0,1.1061054,0.4388981,1000.0,10.0,20,100.0,1.5272028,0.9788683,-48.6494,-101.5421,18.976776,-16.63218,708.7656,0.0,0.48546755,0.48546755,9.823391e-05,0.0003,50.080795,0.008726929378509522,1176.6037764549255,135000,,,,,,,,,,,,,,,,,,,,,,
0.007918589,0.0,0.91110766,0.43177852,1000.0,10.0,20,100.0,0.9942803,-0.15160806,-47.727707,-102.606995,14.293849,-10.79265,581.68274,0.0,0.39339674,0.39339674,9.8021614e-05,0.0003,40.34187,0.008434567403793334,1218.7768523693085,140000,,,,,,,,,,,,,,,,,,,,,,
0.011625942,0.0,0.8960507,0.42753968,1000.0,10.0,20,100.0,1.4266114,1.3392314,-47.877914,-100.65848,15.027215,-11.1919775,560.24475,0.0,0.38309723,0.38309723,9.779754e-05,0.0003,39.74796,0.008635131168365479,1261.9527568817139,145000,,,,,,,,,,,,,,,,,,,,,,
0.007352722,0.0,1.1101325,0.42227435,1000.0,10.0,20,100.0,1.0862459,-0.068631954,-47.562897,-102.18531,15.462358,-20.0233,743.99725,0.0,0.46878046,0.46878046,9.756177e-05,0.0003,47.97164,0.008593558549880982,1304.920803308487,150000,,,,,,,,,,,,,,,,,,,,,,
0.006304453,0.0,0.9025864,0.422201,1000.0,10.0,20,100.0,2.3743021,1.2096071,-45.395294,-100.4797,12.488432,-11.024429,625.40295,0.0,0.38107288,0.38107288,9.7314376e-05,0.0003,40.487896,0.008764194345474242,1348.742024898529,155000,,,,,,,,,,,,,,,,,,,,,,
0.008087862,0.0,0.9501655,0.4233369,1000.0,10.0,20,100.0,0.9828858,-0.029695198,-48.55242,-100.03212,17.228394,-14.098576,582.70355,0.0,0.40224013,0.40224013,9.7055396e-05,0.0003,41.21499,0.00871792106628418,1392.331874847412,160000,,,,,,,,,,,,,,,,,,,,,,
0.006921152,0.0,0.98277605,0.42614284,1000.0,10.0,20,100.0,1.1883808,0.33347812,-47.86175,-100.28624,15.510832,-17.74292,599.0745,0.0,0.41880298,0.41880298,9.6784934e-05,0.0003,43.0756,0.00869759831428528,1435.8201186656952,165000,,,,,,,,,,,,,,,,,,,,,,
0.0049248273,0.0,0.98541695,0.42182356,1000.0,10.0,20,100.0,0.98551095,0.44569823,-49.70936,-100.21016,11.07159,-16.517124,580.6561,0.0,0.4156721,0.4156721,9.6503034e-05,0.0003,42.557648,0.00854793095588684,1478.5600173473358,170000,,,,,,,,,,,,,,,,,,,,,,
0.0072154626,0.0,1.033146,0.41391012,1000.0,10.0,20,100.0,2.0764437,0.10848901,-51.119873,-102.65342,17.432434,-15.593188,649.973,0.0,0.4276296,0.4276296,9.62098e-05,0.0003,44.84662,0.008805113410949706,1522.5858509540558,175000,,,,,,,,,,,,,,,,,,,,,,
0.0073918435,0.0,0.8697699,0.41852933,1000.0,10.0,20,100.0,0.83815926,0.5645479,-49.865578,-99.82464,15.039359,-18.923779,598.5027,0.0,0.36402422,0.36402422,9.59053e-05,0.0003,37.247974,0.008582370948791504,1565.4979429244995,180000,,,,,,,,,,,,,,,,,,,,,,
0.0075760605,0.0,0.889438,0.42418203,1000.0,10.0,20,100.0,1.9344852,0.9404721,-48.927692,-102.81387,13.763005,-11.762049,680.6366,0.0,0.37728357,0.37728357,9.558961e-05,0.0003,39.670418,0.008485422611236573,1607.925282239914,185000,,,,,,,,,,,,,,,,,,,,,,
0.0077321213,0.0,1.0332878,0.4250302,1000.0,10.0,20,100.0,0.98930174,0.060064927,-48.56832,-100.598755,10.715365,-14.13237,605.519,0.0,0.4391785,0.4391785,9.526282e-05,0.0003,44.914883,0.008436727857589721,1650.1091253757477,190000,,,,,,,,,,,,,,,,,,,,,,
0.0053053433,0.0,0.97482675,0.4184993,1000.0,10.0,20,100.0,3.5361876,0.45439085,-49.590454,-99.72567,16.503075,-15.2293005,665.0929,0.0,0.4079643,0.4079643,9.4925024e-05,0.0003,44.33792,0.008072128629684448,1690.4699852466583,195000,,,,,,,,,,,,,,,,,,,,,,
0.0069262786,0.0,1.0449189,0.415877,1000.0,10.0,20,100.0,1.3831928,-0.09226219,-45.92162,-99.410446,27.543917,-23.063534,774.9298,0.0,0.43455777,0.43455777,9.457632e-05,0.0003,44.845894,0.008654615211486817,1733.743290901184,200000,,,,,,,,,,,,,,,,,,,,,,
0.0069526276,0.0,1.0183122,0.41647258,1000.0,10.0,20,100.0,4.998885,-0.5180258,-45.931664,-99.635635,17.500189,-24.368267,879.9497,0.0,0.42409912,0.42409912,9.42168e-05,0.0003,47.41575,0.010764615297317506,1787.5665173530579,205000,,,,,,,,,,,,,,,,,,,,,,
0.006633117,0.0,0.9231387,0.41733637,1000.0,10.0,20,100.0,0.8946356,0.17921339,-48.21479,-99.70211,16.291992,-17.02818,595.7224,0.0,0.38525936,0.38525936,9.384654e-05,0.0003,39.427204,0.008408130073547362,1829.6073315143585,210000,,,,,,,,,,,,,,,,,,,,,,
0.0062475633,0.0,0.90585953,0.4173723,1000.0,10.0,20,100.0,1.5272756,0.6204416,-51.4385,-99.69204,9.794362,-11.340469,578.6569,0.0,0.37808067,0.37808067,9.346567e-05,0.0003,39.34159,0.008397731828689576,1871.5961349010468,215000,,,,,,,,,,,,,,,,,,,,,,
0.008174889,0.0,1.1464741,0.41751263,1000.0,10.0,20,100.0,1.0739336,-0.37612647,-47.40271,-99.49042,22.32008,-20.087362,795.8667,0.0,0.47866744,0.47866744,9.30743e-05,0.0003,48.948853,0.008063149833679199,1911.9120557308197,220000,,,,,,,,,,,,,,,,,,,,,,
0.0061037648,0.0,0.98643017,0.4146494,1000.0,10.0,20,100.0,1.1297593,0.42012388,-49.133934,-99.61347,36.090473,-25.70584,811.7936,0.0,0.4090227,0.4090227,9.267249e-05,0.0003,42.03813,0.008059599256515502,1952.2101912498474,225000,,,,,,,,,,,,,,,,,,,,,,
0.0061625578,0.0,0.9355247,0.41430697,1000.0,10.0,20,100.0,0.599213,-6.187205,-51.303547,-99.485954,13.599899,-14.853942,595.3301,0.0,0.3875944,0.3875944,9.2260394e-05,0.0003,39.36482,0.00865610113143921,1995.490877866745,230000,,,,,,,,,,,,,,,,,,,,,,
0.0063772867,0.0,0.9350028,0.41425744,1000.0,10.0,20,100.0,0.90799165,0.027356848,-47.11622,-99.53514,20.927977,-13.569295,567.9086,0.0,0.38733187,0.38733187,9.183811e-05,0.0003,39.647556,0.008598387002944947,2038.4830009937286,235000,,,,,,,,,,,,,,,,,,,,,,
0.0074477876,0.0,0.9469199,0.41255614,1000.0,10.0,20,100.0,3.415817,0.99660295,-46.88315,-99.38767,15.1125145,-14.113624,672.76086,0.0,0.39065763,0.39065763,9.1405775e-05,0.0003,42.489025,0.008691394376754761,2081.94016122818,240000,,,,,,,,,,,,,,,,,,,,,,
0.0065999487,0.0,0.992079,0.41057998,1000.0,10.0,20,100.0,1.1684344,-3.8117125,-45.81304,-99.493965,19.040348,-20.614126,664.1481,0.0,0.40732777,0.40732777,9.0963455e-05,0.0003,41.90781,0.008565011596679687,2124.7653896808624,245000,,,,,,,,,,,,,,,,,,,,,,
0.008863587,0.0,0.90816164,0.40703598,1000.0,10.0,20,100.0,1.1705246,1.1095309,-44.84185,-102.27684,37.41532,-29.934433,635.36304,0.0,0.36965448,0.36965448,9.051133e-05,0.0003,38.144836,0.008536734199523926,2167.4492371082306,250000,,,,,,,,,,,,,,,,,,,,,,
0.0061082467,0.0,0.9765491,0.4023213,1000.0,10.0,20,100.0,0.95058346,0.6726691,-50.805336,-101.93779,54.487907,-41.077057,967.5659,0.0,0.39288652,0.39288652,9.004948e-05,0.0003,40.245342,0.008207259654998779,2208.4857029914856,255000,,,,,,,,,,,,,,,,,,,,,,
0.0071374075,0.0,0.969686,0.39944148,1000.0,10.0,20,100.0,2.9904428,-0.02527377,-49.078667,-100.63394,19.365269,-15.173251,779.8527,0.0,0.3873328,0.3873328,8.9578054e-05,0.0003,41.73086,0.008560660076141357,2251.2891504764557,260000,,,,,,,,,,,,,,,,,,,,,,
0.007255495,0.0,0.9698298,0.3962155,1000.0,10.0,20,100.0,1.0561748,0.57590413,-46.81814,-99.17825,16.108425,-23.147556,602.5853,0.0,0.3842616,0.3842616,8.909717e-05,0.0003,39.489594,0.008461636304855347,2293.5974781513214,265000,,,,,,,,,,,,,,,,,,,,,,
0.0077062696,0.0,1.0231974,0.39230832,1000.0,10.0,20,100.0,1.0060825,-3.141802,-46.8786,-99.0117,27.753176,-22.774544,627.89105,0.0,0.40140885,0.40140885,8.860696e-05,0.0003,41.154675,0.00833882212638855,2335.291749238968,270000,,,,,,,,,,,,,,,,,,,,,,
0.0057862145,0.0,0.94176394,0.38972217,1000.0,10.0,20,100.0,1.6475103,1.0225978,-45.51697,-99.41474,15.672236,-13.349697,593.41516,0.0,0.36702627,0.36702627,8.810758e-05,0.0003,38.355923,0.008707559728622437,2378.8297142982483,275000,,,,,,,,,,,,,,,,,,,,,,
0.007311542,0.0,1.1013137,0.3936208,1000.0,10.0,20,100.0,1.1458015,0.68866104,-47.546936,-100.47662,33.966183,-44.278122,651.1998,0.0,0.4335,0.4335,8.759914e-05,0.0003,44.503113,0.00848413209915161,2421.250548362732,280000,,,,,,,,,,,,,,,,,,,,,,
0.0110114645,0.0,0.94566077,0.39475232,1000.0,10.0,20,100.0,4.762436,0.7796917,-46.67402,-104.22298,15.955937,-27.624146,800.3089,0.0,0.3733018,0.3733018,8.708179e-05,0.0003,42.10363,0.008491168928146362,2463.7065761089325,285000,,,,,,,,,,,,,,,,,,,,,,
0.007804168,0.0,1.0713776,0.39641473,1000.0,10.0,20,100.0,1.0629966,1.4063108,-45.130993,-99.42593,17.711714,-18.70014,605.92694,0.0,0.4247099,0.4247099,8.655565e-05,0.0003,43.54179,0.008383466291427612,2505.624082803726,290000,,,,,,,,,,,,,,,,,,,,,,
0.00606363,0.0,0.9399764,0.39870575,1000.0,10.0,20,100.0,0.97822434,0.49452263,-50.421055,-99.307846,23.634924,-19.524302,562.33923,0.0,0.374774,0.374774,8.602091e-05,0.0003,38.46169,0.008451875114440918,2547.8836138248444,295000,,,,,,,,,,,,,,,,,,,,,,
0.008463877,0.0,0.84988064,0.39678487,1000.0,10.0,20,100.0,0.86193466,-3.630483,-47.699417,-100.93048,13.163643,-8.206005,515.28723,0.0,0.3372198,0.3372198,8.547767e-05,0.0003,34.59238,0.00839989628791809,2589.8832490444183,300000,,,,,,,,,,,,,,,,,,,,,,
0.005233488,0.0,0.8159741,0.39643064,1000.0,10.0,20,100.0,0.7269638,0.5039971,-47.83147,-99.89478,12.3657,-8.856406,490.20657,0.0,0.32347715,0.32347715,8.49261e-05,0.0003,33.07991,0.012973556852340699,2654.751267671585,305000,,,,,,,,,,,,,,,,,,,,,,
0.0072455183,0.0,0.8919879,0.39789873,1000.0,10.0,20,100.0,0.79622155,0.46947497,-48.993057,-99.27609,15.966966,-15.740048,631.03375,0.0,0.35492086,0.35492086,8.436636e-05,0.0003,36.295555,0.008954303646087647,2699.523014307022,310000,,,,,,,,,,,,,,,,,,,,,,
0.0061059445,0.0,0.9929624,0.39894208,1000.0,10.0,20,100.0,1.5968869,1.5354227,-47.979122,-99.075836,11.702129,-11.9040575,547.8923,0.0,0.3961345,0.3961345,8.3798586e-05,0.0003,41.216442,0.008738036966323852,2743.213412284851,315000,,,,,,,,,,,,,,,,,,,,,,
0.007276496,0.0,0.8588461,0.3969855,1000.0,10.0,20,100.0,0.9192824,0.5577098,-47.25816,-99.90605,29.36184,-17.540518,596.3002,0.0,0.34094948,0.34094948,8.322294e-05,0.0003,35.021507,0.008407346820831298,2785.250379562378,320000,,,,,,,,,,,,,,,,,,,,,,
0.010904367,0.0,0.9325445,0.39057007,1000.0,10.0,20,100.0,0.848028,0.08823229,-48.708244,-98.9703,30.56208,-23.206928,655.1199,0.0,0.364224,0.364224,8.263957e-05,0.0003,37.28133,0.008424870443344116,2827.3749697208405,325000,,,,,,,,,,,,,,,,,,,,,,
0.0065626884,0.0,0.9690476,0.39078125,1000.0,10.0,20,100.0,0.9681456,0.53200036,-47.68476,-99.20256,29.299055,-20.881065,540.80994,0.0,0.37868562,0.37868562,8.2048646e-05,0.0003,38.84327,0.008925940704345704,2872.0049028396606,330000,,,,,,,,,,,,,,,,,,,,,,
0.009019952,0.0,1.0471145,0.3881145,1000.0,10.0,20,100.0,0.9862194,0.431783,-47.117584,-99.048615,18.692636,-17.720018,733.2075,0.0,0.40640032,0.40640032,8.1450344e-05,0.0003,41.635273,0.008852426624298096,2916.267246723175,335000,,,,,,,,,,,,,,,,,,,,,,
0.0077836895,0.0,1.0728763,0.3853525,1000.0,10.0,20,100.0,0.95285475,2.1072216,-45.155823,-99.047035,17.349445,-10.759748,560.7882,0.0,0.41343558,0.41343558,8.0844795e-05,0.0003,42.3042,0.009050889444351196,2961.5219032764435,340000,,,,,,,,,,,,,,,,,,,,,,
0.006838954,0.0,1.0407864,0.38668963,1000.0,10.0,20,100.0,1.8530557,0.2739995,-46.445892,-98.87383,12.649801,-11.136248,567.7398,0.0,0.4024613,0.4024613,8.0232174e-05,0.0003,42.10602,0.008436253118515015,3003.7033705711365,345000,,,,,,,,,,,,,,,,,,,,,,
0.0077267764,0.0,1.0551727,0.38528606,1000.0,10.0,20,100.0,0.63458115,0.5298441,-47.39789,-104.31795,29.13175,-29.217604,707.3791,0.0,0.40654334,0.40654334,7.961267e-05,0.0003,41.296642,0.008519982957839966,3046.303509950638,350000,,,,,,,,,,,,,,,,,,,,,,
0.007888635,0.0,0.8237767,0.38569614,1000.0,10.0,20,100.0,0.86083436,0.07682516,-48.033916,-98.82204,13.196049,-17.50525,588.2351,0.0,0.3177275,0.3177275,7.898643e-05,0.0003,32.641476,0.00832207646369934,3087.9141232967377,355000,,,,,,,,,,,,,,,,,,,,,,
0.006115501,0.0,0.9723685,0.3857526,1000.0,10.0,20,100.0,0.86189944,0.21791916,-46.060974,-99.11206,22.758768,-18.350992,685.345,0.0,0.37509364,0.37509364,7.835362e-05,0.0003,38.37738,0.008822890233993531,3132.0287907123566,360000,,,,,,,,,,,,,,,,,,,,,,
0.008432675,0.0,0.9657096,0.38823143,1000.0,10.0,20,100.0,0.88297725,-0.5361636,-45.422985,-101.09282,14.736641,-14.817048,586.8236,0.0,0.37491882,0.37491882,7.7714445e-05,0.0003,38.383293,0.008786800575256347,3175.9630115032196,365000,,,,,,,,,,,,,,,,,,,,,,
0.012451017,0.0,1.0335305,0.38705263,1000.0,10.0,20,100.0,0.9594688,0.04500407,-41.805622,-98.67534,14.659642,-16.337608,676.0772,0.0,0.40003067,0.40003067,7.706907e-05,0.0003,40.974987,0.008887176990509033,3220.399138689041,370000,,,,,,,,,,,,,,,,,,,,,,
0.008659662,0.0,1.0319498,0.3894516,1000.0,10.0,20,100.0,0.7918751,0.2485511,-51.20954,-103.58317,21.34671,-22.218271,661.60803,0.0,0.40189445,0.40189445,7.641764e-05,0.0003,40.98998,0.008842536640167237,3264.612057209015,375000,,,,,,,,,,,,,,,,,,,,,,
0.007837087,0.0,1.0105797,0.39281186,1000.0,10.0,20,100.0,0.8404902,0.46957916,-47.05872,-98.8119,89.51491,-105.526375,1217.219,0.0,0.3969677,0.3969677,7.5760356e-05,0.0003,40.545097,0.008792283630371094,3308.573706626892,380000,,,,,,,,,,,,,,,,,,,,,,
0.006289756,0.0,0.96678495,0.39050326,1000.0,10.0,20,100.0,1.201938,0.777195,-45.060867,-98.90167,15.006349,-13.262909,546.63086,0.0,0.37753266,0.37753266,7.50974e-05,0.0003,38.961494,0.008526598024368287,3351.2069160938263,385000,,,,,,,,,,,,,,,,,,,,,,
0.008562338,0.0,0.9329954,0.39296398,1000.0,10.0,20,100.0,0.8346448,0.48050535,-44.028522,-99.02423,32.773357,-39.285324,890.6926,0.0,0.36663356,0.36663356,7.442894e-05,0.0003,37.506565,0.008710886764526367,3394.7615485191345,390000,,,,,,,,,,,,,,,,,,,,,,
0.0056599495,0.0,0.8206539,0.39000285,1000.0,10.0,20,100.0,1.2818635,0.899192,-48.204346,-98.94415,10.612683,-12.181816,561.4724,0.0,0.32005736,0.32005736,7.375519e-05,0.0003,33.293262,0.008571968650817871,3437.6215946674347,395000,,,,,,,,,,,,,,,,,,,,,,
0.0077651357,0.0,0.9495907,0.38730752,1000.0,10.0,20,100.0,0.8956336,0.06298667,-46.578636,-98.74767,16.649542,-13.228752,559.7,0.0,0.3677836,0.3677836,7.30763e-05,0.0003,37.681763,0.008639161968231201,3480.817611694336,400000,,,,,,,,,,,,,,,,,,,,,,
0.008101918,0.0,0.9099384,0.38915476,1000.0,10.0,20,100.0,0.7422252,0.7215111,-48.459846,-99.025116,17.235136,-13.553226,562.5958,0.0,0.35410684,0.35410684,7.239246e-05,0.0003,36.16101,0.010807853698730469,3534.857058286667,405000,,,,,,,,,,,,,,,,,,,,,,
0.006546107,0.0,0.9650067,0.38549513,1000.0,10.0,20,100.0,0.82976466,1.4591162,-46.698784,-98.78696,8.786755,-13.464755,488.7249,0.0,0.3720054,0.3720054,7.170388e-05,0.0003,38.03685,0.008071197843551635,3575.2132093906403,410000,,,,,,,,,,,,,,,,,,,,,,
0.00845311,0.0,1.0049275,0.38217792,1000.0,10.0,20,100.0,0.63308567,-0.09822227,-49.60919,-98.85144,9.013178,-14.153947,563.5515,0.0,0.3840611,0.3840611,7.101073e-05,0.0003,39.04765,0.008134769678115845,3615.8872385025024,415000,,,,,,,,,,,,,,,,,,,,,,
0.007401643,0.0,0.8507829,0.38528788,1000.0,10.0,20,100.0,1.039046,1.0774063,-46.581112,-100.14056,10.5672865,-14.387682,532.6633,0.0,0.32779634,0.32779634,7.0313195e-05,0.0003,33.82608,0.008308266162872315,3657.4287316799164,420000,,,,,,,,,,,,,,,,,,,,,,
0.010208351,0.0,1.0047139,0.38112402,1000.0,10.0,20,100.0,1.5805092,0.82535,-48.526405,-98.9703,11.799405,-9.84578,792.4092,0.0,0.3829206,0.3829206,6.961148e-05,0.0003,39.88278,0.008257376003265381,3698.7157888412476,425000,,,,,,,,,,,,,,,,,,,,,,
0.008027663,0.0,0.9966445,0.3760604,1000.0,10.0,20,100.0,0.85874104,0.27779293,-47.960686,-102.900406,28.313759,-25.462082,644.77954,0.0,0.37479854,0.37479854,6.890576e-05,0.0003,38.346622,0.008291601657867432,3740.1739621162415,430000,,,,,,,,,,,,,,,,,,,,,,
0.008771764,0.0,1.1152374,0.37457356,1000.0,10.0,20,100.0,0.7035289,0.15032434,-47.61621,-98.69419,11.985404,-11.784385,574.8065,0.0,0.41773844,0.41773844,6.8196256e-05,0.0003,42.48614,0.00772166166305542,3778.7824387550354,435000,,,,,,,,,,,,,,,,,,,,,,
0.0074563064,0.0,1.0284834,0.37305415,1000.0,10.0,20,100.0,0.71809244,0.24675676,-45.06693,-98.982666,8.078575,-9.12614,480.88733,0.0,0.38368,0.38368,6.748313e-05,0.0003,39.093548,0.008101360082626343,3819.2893981933594,440000,,,,,,,,,,,,,,,,,,,,,,
0.007824443,0.0,1.0291167,0.3706857,1000.0,10.0,20,100.0,1.1548166,0.39056674,-47.628506,-103.05358,16.880447,-17.075586,588.94653,0.0,0.38147888,0.38147888,6.67666e-05,0.0003,39.310528,0.008118537664413452,3859.88224029541,445000,,,,,,,,,,,,,,,,,,,,,,
0.0089037465,0.0,1.1294359,0.37570456,1000.0,10.0,20,100.0,0.7205998,0.63378686,-47.090584,-98.86194,15.172125,-16.42111,567.1725,0.0,0.4243342,0.4243342,6.604685e-05,0.0003,43.16292,0.00865128903388977,3903.138881444931,450000,,,,,,,,,,,,,,,,,,,,,,
0.0068406034,0.0,0.96055573,0.38029715,1000.0,10.0,20,100.0,0.62764776,0.7441092,-45.448822,-98.988556,11.63855,-13.67141,610.24805,0.0,0.3652966,0.3652966,6.5324086e-05,0.0003,37.164146,0.008316027879714966,3944.719184398651,455000,,,,,,,,,,,,,,,,,,,,,,
0.007509791,0.0,0.95421904,0.37209466,1000.0,10.0,20,100.0,1.0367563,-5.009552,-47.160698,-100.57461,21.030533,-29.909525,649.113,0.0,0.3550598,0.3550598,6.4598484e-05,0.0003,36.550247,0.008222541427612305,3985.832116127014,460000,,,,,,,,,,,,,,,,,,,,,,
0.009150229,0.0,1.1492236,0.3695771,1000.0,10.0,20,100.0,0.7841137,0.3773385,-46.654533,-98.76408,17.526302,-19.341381,787.5935,0.0,0.42472672,0.42472672,6.387027e-05,0.0003,43.265934,0.008483704566955566,4028.25088095665,465000,,,,,,,,,,,,,,,,,,,,,,
0.006961199,0.0,1.0400695,0.3715433,1000.0,10.0,20,100.0,0.75385904,0.6870868,-45.900345,-103.97995,12.050742,-13.543126,545.2884,0.0,0.3864308,0.3864308,6.3139625e-05,0.0003,39.4039,0.009004684209823609,4073.274540901184,470000,,,,,,,,,,,,,,,,,,,,,,
0.010653291,0.0,0.9531705,0.36739632,1000.0,10.0,20,100.0,0.83103126,-0.5199231,-49.410408,-98.82524,12.072564,-11.15968,551.89685,0.0,0.35019132,0.35019132,6.2406754e-05,0.0003,35.860817,0.00799863166809082,4113.267916202545,475000,,,,,,,,,,,,,,,,,,,,,,
0.007590037,0.0,0.9830712,0.37099785,1000.0,10.0,20,100.0,0.81475794,0.21485035,-46.856598,-98.93725,11.233494,-15.315181,561.2424,0.0,0.3647173,0.3647173,6.167186e-05,0.0003,37.29408,0.008598157453536988,4156.2589199543,480000,,,,,,,,,,,,,,,,,,,,,,
0.0076100924,0.0,1.0008057,0.3677964,1000.0,10.0,20,100.0,0.71315885,-0.018192828,-44.357147,-98.78549,9.552459,-12.463322,548.3895,0.0,0.36809272,0.36809272,6.093515e-05,0.0003,37.53004,0.008036157178878784,4196.439937353134,485000,,,,,,,,,,,,,,,,,,,,,,
0.0072653303,0.0,1.0732312,0.36562076,1000.0,10.0,20,100.0,1.0449147,1.4338803,-48.025906,-98.80116,11.687257,-12.64594,498.40356,0.0,0.39239562,0.39239562,6.0196806e-05,0.0003,40.291744,0.00822876033782959,4237.583956003189,490000,,,,,,,,,,,,,,,,,,,,,,
0.005775199,0.0,1.0746398,0.36282656,1000.0,10.0,20,100.0,0.87162143,0.11574693,-43.092762,-98.83587,18.610687,-15.220468,659.3185,0.0,0.38990784,0.38990784,5.945705e-05,0.0003,39.86818,0.00801293535232544,4277.648846387863,495000,,,,,,,,,,,,,,,,,,,,,,
0.009753389,0.0,,,,,,,0.6363419,0.93595773,-47.76674,-98.97348,8.094084,-8.060796,312.80463,,,,,,1.2854085,0.02187397804260254,4387.018745422363,500000,0.79296875,0.19335938,0.6343911,0.64906657,0.3008963,0.009753389,-47.770782,0.004922012,0.0,0.5530275,0.5530275,0.1,1.0,0.032463565,0.6311301,-44.287098,,,,,,
0.0002289748,0.0,,,,,,,1.1364207,0.3136675,-50.1471,-99.805885,4.0236297,-2.9148393,79.16162,,,,,,1.2028446,0.027907049083709716,4526.553996801376,505000,0.09375,0.012207031,0.058944687,0.06642393,0.10973847,0.0002289748,-50.12114,0.0072502713,0.0,0.4347076,0.4347076,0.1,1.0,0.01576569,0.62281585,-53.62896,,,,,,
0.00016415148,0.0,,,,,,,0.7447293,-0.09402871,-46.845623,-101.78547,0.33161178,-0.5938114,21.958448,,,,,,0.7851284,0.016144252109527586,4607.27526307106,510000,0.05078125,0.0073242188,0.02965273,0.040399127,0.0753957,0.00016415148,-46.813717,0.010582244,0.0,0.2900288,0.2900288,0.1,1.0,0.024006184,0.5996716,-51.790222,,,,,,
0.00021612254,0.0,,,,,,,0.5920522,-0.07759634,-50.383053,-98.666664,0.3490388,-0.29111525,25.134338,,,,,,0.680905,0.01602331290245056,4687.3918380737305,515000,0.06640625,0.0087890625,0.07871799,0.088852756,0.07206249,0.00021612254,-50.355522,0.009918649,0.0,0.2727624,0.2727624,0.1,1.0,0.005653142,0.6279848,-58.47817,,,,,,
0.00012664835,0.0,,,,,,,4.7046895,1.0440437,-45.703304,-98.7991,2.4441204,-1.4743454,59.005386,,,,,,4.7521405,0.015886232137680055,4766.823005437851,520000,0.05859375,0.0078125,0.041063868,0.047451008,0.101151705,0.00012664835,-45.63758,0.0062604924,0.0,0.33889535,0.33889535,0.1,1.0,0.012143977,0.6034924,-47.696587,,,,,,
0.00011793006,0.0,,,,,,,0.62096244,0.2709329,-47.191063,-98.99438,0.8378601,-0.70212317,19.333113,,,,,,0.647116,0.01586768307685852,4846.161425590515,525000,0.06640625,0.008300781,0.020179741,0.026153585,0.10535693,0.00011793006,-47.11046,0.005855915,0.0,0.33268827,0.33268827,0.1,1.0,0.010298092,0.5514009,-47.409164,,,,,,
0.000130729,0.0,,,,,,,0.6597208,-0.012369528,-45.30648,-98.70834,0.49549454,-0.40194872,19.983965,,,,,,0.7095084,0.015866315746307372,4925.493008613586,530000,0.0390625,0.0048828125,0.043299638,0.049787614,0.1276058,0.000130729,-45.16093,0.006357248,0.0,0.377897,0.377897,0.1,1.0,0.017415665,0.6154293,-42.69565,,,,,,
0.00023673545,0.0,,,,,,,0.73464376,0.37569487,-45.02492,-98.643906,0.5891685,-0.51691103,22.025871,,,,,,0.80449677,0.01587238063812256,5004.854916095734,535000,0.0703125,0.010253906,0.06135623,0.06985302,0.13580489,0.00023673545,-45.000916,0.008260056,0.0,0.50128347,0.50128347,0.1,1.0,0.03319127,0.57418126,-42.373123,,,,,,
4.4898246e-05,0.0,,,,,,,0.74778867,0.10149607,-50.187588,-101.2461,0.5536131,-0.3223714,24.439405,,,,,,0.7987688,0.015880032396316527,5084.255084037781,540000,0.02734375,0.0034179688,0.043360025,0.05098016,0.042012334,4.4898246e-05,-50.039116,0.0075752344,0.0,0.28046107,0.28046107,0.1,1.0,0.023982719,0.5571126,-53.48986,,,,,,
0.00018687785,0.0,,,,,,,0.7606092,-0.07199831,-44.788193,-99.160355,0.49631965,-0.53533316,22.94145,,,,,,0.8159327,0.015876062154769898,5163.635401248932,545000,0.046875,0.005859375,0.042850874,0.055323455,0.09219372,0.00018687785,-44.821766,0.012285703,0.0,0.4536358,0.4536358,0.1,1.0,0.014646532,0.57979625,-42.16652,,,,,,
6.0800405e-05,0.0,,,,,,,0.5548463,0.709111,-45.203167,-98.938034,0.5220014,-0.78942895,16.289013,,,,,,0.6034099,0.015859218502044678,5242.9314975738525,550000,0.05859375,0.0073242188,0.04319576,0.048563626,0.030831814,6.0800405e-05,-45.20156,0.0053070644,0.0,0.33764976,0.33764976,0.1,1.0,0.009220256,0.6410345,-44.709324,,,,,,
0.00020848669,0.0,,,,,,,0.6787919,0.31159052,-47.480297,-98.80807,0.43617386,-0.43129995,21.87548,,,,,,0.72847277,0.015865255069732666,5322.257776737213,555000,0.046875,0.005859375,0.033482987,0.0496809,0.16893768,0.00020848669,-47.430664,0.015989427,0.0,0.66844994,0.66844994,0.1,1.0,0.016592972,0.59152496,-51.044365,,,,,,
5.699217e-05,0.0,,,,,,,1.5734358,-0.20366761,-45.51485,-98.90607,1.0552224,-1.0398773,44.26465,,,,,,1.6133782,0.015942216491699218,5401.968863964081,560000,0.046875,0.005859375,0.031988226,0.039942406,0.032283664,5.699217e-05,-45.281517,0.007897187,0.0,0.32177654,0.32177654,0.1,1.0,0.0155579625,0.62738174,-44.356472,,,,,,
6.582693e-05,0.0,,,,,,,1.0428734,0.29444033,-47.341484,-98.88278,0.48700815,-0.72913605,26.151432,,,,,,1.1112568,0.015850856256484986,5481.223149299622,565000,0.0390625,0.0048828125,0.059158407,0.06838349,0.027074695,6.582693e-05,-47.310997,0.0091592595,0.0,0.30588925,0.30588925,0.1,1.0,0.0072535276,0.6143063,-57.756756,,,,,,
7.024122e-05,0.0,,,,,,,1.0683963,0.07025333,-48.35096,-98.499405,0.53100514,-0.7805139,28.52803,,,,,,1.1015451,0.01586904945373535,5560.568400859833,570000,0.046875,0.0063476562,0.02404943,0.033148725,0.0275836,7.024122e-05,-48.303482,0.009029057,0.0,0.44186753,0.44186753,0.1,1.0,0.015320792,0.6184441,-52.374943,,,,,,
0.00018634187,0.0,,,,,,,0.7304039,0.24890034,-42.268078,-100.00057,0.37445995,-0.5361358,17.48436,,,,,,0.76530606,0.01577838587760925,5639.460334062576,575000,0.07421875,0.0107421875,0.02878839,0.03490218,0.11135435,0.00018634187,-42.192345,0.005927451,0.0,0.45945954,0.45945954,0.1,1.0,0.03917904,0.58690304,-35.26098,,,,,,
0.00018804055,0.0,,,,,,,0.6706387,-0.0009818375,-47.661186,-98.552635,0.2771577,-0.32679105,18.916784,,,,,,0.7031588,0.015869311475753784,5718.806895494461,580000,0.0625,0.0087890625,0.020474318,0.03252014,0.13269138,0.00018804055,-47.60728,0.0118577825,0.0,0.4734088,0.4734088,0.1,1.0,0.011546899,0.57683057,-48.736847,,,,,,
9.5692696e-05,0.0,,,,,,,1.5169828,0.54438674,-46.695072,-98.89864,2.5124419,-2.2147174,46.290398,,,,,,1.5544616,0.015855722045898437,5798.085509777069,585000,0.04296875,0.0053710938,0.030704156,0.037478823,0.056726217,9.5692696e-05,-46.599678,0.0066789743,0.0,0.3534208,0.3534208,0.1,1.0,0.02834934,0.61466944,-49.630642,,,,,,
7.519685e-05,0.0,,,,,,,0.67563987,0.16742647,-45.903652,-98.931305,0.5983678,-0.5744334,22.896908,,,,,,0.7527396,0.01584084210395813,5877.289725065231,590000,0.0390625,0.0053710938,0.0681957,0.07709974,0.028180122,7.519685e-05,-45.89243,0.008828842,0.0,0.4082638,0.4082638,0.1,1.0,0.015837576,0.5830178,-48.18006,,,,,,
1.9100262e-05,0.0,,,,,,,0.5395707,0.4733454,-46.255486,-98.95288,0.20852366,-0.3002032,18.704468,,,,,,0.5965372,0.01587185549736023,5956.649006605148,595000,0.01953125,0.0024414062,0.0497621,0.056966487,0.012812257,1.9100262e-05,-46.158394,0.0071852873,0.0,0.3618077,0.3618077,0.1,1.0,0.014848777,0.6060605,-39.062996,,,,,,
0.00015749276,0.0,,,,,,,0.6959568,0.3241873,-44.644207,-98.6565,0.45264867,-0.56368595,25.871765,,,,,,0.74972624,0.01585588788986206,6035.928450584412,600000,0.0703125,0.0087890625,0.04475884,0.053769402,0.060134172,0.00015749276,-44.71571,0.008853068,0.0,0.48905724,0.48905724,0.1,1.0,0.023220342,0.58064574,-47.614655,,,,,,
0.000100835925,0.0,,,,,,,0.4360298,0.010704748,-46.474716,-98.6357,0.35809165,-0.44758758,13.775024,,,,,,0.47417688,0.018473057794570924,6128.293745994568,605000,0.046875,0.005859375,0.033133507,0.038147084,0.060536623,0.000100835925,-46.530045,0.0049127433,0.0,0.46222833,0.46222833,0.1,1.0,0.015638186,0.6528847,-45.900223,,,,,,
4.5654306e-05,0.0,,,,,,,0.7775608,0.017573893,-46.5,-98.74578,0.78526324,-0.49311036,26.559841,,,,,,0.82388455,0.01587904305458069,6207.688968420029,610000,0.04296875,0.0053710938,0.04007703,0.04632378,0.020445228,4.5654306e-05,-46.60339,0.0062010963,0.0,0.38731852,0.38731852,0.1,1.0,0.018866893,0.60813975,-51.91252,,,,,,
6.177742e-05,0.0,,,,,,,0.4964959,-0.019680277,-48.829185,-98.7169,0.54443425,-0.46895766,22.335627,,,,,,0.52285045,0.01596354441642761,6287.50669670105,615000,0.0625,0.0078125,0.021996845,0.026354566,0.044769168,6.177742e-05,-48.785843,0.004295944,0.0,0.32159302,0.32159302,0.1,1.0,0.010382249,0.6176504,-62.448227,,,,,,
0.00014316628,0.0,,,,,,,0.5360982,0.35952994,-46.685295,-98.99934,0.27847606,-0.2945791,16.047014,,,,,,0.5728484,0.015943828964233398,6367.225848674774,620000,0.0625,0.0078125,0.03227412,0.036750197,0.04728651,0.00014316628,-46.622326,0.004332912,0.0,0.36839247,0.36839247,0.1,1.0,0.033035647,0.58298516,-45.315254,,,,,,
8.878554e-05,0.0,,,,,,,0.61792624,0.79243016,-43.82918,-98.42536,0.3691393,-0.27828178,19.507875,,,,,,0.66872895,0.015924626398086547,6446.848987579346,625000,0.05078125,0.0063476562,0.042789303,0.050802734,0.0327878,8.878554e-05,-43.825737,0.007924644,0.0,0.38491905,0.38491905,0.1,1.0,0.018055124,0.59697425,-43.639675,,,,,,
2.1188695e-05,0.0,,,,,,,0.501641,0.4078605,-46.222626,-98.51871,0.3081383,-0.28309062,20.868656,,,,,,0.54322374,0.015849068784713746,6526.094338178635,630000,0.015625,0.001953125,0.033837315,0.041582774,0.022176147,2.1188695e-05,-46.167343,0.0077242716,0.0,0.46885267,0.46885267,0.1,1.0,0.017677158,0.5637647,-43.50862,,,,,,
6.7377114e-05,0.0,,,,,,,0.7852671,0.023329318,-49.02755,-98.90388,1.1773924,-1.1910524,27.341091,,,,,,0.82184225,0.015905656242370607,6605.622627019882,635000,0.05078125,0.0063476562,0.032041635,0.036575157,0.024086237,6.7377114e-05,-48.977184,0.004466146,0.0,0.28864497,0.28864497,0.1,1.0,0.010662554,0.62258375,-52.59347,,,,,,
0.00017199764,0.0,,,,,,,0.48600635,-0.037699513,-46.66753,-98.70206,1.5452868,-1.0636002,44.11334,,,,,,2.75839,0.015907397270202638,6685.159620046616,640000,0.09375,0.01171875,2.2664025,2.2723837,0.107197404,0.00017199764,-46.616516,0.005809406,0.0,0.48244783,0.48244783,0.1,1.0,0.015765857,0.5901545,-42.54408,,,,,,
0.0001674507,0.0,,,,,,,0.62236303,0.5345095,-43.9368,-98.417854,0.30445355,-0.3697502,19.081,,,,,,0.6593349,0.015845899868011475,6764.3891270160675,645000,0.05859375,0.0073242188,0.030933205,0.036971845,0.0961144,0.0001674507,-43.94946,0.005871187,0.0,0.2610724,0.2610724,0.1,1.0,0.013119673,0.615041,-47.269653,,,,,,
5.6732155e-05,0.0,,,,,,,1.2389892,0.26401794,-48.62088,-99.01045,0.7730857,-0.89139146,30.472263,,,,,,1.2704799,0.015874589776992798,6843.762083292007,650000,0.02734375,0.0034179688,0.025562923,0.0314907,0.033937216,5.6732155e-05,-48.52073,0.005871041,0.0,0.26674202,0.26674202,0.1,1.0,0.012537886,0.6229434,-52.11254,,,,,,
0.00017143722,0.0,,,,,,,0.54850125,0.15305261,-43.134457,-98.910446,0.56257856,-0.5811241,28.978918,,,,,,0.6043678,0.01586840090751648,6923.104095458984,655000,0.05859375,0.0078125,0.048995636,0.05586655,0.07515478,0.00017143722,-43.113274,0.006699475,0.0,0.4218037,0.4218037,0.1,1.0,0.01443344,0.6185244,-41.651245,,,,,,
0.0001390088,0.0,,,,,,,0.57176256,0.28623703,-45.6928,-98.98618,0.33832112,-0.43868965,17.35244,,,,,,0.6139607,0.015858351039886476,7002.395857810974,660000,0.0703125,0.0087890625,0.03602935,0.04219814,0.16095793,0.0001390088,-45.67032,0.006029779,0.0,0.38747048,0.38747048,0.1,1.0,0.012043554,0.61108667,-49.826866,,,,,,
6.982882e-05,0.0,,,,,,,10.069631,0.86157453,-41.442406,-98.79072,11.913397,-11.852192,193.64796,,,,,,10.144795,0.01585617985725403,7081.676763534546,665000,0.04296875,0.0053710938,0.06992574,0.07516486,0.0423038,6.982882e-05,-41.354702,0.0051692934,0.0,0.47387356,0.47387356,0.1,1.0,0.01680158,0.6449162,-41.076874,,,,,,
6.898184e-05,0.0,,,,,,,0.5616921,0.07750323,-45.269943,-98.93281,0.55131954,-0.5259077,20.032398,,,,,,0.5828235,0.015956070566177368,7161.457122802734,670000,0.05078125,0.0068359375,0.01518237,0.021131411,0.05407834,6.898184e-05,-45.27254,0.0058800597,0.0,0.5006233,0.5006233,0.1,1.0,0.015314054,0.5846734,-41.55513,,,,,,
3.9232662e-05,0.0,,,,,,,0.5352225,0.6750603,-43.67301,-98.790565,0.94273466,-1.4288325,26.162289,,,,,,0.6369566,0.015894482946395873,7240.929543018341,675000,0.0390625,0.0048828125,0.09504138,0.10173412,0.031238317,3.9232662e-05,-43.672054,0.0066535063,0.0,0.2609288,0.2609288,0.1,1.0,0.015826244,0.63883364,-57.218292,,,,,,
6.782054e-05,0.0,,,,,,,0.52224576,0.6405965,-45.877914,-98.81519,0.24808197,-0.2155005,16.43208,,,,,,0.60159415,0.015882343101501464,7320.341265678406,680000,0.0546875,0.0073242188,0.07516284,0.07934838,0.031986237,6.782054e-05,-45.82701,0.004117716,0.0,0.44612253,0.44612253,0.1,1.0,0.017036948,0.55113053,-40.23243,,,,,,
3.455713e-05,0.0,,,,,,,0.55066127,0.41031504,-46.786465,-98.63163,0.47716287,-0.6534057,17.803782,,,,,,0.62022066,0.015877082109451292,7399.726685285568,685000,0.02734375,0.0034179688,0.066534005,0.0695594,0.02977848,3.455713e-05,-46.74196,0.0029908386,0.0,0.17896965,0.17896965,0.1,1.0,0.008804547,0.5910548,-59.226173,,,,,,
0.0001517837,0.0,,,,,,,0.53137743,1.2721651,-46.850983,-98.88437,0.41814247,-0.6072271,21.92571,,,,,,0.57488585,0.01591716012954712,7479.312494754791,690000,0.06640625,0.0087890625,0.029565789,0.043508396,0.09139073,0.0001517837,-46.63894,0.013790825,0.0,0.8685417,0.8685417,0.1,1.0,0.027949803,0.5897237,-49.73523,,,,,,
6.09383e-05,0.0,,,,,,,0.563801,0.2555277,-46.866493,-98.83586,0.4808449,-0.5046521,23.229267,,,,,,0.6048935,0.01591276845932007,7558.876344203949,695000,0.05078125,0.0073242188,0.03722392,0.04109249,0.028785229,6.09383e-05,-46.80755,0.003807629,0.0,0.32893082,0.32893082,0.1,1.0,0.014390605,0.5983659,-43.237984,,,,,,
8.867041e-05,0.0,,,,,,,0.5544915,1.2297066,-46.578415,-98.79893,0.26251677,-0.44274512,15.742792,,,,,,0.5825734,0.015898135185241698,7638.367027997971,700000,0.03125,0.00390625,0.023933165,0.028081888,0.07304227,8.867041e-05,-46.484634,0.0040600514,0.0,0.39327163,0.39327163,0.1,1.0,0.02188339,0.59758437,-42.493565,,,,,,
6.098044e-05,0.0,,,,,,,0.5221164,-0.40983656,-45.21912,-98.8414,0.47831723,-0.6791529,20.18306,,,,,,0.61414856,0.019214950513839722,7734.441787242889,705000,0.02734375,0.00390625,0.08749625,0.09203215,0.04689169,6.098044e-05,-45.184055,0.004474914,0.0,0.38042217,0.38042217,0.1,1.0,0.021139696,0.62044585,-40.901577,,,,,,
2.4465437e-05,0.0,,,,,,,1.4792309,0.73146,-43.46646,-98.802444,3.1831493,-2.782741,79.35515,,,,,,1.5378244,0.015887041234970093,7813.877000570297,710000,0.0390625,0.0048828125,0.053187992,0.0585935,0.014133692,2.4465437e-05,-43.388393,0.0053810435,0.0,0.48843813,0.48843813,0.1,1.0,0.010705301,0.5850664,-42.326164,,,,,,
0.00015046616,0.0,,,,,,,0.6003771,-3.6141496,-41.93454,-98.68137,0.35567167,-0.31479332,15.973078,,,,,,0.6310567,0.01588579921722412,7893.306015014648,715000,0.0625,0.0078125,0.02711302,0.03067964,0.12696803,0.00015046616,-41.76384,0.0034161531,0.0,0.3855356,0.3855356,0.1,1.0,0.019732315,0.6399692,-36.922302,,,,,,
3.4333614e-05,0.0,,,,,,,0.5628686,0.2340626,-42.843853,-98.71074,0.4089694,-0.25955957,16.444334,,,,,,0.6026695,0.01586978416442871,7972.654942750931,720000,0.03125,0.00390625,0.035008013,0.03980087,0.018063426,3.4333614e-05,-42.856323,0.0047585256,0.0,0.37644264,0.37644264,0.1,1.0,0.014335032,0.6007642,-42.154243,,,,,,
3.4347235e-05,0.0,,,,,,,0.5490812,-0.012021154,-42.561783,-98.58431,0.60910374,-0.5739207,23.718939,,,,,,0.6088818,0.015878353548049926,8052.046718120575,725000,0.03515625,0.0043945312,0.052297294,0.05980058,0.020571232,3.4347235e-05,-42.495605,0.0074689384,0.0,0.4038149,0.4038149,0.1,1.0,0.012124686,0.5801672,-45.23543,,,,,,
9.4125106e-05,0.0,,,,,,,0.6867142,0.83128154,-41.515743,-98.700226,1.9377216,-2.6630561,43.034092,,,,,,0.7218905,0.015946502494812012,8131.779237747192,730000,0.046875,0.005859375,0.028132709,0.03517631,0.038054228,9.4125106e-05,-41.51953,0.0069494736,0.0,0.6905526,0.6905526,0.1,1.0,0.0594398,0.5644665,-37.736588,,,,,,
3.4165452e-05,0.0,,,,,,,0.687533,0.4613205,-45.525806,-98.78818,0.76755065,-0.59878135,26.153307,,,,,,0.7469611,0.015868482398986816,8211.121656417847,735000,0.046875,0.005859375,0.054157287,0.059428077,0.02190435,3.4165452e-05,-45.474014,0.0052366266,0.0,0.25122076,0.25122076,0.1,1.0,0.007268724,0.5945876,-54.339622,,,,,,
7.466541e-05,0.0,,,,,,,0.6429244,-0.7999175,-42.18538,-98.7818,0.29685494,-0.30030477,20.908493,,,,,,0.72099817,0.01583502268791199,8290.296775579453,740000,0.05859375,0.0073242188,0.07296476,0.07807377,0.03215444,7.466541e-05,-42.111057,0.005034348,0.0,0.4913746,0.4913746,0.1,1.0,0.018683366,0.5976553,-35.882812,,,,,,
0.00024206005,0.0,,,,,,,0.3782665,1.1134642,-46.675438,-98.89451,0.21445124,-0.25948507,20.633564,,,,,,0.4496684,0.01584937324523926,8369.54364991188,745000,0.09375,0.01171875,0.0635356,0.07140189,0.18387628,0.00024206005,-46.5501,0.007624221,0.0,0.34395856,0.34395856,0.1,1.0,0.012950042,0.5944364,-46.91864,,,,,,
9.325583e-05,0.0,,,,,,,0.5924866,0.33276048,-44.733147,-98.92243,0.8231473,-0.83211493,23.815823,,,,,,0.6747808,0.015849412488937377,8448.790720462799,750000,0.0625,0.0078125,0.077215105,0.082294166,0.038170934,9.325583e-05,-44.59577,0.0049858,0.0,0.46037176,0.46037176,0.1,1.0,0.012703376,0.6017315,-38.315174,,,,,,
6.619812e-05,0.0,,,,,,,0.54531085,-2.4885988,-44.42526,-98.68735,0.27886915,-0.30373755,15.241972,,,,,,0.5800849,0.01588432879447937,8528.212370634079,755000,0.04296875,0.0063476562,0.02872129,0.034774087,0.050444007,6.619812e-05,-44.40931,0.0059865997,0.0,0.56142676,0.56142676,0.1,1.0,0.011218897,0.5660299,-35.230858,,,,,,
2.2013672e-05,0.0,,,,,,,0.45017764,0.21903825,-45.319572,-99.01372,0.2180728,-0.3097906,18.832119,,,,,,0.49176687,0.015873306798934936,8607.578910589218,760000,0.0234375,0.0029296875,0.037509225,0.04158922,0.011110425,2.2013672e-05,-45.300194,0.0040579815,0.0,0.40288407,0.40288407,0.1,1.0,0.01035816,0.57594836,-43.05397,,,,,,
4.2470056e-05,0.0,,,,,,,1.4608694,0.32774103,-42.68646,-98.9928,1.4957676,-1.3970692,37.253563,,,,,,1.4995095,0.01587127408981323,8686.935287714005,765000,0.03515625,0.0043945312,0.03383619,0.038640037,0.040581107,4.2470056e-05,-42.675053,0.0047613783,0.0,0.43909585,0.43909585,0.1,1.0,0.019160992,0.5666207,-46.1276,,,,,,
4.841975e-05,0.0,,,,,,,0.37564993,1.9900203,-44.692944,-98.91617,0.99150985,-0.5836526,16.570972,,,,,,0.43255442,0.015864605808258058,8766.258323192596,770000,0.03125,0.00390625,0.05017878,0.056904495,0.028157592,4.841975e-05,-44.685066,0.006677294,0.0,0.404604,0.404604,0.1,1.0,0.016514106,0.58253354,-43.060593,,,,,,
0.0001258271,0.0,,,,,,,0.5492555,0.7117958,-46.95762,-98.70634,0.4990672,-0.70113844,19.615238,,,,,,0.5808468,0.015832415914535523,8845.420409440994,775000,0.07421875,0.009277344,0.026940975,0.031591315,0.07589197,0.0001258271,-46.893517,0.004524514,0.0,0.55037856,0.55037856,0.1,1.0,0.012773828,0.6008973,-40.94632,,,,,,
0.00013846852,0.0,,,,,,,0.80086875,-0.8131697,-47.79976,-98.893166,1.0236511,-1.2446153,31.142431,,,,,,0.8781238,0.015929469013214112,8925.067761182785,780000,0.06640625,0.008300781,0.07355744,0.07725505,0.12295842,0.00013846852,-47.78176,0.003559139,0.0,0.36848798,0.36848798,0.1,1.0,0.016482212,0.6206044,-43.739784,,,,,,
9.825593e-05,0.0,,,,,,,0.8415345,-2.0179725,-46.105328,-99.03374,0.7512501,-0.68047273,22.696316,,,,,,0.90389097,0.015852071714401245,9004.328126430511,785000,0.0703125,0.009277344,0.05882663,0.062356442,0.061440945,9.825593e-05,-46.043167,0.003431558,0.0,0.32006803,0.32006803,0.1,1.0,0.010800276,0.5843165,-42.393536,,,,,,
5.5935932e-05,0.0,,,,,,,0.4624924,0.58667845,-47.663517,-98.69538,2.5292287,-2.9481764,37.76593,,,,,,0.5758898,0.015864545392990113,9083.650859355927,790000,0.05078125,0.0068359375,0.10190703,0.11339739,0.017130494,5.5935932e-05,-47.635445,0.011434423,0.0,0.2504431,0.2504431,0.1,1.0,0.015924308,0.59229046,-57.162823,,,,,,
0.00011192565,0.0,,,,,,,0.46451858,0.2568643,-45.876984,-98.60226,0.22217326,-0.32011718,17.408548,,,,,,0.58130586,0.01592798237800598,9163.290778398514,795000,0.04296875,0.0063476562,0.112207174,0.11678731,0.07163715,0.00011192565,-45.87172,0.0044682105,0.0,0.47169048,0.47169048,0.1,1.0,0.02602264,0.5896589,-34.983173,,,,,,
0.00011131464,0.0,,,,,,,0.55387443,0.22513008,-46.912056,-98.72234,0.59852374,-0.33293077,13.879292,,,,,,0.62246567,0.01592426986694336,9242.912137746811,800000,0.0625,0.0078125,0.06475008,0.06859125,0.08771086,0.00011131464,-46.94388,0.0037298538,0.0,0.38967302,0.38967302,0.1,1.0,0.010953011,0.6504741,-48.56617,,,,,,
5.5765966e-05,0.0,,,,,,,0.4891643,0.5887233,-47.415436,-98.868645,0.21850784,-0.31682938,16.721275,,,,,,0.5440354,0.018906433153152467,9337.444313526154,805000,0.0390625,0.0048828125,0.05081136,0.054871097,0.026758313,5.5765966e-05,-47.32975,0.0040039667,0.0,0.35967544,0.35967544,0.1,1.0,0.009180095,0.6059665,-48.432583,,,,,,
7.313909e-05,0.0,,,,,,,0.4252504,-1.824414,-46.71392,-98.827484,0.29034132,-0.3130251,14.449379,,,,,,0.46275237,0.015881659507751465,9416.852716445923,810000,0.03515625,0.0043945312,0.034237787,0.037501972,0.056809425,7.313909e-05,-46.581585,0.0031910483,0.0,0.36089128,0.36089128,0.1,1.0,0.015947457,0.5906985,-49.208305,,,,,,
6.143021e-05,0.0,,,,,,,0.5011967,0.5990795,-45.115936,-98.97786,0.39578146,-0.46324787,17.14895,,,,,,0.5507521,0.0159190860748291,9496.448153018951,815000,0.0234375,0.0029296875,0.04453175,0.049555417,0.06440127,6.143021e-05,-44.988403,0.004962236,0.0,0.45492047,0.45492047,0.1,1.0,0.011165272,0.5658884,-36.798542,,,,,,
5.496596e-05,0.0,,,,,,,0.52959365,0.1572515,-44.985832,-99.054825,1.3628594,-0.73642313,24.936329,,,,,,0.56703186,0.01592091202735901,9576.05272436142,820000,0.0390625,0.0048828125,0.034167074,0.037438203,0.053028226,5.496596e-05,-44.901485,0.0032161642,0.0,0.46286917,0.46286917,0.1,1.0,0.01333132,0.61909425,-43.07145,,,,,,
0.00010444003,0.0,,,,,,,0.5417742,0.19600475,-48.300667,-98.96394,0.30008447,-0.31841367,15.142906,,,,,,0.5874596,0.01589638319015503,9655.534649133682,825000,0.046875,0.005859375,0.042477943,0.045685425,0.07003236,0.00010444003,-48.187866,0.0031030453,0.0,0.5189662,0.5189662,0.1,1.0,0.017405206,0.61810464,-42.443207,,,,,,
3.616896e-05,0.0,,,,,,,0.48042965,0.3053104,-44.941933,-98.83194,0.56878966,-0.8257663,17.32863,,,,,,0.51660633,0.015871689796447753,9734.89310503006,830000,0.02734375,0.00390625,0.03392961,0.03617671,0.021914959,3.616896e-05,-44.90194,0.0022109349,0.0,0.27152836,0.27152836,0.1,1.0,0.02027924,0.6428741,-50.161175,,,,,,
5.8584323e-05,0.0,,,,,,,0.45479012,0.2698149,-47.31524,-98.816124,0.36429977,-0.43262222,20.17695,,,,,,0.49665487,0.01586696629524231,9814.227945804596,835000,0.046875,0.005859375,0.03964881,0.041864768,0.03290081,5.8584323e-05,-47.305126,0.0021573745,0.0,0.37314513,0.37314513,0.1,1.0,0.01380614,0.59807014,-43.193867,,,,,,
0.00012125471,0.0,,,,,,,0.48466498,-1.2202997,-43.28014,-98.688194,0.4873281,-0.72222483,20.288235,,,,,,0.54856664,0.01584384660720825,9893.447185277939,840000,0.046875,0.0063476562,0.060108982,0.06390168,0.105309606,0.00012125471,-43.187084,0.0036714403,0.0,0.51315737,0.51315737,0.1,1.0,0.031845868,0.6336952,-41.33416,,,,,,
7.156376e-05,0.0,,,,,,,0.44236028,0.5681377,-45.201096,-98.751144,1.5426195,-1.3025302,59.406128,,,,,,0.6148659,0.015856450939178465,9972.72944688797,845000,0.0234375,0.0034179688,0.16742292,0.17250565,0.120197415,7.156376e-05,-45.154545,0.0050111595,0.0,0.41408738,0.41408738,0.1,1.0,0.014606003,0.59125626,-39.322426,,,,,,
6.377918e-05,0.0,,,,,,,1.0607768,0.50773275,-43.505642,-98.61256,3.9858615,-2.7142115,52.51139,,,,,,1.137517,0.01585963320732117,10052.027619123459,850000,0.0234375,0.0029296875,0.07405782,0.07674019,0.05200565,6.377918e-05,-43.2933,0.0026185955,0.0,0.4924138,0.4924138,0.1,1.0,0.018318368,0.5712961,-43.121525,,,,,,
8.3865714e-05,0.0,,,,,,,0.5664529,-0.5217634,-46.16965,-98.87054,2.2147224,-1.8609654,54.10389,,,,,,0.7895665,0.01592917184829712,10131.673485517502,855000,0.04296875,0.0053710938,0.20992815,0.22311358,0.10404694,8.3865714e-05,-46.068817,0.013101564,0.0,0.61746407,0.61746407,0.1,1.0,0.009765133,0.6356467,-48.208847,,,,,,
4.4481887e-05,0.0,,,,,,,0.793859,0.64945924,-44.296112,-98.91775,0.33666417,-0.38383156,23.575262,,,,,,0.86075544,0.015932910919189452,10211.338048934937,860000,0.04296875,0.0053710938,0.062782496,0.06689642,0.03654003,4.4481887e-05,-44.197662,0.00406945,0.0,0.38636145,0.38636145,0.1,1.0,0.016420819,0.62300086,-41.111588,,,,,,
4.2517204e-05,0.0,,,,,,,0.70021135,0.32761285,-44.692574,-98.8338,4.172705,-4.9637995,83.32001,,,,,,0.7552584,0.01603419198989868,10291.509016990662,865000,0.0390625,0.0048828125,0.050788663,0.055047017,0.028094292,4.2517204e-05,-44.776375,0.004215837,0.0,0.42213356,0.42213356,0.1,1.0,0.008892633,0.63330823,-49.80388,,,,,,
0.00010814471,0.0,,,,,,,0.45742399,-0.10984634,-45.711926,-98.988945,0.23168789,-0.40239376,15.506647,,,,,,0.49946067,0.01580306463241577,10370.524346351624,870000,0.05859375,0.008300781,0.039397158,0.04203667,0.052275777,0.00010814471,-45.652695,0.0025313683,0.0,0.32497644,0.32497644,0.1,1.0,0.03076875,0.60277545,-43.387936,,,,,,
6.460614e-05,0.0,,,,,,,0.8929772,0.03738475,-44.34612,-98.90888,1.7196814,-1.8986385,57.00183,,,,,,0.94051516,0.015878716564178465,10449.917936563492,875000,0.0390625,0.0048828125,0.043755185,0.047538,0.040058136,6.460614e-05,-44.035507,0.0037182095,0.0,0.4893787,0.4893787,0.1,1.0,0.017912235,0.60886955,-39.253483,,,,,,
7.582613e-05,0.0,,,,,,,0.45141482,0.0681414,-43.477318,-98.65469,0.20437092,-0.2639468,12.632697,,,,,,0.49408472,0.0158672785282135,10529.254335641861,880000,0.03515625,0.0043945312,0.03829632,0.042669903,0.091095805,7.582613e-05,-43.47158,0.0042977603,0.0,0.4969043,0.4969043,0.1,1.0,0.012170011,0.59272134,-42.42401,,,,,,
4.0549843e-05,0.0,,,,,,,0.51979333,-1.3684968,-44.02151,-98.82013,0.8185313,-0.82253045,17.930998,,,,,,0.56170416,0.015868142747879028,10608.595058441162,885000,0.03515625,0.0043945312,0.037297443,0.041910857,0.0238657,4.0549843e-05,-43.900597,0.0045728637,0.0,0.45092374,0.45092374,0.1,1.0,0.01510738,0.6080104,-41.74344,,,,,,
7.030711e-05,0.0,,,,,,,0.43244928,0.022730611,-47.472404,-98.52364,33.91097,-22.478552,303.8163,,,,,,0.8125278,0.015856918001174926,10687.879654884338,890000,0.0546875,0.0073242188,0.37031114,0.38007846,0.045339465,7.030711e-05,-47.374023,0.009697033,0.0,0.59541285,0.59541285,0.1,1.0,0.0080979,0.56569576,-52.21656,,,,,,
2.6294554e-05,0.0,,,,,,,0.5578797,0.5481224,-43.607594,-99.392136,0.30549562,-0.3162616,17.306396,,,,,,0.6002964,0.015846413564682006,10767.111729383469,895000,0.0390625,0.0048828125,0.037885435,0.04241672,0.023908138,2.6294554e-05,-43.50521,0.0045049917,0.0,0.46556967,0.46556967,0.1,1.0,0.023407683,0.60718,-45.395832,,,,,,
4.6261935e-05,0.0,,,,,,,0.49595273,0.15952785,-44.154404,-98.79501,0.26503158,-0.32028192,19.542751,,,,,,0.5509828,0.015866084718704224,10846.442158699036,900000,0.05078125,0.0063476562,0.052037902,0.05503005,0.022215843,4.6261935e-05,-44.00619,0.0029458893,0.0,0.31105435,0.31105435,0.1,1.0,0.020400472,0.58934844,-44.27417,,,,,,
0.00011982251,0.0,,,,,,,0.52720034,0.19344154,-44.85522,-98.77088,0.54554886,-0.5047973,21.281107,,,,,,0.5954141,0.01875599284172058,10940.222129821777,905000,0.03125,0.0043945312,0.06143056,0.06821375,0.13138938,0.00011982251,-44.870647,0.006663372,0.0,0.48556155,0.48556155,0.1,1.0,0.012400162,0.55081,-46.534023,,,,,,
6.6623266e-05,0.0,,,,,,,0.31840596,0.41641027,-45.8583,-98.82685,0.24582607,-0.24849047,13.291683,,,,,,0.37510973,0.015876394987106322,11019.604112148285,910000,0.03125,0.00390625,0.05408478,0.056703787,0.03963077,6.6623266e-05,-45.809357,0.0025523836,0.0,0.39747772,0.39747772,0.1,1.0,0.022352468,0.5750586,-50.865025,,,,,,
7.868878e-05,0.0,,,,,,,0.993471,0.37265104,-47.65422,-98.83904,0.5421798,-0.5735321,31.208618,,,,,,1.0323621,0.015863996362686157,11098.924100875854,915000,0.05078125,0.0063476562,0.0368014,0.038891077,0.04570365,7.868878e-05,-47.55295,0.002010986,0.0,0.35972393,0.35972393,0.1,1.0,0.017125908,0.60182965,-45.838318,,,,,,
4.2450323e-05,0.0,,,,,,,0.49600238,0.12867662,-43.082733,-98.55083,0.51502067,-0.49192497,20.261124,,,,,,0.5335255,0.015938682556152342,11178.6175198555,920000,0.04296875,0.0053710938,0.033961426,0.037523177,0.03267598,4.2450323e-05,-42.99241,0.0035193022,0.0,0.44533882,0.44533882,0.1,1.0,0.023775019,0.5975547,-38.9926,,,,,,
7.689209e-05,0.0,,,,,,,0.7989379,-1.188855,-42.27419,-98.72198,2.562462,-1.9243472,58.212723,,,,,,0.85309815,0.015871085834503175,11257.972955942154,925000,0.046875,0.0063476562,0.051036857,0.05416024,0.033258915,7.689209e-05,-42.143112,0.0030464907,0.0,0.40261328,0.40261328,0.1,1.0,0.01719186,0.55397,-47.173,,,,,,
6.865786e-05,0.0,,,,,,,0.46635717,-0.18780613,-41.84857,-98.61874,0.37518406,-0.3796303,15.536953,,,,,,0.52364475,0.01586106505393982,11337.278287649155,930000,0.0390625,0.0048828125,0.053360235,0.057287592,0.08220613,6.865786e-05,-41.77839,0.0038587013,0.0,0.4681413,0.4681413,0.1,1.0,0.01452519,0.64092433,-36.74082,,,,,,
5.4326374e-05,0.0,,,,,,,0.49192923,0.28927654,-41.21837,-98.64932,0.20249154,-0.22210027,18.045124,,,,,,0.5499572,0.01588284420967102,11416.692514896393,935000,0.0390625,0.0048828125,0.048813,0.058027986,0.03828585,5.4326374e-05,-41.11705,0.009160658,0.0,0.6612595,0.6612595,0.1,1.0,0.033256583,0.55956906,-33.3348,,,,,,
5.5554498e-05,0.0,,,,,,,0.40076295,0.48865336,-42.5483,-98.487526,0.34085304,-0.27589908,13.892072,,,,,,0.43640032,0.015859821081161497,11495.991626501083,940000,0.03515625,0.0043945312,0.03209436,0.03563739,0.033278584,5.5554498e-05,-42.533783,0.0034874738,0.0,0.5941733,0.5941733,0.1,1.0,0.040900838,0.5485358,-36.73255,,,,,,
0.000114266935,0.0,,,,,,,0.5292115,-0.39514315,-42.435654,-98.310104,0.53545064,-0.46128264,31.10254,,,,,,0.641581,0.015765896797180178,11574.821117639542,945000,0.0390625,0.0053710938,0.10537791,0.11236947,0.06523812,0.000114266935,-42.338604,0.006877291,0.0,0.42232686,0.42232686,0.1,1.0,0.018918183,0.5939598,-37.85263,,,,,,
3.5721983e-05,0.0,,,,,,,0.40251482,0.17008014,-46.64534,-98.494156,0.22379754,-0.29889154,16.34343,,,,,,0.49522796,0.015855964374542238,11654.10094666481,950000,0.03125,0.00390625,0.08944583,0.09271314,0.02118063,3.5721983e-05,-46.517742,0.0032315836,0.0,0.38072866,0.38072866,0.1,1.0,0.010716737,0.63071847,-44.743904,,,,,,
4.2961386e-05,0.0,,,,,,,0.41221365,0.4180756,-46.551105,-98.75656,0.2031789,-0.26468396,16.058077,,,,,,0.4445194,0.015872846078872682,11733.465183973312,955000,0.0234375,0.0034179688,0.029980818,0.032305736,0.032469034,4.2961386e-05,-46.442997,0.0022819578,0.0,0.29394078,0.29394078,0.1,1.0,0.014760725,0.60045445,-40.162067,,,,,,
6.274029e-05,0.0,,,,,,,1.2531414,0.06397871,-44.643036,-98.651566,0.67194957,-0.6122068,24.54992,,,,,,1.3158536,0.015873917579650877,11812.834778785706,960000,0.0546875,0.0068359375,0.0596778,0.062712215,0.034764647,6.274029e-05,-44.535576,0.0029716785,0.0,0.3629197,0.3629197,0.1,1.0,0.013504395,0.6611559,-46.731007,,,,,,
7.2737574e-05,0.0,,,,,,,0.7732201,0.059244968,-45.44616,-98.45517,4.7843533,-2.9423425,44.75338,,,,,,0.7915736,0.015865885829925538,11892.16421508789,965000,0.0546875,0.0068359375,0.01365968,0.018353472,0.05512464,7.2737574e-05,-45.35317,0.004621053,0.0,0.30182725,0.30182725,0.1,1.0,0.011466598,0.6077468,-55.838028,,,,,,
4.6265777e-05,0.0,,,,,,,0.48745662,0.12495717,-43.045567,-98.50409,0.8168706,-0.7745449,33.379837,,,,,,0.5281135,0.01585695676803589,11971.449004888535,970000,0.01953125,0.0024414062,0.035335787,0.040656842,0.035012364,4.6265777e-05,-42.97944,0.005274791,0.0,0.55025196,0.55025196,0.1,1.0,0.01975369,0.55570614,-39.730644,,,,,,
7.388776e-05,0.0,,,,,,,0.50073624,0.6861962,-46.373478,-98.422966,0.3687314,-0.2804324,16.359535,,,,,,0.5330218,0.015861622190475464,12050.75712275505,975000,0.0546875,0.0068359375,0.029566774,0.03228554,0.042098284,7.388776e-05,-46.289814,0.00264488,0.0,0.29260093,0.29260093,0.1,1.0,0.011254199,0.6649461,-48.861084,,,,,,
9.072386e-05,0.0,,,,,,,0.8157688,0.12110243,-42.467037,-98.50591,1.6271349,-2.3717098,31.888824,,,,,,0.86344063,0.015955865669250488,12130.53645825386,980000,0.05078125,0.0063476562,0.04447936,0.047671825,0.043236375,9.072386e-05,-42.439056,0.0031017382,0.0,0.39892587,0.39892587,0.1,1.0,0.020639371,0.62032056,-46.36413,,,,,,
0.00010663917,0.0,,,,,,,0.53455967,0.6038934,-45.723267,-98.49123,0.96995795,-1.1089299,27.26331,,,,,,0.5826062,0.01587425332069397,12209.907730102539,985000,0.0546875,0.0073242188,0.0454374,0.048046507,0.049348354,0.00010663917,-45.655724,0.0025024673,0.0,0.3523421,0.3523421,0.1,1.0,0.023049325,0.61491007,-43.9062,,,,,,
3.8149767e-05,0.0,,,,,,,0.38149446,0.3033093,-49.237827,-98.7528,0.21281134,-0.23093562,12.796793,,,,,,0.47683647,0.015779383754730224,12288.804655075073,990000,0.04296875,0.005859375,0.09299699,0.095342,0.03496909,3.8149767e-05,-49.246353,0.0023068627,0.0,0.31096584,0.31096584,0.1,1.0,0.010455715,0.66551745,-57.514397,,,,,,
4.7403562e-05,0.0,,,,,,,0.44904232,0.4163084,-44.908073,-98.29385,0.2631678,-0.29069373,19.96835,,,,,,0.49621838,0.01587582726478577,12368.18379831314,995000,0.0390625,0.0048828125,0.044081077,0.047176074,0.023182154,4.7403562e-05,-44.91526,0.003047592,0.0,0.5272022,0.5272022,0.1,1.0,0.033349242,0.57696784,-34.978054,,,,,,
7.253949e-05,0.0,,,,,,,0.3803691,-0.0751157,-44.82172,-98.43129,6.427582,-5.200623,59.973312,,,,,,0.468765,0.015876813173294067,12447.567870855331,1000000,0.0390625,0.0053710938,0.084309265,0.08839589,0.0494138,7.253949e-05,-44.757835,0.0040140925,0.0,0.55154693,0.55154693,0.1,1.0,0.014901778,0.56490386,-46.119072,,,,,,
6.3936226e-05,0.0,,,,,,,0.4139006,0.44421417,-47.721992,-98.7294,0.9098447,-0.6387497,21.825706,,,,,,0.4654141,0.022611785984039307,12560.626804590225,1005000,0.05859375,0.0073242188,0.047500603,0.051513508,0.027869344,6.3936226e-05,-47.706383,0.003948968,0.0,0.60853946,0.60853946,0.1,1.0,0.017509844,0.576476,-44.600723,4940.0,1.0,1.0,147.0,2.8220717906951904,100.0
2.572639e-05,0.0,,,,,,,0.4065472,-1.2478195,-44.804817,-98.69807,0.31791458,-0.25969833,17.525288,,,,,,0.48074287,0.019697462034225465,12659.114119529724,1010000,0.015625,0.001953125,0.07116498,0.074195676,0.021888375,2.572639e-05,-44.759087,0.0030049696,0.0,0.37806833,0.37806833,0.1,1.0,0.00879135,0.5715678,-46.41587,9754.0,1.0,1.0,135.0,2.5772900581359863,100.0
4.609028e-05,0.0,,,,,,,0.44684762,0.34740686,-42.713722,-98.420074,0.2804733,-0.16572581,14.413007,,,,,,0.52016395,0.01982831211090088,12758.255685329437,1015000,0.02734375,0.0034179688,0.06946953,0.07331632,0.03761351,4.609028e-05,-42.635765,0.0038007032,0.0,0.47624296,0.47624296,0.1,1.0,0.013976918,0.56929743,-46.133682,14892.0,1.0,1.0,133.0,2.5052378177642822,100.0
0.00011122145,0.0,,,,,,,0.4065882,0.37667912,-45.844017,-98.78062,0.47420526,-0.39122397,22.996067,,,,,,1.0165926,0.019622414684295653,12856.367764472961,1020000,0.04296875,0.0053710938,0.6004355,0.6100044,0.093834996,0.00011122145,-45.812355,0.0094576785,0.0,0.62345934,0.62345934,0.1,1.0,0.032122992,0.5459243,-43.377243,19893.0,1.0,1.0,133.0,2.525141954421997,100.0
8.642895e-05,0.0,,,,,,,1.1260655,0.41707423,-45.868435,-98.62182,0.7880996,-0.9544407,29.018753,,,,,,1.1658306,0.019450941514968872,12953.622478723526,1025000,0.046875,0.005859375,0.036770426,0.039765116,0.03148067,8.642895e-05,-45.87717,0.0029082615,0.0,0.34535992,0.34535992,0.1,1.0,0.019763786,0.6436866,-44.466835,24895.0,1.0,1.0,118.0,2.2286884784698486,100.0
3.6357436e-05,0.0,,,,,,,0.54344964,0.27971804,-44.010353,-98.4091,0.33270913,-0.37053895,22.118309,,,,,,0.61298364,0.019562049722671507,13051.432733535767,1030000,0.0390625,0.0048828125,0.06582345,0.06953398,0.037118435,3.6357436e-05,-43.984108,0.0036741723,0.0,0.63863754,0.63863754,0.1,1.0,0.024127495,0.535112,-27.793907,29918.0,1.0,1.0,128.0,2.4579808712005615,100.0
2.0704e-05,0.0,,,,,,,0.3697427,0.5908977,-43.93171,-98.807304,0.18469219,-0.2466889,14.441099,,,,,,0.4166252,0.019477881050109863,13148.82214474678,1035000,0.02734375,0.0034179688,0.043590337,0.046882514,0.0127129555,2.0704e-05,-43.990677,0.003271473,0.0,0.40232968,0.40232968,0.1,1.0,0.025818294,0.60929054,-37.508453,34861.0,1.0,1.0,223.0,4.218970775604248,100.0
6.280589e-05,0.0,,,,,,,0.30700278,0.20749086,-46.998253,-98.38085,0.2749853,-0.15886767,13.325719,,,,,,0.36640322,0.019637670516967774,13247.010503053665,1040000,0.0390625,0.0053710938,0.056673095,0.059400428,0.05975473,6.280589e-05,-46.922607,0.0026645302,0.0,0.42041576,0.42041576,0.1,1.0,0.024905851,0.5968782,-39.322147,39961.0,1.0,1.0,136.0,2.5747852325439453,100.0
0.00012997439,0.0,,,,,,,0.94440734,-1.4752254,-47.625336,-98.51375,1.5320296,-1.1163378,32.57692,,,,,,1.0085819,0.019583248615264892,13344.926752328873,1045000,0.06640625,0.008300781,0.060508497,0.06417454,0.07848787,0.00012997439,-47.29296,0.0035360672,0.0,0.52220225,0.52220225,0.1,1.0,0.022106308,0.61793786,-40.437202,44966.0,1.0,1.0,138.0,2.611948013305664,100.0
6.3399784e-05,0.0,,,,,,,0.4798472,0.8286057,-47.71162,-98.988785,0.31070203,-0.30502355,15.828405,,,,,,0.50232303,0.019641976881027222,13443.136642932892,1050000,0.03515625,0.0048828125,0.017846657,0.022475835,0.04413688,6.3399784e-05,-47.634216,0.004565778,0.0,0.61346984,0.61346984,0.1,1.0,0.075657934,0.57748985,-40.62107,49915.0,1.0,1.0,150.0,2.8792107105255127,100.0
6.390258e-05,0.0,,,,,,,0.4568592,0.91298914,-46.974323,-98.440346,0.20776254,-0.34393004,13.773285,,,,,,0.49934545,0.01953687376976013,13540.821017980576,1055000,0.03125,0.00390625,0.039807484,0.042486258,0.06007862,6.390258e-05,-46.873154,0.0026148718,0.0,0.386698,0.386698,0.1,1.0,0.016595893,0.5968477,-52.417686,54874.0,1.0,1.0,119.0,2.238499879837036,100.0
4.5638822e-05,0.0,,,,,,,0.5173339,0.06726739,-43.001648,-98.422966,0.26363546,-0.2892257,16.63206,,,,,,0.5688566,0.019621424722671508,13638.928147792816,1060000,0.01953125,0.0024414062,0.048372734,0.05152265,0.05492115,4.5638822e-05,-43.053528,0.0031042753,0.0,0.43821436,0.43821436,0.1,1.0,0.01576188,0.5969392,-43.218803,59898.0,1.0,1.0,160.0,3.0170371532440186,100.0
4.4791785e-05,0.0,,,,,,,0.43931052,-0.009007163,-42.512405,-98.33636,0.85063374,-0.90608495,31.187326,,,,,,0.55904526,0.01944989809989929,13736.177644491196,1065000,0.04296875,0.005859375,0.11668222,0.11973471,0.025830507,4.4791785e-05,-42.440975,0.003007704,0.0,0.44683647,0.44683647,0.1,1.0,0.02318831,0.55885506,-41.160595,64986.0,1.0,1.0,133.0,2.528282403945923,100.0
0.00010773458,0.0,,,,,,,0.46335977,1.0550666,-44.540604,-98.47269,1.5147514,-1.1993543,40.819885,,,,,,0.6718861,0.019620345544815062,13834.279377937317,1070000,0.03515625,0.0043945312,0.20586342,0.20852634,0.14582133,0.00010773458,-44.54992,0.0025551969,0.0,0.3481851,0.3481851,0.1,1.0,0.02082625,0.59251153,-53.20773,69876.0,1.0,1.0,115.0,2.1638741493225098,100.0
1.1508528e-05,0.0,,,,,,,0.7599921,0.9993325,-44.96592,-98.73938,1.1018082,-0.76475006,36.025864,,,,,,0.8329537,0.01955845685005188,13932.071667432785,1075000,0.015625,0.001953125,0.06933698,0.07296157,0.017820239,1.1508528e-05,-45.047337,0.003613077,0.0,0.37748128,0.37748128,0.1,1.0,0.009662854,0.5909803,-47.872456,74925.0,1.0,1.0,115.0,2.195551872253418,100.0
2.4442503e-05,0.0,,,,,,,1.3834229,-0.15363464,-43.873436,-98.5031,1.4504043,-1.4628936,41.6213,,,,,,1.4166522,0.019641384220123292,14030.278594732285,1080000,0.02734375,0.0034179688,0.025944132,0.033229332,0.021276474,2.4442503e-05,-43.777233,0.007260757,0.0,0.71438676,0.71438676,0.1,1.0,0.015368314,0.56695193,-40.285942,79990.0,1.0,1.0,164.0,3.1042466163635254,100.0
0.0001384443,0.0,,,,,,,0.47523236,0.34609413,-42.167877,-98.270004,0.34382677,-0.21327259,18.513607,,,,,,0.51624626,0.019568784523010255,14128.1225233078,1085000,0.05859375,0.0073242188,0.036411185,0.041013908,0.1359278,0.0001384443,-42.042793,0.0044642803,0.0,0.66929126,0.66929126,0.1,1.0,0.031877603,0.6023183,-35.581646,84918.0,1.0,1.0,160.0,3.056662082672119,100.0
4.926877e-05,0.0,,,,,,,1.1182033,-0.42435235,-43.20723,-98.75666,0.79313034,-0.4440519,21.870052,,,,,,1.1481143,0.0197206241607666,14226.725651741028,1090000,0.0390625,0.0048828125,0.025533736,0.029911071,0.03017652,4.926877e-05,-43.120594,0.004328066,0.0,0.4232407,0.4232407,0.1,1.0,0.014548551,0.5895377,-41.643116,89901.0,1.0,1.0,174.0,3.7989983558654785,100.0
7.297954e-05,0.0,,,,,,,0.36170632,0.38130832,-49.24538,-98.68934,0.45966843,-0.23152381,16.99653,,,,,,0.40080547,0.019629193353652954,14324.871625423431,1095000,0.0546875,0.0068359375,0.03413367,0.039099157,0.031623125,7.297954e-05,-49.221695,0.0048925094,0.0,0.35217595,0.35217595,0.1,1.0,0.012261012,0.59871817,-46.349598,94872.0,1.0,1.0,125.0,2.8050358295440674,100.0
4.1849795e-05,0.0,,,,,,,0.5694135,0.44674966,-45.06945,-98.781685,0.97109926,-0.84762156,25.4656,,,,,,0.6028147,0.01961909327507019,14422.967097759247,1100000,0.02734375,0.0034179688,0.028053757,0.03340119,0.030470729,4.1849795e-05,-44.99457,0.0053055836,0.0,0.5464333,0.5464333,0.1,1.0,0.0331601,0.51422817,-36.181274,99899.0,1.0,1.0,134.0,2.542672634124756,100.0
0.00011730823,0.0,,,,,,,0.42011133,0.6533704,-44.514767,-98.59076,0.28122017,-0.19783136,14.786465,,,,,,0.46958733,0.02200630202293396,14532.998614549637,1105000,0.03515625,0.0043945312,0.04675494,0.049475983,0.11867571,0.00011730823,-44.59307,0.0026037334,0.0,0.38016558,0.38016558,0.1,1.0,0.014116915,0.61048394,-42.657207,104982.0,1.0,1.0,137.0,2.593945026397705,100.0
6.9273985e-05,0.0,,,,,,,0.44490743,0.03706619,-47.894005,-98.93456,0.30573365,-0.32116038,17.53484,,,,,,0.4769649,0.01979254641532898,14631.96135377884,1110000,0.046875,0.005859375,0.029273447,0.03205745,0.035100102,6.9273985e-05,-47.85679,0.0027147282,0.0,0.39251858,0.39251858,0.1,1.0,0.010751,0.56173384,-50.34164,109994.0,1.0,1.0,126.0,2.407290458679199,100.0
2.7460977e-05,0.0,,,,,,,0.4070171,0.07873019,-46.23803,-98.759026,0.20266366,-0.20601183,12.749811,,,,,,0.45291823,0.019624131441116334,14730.082018136978,1115000,0.03125,0.00390625,0.043019876,0.045901105,0.022480369,2.7460977e-05,-46.161465,0.0028537693,0.0,0.48109353,0.48109353,0.1,1.0,0.013736317,0.5475509,-44.75807,114863.0,1.0,1.0,144.0,2.7442824840545654,100.0
5.812093e-05,0.0,,,,,,,1.4905618,0.19737448,-44.683434,-98.751465,0.69299984,-0.4153517,36.30877,,,,,,1.5359141,0.01955254340171814,14827.844742298126,1120000,0.01953125,0.0024414062,0.041064367,0.045352202,0.043597817,5.812093e-05,-44.53487,0.004229712,0.0,0.56820977,0.56820977,0.1,1.0,0.014517942,0.6297247,-42.307953,119912.0,1.0,1.0,119.0,2.28488826751709,100.0
6.5979664e-05,0.0,,,,,,,0.43890995,0.12560664,-44.544296,-98.72371,0.2609125,-0.3319411,15.592035,,,,,,0.48001266,0.01958017921447754,14925.745644569397,1125000,0.02734375,0.0034179688,0.038678337,0.04110272,0.051038623,6.5979664e-05,-44.538376,0.0023584028,0.0,0.34525564,0.34525564,0.1,1.0,0.014227218,0.60094815,-51.889763,124973.0,1.0,1.0,123.0,2.3374507427215576,100.0
2.5035522e-05,0.0,,,,,,,0.7981045,-0.23195335,-45.53454,-98.859856,0.8123199,-0.7153586,33.207085,,,,,,0.90455353,0.019632422399520875,15023.907762527466,1130000,0.03125,0.00390625,0.10224002,0.106449015,0.01891613,2.5035522e-05,-45.650208,0.004183962,0.0,0.4674006,0.4674006,0.1,1.0,0.0078056436,0.6041959,-42.06459,129845.0,1.0,1.0,127.0,2.422994375228882,100.0
8.258625e-05,0.0,,,,,,,0.37238815,-0.01591701,-48.718937,-98.81484,0.25131148,-0.22425172,12.810131,,,,,,0.40532002,0.019621946716308594,15122.017502307892,1135000,0.02734375,0.0034179688,0.030241005,0.032931868,0.054824114,8.258625e-05,-48.684784,0.002608277,0.0,0.19248635,0.19248635,0.1,1.0,0.007723945,0.61757445,-55.175938,134937.0,1.0,1.0,118.0,2.2323732376098633,100.0
0.00012143282,0.0,,,,,,,0.49350977,-1.16871,-45.072166,-98.42014,0.44980654,-0.2340206,18.43206,,,,,,0.56065464,0.019591187381744386,15219.973446846008,1140000,0.05859375,0.0073242188,0.06368157,0.067144856,0.0906626,0.00012143282,-44.988792,0.0033418518,0.0,0.39842635,0.39842635,0.1,1.0,0.029305633,0.5647883,-50.286472,139948.0,1.0,1.0,140.0,2.6428773403167725,100.0
0.00015590881,0.0,,,,,,,0.40030992,0.5301057,-46.761852,-98.818756,0.3097628,-0.26936626,13.447934,,,,,,0.43650085,0.01970355968475342,15318.491251707077,1145000,0.04296875,0.0053710938,0.0332131,0.036190927,0.08487582,0.00015590881,-46.671932,0.0028219195,0.0,0.32556194,0.32556194,0.1,1.0,0.0064835623,0.6068798,-51.984825,144978.0,1.0,1.0,134.0,2.5278780460357666,100.0
9.107374e-05,0.0,,,,,,,0.5407244,0.825179,-46.10157,-98.74286,0.5334296,-0.47400168,15.76713,,,,,,0.5797394,0.019627622175216675,15416.629368543625,1150000,0.06640625,0.009277344,0.034242705,0.03901498,0.042164326,9.107374e-05,-46.20777,0.0046812044,0.0,0.45681033,0.45681033,0.1,1.0,0.014577003,0.49787077,-42.25176,149930.0,1.0,1.0,127.0,2.4116921424865723,100.0
0.00010274182,0.0,,,,,,,0.9716987,-0.38689047,-44.58608,-98.7503,0.91823214,-0.5334989,28.529491,,,,,,0.9960733,0.019685282278060913,15515.055786132812,1155000,0.05078125,0.0063476562,0.020850113,0.024374597,0.03358841,0.00010274182,-44.526257,0.0034217427,0.0,0.39882866,0.39882866,0.1,1.0,0.014807152,0.57431006,-45.794983,155000.0,1.0,1.0,126.0,2.392852306365967,100.0
6.604788e-05,0.0,,,,,,,0.4707172,0.09204116,-42.92988,-98.825226,0.35375947,-0.33318794,16.19355,,,,,,0.50232935,0.01968852047920227,15613.498394966125,1160000,0.0546875,0.0073242188,0.026846461,0.03161215,0.020462394,6.604788e-05,-42.917126,0.0046996404,0.0,0.5698943,0.5698943,0.1,1.0,0.016276402,0.61577636,-45.7228,159910.0,1.0,1.0,115.0,2.1995465755462646,100.0
2.3088884e-05,0.0,,,,,,,0.48214066,2.2478614,-44.448433,-98.708755,0.3798745,-0.33584166,18.086681,,,,,,0.5445705,0.01946965537071228,15710.846677780151,1165000,0.015625,0.001953125,0.056569133,0.06242982,0.025570393,2.3088884e-05,-44.46582,0.005837597,0.0,0.55315185,0.55315185,0.1,1.0,0.015946243,0.59920204,-44.09239,164967.0,1.0,1.0,123.0,2.3236145973205566,100.0
3.8131897e-05,0.0,,,,,,,0.57879084,-2.9412026,-45.144997,-98.91841,0.44388145,-0.36570004,19.233257,,,,,,0.6692031,0.01971471939086914,15809.42028093338,1170000,0.03125,0.00390625,0.0865742,0.09041224,0.023900628,3.8131897e-05,-45.13565,0.0037999067,0.0,0.47812635,0.47812635,0.1,1.0,0.023682337,0.59610087,-39.46517,169891.0,1.0,1.0,130.0,2.4581542015075684,100.0
5.4985285e-05,0.0,,,,,,,0.5495226,0.7284407,-44.473152,-99.038246,0.5213935,-0.6038739,40.58862,,,,,,0.7470122,0.019673866176605225,15907.789618253708,1175000,0.0390625,0.0053710938,0.19444276,0.19748962,0.04356301,5.4985285e-05,-44.332825,0.0029918677,0.0,0.3490047,0.3490047,0.1,1.0,0.014152294,0.6283872,-41.97694,174965.0,1.0,1.0,121.0,2.2979562282562256,100.0
1.8210383e-05,0.0,,,,,,,0.4397956,0.6090478,-41.673607,-98.77789,0.29883984,-0.33715594,24.677814,,,,,,0.6521521,0.01968961100578308,16006.237679481506,1180000,0.0234375,0.0029296875,0.20868854,0.21235652,0.0136038065,1.8210383e-05,-41.621296,0.0036497645,0.0,0.3841801,0.3841801,0.1,1.0,0.023155889,0.58579725,-40.39325,179999.0,1.0,1.0,137.0,2.6153769493103027,100.0
4.7307287e-05,0.0,,,,,,,0.4270222,-0.14319581,-46.703014,-98.904305,0.29622862,-0.24524744,13.907196,,,,,,0.5030754,0.0197433180809021,16104.954276561737,1185000,0.01953125,0.0029296875,0.07388303,0.07605323,0.029226303,4.7307287e-05,-46.67073,0.0021229042,0.0,0.38566816,0.38566816,0.1,1.0,0.014505789,0.65850484,-51.940006,184895.0,1.0,1.0,151.0,2.869394302368164,100.0
7.2948285e-05,0.0,,,,,,,0.6609882,0.2874583,-48.330284,-98.88938,0.23123334,-0.27620006,15.982231,,,,,,0.6849333,0.0195729745388031,16202.819155216217,1190000,0.04296875,0.0053710938,0.020836944,0.023945078,0.032956243,7.2948285e-05,-48.364243,0.0030351852,0.0,0.43290514,0.43290514,0.1,1.0,0.021761302,0.57622695,-46.90179,189909.0,1.0,1.0,107.0,2.0457475185394287,100.0
3.8157566e-05,0.0,,,,,,,0.61782646,-0.037044026,-45.86939,-98.56229,0.3515883,-0.37364864,19.072922,,,,,,0.66495156,0.019673981952667237,16301.189071178436,1195000,0.03515625,0.0043945312,0.043006584,0.047125127,0.026576161,3.8157566e-05,-45.73087,0.004080387,0.0,0.32036105,0.32036105,0.1,1.0,0.014129886,0.5966432,-46.441612,194891.0,1.0,1.0,121.0,2.279552698135376,100.0
3.3050077e-05,0.0,,,,,,,0.42764387,0.35188887,-43.166374,-98.46864,0.3947351,-0.2969996,16.422733,,,,,,0.47786665,0.01962689061164856,16399.323529958725,1200000,0.01953125,0.0024414062,0.04707188,0.050222777,0.02734983,3.3050077e-05,-43.261032,0.0031178435,0.0,0.5010501,0.5010501,0.1,1.0,0.021693332,0.6086369,-39.395317,199999.0,1.0,1.0,148.0,2.784327268600464,100.0
3.6006037e-05,0.0,,,,,,,0.3762279,0.1432393,-46.543457,-98.506935,0.5361356,-0.3991778,15.344477,,,,,,0.42837623,0.022038585472106933,16509.516463518143,1205000,0.0234375,0.0029296875,0.04812435,0.052148353,0.02404046,3.6006037e-05,-46.529335,0.003987997,0.0,0.42468795,0.42468795,0.1,1.0,0.010521846,0.6502773,-45.31111,204769.0,1.0,1.0,113.0,2.151453733444214,100.0
9.116705e-05,0.0,,,,,,,0.41101277,-5.031816,-45.97262,-98.86948,0.31950608,-0.37180844,13.092981,,,,,,0.4577882,0.01965295114517212,16607.781225681305,1210000,0.078125,0.009765625,0.043709714,0.046775438,0.04133427,9.116705e-05,-45.84916,0.0029745605,0.0,0.55844325,0.55844325,0.1,1.0,0.016526187,0.57344615,-44.61663,209736.0,1.0,1.0,133.0,2.99825382232666,100.0
9.268918e-05,0.0,,,,,,,0.5717155,0.15798157,-41.93319,-98.63251,0.2561876,-0.3898968,19.270136,,,,,,0.6527027,0.019607831621170045,16705.820390701294,1215000,0.05078125,0.0063476562,0.07589285,0.080987185,0.054240584,9.268918e-05,-41.817543,0.00500164,0.0,0.4968748,0.4968748,0.1,1.0,0.021151805,0.5651753,-42.790936,214876.0,1.0,1.0,117.0,2.225559711456299,100.0
9.7182055e-05,0.0,,,,,,,0.54771525,0.32173556,-47.37887,-99.131676,0.5387864,-0.31860414,20.068207,,,,,,0.6077158,0.019689201498031616,16804.26640367508,1220000,0.046875,0.005859375,0.05430083,0.06000055,0.04199493,9.7182055e-05,-47.586422,0.005602538,0.0,0.3584484,0.3584484,0.1,1.0,0.024761932,0.60001934,-46.201897,219979.0,1.0,1.0,123.0,2.3415818214416504,100.0
4.723901e-05,0.0,,,,,,,0.5751381,1.1172116,-46.0957,-99.092636,0.76204437,-0.52994674,17.385872,,,,,,0.6177268,0.019536581897735595,16901.94931936264,1225000,0.05078125,0.0068359375,0.037107017,0.042588715,0.02371788,4.723901e-05,-46.09851,0.005434458,0.0,0.7904588,0.7904588,0.1,1.0,0.04904367,0.590325,-48.045383,224939.0,1.0,1.0,138.0,2.616438388824463,100.0
4.2129832e-05,0.0,,,,,,,0.58288217,-0.25376266,-46.393154,-100.10489,1.9171247,-1.5050569,29.19489,,,,,,0.61587346,0.01964253282546997,17000.1619887352,1230000,0.02734375,0.00390625,0.030418223,0.03299132,0.034316897,4.2129832e-05,-46.408142,0.0025309678,0.0,0.42095923,0.42095923,0.1,1.0,0.024101622,0.6311489,-41.26735,229902.0,1.0,1.0,136.0,2.6040830612182617,100.0
6.0555583e-05,0.0,,,,,,,0.4198023,0.87409645,-47.15992,-98.91375,0.34203726,-0.3824985,14.07302,,,,,,0.45464683,0.01971793088912964,17098.75164914131,1235000,0.06640625,0.0087890625,0.030976133,0.034844507,0.027140975,6.0555583e-05,-47.253345,0.0038078167,0.0,0.35589027,0.35589027,0.1,1.0,0.022811247,0.641835,-53.396286,234947.0,1.0,1.0,119.0,2.765744209289551,100.0
4.2741827e-05,0.0,,,,,,,0.5268678,-1.3585573,-46.797905,-98.814865,0.2172638,-0.17222086,13.694552,,,,,,0.5724641,0.01953237771987915,17196.413543462753,1240000,0.04296875,0.0053710938,0.04334818,0.0455963,0.03930688,4.2741827e-05,-46.81443,0.0022053816,0.0,0.28654534,0.28654534,0.1,1.0,0.021388892,0.5304806,-43.35781,239942.0,1.0,1.0,131.0,2.5010883808135986,100.0
5.0611678e-05,0.0,,,,,,,0.3894252,0.2579424,-47.33444,-98.854706,1.3032252,-1.1022642,23.159458,,,,,,0.44431868,0.019748043870925904,17295.153769493103,1245000,0.05078125,0.0068359375,0.05018885,0.054893482,0.0237993,5.0611678e-05,-47.233322,0.00465402,0.0,0.44874245,0.44874245,0.1,1.0,0.029464794,0.5384265,-38.40089,244844.0,1.0,1.0,130.0,2.4708425998687744,100.0
4.02382e-05,0.0,,,,,,,0.4516977,0.71196526,-47.66627,-98.998085,0.49866617,-0.49557933,23.062677,,,,,,0.53249866,0.019739059686660766,17393.849076271057,1250000,0.02734375,0.0034179688,0.0771161,0.080800936,0.03301561,4.02382e-05,-47.67121,0.003644596,0.0,0.39624113,0.39624113,0.1,1.0,0.014979445,0.5680792,-47.48996,249551.0,0.0,0.0,700.0,13.455221176147461,0.0
7.8778656e-05,0.0,,,,,,,0.47151965,-1.5444322,-42.51258,-98.86197,0.45554155,-0.5023708,22.570972,,,,,,0.5115465,0.01971267261505127,17492.41244649887,1255000,0.03515625,0.0043945312,0.03599564,0.040026832,0.051995873,7.8778656e-05,-42.42028,0.0039524124,0.0,0.42526478,0.42526478,0.1,1.0,0.025881978,0.6127783,-40.80182,254933.0,1.0,1.0,110.0,2.114232301712036,100.0
6.6614186e-05,0.0,,,,,,,0.47280896,0.992606,-45.751755,-98.55032,0.51432717,-0.6179812,19.757214,,,,,,0.5281975,0.019696745014190675,17590.896178483963,1260000,0.0546875,0.0068359375,0.04906817,0.055388566,0.036174417,6.6614186e-05,-45.793964,0.00625378,0.0,0.5472188,0.5472188,0.1,1.0,0.022639267,0.59359354,-37.339325,259824.0,1.0,1.0,143.0,2.7577643394470215,100.0
0.000121711986,0.0,,,,,,,0.3908978,0.015029207,-45.848637,-98.96395,0.21588512,-0.24776474,14.83597,,,,,,0.46240145,0.01973812108039856,17689.58679008484,1265000,0.046875,0.005859375,0.06810476,0.071503654,0.07349801,0.000121711986,-45.877922,0.0032771858,0.0,0.40459913,0.40459913,0.1,1.0,0.014861171,0.6024133,-48.55594,264880.0,1.0,1.0,136.0,3.087810516357422,100.0
5.641207e-05,0.0,,,,,,,0.4668714,0.41301593,-44.300175,-98.79608,0.5810931,-0.6906614,18.618612,,,,,,0.50246656,0.01969700803756714,17788.07183766365,1270000,0.046875,0.005859375,0.03154456,0.035595123,0.021551132,5.641207e-05,-44.261993,0.003994154,0.0,0.4357816,0.4357816,0.1,1.0,0.012842342,0.5703891,-47.461456,269918.0,1.0,1.0,115.0,2.1905713081359863,100.0
5.5661425e-05,0.0,,,,,,,0.38597545,0.059162118,-46.823578,-98.593216,0.41564593,-0.46653718,16.922274,,,,,,0.42826992,0.01982630157470703,17887.203352689743,1275000,0.03515625,0.0043945312,0.038497332,0.04229448,0.04151261,5.5661425e-05,-46.750443,0.0037414846,0.0,0.31841373,0.31841373,0.1,1.0,0.01682439,0.5661564,-44.367977,274904.0,1.0,1.0,132.0,2.5483357906341553,100.0
8.697889e-05,0.0,,,,,,,0.41369787,0.3073911,-47.183506,-99.00089,0.2446222,-0.2618406,14.6553,,,,,,0.4425384,0.019740229463577272,17985.904507875443,1280000,0.0546875,0.0073242188,0.025730647,0.028840536,0.028896928,8.697889e-05,-47.19686,0.003022911,0.0,0.3317601,0.3317601,0.1,1.0,0.03599382,0.6258406,-50.43649,279615.0,1.0,1.0,132.0,2.5401546955108643,100.0
5.3648022e-05,0.0,,,,,,,0.9066961,0.8688501,-45.389545,-98.58578,0.4614009,-0.31581077,19.876766,,,,,,0.95103604,0.01956995940208435,18083.754311323166,1285000,0.0625,0.0078125,0.041058432,0.044339955,0.018566728,5.3648022e-05,-45.429886,0.0032278763,0.0,0.46699625,0.46699625,0.1,1.0,0.02703262,0.553804,-42.01662,284927.0,1.0,1.0,113.0,2.156568765640259,100.0
2.8692535e-05,0.0,,,,,,,0.51072395,-0.563534,-45.18303,-98.81938,0.31307113,-0.27155176,14.897402,,,,,,0.5354247,0.0197482994556427,18182.49581503868,1290000,0.03125,0.0043945312,0.02095071,0.024700776,0.01277566,2.8692535e-05,-45.21629,0.003721374,0.0,0.4723454,0.4723454,0.1,1.0,0.0087623745,0.6286898,-44.53296,289957.0,1.0,1.0,127.0,2.4095981121063232,100.0
0.0001005627,0.0,,,,,,,0.68215966,1.0922657,-47.22905,-98.94335,0.62278736,-0.68716943,24.18853,,,,,,0.709046,0.019643247652053834,18280.712059497833,1295000,0.0546875,0.0068359375,0.022111079,0.026886368,0.04993975,0.0001005627,-47.313572,0.0046747276,0.0,0.36205962,0.36205962,0.1,1.0,0.02857149,0.6018302,-41.91687,294890.0,1.0,1.0,128.0,2.4094929695129395,100.0
6.208819e-05,0.0,,,,,,,0.42894942,1.1288232,-47.28003,-98.788826,0.7528089,-0.7424768,19.947342,,,,,,0.44988304,0.019499898529052734,18378.21155834198,1300000,0.046875,0.0063476562,0.01825007,0.020933634,0.036651015,6.208819e-05,-47.30314,0.0026214747,0.0,0.9000237,0.9000237,0.1,1.0,0.013208588,0.6184606,-45.600594,299954.0,1.0,1.0,125.0,2.360492706298828,100.0
5.2052084e-05,0.0,,,,,,,0.5219541,-0.025059514,-46.043816,-99.19712,0.26232553,-0.2712696,14.081926,,,,,,0.57797503,0.02207871241569519,18488.605127096176,1305000,0.0234375,0.0029296875,0.05404557,0.05602093,0.03478551,5.2052084e-05,-46.1456,0.0019233086,0.0,0.3216661,0.3216661,0.1,1.0,0.010860892,0.6340824,-46.972996,304921.0,1.0,1.0,160.0,3.0699639320373535,100.0
3.0243536e-05,0.0,,,,,,,0.38001513,-2.1950107,-45.25131,-98.93384,0.5989702,-0.34498364,20.554277,,,,,,0.457778,0.019718151712417604,18587.195892095566,1310000,0.02734375,0.0034179688,0.073561914,0.07776288,0.036825776,3.0243536e-05,-45.255333,0.0041707223,0.0,0.36019617,0.36019617,0.1,1.0,0.015935283,0.6206023,-44.259575,309409.0,1.0,1.0,155.0,2.97371244430542,100.0
8.0662954e-05,0.0,,,,,,,0.6374514,-0.4981073,-45.61261,-98.82305,0.5114325,-0.4366632,30.826954,,,,,,0.685589,0.019677898120880128,18685.585389137268,1315000,0.0546875,0.0073242188,0.04435202,0.048137628,0.03644526,8.0662954e-05,-45.55377,0.0037049414,0.0,0.4564795,0.4564795,0.1,1.0,0.017349025,0.6085725,-42.762634,314892.0,1.0,1.0,134.0,2.535173177719116,100.0
7.066887e-05,0.0,,,,,,,0.94414467,0.05320111,-46.692886,-99.07067,1.5560817,-1.6735791,55.27097,,,,,,0.99666584,0.01966300539970398,18783.900422811508,1320000,0.0390625,0.0048828125,0.049161635,0.052521165,0.03615725,7.066887e-05,-46.804817,0.0032888625,0.0,0.32775342,0.32775342,0.1,1.0,0.013975096,0.6307298,-45.150497,319819.0,1.0,1.0,133.0,3.0169754028320312,100.0
3.0974566e-05,0.0,,,,,,,0.60356915,1.5202386,-43.973927,-98.96038,0.7039112,-0.52858126,16.471869,,,,,,0.6405808,0.019697080421447754,18882.38583135605,1325000,0.03515625,0.0048828125,0.033852853,0.037011597,0.02739644,3.0974566e-05,-44.00299,0.0031277705,0.0,0.35581976,0.35581976,0.1,1.0,0.024442798,0.59524214,-50.72149,324995.0,1.0,1.0,109.0,2.081449508666992,100.0
7.762294e-05,0.0,,,,,,,0.50345886,2.093604,-44.672867,-98.81817,0.526927,-0.50118387,24.74112,,,,,,0.6009511,0.019732735967636108,18981.049518346786,1330000,0.03125,0.00390625,0.0942675,0.09749225,0.08376968,7.762294e-05,-44.836838,0.0031471238,0.0,0.42848784,0.42848784,0.1,1.0,0.00900539,0.5970093,-41.499897,329663.0,1.0,1.0,137.0,2.6180217266082764,100.0
9.7278156e-05,0.0,,,,,,,0.6195229,-1.9947213,-44.41522,-98.957695,0.5266726,-0.6822753,19.225407,,,,,,0.6467792,0.019704406547546387,19079.571558475494,1335000,0.046875,0.005859375,0.021650959,0.027256224,0.04672301,9.7278156e-05,-44.376488,0.0055079865,0.0,0.35929638,0.35929638,0.1,1.0,0.02528715,0.5827,-46.38476,334951.0,1.0,1.0,121.0,2.3185954093933105,100.0
3.1457806e-05,0.0,,,,,,,0.84737957,-0.8031879,-48.62949,-99.0381,0.73230225,-0.73430896,31.014923,,,,,,0.88317496,0.019628008604049684,19177.711609125137,1340000,0.0390625,0.0048828125,0.032850668,0.03579537,0.027629495,3.1457806e-05,-48.74018,0.0029132436,0.0,0.4200039,0.4200039,0.1,1.0,0.020216951,0.59599423,-45.223366,339944.0,1.0,1.0,132.0,2.5129053592681885,100.0
8.365302e-05,0.0,,,,,,,0.43752134,0.3522651,-44.019485,-99.172226,0.22395335,-0.22109896,13.162231,,,,,,0.46477383,0.019715467071533203,19276.288952350616,1345000,0.04296875,0.0053710938,0.024549045,0.0272525,0.05133581,8.365302e-05,-44.03163,0.0026198034,0.0,0.44844514,0.44844514,0.1,1.0,0.013554353,0.6311582,-43.200012,344914.0,1.0,1.0,119.0,2.7720439434051514,100.0
6.409583e-05,0.0,,,,,,,0.35818338,1.1700183,-45.851227,-99.125046,0.32776815,-0.30210203,20.347694,,,,,,0.41092464,0.019737759494781494,19374.977758169174,1350000,0.0546875,0.0068359375,0.045361545,0.05274127,0.022202611,6.409583e-05,-45.962143,0.0073156273,0.0,0.48340985,0.48340985,0.1,1.0,0.0151913725,0.5597198,-51.69238,349956.0,1.0,1.0,127.0,2.417372465133667,100.0
0.000100404024,0.0,,,,,,,0.87700486,0.7314788,-42.53762,-99.171486,0.48742664,-0.59185743,32.666756,,,,,,1.1841395,0.01978979549407959,19473.926742315292,1355000,0.0546875,0.0073242188,0.2934295,0.30713463,0.053933978,0.000100404024,-42.451244,0.013604744,0.0,0.34626016,0.34626016,0.1,1.0,0.015614301,0.6091637,-48.010727,354987.0,1.0,1.0,117.0,2.2302660942077637,100.0
4.3232634e-05,0.0,,,,,,,0.4412086,0.21401912,-45.674515,-98.79199,0.3586249,-0.372333,16.880226,,,,,,0.49975917,0.019755359888076782,19572.703550815582,1360000,0.01953125,0.0024414062,0.056749657,0.058550566,0.031583667,4.3232634e-05,-45.634125,0.0017576773,0.0,0.35600448,0.35600448,0.1,1.0,0.005606853,0.64590085,-50.801956,359979.0,1.0,1.0,137.0,2.7522573471069336,100.0
6.949215e-05,0.0,,,,,,,0.35833725,0.44452375,-47.888718,-99.109344,0.50899845,-0.47484013,13.928139,,,,,,0.38512892,0.02015069980621338,19673.457057476044,1365000,0.04296875,0.0053710938,0.02430319,0.026791668,0.06382477,6.949215e-05,-47.949604,0.0024189858,0.0,0.29209352,0.29209352,0.1,1.0,0.016932016,0.6017225,-45.2773,364932.0,1.0,1.0,125.0,2.9539406299591064,100.0
3.661844e-05,0.0,,,,,,,0.5222708,0.13501212,-47.114937,-99.13228,0.19658595,-0.2926057,15.382882,,,,,,0.58629304,0.019800917816162108,19772.46165370941,1370000,0.0234375,0.0029296875,0.06117538,0.06402225,0.04245293,3.661844e-05,-47.150276,0.0028102521,0.0,0.2610909,0.2610909,0.1,1.0,0.008498505,0.63814557,-53.177322,369880.0,1.0,1.0,123.0,2.35675311088562,100.0
8.352898e-05,0.0,,,,,,,0.5474111,0.38673085,-44.81895,-99.2892,0.7141522,-0.6309418,22.984787,,,,,,0.59978575,0.019688369369506836,19870.903507471085,1375000,0.0625,0.0078125,0.049154803,0.052374654,0.031732798,8.352898e-05,-44.93096,0.00313632,0.0,0.34023514,0.34023514,0.1,1.0,0.009756929,0.6127312,-42.90111,374918.0,1.0,1.0,264.0,5.042057514190674,100.0
3.9591512e-05,0.0,,,,,,,0.40923703,0.17021887,-43.37197,-99.149086,0.15180375,-0.16530162,11.331045,,,,,,0.43439648,0.01985758333206177,19970.191430568695,1380000,0.04296875,0.0053710938,0.021098167,0.025159441,0.015928984,3.9591512e-05,-43.35275,0.004021682,0.0,0.4287769,0.4287769,0.1,1.0,0.013557307,0.57676303,-40.440018,379447.0,1.0,1.0,136.0,2.5894434452056885,100.0
8.482888e-05,0.0,,,,,,,0.8361478,0.9483941,-46.262115,-99.066864,1.2252771,-0.94332623,45.726456,,,,,,0.9163096,0.019610302925109863,20068.24295115471,1385000,0.05859375,0.0073242188,0.07790926,0.08016178,0.06425774,8.482888e-05,-46.270027,0.0021676864,0.0,0.3751659,0.3751659,0.1,1.0,0.011196174,0.6213642,-46.55147,384877.0,1.0,1.0,131.0,2.5066988468170166,100.0
7.645914e-05,0.0,,,,,,,0.3870369,1.1351689,-50.696922,-99.12564,0.19050694,-0.20439507,12.465748,,,,,,0.43461603,0.01977512378692627,20167.11857676506,1390000,0.04296875,0.0053710938,0.04399196,0.047579132,0.06316912,7.645914e-05,-50.682682,0.0035107122,0.0,0.42271525,0.42271525,0.1,1.0,0.058788933,0.62515295,-52.20997,389898.0,1.0,1.0,121.0,2.3141136169433594,100.0
5.6129473e-05,0.0,,,,,,,0.39956546,1.8417457,-47.835663,-98.85548,0.22445005,-0.34131634,13.221458,,,,,,0.4609599,0.01977245626449585,20265.980865716934,1395000,0.03515625,0.0043945312,0.05798977,0.06139446,0.04233551,5.6129473e-05,-47.83716,0.0033485626,0.0,0.4913898,0.4913898,0.1,1.0,0.02965708,0.61806,-36.04818,394961.0,1.0,1.0,143.0,2.77470064163208,100.0
8.321821e-05,0.0,,,,,,,0.4727528,1.1061583,-45.808968,-99.2193,0.2916185,-0.29402316,18.37987,,,,,,0.52665377,0.019559366607666016,20363.777704954147,1400000,0.03515625,0.0048828125,0.051521104,0.053900983,0.066889405,8.321821e-05,-45.8365,0.0022966608,0.0,0.3114828,0.3114828,0.1,1.0,0.0099249575,0.60469735,-50.53886,399902.0,1.0,1.0,142.0,2.726858377456665,100.0
4.491897e-05,0.0,,,,,,,0.6104225,-3.2946467e-05,-41.34189,-98.829384,0.22831495,-0.3136189,18.361446,,,,,,0.6827453,0.02238758726119995,20475.715647935867,1405000,0.03125,0.00390625,0.0688865,0.072322786,0.034865618,4.491897e-05,-41.40959,0.0033913625,0.0,0.39624512,0.39624512,0.1,1.0,0.022127956,0.6345721,-39.00313,404973.0,1.0,1.0,153.0,2.9433822631835938,100.0
4.7166017e-05,0.0,,,,,,,0.41616672,-0.5153238,-47.03387,-99.2212,1.5169696,-1.2103174,36.30858,,,,,,0.45580727,0.019737381887435915,20574.40256381035,1410000,0.0703125,0.0087890625,0.036793105,0.03964055,0.014692545,4.7166017e-05,-47.082413,0.0028002798,0.0,0.4201771,0.4201771,0.1,1.0,0.018723305,0.5881984,-41.665665,409938.0,1.0,1.0,139.0,3.1820318698883057,100.0
7.243804e-05,0.0,,,,,,,0.4544117,-0.18127513,-48.57307,-99.194115,0.4829799,-0.5063147,21.94284,,,,,,0.51987284,0.019722436237335206,20673.014753818512,1415000,0.04296875,0.0053710938,0.060428932,0.06546117,0.040296912,7.243804e-05,-48.555847,0.0049598077,0.0,0.40950727,0.40950727,0.1,1.0,0.020398632,0.5077992,-47.866436,414994.0,1.0,1.0,142.0,2.699345827102661,100.0
7.540203e-05,0.0,,,,,,,0.5010452,-0.20725903,-44.71428,-99.15239,0.43771303,-0.4029956,18.630098,,,,,,0.53164786,0.019690340566635132,20771.46646285057,1420000,0.04296875,0.0053710938,0.027951626,0.030602638,0.028420568,7.540203e-05,-44.714813,0.0025756096,0.0,0.32580364,0.32580364,0.1,1.0,0.013260465,0.6460765,-36.289246,419362.0,1.0,1.0,133.0,3.013195037841797,100.0
2.6746187e-05,0.0,,,,,,,0.38852423,0.102236845,-46.977783,-99.161255,0.4026321,-0.47309718,25.679676,,,,,,0.50453407,0.019698268461227415,20869.957812309265,1425000,0.02734375,0.0034179688,0.11324273,0.11600981,0.024624825,2.6746187e-05,-46.91516,0.0027403345,0.0,0.3618669,0.3618669,0.1,1.0,0.015676951,0.62306,-40.666466,424970.0,1.0,1.0,126.0,2.3889811038970947,100.0
5.2603602e-05,0.0,,,,,,,0.4593995,0.09106428,-47.52242,-98.99245,0.27668944,-0.3849247,16.245308,,,,,,0.50450885,0.019530503702163696,20967.610337495804,1430000,0.046875,0.005859375,0.03999548,0.04510933,0.027908683,5.2603602e-05,-47.57516,0.0050612474,0.0,0.42729318,0.42729318,0.1,1.0,0.012936126,0.56873745,-54.584747,429899.0,1.0,1.0,133.0,2.526846408843994,100.0
0.00010009168,0.0,,,,,,,0.57643306,0.059086345,-47.612324,-99.15462,0.9367176,-0.69924074,37.488953,,,,,,0.68918383,0.01981583104133606,21066.689499378204,1435000,0.0625,0.0078125,0.10660513,0.11275074,0.045478106,0.00010009168,-47.664024,0.006045518,0.0,0.52167255,0.52167255,0.1,1.0,0.015383614,0.5638842,-37.59832,434956.0,1.0,1.0,123.0,2.3372604846954346,100.0
7.781031e-05,0.0,,,,,,,0.45952225,-3.320333,-46.690792,-99.05133,0.47124356,-0.22993813,16.51413,,,,,,0.5193802,0.019591982746124267,21164.649419546127,1440000,0.046875,0.0063476562,0.05769357,0.059857994,0.052111626,7.781031e-05,-46.714783,0.0020866143,0.0,0.34132832,0.34132832,0.1,1.0,0.0099136615,0.60580575,-45.312782,439927.0,1.0,1.0,115.0,2.183095693588257,100.0
2.4275796e-05,0.0,,,,,,,0.3700098,-3.6646962,-47.03076,-98.9812,0.2738313,-0.18273748,14.552134,,,,,,0.41562194,0.019694709157943725,21263.122972488403,1445000,0.046875,0.005859375,0.042840958,0.04561212,0.010697603,2.4275796e-05,-47.12263,0.002746887,0.0,0.34753317,0.34753317,0.1,1.0,0.014532008,0.5737487,-45.835915,444635.0,1.0,1.0,172.0,3.7475132942199707,100.0
5.4362754e-05,0.0,,,,,,,0.43374246,-0.499048,-45.606205,-99.14337,0.22859558,-0.28928307,17.367678,,,,,,0.48327655,0.019573475217819214,21360.9903550148,1450000,0.0390625,0.0048828125,0.04663892,0.04953407,0.0381974,5.4362754e-05,-45.5886,0.0028407867,0.0,0.32337308,0.32337308,0.1,1.0,0.009734709,0.50502807,-46.53859,449899.0,1.0,1.0,113.0,2.1371676921844482,100.0
7.6697674e-05,0.0,,,,,,,0.5137249,-0.72700846,-47.985077,-99.262085,0.22560433,-0.2547747,16.659315,,,,,,0.55083996,0.01973659977912903,21459.673360824585,1455000,0.04296875,0.0053710938,0.034408033,0.03711504,0.059724092,7.6697674e-05,-48.00378,0.0026303118,0.0,0.33395427,0.33395427,0.1,1.0,0.012648189,0.6135601,-51.9989,454947.0,1.0,1.0,113.0,2.153174877166748,100.0
5.227368e-05,0.0,,,,,,,0.38204968,0.21667023,-49.894684,-99.07908,0.26383597,-0.38846114,18.709856,,,,,,0.417003,0.019659159898757935,21557.969167232513,1460000,0.03125,0.00390625,0.03216496,0.034953315,0.06255138,5.227368e-05,-49.717384,0.0027360811,0.0,0.36990893,0.36990893,0.1,1.0,0.010628857,0.56645274,-47.012844,459939.0,1.0,1.0,153.0,2.957674980163574,100.0
7.5382064e-05,0.0,,,,,,,0.34346256,-0.10358066,-46.050106,-99.07012,0.69143194,-0.8515452,18.809814,,,,,,0.40519398,0.019712401485443114,21656.531181812286,1465000,0.04296875,0.0053710938,0.05793907,0.06173143,0.035420418,7.5382064e-05,-46.082634,0.00371698,0.0,0.33979058,0.33979058,0.1,1.0,0.006069634,0.6013757,-53.32627,465000.0,1.0,1.0,116.0,2.2280566692352295,100.0
4.300481e-05,0.0,,,,,,,0.41581556,-4.357716,-45.852074,-98.8452,1.0731328,-1.4021088,18.553333,,,,,,0.46992105,0.019684994649887086,21754.956162452698,1470000,0.015625,0.0024414062,0.051111557,0.0541055,0.024984717,4.300481e-05,-45.85333,0.0029509393,0.0,0.39021033,0.39021033,0.1,1.0,0.012798986,0.5963614,-39.396362,469923.0,1.0,1.0,122.0,2.3144137859344482,100.0
3.0705065e-05,0.0,,,,,,,0.40186602,1.2221342,-45.553986,-99.11184,0.18655685,-0.22490531,13.359995,,,,,,0.50294125,0.019679290914535522,21853.352625608444,1475000,0.015625,0.001953125,0.098804094,0.1010752,0.036124706,3.0705065e-05,-45.688572,0.0022404061,0.0,0.29552692,0.29552692,0.1,1.0,0.0071058953,0.6597808,-49.501175,474972.0,1.0,1.0,139.0,2.647853374481201,100.0
4.5139343e-05,0.0,,,,,,,1.0782671,-0.055600084,-45.26334,-99.16735,1.0147192,-1.0604002,52.45627,,,,,,1.1185611,0.019712771272659302,21951.916489601135,1480000,0.0390625,0.0048828125,0.037849404,0.040294066,0.033854723,4.5139343e-05,-45.302467,0.0023995223,0.0,0.30710572,0.30710572,0.1,1.0,0.015438353,0.59065783,-40.335026,479934.0,1.0,1.0,115.0,2.1804304122924805,100.0
5.803333e-05,0.0,,,,,,,0.50142574,-0.008987881,-47.17098,-99.1706,0.41914347,-0.45094097,18.240107,,,,,,0.53133464,0.01965075283050537,22050.1702606678,1485000,0.03125,0.0043945312,0.021207973,0.02990887,0.06194675,5.803333e-05,-47.28076,0.008642864,0.0,0.536898,0.536898,0.1,1.0,0.010843562,0.5262797,-42.05967,484978.0,1.0,1.0,116.0,2.1923906803131104,100.0
7.686223e-05,0.0,,,,,,,0.44732422,1.7348747,-44.702053,-98.71529,0.44704723,-0.4633397,20.92737,,,,,,0.55226094,0.0196575966835022,22148.458249807358,1490000,0.03125,0.00390625,0.10261809,0.104936704,0.050010324,7.686223e-05,-44.749165,0.0022417519,0.0,0.3319229,0.3319229,0.1,1.0,0.014074657,0.568393,-47.018852,489995.0,1.0,1.0,345.0,6.589913368225098,100.0
6.4388325e-05,0.0,,,,,,,0.41267595,-0.2741213,-44.965935,-98.8888,0.5318789,-0.61241895,20.726032,,,,,,0.45773798,0.01972941346168518,22247.105324983597,1495000,0.04296875,0.005859375,0.041896265,0.045062046,0.02794063,6.4388325e-05,-44.94769,0.003101393,0.0,0.50986063,0.50986063,0.1,1.0,0.018740185,0.62220275,-46.850777,494896.0,1.0,1.0,136.0,2.593472480773926,100.0
6.669271e-05,0.0,,,,,,,0.32703245,-3.0669086,-47.466995,-99.17976,0.2488516,-0.29886824,15.519857,,,,,,0.3543685,0.019691948318481447,22345.56507396698,1500000,0.0546875,0.0068359375,0.025615849,0.027336063,0.048028708,6.669271e-05,-47.43199,0.0016535224,0.0,0.2347497,0.2347497,0.1,1.0,0.005202824,0.62489736,-56.595295,499954.0,1.0,1.0,136.0,2.5577306747436523,100.0
4.1244668e-05,0.0,,,,,,,0.43392524,1.4641927,-48.927765,-99.10775,0.46679926,-0.34810355,19.174868,,,,,,0.4857798,0.022291844749450684,22457.024304151535,1505000,0.04296875,0.0053710938,0.048757974,0.05185455,0.020204663,4.1244668e-05,-48.982727,0.003055331,0.0,0.38238612,0.38238612,0.1,1.0,0.040420633,0.5446379,-52.603134,504884.0,1.0,1.0,118.0,2.2410593032836914,100.0
0.00011427357,0.0,,,,,,,0.5590538,0.4686668,-47.47689,-99.306786,1.2257285,-1.1779324,50.580635,,,,,,1.9023246,0.019788224363327025,22555.965433359146,1510000,0.046875,0.005859375,1.3395555,1.3432708,0.15067184,0.00011427357,-47.29795,0.0036009771,0.0,0.48570278,0.48570278,0.1,1.0,0.04035274,0.62053233,-41.11835,509948.0,1.0,1.0,142.0,3.1856472492218018,100.0
7.74744e-05,0.0,,,,,,,0.49956548,-2.9602668,-47.816338,-99.17957,0.1882804,-0.18100058,14.684149,,,,,,0.56188107,0.01986063003540039,22655.268590688705,1515000,0.05859375,0.0073242188,0.06013776,0.062315572,0.04803109,7.74744e-05,-47.869003,0.0021003364,0.0,0.36797455,0.36797455,0.1,1.0,0.012345406,0.6213213,-44.163017,514976.0,1.0,1.0,115.0,2.7028250694274902,100.0
6.3294836e-05,0.0,,,,,,,0.4592143,-1.4665327,-45.230827,-99.03901,0.34733868,-0.40390787,32.200214,,,,,,0.6044477,0.019624684286117553,22753.39201927185,1520000,0.03125,0.00390625,0.13985589,0.14523342,0.05295801,6.3294836e-05,-45.222126,0.005314235,0.0,0.48125428,0.48125428,0.1,1.0,0.061900683,0.55416363,-45.189896,519896.0,1.0,1.0,147.0,2.820869207382202,100.0
2.911361e-05,0.0,,,,,,,0.71508914,0.90610707,-48.48713,-98.87771,0.29724118,-0.20905033,12.113461,,,,,,0.7422263,0.019849365854263307,22852.63885450363,1525000,0.03125,0.00390625,0.025367266,0.027137157,0.02420938,2.911361e-05,-48.520298,0.0017407779,0.0,0.2696703,0.2696703,0.1,1.0,0.0068197963,0.6130413,-53.402206,524787.0,1.0,1.0,119.0,2.264451026916504,100.0
4.121015e-05,0.0,,,,,,,0.83056724,2.4455402,-47.007874,-99.268074,0.9453345,-1.1032592,30.721891,,,,,,0.895199,0.019621376514434814,22950.74574446678,1530000,0.03515625,0.0048828125,0.0601332,0.06463178,0.026866198,4.121015e-05,-47.086815,0.004457376,0.0,0.34996563,0.34996563,0.1,1.0,0.0072811,0.6183551,-44.944252,529887.0,1.0,1.0,120.0,2.2859082221984863,100.0
6.9493195e-05,0.0,,,,,,,0.40299103,-1.0262607,-47.137955,-99.286354,0.30055967,-0.43754524,17.639484,,,,,,0.44553006,0.0197867938041687,23049.67972111702,1535000,0.05859375,0.0073242188,0.03825747,0.042539023,0.058378577,6.9493195e-05,-47.18344,0.0042120633,0.0,0.4617523,0.4617523,0.1,1.0,0.01882112,0.52108985,-42.94238,534898.0,1.0,1.0,134.0,2.534280776977539,100.0
5.6658697e-05,0.0,,,,,,,0.43171066,-1.6135149,-45.168144,-99.229164,0.22039123,-0.24796417,17.687561,,,,,,0.47890985,0.019716737270355226,23148.26341366768,1540000,0.03125,0.00390625,0.044918716,0.047199186,0.035732508,5.6658697e-05,-45.146225,0.0022238116,0.0,0.32592434,0.32592434,0.1,1.0,0.008555545,0.62883484,-49.64,539998.0,1.0,1.0,112.0,2.121558666229248,100.0
0.00010601315,0.0,,,,,,,0.3294741,-1.2585986,-49.21739,-99.04637,0.2666407,-0.44924158,19.68919,,,,,,0.3943532,0.019728093528747558,23246.903888225555,1545000,0.015625,0.001953125,0.04871402,0.064879104,0.12550032,0.00010601315,-49.26047,0.016059073,0.0,0.47017747,0.47017747,0.1,1.0,0.024173662,0.5718177,-43.75276,544890.0,1.0,1.0,120.0,2.280411958694458,100.0
9.562238e-05,0.0,,,,,,,0.50888216,-4.5497513,-43.557648,-98.90215,0.25551683,-0.25891602,15.388756,,,,,,0.5584772,0.019624850177764892,23345.028145313263,1550000,0.06640625,0.008300781,0.046168573,0.049595077,0.028496385,9.562238e-05,-43.63552,0.0033308836,0.0,0.4030162,0.4030162,0.1,1.0,0.011287678,0.60616744,-45.325897,549940.0,1.0,1.0,123.0,2.349623203277588,100.0
3.6987884e-05,0.0,,,,,,,0.49740618,0.04265154,-43.205334,-99.08777,0.6817309,-0.72122276,21.789364,,,,,,0.54931766,0.019775263023376465,23443.90446805954,1555000,0.03125,0.00390625,0.048338898,0.0519115,0.027030468,3.6987884e-05,-43.290703,0.0035356134,0.0,0.44613206,0.44613206,0.1,1.0,0.012933089,0.56481457,-47.212387,554998.0,1.0,1.0,145.0,2.762472629547119,100.0
6.272178e-05,0.0,,,,,,,0.4666335,-0.8161776,-46.44793,-98.85592,0.23110628,-0.2874396,17.73204,,,,,,0.50119114,0.019873288440704347,23543.270917654037,1560000,0.04296875,0.0053710938,0.032658063,0.03455761,0.043262005,6.272178e-05,-46.432274,0.0018368256,0.0,0.30544293,0.30544293,0.1,1.0,0.0111392485,0.5054277,-50.51627,559911.0,1.0,1.0,145.0,2.795799970626831,100.0
6.921671e-05,0.0,,,,,,,0.59588206,0.6648104,-48.156654,-99.159004,0.7166014,-0.8022488,28.95174,,,,,,0.76550716,0.019690113210678102,23641.721489429474,1565000,0.0390625,0.0048828125,0.16214028,0.16962512,0.061089277,6.921671e-05,-48.230095,0.0074156206,0.0,0.5666687,0.5666687,0.1,1.0,0.03853858,0.5970824,-37.777527,564960.0,1.0,1.0,112.0,2.1524546146392822,100.0
0.00010422163,0.0,,,,,,,0.37129855,2.3017595,-44.216187,-99.1392,0.21818672,-0.16281022,10.605587,,,,,,0.40858346,0.019888993072509766,23741.166460752487,1570000,0.03515625,0.0043945312,0.033860918,0.037284926,0.082001925,0.00010422163,-44.280087,0.0033197855,0.0,0.42164832,0.42164832,0.1,1.0,0.0139307715,0.6324583,-46.086227,569951.0,1.0,1.0,118.0,2.25190806388855,100.0
4.3265754e-05,0.0,,,,,,,0.5372283,0.31146222,-44.247047,-99.09416,0.39067078,-0.47442898,22.249023,,,,,,0.5922257,0.01975605797767639,23839.94675731659,1575000,0.03515625,0.0043945312,0.051038668,0.054997355,0.02498269,4.3265754e-05,-44.274536,0.0039154226,0.0,0.50156385,0.50156385,0.1,1.0,0.016255397,0.6172086,-44.913277,574915.0,1.0,1.0,149.0,2.856252908706665,100.0
7.947197e-05,0.0,,,,,,,0.3710048,-1.2368281,-45.536858,-99.0898,0.2693386,-0.26248628,14.692099,,,,,,0.419771,0.01970531702041626,23938.473349571228,1580000,0.0390625,0.0048828125,0.045921206,0.048766196,0.088272095,7.947197e-05,-45.483547,0.0027655186,0.0,0.34482664,0.34482664,0.1,1.0,0.0145883765,0.61274487,-44.203667,579898.0,1.0,1.0,144.0,2.735459327697754,100.0
5.829055e-05,0.0,,,,,,,0.5241929,0.56323457,-46.558594,-99.06608,0.3913163,-0.299641,24.116964,,,,,,0.6134178,0.019679500007629396,24036.870855093002,1585000,0.05078125,0.0063476562,0.083969474,0.08922488,0.03448105,5.829055e-05,-46.636086,0.0051971134,0.0,0.4154448,0.4154448,0.1,1.0,0.013963741,0.59260464,-44.79232,584969.0,1.0,1.0,141.0,2.6723380088806152,100.0
3.4215336e-05,0.0,,,,,,,0.4182708,-2.7494166,-43.69073,-99.57765,0.22234257,-0.35124835,18.614971,,,,,,0.4911977,0.01980929374694824,24135.91732954979,1590000,0.05859375,0.0073242188,0.0695729,0.072926916,0.015373111,3.4215336e-05,-43.80578,0.0033197994,0.0,0.34817624,0.34817624,0.1,1.0,0.014382239,0.5756266,-37.721985,589438.0,0.0,0.0,700.0,14.03780198097229,0.0
3.7628517e-05,0.0,,,,,,,0.6687607,0.31133413,-46.034492,-99.05983,1.5410144,-1.7287127,46.904774,,,,,,0.6904787,0.019702551555633545,24234.4300968647,1595000,0.0234375,0.0029296875,0.017622806,0.021717947,0.03166032,3.7628517e-05,-46.073277,0.004057511,0.0,0.35044086,0.35044086,0.1,1.0,0.010039323,0.6294826,-38.986553,594959.0,1.0,1.0,126.0,2.3826191425323486,100.0
2.0831707e-05,0.0,,,,,,,0.3926168,-0.55670816,-47.388474,-99.30609,0.29290113,-0.3708757,13.530474,,,,,,0.4495556,0.019819763231277467,24333.528919935226,1600000,0.015625,0.001953125,0.055263713,0.056938786,0.024524331,2.0831707e-05,-47.475674,0.0016542401,0.0,0.26341337,0.26341337,0.1,1.0,0.0094056185,0.63887066,-51.340355,599976.0,1.0,1.0,136.0,2.5998165607452393,100.0
5.4005766e-05,0.0,,,,,,,0.5374008,1.7468697,-47.21157,-99.14982,0.2340783,-0.22919537,16.247944,,,,,,0.5758554,0.021852907800674438,24442.793465852737,1605000,0.046875,0.005859375,0.035788417,0.03845459,0.047014713,5.4005766e-05,-47.21129,0.002612167,0.0,0.30715877,0.30715877,0.1,1.0,0.016109264,0.5883019,-42.679615,604980.0,1.0,1.0,123.0,2.3367817401885986,100.0
6.6152716e-05,0.0,,,,,,,0.40304664,-1.3182691,-46.396023,-99.29245,0.8442812,-1.0148814,24.68288,,,,,,0.45046985,0.01965008053779602,24541.043875455856,1610000,0.04296875,0.0063476562,0.044303723,0.047423217,0.04526174,6.6152716e-05,-46.4029,0.003053342,0.0,0.45311087,0.45311087,0.1,1.0,0.01627598,0.6278601,-52.603783,609939.0,1.0,1.0,122.0,2.3318862915039062,100.0
4.789268e-05,0.0,,,,,,,0.5394765,1.174135,-45.339905,-98.90797,1.583548,-0.92089874,28.315073,,,,,,0.5845991,0.019810990476608278,24640.098834514618,1615000,0.0390625,0.0048828125,0.04164522,0.045122553,0.050926685,4.789268e-05,-45.341858,0.0034294399,0.0,0.36849788,0.36849788,0.1,1.0,0.015838513,0.5134433,-43.25307,614908.0,1.0,1.0,120.0,2.329362392425537,100.0
7.7836914e-05,0.0,,,,,,,0.4790982,-2.24035,-45.754616,-99.17145,0.23349106,-0.3377527,19.357155,,,,,,0.5259709,0.019603888082504274,24738.118282079697,1620000,0.04296875,0.005859375,0.044047255,0.046872694,0.05196786,7.7836914e-05,-45.792175,0.0027476037,0.0,0.36980492,0.36980492,0.1,1.0,0.016104862,0.6153666,-43.390514,619967.0,1.0,1.0,115.0,2.654771566390991,100.0
0.00010398374,0.0,,,,,,,0.3711179,0.9586256,-46.469154,-99.21254,0.23596083,-0.327851,12.424026,,,,,,0.40443668,0.01968762764930725,24836.556426763535,1625000,0.0625,0.0078125,0.029941978,0.0333188,0.09111822,0.00010398374,-46.385963,0.0032728377,0.0,0.3883496,0.3883496,0.1,1.0,0.017804468,0.5670656,-41.24723,624997.0,1.0,1.0,114.0,2.1958160400390625,100.0
6.272289e-05,0.0,,,,,,,0.50696605,1.4237692,-45.58132,-99.107086,0.25655943,-0.24340665,17.829277,,,,,,0.56886727,0.019608978033065796,24934.601322889328,1630000,0.02734375,0.0034179688,0.058139436,0.061901215,0.085406065,6.272289e-05,-45.64683,0.0036990566,0.0,0.3982718,0.3982718,0.1,1.0,0.04004797,0.60606414,-43.428097,629627.0,1.0,1.0,129.0,2.48366379737854,100.0
2.3985514e-05,0.0,,,,,,,0.41737208,0.81616896,-47.438866,-99.1383,0.43097648,-0.38109323,15.159184,,,,,,0.4600609,0.019731059455871582,25033.256629943848,1635000,0.046875,0.005859375,0.040176123,0.04268883,0.011014342,2.3985514e-05,-47.587288,0.0024887195,0.0,0.33508867,0.33508867,0.1,1.0,0.021980409,0.6181307,-48.3793,634911.0,1.0,1.0,132.0,2.9885969161987305,100.0
2.5433488e-05,0.0,,,,,,,0.36181852,0.78483975,-47.03821,-99.13531,0.21044363,-0.25188854,12.779978,,,,,,0.4058028,0.019555295848846434,25131.033116817474,1640000,0.03125,0.00390625,0.041460678,0.04398426,0.018348098,2.5433488e-05,-47.06419,0.0024981499,0.0,0.36064464,0.36064464,0.1,1.0,0.010953277,0.58523476,-43.279366,639985.0,1.0,1.0,112.0,2.1308906078338623,100.0
2.873689e-05,0.0,,,,,,,0.6044464,-0.9968229,-45.827164,-99.10565,0.7998986,-0.7451574,32.47,,,,,,0.7083755,0.019656270122528074,25229.314474344254,1645000,0.0234375,0.0029296875,0.10072881,0.10392909,0.029136539,2.873689e-05,-45.873863,0.0031715413,0.0,0.484533,0.484533,0.1,1.0,0.013824489,0.6143564,-42.39673,644982.0,1.0,1.0,128.0,2.422295093536377,100.0
5.5352284e-05,0.0,,,,,,,0.5128459,0.18614388,-49.06607,-99.27222,0.28488797,-0.5582305,19.234026,,,,,,0.5565142,0.01966224980354309,25327.625730752945,1650000,0.04296875,0.0053710938,0.04162032,0.043668337,0.027167201,5.5352284e-05,-49.08912,0.0019926613,0.0,0.2498399,0.2498399,0.1,1.0,0.00897805,0.605423,-51.44629,649900.0,1.0,1.0,118.0,2.234243869781494,100.0
7.008511e-05,0.0,,,,,,,1.0716063,-1.8897283,-46.54275,-99.090256,1.1351914,-1.75994,44.765133,,,,,,1.1074553,0.01963444547653198,25425.797964572906,1655000,0.03125,0.00390625,0.03234203,0.03584898,0.10955274,7.008511e-05,-46.548065,0.0034368644,0.0,0.46240205,0.46240205,0.1,1.0,0.011521945,0.5739475,-45.158203,654982.0,1.0,1.0,120.0,2.2948827743530273,100.0
3.9198552e-05,0.0,,,,,,,0.4127398,0.20092937,-47.848587,-98.96103,0.467528,-0.55731505,36.681046,,,,,,0.5161573,0.019723895263671874,25524.417447805405,1660000,0.02734375,0.0034179688,0.1000129,0.10341752,0.03575313,3.9198552e-05,-47.988037,0.0033654296,0.0,0.32157397,0.32157397,0.1,1.0,0.012263963,0.6281375,-50.182438,659969.0,1.0,1.0,114.0,2.1611974239349365,100.0
2.4261652e-05,0.0,,,,,,,0.39068043,0.45625284,-46.116417,-99.08858,0.2724409,-0.44212765,18.499046,,,,,,0.4725775,0.019590928220748902,25622.37209701538,1665000,0.01953125,0.0029296875,0.07934779,0.081897095,0.016399145,2.4261652e-05,-46.187065,0.0025250479,0.0,0.38539577,0.38539577,0.1,1.0,0.015035879,0.60223037,-47.52515,664874.0,1.0,1.0,133.0,2.544525623321533,100.0
6.56941e-05,0.0,,,,,,,0.46708494,0.35169104,-46.124653,-99.2121,0.30540794,-0.27308956,13.913068,,,,,,0.5178867,0.019662197017669678,25720.683088302612,1670000,0.03125,0.00390625,0.047871422,0.050801754,0.037209272,6.56941e-05,-46.221115,0.002864636,0.0,0.38780946,0.38780946,0.1,1.0,0.012520054,0.5892653,-46.268013,669881.0,1.0,1.0,119.0,2.2673521041870117,100.0
9.4491756e-05,0.0,,,,,,,0.5179117,-1.7686049,-45.37982,-99.15671,0.74651325,-0.39622253,26.503025,,,,,,0.60875916,0.019712513256072997,25819.245661973953,1675000,0.046875,0.005859375,0.086391576,0.09084747,0.08461797,9.4491756e-05,-45.32457,0.0043614055,0.0,0.36822322,0.36822322,0.1,1.0,0.027692392,0.5712037,-38.451096,674929.0,1.0,1.0,140.0,2.6997690200805664,100.0
4.7208683e-05,0.0,,,,,,,0.42771202,0.12081029,-45.038113,-99.03811,0.19800296,-0.39217532,15.800788,,,,,,0.49073395,0.019724837350845337,25917.8698554039,1680000,0.02734375,0.0034179688,0.057978895,0.063021936,0.036953688,4.7208683e-05,-45.15744,0.004995837,0.0,0.4052332,0.4052332,0.1,1.0,0.015354037,0.54575074,-44.208454,679994.0,1.0,1.0,115.0,2.1787383556365967,100.0
6.8182475e-05,0.0,,,,,,,3.4883907,1.7107879,-44.603962,-99.09935,1.0395141,-0.35698885,21.913055,,,,,,3.545865,0.019649803400039672,26016.118879795074,1685000,0.0234375,0.0029296875,0.053554438,0.057474285,0.10149586,6.8182475e-05,-44.65748,0.0038516636,0.0,0.49282235,0.49282235,0.1,1.0,0.040845573,0.59791124,-40.42829,684898.0,1.0,1.0,116.0,2.2062926292419434,100.0
5.945936e-05,0.0,,,,,,,0.40195614,0.36186466,-45.29534,-99.142586,0.2803408,-0.24558643,13.201713,,,,,,0.43302643,0.0197706937789917,26114.972354888916,1690000,0.03515625,0.0043945312,0.027310668,0.031070283,0.04392934,5.945936e-05,-45.362217,0.003700155,0.0,0.42511564,0.42511564,0.1,1.0,0.010740506,0.5936305,-45.082138,689963.0,1.0,1.0,126.0,2.85026216506958,100.0
6.855989e-05,0.0,,,,,,,0.5382035,1.0845708,-43.751038,-99.26232,0.4630295,-0.50099176,18.498604,,,,,,0.57365644,0.01979024004936218,26213.923561811447,1695000,0.03125,0.00390625,0.032075364,0.035452947,0.082514405,6.855989e-05,-43.791298,0.003309021,0.0,0.43590963,0.43590963,0.1,1.0,0.010467622,0.5623199,-46.064644,694888.0,1.0,1.0,119.0,2.260141134262085,100.0
3.6707148e-05,0.0,,,,,,,0.50430256,4.486933,-45.82677,-99.11069,0.78953373,-0.6255999,19.119678,,,,,,0.55077887,0.019711888217926025,26312.48300909996,1700000,0.03125,0.00390625,0.043433268,0.046476327,0.030639648,3.6707148e-05,-45.8827,0.0030063502,0.0,0.42787403,0.42787403,0.1,1.0,0.069408044,0.62912387,-45.06949,699934.0,1.0,1.0,125.0,2.3956527709960938,100.0
4.275376e-05,0.0,,,,,,,0.45633736,0.3809841,-45.790157,-98.9982,0.2204789,-0.56515,16.658672,,,,,,0.49469373,0.021768266630172728,26421.324350357056,1705000,0.03125,0.0043945312,0.033205222,0.038356364,0.028846025,4.275376e-05,-45.860504,0.0051083853,0.0,0.4921775,0.4921775,0.1,1.0,0.020315148,0.60105884,-51.66522,704876.0,1.0,1.0,143.0,2.7210707664489746,100.0
0.00013101607,0.0,,,,,,,0.41825408,0.21878606,-47.728226,-99.00107,0.19887096,-0.19047303,14.586097,,,,,,0.4705489,0.019832002782821656,26520.48437190056,1710000,0.0546875,0.0068359375,0.04902508,0.052294813,0.06465268,0.00013101607,-47.769386,0.0031387182,0.0,0.28159785,0.28159785,0.1,1.0,0.0675829,0.60019845,-49.703644,709971.0,1.0,1.0,138.0,3.0904366970062256,100.0
1.2747187e-05,0.0,,,,,,,0.4762411,-0.046498977,-44.76575,-99.152596,0.6246248,-0.7587992,22.725466,,,,,,0.5522126,0.019726823377609254,26619.118494987488,1715000,0.01953125,0.0024414062,0.07234895,0.075971484,0.007775426,1.2747187e-05,-44.740807,0.0036097814,0.0,0.41993922,0.41993922,0.1,1.0,0.026669819,0.6169154,-43.7641,714956.0,1.0,1.0,123.0,2.3405003547668457,100.0
6.2176434e-05,0.0,,,,,,,0.44591898,-3.5323932,-46.278793,-99.08366,0.4341866,-0.37705162,17.45495,,,,,,0.48387614,0.019637723207473756,26717.307117700577,1720000,0.04296875,0.0053710938,0.035487328,0.03795717,0.058422923,6.2176434e-05,-46.310608,0.0024076677,0.0,0.399724,0.399724,0.1,1.0,0.012961778,0.63469285,-40.99786,719932.0,1.0,1.0,147.0,2.8393685817718506,100.0
2.6961323e-05,0.0,,,,,,,0.60250384,1.3032775,-44.77442,-99.26067,0.32088774,-0.46454996,16.689661,,,,,,0.6351274,0.019727121543884278,26815.942733049393,1725000,0.03515625,0.0043945312,0.030146547,0.032623604,0.017231464,2.6961323e-05,-44.863,0.002450097,0.0,0.33390722,0.33390722,0.1,1.0,0.013820213,0.60721046,-47.650135,724929.0,1.0,1.0,124.0,2.8393595218658447,100.0
1.6434351e-05,0.0,,,,,,,0.6591393,-0.25639018,-45.2337,-99.2548,1.0319487,-0.68569225,24.246107,,,,,,0.7171207,0.019735967588424684,26914.622578144073,1730000,0.01171875,0.0014648438,0.05450705,0.05798141,0.023928165,1.6434351e-05,-45.24968,0.003457921,0.0,0.3873,0.3873,0.1,1.0,0.007854227,0.584653,-49.275185,729881.0,1.0,1.0,122.0,2.820335865020752,100.0
6.596651e-05,0.0,,,,,,,0.52920413,0.18511292,-46.702465,-99.29762,0.2700283,-0.3628229,15.947999,,,,,,0.558662,0.019666989898681642,27012.957534313202,1735000,0.01953125,0.0024414062,0.026671898,0.029457852,0.0751878,6.596651e-05,-46.745995,0.0027199863,0.0,0.42246917,0.42246917,0.1,1.0,0.016031615,0.6324533,-43.224525,734959.0,1.0,1.0,107.0,2.0726940631866455,100.0
0.00012838363,0.0,,,,,,,0.5067424,0.40144932,-46.989082,-99.22338,0.39306426,-0.36686546,22.296078,,,,,,0.5659947,0.02012281651496887,27113.571623563766,1740000,0.046875,0.005859375,0.05665028,0.059252266,0.08664358,0.00012838363,-47.16232,0.0024735993,0.0,0.25735182,0.25735182,0.1,1.0,0.01696466,0.59687155,-47.139893,739989.0,1.0,1.0,129.0,3.051650047302246,100.0
4.2313477e-05,0.0,,,,,,,0.44161722,0.12595318,-46.894665,-99.21297,0.32269138,-0.28637865,20.95557,,,,,,0.5098352,0.019760500144958497,27212.374130249023,1745000,0.03125,0.00390625,0.062636204,0.06821797,0.019902349,4.2313477e-05,-46.977715,0.0055394517,0.0,0.48058215,0.48058215,0.1,1.0,0.01653574,0.59362924,-45.28969,744921.0,1.0,1.0,247.0,4.818592309951782,100.0
1.5569152e-05,0.0,,,,,,,0.386444,0.20165163,-42.380165,-99.13484,2.7760115,-2.7261872,33.975616,,,,,,0.46155977,0.0197946506023407,27311.347390651703,1750000,0.01953125,0.0024414062,0.07261355,0.07511576,0.020246863,1.5569152e-05,-42.466564,0.002486639,0.0,0.39500976,0.39500976,0.1,1.0,0.013668565,0.5858346,-40.775925,749896.0,1.0,1.0,112.0,2.168755054473877,100.0
4.8751826e-05,0.0,,,,,,,0.5100272,-0.91109955,-46.599785,-99.19687,0.2308339,-0.32217726,14.074497,,,,,,0.56393224,0.01984749050140381,27410.584850549698,1755000,0.04296875,0.0053710938,0.04985059,0.053905033,0.026591897,4.8751826e-05,-46.661484,0.004005688,0.0,0.4161551,0.4161551,0.1,1.0,0.020699762,0.6107534,-42.98768,754886.0,1.0,1.0,116.0,2.226935386657715,100.0
7.049332e-05,0.0,,,,,,,1.1837766,-0.16980514,-45.651382,-99.21252,2.240847,-3.2229104,65.6947,,,,,,1.2359128,0.019746155881881715,27509.315637111664,1760000,0.046875,0.005859375,0.048050992,0.052136168,0.054593682,7.049332e-05,-45.667683,0.0040146806,0.0,0.41039583,0.41039583,0.1,1.0,0.019803936,0.58000374,-45.264725,759933.0,1.0,1.0,132.0,2.513666868209839,100.0
2.6302063e-05,0.0,,,,,,,0.392176,0.54956925,-48.61676,-99.22573,0.91826004,-2.113413,32.992897,,,,,,0.5707919,0.019866501617431642,27608.648151397705,1765000,0.03125,0.00390625,0.17591588,0.17861588,0.011074424,2.6302063e-05,-48.709225,0.0026737005,0.0,0.3516959,0.3516959,0.1,1.0,0.014731708,0.5383333,-51.239372,764920.0,1.0,1.0,127.0,2.9504079818725586,100.0
4.871405e-05,0.0,,,,,,,0.40470907,-0.36260742,-48.009403,-99.23913,0.29960424,-0.3097306,14.865793,,,,,,0.45242897,0.019778373527526854,27707.540026664734,1770000,0.03125,0.00390625,0.045489937,0.047719896,0.03624451,4.871405e-05,-48.040627,0.0021812443,0.0,0.24839172,0.24839172,0.1,1.0,0.007592045,0.5599443,-54.888515,769701.0,1.0,1.0,113.0,2.1726808547973633,100.0
0.00012116489,0.0,,,,,,,0.500546,0.550524,-44.58795,-99.131805,0.43672168,-0.38339382,16.516918,,,,,,0.54074323,0.019733010625839233,27806.20508670807,1775000,0.0859375,0.011230469,0.037423808,0.040197246,0.038550973,0.00012116489,-44.706306,0.0026522735,0.0,0.36394793,0.36394793,0.1,1.0,0.017108798,0.6044454,-46.694557,774958.0,1.0,1.0,147.0,2.8375582695007324,100.0
4.572078e-05,0.0,,,,,,,0.7635542,1.8858598,-48.1423,-99.26543,1.1596874,-1.321821,38.592384,,,,,,0.8120708,0.01978118152618408,27905.111000299454,1780000,0.03515625,0.0043945312,0.043678038,0.048516564,0.032318234,4.572078e-05,-48.15738,0.0047928044,0.0,0.42101288,0.42101288,0.1,1.0,0.01181191,0.58788776,-56.318348,779991.0,1.0,1.0,119.0,2.262671947479248,100.0
0.00015378703,0.0,,,,,,,0.44368017,0.93987775,-47.09121,-99.048874,3.099858,-3.6843586,50.21662,,,,,,0.52695316,0.019802384042739866,28004.122926712036,1785000,0.0625,0.0078125,0.07756256,0.08327297,0.07051802,0.00015378703,-47.081238,0.005556623,0.0,0.67569447,0.67569447,0.1,1.0,0.02905409,0.6120158,-45.833363,784903.0,1.0,1.0,125.0,2.8868496417999268,100.0
3.4382974e-05,0.0,,,,,,,0.5726422,0.18124716,-46.365707,-99.3871,0.2803287,-0.41913173,17.300161,,,,,,0.61040014,0.019658013105392457,28102.41299891472,1790000,0.03125,0.00390625,0.034577467,0.037757926,0.026735902,3.4382974e-05,-46.416412,0.0031460738,0.0,0.4829325,0.4829325,0.1,1.0,0.012732641,0.5690029,-42.12752,789878.0,1.0,1.0,115.0,2.182860851287842,100.0
5.2553834e-05,0.0,,,,,,,0.34540522,0.92224675,-47.521782,-99.21456,0.7696187,-0.7132025,25.153381,,,,,,0.4382503,0.01985302391052246,28201.678125858307,1795000,0.04296875,0.0053710938,0.08964183,0.0928451,0.034109235,5.2553834e-05,-47.527046,0.0031507057,0.0,0.27048647,0.27048647,0.1,1.0,0.02362863,0.6214901,-42.907562,794934.0,1.0,1.0,116.0,2.2266550064086914,100.0
9.855081e-06,0.0,,,,,,,0.4261831,-2.4268124,-48.85031,-99.301575,0.46916604,-0.62229264,16.548908,,,,,,0.44857773,0.019825860118865966,28300.80743288994,1800000,0.015625,0.001953125,0.018362416,0.022394635,0.008644462,9.855081e-06,-48.970478,0.004022364,0.0,0.31831676,0.31831676,0.1,1.0,0.008423093,0.6402927,-50.268272,799942.0,1.0,1.0,131.0,2.4923336505889893,100.0
5.0353934e-05,0.0,,,,,,,0.42103398,0.35550654,-43.310463,-99.11375,2.4247615,-4.650852,53.89405,,,,,,0.62038374,0.02185366201400757,28410.07574915886,1805000,0.03125,0.0043945312,0.19626378,0.19934979,0.052949786,5.0353934e-05,-43.42906,0.003035665,0.0,0.40488625,0.40488625,0.1,1.0,0.016354667,0.57024217,-50.958313,804928.0,0.0,0.0,700.0,14.024971723556519,0.0
4.4739805e-05,0.0,,,,,,,1.8085184,-1.6521767,-46.218327,-99.13492,14.298606,-11.399218,169.91824,,,,,,1.8666738,0.019760841798782347,28508.87996506691,1810000,0.046875,0.005859375,0.04601612,0.058155447,0.022368789,4.4739805e-05,-46.25761,0.012094587,0.0,0.7590027,0.7590027,0.1,1.0,0.012227017,0.5686718,-44.74569,809949.0,1.0,1.0,123.0,2.370227098464966,100.0
3.3071206e-05,0.0,,,,,,,0.6205511,-4.6544027,-49.68525,-99.24907,0.34344518,-0.5422965,20.923717,,,,,,0.6886967,0.019677171325683595,28607.265828609467,1815000,0.02734375,0.0034179688,0.06558764,0.068145566,0.02052188,3.3071206e-05,-49.735695,0.0025248523,0.0,0.36207035,0.36207035,0.1,1.0,0.0152375065,0.63059145,-50.839447,814874.0,1.0,1.0,121.0,2.307640552520752,100.0
1.12214475e-05,0.0,,,,,,,0.5035456,0.38700926,-45.332615,-99.19474,0.29717502,-0.33154434,14.470261,,,,,,0.5279312,0.019704851579666137,28705.79009270668,1820000,0.01953125,0.0024414062,0.021307731,0.02438566,0.010703683,1.12214475e-05,-45.447044,0.0030667102,0.0,0.38745797,0.38745797,0.1,1.0,0.022563467,0.5679464,-42.12795,819982.0,1.0,1.0,117.0,2.2322936058044434,100.0
5.27557e-05,0.0,,,,,,,0.47791678,3.0696254,-42.27858,-98.97619,0.27756682,-0.32157582,13.780769,,,,,,0.50797,0.019880581474304198,28805.19300675392,1825000,0.03515625,0.0043945312,0.026239857,0.030053174,0.01946497,5.27557e-05,-42.31662,0.0037605604,0.0,0.5028012,0.5028012,0.1,1.0,0.019061327,0.56750417,-39.009445,824932.0,1.0,1.0,113.0,2.655287742614746,100.0
2.4950365e-05,0.0,,,,,,,0.6384753,0.15771696,-44.86622,-99.1505,0.32833317,-0.3088125,16.64999,,,,,,0.6817174,0.01977814655303955,28904.083746433258,1830000,0.0234375,0.0029296875,0.03910596,0.043242067,0.019102812,2.4950365e-05,-44.918518,0.0041111563,0.0,0.39913762,0.39913762,0.1,1.0,0.016343374,0.55573165,-46.988327,829882.0,1.0,1.0,125.0,2.400052070617676,100.0
6.307574e-05,0.0,,,,,,,0.6709198,-0.6597724,-47.899696,-99.25849,0.23427707,-0.23096478,14.536758,,,,,,0.69686973,0.01965581169128418,29002.362810850143,1835000,0.02734375,0.00390625,0.023397857,0.025949975,0.06635308,6.307574e-05,-47.978443,0.0024890415,0.0,0.3606687,0.3606687,0.1,1.0,0.016181119,0.56144035,-47.39733,834922.0,1.0,1.0,152.0,2.8951797485351562,100.0
8.712552e-05,0.0,,,,,,,0.52737033,0.16695347,-41.304832,-99.30949,0.24733587,-0.2528668,18.054546,,,,,,0.5931321,0.019646434831619264,29100.594992160797,1840000,0.05078125,0.0063476562,0.060600422,0.06576173,0.048402786,8.712552e-05,-41.35208,0.0050741807,0.0,0.74959564,0.74959564,0.1,1.0,0.019895697,0.6249176,-35.970703,839941.0,1.0,1.0,119.0,2.705763339996338,100.0
3.1067873e-05,0.0,,,,,,,0.5451999,-3.609574,-42.680775,-99.3886,0.5969895,-0.3483517,21.63852,,,,,,0.5789882,0.01955286707878113,29198.359333753586,1845000,0.03125,0.00390625,0.031427536,0.03378831,0.03220558,3.1067873e-05,-42.727684,0.0023297016,0.0,0.39636958,0.39636958,0.1,1.0,0.016572816,0.6080183,-40.410244,844980.0,1.0,1.0,127.0,2.3999037742614746,100.0
5.0998293e-05,0.0,,,,,,,0.59295034,0.33946195,-44.90985,-98.9113,0.39274168,-0.34198377,18.10596,,,,,,0.647473,0.019647945594787598,29296.599068403244,1850000,0.03125,0.0043945312,0.052596346,0.054522645,0.048709393,5.0998293e-05,-45.040276,0.0018753011,0.0,0.19045886,0.19045886,0.1,1.0,0.0071209604,0.57997775,-47.46579,849902.0,1.0,1.0,134.0,2.562913656234741,100.0
5.7440775e-05,0.0,,,,,,,0.38184902,0.1802766,-47.990936,-99.289375,0.4063388,-0.30346203,15.1542,,,,,,0.4034278,0.019694532012939452,29395.07173395157,1855000,0.046875,0.005859375,0.018802676,0.021578802,0.033293486,5.7440775e-05,-48.070732,0.0027186857,0.0,0.24762483,0.24762483,0.1,1.0,0.019394351,0.6000769,-49.46914,854972.0,1.0,1.0,129.0,2.4615893363952637,100.0
0.00011442625,0.0,,,,,,,0.43029165,0.18662834,-41.199577,-99.18966,0.448604,-0.31872484,16.535685,,,,,,0.48330393,0.01953288416862488,29492.736161470413,1860000,0.0546875,0.0068359375,0.048007526,0.053012278,0.060468793,0.00011442625,-41.328957,0.004890325,0.0,0.438131,0.438131,0.1,1.0,0.013388153,0.5807951,-46.106308,859945.0,1.0,1.0,314.0,5.977821111679077,100.0
8.277671e-05,0.0,,,,,,,0.3528195,-0.15328863,-47.764393,-99.18125,0.24090815,-0.37910542,15.311815,,,,,,0.41186896,0.019631773662567138,29590.895035743713,1865000,0.05078125,0.0063476562,0.055429153,0.05904945,0.06250596,8.277671e-05,-47.83812,0.0035375191,0.0,0.4645114,0.4645114,0.1,1.0,0.044362362,0.6114218,-48.932915,864935.0,1.0,1.0,129.0,2.449587345123291,100.0
4.190975e-05,0.0,,,,,,,0.55520236,-0.33934075,-43.210945,-99.23224,0.2139628,-0.42435232,16.818941,,,,,,0.61049736,0.019665693140029906,29689.22350716591,1870000,0.01953125,0.0024414062,0.05150159,0.05529496,0.072339654,4.190975e-05,-43.345345,0.0037514593,0.0,0.40149766,0.40149766,0.1,1.0,0.023291754,0.63433444,-44.340164,869866.0,0.0,0.0,700.0,13.792738437652588,0.0
4.4329907e-05,0.0,,,,,,,0.6593754,-2.1329906,-44.994377,-99.25732,0.74801695,-0.72201145,23.67762,,,,,,0.6898428,0.01949550132751465,29786.701020002365,1875000,0.03125,0.00390625,0.028211903,0.03046742,0.028806448,4.4329907e-05,-45.013016,0.0022111896,0.0,0.34467286,0.34467286,0.1,1.0,0.0094693545,0.5533891,-50.566177,874894.0,1.0,1.0,124.0,2.3607969284057617,100.0
3.8550294e-05,0.0,,,,,,,0.36345196,1.0069774,-45.158722,-99.2272,0.45797294,-0.34317455,23.028278,,,,,,0.41206646,0.019682675123214723,29885.11440181732,1880000,0.0234375,0.0029296875,0.04556802,0.048614495,0.040468574,3.8550294e-05,-45.233006,0.0030079242,0.0,0.33327222,0.33327222,0.1,1.0,0.023741402,0.5980438,-38.966026,879940.0,1.0,1.0,121.0,2.3112545013427734,100.0
3.514148e-05,0.0,,,,,,,0.80669296,0.8813763,-42.145866,-99.09998,0.44257253,-0.40020612,18.3322,,,,,,0.8819622,0.019583945512771605,29983.034135580063,1885000,0.03125,0.00390625,0.070152275,0.07526921,0.034497857,3.514148e-05,-42.269714,0.0050817905,0.0,0.4513408,0.4513408,0.1,1.0,0.042374738,0.6076945,-42.391308,884928.0,1.0,1.0,138.0,2.6274280548095703,100.0
1.2769131e-05,0.0,,,,,,,0.37532374,-3.341088,-46.612324,-99.13175,0.39956045,-0.40907153,15.200794,,,,,,0.41793472,0.019558559608459473,30080.826939105988,1890000,0.03125,0.00390625,0.040118694,0.042610984,0.016404986,1.2769131e-05,-46.68441,0.0024795202,0.0,0.33999765,0.33999765,0.1,1.0,0.013344223,0.61965245,-41.746033,889977.0,1.0,1.0,119.0,2.244178295135498,100.0
6.5474946e-05,0.0,,,,,,,0.40711033,-0.7897781,-45.956413,-99.11701,0.23409274,-0.25707072,15.888434,,,,,,0.46526518,0.019671986055374145,30179.186874628067,1895000,0.05859375,0.0073242188,0.0544662,0.058154862,0.026658773,6.5474946e-05,-45.993576,0.0036231885,0.0,0.44849718,0.44849718,0.1,1.0,0.027759261,0.60011405,-44.365803,894359.0,1.0,1.0,115.0,2.1817374229431152,100.0
5.733926e-05,0.0,,,,,,,3.537688,-0.0045984313,-43.700623,-99.27817,0.82938105,-0.36883873,22.289505,,,,,,3.5905943,0.019455832767486574,30276.46604514122,1900000,0.02734375,0.0034179688,0.051426433,0.052906163,0.047278523,5.733926e-05,-43.776993,0.001422391,0.0,0.16521943,0.16521943,0.1,1.0,0.0059495047,0.5908538,-52.86258,899987.0,1.0,1.0,123.0,2.323554754257202,100.0
4.8562884e-05,0.0,,,,,,,0.77293736,1.6162829,-45.501114,-99.28697,1.1627495,-0.91443425,38.216076,,,,,,1.1362767,0.02181712489128113,30385.551675081253,1905000,0.02734375,0.0034179688,0.36013758,0.36333936,0.046803594,4.8562884e-05,-45.5458,0.0031531912,0.0,0.4407113,0.4407113,0.1,1.0,0.009770409,0.6101135,-49.84279,904912.0,1.0,1.0,122.0,2.3343822956085205,100.0
6.6313776e-05,0.0,,,,,,,0.43243933,1.4127545,-51.031685,-99.274796,0.41623768,-0.44273674,17.598118,,,,,,0.48078543,0.01980300316810608,30484.56669664383,1910000,0.0625,0.0078125,0.044917844,0.04834611,0.05316186,6.6313776e-05,-51.16928,0.003361953,0.0,0.32996196,0.32996196,0.1,1.0,0.020277753,0.5734394,-50.57104,909972.0,1.0,1.0,119.0,2.2536423206329346,100.0
3.6476995e-05,0.0,,,,,,,0.39348754,2.2932825,-46.35724,-99.4446,0.5174646,-0.3053257,13.450276,,,,,,0.43459088,0.019587864303588866,30582.50602388382,1915000,0.03515625,0.0043945312,0.038400933,0.04110332,0.024107337,3.6476995e-05,-46.515797,0.0026659074,0.0,0.40463948,0.40463948,0.1,1.0,0.015988924,0.5765431,-45.1752,914940.0,1.0,1.0,119.0,2.2830419540405273,100.0
3.739883e-05,0.0,,,,,,,0.5487816,1.4017764,-46.330856,-99.24174,2.715594,-1.7464985,39.51242,,,,,,0.5687718,0.01958274188041687,30680.419740200043,1920000,0.02734375,0.0034179688,0.018443152,0.019990196,0.02587378,3.739883e-05,-46.4133,0.0015096457,0.0,0.23511316,0.23511316,0.1,1.0,0.007648101,0.588343,-51.32026,919878.0,1.0,1.0,117.0,2.6718039512634277,100.0
3.427238e-05,0.0,,,,,,,0.47624797,0.93634427,-43.663837,-99.31916,0.38693437,-0.30500567,11.952145,,,,,,0.48884666,0.019530177116394043,30778.07063150406,1925000,0.04296875,0.0053710938,0.009655233,0.0125986785,0.019502878,3.427238e-05,-43.68927,0.002909173,0.0,0.42716092,0.42716092,0.1,1.0,0.013187047,0.5701773,-46.87521,924967.0,1.0,1.0,127.0,2.4114692211151123,100.0
3.8400758e-05,0.0,,,,,,,0.4618014,1.1634496,-45.70964,-99.25152,0.34336507,-0.2431106,13.984331,,,,,,0.4991759,0.01960588254928589,30876.100051403046,1930000,0.0234375,0.0029296875,0.034255512,0.037374493,0.05310917,3.8400758e-05,-45.833973,0.0030805818,0.0,0.39270574,0.39270574,0.1,1.0,0.012940955,0.5579173,-47.452347,929961.0,1.0,1.0,173.0,3.302825927734375,100.0
7.5213786e-05,0.0,,,,,,,0.43079188,1.5971389,-44.568565,-99.32098,0.30209333,-0.36167756,15.331221,,,,,,0.49238682,0.01971508603096008,30974.675487995148,1935000,0.05859375,0.0073242188,0.059265442,0.06159493,0.03002572,7.5213786e-05,-44.69686,0.0022542747,0.0,0.21006751,0.21006751,0.1,1.0,0.014476976,0.598637,-49.703583,934983.0,1.0,1.0,271.0,5.165069103240967,100.0
7.622712e-05,0.0,,,,,,,0.45887816,-0.52121276,-47.10388,-99.32738,0.3488074,-0.22459191,12.056913,,,,,,0.48786166,0.01957238154411316,31072.537402391434,1940000,0.04296875,0.0053710938,0.025620341,0.028983502,0.06550336,7.622712e-05,-47.204857,0.0032869335,0.0,0.34289682,0.34289682,0.1,1.0,0.0127430875,0.59638304,-42.229584,939921.0,1.0,1.0,113.0,2.164351224899292,100.0
2.32514e-05,0.0,,,,,,,0.4629972,0.6647815,-44.126,-99.28119,0.374139,-0.30402735,17.1661,,,,,,0.5212758,0.01968710741996765,31170.97294664383,1945000,0.0234375,0.0029296875,0.05469405,0.058278635,0.038846135,2.32514e-05,-44.20801,0.0035613328,0.0,0.37803465,0.37803465,0.1,1.0,0.047173426,0.6040681,-41.962467,944939.0,1.0,1.0,121.0,2.299039363861084,100.0
3.1069852e-05,0.0,,,,,,,0.52335393,-0.4293655,-45.340767,-99.26436,0.29819405,-0.26964515,15.540187,,,,,,0.5636762,0.019631801986694335,31269.13196206093,1950000,0.04296875,0.0053710938,0.038411587,0.040322226,0.015636683,3.1069852e-05,-45.46817,0.00187957,0.0,0.35459405,0.35459405,0.1,1.0,0.010749986,0.6227336,-41.506935,949903.0,1.0,1.0,121.0,2.322704792022705,100.0
2.7186936e-05,0.0,,,,,,,0.45210743,1.1782175,-44.720997,-99.21234,0.26773983,-0.52306163,13.6461525,,,,,,0.47930887,0.019634521675109862,31367.304576158524,1955000,0.0234375,0.0029296875,0.024882916,0.027201435,0.02837181,2.7186936e-05,-44.752144,0.0022913308,0.0,0.27839682,0.27839682,0.1,1.0,0.010025439,0.5685163,-51.039734,954967.0,1.0,1.0,117.0,2.21451997756958,100.0
3.2309617e-05,0.0,,,,,,,0.4876362,0.21618575,-45.39278,-99.263725,0.83015925,-0.85245675,30.376726,,,,,,0.5457813,0.019631892204284667,31465.464044570923,1960000,0.02734375,0.0034179688,0.053060636,0.058145087,0.035081267,3.2309617e-05,-45.436913,0.0050521432,0.0,0.48680085,0.48680085,0.1,1.0,0.034644075,0.58114606,-41.45732,959924.0,1.0,1.0,129.0,2.4952399730682373,100.0
1.7323124e-05,0.0,,,,,,,0.40562648,0.17052123,-45.706802,-99.32794,0.30090132,-0.31229952,16.132074,,,,,,0.45822227,0.019530884408950806,31563.11847305298,1965000,0.02734375,0.0034179688,0.050588474,0.05259579,0.014242411,1.7323124e-05,-45.838524,0.0019899956,0.0,0.16216908,0.16216908,0.1,1.0,0.014674624,0.6556875,-57.896366,964972.0,1.0,1.0,104.0,1.9834704399108887,100.0
8.1525184e-05,0.0,,,,,,,0.36475462,1.2119977,-43.810905,-99.17131,0.2424536,-0.19200642,12.88543,,,,,,0.40212166,0.019792390918731688,31662.080433130264,1970000,0.0625,0.0078125,0.033925444,0.03736704,0.034665227,8.1525184e-05,-43.846203,0.0033600694,0.0,0.33699155,0.33699155,0.1,1.0,0.007767809,0.6246762,-52.070946,969926.0,1.0,1.0,118.0,2.244424819946289,100.0
8.452666e-05,0.0,,,,,,,0.6730792,2.3425052,-42.791134,-99.17712,0.95771635,-1.0855548,31.244694,,,,,,0.7218697,0.019485334157943724,31759.507110118866,1975000,0.0390625,0.0053710938,0.045071844,0.048790507,0.05516219,8.452666e-05,-42.823013,0.003634138,0.0,0.44592264,0.44592264,0.1,1.0,0.013194464,0.57398033,-44.32601,974909.0,1.0,1.0,134.0,2.5531129837036133,100.0
2.7886243e-05,0.0,,,,,,,0.4684024,0.080538034,-45.18597,-99.21274,0.33056867,-0.2852296,18.3794,,,,,,0.51970613,0.019697418212890627,31857.994206428528,1980000,0.05078125,0.0063476562,0.04605207,0.051303767,0.012491941,2.7886243e-05,-45.317284,0.0052238107,0.0,0.90888697,0.90888697,0.1,1.0,0.037521876,0.5568257,-43.99214,979894.0,1.0,1.0,132.0,2.506399393081665,100.0
0.0001146149,0.0,,,,,,,0.48259383,0.24998128,-47.14361,-98.88197,0.4364792,-0.5760216,34.167145,,,,,,0.5413337,0.01959180874824524,31955.953256368637,1985000,0.0234375,0.0029296875,0.0539784,0.05873983,0.16593671,0.0001146149,-47.218307,0.0046468154,0.0,0.50983757,0.50983757,0.1,1.0,0.023026962,0.5771091,-40.703167,984968.0,1.0,1.0,113.0,2.1412742137908936,100.0
2.7037808e-05,0.0,,,,,,,0.52359307,0.16877487,-43.300606,-99.12122,0.23008937,-0.3004282,16.368338,,,,,,0.62738615,0.019527574348449706,32053.591133356094,1990000,0.03125,0.00390625,0.10092366,0.10379306,0.022019625,2.7037808e-05,-43.359077,0.0028423686,0.0,0.34773982,0.34773982,0.1,1.0,0.026426397,0.59828013,-41.617435,989955.0,1.0,1.0,148.0,2.786261796951294,100.0
5.75303e-05,0.0,,,,,,,0.41326502,-2.4030652,-47.924953,-99.02826,0.21385643,-0.19973405,12.786732,,,,,,0.43674198,0.01963128685951233,32151.747574567795,1995000,0.02734375,0.0034179688,0.019540232,0.023476955,0.058104277,5.75303e-05,-48.02472,0.0038791937,0.0,0.29511014,0.29511014,0.1,1.0,0.0145723205,0.5932557,-56.802246,994950.0,1.0,1.0,136.0,3.0316948890686035,100.0
1.2382981e-05,0.0,,,,,,,0.32152426,1.5110724,-44.43714,-99.09786,0.29808113,-0.20162028,10.470989,,,,,,0.36417958,0.019440950107574462,32248.952330112457,2000000,0.02734375,0.0034179688,0.04107837,0.042655308,0.0066509247,1.2382981e-05,-44.544525,0.0015645548,0.0,0.2348631,0.2348631,0.1,1.0,0.014380049,0.65937954,-49.845993,999489.0,1.0,1.0,135.0,2.5152759552001953,100.0
