training/actor/bound_loss,training/actor/q_loss,training/alpha/current_vs_historical_ratio,training/alpha/historical_avg_loss,training/alpha/max_alpha_bound,training/alpha/min_alpha_bound,training/alpha/valid_count,training/alpha_weight,training/critic/critic_loss,training/critic/q_max,training/critic/q_mean,training/critic/q_min,training/grad/max,training/grad/min,training/grad/norm,training/meanflow/consistency_loss,training/meanflow/flow_loss,training/meanflow/mean_flow_loss,training/metrics/actor_learning_rate,training/metrics/critic_learning_rate,training/total_loss,time/epoch_time,time/total_time,step,training/actor/any_oob,training/actor/coordinate_oob,training/actor/jacobian,training/actor/loss,training/actor/max_clip,training/actor/mean_clip,training/actor/q,training/actor/transport,training/control/adjoint_clip_fraction,training/control/adjoint_norm,training/control/applied_adjoint_norm,training/control/eta,training/control/gate,training/control/relative_critic_disagreement,training/teacher/endpoint_variance,training/teacher/q,exploration/goal_achieved,exploration/total.timesteps,exploration/episode.final_reward,exploration/episode.return,exploration/episode.length,exploration/episode.duration,exploration/episode.normalized_return
0.0,0.0,1.0,0.0,100000.0,1000.0,0,10000.0,1331.9609,3.482921,0.36281973,-2.722242,28572.648,-28439.326,480586.97,0.0,1.3576391,1.3576391,0.0,0.0003,14908.352,0.01006152229309082,50.30799341201782,0,,,,,,,,,,,,,,,,,,,,,,,
0.022920337,0.0,20294696.0,0.0,100000.0,1000.0,2,10000.0,614.59827,1000.06067,490.1973,-2.8101246,7305.748,-8793.347,434509.62,0.0,0.20294696,0.20294696,1e-05,0.0003,2644.0908,0.011245351600646972,106.53492164611816,5000,,,,,,,,,,,,,,,,,,,,,,,
0.0116237905,0.0,16137870.0,0.0,100000.0,1000.0,4,10000.0,3267.7935,2062.76,1063.2534,-9.21791,20945.418,-15453.661,534509.4,0.0,0.1613787,0.1613787,2e-05,0.0003,4881.5923,0.00761750717163086,144.62262892723083,10000,,,,,,,,,,,,,,,,,,,,,,,
0.011319295,0.0,12543613.0,0.0,100000.0,1000.0,7,10000.0,2435.9487,3045.2505,1597.7861,-28.949034,12698.188,-13782.54,327815.5,0.0,0.12543613,0.12543613,3e-05,0.0003,3690.3213,0.008518566036224366,187.21565294265747,15000,,,,,,,,,,,,,,,,,,,,,,,
0.013536866,0.0,9955490.0,0.0,100000.0,1000.0,9,10000.0,2689.13,3868.1243,1992.5302,-56.017166,10720.411,-13489.042,365094.75,0.0,0.0995549,0.0995549,4e-05,0.0003,3684.6924,0.008662877655029298,230.5302164554596,20000,,,,,,,,,,,,,,,,,,,,,,,
0.013196357,0.0,1.2548541,0.089023784,100000.0,1000.0,12,10000.0,6369.062,4529.193,2542.1328,-101.91328,13449.28,-11173.022,451180.7,0.0,0.11171186,0.11171186,5e-05,0.0003,7486.194,0.008235292768478394,271.7068667411804,25000,,,,,,,,,,,,,,,,,,,,,,,
0.0144442795,0.0,0.79598486,0.11912168,100000.0,1000.0,14,10000.0,8026.257,5053.3643,2840.9995,-155.37807,11682.465,-13745.964,441243.62,0.0,0.094819054,0.094819054,6e-05,0.0003,8974.462,0.0079972421169281,311.6932499408722,30000,,,,,,,,,,,,,,,,,,,,,,,
0.010316163,0.0,0.6665749,0.13443184,100000.0,1000.0,17,10000.0,18299.586,5467.1074,3052.8838,-228.22507,26620.918,-31691.62,933802.3,0.0,0.089608885,0.089608885,6.9999995e-05,0.0003,19195.684,0.008082271528244018,352.10476636886597,35000,,,,,,,,,,,,,,,,,,,,,,,
0.0096154995,0.0,0.68564516,0.1396269,100000.0,1000.0,19,10000.0,5851.1934,5800.78,3402.343,-319.9301,7006.1436,-7655.602,376929.7,0.0,0.095734514,0.095734514,8e-05,0.0003,6808.5483,0.008111455631256103,392.66222763061523,40000,,,,,,,,,,,,,,,,,,,,,,,
0.014237484,0.0,0.76406974,0.11451165,100000.0,1000.0,20,10000.0,13373.395,6071.323,3284.1846,-446.213,7654.3003,-12407.916,492917.0,0.0,0.08749488,0.08749488,8.9999994e-05,0.0003,14248.358,0.008046554708480836,432.8951723575592,45000,,,,,,,,,,,,,,,,,,,,,,,
0.009182579,0.0,0.9794391,0.1016259,100000.0,1000.0,20,10000.0,6140.5586,6312.018,3382.2524,-551.3768,7914.2993,-10169.263,372339.53,0.0,0.099536374,0.099536374,1e-04,0.0003,7135.9316,0.008218785619735719,473.98927450180054,50000,,,,,,,,,,,,,,,,,,,,,,,
0.007167989,0.0,0.7878281,0.092359595,100000.0,1000.0,20,10000.0,6980.609,6549.8877,3386.361,-676.959,5233.864,-3752.943,331052.06,0.0,0.07276348,0.07276348,9.999385e-05,0.0003,7708.251,0.00808727731704712,514.4258036613464,55000,,,,,,,,,,,,,,,,,,,,,,,
0.008393514,0.0,0.6297219,0.086394876,100000.0,1000.0,20,10000.0,13997.848,6749.818,3632.531,-812.89764,18695.008,-16657.924,648499.06,0.0,0.054404743,0.054404743,9.99754e-05,0.0003,14541.904,0.008194164896011352,555.3968095779419,60000,,,,,,,,,,,,,,,,,,,,,,,
0.007897785,0.0,0.80721694,0.079978324,100000.0,1000.0,20,10000.0,8467.389,6931.1216,3970.7578,-915.17786,12345.325,-11050.478,491397.38,0.0,0.06455986,0.06455986,9.994465e-05,0.0003,9112.995,0.00817351598739624,596.2645673751831,65000,,,,,,,,,,,,,,,,,,,,,,,
0.007854881,0.0,0.6292917,0.077383965,100000.0,1000.0,20,10000.0,7029.481,7131.833,3646.232,-1035.5157,14775.969,-16846.104,466761.3,0.0,0.048697088,0.048697088,9.990162e-05,0.0003,7516.4595,0.008083425092697143,636.6818175315857,70000,,,,,,,,,,,,,,,,,,,,,,,
0.0070519242,0.0,0.9012449,0.072498314,100000.0,1000.0,20,10000.0,5260.3486,7277.29,3572.6187,-1128.6206,5572.4614,-7494.1797,305388.3,0.0,0.06533874,0.06533874,9.984629e-05,0.0003,5913.7427,0.008134043788909912,677.3522000312805,75000,,,,,,,,,,,,,,,,,,,,,,,
0.008638809,0.0,0.77220553,0.068810634,100000.0,1000.0,20,10000.0,10606.694,7390.9688,3729.8652,-1259.9152,21419.434,-19213.332,853799.5,0.0,0.053135954,0.053135954,9.977873e-05,0.0003,11138.0625,0.00818608102798462,718.282772064209,80000,,,,,,,,,,,,,,,,,,,,,,,
0.007188699,0.0,0.84830135,0.06641507,100000.0,1000.0,20,10000.0,21657.371,7443.3335,3930.0205,-1250.7421,47456.85,-51038.863,1600696.0,0.0,0.056339998,0.056339998,9.969891e-05,0.0003,22220.78,0.008097256374359131,758.7692074775696,85000,,,,,,,,,,,,,,,,,,,,,,,
0.006940098,0.0,0.671551,0.065243006,100000.0,1000.0,20,10000.0,7608.237,7463.3994,3706.479,-1462.8607,7071.5645,-6997.994,382989.9,0.0,0.043814003,0.043814003,9.9606885e-05,0.0003,8046.384,0.008178859853744508,799.6636598110199,90000,,,,,,,,,,,,,,,,,,,,,,,
0.0069597564,0.0,0.8663249,0.057816565,100000.0,1000.0,20,10000.0,11755.016,7505.5225,3741.3003,-1474.8875,13151.477,-14549.771,494183.03,0.0,0.05008793,0.05008793,9.950265e-05,0.0003,12255.901,0.008169738483428956,840.5124950408936,95000,,,,,,,,,,,,,,,,,,,,,,,
0.0067691356,0.0,1.1470317,0.0561131,100000.0,1000.0,20,10000.0,11804.376,7568.838,3508.7876,-1549.054,70336.414,-131699.05,1273548.5,0.0,0.0643635,0.0643635,9.938626e-05,0.0003,12448.018,0.008113664579391479,881.0809690952301,100000,,,,,,,,,,,,,,,,,,,,,,,
0.006169395,0.0,1.2355305,0.054798353,100000.0,1000.0,20,10000.0,14815.47,7573.9736,4126.5283,-1624.1807,57217.176,-44353.027,1194553.8,0.0,0.067705035,0.067705035,9.9257726e-05,0.0003,15492.526,0.010179321050643921,931.9777526855469,105000,,,,,,,,,,,,,,,,,,,,,,,
0.004651836,0.0,0.8791402,0.053377993,100000.0,1000.0,20,10000.0,22646.594,7571.748,3573.0122,-1701.665,33486.684,-25805.045,862716.06,0.0,0.04692674,0.04692674,9.91171e-05,0.0003,23115.865,0.008277767086029052,973.3667793273926,110000,,,,,,,,,,,,,,,,,,,,,,,
0.008823818,0.0,0.86084604,0.052227464,100000.0,1000.0,20,10000.0,8121.6357,7501.004,4041.8638,-1759.1006,24646.07,-25711.428,517128.34,0.0,0.044959806,0.044959806,9.896442e-05,0.0003,8571.242,0.008313215255737305,1014.9330713748932,115000,,,,,,,,,,,,,,,,,,,,,,,
0.005921924,0.0,1.0946617,0.050788727,100000.0,1000.0,20,10000.0,8528.584,7846.469,3388.4478,-1824.5442,32292.863,-34764.87,1067981.1,0.0,0.05559647,0.05559647,9.8799705e-05,0.0003,9084.555,0.008597973346710206,1057.9231357574463,120000,,,,,,,,,,,,,,,,,,,,,,,
0.0045142816,0.0,1.2014178,0.049763203,100000.0,1000.0,20,10000.0,15037.213,7585.373,3327.252,-1849.9685,9165.926,-13609.667,406070.94,0.0,0.059786398,0.059786398,9.8623015e-05,0.0003,15635.082,0.008438913488388062,1100.117910861969,125000,,,,,,,,,,,,,,,,,,,,,,,
0.0052862735,0.0,1.053931,0.048911758,100000.0,1000.0,20,10000.0,13518.955,7583.1484,3434.2188,-1967.84,14826.971,-16172.726,566907.94,0.0,0.051549613,0.051549613,9.843441e-05,0.0003,14034.456,0.008617400360107422,1143.2051000595093,130000,,,,,,,,,,,,,,,,,,,,,,,
0.005456659,0.0,0.8182481,0.050004244,100000.0,1000.0,20,10000.0,6244.383,8032.237,3266.313,-2008.7289,7737.178,-9403.926,345802.06,0.0,0.040915877,0.040915877,9.823391e-05,0.0003,6653.547,0.008501951885223388,1185.715047121048,135000,,,,,,,,,,,,,,,,,,,,,,,
0.0034930827,0.0,0.9254261,0.049749125,100000.0,1000.0,20,10000.0,7963.05,7623.8086,3892.1072,-2046.2527,7247.775,-5781.093,318567.38,0.0,0.046039138,0.046039138,9.8021614e-05,0.0003,8423.444,0.008564966344833374,1228.5400819778442,140000,,,,,,,,,,,,,,,,,,,,,,,
0.0063996967,0.0,0.82309616,0.049111743,100000.0,1000.0,20,10000.0,22631.84,7830.2124,3521.8857,-2078.5767,34603.695,-34936.242,814577.1,0.0,0.040423688,0.040423688,9.779754e-05,0.0003,23036.082,0.008455743551254273,1270.8189935684204,145000,,,,,,,,,,,,,,,,,,,,,,,
0.0046312613,0.0,1.0670358,0.04850836,100000.0,1000.0,20,10000.0,11147.453,8094.0537,3574.5234,-2134.0867,27661.678,-24761.123,582233.1,0.0,0.051760156,0.051760156,9.756177e-05,0.0003,11665.06,0.00855810775756836,1313.6097178459167,150000,,,,,,,,,,,,,,,,,,,,,,,
0.004433274,0.0,1.2166889,0.04811855,100000.0,1000.0,20,10000.0,8757.054,8384.817,3800.2065,-1997.7609,20820.723,-19993.098,585677.4,0.0,0.058545306,0.058545306,9.7314376e-05,0.0003,9342.512,0.008366425943374634,1355.4420654773712,155000,,,,,,,,,,,,,,,,,,,,,,,
0.0069420002,0.0,1.0553447,0.048782893,100000.0,1000.0,20,10000.0,18668.791,8337.48,3950.3818,-1976.6798,26859.3,-23891.104,682981.1,0.0,0.05148277,0.05148277,9.7055396e-05,0.0003,19183.627,0.00845174012184143,1397.7009541988373,160000,,,,,,,,,,,,,,,,,,,,,,,
0.0056019053,0.0,1.024593,0.04766911,100000.0,1000.0,20,10000.0,8956.099,7789.309,3725.373,-2047.3053,12096.51,-11894.811,487682.1,0.0,0.04884143,0.04884143,9.6784934e-05,0.0003,9444.519,0.008330076885223388,1439.351521730423,165000,,,,,,,,,,,,,,,,,,,,,,,
0.0036896716,0.0,0.7591451,0.04840021,100000.0,1000.0,20,10000.0,5417.5986,8405.145,3731.629,-1867.9806,9339.74,-8585.395,419176.06,0.0,0.03674278,0.03674278,9.6503034e-05,0.0003,5785.0303,0.008685524415969849,1482.7793197631836,170000,,,,,,,,,,,,,,,,,,,,,,,
0.0045032892,0.0,0.9401255,0.046989586,100000.0,1000.0,20,10000.0,18548.648,8278.5205,3421.0845,-1744.3304,45692.31,-58121.555,925299.6,0.0,0.04417611,0.04417611,9.62098e-05,0.0003,18990.414,0.008038441228866577,1522.971696138382,175000,,,,,,,,,,,,,,,,,,,,,,,
0.004487741,0.0,0.9548515,0.046353757,100000.0,1000.0,20,10000.0,21570.215,8812.749,3836.6465,-2949.3076,64989.19,-61466.03,1628031.4,0.0,0.044260956,0.044260956,9.59053e-05,0.0003,22012.828,0.0083200665473938,1564.5722091197968,180000,,,,,,,,,,,,,,,,,,,,,,,
0.004199503,0.0,0.8386581,0.04407863,100000.0,1000.0,20,10000.0,5568.2866,8452.298,3773.4346,-1400.921,8712.891,-7541.854,272564.5,0.0,0.036966898,0.036966898,9.558961e-05,0.0003,5937.96,0.00820045623779297,1605.5746779441833,185000,,,,,,,,,,,,,,,,,,,,,,,
0.0045261206,0.0,1.226136,0.04328489,100000.0,1000.0,20,10000.0,5422.9834,8435.798,3787.1582,-3186.6318,16260.377,-13860.086,464471.44,0.0,0.05307316,0.05307316,9.526282e-05,0.0003,5953.719,0.008371243333816529,1647.4310748577118,190000,,,,,,,,,,,,,,,,,,,,,,,
0.0034355156,0.0,0.9602163,0.04292358,100000.0,1000.0,20,10000.0,11646.454,8594.567,4113.554,-1193.1938,14367.399,-14911.965,640373.1,0.0,0.04121592,0.04121592,9.4925024e-05,0.0003,12058.617,0.007939930105209351,1687.1308629512787,195000,,,,,,,,,,,,,,,,,,,,,,,
0.0036678545,0.0,0.7658061,0.041409753,100000.0,1000.0,20,10000.0,7783.196,8512.989,3489.6516,-1233.5586,4494.72,-9658.236,300865.72,0.0,0.03171184,0.03171184,9.457632e-05,0.0003,8100.318,0.007934270811080932,1726.8023812770844,200000,,,,,,,,,,,,,,,,,,,,,,,
0.003615949,0.0,0.92595845,0.040396985,100000.0,1000.0,20,10000.0,5980.405,8263.248,3847.5986,-1517.9711,25773.2,-27469.312,627868.9,0.0,0.03740593,0.03740593,9.42168e-05,0.0003,6354.4673,0.009660823917388916,1775.1066563129425,205000,,,,,,,,,,,,,,,,,,,,,,,
0.004426517,0.0,0.9201652,0.039663292,100000.0,1000.0,20,10000.0,9207.488,8290.022,3588.8237,-3712.1863,23249.049,-15307.11,515564.5,0.0,0.03649678,0.03649678,9.384654e-05,0.0003,9572.461,0.007718742275238037,1813.7005212306976,210000,,,,,,,,,,,,,,,,,,,,,,,
0.0035748412,0.0,1.0898389,0.04043678,100000.0,1000.0,20,10000.0,7790.6206,8502.093,3689.2954,-1432.9749,33511.73,-24317.178,539849.6,0.0,0.044069573,0.044069573,9.346567e-05,0.0003,8231.319,0.007927970933914185,1853.3405237197876,215000,,,,,,,,,,,,,,,,,,,,,,,
0.00459707,0.0,1.00108,0.040796824,100000.0,1000.0,20,10000.0,6801.448,8565.3125,3799.8862,-3375.8428,11733.19,-11985.759,443297.0,0.0,0.040840887,0.040840887,9.30743e-05,0.0003,7209.8613,0.008074622774124145,1893.71377491951,220000,,,,,,,,,,,,,,,,,,,,,,,
0.0034663007,0.0,1.1028415,0.041004993,100000.0,1000.0,20,10000.0,16654.023,8835.952,3566.061,-4164.692,123361.234,-122952.33,2155929.2,0.0,0.045222007,0.045222007,9.267249e-05,0.0003,17106.248,0.0077195987224578854,1932.3118987083435,225000,,,,,,,,,,,,,,,,,,,,,,,
0.004121758,0.0,1.0769185,0.04120432,100000.0,1000.0,20,10000.0,9910.844,8731.338,3824.087,-3022.0264,34189.383,-32378.559,563780.44,0.0,0.04437369,0.04437369,9.2260394e-05,0.0003,10354.585,0.007640783405303955,1970.5159435272217,230000,,,,,,,,,,,,,,,,,,,,,,,
0.0033994252,0.0,0.86055493,0.04108225,100000.0,1000.0,20,10000.0,8754.304,9156.593,3440.9302,-842.27014,10244.218,-10278.172,361330.06,0.0,0.035353534,0.035353534,9.183811e-05,0.0003,9107.842,0.007813223838806152,2009.582181930542,235000,,,,,,,,,,,,,,,,,,,,,,,
0.0033061192,0.0,0.8569883,0.040101033,100000.0,1000.0,20,10000.0,11187.493,8310.051,3788.7808,-2730.7222,8300.414,-8949.135,466689.78,0.0,0.034366116,0.034366116,9.1405775e-05,0.0003,11531.157,0.008033697938919067,2049.7507860660553,240000,,,,,,,,,,,,,,,,,,,,,,,
0.0042653857,0.0,0.9772047,0.039632346,100000.0,1000.0,20,10000.0,12475.359,8499.442,3883.8633,-2021.0643,8729.867,-4702.144,368084.88,0.0,0.038728915,0.038728915,9.0963455e-05,0.0003,12862.652,0.007847984600067139,2088.990810394287,245000,,,,,,,,,,,,,,,,,,,,,,,
0.005088751,0.0,1.1914625,0.03905282,100000.0,1000.0,20,10000.0,15396.883,9984.858,3734.605,-4203.469,38000.934,-38135.42,805510.25,0.0,0.046529975,0.046529975,9.051133e-05,0.0003,15862.1875,0.0076269761085510255,2127.1258277893066,250000,,,,,,,,,,,,,,,,,,,,,,,
0.0061722863,0.0,1.0855708,0.03838728,100000.0,1000.0,20,10000.0,18386.396,9585.976,3369.814,-4412.3228,116535.02,-107838.52,2877745.8,0.0,0.04167211,0.04167211,9.004948e-05,0.0003,18803.123,0.007833689069747924,2166.2943642139435,255000,,,,,,,,,,,,,,,,,,,,,,,
0.004968088,0.0,1.0400609,0.036772188,100000.0,1000.0,20,10000.0,4842.8438,9282.116,3780.6792,-477.36777,2630.619,-3070.1038,198587.97,0.0,0.038245313,0.038245313,8.9578054e-05,0.0003,5225.302,0.007664083051681519,2204.614895105362,260000,,,,,,,,,,,,,,,,,,,,,,,
0.004200114,0.0,1.2865052,0.036518335,100000.0,1000.0,20,10000.0,9468.909,9737.908,3869.9329,-4533.5684,11985.707,-12466.085,425944.56,0.0,0.04698103,0.04698103,8.909717e-05,0.0003,9938.724,0.007804579782485962,2243.637906551361,265000,,,,,,,,,,,,,,,,,,,,,,,
0.003580922,0.0,0.6023375,0.03626931,100000.0,1000.0,20,10000.0,8898.299,9770.5625,3730.7869,-4231.1353,30658.162,-25984.541,575157.75,0.0,0.021846365,0.021846365,8.860696e-05,0.0003,9116.767,0.0077248889923095705,2282.262463569641,270000,,,,,,,,,,,,,,,,,,,,,,,
0.003838181,0.0,1.0558586,0.03407071,100000.0,1000.0,20,10000.0,10010.831,11173.358,4058.4824,-4661.2803,12895.628,-10894.356,460846.56,0.0,0.035973854,0.035973854,8.810758e-05,0.0003,10370.573,0.008023666000366211,2322.380896806717,275000,,,,,,,,,,,,,,,,,,,,,,,
0.0036286716,0.0,1.2937421,0.03450045,100000.0,1000.0,20,10000.0,14944.494,9969.416,3981.384,-4304.397,74154.1,-55982.535,1693133.2,0.0,0.04463468,0.04463468,8.759914e-05,0.0003,15390.845,0.007687838125228882,2360.82017660141,280000,,,,,,,,,,,,,,,,,,,,,,,
0.004634345,0.0,0.9830944,0.034578647,100000.0,1000.0,20,10000.0,6121.125,11549.114,3903.0422,-5201.1206,10086.236,-5767.631,315242.12,0.0,0.033994075,0.033994075,8.708179e-05,0.0003,6461.0703,0.008158670330047607,2401.6136660575867,285000,,,,,,,,,,,,,,,,,,,,,,,
0.0035963762,0.0,1.0134691,0.034497485,100000.0,1000.0,20,10000.0,26181.068,11532.06,4098.745,-385.1919,121982.88,-93862.35,1883093.0,0.0,0.034962133,0.034962133,8.655565e-05,0.0003,26530.693,0.008049927186965943,2441.8634300231934,290000,,,,,,,,,,,,,,,,,,,,,,,
0.003521635,0.0,1.0908754,0.03370413,100000.0,1000.0,20,10000.0,9613.705,10326.198,3881.2546,-3980.93,16418.26,-18483.465,493607.47,0.0,0.03676701,0.03676701,8.602091e-05,0.0003,9981.379,0.008185659217834472,2482.791853904724,295000,,,,,,,,,,,,,,,,,,,,,,,
0.0033845692,0.0,1.0294704,0.03435426,100000.0,1000.0,20,10000.0,18372.2,11900.808,4331.8237,-2088.1433,20653.951,-17055.85,791682.4,0.0,0.035366695,0.035366695,8.547767e-05,0.0003,18725.87,0.008003089094161987,2522.8074386119843,300000,,,,,,,,,,,,,,,,,,,,,,,
0.0033784404,0.0,0.77379495,0.034220558,100000.0,1000.0,20,10000.0,24700.104,11866.718,4245.668,-6468.146,54662.668,-35069.043,1368408.2,0.0,0.026479695,0.026479695,8.49261e-05,0.0003,24964.904,0.010643706464767456,2576.026109457016,305000,,,,,,,,,,,,,,,,,,,,,,,
0.005188685,0.0,1.0319129,0.03350934,100000.0,1000.0,20,10000.0,48313.703,11443.183,4399.3877,-553.3604,117849.43,-166807.97,2000242.5,0.0,0.034578722,0.034578722,8.436636e-05,0.0003,48659.496,0.00864774022102356,2619.264970064163,310000,,,,,,,,,,,,,,,,,,,,,,,
0.0040589757,0.0,0.91491944,0.0341466,100000.0,1000.0,20,10000.0,12589.754,12796.076,4028.7837,-3137.2136,11258.036,-11026.668,570041.6,0.0,0.031241387,0.031241387,8.3798586e-05,0.0003,12902.172,0.00765742654800415,2657.5522491931915,315000,,,,,,,,,,,,,,,,,,,,,,,
0.0038739394,0.0,0.7030212,0.03459343,100000.0,1000.0,20,10000.0,25931.172,12088.107,4367.523,-6859.009,46887.246,-47755.027,1346038.1,0.0,0.024319917,0.024319917,8.322294e-05,0.0003,26174.375,0.0082377046585083,2698.7409596443176,320000,,,,,,,,,,,,,,,,,,,,,,,
0.0070983637,0.0,1.213159,0.034584504,100000.0,1000.0,20,10000.0,14725.616,13359.429,4443.576,-1907.7926,7172.369,-8121.538,481944.06,0.0,0.0419565,0.0419565,8.263957e-05,0.0003,15145.188,0.008742250204086303,2742.4523944854736,325000,,,,,,,,,,,,,,,,,,,,,,,
0.0030858787,0.0,0.9465224,0.033782486,100000.0,1000.0,20,10000.0,40760.086,11253.395,4042.7407,-6695.604,130880.4,-81314.43,2276241.8,0.0,0.03197588,0.03197588,8.2048646e-05,0.0003,41079.848,0.008454546546936035,2784.725301504135,330000,,,,,,,,,,,,,,,,,,,,,,,
0.0029612812,0.0,0.98552454,0.033404306,100000.0,1000.0,20,10000.0,28521.992,13041.747,3715.9236,-1725.2191,65834.11,-64177.27,1529251.9,0.0,0.032920763,0.032920763,8.1450344e-05,0.0003,28851.203,0.008141992139816284,2825.4354207515717,335000,,,,,,,,,,,,,,,,,,,,,,,
0.003510636,0.0,1.4482123,0.033597853,100000.0,1000.0,20,10000.0,31472.14,12481.046,4242.8574,-8205.208,136030.94,-165670.36,2322642.8,0.0,0.048656825,0.048656825,8.0844795e-05,0.0003,31958.713,0.007683504056930542,2863.8531086444855,340000,,,,,,,,,,,,,,,,,,,,,,,
0.0044485945,0.0,0.67907345,0.0345664,100000.0,1000.0,20,10000.0,38811.438,13532.126,4640.42,-5427.4883,37600.77,-25521.8,1368155.2,0.0,0.023473125,0.023473125,8.0232174e-05,0.0003,39046.17,0.00825553059577942,2905.1309282779694,345000,,,,,,,,,,,,,,,,,,,,,,,
0.0032009918,0.0,1.1129639,0.035239305,100000.0,1000.0,20,10000.0,17154.693,12713.14,4050.4807,-3085.0796,30202.805,-21879.355,899169.4,0.0,0.039220076,0.039220076,7.961267e-05,0.0003,17546.898,0.007820128870010375,2944.2317321300507,350000,,,,,,,,,,,,,,,,,,,,,,,
0.003811277,0.0,1.1444701,0.03506988,100000.0,1000.0,20,10000.0,19333.984,13609.334,4068.9385,-510.6091,14254.518,-17172.041,757325.44,0.0,0.04013643,0.04013643,7.898643e-05,0.0003,19735.354,0.008076992559432984,2984.6168529987335,355000,,,,,,,,,,,,,,,,,,,,,,,
0.00434703,0.0,0.879106,0.033930507,100000.0,1000.0,20,10000.0,16416.34,13984.428,3895.8613,-6665.6406,28930.23,-45470.895,736228.8,0.0,0.029828511,0.029828511,7.835362e-05,0.0003,16714.629,0.007927227449417115,3024.2531502246857,360000,,,,,,,,,,,,,,,,,,,,,,,
0.0050522583,0.0,0.94912505,0.033463188,100000.0,1000.0,20,10000.0,16781.8,13840.16,4358.1035,-8422.5625,15150.423,-22065.56,696881.25,0.0,0.03176075,0.03176075,7.7714445e-05,0.0003,17099.414,0.0077968325138092045,3063.237469434738,365000,,,,,,,,,,,,,,,,,,,,,,,
0.00420657,0.0,1.150117,0.033635285,100000.0,1000.0,20,10000.0,25029.848,12041.7295,4311.0967,-3048.0244,17248.494,-26972.68,1035707.2,0.0,0.038684517,0.038684517,7.706907e-05,0.0003,25416.697,0.0077612679004669186,3102.0439603328705,370000,,,,,,,,,,,,,,,,,,,,,,,
0.0036231359,0.0,0.7803191,0.033993144,100000.0,1000.0,20,10000.0,33572.586,14080.837,4389.788,-2770.4934,19077.725,-22497.42,1129791.8,0.0,0.026525497,0.026525497,7.641764e-05,0.0003,33837.844,0.008075702238082886,3142.4226307868958,375000,,,,,,,,,,,,,,,,,,,,,,,
0.003403673,0.0,1.5059615,0.03313985,100000.0,1000.0,20,10000.0,18146.363,14812.483,4204.5776,-3990.422,33949.586,-27338.898,1046094.9,0.0,0.04990734,0.04990734,7.5760356e-05,0.0003,18645.441,0.008059363460540772,3182.7195105552673,380000,,,,,,,,,,,,,,,,,,,,,,,
0.0036496974,0.0,1.0588301,0.033603087,100000.0,1000.0,20,10000.0,21604.656,14336.906,4008.1802,-3676.6438,32493.979,-32356.541,948701.06,0.0,0.03557996,0.03557996,7.50974e-05,0.0003,21960.459,0.00804465970993042,3222.942975997925,385000,,,,,,,,,,,,,,,,,,,,,,,
0.0031569055,0.0,0.9644212,0.03229804,100000.0,1000.0,20,10000.0,48689.562,14007.899,4660.206,-4715.148,192643.8,-246031.23,3788221.5,0.0,0.031148914,0.031148914,7.442894e-05,0.0003,49001.055,0.0077850713729858394,3261.868483066559,390000,,,,,,,,,,,,,,,,,,,,,,,
0.004528005,0.0,1.4502026,0.032258365,100000.0,1000.0,20,10000.0,22153.934,13467.27,4104.282,-11499.371,33977.688,-132923.03,1219457.0,0.0,0.046781167,0.046781167,7.375519e-05,0.0003,22621.75,0.007943819332122803,3301.587635040283,395000,,,,,,,,,,,,,,,,,,,,,,,
0.0029126515,0.0,0.73141605,0.032345146,100000.0,1000.0,20,10000.0,19114.627,14336.858,4342.291,-11215.428,19226.766,-27905.338,828125.25,0.0,0.02365776,0.02365776,7.30763e-05,0.0003,19351.207,0.007646134853363037,3339.818365573883,400000,,,,,,,,,,,,,,,,,,,,,,,
0.0039789444,0.0,0.960142,0.031615067,100000.0,1000.0,20,10000.0,24960.156,15825.151,4350.992,-8822.351,45593.53,-46371.29,1310861.8,0.0,0.030354954,0.030354954,7.239246e-05,0.0003,25263.709,0.009902656650543212,3389.3317863941193,405000,,,,,,,,,,,,,,,,,,,,,,,
0.003385401,0.0,1.3292854,0.031895224,100000.0,1000.0,20,10000.0,25144.576,13404.5205,3873.6892,-1190.2448,57098.16,-36714.0,1272790.8,0.0,0.042397857,0.042397857,7.170388e-05,0.0003,25568.559,0.008379465436935424,3431.229272842407,410000,,,,,,,,,,,,,,,,,,,,,,,
0.0029771547,0.0,1.0244398,0.032021523,100000.0,1000.0,20,10000.0,11714.837,16613.178,4288.2617,-3254.416,25079.727,-7159.708,591225.94,0.0,0.032804124,0.032804124,7.101073e-05,0.0003,12042.881,0.008203752899169922,3472.2481818199158,415000,,,,,,,,,,,,,,,,,,,,,,,
0.0037818812,0.0,1.3455533,0.032073956,100000.0,1000.0,20,10000.0,31115.791,13579.345,4354.7207,-555.49414,24425.436,-19736.223,898495.56,0.0,0.043157216,0.043157216,7.0313195e-05,0.0003,31547.367,0.008111134147644044,3512.8040108680725,420000,,,,,,,,,,,,,,,,,,,,,,,
0.0034320808,0.0,0.986834,0.030811084,100000.0,1000.0,20,10000.0,27576.047,14807.717,4103.2817,-11114.434,31748.775,-80847.016,1363044.9,0.0,0.030405425,0.030405425,6.961148e-05,0.0003,27880.105,0.00799518837928772,3552.7800719738007,425000,,,,,,,,,,,,,,,,,,,,,,,
0.002947993,0.0,1.0268836,0.032183517,100000.0,1000.0,20,10000.0,43486.73,16802.926,4368.71,-2245.537,32242.139,-40943.31,1674622.6,0.0,0.033048727,0.033048727,6.890576e-05,0.0003,43817.223,0.008131514692306519,3593.43781208992,430000,,,,,,,,,,,,,,,,,,,,,,,
0.0028571496,0.0,1.0904132,0.031895123,100000.0,1000.0,20,10000.0,15430.948,12900.005,4245.8203,-13671.152,12927.515,-22945.225,644309.25,0.0,0.034778863,0.034778863,6.8196256e-05,0.0003,15778.74,0.008291019010543823,3634.893056154251,435000,,,,,,,,,,,,,,,,,,,,,,,
0.0025957606,0.0,0.82308483,0.032832514,100000.0,1000.0,20,10000.0,17026.064,16937.986,4392.6562,-1352.7573,23063.945,-15662.626,751712.9,0.0,0.027023943,0.027023943,6.748313e-05,0.0003,17296.307,0.00778558783531189,3673.8211255073547,440000,,,,,,,,,,,,,,,,,,,,,,,
0.00294221,0.0,0.7377179,0.032529984,100000.0,1000.0,20,10000.0,14288.196,16124.49,4470.562,-11754.867,11177.605,-31770.46,631643.5,0.0,0.023997951,0.023997951,6.67666e-05,0.0003,14528.179,0.007909253740310668,3713.3675084114075,445000,,,,,,,,,,,,,,,,,,,,,,,
0.0035446563,0.0,0.90025103,0.03218795,100000.0,1000.0,20,10000.0,15247.56,18311.668,4350.9624,-15586.547,44457.418,-10612.635,726795.6,0.0,0.028977236,0.028977236,6.604685e-05,0.0003,15537.336,0.007768613767623902,3752.210709095001,450000,,,,,,,,,,,,,,,,,,,,,,,
0.0034101126,0.0,0.72474074,0.03206066,100000.0,1000.0,20,10000.0,26950.309,20412.15,4622.985,-548.8315,162624.45,-187123.89,4326250.0,0.0,0.023235666,0.023235666,6.5324086e-05,0.0003,27182.67,0.007640492343902588,3790.413297176361,455000,,,,,,,,,,,,,,,,,,,,,,,
0.002949303,0.0,0.9047679,0.03241331,100000.0,1000.0,20,10000.0,30130.0,20763.396,4557.0874,-1089.616,141030.58,-162573.52,3714399.5,0.0,0.029326523,0.029326523,6.4598484e-05,0.0003,30423.27,0.007406025505065918,3827.4435563087463,460000,,,,,,,,,,,,,,,,,,,,,,,
0.012114771,0.0,1.0180576,0.031575006,100000.0,1000.0,20,10000.0,14255.178,21567.588,4240.946,-16058.362,19961.338,-49048.684,969615.5,0.0,0.032145172,0.032145172,6.387027e-05,0.0003,14576.642,0.007900310611724854,3866.9452311992645,465000,,,,,,,,,,,,,,,,,,,,,,,
0.00282069,0.0,0.79004765,0.0301055,100000.0,1000.0,20,10000.0,29319.152,14433.831,4550.2856,-12632.332,57431.863,-72290.78,1641053.8,0.0,0.023784779,0.023784779,6.3139625e-05,0.0003,29557.002,0.007663315105438232,3905.261914730072,470000,,,,,,,,,,,,,,,,,,,,,,,
0.0031726107,0.0,0.87901574,0.02999911,100000.0,1000.0,20,10000.0,51092.62,14728.72,4508.163,-12699.087,160425.58,-98629.64,4088002.5,0.0,0.02636969,0.02636969,6.2406754e-05,0.0003,51356.32,0.007866343259811401,3944.5937678813934,475000,,,,,,,,,,,,,,,,,,,,,,,
0.003759302,0.0,0.74935424,0.029675422,100000.0,1000.0,20,10000.0,351671.28,14969.802,4079.1426,-8134.2437,1012776.56,-789787.5,28063644.0,0.0,0.022237401,0.022237401,6.167186e-05,0.0003,351893.66,0.0077395618915557865,3983.2917087078094,480000,,,,,,,,,,,,,,,,,,,,,,,
0.0026589602,0.0,1.0955884,0.030045021,100000.0,1000.0,20,10000.0,15355.869,18214.824,4786.6616,-17367.23,25045.18,-24501.318,751830.0,0.0,0.032916978,0.032916978,6.093515e-05,0.0003,15685.042,0.008178522539138793,4024.1844260692596,485000,,,,,,,,,,,,,,,,,,,,,,,
0.0036228518,0.0,0.73609126,0.030493854,100000.0,1000.0,20,10000.0,23803.438,23981.78,4576.9927,-13891.863,33063.78,-82434.14,1603711.2,0.0,0.022446258,0.022446258,6.0196806e-05,0.0003,24027.904,0.007856042098999023,4063.4647703170776,490000,,,,,,,,,,,,,,,,,,,,,,,
0.0030318878,0.0,0.8401468,0.029635886,100000.0,1000.0,20,10000.0,52515.94,16939.719,4300.6333,-20102.14,372216.47,-226163.84,8572802.0,0.0,0.024898496,0.024898496,5.945705e-05,0.0003,52764.93,0.00796886887550354,4103.309245347977,495000,,,,,,,,,,,,,,,,,,,,,,,
0.0029465626,0.0,,,,,,,20737.504,13591.555,4175.2676,-19304.623,92833.24,-110589.32,2602998.2,,,,,,24505.842,0.012146050643920898,4164.039504528046,500000,0.96875,0.2405599,3744.4966,3768.3384,0.18442309,0.0029465626,4189.5923,23.838858,0.0,23.068594,23.068594,0.1,1.0,0.03972591,1.455697,3934.9902,,,,,,,
7.456698e-05,0.0,,,,,,,9692.026,12203.71,8533.359,1738.8308,3406.3906,-6638.0674,264362.0,,,,,,9693.067,0.02634369444847107,4295.757985591888,505000,0.08203125,0.0037434897,0.1552467,1.040633,0.052260876,7.456698e-05,8551.269,0.8853116,0.0,16.713715,16.713715,0.1,1.0,0.0059354706,0.45673734,8245.974,,,,,,,
0.00043192477,0.0,,,,,,,4996.5176,11439.904,8727.592,5207.607,7082.073,-3989.3855,163659.75,,,,,,4997.097,0.0163122766494751,4377.319380044937,510000,0.31640625,0.017740887,0.0819142,0.5794737,0.14317071,0.00043192477,8778.741,0.4971276,0.0,10.639045,10.639045,0.1,1.0,0.0024246033,0.32462412,8906.929,,,,,,,
5.208577e-05,0.0,,,,,,,1726.8667,9741.714,8234.564,4958.6875,2349.3408,-2487.3523,70966.34,,,,,,1727.0217,0.01716388292312622,4463.138807296753,515000,0.08984375,0.00390625,0.06386567,0.15497492,0.08215535,5.208577e-05,8257.514,0.09105718,0.0,6.1480017,6.1480017,0.1,1.0,0.0014625551,0.3772121,8192.953,,,,,,,
7.054885e-05,0.0,,,,,,,1545.718,9501.832,7944.3037,5177.65,1266.7019,-1839.2279,53402.016,,,,,,1550.8763,0.016046162509918215,4543.369631052017,520000,0.20703125,0.009277344,5.070097,5.158358,0.045022607,7.054885e-05,7971.896,0.08819035,0.0,12.432813,12.432813,0.1,1.0,0.0016484607,0.30315852,7835.3,,,,,,,
6.9059766e-05,0.0,,,,,,,1335.4661,9257.027,7535.229,4533.622,647.2561,-585.6358,39605.562,,,,,,1335.6339,0.01633822479248047,4625.060765981674,525000,0.08984375,0.0047200522,0.11697333,0.1678796,0.12361622,6.9059766e-05,7560.883,0.050837204,0.0,4.357121,4.357121,0.1,1.0,0.001148099,0.36635742,7646.282,,,,,,,
0.00011532246,0.0,,,,,,,1623.2925,9200.821,7328.9043,4375.4155,1422.6697,-3779.7476,70663.06,,,,,,1624.0833,0.016135178852081298,4705.736666679382,530000,0.2109375,0.011230469,0.6525246,0.79075444,0.04581654,0.00011532246,7362.161,0.13811451,0.0,9.851336,9.851336,0.1,1.0,0.0017273268,0.35159346,7305.208,,,,,,,
0.000226564,0.0,,,,,,,4264.414,9333.569,7148.9062,-74.1717,13188.05,-6655.6147,206857.73,,,,,,4264.705,0.01603081030845642,4785.8907260894775,535000,0.2734375,0.01546224,0.17142622,0.29086226,0.1063633,0.000226564,7184.77,0.11920948,0.0,6.839325,6.839325,0.1,1.0,0.001822218,0.4125081,7369.2393,,,,,,,
0.00015498539,0.0,,,,,,,2054.5046,9701.483,7068.7354,4772.453,1553.1895,-1767.0513,62476.48,,,,,,2054.888,0.015999604558944704,4865.888756036758,540000,0.26953125,0.014160156,0.22325435,0.3832621,0.051920652,0.00015498539,7108.2793,0.15985277,0.0,6.5710125,6.5710125,0.1,1.0,0.0015584563,0.40305156,7180.041,,,,,,,
9.651121e-05,0.0,,,,,,,993.9725,9467.207,6899.5586,4571.761,1583.1642,-1609.6173,46233.6,,,,,,994.15045,0.01601791796684265,4945.978353261948,545000,0.1875,0.009602865,0.085813396,0.17796202,0.05242455,9.651121e-05,6937.4004,0.0920521,0.0,6.710411,6.710411,0.1,1.0,0.00169792,0.38252434,7046.8076,,,,,,,
0.00012997111,0.0,,,,,,,633.5665,9336.604,6859.5674,4408.536,490.8038,-1943.224,35521.387,,,,,,633.70636,0.016038842105865477,5026.17257142067,550000,0.27734375,0.015787762,0.061122235,0.13980441,0.042687774,0.00012997111,6882.9385,0.0785522,0.0,5.69512,5.69512,0.1,1.0,0.0013703109,0.41943333,6714.1836,,,,,,,
2.705304e-05,0.0,,,,,,,954.13745,9436.408,6802.452,4391.112,1507.9513,-930.00037,43275.82,,,,,,956.43933,0.016019934844970704,5106.272252321243,555000,0.08203125,0.0034179688,2.2243536,2.3018742,0.025399923,2.705304e-05,6830.3467,0.07749364,0.0,6.105449,6.105449,0.1,1.0,0.0013129653,0.4197553,6984.649,,,,,,,
2.7790433e-05,0.0,,,,,,,1015.2159,8865.021,6627.1543,4211.073,608.5992,-517.61743,24748.023,,,,,,1015.3551,0.015994922494888306,5186.246872663498,560000,0.09765625,0.004231771,0.05095288,0.13920847,0.022930264,2.7790433e-05,6652.7764,0.08822779,0.0,4.591047,4.591047,0.1,1.0,0.0012119734,0.3148181,7126.161,,,,,,,
4.0824507e-05,0.0,,,,,,,1064.0295,9023.952,6656.3613,4281.6987,1898.7413,-524.8272,45373.195,,,,,,1064.1525,0.016031039094924926,5266.402075767517,565000,0.08984375,0.0040690107,0.055866927,0.12289449,0.05096531,4.0824507e-05,6683.037,0.06698674,0.0,5.62706,5.62706,0.1,1.0,0.0020307186,0.33322412,7019.291,,,,,,,
7.570811e-05,0.0,,,,,,,801.6819,9130.002,6698.799,4404.712,402.56204,-1054.2905,30705.396,,,,,,801.86847,0.01600213632583618,5346.412764787674,570000,0.1484375,0.0071614585,0.08088838,0.18655759,0.044490814,7.570811e-05,6728.913,0.105593495,0.0,6.6839533,6.6839533,0.1,1.0,0.0022670063,0.35600746,6847.9795,,,,,,,
0.00012886406,0.0,,,,,,,944.3032,8763.84,6624.546,4105.8857,801.05676,-988.3843,30818.266,,,,,,1021.6554,0.015990740156173706,5426.3664717674255,575000,0.2578125,0.013834636,77.24538,77.3522,0.052494287,0.00012886406,6653.3184,0.106694624,0.0,9.549871,9.549871,0.1,1.0,0.0021056766,0.3215664,6651.974,,,,,,,
6.818585e-05,0.0,,,,,,,666.12964,8663.9,6455.14,-11.104696,1397.4489,-410.85013,27833.074,,,,,,666.26166,0.01600697612762451,5506.401359319687,580000,0.16796875,0.0078125,0.07029515,0.13200925,0.058949113,6.818585e-05,6481.2344,0.06164592,0.0,4.5482945,4.5482945,0.1,1.0,0.0015796194,0.39590114,6268.764,,,,,,,
3.8353824e-05,0.0,,,,,,,723.04047,8315.668,6551.798,3949.5886,534.17175,-535.60046,25282.89,,,,,,723.8209,0.01601150040626526,5586.458868026733,585000,0.11328125,0.0056966147,0.7043876,0.780485,0.027715325,3.8353824e-05,6573.675,0.07605902,0.0,5.4420547,5.4420547,0.1,1.0,0.0014045525,0.41240746,6761.29,,,,,,,
4.0070136e-05,0.0,,,,,,,569.9634,8416.798,6463.1294,378.7657,488.69794,-1070.8641,22499.57,,,,,,571.2042,0.01598430485725403,5666.3803997039795,590000,0.1015625,0.004557292,1.1986057,1.2408545,0.055681348,4.0070136e-05,6496.6406,0.042208772,0.0,7.9219456,7.9219456,0.1,1.0,0.00096242176,0.3469082,6558.9434,,,,,,,
2.4439341e-05,0.0,,,,,,,395.81888,8436.418,6211.5776,3541.4102,288.3688,-445.57324,19020.55,,,,,,395.9185,0.015981500148773194,5746.287907361984,595000,0.06640625,0.0027669272,0.047166344,0.09959525,0.0246315,2.4439341e-05,6232.1553,0.052404463,0.0,4.211314,4.211314,0.1,1.0,0.00085583125,0.32708287,6220.0107,,,,,,,
3.6988757e-05,0.0,,,,,,,584.63745,8392.514,6208.1196,2976.2803,190.80344,-675.3723,22724.521,,,,,,584.7587,0.016018027114868164,5826.378050088882,600000,0.10546875,0.004557292,0.07566356,0.1212704,0.027667642,3.6988757e-05,6232.0625,0.045569852,0.0,5.0086513,5.0086513,0.1,1.0,0.0018635357,0.41050476,6123.6396,,,,,,,
7.28537e-05,0.0,,,,,,,643.9093,7931.4,6211.59,3660.8555,604.5021,-1220.7023,25664.982,,,,,,644.106,0.017943716859817504,5916.0966420173645,605000,0.1171875,0.0060221357,0.13528821,0.19672616,0.071339846,7.28537e-05,6236.052,0.06136509,0.0,5.744771,5.744771,0.1,1.0,0.0017808587,0.37419552,6378.08,,,,,,,
9.939546e-05,0.0,,,,,,,761.9768,7874.6396,6131.289,-125.22378,620.9857,-718.903,28179.12,,,,,,883.41956,0.016141740703582763,5996.80535197258,610000,0.15625,0.007975261,121.39193,121.442726,0.13467991,9.939546e-05,6163.475,0.050695963,0.0,5.116681,5.116681,0.1,1.0,0.0011378669,0.37536973,6121.6504,,,,,,,
3.8943137e-05,0.0,,,,,,,678.7409,9131.237,6400.465,3162.4878,929.8375,-899.7,32684.338,,,,,,693.29767,0.016029926347732544,6076.954993724823,615000,0.15625,0.0074869795,14.455115,14.556776,0.02652359,3.8943137e-05,6430.3584,0.10162151,0.0,8.377247,8.377247,0.1,1.0,0.0018393083,0.39701056,6307.795,,,,,,,
0.0003071882,0.0,,,,,,,1258.4685,9454.129,6403.0327,2467.8567,1049.6965,-1723.96,36312.016,,,,,,1258.6626,0.016020041990280152,6157.05521774292,620000,0.49609375,0.030273438,0.1312224,0.19411312,0.07320261,0.0003071882,6438.166,0.062583536,0.0,7.618948,7.618948,0.1,1.0,0.0021650898,0.3209517,6748.493,,,,,,,
2.7458766e-05,0.0,,,,,,,754.62146,8792.077,6373.7905,3015.783,724.01404,-715.07666,31602.682,,,,,,763.46533,0.01601113486289978,6237.110901594162,625000,0.078125,0.0034179688,8.760389,8.843871,0.026201248,2.7458766e-05,6400.708,0.083454184,0.0,11.97317,11.97317,0.1,1.0,0.0017606693,0.4322027,6091.639,,,,,,,
5.5887795e-05,0.0,,,,,,,712.8011,8559.1455,6438.4897,2327.1938,1750.6001,-639.21814,50657.45,,,,,,712.9214,0.016018806648254395,6317.20494222641,630000,0.140625,0.0066731772,0.06199056,0.120308064,0.039743662,5.5887795e-05,6466.3994,0.058261614,0.0,6.2034526,6.2034526,0.1,1.0,0.0013133202,0.33320865,6571.871,,,,,,,
1.5624586e-05,0.0,,,,,,,607.3922,8239.117,6422.4434,3242.0483,252.04529,-302.34586,16288.419,,,,,,607.55994,0.01603832368850708,6397.396567583084,635000,0.078125,0.0032552085,0.086183235,0.1676986,0.016452909,1.5624586e-05,6451.1143,0.08149973,0.0,6.1228437,6.1228437,0.1,1.0,0.0018231715,0.34281176,6731.9805,,,,,,,
1.7463657e-05,0.0,,,,,,,515.52795,7866.3945,6149.841,2838.1794,605.0338,-655.0165,22613.629,,,,,,516.97144,0.016069197654724122,6477.742563009262,640000,0.05859375,0.0024414062,1.358085,1.4434953,0.020572782,1.7463657e-05,6179.8594,0.085392885,0.0,6.4417996,6.4417996,0.1,1.0,0.0014033441,0.38113672,6210.5903,,,,,,,
7.021846e-05,0.0,,,,,,,544.02655,7899.7837,6118.98,26.065992,508.74603,-203.3058,15947.581,,,,,,544.19165,0.01602618761062622,6557.873511552811,645000,0.10546875,0.0047200522,0.10917772,0.1651032,0.073124886,7.021846e-05,6142.6055,0.055855256,0.0,4.565413,4.565413,0.1,1.0,0.0018305957,0.38994288,5763.2227,,,,,,,
6.6667446e-05,0.0,,,,,,,958.6099,7935.6807,6166.5703,-57.181248,1683.0836,-1485.1361,37183.1,,,,,,958.7255,0.016024819087982176,6637.997613668442,650000,0.16796875,0.008626303,0.06164453,0.11560868,0.0836122,6.6667446e-05,6203.3545,0.05389748,0.0,4.565461,4.565461,0.1,1.0,0.0014098196,0.3782797,6450.994,,,,,,,
4.9627175e-05,0.0,,,,,,,526.4774,7676.1826,6210.3945,3806.9204,254.79834,-609.6165,22514.41,,,,,,526.61176,0.01601769347190857,6718.086087226868,655000,0.1953125,0.009114584,0.07300997,0.13435006,0.024492145,4.9627175e-05,6237.118,0.061290473,0.0,5.1325903,5.1325903,0.1,1.0,0.0026064673,0.37304422,6239.301,,,,,,,
2.1916756e-05,0.0,,,,,,,534.6756,7614.5415,6026.0903,-42.49787,566.9407,-1070.3184,24981.21,,,,,,535.1757,0.016042707681655884,6798.299633264542,660000,0.0546875,0.0027669272,0.43508357,0.5000994,0.027472854,2.1916756e-05,6048.4126,0.0649939,0.0,4.370293,4.370293,0.1,1.0,0.035936657,0.3545925,6204.1943,,,,,,,
4.777879e-05,0.0,,,,,,,444.31598,7454.16,6015.5635,-55.6177,505.17737,-771.88513,19850.742,,,,,,444.43674,0.01602947735786438,6878.447026729584,665000,0.109375,0.0052083335,0.0450523,0.12074704,0.046655297,4.777879e-05,6040.002,0.07564695,0.0,3.8380017,3.8380017,0.1,1.0,0.0013027503,0.3606381,6018.35,,,,,,,
7.076077e-05,0.0,,,,,,,657.9806,7440.407,6088.5806,-124.97467,2077.671,-509.49426,32433.844,,,,,,658.07623,0.016070572757720947,6958.799897432327,670000,0.1171875,0.006184896,0.05354471,0.09565722,0.061982512,7.076077e-05,6111.064,0.042041756,0.0,3.520578,3.520578,0.1,1.0,0.0012238307,0.3747179,6299.5693,,,,,,,
8.660491e-05,0.0,,,,,,,412.08093,7390.8076,5960.961,-81.281265,1137.3253,-374.20142,22338.664,,,,,,412.217,0.016066229677200318,7039.131056308746,675000,0.1796875,0.009602865,0.09067038,0.13608974,0.035873532,8.660491e-05,5986.9185,0.045332767,0.0,4.670636,4.670636,0.1,1.0,0.00072201586,0.35981154,5958.045,,,,,,,
3.981185e-05,0.0,,,,,,,425.80078,7562.873,6078.042,3135.2393,462.1421,-299.61813,17160.871,,,,,,425.97278,0.016062765502929687,7119.444890737534,680000,0.12109375,0.0060221357,0.11435901,0.17198192,0.024303675,3.981185e-05,6105.4287,0.05758309,0.0,4.9435,4.9435,0.1,1.0,0.0014758008,0.3786137,5937.162,,,,,,,
4.038211e-05,0.0,,,,,,,547.2753,7654.2476,6106.283,21.534395,1582.4907,-287.683,23260.549,,,,,,547.54474,0.016046029901504517,7199.675049066544,685000,0.125,0.005859375,0.2163336,0.2693952,0.031376004,4.038211e-05,6132.5596,0.053021215,0.0,5.159747,5.159747,0.1,1.0,0.0015085337,0.33401912,6076.078,,,,,,,
3.1799565e-05,0.0,,,,,,,1271.4567,7657.4976,5991.7056,613.2312,1015.8993,-822.41174,34284.71,,,,,,1271.754,0.016035330390930174,7279.8517117500305,690000,0.11328125,0.005045573,0.25980604,0.29731193,0.023525119,3.1799565e-05,6033.742,0.03747408,0.0,4.090587,4.090587,0.1,1.0,0.0010333797,0.3885079,6218.133,,,,,,,
2.819777e-05,0.0,,,,,,,599.922,8098.24,6035.3896,1939.3185,411.47586,-1140.3342,24433.875,,,,,,612.7031,0.01602897491455078,7359.99659204483,695000,0.09375,0.004231771,12.735876,12.781125,0.022372961,2.819777e-05,6067.621,0.04522028,0.0,4.718155,4.718155,0.1,1.0,0.0011100556,0.3469754,6421.325,,,,,,,
2.6976244e-05,0.0,,,,,,,401.20807,7940.644,6158.2515,2985.4165,1389.0577,-485.48053,22718.0,,,,,,401.288,0.016013429355621337,7440.063749551773,700000,0.0859375,0.00390625,0.053157475,0.07991413,0.041411996,2.6976244e-05,6182.382,0.026729673,0.0,4.1554604,4.1554604,0.1,1.0,0.0010401846,0.34700024,6229.4683,,,,,,,
5.0092116e-05,0.0,,,,,,,425.6589,8122.1035,6162.752,326.4922,847.64966,-410.5307,23347.662,,,,,,426.63745,0.017878505992889406,7529.456285953522,705000,0.1328125,0.0055338545,0.9205603,0.978535,0.040186405,5.0092116e-05,6189.1265,0.05792461,0.0,4.899527,4.899527,0.1,1.0,0.001422995,0.3635397,6295.463,,,,,,,
2.4290097e-05,0.0,,,,,,,568.30206,8503.48,6179.0444,2819.2285,1305.8306,-597.6143,25738.59,,,,,,568.4791,0.016062420749664307,7609.768401622772,710000,0.0859375,0.00390625,0.13367963,0.17703304,0.019850254,2.4290097e-05,6213.047,0.043329116,0.0,4.317131,4.317131,0.1,1.0,0.0018659146,0.45160347,6137.1455,,,,,,,
2.1674536e-05,0.0,,,,,,,587.9155,8431.179,6324.8726,3093.8594,1469.8671,-356.002,25500.14,,,,,,588.08923,0.016055138921737672,7690.0441036224365,715000,0.06640625,0.0029296875,0.08463262,0.1736999,0.02728951,2.1674536e-05,6361.9185,0.08904561,0.0,7.5017557,7.5017557,0.1,1.0,0.0023050308,0.38533038,6119.802,,,,,,,
5.2804033e-05,0.0,,,,,,,468.506,8358.79,6554.2393,3.0496452,522.6519,-261.2814,21964.469,,,,,,468.65942,0.016037146520614623,7770.229843139648,720000,0.1328125,0.0063476562,0.10763704,0.15340805,0.034967184,5.2804033e-05,6582.0,0.045718204,0.0,5.6515913,5.6515913,0.1,1.0,0.0015382834,0.34436032,6943.0166,,,,,,,
5.170476e-05,0.0,,,,,,,531.2826,8789.473,6647.3574,3243.4822,1582.6465,-585.7981,32239.879,,,,,,531.44946,0.016037128305435182,7850.415491580963,725000,0.12890625,0.0056966147,0.085567914,0.16685987,0.0622555,5.170476e-05,6674.629,0.08124025,0.0,6.1844482,6.1844482,0.1,1.0,0.0016394921,0.4297242,6517.5186,,,,,,,
1.5398411e-05,0.0,,,,,,,602.0194,8820.387,6519.0737,2581.8813,775.70544,-1282.0221,36674.78,,,,,,602.51337,0.016017648220062256,7930.503740787506,730000,0.05859375,0.0024414062,0.421666,0.49397007,0.016859293,1.5398411e-05,6547.262,0.07228865,0.0,5.830597,5.830597,0.1,1.0,0.0017286381,0.35906905,6458.729,,,,,,,
4.0362338e-05,0.0,,,,,,,657.7047,8896.223,6785.365,2402.1453,1909.0969,-828.6867,34917.54,,,,,,658.0292,0.01602786545753479,8010.6430747509,735000,0.0703125,0.0035807292,0.23883522,0.32443562,0.09250152,4.0362338e-05,6813.227,0.085560046,0.0,6.009477,6.009477,0.1,1.0,0.0012704893,0.34903917,7191.44,,,,,,,
6.57239e-05,0.0,,,,,,,2724.853,8901.696,6533.6465,3299.5994,1442.2722,-1365.3849,65982.51,,,,,,2725.0288,0.016015776777267458,8090.721964836121,740000,0.125,0.005859375,0.088224255,0.17588823,0.073016286,6.57239e-05,6564.3706,0.08759825,0.0,5.8941135,5.8941135,0.1,1.0,0.0021134166,0.35883948,6399.2227,,,,,,,
5.3547228e-05,0.0,,,,,,,569.6144,8797.584,6637.3813,-72.54355,680.59753,-1083.763,30746.637,,,,,,569.8245,0.015996193265914917,8170.702937364578,745000,0.11328125,0.0056966147,0.16346769,0.21017434,0.046081543,5.3547228e-05,6670.747,0.046653103,0.0,4.1841073,4.1841073,0.1,1.0,0.0011181585,0.33975452,6956.4976,,,,,,,
6.495616e-05,0.0,,,,,,,458.66672,8498.613,6517.766,-31.80051,331.02808,-1137.2855,24391.504,,,,,,458.8399,0.015996046924591063,8250.683178186417,750000,0.11328125,0.0052083335,0.08023712,0.17317526,0.05089152,6.495616e-05,6545.235,0.09287318,0.0,5.570326,5.570326,0.1,1.0,0.017040825,0.29399943,6325.9746,,,,,,,
4.4388795e-05,0.0,,,,,,,566.42114,8200.399,6553.5586,2716.7664,1447.2273,-793.97546,32794.754,,,,,,566.5576,0.016008963108062744,8330.728000164032,755000,0.09765625,0.004231771,0.08240399,0.13644533,0.06929016,4.4388795e-05,6575.5254,0.053996943,0.0,4.1073656,4.1073656,0.1,1.0,0.0018628984,0.38328618,6573.7905,,,,,,,
4.544932e-05,0.0,,,,,,,518.8948,8136.2017,6548.081,2311.3708,2055.0645,-711.3879,38116.508,,,,,,519.0148,0.015983039903640747,8410.643207073212,760000,0.12109375,0.006184896,0.06287724,0.12000212,0.04684472,4.544932e-05,6574.6055,0.05707943,0.0,4.4492955,4.4492955,0.1,1.0,0.0013841883,0.38973746,6755.6133,,,,,,,
2.7016504e-05,0.0,,,,,,,594.7689,8250.176,6502.301,23.603588,1252.878,-935.75946,25943.34,,,,,,594.88965,0.015995606374740602,8490.62124466896,765000,0.0859375,0.0040690107,0.06503465,0.120699584,0.023118377,2.7016504e-05,6524.535,0.055637922,0.0,4.7320375,4.7320375,0.1,1.0,0.001277694,0.38333413,6703.281,,,,,,,
8.772196e-05,0.0,,,,,,,630.95544,8062.443,6488.421,2860.323,423.9228,-1997.3304,32075.898,,,,,,631.13586,0.016079922246932984,8571.020862817764,770000,0.1171875,0.0060221357,0.13615915,0.1804243,0.062498093,8.772196e-05,6520.961,0.044177424,0.0,4.8401337,4.8401337,0.1,1.0,0.001215261,0.34611684,6486.8047,,,,,,,
6.267343e-05,0.0,,,,,,,528.9509,8125.522,6446.366,2502.1248,1345.3485,-440.5514,32860.46,,,,,,529.0559,0.016021996259689333,8651.13085103035,775000,0.13671875,0.0063476562,0.05690334,0.10496364,0.042197704,6.267343e-05,6474.4614,0.047997624,0.0,4.914251,4.914251,0.1,1.0,0.0014254051,0.3633647,6251.782,,,,,,,
3.627038e-05,0.0,,,,,,,513.02454,8863.856,6402.336,2840.863,1227.0583,-1309.3457,26881.264,,,,,,513.2623,0.016367687034606934,8732.969292402267,780000,0.10546875,0.0052083335,0.13804704,0.23776978,0.027513027,3.627038e-05,6433.723,0.099686466,0.0,5.797243,5.797243,0.1,1.0,0.0013118621,0.3744633,6291.0835,,,,,,,
4.5983976e-05,0.0,,,,,,,576.60876,8611.116,6329.2554,2233.9182,1005.8826,-636.44165,23852.445,,,,,,618.4019,0.01603982820510864,8813.168444633484,785000,0.1328125,0.0063476562,41.712612,41.793175,0.019822836,4.5983976e-05,6358.325,0.08051583,0.0,5.696288,5.696288,0.1,1.0,0.0018114226,0.42136177,6273.042,,,,,,,
1.5532405e-05,0.0,,,,,,,581.0182,8355.8,6435.9053,3352.3481,389.25885,-734.3904,20481.102,,,,,,581.1865,0.01605221152305603,8893.429512739182,790000,0.05859375,0.0026041667,0.11296672,0.16832404,0.019097447,1.5532405e-05,6458.5947,0.05534179,0.0,5.121976,5.121976,0.1,1.0,0.0016174708,0.34614676,6545.151,,,,,,,
6.695115e-05,0.0,,,,,,,568.09436,8238.346,6435.825,2770.0952,1481.4196,-552.0706,30997.805,,,,,,568.2291,0.0161046639919281,8973.952843427658,795000,0.1171875,0.0055338545,0.06558959,0.13477184,0.06778574,6.695115e-05,6459.7666,0.0691153,0.0,7.470861,7.470861,0.1,1.0,0.0016023018,0.37118492,6442.32,,,,,,,
4.941427e-05,0.0,,,,,,,529.9819,8132.7793,6178.8555,-92.56688,543.604,-624.12366,20162.168,,,,,,530.12256,0.016051178407669068,9054.208741903305,800000,0.12890625,0.005859375,0.0728157,0.14070158,0.046086907,4.941427e-05,6202.1016,0.06783646,0.0,4.349494,4.349494,0.1,1.0,0.0019732227,0.4290279,6430.4478,,,,,,,
2.1882937e-05,0.0,,,,,,,414.12955,7910.5303,6076.4688,1714.2527,516.9392,-345.23178,16383.025,,,,,,414.5702,0.01797790689468384,9144.098283290863,805000,0.08984375,0.004231771,0.37544486,0.4406551,0.024690151,2.1882937e-05,6098.4385,0.06518838,0.0,4.99367,4.99367,0.1,1.0,0.002089533,0.3930335,6316.6846,,,,,,,
4.0032202e-05,0.0,,,,,,,480.26895,7819.043,6158.666,1318.9186,201.23311,-489.7428,18089.098,,,,,,483.5233,0.016062884664535523,9224.412717819214,810000,0.09765625,0.0047200522,3.13129,3.2543318,0.041635513,4.0032202e-05,6182.796,0.123001754,0.0,5.623251,5.623251,0.1,1.0,0.0015198195,0.35881382,6359.051,,,,,,,
5.8307993e-05,0.0,,,,,,,386.45544,7700.9077,6206.216,60.07935,302.05075,-338.9989,16051.867,,,,,,386.5791,0.01604190993309021,9304.622275829315,815000,0.0859375,0.0035807292,0.04422652,0.12364439,0.052159548,5.8307993e-05,6231.0054,0.07935956,0.0,5.8124228,5.8124228,0.1,1.0,0.0017746021,0.35201287,6547.7324,,,,,,,
2.3678547e-05,0.0,,,,,,,572.352,7511.1616,6159.874,793.4704,322.72165,-748.3418,17330.465,,,,,,572.8141,0.016068381595611574,9384.964191675186,820000,0.07421875,0.0032552085,0.41553926,0.46212712,0.029402971,2.3678547e-05,6184.7607,0.046564154,0.0,4.4627686,4.4627686,0.1,1.0,0.0015865571,0.38920233,6228.307,,,,,,,
2.4389961e-05,0.0,,,,,,,560.1936,7532.0894,6075.7275,493.99808,949.0774,-440.46637,22151.52,,,,,,560.42053,0.01607555046081543,9465.341951847076,825000,0.03125,0.0014648438,0.08593949,0.226943,0.050842047,2.4389961e-05,6101.168,0.14097913,0.0,11.599624,11.599624,0.1,1.0,0.001667467,0.36435518,6048.046,,,,,,,
3.616535e-05,0.0,,,,,,,688.90656,7586.131,5984.2393,1174.4053,1429.0515,-1487.8828,33032.65,,,,,,689.5076,0.016054692697525023,9545.61542224884,830000,0.1171875,0.005045573,0.4829722,0.60107124,0.02120769,3.616535e-05,6007.115,0.118062876,0.0,4.68447,4.68447,0.1,1.0,0.0021571494,0.38215595,5917.1523,,,,,,,
5.383654e-05,0.0,,,,,,,1266.3937,7653.06,6010.789,1103.8546,5643.8423,-4097.8677,145246.86,,,,,,1266.5443,0.016056059408187866,9625.895729064941,835000,0.1015625,0.004557292,0.08924575,0.15064986,0.06396341,5.383654e-05,6032.6807,0.061350267,0.0,4.7913046,4.7913046,0.1,1.0,0.0011365968,0.40037888,6175.391,,,,,,,
6.189861e-05,0.0,,,,,,,563.0879,7652.9746,6061.0664,1547.7124,746.6919,-335.5639,20865.898,,,,,,563.2229,0.016057718944549562,9706.184334516525,840000,0.11328125,0.0048828125,0.061203204,0.13502455,0.06952357,6.189861e-05,6084.2935,0.07375944,0.0,5.459699,5.459699,0.1,1.0,0.0020817968,0.39399025,6265.264,,,,,,,
1.8480487e-05,0.0,,,,,,,288.38452,7605.394,6019.3203,1210.8184,604.9072,-400.6184,13379.48,,,,,,288.574,0.016068012714385987,9786.52440905571,845000,0.08203125,0.0034179688,0.13350084,0.18949881,0.01813364,1.8480487e-05,6043.4585,0.055979498,0.0,5.4788823,5.4788823,0.1,1.0,0.0018353432,0.32213134,6340.5,,,,,,,
5.3499924e-05,0.0,,,,,,,463.73233,7772.2285,6121.1514,1991.9639,521.97217,-313.3239,21246.613,,,,,,490.04767,0.016053430843353273,9866.791573286057,850000,0.1640625,0.0071614585,26.277798,26.315327,0.06507158,5.3499924e-05,6145.659,0.03747566,0.0,5.5919857,5.5919857,0.1,1.0,0.0014452246,0.35462093,6049.698,,,,,,,
3.680822e-05,0.0,,,,,,,701.60815,7767.25,6125.205,3004.556,280.6631,-853.275,20095.266,,,,,,704.4314,0.016060949754714966,9947.096333265305,855000,0.09375,0.004231771,2.6474388,2.823252,0.03419423,3.680822e-05,6150.3853,0.1757764,0.0,5.762682,5.762682,0.1,1.0,0.0013888329,0.42788574,6070.463,,,,,,,
3.6259105e-05,0.0,,,,,,,487.46512,7799.576,6141.0693,2348.339,898.0348,-638.65906,18568.59,,,,,,487.5926,0.016022491693496704,10027.208801984787,860000,0.1015625,0.005045573,0.05760493,0.12748046,0.04049778,3.6259105e-05,6170.3887,0.06983927,0.0,5.03215,5.03215,0.1,1.0,0.0011790821,0.41093367,6238.5225,,,,,,,
2.3378623e-05,0.0,,,,,,,481.9956,7932.568,6123.921,1827.7467,536.77106,-594.8062,18497.936,,,,,,482.11246,0.01602199172973633,10107.318767786026,865000,0.09765625,0.0043945312,0.05675765,0.11685484,0.019963622,2.3378623e-05,6150.1255,0.060073808,0.0,5.263547,5.263547,0.1,1.0,0.0009655589,0.31313333,6182.9453,,,,,,,
4.7066096e-05,0.0,,,,,,,466.51675,7777.4585,6222.5767,-38.35887,799.1795,-821.5991,24227.203,,,,,,466.6236,0.016065730619430542,10187.647426843643,870000,0.05078125,0.002278646,0.05110441,0.10683989,0.081441045,4.7066096e-05,6248.8145,0.05568841,0.0,4.4259634,4.4259634,0.1,1.0,0.0013131669,0.33940467,6370.3623,,,,,,,
4.8367132e-05,0.0,,,,,,,503.67767,7761.898,6110.519,1088.905,468.04166,-1856.761,31053.898,,,,,,503.81708,0.01607954936027527,10268.045184612274,875000,0.12890625,0.0060221357,0.067148484,0.13940048,0.03170979,4.8367132e-05,6132.926,0.072203636,0.0,8.232336,8.232336,0.1,1.0,0.0020563558,0.40314662,6250.816,,,,,,,
0.00010684443,0.0,,,,,,,608.1925,7695.3193,5939.241,814.1011,544.0355,-479.65436,25175.3,,,,,,609.2864,0.01604888000488281,10348.28959441185,880000,0.1015625,0.0068359375,1.0399721,1.0938822,0.16413724,0.00010684443,5970.381,0.05380328,0.0,5.4282036,5.4282036,0.1,1.0,0.0014549873,0.29232255,6313.2915,,,,,,,
1.9102377e-05,0.0,,,,,,,450.3359,7643.3057,6001.708,602.2964,327.80963,-1086.8333,20701.334,,,,,,450.4474,0.016043393325805663,10428.506571531296,885000,0.07421875,0.0034179688,0.04663565,0.11147592,0.015099049,1.9102377e-05,6029.782,0.06482117,0.0,6.8795924,6.8795924,0.1,1.0,0.0015012503,0.39060053,5962.5166,,,,,,,
2.3528604e-05,0.0,,,,,,,444.4981,7652.3643,6092.037,471.0346,706.33154,-558.95685,18727.332,,,,,,444.61768,0.016046156692504882,10508.737364768982,890000,0.0546875,0.0026041667,0.07261821,0.11956834,0.03723073,2.3528604e-05,6115.0005,0.046926603,0.0,5.075841,5.075841,0.1,1.0,0.00088618416,0.37199533,6443.667,,,,,,,
2.7775222e-05,0.0,,,,,,,613.5773,7998.026,6000.824,-10.237886,898.2455,-811.9252,25852.893,,,,,,613.6944,0.016143213367462158,10589.453441381454,895000,0.08984375,0.0037434897,0.05406207,0.11713829,0.035677552,2.7775222e-05,6020.99,0.063048445,0.0,6.679476,6.679476,0.1,1.0,0.0019904885,0.38859528,5918.3613,,,,,,,
2.2711893e-05,0.0,,,,,,,461.32266,7832.311,6061.0728,2840.2402,359.5544,-1405.9529,22605.973,,,,,,461.50433,0.01596976890563965,10669.302292823792,900000,0.0859375,0.0040690107,0.052145015,0.1816685,0.02641201,2.2711893e-05,6084.7866,0.12950078,0.0,19.912195,19.912195,0.1,1.0,0.0027396695,0.37888643,6118.933,,,,,,,
3.441266e-05,0.0,,,,,,,1008.32666,7732.75,6135.998,2212.016,1161.2238,-952.3819,22885.383,,,,,,1008.57526,0.01802400221824646,10759.422313690186,905000,0.11328125,0.005045573,0.15233716,0.24856769,0.035057902,3.441266e-05,6158.9507,0.09619611,0.0,5.205078,5.205078,0.1,1.0,0.0012467994,0.3428163,6306.5303,,,,,,,
2.8774279e-05,0.0,,,,,,,365.33673,7793.0405,6095.2046,-319.56995,342.1882,-422.1213,14187.275,,,,,,365.4988,0.01602805790901184,10839.562609910965,910000,0.0625,0.0032552085,0.053818844,0.16208194,0.042209268,2.8774279e-05,6114.7935,0.108234316,0.0,4.968012,4.968012,0.1,1.0,0.0019169366,0.38327837,6211.692,,,,,,,
4.6872417e-05,0.0,,,,,,,494.5063,7630.5273,5901.3516,1205.0596,523.1825,-693.4551,18983.354,,,,,,494.72626,0.016025367164611816,10919.689452648163,915000,0.0859375,0.0040690107,0.10261005,0.21995589,0.039040685,4.6872417e-05,5924.88,0.11729895,0.0,5.3898177,5.3898177,0.1,1.0,0.0020682064,0.48307937,5676.722,,,,,,,
3.50252e-05,0.0,,,,,,,659.1831,7634.156,5886.198,2905.4138,669.29205,-290.28094,22627.36,,,,,,659.3361,0.01601149802207947,10999.746949911118,920000,0.09375,0.00390625,0.0953328,0.15301998,0.035005808,3.50252e-05,5910.786,0.05765214,0.0,6.2244596,6.2244596,0.1,1.0,0.0013919926,0.3639515,6204.2373,,,,,,,
3.011259e-05,0.0,,,,,,,303.35443,7476.981,6020.6074,-36.744698,286.16278,-760.3877,18045.373,,,,,,303.455,0.01599098310470581,11079.701872348785,925000,0.109375,0.0047200522,0.055794567,0.100541726,0.022953391,3.011259e-05,6045.0166,0.04471704,0.0,3.1506424,3.1506424,0.1,1.0,0.041825075,0.3880157,5896.6045,,,,,,,
4.215096e-05,0.0,,,,,,,654.5691,7623.1934,5997.075,225.58449,1081.3164,-674.6188,21690.225,,,,,,654.6807,0.01604124641418457,11159.908111810684,930000,0.12890625,0.0063476562,0.07721934,0.11163346,0.046788096,4.215096e-05,6027.1543,0.034371972,0.0,5.56775,5.56775,0.1,1.0,0.0013672087,0.31389973,6323.633,,,,,,,
2.876252e-05,0.0,,,,,,,660.77094,7496.5376,6082.5684,-65.699776,1317.0142,-466.64594,30319.424,,,,,,660.91815,0.01603944911956787,11240.105364561081,935000,0.09765625,0.004557292,0.09314891,0.14721748,0.022736669,2.876252e-05,6120.5166,0.054039817,0.0,5.535238,5.535238,0.1,1.0,0.0051379693,0.43578717,5728.929,,,,,,,
1.5741778e-05,0.0,,,,,,,632.51953,7619.0986,6012.7285,107.808365,301.44345,-487.7545,21880.16,,,,,,632.6655,0.01595535788536072,11319.882160663605,940000,0.06640625,0.003092448,0.06787929,0.14600922,0.033335805,1.5741778e-05,6042.0547,0.0781142,0.0,8.184083,8.184083,0.1,1.0,0.0020734947,0.37927482,5888.088,,,,,,,
2.3175147e-05,0.0,,,,,,,19005.9,7716.025,6180.6396,2532.14,26108.088,-13223.03,309019.06,,,,,,19006.107,0.016151657199859618,11400.640455722809,945000,0.08203125,0.0035807292,0.04962541,0.20642594,0.049240828,2.3175147e-05,6208.453,0.15677735,0.0,4.2227774,4.2227774,0.1,1.0,0.0013070444,0.33063412,5999.5923,,,,,,,
3.8050697e-05,0.0,,,,,,,626.35,7577.5156,6095.607,53.671112,427.3603,-717.7849,22727.469,,,,,,626.50397,0.01608222575187683,11481.051595687866,950000,0.09375,0.0040690107,0.08641227,0.15400502,0.0311836,3.8050697e-05,6122.248,0.06755468,0.0,4.657862,4.657862,0.1,1.0,0.0022391756,0.35204262,6093.336,,,,,,,
3.4450226e-05,0.0,,,,,,,440.85547,7544.2925,6131.581,-113.503716,537.2059,-1325.5881,30160.756,,,,,,440.93625,0.01606103000640869,11561.356752634048,955000,0.09765625,0.0040690107,0.04862107,0.08078392,0.06790459,3.4450226e-05,6151.798,0.0321284,0.0,3.181881,3.181881,0.1,1.0,0.00059198035,0.28011033,6629.4023,,,,,,,
3.578281e-05,0.0,,,,,,,365.45035,7552.309,5924.377,34.80363,252.61162,-406.4651,13393.061,,,,,,369.48834,0.016048449516296387,11641.599006652832,960000,0.09765625,0.004557292,3.9985282,4.0379944,0.04203689,3.578281e-05,5947.044,0.039430615,0.0,3.9870987,3.9870987,0.1,1.0,0.003034731,0.44819686,5696.7485,,,,,,,
5.343285e-05,0.0,,,,,,,450.80542,7555.192,6070.0825,2519.3994,1030.0778,-451.64575,20731.152,,,,,,450.9412,0.015937555885314942,11721.28679561615,965000,0.14453125,0.0066731772,0.07057884,0.13576087,0.044386268,5.343285e-05,6100.9927,0.06512859,0.0,5.1015105,5.1015105,0.1,1.0,0.0013386991,0.4359613,5651.291,,,,,,,
5.9109938e-05,0.0,,,,,,,410.82904,7635.2817,5874.2085,4.4140425,378.3566,-521.69495,18275.766,,,,,,410.90182,0.016016273736953735,11801.368170022964,970000,0.1484375,0.0068359375,0.04230962,0.07277744,0.06001687,5.9109938e-05,5898.677,0.03040871,0.0,4.5850534,4.5850534,0.1,1.0,0.0012847978,0.34706008,6180.345,,,,,,,
4.871275e-05,0.0,,,,,,,499.03577,7383.2427,6007.819,86.605515,281.97324,-221.74602,14234.242,,,,,,499.1657,0.01604356861114502,11881.586019992828,975000,0.11328125,0.0055338545,0.06371103,0.12993939,0.05458796,4.871275e-05,6035.9385,0.06617965,0.0,6.6242323,6.6242323,0.1,1.0,0.0009741568,0.40300173,6027.6216,,,,,,,
4.591696e-05,0.0,,,,,,,831.31726,7337.78,5897.539,-101.03027,1370.2782,-1611.9849,34584.05,,,,,,831.46387,0.016008401298522948,11961.628033399582,980000,0.125,0.005859375,0.10210308,0.1466252,0.0680989,4.591696e-05,5922.9473,0.04447622,0.0,4.9767685,4.9767685,0.1,1.0,0.0011692425,0.37622643,5882.2314,,,,,,,
3.896452e-05,0.0,,,,,,,473.10022,7629.4985,5922.2773,363.35077,540.9564,-423.77484,17995.86,,,,,,473.22327,0.016056956338882447,12041.912826538086,985000,0.10546875,0.005045573,0.06711139,0.12305683,0.040921688,3.896452e-05,5947.263,0.055906475,0.0,5.5888786,5.5888786,0.1,1.0,0.0012571502,0.33241934,6291.4067,,,,,,,
1.4267338e-05,0.0,,,,,,,418.24878,7545.763,6005.102,40.546894,442.1773,-510.42508,13805.971,,,,,,418.43707,0.016069590044021607,12122.26078748703,990000,0.0625,0.0027669272,0.13679546,0.18828557,0.022843242,1.4267338e-05,6024.7,0.051475845,0.0,3.765876,3.765876,0.1,1.0,0.0012804549,0.41229814,6135.574,,,,,,,
4.0748295e-05,0.0,,,,,,,397.55377,7579.075,5934.5015,66.07777,304.63492,-641.7536,15732.523,,,,,,397.6768,0.016031265830993652,12202.417122840881,995000,0.11328125,0.005045573,0.058120385,0.12302508,0.03384757,4.0748295e-05,5961.759,0.06486395,0.0,5.5813575,5.5813575,0.1,1.0,0.0009391721,0.35022575,6052.796,,,,,,,
3.2259442e-05,0.0,,,,,,,1090.0182,7619.358,6003.717,2076.3352,1244.0807,-1021.22253,38657.46,,,,,,1090.1339,0.016031652879714964,12282.575396060944,1000000,0.10546875,0.005045573,0.059178542,0.11578122,0.031175256,3.2259442e-05,6032.0127,0.05657041,0.0,6.3704834,6.3704834,0.1,1.0,0.0017234399,0.41888127,5827.0347,,,,,,,
3.8240476e-05,0.0,,,,,,,629.0023,7649.3066,6000.456,3122.8665,446.79718,-456.87424,20912.695,,,,,,629.18665,0.02186677794456482,12391.909292936325,1005000,0.1015625,0.005045573,0.107967615,0.18430069,0.041565537,3.8240476e-05,6023.2124,0.07629484,0.0,3.8920524,3.8920524,0.1,1.0,0.0012635045,0.37646934,5903.944,0.0,5000.0,0.7455036419154302,80.83991366030446,100.0,1.8995308876037598,-0.5174474604842099
3.062546e-05,0.0,,,,,,,734.0543,7656.6875,5875.0713,-15.876474,1437.1206,-935.40564,31541.863,,,,,,738.485,0.020081130409240724,12492.314955711365,1010000,0.11328125,0.005859375,4.4044037,4.4306774,0.03818214,3.062546e-05,5893.5986,0.026243072,0.0,4.4441404,4.4441404,0.1,1.0,0.0013018928,0.37230226,6114.4956,0.0,10000.0,0.6431379075173345,31.67679019888055,100.0,1.9371569156646729,-2.1669010370539277
3.7530634e-05,0.0,,,,,,,808.8567,7592.1875,5828.3706,-91.21592,548.68567,-1416.1174,25671.836,,,,,,809.41766,0.01998221845626831,12592.226054668427,1015000,0.0859375,0.0040690107,0.47109902,0.56097776,0.061291695,3.7530634e-05,5853.2646,0.08984121,0.0,5.0762863,5.0762863,0.1,1.0,0.0014573057,0.42062116,5945.4355,0.0,15000.0,10.885383961347806,743.1082813262814,100.0,1.9067473411560059,21.702070966834118
2.9047214e-05,0.0,,,,,,,757.99304,7556.352,5802.2446,2045.503,1315.8025,-784.824,33002.223,,,,,,758.10736,0.01990004334449768,12691.726278543472,1020000,0.0859375,0.0043945312,0.052320626,0.11434473,0.016902924,2.9047214e-05,5822.5234,0.061995056,0.0,5.1405377,5.1405377,0.1,1.0,0.0018739294,0.37407643,5675.034,1.0,20000.0,60.92047668813377,3177.716794023391,100.0,1.9244012832641602,103.38471104494724
6.553265e-05,0.0,,,,,,,1790.1279,7544.4497,5843.539,1563.2621,1072.4448,-2979.55,50686.93,,,,,,1790.57,0.020050485038757324,12791.978710889816,1025000,0.109375,0.0053710938,0.23156588,0.44198695,0.077922225,6.553265e-05,5865.419,0.21035552,0.0,7.582332,7.582332,0.1,1.0,0.0016516865,0.3720337,5705.61,1.0,25000.0,60.92011401199403,4958.094359920558,100.0,2.4644036293029785,163.1174931985838
2.9122031e-05,0.0,,,,,,,4036.15,7216.762,5697.9316,117.13107,1108.2896,-1604.1698,62627.008,,,,,,4037.335,0.01973218593597412,12890.63964676857,1030000,0.1015625,0.004231771,0.837324,1.1851399,0.018981338,2.9122031e-05,5720.4316,0.34778675,0.0,6.9219913,6.9219913,0.1,1.0,0.0020688698,0.41888356,5589.3535,1.0,30000.0,60.94067042187572,3877.944074916411,100.0,1.9312090873718262,126.87777477973925
1.4464953e-05,0.0,,,,,,,1327.7693,7331.322,5619.4424,821.1442,1411.9297,-2064.4258,54481.42,,,,,,1328.041,0.019859671831130982,12989.938012361526,1035000,0.03515625,0.001953125,0.068231635,0.27167034,0.017876863,1.4464953e-05,5634.074,0.20342426,0.0,4.3809237,4.3809237,0.1,1.0,0.002527224,0.47309917,5610.7676,1.0,34990.0,60.91850409172161,2648.3911347297203,100.0,1.9180512428283691,85.62550372816337
4.0014664e-05,0.0,,,,,,,1433.0868,7427.4014,5501.3477,-66.97828,2102.6177,-824.4255,42127.992,,,,,,1437.7526,0.020029159116744993,13090.083814144135,1040000,0.1015625,0.004557292,4.4909096,4.665774,0.036945462,4.0014664e-05,5525.6074,0.17482421,0.0,6.0386705,6.0386705,0.1,1.0,0.004005701,0.33046553,5744.1396,1.0,39990.0,60.91403910798073,3743.476903505314,100.0,1.9594707489013672,122.36631697968143
4.365825e-05,0.0,,,,,,,2001.0007,8027.5215,5533.1777,426.03754,1420.4163,-3267.433,68525.71,,,,,,2013.452,0.019892545747756958,13189.546550989151,1045000,0.12890625,0.0055338545,12.126147,12.45132,0.025595665,4.365825e-05,5558.5674,0.32512844,0.0,14.358877,14.358877,0.1,1.0,0.0061288034,0.37112412,5525.8555,0.0,44990.0,0.5155146857451136,246.12120243493834,100.0,1.9141278266906738,5.027843271974802
2.315726e-05,0.0,,,,,,,2130.5178,7894.312,5709.992,421.34415,2591.9656,-2919.6943,79369.16,,,,,,2130.7715,0.020021585893630983,13289.654486894608,1050000,0.0703125,0.0032552085,0.10360643,0.25357342,0.031785607,2.315726e-05,5730.28,0.14994383,0.0,5.4801235,5.4801235,0.1,1.0,0.0024191942,0.39709508,5737.117,1.0,49990.0,60.912915826548215,4955.55279610457,100.0,1.9132750034332275,163.0322221411081
2.716181e-05,0.0,,,,,,,1263.6382,8015.702,5632.624,55.60536,927.91077,-1155.6855,40224.96,,,,,,1264.9034,0.019761091232299806,13388.459950208664,1055000,0.07421875,0.00390625,0.99720955,1.2652527,0.023237586,2.716181e-05,5646.799,0.26801598,0.0,5.8910065,5.8910065,0.1,1.0,0.002978766,0.3809644,5681.5127,0.0,54990.0,0.6952616733358643,39.41157044968678,100.0,1.955935001373291,-1.9073943163573897
1.9163554e-05,0.0,,,,,,,1759.7627,8756.123,5563.465,1990.7864,1155.3044,-1217.7087,47584.984,,,,,,1760.1593,0.019942518949508665,13488.172553062439,1060000,0.05859375,0.0029296875,0.19991273,0.39663044,0.017354488,1.9163554e-05,5578.3223,0.19669855,0.0,8.118653,8.118653,0.1,1.0,0.004056965,0.3640513,5733.4927,1.0,59990.0,60.94117988786905,3562.778414255212,100.0,1.9237806797027588,116.30376951749271
4.7384667e-05,0.0,,,,,,,2402.1707,8699.846,5491.337,2368.3943,1620.8243,-1386.2634,77483.734,,,,,,3372.842,0.01986140685081482,13587.479594945908,1065000,0.09375,0.004231771,969.61224,970.6714,0.059927702,4.7384667e-05,5510.0264,1.0590876,0.0,11.270817,11.270817,0.1,1.0,0.0037793485,0.49856538,5389.4077,1.0,64990.0,60.92940127997859,4833.381639642658,100.0,1.9367952346801758,158.93330334198262
1.573291e-05,0.0,,,,,,,1742.3464,9228.764,5567.301,285.65756,1920.4794,-1059.7672,52737.344,,,,,,1752.6678,0.019738794898986816,13686.173576116562,1070000,0.0703125,0.003092448,10.014536,10.321437,0.022192359,1.573291e-05,5594.4478,0.3068858,0.0,7.8844676,7.8844676,0.1,1.0,0.002141701,0.39246386,5396.628,1.0,69990.0,60.90140337231044,1742.005744669589,100.0,1.9278488159179688,55.215706340934425
2.1431111e-05,0.0,,,,,,,1258.0879,9246.195,5636.789,1515.587,1308.9584,-1419.9445,43173.977,,,,,,4592.048,0.01976145820617676,13784.980873584747,1075000,0.078125,0.0037434897,3333.7368,3333.96,0.015475392,2.1431111e-05,5656.6475,0.22319743,0.0,6.5161395,6.5161395,0.1,1.0,0.0026836488,0.3604928,5822.216,1.0,74990.0,60.92841862593055,3353.4407164651047,100.0,1.9196112155914307,109.2803586757935
5.5665907e-05,0.0,,,,,,,1846.8446,9014.697,5709.4116,1172.8738,1181.544,-1374.929,55503.96,,,,,,1847.1293,0.019868363189697265,13884.322697401047,1080000,0.1328125,0.006510417,0.12511729,0.28465635,0.042630315,5.5665907e-05,5732.383,0.15948339,0.0,6.571619,6.571619,0.1,1.0,0.0031246936,0.34663147,5813.139,1.0,79990.0,60.89230247341143,3465.230586915309,100.0,1.9420340061187744,113.03097882878352
3.6603422e-05,0.0,,,,,,,1507.607,8865.075,5967.9375,880.9593,1744.752,-1052.1241,54058.72,,,,,,1507.7692,0.01987454571723938,13983.695433139801,1085000,0.0859375,0.0037434897,0.059945345,0.16206366,0.033322573,3.6603422e-05,5986.475,0.10208171,0.0,4.562359,4.562359,0.1,1.0,0.0020261286,0.35998344,6475.2803,0.0,84990.0,-0.185079254676496,-21.300492902806976,100.0,1.9146647453308105,-3.9443220578641887
3.6873935e-05,0.0,,,,,,,3852.6318,8843.367,5750.7695,32.0875,5466.095,-6612.4663,137211.67,,,,,,3857.812,0.019808434295654296,14082.737612247467,1090000,0.140625,0.0063476562,4.957117,5.180149,0.015753984,3.6873935e-05,5773.127,0.22299537,0.0,6.0202427,6.0202427,0.1,1.0,0.002347786,0.44760078,5973.5703,1.0,89990.0,60.9103989161214,4452.567754294821,100.0,1.9165639877319336,146.15675903459598
4.9901526e-05,0.0,,,,,,,1775.0336,8619.701,5920.5874,813.0182,1231.291,-1769.7745,55226.914,,,,,,1775.8629,0.01979968147277832,14181.736026525497,1095000,0.12109375,0.0060221357,0.5384609,0.8294005,0.039592028,4.9901526e-05,5942.8657,0.29088968,0.0,5.5619917,5.5619917,0.1,1.0,0.002934937,0.31242698,6306.749,1.0,94990.0,60.932529181528096,4482.171446747832,100.0,2.021434783935547,147.1499814533181
7.971993e-05,0.0,,,,,,,1247.0717,8041.879,5724.28,2183.0652,817.93024,-793.4256,40141.945,,,,,,1280.2589,0.019743034410476683,14280.45120549202,1100000,0.12890625,0.006184896,32.890915,33.187225,0.077260375,7.971993e-05,5742.9,0.29623145,0.0,9.00585,9.00585,0.1,1.0,0.0041696136,0.40639514,5508.7007,0.0,99990.0,0.8047941881682571,56.47535186787021,100.0,1.9308221340179443,-1.334893764961151
3.2071977e-05,0.0,,,,,,,1419.6055,8193.6875,5791.6494,2068.2334,842.3168,-2220.0034,46270.785,,,,,,1429.4906,0.02173494839668274,14389.12595462799,1105000,0.15234375,0.0066731772,9.558834,9.88513,0.018955588,3.2071977e-05,5804.6924,0.3262638,0.0,9.36328,9.36328,0.1,1.0,0.0042392365,0.34077156,5715.38,1.0,104990.0,60.90724888136761,4688.690434449476,100.0,1.9501266479492188,154.07882280655966
3.51232e-05,0.0,,,,,,,2442.096,8698.779,5768.4404,1900.8173,3534.3223,-2964.3206,86196.66,,,,,,2442.7625,0.019953989362716675,14488.895907878876,1110000,0.07421875,0.0032552085,0.5642595,0.66652626,0.045733094,3.51232e-05,5790.3936,0.10223161,0.0,5.926801,5.926801,0.1,1.0,0.001830586,0.39976233,5879.7285,1.0,109990.0,60.943940968277126,3818.4172720075403,100.0,1.9108843803405762,124.88061326828972
4.2115164e-05,0.0,,,,,,,2117.6362,8789.281,5671.761,1731.1212,2102.363,-1573.3326,65829.96,,,,,,2118.0322,0.019771456527709962,14587.753197908401,1115000,0.08203125,0.0037434897,0.25061727,0.39590093,0.032125473,4.2115164e-05,5690.452,0.14524156,0.0,5.788151,5.788151,0.1,1.0,0.0040072566,0.41401872,5638.0396,0.0,114990.0,10.879115268487563,541.8384775101396,100.0,1.919231653213501,14.949343019828992
4.841628e-05,0.0,,,,,,,1677.8901,8429.0625,5736.951,2077.657,2697.176,-3224.4329,71605.445,,,,,,1678.1157,0.02001551513671875,14687.830780744553,1120000,0.10546875,0.0048828125,0.07839065,0.22557487,0.054100275,4.841628e-05,5757.448,0.1471358,0.0,7.45918,7.45918,0.1,1.0,0.0034962236,0.35288203,5936.7676,1.0,119990.0,60.94317554105133,3649.480258066566,100.0,1.9545958042144775,119.21267066739709
3.5837293e-05,0.0,,,,,,,1420.0261,9017.535,5766.631,36.642017,1704.5746,-1830.3333,51500.242,,,,,,1420.4214,0.01986314353942871,14787.146505594254,1125000,0.08203125,0.0035807292,0.1114887,0.39526224,0.059358835,3.5837293e-05,5787.7905,0.28373772,0.0,7.040199,7.040199,0.1,1.0,0.0033566854,0.39854893,5777.556,1.0,124990.0,60.92852096154381,3052.273295389723,100.0,1.9084374904632568,99.17600311691909
5.4685537e-05,0.0,,,,,,,2438.19,8163.2495,5622.758,130.0512,6843.063,-3640.998,111449.93,,,,,,2438.3933,0.01979180393218994,14886.105532169342,1130000,0.1171875,0.0060221357,0.09439533,0.20343857,0.04906106,5.4685537e-05,5660.758,0.108988546,0.0,6.2783365,6.2783365,0.1,1.0,0.002717942,0.41030157,5636.166,1.0,129990.0,60.91078704502341,4913.287220000663,100.0,1.905874252319336,161.61418559741554
2.8098275e-05,0.0,,,,,,,1565.4025,8245.406,5805.1416,835.6553,1298.0977,-931.12964,47709.742,,,,,,1565.7833,0.019721895837783814,14984.715018033981,1135000,0.046875,0.001953125,0.22630069,0.38090032,0.076477766,2.8098275e-05,5825.74,0.15457153,0.0,5.1856155,5.1856155,0.1,1.0,0.0015549848,0.38086972,5994.094,1.0,134990.0,60.94173762407682,3478.682700294901,100.0,1.9194469451904297,113.48230565596937
4.428625e-05,0.0,,,,,,,1466.8923,9455.198,5769.676,1052.5828,1574.6423,-791.27423,37081.88,,,,,,1467.1532,0.01970742883682251,15083.252168893814,1140000,0.11328125,0.0048828125,0.10764466,0.26087832,0.03659022,4.428625e-05,5786.658,0.15318939,0.0,7.523593,7.523593,0.1,1.0,0.004182077,0.28554755,5626.3174,1.0,139990.0,60.93302376131262,4816.509906340012,100.0,1.9013147354125977,158.36724612511728
6.335619e-05,0.0,,,,,,,1185.2363,8367.352,5899.5044,993.4974,1534.1113,-1375.3989,47597.6,,,,,,1185.4491,0.01975472388267517,15182.025795698166,1145000,0.14453125,0.0066731772,0.07003586,0.21278802,0.045810223,6.335619e-05,5917.427,0.1426888,0.0,5.602253,5.602253,0.1,1.0,0.0025469733,0.3423816,5758.8457,0.0,144990.0,10.868104956103549,4033.9713115571017,100.0,1.911374568939209,132.11258626850108
2.607777e-05,0.0,,,,,,,1918.8739,8207.29,5641.6787,1782.2032,2156.3918,-2079.6902,59676.633,,,,,,1919.2273,0.01981403932571411,15281.096000909805,1150000,0.09375,0.004231771,0.051905416,0.35341224,0.031138062,2.607777e-05,5658.245,0.30148074,0.0,7.8299828,7.8299828,0.1,1.0,0.004313748,0.43598685,5721.491,1.0,149990.0,60.94628829034774,5018.652482574085,100.0,1.9256203174591064,165.1492561332473
0.0001465542,0.0,,,,,,,1387.0906,7655.1553,5530.962,1751.8046,874.78564,-904.9206,38744.375,,,,,,1387.8723,0.01984737377166748,15380.332877159119,1155000,0.26953125,0.014811198,0.61438394,0.7817199,0.09335923,0.0001465542,5548.946,0.1671894,0.0,7.275163,7.275163,0.1,1.0,0.0030090434,0.4144191,5643.811,0.0,154990.0,0.17981835333096852,-28.621578575973743,100.0,1.9088609218597412,-4.189949066438076
3.4227425e-05,0.0,,,,,,,1129.0159,7547.3486,5744.4736,1313.1364,1084.69,-1733.3684,39756.07,,,,,,1129.2211,0.019804237127304076,15479.35407114029,1160000,0.078125,0.0035807292,0.14150709,0.20525055,0.06093657,3.4227425e-05,5762.3604,0.06370923,0.0,7.6502266,7.6502266,0.1,1.0,0.0014014352,0.33085227,5987.092,1.0,159990.0,60.92663296952624,5280.527433471552,100.0,1.9134812355041504,173.93532471391381
3.493752e-05,0.0,,,,,,,1096.4861,7585.559,5699.433,2363.188,1607.7639,-1520.9062,47062.773,,,,,,1096.8074,0.019891191959381105,15578.810039043427,1165000,0.0859375,0.004231771,0.13421805,0.32132828,0.031799912,3.493752e-05,5711.2583,0.18707532,0.0,6.065336,6.065336,0.1,1.0,0.0020438272,0.40098152,5759.5024,1.0,164990.0,60.916578425047014,4550.00570441322,100.0,2.4906136989593506,149.42586327372197
3.6743393e-05,0.0,,,,,,,1449.283,7536.3877,5640.003,-7.7157,1290.096,-1366.1945,47776.87,,,,,,1449.4874,0.019782617282867433,15677.723133325577,1170000,0.0703125,0.003092448,0.103469685,0.20452583,0.03238392,3.6743393e-05,5657.131,0.101019405,0.0,6.0597954,6.0597954,0.1,1.0,0.0028748228,0.3697377,5840.306,0.0,169990.0,-0.19376227282783687,12.996038180799397,100.0,1.901487112045288,-2.7936519645740945
0.000112520356,0.0,,,,,,,1677.1952,7567.8115,5575.384,-140.02495,1024.2112,-1030.2927,53213.824,,,,,,1677.4939,0.019814519548416138,15776.79573893547,1175000,0.11328125,0.0066731772,0.070832744,0.29867685,0.068456054,0.000112520356,5592.1367,0.22773159,0.0,8.701904,8.701904,0.1,1.0,0.0037895923,0.3876679,5528.5737,1.0,174990.0,60.93838756671781,4914.755958746218,100.0,1.9172675609588623,161.66346270200805
8.2628845e-05,0.0,,,,,,,1490.2041,7690.9395,5702.752,2447.7896,1994.6187,-1833.5339,56454.79,,,,,,1490.4298,0.01980648593902588,15875.828176498413,1180000,0.1953125,0.0087890625,0.10494896,0.22573443,0.0614779,8.2628845e-05,5718.667,0.12070285,0.0,5.6211834,5.6211834,0.1,1.0,0.0028798138,0.310736,5825.02,1.0,179990.0,60.89642886206855,1541.6804743156667,100.0,1.9586822986602783,48.494668083024635
8.300044e-05,0.0,,,,,,,12104.592,7492.9727,5659.5615,2073.6997,13190.013,-11555.914,280157.06,,,,,,12105.0,0.019816009616851808,15974.908230781555,1185000,0.1796875,0.009277344,0.12914097,0.40837958,0.04593444,8.300044e-05,5670.3076,0.2791556,0.0,5.38891,5.38891,0.1,1.0,0.0030319998,0.3552085,5772.6846,1.0,184990.0,60.95207170115354,3412.7935750502716,100.0,1.9026081562042236,111.27168424626414
3.168307e-05,0.0,,,,,,,2567.5469,8033.0977,5732.4756,-93.095055,2308.314,-4333.849,84076.47,,,,,,2567.7834,0.019840237426757813,16074.109427452087,1190000,0.05078125,0.002278646,0.13532162,0.23650296,0.057457328,3.168307e-05,5746.8003,0.10114966,0.0,5.035055,5.035055,0.1,1.0,0.0027932154,0.34548268,5785.022,1.0,189990.0,60.936611931151376,1921.420782214951,100.0,1.9397649765014648,61.23519319477104
2.0778796e-05,0.0,,,,,,,1625.7885,8871.158,5683.7017,296.974,1553.3595,-1673.2976,48729.684,,,,,,1626.0436,0.019806362915039063,16173.141248464584,1195000,0.0859375,0.0040690107,0.04205274,0.255108,0.01944232,2.0778796e-05,5706.4927,0.2130345,0.0,6.687357,6.687357,0.1,1.0,0.0031557446,0.39639962,5821.505,1.0,194990.0,60.88778752710847,1706.7752669216586,100.0,2.379154682159424,54.03370175224753
5.1372415e-05,0.0,,,,,,,2455.9531,8970.739,5945.751,122.48645,1142.4977,-4394.373,75215.86,,,,,,2456.1252,0.019832397174835203,16272.303242444992,1200000,0.09765625,0.004557292,0.07518296,0.1722341,0.09086621,5.1372415e-05,5972.53,0.096999764,0.0,6.079186,6.079186,0.1,1.0,0.003660628,0.34037122,6228.34,1.0,199990.0,60.91520267486834,5220.039021506626,100.0,1.9137389659881592,171.90590061650357
5.2449956e-05,0.0,,,,,,,1813.3595,8681.05,5953.5254,2261.7883,2296.654,-2185.3894,61868.734,,,,,,1813.6705,0.02185509877204895,16381.578743934631,1205000,0.09765625,0.0047200522,0.07807438,0.31097466,0.12115824,5.2449956e-05,5969.3994,0.23284784,0.0,5.956418,5.956418,0.1,1.0,0.0027583556,0.4112404,5803.815,1.0,204990.0,60.94336272661897,4866.659921110257,100.0,1.9182567596435547,160.04981052305897
3.514181e-05,0.0,,,,,,,2005.7551,8221.906,5845.909,2090.6802,1835.0984,-1525.7106,63140.64,,,,,,2005.9055,0.019907752275466917,16481.117512702942,1210000,0.078125,0.0037434897,0.067117274,0.15044105,0.031065702,3.514181e-05,5865.851,0.08328865,0.0,3.5171707,3.5171707,0.1,1.0,0.0016423326,0.30597338,6103.5938,1.0,209990.0,60.94421827088853,5078.162559574833,100.0,1.921060562133789,167.14585648000605
3.9187824e-05,0.0,,,,,,,1151.326,7909.3105,5959.6597,83.65235,1098.6543,-845.39795,31916.588,,,,,,1159.6403,0.01989034729003906,16580.569256544113,1215000,0.109375,0.005045573,8.140952,8.314159,0.03330171,3.9187824e-05,5975.66,0.1731678,0.0,6.0533,6.0533,0.1,1.0,0.0034107468,0.35455078,5925.6973,1.0,214990.0,60.93515080159345,4897.437504645044,100.0,1.9561350345611572,161.08241772262923
3.1690928e-05,0.0,,,,,,,1902.6035,8397.239,5884.5786,1263.7462,1778.8883,-953.3647,57712.113,,,,,,1903.7019,0.0199626305103302,16680.38241505623,1220000,0.12890625,0.0060221357,0.91547775,1.0984292,0.022451043,3.1690928e-05,5901.1387,0.18291979,0.0,6.11595,6.11595,0.1,1.0,0.0037967484,0.31638092,6127.085,1.0,219990.0,60.93670200351052,5210.989777026822,100.0,2.391721487045288,171.60229279784699
3.184382e-05,0.0,,,,,,,1621.4587,8039.6533,5783.5195,2079.6387,1334.4575,-1919.7843,58943.254,,,,,,1643.3152,0.019896563529968263,16779.86523938179,1225000,0.0703125,0.003092448,21.480453,21.856401,0.029559374,3.184382e-05,5796.8374,0.3759153,0.0,7.9040303,7.9040303,0.1,1.0,0.0033371947,0.42776936,5677.5176,1.0,224990.0,60.92583636272233,3675.6230143642924,100.0,1.9274370670318604,120.0897765109774
7.856404e-06,0.0,,,,,,,1501.6733,7485.2,5730.941,2165.4966,927.3568,-1299.5508,44918.406,,,,,,1502.1439,0.019946360158920286,16879.597046613693,1230000,0.0390625,0.0016276042,0.34319946,0.47058725,0.010236502,7.856404e-06,5746.7744,0.12737994,0.0,5.760548,5.760548,0.1,1.0,0.0029215235,0.36530074,5892.958,0.0,229990.0,10.849530874742324,782.0093588236442,100.0,1.9521212577819824,23.00722647553138
3.906815e-05,0.0,,,,,,,1742.3811,7508.141,5907.1387,711.3801,1657.0898,-1368.7096,55522.727,,,,,,1743.1062,0.01974413194656372,16978.317712783813,1235000,0.109375,0.0053710938,0.28018093,0.7250529,0.03471768,3.906815e-05,5925.5166,0.44483292,0.0,9.919132,9.919132,0.1,1.0,0.0034543236,0.37844095,5994.8496,1.0,234990.0,60.90628779805573,3005.3206214448255,100.0,1.9165654182434082,97.60071150574447
3.8178077e-05,0.0,,,,,,,1097.0194,7560.4214,5874.8604,1349.5134,715.7275,-1745.9995,40882.164,,,,,,1097.4476,0.019820915126800537,17077.422295808792,1240000,0.1328125,0.0063476562,0.22035801,0.42819265,0.021629691,3.8178077e-05,5889.009,0.20779644,0.0,6.2654934,6.2654934,0.1,1.0,0.0015888516,0.41074038,5508.4688,1.0,239990.0,60.93269780764848,5331.4168649333205,100.0,1.947608232498169,175.6426970048562
2.4506784e-05,0.0,,,,,,,847.4974,7297.3857,5818.74,1058.8375,845.08246,-1169.7156,31638.078,,,,,,854.09955,0.019848056840896605,17176.66258740425,1245000,0.1015625,0.0047200522,6.465429,6.6021576,0.02007854,2.4506784e-05,5833.033,0.13670456,0.0,5.690074,5.690074,0.1,1.0,0.0025295685,0.36560994,5790.935,1.0,244990.0,60.95189780132143,3798.5628561714384,100.0,1.9394845962524414,124.21448518476271
6.088566e-05,0.0,,,,,,,980.12994,7316.762,5733.386,808.3092,749.7338,-1020.03503,39736.03,,,,,,980.301,0.019771923303604125,17275.522211551666,1250000,0.1015625,0.004557292,0.09580146,0.17107049,0.063667536,6.088566e-05,5748.4287,0.07520814,0.0,3.7642844,3.7642844,0.1,1.0,0.002233566,0.37139267,5945.9785,1.0,249990.0,60.93050567964717,4605.575826393728,100.0,1.9058291912078857,151.29027566247277
2.582125e-05,0.0,,,,,,,1120.821,7274.7876,5876.4883,604.4172,733.6683,-1675.7737,42620.63,,,,,,1129.9049,0.019979600858688353,17375.42022228241,1255000,0.0859375,0.0035807292,9.029813,9.083855,0.03040576,2.582125e-05,5889.5034,0.0540158,0.0,4.258288,4.258288,0.1,1.0,0.0015563439,0.3759619,6076.7305,1.0,254990.0,60.91518768559449,3609.853789882408,100.0,2.462090492248535,117.88317784694047
7.625124e-05,0.0,,,,,,,1302.9409,7527.9116,5532.4727,-43.939983,939.7585,-1866.0447,52470.914,,,,,,1304.0846,0.019782655143737792,17474.333505392075,1260000,0.12890625,0.0055338545,0.96665955,1.1436913,0.081483364,7.625124e-05,5548.659,0.1769554,0.0,5.7502184,5.7502184,0.1,1.0,0.0021842923,0.40286696,5905.511,0.0,259990.0,10.872804919197005,1104.160369474423,100.0,1.9557216167449951,33.815594603940085
6.3793734e-05,0.0,,,,,,,1885.3772,7908.5884,5628.246,263.2952,2166.6145,-1826.8447,67916.766,,,,,,1885.6029,0.019925893926620482,17573.96298146248,1265000,0.12109375,0.0056966147,0.0626587,0.22573052,0.054149628,6.3793734e-05,5647.5244,0.16300803,0.0,8.328227,8.328227,0.1,1.0,0.0028890835,0.3266151,5557.7554,1.0,264990.0,60.937341545186484,4468.196960780404,100.0,1.9081332683563232,146.6811286987167
4.9858045e-05,0.0,,,,,,,1428.6836,8208.79,5789.4316,795.54596,1121.1191,-1855.8853,43915.35,,,,,,1428.8207,0.019917846965789795,17673.552222967148,1270000,0.11328125,0.0053710938,0.04830077,0.13713668,0.090620756,4.9858045e-05,5811.2495,0.08878605,0.0,4.8438654,4.8438654,0.1,1.0,0.0018892072,0.36443362,5820.95,0.0,269990.0,10.873224597823034,3953.458136516958,100.0,2.4473862648010254,129.41131883102523
2.0320935e-05,0.0,,,,,,,1923.3774,8088.429,5780.7017,2465.003,1512.6089,-1047.5988,47560.992,,,,,,1923.5085,0.019986741399765015,17773.485942602158,1275000,0.0703125,0.003092448,0.030607805,0.13115413,0.027327895,2.0320935e-05,5804.177,0.100526005,0.0,5.8499584,5.8499584,0.1,1.0,0.002474533,0.36388093,5594.71,1.0,274990.0,60.95114159551694,3719.312259545238,100.0,1.9608204364776611,121.5555780436625
3.423678e-05,0.0,,,,,,,1279.5032,7859.092,5766.0146,2235.6145,1019.1772,-1664.864,46642.793,,,,,,1285.8813,0.020460145616531374,17875.786678791046,1280000,0.0703125,0.003092448,6.2937107,6.3781986,0.044050694,3.423678e-05,5784.2495,0.08445352,0.0,7.6965427,7.6965427,0.1,1.0,0.0022679544,0.2859745,5696.8755,1.0,279990.0,60.91793635299283,4966.23595373495,100.0,1.9560556411743164,163.39064876907278
4.47017e-05,0.0,,,,,,,1690.6841,8577.239,5731.2764,1766.7426,3505.2231,-5044.465,66923.19,,,,,,1690.9939,0.020138046979904175,17976.47692155838,1285000,0.11328125,0.0052083335,0.17632526,0.30978402,0.022938132,4.47017e-05,5747.523,0.13341406,0.0,4.6980104,4.6980104,0.1,1.0,0.0019499671,0.3412722,5848.2783,0.0,284990.0,0.7262749996420754,95.43841862657644,100.0,1.928788661956787,-0.02765847773004772
2.7482418e-05,0.0,,,,,,,1673.8768,8081.4126,5807.042,1373.3114,1643.5784,-2555.9229,52011.727,,,,,,1674.1,0.020089777946472168,18076.925818920135,1290000,0.078125,0.0037434897,0.082297735,0.22313559,0.03636253,2.7482418e-05,5823.5195,0.14081037,0.0,5.8996162,5.8996162,0.1,1.0,0.0026397284,0.3910461,5842.1475,0.0,289990.0,10.861351218540193,620.1986718993282,100.0,2.496797561645508,17.578376608334885
6.786261e-05,0.0,,,,,,,963.2499,8103.4604,5801.8525,-128.62799,1119.0803,-614.2903,40356.68,,,,,,963.438,0.019963222217559813,18176.741945028305,1295000,0.1328125,0.0068359375,0.09595051,0.18813512,0.061069727,6.786261e-05,5816.357,0.09211676,0.0,8.030136,8.030136,0.1,1.0,0.0023974588,0.4023584,5856.3433,1.0,294990.0,60.91729417377151,1281.851455316593,100.0,2.359957456588745,39.77724179864895
7.6359414e-05,0.0,,,,,,,1699.2458,7769.608,5860.2236,2040.6915,766.7852,-2335.0981,57164.56,,,,,,1703.6897,0.019922178411483766,18276.35284423828,1300000,0.17578125,0.008300781,4.2927046,4.4438434,0.046296954,7.6359414e-05,5873.66,0.15106261,0.0,8.848904,8.848904,0.1,1.0,0.0018054718,0.31641287,5783.6094,1.0,299990.0,60.94872418693875,5099.775170283779,100.0,1.9327831268310547,167.87097310244465
3.841407e-05,0.0,,,,,,,1261.4504,8010.0312,5953.0566,1589.5848,843.3458,-752.79706,35639.14,,,,,,1261.6338,0.021983294820785523,18386.269325256348,1305000,0.10546875,0.004557292,0.04872439,0.18336219,0.03173983,3.841407e-05,5970.872,0.13459939,0.0,6.106121,6.106121,0.1,1.0,0.0037783466,0.35555086,6038.959,1.0,304990.0,60.947440502314336,5088.730812250958,100.0,1.9408433437347412,167.5004279748055
3.6356818e-05,0.0,,,,,,,1792.6128,7910.8945,5772.217,6.8030734,866.78125,-1293.1754,48799.54,,,,,,1793.436,0.020010385704040526,18486.32126069069,1310000,0.0703125,0.0032552085,0.4135635,0.82325125,0.055677652,3.6356818e-05,5787.9854,0.40965137,0.0,9.36103,9.36103,0.1,1.0,0.0031793676,0.36030293,5708.3037,1.0,309990.0,60.937671546540045,5077.496101777517,100.0,1.9585974216461182,167.12349640359068
3.6369933e-05,0.0,,,,,,,1337.6371,7550.469,5892.621,984.799,1951.6787,-2338.8433,61336.867,,,,,,1337.8411,0.01991308889389038,18585.88671207428,1315000,0.0625,0.0029296875,0.09493539,0.20403557,0.048199892,3.6369933e-05,5909.752,0.109063804,0.0,5.9127216,5.9127216,0.1,1.0,0.0021029497,0.31207404,6018.2627,0.0,314990.0,0.7920292513655228,57.93519500279867,100.0,1.944861888885498,-1.2859151136753368
3.665482e-05,0.0,,,,,,,981.55554,7536.3667,5816.084,754.4408,809.25024,-1001.3817,39333.492,,,,,,981.7236,0.019943675899505617,18685.605098962784,1320000,0.09375,0.0043945312,0.05727674,0.16804111,0.04571414,3.665482e-05,5832.4795,0.11072771,0.0,6.140991,6.140991,0.1,1.0,0.0032294781,0.35668695,6065.5034,0.0,319990.0,0.5010425416972714,30.56019610211307,100.0,1.9178898334503174,-2.2043634681774287
3.5613484e-05,0.0,,,,,,,947.88306,7797.5815,5836.5503,589.91876,904.77374,-740.526,31838.543,,,,,,948.0984,0.01981361198425293,18784.67316532135,1325000,0.078125,0.0037434897,0.059925467,0.21530396,0.07177007,3.5613484e-05,5850.3936,0.15534288,0.0,5.312744,5.312744,0.1,1.0,0.0017376621,0.4208536,5739.367,1.0,324990.0,60.93293547800907,4965.830356428405,100.0,1.9501705169677734,163.3770407254656
3.2786746e-05,0.0,,,,,,,1104.1101,7701.686,5886.92,208.1823,1459.4226,-1063.8828,46509.43,,,,,,1105.5074,0.0197983943939209,18883.665144443512,1330000,0.10546875,0.0047200522,1.2702302,1.397291,0.034364343,3.2786746e-05,5898.662,0.12702802,0.0,6.481323,6.481323,0.1,1.0,0.002656864,0.3498627,5844.6343,1.0,329990.0,60.91672555341069,3594.618625214165,100.0,1.92140793800354,117.37202853252843
2.197023e-05,0.0,,,,,,,911.77057,7830.8037,5712.3887,318.5597,1474.8904,-1405.2074,39260.586,,,,,,912.25793,0.019856886100769043,18982.94958424568,1335000,0.06640625,0.0029296875,0.42851537,0.48734924,0.030254364,2.197023e-05,5729.4365,0.058811903,0.0,4.6084123,4.6084123,0.1,1.0,0.0017236541,0.412474,5886.6816,1.0,334990.0,60.95525915197677,5090.417952248928,100.0,1.9269990921020508,167.55703257817268
5.791874e-05,0.0,,,,,,,1208.123,7583.165,5705.896,232.69347,1562.828,-1630.7749,40048.2,,,,,,1209.2444,0.019757942152023315,19081.739300727844,1340000,0.10546875,0.0048828125,1.0793841,1.1213129,0.10988462,5.791874e-05,5729.515,0.041870825,0.0,3.7582576,3.7582576,0.1,1.0,0.0025152871,0.36272427,5611.573,1.0,339990.0,60.94939384025451,4360.858149078305,100.0,1.9378881454467773,143.07984435384196
5.1419e-05,0.0,,,,,,,1435.3118,7532.843,5595.5957,182.17053,1392.6088,-1309.8602,49326.68,,,,,,1435.5178,0.0198317494392395,19180.898054599762,1345000,0.08984375,0.0043945312,0.121008486,0.20602612,0.04902804,5.1419e-05,5611.042,0.08496621,0.0,4.887236,4.887236,0.1,1.0,0.0021106447,0.39258307,5834.637,1.0,344990.0,60.9305962167417,3877.809319893693,100.0,2.400641918182373,126.8732536643476
2.9155015e-05,0.0,,,,,,,1212.2163,7918.0854,5821.543,107.87106,840.73834,-1595.5693,36196.188,,,,,,1212.4303,0.019804563760757447,19279.920880556107,1350000,0.078125,0.0034179688,0.115944736,0.21394332,0.069723725,2.9155015e-05,5845.042,0.09796941,0.0,15.184226,15.184226,0.1,1.0,0.003358185,0.33299902,5872.107,1.0,349990.0,60.93198035050339,4713.129575102864,100.0,1.9253320693969727,154.8987712785206
2.7358145e-05,0.0,,,,,,,1257.0223,7849.2812,5767.541,61.304153,587.9617,-1972.6476,41547.49,,,,,,1258.3313,0.019774701023101807,19378.794392347336,1355000,0.09765625,0.004557292,0.101353906,1.3090174,0.022556067,2.7358145e-05,5783.9116,1.2076362,0.0,7.084155,7.084155,0.1,1.0,0.002739098,0.40736216,5676.307,1.0,354990.0,60.959113812332134,3929.4809394924305,100.0,1.9373779296875,128.6068688570675
3.764183e-05,0.0,,,,,,,1555.0474,8152.927,5693.0713,1867.531,1616.4858,-1343.5282,49380.383,,,,,,1558.3702,0.0199818612575531,19478.70370554924,1360000,0.08984375,0.0040690107,3.117849,3.322866,0.036852837,3.764183e-05,5705.5176,0.2049791,0.0,9.792291,9.792291,0.1,1.0,0.0025364356,0.41052386,5700.1997,1.0,359990.0,60.92338558556568,5098.139694429423,100.0,2.0087976455688477,167.81610186344625
2.48895e-05,0.0,,,,,,,3269.682,7607.1343,5812.587,1626.9912,27302.36,-40112.984,336120.12,,,,,,3269.8347,0.01985421509742737,19577.97478747368,1365000,0.07421875,0.0035807292,0.059809797,0.15283188,0.022579908,2.48895e-05,5832.1084,0.09299719,0.0,4.3585305,4.3585305,0.1,1.0,0.0014257156,0.39045784,5973.5996,1.0,364990.0,60.92595878930294,5220.98261030072,100.0,1.9073443412780762,171.93755861139175
2.7275742e-05,0.0,,,,,,,1536.2024,7625.4785,5952.421,1316.3217,2064.8586,-2165.862,60862.617,,,,,,1536.5782,0.020158867073059084,19678.76913022995,1370000,0.12890625,0.0060221357,0.17583975,0.3758017,0.031853676,2.7275742e-05,5969.3916,0.19993469,0.0,5.263584,5.263584,0.1,1.0,0.002160926,0.37173742,6052.492,1.0,369990.0,60.91373335024343,4551.598107124552,100.0,1.9849624633789062,149.4792893818009
2.905709e-05,0.0,,,,,,,1014.91644,8161.1475,5881.448,10.692481,1161.0063,-559.7268,32552.059,,,,,,1015.13916,0.020101418018341064,19779.276226997375,1375000,0.05078125,0.002278646,0.13387391,0.22273713,0.055544853,2.905709e-05,5899.611,0.08883417,0.0,6.7220044,6.7220044,0.1,1.0,0.0038652513,0.36982197,6092.639,1.0,374990.0,60.932854829593055,5392.643390248833,100.0,1.9356396198272705,177.69688526736255
5.4680742e-05,0.0,,,,,,,1410.2195,8136.1816,6040.4585,89.562515,443.53815,-1298.053,32254.627,,,,,,1414.1699,0.020089292860031128,19879.722697496414,1380000,0.09765625,0.0048828125,3.7711568,3.950495,0.047409058,5.4680742e-05,6056.652,0.17928371,0.0,9.130443,9.130443,0.1,1.0,0.007574059,0.36565125,6108.631,0.0,379990.0,10.894311784324676,2381.1218548081206,100.0,1.920874834060669,76.6584520309739
4.170154e-05,0.0,,,,,,,9328.713,7787.7744,5792.2905,719.0691,29477.242,-21458.525,291581.28,,,,,,9328.913,0.0197720645904541,19978.583027124405,1385000,0.14453125,0.0063476562,0.084383786,0.20041512,0.028082967,4.170154e-05,5805.746,0.115989625,0.0,7.8578157,7.8578157,0.1,1.0,0.0029950584,0.39568338,5769.3325,1.0,384990.0,60.9272718335001,4541.081520767712,100.0,1.9414730072021484,149.1264513243653
1.3902609e-05,0.0,,,,,,,1326.828,7923.2,5866.4883,551.78577,1593.4015,-768.5316,42349.375,,,,,,1327.0248,0.019964161491394045,20078.403841495514,1390000,0.06640625,0.003092448,0.051030785,0.19677673,0.009991288,1.3902609e-05,5882.5063,0.14573205,0.0,5.340651,5.340651,0.1,1.0,0.002363074,0.45566636,6108.0547,0.0,389990.0,0.7933768150809103,246.15907906928555,100.0,1.925919771194458,5.029114056774337
1.3884739e-05,0.0,,,,,,,1470.4373,7984.0806,5889.62,313.7833,1130.6029,-971.3186,45391.797,,,,,,1470.7032,0.019791094541549682,20177.359320878983,1395000,0.078125,0.0032552085,0.06926876,0.26595616,0.018399596,1.3884739e-05,5903.4414,0.1966735,0.0,4.66837,4.66837,0.1,1.0,0.0027068541,0.35790557,5664.5576,1.0,394990.0,60.91247286839072,3809.155926284011,100.0,1.9228675365447998,124.5698893200949
3.275225e-05,0.0,,,,,,,797.36035,8402.765,5976.6885,119.791534,700.48413,-1148.9004,33208.297,,,,,,797.56537,0.01983736686706543,20276.546162843704,1400000,0.08984375,0.00390625,0.09750864,0.2050322,0.040822744,3.275225e-05,5991.1724,0.1074908,0.0,4.7290154,4.7290154,0.1,1.0,0.0014393099,0.42622408,6300.57,1.0,399990.0,60.9269420049726,4655.300998358659,100.0,1.9277987480163574,152.9585863182727
4.8726295e-05,0.0,,,,,,,1111.5646,8340.397,5837.909,-109.71664,1063.6282,-627.661,32121.27,,,,,,1112.3331,0.021739941453933716,20385.245876073837,1405000,0.10546875,0.005045573,0.64296997,0.76853883,0.031407833,4.8726295e-05,5850.7324,0.12552017,0.0,5.533308,5.533308,0.1,1.0,0.0018991716,0.35433924,6240.0947,1.0,404990.0,60.931048229873966,5271.823273024759,100.0,1.9323451519012451,173.64329468064582
6.0268445e-05,0.0,,,,,,,2425.1904,8226.461,5635.258,-151.69159,1694.5043,-3322.9458,76734.39,,,,,,2425.6536,0.019766500997543335,20484.078387737274,1410000,0.15234375,0.0073242188,0.116944656,0.46307325,0.031861663,6.0268445e-05,5658.529,0.34606835,0.0,7.973216,7.973216,0.1,1.0,0.0051144576,0.4128461,5684.4644,1.0,409990.0,60.92962487024056,5511.794794519886,100.0,1.940378189086914,181.6944894896086
4.6259316e-05,0.0,,,,,,,1446.8444,8231.9,5900.0947,311.1005,1177.9008,-962.8659,41463.297,,,,,,1447.0475,0.019915511035919188,20583.6559510231,1415000,0.11328125,0.0052083335,0.08447611,0.2031405,0.03505528,4.6259316e-05,5918.323,0.11861813,0.0,7.9024744,7.9024744,0.1,1.0,0.0075980765,0.44704008,5604.421,1.0,414979.0,60.91181967798593,3050.4751277677237,100.0,2.380641460418701,99.11567346724364
2.1580452e-05,0.0,,,,,,,1897.8018,8157.08,5902.0996,2581.5532,1470.9011,-1635.7423,55108.14,,,,,,1898.0161,0.019799935245513916,20682.655633687973,1420000,0.08984375,0.0040690107,0.084629856,0.21436483,0.031947613,2.1580452e-05,5918.9985,0.1297134,0.0,5.618344,5.618344,0.1,1.0,0.0030188186,0.3905726,6145.2715,0.0,419979.0,10.912232859489901,3716.1406511892615,100.0,1.9184966087341309,121.44916859735571
3.800353e-05,0.0,,,,,,,1056.6951,8558.031,5931.9326,2364.287,1485.0846,-2662.0576,43136.28,,,,,,1056.8905,0.019772363138198853,20781.517456769943,1425000,0.09375,0.004557292,0.08047183,0.19539145,0.04174459,3.800353e-05,5943.6934,0.11488163,0.0,4.592655,4.592655,0.1,1.0,0.002245007,0.3746155,6300.7437,1.0,424979.0,60.92210189041173,5148.304764424122,100.0,1.9155099391937256,169.49917137359552
2.3826065e-05,0.0,,,,,,,2490.897,8192.377,5843.8115,1556.4783,10287.985,-3355.284,105291.234,,,,,,2491.1038,0.019801215600967408,20880.523543596268,1430000,0.07421875,0.0035807292,0.09154328,0.20681086,0.04859507,2.3826065e-05,5856.1973,0.115243755,0.0,6.355279,6.355279,0.1,1.0,0.0020690837,0.40017438,5911.509,0.0,429979.0,0.8393250665667069,37.196560093681335,100.0,1.9076309204101562,-1.9817093007728719
3.5669967e-05,0.0,,,,,,,2340.2969,8336.147,5644.131,1425.1102,3620.11,-3161.7727,87193.586,,,,,,2340.4558,0.01995298662185669,20980.288484096527,1435000,0.1328125,0.005859375,0.04540458,0.15898626,0.02642572,3.5669967e-05,5656.578,0.11354601,0.0,6.613701,6.613701,0.1,1.0,0.0021910144,0.36785337,6205.73,1.0,434979.0,60.9430816989195,4927.3632775116985,100.0,1.9245960712432861,162.08644614090593
1.2696857e-05,0.0,,,,,,,1004.624,8079.5605,5798.3833,1093.217,630.2814,-2010.7181,34170.273,,,,,,1009.69696,0.019960688304901122,21080.091933488846,1440000,0.03515625,0.0016276042,4.6055927,5.0729547,0.016942382,1.2696857e-05,5817.2227,0.46734923,0.0,7.2029524,7.2029524,0.1,1.0,0.004605267,0.34856474,6123.4795,0.0,439979.0,0.627343146282808,295.3869682667817,100.0,1.9015710353851318,6.680740564343594
3.4913228e-05,0.0,,,,,,,1325.0308,8082.9194,5901.3467,823.5054,2132.542,-2065.568,41888.43,,,,,,1325.5598,0.01979440107345581,21179.063946008682,1445000,0.109375,0.0052083335,0.3568889,0.5290997,0.027622342,3.4913228e-05,5913.217,0.17217591,0.0,8.678484,8.678484,0.1,1.0,0.0027012927,0.35564542,6042.619,1.0,444979.0,60.91812970227807,5339.8342510551565,100.0,1.9191370010375977,175.92510557995263
3.5366025e-05,0.0,,,,,,,1595.3525,7641.5405,5829.9243,651.0829,3499.4001,-4665.648,66046.25,,,,,,1595.5405,0.019783135271072387,21277.979628801346,1450000,0.12109375,0.0055338545,0.0785041,0.18799749,0.03503859,3.5366025e-05,5843.6865,0.10945803,0.0,6.009379,6.009379,0.1,1.0,0.002591215,0.38877746,5781.8667,0.0,449979.0,10.839985875280904,146.42659921755057,100.0,2.4176416397094727,1.6830269083308382
4.0914496e-05,0.0,,,,,,,1163.9104,8364.288,5802.0166,1861.7644,2025.1537,-868.4773,47614.06,,,,,,1673.0706,0.019725234699249267,21376.605809688568,1455000,0.109375,0.0053710938,509.03284,509.16013,0.029353857,4.0914496e-05,5815.125,0.12727098,0.0,5.669676,5.669676,0.1,1.0,0.00258332,0.32549924,5983.2744,1.0,454979.0,60.92853193337381,5210.533512833038,100.0,1.9367008209228516,171.5869848484469
3.2430497e-05,0.0,,,,,,,1342.491,8345.809,5807.2104,1507.2239,1575.5447,-1007.8622,41315.0,,,,,,1342.7096,0.020003263759613036,21476.622136831284,1460000,0.09765625,0.0043945312,0.070927635,0.21868835,0.025681615,3.2430497e-05,5822.887,0.1477283,0.0,4.4854712,4.4854712,0.1,1.0,0.0024412433,0.40278885,5879.703,1.0,459979.0,60.94200487239502,4780.10966605721,100.0,2.642122983932495,157.14599527091605
3.610187e-05,0.0,,,,,,,986.57513,7973.163,5789.4043,1183.9788,787.1048,-659.18915,32572.416,,,,,,986.76636,0.01999811201095581,21576.612703323364,1465000,0.1015625,0.0043945312,0.08501776,0.19120215,0.10512805,3.610187e-05,5801.46,0.10614829,0.0,5.2146225,5.2146225,0.1,1.0,0.0019347055,0.4331466,5875.9175,1.0,464979.0,60.95527565930623,5089.628191297579,100.0,1.9334557056427002,167.53053560373087
4.7091784e-05,0.0,,,,,,,1306.6096,8013.0815,5943.7383,929.4962,2369.405,-1344.7373,51767.938,,,,,,1309.115,0.01991049919128418,21676.165206432343,1470000,0.0703125,0.0032552085,2.3621368,2.5054042,0.06639266,4.7091784e-05,5959.2773,0.14322028,0.0,4.468128,4.468128,0.1,1.0,0.0016320018,0.35002515,5859.74,1.0,469979.0,60.926476141427074,4481.181954309771,100.0,1.9074461460113525,147.11678336243133
3.840982e-05,0.0,,,,,,,796.8893,7884.049,5808.8174,692.27234,704.5308,-708.4547,28484.562,,,,,,797.1188,0.019884490442276002,21775.587666749954,1475000,0.08984375,0.0040690107,0.12641093,0.22950862,0.046561718,3.840982e-05,5823.8066,0.10305928,0.0,3.2131002,3.2131002,0.1,1.0,0.0021935154,0.39138967,5995.128,1.0,474979.0,60.93223212057981,4954.182440228489,100.0,1.948803186416626,162.9862458433908
3.654335e-05,0.0,,,,,,,1025.3635,8404.065,5969.2393,2007.4556,904.695,-499.22604,31348.004,,,,,,1025.4681,0.01987972149848938,21874.98628091812,1480000,0.0859375,0.004557292,0.0529924,0.104634084,0.05020833,3.654335e-05,5983.422,0.051605135,0.0,3.980451,3.980451,0.1,1.0,0.0011998365,0.36143398,5967.961,1.0,479979.0,60.932817942554024,4480.270418195407,100.0,2.4300620555877686,147.0862007550185
3.932669e-05,0.0,,,,,,,1085.5515,7765.7656,5885.3325,1993.6914,976.5189,-2034.3866,40703.97,,,,,,1085.7357,0.019870222091674803,21974.337397813797,1485000,0.09765625,0.004231771,0.06160783,0.18422334,0.053537488,3.932669e-05,5898.6274,0.12257618,0.0,5.171129,5.171129,0.1,1.0,0.0015132399,0.36347374,6015.842,1.0,484979.0,60.9107934898653,4355.537780746847,100.0,1.9137070178985596,142.90134266487016
2.5221303e-05,0.0,,,,,,,1117.0015,7785.2686,5906.2847,2182.5825,3523.9468,-1428.5369,42312.492,,,,,,1117.3208,0.01998699746131897,22074.27239203453,1490000,0.0703125,0.003092448,0.18546262,0.3193379,0.025582671,2.5221303e-05,5920.632,0.13385008,0.0,5.415224,5.415224,0.1,1.0,0.003043917,0.33418083,5917.5957,1.0,489979.0,60.91326922594439,3566.681418608947,100.0,1.9341678619384766,116.43471775750204
5.5821438e-05,0.0,,,,,,,1258.5166,7772.238,5941.71,1954.1368,2575.6692,-2945.2358,49827.47,,,,,,1258.7864,0.01987188539505005,22173.631825447083,1495000,0.109375,0.005045573,0.13959837,0.26976648,0.05248618,5.5821438e-05,5955.252,0.13011229,0.0,5.9327817,5.9327817,0.1,1.0,0.0028599384,0.3942724,6112.494,1.0,494979.0,60.91847230715142,4050.3938487547834,100.0,1.9221045970916748,132.663572674772
4.256187e-05,0.0,,,,,,,1420.0471,7450.1655,5832.177,1583.8209,884.10864,-1467.5913,38924.15,,,,,,1420.7761,0.01981870307922363,22272.725347280502,1500000,0.09765625,0.004557292,0.6432953,0.7290456,0.037362933,4.256187e-05,5843.1304,0.08570777,0.0,3.7245984,3.7245984,0.1,1.0,0.0024995008,0.35509032,5817.0913,0.0,499979.0,10.853848831735966,2441.259045198575,100.0,1.9114770889282227,78.67609242463651
6.788556e-05,0.0,,,,,,,1037.5948,7527.5195,5822.7627,1293.4725,1977.7139,-448.29666,29358.771,,,,,,1038.0315,0.021785356044769288,22381.65213561058,1505000,0.1328125,0.0056966147,0.39336795,0.43666765,0.1421225,6.788556e-05,5839.311,0.04323181,0.0,3.7758272,3.7758272,0.1,1.0,0.0025749183,0.34329182,5978.738,1.0,504979.0,60.92520062958265,2180.5075518463555,100.0,1.9083895683288574,69.92771654808763
2.7512357e-05,0.0,,,,,,,1464.2546,7509.9707,5852.8247,1501.3733,2663.4412,-2010.7252,56852.633,,,,,,1464.6292,0.019987526607513427,22481.58977842331,1510000,0.0859375,0.00390625,0.2598414,0.3744615,0.023966193,2.7512357e-05,5868.771,0.114592575,0.0,5.8896036,5.8896036,0.1,1.0,0.0034810766,0.36379886,5801.767,1.0,509979.0,60.95172186724239,4756.379300168898,100.0,1.922523021697998,156.3498266361364
4.2744876e-05,0.0,,,,,,,822.70825,7579.306,5977.2275,2196.5144,428.97922,-849.2493,26598.543,,,,,,851.7446,0.019774070167541503,22580.4601354599,1515000,0.12109375,0.0053710938,28.976812,29.036358,0.036545634,4.2744876e-05,5988.1025,0.059503287,0.0,3.9946787,3.9946787,0.1,1.0,0.0008792444,0.30390978,6202.04,1.0,514979.0,60.93959751941741,5087.839727012494,100.0,1.9187607765197754,167.47053150708481
9.358593e-05,0.0,,,,,,,1263.8608,7450.9307,5771.707,1846.0535,1237.4695,-2158.4949,47686.58,,,,,,1264.3931,0.019985327768325806,22680.386782169342,1520000,0.12890625,0.0066731772,0.3354599,0.53226674,0.08900368,9.358593e-05,5784.748,0.19671325,0.0,4.4077535,4.4077535,0.1,1.0,0.0020146794,0.41545448,5853.6333,0.0,519979.0,10.902664993438586,3571.546076186606,100.0,1.915482997894287,116.5979300653318
2.3637316e-05,0.0,,,,,,,1047.9047,7318.6914,5765.8027,1507.2277,1868.7798,-1870.3892,46348.086,,,,,,1048.1157,0.019832106494903565,22779.547320842743,1525000,0.0703125,0.0029296875,0.1302021,0.21104671,0.027140498,2.3637316e-05,5778.589,0.08082098,0.0,3.600555,3.600555,0.1,1.0,0.0015992828,0.39426345,6093.825,1.0,524979.0,60.88773366681693,3169.2962944386145,100.0,1.907144546508789,103.1021980112196
2.3121422e-05,0.0,,,,,,,1415.0048,7286.059,5781.664,1197.7957,932.1444,-1032.7826,37087.504,,,,,,1429.4835,0.019802066898345946,22878.557662010193,1530000,0.06640625,0.0032552085,14.200121,14.478785,0.03260672,2.3121422e-05,5794.419,0.27864045,0.0,4.18995,4.18995,0.1,1.0,0.0020842813,0.3893656,5728.418,1.0,529979.0,60.929843198633776,5209.7244850237275,100.0,1.932678461074829,171.55984145885614
2.7991715e-05,0.0,,,,,,,2070.6216,8469.256,5846.038,1266.9391,3646.371,-4348.968,77253.484,,,,,,2071.6104,0.019872351789474486,22977.919427394867,1535000,0.05859375,0.0026041667,0.47354525,0.98884803,0.036649585,2.7991715e-05,5860.979,0.51527476,0.0,7.4642453,7.4642453,0.1,1.0,0.001598463,0.42689842,6074.0303,1.0,534979.0,60.97189172490569,4561.364393651436,100.0,2.379873275756836,149.8069544101267
2.5735819e-05,0.0,,,,,,,2144.393,8303.0625,5822.99,-100.19603,3951.3184,-2646.8284,80750.266,,,,,,2144.5442,0.019737297534942626,23076.605922222137,1540000,0.0859375,0.00390625,0.06298741,0.15117194,0.037716866,2.5735819e-05,5837.779,0.08815879,0.0,3.7342749,3.7342749,0.1,1.0,0.0066681905,0.34213683,6135.214,1.0,539979.0,60.90406445530367,5074.742863030262,100.0,1.9183924198150635,167.03112351962668
5.8768066e-05,0.0,,,,,,,1220.287,7979.485,5946.249,693.087,745.3295,-545.6245,36943.6,,,,,,1220.489,0.019747401571273804,23175.342937231064,1545000,0.15234375,0.0074869795,0.054185554,0.20202428,0.14484107,5.8768066e-05,5954.877,0.14777996,0.0,5.0340896,5.0340896,0.1,1.0,0.0020614774,0.4056185,6134.636,1.0,544979.0,60.91787231464337,4295.496047504592,100.0,1.9342975616455078,140.88690491830204
3.426169e-05,0.0,,,,,,,1115.0095,7832.01,5950.8066,961.2978,581.7596,-566.7169,34483.41,,,,,,1115.1747,0.019826751327514647,23274.476700544357,1550000,0.0859375,0.0037434897,0.06173086,0.16515793,0.060528398,3.426169e-05,5961.756,0.10339281,0.0,6.163493,6.163493,0.1,1.0,0.0022306996,0.36256105,6040.4346,1.0,549979.0,60.955993011206644,5027.618010009365,100.0,2.3608078956604004,165.45005519263904
6.0732633e-05,0.0,,,,,,,1509.249,7473.471,5852.5537,116.43146,908.6707,-2073.2087,41853.023,,,,,,1511.266,0.019629176330566406,23372.62258887291,1555000,0.125,0.0060221357,1.9147848,2.0169463,0.08380985,6.0732633e-05,5871.471,0.10210084,0.0,5.7215734,5.7215734,0.1,1.0,0.0026557324,0.40273756,5947.5137,0.0,554979.0,0.4502418091790591,1856.6893981664127,100.0,1.885162591934204,59.063414727136696
6.663016e-05,0.0,,,,,,,1210.9674,7681.8994,5975.493,2434.52,1995.539,-558.7585,32552.58,,,,,,1211.2526,0.020106468725204468,23473.154938936234,1560000,0.12890625,0.0066731772,0.044025943,0.28511962,0.050670743,6.663016e-05,5990.712,0.24102704,0.0,6.91296,6.91296,0.1,1.0,0.0018659113,0.38045394,6156.241,1.0,559979.0,60.94436153175369,3932.354614852453,100.0,1.9213967323303223,128.70328246480355
2.1977661e-05,0.0,,,,,,,1146.7954,7452.4277,5814.6865,-89.93623,1219.7058,-1648.03,39382.258,,,,,,1147.0354,0.019853200054168702,23572.42094683647,1565000,0.08203125,0.0037434897,0.063402966,0.23999009,0.03959644,2.1977661e-05,5828.006,0.17656514,0.0,5.0900083,5.0900083,0.1,1.0,0.0035201227,0.3578305,6015.117,1.0,564979.0,60.923334219678765,4607.068799386772,100.0,1.8994708061218262,151.34036584124328
3.8115715e-05,0.0,,,,,,,1253.86,7660.645,5829.009,2367.6787,1593.741,-2105.2632,42793.06,,,,,,1254.2151,0.01983188772201538,23671.580392837524,1570000,0.09375,0.004557292,0.1613526,0.35512963,0.022887945,3.8115715e-05,5845.7085,0.19373891,0.0,8.4544525,8.4544525,0.1,1.0,0.005147637,0.377728,6094.704,1.0,569979.0,60.913060248024124,5147.036290260758,100.0,1.9205799102783203,169.45661327113504
3.131799e-05,0.0,,,,,,,578.86194,7526.4927,5944.9688,-70.97218,2221.0308,-1107.0642,29109.904,,,,,,579.38477,0.01984016489982605,23770.781224250793,1575000,0.0859375,0.0037434897,0.4073487,0.5228541,0.041461825,3.131799e-05,5960.784,0.11547413,0.0,5.735089,5.735089,0.1,1.0,0.0027320823,0.38469324,5988.237,1.0,574979.0,60.928957735616805,3822.93169750645,100.0,1.9111576080322266,125.03207507057283
2.6205555e-05,0.0,,,,,,,1023.952,7209.9146,5869.0576,1963.954,319.23392,-908.4745,27962.969,,,,,,1024.1443,0.01980847635269165,23869.823612689972,1580000,0.08203125,0.0035807292,0.0790396,0.19220884,0.04504001,2.6205555e-05,5881.401,0.11314302,0.0,4.824313,4.824313,0.1,1.0,0.0026646988,0.39004523,5721.829,1.0,579979.0,60.93021443739957,3613.525453486861,100.0,1.9210193157196045,118.00636445995292
4.1629693e-05,0.0,,,,,,,928.2472,7566.5757,5867.66,2665.6553,516.89954,-1542.5056,27689.41,,,,,,951.176,0.01976277871131897,23968.637513637543,1585000,0.08984375,0.0037434897,22.710655,22.928812,0.05847609,4.1629693e-05,5885.1943,0.21811438,0.0,8.36574,8.36574,0.1,1.0,0.002304027,0.45045456,5560.5166,1.0,584979.0,60.90933411368633,3840.8696931278164,100.0,1.936661958694458,125.63390605589196
2.8502876e-05,0.0,,,,,,,1119.6414,7192.2056,5819.437,2326.6765,933.2396,-1189.9457,33123.805,,,,,,1120.0104,0.01993093295097351,24068.292184829712,1590000,0.109375,0.005045573,0.21522371,0.36901087,0.020773768,2.8502876e-05,5831.578,0.15375865,0.0,5.335821,5.335821,0.1,1.0,0.0024939992,0.43216336,5827.249,1.0,589979.0,60.924725727088884,4520.914442429394,100.0,1.9047520160675049,148.44983321810926
4.4868444e-05,0.0,,,,,,,1115.4554,7550.0913,5835.4565,-17.283451,1345.4336,-1456.0479,44088.19,,,,,,1115.6178,0.019988072967529295,24168.23255634308,1595000,0.1015625,0.0047200522,0.07080781,0.16236411,0.054854155,4.4868444e-05,5844.243,0.09151144,0.0,3.7461042,3.7461042,0.1,1.0,0.0017686028,0.35894644,5908.0845,1.0,594979.0,60.91424554437461,5318.876643141646,100.0,1.9355103969573975,175.22196471144352
2.9456452e-05,0.0,,,,,,,1557.583,7779.7134,5830.629,2354.1572,1832.233,-1482.1289,42571.266,,,,,,1557.7786,0.01991112322807312,24267.788179159164,1600000,0.09375,0.0040690107,0.062670365,0.1955552,0.022979498,2.9456452e-05,5842.7017,0.13285537,0.0,6.779391,6.779391,0.1,1.0,0.0022500842,0.32676747,6139.9775,1.0,599979.0,60.944733670479195,5078.160401967876,100.0,1.9261000156402588,167.14578409094162
5.5899924e-05,0.0,,,,,,,1450.4238,7877.518,5816.2393,1874.4917,3213.982,-801.92145,50902.523,,,,,,1450.5487,0.02185139203071594,24377.045147418976,1605000,0.1640625,0.0078125,0.061739188,0.1248774,0.022461653,5.5899924e-05,5830.878,0.06308231,0.0,3.539587,3.539587,0.1,1.0,0.0023766393,0.40947303,5815.01,0.0,604979.0,10.883993153279162,3688.814054582914,100.0,1.9230914115905762,120.5323441701367
3.2017648e-05,0.0,,,,,,,1074.958,7479.1177,5764.496,1426.6395,637.1994,-1146.4761,44712.58,,,,,,1075.2174,0.019803776168823242,24476.064035654068,1610000,0.11328125,0.005045573,0.17925999,0.25936222,0.04129219,3.2017648e-05,5776.919,0.08007022,0.0,5.1750984,5.1750984,0.1,1.0,0.0021670598,0.34894472,5697.6445,1.0,609979.0,60.93281830673266,3491.064298777363,100.0,1.9317967891693115,113.8977160380329
7.1888775e-05,0.0,,,,,,,1095.2806,7380.5747,5879.7783,1185.7925,1624.053,-1706.334,42207.844,,,,,,1095.4294,0.019851240348815916,24575.320244073868,1615000,0.1015625,0.0043945312,0.050638936,0.14874318,0.15046191,7.1888775e-05,5892.48,0.09803237,0.0,4.5805163,4.5805163,0.1,1.0,0.0020260373,0.3777308,5810.8945,1.0,614972.0,60.94964048723913,5089.319737288915,100.0,1.9242186546325684,167.52018677859576
2.4967012e-05,0.0,,,,,,,1451.3943,7230.1045,5598.7646,933.41174,1795.5217,-899.2748,50855.5,,,,,,1451.662,0.019806237936019898,24674.351440668106,1620000,0.08984375,0.004231771,0.21514325,0.2676912,0.02320528,2.4967012e-05,5611.214,0.052522957,0.0,4.3999014,4.3999014,0.1,1.0,0.002432031,0.3877868,5579.993,1.0,619972.0,60.90181590144121,5148.153944463127,100.0,1.9168918132781982,169.4941112694653
3.0284476e-05,0.0,,,,,,,866.6576,7267.4414,5707.6304,657.2947,550.26056,-418.22598,22969.465,,,,,,867.073,0.019760597276687622,24773.154433727264,1625000,0.09375,0.00390625,0.31524438,0.41539365,0.028943062,3.0284476e-05,5720.6006,0.10011901,0.0,4.480706,4.480706,0.1,1.0,0.0017503321,0.37854195,5728.441,1.0,624972.0,60.93548827979387,5075.452759538097,100.0,1.9188525676727295,167.05494099197995
3.2431817e-05,0.0,,,,,,,931.80176,7253.819,5610.5723,402.6619,460.72766,-1802.9639,34040.156,,,,,,932.213,0.019801784467697144,24872.163363218307,1630000,0.0859375,0.00390625,0.28616968,0.41124445,0.026140332,3.2431817e-05,5622.1494,0.12504235,0.0,8.130058,8.130058,0.1,1.0,0.0030385165,0.33912966,5591.4478,1.0,629972.0,60.923873907754775,5086.562468240241,100.0,2.3755273818969727,167.42767867549549
2.93237e-05,0.0,,,,,,,894.3426,7015.9346,5800.3496,246.85936,464.2038,-414.52863,26263.16,,,,,,894.45465,0.01979715304374695,24971.149134635925,1635000,0.0859375,0.0037434897,0.054558273,0.112058,0.03244865,2.93237e-05,5810.593,0.057470404,0.0,4.5613894,4.5613894,0.1,1.0,0.0018778313,0.29581124,5798.844,1.0,634972.0,60.914322484376754,4631.465809979388,100.0,1.916567087173462,152.15890082328477
6.5150656e-05,0.0,,,,,,,1028.0037,6901.1743,5616.1387,84.006805,1181.4425,-1919.6869,42459.0,,,,,,1028.2324,0.01974221239089966,25069.860204219818,1640000,0.1328125,0.0060221357,0.15063587,0.22878355,0.047754288,6.5150656e-05,5629.09,0.07808253,0.0,3.9476871,3.9476871,0.1,1.0,0.0026672813,0.42013216,5579.6626,1.0,639972.0,60.93245007221822,4356.585341277647,100.0,1.903907060623169,142.93648897662877
2.2482865e-05,0.0,,,,,,,1237.9403,7051.049,5647.3164,-19.532469,1617.3262,-643.8625,39444.82,,,,,,1238.1403,0.019968283557891847,25169.701630592346,1645000,0.078125,0.0034179688,0.04517608,0.20000045,0.03530717,2.2482865e-05,5659.699,0.15480188,0.0,6.0625625,6.0625625,0.1,1.0,0.0029114885,0.39615542,5128.0757,1.0,644972.0,60.92232806338558,5085.889574526605,100.0,1.9079387187957764,167.4051026700576
1.9538955e-05,0.0,,,,,,,1030.4906,7331.422,5675.243,-111.634254,1230.9307,-661.8678,36988.47,,,,,,1030.7874,0.01988531312942505,25269.128202676773,1650000,0.07421875,0.003092448,0.20312726,0.2967152,0.030207515,1.9538955e-05,5687.1523,0.09356837,0.0,3.3988116,3.3988116,0.1,1.0,0.0017816111,0.3972168,5705.652,0.0,649972.0,10.871723332913596,1644.6524297010003,100.0,1.913395643234253,51.94944166408051
4.995007e-05,0.0,,,,,,,1210.8473,7345.1753,5716.83,128.42043,684.4057,-1671.2863,38610.96,,,,,,1211.0455,0.020028932809829713,25369.272873401642,1655000,0.1484375,0.006510417,0.12204985,0.19825989,0.028290868,4.995007e-05,5729.3286,0.07616009,0.0,4.3558064,4.3558064,0.1,1.0,0.0017681052,0.39969587,5838.6094,1.0,654972.0,60.93494352763834,5076.628226073986,100.0,1.9492607116699219,167.0943786303001
7.091337e-05,0.0,,,,,,,1139.6355,7420.545,5627.014,-227.03575,579.98193,-1182.2593,33862.438,,,,,,1722.0659,0.01989038062095642,25468.724782705307,1660000,0.15625,0.0071614585,582.34827,582.43036,0.08032572,7.091337e-05,5641.1885,0.082048886,0.0,4.223068,4.223068,0.1,1.0,0.0022486711,0.4107965,5837.477,1.0,659972.0,60.9411390469007,3803.0046966744303,100.0,2.400125026702881,124.36351171498228
1.1879524e-05,0.0,,,,,,,823.70276,7827.277,5697.4316,-262.341,1302.2037,-842.84436,28895.938,,,,,,823.8684,0.019859639739990234,25568.022988557816,1665000,0.06640625,0.0032552085,0.073051594,0.16565846,0.010350943,1.1879524e-05,5707.3584,0.09259498,0.0,5.033452,5.033452,0.1,1.0,0.004421211,0.41946185,5690.534,1.0,664972.0,60.94374452668972,4667.107104102884,100.0,2.377662181854248,153.35468855861248
5.1277282e-05,0.0,,,,,,,1436.3713,7805.3394,5771.8115,-257.44638,3200.5403,-6041.075,52315.27,,,,,,1436.5326,0.019821283626556396,25667.12941288948,1670000,0.09765625,0.0040690107,0.055186145,0.16130866,0.02885151,5.1277282e-05,5786.4824,0.10607125,0.0,4.328086,4.328086,0.1,1.0,0.0022127184,0.39406455,5831.295,1.0,669972.0,60.918125980937475,5270.683932822171,100.0,1.9139578342437744,173.60506910342912
3.57136e-05,0.0,,,,,,,1005.2246,7765.8203,5720.7803,-338.5735,396.4918,-2360.8254,34425.074,,,,,,1005.43274,0.019750834798812865,25765.883593320847,1675000,0.09765625,0.004557292,0.06237018,0.20811652,0.042123795,3.57136e-05,5737.889,0.14571062,0.0,6.916174,6.916174,0.1,1.0,0.0023635451,0.3969404,5905.7944,1.0,674972.0,60.91118762916298,4512.220943214616,100.0,1.8999853134155273,148.1581608758511
3.87125e-05,0.0,,,,,,,1436.1643,8089.349,5820.783,-354.2276,1112.9089,-1484.4199,56815.06,,,,,,1436.3627,0.019772369480133056,25864.745446920395,1680000,0.08984375,0.00390625,0.075756386,0.19838028,0.037857413,3.87125e-05,5835.2,0.12258518,0.0,4.4333935,4.4333935,0.1,1.0,0.002290985,0.43590006,5963.5547,1.0,679972.0,60.908314275284006,3752.845379366844,100.0,1.9126911163330078,122.6806352110878
4.510861e-05,0.0,,,,,,,1113.511,7757.99,5799.24,65.93739,907.94836,-556.6156,34347.523,,,,,,1113.7327,0.019872150945663452,25964.106208324432,1685000,0.10546875,0.004557292,0.14963993,0.2217107,0.07204616,4.510861e-05,5811.233,0.07202566,0.0,4.0452814,4.0452814,0.1,1.0,0.0028128305,0.36198068,5808.31,1.0,684972.0,60.91801164415793,4242.380076286086,100.0,2.3818650245666504,139.10483082433024
4.6496454e-05,0.0,,,,,,,730.74,8119.2837,5873.2056,2728.2595,480.11356,-675.927,23689.82,,,,,,738.7085,0.019729296827316285,26062.752698659897,1690000,0.12109375,0.0056966147,7.9330854,7.9685206,0.043011546,4.6496454e-05,5883.8555,0.035388373,0.0,3.5812187,3.5812187,0.1,1.0,0.001595075,0.42750704,5866.7505,1.0,689972.0,60.94822188959992,5088.192375395326,100.0,1.915165901184082,167.48236308114642
3.4199136e-05,0.0,,,,,,,1082.045,7951.194,5894.369,2274.6697,1361.0603,-1484.268,39154.36,,,,,,1084.8325,0.019669143676757813,26161.09842467308,1695000,0.11328125,0.0048828125,2.6580338,2.7875028,0.03967309,3.4199136e-05,5907.622,0.12943473,0.0,4.61864,4.61864,0.1,1.0,0.00197505,0.3613027,5828.5957,1.0,694972.0,60.90796969556359,5190.2032097641595,100.0,1.920689582824707,170.90489045027425
3.616925e-05,0.0,,,,,,,1191.8995,8178.54,5929.034,2128.2068,1940.1548,-894.05774,40366.676,,,,,,1192.1736,0.019837815284729002,26260.287508010864,1700000,0.09375,0.0043945312,0.16952889,0.2740857,0.055858493,3.616925e-05,5940.034,0.10452064,0.0,6.157762,6.157762,0.1,1.0,0.0018335157,0.3751162,6100.3755,1.0,699972.0,60.92407906359693,5451.9757893158785,100.0,1.9184002876281738,179.68752440818915
1.4132859e-05,0.0,,,,,,,937.146,8174.693,6017.417,2370.2224,1137.486,-1981.8893,37699.83,,,,,,937.5035,0.021761310243606568,26369.09406542778,1705000,0.0625,0.0026041667,0.27470252,0.35749066,0.019893885,1.4132859e-05,6031.012,0.08277401,0.0,3.9407916,3.9407916,0.1,1.0,0.001357657,0.3467587,6068.463,1.0,704965.0,60.92693389404363,4987.860353442366,100.0,2.4247851371765137,164.11616091979198
4.2258103e-05,0.0,,,,,,,1370.0516,8131.0225,5906.416,1866.7561,1517.4373,-2559.791,46117.156,,,,,,1370.2133,0.01987102780342102,26468.449211597443,1710000,0.11328125,0.0048828125,0.08175007,0.16163349,0.031835437,4.2258103e-05,5923.2974,0.07984115,0.0,6.039946,6.039946,0.1,1.0,0.0014939712,0.3628704,5803.9824,1.0,709965.0,60.89868884635021,3369.322256995247,100.0,1.9309160709381104,109.81319430511296
2.5740146e-05,0.0,,,,,,,864.07446,8100.061,5953.8706,1507.2247,384.5442,-804.0737,25426.594,,,,,,864.19946,0.019845520973205567,26567.676822900772,1715000,0.10546875,0.0047200522,0.07275182,0.12500985,0.023046851,2.5740146e-05,5970.409,0.052232288,0.0,4.090103,4.090103,0.1,1.0,0.0018464994,0.343435,6149.991,1.0,714965.0,60.9155055626789,4952.800837518987,100.0,1.9234099388122559,162.9398922073698
4.0080944e-05,0.0,,,,,,,1070.021,8253.723,6056.6787,2469.175,1102.135,-2094.8862,33677.312,,,,,,1070.2643,0.019863023138046266,26666.991944551468,1720000,0.12890625,0.005859375,0.111477725,0.24330765,0.039609432,4.0080944e-05,6067.138,0.13178983,0.0,6.0587435,6.0587435,0.1,1.0,0.002603951,0.41191483,5990.743,1.0,719965.0,60.92046298478065,5270.958749276033,100.0,1.9459505081176758,173.6142893675378
3.1485826e-05,0.0,,,,,,,1375.6033,7892.1484,5804.21,-15.935468,832.0273,-2940.1865,40656.992,,,,,,1375.868,0.01982819619178772,26766.13293337822,1725000,0.07421875,0.003092448,0.12838465,0.26480258,0.032479763,3.1485826e-05,5814.259,0.13638644,0.0,4.8412104,4.8412104,0.1,1.0,0.0021841088,0.3244521,5623.664,1.0,724965.0,60.912397040266,4473.156331920601,100.0,1.9290223121643066,146.8475187058763
3.1702435e-05,0.0,,,,,,,1179.9084,7664.921,5903.874,722.6039,874.19824,-2149.258,33777.785,,,,,,1180.0817,0.019801954889297486,26865.142714977264,1730000,0.0546875,0.0029296875,0.075477466,0.17318305,0.042065978,3.1702435e-05,5913.332,0.09767388,0.0,4.8038783,4.8038783,0.1,1.0,0.002210572,0.37073106,5966.807,1.0,729965.0,60.90684191482961,3717.295724307356,100.0,1.9081535339355469,121.4879220237391
2.0843601e-05,0.0,,,,,,,841.3052,7448.6104,5773.1196,560.07294,1188.3533,-428.12408,23091.941,,,,,,841.4433,0.019880812311172485,26964.546783685684,1735000,0.078125,0.0035807292,0.09124683,0.13811444,0.017879248,2.0843601e-05,5785.6313,0.04684677,0.0,3.8941624,3.8941624,0.1,1.0,0.001999012,0.43411016,5827.47,1.0,734965.0,60.93552659682292,3940.625836207486,100.0,1.9149425029754639,128.98078712044986
3.0161289e-05,0.0,,,,,,,1435.4263,7229.8467,5828.6816,1128.0201,779.132,-1050.5448,43345.938,,,,,,1436.34,0.019690720748901366,27063.00039410591,1740000,0.0703125,0.003092448,0.63447297,0.91373056,0.071130395,3.0161289e-05,5839.818,0.27922744,0.0,5.9830294,5.9830294,0.1,1.0,0.0030224205,0.41264713,5672.452,1.0,739965.0,60.91103135686669,2985.4695579717445,100.0,1.9106392860412598,96.93469589609595
2.72992e-05,0.0,,,,,,,986.97815,7205.0415,5818.831,328.73462,811.12354,-531.0975,28275.695,,,,,,987.1303,0.019784405517578124,27161.922429084778,1745000,0.09375,0.004231771,0.11367642,0.1521779,0.018400788,2.72992e-05,5830.7344,0.038474187,0.0,3.9727187,3.9727187,0.1,1.0,0.0015012958,0.2994031,6201.851,1.0,744965.0,60.92197215825428,4364.321129226156,100.0,1.907017707824707,143.19602950621422
1.9579564e-05,0.0,,,,,,,1329.3105,7166.8525,5763.6924,232.07892,1257.0879,-1103.0865,51614.305,,,,,,1329.4961,0.019776890659332275,27260.80688905716,1750000,0.03125,0.0013020834,0.11585218,0.18550666,0.04866743,1.9579564e-05,5772.6562,0.0696349,0.0,2.6439154,2.6439154,0.1,1.0,0.0012915084,0.289988,5883.685,1.0,749965.0,60.92767889004965,5038.3336434323155,100.0,1.90779447555542,165.80957140377976
4.5482535e-05,0.0,,,,,,,1312.8784,6969.8506,5720.8115,-234.68219,908.4304,-827.7398,38306.105,,,,,,1313.0234,0.019785000085830687,27359.731896162033,1755000,0.08984375,0.0040690107,0.057100736,0.14500219,0.0727644,4.5482535e-05,5735.421,0.08785598,0.0,5.5649977,5.5649977,0.1,1.0,0.005008064,0.30293122,5760.593,1.0,754965.0,60.92892527295474,5137.311480752481,100.0,1.905160903930664,169.1303398227551
2.9402398e-05,0.0,,,,,,,1016.0508,7157.198,5826.8945,346.5529,937.48,-2309.741,39952.1,,,,,,1023.24567,0.019813644647598265,27458.80012536049,1760000,0.11328125,0.0048828125,7.0744104,7.1948843,0.034772754,2.9402398e-05,5838.9463,0.12044448,0.0,4.6864624,4.6864624,0.1,1.0,0.0017159355,0.3775383,5918.3613,1.0,759965.0,60.915215172774744,5229.9665197699105,100.0,1.9302647113800049,172.23897439953146
2.5626428e-05,0.0,,,,,,,789.6665,7077.7505,5727.6943,17.995344,1207.6809,-805.78394,26576.05,,,,,,789.78986,0.020033344841003418,27558.966856241226,1765000,0.08984375,0.004557292,0.05766934,0.12337523,0.021068454,2.5626428e-05,5739.966,0.06568026,0.0,3.316584,3.316584,0.1,1.0,0.0019543204,0.36367434,5762.961,1.0,764965.0,60.91178790500154,2909.9281971964424,100.0,1.9062209129333496,94.40023594040305
5.2318424e-05,0.0,,,,,,,682.1658,7019.737,5672.769,89.73161,562.39325,-291.43915,20419.908,,,,,,682.33124,0.019900683784484865,27658.470281124115,1770000,0.140625,0.006510417,0.1097106,0.16545834,0.03365493,5.2318424e-05,5682.0586,0.055695426,0.0,3.2831447,3.2831447,0.1,1.0,0.001851457,0.37315774,5629.8438,1.0,769965.0,60.908645345068194,3128.7033384197803,100.0,2.4359169006347656,101.74027891872458
1.8093484e-05,0.0,,,,,,,822.9762,7305.3096,5723.529,-78.96707,308.41617,-704.5631,24451.246,,,,,,823.2777,0.019806650352478028,27757.503539800644,1775000,0.08203125,0.0034179688,0.20513515,0.30149856,0.0124287605,1.8093484e-05,5733.8994,0.09634533,0.0,3.5893044,3.5893044,0.1,1.0,0.0017828941,0.38282704,5983.6055,0.0,774965.0,10.8482495272343,2738.951945819564,100.0,1.927861213684082,88.66387564662794
3.779317e-05,0.0,,,,,,,714.26337,7317.157,5670.743,-82.08359,562.31854,-624.9236,21727.646,,,,,,714.4509,0.01981224331855774,27856.564763069153,1780000,0.140625,0.006510417,0.098517686,0.18758217,0.041728616,3.779317e-05,5680.352,0.08902669,0.0,5.101555,5.101555,0.1,1.0,0.0018416189,0.42105114,5691.129,1.0,779965.0,60.917689426900765,4716.301065518067,100.0,1.9069411754608154,155.0051767678406
6.826344e-05,0.0,,,,,,,1050.0747,7350.113,5701.6436,-99.50275,1229.2034,-1090.0406,29162.555,,,,,,1050.2222,0.019853199243545533,27955.830765724182,1785000,0.1015625,0.0052083335,0.057223946,0.14740519,0.15495574,6.826344e-05,5715.878,0.090112984,0.0,5.330163,5.330163,0.1,1.0,0.0022980822,0.38871226,5504.843,1.0,784965.0,60.89726501067681,3087.1793989342646,100.0,1.9190592765808105,100.34712474796912
4.753038e-05,0.0,,,,,,,791.5953,7077.749,5710.802,-110.45858,1466.0573,-1351.209,28454.809,,,,,,793.13,0.019892446422576905,28055.293004512787,1790000,0.125,0.006184896,1.4230874,1.5347053,0.028557181,4.753038e-05,5722.169,0.11157042,0.0,5.8063283,5.8063283,0.1,1.0,0.0056921686,0.40006587,5494.72,1.0,789965.0,60.92290367030115,5271.535311815114,100.0,1.9130403995513916,173.63363340174976
3.7802132e-05,0.0,,,,,,,915.628,7609.9263,5792.67,-119.38881,453.34296,-827.01245,31572.32,,,,,,915.8159,0.01981843810081482,28154.385201215744,1795000,0.1171875,0.0052083335,0.0735511,0.18793723,0.043471456,3.7802132e-05,5803.3623,0.11434832,0.0,6.7629733,6.7629733,0.1,1.0,0.0031004034,0.364835,5768.386,1.0,794965.0,60.90404273929339,5023.72607991583,100.0,1.9168415069580078,165.31947850099377
6.169523e-05,0.0,,,,,,,979.93805,8091.092,5819.7373,-104.71341,1049.737,-1808.7007,38182.383,,,,,,980.06573,0.019988113641738893,28254.32577586174,1800000,0.07421875,0.0037434897,0.05356128,0.127708,0.190575,6.169523e-05,5833.2876,0.07408503,0.0,4.385091,4.385091,0.1,1.0,0.002458544,0.453436,5605.602,1.0,799965.0,60.939356397488,4064.340171317286,100.0,1.910743236541748,133.1314805295031
4.2327913e-05,0.0,,,,,,,776.21735,7714.2793,5797.6455,-2.639092,1606.5732,-429.7667,25280.99,,,,,,776.41174,0.02181099500656128,28363.38075852394,1805000,0.140625,0.0066731772,0.079554655,0.19438307,0.031392694,4.2327913e-05,5808.6953,0.11478607,0.0,4.3772583,4.3772583,0.1,1.0,0.00199567,0.37278175,5998.1816,1.0,804965.0,60.927112787254124,4965.1768704032565,100.0,1.9248156547546387,163.355115860129
2.0221807e-05,0.0,,,,,,,1043.5981,7874.172,5857.587,2826.1912,1693.5453,-1461.2809,49622.605,,,,,,1043.8278,0.020005436277389526,28463.40794825554,1810000,0.08203125,0.0037434897,0.10286856,0.22958781,0.012799978,2.0221807e-05,5867.457,0.12669903,0.0,4.710843,4.710843,0.1,1.0,0.002262829,0.30254817,5830.9023,1.0,809965.0,60.94669768741804,3806.44796974957,100.0,1.9166326522827148,124.47903568272511
3.8620357e-05,0.0,,,,,,,1510.2168,7999.1675,5875.782,2572.9817,841.2369,-1341.9966,43636.664,,,,,,1518.6831,0.020011061143875124,28563.46326136589,1815000,0.1171875,0.005045573,8.225673,8.466339,0.050316095,3.8620357e-05,5889.209,0.24062806,0.0,7.8022604,7.8022604,0.1,1.0,0.0030202814,0.34173712,5804.038,1.0,814965.0,60.91516727528507,5270.498254281485,100.0,1.911787748336792,173.5988394721229
2.257945e-05,0.0,,,,,,,1160.7644,8054.0635,5919.6157,2482.179,775.45276,-651.0131,39889.0,,,,,,1160.9423,0.019823739194869995,28662.581964969635,1820000,0.0546875,0.0026041667,0.050898697,0.17781147,0.033748865,2.257945e-05,5934.324,0.1268902,0.0,4.929405,4.929405,0.1,1.0,0.0021834942,0.33582348,6028.52,1.0,819965.0,60.92903718356787,4061.13685208546,100.0,1.9287972450256348,133.02400716345517
4.931268e-05,0.0,,,,,,,1000.5482,8038.8633,5945.988,-42.710056,697.5294,-584.783,32942.46,,,,,,1000.78845,0.019809372901916505,28761.628836393356,1825000,0.1328125,0.005859375,0.1786273,0.2402447,0.026901722,4.931268e-05,5957.753,0.061568104,0.0,3.9821248,3.9821248,0.1,1.0,0.0015412876,0.42209908,5980.0615,1.0,824965.0,60.93090628292673,5391.960328833415,100.0,1.9328253269195557,177.67396812916317
2.7348753e-05,0.0,,,,,,,1535.6917,7830.647,5967.92,1951.2014,1347.2958,-1100.9585,46783.855,,,,,,1535.9915,0.019840559339523316,28860.83164024353,1830000,0.1015625,0.004231771,0.050108984,0.29983252,0.0266217,2.7348753e-05,5982.2993,0.24969618,0.0,5.010151,5.010151,0.1,1.0,0.0047396254,0.34637308,5802.5815,1.0,829965.0,60.89943128665824,3686.2841411975073,100.0,1.9301669597625732,120.44746399190218
5.5296638e-05,0.0,,,,,,,1838.3528,7505.951,5963.538,2942.1418,4622.3105,-4477.4116,101663.63,,,,,,2094.9277,0.019774206256866454,28959.70267724991,1835000,0.15234375,0.0071614585,256.4406,256.57486,0.039819956,5.5296638e-05,5977.2725,0.13418265,0.0,4.9282656,4.9282656,0.1,1.0,0.002240628,0.3622069,5797.0386,1.0,834965.0,60.905408978526154,4564.484452614604,100.0,1.9393327236175537,149.91163434202613
2.4289708e-05,0.0,,,,,,,1086.8694,7447.4565,5943.5996,2821.4805,648.0002,-1124.5538,30812.367,,,,,,1087.1139,0.019854013442993163,29058.972751379013,1840000,0.1171875,0.005045573,0.07317032,0.24452983,0.01768434,2.4289708e-05,5956.1333,0.17133522,0.0,6.5038505,6.5038505,0.1,1.0,0.0032799768,0.39143535,5835.506,1.0,839965.0,60.952396179421115,4768.048446214238,100.0,1.9134573936462402,156.74133379281864
5.60578e-05,0.0,,,,,,,2104.2043,8137.3604,5873.5117,-75.477066,6332.454,-6459.374,121270.086,,,,,,2104.42,0.019763644599914552,29157.790981531143,1845000,0.12890625,0.0063476562,0.14552367,0.21565862,0.049017668,5.60578e-05,5884.618,0.070078894,0.0,4.054837,4.054837,0.1,1.0,0.0017363742,0.38175032,5900.1562,1.0,844965.0,60.96284202139114,4600.517246171808,100.0,1.916152000427246,151.1205571284997
2.840014e-05,0.0,,,,,,,942.4355,7632.9307,5806.4688,2458.7236,692.08734,-684.3783,28108.115,,,,,,942.6146,0.019808868408203124,29256.835330963135,1850000,0.09375,0.00390625,0.05109997,0.17915148,0.054526806,2.840014e-05,5817.7363,0.1280231,0.0,5.9674797,5.9674797,0.1,1.0,0.0026500155,0.34977788,5804.3076,1.0,849965.0,60.94793376655191,5077.573823038028,100.0,1.941415786743164,167.1261040005475
1.6958124e-05,0.0,,,,,,,1384.2432,8468.912,5818.015,223.6754,861.79755,-634.1943,36083.35,,,,,,1384.41,0.01983021049499512,29355.986390829086,1855000,0.0390625,0.0017903646,0.07601072,0.1668872,0.02966106,1.6958124e-05,5828.4893,0.09085952,0.0,4.941629,4.941629,0.1,1.0,0.0019608466,0.38163626,5658.4883,1.0,854965.0,60.91085500244108,4963.199801311964,100.0,1.9164621829986572,163.28878395413614
6.4338696e-05,0.0,,,,,,,1046.3813,8173.3506,5966.9727,2376.9507,658.13885,-2064.48,32854.51,,,,,,1048.6674,0.019760416889190675,29454.788482666016,1860000,0.078125,0.004231771,2.156418,2.2860568,0.10092056,6.4338696e-05,5975.9883,0.12957433,0.0,6.643714,6.643714,0.1,1.0,0.0015561646,0.3557101,5892.9834,0.0,859965.0,0.7972997896227964,38.35813954468852,100.0,1.8957407474517822,-1.942737582846181
3.5400193e-05,0.0,,,,,,,1072.346,8540.054,5884.9824,1444.5515,1095.1665,-1411.271,34979.168,,,,,,1072.5925,0.01985686855316162,29554.072832107544,1865000,0.08984375,0.004231771,0.16109042,0.2465928,0.04269421,3.5400193e-05,5893.63,0.08546698,0.0,4.6292214,4.6292214,0.1,1.0,0.0027438928,0.37331662,5957.2476,1.0,864965.0,60.95144638102336,5392.1706203186395,100.0,1.9070637226104736,177.68102354017054
3.0218236e-05,0.0,,,,,,,1514.5417,8058.667,5847.4556,1105.068,966.137,-2040.1619,36423.23,,,,,,1533.389,0.019794235467910766,29653.04401731491,1870000,0.1171875,0.0053710938,18.73911,18.84734,0.029105663,3.0218236e-05,5859.0264,0.10819797,0.0,3.7802863,3.7802863,0.1,1.0,0.0017998264,0.43356356,5975.727,1.0,869965.0,60.92253304470539,4716.288770496309,100.0,1.9143612384796143,155.00476426216184
3.4513458e-05,0.0,,,,,,,1201.9507,7592.832,5843.689,156.25198,1774.7762,-1670.9634,39187.25,,,,,,1202.146,0.01973346667289734,29751.71135854721,1875000,0.12109375,0.0055338545,0.10258636,0.19526422,0.028636098,3.4513458e-05,5860.191,0.09264334,0.0,5.443186,5.443186,0.1,1.0,0.0021627517,0.38320833,6043.502,1.0,874965.0,60.930278677796366,4049.71329244963,100.0,1.908827304840088,132.64073958459065
3.6950147e-05,0.0,,,,,,,927.4768,7392.564,5891.237,712.22943,553.5386,-1074.8135,27868.844,,,,,,927.8203,0.019784536743164063,29850.63404917717,1880000,0.11328125,0.0052083335,0.2299677,0.3434812,0.02592969,3.6950147e-05,5902.296,0.11347656,0.0,5.898272,5.898272,0.1,1.0,0.0020783925,0.29165882,6020.3354,1.0,879965.0,60.91949680136608,3978.114409258596,100.0,1.940699815750122,130.2385522205084
6.3163156e-05,0.0,,,,,,,1897.754,7808.437,5861.14,465.32227,8041.088,-7805.8887,110274.98,,,,,,1897.9242,0.0198528507232666,29949.898308753967,1885000,0.12109375,0.0052083335,0.09052595,0.17017378,0.06947863,6.3163156e-05,5878.948,0.07958467,0.0,4.3948455,4.3948455,0.1,1.0,0.0013570185,0.41588247,5956.4873,1.0,884965.0,60.91377191908349,4651.88514480444,100.0,1.9549877643585205,152.84398229262598
4.3687993e-05,0.0,,,,,,,1054.3057,7274.446,5787.744,-17.619705,478.7469,-965.62024,32400.688,,,,,,1054.3866,0.019995746469497682,30049.87704873085,1890000,0.12890625,0.005859375,0.044079583,0.08089075,0.03032744,4.3687993e-05,5796.7314,0.03676748,0.0,3.1196556,3.1196556,0.1,1.0,0.0014668864,0.4039076,5945.3584,1.0,889965.0,60.917368600406384,3101.2402422422265,100.0,1.9111442565917969,100.81887484541976
4.358126e-05,0.0,,,,,,,839.41614,7413.785,5778.957,133.53935,975.74194,-936.84656,31844.094,,,,,,839.56055,0.01989012098312378,30149.32766008377,1895000,0.13671875,0.006510417,0.07118012,0.14440358,0.033263206,4.358126e-05,5789.8535,0.07317987,0.0,3.858168,3.858168,0.1,1.0,0.0017086804,0.44074222,5586.4062,1.0,894965.0,60.923090955431704,5210.978360628696,100.0,1.9058446884155273,171.60190977054123
2.7935972e-05,0.0,,,,,,,917.1432,7334.92,5858.4746,389.37228,1132.4142,-763.8261,28812.068,,,,,,917.3228,0.019860938501358033,30248.632360219955,1900000,0.109375,0.005045573,0.07639636,0.17962192,0.024073124,2.7935972e-05,5869.109,0.10319762,0.0,4.9620967,4.9620967,0.1,1.0,0.0023107964,0.32268876,6045.259,1.0,899965.0,60.95072084932962,4975.733302149482,100.0,1.9171953201293945,163.7092907553284
4.065714e-05,0.0,,,,,,,1135.1843,7429.4517,5852.4463,2234.925,903.20935,-1338.67,31382.01,,,,,,1136.8604,0.021734849786758423,30357.30661702156,1905000,0.12890625,0.0063476562,1.2627522,1.675997,0.046311617,4.065714e-05,5864.5264,0.4132042,0.0,6.9287653,6.9287653,0.1,1.0,0.0033877413,0.3679982,5851.9336,1.0,904965.0,60.88850221667093,2643.1545151174205,100.0,1.997619390487671,85.44981186116023
2.9143781e-05,0.0,,,,,,,956.1236,7683.906,5896.1787,3173.826,628.99774,-480.77252,24403.574,,,,,,956.66925,0.020088911247253417,30457.75118112564,1910000,0.0859375,0.0037434897,0.39837754,0.54567915,0.045737386,2.9143781e-05,5907.8354,0.14727244,0.0,4.4734473,4.4734473,0.1,1.0,0.0019268524,0.42677933,5859.0854,1.0,909965.0,60.92668852449566,5319.730868393096,100.0,1.949354648590088,175.2506245035193
4.9461243e-05,0.0,,,,,,,806.2318,7327.7227,5811.579,2345.344,530.2135,-409.48645,26354.498,,,,,,806.5182,0.019968181133270264,30557.592094659805,1915000,0.109375,0.0047200522,0.121560775,0.2863907,0.04354596,4.9461243e-05,5820.269,0.16478044,0.0,5.7540283,5.7540283,0.1,1.0,0.002702268,0.3541944,5995.938,1.0,914965.0,60.91882589672465,3778.808533049245,100.0,1.9147093296051025,123.5517152744623
2.471833e-05,0.0,,,,,,,986.35535,7454.1406,5865.882,2605.87,1886.2173,-1797.7175,35816.59,,,,,,986.6625,0.019988446855545045,30657.53433561325,1920000,0.06640625,0.0027669272,0.051561516,0.3071329,0.038762093,2.471833e-05,5879.435,0.2555467,0.0,7.277065,7.277065,0.1,1.0,0.0032108258,0.34249195,5635.328,1.0,919965.0,60.93301434804484,4061.1835731709766,100.0,1.9059317111968994,133.02557468512956
2.490275e-05,0.0,,,,,,,1090.9015,7306.033,5799.449,356.45374,730.48175,-550.16205,27368.508,,,,,,1091.0873,0.01993799705505371,30757.224326848984,1925000,0.0859375,0.004557292,0.06125484,0.1857436,0.019729376,2.490275e-05,5815.544,0.124463856,0.0,5.252611,5.252611,0.1,1.0,0.0023476433,0.3654638,6014.785,0.0,924965.0,10.886278765710639,674.2079808398231,100.0,1.9106242656707764,19.39042274226004
3.467213e-05,0.0,,,,,,,913.8838,7607.75,5773.3096,11.215327,1437.7926,-1557.1514,32503.834,,,,,,914.05145,0.019801040935516358,30856.229538440704,1930000,0.11328125,0.0053710938,0.11524632,0.16765068,0.03133309,3.467213e-05,5784.545,0.052369684,0.0,2.8989851,2.8989851,0.1,1.0,0.0015395598,0.3693074,5714.078,1.0,929965.0,60.9337214451458,3919.146206011766,100.0,1.9399762153625488,128.2601320774983
2.1433807e-05,0.0,,,,,,,778.7495,8099.575,5910.868,300.08685,947.6233,-715.58093,27017.287,,,,,,779.2229,0.01983302483558655,30955.39467024803,1935000,0.046875,0.001953125,0.38793898,0.47340146,0.044863343,2.1433807e-05,5921.8057,0.085441045,0.0,3.9011931,3.9011931,0.1,1.0,0.0013227632,0.38329613,5901.4185,0.0,934965.0,10.909945518560304,4290.964910336991,100.0,1.9132778644561768,140.73488242906998
7.162158e-05,0.0,,,,,,,1229.3785,7892.786,5914.751,1673.6873,2445.4517,-1049.7821,46136.797,,,,,,1229.546,0.019990911722183227,31055.349236011505,1940000,0.140625,0.0071614585,0.061419576,0.16753651,0.11600399,7.162158e-05,5924.9243,0.10604532,0.0,4.9109035,4.9109035,0.1,1.0,0.0019474074,0.3618166,6074.9385,1.0,939965.0,60.9217592007677,4966.8044336414705,100.0,1.9155933856964111,163.4097216259012
3.8292048e-05,0.0,,,,,,,1277.9495,7644.1504,5941.2554,1310.6577,1552.9309,-1318.4462,44603.547,,,,,,1278.7614,0.019919633054733276,31154.94740819931,1945000,0.12890625,0.0053710938,0.76453567,0.8118416,0.031998515,3.8292048e-05,5954.883,0.047267675,0.0,4.037326,4.037326,0.1,1.0,0.0015945218,0.3714937,6009.7017,1.0,944965.0,60.89888643990814,4428.751964507217,100.0,1.9049859046936035,145.3577243745053
3.1528063e-05,0.0,,,,,,,736.5608,8022.88,5866.9785,1017.35016,860.26984,-525.67535,28776.86,,,,,,736.744,0.019875445079803468,31254.324640274048,1950000,0.1015625,0.004557292,0.07148175,0.18324123,0.043170214,3.1528063e-05,5879.954,0.11172795,0.0,4.0729227,4.0729227,0.1,1.0,0.002283158,0.3366236,5837.185,1.0,949965.0,60.9479465056897,5014.724252252948,100.0,1.960329294204712,165.01746154623586
6.560198e-05,0.0,,,,,,,1202.6597,7844.842,5835.129,825.81445,1307.6891,-1601.8184,52443.984,,,,,,1205.1874,0.019875728368759154,31353.7032892704,1955000,0.1484375,0.007975261,2.0882614,2.5277703,0.023833156,6.560198e-05,5849.443,0.43944335,0.0,7.273858,7.273858,0.1,1.0,0.0017521782,0.41330135,5822.868,1.0,954965.0,60.90431859388451,3775.034807319793,100.0,1.911811351776123,123.42510441324794
1.1557112e-05,0.0,,,,,,,944.1063,7605.866,5789.37,629.4249,990.18365,-4805.6797,46250.38,,,,,,944.53174,0.019741278076171875,31452.40968632698,1960000,0.05859375,0.0026041667,0.3389617,0.42542732,0.01305449,1.1557112e-05,5799.4473,0.08645405,0.0,4.8778906,4.8778906,0.1,1.0,0.0024438873,0.38417894,5818.1123,1.0,959965.0,60.91071633509971,5024.126351403926,100.0,1.925466537475586,165.3329078600571
3.473001e-05,0.0,,,,,,,916.9868,7424.811,5870.08,476.92847,968.177,-761.21643,27989.645,,,,,,918.51215,0.01982569351196289,31551.53816127777,1965000,0.08203125,0.00390625,1.4716972,1.5253563,0.052597046,3.473001e-05,5880.291,0.05362443,0.0,3.0566635,3.0566635,0.1,1.0,0.0011421458,0.3466999,6011.944,1.0,964965.0,60.90792545249626,4231.658911377151,100.0,1.9113342761993408,138.74512902837108
4.9772072e-05,0.0,,,,,,,1199.1191,7979.9873,5795.6567,321.30994,2582.7676,-1425.5061,41927.32,,,,,,1199.3827,0.019858381605148315,31650.830075740814,1970000,0.09765625,0.004557292,0.16849057,0.26355132,0.03160155,4.9772072e-05,5807.25,0.09501098,0.0,5.4919596,5.4919596,0.1,1.0,0.0025981523,0.40373302,5765.532,1.0,969965.0,60.95069838843516,4539.117183363847,100.0,2.4522805213928223,149.06054657445785
3.2619148e-05,0.0,,,,,,,967.4403,7755.1665,5831.9634,176.98976,923.0912,-992.05786,28725.979,,,,,,967.597,0.019812013721466064,31749.890151262283,1975000,0.078125,0.00390625,0.054541193,0.15667789,0.031879425,3.2619148e-05,5839.6895,0.10210408,0.0,5.6610966,5.6610966,0.1,1.0,0.0018999669,0.37238938,5788.4824,1.0,974965.0,60.922820575574036,4075.1432255269233,100.0,1.9424734115600586,133.4939297627774
7.877732e-05,0.0,,,,,,,861.6596,7508.625,5827.101,2616.253,665.6507,-1857.1951,27933.387,,,,,,861.9776,0.019894861125946045,31849.364463329315,1980000,0.16015625,0.0076497397,0.24494462,0.31801578,0.06866586,7.877732e-05,5836.428,0.07299239,0.0,5.068665,5.068665,0.1,1.0,0.0023868796,0.29164734,5959.3477,1.0,979965.0,60.93001896085178,3754.5833627269085,100.0,1.9162707328796387,122.7389456410898
6.286963e-05,0.0,,,,,,,888.9686,8557.281,5881.734,2744.2988,1610.4563,-942.7343,26239.96,,,,,,889.2392,0.019833825588226318,31948.533596992493,1985000,0.125,0.0063476562,0.17252956,0.27056378,0.054615736,6.286963e-05,5893.7803,0.09797132,0.0,5.612941,5.612941,0.1,1.0,0.0020093883,0.4144652,6005.453,1.0,984965.0,60.906783474167725,5329.090136737528,100.0,1.9150590896606445,175.56463381696156
4.0398096e-05,0.0,,,,,,,1398.5073,8046.7686,5847.3193,2374.7395,990.5634,-1056.4299,47227.37,,,,,,9356.615,0.019966385746002197,32048.365532636642,1990000,0.05859375,0.0027669272,7957.947,7958.1074,0.05592084,4.0398096e-05,5858.8486,0.16077334,0.0,6.661016,6.661016,0.1,1.0,0.0016655636,0.35200828,6005.3545,1.0,989965.0,60.94059601456114,2688.070385498044,100.0,1.9252464771270752,86.95676743736958
3.1906413e-05,0.0,,,,,,,864.24854,7456.2764,5862.195,41.930195,375.05038,-1353.9261,24665.531,,,,,,864.4393,0.019745293664932252,32147.092007875443,1995000,0.0703125,0.0032552085,0.06758683,0.1907476,0.041787744,3.1906413e-05,5875.0693,0.123128876,0.0,6.8183727,6.8183727,0.1,1.0,0.0034668497,0.38266334,5755.787,1.0,994965.0,60.957651186212445,4964.432510516732,100.0,1.9174792766571045,163.33014211984076
3.0162648e-05,0.0,,,,,,,1039.435,8263.449,5804.3604,29.960468,1940.6323,-1471.2657,34843.65,,,,,,1528.6036,0.01982028102874756,32246.1934196949,2000000,0.1171875,0.0056966147,489.01288,489.16855,0.017437696,3.0162648e-05,5814.8823,0.1556422,0.0,3.5173779,3.5173779,0.1,1.0,0.0029423854,0.4278242,5741.1543,1.0,999938.0,60.90301319968329,3779.1073626233806,100.0,1.9171593189239502,123.56174119379246
