training/actor/actor_loss,training/actor/bound_loss,training/actor/mse,training/actor/q,training/actor/q_loss,training/alpha/current_vs_historical_ratio,training/alpha/historical_avg_loss,training/alpha/max_alpha_bound,training/alpha/min_alpha_bound,training/alpha/valid_count,training/alpha_weight,training/critic/critic_loss,training/critic/q_max,training/critic/q_mean,training/critic/q_min,training/grad/max,training/grad/min,training/grad/norm,training/meanflow/consistency_loss,training/meanflow/flow_loss,training/meanflow/mean_flow_loss,training/metrics/actor_learning_rate,training/metrics/critic_learning_rate,training/total_loss,time/epoch_time,time/total_time,step,exploration/goal_achieved,exploration/total.timesteps,exploration/episode.final_reward,exploration/episode.return,exploration/episode.length,exploration/episode.duration,exploration/episode.normalized_return
0.19009729,0.0,0.51240224,-0.19009729,0.19009729,1.0,0.0,90000.0,900.0,0,9000.0,18.209118,4.4221897,-0.11977449,-3.5092125,11420.456,-11833.645,222525.9,0.100370616,0.9441237,0.9441237,0.0,1e-04,8515.513,0.008576642656326294,42.883227586746216,0,,,,,,,
-40.945274,0.04112417,0.11765939,40.986397,-40.986397,31207368.0,0.0,90000.0,900.0,2,9000.0,2.879914,310.988,41.084045,-5.4111724,6407.695,-6528.465,115903.914,0.02462017,0.31207368,0.31207368,1e-05,1e-04,2770.5977,0.01140106225013733,99.88856077194214,5000,,,,,,,
-105.28905,0.015773658,0.046756852,105.30482,-105.30482,19827470.0,0.0,90000.0,900.0,4,9000.0,13.128522,611.4055,105.33663,-6.2219806,5146.433,-5401.0996,165337.5,0.007788168,0.1982747,0.1982747,2e-05,1e-04,1692.3118,0.0037329334735870363,118.5532329082489,10000,,,,,,,
-179.96931,0.011577225,0.042287428,179.9809,-179.9809,14837699.0,0.0,90000.0,900.0,7,9000.0,9.713286,878.1609,179.94875,-6.1992497,6970.498,-4017.1182,114518.836,0.0074307006,0.14837699,0.14837699,3e-05,1e-04,1165.1368,0.003729238224029541,137.1994287967682,15000,,,,,,,
-228.12688,0.0134895425,0.044194333,228.14037,-228.14037,15239565.0,0.0,90000.0,900.0,9,9000.0,20.697683,1119.6975,228.1127,-3.551389,2381.4624,-3815.3257,91358.24,0.0061033345,0.15239565,0.15239565,4e-05,1e-04,1164.1317,0.003750983715057373,155.954354763031,20000,,,,,,,
-315.475,0.014501264,0.039338462,315.4895,-315.4895,1.6802026,0.09779832,90000.0,900.0,12,9000.0,23.968966,1323.4651,315.91415,0.12528306,6471.3447,-3415.55,74513.81,0.0068120225,0.16432098,0.16432098,5e-05,1e-04,1187.3828,0.003778190040588379,174.84530973434448,25000,,,,,,,
-399.22076,0.011943468,0.035169438,399.2327,-399.2327,1.0620682,0.13095795,90000.0,900.0,14,9000.0,25.289112,1499.1498,399.5036,6.0699453,5384.8975,-2593.6665,64487.95,0.0046716975,0.13908628,0.13908628,6e-05,1e-04,877.84485,0.0037765529155731202,193.72807931900024,30000,,,,,,,
-490.38705,0.011516267,0.033845685,490.39856,-490.39856,0.8478786,0.1557032,90000.0,900.0,17,9000.0,25.692665,1652.5203,490.18643,32.751736,2832.4124,-1521.2848,58875.54,0.004884503,0.1320174,0.1320174,6.9999995e-05,1e-04,723.4622,0.0037697669982910157,212.57691931724548,35000,,,,,,,
-506.3853,0.01221994,0.035077613,506.39752,-506.39752,0.83888847,0.16517268,90000.0,900.0,19,9000.0,28.930323,1787.6226,505.96802,68.29902,2942.396,-1533.2731,50693.926,0.0061697643,0.13856146,0.13856146,8e-05,1e-04,769.59814,0.003783140182495117,231.49262475967407,40000,,,,,,,
-492.75906,0.009282243,0.02887996,492.76834,-492.76834,0.8224676,0.14501955,90000.0,900.0,20,9000.0,28.935402,1895.6953,491.56177,115.56578,2886.8682,-2989.3057,51498.992,0.0050797435,0.11927388,0.11927388,8.9999994e-05,1e-04,609.6413,0.003781328821182251,250.3992738723755,45000,,,,,,,
-542.4393,0.011843494,0.030346256,542.4511,-542.4511,0.771182,0.13480921,90000.0,900.0,20,9000.0,23.215977,1989.915,542.4469,109.718254,1845.7754,-2129.66,37125.43,0.0059418506,0.10396244,0.10396244,1e-04,1e-04,416.43866,0.003762112998962402,269.2098436355591,50000,,,,,,,
-548.0452,0.005433254,0.025526501,548.05066,-548.05066,0.8968843,0.1252377,90000.0,900.0,20,9000.0,29.261898,2070.1604,547.29504,117.348694,1714.2417,-1301.2477,37911.29,0.0047049457,0.11232373,0.11232373,9.999385e-05,1e-04,492.13025,0.0036802801609039306,287.6112496852875,55000,,,,,,,
-524.29095,0.010838432,0.025810268,524.3018,-524.3018,0.7955894,0.1215588,90000.0,900.0,20,9000.0,53.92882,2132.4976,523.53564,105.52889,1341.3173,-1327.3857,35783.53,0.004280741,0.0967109,0.0967109,9.99754e-05,1e-04,400.03595,0.0037777955532073975,306.50023198127747,60000,,,,,,,
-636.9596,0.007024095,0.018985476,636.9666,-636.9666,0.7780956,0.11650365,90000.0,900.0,20,9000.0,39.867424,2185.3215,636.3874,92.78232,1116.6615,-1175.2367,28137.79,0.0033040314,0.09065097,0.09065097,9.994465e-05,1e-04,218.76654,0.003735904026031494,325.17975664138794,65000,,,,,,,
-628.36835,0.008601168,0.019377403,628.37695,-628.37695,0.79263085,0.11146741,90000.0,900.0,20,9000.0,42.525215,2228.6035,627.4118,94.96858,958.42487,-1036.0249,31441.672,0.00267188,0.08835252,0.08835252,9.990162e-05,1e-04,209.32953,0.0037467601299285887,343.91356229782104,70000,,,,,,,
-609.5872,0.007710974,0.02358261,609.5949,-609.5949,1.0128531,0.10593145,90000.0,900.0,20,9000.0,49.018944,2270.3308,608.81494,99.51454,1361.202,-1278.8865,40366.117,0.0036171246,0.107293,0.107293,9.984629e-05,1e-04,405.06873,0.003760296630859375,362.7150504589081,75000,,,,,,,
-613.2777,0.0067957286,0.019182155,613.2845,-613.2845,0.8841786,0.10310098,90000.0,900.0,20,9000.0,39.665783,2301.9294,612.0627,86.999626,643.6794,-618.04553,25255.562,0.0032623496,0.09115967,0.09115967,9.977873e-05,1e-04,246.82513,0.0036756665229797365,381.0933883190155,80000,,,,,,,
-619.2032,0.007133761,0.018140486,619.2103,-619.2103,0.9793718,0.09528502,90000.0,900.0,20,9000.0,42.600853,2328.2937,618.6156,99.71045,1068.0785,-1204.6194,33145.023,0.0038316818,0.09331946,0.09331946,9.969891e-05,1e-04,263.27277,0.003744861841201782,399.8177065849304,85000,,,,,,,
-604.5563,0.006352919,0.015782617,604.5626,-604.5626,0.79977316,0.09196289,90000.0,900.0,20,9000.0,46.85543,2351.8208,603.5635,119.614685,1369.4071,-973.4207,31159.508,0.0024001047,0.07354945,0.07354945,9.9606885e-05,1e-04,104.2442,0.0037353172779083254,418.4942979812622,90000,,,,,,,
-630.30304,0.0045790887,0.014745424,630.3076,-630.3076,0.8117978,0.08631169,90000.0,900.0,20,9000.0,46.076225,2368.6165,629.29626,93.266136,444.21313,-486.04077,25074.203,0.0019929032,0.070067644,0.070067644,9.950265e-05,1e-04,46.38202,0.0037503159523010255,437.2458827495575,95000,,,,,,,
-650.08264,0.0047747125,0.01678567,650.0874,-650.0874,0.8240116,0.08494463,90000.0,900.0,20,9000.0,41.07949,2382.157,650.17834,115.59534,647.803,-592.6547,25885.848,0.002411951,0.06999536,0.06999536,9.938626e-05,1e-04,20.955078,0.003725715494155884,455.8744647502899,100000,,,,,,,
-665.27563,0.0051176986,0.0162286,665.28076,-665.28076,0.90462834,0.08074261,90000.0,900.0,20,9000.0,52.391552,2395.1562,664.45996,103.76271,559.3037,-485.23358,29444.045,0.0029722922,0.07304205,0.07304205,9.9257726e-05,1e-04,44.494385,0.008261845111846924,497.1836953163147,105000,,,,,,,
-623.3661,0.0053623174,0.013578974,623.37146,-623.37146,0.936916,0.07871639,90000.0,900.0,20,9000.0,33.309864,2407.7986,622.9198,84.36848,642.3365,-412.20712,28098.688,0.001917218,0.073750645,0.073750645,9.91171e-05,1e-04,73.699585,0.0037692050457000734,516.0297253131866,110000,,,,,,,
-604.34344,0.0064481953,0.015551046,604.3499,-604.3499,1.1595974,0.077464856,90000.0,900.0,20,9000.0,24.568542,2417.8381,603.7276,84.784294,417.13876,-434.42303,25922.727,0.0023788635,0.089828044,0.089828044,9.896442e-05,1e-04,228.67749,0.0038557676315307617,535.3085689544678,115000,,,,,,,
-578.83984,0.0072435774,0.017123293,578.8471,-578.8471,0.82681453,0.07587077,90000.0,900.0,20,9000.0,26.95631,2427.416,578.67163,62.300552,445.71503,-447.1588,27454.23,0.0022524693,0.06273106,0.06273106,9.8799705e-05,1e-04,12.695984,0.003838393688201904,554.5005424022675,120000,,,,,,,
-626.993,0.0060595875,0.0156308,626.999,-626.999,0.8226967,0.07295477,90000.0,900.0,20,9000.0,21.70568,2429.4548,626.2427,77.60568,1343.1456,-1082.3724,26075.193,0.0030949698,0.060019642,0.060019642,9.8623015e-05,1e-04,-65.110535,0.003942444658279419,574.2127711772919,125000,,,,,,,
-582.107,0.0056779706,0.013017184,582.1127,-582.1127,0.96950287,0.07196485,90000.0,900.0,20,9000.0,39.128674,2417.036,581.5424,109.08205,369.2822,-442.77057,25978.006,0.0021859552,0.06977013,0.06977013,9.843441e-05,1e-04,84.95282,0.003951559495925903,593.9705736637115,130000,,,,,,,
-556.94666,0.0040491014,0.012900783,556.9507,-556.9507,0.7420181,0.071127735,90000.0,900.0,20,9000.0,26.421633,2404.8994,556.1527,105.94158,470.20883,-432.3982,22139.723,0.0017612798,0.052778065,0.052778065,9.823391e-05,1e-04,-55.52243,0.0038756471633911134,613.3488147258759,135000,,,,,,,
-609.2634,0.004283606,0.012714894,609.2677,-609.2677,1.0571865,0.07074716,90000.0,900.0,20,9000.0,17.73471,2407.2993,608.54785,83.60371,637.6581,-751.519,28509.906,0.002052938,0.074792944,0.074792944,9.8021614e-05,1e-04,81.60779,0.0038902842044830324,632.8002407550812,140000,,,,,,,
-581.0668,0.0060873963,0.01251739,581.0729,-581.0729,0.86526203,0.070488654,90000.0,900.0,20,9000.0,20.201984,2393.9458,580.9037,58.50223,690.6986,-611.0697,26717.602,0.0022590433,0.060991153,0.060991153,9.779754e-05,1e-04,-11.944458,0.00385788893699646,652.0896904468536,145000,,,,,,,
-583.9004,0.0049527623,0.01426404,583.90533,-583.90533,1.1556293,0.07046266,90000.0,900.0,20,9000.0,18.850563,2408.6072,583.74664,69.72043,527.95526,-744.09814,27319.73,0.0024514669,0.08142871,0.08142871,9.756177e-05,1e-04,167.80853,0.003908900833129883,671.634200334549,150000,,,,,,,
-539.1434,0.0054767467,0.013385246,539.14886,-539.14886,0.617353,0.070291966,90000.0,900.0,20,9000.0,27.010927,2357.4636,538.4924,45.939117,513.90045,-542.52673,22048.035,0.0016151847,0.04339496,0.04339496,9.7314376e-05,1e-04,-121.57779,0.003930619716644287,691.2873034477234,155000,,,,,,,
-577.00415,0.0043419646,0.012399926,577.0085,-577.0085,0.7050623,0.07089704,90000.0,900.0,20,9000.0,23.950773,2361.1619,576.57153,50.130196,527.9241,-567.06726,22669.145,0.0014941922,0.04998683,0.04998683,9.7055396e-05,1e-04,-103.171906,0.0038329314708709715,710.4519662857056,160000,,,,,,,
-529.57153,0.006417117,0.011852271,529.57794,-529.57794,0.7102278,0.0700395,90000.0,900.0,20,9000.0,18.475727,2320.5002,528.7353,50.743275,560.0319,-582.6841,23409.3,0.0017612479,0.049744003,0.049744003,9.6784934e-05,1e-04,-63.39978,0.0038876277446746824,729.8901097774506,165000,,,,,,,
-563.9645,0.005709288,0.015295771,563.9702,-563.9702,1.1201425,0.06851429,90000.0,900.0,20,9000.0,13.470669,2334.1062,563.79504,24.216877,668.07385,-626.4365,28359.176,0.0017541023,0.07674576,0.07674576,9.6503034e-05,1e-04,140.21802,0.0038822556018829344,749.3013927936554,170000,,,,,,,
-550.7221,0.0051932065,0.01260424,550.7273,-550.7273,0.77423227,0.06874961,90000.0,900.0,20,9000.0,14.808113,2316.7854,550.02094,37.838024,465.61914,-414.91226,23854.8,0.0017360855,0.053228162,0.053228162,9.62098e-05,1e-04,-56.860535,0.0038395286083221436,768.4990413188934,175000,,,,,,,
-554.8036,0.003601578,0.011749502,554.8072,-554.8072,0.9228785,0.067154184,90000.0,900.0,20,9000.0,13.900144,2295.7935,554.5332,44.222862,398.79144,-432.32977,23154.125,0.0015780642,0.061975155,0.061975155,9.59053e-05,1e-04,16.872925,0.0037998219966888427,787.4981560707092,180000,,,,,,,
-507.36963,0.0051243817,0.013263056,507.37476,-507.37476,1.4394609,0.065376066,90000.0,900.0,20,9000.0,10.452537,2280.3591,506.92395,52.442135,399.824,-383.5479,27415.16,0.002292356,0.09410629,0.09410629,9.558961e-05,1e-04,350.03952,0.003949801349639893,807.2471678256989,185000,,,,,,,
-507.8637,0.0043537244,0.011921147,507.86807,-507.86807,0.97742414,0.064237274,90000.0,900.0,20,9000.0,12.0128355,2269.9155,507.4563,26.722591,509.86652,-644.1357,24220.871,0.0019282488,0.06278706,0.06278706,9.526282e-05,1e-04,69.2327,0.0039054902076721193,826.7746238708496,190000,,,,,,,
-503.71707,0.0043565766,0.012724183,503.72144,-503.72144,0.83245647,0.061573185,90000.0,900.0,20,9000.0,15.228799,2253.9656,503.40256,44.86448,1164.3615,-1139.7849,30535.78,0.0022094992,0.051256992,0.051256992,9.4925024e-05,1e-04,-27.175354,0.003958722639083863,846.5682420730591,195000,,,,,,,
-430.97137,0.0055950903,0.009789874,430.97696,-430.97696,0.9769873,0.059830077,90000.0,900.0,20,9000.0,12.432824,2225.4207,430.50613,26.80196,1611.9955,-1153.4637,30829.447,0.0018504192,0.05845323,0.05845323,9.457632e-05,1e-04,107.5405,0.0039297414779663085,866.2169551849365,200000,,,,,,,
-462.6903,0.0048761046,0.010607394,462.6952,-462.6952,0.84802353,0.060004383,90000.0,900.0,20,9000.0,11.613023,2235.6592,462.33173,-0.15060508,500.27026,-363.50912,21572.324,0.0013193939,0.05088513,0.05088513,9.42168e-05,1e-04,6.8888855,0.008225416326522827,907.3440418243408,205000,,,,,,,
-430.5025,0.00596808,0.010405529,430.50848,-430.50848,0.98720974,0.059830476,90000.0,900.0,20,9000.0,14.162827,2155.7087,430.24036,15.858089,493.01938,-616.31647,24772.303,0.0015916239,0.05906523,0.05906523,9.384654e-05,1e-04,115.24744,0.0037260334014892578,925.9742143154144,210000,,,,,,,
-501.269,0.0026328089,0.008813541,501.27164,-501.27164,0.92689526,0.05868728,90000.0,900.0,20,9000.0,14.880091,2211.017,500.58875,0.44180202,685.14355,-794.37244,26239.277,0.0011102026,0.054396965,0.054396965,9.346567e-05,1e-04,3.1837769,0.003761667823791504,944.7825582027435,215000,,,,,,,
-479.86008,0.0027309475,0.010160351,479.8628,-479.8628,0.8627195,0.058714774,90000.0,900.0,20,9000.0,13.684064,2190.3252,479.43933,0.62209696,467.03433,-615.935,25024.684,0.0015495864,0.050654378,0.050654378,9.30743e-05,1e-04,-10.286621,0.003819109344482422,963.8781099319458,220000,,,,,,,
-432.86185,0.0036339373,0.011302749,432.86548,-432.86548,0.70147586,0.057446577,90000.0,900.0,20,9000.0,9.709829,2187.4092,432.5895,-3.8275216,430.09958,-620.70905,22985.975,0.0015774096,0.040297385,0.040297385,9.267249e-05,1e-04,-60.475555,0.0038458640098571776,983.1074347496033,225000,,,,,,,
-482.4189,0.003407674,0.009644367,482.42233,-482.42233,1.0457684,0.057259142,90000.0,900.0,20,9000.0,6.570766,2183.8796,482.17923,-5.1107697,366.68378,-374.5663,23715.312,0.0016315093,0.059879802,0.059879802,9.2260394e-05,1e-04,63.07007,0.003854656171798706,1002.380720615387,230000,,,,,,,
-470.24005,0.004694245,0.009359745,470.24475,-470.24475,1.0944629,0.056673475,90000.0,900.0,20,9000.0,7.2234497,2159.4983,469.9571,-13.912196,505.76764,-434.55313,25774.332,0.0012311199,0.06202701,0.06202701,9.183811e-05,1e-04,95.2265,0.003847988033294678,1021.6206653118134,235000,,,,,,,
-480.92694,0.0027884534,0.009462366,480.92972,-480.92972,0.9024345,0.05646506,90000.0,900.0,20,9000.0,17.500668,2170.2815,480.75977,-3.5682404,349.83725,-304.39722,24733.559,0.0012413809,0.05095602,0.05095602,9.1405775e-05,1e-04,-4.822113,0.003868464708328247,1040.9629933834076,240000,,,,,,,
-421.5905,0.005194953,0.0110151945,421.5957,-421.5957,0.91005844,0.05434745,90000.0,900.0,20,9000.0,12.416586,2152.312,421.29373,-11.798491,1123.9874,-1406.1422,28173.398,0.0016880308,0.049459357,0.049459357,9.0963455e-05,1e-04,35.960297,0.0038022379398345947,1059.9741883277893,245000,,,,,,,
-442.55765,0.0032663918,0.008964037,442.5609,-442.5609,0.85098296,0.054249566,90000.0,900.0,20,9000.0,10.2781105,2158.2869,442.3385,-22.228846,746.4647,-1508.2065,23265.395,0.0011220814,0.04616546,0.04616546,9.051133e-05,1e-04,-16.790405,0.003937727546691894,1079.6628305912018,250000,,,,,,,
-446.24365,0.0046581933,0.0083943615,446.24832,-446.24832,1.0718043,0.05169168,90000.0,900.0,20,9000.0,7.3736186,2155.008,446.25424,-23.116434,436.60107,-401.03812,24188.645,0.0015651134,0.055403367,0.055403367,9.004948e-05,1e-04,59.760284,0.003943429183959961,1099.3799812793732,255000,,,,,,,
-431.36115,0.0029898607,0.009188174,431.36414,-431.36414,0.95836765,0.05078224,90000.0,900.0,20,9000.0,10.170261,2142.625,431.02863,-19.674768,589.83,-612.73114,24827.605,0.0016993822,0.048668057,0.048668057,8.9578054e-05,1e-04,16.821625,0.0039646026134490964,1119.2029991149902,260000,,,,,,,
-464.77383,0.0037242062,0.008859111,464.77756,-464.77756,0.9793558,0.050188404,90000.0,900.0,20,9000.0,7.6267605,2138.8413,464.6582,-18.29726,660.3225,-726.67957,24868.34,0.0018229644,0.049152307,0.049152307,8.909717e-05,1e-04,-14.776306,0.0040032445430755615,1139.219227552414,265000,,,,,,,
-420.99643,0.0046868213,0.008908906,421.00113,-421.00113,0.96535766,0.050009478,90000.0,900.0,20,9000.0,8.319937,2139.9355,420.60455,-15.821172,922.42426,-999.9981,24328.508,0.0010404707,0.04827703,0.04827703,8.860696e-05,1e-04,21.816803,0.003926130914688111,1158.8498876094818,270000,,,,,,,
-465.3658,0.0050865356,0.008398661,465.3709,-465.3709,1.179345,0.050187398,90000.0,900.0,20,9000.0,7.5836906,2142.7112,465.2403,-16.735792,443.8932,-529.4289,28698.332,0.0010122649,0.059188254,0.059188254,8.810758e-05,1e-04,74.91214,0.00397900128364563,1178.7448990345001,275000,,,,,,,
-490.35336,0.00299422,0.00910293,490.35635,-490.35635,1.0296284,0.049664035,90000.0,900.0,20,9000.0,9.702635,2136.943,490.09637,-16.213614,1254.1271,-1142.7625,31722.002,0.0010765245,0.051135506,0.051135506,8.759914e-05,1e-04,-20.431183,0.0040197152137756344,1198.8434796333313,280000,,,,,,,
-466.20566,0.004401634,0.008823969,466.21005,-466.21005,1.3036115,0.050162196,90000.0,900.0,20,9000.0,8.907732,2136.9512,466.09967,-17.855976,427.87506,-500.28342,28735.898,0.0010153477,0.06539202,0.06539202,8.708179e-05,1e-04,131.23022,0.004016610383987426,1218.9265365600586,285000,,,,,,,
-437.62985,0.0036101681,0.009483079,437.63345,-437.63345,0.87931746,0.049913764,90000.0,900.0,20,9000.0,8.160416,2102.9316,437.30618,-18.125544,484.29898,-552.1356,23005.273,0.001373819,0.043890044,0.043890044,8.655565e-05,1e-04,-34.459015,0.003923982238769531,1238.5464534759521,290000,,,,,,,
-514.3707,0.0035827148,0.008090798,514.3743,-514.3743,0.8127934,0.04910755,90000.0,900.0,20,9000.0,8.359156,2125.4155,513.96436,-12.536066,330.35834,-298.02518,19615.05,0.0011179415,0.039914295,0.039914295,8.602091e-05,1e-04,-146.7829,0.003972053670883179,1258.4067268371582,295000,,,,,,,
-442.32886,0.0045358296,0.007210058,442.3334,-442.3334,1.1388961,0.04919111,90000.0,900.0,20,9000.0,8.051369,2136.2432,441.6643,-19.15184,717.13165,-566.71185,27413.438,0.00077350123,0.056023564,0.056023564,8.547767e-05,1e-04,69.93457,0.003958511590957642,1278.199289560318,300000,,,,,,,
-479.07864,0.0036130717,0.009378064,479.08224,-479.08224,0.95726204,0.049189817,90000.0,900.0,20,9000.0,6.5281816,2137.5388,478.9411,-13.710451,542.73596,-496.09793,23975.17,0.0012784356,0.047087546,0.047087546,8.49261e-05,1e-04,-48.762573,0.008754970741271973,1321.9741485118866,305000,,,,,,,
-426.33246,0.0035379978,0.007895872,426.336,-426.336,0.99053293,0.048742462,90000.0,900.0,20,9000.0,4.191641,2144.7693,426.25235,-19.729448,1017.0199,-850.0523,28284.316,0.0011251096,0.048281014,0.048281014,8.436636e-05,1e-04,12.388306,0.003968180608749389,1341.8150565624237,310000,,,,,,,
-425.63812,0.004444739,0.008196413,425.64258,-425.64258,1.0452262,0.04832597,90000.0,900.0,20,9000.0,12.572893,2149.832,425.2132,-23.20627,335.46704,-452.2472,24663.76,0.0012983561,0.05051157,0.05051157,8.3798586e-05,1e-04,41.53891,0.003911744785308838,1361.373785495758,315000,,,,,,,
-388.1536,0.003623153,0.009680821,388.15723,-388.15723,1.030418,0.04794044,90000.0,900.0,20,9000.0,6.7276745,2157.907,388.04785,-18.00426,467.53796,-446.5235,26011.598,0.0011818656,0.04939869,0.04939869,8.322294e-05,1e-04,63.162292,0.003982953023910523,1381.2885563373566,320000,,,,,,,
-437.83917,0.0037602948,0.0075789033,437.84293,-437.84293,1.0989865,0.048548173,90000.0,900.0,20,9000.0,13.812989,2167.0593,437.51242,-7.777089,451.0901,-510.75064,24574.924,0.0010835795,0.05335379,0.05335379,8.263957e-05,1e-04,56.15793,0.004105430793762207,1401.815714597702,325000,,,,,,,
-424.874,0.0032865377,0.0089968,424.8773,-424.8773,1.0245423,0.048580177,90000.0,900.0,20,9000.0,6.110689,2180.6165,424.9012,-9.961025,451.734,-464.90085,25113.285,0.0011392252,0.04977245,0.04977245,8.2048646e-05,1e-04,29.18872,0.004199702882766724,1422.8142340183258,330000,,,,,,,
-404.07254,0.0030735068,0.008699169,404.07562,-404.07562,0.8015182,0.050237473,90000.0,900.0,20,9000.0,7.1924467,2184.8044,403.9082,-17.755146,644.45795,-701.75006,24714.332,0.0013580364,0.04026625,0.04026625,8.1450344e-05,1e-04,-34.483856,0.004190672445297241,1443.767601966858,335000,,,,,,,
-438.5704,0.003329834,0.0071906205,438.57373,-438.57373,0.83974546,0.049530875,90000.0,900.0,20,9000.0,7.2341475,2206.1853,438.35672,-19.61367,656.3692,-854.79315,25346.672,0.0014324264,0.041593328,0.041593328,8.0844795e-05,1e-04,-56.996277,0.00411399884223938,1464.3376016616821,340000,,,,,,,
-367.89557,0.0040406063,0.006498917,367.8996,-367.8996,0.80340713,0.048977807,90000.0,900.0,20,9000.0,6.5198812,2217.231,367.7864,-16.83102,1734.4242,-1154.7703,29572.385,0.0010624884,0.03934912,0.03934912,8.0232174e-05,1e-04,-7.233612,0.0041591917514801026,1485.1335651874542,345000,,,,,,,
-493.51166,0.0040880386,0.007485011,493.51575,-493.51575,0.9709042,0.04889156,90000.0,900.0,20,9000.0,5.2343864,2232.6082,493.4969,-17.56541,831.34735,-727.19617,26222.781,0.0010145303,0.04746902,0.04746902,7.961267e-05,1e-04,-61.05609,0.0041972496509552005,1506.1198182106018,350000,,,,,,,
-442.44656,0.0039351555,0.008076932,442.4505,-442.4505,1.1797968,0.047955196,90000.0,900.0,20,9000.0,4.8336496,2236.297,442.11105,-16.553013,536.29944,-386.08978,27692.732,0.0012973843,0.05657739,0.05657739,7.898643e-05,1e-04,71.58359,0.004157654237747193,1526.908094406128,355000,,,,,,,
-435.25916,0.0037235701,0.007699319,435.26288,-435.26288,1.0111006,0.047985338,90000.0,900.0,20,9000.0,6.348674,2238.0925,434.94687,-23.015068,1174.671,-1320.0114,26563.559,0.0015275098,0.04851801,0.04851801,7.835362e-05,1e-04,7.751587,0.004179418182373047,1547.8051903247833,360000,,,,,,,
-435.70514,0.0035413438,0.0071855998,435.70868,-435.70868,0.7510428,0.046998646,90000.0,900.0,20,9000.0,5.162275,2236.849,435.43176,-14.171561,386.63098,-595.7249,23111.148,0.0012795299,0.035297994,0.035297994,7.7714445e-05,1e-04,-112.86093,0.004125133323669434,1568.4308619499207,365000,,,,,,,
-388.31494,0.0031070942,0.007840009,388.31805,-388.31805,1.0223699,0.04667135,90000.0,900.0,20,9000.0,6.299426,2234.6897,388.16837,-22.706757,439.17398,-582.1058,24926.8,0.0013873038,0.04771538,0.04771538,7.706907e-05,1e-04,47.422913,0.00413217830657959,1589.0917587280273,370000,,,,,,,
-460.71686,0.0032930048,0.0073108175,460.72015,-460.72015,1.1490506,0.04607163,90000.0,900.0,20,9000.0,6.097882,2233.0432,460.34787,-18.392908,585.3218,-586.885,27305.523,0.001159649,0.052938633,0.052938633,7.641764e-05,1e-04,21.828705,0.004087621688842773,1609.5298726558685,375000,,,,,,,
-405.68274,0.0030317192,0.0074447,405.68576,-405.68576,0.81079,0.045761984,90000.0,900.0,20,9000.0,6.7523947,2213.0542,405.63098,-25.464764,533.24164,-600.31274,24553.43,0.0009866372,0.03710336,0.03710336,7.5760356e-05,1e-04,-65.00012,0.004112530326843261,1630.0925290584564,380000,,,,,,,
-415.96463,0.0031569332,0.006577526,415.96777,-415.96777,1.1710633,0.043905333,90000.0,900.0,20,9000.0,4.1507173,2196.6616,415.71625,-21.739162,609.88324,-553.9235,30278.43,0.0009900645,0.051415924,0.051415924,7.50974e-05,1e-04,50.929413,0.004104658460617065,1650.6158261299133,385000,,,,,,,
-378.6536,0.0036320293,0.0067142453,378.65723,-378.65723,0.8702241,0.04331413,90000.0,900.0,20,9000.0,8.436167,2199.0483,378.1908,-22.985275,508.6122,-596.86206,24332.543,0.0007682302,0.037693,0.037693,7.442894e-05,1e-04,-30.980438,0.004063092279434204,1670.9312920570374,390000,,,,,,,
-421.40967,0.003592068,0.0065923682,421.41327,-421.41327,0.981388,0.042052925,90000.0,900.0,20,9000.0,8.33346,2196.9001,421.16333,-25.943525,1072.4642,-841.08997,27240.941,0.00085986935,0.041270234,0.041270234,7.375519e-05,1e-04,-41.644104,0.00418227891921997,1691.8426916599274,395000,,,,,,,
-399.56586,0.004502573,0.007027491,399.57037,-399.57037,0.9646115,0.042565614,90000.0,900.0,20,9000.0,8.80041,2162.4968,399.46606,-23.872864,796.7421,-922.39716,31781.53,0.00097195664,0.041059278,0.041059278,7.30763e-05,1e-04,-21.231934,0.0042240485668182375,1712.962940454483,400000,,,,,,,
-409.06836,0.0039663063,0.007711049,409.07233,-409.07233,0.72672695,0.041810732,90000.0,900.0,20,9000.0,4.588792,2184.5723,409.05225,-24.882217,763.621,-792.80164,23868.828,0.0017097739,0.030384984,0.030384984,7.239246e-05,1e-04,-131.01471,0.008618199825286865,1756.0539445877075,405000,,,,,,,
-422.0049,0.0033159945,0.006688976,422.00824,-422.00824,0.9836386,0.040919468,90000.0,900.0,20,9000.0,6.1231537,2169.7056,421.8884,-22.07118,1161.3794,-1464.8717,29686.629,0.00077384873,0.040249966,0.040249966,7.170388e-05,1e-04,-53.63208,0.0038445086002349854,1775.2764925956726,410000,,,,,,,
-467.46677,0.0024089096,0.0060377773,467.46918,-467.46918,0.9738724,0.039446782,90000.0,900.0,20,9000.0,6.9129,2168.5608,467.39526,-24.136555,292.06924,-322.02155,22434.57,0.0007314192,0.038416132,0.038416132,7.101073e-05,1e-04,-114.808685,0.0037394371509552,1793.9736835956573,415000,,,,,,,
-442.3356,0.0034365505,0.006122785,442.33905,-442.33905,1.0231986,0.03998421,90000.0,900.0,20,9000.0,5.6133633,2155.3977,442.20786,-20.207365,602.99854,-657.7195,28044.568,0.001007017,0.040911786,0.040911786,7.0313195e-05,1e-04,-68.51614,0.003927922248840332,1813.6133003234863,420000,,,,,,,
-381.3069,0.0036014437,0.006914506,381.3105,-381.3105,1.1012682,0.041016277,90000.0,900.0,20,9000.0,5.7343416,2147.5046,381.1618,-24.584808,724.98065,-706.68463,27945.184,0.000792011,0.04516992,0.04516992,6.961148e-05,1e-04,30.956726,0.0038817832946777342,1833.0222215652466,425000,,,,,,,
-400.9395,0.0027670772,0.0067316606,400.9423,-400.9423,0.9141337,0.041357756,90000.0,900.0,20,9000.0,4.5360775,2145.4087,400.7226,-24.180157,802.12067,-821.5478,25108.42,0.0009126423,0.03780652,0.03780652,6.890576e-05,1e-04,-56.144775,0.003908621406555176,1852.5653336048126,430000,,,,,,,
-374.81973,0.0045389924,0.007421792,374.82428,-374.82428,0.76165813,0.0409335,90000.0,900.0,20,9000.0,6.7714944,2130.5188,374.6856,-20.357386,621.50775,-583.73773,20810.375,0.0011843488,0.031177334,0.031177334,6.8196256e-05,1e-04,-87.45224,0.0038151913166046144,1871.6412949562073,435000,,,,,,,
-439.44647,0.002474572,0.0066187326,439.44894,-439.44894,0.9030124,0.040111866,90000.0,900.0,20,9000.0,8.8108635,2129.9114,439.12744,-26.47906,720.4736,-470.39044,25553.98,0.00092134473,0.03622151,0.03622151,6.748313e-05,1e-04,-104.64203,0.0037961588859558104,1890.622094631195,440000,,,,,,,
-364.0531,0.0029287522,0.0072066574,364.05603,-364.05603,1.0293648,0.039276384,90000.0,900.0,20,9000.0,3.5468178,2115.6306,363.86694,-25.493586,905.358,-652.05304,32367.318,0.00093533273,0.04042973,0.04042973,6.67666e-05,1e-04,3.3612976,0.0038147001266479494,1909.6955997943878,445000,,,,,,,
-459.2396,0.0021695695,0.0051640193,459.24176,-459.24176,0.83885056,0.03961153,90000.0,900.0,20,9000.0,3.0958767,2111.7258,459.0888,-16.003944,793.64105,-787.1545,27308.285,0.00063295796,0.033228155,0.033228155,6.604685e-05,1e-04,-157.0903,0.0037985325813293456,1928.6882672309875,450000,,,,,,,
-367.53122,0.0034607057,0.006727569,367.53467,-367.53467,0.91155416,0.040376846,90000.0,900.0,20,9000.0,5.852916,2079.215,367.50415,-27.071337,719.33795,-421.6223,26120.305,0.00067276537,0.036805682,0.036805682,6.5324086e-05,1e-04,-30.427185,0.003799908971786499,1947.6878163814545,455000,,,,,,,
-443.26962,0.003254468,0.005515018,443.2729,-443.2729,0.9730078,0.03961311,90000.0,900.0,20,9000.0,4.478097,2114.992,443.31244,-27.246098,1461.0823,-1558.4247,33983.883,0.00079207314,0.038543865,0.038543865,6.4598484e-05,1e-04,-91.89676,0.003809212303161621,1966.733882188797,460000,,,,,,,
-373.9027,0.002553348,0.005639462,373.90527,-373.90527,0.8969514,0.03892884,90000.0,900.0,20,9000.0,4.491437,2094.61,373.87256,-26.792795,509.39316,-613.0891,25149.824,0.0008833597,0.034917276,0.034917276,6.387027e-05,1e-04,-55.155792,0.0037471160411834716,1985.4694674015045,465000,,,,,,,
-398.43884,0.0026214183,0.0063697156,398.44147,-398.44147,0.7505991,0.0382117,90000.0,900.0,20,9000.0,4.485313,2091.0996,398.22955,-24.976236,597.88855,-505.26843,22142.234,0.0009871983,0.028681666,0.028681666,6.3139625e-05,1e-04,-135.81854,0.0037942062854766844,2004.4405035972595,470000,,,,,,,
-410.75275,0.003266954,0.0061927577,410.756,-410.756,1.0299821,0.038020186,90000.0,900.0,20,9000.0,4.800774,2102.9836,410.63123,-21.49493,702.92194,-611.3573,27704.04,0.0007579195,0.039160114,0.039160114,6.2406754e-05,1e-04,-53.510956,0.0038115395545959474,2023.4982063770294,475000,,,,,,,
-400.7555,0.0024130056,0.0050388295,400.7579,-400.7579,0.61220247,0.03830182,90000.0,900.0,20,9000.0,6.2843885,2085.7556,400.75653,-24.627794,439.1869,-520.57886,22291.033,0.0003178396,0.02344847,0.02344847,6.167186e-05,1e-04,-183.43488,0.0037400785446166994,2042.198603630066,480000,,,,,,,
-366.7572,0.003835756,0.0054143243,366.76105,-366.76105,0.7549988,0.037289273,90000.0,900.0,20,9000.0,4.3658476,2087.06,366.55783,-25.300024,539.1355,-658.83716,27009.848,0.0011829098,0.028153356,0.028153356,6.093515e-05,1e-04,-109.011154,0.0037243386268615724,2060.820301771164,485000,,,,,,,
-396.4503,0.0035651317,0.006904793,396.45386,-396.45386,1.0678124,0.03656404,90000.0,900.0,20,9000.0,2.5398893,2095.4075,396.34528,-27.059202,631.3452,-582.2145,28671.3,0.0010621434,0.039043535,0.039043535,6.0196806e-05,1e-04,-42.518585,0.003678598403930664,2079.2132983207703,490000,,,,,,,
-389.81418,0.0038065203,0.0056262305,389.818,-389.818,0.84737873,0.0355144,90000.0,900.0,20,9000.0,3.7315755,2094.7568,389.72858,-25.266714,483.72812,-389.64716,26227.135,0.0009487869,0.030094147,0.030094147,5.945705e-05,1e-04,-115.23529,0.0036963694095611573,2097.6951553821564,495000,,,,,,,
-369.4766,0.0035153544,0.0060559874,369.4801,-369.4801,0.83686626,0.034976643,90000.0,900.0,20,9000.0,3.922726,2089.1328,369.5006,-25.403732,1140.9834,-1408.6987,25015.604,0.0011014729,0.029270772,0.029270772,5.8716072e-05,1e-04,-102.11691,0.0036973620414733886,2116.181970357895,500000,,,,,,,
-434.73013,0.0022193121,0.0048425766,434.73236,-434.73236,1.0585512,0.034408245,90000.0,900.0,20,9000.0,3.667827,2094.3796,434.60056,-26.268827,717.59064,-658.6451,29419.158,0.0004654984,0.03642289,0.03642289,5.7974077e-05,1e-04,-103.25632,0.008258912229537963,2157.4765367507935,505000,,,,,,,
-353.1988,0.003178425,0.005347772,353.20197,-353.20197,0.677519,0.03515318,90000.0,900.0,20,9000.0,3.5103865,2092.9937,352.91418,-27.082607,619.8337,-455.96027,24580.883,0.0005437314,0.023816949,0.023816949,5.7231267e-05,1e-04,-135.33588,0.003797539186477661,2176.4642372131348,510000,,,,,,,
-365.85626,0.002497993,0.004780172,365.85876,-365.85876,1.1658279,0.035349518,90000.0,900.0,20,9000.0,4.996626,2071.184,365.24536,-27.36648,1349.3184,-2564.35,41462.38,0.00036709398,0.041211452,0.041211452,5.6487854e-05,1e-04,10.0434265,0.0037665215015411377,2195.296849489212,515000,,,,,,,
-401.50024,0.002820997,0.0060375957,401.50305,-401.50305,1.1173356,0.034792118,90000.0,900.0,20,9000.0,4.369218,2089.018,401.1889,-26.697908,932.2936,-817.9182,30602.785,0.0009422473,0.03887447,0.03887447,5.574403e-05,1e-04,-47.260773,0.003852424621582031,2214.558977842331,520000,,,,,,,
-414.54205,0.0027507509,0.005960264,414.5448,-414.5448,1.0352349,0.036423575,90000.0,900.0,20,9000.0,2.2343035,2089.4,414.531,-25.838375,668.7381,-595.54755,26019.758,0.00067905406,0.037706956,0.037706956,5.5000004e-05,1e-04,-72.94513,0.0038389585971832277,2233.7537755966187,525000,,,,,,,
-394.29846,0.0030078962,0.00519986,394.30148,-394.30148,0.9419007,0.036252897,90000.0,900.0,20,9000.0,3.2728581,2075.5444,394.2052,-27.798382,971.98303,-977.7515,27263.105,0.0005882888,0.03414663,0.03414663,5.4255972e-05,1e-04,-83.70593,0.003862854719161987,2253.0680537223816,530000,,,,,,,
-376.58508,0.0031071315,0.0051152697,376.5882,-376.5882,0.84823525,0.036533553,90000.0,900.0,20,9000.0,3.70723,2051.6423,376.48004,-25.56914,483.10803,-517.72675,24484.262,0.0007187015,0.030989047,0.030989047,5.3512147e-05,1e-04,-93.97641,0.0038614405155181883,2272.375261068344,535000,,,,,,,
-385.74664,0.0026150257,0.004395311,385.74927,-385.74927,0.73236126,0.036037315,90000.0,900.0,20,9000.0,3.8556588,2051.1223,385.57123,-27.45063,486.97552,-321.56305,22138.023,0.00031054334,0.026392333,0.026392333,5.276873e-05,1e-04,-144.35999,0.0037837121963500975,2291.2938265800476,540000,,,,,,,
-340.79025,0.0025830306,0.0048286626,340.79285,-340.79285,0.5500683,0.035492945,90000.0,900.0,20,9000.0,2.9546204,2020.9734,340.55737,-22.015528,485.1921,-393.02786,20821.18,0.00084914616,0.019523544,0.019523544,5.2025924e-05,1e-04,-162.12373,0.003849100637435913,2310.5393347740173,545000,,,,,,,
-367.66528,0.0030038764,0.005081012,367.66827,-367.66827,0.74502724,0.034411203,90000.0,900.0,20,9000.0,3.2209494,2039.2751,367.57126,-27.690178,484.28177,-485.90897,21387.717,0.0010149882,0.025637284,0.025637284,5.1283936e-05,1e-04,-133.70879,0.0038511000633239746,2329.794840335846,550000,,,,,,,
-375.7468,0.0027742123,0.0049999943,375.74957,-375.74957,0.88672477,0.033491194,90000.0,900.0,20,9000.0,3.243026,2031.7542,375.48615,-26.290552,531.6137,-603.16833,28056.24,0.0008497094,0.029697472,0.029697472,5.0542945e-05,1e-04,-105.22653,0.0038259400367736817,2348.9245455265045,555000,,,,,,,
-411.54175,0.0023810405,0.004658416,411.54413,-411.54413,0.9672685,0.033420008,90000.0,900.0,20,9000.0,4.1096115,2038.4895,411.34314,-25.517607,516.41785,-603.7523,26585.682,0.0007657452,0.03232612,0.03232612,4.9803188e-05,1e-04,-116.49704,0.0038174017429351806,2368.0115587711334,560000,,,,,,,
-393.8032,0.00312923,0.005619936,393.80634,-393.80634,0.8382088,0.031714037,90000.0,900.0,20,9000.0,4.1450353,2042.7817,393.64215,-26.757736,538.67615,-630.978,27599.316,0.0008658075,0.026582984,0.026582984,4.9064853e-05,1e-04,-150.41129,0.003759126043319702,2386.807193994522,565000,,,,,,,
-407.69586,0.0032372135,0.004632329,407.6991,-407.6991,1.1329598,0.03126229,90000.0,900.0,20,9000.0,4.8670006,2033.8235,407.8584,-26.236092,1248.3428,-1111.1968,31495.23,0.0006594933,0.03541892,0.03541892,4.8328133e-05,1e-04,-84.05856,0.003808542728424072,2405.849912881851,570000,,,,,,,
-412.07654,0.0020965992,0.0055839783,412.07864,-412.07864,0.8093267,0.030504588,90000.0,900.0,20,9000.0,3.6522593,2031.9689,412.0398,-26.894453,683.0089,-800.89374,25493.795,0.0010178677,0.024688177,0.024688177,4.7593247e-05,1e-04,-186.2307,0.003820328140258789,2424.951558113098,575000,,,,,,,
-333.33447,0.0034797087,0.0053647696,333.33795,-333.33795,0.9902275,0.030837223,90000.0,900.0,20,9000.0,3.7042613,2015.1179,333.33978,-26.336496,1014.889,-1127.0602,30093.049,0.0005226368,0.030535867,0.030535867,4.686038e-05,1e-04,-54.807404,0.003826142120361328,2444.0822734832764,580000,,,,,,,
-400.33923,0.002538655,0.006819369,400.34177,-400.34177,0.71426374,0.031260446,90000.0,900.0,20,9000.0,4.1757603,2037.6602,400.14896,-26.236324,518.3551,-575.7545,25009.754,0.0008792622,0.022328204,0.022328204,4.612974e-05,1e-04,-195.20966,0.003854056739807129,2463.3525624275208,585000,,,,,,,
-373.5213,0.0025738864,0.0050576087,373.52386,-373.52386,1.1094666,0.031460162,90000.0,900.0,20,9000.0,2.4972887,2033.5247,373.43817,-26.769096,1144.9806,-1581.5403,36344.465,0.0006653705,0.034903996,0.034903996,4.540152e-05,1e-04,-56.88806,0.0037677927970886232,2482.191530942917,590000,,,,,,,
-379.43915,0.0025193538,0.0037968655,379.44168,-379.44168,0.8437755,0.031191716,90000.0,900.0,20,9000.0,2.8929272,2018.484,379.3664,-27.756569,404.3242,-468.1301,27664.344,0.0005944578,0.026318809,0.026318809,4.467592e-05,1e-04,-139.67696,0.0038226096630096435,2501.304583787918,595000,,,,,,,
-396.5878,0.0026851152,0.0050825127,396.59048,-396.59048,1.0590007,0.030153353,90000.0,900.0,20,9000.0,4.0666914,1993.3993,396.49567,-27.329388,746.1111,-639.93256,29315.344,0.00048640106,0.031932425,0.031932425,4.3953154e-05,1e-04,-105.1293,0.0038384202003479005,2520.496689558029,600000,,,,,,,
-388.09103,0.0023837397,0.00522259,388.0934,-388.0934,0.79797053,0.031063268,90000.0,900.0,20,9000.0,3.1627564,2020.5988,388.04156,-26.57543,489.57834,-534.39453,27250.113,0.0012031989,0.024787571,0.024787571,4.3233405e-05,1e-04,-161.84015,0.008323928260803222,2562.1163358688354,605000,,,,,,,
-400.61203,0.001995948,0.005435458,400.614,-400.614,1.1908303,0.031169688,90000.0,900.0,20,9000.0,3.725564,2000.1066,400.6172,-26.259087,596.8666,-507.00372,28340.66,0.00042777814,0.037117813,0.037117813,4.251687e-05,1e-04,-62.82617,0.003797999429702759,2581.106337785721,610000,,,,,,,
-382.70337,0.0024396335,0.0043144063,382.7058,-382.7058,0.84573424,0.030752385,90000.0,900.0,20,9000.0,2.735664,2002.5648,382.5849,-27.635548,871.99396,-838.22504,29968.947,0.0004339605,0.026008345,0.026008345,4.1803753e-05,1e-04,-145.89261,0.0037459845066070557,2599.836264848709,615000,,,,,,,
-339.28668,0.0031677703,0.0041474113,339.28986,-339.28986,1.1823515,0.03068994,90000.0,900.0,20,9000.0,2.858906,1994.6815,339.0965,-27.022017,1211.5691,-1267.534,32915.336,0.0008038072,0.036286294,0.036286294,4.1094238e-05,1e-04,-9.851105,0.0039416380882263185,2619.5444600582123,620000,,,,,,,
-335.64297,0.0026564589,0.0047441134,335.64563,-335.64563,1.0430715,0.0305799,90000.0,900.0,20,9000.0,2.5436077,1996.6655,335.5088,-26.373104,627.5631,-567.05133,28680.965,0.00085878454,0.031897023,0.031897023,4.0388528e-05,1e-04,-46.026154,0.003942091464996338,2639.2549221515656,625000,,,,,,,
-344.0895,0.0027718244,0.005652314,344.0923,-344.0923,0.9394815,0.030596942,90000.0,900.0,20,9000.0,2.762949,2006.7491,344.06696,-28.127861,1030.8018,-1033.4722,30216.281,0.0007108801,0.02874526,0.02874526,3.9686805e-05,1e-04,-82.61923,0.003919909238815308,2658.8544733524323,630000,,,,,,,
-350.81903,0.0020470475,0.0037929802,350.82108,-350.82108,0.6921715,0.030665977,90000.0,900.0,20,9000.0,2.6973047,2027.7373,350.79724,-26.86345,418.78882,-405.75888,21733.266,0.0005490022,0.021226116,0.021226116,3.8989278e-05,1e-04,-157.0867,0.003905035495758057,2678.379655599594,635000,,,,,,,
-391.56332,0.0026522125,0.0032194373,391.56598,-391.56598,0.8390109,0.030821655,90000.0,900.0,20,9000.0,2.4885468,2028.7208,391.59222,-27.115295,630.4938,-711.54614,25397.762,0.0006709258,0.025859704,0.025859704,3.8296123e-05,1e-04,-156.33743,0.0038631623268127442,2697.695471763611,640000,,,,,,,
-368.40216,0.0018914235,0.004304605,368.40405,-368.40405,0.8146535,0.029602451,90000.0,900.0,20,9000.0,3.596466,2030.9956,368.41687,-27.312284,1288.1993,-1116.6667,28543.727,0.00061253423,0.024115741,0.024115741,3.7607537e-05,1e-04,-147.76402,0.00390740704536438,2717.2325122356415,645000,,,,,,,
-381.72226,0.003135785,0.004572016,381.7254,-381.7254,0.7313316,0.02936675,90000.0,900.0,20,9000.0,2.683135,2030.7062,381.88712,-27.185728,1609.8572,-1705.6458,35201.863,0.0006666685,0.021476831,0.021476831,3.692371e-05,1e-04,-185.74763,0.003905522394180298,2736.7601289749146,650000,,,,,,,
-356.69904,0.0027075713,0.0033213957,356.70175,-356.70175,0.9701915,0.028335264,90000.0,900.0,20,9000.0,2.902038,2040.8408,356.56366,-27.784695,1170.9766,-952.0303,30179.273,0.00034181066,0.02749063,0.02749063,3.6244823e-05,1e-04,-106.38132,0.003919630908966064,2756.3582882881165,655000,,,,,,,
-315.14038,0.0022469838,0.00414624,315.14264,-315.14264,0.9992488,0.028135965,90000.0,900.0,20,9000.0,2.967263,2016.1472,315.04605,-26.301968,700.0435,-719.5952,31620.797,0.0006914248,0.02811483,0.02811483,3.5571058e-05,1e-04,-59.139664,0.0037691020488739013,2775.2038040161133,660000,,,,,,,
-392.41772,0.003037612,0.005019007,392.42078,-392.42078,1.0705689,0.02772755,90000.0,900.0,20,9000.0,2.1015475,2044.9319,392.2197,-26.310236,1216.8893,-879.86993,34243.902,0.00057497574,0.029684253,0.029684253,3.490261e-05,1e-04,-123.1579,0.003876137924194336,2794.584498643875,665000,,,,,,,
-346.27844,0.0028602916,0.0047972756,346.2813,-346.2813,1.3672365,0.027142068,90000.0,900.0,20,9000.0,2.4187722,2023.8071,346.1366,-26.843555,768.61725,-605.8142,34486.434,0.0006839471,0.03710963,0.03710963,3.4239645e-05,1e-04,-9.873016,0.003892604112625122,2814.0475294589996,670000,,,,,,,
-383.228,0.0018805813,0.00371067,383.2299,-383.2299,0.89516854,0.0275172,90000.0,900.0,20,9000.0,2.6180472,2025.2808,383.13943,-27.915155,594.8553,-694.416,28577.719,0.00065641827,0.02463253,0.02463253,3.3582368e-05,1e-04,-158.91718,0.003891625213623047,2833.5056602954865,675000,,,,,,,
-352.6495,0.003196815,0.004355614,352.6527,-352.6527,1.2260096,0.02802982,90000.0,900.0,20,9000.0,2.5829515,2030.0553,352.51266,-27.091173,1033.4681,-755.9682,31512.02,0.00050238444,0.034364827,0.034364827,3.2930948e-05,1e-04,-40.78311,0.0038958030700683593,2852.984680891037,680000,,,,,,,
-412.28326,0.0023792428,0.004704649,412.28564,-412.28564,1.0578915,0.02820222,90000.0,900.0,20,9000.0,3.4355917,2041.794,411.822,-26.1717,1040.9214,-914.76605,32933.203,0.0005043311,0.029834887,0.029834887,3.228555e-05,1e-04,-140.33371,0.0038054989337921144,2872.012180328369,685000,,,,,,,
-361.06564,0.0028443502,0.004374319,361.06848,-361.06848,0.87602204,0.027946068,90000.0,900.0,20,9000.0,2.4726262,2046.2043,361.04224,-27.910143,1122.6498,-719.34753,29056.777,0.00043652812,0.024481371,0.024481371,3.1646374e-05,1e-04,-138.26068,0.0038802345752716066,2891.4133582115173,690000,,,,,,,
-336.44012,0.0027357219,0.0042893314,336.44287,-336.44287,0.9050826,0.028314728,90000.0,900.0,20,9000.0,2.9745486,2016.2318,336.3383,-28.02593,1010.6848,-778.30804,36344.23,0.00071188546,0.025627166,0.025627166,3.1013573e-05,1e-04,-102.821075,0.0038287039279937744,2910.5568828582764,695000,,,,,,,
-350.26788,0.0021291473,0.0041185254,350.27002,-350.27002,0.9624783,0.02859152,90000.0,900.0,20,9000.0,3.5750728,2033.2377,350.08008,-30.253456,609.2427,-657.9224,29061.816,0.00044170817,0.027518716,0.027518716,3.0387337e-05,1e-04,-99.02437,0.003801435422897339,2929.564064025879,700000,,,,,,,
-361.9339,0.002093537,0.0037099686,361.936,-361.936,0.9061355,0.027945368,90000.0,900.0,20,9000.0,3.1336973,2043.0131,361.81897,-27.199007,724.1201,-883.63416,27910.955,0.0003617388,0.025322288,0.025322288,2.9767822e-05,1e-04,-130.89961,0.008215132284164428,2970.639730453491,705000,,,,,,,
-365.55154,0.0024993056,0.0035743753,365.55405,-365.55405,0.8052255,0.027709091,90000.0,900.0,20,9000.0,3.1677003,2049.1274,365.3369,-28.329342,883.4574,-889.40314,28589.848,0.00045226017,0.022312067,0.022312067,2.9155208e-05,1e-04,-161.57524,0.00372809681892395,2989.280219554901,710000,,,,,,,
-391.86096,0.0026683179,0.0051191207,391.86362,-391.86362,0.8255063,0.026670635,90000.0,900.0,20,9000.0,3.376154,2025.5315,391.62476,-27.783352,413.29425,-420.7575,22090.715,0.000561696,0.022016777,0.022016777,2.8549664e-05,1e-04,-190.33382,0.003937481689453125,3008.967633962631,715000,,,,,,,
-300.813,0.0027222722,0.004917884,300.8157,-300.8157,0.87670153,0.026047487,90000.0,900.0,20,9000.0,3.1469204,2029.9402,300.7436,-28.155937,797.3457,-821.6615,31705.469,0.0007396942,0.022835873,0.022835873,2.7951346e-05,1e-04,-92.14322,0.0039311384677886965,3028.6233310699463,720000,,,,,,,
-387.08206,0.0026213282,0.0037126788,387.0847,-387.0847,1.1216117,0.02577424,90000.0,900.0,20,9000.0,2.1238546,2027.7072,386.864,-27.125525,889.79456,-748.76825,33337.383,0.0004862313,0.02890869,0.02890869,2.736043e-05,1e-04,-124.78,0.0038975693702697754,3048.111182451248,725000,,,,,,,
-340.92703,0.0021589673,0.0033743158,340.9292,-340.9292,0.5929574,0.025859026,90000.0,900.0,20,9000.0,2.8730545,2034.7739,340.89954,-28.124527,864.7356,-593.1417,25111.633,0.00047122722,0.0153333,0.0153333,2.6777061e-05,1e-04,-200.05428,0.0037978090286254883,3067.1002328395844,730000,,,,,,,
-343.23978,0.002414339,0.0036803125,343.2422,-343.2422,0.8871705,0.025017774,90000.0,900.0,20,9000.0,2.6053705,2005.1238,343.3048,-28.790937,699.35095,-580.90936,32495.467,0.0006471005,0.022195032,0.022195032,2.6201416e-05,1e-04,-140.87912,0.0038589723110198973,3086.395098924637,735000,,,,,,,
-362.17166,0.0027063484,0.0038455327,362.17438,-362.17438,0.7373715,0.024348972,90000.0,900.0,20,9000.0,2.218381,2001.6556,362.14832,-27.792227,481.7427,-553.10333,26299.307,0.00040477762,0.017954238,0.017954238,2.5633639e-05,1e-04,-198.36514,0.0038465460300445556,3105.6278336048126,740000,,,,,,,
-386.5041,0.0027543723,0.0039608786,386.50684,-386.50684,1.2495723,0.024436885,90000.0,900.0,20,9000.0,2.3004107,2043.8248,386.3573,-27.756836,502.83145,-512.0838,26421.184,0.0008113868,0.030535653,0.030535653,2.5073889e-05,1e-04,-109.38278,0.003944497394561768,3125.350325345993,745000,,,,,,,
-358.05624,0.0025918004,0.0038618324,358.05884,-358.05884,1.1354469,0.024207717,90000.0,900.0,20,9000.0,1.7870585,2036.8894,357.95563,-28.090397,680.6505,-720.31006,31573.178,0.001037724,0.027486576,0.027486576,2.4522331e-05,1e-04,-108.890015,0.003980147218704224,3145.2510664463043,750000,,,,,,,
-345.9071,0.0019381427,0.0034371933,345.90906,-345.90906,0.62086576,0.024380168,90000.0,900.0,20,9000.0,1.7710302,2023.7756,345.86334,-27.335064,1932.3611,-1600.2133,39226.83,0.0004885766,0.015136811,0.015136811,2.3979092e-05,1e-04,-207.90479,0.003907595157623291,3164.789047241211,755000,,,,,,,
-413.02026,0.0020265726,0.0028917927,413.02228,-413.02228,0.8031079,0.02508362,90000.0,900.0,20,9000.0,2.1583567,2035.5128,412.91028,-29.226482,588.79877,-522.2092,30417.37,0.00027113297,0.020144854,0.020144854,2.3444345e-05,1e-04,-229.55823,0.003940866804122925,3184.4933862686157,760000,,,,,,,
-326.01358,0.002401996,0.0033174707,326.016,-326.016,0.99141806,0.023600353,90000.0,900.0,20,9000.0,2.3109713,2023.1508,325.8339,-27.680704,570.53174,-640.6119,29889.145,0.0004934395,0.023397814,0.023397814,2.2918219e-05,1e-04,-113.12227,0.0037858222961425782,3203.4225025177,765000,,,,,,,
-333.1386,0.002144916,0.0031036031,333.14075,-333.14075,0.71491414,0.02363324,90000.0,900.0,20,9000.0,2.364133,2019.3915,332.99927,-27.185417,1116.9965,-1512.7211,30124.17,0.0004778172,0.016895737,0.016895737,2.2400869e-05,1e-04,-178.71284,0.003782749557495117,3222.336255311966,770000,,,,,,,
-392.2653,0.0019144805,0.0026407351,392.2672,-392.2672,0.6161787,0.023515748,90000.0,900.0,20,9000.0,4.797947,2040.9194,392.16266,-27.192688,741.99884,-470.52225,24986.045,0.00043619928,0.014489903,0.014489903,2.1892429e-05,1e-04,-257.05823,0.0037061345100402833,3240.866933107376,775000,,,,,,,
-404.39276,0.0024412551,0.003916999,404.3952,-404.3952,1.0356234,0.02296569,90000.0,900.0,20,9000.0,2.4923258,2049.5725,404.44025,-27.237919,987.43146,-1025.4446,34495.82,0.00036024192,0.023783807,0.023783807,2.1393029e-05,1e-04,-187.84616,0.003784948682785034,3259.7916810512543,780000,,,,,,,
-297.55618,0.002958937,0.0034834526,297.55914,-297.55914,0.72628427,0.022280507,90000.0,900.0,20,9000.0,1.6290756,2042.1765,297.41583,-26.751972,743.817,-599.15,24445.031,0.00038715434,0.016181981,0.016181981,2.0902831e-05,1e-04,-150.28926,0.0037800246715545653,3278.69180893898,785000,,,,,,,
-336.32666,0.0023202426,0.0030082364,336.32898,-336.32898,0.79594445,0.022153663,90000.0,900.0,20,9000.0,2.103445,2011.1893,336.1836,-28.38144,603.9553,-646.738,33572.332,0.00045845986,0.017633084,0.017633084,2.0421947e-05,1e-04,-175.52545,0.0037628920555114746,3297.506273508072,790000,,,,,,,
-380.11047,0.0024393024,0.0044867285,380.1129,-380.1129,1.0736451,0.022013668,90000.0,900.0,20,9000.0,2.6369228,2028.0033,379.93295,-28.073832,1023.8498,-745.3457,32602.508,0.00052049576,0.023634868,0.023634868,1.9950523e-05,1e-04,-164.75974,0.0037652529716491697,3316.3325431346893,795000,,,,,,,
-363.65543,0.0025804257,0.0036908817,363.65802,-363.65802,1.0990957,0.021727113,90000.0,900.0,20,9000.0,2.022145,2032.4928,363.68958,-28.405865,711.77716,-737.4224,27955.324,0.0004267177,0.023880176,0.023880176,1.9488682e-05,1e-04,-146.71169,0.003703462791442871,3334.8498618602753,800000,,,,,,,
-374.45523,0.0020436267,0.0034381717,374.45728,-374.45728,1.0927823,0.021647299,90000.0,900.0,20,9000.0,1.7523059,2033.6495,374.36234,-27.370617,842.33673,-468.59058,28437.469,0.00042850006,0.023655783,0.023655783,1.9036543e-05,1e-04,-159.80086,0.0082050057888031,3375.8748965263367,805000,,,,,,,
-365.33176,0.001957101,0.0039696703,365.3337,-365.3337,0.882251,0.021719735,90000.0,900.0,20,9000.0,1.6608061,2044.8085,365.18506,-27.885712,1068.3508,-794.26575,31336.08,0.00039068068,0.019162258,0.019162258,1.859424e-05,1e-04,-191.21063,0.003766499090194702,3394.707396507263,810000,,,,,,,
-372.45352,0.0020305354,0.0026561592,372.45557,-372.45557,0.99027866,0.022079399,90000.0,900.0,20,9000.0,1.9287544,2023.077,372.4631,-29.354563,821.36584,-1004.91876,33078.94,0.00043177954,0.021864757,0.021864757,1.8161878e-05,1e-04,-173.74197,0.0038919573783874513,3414.1671879291534,815000,,,,,,,
-358.87497,0.002033786,0.0030850624,358.877,-358.877,0.8557634,0.021944087,90000.0,900.0,20,9000.0,1.9985757,2018.4899,358.57086,-28.384804,931.70667,-770.0189,35590.13,0.000497061,0.018778946,0.018778946,1.7739603e-05,1e-04,-187.86589,0.003819576644897461,3433.265076160431,820000,,,,,,,
-369.374,0.0022406029,0.0039122985,369.37622,-369.37622,1.233702,0.021876685,90000.0,900.0,20,9000.0,1.6768372,2030.6407,369.2845,-28.479038,792.80914,-610.3204,31137.102,0.0006823826,0.02698931,0.02698931,1.7327511e-05,1e-04,-124.793365,0.003819655132293701,3452.3633568286896,825000,,,,,,,
-345.31122,0.0019860712,0.0036030014,345.3132,-345.3132,1.050964,0.0223512,90000.0,900.0,20,9000.0,2.3175774,2034.1865,345.073,-27.941607,2722.1348,-1550.6702,36773.203,0.0005635944,0.023490308,0.023490308,1.6925713e-05,1e-04,-131.58089,0.0038473174571990966,3471.5999484062195,830000,,,,,,,
-387.7649,0.0023784267,0.003473348,387.76727,-387.76727,0.7953584,0.022498518,90000.0,900.0,20,9000.0,1.78055,2028.559,387.64432,-29.166576,640.18304,-658.644,33817.87,0.0006135005,0.017894385,0.017894385,1.653433e-05,1e-04,-224.93488,0.0038093479633331297,3490.646693468094,835000,,,,,,,
-316.39923,0.0026070927,0.0036308002,316.40182,-316.40182,0.72298783,0.021617219,90000.0,900.0,20,9000.0,1.7773005,2021.5582,316.36435,-28.797108,804.9705,-807.51733,23352.377,0.00038182506,0.015628986,0.015628986,1.6153459e-05,1e-04,-173.96104,0.003756188678741455,3509.4276416301727,840000,,,,,,,
-363.9954,0.0019705968,0.0027121813,363.99738,-363.99738,0.73507917,0.021415193,90000.0,900.0,20,9000.0,2.724737,2018.4191,363.66818,-27.79232,1044.4055,-766.2322,25718.531,0.00036588087,0.015741862,0.015741862,1.5783213e-05,1e-04,-219.5939,0.003726648473739624,3528.0608882904053,845000,,,,,,,
-369.0135,0.0022057411,0.004367729,369.0157,-369.0157,1.1866556,0.021097217,90000.0,900.0,20,9000.0,1.8387964,2032.6891,368.97214,-28.07639,737.4011,-811.27045,31409.816,0.0006360043,0.025035132,0.025035132,1.542368e-05,1e-04,-141.85849,0.0037437331199645994,3546.7795586586,850000,,,,,,,
-376.12085,0.0024467853,0.003954589,376.1233,-376.1233,0.8785331,0.0210902,90000.0,900.0,20,9000.0,1.8728898,2031.7854,376.03723,-27.824644,710.90027,-576.567,30277.797,0.00030195396,0.01852844,0.01852844,1.5074969e-05,1e-04,-207.492,0.0037436285018920897,3565.497705936432,855000,,,,,,,
-324.7743,0.0018768737,0.002635513,324.77618,-324.77618,0.6637008,0.021235274,90000.0,900.0,20,9000.0,1.5973074,2021.7122,324.79315,-27.728462,801.2932,-881.0113,29674.742,0.00038716054,0.014093869,0.014093869,1.4737181e-05,1e-04,-196.33215,0.0038755680561065676,3584.8755509853363,860000,,,,,,,
-298.3474,0.002752354,0.0040355627,298.35016,-298.35016,1.3851179,0.020491874,90000.0,900.0,20,9000.0,1.5701865,2019.1648,298.33148,-27.600235,580.9559,-768.18774,31052.977,0.00042596683,0.028383661,0.028383661,1.4410394e-05,1e-04,-41.324265,0.003868565034866333,3604.2183809280396,865000,,,,,,,
-370.7979,0.002284534,0.0033265622,370.8002,-370.8002,1.4240654,0.01950649,90000.0,900.0,20,9000.0,1.4898821,2013.1592,370.67508,-28.35297,1169.5038,-1206.9747,34924.332,0.0004527803,0.027778516,0.027778516,1.4094706e-05,1e-04,-119.30141,0.003942486810684204,3623.930819749832,870000,,,,,,,
-294.69635,0.0023339675,0.0040523987,294.69867,-294.69867,1.9183105,0.019143542,90000.0,900.0,20,9000.0,3.3000064,2023.8894,294.75323,-27.934605,771.3129,-618.52893,33576.7,0.0004183236,0.03672326,0.03672326,1.37902e-05,1e-04,39.113007,0.003924704694747925,3643.5543479919434,875000,,,,,,,
-371.50815,0.0018316936,0.0031701343,371.50998,-371.50998,0.9936102,0.018923545,90000.0,900.0,20,9000.0,1.9736706,2036.1821,371.3299,-27.814726,679.7066,-977.8409,32248.271,0.00038057222,0.018802628,0.018802628,1.3496962e-05,1e-04,-200.31084,0.0038922150135040283,3663.015427827835,880000,,,,,,,
-329.803,0.002398665,0.0034867642,329.80542,-329.80542,0.81467485,0.019630821,90000.0,900.0,20,9000.0,2.1239738,2032.4138,329.81403,-27.077566,650.3371,-473.8439,25946.19,0.00048300723,0.015992736,0.015992736,1.3215067e-05,1e-04,-183.74442,0.003875990056991577,3682.3953824043274,885000,,,,,,,
-351.13177,0.002068334,0.0038731475,351.13385,-351.13385,1.424102,0.019222043,90000.0,900.0,20,9000.0,1.6682975,2014.6805,351.161,-27.575867,530.5553,-720.77185,30780.656,0.0003845628,0.027374148,0.027374148,1.2944596e-05,1e-04,-103.09613,0.0038123591423034667,3701.457183599472,890000,,,,,,,
-325.28674,0.0021270309,0.00306447,325.28888,-325.28888,0.8763235,0.019973112,90000.0,900.0,20,9000.0,1.6873003,2039.5352,325.20853,-28.951733,521.75745,-497.73425,23837.426,0.0002652529,0.017502908,0.017502908,1.26856285e-05,1e-04,-166.07329,0.003905662775039673,3720.985502719879,895000,,,,,,,
-327.93515,0.0021099604,0.0034444875,327.93726,-327.93726,1.3177007,0.020091277,90000.0,900.0,20,9000.0,1.6865678,2023.725,327.84805,-28.049082,773.6173,-594.72003,35642.336,0.0005120255,0.02647429,0.02647429,1.2438221e-05,1e-04,-87.979996,0.003944024467468262,3740.7056300640106,900000,,,,,,,
-326.98447,0.0022270319,0.0030845837,326.9867,-326.9867,1.0052624,0.020938559,90000.0,900.0,20,9000.0,1.8208836,2026.5284,326.78253,-28.177513,549.66077,-437.6364,28065.236,0.00017781214,0.021048747,0.021048747,1.22024585e-05,1e-04,-135.72485,0.00818077368736267,3781.6095032691956,905000,,,,,,,
-305.95605,0.0024258294,0.0041551497,305.95847,-305.95847,1.1677619,0.020788042,90000.0,900.0,20,9000.0,2.0173602,2028.7534,305.80902,-27.594524,580.2565,-986.56696,33273.15,0.0006265875,0.024275484,0.024275484,1.1978389e-05,1e-04,-85.459335,0.003781894493103027,3800.5189809799194,910000,,,,,,,
-300.61835,0.0025544006,0.0036044496,300.6209,-300.6209,1.666587,0.020374285,90000.0,900.0,20,9000.0,1.6334584,1927.9075,300.51697,-28.697182,1746.9976,-1327.339,34633.766,0.00061535544,0.03395552,0.03395552,1.1766084e-05,1e-04,6.6147766,0.003809460973739624,3819.5662908554077,915000,,,,,,,
-367.93164,0.002190821,0.0031249153,367.93384,-367.93384,0.9280407,0.020764144,90000.0,900.0,20,9000.0,1.9561244,2019.944,367.8249,-27.61402,2020.6776,-2179.3054,35589.14,0.00032960318,0.019269971,0.019269971,1.1565597e-05,1e-04,-192.54579,0.003871725511550903,3838.9249234199524,920000,,,,,,,
-314.5151,0.002587312,0.0026328492,314.5177,-314.5177,1.1810389,0.020587819,90000.0,900.0,20,9000.0,1.7363586,1997.909,314.4251,-28.370941,483.54114,-532.26587,31020.246,0.00050656474,0.024315014,0.024315014,1.1376989e-05,1e-04,-93.94362,0.0038662896633148195,3858.256376028061,925000,,,,,,,
-333.84628,0.0023989151,0.0035788892,333.8487,-333.8487,0.71455157,0.020736737,90000.0,900.0,20,9000.0,1.6414156,2009.3137,333.68213,-27.51065,529.5481,-552.79675,24534.938,0.0006008119,0.014817468,0.014817468,1.1200302e-05,1e-04,-198.84766,0.0038729304790496824,3877.6210329532623,930000,,,,,,,
-357.11636,0.0027024853,0.003472928,357.11908,-357.11908,1.1488435,0.019943101,90000.0,900.0,20,9000.0,1.1946142,2009.9037,357.01202,-27.327528,406.703,-508.48544,28991.656,0.0004201477,0.022911502,0.022911502,1.103559e-05,1e-04,-149.71823,0.0038188383102416993,3896.715229034424,935000,,,,,,,
-297.186,0.0022473512,0.0031973487,297.18826,-297.18826,1.4979491,0.019337455,90000.0,900.0,20,9000.0,1.4552174,2001.8947,297.0637,-27.556116,933.8074,-559.3261,35820.12,0.00052201084,0.028966522,0.028966522,1.0882903e-05,1e-04,-35.032074,0.003867919826507568,3916.054833173752,940000,,,,,,,
-353.99854,0.0025079818,0.0032789244,354.00104,-354.00104,1.4434514,0.019841928,90000.0,900.0,20,9000.0,1.6106055,2029.5111,353.75888,-27.393032,920.4987,-956.33246,38081.406,0.00045918528,0.028640859,0.028640859,1.0742272e-05,1e-04,-94.62021,0.003888014888763428,3935.494912624359,945000,,,,,,,
-355.10135,0.0018797731,0.0028256194,355.10324,-355.10324,0.7748207,0.020346975,90000.0,900.0,20,9000.0,1.4578459,2024.0322,354.97125,-26.963799,1510.925,-1405.8102,36103.547,0.00026036726,0.015765257,0.015765257,1.061374e-05,1e-04,-211.75618,0.003895657777786255,3954.973205804825,950000,,,,,,,
-334.81873,0.0018135831,0.0026217985,334.82053,-334.82053,0.6212116,0.020699194,90000.0,900.0,20,9000.0,1.2363807,2029.28,334.73373,-28.215986,956.1432,-813.5215,33489.113,0.00030714023,0.012858579,0.012858579,1.0497346e-05,1e-04,-217.85513,0.0038176229000091554,3974.061325073242,955000,,,,,,,
-340.61642,0.0020302278,0.003347223,340.61847,-340.61847,1.2571481,0.020331033,90000.0,900.0,20,9000.0,1.5037143,2018.0771,340.61084,-28.403503,531.49725,-532.15607,27053.848,0.00036457003,0.02555912,0.02555912,1.0393118e-05,1e-04,-109.08063,0.0039060774803161623,3993.5917172431946,960000,,,,,,,
-363.8061,0.0022042983,0.0030847613,363.8083,-363.8083,0.7548199,0.020567853,90000.0,900.0,20,9000.0,1.1178222,2009.3446,363.66376,-27.240644,775.3763,-1049.671,29811.117,0.00031880342,0.015525025,0.015525025,1.0301083e-05,1e-04,-222.96303,0.0038718311309814454,4012.9508771896362,965000,,,,,,,
-275.7763,0.0019621372,0.002809915,275.77826,-275.77826,0.93448657,0.020552564,90000.0,900.0,20,9000.0,1.0211279,1895.1494,275.56174,-27.664871,545.64746,-668.0919,30615.82,0.00031420257,0.019206095,0.019206095,1.0221269e-05,1e-04,-101.90033,0.0038729249000549314,4032.315506696701,970000,,,,,,,
-304.795,0.0019381044,0.0042654416,304.79697,-304.79697,1.1128533,0.020140115,90000.0,900.0,20,9000.0,1.2497218,2000.3625,304.65106,-27.558817,663.4446,-689.8465,32712.787,0.00034931133,0.022412993,0.022412993,1.0153698e-05,1e-04,-101.828354,0.00387623553276062,4051.696688890457,975000,,,,,,,
-293.58395,0.002159322,0.0039056346,293.58612,-293.58612,1.3168837,0.020692527,90000.0,900.0,20,9000.0,1.2534966,2019.6134,293.4793,-27.329206,644.5908,-653.2951,35310.625,0.0003573558,0.027249651,0.027249651,1.0098386e-05,1e-04,-47.083588,0.0037950579166412353,4070.6719834804535,980000,,,,,,,
-313.0856,0.00168439,0.0022247948,313.08728,-313.08728,0.83172,0.020493276,90000.0,900.0,20,9000.0,1.0180867,1956.0977,312.998,-27.335764,2652.7104,-854.0999,37299.516,0.00017004754,0.017044667,0.017044667,1.005535e-05,1e-04,-158.6655,0.003866128158569336,4090.0026292800903,985000,,,,,,,
-292.41516,0.0019189084,0.0027804072,292.41708,-292.41708,0.8628013,0.020108111,90000.0,900.0,20,9000.0,1.6436386,1950.748,292.30582,-27.332352,762.4215,-794.00464,29015.295,0.00026955543,0.017349305,0.017349305,1.0024603e-05,1e-04,-134.62778,0.003893434238433838,4109.4698050022125,990000,,,,,,,
-323.48718,0.0025727933,0.0025003417,323.48975,-323.48975,0.81108016,0.019996045,90000.0,900.0,20,9000.0,1.3151997,2008.0446,323.4711,-27.05455,859.347,-973.652,32514.45,0.00023934811,0.016218396,0.016218396,1.000615e-05,1e-04,-176.20644,0.0037921822547912595,4128.430721759796,995000,,,,,,,
-282.19608,0.002045737,0.0031394789,282.19812,-282.19812,1.1977164,0.020218367,90000.0,900.0,20,9000.0,1.0682074,1967.8107,282.10712,-27.259737,780.827,-747.11945,30672.926,0.00039647092,0.024215868,0.024215868,1e-05,1e-04,-63.18506,0.0037547380924224855,4147.204416751862,1000000,,,,,,,
-322.22086,0.0022818032,0.002888078,322.22314,-322.22314,0.9475771,0.020064063,90000.0,900.0,20,9000.0,1.1609373,1990.3495,322.18564,-27.639044,886.5642,-657.8262,28633.375,0.00028032484,0.019012248,0.019012248,1e-05,1e-04,-149.94968,0.010557982921600342,4199.994335889816,1005000,0.0,5000.0,-0.3231517523608116,-63.040335811870015,200.0,1.1942307949066162,-0.22224447587378218
-404.3904,0.0021248027,0.0033396,404.39255,-404.39255,0.8416875,0.020232638,90000.0,900.0,20,9000.0,1.2128692,1997.7028,404.32452,-27.559738,1084.9911,-1012.73145,30452.03,0.0006825736,0.01702956,0.01702956,1e-05,1e-04,-249.91151,0.006220685577392578,4231.097768783569,1010000,0.0,10000.0,-0.25374499428617525,-54.436896376960966,200.0,1.2112982273101807,0.07068023714911682
-343.2467,0.0025569394,0.0030195755,343.24927,-343.24927,0.8901328,0.020398518,90000.0,900.0,20,9000.0,1.5392857,1999.9257,343.20483,-28.694239,850.4634,-707.4915,31013.564,0.0002895287,0.018157389,0.018157389,1e-05,1e-04,-178.29092,0.006342793989181518,4262.811744213104,1015000,0.0,15000.0,-0.2970032962032021,-56.966315198810996,200.0,1.1906802654266357,-0.015439888192704913
-300.85178,0.0022688832,0.00324929,300.85403,-300.85403,0.8611736,0.020257652,90000.0,900.0,20,9000.0,1.9694818,1974.1102,300.7956,-27.825445,1679.758,-1606.0314,40367.18,0.00034084253,0.017445356,0.017445356,1e-05,1e-04,-141.8741,0.0062686644077301025,4294.1550714969635,1020000,0.0,20000.0,-0.31653908915896334,-56.76969558572225,200.0,1.1990630626678467,-0.008745502281763446
-276.11118,0.0020030416,0.003058132,276.1132,-276.1132,0.958102,0.019228643,90000.0,900.0,20,9000.0,1.4046338,1989.7894,276.02188,-27.585886,916.36554,-920.1257,33436.07,0.00014923769,0.018423,0.018423,1e-05,1e-04,-108.899536,0.0061869240760803225,4325.089696884155,1025000,0.0,25000.0,-0.31372399200367695,-62.33083752167197,200.0,1.1885299682617188,-0.19808790632751236
-345.18756,0.0023436463,0.0034481606,345.1899,-345.1899,1.1826953,0.01986806,90000.0,900.0,20,9000.0,1.4133742,2027.1708,345.08585,-27.449158,786.0449,-852.7775,36290.188,0.00028270192,0.023497859,0.023497859,1e-05,1e-04,-132.29347,0.006257245206832886,4356.375929117203,1030000,0.0,30000.0,-0.32867287520524546,-57.29348375490585,200.0,1.2258844375610352,-0.02657912571849503
-352.5656,0.0022538137,0.0036581203,352.56787,-352.56787,1.1768203,0.019767025,90000.0,900.0,20,9000.0,2.081142,2003.0746,352.50497,-27.778059,701.40845,-852.6154,29958.453,0.00026543226,0.023262238,0.023262238,1e-05,1e-04,-141.12433,0.006173966550827027,4387.245767116547,1035000,0.0,35000.0,-0.2744413066295387,-54.58921340288454,200.0,1.1857469081878662,0.065494238985856
-277.32883,0.0022788309,0.0039029974,277.33112,-277.33112,0.8196624,0.019012662,90000.0,900.0,20,9000.0,1.4368219,1998.8413,277.286,-27.296032,543.6626,-523.29395,21888.191,0.00054627087,0.015583964,0.015583964,1e-05,1e-04,-135.63632,0.006232640886306763,4418.408977031708,1040000,0.0,40000.0,-0.3337873690447164,-60.11279710194661,200.0,1.2191288471221924,-0.12256940487971217
-318.52905,0.002122036,0.003424907,318.5312,-318.5312,1.6391984,0.018300321,90000.0,900.0,20,9000.0,1.2877389,2028.7991,318.4491,-27.504278,1030.3486,-652.6471,30363.176,0.00046305946,0.029997855,0.029997855,1e-05,1e-04,-47.26059,0.006239642667770386,4449.607195615768,1045000,0.0,45000.0,-0.31898250808297723,-62.44147570083969,200.0,1.556347370147705,-0.20185484827291394
-359.98343,0.002194361,0.0035896897,359.98563,-359.98563,0.8112539,0.018652612,90000.0,900.0,20,9000.0,1.1166174,2026.7133,359.87198,-27.73777,664.9084,-865.33484,27436.73,0.00037986194,0.015132004,0.015132004,1e-05,1e-04,-222.67879,0.0061432054042816165,4480.323227882385,1050000,0.0,50000.0,-0.3014103360580997,-58.7334736384822,200.0,1.2196447849273682,-0.07560703212659539
-322.4926,0.0021669713,0.0031096144,322.49478,-322.49478,0.8410197,0.018087113,90000.0,900.0,20,9000.0,1.0688789,2025.7157,322.43848,-28.498938,503.54987,-623.2027,26737.777,0.00035609226,0.0152116185,0.0152116185,1e-05,1e-04,-184.51917,0.006156717252731324,4511.106819152832,1055000,0.0,55000.0,-0.3021077445541342,-61.49693054285825,200.0,1.1812632083892822,-0.16969554484175006
-282.14267,0.0026729289,0.0034927162,282.14536,-282.14536,0.9526233,0.018530961,90000.0,900.0,20,9000.0,1.0952914,2040.789,282.1435,-28.210043,698.47797,-566.85,27154.88,0.00046910887,0.017653026,0.017653026,1e-05,1e-04,-122.170135,0.006211575031280518,4542.164699792862,1060000,0.0,60000.0,-0.3055772771273559,-56.928974721544144,200.0,1.186741590499878,-0.014168542160657627
-305.69513,0.0022084035,0.0033961616,305.69733,-305.69733,1.1721735,0.018248005,90000.0,900.0,20,9000.0,0.8226714,2002.9442,305.73422,-27.697695,1170.3772,-1309.9792,33103.15,0.000547884,0.021389827,0.021389827,1e-05,1e-04,-112.36403,0.006191947555541992,4573.124443054199,1065000,0.0,65000.0,-0.32243988674002644,-60.568082137723536,200.0,1.1875476837158203,-0.1380706749772782
-270.95282,0.002065347,0.0043028314,270.9549,-270.9549,0.81990826,0.017959585,90000.0,900.0,20,9000.0,0.94298697,1948.3716,270.97308,-27.46567,1015.68286,-1123.5604,24866.375,0.0003544087,0.014725212,0.014725212,1e-05,1e-04,-137.48293,0.006157411813735962,4603.911507606506,1070000,0.0,70000.0,-0.29861831679010586,-60.25295462390388,200.0,1.178004503250122,-0.12734140359115173
-299.7687,0.0020608446,0.0038244736,299.77078,-299.77078,1.3076483,0.017867332,90000.0,900.0,20,9000.0,0.7882261,2009.695,299.72867,-28.214626,647.08655,-903.0587,30849.535,0.0004934468,0.023364186,0.023364186,1e-05,1e-04,-88.70279,0.006199524354934692,4634.90913438797,1075000,0.0,75000.0,-0.26343465156572643,-53.52348812790019,200.0,1.2055184841156006,0.10177940989893998
-290.0366,0.002093914,0.0023130754,290.0387,-290.0387,0.75296956,0.018521398,90000.0,900.0,20,9000.0,0.77360535,2029.357,289.94965,-27.801624,1023.0206,-1108.0178,31845.498,0.00017445021,0.013946049,0.013946049,1e-05,1e-04,-163.74857,0.006180096340179443,4665.809621810913,1080000,0.0,80000.0,-0.27669071867706835,-58.592206766934474,200.0,1.2224867343902588,-0.07079726294988026
-275.07864,0.0025414706,0.004920484,275.08118,-275.08118,1.1657559,0.01918953,90000.0,900.0,20,9000.0,0.75706035,2028.757,275.05542,-27.55128,1379.5457,-1315.9913,38031.055,0.0006113983,0.022370305,0.022370305,1e-05,1e-04,-72.988846,0.006283758354187012,4697.2284190654755,1085000,0.0,85000.0,-0.3213823553404348,-60.913462365014624,200.0,1.1932313442230225,-0.14982997249177218
-268.95078,0.002057905,0.0028678647,268.95282,-268.95282,0.9086101,0.018751102,90000.0,900.0,20,9000.0,0.660726,2029.9146,268.90344,-27.628672,991.3215,-2574.3154,29159.127,0.00032169247,0.01703744,0.01703744,1e-05,1e-04,-114.95308,0.006228793334960937,4728.372391462326,1090000,0.0,90000.0,-0.2830693813759377,-58.34743846805516,200.0,1.4982523918151855,-0.06246353964668548
-271.9874,0.0026143193,0.0037931104,271.99002,-271.99002,1.1602693,0.019432653,90000.0,900.0,20,9000.0,0.536193,1975.0212,271.9804,-27.541496,689.46216,-638.5923,29025.963,0.00049279584,0.02254711,0.02254711,1e-05,1e-04,-68.52721,0.006100124406814575,4758.873018741608,1095000,0.0,95000.0,-0.28132233132319445,-56.06105962373222,200.0,1.195098876953125,0.01538170723416324
-249.29773,0.0021670172,0.0031638464,249.2999,-249.2999,0.9344991,0.018908827,90000.0,900.0,20,9000.0,0.6276074,2023.6144,249.28882,-27.977467,1102.3038,-1151.3773,34379.13,0.0002902357,0.017670281,0.017670281,1e-05,1e-04,-89.63759,0.006121945285797119,4789.482750654221,1100000,0.0,100000.0,-0.30211624426672606,-58.877230623187444,200.0,1.1534709930419922,-0.08050158317311709
-337.11545,0.002192859,0.0034824475,337.11765,-337.11765,1.3841382,0.01971568,90000.0,900.0,20,9000.0,0.7212715,2029.2991,337.07922,-27.69507,1585.5232,-1522.1416,36552.17,0.0006176387,0.027289227,0.027289227,1e-05,1e-04,-90.79112,0.010087617778778077,4839.920844078064,1105000,0.0,105000.0,-0.31453360127063673,-55.95423670631035,200.0,1.1770446300506592,0.019018749450454703
-262.7415,0.0019715044,0.004015145,262.74347,-262.74347,1.5767925,0.019291617,90000.0,900.0,20,9000.0,0.56938344,1973.421,262.7597,-27.58928,1753.7598,-2031.2684,43368.613,0.00050751254,0.030418877,0.030418877,1e-05,1e-04,11.597809,0.006123395109176636,4870.5378241539,1110000,0.0,110000.0,-0.28916465369203626,-60.73723758230801,200.0,1.1772313117980957,-0.14382997745578657
-253.29904,0.0022552076,0.004072982,253.3013,-253.3013,1.3236318,0.01999816,90000.0,900.0,20,9000.0,0.6079851,2016.162,253.32562,-28.115427,2639.3916,-2795.1147,41629.0,0.0003458771,0.0264702,0.0264702,1e-05,1e-04,-14.459259,0.00614524393081665,4901.264049053192,1115000,0.0,115000.0,-0.2987965562721849,-61.18029841806849,200.0,1.1905603408813477,-0.15891504536946516
-266.86526,0.0024775185,0.0036974014,266.86774,-266.86774,1.0248609,0.0202708,90000.0,900.0,20,9000.0,0.5583637,2029.3337,266.8736,-28.160208,575.54065,-446.52505,27644.2,0.00040597984,0.02077475,0.02077475,1e-05,1e-04,-79.33417,0.006201875114440918,4932.273430347443,1120000,0.0,120000.0,-0.29817863425971874,-59.72090353805055,200.0,1.2028529644012451,-0.10922644935497342
-290.87027,0.0017290327,0.0044050505,290.872,-290.872,1.2411708,0.01992031,90000.0,900.0,20,9000.0,0.6821964,2035.7651,290.841,-27.490887,1542.726,-1130.3049,33979.625,0.00042406845,0.024724506,0.024724506,1e-05,1e-04,-67.66753,0.006264396238327027,4963.5954167842865,1125000,0.0,125000.0,-0.30587566903845315,-60.27905537518784,200.0,1.2142143249511719,-0.1282300662169979
-291.36444,0.002010047,0.004054883,291.36646,-291.36646,1.0655881,0.020769458,90000.0,900.0,20,9000.0,0.74512255,2035.1829,291.33014,-27.609184,652.2827,-648.6674,29170.67,0.00051465223,0.022131689,0.022131689,1e-05,1e-04,-91.43413,0.006325800514221191,4995.224424362183,1130000,0.0,130000.0,-0.3251530993472458,-60.02735706961883,200.0,1.2424912452697754,-0.11966039422884019
-257.33118,0.0026109985,0.004060201,257.3338,-257.3338,1.3407937,0.02081134,90000.0,900.0,20,9000.0,0.56115127,2032.3148,257.32318,-27.77988,530.1553,-666.608,28992.125,0.00052818016,0.027903713,0.027903713,1e-05,1e-04,-5.6365967,0.0063746564388275145,5027.097712278366,1135000,0.0,135000.0,-0.2780877360198052,-57.01393213088405,200.0,1.5459625720977783,-0.01706112075533966
-244.64209,0.0021010716,0.0047183903,244.6442,-244.6442,1.3344396,0.021993328,90000.0,900.0,20,9000.0,0.58464503,2021.1719,244.64238,-28.540422,586.3277,-799.6419,32349.656,0.00055837503,0.02934877,0.02934877,1e-05,1e-04,20.081497,0.0063234898090362545,5058.7151663303375,1140000,0.0,140000.0,-0.27964531765646977,-53.75889121975958,200.0,1.2387363910675049,0.09376454751171545
-255.38538,0.0023538661,0.0034597516,255.38773,-255.38773,0.6039924,0.022567345,90000.0,900.0,20,9000.0,0.5365685,2017.0068,255.42815,-27.328617,457.8299,-540.18506,21273.98,0.00041649686,0.013630506,0.013630506,1e-05,1e-04,-132.17426,0.006396658706665039,5090.698465585709,1145000,0.0,145000.0,-0.32505904327797813,-62.18649356214043,200.0,1.2230103015899658,-0.19317337031639065
-273.89294,0.0021767337,0.0052106376,273.8951,-273.8951,1.2737814,0.02357362,90000.0,900.0,20,9000.0,0.43600863,2052.3225,273.89114,-27.610394,656.2809,-1015.83026,34732.453,0.0005057127,0.03002764,0.03002764,1e-05,1e-04,-3.208191,0.006365592098236084,5122.526431083679,1150000,0.0,150000.0,-0.3267003064062676,-60.39644387057838,200.0,1.261293649673462,-0.1322268388548038
-259.5724,0.0017777779,0.0040515014,259.57416,-259.57416,1.0880007,0.023794515,90000.0,900.0,20,9000.0,0.55142576,2031.888,259.58185,-27.67541,704.04065,-602.04205,26841.27,0.00038807074,0.025888447,0.025888447,1e-05,1e-04,-26.024948,0.006334075164794922,5154.196812152863,1155000,0.0,155000.0,-0.3178548464694523,-59.61833614439501,200.0,1.2221918106079102,-0.1057342966433325
-257.22955,0.0025948419,0.0049544536,257.23215,-257.23215,1.3839903,0.023764273,90000.0,900.0,20,9000.0,45.341522,2050.3936,257.2844,-28.527807,570.37476,-760.56213,38583.15,0.0010584854,0.032889523,0.032889523,1e-05,1e-04,84.117676,0.006232412338256836,5185.358878850937,1160000,0.0,160000.0,-0.2614918874183129,-59.65350273554745,200.0,1.218116283416748,-0.10693162751306866
-238.55226,0.0020345778,0.0042731185,238.55429,-238.55429,0.79529864,0.024814555,90000.0,900.0,20,9000.0,0.5995384,2051.5266,238.55658,-27.196354,1336.6492,-1021.8392,36842.99,0.0006147981,0.019734982,0.019734982,1e-05,1e-04,-60.33789,0.006331810188293457,5217.017934799194,1165000,0.0,165000.0,-0.2886857533101486,-59.55238184605037,200.0,1.2117090225219727,-0.1034887245019354
-249.9945,0.0017665036,0.0043891855,249.99628,-249.99628,1.0205784,0.024441918,90000.0,900.0,20,9000.0,0.45266786,2004.4406,249.99016,-27.593565,884.70026,-841.2533,40530.227,0.00028502062,0.024944894,0.024944894,1e-05,1e-04,-25.037796,0.006404145956039429,5249.038669586182,1170000,0.0,170000.0,-0.3254205874035149,-60.93409287097504,200.0,1.2668254375457764,-0.15053238750656875
-253.31569,0.0021416976,0.00386112,253.31783,-253.31783,1.0815971,0.024815718,90000.0,900.0,20,9000.0,0.44447184,2052.3188,253.34177,-27.48943,1199.5016,-1090.6589,29829.963,0.0005061779,0.026840609,0.026840609,1e-05,1e-04,-11.30574,0.006347966623306275,5280.778507947922,1175000,0.0,175000.0,-0.3278746843991606,-63.052252946123396,200.0,1.2272071838378906,-0.22265022326790723
-298.8323,0.0016692413,0.0039079427,298.83398,-298.83398,1.1409998,0.023643801,90000.0,900.0,20,9000.0,0.47773612,2054.3704,298.80328,-27.380135,429.86996,-559.3466,31895.844,0.0005110097,0.026977573,0.026977573,1e-05,1e-04,-55.556427,0.006482268905639649,5313.189857959747,1180000,0.0,180000.0,-0.31617193532191684,-61.33507566089896,200.0,1.6311054229736328,-0.1641848075130363
-288.56155,0.0024196135,0.0042526256,288.56396,-288.56396,1.18673,0.024041334,90000.0,900.0,20,9000.0,0.48918474,2055.2002,288.53943,-27.553375,1000.3218,-877.6386,40208.93,0.00034414176,0.028530575,0.028530575,1e-05,1e-04,-31.29718,0.006338414287567139,5344.881935596466,1185000,0.0,185000.0,-0.31060977696130576,-59.96381657808517,200.0,1.2462735176086426,-0.11749700592481971
-238.2078,0.0020107564,0.0037264808,238.20981,-238.20981,0.99120796,0.024273848,90000.0,900.0,20,9000.0,0.74899524,2041.9233,238.1651,-27.567669,651.13873,-557.9186,30937.781,0.0008099732,0.024060432,0.024060432,1e-05,1e-04,-20.914917,0.006371180200576782,5376.73784160614,1190000,0.0,190000.0,-0.32306099123592624,-59.65466205432782,200.0,1.2374017238616943,-0.10697109929916214
-259.43625,0.0020549414,0.003866286,259.4383,-259.4383,0.9061083,0.024379967,90000.0,900.0,20,9000.0,1.6244309,1997.3896,259.43524,-30.06893,652.27264,-720.6454,31636.195,0.00039359948,0.02209089,0.02209089,1e-05,1e-04,-58.99382,0.006404243278503418,5408.759062767029,1195000,0.0,195000.0,-0.30943196294320796,-54.26945570219388,200.0,1.2250125408172607,0.07638115617988206
-219.26152,0.002238767,0.004341759,219.26376,-219.26376,1.2627714,0.02408423,90000.0,900.0,20,9000.0,0.38447496,2026.7559,219.2902,-29.295525,829.7475,-1063.8157,34115.61,0.0003774054,0.030412877,0.030412877,1e-05,1e-04,54.838837,0.006359677648544311,5440.557456493378,1200000,0.0,200000.0,-0.2871599072280061,-58.1808759376845,200.0,1.2195394039154053,-0.05679251914630001
-245.08278,0.0022309956,0.0052309413,245.085,-245.085,1.2377084,0.024586469,90000.0,900.0,20,9000.0,0.40879342,2021.2542,245.11359,-27.31876,560.7458,-821.2463,33808.074,0.0008193297,0.03043088,0.03043088,1e-05,1e-04,29.203949,0.010530594348907471,5493.210433959961,1205000,0.0,205000.0,-0.3275739830919009,-60.31662748854342,200.0,1.2028353214263916,-0.12950929885478346
-257.52682,0.0016928468,0.004881309,257.5285,-257.5285,0.87133366,0.024512276,90000.0,900.0,20,9000.0,0.3401534,2063.7258,257.56058,-27.898495,804.4938,-665.7884,29624.5,0.0004099628,0.02135837,0.02135837,1e-05,1e-04,-64.961334,0.006272395610809326,5524.572417497635,1210000,0.0,210000.0,-0.3346632906289292,-59.935607494319,200.0,1.2065589427947998,-0.11653656006716466
-211.89508,0.0019093612,0.004863532,211.89699,-211.89699,1.2104263,0.024568517,90000.0,900.0,20,9000.0,0.38784802,2062.8396,211.86177,-28.221418,448.10318,-411.23843,26978.852,0.00040155617,0.029738378,0.029738378,1e-05,1e-04,56.138153,0.006410265779495239,5556.62375164032,1215000,0.0,215000.0,-0.30654182728990187,-60.69093356715197,200.0,1.2239391803741455,-0.14225344629589307
-266.74066,0.0021695562,0.0045283725,266.74283,-266.74283,1.1037627,0.02658094,90000.0,900.0,20,9000.0,3.573772,2038.1638,266.77158,-27.688099,1099.459,-1152.1782,45320.76,0.00062897603,0.029339049,0.029339049,1e-05,1e-04,0.884552,0.006405422353744507,5588.650868654251,1220000,0.0,220000.0,-0.3077649016416696,-62.33996751738988,200.0,1.2133283615112305,-0.19839875891104058
-318.29895,0.0019061798,0.0049300953,318.30084,-318.30084,1.0236474,0.027104562,90000.0,900.0,20,9000.0,0.42636243,2060.9917,318.2765,-27.858791,1093.1373,-1037.6354,33106.48,0.0010213971,0.027745515,0.027745515,1e-05,1e-04,-68.16295,0.006407349300384522,5620.687621116638,1225000,0.0,225000.0,-0.3101440919142796,-61.517728574642696,200.0,1.563241720199585,-0.17040366367468793
-207.45503,0.0023303216,0.004123265,207.45737,-207.45737,1.2073898,0.026639098,90000.0,900.0,20,9000.0,0.33002934,2060.1548,207.46043,-27.961176,562.88385,-433.6201,28160.219,0.0006142324,0.032163776,0.032163776,1e-05,1e-04,82.349,0.006346986341476441,5652.422557830811,1230000,0.0,230000.0,-0.32477054168133335,-56.503479133148964,200.0,1.2280867099761963,0.0003184748127448358
-237.60692,0.0019100131,0.0051289434,237.60883,-237.60883,1.1837171,0.026480628,90000.0,900.0,20,9000.0,0.35184386,2058.9197,237.65411,-28.23584,1154.8262,-1473.1083,35565.074,0.0007145031,0.031345572,0.031345572,1e-05,1e-04,44.855057,0.00644093861579895,5684.627256155014,1235000,0.0,235000.0,-0.3218960607306885,-60.06167094190235,200.0,1.2504215240478516,-0.12082869224121068
-263.27686,0.0022265073,0.004782164,263.27908,-263.27908,0.6416937,0.02753119,90000.0,900.0,20,9000.0,0.34899604,2063.011,263.26654,-27.628397,1836.5247,-2616.2698,35722.61,0.00046268338,0.017666591,0.017666591,1e-05,1e-04,-103.92853,0.00642518482208252,5716.753185749054,1240000,0.0,240000.0,-0.32590860314174536,-61.13300833748241,200.0,1.2314627170562744,-0.15730494124897818
-240.90375,0.0023938515,0.005052819,240.90614,-240.90614,1.0067198,0.026681343,90000.0,900.0,20,9000.0,0.53983504,2042.7886,240.95224,-27.46522,1083.8112,-722.41486,35467.92,0.000548384,0.026860636,0.026860636,1e-05,1e-04,1.3818207,0.006402604341506958,5748.766212463379,1245000,0.0,245000.0,-0.2970362503367643,-61.07471039124233,200.0,1.2451245784759521,-0.15532004796282223
-249.97768,0.0017972202,0.004995393,249.97948,-249.97948,1.212643,0.026808297,90000.0,900.0,20,9000.0,0.439016,2065.7744,250.02243,-28.184805,419.9295,-526.8842,27843.48,0.00056625286,0.032508895,0.032508895,1e-05,1e-04,43.04138,0.0063187334060668945,5780.359884738922,1250000,0.0,250000.0,-0.3348597405641379,-61.37132104685802,200.0,1.2291254997253418,-0.1654188685372103
-198.72581,0.0024899372,0.0039601014,198.7283,-198.7283,0.8825299,0.027480224,90000.0,900.0,20,9000.0,3.8743737,2036.7401,198.75119,-28.21334,894.5699,-2438.8198,33928.152,0.00046459067,0.02425212,0.02425212,1e-05,1e-04,23.417648,0.006353575229644776,5812.127766370773,1255000,0.0,255000.0,-0.31445324822090037,-60.528131915560635,200.0,1.2123699188232422,-0.13671047392619792
-269.3854,0.002119116,0.004592608,269.3875,-269.3875,0.64423066,0.026628954,90000.0,900.0,20,9000.0,0.5643916,2042.0393,269.3692,-30.042866,452.52783,-607.6317,26682.473,0.0006272569,0.017155189,0.017155189,1e-05,1e-04,-114.42432,0.006395734167098999,5844.106442689896,1260000,0.0,260000.0,-0.32277438397610425,-60.22589995468797,200.0,1.243515968322754,-0.12642026254332323
-252.60257,0.0023175986,0.0052283267,252.60489,-252.60489,0.98405117,0.026451487,90000.0,900.0,20,9000.0,0.41481286,2042.8075,252.5315,-27.885931,1024.1222,-973.9203,24527.621,0.00060002337,0.026029617,0.026029617,1e-05,1e-04,-17.921204,0.006396525764465332,5876.089076757431,1265000,0.0,265000.0,-0.33959036927531133,-62.036866244734476,200.0,1.263355016708374,-0.18807894972528574
-291.8521,0.0019064493,0.0040495726,291.854,-291.854,1.0600617,0.027248336,90000.0,900.0,20,9000.0,0.3357402,2039.6694,291.84192,-27.726154,682.0253,-726.4106,39001.395,0.00046241016,0.028884917,0.028884917,1e-05,1e-04,-31.552094,0.006415808773040771,5908.168126106262,1270000,0.0,270000.0,-0.2696905833408571,-53.58398912128602,200.0,1.2537202835083008,0.09971950859327897
-276.86838,0.001727211,0.0047790734,276.87012,-276.87012,0.85513765,0.027994562,90000.0,900.0,20,9000.0,0.36425626,2042.1238,276.8863,-28.864847,672.82367,-560.7478,27498.223,0.00061224255,0.023939205,0.023939205,1e-05,1e-04,-61.05127,0.006358512830734253,5939.960695743561,1275000,0.0,275000.0,-0.33055610736035046,-62.94630088543202,200.0,1.2322170734405518,-0.2190428314559446
-269.03134,0.0019330349,0.0044987192,269.03326,-269.03326,0.893248,0.02783255,90000.0,900.0,20,9000.0,0.32854238,2018.4215,269.02725,-27.7337,2040.0498,-2102.505,53099.188,0.00074348476,0.024861371,0.024861371,1e-05,1e-04,-44.950455,0.006366970872879028,5971.795555353165,1280000,0.0,280000.0,-0.32228794570448654,-55.99422535628379,200.0,1.2765696048736572,0.017657240032475242
-267.07245,0.0021401017,0.0050470936,267.0746,-267.0746,0.92356515,0.02845324,90000.0,900.0,20,9000.0,0.43200952,2045.1799,267.04333,-27.9345,2922.874,-1524.3997,36179.953,0.0005969611,0.026278421,0.026278421,1e-05,1e-04,-30.134644,0.006356325387954712,6003.577187299728,1285000,0.0,285000.0,-0.26038365156934334,-55.13889937556069,200.0,1.2243359088897705,0.046778862767184806
-255.00377,0.0017597425,0.004561534,255.00552,-255.00552,1.1515049,0.028829603,90000.0,900.0,20,9000.0,2.163536,2029.4178,254.97723,-28.144987,1601.9305,-1714.1976,41829.938,0.0009401866,0.03319743,0.03319743,1e-05,1e-04,45.936615,0.006338435220718384,6035.269368648529,1290000,0.0,290000.0,-0.28952121469659986,-60.58897799834319,200.0,1.5708365440368652,-0.13878212462734982
-261.08603,0.0020567835,0.004422226,261.08807,-261.08807,0.76545906,0.028423954,90000.0,900.0,20,9000.0,0.6648737,2013.9548,261.09283,-27.914455,561.43884,-598.25446,26839.234,0.0004490633,0.021757372,0.021757372,1e-05,1e-04,-64.6048,0.006308302974700928,6066.810889482498,1295000,0.0,295000.0,-0.3268831229655358,-63.088961021070276,200.0,1.2245981693267822,-0.22390003764746896
-258.05533,0.00222255,0.0060109487,258.05756,-258.05756,1.4367633,0.028303633,90000.0,900.0,20,9000.0,0.36467394,2068.7764,258.06155,-28.129665,1163.1611,-1284.2806,40831.875,0.00064365927,0.04066562,0.04066562,1e-05,1e-04,108.29993,0.0063713037490844724,6098.667413711548,1300000,0.0,300000.0,-0.2916224880493765,-59.28165855830026,200.0,1.2256603240966797,-0.09427130140355838
-215.55028,0.0022362676,0.0043743546,215.55252,-215.55252,0.7771544,0.02865359,90000.0,900.0,20,9000.0,1.2786436,2066.1182,215.55246,-30.788387,569.3204,-597.0506,31564.508,0.0004948766,0.022268262,0.022268262,1e-05,1e-04,-13.857285,0.010593315601348878,6151.633996963501,1305000,0.0,305000.0,-0.31289424377969904,-60.04702810780959,200.0,1.1770262718200684,-0.12033014186413007
-250.10652,0.0019066927,0.004154384,250.10843,-250.10843,0.8426107,0.028742423,90000.0,900.0,20,9000.0,0.29424888,2048.7607,250.12271,-27.547064,755.301,-509.48428,29895.918,0.00036962374,0.024218673,0.024218673,1e-05,1e-04,-31.844208,0.0063151188373565675,6183.20959687233,1310000,0.0,310000.0,-0.3276467455051595,-59.59676139611544,200.0,1.590907096862793,-0.1049997326359785
-219.54164,0.0020477772,0.005693054,219.54369,-219.54369,0.60543513,0.02821113,90000.0,900.0,20,9000.0,0.41939574,2039.2672,219.55402,-29.846209,504.5521,-358.21237,21620.758,0.0007595459,0.017080009,0.017080009,1e-05,1e-04,-65.40216,0.00633956470489502,6214.907425642014,1315000,0.0,315000.0,-0.31779202936260387,-59.06361284385958,200.0,1.2485029697418213,-0.08684741252613484
-257.17697,0.0020448752,0.005449549,257.17902,-257.17902,0.8268976,0.028544417,90000.0,900.0,20,9000.0,0.2864678,2032.5028,257.18793,-28.14083,1013.62775,-755.0147,31244.703,0.0008026262,0.023603309,0.023603309,1e-05,1e-04,-44.460724,0.006387701940536499,6246.845940828323,1320000,0.0,320000.0,-0.33016924278970194,-62.154167975845816,200.0,1.2423415184020996,-0.19207276826528247
-189.73802,0.0018176488,0.004898096,189.73984,-189.73984,1.0006152,0.028078428,90000.0,900.0,20,9000.0,0.28157583,2041.2512,189.77466,-29.330425,1325.372,-1229.1682,33280.75,0.00087894825,0.028095704,0.028095704,1e-05,1e-04,63.404877,0.0064369841575622555,6279.0308673381805,1325000,0.0,325000.0,-0.2830981804023872,-57.100232428228324,200.0,1.2332916259765625,-0.019999421190255124
-219.76204,0.0019610478,0.0056946063,219.764,-219.764,1.0885195,0.027300065,90000.0,900.0,20,9000.0,0.2673946,2061.8542,219.7766,-28.904737,434.98132,-414.84503,22982.406,0.0010367185,0.029716652,0.029716652,1e-05,1e-04,47.955215,0.0064743323802948,6311.402534246445,1330000,0.0,330000.0,-0.3036289386981216,-57.47365940734589,200.0,1.2760605812072754,-0.032713637582501745
-246.98697,0.0018895282,0.0042762603,246.98886,-246.98886,0.9074458,0.027592639,90000.0,900.0,20,9000.0,0.21661068,2067.794,247.01349,-29.997232,770.5701,-608.36206,33445.977,0.00051461236,0.025038823,0.025038823,1e-05,1e-04,-21.420944,0.006372733402252197,6343.266206741333,1335000,0.0,335000.0,-0.30569183779080517,-62.065761103271925,200.0,1.197859764099121,-0.18906274442843388
-233.72412,0.002749933,0.004816759,233.72687,-233.72687,0.888073,0.026967255,90000.0,900.0,20,9000.0,0.38593477,2062.5745,233.68304,-27.823942,591.12006,-760.5206,34934.22,0.0008976963,0.023948893,0.023948893,1e-05,1e-04,-17.798141,0.0062964363098144535,6374.748393774033,1340000,0.0,340000.0,-0.32637608679842595,-60.612491826019486,200.0,1.2255446910858154,-0.13958270923961563
-220.98021,0.0019824768,0.0043883054,220.9822,-220.9822,1.4337683,0.027016638,90000.0,900.0,20,9000.0,0.3257628,2017.9642,220.98914,-28.622488,739.99146,-733.5244,32958.523,0.0003650227,0.0387356,0.0387356,1e-05,1e-04,127.96594,0.006293552780151367,6406.216162443161,1345000,0.0,345000.0,-0.28217194036785814,-56.55359715104555,200.0,1.2009296417236328,-0.0013879132104062091
-202.15163,0.0021285512,0.0050001987,202.15375,-202.15375,0.99565715,0.026530256,90000.0,900.0,20,9000.0,1.6017017,2034.7023,202.17865,-28.688763,943.7287,-762.3507,29535.996,0.00047755512,0.026415039,0.026415039,1e-05,1e-04,37.185425,0.006291889953613281,6437.675617456436,1350000,0.0,350000.0,-0.26664263097760804,-56.45526114366332,200.0,1.2010231018066406,0.0019601718153776475
-179.34094,0.0023147208,0.0045363354,179.34326,-179.34326,0.6871164,0.026790231,90000.0,900.0,20,9000.0,0.3788681,2019.8882,179.30795,-28.845472,631.39514,-833.45123,30474.662,0.0003768367,0.018408008,0.018408008,1e-05,1e-04,-13.289993,0.00620954966545105,6468.723370313644,1355000,0.0,355000.0,-0.2879756817344483,-55.92559479209877,200.0,1.2346014976501465,0.01999393205786747
-274.89597,0.0019484002,0.0045552924,274.89792,-274.89792,0.76624346,0.02582792,90000.0,900.0,20,9000.0,0.25359127,2036.948,274.87982,-28.369778,1120.9708,-779.39484,32074.277,0.00072503806,0.019790474,0.019790474,1e-05,1e-04,-96.52809,0.00630159912109375,6500.231371164322,1360000,0.0,360000.0,-0.3036054335882274,-58.90212272836725,200.0,1.2188432216644287,-0.0813490945459229
-230.68967,0.0023156619,0.005023315,230.69199,-230.69199,1.4202214,0.026013298,90000.0,900.0,20,9000.0,0.24331546,2059.962,230.688,-27.97571,1476.3267,-1072.8077,40628.3,0.0006178841,0.036944646,0.036944646,1e-05,1e-04,102.05548,0.006309669923782349,6531.779725790024,1365000,0.0,365000.0,-0.276801553895187,-55.123782811092106,200.0,1.231184482574463,0.04729354243016765
-191.97473,0.0016380432,0.0057268543,191.97636,-191.97636,0.87276596,0.026700659,90000.0,900.0,20,9000.0,0.2919525,2062.698,191.96997,-30.788677,449.68884,-459.09564,21158.809,0.0006349047,0.023303427,0.023303427,1e-05,1e-04,18.04805,0.006344206190109253,6563.500762462616,1370000,0.0,370000.0,-0.3220534085808645,-60.5951276688322,200.0,1.2097342014312744,-0.13899150489634654
-213.90251,0.0019656485,0.0048756143,213.90448,-213.90448,1.0388467,0.026578948,90000.0,900.0,20,9000.0,83.58776,2040.7506,214.7178,-28.230305,616.66656,-665.2522,43716.777,0.0010536282,0.027611453,0.027611453,1e-05,1e-04,118.188324,0.006319914436340332,6595.100339889526,1375000,0.0,375000.0,-0.32416515069641255,-59.278327743978515,200.0,1.2040982246398926,-0.09415789584794186
-236.992,0.0025892053,0.005341694,236.9946,-236.9946,1.1608261,0.027506737,90000.0,900.0,20,9000.0,0.32767403,2042.998,237.04312,-29.610771,746.87164,-542.7777,35518.09,0.00060149684,0.031930536,0.031930536,1e-05,1e-04,50.71048,0.006336253023147583,6626.781610250473,1380000,0.0,380000.0,-0.26784777340474886,-53.48369251099266,200.0,1.220961570739746,0.10313434704360175
-208.72958,0.0021430494,0.005846866,208.73172,-208.73172,0.75807446,0.02774682,90000.0,900.0,20,9000.0,0.24718794,2038.9891,208.72437,-30.336391,902.34076,-808.6752,23113.223,0.00065053935,0.021034157,0.021034157,1e-05,1e-04,-19.174973,0.006379743194580078,6658.680338859558,1385000,0.0,385000.0,-0.2534917221795613,-58.14716076373618,200.0,1.2333984375,-0.05564460525348465
-163.8687,0.002441791,0.006419512,163.87114,-163.87114,1.3268154,0.027497599,90000.0,900.0,20,9000.0,0.19060342,1883.338,163.89554,-29.08723,563.5468,-1223.33,30705.963,0.00058755896,0.036484234,0.036484234,1e-05,1e-04,164.68,0.00640812931060791,6690.720991373062,1390000,0.0,390000.0,-0.3091306087631354,-60.82509075543513,200.0,1.2196507453918457,-0.14682114926807277
-206.92192,0.0022130243,0.0057722675,206.92413,-206.92413,0.7169808,0.02811407,90000.0,900.0,20,9000.0,0.26320502,2060.511,206.95181,-29.461315,422.731,-445.843,22425.219,0.00071291876,0.020157248,0.020157248,1e-05,1e-04,-25.243484,0.006378911018371582,6722.615551948547,1395000,0.0,395000.0,-0.3356443294604133,-62.95445140895875,200.0,1.2247884273529053,-0.21932033556149644
-193.30647,0.0019653593,0.0054879496,193.30844,-193.30844,0.9653395,0.02875039,90000.0,900.0,20,9000.0,0.24151918,2058.5237,193.30452,-27.758244,523.61224,-452.04327,25305.518,0.00054268073,0.027753886,0.027753886,1e-05,1e-04,56.720016,0.006450571775436401,6754.8684158325195,1400000,0.0,400000.0,-0.33224325836150204,-59.49424349583895,200.0,1.264345645904541,-0.1015092650450344
-185.29813,0.0023830482,0.00567908,185.3005,-185.3005,1.050572,0.029674215,90000.0,900.0,20,9000.0,0.21489885,1907.0491,185.30484,-30.556406,612.0196,-481.25827,27672.957,0.00079685013,0.031174902,0.031174902,1e-05,1e-04,95.490906,0.010535364246368409,6807.54524230957,1405000,0.0,405000.0,-0.2999774925444535,-62.00376825322476,200.0,1.1438605785369873,-0.1869520492876215
-264.45453,0.0017639325,0.00565175,264.4563,-264.4563,1.3014885,0.029668713,90000.0,900.0,20,9000.0,0.2536254,2058.0176,264.45734,-29.46953,488.7564,-527.98065,31935.402,0.0005019486,0.03861349,0.03861349,1e-05,1e-04,83.320526,0.006362341213226318,6839.356953620911,1410000,0.0,410000.0,-0.3016250446223347,-60.76074607638557,200.0,1.225250482559204,-0.1446303804729019
-242.09995,0.0018291068,0.0051395497,242.10178,-242.10178,1.0543015,0.030841107,90000.0,900.0,20,9000.0,0.1956119,2039.6926,242.07541,-30.217438,528.3289,-529.05707,26751.0,0.00043468794,0.032515824,0.032515824,1e-05,1e-04,50.7381,0.00644543080329895,6871.584112405777,1415000,0.0,415000.0,-0.2877832194682374,-56.867747499807884,200.0,1.5870473384857178,-0.01208391467045748
-192.77118,0.0020766146,0.0055078967,192.77325,-192.77325,1.277767,0.030627957,90000.0,900.0,20,9000.0,0.20524383,2028.0802,192.7418,-30.033463,622.96643,-723.4424,33701.223,0.00070371834,0.03913539,0.03913539,1e-05,1e-04,159.65257,0.006354368495941162,6903.355959892273,1420000,0.0,420000.0,-0.2934391026131043,-59.902598766675915,200.0,1.2880127429962158,-0.1154126988317535
-199.10759,0.0022811922,0.0061990293,199.10988,-199.10988,1.1262014,0.031167358,90000.0,900.0,20,9000.0,0.25262946,2056.4897,199.12973,-28.147144,1141.3348,-1490.0392,37940.695,0.0007661797,0.03510072,0.03510072,1e-05,1e-04,117.05153,0.006442151737213134,6935.5667243003845,1425000,0.0,425000.0,-0.2882432964962387,-58.87667353675778,200.0,1.2369301319122314,-0.0804826158306056
-219.35457,0.0021165188,0.005625308,219.35669,-219.35669,0.7423539,0.032874953,90000.0,900.0,20,9000.0,0.31240973,2035.7092,219.34822,-29.275593,748.5694,-1520.7646,36340.66,0.0006307051,0.02440485,0.02440485,1e-05,1e-04,0.6014862,0.006446185398101807,6967.797656536102,1430000,0.0,430000.0,-0.2971950270363807,-59.98170299098049,200.0,1.2341303825378418,-0.11810599171521305
-247.17815,0.0026135878,0.004958776,247.18076,-247.18076,1.1583558,0.032417376,90000.0,900.0,20,9000.0,0.33006546,2027.1462,247.17288,-30.804867,1281.2361,-1359.8948,41073.574,0.000580069,0.037550855,0.037550855,1e-05,1e-04,91.10962,0.006392979145050049,6999.762557029724,1435000,0.0,435000.0,-0.2842225060992456,-56.01292508349926,200.0,1.5596907138824463,0.01702056300700887
-168.12091,0.00241113,0.006343611,168.12332,-168.12332,0.83752525,0.032011792,90000.0,900.0,20,9000.0,0.25813854,2037.3735,168.1575,-28.448488,1658.8188,-897.4335,40400.773,0.00061087793,0.026810683,0.026810683,1e-05,1e-04,73.433365,0.0062949462890625,7031.237293720245,1440000,0.0,440000.0,-0.3176387401707755,-59.68820660987216,200.0,1.2400622367858887,-0.1081132040795406
-158.62523,0.0023333686,0.005241533,158.62756,-158.62756,1.1032181,0.031433705,90000.0,900.0,20,9000.0,0.35445267,2009.7488,158.66225,-28.011717,770.0879,-744.1345,35273.61,0.0008348647,0.034678232,0.034678232,1e-05,1e-04,153.83331,0.006450841045379639,7063.491504430771,1445000,0.0,445000.0,-0.32097485785632446,-60.721135576971186,200.0,1.2439591884613037,-0.14328174609691344
-199.11752,0.0020795679,0.005755237,199.1196,-199.1196,0.9434156,0.030933646,90000.0,900.0,20,9000.0,0.27019674,2024.0975,199.11249,-30.709927,648.4486,-636.22644,27112.441,0.0008031555,0.029183283,0.029183283,1e-05,1e-04,63.802216,0.00651114993095398,7096.047259092331,1450000,0.0,450000.0,-0.2965559118120074,-58.41170002074952,200.0,1.2639210224151611,-0.06465147820588808
-207.4949,0.0023423373,0.0063523715,207.49725,-207.49725,1.3853252,0.03012955,90000.0,900.0,20,9000.0,0.31778347,2055.9712,207.50014,-29.812765,1279.4272,-1621.9515,35844.61,0.000917971,0.041739225,0.041739225,1e-05,1e-04,168.47589,0.006474498844146729,7128.419758558273,1455000,0.0,455000.0,-0.2542805369906728,-55.175043963774634,200.0,1.2357027530670166,0.045548233643797224
-211.10518,0.0021566176,0.0051749423,211.10733,-211.10733,1.00914,0.030418778,90000.0,900.0,20,9000.0,0.41329762,2040.2972,211.09962,-30.90349,1025.7307,-706.85846,31091.48,0.00049431826,0.030696804,0.030696804,1e-05,1e-04,65.57936,0.006314258098602295,7159.991055727005,1460000,0.0,460000.0,-0.3187570595152214,-55.73931778204647,200.0,1.2276697158813477,0.026336179263203984
-198.53009,0.0022100727,0.0059424285,198.5323,-198.5323,1.2845819,0.0298426,90000.0,900.0,20,9000.0,0.33459386,2055.9521,198.91653,-30.711113,1227.1516,-1588.0835,41084.645,0.0005578459,0.038335264,0.038335264,1e-05,1e-04,146.82187,0.006378178071975708,7191.881951332092,1465000,0.0,465000.0,-0.3216411593563385,-61.74077986072174,200.0,1.224883794784546,-0.17799797923399568
-213.07272,0.0024495642,0.004966157,213.07518,-213.07518,0.5538066,0.029392093,90000.0,900.0,20,9000.0,0.21027596,2053.6702,213.05798,-30.69334,862.17773,-908.56915,26736.191,0.0006602973,0.016277535,0.016277535,1e-05,1e-04,-66.364624,0.00633652572631836,7223.56458568573,1470000,0.0,470000.0,-0.26757157727192443,-53.68505895917977,200.0,1.226471185684204,0.09627834375632194
-189.33066,0.0018597646,0.0051284432,189.33252,-189.33252,1.6752878,0.028477987,90000.0,900.0,20,9000.0,0.9968752,2026.352,189.39514,-27.823483,954.9111,-1368.9272,41203.844,0.00056428293,0.047708824,0.047708824,1e-05,1e-04,241.04564,0.006386355304718018,7255.496367454529,1475000,0.0,475000.0,-0.29605160172310424,-61.16234363352551,200.0,1.2148628234863281,-0.15830373170247986
-224.50345,0.002041406,0.006749132,224.5055,-224.5055,1.1744369,0.028544903,90000.0,900.0,20,9000.0,0.74080753,2056.0908,224.56331,-29.978947,792.0647,-660.7893,30514.441,0.0012144421,0.03352419,0.03352419,1e-05,1e-04,77.95508,0.006297717618942261,7286.984961032867,1480000,0.0,480000.0,-0.2786883303273585,-57.392774684221315,200.0,1.2296631336212158,-0.029959723349890697
-183.36789,0.0029562793,0.0077438625,183.37085,-183.37085,1.2718863,0.029426888,90000.0,900.0,20,9000.0,0.55861616,2059.8127,183.37747,-28.523384,259.25464,-327.0921,23529.562,0.000815326,0.037427656,0.037427656,1e-05,1e-04,154.03963,0.006345197105407715,7318.710951566696,1485000,0.0,485000.0,-0.3355708909455207,-59.47595406468625,200.0,1.216116189956665,-0.10088655753226698
-227.21555,0.0021988584,0.0061391583,227.21774,-227.21774,1.1071999,0.030340776,90000.0,900.0,20,9000.0,0.55237734,2038.9777,227.19667,-29.697765,921.0581,-1275.163,35622.99,0.0005271874,0.033593304,0.033593304,1e-05,1e-04,75.67659,0.006322175455093384,7350.32183432579,1490000,0.0,490000.0,-0.3166377058348103,-58.45069967605721,200.0,1.2016701698303223,-0.06597931493042454
-179.10126,0.00189797,0.005256267,179.10315,-179.10315,0.8866015,0.029950773,90000.0,900.0,20,9000.0,0.86002195,2047.7003,179.10638,-30.244402,1435.4283,-1306.0768,45981.918,0.00039757046,0.026554402,0.026554402,1e-05,1e-04,60.748383,0.006312040758132935,7381.882043361664,1495000,0.0,495000.0,-0.3154533024745789,-57.624279276541714,200.0,1.2010471820831299,-0.037841851977864556
-191.35909,0.0023971722,0.0066729286,191.36148,-191.36148,1.4043117,0.029607872,90000.0,900.0,20,9000.0,1.8355951,2063.222,191.50813,-28.559967,1239.3177,-1180.2168,34279.348,0.0007930081,0.041578677,0.041578677,1e-05,1e-04,184.68462,0.006272300672531128,7413.24355173111,1500000,0.0,500000.0,-0.31647872786450937,-60.4544940250764,200.0,1.2394561767578125,-0.13420329547728793
-326.4043,0.002020875,0.004622014,326.4063,-326.4063,0.96533215,0.029729603,90000.0,900.0,20,9000.0,1.2432884,2048.9895,326.4083,-28.036087,1537.2307,-956.2445,40186.883,0.00055482984,0.02869894,0.02869894,1e-05,1e-04,-66.870544,0.010670454454421998,7466.59582901001,1505000,0.0,505000.0,-0.26050952063861743,-59.56364311321978,200.0,1.171837568283081,-0.10387214132945308
-210.16183,0.0022583203,0.006512362,210.1641,-210.1641,1.2211769,0.028735194,90000.0,900.0,20,9000.0,2.2744813,2050.1936,210.19449,-28.692863,798.8147,-617.7805,35751.332,0.0006365695,0.035090756,0.035090756,1e-05,1e-04,107.92944,0.006323507690429687,7498.21337223053,1510000,0.0,510000.0,-0.2691519856040492,-53.240327201811176,200.0,1.2342376708984375,0.11142030220038018
-136.27051,0.002358827,0.0073051574,136.27287,-136.27287,1.4337885,0.029730177,90000.0,900.0,20,9000.0,3.5271318,1919.0618,136.3422,-28.4265,581.8968,-511.4592,32864.453,0.0009361224,0.042626787,0.042626787,1e-05,1e-04,250.8977,0.006435029363632203,7530.388523817062,1515000,0.0,515000.0,-0.29933466415285404,-59.165489594477755,200.0,1.264270305633545,-0.09031605064049726
-242.85747,0.0020482054,0.005167042,242.85951,-242.85951,0.71003056,0.03092285,90000.0,900.0,20,9000.0,2.0520442,2066.7163,242.91713,-28.310596,987.29266,-804.5737,31868.459,0.0005998813,0.021956168,0.021956168,1e-05,1e-04,-43.199905,0.00640370192527771,7562.4070382118225,1520000,0.0,520000.0,-0.32747666878847925,-62.78019123374267,200.0,1.5541627407073975,-0.21338723029555243
-232.10106,0.0018089177,0.005972853,232.10287,-232.10287,0.79830885,0.030602453,90000.0,900.0,20,9000.0,1.9913702,2070.0781,232.05917,-29.715946,906.21674,-973.0032,28916.9,0.0008121419,0.024430208,0.024430208,1e-05,1e-04,-10.2378235,0.006332708311080933,7594.0705852508545,1525000,0.0,525000.0,-0.2555180018998275,-53.16631208872324,200.0,1.253957748413086,0.11394032409681734
-229.50655,0.0023080818,0.00794181,229.50885,-229.50885,0.99861395,0.030002361,90000.0,900.0,20,9000.0,2.7253182,2049.9197,229.6716,-27.565435,503.82614,-440.37228,25561.85,0.0014355282,0.029960776,0.029960776,1e-05,1e-04,42.865738,0.006390116882324218,7626.021174907684,1530000,0.0,530000.0,-0.2911173187116402,-55.64060380410172,200.0,1.2519481182098389,0.029697133202565285
-210.43927,0.0020511064,0.0062399,210.44131,-210.44131,1.0973881,0.030778965,90000.0,900.0,20,9000.0,5.1755953,2010.917,210.54431,-27.552853,334.10986,-342.2073,26192.623,0.00069991447,0.03377647,0.03377647,1e-05,1e-04,98.72455,0.006393008804321289,7657.986224412918,1535000,0.0,535000.0,-0.2820720919642584,-57.30835448128811,200.0,1.2388405799865723,-0.027085435234697537
-227.01186,0.002064454,0.0064750975,227.01392,-227.01392,1.0871751,0.03162351,90000.0,900.0,20,9000.0,1.2588816,2072.905,227.02776,-27.691647,544.31085,-472.40536,27083.6,0.00088969397,0.034380294,0.034380294,1e-05,1e-04,83.66966,0.006419445514678955,7690.083456993103,1540000,0.0,540000.0,-0.27570071879422775,-56.165945758918895,200.0,1.5562105178833008,0.01181060741041438
-225.81,0.0020086672,0.006395818,225.81201,-225.81201,0.8942506,0.03159278,90000.0,900.0,20,9000.0,2.0844994,2071.9976,225.75082,-27.73476,489.5308,-531.4918,29000.715,0.000946891,0.02825186,0.02825186,1e-05,1e-04,30.541245,0.006365159273147583,7721.909258365631,1545000,0.0,545000.0,-0.33012665321051554,-60.94943430285439,200.0,1.2369797229766846,-0.151054723319428
-238.83292,0.002000133,0.005550929,238.83492,-238.83492,0.9929338,0.03207849,90000.0,900.0,20,9000.0,1.3984884,2071.7532,238.77243,-27.58337,845.55865,-520.61633,36573.85,0.0005729981,0.031851817,0.031851817,1e-05,1e-04,49.23192,0.006368767070770264,7753.753098726273,1550000,0.0,550000.0,-0.2858615165203279,-56.77280428505027,200.0,1.2121491432189941,-0.00885134540013759
-167.88461,0.0021153814,0.0069910344,167.88673,-167.88673,0.9118263,0.032181468,90000.0,900.0,20,9000.0,1.2994177,2020.3699,167.93024,-27.737324,966.07336,-987.9534,28736.172,0.0008545278,0.02934391,0.02934391,1e-05,1e-04,97.509995,0.006356469535827637,7785.535451412201,1555000,0.0,555000.0,-0.2690362235653792,-55.430168899358996,200.0,1.2476859092712402,0.03686189382511924
-249.16357,0.002222356,0.005872233,249.1658,-249.1658,0.78860945,0.032132935,90000.0,900.0,20,9000.0,4.364955,2033.1415,249.19382,-27.881983,601.21814,-690.96216,34882.1,0.0008033672,0.025340335,0.025340335,1e-05,1e-04,-16.735596,0.006379167127609253,7817.431292057037,1560000,0.0,560000.0,-0.2778660605891737,-57.52933576040496,200.0,1.5691516399383545,-0.03460927244636967
-266.04578,0.0022541564,0.0062747067,266.04803,-266.04803,1.1411713,0.03171816,90000.0,900.0,20,9000.0,0.8948354,2068.1726,266.01474,-27.469269,680.3479,-616.73157,27063.816,0.0005533709,0.036195856,0.036195856,1e-05,1e-04,60.611755,0.006261230564117432,7848.737450122833,1565000,0.0,565000.0,-0.2662770938680277,-56.36081537688762,200.0,1.2077457904815674,0.005175804277058576
-186.63625,0.002264876,0.0069882055,186.6385,-186.6385,1.2827157,0.03303635,90000.0,900.0,20,9000.0,1.0254116,2027.0807,186.69868,-27.603464,634.389,-698.17566,32912.11,0.00075970485,0.042376243,0.042376243,1e-05,1e-04,195.77533,0.0064004635810852055,7880.739773273468,1570000,0.0,570000.0,-0.28750424849339934,-60.114037371004216,200.0,1.258174180984497,-0.1226116328119849
-248.37135,0.002031123,0.005795717,248.37338,-248.37338,0.6598817,0.033328786,90000.0,900.0,20,9000.0,0.7455257,2036.0005,248.31909,-27.94886,348.7398,-348.43515,23003.902,0.00090695877,0.021993056,0.021993056,1e-05,1e-04,-49.688324,0.006411546754837036,7912.797512054443,1575000,0.0,575000.0,-0.26315615124823455,-52.986038669690316,200.0,1.2884328365325928,0.12007816465876857
-236.71841,0.0020710682,0.0071258456,236.72049,-236.72049,1.0188311,0.032866657,90000.0,900.0,20,9000.0,0.94502175,2026.809,236.73172,-27.453474,702.9861,-776.37756,37388.94,0.00068390946,0.033485573,0.033485573,1e-05,1e-04,65.596756,0.006377032566070556,7944.6826803684235,1580000,0.0,580000.0,-0.3170944668634581,-59.62230385817069,200.0,1.2179880142211914,-0.10586938696713744
-175.03731,0.002457999,0.008303897,175.03976,-175.03976,1.1295973,0.033119388,90000.0,900.0,20,9000.0,0.919011,2026.8063,175.01999,-27.650362,1296.2845,-1086.2423,35798.445,0.0013016571,0.03741157,0.03741157,1e-05,1e-04,162.58583,0.006324629497528076,7976.305833339691,1585000,0.0,585000.0,-0.31383618658869494,-57.05819225253317,200.0,1.2509446144104004,-0.018568062662761047
-215.37729,0.0017743503,0.0061347163,215.37906,-215.37906,0.9106461,0.03310584,90000.0,900.0,20,9000.0,0.6756787,2041.6947,215.31845,-27.678041,1126.2924,-742.81354,33337.188,0.00074404024,0.030147703,0.030147703,1e-05,1e-04,56.6277,0.00632336540222168,8007.922665596008,1590000,0.0,590000.0,-0.327399176993358,-59.58835258224302,200.0,1.2066318988800049,-0.10471343441663526
-188.15091,0.002110521,0.005921067,188.15302,-188.15302,1.1451465,0.033660512,90000.0,900.0,20,9000.0,0.58955383,2060.458,188.13083,-27.908644,1150.6039,-1126.9741,50350.375,0.00037957085,0.03854622,0.03854622,1e-05,1e-04,159.35463,0.006320921230316162,8039.527276992798,1595000,0.0,595000.0,-0.3172247975320311,-60.82910537162112,200.0,1.2356085777282715,-0.14695783649683467
-175.45448,0.002000665,0.006401273,175.45648,-175.45648,0.9245227,0.03301524,90000.0,900.0,20,9000.0,0.59024215,2038.6177,175.46338,-27.793997,979.6032,-882.5628,29084.656,0.0006895612,0.030523337,0.030523337,1e-05,1e-04,99.84578,0.006370839738845825,8071.381481409073,1600000,0.0,600000.0,-0.2840786464720481,-57.81573340970739,200.0,1.2356584072113037,-0.04436036674616164
-124.01618,0.002440159,0.0071266755,124.01862,-124.01862,1.2579104,0.03333044,90000.0,900.0,20,9000.0,0.89607334,1822.5552,124.09258,-28.41802,424.15558,-525.83936,27642.865,0.0011688857,0.041926708,0.041926708,1e-05,1e-04,254.22025,0.01026869730949402,8122.72497344017,1605000,0.0,605000.0,-0.26053084746488997,-52.666203757954456,200.0,1.1915338039398193,0.13096771068785867
-234.85611,0.0019309388,0.006431763,234.85805,-234.85805,0.9614438,0.03251742,90000.0,900.0,20,9000.0,0.8624843,2062.447,234.81767,-27.777515,747.9316,-567.98175,27912.225,0.00094539404,0.031263668,0.031263668,1e-05,1e-04,47.379395,0.006236748361587524,8153.908720493317,1610000,0.0,610000.0,-0.2701181508684204,-55.72091112688941,200.0,1.1850266456604004,0.026962877948117747
-177.32402,0.0023646888,0.00717802,177.32639,-177.32639,0.86847055,0.033113703,90000.0,900.0,20,9000.0,1.0278252,2061.3257,177.36873,-28.446533,490.91446,-567.3082,24342.402,0.0010298585,0.028758276,0.028758276,1e-05,1e-04,82.528305,0.006251815509796143,8185.167803287506,1615000,0.0,615000.0,-0.25751587714984403,-58.31017960747141,200.0,1.1860101222991943,-0.0611949724502024
-176.33846,0.0018379649,0.0060418122,176.34029,-176.34029,0.99433345,0.033219542,90000.0,900.0,20,9000.0,0.42466933,2064.2532,176.37402,-27.787485,999.50946,-1053.6681,31371.44,0.0008235908,0.033031303,0.033031303,1e-05,1e-04,121.36795,0.0061784019947052,8216.059819459915,1620000,0.0,620000.0,-0.27150057147882917,-59.21382160756022,200.0,1.1408717632293701,-0.09196162984973241
-193.91406,0.0020487632,0.0066249217,193.9161,-193.9161,1.1662561,0.033465996,90000.0,900.0,20,9000.0,0.82976127,2029.0576,193.88776,-27.505554,1066.0707,-1187.9381,39195.996,0.0006244745,0.039029922,0.039029922,1e-05,1e-04,158.18498,0.006020177936553955,8246.160713911057,1625000,0.0,625000.0,-0.2589346074826243,-58.41550080428076,200.0,1.1452226638793945,-0.06478088498948595
-232.59134,0.0018886946,0.0051014423,232.59323,-232.59323,0.6919652,0.03370585,90000.0,900.0,20,9000.0,0.31731623,2039.818,232.64197,-27.979742,534.6756,-671.88416,23200.914,0.00043137022,0.023323275,0.023323275,1e-05,1e-04,-22.364548,0.006077979421615601,8276.550615787506,1630000,0.0,630000.0,-0.2796537021401306,-58.51795782626465,200.0,1.1705055236816406,-0.06826927983306846
-178.79395,0.002190493,0.0064397184,178.79614,-178.79614,0.79231423,0.033792894,90000.0,900.0,20,9000.0,0.37350035,2036.945,178.80305,-27.61249,1594.5776,-1579.8333,36390.26,0.00068314176,0.02677459,0.02677459,1e-05,1e-04,62.550873,0.006092943429946899,8307.015340328217,1635000,0.0,635000.0,-0.26037983174246326,-55.77185839288455,200.0,1.1957011222839355,0.025228256186224
-197.48782,0.0019530049,0.008128117,197.48978,-197.48978,1.4215878,0.03392346,90000.0,900.0,20,9000.0,0.6154776,2062.0776,197.48682,-28.128082,1274.7974,-1015.3403,45816.168,0.0008494035,0.048225176,0.048225176,1e-05,1e-04,237.15424,0.006063247871398926,8337.331584692001,1640000,0.0,640000.0,-0.3192465135252355,-60.08176819548271,200.0,1.1324493885040283,-0.12151295140083102
-217.31775,0.0015246567,0.0068963566,217.31927,-217.31927,0.9298839,0.034987573,90000.0,900.0,20,9000.0,0.5000833,2062.4863,217.30533,-27.652508,1371.7142,-964.6381,34381.453,0.00065967924,0.03253438,0.03253438,1e-05,1e-04,75.991745,0.006041561651229858,8367.539398431778,1645000,0.0,645000.0,-0.2760435450517452,-56.41217731760421,200.0,1.500197410583496,0.0034270639205380036
-158.64175,0.0022076177,0.0063990857,158.64397,-158.64397,0.7785707,0.03612502,90000.0,900.0,20,9000.0,0.8406888,2033.819,158.64708,-28.380028,572.16473,-474.37637,22930.91,0.0007203299,0.028125882,0.028125882,1e-05,1e-04,95.33186,0.005938541173934936,8397.232111215591,1650000,0.0,650000.0,-0.2591377121507291,-55.14591568998427,200.0,1.1455883979797363,0.046539975528592015
-179.27066,0.001896654,0.006278983,179.27255,-179.27255,0.8697391,0.03434984,90000.0,900.0,20,9000.0,0.49624926,2032.6787,179.23537,-27.881392,330.2538,-361.92493,20647.98,0.0006155803,0.0298754,0.0298754,1e-05,1e-04,90.10419,0.006019463014602661,8427.329431295395,1655000,0.0,655000.0,-0.2585431114730232,-53.52537729890104,200.0,1.1819050312042236,0.10171508854496716
-157.72272,0.0019214532,0.0072439425,157.72464,-157.72464,1.0655459,0.03496822,90000.0,900.0,20,9000.0,0.366197,2038.4683,157.7445,-27.730005,648.2336,-801.41327,42137.56,0.00096676336,0.037260246,0.037260246,1e-05,1e-04,177.9857,0.005986156702041626,8457.260219812393,1660000,0.0,660000.0,-0.2874527691318886,-55.82910647952789,200.0,1.174170732498169,0.02327910788594473
-176.12584,0.0023076888,0.0076307305,176.12814,-176.12814,0.9783236,0.033753622,90000.0,900.0,20,9000.0,0.27334806,2035.8486,176.17404,-27.84734,836.5819,-880.5506,25359.064,0.0010676987,0.033021964,0.033021964,1e-05,1e-04,121.34517,0.006015533351898194,8487.337891578674,1665000,0.0,665000.0,-0.2881527247013641,-55.22815580435758,200.0,1.4987375736236572,0.04373991375283015
-203.20923,0.0022256025,0.008489836,203.21146,-203.21146,1.2743478,0.034152564,90000.0,900.0,20,9000.0,0.2797808,2064.19,203.20055,-27.927917,1059.3827,-675.0725,31622.186,0.0012286177,0.043522246,0.043522246,1e-05,1e-04,188.77078,0.0059154504776000975,8516.915148735046,1670000,0.0,670000.0,-0.28784917255435183,-56.60599480114065,200.0,1.1549773216247559,-0.0031719167747137843
-156.09471,0.002031812,0.0064542415,156.09674,-156.09674,0.84195185,0.034742728,90000.0,900.0,20,9000.0,0.35842815,2037.0217,156.09521,-29.271767,337.00906,-426.6668,24788.266,0.00081853557,0.029251702,0.029251702,1e-05,1e-04,107.52904,0.00597735652923584,8546.801936626434,1675000,0.0,675000.0,-0.31519819742658295,-60.7463764100444,200.0,1.159658432006836,-0.14414113074654897
-178.49277,0.0018220069,0.0068039205,178.49458,-178.49458,0.8557541,0.035105113,90000.0,900.0,20,9000.0,0.7441857,2035.1073,178.4951,-29.663782,611.47003,-670.29584,28177.375,0.0007904365,0.030041344,0.030041344,1e-05,1e-04,92.62352,0.006014780521392822,8576.875843763351,1680000,0.0,680000.0,-0.2853402962769805,-58.46213081936978,200.0,1.14182710647583,-0.06636851559833089
-188.65735,0.0019359891,0.007625482,188.65929,-188.65929,1.2781614,0.0344754,90000.0,900.0,20,9000.0,0.4172001,2064.9656,188.64194,-28.313202,693.49036,-475.28867,29701.33,0.00083411497,0.044065125,0.044065125,1e-05,1e-04,208.34598,0.005982894277572631,8606.790319442749,1685000,0.0,685000.0,-0.2645580190161178,-56.7751121662999,200.0,1.4680802822113037,-0.00892992274793586
-162.4314,0.0021305839,0.007758797,162.43353,-162.43353,1.3501179,0.03344991,90000.0,900.0,20,9000.0,0.4099015,2036.5951,162.42613,-28.001238,721.3323,-769.4311,37552.6,0.00067867484,0.04516132,0.04516132,1e-05,1e-04,244.4304,0.005935852718353271,8636.469588041306,1690000,0.0,690000.0,-0.3258800605064132,-58.87788363066218,200.0,1.138777256011963,-0.08052381637747529
-187.12195,0.0017656815,0.0064314096,187.12372,-187.12372,0.7691308,0.035717968,90000.0,900.0,20,9000.0,0.2811239,2036.6378,187.12347,-28.996992,695.61163,-557.1929,30177.508,0.0008052408,0.02747179,0.02747179,1e-05,1e-04,60.40529,0.005981413507461548,8666.376660108566,1695000,0.0,695000.0,-0.28160049942027293,-56.64023781281872,200.0,1.1460349559783936,-0.004337802167959763
-162.06369,0.0022688091,0.0061965054,162.06596,-162.06596,1.0707853,0.036191054,90000.0,900.0,20,9000.0,0.29712576,2032.3965,162.04472,-29.040089,1041.1995,-700.84607,38606.734,0.0007409682,0.038752846,0.038752846,1e-05,1e-04,187.00903,0.006006116247177124,8696.40724658966,1700000,0.0,700000.0,-0.2624765639905748,-55.934956989315495,200.0,1.171804428100586,0.019675173617859726
-163.55046,0.0022082066,0.006468175,163.55267,-163.55267,1.0609846,0.03702138,90000.0,900.0,20,9000.0,0.3181044,1968.9507,163.5209,-29.257116,510.03183,-578.1522,25136.145,0.00039623707,0.039279114,0.039279114,1e-05,1e-04,190.27966,0.010090311241149902,8746.858807325363,1705000,0.0,705000.0,-0.2806837455737034,-56.98461243861087,200.0,1.1355795860290527,-0.016062861569578004
-217.58838,0.002001303,0.007316691,217.59038,-217.59038,0.9460315,0.036217865,90000.0,900.0,20,9000.0,0.37887162,2071.987,217.59402,-29.140541,647.0607,-537.9835,24414.18,0.0010337376,0.034263242,0.034263242,1e-05,1e-04,91.15967,0.005927288436889649,8776.49525475502,1710000,0.0,710000.0,-0.26665239432591153,-56.811438126901976,200.0,1.1701209545135498,-0.010166727128922033
-201.86127,0.0020427504,0.0070614093,201.86331,-201.86331,0.75951356,0.03499503,90000.0,900.0,20,9000.0,0.25985897,2047.6094,201.86053,-30.184456,594.51196,-1180.3711,24099.738,0.0009938211,0.026579201,0.026579201,1e-05,1e-04,37.611404,0.006029215383529663,8806.64133644104,1715000,0.0,715000.0,-0.2824172209964944,-54.46684136271971,200.0,1.16373872756958,0.06966068834817285
-162.07587,0.0024655443,0.007797167,162.07834,-162.07834,0.98444045,0.034858435,90000.0,900.0,20,9000.0,0.3267944,2073.935,162.05911,-28.65077,323.51596,-332.9369,24970.117,0.001158193,0.034316055,0.034316055,1e-05,1e-04,147.09544,0.005992164182662964,8836.602162599564,1720000,0.0,720000.0,-0.27898000474080803,-56.86027070183367,200.0,1.1471893787384033,-0.011829349165871023
-135.34805,0.0020494196,0.007151284,135.3501,-135.3501,1.1432998,0.036304872,90000.0,900.0,20,9000.0,0.26299447,2031.724,135.33804,-30.194653,545.583,-503.47025,30676.586,0.0007317169,0.041507356,0.041507356,1e-05,1e-04,238.48114,0.006008405017852783,8866.644192695618,1725000,0.0,725000.0,-0.26206034098323727,-55.75101137786554,200.0,1.5134515762329102,0.025938042770767285
-154.89597,0.0020116225,0.00893637,154.89798,-154.89798,1.1984948,0.037313532,90000.0,900.0,20,9000.0,0.2542076,1796.908,154.88167,-28.06386,464.23917,-552.9916,24620.88,0.00089156535,0.044720076,0.044720076,1e-05,1e-04,247.83893,0.005966546010971069,8896.476927518845,1730000,0.0,730000.0,-0.3227284210681624,-56.988845807069964,200.0,1.1457130908966064,-0.016206996743700297
-154.68964,0.0020674346,0.0075542307,154.6917,-154.6917,0.9004354,0.03775422,90000.0,900.0,20,9000.0,9.979362,2074.6396,154.76047,-29.914621,618.5568,-517.4439,29294.875,0.00089147274,0.033995233,0.033995233,1e-05,1e-04,161.24681,0.005979663896560669,8926.375252008438,1735000,0.0,735000.0,-0.30669626169540604,-61.7031088842345,200.0,1.155447006225586,-0.17671538056397526
-201.27408,0.0020317764,0.0070298654,201.27611,-201.27611,1.1400777,0.037007686,90000.0,900.0,20,9000.0,0.37981623,2075.7195,201.28752,-30.460743,577.5413,-610.4238,32076.984,0.0009839047,0.04219164,0.04219164,1e-05,1e-04,178.8305,0.005997508668899536,8956.362799882889,1740000,0.0,740000.0,-0.26968968429400586,-54.43858656634393,200.0,1.165879249572754,0.07062269060116882
-191.24261,0.002318954,0.007910052,191.24493,-191.24493,0.81633604,0.03876272,90000.0,900.0,20,9000.0,3.9532475,2075.8271,191.31712,-27.95324,1398.1307,-1472.9717,28961.438,0.0008216879,0.0316434,0.0316434,1e-05,1e-04,97.50125,0.006007715797424316,8986.4013838768,1745000,0.0,745000.0,-0.25487113209595225,-54.08672324277524,200.0,1.4593226909637451,0.08260272066466058
-146.88295,0.0018144348,0.008164185,146.88477,-146.88477,0.95746076,0.040096145,90000.0,900.0,20,9000.0,0.25544494,2079.443,146.91992,-29.169796,832.18567,-643.10156,35443.887,0.00082736905,0.038390484,0.038390484,1e-05,1e-04,198.88684,0.0059680823802947995,9016.241800785065,1750000,0.0,750000.0,-0.2673716136436651,-59.19669594623725,200.0,1.1411099433898926,-0.09137854566970041
-147.07199,0.002161082,0.006893214,147.07416,-147.07416,0.8345306,0.04065378,90000.0,900.0,20,9000.0,0.1944894,2080.6848,147.06265,-28.202736,370.43472,-397.82663,25348.496,0.0012201377,0.033926822,0.033926822,1e-05,1e-04,158.4639,0.006065303087234497,9046.568321228027,1755000,0.0,755000.0,-0.265198063154833,-53.21068163652575,200.0,1.173614263534546,0.11242965651377256
-122.56802,0.0021021103,0.0072019645,122.57013,-122.57013,0.7681643,0.040652886,90000.0,900.0,20,9000.0,0.26964962,2078.0276,122.57901,-30.303995,753.5789,-662.9779,31418.227,0.0008347537,0.031228095,0.031228095,1e-05,1e-04,158.75449,0.006023703575134277,9076.686843633652,1760000,0.0,760000.0,-0.3121821161273737,-57.200118570982525,200.0,1.1491317749023438,-0.023400284289554433
-131.44821,0.002141567,0.0074842693,131.45035,-131.45035,1.0611999,0.04053838,90000.0,900.0,20,9000.0,0.20755975,2043.88,131.46124,-28.886127,475.17706,-382.30438,27600.195,0.0008600316,0.043019325,0.043019325,1e-05,1e-04,255.93327,0.006012351703643799,9106.748606920242,1765000,0.0,765000.0,-0.2634884280514791,-55.650783376004924,200.0,1.4613244533538818,0.029350545282582713
-174.1924,0.001823856,0.0075727757,174.19423,-174.19423,1.2952728,0.040114768,90000.0,900.0,20,9000.0,0.24942484,2036.4188,174.21501,-29.775116,1789.8887,-2226.9534,47049.758,0.0010048535,0.05195957,0.05195957,1e-05,1e-04,293.69318,0.005929314947128296,9136.395186901093,1770000,0.0,770000.0,-0.3176505965921564,-63.6270284173252,200.0,1.147700309753418,-0.242219831588881
-177.07149,0.001760327,0.0075838086,177.07324,-177.07324,0.88409823,0.040476352,90000.0,900.0,20,9000.0,0.3416574,2033.2551,177.08945,-29.37264,1355.3524,-1278.6208,30523.957,0.0008218592,0.03578507,0.03578507,1e-05,1e-04,145.33582,0.005998483180999756,9166.3876080513,1775000,0.0,775000.0,-0.2543467788377873,-55.93596925639396,200.0,1.1447551250457764,0.019640708559355465
-147.22972,0.0019076876,0.006734112,147.23163,-147.23163,0.8447154,0.04135826,90000.0,900.0,20,9000.0,0.23312229,2035.4861,147.25314,-29.352585,632.00714,-539.1864,31849.9,0.000957344,0.03493596,0.03493596,1e-05,1e-04,167.42702,0.006024214553833008,9196.508685588837,1780000,0.0,780000.0,-0.3016738409871769,-57.70745986673233,200.0,1.1653861999511719,-0.04067393450660254
-135.38591,0.002082892,0.007184063,135.388,-135.388,0.9054329,0.039869823,90000.0,900.0,20,9000.0,0.25886875,1858.6431,135.37822,-30.21073,627.3721,-769.04156,28093.496,0.0007153219,0.03609945,0.03609945,1e-05,1e-04,189.768,0.005945274353027344,9226.235062122345,1785000,0.0,785000.0,-0.27951968111718667,-56.87084124929161,200.0,1.1515016555786133,-0.012189248785556574
-183.25099,0.0018985271,0.006557359,183.25288,-183.25288,0.79484355,0.03898585,90000.0,900.0,20,9000.0,0.20469086,2062.2217,183.24753,-29.015024,505.3217,-567.74097,27533.791,0.0006429795,0.03098765,0.03098765,1e-05,1e-04,95.84256,0.006076191234588623,9256.616023540497,1790000,0.0,790000.0,-0.26822075341889345,-54.78131729059906,200.0,1.156371831893921,0.05895360176685814
-166.38733,0.00164442,0.0077535147,166.38898,-166.38898,1.0603943,0.03886356,90000.0,900.0,20,9000.0,0.18628712,2042.791,166.37259,-29.267836,522.8966,-599.4233,27836.89,0.0009296412,0.041210696,0.041210696,1e-05,1e-04,204.69524,0.005990212965011597,9286.567093610764,1795000,0.0,795000.0,-0.3052889127804814,-61.88908387953382,200.0,1.1434202194213867,-0.18304734495329206
-184.65753,0.0020071021,0.007817762,184.65955,-184.65955,1.0423968,0.039192334,90000.0,900.0,20,9000.0,0.20716229,2038.4766,184.67029,-28.79878,431.57532,-612.3782,30852.129,0.0010330923,0.040853962,0.040853962,1e-05,1e-04,183.2353,0.005972857427597046,9316.43138551712,1800000,0.0,800000.0,-0.32960411404339374,-59.96368201226879,200.0,1.1534452438354492,-0.1174924243091247
-132.66325,0.0020896462,0.00910624,132.66534,-132.66534,0.8665716,0.039152503,90000.0,900.0,20,9000.0,0.1458951,2057.2283,132.68842,-28.882618,540.58844,-467.8558,27506.408,0.0012831967,0.033928446,0.033928446,1e-05,1e-04,172.83865,0.010036978149414063,9366.616281747818,1805000,0.0,805000.0,-0.3059146103483853,-53.61550563881925,200.0,1.1480045318603516,0.0986464532270211
-188.30699,0.0017014348,0.008606875,188.3087,-188.3087,1.0293545,0.039069485,90000.0,900.0,20,9000.0,0.18155843,2054.409,188.3074,-30.053125,599.2367,-634.5628,27559.965,0.001203015,0.04021635,0.04021635,1e-05,1e-04,173.82172,0.006004108953475952,9396.63683128357,1810000,0.0,810000.0,-0.2774111815103085,-56.52957700737766,200.0,1.161400556564331,-0.0005700898568604049
-149.4833,0.002219083,0.007985508,149.48552,-149.48552,1.0814223,0.038279083,90000.0,900.0,20,9000.0,0.3892824,2053.0461,149.47894,-28.80524,583.83215,-756.2349,26146.027,0.0008454935,0.041395854,0.041395854,1e-05,1e-04,223.46866,0.006003455638885498,9426.654114246368,1815000,0.0,815000.0,-0.35227639372663194,-61.40147663503865,200.0,1.1837701797485352,-0.16644558780229923
-112.223595,0.0022541443,0.0083484175,112.225845,-112.225845,1.130294,0.037771758,90000.0,900.0,20,9000.0,0.19041774,2035.4445,112.21277,-28.644167,392.14984,-579.6539,30610.887,0.001001159,0.04269319,0.04269319,1e-05,1e-04,272.20554,0.006146659755706787,9457.387418031693,1820000,0.0,820000.0,-0.3067407110412801,-60.58307385073661,200.0,1.162931203842163,-0.13858110377326158
-112.07657,0.0022400932,0.008291184,112.07881,-112.07881,1.1680522,0.039409686,90000.0,900.0,20,9000.0,0.24651968,2037.0376,112.07756,-28.808706,1094.8856,-971.23444,34251.523,0.0008985973,0.04603257,0.04603257,1e-05,1e-04,302.46307,0.006014689350128174,9487.460870027542,1825000,0.0,825000.0,-0.2536560911559669,-58.9703202508058,200.0,1.154383897781372,-0.08367104262730611
-139.04565,0.0024925857,0.0075694253,139.04814,-139.04814,1.0299015,0.04064661,90000.0,900.0,20,9000.0,0.2185927,1725.1609,139.05893,-28.717632,909.52496,-1134.1602,32654.07,0.0007885458,0.041862004,0.041862004,1e-05,1e-04,237.93097,0.006044953489303589,9517.68564248085,1830000,0.0,830000.0,-0.3155134039139199,-57.363571130627214,200.0,1.142869472503662,-0.028965418383775553
-146.69174,0.0024483802,0.00909129,146.69418,-146.69418,1.0720677,0.042087924,90000.0,900.0,20,9000.0,0.1652438,2033.7549,146.70021,-30.395172,591.42914,-587.12506,28908.277,0.0010931743,0.045121104,0.045121104,1e-05,1e-04,259.56342,0.00601459231376648,9547.758609294891,1835000,0.0,835000.0,-0.2958142950427014,-61.951046439214174,200.0,1.1691992282867432,-0.18515700878597802
-159.81401,0.0019017099,0.0068441387,159.81592,-159.81592,0.77406937,0.042845737,90000.0,900.0,20,9000.0,0.19690967,2027.5981,159.82611,-30.116196,595.4566,-593.5347,24549.715,0.000892387,0.033165574,0.033165574,1e-05,1e-04,138.87308,0.006055746126174927,9578.037344694138,1840000,0.0,840000.0,-0.2736268082958483,-56.573282288065926,200.0,1.1636321544647217,-0.002058140874137141
-128.2431,0.0022786064,0.00909279,128.24538,-128.24538,1.0393982,0.04172445,90000.0,900.0,20,9000.0,0.22462013,2041.8943,128.23386,-29.006014,522.74896,-660.0308,27600.494,0.0009811106,0.043368317,0.043368317,1e-05,1e-04,262.2964,0.005967681407928467,9607.87575674057,1845000,0.0,845000.0,-0.27606744735421507,-56.289846096477504,200.0,1.1330604553222656,0.007592123500882489
-150.18663,0.0020501749,0.0078887995,150.18867,-150.18867,0.87711436,0.042592373,90000.0,900.0,20,9000.0,2.8077548,2053.9185,150.15112,-28.805351,973.138,-607.6001,24627.396,0.0009555906,0.03735838,0.03735838,1e-05,1e-04,188.84656,0.0060701358318328855,9638.226440668106,1850000,0.0,850000.0,-0.27714402269707833,-55.88221810803619,200.0,1.1473357677459717,0.021470795215566947
-161.70122,0.0021205747,0.0065809814,161.70334,-161.70334,0.89875084,0.042292904,90000.0,900.0,20,9000.0,0.51950216,2061.304,161.7066,-30.279655,953.4224,-773.88354,34197.797,0.00065303664,0.038010783,0.038010783,1e-05,1e-04,180.91533,0.006048084354400635,9668.466867923737,1855000,0.0,855000.0,-0.2529800101720396,-51.67151068420009,200.0,1.2463996410369873,0.16483442008702145
-148.04184,0.0020877444,0.007925552,148.04393,-148.04393,0.7901651,0.041531317,90000.0,900.0,20,9000.0,0.59227,2052.617,148.03021,-30.212227,470.31427,-391.17224,20158.8,0.0008013426,0.032816596,0.032816596,1e-05,1e-04,147.8998,0.006036545896530151,9698.649602413177,1860000,0.0,860000.0,-0.3181725767845663,-61.42952242588123,200.0,1.1625635623931885,-0.16740047396105215
-142.16467,0.002067911,0.00800553,142.16675,-142.16675,0.8731309,0.040213373,90000.0,900.0,20,9000.0,0.33662236,2067.7097,142.17453,-28.820272,1099.1932,-865.3453,37556.902,0.0010424316,0.03511154,0.03511154,1e-05,1e-04,174.1758,0.005938453865051269,9728.341876983643,1865000,0.0,865000.0,-0.25886810561673307,-52.82872284478323,200.0,1.157745361328125,0.12543435891264912
-101.74661,0.0019852305,0.0091814995,101.7486,-101.7486,0.8221454,0.039743595,90000.0,900.0,20,9000.0,0.21972325,2067.973,101.762856,-29.630781,421.51343,-427.27472,20372.574,0.00095271866,0.032675013,0.032675013,1e-05,1e-04,192.54822,0.0060919914722442625,9758.801839590073,1870000,0.0,870000.0,-0.2578595167549472,-53.84659453182807,200.0,1.2103989124298096,0.09077847807830053
-128.3991,0.002064295,0.009496445,128.40115,-128.40115,0.9478877,0.039505698,90000.0,900.0,20,9000.0,0.18440811,2067.473,128.38434,-29.394094,412.6112,-372.49704,22346.367,0.0009083559,0.03744697,0.03744697,1e-05,1e-04,208.80801,0.00619638032913208,9789.783745765686,1875000,0.0,875000.0,-0.32650056284158874,-58.24795464944676,200.0,1.2121717929840088,-0.059076374637068
-147.54556,0.0017466381,0.008562205,147.5473,-147.5473,1.4172641,0.038852684,90000.0,900.0,20,9000.0,0.33494148,2049.2192,147.53426,-30.040956,1022.3384,-1685.6218,38352.85,0.001145059,0.055064514,0.055064514,1e-05,1e-04,348.37,0.0062272311687469484,9820.91990685463,1880000,0.0,880000.0,-0.29081159026730985,-61.01051734433153,200.0,1.545414924621582,-0.15313444184718986
-143.8228,0.002005532,0.009090688,143.8248,-143.8248,0.8503343,0.039595973,90000.0,900.0,20,9000.0,0.15507627,2052.5703,143.8193,-29.754543,997.3947,-787.4882,33501.84,0.0010379377,0.033669814,0.033669814,1e-05,1e-04,159.3606,0.00602063193321228,9851.023071050644,1885000,0.0,885000.0,-0.29083849423081903,-55.0324817519474,200.0,1.1467561721801758,0.050402105784508516
-155.4025,0.0014604684,0.0077675823,155.40396,-155.40396,0.93780077,0.03852504,90000.0,900.0,20,9000.0,0.25538275,2067.4346,155.39209,-30.133104,434.78192,-508.45752,29162.264,0.0009604995,0.03612881,0.03612881,1e-05,1e-04,170.01219,0.006003258323669433,9881.039367198944,1890000,0.0,890000.0,-0.3306639563016997,-60.46343493045978,200.0,1.1372108459472656,-0.13450771002723705
-198.75352,0.0019073857,0.008584792,198.75543,-198.75543,1.1445682,0.037342865,90000.0,900.0,20,9000.0,0.24162051,2066.6602,198.75406,-29.867258,1452.3225,-1541.9752,38771.87,0.0010828899,0.042741455,0.042741455,1e-05,1e-04,186.1612,0.006184392404556274,9911.96133351326,1895000,0.0,895000.0,-0.26713682831286234,-54.35849737242195,200.0,1.230905294418335,0.07334951913565466
-146.9776,0.0021603974,0.0069131535,146.97977,-146.97977,0.56484586,0.038270727,90000.0,900.0,20,9000.0,0.19323361,2046.0192,146.96988,-29.957699,907.98157,-1408.8127,35761.67,0.0007114269,0.021617062,0.021617062,1e-05,1e-04,47.769196,0.006017263889312744,9942.047657728195,1900000,0.0,900000.0,-0.2976980145433637,-59.38679181312154,200.0,1.4586169719696045,-0.0978508150074701
-158.70528,0.0017439857,0.0083224885,158.70702,-158.70702,1.0259507,0.03726715,90000.0,900.0,20,9000.0,0.19015682,2041.1117,158.70317,-28.482992,765.7997,-651.96515,34311.195,0.0008841949,0.038234256,0.038234256,1e-05,1e-04,185.59319,0.010030995321273804,9992.202639102936,1905000,0.0,905000.0,-0.2663736866161796,-55.10751583718888,200.0,1.12044358253479,0.04784739053921806
-139.56464,0.0017981618,0.008311386,139.56644,-139.56644,1.043896,0.038118165,90000.0,900.0,20,9000.0,0.18420333,2059.567,139.5636,-29.919338,811.476,-456.61664,28355.818,0.0008841249,0.039791398,0.039791398,1e-05,1e-04,218.74216,0.0059829669952392575,10022.117479085922,1910000,0.0,910000.0,-0.2872966950335595,-56.988946419510285,200.0,1.1514601707458496,-0.016210422335340754
-144.94498,0.0019983137,0.008096509,144.94698,-144.94698,1.1841725,0.038119715,90000.0,900.0,20,9000.0,0.17224503,2039.6023,144.95209,-29.457811,569.8677,-581.03845,31205.672,0.0010997616,0.04514032,0.04514032,1e-05,1e-04,261.49014,0.0060043686866760254,10052.139327526093,1915000,0.0,915000.0,-0.25799272649264515,-55.03618997838213,200.0,1.1793320178985596,0.05027585032906703
-129.9304,0.0020248094,0.00884334,129.93243,-129.93243,0.9044025,0.03834238,90000.0,900.0,20,9000.0,0.1444774,2027.6873,129.93927,-30.555504,598.50055,-767.4953,20801.158,0.001032954,0.034676943,0.034676943,1e-05,1e-04,182.30656,0.006077285242080689,10082.52575802803,1920000,0.0,920000.0,-0.3395207280937945,-58.09230283207793,200.0,1.5008893013000488,-0.05377683550748958
-171.81412,0.002068773,0.008681903,171.8162,-171.8162,1.006317,0.03795861,90000.0,900.0,20,9000.0,0.15809917,2035.0048,171.84222,-29.480333,1193.4149,-931.92694,27265.115,0.0013274865,0.038198397,0.038198397,1e-05,1e-04,172.12956,0.006001581621170044,10112.53367137909,1925000,0.0,925000.0,-0.2703685350925213,-52.92231319797892,200.0,1.195159912109375,0.12224785105623037
-110.288765,0.0027209446,0.00952101,110.29149,-110.29149,1.3419361,0.038690373,90000.0,900.0,20,9000.0,0.18318675,2053.113,110.25824,-29.61951,1297.3115,-1086.0612,32483.281,0.0010215462,0.05192001,0.05192001,1e-05,1e-04,357.1745,0.006086343955993652,10142.965396642685,1930000,0.0,930000.0,-0.30192286391534373,-55.94733475678064,200.0,1.1596970558166504,0.019253742862169108
-116.86436,0.0020217195,0.007524669,116.86638,-116.86638,1.4034284,0.040867407,90000.0,900.0,20,9000.0,5.1174393,2037.2677,116.888626,-30.286287,551.64496,-807.0526,34146.36,0.00067351165,0.05735448,0.05735448,1e-05,1e-04,404.4434,0.006138584852218628,10173.658326148987,1935000,0.0,935000.0,-0.2808790339930866,-53.86758016202742,200.0,1.204866886138916,0.09006397200776226
-158.57837,0.0018966257,0.008442571,158.58026,-158.58026,1.0049735,0.040597405,90000.0,900.0,20,9000.0,0.22332895,2045.2776,158.55249,-29.8553,881.16595,-824.6196,34970.633,0.0010220817,0.04079932,0.04079932,1e-05,1e-04,208.83884,0.0060599595546722415,10203.958129405975,1940000,0.0,940000.0,-0.25524004017386337,-54.68614321956777,200.0,1.174771785736084,0.062194031092244306
-175.54982,0.0017257023,0.00967437,175.55154,-175.55154,1.286786,0.042109534,90000.0,900.0,20,9000.0,0.1904329,2048.1436,175.54117,-29.103037,359.53027,-403.14697,26278.502,0.0011083898,0.054185957,0.054185957,1e-05,1e-04,312.3142,0.0061488777637481685,10234.702523231506,1945000,0.0,945000.0,-0.32370982309688,-60.666513297374586,200.0,1.182140588760376,-0.1414219996900789
-130.38138,0.0021145702,0.008185062,130.3835,-130.3835,1.0650523,0.042012487,90000.0,900.0,20,9000.0,0.19670323,2046.3615,130.40073,-29.85732,776.01105,-665.55536,31358.148,0.0010842938,0.044745494,0.044745494,1e-05,1e-04,272.52478,0.0061695177555084225,10265.550117492676,1950000,0.0,950000.0,-0.2805477554178166,-58.822530030199054,200.0,1.1640682220458984,-0.07863917039918725
-152.365,0.0019630059,0.0095882565,152.36697,-152.36697,1.1742822,0.04155132,90000.0,900.0,20,9000.0,0.7681184,2049.2673,152.36325,-29.15269,753.4819,-747.3952,27822.56,0.0013371491,0.048792977,0.048792977,1e-05,1e-04,287.5399,0.006178776407241821,10296.444004774094,1955000,0.0,955000.0,-0.26655762714164766,-52.95008441566006,200.0,1.1761245727539062,0.12130231339875178
-153.31772,0.0021505575,0.007850167,153.31987,-153.31987,0.7220372,0.04185801,90000.0,900.0,20,9000.0,0.1866588,2025.3536,153.30087,-29.496323,995.28455,-1075.492,33016.562,0.0009088147,0.030223042,0.030223042,1e-05,1e-04,118.87633,0.00604149751663208,10326.651497125626,1960000,0.0,960000.0,-0.2599690858656634,-54.152188552761245,200.0,1.2007932662963867,0.080373797303755
-153.96239,0.0019032178,0.009565735,153.9643,-153.9643,1.0701319,0.042291947,90000.0,900.0,20,9000.0,0.19851348,2048.0884,153.94725,-28.94439,654.29663,-613.4662,31481.191,0.0011553105,0.04525796,0.04525796,1e-05,1e-04,253.55775,0.006111897850036621,10357.210991382599,1965000,0.0,965000.0,-0.3255306766035874,-59.20060781572825,200.0,1.1466727256774902,-0.09151173464100698
-132.00536,0.002260443,0.00788405,132.00761,-132.00761,0.45275933,0.04226407,90000.0,900.0,20,9000.0,0.15839282,2050.7568,131.9889,-29.823242,745.3098,-750.6433,19979.752,0.0011616903,0.019135453,0.019135453,1e-05,1e-04,40.3721,0.006113781929016114,10387.779906511307,1970000,0.0,970000.0,-0.3457934096915333,-55.82852221427176,200.0,1.1806902885437012,0.0232990005967351
-119.319565,0.001843581,0.008281797,119.32141,-119.32141,0.9687852,0.041669752,90000.0,900.0,20,9000.0,0.16915512,2028.6906,119.332726,-29.44819,795.51874,-624.43085,33167.582,0.0010350294,0.04036904,0.04036904,1e-05,1e-04,244.17097,0.006001693677902222,10417.78837943077,1975000,0.0,975000.0,-0.26035253735795744,-55.127811292744695,200.0,1.1559784412384033,0.047156383118367916
-133.19537,0.0017184888,0.008517939,133.1971,-133.1971,1.0447425,0.042066555,90000.0,900.0,20,9000.0,0.20794117,2043.5411,133.18849,-30.158245,1820.316,-2156.0269,36099.71,0.0010852804,0.043948717,0.043948717,1e-05,1e-04,262.55103,0.005966506481170654,10447.620916604996,1980000,0.0,980000.0,-0.2751293120627484,-56.25408380484296,200.0,1.1711316108703613,0.008809736421080813
-146.84224,0.001970057,0.010241594,146.84421,-146.84421,1.2502877,0.041436154,90000.0,900.0,20,9000.0,0.21351925,2030.1897,146.8421,-29.419031,959.17096,-888.322,35282.484,0.00096264825,0.051807113,0.051807113,1e-05,1e-04,319.63528,0.005999152421951294,10477.616683721542,1985000,0.0,985000.0,-0.25611035899813045,-54.26881053249885,200.0,1.1500110626220703,0.07640312252824757
-131.27701,0.002027796,0.008625536,131.27904,-131.27904,1.0224956,0.040734556,90000.0,900.0,20,9000.0,0.16099325,1993.9915,131.26683,-29.664822,1347.696,-929.176,36477.25,0.001603266,0.041650906,0.041650906,1e-05,1e-04,243.74214,0.00604758882522583,10507.854632377625,1990000,0.0,990000.0,-0.2653313228041379,-54.90580295168839,200.0,1.1559555530548096,0.05471518911504134
-172.70964,0.0023621276,0.009589415,172.712,-172.712,0.8097275,0.04085612,90000.0,900.0,20,9000.0,0.19487575,2009.0568,172.70007,-30.056854,686.4307,-653.433,31052.883,0.0008503014,0.03308232,0.03308232,1e-05,1e-04,125.226135,0.006081759357452392,10538.263434171677,1995000,0.0,995000.0,-0.26402076705007516,-57.39907629176661,200.0,1.1736767292022705,-0.030174276680073858
-164.46613,0.0020008883,0.009799044,164.46812,-164.46812,0.89423525,0.04113113,90000.0,900.0,20,9000.0,0.17769244,2025.1993,164.46352,-29.129938,685.9026,-736.4863,33507.188,0.0015451744,0.03678091,0.03678091,1e-05,1e-04,166.73973,0.006061895608901978,10568.572916984558,2000000,0.0,1000000.0,-0.28023231206639637,-57.3685533882487,200.0,1.1856021881103516,-0.029135051284084928
