training/actor/actor_loss,training/actor/bound_loss,training/actor/mse,training/actor/q,training/actor/q_loss,training/alpha/current_vs_historical_ratio,training/alpha/historical_avg_loss,training/alpha/max_alpha_bound,training/alpha/min_alpha_bound,training/alpha/valid_count,training/alpha_weight,training/critic/critic_loss,training/critic/q_max,training/critic/q_mean,training/critic/q_min,training/grad/max,training/grad/min,training/grad/norm,training/meanflow/consistency_loss,training/meanflow/flow_loss,training/meanflow/mean_flow_loss,training/metrics/actor_learning_rate,training/metrics/critic_learning_rate,training/total_loss,time/epoch_time,time/total_time,step,exploration/goal_achieved,exploration/total.timesteps,exploration/episode.final_reward,exploration/episode.return,exploration/episode.length,exploration/episode.duration,exploration/episode.normalized_return
0.19038928,0.0,0.51240224,-0.19038928,0.19038928,1.0,0.0,90000.0,900.0,0,9000.0,18.208971,4.420923,-0.119987145,-3.5083828,11420.455,-11833.642,222525.98,0.100370616,0.9441237,0.9441237,0.0,0.0003,8515.513,0.008890466451644898,44.45233774185181,0,,,,,,,
-50.070484,0.041091103,0.11768256,50.111576,-50.111576,31198156.0,0.0,90000.0,900.0,2,9000.0,5.7963934,443.75873,50.01469,-9.169043,6415.695,-6533.597,116155.984,0.024611665,0.31198156,0.31198156,1e-05,0.0003,2763.5598,0.010871983766555786,98.81226229667664,5000,,,,,,,
-121.08222,0.01520009,0.04675306,121.09742,-121.09742,19920858.0,0.0,90000.0,900.0,4,9000.0,4.8740067,813.50684,121.36138,-11.872269,5513.1147,-5871.6777,167101.53,0.007829986,0.19920859,0.19920859,2e-05,0.0003,1676.6691,0.003884515380859375,118.23484587669373,10000,,,,,,,
-202.99887,0.018234763,0.044825412,203.0171,-203.0171,14744523.0,0.0,90000.0,900.0,7,9000.0,9.896242,1120.7723,202.7347,-11.868645,8112.4424,-5397.055,114485.33,0.0077774934,0.14744523,0.14744523,3e-05,0.0003,1133.9044,0.0039149999618530275,137.80985236167908,15000,,,,,,,
-233.01534,0.011569982,0.04194953,233.0269,-233.0269,15015690.0,0.0,90000.0,900.0,9,9000.0,11.0099945,1364.0326,232.92166,-8.427814,2298.402,-3267.417,87281.55,0.0058737495,0.1501569,0.1501569,4e-05,0.0003,1129.4067,0.0038731643199920655,157.17567944526672,20000,,,,,,,
-308.17303,0.015760846,0.038816497,308.18878,-308.18878,1.6372776,0.09779811,90000.0,900.0,12,9000.0,17.570084,1548.8529,308.53595,-6.4588923,6548.7104,-3403.0964,73774.67,0.006749806,0.16012265,0.16012265,5e-05,0.0003,1150.501,0.003749089527130127,175.92113494873047,25000,,,,,,,
-368.42764,0.010922458,0.034816794,368.43857,-368.43857,1.0719036,0.13129579,90000.0,900.0,14,9000.0,16.502674,1695.3693,368.1537,-8.407951,3351.741,-2723.071,61579.45,0.0045659333,0.14073642,0.14073642,6e-05,0.0003,914.70276,0.0038242371559143065,195.0423276424408,30000,,,,,,,
-410.2185,0.009367342,0.035190374,410.22787,-410.22787,0.83871067,0.15629867,90000.0,900.0,17,9000.0,14.371607,1808.9739,409.5743,-8.90499,3350.314,-2702.0579,53289.996,0.0052365344,0.13108936,0.13108936,6.9999995e-05,0.0003,783.9573,0.0038129632472991945,214.10714888572693,35000,,,,,,,
-417.4898,0.01176934,0.03370275,417.5016,-417.5016,0.82979006,0.16573831,90000.0,900.0,19,9000.0,17.940891,1897.9822,417.3959,-2.775704,4910.4204,-1374.2224,51830.125,0.006009472,0.137528,0.137528,8e-05,0.0003,838.2031,0.003823639488220215,233.2253520488739,40000,,,,,,,
-399.3645,0.007327809,0.028511666,399.37183,-399.37183,0.8320608,0.14528982,90000.0,900.0,20,9000.0,25.146868,1967.2373,398.6615,23.390347,3053.9392,-2413.3032,50909.14,0.0050679776,0.12088997,0.12088997,8.9999994e-05,0.0003,713.7921,0.0038114641189575197,252.28267765045166,45000,,,,,,,
-439.1266,0.009804475,0.028320253,439.13638,-439.13638,0.7879234,0.13516955,90000.0,900.0,20,9000.0,18.105068,2022.5809,439.59167,23.057507,1627.0233,-1987.0579,38603.86,0.0057444256,0.10650325,0.10650325,1e-04,0.0003,537.5077,0.003822326755523682,271.39431643486023,50000,,,,,,,
-432.49628,0.006042494,0.024883484,432.50232,-432.50232,0.9298976,0.12535873,90000.0,900.0,20,9000.0,15.34581,2063.5903,432.18317,28.026464,2107.4014,-1569.0989,31053.633,0.00425426,0.116570786,0.116570786,9.999385e-05,0.0003,631.98663,0.0037491335868835448,290.1399893760681,55000,,,,,,,
-399.51144,0.010350244,0.02648281,399.5218,-399.5218,0.7881663,0.12115624,90000.0,900.0,20,9000.0,15.889872,2095.907,399.0318,50.30007,937.4924,-1238.7032,31985.332,0.0039797984,0.09549126,0.09549126,9.99754e-05,0.0003,475.79974,0.0038222606658935548,309.25129771232605,60000,,,,,,,
-498.72882,0.006296823,0.018474234,498.7351,-498.7351,0.749125,0.11608722,90000.0,900.0,20,9000.0,8.982097,2121.3638,498.43402,51.541706,1256.7236,-1001.5924,26968.52,0.0029944298,0.08696383,0.08696383,9.994465e-05,0.0003,292.92776,0.0037941489696502687,328.22204756736755,65000,,,,,,,
-467.32812,0.009470458,0.019775733,467.3376,-467.3376,0.8051021,0.110818796,90000.0,900.0,20,9000.0,11.770114,2134.8713,467.09235,61.063885,1123.26,-1040.6835,27830.285,0.0024033946,0.08922045,0.08922045,9.990162e-05,0.0003,347.42606,0.003782998275756836,347.13704323768616,70000,,,,,,,
-429.89807,0.0061730733,0.02253014,429.90424,-429.90424,0.9883623,0.10492114,90000.0,900.0,20,9000.0,7.1847496,2142.7756,429.79517,56.121464,1198.4376,-1541.6177,34105.605,0.003455393,0.1037001,0.1037001,9.984629e-05,0.0003,510.5876,0.00379326491355896,366.10337257385254,75000,,,,,,,
-426.71674,0.0063769333,0.018845461,426.7231,-426.7231,0.87874657,0.102409184,90000.0,900.0,20,9000.0,14.699814,2145.8882,426.3152,49.925053,795.53644,-825.15546,23592.371,0.0036327902,0.08999172,0.08999172,9.977873e-05,0.0003,397.90857,0.00373043212890625,384.7555377483368,80000,,,,,,,
-437.84232,0.0054856273,0.019206487,437.8478,-437.8478,1.0180196,0.094626635,90000.0,900.0,20,9000.0,11.359606,2152.6055,437.56573,56.379284,770.62897,-903.7938,30274.875,0.004614083,0.09633176,0.09633176,9.969891e-05,0.0003,440.50314,0.0037859198570251466,403.6851415634155,85000,,,,,,,
-408.17383,0.0055512777,0.016503533,408.17938,-408.17938,0.747255,0.09129157,90000.0,900.0,20,9000.0,8.696529,2152.3916,407.6508,58.015236,589.2259,-502.4013,24838.12,0.0023082437,0.06821808,0.06821808,9.9606885e-05,0.0003,214.48547,0.003775916004180908,422.5647270679474,90000,,,,,,,
-438.1973,0.0045202365,0.015653728,438.2018,-438.2018,0.8535621,0.08554959,90000.0,900.0,20,9000.0,9.094179,2157.084,437.89893,36.98751,840.3729,-687.9814,26245.07,0.0021731288,0.07302189,0.07302189,9.950265e-05,0.0003,228.0939,0.0037760623931884767,441.44504380226135,95000,,,,,,,
-446.1318,0.0049225483,0.016576804,446.13672,-446.13672,0.811669,0.084313706,90000.0,900.0,20,9000.0,6.3049808,2151.803,446.4319,73.18845,373.0994,-691.4893,21300.357,0.0024906169,0.06843482,0.06843482,9.938626e-05,0.0003,176.08658,0.0037947928428649904,460.4190125465393,100000,,,,,,,
-451.28555,0.004660917,0.016607534,451.29022,-451.29022,0.90645474,0.07993856,90000.0,900.0,20,9000.0,7.435332,2163.1785,450.9862,54.2557,564.4566,-633.66406,27521.176,0.0030327046,0.07246069,0.07246069,9.9257726e-05,0.0003,208.29596,0.008398027420043945,502.4091544151306,105000,,,,,,,
-410.97263,0.006504086,0.0128060095,410.97913,-410.97913,0.98428637,0.07784008,90000.0,900.0,20,9000.0,5.958076,2165.1606,410.67804,34.443523,956.35754,-446.49872,28787.133,0.0018382748,0.07661693,0.07661693,9.91171e-05,0.0003,284.5378,0.003940950298309326,522.113911151886,110000,,,,,,,
-395.0433,0.007122959,0.015757972,395.0504,-395.0504,1.2313548,0.07697769,90000.0,900.0,20,9000.0,7.8617125,2171.924,394.80548,31.59878,467.93405,-557.0434,25887.215,0.0029518912,0.09478685,0.09478685,9.896442e-05,0.0003,465.9001,0.004009150123596192,542.1596677303314,115000,,,,,,,
-388.61072,0.006457052,0.015438003,388.6172,-388.6172,0.7978987,0.075031646,90000.0,900.0,20,9000.0,6.608547,2169.0767,388.45108,17.164814,515.6249,-558.21436,24191.832,0.0019071238,0.05986765,0.05986765,9.8799705e-05,0.0003,156.80667,0.003999342918395996,562.1563885211945,120000,,,,,,,
-445.98553,0.004452279,0.016057735,445.99,-445.99,0.89789623,0.072207026,90000.0,900.0,20,9000.0,7.008604,2187.3372,445.63342,15.03229,394.03403,-452.21042,23924.562,0.0034477706,0.064834416,0.064834416,9.8623015e-05,0.0003,144.53284,0.003998848676681518,582.150637626648,125000,,,,,,,
-402.30157,0.009511319,0.0148333255,402.3111,-402.3111,0.9836724,0.07107249,90000.0,900.0,20,9000.0,9.985523,2084.9463,402.0959,22.000505,535.03033,-409.39255,24136.67,0.0018359027,0.069912046,0.069912046,9.843441e-05,0.0003,236.8924,0.0039820245265960695,602.0607645511627,130000,,,,,,,
-376.0306,0.0055418885,0.014945284,376.03616,-376.03616,0.7602308,0.07037936,90000.0,900.0,20,9000.0,7.0103583,2133.8782,375.50815,20.808514,341.51938,-430.1622,20544.473,0.0017966458,0.053504556,0.053504556,9.823391e-05,0.0003,112.52075,0.003931301307678223,621.7172763347626,135000,,,,,,,
-438.61932,0.0033058892,0.013216315,438.62262,-438.62262,1.0684584,0.069929615,90000.0,900.0,20,9000.0,4.659908,2200.418,438.4724,12.102154,1147.8119,-934.9688,31734.57,0.0021812972,0.07471688,0.07471688,9.8021614e-05,0.0003,238.4925,0.003997656631469727,641.7055642604828,140000,,,,,,,
-417.8149,0.0037476975,0.01309087,417.81866,-417.81866,0.809652,0.07021391,90000.0,900.0,20,9000.0,11.620664,2196.5203,417.63727,2.8331847,499.42657,-740.0545,26485.832,0.002462193,0.05684883,0.05684883,9.779754e-05,0.0003,105.44525,0.00402062029838562,661.808671951294,145000,,,,,,,
-429.99005,0.018302586,0.014313902,430.00836,-430.00836,1.3592653,0.07035742,90000.0,900.0,20,9000.0,8.63249,2202.5476,429.9733,19.180769,654.99164,-602.058,35512.312,0.002713471,0.0956344,0.0956344,9.756177e-05,0.0003,439.35202,0.003997810125350952,681.7977273464203,150000,,,,,,,
-384.9546,0.004408698,0.014994289,384.95898,-384.95898,0.6721348,0.07105754,90000.0,900.0,20,9000.0,5.194542,2198.3308,384.76147,18.618986,374.42953,-448.9785,19757.293,0.0019470861,0.04776025,0.04776025,9.7314376e-05,0.0003,50.082184,0.003996909952163696,701.7822825908661,155000,,,,,,,
-433.019,0.0025092023,0.014650532,433.0215,-433.0215,0.73410785,0.07219804,90000.0,900.0,20,9000.0,6.8721566,2199.448,432.75568,23.470667,503.6058,-431.79172,23181.844,0.0018812509,0.053001147,0.053001147,9.7055396e-05,0.0003,50.863464,0.003904346799850464,721.3040220737457,160000,,,,,,,
-394.8596,0.0033354391,0.010843412,394.8629,-394.8629,0.71892685,0.072855406,90000.0,900.0,20,9000.0,9.25742,2051.7507,394.4251,28.536926,368.14505,-341.87048,19887.676,0.0015892469,0.052377705,0.052377705,9.6784934e-05,0.0003,85.79718,0.0039731624603271485,741.1698400974274,165000,,,,,,,
-425.2825,0.0044931155,0.014715148,425.287,-425.287,1.057138,0.07188645,90000.0,900.0,20,9000.0,3.9280775,2196.7195,425.35464,15.475032,424.26715,-353.71878,22743.408,0.0018611052,0.075993896,0.075993896,9.6503034e-05,0.0003,262.59064,0.003937581443786621,760.8577523231506,170000,,,,,,,
-426.6614,0.0025342265,0.013059308,426.66394,-426.66394,0.7250112,0.07274894,90000.0,900.0,20,9000.0,11.713075,2193.521,426.21973,22.192282,410.8334,-443.9637,23399.652,0.0017716369,0.052743793,0.052743793,9.62098e-05,0.0003,59.74579,0.004023395681381226,780.9747369289398,175000,,,,,,,
-430.03897,0.0043687937,0.010050919,430.04333,-430.04333,0.9079485,0.072549514,90000.0,900.0,20,9000.0,7.096441,2044.2261,429.8108,32.993988,477.97122,-572.3737,25217.307,0.0014631427,0.065871224,0.065871224,9.59053e-05,0.0003,169.89847,0.003965993595123291,800.8047094345093,180000,,,,,,,
-395.59125,0.0047117304,0.014166815,395.59595,-395.59595,1.3882257,0.07103554,90000.0,900.0,20,9000.0,3.7225065,2175.4858,395.52307,23.391058,444.59857,-451.48157,27711.023,0.0020541342,0.09861336,0.09861336,9.558961e-05,0.0003,495.65146,0.003903141736984253,820.3204236030579,185000,,,,,,,
-404.50394,0.0049313437,0.011717616,404.50888,-404.50888,0.95910245,0.07002889,90000.0,900.0,20,9000.0,3.63021,2167.9312,404.447,1.4738774,510.99142,-637.0822,21540.098,0.0019451394,0.06716488,0.06716488,9.526282e-05,0.0003,203.61023,0.0038831767559051513,839.7363128662109,190000,,,,,,,
-396.12042,0.0044068946,0.013941761,396.12482,-396.12482,0.7530198,0.06670811,90000.0,900.0,20,9000.0,5.339542,2156.9265,395.99527,11.315889,1054.5656,-1261.6252,29152.375,0.0020628043,0.05023253,0.05023253,9.4925024e-05,0.0003,61.31189,0.0039403249740600586,859.4379427433014,195000,,,,,,,
-332.7211,0.0052787764,0.010546655,332.72638,-332.72638,0.9988452,0.06465592,90000.0,900.0,20,9000.0,7.2508264,2035.8292,332.3703,1.762621,756.78217,-925.79395,26659.031,0.0019178061,0.06458126,0.06458126,9.457632e-05,0.0003,255.76105,0.0039755390644073485,879.3156430721283,200000,,,,,,,
-368.85446,0.004071687,0.010410443,368.85852,-368.85852,0.84142107,0.06388264,90000.0,900.0,20,9000.0,4.3194265,2132.5627,368.724,-8.554019,321.1479,-440.09595,20910.652,0.0014149429,0.0537522,0.0537522,9.42168e-05,0.0003,119.23474,0.008517974424362182,921.9055202007294,205000,,,,,,,
-343.85403,0.0036467281,0.011200054,343.85767,-343.85767,0.9672794,0.06318136,90000.0,900.0,20,9000.0,4.879221,2121.9785,343.6823,-4.057147,983.375,-458.37708,25355.186,0.0014149185,0.061114028,0.061114028,9.384654e-05,0.0003,211.05142,0.004000427865982056,941.9076647758484,210000,,,,,,,
-423.27448,0.004097428,0.008747031,423.27856,-423.27856,0.88317025,0.061568853,90000.0,900.0,20,9000.0,4.1426654,2112.8313,422.96158,-11.906237,728.60834,-586.79407,28368.316,0.0012136529,0.054375775,0.054375775,9.346567e-05,0.0003,70.25018,0.003906532621383667,961.440333366394,215000,,,,,,,
-405.51562,0.0066813976,0.0092417775,405.5223,-405.5223,0.879555,0.06042234,90000.0,900.0,20,9000.0,8.220604,2104.8865,405.3775,-17.760475,323.93948,-373.5619,23308.383,0.001462849,0.053144775,0.053144775,9.30743e-05,0.0003,81.007965,0.003953096342086792,981.2058200836182,220000,,,,,,,
-362.0194,0.006605172,0.01046978,362.026,-362.026,0.7558362,0.059111644,90000.0,900.0,20,9000.0,5.001706,2098.328,361.914,-15.657045,593.94806,-743.94763,25790.434,0.0018776949,0.044678718,0.044678718,9.267249e-05,0.0003,45.09076,0.003834741735458374,1000.3795335292816,225000,,,,,,,
-412.4428,0.0040929765,0.009766288,412.4469,-412.4469,1.0936062,0.058543023,90000.0,900.0,20,9000.0,4.873121,2031.1467,412.31622,-14.741005,409.52628,-452.53113,25507.15,0.001612009,0.06402301,0.06402301,9.2260394e-05,0.0003,168.63739,0.0037594123363494875,1019.176599740982,230000,,,,,,,
-400.30524,0.0057492615,0.010010922,400.31097,-400.31097,1.0628234,0.05778311,90000.0,900.0,20,9000.0,6.4697723,2081.7117,400.17163,-22.96095,502.07205,-482.1405,27931.621,0.0012822886,0.061413243,0.061413243,9.183811e-05,0.0003,158.88373,0.003998997831344604,1039.1715958118439,235000,,,,,,,
-409.82822,0.00381165,0.008774671,409.83203,-409.83203,0.8720027,0.057292607,90000.0,900.0,20,9000.0,4.447558,2076.1533,409.77142,-16.66287,535.86475,-394.5789,24517.113,0.0011289775,0.049959306,0.049959306,9.1405775e-05,0.0003,44.253113,0.00391852297782898,1058.7642176151276,240000,,,,,,,
-355.68057,0.005212395,0.011317686,355.6858,-355.6858,0.9528326,0.05486418,90000.0,900.0,20,9000.0,5.80529,2069.7542,355.272,-16.900192,1234.9176,-1854.397,29535.03,0.0016543034,0.052276377,0.052276377,9.0963455e-05,0.0003,120.61212,0.003923843765258789,1078.3834443092346,245000,,,,,,,
-379.61572,0.0032320078,0.008957947,379.61896,-379.61896,0.8369214,0.054915864,90000.0,900.0,20,9000.0,6.604831,2064.2134,379.22556,-27.338211,1023.8929,-2012.3622,26316.652,0.0012768083,0.04596026,0.04596026,9.051133e-05,0.0003,40.63144,0.003927917432785034,1098.0230374336243,250000,,,,,,,
-385.71716,0.00465358,0.008814278,385.7218,-385.7218,1.0412211,0.052113604,90000.0,900.0,20,9000.0,4.7793074,2062.78,385.61288,-30.008072,473.7541,-468.1525,25181.293,0.0013781185,0.05426179,0.05426179,9.004948e-05,0.0003,107.41824,0.0038631186962127684,1117.3386359214783,255000,,,,,,,
-367.9611,0.0046666446,0.010306893,367.96576,-367.96576,0.96872,0.05116914,90000.0,900.0,20,9000.0,4.066287,2061.2253,367.77,-25.478838,703.514,-781.0359,23797.617,0.0020318672,0.049568567,0.049568567,8.9578054e-05,0.0003,82.22229,0.0039463318347930905,1137.070300102234,260000,,,,,,,
-409.43768,0.0029225328,0.008770775,409.4406,-409.4406,1.0090587,0.050397236,90000.0,900.0,20,9000.0,5.349638,2049.5728,408.95462,-23.245367,375.979,-386.79147,26836.678,0.0015425028,0.05085377,0.05085377,8.909717e-05,0.0003,53.595886,0.004137701034545899,1157.7588105201721,265000,,,,,,,
-366.1358,0.003748362,0.008746456,366.13956,-366.13956,0.94400626,0.050301697,90000.0,900.0,20,9000.0,6.0126967,2056.672,365.8963,-22.71308,396.0492,-417.40366,20987.79,0.001064197,0.047485117,0.047485117,8.860696e-05,0.0003,67.24295,0.004216657018661499,1178.8421008586884,270000,,,,,,,
-411.93552,0.0051359134,0.00915343,411.94064,-411.94064,1.1935354,0.050343562,90000.0,900.0,20,9000.0,4.8561482,2056.1367,411.78143,-22.610085,508.87766,-427.5078,24922.04,0.0010511602,0.060086824,0.060086824,8.810758e-05,0.0003,133.70206,0.004181658744812012,1199.7504000663757,275000,,,,,,,
-442.2058,0.004156488,0.007478322,442.20996,-442.20996,0.95388156,0.05004069,90000.0,900.0,20,9000.0,4.9742236,2055.5354,442.0862,-21.146145,1007.28735,-823.4174,26677.947,0.0008875027,0.04773289,0.04773289,8.759914e-05,0.0003,-7.6355896,0.0042568321228027345,1221.0345659255981,280000,,,,,,,
-416.15164,0.0032098268,0.0100871725,416.15485,-416.15485,1.3723876,0.050188955,90000.0,900.0,20,9000.0,4.5161533,2054.448,416.14093,-22.320097,570.48584,-571.6809,30883.895,0.0010914584,0.0688787,0.0688787,8.708179e-05,0.0003,208.27283,0.004275395488739014,1242.411549091339,285000,,,,,,,
-388.03525,0.003929506,0.009040936,388.03918,-388.03918,0.8958357,0.050066467,90000.0,900.0,20,9000.0,7.466516,2032.877,387.959,-23.101713,381.7634,-410.29938,23389.486,0.0011456972,0.04485133,0.04485133,8.655565e-05,0.0003,23.093231,0.004125566434860229,1263.0393862724304,290000,,,,,,,
-464.84616,0.0034510093,0.007972591,464.8496,-464.8496,0.8522568,0.04993109,90000.0,900.0,20,9000.0,5.6314335,2055.0876,464.6089,-15.71608,388.6316,-449.2627,21630.416,0.0009059572,0.04255411,0.04255411,8.602091e-05,0.0003,-76.22772,0.0040962284088134765,1283.5205328464508,295000,,,,,,,
-397.08517,0.0045365393,0.007876072,397.08972,-397.08972,1.1736532,0.050097328,90000.0,900.0,20,9000.0,9.762601,2054.2446,396.7888,-24.790041,977.9068,-734.2988,30584.098,0.00074135396,0.05879689,0.05879689,8.547767e-05,0.0003,141.84943,0.004205995798110962,1304.5505175590515,300000,,,,,,,
-433.54938,0.0039134007,0.008933579,433.55328,-433.55328,0.96460813,0.049935352,90000.0,900.0,20,9000.0,5.263908,2054.0208,433.62988,-20.537683,463.95712,-434.79642,24352.373,0.0010128313,0.04816805,0.04816805,8.49261e-05,0.0003,5.226959,0.009065587234497071,1349.878458738327,305000,,,,,,,
-377.76575,0.0028000108,0.008035299,377.76855,-377.76855,0.9456858,0.04943134,90000.0,900.0,20,9000.0,2.6776311,2055.739,377.5843,-24.75774,685.11633,-643.8259,25915.969,0.0011612445,0.046746515,0.046746515,8.436636e-05,0.0003,45.630524,0.004206134033203125,1370.9091339111328,310000,,,,,,,
-377.60007,0.0049846224,0.008085082,377.60504,-377.60504,1.0494916,0.049005594,90000.0,900.0,20,9000.0,6.8552227,2055.283,377.39032,-29.360975,519.837,-585.9411,25471.344,0.0012825555,0.051430963,0.051430963,8.3798586e-05,0.0003,92.13382,0.003945824766159058,1390.6382627487183,315000,,,,,,,
-343.3344,0.0032005762,0.009150514,343.33762,-343.33762,0.9845809,0.048606258,90000.0,900.0,20,9000.0,4.3243666,2054.7593,343.23334,-25.146915,972.60693,-776.6993,25481.164,0.0011241075,0.047856793,0.047856793,8.322294e-05,0.0003,91.70108,0.003901515007019043,1410.1458427906036,320000,,,,,,,
-393.2588,0.0030529583,0.008103559,393.26184,-393.26184,1.1516687,0.049358677,90000.0,900.0,20,9000.0,4.678397,2052.5579,393.1315,-17.618444,885.6762,-939.03455,28841.521,0.0010953873,0.056844838,0.056844838,8.263957e-05,0.0003,123.02316,0.0038413137912750245,1429.3524165153503,325000,,,,,,,
-382.72314,0.0042874594,0.008829649,382.72742,-382.72742,1.024692,0.049202032,90000.0,900.0,20,9000.0,4.7692327,2053.5635,382.51965,-19.836384,610.98865,-495.1785,28738.29,0.0013616795,0.05041693,0.05041693,8.2048646e-05,0.0003,75.79846,0.0038490504264831545,1448.5976734161377,330000,,,,,,,
-360.03198,0.0031460994,0.008901805,360.03513,-360.03513,0.8087999,0.0503623,90000.0,900.0,20,9000.0,11.325731,2020.2458,359.96283,-23.788305,758.9284,-710.2363,24537.316,0.0014518219,0.040733024,0.040733024,8.1450344e-05,0.0003,17.890991,0.0038851094722747804,1468.0232257843018,335000,,,,,,,
-392.51535,0.0035678705,0.0075276,392.51892,-392.51892,0.8889385,0.049793135,90000.0,900.0,20,9000.0,4.2885923,2049.714,392.46008,-26.569231,805.15894,-1743.0743,26922.586,0.0014524198,0.044263035,0.044263035,8.0844795e-05,0.0003,10.140564,0.0038390709400177004,1487.2185852527618,340000,,,,,,,
-326.1879,0.0034385913,0.006472358,326.19135,-326.19135,0.8037961,0.04937254,90000.0,900.0,20,9000.0,6.515149,2021.586,326.0973,-23.324759,1098.1741,-700.8812,26393.488,0.0009497863,0.039685458,0.039685458,8.0232174e-05,0.0003,37.49637,0.003906990051269531,1506.753540277481,345000,,,,,,,
-449.43967,0.0031965778,0.008239347,449.44287,-449.44287,0.98345715,0.04956119,90000.0,900.0,20,9000.0,2.3104467,2044.3243,449.41064,-23.074991,546.8834,-435.5292,25487.691,0.0010076114,0.04874131,0.04874131,7.961267e-05,0.0003,-8.457428,0.003909189414978027,1526.2994916439056,350000,,,,,,,
-393.7333,0.0047440645,0.0075352276,393.73804,-393.73804,1.0991861,0.048829157,90000.0,900.0,20,9000.0,2.2231388,2043.4099,393.63736,-25.616846,617.4578,-427.56445,29233.65,0.0012064553,0.05367233,0.05367233,7.898643e-05,0.0003,91.5408,0.0039049433708190917,1545.824214220047,355000,,,,,,,
-388.2173,0.0034183008,0.007506212,388.2207,-388.2207,0.9405083,0.04911995,90000.0,900.0,20,9000.0,3.8241887,2021.9111,387.9572,-28.542345,381.04504,-431.46066,22905.17,0.001824585,0.04619772,0.04619772,7.835362e-05,0.0003,31.386383,0.0038926161289215087,1565.2872998714447,360000,,,,,,,
-387.01834,0.003036239,0.007525282,387.02136,-387.02136,0.73092973,0.048082944,90000.0,900.0,20,9000.0,3.1346812,2039.4625,386.96057,-22.60245,447.4809,-490.88315,23868.875,0.0015736156,0.035145253,0.035145253,7.7714445e-05,0.0003,-67.576385,0.0038421541690826415,1584.4980754852295,365000,,,,,,,
-342.70392,0.0024881645,0.007769421,342.70642,-342.70642,0.9606119,0.04785238,90000.0,900.0,20,9000.0,3.6267576,2039.8182,342.71436,-25.607904,443.89923,-334.75912,24189.867,0.0013684727,0.04596756,0.04596756,7.706907e-05,0.0003,74.63089,0.0038855394840240478,1603.9257776737213,370000,,,,,,,
-419.3942,0.0024090875,0.007200447,419.3966,-419.3966,1.1295097,0.047493342,90000.0,900.0,20,9000.0,4.4362226,2040.631,419.15652,-22.593664,679.77124,-686.0746,30608.416,0.0012757778,0.053644188,0.053644188,7.641764e-05,0.0003,67.83972,0.003898418140411377,1623.4178731441498,375000,,,,,,,
-368.85425,0.0028024889,0.008159529,368.85706,-368.85706,0.8694445,0.047116548,90000.0,900.0,20,9000.0,4.584463,2037.7769,368.83585,-29.47048,520.8439,-787.05023,27932.266,0.0010483171,0.04096522,0.04096522,7.5760356e-05,0.0003,4.417206,0.003927350330352783,1643.0546295642853,380000,,,,,,,
-378.8125,0.0026882368,0.00632972,378.8152,-378.8152,1.0394278,0.04536351,90000.0,900.0,20,9000.0,2.1924727,2020.5715,378.89722,-24.909267,853.62103,-740.0368,29697.71,0.00093902636,0.04715209,0.04715209,7.50974e-05,0.0003,47.74878,0.003954772520065307,1662.8284962177277,385000,,,,,,,
-334.30884,0.005382259,0.0056334785,334.3142,-334.3142,0.8261497,0.044701036,90000.0,900.0,20,9000.0,3.202331,2035.7522,334.2536,-25.71947,543.75354,-481.5015,23369.53,0.000634799,0.03692975,0.03692975,7.442894e-05,0.0003,1.2612305,0.0038318697452545164,1681.9878499507904,390000,,,,,,,
-385.89105,0.0031498445,0.006172804,385.8942,-385.8942,0.91569155,0.043161724,90000.0,900.0,20,9000.0,6.357942,2036.4481,385.5995,-29.481596,418.52255,-422.84128,23497.277,0.00077497057,0.039522827,0.039522827,7.375519e-05,0.0003,-23.827667,0.003949082040786743,1701.7332651615143,395000,,,,,,,
-363.0417,0.0043989425,0.0070675975,363.04608,-363.04608,0.84220546,0.043578647,90000.0,900.0,20,9000.0,6.625159,2019.6421,363.06808,-27.87904,655.7019,-652.03766,26494.494,0.0009963636,0.036702175,0.036702175,7.30763e-05,0.0003,-26.096954,0.0039011048793792724,1721.2387945652008,400000,,,,,,,
-369.49576,0.0028274646,0.008568706,369.4986,-369.4986,0.75924855,0.04284058,90000.0,900.0,20,9000.0,5.180717,2035.4523,369.4709,-28.554688,442.22833,-485.6749,22083.596,0.0016106108,0.03252665,0.03252665,7.239246e-05,0.0003,-71.575195,0.008105138111114503,1761.7644910812378,405000,,,,,,,
-386.05405,0.0035383757,0.0068413913,386.0576,-386.0576,0.9567042,0.041994635,90000.0,900.0,20,9000.0,7.130311,2034.8478,385.9054,-27.382032,327.82303,-401.9973,24854.344,0.000847192,0.040176444,0.040176444,7.170388e-05,0.0003,-17.335754,0.004025829648971558,1781.8936443328857,410000,,,,,,,
-432.32816,0.0054815006,0.00623698,432.33365,-432.33365,0.93061733,0.040241368,90000.0,900.0,20,9000.0,4.4839106,2035.4731,432.5404,-28.003616,357.35385,-295.18912,24474.2,0.0007905115,0.037449315,0.037449315,7.101073e-05,0.0003,-90.800415,0.003944244003295899,1801.614869594574,415000,,,,,,,
-411.06738,0.004283243,0.006289438,411.07166,-411.07166,1.0849833,0.04061904,90000.0,900.0,20,9000.0,4.221879,2033.316,411.09937,-27.628567,697.5727,-577.25446,28570.678,0.0010184754,0.04407098,0.04407098,7.0313195e-05,0.0003,-10.206665,0.003898827314376831,1821.1090104579926,420000,,,,,,,
-349.75308,0.0037661258,0.0071476516,349.75684,-349.75684,1.0980041,0.041379426,90000.0,900.0,20,9000.0,2.0987422,2020.6802,349.78995,-27.593393,721.01117,-1012.8668,26662.62,0.00083600933,0.04543478,0.04543478,6.961148e-05,0.0003,61.258698,0.0040074909687042234,1841.1464705467224,425000,,,,,,,
-374.39743,0.002597267,0.006950856,374.40002,-374.40002,0.97520804,0.041518282,90000.0,900.0,20,9000.0,3.5841804,2032.5066,374.2188,-26.394444,550.89325,-652.4327,26744.846,0.0012293652,0.040488962,0.040488962,6.890576e-05,0.0003,-6.4125977,0.004004889106750488,1861.1709208488464,430000,,,,,,,
-342.19888,0.0036808117,0.0072889077,342.20258,-342.20258,0.78108835,0.041368835,90000.0,900.0,20,9000.0,3.777866,2032.4321,341.89468,-23.10686,389.2321,-373.8631,22085.49,0.0013216542,0.032312714,0.032312714,6.8196256e-05,0.0003,-47.606598,0.004009013843536377,1881.215995311737,435000,,,,,,,
-409.60373,0.0025819794,0.006614185,409.60632,-409.60632,0.8805913,0.040785253,90000.0,900.0,20,9000.0,6.026184,2032.5198,409.41492,-27.231634,678.8053,-619.7254,26009.705,0.0008992929,0.035915136,0.035915136,6.748313e-05,0.0003,-80.34131,0.003935854053497314,1900.895271062851,440000,,,,,,,
-339.9181,0.002770056,0.007134859,339.92087,-339.92087,1.0170095,0.040107656,90000.0,900.0,20,9000.0,3.8090882,2020.0986,339.77753,-27.190712,423.13333,-440.99503,26509.06,0.00084413274,0.04078987,0.04078987,6.67666e-05,0.0003,30.999817,0.0038881049633026125,1920.3358008861542,445000,,,,,,,
-433.09186,0.0016945702,0.005453915,433.09357,-433.09357,0.81683403,0.040399533,90000.0,900.0,20,9000.0,5.622766,2031.7467,433.12744,-23.260538,603.1786,-553.3747,25220.059,0.0006615886,0.032999713,0.032999713,6.604685e-05,0.0003,-130.47168,0.0038540865898132326,1939.6062388420105,450000,,,,,,,
-341.89883,0.0041349423,0.005958461,341.90295,-341.90295,0.8992731,0.041254472,90000.0,900.0,20,9000.0,2.5235753,2024.9775,341.87167,-28.881533,504.13702,-469.60938,23577.822,0.0007290217,0.037099037,0.037099037,6.5324086e-05,0.0003,-5.483917,0.0038615989208221437,1958.9142389297485,455000,,,,,,,
-417.85095,0.0028582064,0.005915953,417.85382,-417.85382,0.9463505,0.040722236,90000.0,900.0,20,9000.0,2.7799711,2025.453,417.96338,-29.147356,1060.8854,-1151.8214,32365.426,0.0007847801,0.03853751,0.03853751,6.4598484e-05,0.0003,-68.2334,0.0038118735790252686,1977.9736115932465,460000,,,,,,,
-350.9221,0.0030014487,0.005650043,350.92508,-350.92508,0.8712013,0.039963327,90000.0,900.0,20,9000.0,4.6195464,2015.3055,350.87854,-28.960447,507.66425,-495.87122,23184.494,0.00083916745,0.0348161,0.0348161,6.387027e-05,0.0003,-32.95764,0.0036803325176239013,1996.3752791881561,465000,,,,,,,
-375.7863,0.0025863545,0.006106396,375.78888,-375.78888,0.7691189,0.03926253,90000.0,900.0,20,9000.0,4.7781563,2026.842,375.92255,-27.186401,587.0985,-550.04767,22142.307,0.0008742637,0.030197555,0.030197555,6.3139625e-05,0.0003,-99.23013,0.0037409281253814697,2015.079924583435,470000,,,,,,,
-381.20398,0.0033053574,0.0066962778,381.20728,-381.20728,1.0702012,0.03876042,90000.0,900.0,20,9000.0,3.7053623,2022.6229,381.16998,-24.943415,680.6361,-577.3883,24457.762,0.00082940835,0.041481446,0.041481446,6.2406754e-05,0.0003,-4.165619,0.003757061529159546,2033.8652374744415,475000,,,,,,,
-376.76675,0.0025319713,0.004402005,376.7693,-376.7693,0.60064465,0.03887337,90000.0,900.0,20,9000.0,3.0133657,2024.5187,376.6996,-26.842077,584.6712,-902.3739,26060.35,0.00032104444,0.023349082,0.023349082,6.167186e-05,0.0003,-163.61165,0.003740273189544678,2052.5666077136993,480000,,,,,,,
-341.2192,0.004173943,0.0055887974,341.2234,-341.2234,0.75630903,0.037973154,90000.0,900.0,20,9000.0,3.5045881,2013.9097,341.08508,-26.485302,546.71173,-709.8569,26228.607,0.0010743876,0.02871944,0.02871944,6.093515e-05,0.0003,-79.239655,0.0037396653175354004,2071.2649385929108,485000,,,,,,,
-374.5507,0.0036635348,0.0069327215,374.55435,-374.55435,1.0682834,0.03709802,90000.0,900.0,20,9000.0,2.3345532,2025.9918,374.5311,-28.77579,627.0719,-528.7454,26698.564,0.0013403002,0.039631203,0.039631203,6.0196806e-05,0.0003,-15.535309,0.003688181161880493,2089.7058486938477,490000,,,,,,,
-371.2867,0.0033327115,0.00578121,371.29004,-371.29004,0.8799009,0.0362836,90000.0,900.0,20,9000.0,3.789081,2016.6819,371.1446,-26.898064,761.97925,-559.57764,29188.941,0.0009922518,0.031925973,0.031925973,5.945705e-05,0.0003,-80.16388,0.0036867294788360595,2108.1395008563995,495000,,,,,,,
-348.44687,0.0029570772,0.00572566,348.44983,-348.44983,0.7594032,0.035954103,90000.0,900.0,20,9000.0,5.1472297,2025.8221,348.21265,-25.451323,595.2517,-568.87585,23640.205,0.0009834165,0.02730366,0.02730366,5.8716072e-05,0.0003,-97.56671,0.003695245122909546,2126.615731239319,500000,,,,,,,
-414.44843,0.002916004,0.0054972633,414.45135,-414.45135,1.0850844,0.035232317,90000.0,900.0,20,9000.0,5.247757,2025.2186,414.22937,-27.905918,1150.969,-941.3994,31234.56,0.00045642385,0.03823004,0.03823004,5.7974077e-05,0.0003,-65.13034,0.008236093378067017,2167.7962036132812,505000,,,,,,,
-331.08447,0.0023738812,0.0056897392,331.08685,-331.08685,0.6610574,0.03628665,90000.0,900.0,20,9000.0,3.6415777,2013.9666,330.88757,-27.026268,709.74115,-804.0602,24968.51,0.00052576745,0.023987558,0.023987558,5.7231267e-05,0.0003,-111.554886,0.003927824687957764,2187.435331583023,510000,,,,,,,
-343.6384,0.0051746024,0.005127741,343.6436,-343.6436,1.1024011,0.036574256,90000.0,900.0,20,9000.0,3.4546535,1973.2496,343.00262,-28.458942,1154.9362,-1580.2676,34316.742,0.0003560098,0.040319502,0.040319502,5.6487854e-05,0.0003,22.691772,0.0038819822311401365,2206.8452475070953,515000,,,,,,,
-380.28455,0.0030307728,0.0054548713,380.28757,-380.28757,1.1066775,0.035616994,90000.0,900.0,20,9000.0,4.3031526,1989.4182,380.11472,-28.748737,601.4022,-400.95947,27221.824,0.00085263303,0.03941653,0.03941653,5.574403e-05,0.0003,-21.232635,0.003940345907211304,2226.546984910965,520000,,,,,,,
-398.46915,0.0031959072,0.0060479017,398.47235,-398.47235,1.1226925,0.037252083,90000.0,900.0,20,9000.0,2.7945647,2014.0306,398.46283,-26.990292,658.902,-484.0928,29122.766,0.00064468797,0.041822635,0.041822635,5.5000004e-05,0.0003,-19.270874,0.003934419822692871,2246.2190914154053,525000,,,,,,,
-376.33673,0.003835088,0.0047974875,376.34058,-376.34058,0.971023,0.037088934,90000.0,900.0,20,9000.0,2.197352,1982.3849,376.37476,-29.775127,967.18713,-1113.2737,31864.426,0.00053971214,0.03601421,0.03601421,5.4255972e-05,0.0003,-50.011475,0.003943967485427856,2265.9389340877533,530000,,,,,,,
-360.79938,0.0029840984,0.0057792026,360.80237,-360.80237,0.8624809,0.037507016,90000.0,900.0,20,9000.0,2.7141113,1986.5162,360.56824,-28.12865,619.09283,-710.2345,25736.264,0.00060211495,0.032349084,0.032349084,5.3512147e-05,0.0003,-66.94351,0.003921036577224732,2285.5441222190857,535000,,,,,,,
-367.87885,0.001658451,0.004699913,367.8805,-367.8805,0.7213483,0.03646303,90000.0,900.0,20,9000.0,3.0305467,1986.6848,367.7827,-28.76891,589.1254,-520.4196,27509.924,0.00033191746,0.026302543,0.026302543,5.276873e-05,0.0003,-128.12541,0.0038311614990234376,2304.699934720993,540000,,,,,,,
-322.7593,0.0020666807,0.0055545773,322.76138,-322.76138,0.5989914,0.03605726,90000.0,900.0,20,9000.0,2.3280728,1982.5414,322.62936,-22.703468,510.98438,-550.50885,22719.361,0.0008713743,0.021597989,0.021597989,5.2025924e-05,0.0003,-126.04935,0.0039092574119567874,2324.2462270259857,545000,,,,,,,
-350.4557,0.002575586,0.005965692,350.45825,-350.45825,0.7258088,0.034830146,90000.0,900.0,20,9000.0,2.3969073,1987.0619,350.45447,-28.203388,439.86334,-400.75922,23583.3,0.0015157486,0.025280025,0.025280025,5.1283936e-05,0.0003,-120.53856,0.003892488384246826,2343.70867395401,550000,,,,,,,
-359.5929,0.003052708,0.005261482,359.59595,-359.59595,0.85738534,0.033863246,90000.0,900.0,20,9000.0,2.9536285,1971.1953,359.28223,-28.09763,431.16013,-389.77655,24259.82,0.00064081594,0.02903385,0.02903385,5.0542945e-05,0.0003,-95.334625,0.0038814218997955323,2363.1157970428467,555000,,,,,,,
-399.63266,0.003577155,0.0048365095,399.63623,-399.63623,0.907003,0.033902343,90000.0,900.0,20,9000.0,3.3669782,1988.4335,399.44525,-26.300167,341.91882,-488.96646,23368.79,0.0005610628,0.030749528,0.030749528,4.9803188e-05,0.0003,-119.51993,0.003889698314666748,2382.5642940998077,560000,,,,,,,
-381.81113,0.0035765835,0.005445453,381.8147,-381.8147,0.8246221,0.03218568,90000.0,900.0,20,9000.0,4.2175527,1996.9799,381.64072,-29.06658,872.6709,-771.9237,24896.893,0.0008130529,0.026541024,0.026541024,4.9064853e-05,0.0003,-138.72435,0.0038276126861572267,2401.7023618221283,565000,,,,,,,
-391.91312,0.0038702488,0.004367045,391.917,-391.917,1.0803602,0.03178082,90000.0,900.0,20,9000.0,5.360436,1985.619,392.0404,-27.620169,1559.243,-1413.6918,36406.094,0.0005220332,0.034334734,0.034334734,4.8328133e-05,0.0003,-77.54007,0.003895922422409058,2421.1819789409637,570000,,,,,,,
-395.1147,0.0030780442,0.0054035503,395.11777,-395.11777,0.8709148,0.03085855,90000.0,900.0,20,9000.0,2.9523249,1990.1611,394.99213,-28.25065,1180.286,-1043.0728,27115.07,0.0009194751,0.026875168,0.026875168,4.7593247e-05,0.0003,-150.28584,0.003874466848373413,2440.554317712784,575000,,,,,,,
-326.10468,0.00306531,0.0051787887,326.10773,-326.10773,0.9390919,0.031192183,90000.0,900.0,20,9000.0,3.5008647,1973.1473,326.05704,-26.459885,738.2006,-655.09,25079.021,0.00057099573,0.029292326,0.029292326,4.686038e-05,0.0003,-58.97287,0.003854091739654541,2459.8247814178467,580000,,,,,,,
-387.9486,0.0028172038,0.0064259516,387.95142,-387.95142,0.6984359,0.031644758,90000.0,900.0,20,9000.0,3.7112198,1997.4979,387.70538,-26.661705,407.47986,-461.19208,24291.05,0.0008346675,0.022101836,0.022101836,4.612974e-05,0.0003,-185.32088,0.0037821012496948242,2478.735292196274,585000,,,,,,,
-360.01605,0.0019107113,0.005123063,360.01797,-360.01797,1.1480614,0.03173333,90000.0,900.0,20,9000.0,2.4975152,1990.8501,359.96588,-29.350967,1058.9292,-1421.167,33464.125,0.0006721193,0.03643181,0.03643181,4.540152e-05,0.0003,-29.632233,0.0038493382453918456,2497.9819886684418,590000,,,,,,,
-369.42435,0.002777801,0.0044302437,369.42712,-369.42712,0.90435725,0.031924013,90000.0,900.0,20,9000.0,2.3898544,1989.7334,369.2698,-28.124506,669.7939,-507.4366,29229.916,0.00069477624,0.028870713,0.028870713,4.467592e-05,0.0003,-107.19806,0.0038623629093170165,2517.293808221817,595000,,,,,,,
-388.61853,0.0018491982,0.005144273,388.6204,-388.6204,1.0390087,0.031006077,90000.0,900.0,20,9000.0,3.3475041,1983.2732,388.30096,-28.183802,477.38736,-424.90494,27604.031,0.0004534187,0.032215588,0.032215588,4.3953154e-05,0.0003,-95.33075,0.003922102737426758,2536.904326915741,600000,,,,,,,
-379.41214,0.0021185474,0.0049484987,379.41425,-379.41425,0.7679371,0.031814877,90000.0,900.0,20,9000.0,2.665384,1991.3733,379.35468,-26.852154,575.96564,-741.6141,25752.54,0.0011158932,0.024431825,0.024431825,4.3233405e-05,0.0003,-156.86034,0.008134637928009033,2577.5775215625763,605000,,,,,,,
-386.35263,0.0019898457,0.0056767324,386.3546,-386.3546,1.2858099,0.0320041,90000.0,900.0,20,9000.0,4.432358,1987.3795,386.3528,-27.001884,436.1884,-481.31616,27316.055,0.0005035585,0.04115119,0.04115119,4.251687e-05,0.0003,-11.559601,0.003811333179473877,2596.634192466736,610000,,,,,,,
-375.72702,0.0025830455,0.004190447,375.7296,-375.7296,0.81811416,0.031680804,90000.0,900.0,20,9000.0,2.492779,1973.0929,375.67215,-28.179413,692.8183,-888.92,29971.371,0.0003869309,0.025918514,0.025918514,4.1803753e-05,0.0003,-139.96764,0.0038741161823272704,2616.0047783851624,615000,,,,,,,
-322.60272,0.0030675726,0.0041406513,322.6058,-322.6058,1.1905991,0.031704526,90000.0,900.0,20,9000.0,2.45793,1956.6295,322.46542,-28.846931,1141.5342,-1225.7723,32207.383,0.00071051845,0.03774738,0.03774738,4.1094238e-05,0.0003,19.581604,0.00388745756149292,2635.4420704841614,620000,,,,,,,
-326.60648,0.0027585484,0.004872138,326.60922,-326.60922,1.0104438,0.031717267,90000.0,900.0,20,9000.0,2.6093159,1959.3143,326.41455,-27.76687,587.43726,-523.4716,33001.848,0.00087662844,0.032048516,0.032048516,4.0388528e-05,0.0003,-35.560516,0.0037523865699768066,2654.204008579254,625000,,,,,,,
-333.04733,0.0029626675,0.0061483253,333.0503,-333.0503,0.9836605,0.031746347,90000.0,900.0,20,9000.0,2.251309,1954.563,333.0145,-28.30685,968.742,-1044.1075,31186.92,0.00075692503,0.031227628,0.031227628,3.9686805e-05,0.0003,-49.747375,0.003779459810256958,2673.101312637329,630000,,,,,,,
-342.33728,0.003094527,0.0039221807,342.34036,-342.34036,0.68259495,0.031591117,90000.0,900.0,20,9000.0,2.8548265,1993.639,342.42426,-27.928728,1794.1469,-1590.1006,29109.207,0.0005970716,0.021563936,0.021563936,3.8989278e-05,0.0003,-145.40703,0.003715285015106201,2691.6777427196503,635000,,,,,,,
-385.25812,0.0026469664,0.003539283,385.26077,-385.26077,0.81512004,0.031655062,90000.0,900.0,20,9000.0,2.660879,1971.3605,385.03015,-28.1739,647.92053,-538.73834,26671.543,0.00068292854,0.025802676,0.025802676,3.8296123e-05,0.0003,-150.37315,0.003793157434463501,2710.643534421921,640000,,,,,,,
-365.57324,0.0028669205,0.0043162587,365.5761,-365.5761,0.81120235,0.030404294,90000.0,900.0,20,9000.0,3.3118358,1995.2068,365.4995,-27.914333,1078.1257,-1025.9991,26337.695,0.00062151294,0.024664035,0.024664035,3.7607537e-05,0.0003,-140.2851,0.003791204023361206,2729.5995588302612,645000,,,,,,,
-377.33536,0.0035795236,0.0042184656,377.33893,-377.33893,0.6829055,0.030080477,90000.0,900.0,20,9000.0,2.5075135,1986.1884,377.37997,-28.115278,588.4274,-635.94324,26518.273,0.0006157486,0.020542122,0.020542122,3.692371e-05,0.0003,-189.94875,0.0038165433883666994,2748.682280063629,650000,,,,,,,
-346.6609,0.0032889692,0.003556027,346.66418,-346.66418,0.9950779,0.0287931,90000.0,900.0,20,9000.0,3.1912355,1943.1561,346.47504,-28.257925,729.0772,-743.6145,27519.07,0.00030985332,0.028651375,0.028651375,3.6244823e-05,0.0003,-85.6073,0.003803926467895508,2767.701917409897,655000,,,,,,,
-312.26437,0.002577803,0.004525823,312.26694,-312.26694,1.0987455,0.028711328,90000.0,900.0,20,9000.0,3.8935912,1946.5181,312.07355,-26.872046,613.97095,-655.6689,30579.742,0.00057766197,0.031546444,0.031546444,3.5571058e-05,0.0003,-24.45279,0.003672080135345459,2786.0623228549957,660000,,,,,,,
-390.59067,0.003453637,0.004957262,390.59412,-390.59412,1.0221952,0.028427923,90000.0,900.0,20,9000.0,3.3008351,1955.6862,390.46942,-26.95222,942.4513,-682.08014,31878.656,0.00057039387,0.029058887,0.029058887,3.490261e-05,0.0003,-125.75986,0.0037708998203277587,2804.916826725006,665000,,,,,,,
-347.06787,0.0029589287,0.006382669,347.07083,-347.07083,1.4431936,0.027924499,90000.0,900.0,20,9000.0,5.5567784,1964.3711,346.74905,-28.990072,503.63968,-620.2095,36482.62,0.0009198627,0.04030046,0.04030046,3.4239645e-05,0.0003,21.193054,0.003796012496948242,2823.896893978119,670000,,,,,,,
-384.6247,0.00208619,0.003272487,384.62677,-384.62677,0.9061027,0.028497363,90000.0,900.0,20,9000.0,2.5998194,1983.679,384.58203,-27.677086,845.8969,-935.2859,27060.68,0.00067750696,0.025821539,0.025821539,3.3582368e-05,0.0003,-149.63103,0.0037907401561737063,2842.850599527359,675000,,,,,,,
-349.7456,0.0029387348,0.004179505,349.74854,-349.74854,1.1337482,0.02898067,90000.0,900.0,20,9000.0,3.8871975,1978.5922,349.56335,-27.619738,1020.9373,-912.0583,31126.447,0.00043066306,0.03285678,0.03285678,3.2930948e-05,0.0003,-50.14737,0.003792685604095459,2861.814032316208,680000,,,,,,,
-409.50262,0.0029971937,0.0045572566,409.5056,-409.5056,1.0218995,0.029040337,90000.0,900.0,20,9000.0,4.572401,1973.1859,409.25638,-27.7099,1172.1139,-655.0631,35264.824,0.000491189,0.029676301,0.029676301,3.228555e-05,0.0003,-137.84354,0.003738360071182251,2880.505838394165,685000,,,,,,,
-363.28525,0.002877205,0.0044835834,363.28812,-363.28812,0.82071227,0.028897975,90000.0,900.0,20,9000.0,3.3573923,1975.6681,363.2447,-28.303898,483.75836,-435.5601,25237.535,0.0004606343,0.023716923,0.023716923,3.1646374e-05,0.0003,-146.47556,0.003778792190551758,2899.399804830551,690000,,,,,,,
-340.8329,0.002863132,0.0045784055,340.83575,-340.83575,0.8465181,0.029304752,90000.0,900.0,20,9000.0,3.3699126,1961.6168,340.67572,-28.63264,494.3194,-416.3672,29154.193,0.00066716963,0.024807004,0.024807004,3.1013573e-05,0.0003,-114.19995,0.0037698689937591553,2918.2491545677185,695000,,,,,,,
-355.43436,0.0022860358,0.005551717,355.43665,-355.43665,0.80569893,0.029786943,90000.0,900.0,20,9000.0,4.793709,1984.4934,355.2647,-27.845106,570.121,-730.1,27821.809,0.0005598501,0.023999307,0.023999307,3.0387337e-05,0.0003,-134.6469,0.003767913055419922,2937.0887248516083,700000,,,,,,,
-360.49023,0.002904475,0.0033705519,360.49313,-360.49313,0.8708104,0.028760144,90000.0,900.0,20,9000.0,4.4683905,1939.524,360.41556,-28.732157,780.7276,-595.00995,32206.1,0.00032474037,0.025044633,0.025044633,2.9767822e-05,0.0003,-130.62015,0.008078705024719239,2977.482254743576,705000,,,,,,,
-364.69327,0.0029542446,0.0035922828,364.69623,-364.69623,0.8357961,0.028292099,90000.0,900.0,20,9000.0,5.4814386,1966.4541,364.52356,-28.775772,447.9875,-503.35043,27554.96,0.00033895535,0.023646425,0.023646425,2.9155208e-05,0.0003,-146.394,0.003762481641769409,2996.2946677207947,710000,,,,,,,
-388.20612,0.0021792687,0.0045519047,388.20828,-388.20828,0.7955737,0.027004454,90000.0,900.0,20,9000.0,2.9547846,1988.5604,388.0227,-28.47471,622.6926,-554.7005,23671.475,0.00051183894,0.021484032,0.021484032,2.8549664e-05,0.0003,-191.89505,0.003814680767059326,3015.3680760860443,715000,,,,,,,
-304.4336,0.002676425,0.0047743185,304.43628,-304.43628,0.97273993,0.02654825,90000.0,900.0,20,9000.0,5.050873,1948.5773,304.47015,-27.989553,1003.6858,-1140.9879,35469.22,0.00077182025,0.025824543,0.025824543,2.7951346e-05,0.0003,-66.96184,0.0038043343544006346,3034.3897528648376,720000,,,,,,,
-385.88278,0.0021600293,0.0034857634,385.88495,-385.88495,1.1108466,0.02685894,90000.0,900.0,20,9000.0,5.932961,1984.7334,385.54144,-28.213238,399.68384,-453.02567,29487.871,0.0006149963,0.029836163,0.029836163,2.736043e-05,0.0003,-111.42438,0.003806910181045532,3053.4243080615997,725000,,,,,,,
-342.40042,0.002353318,0.0033835778,342.40277,-342.40277,0.59296393,0.026813596,90000.0,900.0,20,9000.0,2.9952176,1909.1998,342.27258,-27.755339,635.38434,-478.00403,25622.193,0.00042854703,0.015899494,0.015899494,2.6777061e-05,0.0003,-196.30977,0.0037661436080932615,3072.2550344467163,730000,,,,,,,
-344.16843,0.002352321,0.0037840505,344.17078,-344.17078,0.9112442,0.026002062,90000.0,900.0,20,9000.0,2.0535982,1952.0544,343.8822,-28.84653,1282.576,-805.7478,32682.809,0.0004780725,0.023694228,0.023694228,2.6201416e-05,0.0003,-128.86678,0.003873078727722168,3091.6204404830933,735000,,,,,,,
-362.83035,0.0027203488,0.0041263467,362.83307,-362.83307,0.761429,0.025147742,90000.0,900.0,20,9000.0,3.1169703,1979.829,362.4728,-28.81597,862.71356,-810.2632,25825.438,0.00037845143,0.01914822,0.01914822,2.5633639e-05,0.0003,-187.37941,0.003964418506622314,3111.442537546158,740000,,,,,,,
-381.11108,0.0029941662,0.0039050623,381.11407,-381.11407,1.2189534,0.025480857,90000.0,900.0,20,9000.0,2.453343,1995.1278,381.08133,-29.998247,913.39166,-974.7009,28342.254,0.0007295327,0.031059977,0.031059977,2.5073889e-05,0.0003,-99.11795,0.0039055718898773194,3130.970402240753,745000,,,,,,,
-359.3113,0.0025302425,0.0037610438,359.31384,-359.31384,1.1038698,0.025433714,90000.0,900.0,20,9000.0,2.038035,1954.1016,359.13727,-28.914742,672.43463,-676.84045,33025.29,0.0007980747,0.028075509,0.028075509,2.4522331e-05,0.0003,-104.593704,0.003847701168060303,3150.2089126110077,750000,,,,,,,
-341.9168,0.0023785522,0.0033139377,341.9192,-341.9192,0.6158721,0.025666967,90000.0,900.0,20,9000.0,1.6488602,1997.547,341.87244,-29.875696,1005.2304,-895.89984,32086.453,0.00038291715,0.015807569,0.015807569,2.3979092e-05,0.0003,-197.99982,0.003741781520843506,3168.9178245067596,755000,,,,,,,
-410.62845,0.00245036,0.0030864382,410.6309,-410.6309,0.83471113,0.02640991,90000.0,900.0,20,9000.0,3.5527875,1993.8536,410.46548,-31.937212,644.8319,-634.54956,29155.086,0.00032809481,0.022044646,0.022044646,2.3444345e-05,0.0003,-208.67384,0.0037723844528198243,3187.779751777649,760000,,,,,,,
-324.39066,0.0032557454,0.0039671347,324.39392,-324.39392,1.0641655,0.024658559,90000.0,900.0,20,9000.0,2.7622552,1971.552,324.24652,-28.060095,699.5372,-890.86914,30618.092,0.00042716495,0.026240787,0.026240787,2.2918219e-05,0.0003,-85.4613,0.003776772165298462,3206.6636171340942,765000,,,,,,,
-332.18732,0.0025167936,0.0030996052,332.18982,-332.18982,0.6851891,0.024835443,90000.0,900.0,20,9000.0,2.8365006,1996.5658,332.1451,-29.204088,1117.4304,-1495.481,30128.527,0.00057446986,0.017016977,0.017016977,2.2400869e-05,0.0003,-176.19804,0.0037767429828643798,3225.5473370552063,770000,,,,,,,
-388.98172,0.0017973421,0.0031123648,388.98352,-388.98352,0.66189337,0.024739603,90000.0,900.0,20,9000.0,4.811923,1960.6868,388.84796,-26.838114,474.42795,-370.75827,23399.395,0.0004898376,0.01637498,0.01637498,2.1892429e-05,0.0003,-236.79498,0.0037505462646484377,3244.30007314682,775000,,,,,,,
-399.94168,0.0025998391,0.0036924696,399.94427,-399.94427,1.0638514,0.02448493,90000.0,900.0,20,9000.0,3.8524466,1990.5562,399.7798,-29.01298,729.7929,-769.6646,32247.535,0.00048573842,0.026048329,0.026048329,2.1393029e-05,0.0003,-161.65428,0.0038444595336914063,3263.5223755836487,780000,,,,,,,
-296.26605,0.0034868014,0.0034312631,296.26953,-296.26953,0.73730403,0.023883337,90000.0,900.0,20,9000.0,2.1075659,1964.7551,296.0747,-29.313457,470.22113,-474.2978,22591.559,0.00036179958,0.01760928,0.01760928,2.0902831e-05,0.0003,-135.67496,0.0037912257194519044,3282.478508710861,785000,,,,,,,
-331.50143,0.0018764902,0.0035391594,331.5033,-331.5033,0.7688907,0.023831233,90000.0,900.0,20,9000.0,2.7343135,1879.2709,331.40582,-28.274464,583.7631,-557.1912,30024.941,0.0006230946,0.018323613,0.018323613,2.0421947e-05,0.0003,-163.8546,0.003718036413192749,3301.0686950683594,790000,,,,,,,
-371.98184,0.0028852536,0.0045382073,371.98474,-371.98474,1.1279584,0.023591677,90000.0,900.0,20,9000.0,4.2435164,1987.0161,371.89362,-27.339212,729.47504,-954.56366,34242.484,0.0006645978,0.02661043,0.02661043,1.9950523e-05,0.0003,-128.24445,0.0036733606815338134,3319.4355034828186,795000,,,,,,,
-360.16974,0.0029246325,0.0036962247,360.17267,-360.17267,1.1407111,0.023294613,90000.0,900.0,20,9000.0,6.594482,1990.0491,360.26868,-28.87592,548.47314,-522.12744,29678.785,0.00041489632,0.026572423,0.026572423,1.9488682e-05,0.0003,-114.42345,0.003637182331085205,3337.6214196681976,800000,,,,,,,
-369.05945,0.0021048684,0.0033075863,369.06155,-369.06155,0.94459337,0.023245968,90000.0,900.0,20,9000.0,2.854988,1961.6506,368.98447,-28.963276,446.25787,-402.4002,26866.627,0.00039355145,0.021957986,0.021957986,1.9036543e-05,0.0003,-168.5826,0.008053040218353272,3377.886625289917,805000,,,,,,,
-365.42538,0.002663759,0.004282417,365.42804,-365.42804,0.9397538,0.02308836,90000.0,900.0,20,9000.0,2.9212658,1980.3972,365.01083,-28.17621,678.1742,-691.81165,32009.29,0.0005037011,0.021697374,0.021697374,1.859424e-05,0.0003,-167.22775,0.003730451154708862,3396.5388860702515,810000,,,,,,,
-369.9579,0.001943033,0.0027981726,369.95984,-369.95984,0.98791707,0.0236394,90000.0,900.0,20,9000.0,3.0687742,1995.7942,369.60992,-28.722792,799.42206,-836.47125,36188.285,0.00037784438,0.023353767,0.023353767,1.8161878e-05,0.0003,-156.7052,0.0037649057865142823,3415.3634197711945,815000,,,,,,,
-358.43646,0.0020908716,0.0031981687,358.43857,-358.43857,0.7890594,0.023174604,90000.0,900.0,20,9000.0,2.3722699,1990.3727,358.31845,-28.573912,1063.1292,-1363.4856,41236.6,0.00042622062,0.01828614,0.01828614,1.7739603e-05,0.0003,-191.4889,0.003715215015411377,3433.9394998550415,820000,,,,,,,
-362.7355,0.0024555188,0.004143341,362.73795,-362.73795,1.3264416,0.022962054,90000.0,900.0,20,9000.0,2.089086,1993.3434,362.5681,-29.049158,728.7088,-996.4769,34681.242,0.00075058977,0.030457824,0.030457824,1.7327511e-05,0.0003,-86.526,0.003779537057876587,3452.8371896743774,825000,,,,,,,
-342.02414,0.0024401527,0.0038919046,342.02658,-342.02658,0.922188,0.023166401,90000.0,900.0,20,9000.0,3.4771433,1986.6141,341.82544,-28.248379,2267.1526,-1431.4486,34926.75,0.0006303873,0.021363776,0.021363776,1.6925713e-05,0.0003,-146.27301,0.0037097137451171875,3471.3857634067535,830000,,,,,,,
-379.8168,0.0019103913,0.003453215,379.81873,-379.81873,0.81266296,0.02300111,90000.0,900.0,20,9000.0,1.7087615,1961.6663,379.67313,-29.218758,908.9074,-781.07874,36889.055,0.000538176,0.01869215,0.01869215,1.653433e-05,0.0003,-209.87868,0.0037984243869781495,3490.3778898715973,835000,,,,,,,
-314.64233,0.002384477,0.0035166838,314.6447,-314.6447,0.7378946,0.022022909,90000.0,900.0,20,9000.0,4.375986,1992.6295,314.5633,-28.373869,871.00006,-975.52734,23093.828,0.0004201908,0.016250584,0.016250584,1.6153459e-05,0.0003,-164.0111,0.00376797399520874,3509.2177646160126,840000,,,,,,,
-354.23325,0.0017660544,0.0031037598,354.23502,-354.23502,0.8136398,0.021462437,90000.0,900.0,20,9000.0,2.1351364,1978.9335,353.97018,-28.966177,1450.9109,-1180.2882,31187.705,0.00049949,0.017462693,0.017462693,1.5783213e-05,0.0003,-194.93387,0.0037283029079437256,3527.85928440094,845000,,,,,,,
-365.98755,0.002318303,0.0047385404,365.98987,-365.98987,1.2333137,0.021197153,90000.0,900.0,20,9000.0,1.9132683,1983.6779,365.87433,-29.23301,625.5231,-653.5338,29884.887,0.0005422663,0.026142739,0.026142739,1.542368e-05,0.0003,-128.78963,0.003796519899368286,3546.84188914299,850000,,,,,,,
-364.78204,0.0027741203,0.003786785,364.78482,-364.78482,0.8899475,0.021050159,90000.0,900.0,20,9000.0,2.5960445,1991.4714,364.74628,-28.204203,1180.8552,-1304.1957,30966.633,0.0005152949,0.018733535,0.018733535,1.5074969e-05,0.0003,-193.58418,0.0037920978546142577,3565.802383184433,855000,,,,,,,
-323.57874,0.0020019028,0.0028693087,323.58075,-323.58075,0.6567861,0.021330744,90000.0,900.0,20,9000.0,2.4699283,1914.8687,323.59033,-31.701506,656.60187,-650.98785,28689.896,0.0003951845,0.014009736,0.014009736,1.4737181e-05,0.0003,-195.02118,0.0038729536056518556,3585.1671566963196,860000,,,,,,,
-297.8293,0.0029472467,0.003988718,297.83228,-297.83228,1.4627749,0.020465774,90000.0,900.0,20,9000.0,2.4231017,1895.8213,297.80444,-29.1577,592.34875,-638.8238,30676.602,0.0004422848,0.02993682,0.02993682,1.4410394e-05,0.0003,-25.974823,0.003737975263595581,3603.8570380210876,865000,,,,,,,
-367.8182,0.0022385211,0.00396179,367.82043,-367.82043,1.5538124,0.019634372,90000.0,900.0,20,9000.0,1.5724825,1981.3419,367.60693,-33.214092,981.7535,-956.0848,38762.285,0.0006257494,0.03050813,0.03050813,1.4094706e-05,0.0003,-91.67255,0.003869647741317749,3623.2052817344666,870000,,,,,,,
-295.33524,0.0022139368,0.003847547,295.33746,-295.33746,1.6925107,0.019824808,90000.0,900.0,20,9000.0,2.7013938,1997.2714,295.2024,-28.500816,1250.3572,-1370.7444,40023.43,0.0004244619,0.0335537,0.0335537,1.37902e-05,0.0003,9.349457,0.0039247962474823,3642.829267501831,875000,,,,,,,
-365.54056,0.0016269825,0.0033059574,365.54218,-365.54218,1.0460178,0.019492978,90000.0,900.0,20,9000.0,1.9613867,1998.0815,365.43335,-31.901875,593.81244,-681.3608,32207.246,0.000506265,0.020390002,0.020390002,1.3496962e-05,0.0003,-180.06914,0.00390957350730896,3662.3771398067474,880000,,,,,,,
-324.44495,0.0028469046,0.0036438112,324.44778,-324.44778,0.7413249,0.02046459,90000.0,900.0,20,9000.0,3.443788,1998.0623,324.32285,-33.763157,574.3606,-557.3837,25913.65,0.00050414423,0.015170909,0.015170909,1.3215067e-05,0.0003,-184.46297,0.003908348083496094,3681.9188849925995,885000,,,,,,,
-352.5906,0.0022196895,0.003646507,352.59283,-352.59283,1.3318555,0.020124696,90000.0,900.0,20,9000.0,2.264396,1993.9974,352.36987,-34.02737,722.9837,-799.246,31262.078,0.00035016838,0.026803188,0.026803188,1.2944596e-05,0.0003,-109.0975,0.0038436768531799315,3701.137273788452,890000,,,,,,,
-322.69318,0.0025663944,0.0028778573,322.69574,-322.69574,0.7739909,0.020671183,90000.0,900.0,20,9000.0,2.082603,1972.2253,322.5277,-28.853767,697.9061,-519.6183,27480.268,0.00027584852,0.015999308,0.015999308,1.26856285e-05,0.0003,-176.61679,0.00391538143157959,3720.714186191559,895000,,,,,,,
-327.55685,0.0025839119,0.003410417,327.55945,-327.55945,1.249331,0.020685649,90000.0,900.0,20,9000.0,2.492866,1996.8196,327.41586,-28.25346,823.45667,-647.8355,32899.184,0.0004011205,0.025843222,0.025843222,1.2438221e-05,0.0003,-92.475006,0.0039067195892333985,3740.247799873352,900000,,,,,,,
-326.07608,0.0026168474,0.0030716485,326.0787,-326.0787,0.99331546,0.021596411,90000.0,900.0,20,9000.0,1.901602,1984.8525,326.039,-28.357828,552.0918,-601.8177,31991.824,0.00020587821,0.021452049,0.021452049,1.22024585e-05,0.0003,-131.10603,0.008114034557342529,3780.8179779052734,905000,,,,,,,
-309.31845,0.0023871213,0.003918032,309.32083,-309.32083,1.2550751,0.021567596,90000.0,900.0,20,9000.0,3.2229404,1987.5542,308.9005,-28.69276,731.1991,-1114.6359,36442.16,0.0007748203,0.027068954,0.027068954,1.1978389e-05,0.0003,-62.47493,0.003700084924697876,3799.3184082508087,910000,,,,,,,
-299.9739,0.0028875873,0.003786531,299.9768,-299.9768,1.62917,0.021019503,90000.0,900.0,20,9000.0,1.7407761,1875.8276,299.8026,-28.715132,1113.7063,-1043.4757,33365.863,0.00071653235,0.034244344,0.034244344,1.1766084e-05,0.0003,9.965973,0.0038189166069030763,3818.412996530533,915000,,,,,,,
-367.57355,0.002048055,0.0033324352,367.5756,-367.5756,1.0299766,0.021485562,90000.0,900.0,20,9000.0,1.6494188,1989.5005,367.45673,-30.752516,1533.5647,-1875.0228,38397.4,0.00031601675,0.022129625,0.022129625,1.1565597e-05,0.0003,-166.7575,0.00377752161026001,3837.3006093502045,920000,,,,,,,
-316.10202,0.0025407965,0.003049405,316.10455,-316.10455,1.2364138,0.021265713,90000.0,900.0,20,9000.0,2.2756376,1980.3318,315.9541,-28.804752,1436.748,-926.25116,38689.367,0.0004852001,0.026293222,0.026293222,1.1376989e-05,0.0003,-77.18739,0.0037779690742492677,3856.1904594898224,925000,,,,,,,
-333.66437,0.0025654319,0.0037175547,333.66693,-333.66693,0.6589305,0.021409297,90000.0,900.0,20,9000.0,2.0840907,1968.6693,333.53342,-28.455921,441.3709,-443.0077,25067.793,0.00069546874,0.0141072385,0.0141072385,1.1200302e-05,0.0003,-204.61514,0.003811581468582153,3875.2483716011047,930000,,,,,,,
-357.75723,0.0024799574,0.0035047263,357.7597,-357.7597,1.2091814,0.020432478,90000.0,900.0,20,9000.0,1.6719985,1991.5564,357.61932,-28.841715,627.1125,-728.6343,31658.832,0.00037782325,0.02470657,0.02470657,1.103559e-05,0.0003,-133.7261,0.003730309295654297,3893.899922609329,935000,,,,,,,
-297.10342,0.0022890423,0.0033633157,297.1057,-297.1057,1.4316754,0.01975278,90000.0,900.0,20,9000.0,1.4119853,1958.6265,296.93475,-29.622034,715.42596,-410.64264,30779.068,0.0005226928,0.028279569,0.028279569,1.0882903e-05,0.0003,-41.17531,0.0038067448139190675,3912.9336519241333,940000,,,,,,,
-353.23795,0.0022802944,0.0037740185,353.24023,-353.24023,1.4528083,0.020209402,90000.0,900.0,20,9000.0,1.6565738,2002.4126,352.9972,-27.969118,988.897,-903.5548,35735.562,0.0004099326,0.029360387,0.029360387,1.0742272e-05,0.0003,-87.33786,0.003804780578613281,3931.9575595855713,945000,,,,,,,
-354.33624,0.0019386531,0.0030251986,354.3382,-354.3382,0.7991341,0.020690618,90000.0,900.0,20,9000.0,2.8822584,1994.3893,354.11377,-28.229057,1173.1875,-967.78735,33699.477,0.00028306758,0.016534578,0.016534578,1.061374e-05,0.0003,-202.64278,0.003808007001876831,3950.9976024627686,950000,,,,,,,
-341.2789,0.0020487988,0.003134173,341.28094,-341.28094,0.67129797,0.02092501,90000.0,900.0,20,9000.0,1.1545167,1973.9095,341.1787,-28.246056,613.7593,-583.84283,31246.227,0.0003928597,0.014046916,0.014046916,1.0497346e-05,0.0003,-213.70215,0.003760927963256836,3969.8022468090057,955000,,,,,,,
-343.1945,0.0023011526,0.0034887998,343.19678,-343.19678,1.316353,0.020603104,90000.0,900.0,20,9000.0,1.4636314,1963.423,343.17194,-28.344824,451.91553,-578.3113,28557.947,0.0005667305,0.027120955,0.027120955,1.0393118e-05,0.0003,-97.64227,0.003808069896697998,3988.842601299286,960000,,,,,,,
-366.9265,0.0020134721,0.0031735853,366.92853,-366.92853,0.7256927,0.020951185,90000.0,900.0,20,9000.0,1.8185986,1968.708,366.67865,-28.528818,636.73065,-896.0695,29347.059,0.00045977655,0.015204122,0.015204122,1.0301083e-05,0.0003,-228.27081,0.00382214560508728,4007.9533336162567,965000,,,,,,,
-281.8754,0.0021847985,0.0028369355,281.8776,-281.8776,1.0080248,0.021038407,90000.0,900.0,20,9000.0,1.4457018,1854.3909,281.8058,-28.457607,461.2959,-416.87885,30155.066,0.0003848108,0.021207236,0.021207236,1.0221269e-05,0.0003,-89.56456,0.0038386911392211914,4027.1467938423157,970000,,,,,,,
-311.88336,0.0022070063,0.0040437574,311.88556,-311.88556,1.1661483,0.021124383,90000.0,900.0,20,9000.0,1.9988058,1983.3563,311.8969,-33.124584,949.4713,-818.54254,33313.133,0.00040109956,0.024634162,0.024634162,1.0153698e-05,0.0003,-88.17709,0.003857297420501709,4046.433285474777,975000,,,,,,,
-298.5789,0.0021139667,0.0040845983,298.581,-298.581,1.2717301,0.02170761,90000.0,900.0,20,9000.0,3.3653004,1990.7146,298.43744,-34.334206,674.2036,-673.38275,37858.07,0.000522265,0.027606219,0.027606219,1.0098386e-05,0.0003,-46.757614,0.0037911366939544677,4065.3889734745026,980000,,,,,,,
-322.56677,0.0018442452,0.0022507661,322.5686,-322.5686,0.80820864,0.021711899,90000.0,900.0,20,9000.0,1.9816573,1916.2805,322.40683,-29.219187,586.37506,-633.46423,27006.766,0.00017017416,0.017547745,0.017547745,1.005535e-05,0.0003,-162.65541,0.003855959701538086,4084.6687762737274,985000,,,,,,,
-302.4171,0.0018981999,0.003061745,302.419,-302.419,0.7755121,0.021430783,90000.0,900.0,20,9000.0,2.5445633,1924.1256,302.2257,-29.163557,605.6696,-711.60187,28312.234,0.00023924807,0.016619831,0.016619831,1.0024603e-05,0.0003,-150.29408,0.0038666704177856446,4104.002133131027,990000,,,,,,,
-333.75247,0.0019809746,0.0025657497,333.75446,-333.75446,0.82098037,0.021300176,90000.0,900.0,20,9000.0,2.1540108,1983.4899,333.60553,-28.836998,682.87134,-612.91693,32755.0,0.00023143728,0.017487027,0.017487027,1.000615e-05,0.0003,-174.21521,0.003846729040145874,4123.235783338547,995000,,,,,,,
-288.11652,0.002014157,0.0035401415,288.11853,-288.11853,1.22587,0.021603374,90000.0,900.0,20,9000.0,2.019752,1944.6167,288.03348,-28.55295,758.83435,-1052.0963,34306.707,0.0004538974,0.026482929,0.026482929,1e-05,0.0003,-47.750412,0.0037552937984466554,4142.012257099152,1000000,,,,,,,
-333.7298,0.0026897148,0.003303525,333.73248,-333.73248,0.8491707,0.021287316,90000.0,900.0,20,9000.0,3.4271946,1968.8678,333.72043,-29.445362,755.88245,-581.60565,29245.098,0.00024946814,0.018076565,0.018076565,1e-05,0.0003,-167.61353,0.010714888286590576,4195.586703538895,1005000,0.0,5000.0,-0.28453852400650925,-57.05170639506604,200.0,1.1723310947418213,-0.018347236102448837
-414.53705,0.0021922523,0.0030755098,414.53925,-414.53925,0.9397109,0.021206839,90000.0,900.0,20,9000.0,1.9421365,1975.3214,414.2057,-28.14128,1262.3815,-1080.5078,30245.463,0.0005354848,0.019928299,0.019928299,1e-05,0.0003,-233.24022,0.006282101821899414,4226.997217416763,1010000,0.0,10000.0,-0.2952607067901854,-54.78560514912907,200.0,1.1972012519836426,0.05880761134769062
-349.82047,0.0024547533,0.0031508962,349.8229,-349.8229,0.848983,0.021324178,90000.0,900.0,20,9000.0,1.5841079,1972.7765,349.723,-28.737919,917.37115,-830.06696,33840.113,0.00036989435,0.018103864,0.018103864,1e-05,0.0003,-185.30157,0.006131333255767822,4257.653888702393,1015000,0.0,15000.0,-0.2806701723031925,-59.08169788078838,200.0,1.1931750774383545,-0.08746316094773501
-310.0973,0.0020282497,0.003614253,310.0993,-310.0993,0.7669385,0.020957846,90000.0,900.0,20,9000.0,2.2725148,1966.7206,310.03455,-32.553776,732.17676,-741.76184,30370.455,0.0004304372,0.01607338,0.01607338,1e-05,0.0003,-163.16435,0.006300954103469848,4289.158663749695,1020000,0.0,20000.0,-0.3156072433085881,-60.949337179280725,200.0,1.2107200622558594,-0.15105141651461357
-286.62378,0.0021841405,0.0037388534,286.62598,-286.62598,0.96148837,0.019714296,90000.0,900.0,20,9000.0,1.4926431,1976.8658,286.63086,-29.018097,908.95416,-533.3831,34216.0,0.00020982818,0.018955067,0.018955067,1e-05,0.0003,-114.53554,0.006252026987075806,4320.418812513351,1025000,0.0,25000.0,-0.3027873806401887,-62.913579240206005,200.0,1.2257614135742188,-0.21792874462939305
-349.76498,0.0023597216,0.0035850578,349.76733,-349.76733,1.14781,0.020157924,90000.0,900.0,20,9000.0,1.4519205,1983.3148,349.7216,-28.166365,597.1581,-665.5304,32966.207,0.00026913692,0.023137465,0.023137465,1e-05,0.0003,-140.07587,0.006432562732696533,4352.581631422043,1030000,0.0,30000.0,-0.2785362864507372,-56.601130663862534,200.0,1.2620925903320312,-0.003006305564560356
-362.13306,0.002541861,0.0036959113,362.1356,-362.1356,1.1413355,0.020093447,90000.0,900.0,20,9000.0,1.7786582,1981.3192,362.1129,-30.77182,593.15265,-649.1311,28665.688,0.0003491442,0.022933364,0.022933364,1e-05,0.0003,-153.95413,0.0063712343692779545,4384.437807798386,1035000,0.0,35000.0,-0.29131329285877594,-58.88425811084626,200.0,1.2112159729003906,-0.0807408508312793
-284.58252,0.0025759528,0.0036375886,284.58508,-284.58508,0.724743,0.01922975,90000.0,900.0,20,9000.0,1.1917524,1966.097,284.5949,-31.79015,843.61285,-499.90393,29423.52,0.0006822164,0.013936627,0.013936627,1e-05,0.0003,-157.96114,0.006351172494888306,4416.193675279617,1040000,0.0,40000.0,-0.3059480603669418,-61.16845421102955,200.0,1.2260017395019531,-0.15851178095712004
-326.8291,0.002427721,0.0046003773,326.83154,-326.83154,1.6407664,0.018274631,90000.0,900.0,20,9000.0,0.93312204,1993.0016,326.80872,-28.315975,1018.83704,-1074.1766,34105.734,0.00088721875,0.029984402,0.029984402,1e-05,0.0003,-56.036346,0.006283505439758301,4447.611207485199,1045000,0.0,45000.0,-0.28350601856747426,-58.328806610765,200.0,1.231926441192627,-0.06182917341547119
-359.00385,0.0022872249,0.0040047816,359.00613,-359.00613,0.79893476,0.018507732,90000.0,900.0,20,9000.0,0.81596184,1991.5593,358.912,-28.15263,431.63864,-672.00806,26967.898,0.0003937137,0.014786471,0.014786471,1e-05,0.0003,-225.10966,0.006290406274795532,4479.063244104385,1050000,0.0,50000.0,-0.312924987857509,-56.01754563090486,200.0,1.192448616027832,0.016863245397809166
-326.13058,0.0021105104,0.0037019397,326.1327,-326.1327,1.003731,0.017791834,90000.0,900.0,20,9000.0,0.79791045,1988.3748,326.1101,-28.781452,639.5548,-699.5289,30051.238,0.00048506568,0.017858215,0.017858215,1e-05,0.0003,-164.60873,0.006162724351882935,4509.87687087059,1055000,0.0,55000.0,-0.3158920038994453,-58.75732507583662,200.0,1.1823163032531738,-0.07641911146940765
-284.46753,0.0024478992,0.0040159132,284.46997,-284.46997,1.0648016,0.018370239,90000.0,900.0,20,9000.0,0.620908,1982.0641,284.43005,-28.376247,535.1623,-556.2642,23717.752,0.00065858796,0.019560661,0.019560661,1e-05,0.0003,-107.800674,0.006190564680099487,4540.829699516296,1060000,0.0,60000.0,-0.2988965045171442,-61.31237432141129,200.0,1.1869430541992188,-0.16341188600821596
-307.51187,0.0024146768,0.0034780812,307.51428,-307.51428,1.2372351,0.01832133,90000.0,900.0,20,9000.0,0.52838355,1993.5974,307.5292,-28.640465,751.8201,-672.15857,31355.916,0.00042404802,0.022667792,0.022667792,1e-05,0.0003,-102.97336,0.006177079343795776,4571.715100765228,1065000,0.0,65000.0,-0.30234353145643694,-58.04947858557047,200.0,1.50657057762146,-0.052318781410227076
-275.40915,0.0021522213,0.004208892,275.41132,-275.41132,0.94687057,0.018289289,90000.0,900.0,20,9000.0,0.6316019,1850.808,275.40018,-29.505806,935.72363,-976.1787,27541.408,0.00042297953,0.01731759,0.01731759,1e-05,0.0003,-118.91925,0.006219484710693359,4602.812530040741,1070000,0.0,70000.0,-0.30640260110930073,-62.25046633776784,200.0,1.2355213165283203,-0.19535147676831757
-297.9091,0.0020997406,0.004452789,297.9112,-297.9112,1.2532054,0.018124849,90000.0,900.0,20,9000.0,0.94792366,1999.9097,297.92105,-28.003635,936.2629,-1184.3531,34589.086,0.00051309343,0.022714159,0.022714159,1e-05,0.0003,-92.53372,0.006318959093093872,4634.407331466675,1075000,0.0,75000.0,-0.3084962205552349,-59.6520324270513,200.0,1.1843407154083252,-0.10688156733683948
-295.46713,0.0022487873,0.0025925785,295.4694,-295.4694,0.8500109,0.018783463,90000.0,900.0,20,9000.0,0.42604628,1998.0267,295.42078,-27.9774,696.2013,-793.5269,31384.033,0.00031876532,0.015966147,0.015966147,1e-05,0.0003,-151.34575,0.0062326855182647705,4665.570764303207,1080000,0.0,80000.0,-0.2788623480288606,-55.50472050042863,200.0,1.2530908584594727,0.0343236059096942
-274.3186,0.002631917,0.004965785,274.32123,-274.32123,1.1731623,0.019803397,90000.0,900.0,20,9000.0,0.36259928,1985.3246,274.27228,-28.109398,971.29486,-1227.1476,34398.6,0.00078124023,0.023232602,0.023232602,1e-05,0.0003,-64.86258,0.0062535911560058595,4696.838725566864,1085000,0.0,85000.0,-0.26297376917641896,-55.84483080060646,200.0,1.1890285015106201,0.022743735692734263
-270.25684,0.002121219,0.0032938288,270.25897,-270.25897,0.9331525,0.019514201,90000.0,900.0,20,9000.0,0.43060514,1973.507,270.22272,-28.33485,1126.8488,-2065.5168,29796.105,0.00056641607,0.018209726,0.018209726,1e-05,0.0003,-105.938705,0.0061145740032196045,4727.411600351334,1090000,0.0,90000.0,-0.33228288418883883,-60.415701706624446,200.0,1.1708862781524658,-0.13288251803287143
-268.47513,0.002309846,0.0043996014,268.47745,-268.47745,1.1790583,0.020409243,90000.0,900.0,20,9000.0,0.31731617,1898.6122,268.46497,-27.777039,482.04324,-705.48334,31575.0,0.00053489895,0.024063686,0.024063686,1e-05,0.0003,-51.58464,0.006143122053146362,4758.127215623856,1095000,0.0,95000.0,-0.32104862099613146,-62.53489918659143,200.0,1.1972424983978271,-0.20503567472731876
-244.83476,0.0023832684,0.0032066174,244.83714,-244.83714,0.9885613,0.019951679,90000.0,900.0,20,9000.0,0.4440473,1985.7864,244.75986,-27.95953,1446.4493,-2312.776,39252.4,0.000385888,0.019723456,0.019723456,1e-05,0.0003,-66.87961,0.006145237493515015,4788.853408336639,1100000,0.0,100000.0,-0.33264734696135884,-60.242560172612905,200.0,1.177044153213501,-0.12698749958747088
-330.71585,0.0021086007,0.0042672637,330.71796,-330.71796,1.425639,0.020768417,90000.0,900.0,20,9000.0,0.3222806,1990.1674,330.69403,-28.339842,950.1766,-1008.1995,34730.848,0.00069008453,0.029608266,0.029608266,1e-05,0.0003,-63.91919,0.010699081754684448,4842.348822593689,1105000,0.0,105000.0,-0.30852187550670795,-60.57668993104049,200.0,1.1911122798919678,-0.13836374792864908
-261.13657,0.0021267668,0.0050201165,261.1387,-261.1387,1.9274036,0.020137623,90000.0,900.0,20,9000.0,0.48047227,1925.2021,261.15863,-30.969667,1756.3887,-1937.5328,47723.08,0.0005795711,0.038813327,0.038813327,1e-05,0.0003,88.66385,0.006390359401702881,4874.300625085831,1110000,0.0,110000.0,-0.29917936720982274,-61.91144951000848,200.0,1.1823675632476807,-0.18380883644026447
-251.9205,0.0023358345,0.004469633,251.92284,-251.92284,1.3544909,0.021433366,90000.0,900.0,20,9000.0,0.33460256,1995.6063,251.92068,-28.980728,1671.541,-1564.5881,42246.707,0.00032233036,0.029031299,0.029031299,1e-05,0.0003,9.6957855,0.006274617433547973,4905.673717021942,1115000,0.0,115000.0,-0.3442522950717256,-57.9573046396878,200.0,1.181288480758667,-0.049180498535088206
-265.4109,0.002407438,0.0043420997,265.4133,-265.4133,1.1778629,0.021885699,90000.0,900.0,20,9000.0,0.35530415,1996.312,265.37436,-31.209496,451.7092,-487.6527,26535.377,0.00047882882,0.025778351,0.025778351,1e-05,0.0003,-33.050415,0.006232505655288696,4936.836250782013,1120000,0.0,120000.0,-0.2880644947555493,-59.69278079915891,200.0,1.230818748474121,-0.10826894331549045
-290.68356,0.0019907495,0.0048050457,290.68555,-290.68555,1.135995,0.021774314,90000.0,900.0,20,9000.0,0.39450294,1995.5708,290.68347,-31.121977,1141.9526,-886.5962,33548.395,0.00049265235,0.024735514,0.024735514,1e-05,0.0003,-67.66943,0.00642538595199585,4968.963188409805,1125000,0.0,125000.0,-0.2754902165680367,-55.60917084835698,200.0,1.2644433975219727,0.030767343507484692
-291.78427,0.0019475393,0.0040263855,291.78622,-291.78622,0.94516736,0.022859741,90000.0,900.0,20,9000.0,0.39703232,1998.9756,291.78073,-28.726982,519.2232,-605.3286,28544.797,0.0005252387,0.021606281,0.021606281,1e-05,0.0003,-96.93071,0.006410842704772949,5001.01740694046,1130000,0.0,130000.0,-0.30424436849483305,-59.64850702898651,200.0,1.2295253276824951,-0.10676153671138619
-260.65735,0.002422363,0.0043314304,260.65976,-260.65976,1.2778153,0.022545032,90000.0,900.0,20,9000.0,0.42007154,2000.1901,260.6905,-30.884811,827.47736,-634.31287,30570.422,0.00059329247,0.028808387,0.028808387,1e-05,0.0003,-0.961792,0.006430415534973145,5033.169489622116,1135000,0.0,135000.0,-0.27413535587807497,-55.78943560415272,200.0,1.5661606788635254,0.024629797906204093
-246.3885,0.001996934,0.004337884,246.3905,-246.3905,1.0042067,0.023893993,90000.0,900.0,20,9000.0,0.26377395,1990.8624,246.42354,-30.658058,744.11017,-681.5493,33569.777,0.00052758044,0.023994505,0.023994505,1e-05,0.0003,-30.17418,0.006371744728088379,5065.028218269348,1140000,0.0,140000.0,-0.2662445547142494,-57.32692643434309,200.0,1.237161636352539,-0.027717761882669393
-257.85495,0.0022284663,0.0032843302,257.85718,-257.85718,0.64003825,0.024246922,90000.0,900.0,20,9000.0,0.40752694,1974.3497,257.8358,-30.324318,1186.2625,-743.58563,26463.39,0.0005413664,0.015518958,0.015518958,1e-05,0.0003,-117.776794,0.006507098197937012,5097.563714265823,1145000,0.0,145000.0,-0.3133365760485996,-60.082033681620636,200.0,1.2420055866241455,-0.12152199051261327
-271.73117,0.0025451763,0.0050826687,271.7337,-271.7337,1.2075875,0.025115812,90000.0,900.0,20,9000.0,0.31220126,1990.9547,271.71997,-28.720558,1360.4863,-1281.316,44870.246,0.0004389613,0.03032954,0.03032954,1e-05,0.0003,1.546875,0.006406947374343872,5129.598456144333,1150000,0.0,150000.0,-0.3321172463589567,-62.70816126821114,200.0,1.2241737842559814,-0.2109347975049222
-262.51135,0.0022232556,0.0045370185,262.51358,-262.51358,1.0267613,0.02447284,90000.0,900.0,20,9000.0,21.514894,1978.5208,262.51733,-27.861412,533.79333,-491.0838,26570.521,0.00066698197,0.025127763,0.025127763,1e-05,0.0003,-14.846588,0.0062253975868225096,5160.725449323654,1155000,0.0,155000.0,-0.3245588691378422,-61.16415687026876,200.0,1.195845365524292,-0.1583654676926822
-258.61563,0.0026305323,0.0053706993,258.61826,-258.61826,1.2982658,0.024117561,90000.0,900.0,20,9000.0,0.50827193,1963.7158,258.55524,-28.10056,640.4207,-549.8459,32182.91,0.001459223,0.031311005,0.031311005,1e-05,0.0003,23.69168,0.006188981676101685,5191.670362949371,1160000,0.0,160000.0,-0.27846382240004114,-59.75037641688344,200.0,1.1817371845245361,-0.11022992414425976
-240.5929,0.0025936952,0.004318616,240.59549,-240.59549,0.8450937,0.024648985,90000.0,900.0,20,9000.0,0.6055745,1967.4299,240.6244,-28.072248,641.5998,-672.84607,30038.254,0.00059315393,0.020830702,0.020830702,1e-05,0.0003,-52.511,0.00621170015335083,5222.728872060776,1165000,0.0,165000.0,-0.2651327517942862,-56.31396198227785,200.0,1.187265157699585,0.006771040376998694
-256.13196,0.0017175486,0.003992351,256.13367,-256.13367,1.0225271,0.02433908,90000.0,900.0,20,9000.0,0.3797628,1946.85,256.12396,-28.20834,1790.0092,-1218.5065,54458.57,0.0002973416,0.024887368,0.024887368,1e-05,0.0003,-31.765884,0.00630813889503479,5254.26957154274,1170000,0.0,170000.0,-0.3409687542587098,-60.17179069694527,200.0,1.2218477725982666,-0.12457798319492114
-257.97525,0.0019776742,0.0037386648,257.97723,-257.97723,0.92092353,0.024921032,90000.0,900.0,20,9000.0,0.59181195,1972.1987,257.9728,-28.253847,597.74194,-486.39883,28748.098,0.00044571748,0.022950364,0.022950364,1e-05,0.0003,-50.83017,0.006298084211349487,5285.759997367859,1175000,0.0,175000.0,-0.27539616407136325,-55.08709338237373,200.0,1.2331442832946777,0.04854272195419575
-303.24326,0.002118719,0.004201717,303.24536,-303.24536,1.177588,0.023772223,90000.0,900.0,20,9000.0,0.54429966,1975.6049,303.26294,-28.204357,499.85657,-617.9119,34345.21,0.0006863848,0.027993884,0.027993884,1e-05,0.0003,-50.753983,0.0062101284027099605,5316.810644388199,1180000,0.0,180000.0,-0.2957222857556439,-60.187805750104516,200.0,1.4797735214233398,-0.12512325405853447
-294.13635,0.0022095044,0.004407474,294.13855,-294.13855,1.2607939,0.024491493,90000.0,900.0,20,9000.0,0.88696575,1976.1793,294.19244,-28.284082,1939.054,-2608.474,48670.824,0.00039930164,0.030878725,0.030878725,1e-05,0.0003,-15.340881,0.006275524187088013,5348.188271045685,1185000,0.0,185000.0,-0.3140351131551711,-59.858250146128135,200.0,1.2032802104949951,-0.11390274376724653
-245.23547,0.0021231198,0.005141231,245.2376,-245.2376,1.1169257,0.025171606,90000.0,900.0,20,9000.0,1.2795079,1949.2911,245.2401,-29.972721,480.1617,-472.35895,35016.133,0.00080433366,0.028114812,0.028114812,1e-05,0.0003,9.077347,0.006268794965744019,5379.532250881195,1190000,0.0,190000.0,-0.27300273963471255,-55.21218543398413,200.0,1.2292859554290771,0.04428366328392221
-268.02884,0.0019503876,0.004614564,268.0308,-268.0308,1.0038667,0.025660092,90000.0,900.0,20,9000.0,0.7434803,1926.1755,268.09973,-30.870373,430.90573,-536.27,29647.596,0.0006310737,0.025759311,0.025759311,1e-05,0.0003,-35.45157,0.006338780736923217,5411.226159572601,1195000,0.0,195000.0,-0.26638600823610076,-55.14998572653447,200.0,1.2342758178710938,0.04640140138072024
-229.30664,0.0022868265,0.0063264724,229.30893,-229.30893,1.6043123,0.02590834,90000.0,900.0,20,9000.0,1.109443,1824.4484,229.36586,-29.767834,745.28766,-1236.0227,31652.688,0.00043518964,0.041565068,0.041565068,1e-05,0.0003,145.8884,0.0063767510414123535,5443.109919548035,1200000,0.0,200000.0,-0.2913168496615785,-59.15277770105201,200.0,1.5358774662017822,-0.08988324376577164
-257.2571,0.0025655855,0.0046156775,257.25967,-257.25967,1.0000376,0.026868884,90000.0,900.0,20,9000.0,0.93788135,1936.7004,257.24658,-28.638346,651.5438,-706.9262,34111.1,0.0007704401,0.026869893,0.026869893,1e-05,0.0003,-14.490204,0.010800489711761474,5497.112373590469,1205000,0.0,205000.0,-0.29554586458333554,-61.14643255680961,200.0,1.2495112419128418,-0.1577620009660514
-262.06534,0.001918504,0.004244908,262.06726,-262.06726,0.87732387,0.026755879,90000.0,900.0,20,9000.0,0.40644026,1973.7501,262.03326,-28.375523,1017.6219,-867.6063,35895.805,0.0003853232,0.02347357,0.02347357,1e-05,0.0003,-50.396774,0.006163527297973633,5527.930015802383,1210000,0.0,210000.0,-0.3217736870483091,-62.088820818412735,200.0,1.204897165298462,-0.18984786769118436
-218.84726,0.0019300453,0.0043974956,218.84918,-218.84918,1.3285503,0.026565427,90000.0,900.0,20,9000.0,0.41658878,1973.2162,218.897,-27.927582,599.2156,-687.16046,32009.693,0.0003743581,0.03529351,0.03529351,1e-05,0.0003,99.21091,0.0064295085906982425,5560.0775644779205,1215000,0.0,215000.0,-0.32842657682528126,-58.26683289485575,200.0,1.212223768234253,-0.059719129742237545
-270.13208,0.0022387505,0.0055192793,270.1343,-270.1343,1.1088206,0.028379573,90000.0,900.0,20,9000.0,0.43122602,1963.2222,270.09607,-28.031477,1172.1558,-768.31506,38953.637,0.0007858476,0.03146785,0.03146785,1e-05,0.0003,13.509796,0.006347857856750488,5591.816859006882,1220000,0.0,220000.0,-0.32579000282357945,-56.80420103271464,200.0,1.233537197113037,-0.00992032291419087
-320.00235,0.0023961845,0.004629685,320.00476,-320.00476,0.89573586,0.028602311,90000.0,900.0,20,9000.0,0.36336017,1969.8225,320.01846,-29.063332,715.8343,-699.1627,32823.297,0.00079721544,0.025620114,0.025620114,1e-05,0.0003,-89.05795,0.006372364664077759,5623.678687095642,1225000,0.0,225000.0,-0.27244960824987663,-55.3428938832177,200.0,1.593033790588379,0.039833380897315834
-214.08469,0.0021713143,0.0048899837,214.08685,-214.08685,1.1349996,0.028129313,90000.0,900.0,20,9000.0,0.2943024,1969.7911,214.10425,-28.314375,727.31964,-668.5197,31614.004,0.00069551397,0.03192676,0.03192676,1e-05,0.0003,73.55043,0.006238251161575318,5654.869948148727,1230000,0.0,230000.0,-0.3250913486582906,-60.51907548432551,200.0,1.1729860305786133,-0.13640212602177773
-241.685,0.0022625849,0.004375033,241.68726,-241.68726,1.0217105,0.02791875,90000.0,900.0,20,9000.0,0.23366317,1963.3113,241.66222,-28.122883,627.2014,-470.8897,28248.742,0.00055739604,0.02852488,0.02852488,1e-05,0.0003,15.272568,0.006219424867630005,5685.967077970505,1235000,0.0,235000.0,-0.32673586460221765,-59.250307044262996,200.0,1.2276241779327393,-0.09320386397673872
-269.5338,0.0021231906,0.0044030705,269.53595,-269.53595,0.54602027,0.028737409,90000.0,900.0,20,9000.0,0.22963086,1971.2777,269.50174,-28.224737,1054.9442,-1059.6827,31128.744,0.00049389194,0.015691208,0.015691208,1e-05,0.0003,-128.0833,0.006395015954971313,5717.942163228989,1240000,0.0,240000.0,-0.2585414542989263,-55.772410199648014,200.0,1.2155580520629883,0.02520946860260075
-244.07076,0.0019623358,0.004037454,244.07272,-244.07272,0.99683833,0.027862057,90000.0,900.0,20,9000.0,0.25835842,1974.8143,244.08276,-28.148542,472.0682,-650.0012,32213.238,0.00052969746,0.027773965,0.027773965,1e-05,0.0003,6.15329,0.006387325429916382,5749.878795862198,1245000,0.0,245000.0,-0.3021385068245884,-56.616300379485054,200.0,1.239013671875,-0.003522794885951451
-251.11588,0.0021617035,0.0049585905,251.11804,-251.11804,1.1190411,0.02798883,90000.0,900.0,20,9000.0,0.24872214,1976.2948,251.10736,-28.114613,392.30518,-727.6234,30788.273,0.0005029483,0.03132065,0.03132065,1e-05,0.0003,31.018707,0.0062747376918792725,5781.25249004364,1250000,0.0,250000.0,-0.30364710196988187,-58.05348088666671,200.0,1.2145750522613525,-0.05245504934224636
-200.53685,0.0026183538,0.0043590474,200.53947,-200.53947,0.76678884,0.028888151,90000.0,900.0,20,9000.0,0.22325405,1960.4658,200.55254,-30.617823,813.95154,-1908.5413,33984.023,0.0004886506,0.022151113,0.022151113,1e-05,0.0003,-0.95358276,0.006343930530548096,5812.972147703171,1255000,0.0,255000.0,-0.3016799125751869,-59.16427908140428,200.0,1.2089765071868896,-0.09027483582201211
-269.68817,0.0020672777,0.0047750594,269.69025,-269.69025,0.7792127,0.027920758,90000.0,900.0,20,9000.0,0.29038757,1968.1986,269.68127,-30.124786,695.69275,-798.0695,28583.93,0.0006104728,0.02175621,0.02175621,1e-05,0.0003,-73.59192,0.006357638931274414,5844.760347604752,1260000,0.0,260000.0,-0.30038518792319624,-62.4714246776262,200.0,1.230546236038208,-0.20287453295796246
-256.28775,0.0022279937,0.0048147324,256.28998,-256.28998,0.93048084,0.028216455,90000.0,900.0,20,9000.0,0.19036518,1966.4948,256.26254,-28.19614,873.5338,-732.6891,25002.508,0.00070154783,0.026254872,0.026254872,1e-05,0.0003,-19.803528,0.006333907222747803,5876.429888725281,1265000,0.0,265000.0,-0.3416839780007296,-60.18484462280041,200.0,1.2361185550689697,-0.1250224353833591
-291.68408,0.0021983082,0.0044526113,291.68628,-291.68628,1.021852,0.028937805,90000.0,900.0,20,9000.0,0.19843724,1966.0377,291.6386,-28.235964,1065.3156,-1003.3602,35282.4,0.0008212693,0.029570155,0.029570155,1e-05,0.0003,-25.354248,0.006276107740402222,5907.810432434082,1270000,0.0,270000.0,-0.3355869130357301,-60.127423741087476,200.0,1.215470314025879,-0.12306740386084554
-274.95935,0.0018888836,0.005165656,274.96124,-274.96124,1.0206465,0.029861704,90000.0,900.0,20,9000.0,0.24534309,1968.4816,274.95093,-30.523174,807.58875,-680.2752,30649.066,0.0007735157,0.030478239,0.030478239,1e-05,0.0003,-0.4098816,0.006384710216522217,5939.733988523483,1275000,0.0,275000.0,-0.29017956993991256,-60.37365007492903,200.0,1.213630199432373,-0.13145076945839515
-269.5616,0.0020335566,0.004341588,269.56366,-269.56366,0.9272087,0.029771188,90000.0,900.0,20,9000.0,0.27262318,1965.4463,269.54666,-28.06421,2114.473,-2262.707,59366.562,0.0006472297,0.027604105,0.027604105,1e-05,0.0003,-20.85205,0.006291885042190552,5971.1934196949005,1280000,0.0,280000.0,-0.3235874363833174,-59.33094970404251,200.0,1.1686079502105713,-0.09594953658268146
-269.38165,0.0020768086,0.0055363853,269.38373,-269.38373,0.85831183,0.030530406,90000.0,900.0,20,9000.0,0.27027705,1973.4563,269.37048,-28.019798,1155.7499,-709.10455,32961.4,0.0006135562,0.026204607,0.026204607,1e-05,0.0003,-33.269928,0.0063839888095855715,6003.113368272781,1285000,0.0,285000.0,-0.35037683252139307,-59.67374672447948,200.0,1.2611496448516846,-0.10762088262937625
-256.70322,0.0018345935,0.0046223,256.70505,-256.70505,1.1569202,0.030824488,90000.0,900.0,20,9000.0,0.43897235,1971.158,256.65845,-28.891182,2324.7932,-2429.2295,39563.78,0.0007165128,0.035661474,0.035661474,1e-05,0.0003,64.689026,0.006346010255813599,6034.843425273895,1290000,0.0,290000.0,-0.2798809346922275,-56.02197835581711,200.0,1.2529854774475098,0.016712322655497366
-263.19812,0.0020674414,0.004590884,263.2002,-263.2002,0.7461659,0.030622084,90000.0,900.0,20,9000.0,0.23018235,1931.9109,263.2027,-28.112087,737.00256,-660.6749,30576.215,0.00053879875,0.022849154,0.022849154,1e-05,0.0003,-57.325546,0.006390798425674439,6066.797422170639,1295000,0.0,295000.0,-0.3329567916764026,-63.43642931371978,200.0,1.217468023300171,-0.23573042835097346
-259.72797,0.0019297742,0.0055502686,259.7299,-259.7299,1.040579,0.030526081,90000.0,900.0,20,9000.0,0.19344819,1985.8348,259.7325,-29.625275,1700.7524,-811.5083,38565.33,0.0005865644,0.031764798,0.031764798,1e-05,0.0003,26.348663,0.006291152381896973,6098.253190040588,1300000,0.0,300000.0,-0.2601949156461914,-54.72587640110114,200.0,1.221766710281372,0.06084121970951704
-219.38382,0.0020990518,0.004815551,219.38593,-219.38593,0.9612592,0.029464478,90000.0,900.0,20,9000.0,0.20521823,1984.7797,219.37396,-30.831614,842.85516,-566.8766,33477.527,0.000564141,0.028323002,0.028323002,1e-05,0.0003,35.72841,0.010747106075286865,6151.98872590065,1305000,0.0,305000.0,-0.28464428025337013,-56.85698274346623,200.0,1.2064852714538574,-0.011717402743919723
-253.04922,0.0019036313,0.004758044,253.05113,-253.05113,0.9481448,0.029321617,90000.0,900.0,20,9000.0,0.25802988,1975.9103,253.04303,-28.046377,586.0571,-675.81287,28456.17,0.00026071206,0.02780114,0.02780114,1e-05,0.0003,-2.5809479,0.006212565755844116,6183.0515604019165,1310000,0.0,310000.0,-0.3167234608765848,-61.287977683550196,200.0,1.4931669235229492,-0.162581244007624
-225.34271,0.0021644533,0.007066686,225.34488,-225.34488,0.89343274,0.028893406,90000.0,900.0,20,9000.0,0.21362668,1985.2379,225.35457,-31.093716,736.003,-441.05554,24733.266,0.00080759614,0.025814313,0.025814313,1e-05,0.0003,7.1997375,0.006206050777435303,6214.081819295883,1315000,0.0,315000.0,-0.2981109135242642,-55.28995010263548,200.0,1.1945528984069824,0.041635978782815754
-263.42242,0.0019365494,0.0055275615,263.42435,-263.42435,0.7961862,0.029342508,90000.0,900.0,20,9000.0,0.28781974,1979.1045,263.42297,-29.593504,1278.6532,-1413.872,43297.617,0.000705132,0.0233621,0.0233621,1e-05,0.0003,-52.875717,0.006262498140335083,6245.394314527512,1320000,0.0,320000.0,-0.28207143162243614,-57.08264407263437,200.0,1.212528944015503,-0.019400583474957468
-196.40242,0.0019531243,0.005155189,196.40437,-196.40437,1.1670042,0.028394926,90000.0,900.0,20,9000.0,0.25081214,1985.2225,196.39499,-30.534092,1022.6562,-1221.837,35431.477,0.0008845507,0.033136997,0.033136997,1e-05,0.0003,102.08136,0.006249595546722412,6276.642297267914,1325000,0.0,325000.0,-0.3184016332777957,-61.263777542460645,200.0,1.2032670974731445,-0.1617572922105082
-222.31564,0.001911907,0.005335272,222.31755,-222.31755,0.931907,0.027481413,90000.0,900.0,20,9000.0,0.2503431,1988.425,222.31631,-29.95679,399.16168,-433.1777,25734.953,0.00088516064,0.02561012,0.02561012,1e-05,0.0003,8.425766,0.006326195096969605,6308.273277521133,1330000,0.0,330000.0,-0.25760518516125114,-56.04776851691202,200.0,1.570129156112671,0.015834234816942034
-250.01608,0.0019451876,0.004442095,250.01802,-250.01802,0.7944487,0.027569918,90000.0,900.0,20,9000.0,0.19902804,1992.9053,250.02673,-30.54027,745.5997,-701.09064,31762.508,0.00059767003,0.021902885,0.021902885,1e-05,0.0003,-52.691086,0.006306935501098633,6339.807960510254,1335000,0.0,335000.0,-0.3077294402884453,-60.88913698299721,200.0,1.213881015777588,-0.14900175656713724
-236.62654,0.0026015618,0.0055027297,236.62914,-236.62914,0.8457762,0.026850313,90000.0,900.0,20,9000.0,0.2818944,1989.7877,236.61401,-29.554092,668.05444,-815.85077,33942.484,0.000850857,0.022709355,0.022709355,1e-05,0.0003,-31.960464,0.0063519423007965085,6371.567677497864,1340000,0.0,340000.0,-0.2996751608614225,-61.55432430954759,200.0,1.2432787418365479,-0.17164965316830622
-220.41174,0.0024064358,0.0061311075,220.41415,-220.41415,1.4827535,0.027722782,90000.0,900.0,20,9000.0,0.31697553,1964.6769,220.41563,-29.182945,503.2912,-452.99915,31685.258,0.00056055904,0.041106053,0.041106053,1e-05,0.0003,149.8597,0.006333268928527832,6403.234027147293,1345000,0.0,345000.0,-0.332008351135555,-59.05295767596343,200.0,1.2095749378204346,-0.08648463180084405
-207.32275,0.00209019,0.006082847,207.32484,-207.32484,1.110858,0.02678263,90000.0,900.0,20,9000.0,0.32071334,1985.4878,207.32596,-30.486538,483.13687,-769.44336,29668.584,0.0005621221,0.0297517,0.0297517,1e-05,0.0003,60.763245,0.006323146343231201,6434.849763870239,1350000,0.0,350000.0,-0.3123772603782998,-55.775584304457475,200.0,1.2483210563659668,0.02510139859787181
-183.05075,0.0022312766,0.0047350037,183.05298,-183.05298,0.8727494,0.026633406,90000.0,900.0,20,9000.0,0.24544986,1936.8118,183.0445,-29.562956,878.3716,-573.9773,33427.848,0.00044157845,0.023244288,0.023244288,1e-05,0.0003,26.393295,0.006370033264160156,6466.6999361515045,1355000,0.0,355000.0,-0.2795295843881324,-59.63393306852893,200.0,1.2437653541564941,-0.10626533130226573
-277.15186,0.0022645283,0.0049005942,277.1541,-277.1541,0.86957693,0.025268182,90000.0,900.0,20,9000.0,0.28482467,1982.3385,277.14346,-28.333288,809.193,-882.55096,34108.47,0.00077307556,0.021972628,0.021972628,1e-05,0.0003,-79.11337,0.006547871971130371,6499.439300775528,1360000,0.0,360000.0,-0.2789279363885669,-53.51477808784612,200.0,1.283073902130127,0.10207596408550214
-235.93779,0.0025629825,0.0066096284,235.94035,-235.94035,1.6722692,0.025675833,90000.0,900.0,20,9000.0,0.29166684,1968.5598,235.93086,-28.878866,848.7273,-752.703,38131.977,0.00084436795,0.042936906,0.042936906,1e-05,0.0003,150.78604,0.006441763496398926,6531.648123264313,1365000,0.0,365000.0,-0.2773342891713271,-56.92769349396808,200.0,1.2517151832580566,-0.014124919697470045
-200.6192,0.0018130897,0.0062198946,200.62102,-200.62102,1.0592906,0.026026953,90000.0,900.0,20,9000.0,0.34658486,1979.9537,200.64703,-27.867891,490.16397,-402.9593,24533.846,0.0007338991,0.02757011,0.02757011,1e-05,0.0003,47.858368,0.00644590425491333,6563.877650022507,1370000,0.0,370000.0,-0.26003210290848544,-57.44239185999959,200.0,1.2206463813781738,-0.031649059002895275
-220.91527,0.0022033453,0.0051467344,220.91747,-220.91747,1.3148724,0.026194766,90000.0,900.0,20,9000.0,0.22833696,1981.5994,220.93286,-28.305468,769.9819,-756.2335,34813.9,0.00084197253,0.034442775,0.034442775,1e-05,0.0003,89.29805,0.006301494312286377,6595.385127067566,1375000,0.0,375000.0,-0.29565343291585683,-59.992437909749555,200.0,1.2219305038452148,-0.11847148775008882
-240.74048,0.0018865366,0.004711902,240.74237,-240.74237,1.2115219,0.027246946,90000.0,900.0,20,9000.0,0.21745232,1984.5537,240.73523,-30.129004,658.8209,-667.61194,30652.5,0.00052020035,0.033010274,0.033010274,1e-05,0.0003,56.569443,0.006300291585922241,6626.886590242386,1380000,0.0,380000.0,-0.26145561831459524,-55.966530941708555,200.0,1.2050273418426514,0.018600162744160976
-211.23349,0.0027323985,0.005744139,211.23622,-211.23622,0.8390362,0.02730077,90000.0,900.0,20,9000.0,0.22759365,1983.4908,211.2455,-31.179321,1512.8496,-1309.8541,29420.352,0.0006603839,0.022906337,0.022906337,1e-05,0.0003,-4.8488617,0.006257064914703369,6658.171919822693,1385000,0.0,385000.0,-0.2600344644466442,-53.253040348778015,200.0,1.2482914924621582,0.11098745264584405
-170.05527,0.002299516,0.0059066555,170.05757,-170.05757,1.2032827,0.027587054,90000.0,900.0,20,9000.0,0.5351395,1704.8567,170.04953,-30.616638,1065.3265,-1225.8743,29708.543,0.0006291056,0.033195026,0.033195026,1e-05,0.0003,129.23512,0.006255147790908813,6689.447663784027,1390000,0.0,390000.0,-0.2841434089681214,-55.73422281424592,200.0,1.2293775081634521,0.02650964965166072
-211.57178,0.0020387622,0.0053696977,211.57382,-211.57382,0.68660915,0.028157258,90000.0,900.0,20,9000.0,0.35553724,1983.9338,211.56297,-29.998318,647.20984,-659.53296,26416.857,0.00060381636,0.01933303,0.01933303,1e-05,0.0003,-37.21898,0.006222472667694092,6720.560032129288,1395000,0.0,395000.0,-0.31604559481838584,-58.06055812994098,200.0,1.2138872146606445,-0.05269601104957195
-201.61247,0.0018372134,0.0060843085,201.6143,-201.6143,0.92728424,0.028563796,90000.0,900.0,20,9000.0,0.29688612,1983.0138,201.61136,-29.799849,928.43524,-794.1154,32867.65,0.0004361369,0.026486756,0.026486756,1e-05,0.0003,37.06523,0.006276506376266479,6751.942568778992,1400000,0.0,400000.0,-0.311703543904848,-54.75476694291272,200.0,1.203632116317749,0.05985757197964586
-192.93515,0.0022619856,0.0066400375,192.93741,-192.93741,1.1674651,0.02912859,90000.0,900.0,20,9000.0,0.50737584,1836.1893,192.98187,-31.025103,719.8939,-935.93134,27976.062,0.0010055879,0.03400661,0.03400661,1e-05,0.0003,113.63173,0.010733854007720946,6805.611844301224,1405000,0.0,405000.0,-0.3340017359260887,-57.06662669181235,200.0,1.2147324085235596,-0.018855233360486823
-265.18106,0.0019336838,0.0051333066,265.18298,-265.18298,1.3429601,0.029791368,90000.0,900.0,20,9000.0,0.26456144,1983.7242,265.1653,-29.35282,676.27875,-842.81824,34565.92,0.0006388383,0.04000862,0.04000862,1e-05,0.0003,95.16107,0.0063153260231018065,6837.188479423523,1410000,0.0,410000.0,-0.3240472715688986,-60.78267903560497,200.0,1.2032380104064941,-0.14537714063012652
-245.16858,0.0019499664,0.0059296293,245.17053,-245.17053,1.0657891,0.030955289,90000.0,900.0,20,9000.0,0.29336205,1962.7064,245.16663,-28.089048,337.98004,-343.985,26661.008,0.00047775835,0.03299181,0.03299181,1e-05,0.0003,52.051086,0.0062639094352722165,6868.508031845093,1415000,0.0,415000.0,-0.2569895582399042,-59.60661422787786,200.0,1.5313518047332764,-0.10533519590486143
-196.14961,0.0022424613,0.005816898,196.15186,-196.15186,1.2923876,0.030822653,90000.0,900.0,20,9000.0,0.61204803,1881.2888,196.1226,-30.191156,686.58215,-641.7408,32527.916,0.00081595103,0.039834812,0.039834812,1e-05,0.0003,162.97574,0.0063307533264160155,6900.1618039608,1420000,0.0,420000.0,-0.26641005425029246,-53.53939541264303,200.0,1.221747875213623,0.10123780826932142
-205.2576,0.0019562868,0.0062377984,205.25955,-205.25955,1.1526284,0.031661358,90000.0,900.0,20,9000.0,0.27423692,1985.0393,205.24925,-28.152534,720.9539,-619.156,37263.207,0.00072358723,0.036493782,0.036493782,1e-05,0.0003,123.46066,0.006356596422195435,6931.944790840149,1425000,0.0,425000.0,-0.28740082123349064,-54.7899306943247,200.0,1.2131075859069824,0.058660337795678676
-225.3107,0.0023233977,0.0058100726,225.31302,-225.31302,0.7884433,0.03280615,90000.0,900.0,20,9000.0,0.32744238,1976.2432,225.29466,-30.233995,671.3112,-486.62103,29147.441,0.00078294094,0.02586579,0.02586579,1e-05,0.0003,7.808838,0.0063683294296264644,6963.786443471909,1430000,0.0,430000.0,-0.28673494072890593,-54.06528728612876,200.0,1.225825548171997,0.08333255917826304
-250.48576,0.002056146,0.005527383,250.48782,-250.48782,1.0968384,0.032441135,90000.0,900.0,20,9000.0,0.25693345,1942.2837,250.46747,-30.60847,873.3462,-1160.1523,32560.766,0.00075303897,0.03558268,0.03558268,1e-05,0.0003,70.015274,0.006352205944061279,6995.547477960587,1435000,0.0,435000.0,-0.3179735313614462,-55.71826425253497,200.0,1.5521419048309326,0.027052997128539476
-176.89989,0.0023601367,0.0065858937,176.90225,-176.90225,1.0179384,0.032852214,90000.0,900.0,20,9000.0,0.35153767,1981.277,176.90558,-29.77694,714.6896,-732.4303,41872.71,0.00081346283,0.03344153,0.03344153,1e-05,0.0003,124.4254,0.0063309552192687985,7027.202259063721,1440000,0.0,440000.0,-0.2602626138370044,-52.553551125295584,200.0,1.2478365898132324,0.13480323952984474
-163.43217,0.002351265,0.0052136793,163.43452,-163.43452,1.0301785,0.033191573,90000.0,900.0,20,9000.0,0.38498265,1948.3434,163.44409,-29.021683,753.9396,-731.3642,33803.17,0.0007262538,0.034193248,0.034193248,1e-05,0.0003,144.69203,0.00631616907119751,7058.78310918808,1445000,0.0,445000.0,-0.2590702923471867,-55.88212467491964,200.0,1.2349765300750732,0.02147397636992509
-202.8076,0.0019704439,0.0061579105,202.80957,-202.80957,0.832566,0.0325177,90000.0,900.0,20,9000.0,0.2500889,1961.5917,202.82372,-30.968443,760.3471,-720.40857,25608.904,0.00089804135,0.027073134,0.027073134,1e-05,0.0003,41.100693,0.0063291943550109865,7090.4290862083435,1450000,0.0,450000.0,-0.3350180803775759,-58.909272594919116,200.0,1.2051570415496826,-0.08159252888677018
-212.5182,0.0024880348,0.0075626746,212.52069,-212.52069,1.298542,0.03129427,90000.0,900.0,20,9000.0,0.25932944,1989.3922,212.5086,-30.314981,1021.26404,-952.41693,36303.367,0.0011458779,0.040636927,0.040636927,1e-05,0.0003,153.47345,0.006276011514663696,7121.809148788452,1455000,0.0,455000.0,-0.2667615534488485,-57.2983793578692,200.0,1.5376245975494385,-0.026745808253307215
-214.80511,0.0021052202,0.005867081,214.80722,-214.80722,1.0838685,0.03125951,90000.0,900.0,20,9000.0,0.2819108,1981.9335,214.79126,-30.979694,968.52545,-703.2359,34985.016,0.000864872,0.0338812,0.0338812,1e-05,0.0003,90.40758,0.00622077169418335,7152.913012504578,1460000,0.0,460000.0,-0.3116963715030736,-59.59414104355674,200.0,1.2087123394012451,-0.10491051645365013
-203.46071,0.0018509006,0.0064960187,203.46255,-203.46255,1.0904241,0.03092742,90000.0,900.0,20,9000.0,0.18951055,1985.4135,203.55931,-30.956034,961.30023,-642.08655,33437.29,0.0007301846,0.033724003,0.033724003,1e-05,0.0003,100.24483,0.006144117736816407,7183.63360619545,1465000,0.0,465000.0,-0.2795771500572258,-57.04954101592884,200.0,1.1717567443847656,-0.018273510580563097
-216.88258,0.002486728,0.004242639,216.88507,-216.88507,0.6419311,0.031243062,90000.0,900.0,20,9000.0,0.20798972,1975.1437,216.89142,-30.68363,394.02713,-448.9293,22706.04,0.0006257485,0.020055894,0.020055894,1e-05,0.0003,-36.17154,0.006287843370437622,7215.072828531265,1470000,0.0,470000.0,-0.2990872037723222,-54.65686681194464,200.0,1.1984751224517822,0.06319081654836661
-191.44948,0.002134296,0.004937121,191.45161,-191.45161,1.470972,0.030545978,90000.0,900.0,20,9000.0,0.20673385,1923.1088,191.47804,-28.407295,581.7394,-787.87134,34823.008,0.0003686418,0.044932276,0.044932276,1e-05,0.0003,213.14774,0.0062995537281036375,7246.570601940155,1475000,0.0,475000.0,-0.25974335876817395,-57.8919922326518,200.0,1.2216181755065918,-0.04695678112153541
-217.06183,0.0024212727,0.006428303,217.06425,-217.06425,1.069925,0.030612586,90000.0,900.0,20,9000.0,0.19138998,1971.4612,217.07814,-30.628595,612.39264,-905.32,30303.914,0.00092979963,0.03275317,0.03275317,1e-05,0.0003,77.9081,0.006280916976928711,7277.9751942157745,1480000,0.0,480000.0,-0.2849128833139378,-57.2986988424294,200.0,1.2234106063842773,-0.02675668587077872
-182.57909,0.0026470274,0.0076549426,182.58173,-182.58173,0.9519642,0.03075925,90000.0,900.0,20,9000.0,0.17933849,1980.4204,182.5834,-29.49622,277.29926,-443.95245,22048.129,0.0006454483,0.029281704,0.029281704,1e-05,0.0003,81.13559,0.006306739807128906,7309.508898496628,1485000,0.0,485000.0,-0.29238561338748514,-58.70186220412752,200.0,1.2592856884002686,-0.07453074508969075
-225.02718,0.0019203419,0.0060352664,225.0291,-225.0291,1.1137873,0.032004736,90000.0,900.0,20,9000.0,0.17373116,1961.4889,225.03366,-30.379578,834.74756,-757.87836,33411.168,0.0005887785,0.03564647,0.03564647,1e-05,0.0003,95.96477,0.006387160682678222,7341.444707155228,1490000,0.0,490000.0,-0.335226305903014,-57.80736248525096,200.0,1.2234082221984863,-0.04407535856278483
-178.0697,0.0016996509,0.005713511,178.0714,-178.0714,0.94974506,0.03203554,90000.0,900.0,20,9000.0,0.13446522,1973.5043,178.05197,-30.578705,1146.5491,-880.52106,37727.156,0.0004642863,0.030425597,0.030425597,1e-05,0.0003,95.89514,0.006355599021911621,7373.222707748413,1495000,0.0,495000.0,-0.28769585459967156,-60.383381382989555,200.0,1.2620151042938232,-0.13178209516162492
-188.13237,0.0021583484,0.0067525194,188.13452,-188.13452,1.4730476,0.031853046,90000.0,900.0,20,9000.0,0.22440143,1958.473,188.15216,-30.10451,957.7145,-942.28467,34246.516,0.0007889363,0.046921052,0.046921052,1e-05,0.0003,234.38148,0.006290195226669312,7404.673689126968,1500000,0.0,500000.0,-0.3182716959777368,-60.08939696402384,200.0,1.2357535362243652,-0.12177269110755365
-316.8127,0.00195893,0.004897767,316.81467,-316.81467,0.9573703,0.03159162,90000.0,900.0,20,9000.0,0.3522633,1968.8164,316.81985,-28.098629,580.64655,-811.6385,34994.97,0.000644511,0.03024488,0.03024488,1e-05,0.0003,-44.25653,0.010848622608184814,7458.916807174683,1505000,0.0,505000.0,-0.27800423888112497,-57.18639676185035,200.0,1.1954700946807861,-0.022933092414420268
-201.98988,0.002211876,0.0066017928,201.9921,-201.9921,1.0178716,0.030313237,90000.0,900.0,20,9000.0,0.22449225,1963.8958,202.01213,-31.207878,409.69473,-443.3909,28762.172,0.00084334787,0.030854985,0.030854985,1e-05,0.0003,75.92946,0.006298547410964966,7490.409549236298,1510000,0.0,510000.0,-0.29801675961172414,-55.0125734727316,200.0,1.2036805152893066,0.05107993085902525
-128.76926,0.0023851735,0.007689201,128.77164,-128.77164,1.3674799,0.031302687,90000.0,900.0,20,9000.0,0.15781096,1832.7916,128.76218,-30.071661,733.6452,-744.507,38888.902,0.0007837837,0.0428058,0.0428058,1e-05,0.0003,256.64075,0.006293730020523071,7521.878206253052,1515000,0.0,515000.0,-0.25675290954200836,-54.07611604549366,200.0,1.2706494331359863,0.0829638681154204
-232.68959,0.001941612,0.006722344,232.69153,-232.69153,0.9705872,0.032117657,90000.0,900.0,20,9000.0,0.24494547,1961.0122,232.70811,-30.459404,491.0018,-476.18378,29257.082,0.00096308766,0.031172987,0.031172987,1e-05,0.0003,48.112244,0.0060941344738006595,7552.3488845825195,1520000,0.0,520000.0,-0.2793121591086023,-54.803276324496565,200.0,1.2004578113555908,0.05820595383473156
-217.12064,0.0019380385,0.007756224,217.12257,-217.12257,0.83640426,0.032178193,90000.0,900.0,20,9000.0,0.16083615,1961.8285,217.08307,-31.087267,890.4677,-917.414,27785.738,0.0009169353,0.026913978,0.026913978,1e-05,0.0003,25.266006,0.006228121471405029,7583.489500284195,1525000,0.0,525000.0,-0.29072369169938406,-59.64143182450774,200.0,1.1795029640197754,-0.10652064441973924
-210.6325,0.0022273879,0.0065605817,210.63474,-210.63474,0.7559985,0.03171333,90000.0,900.0,20,9000.0,0.15742445,1968.3723,210.65077,-29.920975,744.0558,-685.84454,27406.47,0.0009440957,0.023975229,0.023975229,1e-05,0.0003,5.3019714,0.006231601428985596,7614.6475121974945,1530000,0.0,530000.0,-0.2990148750494298,-58.7407915481601,200.0,1.1941258907318115,-0.07585618789837044
-199.58592,0.0023900177,0.0063809208,199.58832,-199.58832,1.2983054,0.032071676,90000.0,900.0,20,9000.0,0.1696567,1950.8304,199.57689,-29.160406,622.663,-532.68414,26009.66,0.0007760304,0.04163883,0.04163883,1e-05,0.0003,175.33319,0.00625646390914917,7645.9298367500305,1535000,0.0,535000.0,-0.2616793566398067,-53.323837895191645,200.0,1.2694110870361328,0.10857698051747751
-212.9495,0.0019741165,0.007045774,212.95146,-212.95146,1.0487931,0.033192452,90000.0,900.0,20,9000.0,0.17144918,1979.1614,212.95813,-29.876495,533.98224,-675.2546,29848.871,0.0006812325,0.034812015,0.034812015,1e-05,0.0003,100.53009,0.00622897481918335,7677.074715852737,1540000,0.0,540000.0,-0.28957792744384186,-59.03303362642156,200.0,1.5009264945983887,-0.08580626978778408
-209.8538,0.002295604,0.007794339,209.8561,-209.8561,1.1094933,0.033825926,90000.0,900.0,20,9000.0,0.14202702,1981.5702,209.84848,-29.218248,342.55698,-487.29718,26976.969,0.0010253256,0.037529636,0.037529636,1e-05,0.0003,128.05495,0.006151925706863404,7707.834349155426,1545000,0.0,545000.0,-0.2799479582660313,-57.25840353049093,200.0,1.205707311630249,-0.025384735411308798
-231.46776,0.0017463759,0.006338238,231.4695,-231.4695,0.9428798,0.03475293,90000.0,900.0,20,9000.0,5.7491355,1984.622,231.41228,-29.618946,933.2378,-579.53625,34837.848,0.0004755399,0.032767836,0.032767836,1e-05,0.0003,69.191895,0.006295316743850708,7739.310938835144,1550000,0.0,550000.0,-0.329554472554617,-57.50671198982024,200.0,1.1936473846435547,-0.033838991960737835
-152.7701,0.0026935874,0.0068528773,152.7728,-152.7728,0.81543094,0.034629263,90000.0,900.0,20,9000.0,0.14699626,1957.6426,152.7791,-30.439999,414.4068,-443.33835,25763.092,0.0007251186,0.028237771,0.028237771,1e-05,0.0003,101.516846,0.0063231294631958005,7770.926591157913,1555000,0.0,555000.0,-0.25787814720781116,-54.19098480360235,200.0,1.2309274673461914,0.07905288597172626
-230.48236,0.0024438153,0.0065103876,230.4848,-230.4848,0.83896464,0.03475895,90000.0,900.0,20,9000.0,0.18269254,1932.4736,230.48349,-28.891514,499.01498,-513.87463,33317.707,0.00068703794,0.029161531,0.029161531,1e-05,0.0003,32.15413,0.0063214636325836186,7802.53391456604,1560000,0.0,560000.0,-0.29384617972438193,-58.33124560982534,200.0,1.5276761054992676,-0.06191221498334854
-248.30244,0.002332753,0.0069687297,248.30478,-248.30478,1.1956853,0.034446485,90000.0,900.0,20,9000.0,0.15756232,1987.8319,248.27316,-31.118797,510.43484,-473.67194,31127.861,0.0009196887,0.041187156,0.041187156,1e-05,0.0003,122.539536,0.006252601289749146,7833.796926021576,1565000,0.0,565000.0,-0.3116399458169521,-55.19050816980056,200.0,1.2103924751281738,0.045021717690899264
-172.64188,0.0025697607,0.006492588,172.64444,-172.64444,1.2210579,0.03497754,90000.0,900.0,20,9000.0,0.15853842,1959.3403,172.65201,-30.971334,547.3693,-1013.6655,34294.65,0.0006970499,0.0427096,0.0427096,1e-05,0.0003,211.90308,0.006249810028076172,7865.0459814071655,1570000,0.0,570000.0,-0.255627855126731,-56.361854520353376,200.0,1.2093570232391357,0.005140424147541956
-238.82654,0.0015607689,0.0055137994,238.8281,-238.8281,0.5466123,0.03502315,90000.0,900.0,20,9000.0,0.18778364,1958.5352,238.801,-31.065685,760.5876,-838.3381,26323.93,0.0005912185,0.019144084,0.019144084,1e-05,0.0003,-66.341995,0.0062793641567230225,7896.442807197571,1575000,0.0,575000.0,-0.3281265488701688,-59.542239314602945,200.0,1.2067458629608154,-0.10314339771303413
-226.46652,0.0020298313,0.0073143416,226.46855,-226.46855,1.0041392,0.034530092,90000.0,900.0,20,9000.0,0.1676636,1972.6475,226.42845,-29.502142,853.1569,-750.245,35779.344,0.0008372178,0.03467302,0.03467302,1e-05,0.0003,85.75833,0.006068597745895386,7926.785800457001,1580000,0.0,580000.0,-0.3125382908765948,-58.52014595281021,200.0,1.4933021068572998,-0.06834377984498413
-164.81464,0.0021399844,0.009309267,164.81677,-164.81677,1.3045764,0.03441765,90000.0,900.0,20,9000.0,0.1306037,1975.0626,164.83488,-30.928082,590.56085,-677.3405,36547.523,0.0015571194,0.044900455,0.044900455,1e-05,0.0003,239.42006,0.006105444574356079,7957.313027858734,1585000,0.0,585000.0,-0.3341895281077002,-62.725129310464325,200.0,1.2552740573883057,-0.21151251516600164
-208.18504,0.0017230564,0.0060548326,208.18677,-208.18677,0.8675003,0.0337773,90000.0,900.0,20,9000.0,0.16959435,1987.906,208.15134,-30.244576,798.5915,-506.51715,29558.887,0.0004824394,0.029301818,0.029301818,1e-05,0.0003,55.700928,0.006009551000595093,7987.360788106918,1590000,0.0,590000.0,-0.2991953355529578,-61.04266490200805,200.0,1.1495699882507324,-0.15422898248736353
-182.5664,0.0023262277,0.0071292506,182.56873,-182.56873,1.0343857,0.034462117,90000.0,900.0,20,9000.0,0.14961854,1984.8204,182.54828,-29.350904,1178.2589,-1138.9391,42920.867,0.0005419184,0.03564712,0.03564712,1e-05,0.0003,138.4073,0.005999913930892944,8017.360363006592,1595000,0.0,595000.0,-0.2784131209046271,-56.485466907989995,200.0,1.1453018188476562,0.0009317441831534075
-171.74835,0.0020403476,0.007194816,171.7504,-171.7504,0.87486684,0.033932593,90000.0,900.0,20,9000.0,0.14011416,1948.497,171.75815,-30.048447,676.6419,-557.1399,26596.744,0.00090262544,0.0296865,0.0296865,1e-05,0.0003,95.57027,0.00607566556930542,8047.738696336746,1600000,0.0,600000.0,-0.26009867570848866,-55.40945705744979,200.0,1.195845127105713,0.037567078117207345
-115.91782,0.0022403367,0.00725766,115.92007,-115.92007,1.126179,0.033400632,90000.0,900.0,20,9000.0,0.11074382,1789.6882,115.93349,-30.248947,453.06467,-790.0584,32892.95,0.0009879688,0.03761509,0.03761509,1e-05,0.0003,222.72874,0.010544246864318848,8100.459935903549,1605000,0.0,605000.0,-0.26217803917403965,-55.05604795721886,200.0,1.1986181735992432,0.0495997378514967
-227.20792,0.0024466987,0.0067804023,227.21036,-227.21036,1.1903694,0.03278091,90000.0,900.0,20,9000.0,0.22683266,1979.9984,227.18942,-30.040792,1732.2665,-851.1038,32597.316,0.0010492763,0.03902139,0.03902139,1e-05,0.0003,124.21146,0.006114416790008545,8131.032025098801,1610000,0.0,610000.0,-0.3255126449180584,-61.239007962269156,200.0,1.1942977905273438,-0.16091395249455118
-173.36731,0.002276419,0.008299573,173.36958,-173.36958,1.0972079,0.034305133,90000.0,900.0,20,9000.0,0.28623673,1982.2168,173.37404,-31.06524,631.6907,-762.94476,26658.352,0.0007800948,0.037639864,0.037639864,1e-05,0.0003,165.67772,0.006123597574234009,8161.650018215179,1615000,0.0,615000.0,-0.2528651945894895,-58.894338007797295,200.0,1.1783440113067627,-0.08108404507865219
-172.89919,0.0017275866,0.0067723533,172.90091,-172.90091,1.0842179,0.034590896,90000.0,900.0,20,9000.0,0.104357004,1982.6079,172.90904,-30.154346,449.3248,-401.17712,30203.61,0.0007952493,0.03750407,0.03750407,1e-05,0.0003,164.74179,0.006008272218704223,8191.691383838654,1620000,0.0,620000.0,-0.29815214725497496,-58.74926094175523,200.0,1.1292271614074707,-0.076144548699548
-187.66644,0.0018011086,0.0075636213,187.66824,-187.66824,1.1719581,0.035182502,90000.0,900.0,20,9000.0,0.15961789,1972.2747,187.6613,-30.259827,1595.6632,-1821.8662,47497.344,0.0007407655,0.04123242,0.04123242,1e-05,0.0003,183.58495,0.005861630487442017,8220.999543190002,1625000,0.0,625000.0,-0.3505271819585634,-57.76941499122307,200.0,1.139552354812622,-0.042783345190440414
-231.44923,0.0017599106,0.0065881447,231.45099,-231.45099,0.75072885,0.035957474,90000.0,900.0,20,9000.0,0.13660708,1985.8574,231.47333,-30.271803,1016.3866,-1474.9961,35057.1,0.0007289939,0.026994312,0.026994312,1e-05,0.0003,11.636185,0.00591413516998291,8250.570224285126,1630000,0.0,630000.0,-0.28255994472683793,-57.20512569252181,200.0,1.1855578422546387,-0.023570763741529756
-173.19974,0.0021532015,0.008146763,173.20189,-173.20189,0.7615376,0.036158223,90000.0,900.0,20,9000.0,0.164704,1986.026,173.18698,-30.031828,4512.39,-3773.618,60070.53,0.00094528246,0.027535846,0.027535846,1e-05,0.0003,74.78758,0.005896186447143554,8280.051161289215,1635000,0.0,635000.0,-0.27600077486933594,-57.0042133036824,200.0,1.1466264724731445,-0.016730219992859518
-196.8399,0.0021941066,0.008513989,196.8421,-196.8421,1.3647993,0.036010873,90000.0,900.0,20,9000.0,0.14988774,1988.1278,196.82562,-30.481096,1516.9885,-1372.8273,41743.06,0.0010454418,0.04914761,0.04914761,1e-05,0.0003,245.63847,0.005932801055908203,8309.715171575546,1640000,0.0,640000.0,-0.2629438978731724,-52.90301764067086,200.0,1.143876552581787,0.12290481454505871
-209.95396,0.0019140635,0.0073741465,209.95587,-209.95587,0.8329454,0.038218647,90000.0,900.0,20,9000.0,0.22796136,1986.6504,209.95065,-29.831377,489.5547,-513.2377,26610.904,0.00082953705,0.031834047,0.031834047,1e-05,0.0003,76.78044,0.005882050609588623,8339.125429868698,1645000,0.0,645000.0,-0.256736371418988,-58.13616261820437,200.0,1.1238245964050293,-0.05527014703266903
-158.99496,0.002265405,0.006148005,158.99722,-158.99722,0.75048655,0.038926672,90000.0,900.0,20,9000.0,0.39259028,1937.4939,158.99098,-30.670006,891.8698,-496.47095,25149.361,0.0010129439,0.029213944,0.029213944,1e-05,0.0003,104.323135,0.005889015626907349,8368.570512771606,1650000,0.0,650000.0,-0.29653430801037134,-58.13635051784498,200.0,1.1345713138580322,-0.05527654452622037
-176.8316,0.0023314524,0.0071654515,176.83394,-176.83394,0.77795684,0.03708778,90000.0,900.0,20,9000.0,0.25373706,1956.441,176.80411,-29.363789,277.0428,-413.49185,24404.209,0.0011817538,0.028852694,0.028852694,1e-05,0.0003,83.09639,0.00590802583694458,8398.11064696312,1655000,0.0,655000.0,-0.2690142599970216,-61.61833765265693,200.0,1.1629714965820312,-0.17382914083737228
-159.70012,0.0020557784,0.0068799835,159.70218,-159.70218,0.8309997,0.037172064,90000.0,900.0,20,9000.0,0.24627274,1971.5013,159.70828,-29.803425,533.0485,-609.5094,27337.49,0.0009100821,0.030889973,0.030889973,1e-05,0.0003,118.55592,0.005899089050292969,8427.606097221375,1660000,0.0,660000.0,-0.3088986432837366,-60.49465510461704,200.0,1.1351258754730225,-0.1355706756730963
-174.25626,0.002140661,0.008190785,174.25839,-174.25839,0.8705351,0.035409212,90000.0,900.0,20,9000.0,0.12252156,1971.1431,174.28654,-30.658161,991.34827,-859.8994,29400.254,0.00096278876,0.030824963,0.030824963,1e-05,0.0003,103.290924,0.005877736139297486,8456.99478340149,1665000,0.0,665000.0,-0.3176234587497141,-56.030873710025475,200.0,1.4182147979736328,0.016409459004461585
-207.09315,0.0019575458,0.0068556005,207.09511,-207.09511,1.1622452,0.03513841,90000.0,900.0,20,9000.0,0.29211226,1988.3007,207.09264,-30.332664,685.2832,-1097.9556,28620.064,0.0007796467,0.04083945,0.04083945,1e-05,0.0003,160.75398,0.005855563163757324,8486.272604465485,1670000,0.0,670000.0,-0.31469472513589875,-63.1031098785425,200.0,1.1340041160583496,-0.2243817694067274
-160.22765,0.0022387917,0.0069180643,160.22989,-160.22989,0.8504125,0.035460573,90000.0,900.0,20,9000.0,0.36851546,1982.8594,160.27585,-30.968,481.13913,-484.72607,24870.594,0.00054439984,0.030156113,0.030156113,1e-05,0.0003,111.5459,0.005932685375213623,8515.936036348343,1675000,0.0,675000.0,-0.28803039638876105,-56.34889885046154,200.0,1.131784200668335,0.005581530976246694
-181.2228,0.0021583687,0.0072688498,181.22495,-181.22495,0.9295652,0.035916056,90000.0,900.0,20,9000.0,0.34944808,1964.7502,181.20982,-31.22437,600.5869,-522.18555,29122.98,0.0009090666,0.033386316,0.033386316,1e-05,0.0003,119.603485,0.005911033916473389,8545.491211175919,1680000,0.0,680000.0,-0.27743820665696106,-56.75453254141469,200.0,1.1533195972442627,-0.008229240101277324
-192.05272,0.0029598838,0.008225974,192.05568,-192.05568,1.5587461,0.035485316,90000.0,900.0,20,9000.0,0.3043837,1981.8378,192.05063,-30.416702,450.98376,-419.16605,28021.31,0.0012051587,0.055312596,0.055312596,1e-05,0.0003,306.065,0.005914713048934936,8575.064781427383,1685000,0.0,685000.0,-0.2534336805485531,-57.229772323648255,200.0,1.4520268440246582,-0.02440991736192962
-168.22882,0.0029789582,0.0073235487,168.2318,-168.2318,1.2802839,0.035426896,90000.0,900.0,20,9000.0,0.313361,1974.0262,168.24924,-30.332453,740.76056,-882.44556,42008.92,0.0008631012,0.045356482,0.045356482,1e-05,0.0003,240.29288,0.005824958848953247,8604.189580440521,1690000,0.0,690000.0,-0.29537874805133385,-58.62983795233201,200.0,1.12325119972229,-0.07207850683689572
-192.36484,0.0022231645,0.007546891,192.36707,-192.36707,0.73092324,0.037306238,90000.0,900.0,20,9000.0,0.2841925,1969.2534,192.37048,-29.196259,680.6421,-441.5164,24428.451,0.0009143961,0.027267996,0.027267996,1e-05,0.0003,53.33133,0.0058770696640014644,8633.574933767319,1695000,0.0,695000.0,-0.2752196871888949,-53.362950436356975,200.0,1.147362470626831,0.10724530032339569
-167.1028,0.002286823,0.0074511142,167.10509,-167.10509,1.1163315,0.03802542,90000.0,900.0,20,9000.0,0.35592476,1966.794,167.13138,-30.041594,1265.663,-867.29047,40604.77,0.0007655581,0.042448975,0.042448975,1e-05,0.0003,215.2939,0.005918727207183838,8663.16857457161,1700000,0.0,700000.0,-0.2569635329220431,-57.62276398210388,200.0,1.1518869400024414,-0.037790260147445486
-170.0521,0.0025641927,0.00770288,170.05466,-170.05466,0.9767991,0.039294094,90000.0,900.0,20,9000.0,0.33316666,1904.1432,170.03278,-30.187033,422.44595,-433.4983,26714.797,0.000740474,0.038382433,0.038382433,1e-05,0.0003,175.72296,0.009962833404541016,8712.982746839523,1705000,0.0,705000.0,-0.28595027014388585,-59.6027697639611,200.0,1.445115327835083,-0.10520430191786183
-222.94514,0.0021266334,0.007660282,222.94727,-222.94727,0.7596428,0.038847234,90000.0,900.0,20,9000.0,0.3497125,1971.8307,222.95804,-29.724024,446.44833,-512.3235,25364.469,0.0011901704,0.02951002,0.02951002,1e-05,0.0003,42.99475,0.005895254802703857,8742.459025859833,1710000,0.0,710000.0,-0.2598689269187909,-52.86095411006534,200.0,1.1382088661193848,0.12433696824644425
-214.39838,0.002129588,0.007499297,214.40051,-214.40051,0.79286635,0.037258152,90000.0,900.0,20,9000.0,0.3538176,1978.4457,214.40134,-30.518051,495.76962,-485.29572,25656.635,0.0012132827,0.029540736,0.029540736,1e-05,0.0003,51.822083,0.005873528432846069,8771.826672792435,1715000,0.0,715000.0,-0.26898394919586194,-52.6343964512619,200.0,1.171678066253662,0.13205066666789886
-174.62212,0.0028537018,0.0073837643,174.62497,-174.62497,0.91095066,0.03729959,90000.0,900.0,20,9000.0,0.36577812,1969.9728,174.63504,-29.596397,688.89014,-345.47733,23437.012,0.0007199979,0.033978086,0.033978086,1e-05,0.0003,131.54643,0.005888427734375,8801.2688164711,1720000,0.0,720000.0,-0.2824751330221907,-57.05843207970673,200.0,1.1268048286437988,-0.018576228153611925
-142.89497,0.002310236,0.008357664,142.89728,-142.89728,1.1927121,0.037699804,90000.0,900.0,20,9000.0,0.35247082,1898.0366,142.93723,-30.445524,912.795,-703.183,37723.79,0.0011280361,0.04496501,0.04496501,1e-05,0.0003,262.14258,0.005901784420013428,8830.777743816376,1725000,0.0,725000.0,-0.26248438318483425,-52.30519957494684,200.0,1.4478552341461182,0.1432589632162947
-163.90936,0.0022346466,0.007743855,163.91159,-163.91159,0.96925575,0.03804348,90000.0,900.0,20,9000.0,7.292946,1768.8348,163.91411,-28.87302,1363.2837,-1163.1843,38661.6,0.0009343756,0.036873862,0.036873862,1e-05,0.0003,175.24832,0.0058225721359252925,8859.890609502792,1730000,0.0,730000.0,-0.28836946362542754,-57.44250262838543,200.0,1.1256537437438965,-0.031652830378038795
-160.40422,0.0025733856,0.00888007,160.4068,-160.4068,1.1044618,0.037864998,90000.0,900.0,20,9000.0,0.21925077,1982.1335,160.4093,-29.924927,747.56116,-710.5305,32083.84,0.0011612613,0.041820444,0.041820444,1e-05,0.0003,216.19904,0.005898672103881836,8889.383975028992,1735000,0.0,735000.0,-0.2927574943894475,-55.80270053006242,200.0,1.1715431213378906,0.024178161715263845
-208.72661,0.002455743,0.008854386,208.72906,-208.72906,1.1953858,0.036783393,90000.0,900.0,20,9000.0,0.21472752,1979.6079,208.73444,-31.216108,493.1209,-564.6106,30715.523,0.0014020639,0.04397035,0.04397035,1e-05,0.0003,187.22127,0.005962769556045532,8919.197828054428,1740000,0.0,740000.0,-0.3047891778689688,-56.031038520721395,200.0,1.1510882377624512,0.016403847629363172
-199.2231,0.0023006331,0.009008162,199.2254,-199.2254,0.8897519,0.0383931,90000.0,900.0,20,9000.0,0.26901975,1985.0619,199.23093,-28.580772,1126.302,-1364.4656,26924.852,0.0012804536,0.03416033,0.03416033,1e-05,0.0003,108.48891,0.005946889877319336,8948.932281970978,1745000,0.0,745000.0,-0.2561062923998887,-53.051398026750014,200.0,1.4533865451812744,0.11785284871914682
-156.42253,0.0022585918,0.007301581,156.42479,-156.42479,1.0685055,0.039285373,90000.0,900.0,20,9000.0,0.47479066,1976.3362,156.42491,-30.120895,561.4347,-574.47644,36753.367,0.00071747164,0.04197664,0.04197664,1e-05,0.0003,221.842,0.005870126581192016,8978.282920122147,1750000,0.0,750000.0,-0.25691628773404956,-57.96194931981963,200.0,1.1369104385375977,-0.04933863780078463
-158.49431,0.002009376,0.008576626,158.49632,-158.49632,0.9272967,0.04058446,90000.0,900.0,20,9000.0,0.6785237,1976.1218,158.54597,-28.22266,547.46075,-527.3719,30676.73,0.0011746174,0.037633836,0.037633836,1e-05,0.0003,180.88875,0.005973418807983398,9008.150018692017,1755000,0.0,755000.0,-0.2561436489955267,-59.77665055963127,200.0,1.1483697891235352,-0.11112449029801247
-136.98141,0.002264196,0.0068114996,136.98367,-136.98367,0.810523,0.040040705,90000.0,900.0,20,9000.0,0.60893965,1964.821,137.03085,-30.716803,718.37024,-653.1712,29369.234,0.0010369046,0.032453913,0.032453913,1e-05,0.0003,155.71272,0.005947207069396973,9037.88605928421,1760000,0.0,760000.0,-0.2552363641403289,-53.33890166258956,200.0,1.1732492446899414,0.1080640984572897
-140.47145,0.0020018741,0.007874434,140.47345,-140.47345,1.3835915,0.039972592,90000.0,900.0,20,9000.0,1.5675614,1957.9723,140.52917,-28.804152,578.68915,-534.2247,33138.457,0.0013438108,0.05530574,0.05530574,1e-05,0.0003,358.84778,0.005890258598327636,9067.337356805801,1765000,0.0,765000.0,-0.2881322926074541,-61.075439492469094,200.0,1.139007806777954,-0.15534487196132088
-186.32613,0.002205002,0.0073003983,186.32834,-186.32834,1.2012937,0.03956384,90000.0,900.0,20,9000.0,0.8797617,1939.3724,186.20349,-30.502333,1129.0798,-1197.1445,43366.016,0.0012148613,0.04752779,0.04752779,1e-05,0.0003,242.30376,0.0059934370040893555,9097.304547071457,1770000,0.0,770000.0,-0.31862500097235774,-54.63604614673836,200.0,1.150447130203247,0.06389970599039009
-186.99654,0.0023073233,0.007475191,186.99884,-186.99884,0.8575538,0.040755924,90000.0,900.0,20,9000.0,1.5595355,1936.4279,186.98022,-29.649546,884.78424,-1062.7267,35465.37,0.00083495805,0.034950398,0.034950398,1e-05,0.0003,129.1166,0.005896834659576416,9126.788725614548,1775000,0.0,775000.0,-0.29563860077005705,-59.181119714420724,200.0,1.1432106494903564,-0.09084821553030056
-158.99467,0.0021230238,0.008064735,158.9968,-158.9968,0.997273,0.042592417,90000.0,900.0,20,9000.0,1.0132743,1931.1549,159.00159,-29.242569,1560.1019,-1913.2023,43764.797,0.0010647341,0.04247627,0.04247627,1e-05,0.0003,224.30504,0.005951749563217163,9156.547478199005,1780000,0.0,780000.0,-0.28754050335628645,-56.89737684178129,200.0,1.1526546478271484,-0.013092716622314135
-147.43196,0.0020250245,0.0075494363,147.43399,-147.43399,0.86016244,0.041210465,90000.0,900.0,20,9000.0,0.71330816,1511.6044,147.39516,-29.718904,598.18646,-605.81226,27398.098,0.00093044253,0.035447694,0.035447694,1e-05,0.0003,172.31058,0.005852514457702637,9185.810055017471,1785000,0.0,785000.0,-0.2764235062781249,-53.363681330695016,200.0,1.1304223537445068,0.10722041527412667
-194.73969,0.0020148589,0.008055753,194.7417,-194.7417,0.82918054,0.040729783,90000.0,900.0,20,9000.0,0.55165535,1963.7483,194.75792,-29.697275,654.9844,-655.6354,30641.576,0.0010197092,0.033772346,0.033772346,1e-05,0.0003,109.76308,0.005883404350280762,9215.227081775665,1790000,0.0,790000.0,-0.25329927013077275,-56.21850801747747,200.0,1.1317777633666992,0.010020999356496772
-179.04065,0.001990336,0.008474287,179.04263,-179.04263,1.1164353,0.04055991,90000.0,900.0,20,9000.0,0.46012697,1952.6974,179.05551,-29.719637,410.1195,-300.08887,27186.979,0.00092787074,0.045282513,0.045282513,1e-05,0.0003,228.96208,0.005909114503860473,9244.77265882492,1795000,0.0,795000.0,-0.3083854029951767,-58.164807260568395,200.0,1.1358914375305176,-0.05624542252656985
-192.56235,0.0019463132,0.007836128,192.5643,-192.5643,1.1285754,0.041078635,90000.0,900.0,20,9000.0,0.46653518,1950.6049,192.54832,-28.452387,800.5525,-755.6,33383.805,0.001063087,0.046360336,0.046360336,1e-05,0.0003,225.1472,0.005915668249130249,9274.351005077362,1800000,0.0,800000.0,-0.2533818114024881,-57.93687166419734,200.0,1.1314077377319336,-0.04848480891850761
-145.31905,0.0018423384,0.008979428,145.32089,-145.32089,0.6867967,0.041702192,90000.0,900.0,20,9000.0,0.38267052,1970.405,145.3687,-28.159286,885.97614,-667.3725,32819.656,0.0012043639,0.028640928,0.028640928,1e-05,0.0003,112.83197,0.010086477708816528,9324.783398151398,1805000,0.0,805000.0,-0.3278342754344449,-58.34930125317923,200.0,1.142209768295288,-0.06252696263025144
-197.20259,0.0022141722,0.007833229,197.2048,-197.2048,0.7694444,0.0420757,90000.0,900.0,20,9000.0,0.32115883,1962.4501,197.19757,-29.099476,681.2616,-601.02844,28167.791,0.0007251563,0.03237491,0.03237491,1e-05,0.0003,94.49277,0.005972769260406494,9354.64724946022,1810000,0.0,810000.0,-0.25555302393977986,-54.160357157491354,200.0,1.1573681831359863,0.08009567758030396
-158.7193,0.0024051694,0.008124632,158.72171,-158.72171,0.97821915,0.040420886,90000.0,900.0,20,9000.0,0.35416594,1968.1431,158.71825,-28.077309,1106.4884,-1119.4618,34804.438,0.00082544214,0.039540485,0.039540485,1e-05,0.0003,197.49922,0.006015517711639404,9384.724843740463,1815000,0.0,815000.0,-0.2882819476423169,-56.56984600104796,200.0,1.1688203811645508,-0.0019411442478206135
-121.54667,0.0018806751,0.010392047,121.54855,-121.54855,1.1963351,0.03926263,90000.0,900.0,20,9000.0,0.9928499,1935.004,121.55284,-28.899998,563.3113,-543.6839,30194.44,0.00095997826,0.04697126,0.04697126,1e-05,0.0003,302.18756,0.005954576253890991,9414.497730016708,1820000,0.0,820000.0,-0.3012108226252549,-55.532557150257354,200.0,1.1500096321105957,0.033375840457948065
-123.2861,0.0025948337,0.007579678,123.2887,-123.2887,1.3434073,0.040545683,90000.0,900.0,20,9000.0,0.2653307,1954.5807,123.30599,-28.349789,527.3256,-567.76636,32639.22,0.0009938729,0.054469366,0.054469366,1e-05,0.0003,367.20352,0.005874624109268188,9443.87085533142,1825000,0.0,825000.0,-0.303273000008663,-54.56281578317848,200.0,1.1460347175598145,0.06639300920855438
-147.92891,0.002635805,0.008140787,147.93155,-147.93155,1.0421528,0.041325234,90000.0,900.0,20,9000.0,0.29583865,1659.5745,147.89862,-28.297775,564.1112,-548.50903,29132.344,0.00077159255,0.043067206,0.043067206,1e-05,0.0003,239.97179,0.0059323848247528075,9473.532784223557,1830000,0.0,830000.0,-0.30243313283597545,-58.732371286807414,200.0,1.1404328346252441,-0.0755694999221287
-153.97543,0.0021692335,0.008799318,153.9776,-153.9776,1.1598357,0.042888373,90000.0,900.0,20,9000.0,0.34660357,1971.4237,153.98453,-28.708406,740.057,-645.2328,27085.195,0.0014249178,0.049743466,0.049743466,1e-05,0.0003,294.06238,0.005905658960342407,9503.061084508896,1835000,0.0,835000.0,-0.2714130221309614,-57.11469991179402,200.0,1.1239361763000488,-0.020492001338428125
-169.11232,0.0023113138,0.0076073427,169.11462,-169.11462,0.61099637,0.04341027,90000.0,900.0,20,9000.0,0.29110748,1951.6047,169.1228,-28.756573,653.2226,-841.238,27755.287,0.0014000793,0.026523517,0.026523517,1e-05,0.0003,69.89044,0.005926101636886597,9532.691597938538,1840000,0.0,840000.0,-0.32453550505259143,-57.29548703478909,200.0,1.4900627136230469,-0.02664733218282157
-137.11942,0.0021026323,0.009017313,137.12152,-137.12152,1.07661,0.04180832,90000.0,900.0,20,9000.0,0.37018335,1956.9131,137.07239,-29.389362,445.70804,-493.0604,27005.502,0.00079937227,0.04501125,0.04501125,1e-05,0.0003,268.352,0.005871508312225342,9562.049144744873,1845000,0.0,845000.0,-0.28471464126008444,-50.751540234720785,200.0,1.1620752811431885,0.19615701867588714
-164.6103,0.0018131786,0.008432958,164.61212,-164.61212,0.7732943,0.042286642,90000.0,900.0,20,9000.0,0.26086462,1949.7357,164.59683,-28.481209,651.3545,-731.16754,32285.729,0.0012840368,0.03270002,0.03270002,1e-05,0.0003,129.95076,0.005928536939620972,9591.691834688187,1850000,0.0,850000.0,-0.3400632190146039,-60.60850697430966,200.0,1.1295335292816162,-0.13944703541377307
-171.72519,0.0023008978,0.007894392,171.7275,-171.7275,1.0550319,0.041955706,90000.0,900.0,20,9000.0,0.28287667,1965.2253,171.7406,-29.343365,1129.2908,-831.1898,37074.42,0.00080892385,0.044264607,0.044264607,1e-05,0.0003,226.93916,0.005937890768051147,9621.38129401207,1855000,0.0,855000.0,-0.28832762739317436,-53.97806170361594,200.0,1.138185739517212,0.08630236316411416
-155.75609,0.0023097345,0.0077373073,155.75839,-155.75839,0.7540049,0.041360635,90000.0,900.0,20,9000.0,0.55325025,1977.0958,155.74316,-29.201805,564.63324,-539.8218,22908.762,0.00073244877,0.031186122,0.031186122,1e-05,0.0003,125.472275,0.0059237204551696775,9650.99990105629,1860000,0.0,860000.0,-0.2708018413943023,-53.419804215819255,200.0,1.4781606197357178,0.10530957715602132
-154.76431,0.002288857,0.009075781,154.7666,-154.7666,0.96798724,0.040804274,90000.0,900.0,20,9000.0,1.0944617,1958.566,154.84248,-28.73012,474.03223,-630.2646,30269.172,0.00096406724,0.039498016,0.039498016,1e-05,0.0003,201.8123,0.005857833385467529,9680.289073228836,1865000,0.0,865000.0,-0.3308590535200123,-56.63921096708022,200.0,1.136430263519287,-0.004302840744037986
-108.544106,0.0024038153,0.010257021,108.54651,-108.54651,0.86483836,0.04057874,90000.0,900.0,20,9000.0,0.21325478,1960.8507,108.55339,-29.24312,419.61502,-483.73596,23286.322,0.0014405315,0.035094053,0.035094053,1e-05,0.0003,207.51562,0.005898620510101318,9709.782181024551,1870000,0.0,870000.0,-0.30500188448012666,-55.907525558557246,200.0,1.1318128108978271,0.020609142415276203
-138.23895,0.0018398869,0.008731793,138.2408,-138.2408,0.9111021,0.03975556,90000.0,900.0,20,9000.0,0.17976928,1955.6785,138.21954,-29.777605,397.82056,-396.3554,25812.004,0.00063415885,0.036221378,0.036221378,1e-05,0.0003,187.93321,0.005950404167175293,9739.5342066288,1875000,0.0,875000.0,-0.3374544205541349,-57.154875523870096,200.0,1.1493723392486572,-0.02185987632923155
-160.00862,0.0021632882,0.00771507,160.01079,-160.01079,1.1898774,0.039484303,90000.0,900.0,20,9000.0,1.1311495,1951.8492,160.03555,-29.991396,496.41245,-521.1903,31172.26,0.0007175713,0.04698148,0.04698148,1e-05,0.0003,263.95584,0.005906607675552368,9769.06725025177,1880000,0.0,880000.0,-0.2991121125534111,-54.61387035012266,200.0,1.439206600189209,0.06465473412871235
-153.66956,0.0022317588,0.008673312,153.67178,-153.67178,0.9132744,0.04008694,90000.0,900.0,20,9000.0,0.24117318,1968.3198,153.65146,-29.34804,1080.1064,-817.25433,35200.74,0.0008834798,0.036610376,0.036610376,1e-05,0.0003,176.065,0.0058550185680389406,9798.342348575592,1885000,0.0,885000.0,-0.29049622284285154,-56.600299018900415,200.0,1.15897536277771,-0.0029779902188537067
-166.41895,0.0017726503,0.007530936,166.42072,-166.42072,0.9294164,0.038986687,90000.0,900.0,20,9000.0,0.19864091,1969.8292,166.44817,-29.575012,396.51468,-391.84363,27736.137,0.0010922616,0.036234867,0.036234867,1e-05,0.0003,159.8935,0.0059246913433074954,9827.96581029892,1890000,0.0,890000.0,-0.24962944843710655,-55.08301542363812,200.0,1.1595666408538818,0.04868156583185472
-207.87273,0.002261299,0.0081156725,207.87498,-207.87498,1.0348433,0.03847999,90000.0,900.0,20,9000.0,0.19107802,1972.7821,207.87175,-29.496315,646.0701,-653.815,31967.8,0.0012448218,0.039820764,0.039820764,1e-05,0.0003,150.70522,0.005928110933303833,9857.606369972229,1895000,0.0,895000.0,-0.2636686146097838,-59.1527278095037,200.0,1.1291775703430176,-0.08988154508844835
-157.12741,0.0023120681,0.009205031,157.12973,-157.12973,0.72051674,0.039438922,90000.0,900.0,20,9000.0,0.1910344,1957.7451,157.10965,-28.780104,642.3429,-872.74133,35598.78,0.0011571413,0.028416403,0.028416403,1e-05,0.0003,98.81125,0.00585596284866333,9886.886189460754,1900000,0.0,900000.0,-0.2863857194655832,-54.21599189145587,200.0,1.136723518371582,0.07820145973824696
-164.7729,0.002212855,0.008312834,164.77512,-164.77512,0.97317666,0.038807996,90000.0,900.0,20,9000.0,0.18841816,1928.3698,164.76074,-28.441793,946.5457,-618.197,32190.055,0.0011254288,0.037767034,0.037767034,1e-05,0.0003,175.31883,0.010005807828903198,9936.91523385048,1905000,0.0,905000.0,-0.33071525616115377,-58.354409756196695,200.0,1.119469404220581,-0.06270089385760413
-146.73657,0.0020100637,0.0073338766,146.73859,-146.73859,1.0825053,0.039668974,90000.0,900.0,20,9000.0,0.14904179,1964.3971,146.68808,-30.084948,419.48575,-318.77856,25647.59,0.00078803004,0.042941876,0.042941876,1e-05,0.0003,239.88934,0.005872199296951294,9966.276235103607,1910000,0.0,910000.0,-0.31068815079348794,-55.2147763469734,200.0,1.1269328594207764,0.04419544944228469
-150.33325,0.0020175595,0.008571246,150.33527,-150.33527,1.075575,0.039398607,90000.0,900.0,20,9000.0,0.18455712,1933.4318,150.30888,-29.814808,1425.7368,-957.80536,42657.164,0.0011494036,0.042376153,0.042376153,1e-05,0.0003,231.23668,0.005878450298309326,9995.668491840363,1915000,0.0,915000.0,-0.32222623677962303,-59.51580198589934,200.0,1.1289217472076416,-0.10224327550235476
-141.26137,0.0021422342,0.008897914,141.2635,-141.2635,0.82157576,0.0395956,90000.0,900.0,20,9000.0,0.16702849,1967.2249,141.2789,-30.022133,342.54108,-708.43475,20983.203,0.0013614071,0.032530785,0.032530785,1e-05,0.0003,151.68272,0.0058426506519317625,10024.881750106812,1920000,0.0,920000.0,-0.26580370703979905,-57.00172623611585,200.0,1.166776418685913,-0.016645541817495873
-177.78853,0.0019035342,0.008170887,177.79044,-177.79044,1.0443493,0.03926365,90000.0,900.0,20,9000.0,0.29874957,1970.2423,177.79831,-29.62781,918.59436,-535.555,25017.387,0.0014622209,0.041004967,0.041004967,1e-05,0.0003,191.55493,0.005913303804397583,10054.44827413559,1925000,0.0,925000.0,-0.2645968171244926,-53.31474405753434,200.0,1.1292221546173096,0.10888660201318233
-115.05368,0.0026423507,0.0108373305,115.05632,-115.05632,1.3887017,0.04043999,90000.0,900.0,20,9000.0,0.2089536,1972.4329,115.09402,-30.137583,711.2989,-504.7101,31945.082,0.0009812199,0.05615908,0.05615908,1e-05,0.0003,390.58698,0.00594699387550354,10084.183248281479,1930000,0.0,930000.0,-0.2621615544808634,-53.264031885633386,200.0,1.1397135257720947,0.11061321943325511
-122.53588,0.0017955818,0.009643732,122.537674,-122.537674,1.3569413,0.04283633,90000.0,900.0,20,9000.0,0.1759691,1958.763,122.50783,-30.40006,695.14233,-612.4115,36884.8,0.0007884654,0.05812639,0.05812639,1e-05,0.0003,400.7776,0.005999395608901978,10114.180230855942,1935000,0.0,935000.0,-0.3072505312201071,-58.164878133830996,200.0,1.1799170970916748,-0.056247835576637255
-162.69952,0.0021741537,0.008496476,162.70169,-162.70169,0.7811691,0.042828638,90000.0,900.0,20,9000.0,0.36316788,1972.4297,162.70154,-29.946934,691.7829,-514.7165,34577.746,0.00082885625,0.033456407,0.033456407,1e-05,0.0003,138.77132,0.00593480749130249,10143.854273557663,1940000,0.0,940000.0,-0.282569714254315,-55.440623598748644,200.0,1.1706440448760986,0.03650593853053935
-182.63165,0.002475562,0.008743189,182.63412,-182.63412,1.4298452,0.043321896,90000.0,900.0,20,9000.0,0.23694475,1978.8154,182.64008,-29.57296,660.38495,-708.89624,32245.572,0.0010767555,0.061943606,0.061943606,1e-05,0.0003,375.09772,0.00601775221824646,10173.943039655685,1945000,0.0,945000.0,-0.24729991123245998,-54.798319247229955,200.0,1.1496496200561523,0.05837472940951649
-136.75153,0.0024756473,0.008501016,136.754,-136.754,1.0205965,0.042888813,90000.0,900.0,20,9000.0,0.33892128,1972.8591,136.76514,-29.925201,757.47906,-777.5343,37036.113,0.0011918095,0.04377217,0.04377217,1e-05,0.0003,257.53693,0.006011254119873047,10203.999314785004,1950000,0.0,950000.0,-0.26495750792475564,-52.695706027664535,200.0,1.155029058456421,0.12996323521572553
-157.30821,0.0018451659,0.010161619,157.31006,-157.31006,1.1113007,0.043021273,90000.0,900.0,20,9000.0,0.2340733,1972.5499,157.3116,-29.197056,391.28043,-520.04596,26140.223,0.0013555209,0.04780957,0.04780957,1e-05,0.0003,273.21198,0.00596890287399292,10233.843833684921,1955000,0.0,955000.0,-0.27855723846475855,-55.94276780351358,200.0,1.1441636085510254,0.01940923573048803
-162.1292,0.0019963204,0.008345038,162.1312,-162.1312,0.77927977,0.043075714,90000.0,900.0,20,9000.0,0.30425298,1974.5773,162.11519,-28.531416,614.5902,-487.15796,26791.062,0.0010650842,0.033568032,0.033568032,1e-05,0.0003,140.28734,0.0058693583965301515,10263.190630674362,1960000,0.0,960000.0,-0.28897583043881725,-55.69846270010056,200.0,1.154733657836914,0.02772718843402152
-163.89175,0.0021407483,0.010110683,163.89389,-163.89389,0.9608903,0.043835197,90000.0,900.0,20,9000.0,0.42336774,1970.7292,163.87611,-29.129202,667.14294,-636.70844,32096.256,0.0010276525,0.042120814,0.042120814,1e-05,0.0003,215.61896,0.005916815614700317,10292.774714231491,1965000,0.0,965000.0,-0.251548728734941,-52.44097494033725,200.0,1.1775870323181152,0.13863616552666522
-143.39293,0.002426311,0.009058704,143.39536,-143.39536,0.6474387,0.043233484,90000.0,900.0,20,9000.0,0.36563027,1977.9933,143.38383,-29.883211,241.52402,-261.88757,18930.906,0.0012294397,0.02799103,0.02799103,1e-05,0.0003,108.89197,0.005909556913375855,10322.322503566742,1970000,0.0,970000.0,-0.32295827033127744,-59.91711466064851,200.0,1.140974760055542,-0.11590692722824102
-129.90706,0.0020718165,0.009579895,129.90913,-129.90913,1.1109511,0.04240552,90000.0,900.0,20,9000.0,0.47206157,1915.1885,129.9001,-29.771072,1255.7084,-772.02014,39725.625,0.0014699149,0.04711046,0.04711046,1e-05,0.0003,294.55914,0.005926069259643555,10351.952855110168,1975000,0.0,975000.0,-0.2620956916622919,-58.934148661205064,200.0,1.42061185836792,-0.08243949417699856
-141.60593,0.0023229606,0.009418076,141.60825,-141.60825,0.90730774,0.04233271,90000.0,900.0,20,9000.0,0.46044025,1976.997,141.58653,-30.071516,1765.1669,-1179.3262,36683.008,0.0014894309,0.038408794,0.038408794,1e-05,0.0003,204.53365,0.005842454481124878,10381.165133714676,1980000,0.0,980000.0,-0.2764637259833384,-58.11054848346515,200.0,1.1277179718017578,-0.054398052433226596
-156.9298,0.0019849436,0.009227266,156.93178,-156.93178,1.0237685,0.041858878,90000.0,900.0,20,9000.0,1.2399231,1956.3635,156.99507,-28.289734,1220.5159,-1411.1045,47014.87,0.0012210513,0.042853802,0.042853802,1e-05,0.0003,229.99437,0.005929806280136108,10410.81416964531,1985000,0.0,985000.0,-0.29433782210384146,-59.61098740067128,200.0,1.1542837619781494,-0.10548409105257557
-145.77493,0.0020082956,0.010157265,145.77695,-145.77695,1.0723569,0.04096183,90000.0,900.0,20,9000.0,0.77361405,1941.4199,145.725,-28.986195,1482.1892,-1009.5302,40102.734,0.0014156221,0.043925703,0.043925703,1e-05,0.0003,250.33002,0.005912035369873047,10440.374351739883,1990000,0.0,990000.0,-0.29286523930385433,-54.329931266136256,200.0,1.1437525749206543,0.0743221206805631
-188.11447,0.0025929294,0.008285276,188.11707,-188.11707,0.7868325,0.041072886,90000.0,900.0,20,9000.0,0.89457214,1971.986,188.10547,-29.375639,449.5055,-586.0183,33689.008,0.00074903824,0.032317482,0.032317482,1e-05,0.0003,103.637436,0.005923328876495361,10469.991001367569,1995000,0.0,995000.0,-0.29568588291325987,-58.21667275385303,200.0,1.498734712600708,-0.05801130753699348
-174.54456,0.0022960575,0.0093383035,174.54684,-174.54684,0.8254923,0.041838415,90000.0,900.0,20,9000.0,0.50236416,1965.4958,174.53879,-28.600788,479.90726,-398.13443,32696.932,0.0011141229,0.03453729,0.03453729,1e-05,0.0003,136.79341,0.005879384422302246,10499.38792848587,2000000,0.0,1000000.0,-0.2514039398714616,-53.047804770924635,200.0,1.1766293048858643,0.11797518972467495
