training/actor/bound_loss,training/actor/q_loss,training/alpha/current_vs_historical_ratio,training/alpha/historical_avg_loss,training/alpha/max_alpha_bound,training/alpha/min_alpha_bound,training/alpha/valid_count,training/alpha_weight,training/critic/critic_loss,training/critic/q_max,training/critic/q_mean,training/critic/q_min,training/grad/max,training/grad/min,training/grad/norm,training/meanflow/consistency_loss,training/meanflow/flow_loss,training/meanflow/mean_flow_loss,training/metrics/actor_learning_rate,training/metrics/critic_learning_rate,training/total_loss,time/epoch_time,time/total_time,step,training/actor/any_oob,training/actor/coordinate_oob,training/actor/jacobian,training/actor/loss,training/actor/max_clip,training/actor/mean_clip,training/actor/q,training/actor/transport,training/control/adjoint_clip_fraction,training/control/adjoint_norm,training/control/applied_adjoint_norm,training/control/eta,training/control/gate,training/control/relative_critic_disagreement,training/teacher/endpoint_variance,training/teacher/q,exploration/goal_achieved,exploration/total.timesteps,exploration/episode.final_reward,exploration/episode.return,exploration/episode.length,exploration/episode.duration,exploration/episode.normalized_return
0.0,0.0,1.0,0.0,90000.0,900.0,0,9000.0,16.908583,3.8545947,0.30013457,-3.0868514,13353.893,-13591.726,284245.66,0.0,1.0299811,1.0299811,0.0,0.0003,9286.738,0.0017271334648132324,8.63568925857544,0,,,,,,,,,,,,,,,,,,,,,,,
0.011762675,0.0,24999218.0,0.0,90000.0,900.0,2,9000.0,1.4438727,460.9985,39.547314,-9.554356,4671.424,-4575.9395,309533.75,0.0,0.24999218,0.24999218,1e-05,0.0003,2251.3853,0.012179461765289307,69.53313827514648,5000,,,,,,,,,,,,,,,,,,,,,,,
0.0047765183,0.0,20272530.0,0.0,90000.0,900.0,4,9000.0,4.9809427,841.04065,95.11779,-13.458463,6654.1934,-8063.452,251729.31,0.0,0.20272529,0.20272529,2e-05,0.0003,1829.5133,0.007574946355819702,107.40799617767334,10000,,,,,,,,,,,,,,,,,,,,,,,
0.008675831,0.0,14361978.0,0.0,90000.0,900.0,7,9000.0,3.075491,1142.0771,148.77144,-18.466305,4607.147,-3671.1973,169271.56,0.0,0.14361978,0.14361978,3e-05,0.0003,1295.6621,0.0076745390892028805,145.78082847595215,15000,,,,,,,,,,,,,,,,,,,,,,,
0.0066503272,0.0,16091424.0,0.0,90000.0,900.0,9,9000.0,3.5074263,1379.8184,168.99039,-24.1889,6268.9146,-4941.098,126081.34,0.0,0.16091424,0.16091424,4e-05,0.0003,1451.7422,0.007997176170349122,185.76685667037964,20000,,,,,,,,,,,,,,,,,,,,,,,
0.007838781,0.0,1.291323,0.10316076,90000.0,900.0,12,9000.0,3.8884366,1559.5183,224.98303,-30.35126,5401.7554,-5778.819,100485.96,0.0,0.13321386,0.13321386,5e-05,0.0003,1202.821,0.007908711624145508,225.3105595111847,25000,,,,,,,,,,,,,,,,,,,,,,,
0.007072302,0.0,1.0753509,0.13842127,90000.0,900.0,14,9000.0,8.318562,1693.7579,280.51447,-42.920216,8286.744,-8420.687,95293.08,0.0,0.14885144,0.14885144,6e-05,0.0003,1347.9886,0.008021693801879884,265.41916012763977,30000,,,,,,,,,,,,,,,,,,,,,,,
0.0075891837,0.0,0.7509679,0.16331376,90000.0,900.0,17,9000.0,19.803295,1800.584,319.13043,-72.80184,3180.7134,-6591.7705,95125.46,0.0,0.122643396,0.122643396,6.9999995e-05,0.0003,1123.6014,0.00785508017539978,304.69468450546265,35000,,,,,,,,,,,,,,,,,,,,,,,
0.0065303226,0.0,0.68565917,0.17169513,90000.0,900.0,19,9000.0,25.857658,1883.0077,334.9412,-119.08789,7749.629,-4991.82,67952.97,0.0,0.11772433,0.11772433,8e-05,0.0003,1085.383,0.00779005126953125,343.6450674533844,40000,,,,,,,,,,,,,,,,,,,,,,,
0.0065559214,0.0,0.7772328,0.14745432,90000.0,900.0,20,9000.0,17.588085,1953.8218,321.07352,-172.98152,2180.3308,-7200.161,70922.12,0.0,0.114606336,0.114606336,8.9999994e-05,0.0003,1049.0516,0.007963504409790038,383.4627094268799,45000,,,,,,,,,,,,,,,,,,,,,,,
0.006962091,0.0,0.7596486,0.13789813,90000.0,900.0,20,9000.0,62.64012,2013.35,359.90173,-243.93677,3738.8704,-2403.14,58592.914,0.0,0.10475412,0.10475412,1e-04,0.0003,1005.4342,0.0076838454246521,421.8820695877075,50000,,,,,,,,,,,,,,,,,,,,,,,
0.005829592,0.0,0.9064846,0.12627359,90000.0,900.0,20,9000.0,29.49313,2056.1133,356.748,-307.40283,1898.0928,-3222.5947,57431.1,0.0,0.114465065,0.114465065,9.999385e-05,0.0003,1059.6844,0.007744547986984253,460.60494780540466,55000,,,,,,,,,,,,,,,,,,,,,,,
0.0038892138,0.0,0.7442023,0.12104451,90000.0,900.0,20,9000.0,21.521198,2093.5425,320.51108,-248.4441,2844.6057,-3653.658,57772.305,0.0,0.0900816,0.0900816,9.99754e-05,0.0003,832.2595,0.00750162992477417,498.11323070526123,60000,,,,,,,,,,,,,,,,,,,,,,,
0.004236176,0.0,0.731647,0.114736654,90000.0,900.0,20,9000.0,11.40664,2117.7893,441.5963,-253.40477,2012.9058,-3014.8926,44101.215,0.0,0.083946735,0.083946735,9.994465e-05,0.0003,766.9315,0.007656503915786744,536.3958814144135,65000,,,,,,,,,,,,,,,,,,,,,,,
0.005186503,0.0,1.0435498,0.10984037,90000.0,900.0,20,9000.0,67.623695,2137.2068,419.73547,-276.28674,1644.425,-2269.2725,54018.68,0.0,0.114623904,0.114623904,9.990162e-05,0.0003,1099.244,0.007665168619155884,574.7218663692474,70000,,,,,,,,,,,,,,,,,,,,,,,
0.005169651,0.0,0.9041789,0.10644354,90000.0,900.0,20,9000.0,55.00515,2150.8894,381.95566,-179.63387,2402.402,-2427.1665,51569.25,0.0,0.09624401,0.09624401,9.984629e-05,0.0003,921.20636,0.007758106994628906,613.512514591217,75000,,,,,,,,,,,,,,,,,,,,,,,
0.004513395,0.0,0.791662,0.10308435,90000.0,900.0,20,9000.0,28.094578,2157.2288,377.43073,-236.4153,1526.6438,-2452.5208,50897.66,0.0,0.08160795,0.08160795,9.977873e-05,0.0003,762.5707,0.0075756412982940675,651.3908548355103,80000,,,,,,,,,,,,,,,,,,,,,,,
0.005165494,0.0,0.95404905,0.098062515,90000.0,900.0,20,9000.0,20.92389,2159.5676,388.1299,-163.87071,1284.5111,-2382.5024,47264.56,0.0,0.09355645,0.09355645,9.969891e-05,0.0003,862.93713,0.007727372264862061,690.0278027057648,85000,,,,,,,,,,,,,,,,,,,,,,,
0.0039061552,0.0,0.801457,0.09236257,90000.0,900.0,20,9000.0,25.917439,2153.4143,365.5848,-173.85818,1182.9712,-1337.3496,45461.695,0.0,0.074024625,0.074024625,9.9606885e-05,0.0003,692.14294,0.007388823938369751,726.972038269043,90000,,,,,,,,,,,,,,,,,,,,,,,
0.0038986336,0.0,0.824597,0.08922021,90000.0,900.0,20,9000.0,16.85426,2156.3262,390.7524,-161.92082,1865.687,-2190.0635,48036.984,0.0,0.07357072,0.07357072,9.950265e-05,0.0003,678.9946,0.0072741020679473875,763.3426542282104,95000,,,,,,,,,,,,,,,,,,,,,,,
0.0025961201,0.0,1.0280313,0.08950075,90000.0,900.0,20,9000.0,105.47974,2150.0264,410.03156,-195.77368,1296.9895,-1060.0768,47057.543,0.0,0.092009574,0.092009574,9.938626e-05,0.0003,933.5685,0.006988126134872437,798.2833888530731,100000,,,,,,,,,,,,,,,,,,,,,,,
0.0045550233,0.0,0.98779833,0.08654604,90000.0,900.0,20,9000.0,20.03559,2155.069,419.52216,-168.73831,878.5765,-1464.7192,42131.24,0.0,0.08549003,0.08549003,9.9257726e-05,0.0003,789.45044,0.011138599872589111,853.976526260376,105000,,,,,,,,,,,,,,,,,,,,,,,
0.0035063908,0.0,0.8343398,0.08525798,90000.0,900.0,20,9000.0,11.1413965,2153.0703,381.82712,-162.7561,1360.3137,-1007.7969,38162.094,0.0,0.07113412,0.07113412,9.91171e-05,0.0003,651.352,0.00753911943435669,891.6722583770752,110000,,,,,,,,,,,,,,,,,,,,,,,
0.0034159152,0.0,0.9495296,0.08179844,90000.0,900.0,20,9000.0,10.894718,2157.4587,368.36975,-66.00619,970.149,-1050.9788,44135.965,0.0,0.07767004,0.07767004,9.896442e-05,0.0003,709.92847,0.007677791786193848,930.0613279342651,115000,,,,,,,,,,,,,,,,,,,,,,,
0.004656872,0.0,0.93572944,0.08096259,90000.0,900.0,20,9000.0,23.107632,2151.5842,360.12482,-68.09882,937.4771,-1392.7601,45196.984,0.0,0.07575908,0.07575908,9.8799705e-05,0.0003,704.94403,0.007807141971588135,969.0971953868866,120000,,,,,,,,,,,,,,,,,,,,,,,
0.0040566763,0.0,0.70644546,0.07924255,90000.0,900.0,20,9000.0,11.679835,2158.5461,416.60602,-114.523056,1060.5731,-895.6997,38734.258,0.0,0.055980537,0.055980537,9.8623015e-05,0.0003,515.5087,0.008322189474105835,1010.708300113678,125000,,,,,,,,,,,,,,,,,,,,,,,
0.0037525084,0.0,1.1088469,0.07830244,90000.0,900.0,20,9000.0,14.602821,2124.5247,372.93964,-77.78675,1055.4142,-968.8657,43892.273,0.0,0.086825415,0.086825415,9.843441e-05,0.0003,796.0353,0.007928478622436523,1050.3508431911469,130000,,,,,,,,,,,,,,,,,,,,,,,
0.0035135173,0.0,0.80962366,0.07774754,90000.0,900.0,20,9000.0,8.089024,2115.8813,348.0463,-52.155964,788.52527,-955.4855,38142.91,0.0,0.062946245,0.062946245,9.823391e-05,0.0003,574.60876,0.007986203241348267,1090.2820184230804,135000,,,,,,,,,,,,,,,,,,,,,,,
0.0036003008,0.0,1.0513694,0.074434064,90000.0,900.0,20,9000.0,11.889446,2164.431,412.27014,-97.094,1054.0897,-1215.9711,47707.97,0.0,0.078257695,0.078257695,9.8021614e-05,0.0003,716.21234,0.00791993727684021,1129.881846666336,140000,,,,,,,,,,,,,,,,,,,,,,,
0.002750951,0.0,0.73285717,0.07359419,90000.0,900.0,20,9000.0,7.8176947,2136.6736,396.79688,-60.97339,800.812,-733.32623,34970.29,0.0,0.05393403,0.05393403,9.779754e-05,0.0003,493.2267,0.007981705522537231,1169.7905218601227,145000,,,,,,,,,,,,,,,,,,,,,,,
0.0032263128,0.0,0.93174934,0.072859876,90000.0,900.0,20,9000.0,7.5033417,2169.3237,399.52478,-53.59782,822.453,-937.77484,40070.35,0.0,0.06788714,0.06788714,9.756177e-05,0.0003,618.49084,0.007803439235687256,1208.8078923225403,150000,,,,,,,,,,,,,,,,,,,,,,,
0.003995261,0.0,0.96697724,0.07168341,90000.0,900.0,20,9000.0,8.933342,2126.7139,351.16925,-55.24547,1221.9158,-1257.6987,48499.83,0.0,0.06931622,0.06931622,9.7314376e-05,0.0003,632.7833,0.007934612560272216,1248.481108903885,155000,,,,,,,,,,,,,,,,,,,,,,,
0.003004611,0.0,0.9199058,0.07082439,90000.0,900.0,20,9000.0,5.9384885,2177.0273,400.04922,-47.36116,1467.2401,-1211.745,39474.773,0.0,0.065151766,0.065151766,9.7055396e-05,0.0003,592.3074,0.008162570810317992,1289.2941415309906,160000,,,,,,,,,,,,,,,,,,,,,,,
0.0030529047,0.0,1.0297899,0.06873593,90000.0,900.0,20,9000.0,5.0067,2080.382,357.1546,-49.094604,1574.944,-1362.7057,49430.863,0.0,0.07078356,0.07078356,9.6784934e-05,0.0003,642.0618,0.00831893801689148,1330.8889954090118,165000,,,,,,,,,,,,,,,,,,,,,,,
0.0035317005,0.0,0.8413917,0.06816974,90000.0,900.0,20,9000.0,11.046627,2179.8254,393.5347,-51.980286,843.1767,-839.114,42947.008,0.0,0.057357453,0.057357453,9.6503034e-05,0.0003,527.2673,0.008549801158905029,1373.6381664276123,170000,,,,,,,,,,,,,,,,,,,,,,,
0.003087028,0.0,0.7661104,0.06461015,90000.0,900.0,20,9000.0,7.683172,2183.008,384.19702,-40.232357,1153.697,-944.7558,36441.21,0.0,0.04949851,0.04949851,9.62098e-05,0.0003,453.17282,0.008098284006118775,1414.129644870758,175000,,,,,,,,,,,,,,,,,,,,,,,
0.0030206318,0.0,1.0020767,0.06440837,90000.0,900.0,20,9000.0,5.829365,2072.3953,396.63458,-35.80644,883.18036,-719.8599,39342.207,0.0,0.06454213,0.06454213,9.59053e-05,0.0003,586.71155,0.00830802812576294,1455.6699562072754,180000,,,,,,,,,,,,,,,,,,,,,,,
0.0024165236,0.0,1.0263942,0.062043138,90000.0,900.0,20,9000.0,5.2729845,2082.9297,359.1895,-43.56694,734.7662,-842.4265,42697.945,0.0,0.06368072,0.06368072,9.558961e-05,0.0003,578.4019,0.00824205117225647,1496.880380153656,185000,,,,,,,,,,,,,,,,,,,,,,,
0.002334028,0.0,1.1317532,0.06025811,90000.0,900.0,20,9000.0,4.2450466,2196.3145,372.9851,-38.62725,812.54047,-810.2988,41259.773,0.0,0.06819731,0.06819731,9.526282e-05,0.0003,618.0232,0.00833944821357727,1538.577796459198,190000,,,,,,,,,,,,,,,,,,,,,,,
0.002858896,0.0,0.969852,0.059379723,90000.0,900.0,20,9000.0,2.934082,2198.3135,363.77182,-31.54179,1372.4398,-1874.5612,40255.47,0.0,0.05758954,0.05758954,9.4925024e-05,0.0003,521.2428,0.008043611001968385,1578.796021938324,195000,,,,,,,,,,,,,,,,,,,,,,,
0.0027982912,0.0,1.1212856,0.057912566,90000.0,900.0,20,9000.0,6.2171392,2064.3315,299.4446,-33.504707,843.83167,-825.2805,40147.547,0.0,0.06493652,0.06493652,9.457632e-05,0.0003,590.64856,0.008100712871551514,1619.2997505664825,200000,,,,,,,,,,,,,,,,,,,,,,,
0.0022277841,0.0,1.0198919,0.0583159,90000.0,900.0,20,9000.0,8.373264,2202.5964,341.15976,-36.373837,914.95544,-986.57117,43819.156,0.0,0.05947591,0.05947591,9.42168e-05,0.0003,543.6587,0.011606366968154907,1677.3317384719849,205000,,,,,,,,,,,,,,,,,,,,,,,
0.0027906762,0.0,0.84368503,0.0580565,90000.0,900.0,20,9000.0,4.481233,2065.9832,309.64532,-32.067802,1014.68945,-1127.0356,41928.555,0.0,0.048981402,0.048981402,9.384654e-05,0.0003,445.31662,0.008383860397338867,1719.2511987686157,210000,,,,,,,,,,,,,,,,,,,,,,,
0.0021694754,0.0,1.0473969,0.05695507,90000.0,900.0,20,9000.0,6.1418824,2203.7847,390.42126,-33.172684,667.44244,-897.3975,39521.03,0.0,0.059654564,0.059654564,9.346567e-05,0.0003,543.0351,0.008163820934295653,1760.070452928543,215000,,,,,,,,,,,,,,,,,,,,,,,
0.0023731904,0.0,0.8249978,0.056930866,90000.0,900.0,20,9000.0,5.120312,2202.9675,374.80396,-33.19021,802.4199,-853.4832,37085.95,0.0,0.046967838,0.046967838,9.30743e-05,0.0003,427.83322,0.008073734188079834,1800.4392697811127,220000,,,,,,,,,,,,,,,,,,,,,,,
0.003238761,0.0,1.1169324,0.056431096,90000.0,900.0,20,9000.0,2.9224024,2197.5579,325.97842,-29.704124,900.52386,-959.00006,44981.348,0.0,0.06302972,0.06302972,9.267249e-05,0.0003,570.1932,0.007630208921432495,1838.590463399887,225000,,,,,,,,,,,,,,,,,,,,,,,
0.0018445455,0.0,0.9926608,0.056052964,90000.0,900.0,20,9000.0,2.1562865,2061.3792,383.6337,-29.46767,850.37054,-992.8837,37539.297,0.0,0.055641584,0.055641584,9.2260394e-05,0.0003,502.9324,0.008186636066436768,1879.5237987041473,230000,,,,,,,,,,,,,,,,,,,,,,,
0.0030774018,0.0,1.12394,0.053881716,90000.0,900.0,20,9000.0,2.3933148,2187.714,368.52057,-32.421013,711.07166,-730.59155,36185.277,0.0,0.060559817,0.060559817,9.183811e-05,0.0003,547.4347,0.00824193959236145,1920.7336554527283,235000,,,,,,,,,,,,,,,,,,,,,,,
0.0024531852,0.0,0.77288514,0.055607893,90000.0,900.0,20,9000.0,3.3424833,2181.9536,379.63336,-27.97923,544.34393,-596.84,34967.047,0.0,0.042978514,0.042978514,9.1405775e-05,0.0003,390.15158,0.008303864908218384,1962.2531130313873,240000,,,,,,,,,,,,,,,,,,,,,,,
0.0027699494,0.0,1.0138872,0.052836,90000.0,900.0,20,9000.0,2.8735104,2166.5735,320.3384,-29.66694,1060.0067,-1279.2631,39934.062,0.0,0.05356974,0.05356974,9.0963455e-05,0.0003,485.00397,0.008175585794448853,2003.1311898231506,245000,,,,,,,,,,,,,,,,,,,,,,,
0.0030120595,0.0,0.84357727,0.05195635,90000.0,900.0,20,9000.0,4.341468,2152.5088,344.8114,-33.530502,982.9512,-818.05066,33966.496,0.0,0.043829195,0.043829195,9.051133e-05,0.0003,398.80725,0.00812181477546692,2043.7403984069824,250000,,,,,,,,,,,,,,,,,,,,,,,
0.0024846722,0.0,0.78045726,0.050841272,90000.0,900.0,20,9000.0,2.512914,2145.7378,352.11053,-32.630444,719.55707,-703.9628,35157.246,0.0,0.039679438,0.039679438,9.004948e-05,0.0003,359.63034,0.00811691665649414,2084.325124979019,255000,,,,,,,,,,,,,,,,,,,,,,,
0.001968205,0.0,1.0404875,0.050127316,90000.0,900.0,20,9000.0,1.9632785,2130.645,328.10678,-30.849688,790.8056,-1226.7634,41150.375,0.0,0.052156843,0.052156843,8.9578054e-05,0.0003,471.37683,0.008149823045730592,2125.0743923187256,260000,,,,,,,,,,,,,,,,,,,,,,,
0.0032288858,0.0,0.87705284,0.04980467,90000.0,900.0,20,9000.0,2.3858702,2060.7346,366.9298,-29.845972,483.57236,-540.2992,34325.793,0.0,0.043681324,0.043681324,8.909717e-05,0.0003,395.521,0.008191725397109986,2166.0331614017487,265000,,,,,,,,,,,,,,,,,,,,,,,
0.0029360957,0.0,1.0822555,0.049697157,90000.0,900.0,20,9000.0,2.535246,2110.1587,331.14172,-27.816816,1142.7562,-847.87897,41624.78,0.0,0.053785022,0.053785022,8.860696e-05,0.0003,486.6034,0.00799113187789917,2205.988951444626,270000,,,,,,,,,,,,,,,,,,,,,,,
0.0027943468,0.0,1.0998557,0.050102588,90000.0,900.0,20,9000.0,2.2292829,2098.5803,373.84598,-28.828411,1239.695,-686.3361,41209.312,0.0,0.055105615,0.055105615,8.810758e-05,0.0003,498.18262,0.007960822105407715,2245.793208360672,275000,,,,,,,,,,,,,,,,,,,,,,,
0.002560654,0.0,1.0439912,0.047643147,90000.0,900.0,20,9000.0,2.3506188,2088.6836,405.7506,-27.816227,976.59045,-992.8862,38442.453,0.0,0.049739026,0.049739026,8.759914e-05,0.0003,450.0044,0.008109536790847778,2286.341029405594,280000,,,,,,,,,,,,,,,,,,,,,,,
0.0024623547,0.0,1.2828004,0.048094574,90000.0,900.0,20,9000.0,2.07141,2087.6597,378.047,-30.202774,1179.8446,-856.7385,44365.28,0.0,0.06169574,0.06169574,8.708179e-05,0.0003,557.3355,0.007890131521224976,2325.7918286323547,285000,,,,,,,,,,,,,,,,,,,,,,,
0.002556086,0.0,1.0296558,0.04825755,90000.0,900.0,20,9000.0,2.3310547,2056.9973,353.65106,-28.872372,827.3141,-800.94037,37728.42,0.0,0.049688663,0.049688663,8.655565e-05,0.0003,449.5316,0.008135084581375122,2366.4673924446106,290000,,,,,,,,,,,,,,,,,,,,,,,
0.00307222,0.0,0.8739739,0.04969656,90000.0,900.0,20,9000.0,3.3669522,2076.813,427.41156,-27.700556,1103.4464,-1646.9707,42207.484,0.0,0.0434335,0.0434335,8.602091e-05,0.0003,394.2715,0.007655743837356567,2404.7462379932404,295000,,,,,,,,,,,,,,,,,,,,,,,
0.002591324,0.0,0.9055585,0.048675507,90000.0,900.0,20,9000.0,1.8466611,2073.7485,360.9466,-30.00407,703.388,-550.18994,34738.934,0.0,0.04407852,0.04407852,8.547767e-05,0.0003,398.55594,0.00797180438041687,2444.6053857803345,300000,,,,,,,,,,,,,,,,,,,,,,,
0.0027536454,0.0,0.82283777,0.048157424,90000.0,900.0,20,9000.0,1.8089788,2070.1382,392.7192,-28.02429,617.8651,-579.308,34550.5,0.0,0.03962575,0.03962575,8.49261e-05,0.0003,358.44348,0.011736651611328124,2503.2888100147247,305000,,,,,,,,,,,,,,,,,,,,,,,
0.0029084557,0.0,1.0300297,0.047580972,90000.0,900.0,20,9000.0,1.5472368,2067.474,345.13586,-28.773895,3117.5073,-2372.7312,54549.27,0.0,0.049009815,0.049009815,8.436636e-05,0.0003,442.6385,0.00833641276359558,2544.9711084365845,310000,,,,,,,,,,,,,,,,,,,,,,,
0.0025682622,0.0,1.1242923,0.047053423,90000.0,900.0,20,9000.0,2.761078,2059.8923,337.93088,-31.071175,993.0136,-953.5414,42910.934,0.0,0.052901797,0.052901797,8.3798586e-05,0.0003,478.87982,0.00843785195350647,2587.1605684757233,315000,,,,,,,,,,,,,,,,,,,,,,,
0.0036239503,0.0,0.97642624,0.04746231,90000.0,900.0,20,9000.0,1.7598602,2061.1401,302.5266,-26.765112,835.60986,-930.5798,42582.77,0.0,0.046343446,0.046343446,8.322294e-05,0.0003,418.8545,0.008391369438171387,2629.1175725460052,320000,,,,,,,,,,,,,,,,,,,,,,,
0.003107279,0.0,0.83638865,0.047853027,90000.0,900.0,20,9000.0,2.6356635,2054.7444,356.00558,-25.531225,1030.5171,-889.974,42517.344,0.0,0.04002373,0.04002373,8.263957e-05,0.0003,362.85233,0.007947203731536866,2668.853738307953,325000,,,,,,,,,,,,,,,,,,,,,,,
0.0026571848,0.0,1.0263573,0.04799761,90000.0,900.0,20,9000.0,1.7913172,2056.8125,346.44397,-25.84517,805.6184,-956.6635,41352.96,0.0,0.049262695,0.049262695,8.2048646e-05,0.0003,445.15823,0.007505833435058594,2706.383073091507,330000,,,,,,,,,,,,,,,,,,,,,,,
0.0020368753,0.0,1.0075202,0.046794422,90000.0,900.0,20,9000.0,1.9294088,2045.7223,322.43954,-29.152433,1003.9786,-781.72955,45464.02,0.0,0.04714632,0.04714632,8.1450344e-05,0.0003,426.24835,0.008289459323883057,2747.83051776886,335000,,,,,,,,,,,,,,,,,,,,,,,
0.002034209,0.0,0.74487436,0.04646928,90000.0,900.0,20,9000.0,1.6038449,2054.4312,355.6255,-28.425022,1188.6447,-940.365,35989.33,0.0,0.034613773,0.034613773,8.0844795e-05,0.0003,313.12982,0.00837706208229065,2789.7160036563873,340000,,,,,,,,,,,,,,,,,,,,,,,
0.0025346435,0.0,0.8652721,0.044714928,90000.0,900.0,20,9000.0,1.4191366,2048.2947,290.6599,-26.42361,2428.7393,-1379.9565,43629.652,0.0,0.038690582,0.038690582,8.0232174e-05,0.0003,349.6369,0.00832254776954651,2831.3289024829865,345000,,,,,,,,,,,,,,,,,,,,,,,
0.0018071223,0.0,0.8139796,0.04489985,90000.0,900.0,20,9000.0,1.1109247,2051.0435,417.47095,-27.72514,1363.9421,-1400.7819,45430.406,0.0,0.036547564,0.036547564,7.961267e-05,0.0003,330.0408,0.008434194326400756,2873.500018596649,350000,,,,,,,,,,,,,,,,,,,,,,,
0.0024617459,0.0,1.1434067,0.043937843,90000.0,900.0,20,9000.0,1.2698262,2049.6636,355.69012,-27.221046,946.72034,-627.36835,38741.605,0.0,0.050238825,0.050238825,7.898643e-05,0.0003,453.4217,0.008331635236740112,2915.1584084033966,355000,,,,,,,,,,,,,,,,,,,,,,,
0.0021742852,0.0,0.84261334,0.042573467,90000.0,900.0,20,9000.0,1.6807201,2045.0847,353.43286,-29.590258,777.20734,-610.1671,37535.605,0.0,0.03587297,0.03587297,7.835362e-05,0.0003,324.5396,0.008335776853561402,2956.837486743927,360000,,,,,,,,,,,,,,,,,,,,,,,
0.0018515042,0.0,0.88862085,0.03970752,90000.0,900.0,20,9000.0,1.6969535,2046.0118,352.5998,-26.11561,1088.2297,-1399.9302,40189.535,0.0,0.03528493,0.03528493,7.7714445e-05,0.0003,319.26315,0.008306125450134278,2998.3683183193207,365000,,,,,,,,,,,,,,,,,,,,,,,
0.0029683046,0.0,0.98503876,0.0396747,90000.0,900.0,20,9000.0,1.5477417,2046.5132,305.92966,-27.44091,1250.6134,-1309.9459,42574.562,0.0,0.03908112,0.03908112,7.706907e-05,0.0003,353.2808,0.008310825681686401,3039.9226388931274,370000,,,,,,,,,,,,,,,,,,,,,,,
0.0020650376,0.0,1.1051949,0.038767193,90000.0,900.0,20,9000.0,1.851984,2047.1824,380.29416,-25.908598,807.1711,-700.5387,38759.055,0.0,0.0428453,0.0428453,7.641764e-05,0.0003,387.46176,0.00795838532447815,3079.7147459983826,375000,,,,,,,,,,,,,,,,,,,,,,,
0.002429352,0.0,0.9651218,0.039199688,90000.0,900.0,20,9000.0,1.3055152,2047.3611,330.408,-29.046148,776.1195,-785.139,40045.305,0.0,0.037832472,0.037832472,7.5760356e-05,0.0003,341.8002,0.008166922092437743,3120.5495340824127,380000,,,,,,,,,,,,,,,,,,,,,,,
0.0023873604,0.0,1.0424478,0.039328393,90000.0,900.0,20,9000.0,1.0067704,2046.8715,344.50983,-28.165792,702.1227,-771.36035,38931.355,0.0,0.040997796,0.040997796,7.50974e-05,0.0003,369.98932,0.007712681770324707,3159.113123893738,385000,,,,,,,,,,,,,,,,,,,,,,,
0.0018981379,0.0,0.8408299,0.037725806,90000.0,900.0,20,9000.0,1.0242193,2046.7114,297.7312,-28.20842,866.92395,-985.4954,35763.906,0.0,0.031720985,0.031720985,7.442894e-05,0.0003,286.51498,0.008095849752426148,3199.592554330826,390000,,,,,,,,,,,,,,,,,,,,,,,
0.0019483438,0.0,0.8485687,0.03733636,90000.0,900.0,20,9000.0,1.1445558,2046.4562,348.41583,-28.979738,2259.2717,-1641.1229,45009.664,0.0,0.031682465,0.031682465,7.375519e-05,0.0003,286.2887,0.008163173913955688,3240.4086043834686,395000,,,,,,,,,,,,,,,,,,,,,,,
0.0025741581,0.0,0.9532212,0.03735181,90000.0,900.0,20,9000.0,1.4215512,2045.7649,326.46802,-28.724607,776.89264,-763.42584,37098.184,0.0,0.035604537,0.035604537,7.30763e-05,0.0003,321.86496,0.008332615613937378,3282.0718586444855,400000,,,,,,,,,,,,,,,,,,,,,,,
0.0028345005,0.0,1.1492654,0.03841194,90000.0,900.0,20,9000.0,3.024803,2046.4535,331.5821,-28.00162,684.5208,-989.2076,42939.895,0.0,0.044145517,0.044145517,7.239246e-05,0.0003,400.3373,0.011900959491729736,3341.57684135437,405000,,,,,,,,,,,,,,,,,,,,,,,
0.0020128142,0.0,0.9453657,0.03747854,90000.0,900.0,20,9000.0,0.8010162,2047.0842,351.15845,-29.33679,779.60016,-760.57623,37980.336,0.0,0.035430927,0.035430927,7.170388e-05,0.0003,319.68137,0.008772289705276489,3385.438465118408,410000,,,,,,,,,,,,,,,,,,,,,,,
0.0015024685,0.0,0.8871285,0.037620135,90000.0,900.0,20,9000.0,0.85392094,2046.9857,395.64554,-28.659971,1311.6152,-884.9915,37592.496,0.0,0.033373892,0.033373892,7.101073e-05,0.0003,301.22046,0.008298706769943237,3426.9321315288544,415000,,,,,,,,,,,,,,,,,,,,,,,
0.0020504098,0.0,1.0054976,0.03663565,90000.0,900.0,20,9000.0,1.2284908,2047.0355,375.09888,-26.92329,630.8351,-649.1179,35358.03,0.0,0.036837056,0.036837056,7.0313195e-05,0.0003,332.76404,0.008401531171798706,3468.9399411678314,420000,,,,,,,,,,,,,,,,,,,,,,,
0.0023092064,0.0,1.280331,0.036025636,90000.0,900.0,20,9000.0,1.4310116,2046.9293,310.6847,-28.402567,761.74146,-1389.2897,43985.586,0.0,0.046124738,0.046124738,6.961148e-05,0.0003,416.55597,0.008192580842971801,3509.902996301651,425000,,,,,,,,,,,,,,,,,,,,,,,
0.0016356835,0.0,0.7563012,0.036977123,90000.0,900.0,20,9000.0,1.6589336,2048.1802,334.19073,-28.475603,873.5678,-637.5989,39969.484,0.0,0.027965844,0.027965844,6.890576e-05,0.0003,253.35316,0.008326042413711548,3551.5333485603333,430000,,,,,,,,,,,,,,,,,,,,,,,
0.0019113433,0.0,1.2892445,0.03651017,90000.0,900.0,20,9000.0,1.607569,2046.7179,305.66528,-27.30031,781.2746,-700.3228,46583.6,0.0,0.047070537,0.047070537,6.8196256e-05,0.0003,425.2443,0.007528044128417968,3589.173739671707,435000,,,,,,,,,,,,,,,,,,,,,,,
0.0020678453,0.0,0.804392,0.03685409,90000.0,900.0,20,9000.0,0.9969818,2047.0901,374.34387,-28.05751,903.8868,-709.2897,32695.04,0.0,0.029645134,0.029645134,6.748313e-05,0.0003,267.80527,0.008034186315536498,3629.344810962677,440000,,,,,,,,,,,,,,,,,,,,,,,
0.0023716327,0.0,1.2045566,0.035685666,90000.0,900.0,20,9000.0,0.91276854,2045.8304,301.09573,-28.263111,1615.4648,-1713.0206,50879.758,0.0,0.042985402,0.042985402,6.67666e-05,0.0003,387.78375,0.008006915950775146,3669.3795306682587,445000,,,,,,,,,,,,,,,,,,,,,,,
0.0019395467,0.0,0.94594646,0.035660245,90000.0,900.0,20,9000.0,0.8724797,2045.9772,399.20764,-26.133732,769.4537,-796.36523,36882.562,0.0,0.033732682,0.033732682,6.604685e-05,0.0003,304.46857,0.008320794439315797,3710.983654022217,450000,,,,,,,,,,,,,,,,,,,,,,,
0.0018978311,0.0,1.2778957,0.035463642,90000.0,900.0,20,9000.0,0.64500237,2044.6078,308.31754,-27.62487,2112.3896,-2037.9279,53818.39,0.0,0.045318834,0.045318834,6.5324086e-05,0.0003,408.51642,0.008323137903213502,3752.5994765758514,455000,,,,,,,,,,,,,,,,,,,,,,,
0.0021968414,0.0,0.85266715,0.035088096,90000.0,900.0,20,9000.0,0.9781333,2044.9454,389.07208,-29.06436,692.6756,-827.8709,36110.508,0.0,0.029918468,0.029918468,6.4598484e-05,0.0003,270.24652,0.008107206916809082,3793.1356494426727,460000,,,,,,,,,,,,,,,,,,,,,,,
0.0018562931,0.0,1.1847185,0.03492988,90000.0,900.0,20,9000.0,0.858339,2045.0901,313.75882,-28.935905,1093.6123,-776.5643,42745.9,0.0,0.04138207,0.04138207,6.387027e-05,0.0003,373.29883,0.00781893949508667,3832.2304775714874,465000,,,,,,,,,,,,,,,,,,,,,,,
0.0015538426,0.0,1.0241178,0.034671854,90000.0,900.0,20,9000.0,0.7513032,2044.353,338.80856,-27.831297,746.8114,-771.0235,38574.45,0.0,0.035508063,0.035508063,6.3139625e-05,0.0003,320.32544,0.00795424451828003,3872.0018293857574,470000,,,,,,,,,,,,,,,,,,,,,,,
0.0015634029,0.0,1.284041,0.034877907,90000.0,900.0,20,9000.0,0.7407204,2043.8607,353.59857,-27.48569,757.7893,-883.30646,40852.1,0.0,0.044784665,0.044784665,6.2406754e-05,0.0003,403.80426,0.007609186315536499,3910.0478711128235,475000,,,,,,,,,,,,,,,,,,,,,,,
0.0015619001,0.0,0.96107113,0.03515063,90000.0,900.0,20,9000.0,1.0000637,2042.8595,346.43484,-27.533895,1123.6509,-958.0136,47512.297,0.0,0.033782255,0.033782255,6.167186e-05,0.0003,305.0419,0.007724683666229248,3948.6714174747467,480000,,,,,,,,,,,,,,,,,,,,,,,
0.0018534774,0.0,0.9363365,0.0354511,90000.0,900.0,20,9000.0,0.9140622,2043.5558,307.84308,-27.948107,904.60986,-746.7351,40429.65,0.0,0.03319416,0.03319416,6.093515e-05,0.0003,299.66336,0.007657439851760864,3986.958751678467,485000,,,,,,,,,,,,,,,,,,,,,,,
0.002293758,0.0,1.0265203,0.034971546,90000.0,900.0,20,9000.0,0.7343277,2043.625,339.53693,-27.588081,897.2209,-1089.4546,40795.64,0.0,0.035899002,0.035899002,6.0196806e-05,0.0003,323.82767,0.007834287929534911,4026.1303164958954,490000,,,,,,,,,,,,,,,,,,,,,,,
0.0017197591,0.0,0.98667544,0.034503512,90000.0,900.0,20,9000.0,1.3286468,2044.6196,333.4265,-27.975147,813.1515,-872.3854,40866.953,0.0,0.034043767,0.034043767,5.945705e-05,0.0003,307.72424,0.008195122289657592,4067.1060683727264,495000,,,,,,,,,,,,,,,,,,,,,,,
0.0019088513,0.0,0.771026,0.034803666,90000.0,900.0,20,9000.0,0.7080357,2044.7017,311.4572,-29.383156,1775.265,-1657.6598,44560.758,0.0,0.026834533,0.026834533,5.8716072e-05,0.0003,242.22073,0.008873366451263428,4111.473039865494,500000,,,,,,,,,,,,,,,,,,,,,,,
0.0017308162,0.0,0.79102737,0.0346764,90000.0,900.0,20,9000.0,0.5964452,2043.7745,384.3932,-28.201065,625.95276,-688.5555,36840.742,0.0,0.02742998,0.02742998,5.7974077e-05,0.0003,247.46799,0.012538478755950927,4174.1655876636505,505000,,,,,,,,,,,,,,,,,,,,,,,
0.002065986,0.0,0.79929405,0.033751894,90000.0,900.0,20,9000.0,0.48005253,2043.1836,294.87335,-27.836136,1162.9977,-1220.698,40315.023,0.0,0.026977688,0.026977688,5.7231267e-05,0.0003,243.28131,0.008396580982208251,4216.148620128632,510000,,,,,,,,,,,,,,,,,,,,,,,
0.0020172098,0.0,0.9692994,0.033072136,90000.0,900.0,20,9000.0,0.81303585,2041.8903,308.75513,-28.40808,2003.1212,-1214.2472,44040.414,0.0,0.0320568,0.0320568,5.6487854e-05,0.0003,289.32626,0.008541765832901001,4258.857590198517,515000,,,,,,,,,,,,,,,,,,,,,,,
0.0015999906,0.0,0.8398226,0.03256088,90000.0,900.0,20,9000.0,0.55304253,2041.5948,344.24286,-29.676292,1755.1833,-2764.8877,46399.684,0.0,0.027345363,0.027345363,5.574403e-05,0.0003,246.6629,0.00832576141357422,4300.486555814743,520000,,,,,,,,,,,,,,,,,,,,,,,
0.0017359322,0.0,0.72103846,0.031800054,90000.0,900.0,20,9000.0,0.50411355,2040.8558,365.92432,-28.224174,1261.1772,-1059.4003,42016.844,0.0,0.022929061,0.022929061,5.5000004e-05,0.0003,206.8674,0.008328025436401367,4342.126811504364,525000,,,,,,,,,,,,,,,,,,,,,,,
0.0016562016,0.0,1.1633016,0.031141257,90000.0,900.0,20,9000.0,0.5040604,2040.337,343.88806,-28.495966,811.073,-753.11053,42956.42,0.0,0.036226675,0.036226675,5.4255972e-05,0.0003,326.54578,0.008025591945648194,4382.25493311882,530000,,,,,,,,,,,,,,,,,,,,,,,
0.0018343414,0.0,1.0906438,0.030941805,90000.0,900.0,20,9000.0,0.6296431,2038.775,322.2599,-28.133774,789.4019,-1280.7122,46438.89,0.0,0.03374649,0.03374649,5.3512147e-05,0.0003,304.34985,0.008287817287445069,4423.694183349609,535000,,,,,,,,,,,,,,,,,,,,,,,
0.0019038894,0.0,1.0879616,0.030609911,90000.0,900.0,20,9000.0,0.7235246,2037.8458,338.01013,-28.359392,2101.1252,-2696.3862,52399.688,0.0,0.033302404,0.033302404,5.276873e-05,0.0003,300.44708,0.007701581144332886,4462.202259063721,540000,,,,,,,,,,,,,,,,,,,,,,,
0.002173055,0.0,0.982332,0.029794037,90000.0,900.0,20,9000.0,0.6661208,2037.4132,286.06107,-26.868454,804.01556,-980.12646,41854.797,0.0,0.029267635,0.029267635,5.2025924e-05,0.0003,264.07703,0.008310669422149659,4503.75577712059,545000,,,,,,,,,,,,,,,,,,,,,,,
0.0017487075,0.0,1.0002872,0.029667536,90000.0,900.0,20,9000.0,0.51326025,2039.2203,316.7192,-28.11428,920.6367,-1098.3595,39662.41,0.0,0.029676056,0.029676056,5.1283936e-05,0.0003,267.59952,0.008229195499420167,4544.901928663254,550000,,,,,,,,,,,,,,,,,,,,,,,
0.0018164815,0.0,0.9700785,0.029183283,90000.0,900.0,20,9000.0,0.36411607,2036.8914,326.67603,-28.102545,1323.5203,-1454.6562,50131.527,0.0,0.028310075,0.028310075,5.0542945e-05,0.0003,255.15662,0.008228975868225097,4586.0469715595245,555000,,,,,,,,,,,,,,,,,,,,,,,
0.0024187055,0.0,0.8019957,0.028167957,90000.0,900.0,20,9000.0,0.61338663,2038.6962,366.26477,-27.688004,962.74976,-1189.7758,41175.04,0.0,0.022590581,0.022590581,4.9803188e-05,0.0003,203.93103,0.007858210468292236,4625.338187932968,560000,,,,,,,,,,,,,,,,,,,,,,,
0.0016831042,0.0,0.87802976,0.028057797,90000.0,900.0,20,9000.0,0.49069935,2038.1422,342.01456,-27.614956,651.7451,-500.80048,31760.035,0.0,0.024635581,0.024635581,4.9064853e-05,0.0003,222.21262,0.008141841745376587,4666.047577857971,565000,,,,,,,,,,,,,,,,,,,,,,,
0.0018037168,0.0,0.8553977,0.02832128,90000.0,900.0,20,9000.0,0.66183734,2038.5812,361.74854,-27.916185,859.5314,-1127.7975,35808.78,0.0,0.024225958,0.024225958,4.8328133e-05,0.0003,218.69725,0.008124828338623047,4706.671845436096,570000,,,,,,,,,,,,,,,,,,,,,,,
0.0016680355,0.0,1.0723113,0.028477116,90000.0,900.0,20,9000.0,0.66587985,2038.1553,364.57794,-27.812002,1215.0394,-1361.5323,44356.363,0.0,0.030536331,0.030536331,4.7593247e-05,0.0003,275.49454,0.008137762880325318,4747.360819816589,575000,,,,,,,,,,,,,,,,,,,,,,,
0.0029396093,0.0,1.1457666,0.028561879,90000.0,900.0,20,9000.0,0.63409364,2035.8859,285.66235,-27.92775,665.4147,-720.1599,38148.85,0.0,0.032725245,0.032725245,4.686038e-05,0.0003,295.1642,0.00803922815322876,4787.557114839554,580000,,,,,,,,,,,,,,,,,,,,,,,
0.0020114626,0.0,0.92949873,0.029077047,90000.0,900.0,20,9000.0,0.6186872,2037.5574,354.3053,-27.871391,682.23114,-714.7195,34447.24,0.0,0.027027078,0.027027078,4.612974e-05,0.0003,243.8644,0.008075337028503419,4827.933952331543,585000,,,,,,,,,,,,,,,,,,,,,,,
0.0017508253,0.0,0.7010628,0.029687662,90000.0,900.0,20,9000.0,0.60536623,2036.9961,326.78577,-27.858894,1084.761,-649.93713,35870.383,0.0,0.020812914,0.020812914,4.540152e-05,0.0003,187.92334,0.008125793790817262,4868.563076972961,590000,,,,,,,,,,,,,,,,,,,,,,,
0.001563742,0.0,0.7787637,0.028825128,90000.0,900.0,20,9000.0,0.47236353,2034.639,338.98434,-27.81035,833.99225,-799.77527,40457.04,0.0,0.022447962,0.022447962,4.467592e-05,0.0003,202.50558,0.008051430273056031,4908.8203756809235,595000,,,,,,,,,,,,,,,,,,,,,,,
0.0017648295,0.0,0.82921433,0.029142795,90000.0,900.0,20,9000.0,0.6706673,2036.6417,354.38324,-27.864902,490.55334,-870.09406,30152.625,0.0,0.024165625,0.024165625,4.3953154e-05,0.0003,218.16306,0.007886045742034912,4948.250730514526,600000,,,,,,,,,,,,,,,,,,,,,,,
0.0012313499,0.0,1.0871195,0.029154921,90000.0,900.0,20,9000.0,0.5641862,2036.4628,343.3921,-29.452612,1518.6094,-804.0345,43682.453,0.0,0.03169488,0.03169488,4.3233405e-05,0.0003,285.81937,0.011776346826553345,5007.132613182068,605000,,,,,,,,,,,,,,,,,,,,,,,
0.0014941075,0.0,1.0778587,0.028932214,90000.0,900.0,20,9000.0,0.62026244,2036.8251,355.23383,-27.724329,837.9072,-813.1906,36965.664,0.0,0.031184837,0.031184837,4.251687e-05,0.0003,281.2853,0.008235125350952149,5048.308392286301,610000,,,,,,,,,,,,,,,,,,,,,,,
0.001536516,0.0,1.1493818,0.028165251,90000.0,900.0,20,9000.0,0.44432834,2036.614,335.78156,-29.16099,1247.5527,-919.3753,54089.066,0.0,0.032372624,0.032372624,4.1803753e-05,0.0003,291.79947,0.008182348585128785,5089.220262527466,615000,,,,,,,,,,,,,,,,,,,,,,,
0.0016131023,0.0,0.7740412,0.027596181,90000.0,900.0,20,9000.0,0.44329238,2035.7759,294.51117,-28.146994,778.8967,-706.27545,33955.508,0.0,0.02136058,0.02136058,4.1094238e-05,0.0003,192.69012,0.008137603616714478,5129.908401012421,620000,,,,,,,,,,,,,,,,,,,,,,,
0.0020141578,0.0,1.2185376,0.026472634,90000.0,900.0,20,9000.0,0.5024955,2033.9359,288.04785,-28.554066,615.1541,-632.9913,34424.926,0.0,0.032257896,0.032257896,4.0388528e-05,0.0003,290.8256,0.008158666706085204,5170.701869249344,625000,,,,,,,,,,,,,,,,,,,,,,,
0.0019697575,0.0,1.1484487,0.026061052,90000.0,900.0,20,9000.0,0.3424753,2036.0492,297.78897,-28.15163,2377.3782,-3679.5898,53236.957,0.0,0.029929781,0.029929781,3.9686805e-05,0.0003,269.7125,0.008287779998779297,5212.140954732895,630000,,,,,,,,,,,,,,,,,,,,,,,
0.0015809496,0.0,0.7939197,0.02704594,90000.0,900.0,20,9000.0,0.29642242,2033.5219,304.27917,-27.763042,590.283,-681.69604,37222.16,0.0,0.021472303,0.021472303,3.8989278e-05,0.0003,193.54874,0.008208741950988769,5253.184794664383,635000,,,,,,,,,,,,,,,,,,,,,,,
0.0015839728,0.0,1.0504206,0.026534555,90000.0,900.0,20,9000.0,0.40553832,2036.3296,349.55637,-27.976624,824.55994,-903.60254,37697.06,0.0,0.027872443,0.027872443,3.8296123e-05,0.0003,251.25911,0.008060720872879028,5293.488527774811,640000,,,,,,,,,,,,,,,,,,,,,,,
0.0014900526,0.0,1.110699,0.026109645,90000.0,900.0,20,9000.0,0.43311357,2033.9637,319.71048,-27.895523,1984.6417,-3497.3105,59679.934,0.0,0.02899996,0.02899996,3.7607537e-05,0.0003,261.43423,0.00750253438949585,5331.001326084137,645000,,,,,,,,,,,,,,,,,,,,,,,
0.001755533,0.0,0.9148378,0.025878703,90000.0,900.0,20,9000.0,0.37876824,2034.0731,340.25055,-29.001146,655.1795,-883.5571,47768.934,0.0,0.023674816,0.023674816,3.692371e-05,0.0003,213.45387,0.007557514238357544,5368.789025783539,650000,,,,,,,,,,,,,,,,,,,,,,,
0.0017905239,0.0,0.9958448,0.025928004,90000.0,900.0,20,9000.0,0.3094259,2036.3857,310.98746,-28.871653,1551.0991,-1932.1576,48546.492,0.0,0.025820268,0.025820268,3.6244823e-05,0.0003,232.69363,0.007802204990386963,5407.800176143646,655000,,,,,,,,,,,,,,,,,,,,,,,
0.0016421431,0.0,0.79396576,0.025916025,90000.0,900.0,20,9000.0,0.3600757,2033.6632,267.03036,-27.673597,993.9489,-941.497,39728.203,0.0,0.020576436,0.020576436,3.5571058e-05,0.0003,185.54965,0.007944942808151246,5447.525015592575,660000,,,,,,,,,,,,,,,,,,,,,,,
0.001554214,0.0,0.85432833,0.025743162,90000.0,900.0,20,9000.0,0.27506766,2036.0903,346.56934,-27.755999,2903.0261,-1338.5347,52357.438,0.0,0.021993112,0.021993112,3.490261e-05,0.0003,198.21463,0.007782780838012695,5486.439042329788,665000,,,,,,,,,,,,,,,,,,,,,,,
0.0018825888,0.0,1.2138468,0.025036165,90000.0,900.0,20,9000.0,0.26723233,2033.7467,296.85098,-28.00235,1239.1765,-1527.7083,42112.113,0.0,0.030390069,0.030390069,3.4239645e-05,0.0003,273.77972,0.007796575784683227,5525.422043323517,670000,,,,,,,,,,,,,,,,,,,,,,,
0.0012353379,0.0,1.0111899,0.024872756,90000.0,900.0,20,9000.0,0.28995976,2036.0961,340.54517,-29.946075,1151.2991,-1220.5557,48666.13,0.0,0.02515108,0.02515108,3.3582368e-05,0.0003,226.65091,0.007915140771865845,5564.997867107391,675000,,,,,,,,,,,,,,,,,,,,,,,
0.0020124689,0.0,1.0087738,0.024986109,90000.0,900.0,20,9000.0,0.40023103,2035.8751,306.49762,-27.908806,785.72614,-723.6237,41321.47,0.0,0.02520533,0.02520533,3.2930948e-05,0.0003,227.25021,0.007641131687164307,5603.203652381897,680000,,,,,,,,,,,,,,,,,,,,,,,
0.0015096582,0.0,0.91252315,0.02504238,90000.0,900.0,20,9000.0,0.28559187,2035.5264,364.62625,-30.482935,796.12994,-719.9688,41030.57,0.0,0.02285175,0.02285175,3.228555e-05,0.0003,205.95285,0.007759527063369751,5642.001408576965,685000,,,,,,,,,,,,,,,,,,,,,,,
0.001861125,0.0,1.156878,0.024712669,90000.0,900.0,20,9000.0,0.35149688,2033.117,317.0892,-28.782686,1247.6248,-2241.1545,43312.195,0.0,0.028589543,0.028589543,3.1646374e-05,0.0003,257.65924,0.007678048229217529,5680.391764163971,690000,,,,,,,,,,,,,,,,,,,,,,,
0.0014770642,0.0,1.0590405,0.024996778,90000.0,900.0,20,9000.0,0.32124996,2033.5157,288.51703,-29.080633,1039.8353,-1040.5093,41060.12,0.0,0.026472604,0.026472604,3.1013573e-05,0.0003,238.57616,0.007713736581802368,5718.960562467575,695000,,,,,,,,,,,,,,,,,,,,,,,
0.0015572646,0.0,1.0514488,0.025300546,90000.0,900.0,20,9000.0,0.27400365,2036.4631,299.26004,-28.859457,872.4177,-1222.688,41432.58,0.0,0.026602227,0.026602227,3.0387337e-05,0.0003,239.6956,0.007660104846954346,5757.261207342148,700000,,,,,,,,,,,,,,,,,,,,,,,
0.0019445961,0.0,1.0781014,0.02572153,90000.0,900.0,20,9000.0,0.32604855,2037.562,317.28165,-29.271275,662.79663,-724.49524,47397.42,0.0,0.027730417,0.027730417,2.9767822e-05,0.0003,249.90173,0.011391111803054809,5814.216902971268,705000,,,,,,,,,,,,,,,,,,,,,,,
0.0014148036,0.0,1.0530802,0.026046803,90000.0,900.0,20,9000.0,0.31709993,2035.5035,322.2016,-29.545258,1273.694,-1983.9581,53284.54,0.0,0.027429374,0.027429374,2.9155208e-05,0.0003,247.18288,0.007893745231628418,5853.685774803162,710000,,,,,,,,,,,,,,,,,,,,,,,
0.0013920137,0.0,0.7505493,0.025654385,90000.0,900.0,20,9000.0,0.3816824,2035.7762,351.0373,-31.416134,795.9769,-866.8796,35861.08,0.0,0.019254882,0.019254882,2.8549664e-05,0.0003,173.677,0.00825410556793213,5894.956448554993,715000,,,,,,,,,,,,,,,,,,,,,,,
0.0018970208,0.0,1.1498489,0.025408564,90000.0,900.0,20,9000.0,0.29908723,2039.3525,250.41531,-28.118586,625.72675,-673.9105,38997.195,0.0,0.02921601,0.02921601,2.7951346e-05,0.0003,263.2451,0.008210882663726807,5936.010982275009,720000,,,,,,,,,,,,,,,,,,,,,,,
0.0025799451,0.0,1.0068392,0.025719995,90000.0,900.0,20,9000.0,0.32917032,2040.0541,342.50064,-28.306377,737.2442,-721.3086,45716.777,0.0,0.0258959,0.0258959,2.736043e-05,0.0003,233.39485,0.008383030080795289,5977.926281929016,725000,,,,,,,,,,,,,,,,,,,,,,,
0.0015893592,0.0,0.97578275,0.025321184,90000.0,900.0,20,9000.0,0.32458535,2039.2915,294.2594,-30.378826,2537.7942,-2083.8435,57918.133,0.0,0.024707973,0.024707973,2.6777061e-05,0.0003,222.69792,0.008263233613967896,6019.242605686188,730000,,,,,,,,,,,,,,,,,,,,,,,
0.0017726995,0.0,0.85918415,0.024373418,90000.0,900.0,20,9000.0,0.26270044,2039.1766,298.22357,-27.963167,1033.244,-1011.7517,45323.125,0.0,0.020941254,0.020941254,2.6201416e-05,0.0003,188.73576,0.008404707860946655,6061.26628947258,735000,,,,,,,,,,,,,,,,,,,,,,,
0.0013989792,0.0,1.161645,0.024331897,90000.0,900.0,20,9000.0,0.30792665,2038.7513,316.0273,-30.45858,1101.6454,-1010.56714,41788.297,0.0,0.028265027,0.028265027,2.5633639e-05,0.0003,254.69456,0.008004438304901123,6101.288598060608,740000,,,,,,,,,,,,,,,,,,,,,,,
0.0018643854,0.0,1.1100836,0.024221262,90000.0,900.0,20,9000.0,0.26284844,2038.2982,349.72803,-31.169098,1053.189,-1096.1729,45957.65,0.0,0.026887625,0.026887625,2.5073889e-05,0.0003,242.25334,0.00796839337348938,6141.130697011948,745000,,,,,,,,,,,,,,,,,,,,,,,
0.0019010757,0.0,1.0259017,0.024290094,90000.0,900.0,20,9000.0,0.22956912,2034.36,318.65967,-27.899378,706.9563,-990.4448,41044.04,0.0,0.02491925,0.02491925,2.4522331e-05,0.0003,224.50471,0.0075910919189453125,6179.086293697357,750000,,,,,,,,,,,,,,,,,,,,,,,
0.0014346231,0.0,0.9232185,0.023889024,90000.0,900.0,20,9000.0,0.17079186,2034.6538,309.94293,-30.096071,973.2244,-1428.1011,52773.074,0.0,0.022054788,0.022054788,2.3979092e-05,0.0003,198.66531,0.0077288979530334475,6217.7308893203735,755000,,,,,,,,,,,,,,,,,,,,,,,
0.0012141677,0.0,0.65830606,0.023668533,90000.0,900.0,20,9000.0,0.42216545,2036.8552,376.3551,-31.53931,855.5889,-923.2038,37319.57,0.0,0.015581138,0.015581138,2.3444345e-05,0.0003,140.65363,0.007712907600402832,6256.295550584793,760000,,,,,,,,,,,,,,,,,,,,,,,
0.0013890523,0.0,0.82608855,0.022088883,90000.0,900.0,20,9000.0,0.2619622,2032.7915,283.98062,-29.853552,515.74005,-545.6558,35774.195,0.0,0.018247373,0.018247373,2.2918219e-05,0.0003,164.48972,0.0075121011257171634,6293.856142282486,765000,,,,,,,,,,,,,,,,,,,,,,,
0.0011998056,0.0,0.7021064,0.022768535,90000.0,900.0,20,9000.0,0.18730351,2035.9214,294.27808,-30.893435,783.3823,-814.4387,42656.21,0.0,0.015985934,0.015985934,2.2400869e-05,0.0003,144.06192,0.007710868597030639,6332.41059422493,770000,,,,,,,,,,,,,,,,,,,,,,,
0.0011740484,0.0,1.0641909,0.021995999,90000.0,900.0,20,9000.0,0.3692982,2035.2039,355.99384,-29.130447,745.0082,-834.4511,43559.746,0.0,0.02340794,0.02340794,2.1892429e-05,0.0003,211.04193,0.007629845762252807,6370.559942245483,775000,,,,,,,,,,,,,,,,,,,,,,,
0.0013861484,0.0,0.8775342,0.020932369,90000.0,900.0,20,9000.0,0.2169749,2033.9634,366.78693,-28.072329,727.53815,-715.72046,43490.28,0.0,0.01836887,0.01836887,2.1393029e-05,0.0003,165.5382,0.00774883861541748,6409.304258584976,780000,,,,,,,,,,,,,,,,,,,,,,,
0.0016440356,0.0,0.9423733,0.02062966,90000.0,900.0,20,9000.0,0.19621181,2033.4402,259.4288,-29.671413,1422.3367,-935.5861,44738.953,0.0,0.01944084,0.01944084,2.0902831e-05,0.0003,175.16544,0.007540266036987305,6447.005704402924,785000,,,,,,,,,,,,,,,,,,,,,,,
0.0016029659,0.0,1.2235162,0.020304086,90000.0,900.0,20,9000.0,0.21687669,2026.1152,300.99908,-30.718191,988.2819,-1357.1353,49959.35,0.0,0.024842378,0.024842378,2.0421947e-05,0.0003,223.79988,0.0077321779251098635,6485.666712284088,790000,,,,,,,,,,,,,,,,,,,,,,,
0.0011762477,0.0,0.97232217,0.020217717,90000.0,900.0,20,9000.0,0.1734012,2032.9829,346.70877,-30.707834,1272.6493,-1655.0955,55327.336,0.0,0.019658133,0.019658133,1.9950523e-05,0.0003,177.09778,0.007598838186264038,6523.661019086838,795000,,,,,,,,,,,,,,,,,,,,,,,
0.001625973,0.0,0.7634268,0.020527517,90000.0,900.0,20,9000.0,0.396559,2032.3135,326.34326,-28.048603,791.8087,-1092.9492,42483.766,0.0,0.015671257,0.015671257,1.9488682e-05,0.0003,141.43948,0.007749167108535767,6562.406942605972,800000,,,,,,,,,,,,,,,,,,,,,,,
0.0009436452,0.0,0.930269,0.020666061,90000.0,900.0,20,9000.0,0.17176473,2032.393,340.5565,-31.306265,3880.2427,-2403.4644,56983.195,0.0,0.019224996,0.019224996,1.9036543e-05,0.0003,173.19768,0.011150773668289185,6618.160943984985,805000,,,,,,,,,,,,,,,,,,,,,,,
0.0011966226,0.0,0.9747082,0.020711958,90000.0,900.0,20,9000.0,0.16198811,2029.7769,329.84134,-30.254778,975.58966,-951.23785,44963.3,0.0,0.020188116,0.020188116,1.859424e-05,0.0003,181.85622,0.007809852886199951,6657.210336923599,810000,,,,,,,,,,,,,,,,,,,,,,,
0.0010363648,0.0,0.8350264,0.02084267,90000.0,900.0,20,9000.0,0.16276468,2028.6644,336.97302,-30.71978,1362.7025,-1750.867,45580.902,0.0,0.01740418,0.01740418,1.8161878e-05,0.0003,156.80142,0.007969355821609497,6697.057245492935,815000,,,,,,,,,,,,,,,,,,,,,,,
0.001314983,0.0,0.9616291,0.021040423,90000.0,900.0,20,9000.0,0.19748181,2031.0583,323.47937,-30.27383,617.65497,-596.1681,35576.93,0.0,0.020233084,0.020233084,1.7739603e-05,0.0003,182.29654,0.007852017736434937,6736.3174641132355,820000,,,,,,,,,,,,,,,,,,,,,,,
0.001060899,0.0,1.2986735,0.02072133,90000.0,900.0,20,9000.0,0.14188197,2030.586,334.07095,-30.90943,902.65643,-749.3754,48562.53,0.0,0.026910242,0.026910242,1.7327511e-05,0.0003,242.33511,0.007908405780792237,6775.859632253647,825000,,,,,,,,,,,,,,,,,,,,,,,
0.0014555708,0.0,1.211535,0.020612158,90000.0,900.0,20,9000.0,0.615198,2030.0472,308.24203,-30.439758,707.4847,-731.22296,48219.492,0.0,0.02497235,0.02497235,1.6925713e-05,0.0003,225.3678,0.007994014692306518,6815.829831838608,830000,,,,,,,,,,,,,,,,,,,,,,,
0.0011285868,0.0,0.80594397,0.020826666,90000.0,900.0,20,9000.0,0.18442799,2029.1387,358.93564,-29.005154,922.94617,-801.7692,45644.492,0.0,0.016785126,0.016785126,1.653433e-05,0.0003,151.2517,0.007684625005722046,6854.253087282181,835000,,,,,,,,,,,,,,,,,,,,,,,
0.0012404866,0.0,0.9040694,0.02015067,90000.0,900.0,20,9000.0,0.19911143,2025.8492,277.25565,-30.95161,689.96594,-876.7149,43931.223,0.0,0.018217605,0.018217605,1.6153459e-05,0.0003,164.15878,0.008048608112335206,6894.496253252029,840000,,,,,,,,,,,,,,,,,,,,,,,
0.0011323113,0.0,1.0644808,0.019920139,90000.0,900.0,20,9000.0,0.17511787,2027.9835,331.65765,-30.865213,3067.5652,-1725.0048,51111.945,0.0,0.021204604,0.021204604,1.5783213e-05,0.0003,191.01768,0.0078072343349456785,6933.532565116882,845000,,,,,,,,,,,,,,,,,,,,,,,
0.0011933682,0.0,1.0983365,0.019085301,90000.0,900.0,20,9000.0,0.16571805,2028.3945,338.20538,-29.690042,2913.1763,-2343.2698,71317.36,0.0,0.020962082,0.020962082,1.542368e-05,0.0003,188.82565,0.007957390403747558,6973.319648981094,850000,,,,,,,,,,,,,,,,,,,,,,,
0.0015708483,0.0,1.467819,0.0190137,90000.0,900.0,20,9000.0,0.18143795,2027.7396,350.76474,-30.75647,1016.54285,-832.16907,52834.598,0.0,0.027908668,0.027908668,1.5074969e-05,0.0003,251.36102,0.007837248802185058,7012.506022930145,855000,,,,,,,,,,,,,,,,,,,,,,,
0.0010020591,0.0,0.8352559,0.01920525,90000.0,900.0,20,9000.0,0.19628853,2027.1532,297.14243,-31.628456,1323.779,-990.1075,37240.49,0.0,0.0160413,0.0160413,1.4737181e-05,0.0003,144.56898,0.007817340755462646,7051.59285235405,860000,,,,,,,,,,,,,,,,,,,,,,,
0.0013797958,0.0,1.0838629,0.019261977,90000.0,900.0,20,9000.0,0.18770334,2022.439,267.07126,-31.059752,1270.3834,-1190.8899,43622.547,0.0,0.02087734,0.02087734,1.4410394e-05,0.0003,188.08516,0.007456276893615723,7088.8743550777435,865000,,,,,,,,,,,,,,,,,,,,,,,
0.0013770123,0.0,1.1133828,0.018856216,90000.0,900.0,20,9000.0,0.16209364,2024.7877,346.0798,-31.484137,782.2968,-813.8259,43699.54,0.0,0.020994186,0.020994186,1.4094706e-05,0.0003,189.11115,0.007768861675262451,7127.718788146973,870000,,,,,,,,,,,,,,,,,,,,,,,
0.0012701505,0.0,1.487348,0.018242603,90000.0,900.0,20,9000.0,0.22209233,2024.5194,261.50748,-29.121264,806.01685,-813.14215,41336.066,0.0,0.027133098,0.027133098,1.37902e-05,0.0003,244.42123,0.007824786329269409,7166.842838048935,875000,,,,,,,,,,,,,,,,,,,,,,,
0.0010337064,0.0,1.0144069,0.018463649,90000.0,900.0,20,9000.0,0.17117253,2022.5997,349.03595,-31.959318,1040.8463,-1034.7782,43759.598,0.0,0.018729653,0.018729653,1.3496962e-05,0.0003,168.73909,0.008095529651641845,7207.320611000061,880000,,,,,,,,,,,,,,,,,,,,,,,
0.0015810417,0.0,1.273092,0.019006524,90000.0,900.0,20,9000.0,0.19357999,2022.277,297.21082,-31.555431,757.05597,-838.5353,46136.383,0.0,0.024197055,0.024197055,1.3215067e-05,0.0003,217.96866,0.007929740476608277,7246.9694480896,885000,,,,,,,,,,,,,,,,,,,,,,,
0.0011854675,0.0,0.7858998,0.01905626,90000.0,900.0,20,9000.0,0.16093545,2022.4615,323.02106,-32.107113,656.53674,-1231.4501,37790.93,0.0,0.0149763115,0.0149763115,1.2944596e-05,0.0003,134.94893,0.007962796115875245,7286.783550977707,890000,,,,,,,,,,,,,,,,,,,,,,,
0.0012914615,0.0,1.243396,0.018792342,90000.0,900.0,20,9000.0,0.15199918,2024.505,300.59903,-31.597548,1785.1719,-908.1231,46975.25,0.0,0.023366325,0.023366325,1.26856285e-05,0.0003,210.45021,0.007863703203201294,7326.102160692215,895000,,,,,,,,,,,,,,,,,,,,,,,
0.0013128126,0.0,0.97307026,0.018635895,90000.0,900.0,20,9000.0,0.20141968,2024.5845,302.8911,-28.47281,1639.9843,-856.8254,47799.953,0.0,0.018134035,0.018134035,1.2438221e-05,0.0003,163.40904,0.007732480907440185,7364.764680624008,900000,,,,,,,,,,,,,,,,,,,,,,,
0.0011666997,0.0,1.0303372,0.018719105,90000.0,900.0,20,9000.0,0.21001244,2021.5592,303.29987,-31.700003,3117.9683,-1551.6941,49986.668,0.0,0.01928699,0.01928699,1.22024585e-05,0.0003,173.7941,0.011595227098464965,7422.740960121155,905000,,,,,,,,,,,,,,,,,,,,,,,
0.0013073668,0.0,1.0884907,0.019234188,90000.0,900.0,20,9000.0,0.19828588,2023.8562,277.95947,-30.9396,1278.4695,-2018.9177,57389.156,0.0,0.020936236,0.020936236,1.1978389e-05,0.0003,188.62572,0.008023025560379028,7462.856236219406,910000,,,,,,,,,,,,,,,,,,,,,,,
0.0013783216,0.0,1.1754968,0.019195458,90000.0,900.0,20,9000.0,0.16155818,2024.2091,270.87775,-30.48818,644.3072,-733.20593,48598.023,0.0,0.022564199,0.022564199,1.1766084e-05,0.0003,203.24072,0.0082635751247406,7504.174284219742,915000,,,,,,,,,,,,,,,,,,,,,,,
0.0013124231,0.0,0.9698628,0.019598233,90000.0,900.0,20,9000.0,0.14387226,2021.5228,347.41617,-31.398252,1007.5946,-1189.2681,41260.484,0.0,0.019007597,0.019007597,1.1565597e-05,0.0003,171.21356,0.008059046125411987,7544.469660758972,920000,,,,,,,,,,,,,,,,,,,,,,,
0.0014232494,0.0,1.0650948,0.019563468,90000.0,900.0,20,9000.0,0.22023712,2021.6594,285.95364,-31.478521,2037.1486,-1698.1129,51453.375,0.0,0.02083695,0.02083695,1.1376989e-05,0.0003,187.75421,0.008263277196884156,7585.786185264587,925000,,,,,,,,,,,,,,,,,,,,,,,
0.0013214016,0.0,0.9924267,0.019926516,90000.0,900.0,20,9000.0,0.13150917,2022.2988,313.2463,-31.005014,803.1409,-727.99146,43777.02,0.0,0.019775607,0.019775607,1.1200302e-05,0.0003,178.11328,0.007783145475387573,7624.702036857605,930000,,,,,,,,,,,,,,,,,,,,,,,
0.00126652,0.0,0.6578395,0.020156322,90000.0,900.0,20,9000.0,0.17097452,2024.075,339.6502,-30.707945,1017.0218,-718.6356,37942.195,0.0,0.013259625,0.013259625,1.103559e-05,0.0003,119.508865,0.007722703790664673,7663.315690279007,935000,,,,,,,,,,,,,,,,,,,,,,,
0.0012504924,0.0,0.75479627,0.020167124,90000.0,900.0,20,9000.0,0.14317787,2022.6371,272.71896,-28.125628,488.0093,-520.7859,34417.48,0.0,0.015222069,0.015222069,1.0882903e-05,0.0003,137.14305,0.007709665060043335,7701.864131450653,940000,,,,,,,,,,,,,,,,,,,,,,,
0.0013839783,0.0,0.6819941,0.01923183,90000.0,900.0,20,9000.0,0.1889661,2024.5172,333.13174,-30.487162,448.6655,-516.34485,30606.742,0.0,0.013115995,0.013115995,1.0742272e-05,0.0003,118.23431,0.0076078295707702635,7739.903412818909,945000,,,,,,,,,,,,,,,,,,,,,,,
0.0010879866,0.0,1.1770885,0.018882094,90000.0,900.0,20,9000.0,0.16950831,2023.645,333.018,-31.296364,1130.052,-1302.4404,47244.836,0.0,0.022225896,0.022225896,1.061374e-05,0.0003,200.20366,0.007591532516479492,7777.861188411713,950000,,,,,,,,,,,,,,,,,,,,,,,
0.0012227088,0.0,0.9838941,0.018607961,90000.0,900.0,20,9000.0,0.123043135,2024.46,316.72577,-31.102634,1116.3777,-1074.3613,53763.453,0.0,0.018308263,0.018308263,1.0497346e-05,0.0003,164.89864,0.007618520498275757,7815.953906297684,955000,,,,,,,,,,,,,,,,,,,,,,,
0.00087344303,0.0,0.7862557,0.018669728,90000.0,900.0,20,9000.0,0.19991726,2022.4099,324.86795,-31.068104,1123.9016,-739.95575,46450.1,0.0,0.01467918,0.01467918,1.0393118e-05,0.0003,132.31342,0.007474459648132324,7853.326330423355,960000,,,,,,,,,,,,,,,,,,,,,,,
0.0010954887,0.0,1.0647247,0.017442608,90000.0,900.0,20,9000.0,0.11492996,2023.8376,347.82254,-31.079828,581.1152,-650.0226,43306.59,0.0,0.018571576,0.018571576,1.0301083e-05,0.0003,167.26021,0.007427581548690796,7890.4643523693085,965000,,,,,,,,,,,,,,,,,,,,,,,
0.0012003891,0.0,0.868817,0.01724199,90000.0,900.0,20,9000.0,0.14417076,1970.6451,252.53462,-30.803598,1170.0776,-1109.2736,49742.1,0.0,0.014980133,0.014980133,1.0221269e-05,0.0003,134.96657,0.006545074415206909,7923.189839363098,970000,,,,,,,,,,,,,,,,,,,,,,,
0.0012184965,0.0,1.142446,0.016793147,90000.0,900.0,20,9000.0,0.11056356,2023.5632,286.4504,-32.183575,734.30206,-806.466,37067.94,0.0,0.019185264,0.019185264,1.0153698e-05,0.0003,172.77916,0.007046903991699219,7958.424481153488,975000,,,,,,,,,,,,,,,,,,,,,,,
0.0009483938,0.0,1.090001,0.016886553,90000.0,900.0,20,9000.0,0.11317244,2026.3228,276.87317,-32.221664,949.85455,-1231.6252,38302.336,0.0,0.018406358,0.018406358,1.0098386e-05,0.0003,165.77133,0.00710623950958252,7993.955802679062,980000,,,,,,,,,,,,,,,,,,,,,,,
0.0011296605,0.0,0.7213344,0.017235437,90000.0,900.0,20,9000.0,0.14444628,2025.8566,299.68018,-31.946493,846.1409,-531.3032,33111.004,0.0,0.012432514,0.012432514,1.005535e-05,0.0003,112.0382,0.0069940598487854,8028.926218032837,985000,,,,,,,,,,,,,,,,,,,,,,,
0.0010442284,0.0,1.1265675,0.017097814,90000.0,900.0,20,9000.0,0.14362271,2023.7634,277.16943,-30.99878,882.20996,-801.7658,44984.45,0.0,0.01926184,0.01926184,1.0024603e-05,0.0003,173.50124,0.007167594861984253,8064.764304161072,990000,,,,,,,,,,,,,,,,,,,,,,,
0.0010791089,0.0,0.8119971,0.017335739,90000.0,900.0,20,9000.0,0.14663242,2024.3367,310.24817,-31.272116,741.089,-1318.9974,39323.047,0.0,0.01407657,0.01407657,1.000615e-05,0.0003,126.836845,0.007163387393951416,8100.581343173981,995000,,,,,,,,,,,,,,,,,,,,,,,
0.0011741708,0.0,0.7557328,0.016951581,90000.0,900.0,20,9000.0,0.1498792,2022.8403,260.24088,-31.901764,991.1572,-1122.677,37799.656,0.0,0.012810865,0.012810865,1e-05,0.0003,115.448845,0.00728527021408081,8137.007798433304,1000000,,,,,,,,,,,,,,,,,,,,,,,
3.4603607e-05,0.0,,,,,,,0.21370998,2026.1077,308.683,-31.70083,0.64149296,-0.682354,20.70269,,,,,,0.21480252,0.029045392179489135,8282.234764575958,1005000,0.06640625,0.0029296877,0.0,0.0010925351,0.040857792,3.4603607e-05,308.80872,0.0010579315,0.0,0.09734295,0.09734295,0.1,1.0,0.0036208984,0.21681918,332.27048,0.0,5000.0,-0.3200448466556099,-62.19897536049272,200.0,3.765611171722412,-0.19359834305293586
2.30818e-05,0.0,,,,,,,0.8519591,2024.0032,396.35608,-31.675564,2.196118,-1.5083122,47.73719,,,,,,0.8531117,0.019435784482955933,8379.413691997528,1010000,0.06640625,0.0023716518,0.0,0.0011525817,0.10135007,2.30818e-05,396.65698,0.0011294999,0.0,0.09985763,0.09985763,0.1,1.0,0.030472117,0.1844565,310.5069,0.0,10000.0,-0.30719761041678995,-54.852856203344295,200.0,3.7707343101501465,0.05651788804510646
3.112916e-05,0.0,,,,,,,28.45316,2029.531,349.49606,-28.94351,23.10643,-15.103526,602.0867,,,,,,28.467854,0.019466042137145995,8476.743909597397,1015000,0.04296875,0.001953125,0.0,0.0146935815,0.08487046,3.112916e-05,350.4776,0.014662452,0.0,0.39433593,0.39433593,0.1,1.0,0.038754743,0.2254969,438.3449,0.0,15000.0,-0.3288816481848684,-59.100184045842134,200.0,3.745732545852661,-0.08809256673762088
2.7163804e-05,0.0,,,,,,,33.88083,2042.5471,355.93677,-31.167017,12.267731,-22.86953,711.71594,,,,,,33.909084,0.019324836111068725,8573.368093967438,1020000,0.0625,0.002511161,0.0,0.028256921,0.06109357,2.7163804e-05,359.86865,0.028229758,0.0,0.71181494,0.71181494,0.1,1.0,0.025814956,0.21501851,425.00867,0.0,20000.0,-0.26493750484907785,-52.48602549405499,200.0,3.7490170001983643,0.13710231146525956
2.7131706e-05,0.0,,,,,,,47.514915,2042.7408,398.4488,-31.052868,64.84823,-51.231575,1467.2478,,,,,,47.607693,0.01927346773147583,8669.735436916351,1025000,0.0625,0.002511161,0.0,0.09277593,0.09002316,2.7131706e-05,402.90405,0.0927488,0.0,1.0743905,1.0743905,0.1,1.0,0.05335696,0.24586703,372.37213,0.0,25000.0,-0.2753397614081756,-53.42981477120829,200.0,3.730506181716919,0.10496874380829817
3.3354936e-05,0.0,,,,,,,45.143044,2048.838,534.8435,58.22113,129.61502,-37.636627,2290.748,,,,,,45.154373,0.019273905181884765,8766.104966402054,1030000,0.11328125,0.005022322,0.0,0.0113282055,0.07789242,3.3354936e-05,538.45654,0.01129485,0.0,0.64409,0.64409,0.1,1.0,0.0056775836,0.18260957,645.4913,0.0,30000.0,-0.3033641209906568,-60.752960064033736,200.0,4.195935010910034,-0.1443652870238215
1.5450909e-05,0.0,,,,,,,241.20064,2051.4084,647.27734,72.98044,267.06876,-358.6315,5624.7046,,,,,,241.49178,0.01914329686164856,8861.821455478668,1035000,0.078125,0.0027901786,0.0,0.29113573,0.014775991,1.5450909e-05,656.8966,0.2911203,0.0,1.9062806,1.9062806,0.1,1.0,0.01207915,0.19596419,682.20294,0.0,35000.0,-0.2782489043442855,-56.49327940634243,200.0,3.7456486225128174,0.0006657489547109793
1.9402343e-05,0.0,,,,,,,79.34879,2042.7728,1106.4805,645.8553,33.596363,-57.289783,1245.0231,,,,,,79.36131,0.01918466796875,8957.744799137115,1040000,0.06640625,0.0033482146,0.0,0.012521098,0.023549438,1.9402343e-05,1112.4108,0.012501696,0.0,0.9026147,0.9026147,0.1,1.0,0.003024924,0.22379021,1144.5426,0.0,40000.0,-0.2633207411713887,-57.590337328140926,200.0,3.7343618869781494,-0.03668621700536779
0.000114423725,0.0,,,,,,,195.49765,2043.417,1068.6472,572.69366,42.6874,-173.66702,3194.419,,,,,,195.51498,0.019190233850479126,9053.695972442627,1045000,0.12109375,0.0053013396,0.0,0.017326437,0.28946602,0.000114423725,1079.719,0.017212013,0.0,1.1405151,1.1405151,0.1,1.0,0.0024942064,0.2218513,1140.3265,0.0,45000.0,-0.29762522897831206,-55.07401370040513,200.0,3.733741283416748,0.04898805107123892
1.7774775e-05,0.0,,,,,,,20.507473,2042.0928,1054.3584,584.0873,10.539446,-19.479465,561.53937,,,,,,20.514708,0.019248804712295533,9149.94000005722,1050000,0.08984375,0.0034877234,0.0,0.007235216,0.025568724,1.7774775e-05,1056.6841,0.007217441,0.0,0.52985895,0.52985895,0.1,1.0,0.0010649717,0.24457675,1129.3721,0.0,50000.0,-0.2813680944622583,-56.601186988050834,200.0,3.72934627532959,-0.0030082232565274885
1.5891292e-05,0.0,,,,,,,9.249582,2032.5802,899.9582,488.19934,18.647919,-11.669893,627.2279,,,,,,9.256766,0.019092552900314332,9245.402768850327,1055000,0.0625,0.0026506698,0.0,0.007183783,0.027057648,1.5891292e-05,901.3499,0.007167892,0.0,0.5383893,0.5383893,0.1,1.0,0.0009577011,0.20783266,938.68005,0.0,55000.0,-0.2878228760206837,-57.468651401933236,200.0,3.7501919269561768,-0.032543128036939435
3.146357e-05,0.0,,,,,,,14.66198,2030.8083,788.6257,464.95663,16.74039,-15.394447,657.67664,,,,,,14.666923,0.01936453490257263,9342.225447177887,1060000,0.08203125,0.0032087055,0.0,0.0049431827,0.052360296,3.146357e-05,791.5714,0.004911719,0.0,0.58766365,0.58766365,0.1,1.0,0.0018623747,0.22624548,845.4874,0.0,60000.0,-0.2624634914996942,-59.26266127561606,200.0,3.7430379390716553,-0.09362449338909108
1.4431143e-05,0.0,,,,,,,51.502037,2027.22,806.1297,410.43164,20.03067,-17.995592,784.6841,,,,,,51.50785,0.01929898099899292,9438.720356702805,1065000,0.0703125,0.0026506698,0.0,0.0058124587,0.05008161,1.4431143e-05,810.73047,0.0057980274,0.0,1.0482574,1.0482574,0.1,1.0,0.0038546445,0.25203282,833.96106,0.0,65000.0,-0.2735799821173632,-57.99769802910193,200.0,3.727327346801758,-0.05055578827725196
2.1589954e-05,0.0,,,,,,,30.789726,1981.7644,751.36,397.59583,21.025106,-23.608215,816.06213,,,,,,30.794518,0.01919653539657593,9534.703037500381,1070000,0.07421875,0.0029296877,0.0,0.00479126,0.054516554,2.1589954e-05,755.23535,0.0047696703,0.0,0.6523086,0.6523086,0.1,1.0,0.0019384328,0.22462246,791.9375,0.0,70000.0,-0.25466842801883977,-52.102119566158066,200.0,3.7626657485961914,0.1501733087806705
1.5506439e-05,0.0,,,,,,,68.20947,2030.9772,797.8761,334.50287,45.61438,-23.147018,1150.0916,,,,,,68.21891,0.01933000717163086,9631.353077411652,1075000,0.078125,0.0030691966,0.0,0.009439043,0.019952059,1.5506439e-05,803.261,0.009423536,0.0,1.0783484,1.0783484,0.1,1.0,0.0033810798,0.2519794,842.29004,0.0,75000.0,-0.2743634452399607,-55.50742020661576,200.0,3.736847400665283,0.03423168794292124
1.2528301e-05,0.0,,,,,,,28.062693,2031.0234,751.9359,428.20398,16.165302,-8.608861,543.6285,,,,,,28.067934,0.019179037237167358,9727.248268127441,1080000,0.08203125,0.0030691966,0.0,0.0052422667,0.014438152,1.2528301e-05,753.9445,0.0052297385,0.0,0.59170717,0.59170717,0.1,1.0,0.0019864,0.23275344,796.1449,0.0,80000.0,-0.3299719793750684,-57.491037195265726,200.0,3.728036642074585,-0.03330530601672534
6.775859e-05,0.0,,,,,,,10.96143,2026.8267,676.1487,323.26025,12.642609,-4.998145,368.39673,,,,,,10.966312,0.019356517457962037,9824.030859947205,1085000,0.1015625,0.004603795,0.0,0.0048830463,0.12271631,6.775859e-05,678.1408,0.004815288,0.0,0.5312604,0.5312604,0.1,1.0,0.0016805741,0.22966601,610.4373,0.0,85000.0,-0.2924994139493436,-55.24219560385516,200.0,3.7711806297302246,0.043261895133667114
3.149467e-05,0.0,,,,,,,18.85005,2027.9034,623.0123,329.71075,13.474124,-9.835918,552.41003,,,,,,18.857828,0.01940145559310913,9921.038142681122,1090000,0.08203125,0.0037667411,0.0,0.0077775316,0.07215357,3.149467e-05,626.33795,0.007746037,0.0,0.7311194,0.7311194,0.1,1.0,0.0026127195,0.15029019,566.6433,0.0,90000.0,-0.29390832368498476,-55.473329798113504,200.0,4.227494955062866,0.03539237759534547
1.2701361e-05,0.0,,,,,,,32.895164,2025.9476,635.30066,298.31277,20.504513,-22.06953,799.9003,,,,,,32.900566,0.01916325659751892,10016.85443019867,1095000,0.08203125,0.0036272323,0.0,0.0053998022,0.009213448,1.2701361e-05,638.1462,0.005387101,0.0,0.6437564,0.6437564,0.1,1.0,0.0032226122,0.2631107,538.72424,0.0,95000.0,-0.29368343564972466,-55.43245124392859,200.0,3.742994546890259,0.036784185934789375
1.2376812e-05,0.0,,,,,,,19.599485,2020.8627,591.66656,272.57834,6.064687,-20.443317,492.81628,,,,,,19.605188,0.019184463167190552,10112.776750802994,1100000,0.05859375,0.0023716518,0.0,0.005702258,0.019836783,1.2376812e-05,593.7976,0.0056898813,0.0,0.8618576,0.8618576,0.1,1.0,0.0032219808,0.24537362,666.49023,0.0,100000.0,-0.2645352377189655,-53.02765249917564,200.0,3.739403009414673,0.11866132210969327
0.0001104521,0.0,,,,,,,27.49931,2030.7671,647.6919,225.26294,13.303727,-9.22438,668.1171,,,,,,27.504509,0.023036085033416746,10227.957181692123,1105000,0.0625,0.0029296877,0.0,0.0051997723,0.31610072,0.0001104521,649.9182,0.0050893202,0.0,0.43614486,0.43614486,0.1,1.0,0.0015870539,0.20918398,701.37305,0.0,105000.0,-0.2695509053459378,-54.94638957777551,200.0,4.337964773178101,0.05333332016726944
3.345281e-05,0.0,,,,,,,37.830948,2006.0927,566.78625,196.34715,24.743185,-22.829124,846.7698,,,,,,37.841408,0.01953173613548279,10325.615869045258,1110000,0.0390625,0.0016741073,0.0,0.010459224,0.16378164,3.345281e-05,569.7401,0.010425771,0.0,1.0245278,1.0245278,0.1,1.0,0.00503831,0.21665156,521.8253,0.0,110000.0,-0.2639250464007735,-51.77423381043135,200.0,3.7850382328033447,0.16133696508663958
1.1739305e-05,0.0,,,,,,,48.927547,2016.9807,577.6551,148.28409,30.89436,-31.410706,1179.1064,,,,,,48.95553,0.01945454545021057,10422.888602256775,1115000,0.046875,0.0016741073,0.0,0.02797921,0.033709884,1.1739305e-05,581.41565,0.027967472,0.0,1.1423633,1.1423633,0.1,1.0,0.0042713643,0.16079365,611.8207,0.0,115000.0,-0.2924954881173003,-55.48910107303275,200.0,4.2595086097717285,0.03485540674610812
8.528703e-06,0.0,,,,,,,39.9796,2031.7511,577.36975,136.50508,16.977692,-19.277802,781.3264,,,,,,39.988533,0.0193739191532135,10519.758204221725,1120000,0.046875,0.0018136161,0.0,0.008934075,0.020221233,8.528703e-06,581.0225,0.008925546,0.0,1.0335386,1.0335386,0.1,1.0,0.0064086113,0.20186606,554.6173,0.0,120000.0,-0.2813310293432552,-55.543195542216196,200.0,3.763200283050537,0.03301363090964524
2.1055075e-05,0.0,,,,,,,33.60758,2024.325,576.67706,121.428635,11.523602,-21.808453,775.6753,,,,,,33.613937,0.019387665939331056,10616.69654083252,1125000,0.05859375,0.002511161,0.0,0.006359687,0.023994446,2.1055075e-05,579.2813,0.006338632,0.0,0.72894275,0.72894275,0.1,1.0,0.004776051,0.1794046,660.6773,0.0,125000.0,-0.3248904580992729,-56.42793417298278,200.0,3.7709803581237793,0.0028905840191182568
4.002209e-06,0.0,,,,,,,22.046766,2033.2543,582.92773,167.83165,41.984932,-19.528572,998.1377,,,,,,22.053722,0.019436379480361938,10713.878444433212,1130000,0.04296875,0.0015345983,0.0,0.006956877,0.005424142,4.002209e-06,586.0608,0.006952875,0.0,0.7394811,0.7394811,0.1,1.0,0.0063706534,0.2575267,573.99634,0.0,130000.0,-0.2564783312284489,-51.65646624862388,200.0,3.771158218383789,0.16534664394901236
2.0951133e-05,0.0,,,,,,,29.34267,2032.8181,541.9479,146.77661,23.158318,-14.117706,700.48096,,,,,,29.355991,0.019446104860305787,10811.108974456787,1135000,0.0546875,0.002232143,0.0,0.013321285,0.04821682,2.0951133e-05,544.73816,0.013300334,0.0,1.0305666,1.0305666,0.1,1.0,0.0059019667,0.18799335,554.29517,0.0,135000.0,-0.28930101498274025,-53.486938638649264,200.0,3.7768843173980713,0.10302382484844483
3.825027e-05,0.0,,,,,,,34.144554,1994.1997,535.83093,113.09073,14.045473,-17.137682,939.2148,,,,,,34.218155,0.019419927930831908,10908.208619832993,1140000,0.05078125,0.001953125,0.0,0.07360063,0.17343593,3.825027e-05,539.3861,0.073562376,0.0,1.2077429,1.2077429,0.1,1.0,0.003950356,0.24765985,468.13846,0.0,140000.0,-0.30132164828374963,-56.365831356988515,200.0,3.8235912322998047,0.005005023214124504
2.5055606e-05,0.0,,,,,,,29.635292,2039.1841,552.10516,104.590866,24.105995,-10.702412,649.62805,,,,,,29.641636,0.019480229091644288,11005.609771966934,1145000,0.0546875,0.001953125,0.0,0.006343061,0.10257101,2.5055606e-05,554.5081,0.0063180053,0.0,0.7957424,0.7957424,0.1,1.0,0.00608351,0.20151602,382.68695,0.0,145000.0,-0.25970986031100907,-55.16484584608796,200.0,3.7741219997406006,0.04589545299942174
2.94734e-05,0.0,,,,,,,32.923035,2042.5421,555.4893,114.48164,11.438858,-8.778734,740.90234,,,,,,32.933964,0.01939680299758911,11102.593793153763,1150000,0.05078125,0.0023716518,0.0,0.010928971,0.06408298,2.94734e-05,558.1245,0.010899497,0.0,1.0558486,1.0558486,0.1,1.0,0.0059314123,0.20513229,476.15985,0.0,150000.0,-0.26257886697861677,-56.70606194486541,200.0,3.756202220916748,-0.006578942485810183
1.3674627e-05,0.0,,,,,,,52.755806,2014.7262,539.6222,114.46374,10.901805,-26.884195,956.682,,,,,,52.765713,0.01947290186882019,11199.958308696747,1155000,0.046875,0.001953125,0.0,0.009905451,0.046233654,1.3674627e-05,542.0145,0.009891776,0.0,0.7195792,0.7195792,0.1,1.0,0.0047500376,0.25556314,530.4451,0.0,155000.0,-0.26505380721225164,-52.23204385578933,200.0,3.7825522422790527,0.14574972498690097
7.0190275e-05,0.0,,,,,,,99.92154,2040.0989,588.77466,134.0703,46.434566,-22.371935,1633.0571,,,,,,99.93194,0.019423413705825805,11297.075383424759,1160000,0.07421875,0.0030691966,0.0,0.010399526,0.15368855,7.0190275e-05,592.76074,0.010329336,0.0,1.4587796,1.4587796,0.1,1.0,0.007139326,0.21566105,603.8406,0.0,160000.0,-0.28452453131912864,-57.95153632329207,200.0,3.76777982711792,-0.04898410238008202
3.207224e-05,0.0,,,,,,,49.059227,2045.0327,551.1082,191.61949,15.3935795,-14.3228245,892.56024,,,,,,49.070114,0.019419587802886964,11394.173328399658,1165000,0.08203125,0.0032087055,0.0,0.010887251,0.040274978,3.207224e-05,553.14453,0.010855179,0.0,1.0291464,1.0291464,0.1,1.0,0.005824711,0.21066013,525.7191,0.0,165000.0,-0.26057952469032225,-53.72048370621145,200.0,3.7970550060272217,0.0950722233510268
2.3002405e-05,0.0,,,,,,,47.634842,2021.2435,535.33167,176.19844,29.497421,-25.425552,1151.4684,,,,,,47.64609,0.019584234142303467,11492.094504117966,1170000,0.03515625,0.0015345983,0.0,0.011250466,0.06401658,2.3002405e-05,538.09906,0.011227463,0.0,0.9446135,0.9446135,0.1,1.0,0.004003412,0.2503704,619.8092,0.0,170000.0,-0.2657805891939329,-53.19192832897629,200.0,3.796826124191284,0.11306815781011066
4.8414524e-05,0.0,,,,,,,27.776045,2047.9261,537.556,167.15845,8.160733,-7.2302704,505.33972,,,,,,27.780903,0.019553456449508667,11589.861792325974,1175000,0.05078125,0.002092634,0.0,0.0048586866,0.17986393,4.8414524e-05,539.78705,0.0048102723,0.0,0.7167205,0.7167205,0.1,1.0,0.0032651997,0.2385052,530.3025,0.0,175000.0,-0.3125778706138411,-54.054820562654626,200.0,3.7970752716064453,0.08368892386161395
2.0195963e-05,0.0,,,,,,,12.568323,2051.8948,557.4952,145.5073,14.895977,-9.281763,466.62003,,,,,,12.5734625,0.01990187010765076,11689.371149539948,1180000,0.06640625,0.0026506698,0.0,0.0051398166,0.046966672,2.0195963e-05,559.1307,0.0051196204,0.0,0.46967074,0.46967074,0.1,1.0,0.00295506,0.19170003,545.6838,0.0,180000.0,-0.27265789793362605,-53.66280567253777,200.0,3.796064853668213,0.09703601022828828
1.2783451e-05,0.0,,,,,,,13.16903,2052.0105,524.97864,128.7683,8.011417,-5.106734,312.71515,,,,,,13.180617,0.019494577264785765,11786.84404206276,1185000,0.0703125,0.0030691966,0.0,0.011587214,0.018412828,1.2783451e-05,526.3146,0.01157443,0.0,0.9669274,0.9669274,0.1,1.0,0.0034138304,0.11910287,467.3144,0.0,185000.0,-0.2994067863664123,-53.905635817905036,200.0,3.75941801071167,0.08876827600604267
2.8066372e-05,0.0,,,,,,,28.943542,2048.9915,466.70544,106.70399,15.338643,-20.379963,1043.6448,,,,,,28.953754,0.019397948503494262,11883.833790779114,1190000,0.07421875,0.0027901786,0.0,0.010211911,0.0907433,2.8066372e-05,467.84802,0.010183845,0.0,0.59104073,0.59104073,0.1,1.0,0.0035696402,0.23074627,467.33316,0.0,190000.0,-0.28007024874600245,-54.742222251423605,200.0,3.753108024597168,0.060284686063752584
2.7734604e-05,0.0,,,,,,,40.41937,2004.2363,472.7054,83.43844,10.777695,-9.30696,606.94525,,,,,,40.429375,0.019427372455596923,11980.970659017563,1195000,0.03125,0.0012555805,0.0,0.010006125,0.073987484,2.7734604e-05,475.0883,0.00997839,0.0,0.6817566,0.6817566,0.1,1.0,0.0071942657,0.18997303,548.9606,0.0,195000.0,-0.2592866895111338,-52.76164442907316,200.0,3.7802703380584717,0.12771820432361075
3.097311e-05,0.0,,,,,,,46.468597,2043.9088,479.1612,128.22519,24.271599,-20.302307,978.6583,,,,,,46.492336,0.019546156454086305,12078.70144701004,1200000,0.07421875,0.0030691966,0.0,0.023737332,0.032202005,3.097311e-05,482.21637,0.023706358,0.0,1.1137917,1.1137917,0.1,1.0,0.008036889,0.18092482,474.2799,0.0,200000.0,-0.32522857079515594,-63.54696324657581,200.0,3.7845852375030518,-0.23949382098087543
3.5364115e-05,0.0,,,,,,,17.128979,2030.4678,486.81497,168.56311,8.54641,-10.807434,545.0306,,,,,,17.13151,0.02275489525794983,12192.475929498672,1205000,0.06640625,0.0023716518,0.0,0.0025306023,0.066581964,3.5364115e-05,488.5327,0.002495238,0.0,0.46066225,0.46066225,0.1,1.0,0.005289622,0.2040316,459.90344,0.0,205000.0,1.8407159808630866,95.76237947645762,200.0,3.808621406555176,5.184574524251168
2.1306816e-05,0.0,,,,,,,23.02887,2053.6328,480.83902,159.59256,9.469488,-6.816209,528.164,,,,,,23.03415,0.019569638061523436,12290.324125766754,1210000,0.03515625,0.0015345983,0.0,0.005278626,0.061674118,2.1306816e-05,482.27652,0.005257319,0.0,0.5048133,0.5048133,0.1,1.0,0.0038466596,0.17207089,432.14227,0.0,210000.0,-0.27020698961699446,-51.52749744481638,200.0,3.793992757797241,0.16973769593816565
5.259723e-05,0.0,,,,,,,29.023537,2054.1729,435.802,106.54879,9.393035,-8.934046,698.2213,,,,,,29.033707,0.019543766117095948,12388.042963027954,1215000,0.06640625,0.0029296877,0.0,0.010170003,0.15986645,5.259723e-05,437.6404,0.010117406,0.0,1.1206994,1.1206994,0.1,1.0,0.006895146,0.17980835,427.95963,0.0,215000.0,-0.2546196692852751,-51.119035131259096,200.0,3.8171160221099854,0.18364477425081754
1.0001141e-05,0.0,,,,,,,47.203026,2054.6658,500.89197,84.184875,12.290884,-9.168523,637.6997,,,,,,47.218697,0.019531345129013063,12485.699695587158,1220000,0.03515625,0.0012555805,0.0,0.015671195,0.02405727,1.0001141e-05,503.93057,0.015661195,0.0,1.3291388,1.3291388,0.1,1.0,0.008553762,0.1999881,504.55447,0.0,220000.0,-0.28683667001581986,-57.53839993844252,200.0,4.247353553771973,-0.03491788410924322
1.8458564e-05,0.0,,,,,,,30.668842,2060.4282,557.95776,63.85326,16.657578,-30.154898,700.4026,,,,,,30.67549,0.019373149156570433,12582.56544804573,1225000,0.0703125,0.0029296877,0.0,0.006646709,0.047304153,1.8458564e-05,560.54767,0.0066282507,0.0,0.6132514,0.6132514,0.1,1.0,0.0063374974,0.18791153,621.4628,0.0,225000.0,-0.2636424864643255,-54.94991674364757,200.0,3.8088290691375732,0.05321322935258149
1.0586544e-05,0.0,,,,,,,23.714836,2059.8413,454.76334,58.715008,7.4646645,-11.228576,507.00366,,,,,,23.723478,0.01935606207847595,12679.34576511383,1230000,0.03515625,0.0012555805,0.0,0.008641688,0.03403759,1.0586544e-05,456.41235,0.008631102,0.0,0.981984,0.981984,0.1,1.0,0.0061625843,0.16656713,431.8856,0.0,230000.0,-0.27712808981426146,-56.927533405582345,200.0,3.7967638969421387,-0.014119469104738604
7.1105483e-06,0.0,,,,,,,30.223629,2062.1555,473.1446,57.117455,15.098293,-8.134976,616.5893,,,,,,30.25117,0.019536799478530882,12777.029769182205,1235000,0.02734375,0.0009765625,0.0,0.027539413,0.02011478,7.1105483e-06,475.48267,0.027532304,0.0,1.9443011,1.9443011,0.1,1.0,0.010051071,0.17437409,446.52316,0.0,235000.0,-0.2708333211345511,-56.135468412496515,200.0,4.235914707183838,0.012848281705911936
3.911201e-05,0.0,,,,,,,46.88777,2066.2288,510.57303,75.39419,13.978708,-15.869407,1059.752,,,,,,46.895664,0.01940455188751221,12874.052535772324,1240000,0.0390625,0.0016741073,0.0,0.007893189,0.16663826,3.911201e-05,512.43976,0.007854077,0.0,0.9303237,0.9303237,0.1,1.0,0.005469154,0.18429609,526.2245,0.0,240000.0,-0.25259922918123723,-54.135762589740416,200.0,3.7923083305358887,0.08093305857831896
4.313873e-05,0.0,,,,,,,51.577393,2067.7864,513.5443,72.300964,22.122952,-21.198856,1176.6316,,,,,,51.589123,0.019628946447372436,12972.197274923325,1245000,0.046875,0.0018136161,0.0,0.011730818,0.12566829,4.313873e-05,516.3096,0.011687679,0.0,0.9462569,0.9462569,0.1,1.0,0.0055782744,0.17007263,564.36115,0.0,245000.0,-0.2708191690393751,-53.137239202771504,200.0,3.798201560974121,0.11493018016991345
2.1146163e-05,0.0,,,,,,,95.328766,2070.817,589.9699,177.68867,43.07585,-53.97001,1850.1282,,,,,,95.34479,0.01943461890220642,13069.370376110077,1250000,0.03125,0.0013950893,0.0,0.016018793,0.039278865,2.1146163e-05,594.6511,0.015997646,0.0,1.5288935,1.5288935,0.1,1.0,0.00818295,0.14906077,630.85425,0.0,250000.0,-0.2901416616523151,-53.33737651924033,200.0,3.796226739883423,0.1081160256174994
9.813047e-06,0.0,,,,,,,57.97052,2073.8743,595.9789,195.20746,41.064487,-34.631084,1036.4565,,,,,,57.978653,0.01943979334831238,13166.56934928894,1255000,0.046875,0.0016741073,0.0,0.008132779,0.042461753,9.813047e-06,599.4874,0.008122966,0.0,1.0138123,1.0138123,0.1,1.0,0.005158543,0.1874827,565.7198,0.0,255000.0,-0.26386098462421975,-56.33194157092184,200.0,3.784175395965576,0.006158882194953451
3.056047e-05,0.0,,,,,,,39.444,2074.0227,646.10724,195.31586,52.8567,-35.68323,1912.9532,,,,,,39.451847,0.019423897647857666,13263.688843488693,1260000,0.078125,0.0027901786,0.0,0.007848399,0.085494995,3.056047e-05,648.551,0.007817838,0.0,1.032883,1.032883,0.1,1.0,0.0042136624,0.17507453,559.4281,0.0,260000.0,-0.2675541057041585,-54.81723350001723,200.0,3.7643513679504395,0.057730748346864424
1.461493e-05,0.0,,,,,,,48.702614,2080.966,619.6738,234.77283,13.452832,-25.424503,746.225,,,,,,48.71368,0.019623737049102783,13361.807534456253,1265000,0.05078125,0.002092634,0.0,0.011067523,0.03441906,1.461493e-05,622.9691,0.011052907,0.0,1.2680445,1.2680445,0.1,1.0,0.0054288143,0.18538277,623.4018,0.0,265000.0,-0.2575843800499204,-51.84822418656073,200.0,3.7855405807495117,0.15881778541923672
4.3256943e-05,0.0,,,,,,,32.417435,2075.379,648.6594,151.81416,12.107773,-14.951442,669.28796,,,,,,32.43607,0.019468204259872435,13459.148562908173,1270000,0.06640625,0.002511161,0.0,0.018635126,0.095593214,4.3256943e-05,651.0973,0.01859187,0.0,1.1065633,1.1065633,0.1,1.0,0.0047529726,0.22644809,629.56964,0.0,270000.0,-0.2668777927787464,-53.433124667116736,200.0,3.7663187980651855,0.1048560504701917
3.5417033e-05,0.0,,,,,,,20.459475,2073.2178,619.55707,201.03416,8.6043415,-25.112919,604.57336,,,,,,20.468441,0.019481701707839964,13556.557077407837,1275000,0.04296875,0.001953125,0.0,0.0089669125,0.12873745,3.5417033e-05,621.56683,0.008931495,0.0,1.2096317,1.2096317,0.1,1.0,0.0039913557,0.23125343,590.8883,0.0,275000.0,-0.26594770597604656,-53.26217636222491,200.0,3.808837652206421,0.1106763951743115
4.125962e-05,0.0,,,,,,,17.763206,2073.4846,584.8684,242.10103,29.22826,-8.316713,519.2584,,,,,,17.769655,0.01945767741203308,13653.845470428467,1280000,0.05859375,0.0023716518,0.0,0.0064493283,0.13710749,4.125962e-05,586.19836,0.006408069,0.0,0.56955045,0.56955045,0.1,1.0,0.0021539265,0.21458966,627.5636,0.0,280000.0,-0.2788840938266351,-55.326206651408505,200.0,3.7631947994232178,0.04040153769388963
2.5034267e-05,0.0,,,,,,,20.898947,2064.6013,562.30493,181.39224,15.649674,-21.22743,762.4876,,,,,,20.907253,0.01946652774810791,13751.178115606308,1285000,0.1171875,0.005022322,0.0,0.008305694,0.0375396,2.5034267e-05,563.3106,0.00828066,0.0,0.52599114,0.52599114,0.1,1.0,0.0038835714,0.25499594,566.0613,0.0,285000.0,-0.2781924856665108,-51.09019080919932,200.0,3.8082432746887207,0.18462684831847667
8.692583e-06,0.0,,,,,,,150.57776,2067.7864,549.3947,145.33524,91.80542,-66.64515,3230.5225,,,,,,150.59799,0.019367236328125,13848.01430439949,1290000,0.03515625,0.0012555805,0.0,0.020228593,0.032701492,8.692583e-06,553.6898,0.0202199,0.0,1.1968049,1.1968049,0.1,1.0,0.007480173,0.20352699,551.3871,0.0,290000.0,-0.25886399117366377,-52.65192929217107,200.0,3.7800021171569824,0.13145371908308115
4.160905e-05,0.0,,,,,,,40.07621,2082.8184,689.6394,249.05264,63.18436,-60.93709,2004.4414,,,,,,40.083298,0.019421002244949342,13945.119322061539,1295000,0.078125,0.0033482146,0.0,0.0070891846,0.06360757,4.160905e-05,693.3142,0.0070475754,0.0,0.8253563,0.8253563,0.1,1.0,0.0036940877,0.18754774,669.70435,0.0,295000.0,-0.2827939456152374,-58.0891334167725,200.0,3.7812867164611816,-0.05366892516816341
3.0887197e-05,0.0,,,,,,,28.095238,2082.623,645.01843,221.99036,42.442093,-56.78982,1845.559,,,,,,28.102434,0.019480970573425294,14042.524180650711,1300000,0.0625,0.0023716518,0.0,0.0071956017,0.06781161,3.0887197e-05,647.6662,0.0071647144,0.0,0.7740618,0.7740618,0.1,1.0,0.0027174489,0.2522801,674.2018,0.0,300000.0,-0.3074034949475946,-58.179570925838576,200.0,3.8351285457611084,-0.05674808689064803
1.2926691e-05,0.0,,,,,,,98.045654,2090.8113,613.85425,198.30939,27.047428,-21.524403,1259.2998,,,,,,98.05844,0.02283345718383789,14156.691473722458,1305000,0.07421875,0.0030691966,0.0,0.012786018,0.018602967,1.2926691e-05,618.2862,0.012773091,0.0,0.9076334,0.9076334,0.1,1.0,0.004518993,0.2021104,664.5714,0.0,305000.0,-0.3277595752384515,-57.3873914408979,200.0,3.787867307662964,-0.029776437930428633
2.989045e-05,0.0,,,,,,,47.787117,2086.8,692.0807,218.40456,12.173822,-28.92274,1090.0852,,,,,,47.795334,0.01955167350769043,14254.449847459793,1310000,0.05078125,0.002232143,0.0,0.008216573,0.05785799,2.989045e-05,694.3047,0.008186682,0.0,1.0437876,1.0437876,0.1,1.0,0.0031664763,0.1822062,700.54974,0.0,310000.0,-0.28320082167364335,-59.202169890917595,200.0,3.805415391921997,-0.09156491923421785
3.3771703e-05,0.0,,,,,,,58.508247,2095.194,672.24866,203.4849,16.330772,-18.46944,966.92883,,,,,,58.51437,0.01955764183998108,14352.238062381744,1315000,0.11328125,0.004324777,0.0,0.00612155,0.06421924,3.3771703e-05,675.21204,0.0060877786,0.0,1.0432459,1.0432459,0.1,1.0,0.005285859,0.20859833,681.8237,0.0,315000.0,-0.2850340498916526,-55.57595740102748,200.0,3.8298017978668213,0.03189817491521439
4.7218524e-05,0.0,,,,,,,37.392677,2090.8892,675.32623,199.57819,18.783855,-18.526485,708.71045,,,,,,37.402153,0.019460055875778197,14449.538347959518,1320000,0.03515625,0.0013950893,0.0,0.009476208,0.1279962,4.7218524e-05,677.12585,0.009428989,0.0,0.98468816,0.98468816,0.1,1.0,0.003100425,0.22954585,624.7598,0.0,320000.0,-0.283955353217984,-58.492917098169364,200.0,3.769909381866455,-0.06741670823694225
4.618497e-05,0.0,,,,,,,48.13011,2098.0474,577.45447,216.2399,89.64041,-269.96573,3724.413,,,,,,48.139954,0.019342118215560915,14546.248944997787,1325000,0.0859375,0.0034877234,0.0,0.009841004,0.11207688,4.618497e-05,578.941,0.009794819,0.0,0.75130594,0.75130594,0.1,1.0,0.0045741624,0.18235509,599.5023,0.0,325000.0,-0.2594459139986248,-54.025460272035374,200.0,3.774369955062866,0.08468856531535822
2.3004484e-05,0.0,,,,,,,14.159589,2097.7236,550.4981,163.9854,15.833376,-15.358027,393.1435,,,,,,14.185447,0.01939564437866211,14643.2271733284,1330000,0.046875,0.0018136161,0.0,0.025858168,0.06444442,2.3004484e-05,551.75903,0.025835164,0.0,0.7554445,0.7554445,0.1,1.0,0.002079485,0.18286617,512.3198,0.0,330000.0,-0.26648706700963415,-53.434397777438846,200.0,3.767723321914673,0.10481270437836737
3.0093146e-05,0.0,,,,,,,32.296535,2097.4458,540.0778,154.12425,38.371162,-15.054358,776.53345,,,,,,32.33434,0.019555418491363524,14741.004269838333,1335000,0.09765625,0.004185268,0.0,0.03780407,0.02619052,3.0093146e-05,541.6732,0.037773978,0.0,0.6963531,0.6963531,0.1,1.0,0.002588037,0.17386733,674.42664,0.0,335000.0,-0.2541643557861285,-52.13882138922139,200.0,3.7773361206054688,0.14892370726146653
5.301489e-05,0.0,,,,,,,84.70214,2100.5906,546.1763,157.59848,41.54907,-55.30072,1567.703,,,,,,84.72463,0.01940905156135559,14838.049533843994,1340000,0.05078125,0.002092634,0.0,0.022495199,0.088811874,5.301489e-05,549.33203,0.022442184,0.0,1.3471575,1.3471575,0.1,1.0,0.006818348,0.1592156,480.93268,0.0,340000.0,-0.26142212625818384,-53.48086876647027,200.0,3.7723145484924316,0.10323048819274663
8.5447486e-05,0.0,,,,,,,75.90419,2102.914,600.7266,152.25298,47.727226,-50.903793,1840.5583,,,,,,75.91456,0.019516178798675538,14935.63043475151,1345000,0.0625,0.0023716518,0.0,0.010370438,0.42347515,8.5447486e-05,604.18286,0.01028499,0.0,1.3363945,1.3363945,0.1,1.0,0.008422054,0.19982024,549.3987,0.0,345000.0,-0.27762212004565284,-56.25126978769598,200.0,3.755128860473633,0.008905546378419088
4.1404124e-05,0.0,,,,,,,22.974192,2103.8826,549.87415,178.63647,9.110839,-25.647264,681.80096,,,,,,22.979935,0.019403628826141356,15032.648584604263,1350000,0.06640625,0.0026506698,0.0,0.005743595,0.13825691,4.1404124e-05,551.19086,0.0057021906,0.0,0.6695907,0.6695907,0.1,1.0,0.0031957885,0.20322911,546.7843,0.0,350000.0,-0.2879986194228899,-58.047508850748635,200.0,3.757983922958374,-0.05225171706790418
2.5010087e-05,0.0,,,,,,,32.46548,2105.7441,512.0129,171.69972,15.965096,-20.713892,805.695,,,,,,32.481495,0.019462498426437377,15129.961083173752,1355000,0.08203125,0.0029296877,0.0,0.01601554,0.036255956,2.5010087e-05,513.93616,0.015990531,0.0,1.1943189,1.1943189,0.1,1.0,0.004074892,0.22907394,530.38934,0.0,355000.0,-0.28522100821609436,-59.38124134935685,200.0,4.300764560699463,-0.09766183616735423
3.414099e-05,0.0,,,,,,,75.254135,2106.3535,604.2915,228.16083,175.62506,-198.91641,4706.505,,,,,,75.27922,0.019439624309539796,15227.159210920334,1360000,0.0859375,0.0030691966,0.0,0.025084686,0.06769264,3.414099e-05,607.5559,0.025050545,0.0,1.2553657,1.2553657,0.1,1.0,0.004550928,0.22324997,702.1687,0.0,360000.0,-0.24417907273173542,-50.647960842928946,200.0,3.8353302478790283,0.19968362728925176
6.8582915e-05,0.0,,,,,,,27.463783,2104.1685,564.81354,199.80646,21.21555,-30.259087,832.3645,,,,,,27.478115,0.019488535594940185,15324.601895093918,1365000,0.06640625,0.0034877234,0.0,0.014332747,0.16185689,6.8582915e-05,566.6221,0.0142641645,0.0,0.8620521,0.8620521,0.1,1.0,0.00484715,0.20456223,581.0749,0.0,365000.0,-0.28637409037577466,-52.89282786613836,200.0,3.789647102355957,0.12325174983800552
1.3599306e-05,0.0,,,,,,,48.892036,2110.2944,559.2714,192.11946,45.845722,-44.225025,1195.6549,,,,,,48.909283,0.01960394377708435,15422.62162065506,1370000,0.03515625,0.0012555805,0.0,0.017246872,0.03255737,1.3599306e-05,562.2906,0.017233273,0.0,1.5189058,1.5189058,0.1,1.0,0.0064991363,0.20293278,577.5027,0.0,370000.0,-0.2599573749558579,-52.54575175768356,200.0,3.83634352684021,0.13506878769076305
5.781699e-05,0.0,,,,,,,46.44988,2109.9978,569.6964,150.14426,32.951313,-35.5607,1134.6948,,,,,,46.45937,0.01960308566093445,15520.637055158615,1375000,0.0625,0.002232143,0.0,0.0094909,0.13510168,5.781699e-05,572.35913,0.009433082,0.0,0.8166625,0.8166625,0.1,1.0,0.004233443,0.25077662,571.5028,0.0,375000.0,-0.2817469016980389,-55.62587134878262,200.0,3.784457206726074,0.030198734949066944
9.2635e-06,0.0,,,,,,,32.22891,2111.9785,548.17255,139.2661,26.115768,-23.802855,640.2334,,,,,,32.23723,0.019366215944290163,15617.468141078949,1380000,0.04296875,0.0015345983,0.0,0.008319562,0.028382897,9.2635e-06,549.5951,0.008310298,0.0,0.8848985,0.8848985,0.1,1.0,0.0035587875,0.18883964,603.989,0.0,380000.0,-0.29788240770745905,-57.83063415277777,200.0,3.764313220977783,-0.04486769825244362
1.819372e-05,0.0,,,,,,,26.566076,2112.242,525.495,155.00134,34.516243,-35.350388,598.7489,,,,,,26.574203,0.01943061647415161,15714.621229410172,1385000,0.0390625,0.0015345983,0.0,0.008127911,0.050371766,1.819372e-05,526.54956,0.008109718,0.0,0.8291348,0.8291348,0.1,1.0,0.004496854,0.16414645,486.19885,0.0,385000.0,-0.2635407923230954,-55.47213265990867,200.0,3.7929699420928955,0.035433137034376075
1.6455306e-05,0.0,,,,,,,62.876488,1977.8809,446.16776,127.84443,131.28255,-129.24022,2610.7346,,,,,,62.90868,0.019502879285812378,15812.135631799698,1390000,0.05859375,0.002232143,0.0,0.032193433,0.050509572,1.6455306e-05,447.38477,0.03217698,0.0,0.7997787,0.7997787,0.1,1.0,0.0064736158,0.19379671,487.8703,0.0,390000.0,-0.23462945093650384,-50.41710850385193,200.0,3.799288272857666,0.20754354839248149
3.5353856e-05,0.0,,,,,,,150.38097,2109.8535,579.0126,80.48213,92.57971,-95.15316,3192.3599,,,,,,150.42891,0.019493381261825562,15909.602544307709,1395000,0.1328125,0.0054408484,0.0,0.047937635,0.05238855,3.5353856e-05,586.8112,0.047902282,0.0,2.3949475,2.3949475,0.1,1.0,0.009315649,0.19556911,579.3567,0.0,395000.0,-0.2696943796094232,-54.511534266393404,200.0,3.7631518840789795,0.06813901133959696
1.1991843e-05,0.0,,,,,,,26.0802,2113.782,606.67053,140.75873,10.021772,-16.478815,697.0087,,,,,,26.112118,0.01950625991821289,16007.13384962082,1400000,0.078125,0.0032087055,0.0,0.03191663,0.03210461,1.1991843e-05,607.9341,0.031904638,0.0,0.8823227,0.8823227,0.1,1.0,0.0032978647,0.1853121,587.84875,0.0,400000.0,-0.2960794881692337,-57.77658920446732,200.0,3.7570035457611084,-0.043027608472774856
2.9551316e-05,0.0,,,,,,,14.674568,2069.8892,539.12933,146.17842,42.83309,-29.761988,462.78094,,,,,,14.680098,0.02281850724220276,16121.226392030716,1405000,0.0859375,0.0034877234,0.0,0.0055296826,0.032597303,2.9551316e-05,539.92365,0.0055001313,0.0,0.7444258,0.7444258,0.1,1.0,0.0029468252,0.14898857,622.8115,0.0,405000.0,-0.2717694413998741,-57.39322162811158,200.0,4.253482818603516,-0.029974940625700497
4.707796e-05,0.0,,,,,,,49.35209,2111.5425,558.30383,122.139244,63.1333,-40.11833,2109.465,,,,,,49.361572,0.019532797193527223,16218.89038658142,1410000,0.078125,0.0033482146,0.0,0.009483263,0.13408124,4.707796e-05,559.47266,0.009436185,0.0,1.0825639,1.0825639,0.1,1.0,0.0038142838,0.20766883,491.47354,0.0,410000.0,-0.2551932655607346,-51.31908453142396,200.0,3.817578077316284,0.17683361301965633
3.2189768e-05,0.0,,,,,,,57.618263,2112.4028,519.2893,139.95624,62.958817,-65.301414,1344.9993,,,,,,57.62597,0.019506631898880005,16316.423552274704,1415000,0.04296875,0.001953125,0.0,0.0077066533,0.12742102,3.2189768e-05,521.2732,0.0076744636,0.0,0.6992612,0.6992612,0.1,1.0,0.004230066,0.18254337,502.81296,0.0,415000.0,-0.2851015307907585,-58.83507737623438,200.0,3.7566778659820557,-0.07906637486368125
1.06437865e-05,0.0,,,,,,,66.99802,2112.212,541.3996,110.48532,99.27835,-91.24425,1970.9642,,,,,,67.015564,0.01950816855430603,16413.964401483536,1420000,0.05078125,0.001953125,0.0,0.017546386,0.016521811,1.06437865e-05,546.26074,0.017535742,0.0,1.3688036,1.3688036,0.1,1.0,0.006380163,0.25328675,512.2182,0.0,420000.0,-0.2529894155059198,-51.49060487182179,200.0,3.7734456062316895,0.17099379199589684
3.535843e-05,0.0,,,,,,,80.401,2134.635,580.40515,105.052025,39.15909,-53.233864,1488.7048,,,,,,80.40915,0.01951241021156311,16511.526458263397,1425000,0.06640625,0.0029296877,0.0,0.008145783,0.06599283,3.535843e-05,582.49133,0.0081104245,0.0,1.0700991,1.0700991,0.1,1.0,0.0059119146,0.17102896,576.32294,0.0,425000.0,-0.2583450785092726,-52.59929499288627,200.0,3.7858622074127197,0.13324577993616293
5.9152906e-05,0.0,,,,,,,21.235504,2143.0293,559.786,142.40236,20.656319,-23.60176,741.4817,,,,,,21.244453,0.019546430587768556,16609.258616924286,1430000,0.08984375,0.00390625,0.0,0.008949925,0.12553346,5.9152906e-05,560.6558,0.008890772,0.0,0.87431645,0.87431645,0.1,1.0,0.0033728539,0.17578568,522.0465,0.0,430000.0,-0.27820935099745353,-54.55171058147671,200.0,3.7799994945526123,0.06677111241322765
5.1836952e-05,0.0,,,,,,,22.190052,2140.865,539.2565,122.024155,23.086859,-40.8831,892.7931,,,,,,22.197563,0.019469393253326417,16706.605589151382,1435000,0.0859375,0.0033482146,0.0,0.007512092,0.13239121,5.1836952e-05,540.1377,0.007460255,0.0,0.6693172,0.6693172,0.1,1.0,0.002594527,0.18581197,514.75885,0.0,435000.0,1.894318147482884,43.98753423203964,200.0,3.818995952606201,3.4217758435876515
1.6141152e-05,0.0,,,,,,,32.82571,2149.6738,452.91187,87.588905,21.256104,-18.151743,812.799,,,,,,32.838463,0.019368891620635986,16803.450053930283,1440000,0.04296875,0.001953125,0.0,0.012753173,0.040575385,1.6141152e-05,454.14102,0.012737032,0.0,0.8487839,0.8487839,0.1,1.0,0.004280472,0.2064647,431.83777,0.0,440000.0,-0.25202918416895803,-51.419476049507836,200.0,3.7692856788635254,0.17341554320616634
2.2103644e-05,0.0,,,,,,,45.004845,2143.8743,448.39816,96.99281,32.772453,-29.06552,863.54004,,,,,,45.016125,0.01943118314743042,16900.605976581573,1445000,0.0625,0.002232143,0.0,0.011280446,0.047880054,2.2103644e-05,450.342,0.011258342,0.0,1.3857689,1.3857689,0.1,1.0,0.00991003,0.18125886,425.02545,0.0,445000.0,-0.2573563634095878,-51.74687305625797,200.0,3.805133104324341,0.16226852753035337
2.9609224e-05,0.0,,,,,,,38.07998,2170.428,501.47534,100.010666,39.728752,-36.888695,744.7859,,,,,,38.098507,0.019598149061203003,16998.596729278564,1450000,0.05078125,0.0018136161,0.0,0.0185292,0.1354897,2.9609224e-05,503.74365,0.018499592,0.0,1.3124671,1.3124671,0.1,1.0,0.00832071,0.16609973,446.36456,0.0,450000.0,-0.28192701212609744,-57.577781208629666,200.0,4.330420255661011,-0.03625871382686068
5.504559e-05,0.0,,,,,,,82.01682,2176.326,504.24475,93.39943,66.310455,-54.96097,2934.0232,,,,,,82.0787,0.01940215039253235,17095.607487678528,1455000,0.05859375,0.002092634,0.0,0.06187498,0.14679086,5.504559e-05,508.3294,0.061819933,0.0,1.7324451,1.7324451,0.1,1.0,0.009771012,0.2545951,477.52145,0.0,455000.0,-0.2722331167630903,-53.52946681534621,200.0,3.8400626182556152,0.10157585115738899
9.230155e-06,0.0,,,,,,,84.288124,2180.4478,562.94,98.79238,109.21387,-96.64981,2472.212,,,,,,84.32392,0.019500367641448975,17193.109332323074,1460000,0.04296875,0.0015345983,0.0,0.035796657,0.015019059,9.230155e-06,567.2892,0.035787426,0.0,1.7290139,1.7290139,0.1,1.0,0.0076684197,0.22626072,584.1388,0.0,460000.0,-0.2582050656289192,-54.29564496682957,200.0,4.263906240463257,0.07548947990486087
2.434178e-05,0.0,,,,,,,58.143967,2197.7712,553.7866,84.29146,58.890236,-42.490158,1001.9135,,,,,,58.152847,0.019328100299835206,17289.74984049797,1465000,0.0859375,0.0030691966,0.0,0.008882327,0.026666284,2.434178e-05,555.5204,0.008857985,0.0,1.2580533,1.2580533,0.1,1.0,0.004154825,0.18811436,623.7516,0.0,465000.0,-0.320277437216575,-53.98610779367102,200.0,3.8268373012542725,0.08602841474637138
0.00011413623,0.0,,,,,,,22.838762,2197.038,546.1753,103.74286,27.064402,-33.450386,693.1498,,,,,,22.85804,0.019427664375305177,17386.88816833496,1470000,0.06640625,0.0027901786,0.0,0.019277323,0.38564253,0.00011413623,547.56586,0.019163188,0.0,0.96582574,0.96582574,0.1,1.0,0.005257556,0.16949345,481.55334,0.0,470000.0,-0.31155310339067394,-55.47448655809417,200.0,3.7707297801971436,0.03535299292971996
7.206671e-05,0.0,,,,,,,44.53772,2199.415,497.33386,73.46607,150.27094,-75.45935,2906.0542,,,,,,44.544792,0.019497395086288453,17484.375150680542,1475000,0.09765625,0.004464286,0.0,0.0070719286,0.14334965,7.206671e-05,497.9922,0.006999862,0.0,0.68865067,0.68865067,0.1,1.0,0.0042731366,0.19674936,432.08344,0.0,475000.0,-0.27024905551853556,-52.908627951290086,200.0,4.267524480819702,0.122713798075362
4.713424e-05,0.0,,,,,,,46.585136,2199.0557,512.8745,102.500984,57.126225,-69.67254,1430.9761,,,,,,46.596478,0.019354309988021852,17581.146706819534,1480000,0.0703125,0.0032087055,0.0,0.011340323,0.13451505,4.713424e-05,514.9093,0.011293189,0.0,1.18595,1.18595,0.1,1.0,0.007442233,0.21958883,460.00858,0.0,480000.0,-0.2617798940807751,-53.35326844945853,200.0,3.7878613471984863,0.10757494676946817
5.6190038e-05,0.0,,,,,,,83.76701,2210.5076,541.6393,59.172142,106.01257,-79.29302,1807.001,,,,,,83.79054,0.019527585315704345,17678.784640073776,1485000,0.08203125,0.0034877234,0.0,0.023526508,0.13523984,5.6190038e-05,545.61725,0.023470318,0.0,1.2914622,1.2914622,0.1,1.0,0.0070074974,0.20199834,484.76096,0.0,485000.0,-0.286731870668422,-59.368697622683904,200.0,4.250754356384277,-0.097234754932726
8.262237e-05,0.0,,,,,,,58.01544,2215.9365,569.49146,111.27998,47.55054,-54.080025,1051.8469,,,,,,58.030735,0.019489318227767945,17776.231237649918,1490000,0.12109375,0.0047433036,0.0,0.015293038,0.21966028,8.262237e-05,571.68604,0.015210416,0.0,1.2389463,1.2389463,0.1,1.0,0.0049899197,0.17059675,614.5891,0.0,490000.0,-0.25459974954172937,-53.618444493898565,200.0,3.802569627761841,0.09854639286311234
1.518603e-05,0.0,,,,,,,44.740685,2216.8188,543.7004,108.14141,75.772415,-84.06312,1181.9651,,,,,,44.7647,0.019460585880279543,17873.53417277336,1495000,0.04296875,0.0016741073,0.0,0.024017511,0.035708904,1.518603e-05,546.25415,0.024002325,0.0,1.2623353,1.2623353,0.1,1.0,0.0053727906,0.19111674,554.81274,0.0,495000.0,-0.2931493281539539,-53.84986823522981,200.0,3.7896780967712402,0.09066701700081709
3.8610706e-05,0.0,,,,,,,58.062225,2227.2266,545.59705,102.88369,133.80464,-103.21828,2160.6973,,,,,,58.070644,0.019528345441818237,17971.175906181335,1500000,0.12890625,0.0053013396,0.0,0.008418299,0.03973174,3.8610706e-05,547.9905,0.0083796885,0.0,1.0468123,1.0468123,0.1,1.0,0.0058075176,0.25187317,660.5689,0.0,500000.0,-0.3024562073965876,-53.79294301783958,200.0,3.7928881645202637,0.09260517244364383
5.545421e-05,0.0,,,,,,,34.60205,2227.0754,686.3447,148.25624,22.018875,-24.653877,844.1943,,,,,,34.610615,0.022981323862075805,18086.082531690598,1505000,0.0703125,0.0026506698,0.0,0.008564286,0.12994456,5.545421e-05,688.66345,0.008508831,0.0,0.9954132,0.9954132,0.1,1.0,0.0052747633,0.19005437,649.2904,0.0,505000.0,-0.2713241811542211,-53.223801519849815,200.0,3.7691516876220703,0.11198295864524313
8.271572e-05,0.0,,,,,,,34.210648,2223.1853,544.0303,112.92337,63.974052,-87.92882,1410.3441,,,,,,34.225082,0.019585122489929198,18184.0081512928,1510000,0.08203125,0.0029296877,0.0,0.014434714,0.1732136,8.271572e-05,544.8987,0.014351998,0.0,1.5671396,1.5671396,0.1,1.0,0.005924565,0.15878093,480.01465,0.0,510000.0,-0.2529569644944629,-52.24831388530565,200.0,4.249613285064697,0.1451957728421803
5.47468e-05,0.0,,,,,,,95.48503,2090.2905,473.9068,117.07437,115.325516,-321.8436,2925.6438,,,,,,95.53262,0.019509157705307006,18281.553946495056,1515000,0.09765625,0.0037667411,0.0,0.047589783,0.077509046,5.47468e-05,476.60492,0.047535036,0.0,1.5807401,1.5807401,0.1,1.0,0.0064064558,0.16043475,466.35907,1.0,515000.0,19.973127021003258,222.19334978198535,200.0,3.8536345958709717,9.489219890112906
3.3254037e-05,0.0,,,,,,,81.15752,2241.7593,649.64044,173.39111,166.49416,-181.74866,2798.192,,,,,,81.17988,0.019555633211135865,18379.33211874962,1520000,0.06640625,0.002511161,0.0,0.022360306,0.096439004,3.3254037e-05,656.80164,0.022327052,0.0,1.7935772,1.7935772,0.1,1.0,0.00454821,0.2256775,716.621,0.0,520000.0,-0.2552983171590801,-52.37499128712096,200.0,3.8012990951538086,0.14088273712501426
4.5000994e-05,0.0,,,,,,,75.85421,2244.355,755.6477,176.17584,113.4157,-150.76062,3258.5415,,,,,,75.86701,0.019442866849899293,18476.546458482742,1525000,0.09375,0.0034877234,0.0,0.012803126,0.06669366,4.5000994e-05,759.41077,0.012758126,0.0,0.962813,0.962813,0.1,1.0,0.003407835,0.1776001,834.714,0.0,525000.0,-0.2867040046991499,-56.490432671169806,200.0,3.766390085220337,0.0007626728756384424
7.5809825e-05,0.0,,,,,,,37.27308,2254.8687,696.14087,262.0874,45.209885,-58.33681,1054.7126,,,,,,37.283474,0.01942808027267456,18573.686865329742,1530000,0.0859375,0.0034877234,0.0,0.01039397,0.14035285,7.5809825e-05,696.7878,0.01031816,0.0,1.0147803,1.0147803,0.1,1.0,0.0031617968,0.16445923,678.72125,0.0,530000.0,-0.28544852772055385,-53.32818103147584,200.0,3.7955172061920166,0.10842910803469973
2.2251343e-05,0.0,,,,,,,41.37966,2260.7397,615.9492,173.0739,51.267773,-39.35584,1445.0756,,,,,,41.385353,0.019479604434967043,18671.084892988205,1535000,0.046875,0.0016741073,0.0,0.0056920564,0.06672466,2.2251343e-05,617.276,0.005669805,0.0,0.84773016,0.84773016,0.1,1.0,0.0024717133,0.20107791,709.92786,0.0,535000.0,-0.2555251929643424,-51.87851853521258,200.0,3.774468183517456,0.15778634172137648
7.677963e-05,0.0,,,,,,,60.882355,2272.629,614.46436,154.76257,44.448284,-46.638638,1301.2349,,,,,,60.89071,0.019659858417510986,18769.384190559387,1540000,0.078125,0.0030691966,0.0,0.008353688,0.25357652,7.677963e-05,617.558,0.008276909,0.0,1.1498257,1.1498257,0.1,1.0,0.005099238,0.17045112,713.60187,0.0,540000.0,-0.26436163443119565,-51.45813139302068,200.0,3.819488048553467,0.17209942940180142
2.2364997e-05,0.0,,,,,,,111.207245,2278.1162,692.25586,168.00293,116.835434,-84.42381,2267.4534,,,,,,111.23316,0.019468584537506103,18866.727118730545,1545000,0.0859375,0.0034877234,0.0,0.025916424,0.029932141,2.2364997e-05,699.244,0.025894059,0.0,2.4318943,2.4318943,0.1,1.0,0.0062993346,0.18253832,729.38074,0.0,545000.0,-0.2707371326368625,-52.740132175689155,200.0,3.788931131362915,0.1284506405424811
6.6117405e-05,0.0,,,,,,,58.104633,2287.1914,699.73627,191.58499,94.632774,-200.87473,1972.1665,,,,,,58.12931,0.019492293214797975,18964.188590765,1550000,0.0859375,0.0033482146,0.0,0.024677277,0.12889898,6.6117405e-05,702.4623,0.024611158,0.0,1.6816941,1.6816941,0.1,1.0,0.0055504655,0.18248762,678.8867,0.0,550000.0,-0.28645775108654775,-53.644738727713886,200.0,3.77984356880188,0.09765114266082027
1.2120166e-05,0.0,,,,,,,77.951225,2286.9011,667.09515,129.27095,41.627926,-63.61483,1371.4896,,,,,,77.95952,0.01949880690574646,19061.68263053894,1555000,0.0546875,0.0023716518,0.0,0.008295903,0.014457345,1.2120166e-05,673.2615,0.008283783,0.0,1.6905928,1.6905928,0.1,1.0,0.004563867,0.18676691,723.30524,0.0,555000.0,-0.2594279559596093,-52.43559758911221,200.0,3.78829288482666,0.138819250335518
4.351239e-05,0.0,,,,,,,55.731632,2287.8381,736.1261,231.861,67.08268,-89.28924,1471.9067,,,,,,55.743877,0.01961914348602295,19159.778353214264,1560000,0.0546875,0.002511161,0.0,0.012243415,0.1657368,4.351239e-05,738.4909,0.012199903,0.0,1.3961582,1.3961582,0.1,1.0,0.0045762886,0.18824205,747.2508,0.0,560000.0,-0.2508796587051464,-53.354170092469985,200.0,4.270040988922119,0.10754424817242718
4.751505e-05,0.0,,,,,,,79.21829,2298.4404,740.7508,179.56721,68.100006,-161.218,2334.946,,,,,,79.23835,0.019439651489257814,19256.976617336273,1565000,0.0859375,0.0034877234,0.0,0.02005862,0.093842864,4.751505e-05,745.8231,0.020011107,0.0,2.0213907,2.0213907,0.1,1.0,0.004677896,0.1950758,826.27014,0.0,565000.0,-0.24639301359728455,-53.6447785438515,200.0,3.780590057373047,0.09764978702499894
3.3106557e-05,0.0,,,,,,,46.947754,2313.9763,678.25867,181.90747,37.431087,-34.85454,1018.02673,,,,,,46.963253,0.019390016174316405,19353.92670583725,1570000,0.03125,0.0012555805,0.0,0.01549945,0.06459117,3.3106557e-05,679.9542,0.015466344,0.0,1.0057075,1.0057075,0.1,1.0,0.0060477485,0.21318284,606.9935,0.0,570000.0,-0.2583169526359454,-52.48703797925512,200.0,4.297981262207031,0.13706783898028058
3.1434418e-05,0.0,,,,,,,272.0666,2320.9604,820.02344,160.71494,132.24644,-263.86487,5380.9604,,,,,,272.1049,0.01948323211669922,19451.34287214279,1575000,0.09375,0.0033482146,0.0,0.038286135,0.055893302,3.1434418e-05,833.7997,0.0382547,0.0,3.4386585,3.4386585,0.1,1.0,0.005548014,0.13693824,805.34924,0.0,575000.0,-0.27075290873815444,-53.91467599701423,200.0,3.8205714225769043,0.08846048144419677
3.390362e-05,0.0,,,,,,,249.66574,2306.6965,1047.2849,193.07474,418.43307,-605.5042,20401.197,,,,,,249.68207,0.01950627703666687,19548.874262809753,1580000,0.08984375,0.0033482146,0.0,0.016320663,0.10909653,3.390362e-05,1053.4454,0.016286759,0.0,1.5507439,1.5507439,0.1,1.0,0.0023106528,0.17826615,1087.0094,0.0,580000.0,-0.25258644776963696,-54.49076014810055,200.0,4.297869682312012,0.06884631598040693
3.0300831e-05,0.0,,,,,,,72.98235,2288.7883,971.8219,636.7763,67.17824,-187.18494,2689.707,,,,,,72.996605,0.01938686375617981,19645.808587789536,1585000,0.1015625,0.0037667411,0.0,0.01424948,0.059837222,3.0300831e-05,976.6539,0.01421918,0.0,1.8706722,1.8706722,0.1,1.0,0.0032344235,0.1454901,961.9403,0.0,585000.0,-0.2704133777994128,-57.747547609455346,200.0,3.7593331336975098,-0.04203881777470911
3.699629e-05,0.0,,,,,,,204.4885,2274.7476,1101.119,599.8795,199.68466,-165.90317,7243.503,,,,,,204.58105,0.01955931453704834,19743.60516643524,1590000,0.1015625,0.0047433036,0.0,0.09256625,0.047034383,3.699629e-05,1114.3209,0.09252925,0.0,2.6118999,2.6118999,0.1,1.0,0.004647855,0.18451376,1037.3573,0.0,590000.0,-0.2894894134066432,-57.685409754754474,200.0,4.273406028747559,-0.03992318560296896
7.500013e-05,0.0,,,,,,,231.59247,2271.705,1066.823,675.14264,793.9711,-848.6378,28863.48,,,,,,231.61143,0.019323989629745485,19840.22512102127,1595000,0.0625,0.0023716518,0.0,0.018969983,0.3134216,7.500013e-05,1073.9792,0.018894983,0.0,2.225802,2.225802,0.1,1.0,0.0025455183,0.19368392,1101.5542,0.0,595000.0,-0.25293175052454026,-54.65540429814131,200.0,3.779832124710083,0.06324061133559936
7.521771e-05,0.0,,,,,,,172.93907,2257.4187,1003.6792,491.72888,421.9953,-238.28687,4785.051,,,,,,172.954,0.019440176963806153,19937.426011562347,1600000,0.0703125,0.0032087055,0.0,0.014929134,0.13192034,7.521771e-05,1014.1892,0.014853917,0.0,2.135039,2.135039,0.1,1.0,0.0035060877,0.14804739,1035.8328,0.0,600000.0,-0.2671075167216614,-53.798199967526706,200.0,3.7696311473846436,0.09242618699368203
4.5368583e-05,0.0,,,,,,,91.849915,2176.7283,1028.4136,401.69174,126.99431,-50.015633,2394.4763,,,,,,91.87459,0.0228796462059021,20051.82424879074,1605000,0.06640625,0.002511161,0.0,0.024676513,0.111475945,4.5368583e-05,1033.6047,0.024631144,0.0,1.8415749,1.8415749,0.1,1.0,0.004524038,0.17312318,1042.6445,0.0,605000.0,-0.25854308410723637,-54.28704786923384,200.0,3.783817768096924,0.07578218869477127
7.433245e-05,0.0,,,,,,,36.662395,2232.6755,991.9134,465.67685,94.87394,-87.91028,2189.3816,,,,,,36.671856,0.019493037271499633,20149.289442062378,1610000,0.1171875,0.0054408484,0.0,0.009461173,0.057113647,7.433245e-05,993.8246,0.00938684,0.0,1.2241548,1.2241548,0.1,1.0,0.0029771158,0.224111,971.0614,0.0,610000.0,-0.26718044568696325,-53.448735634152335,200.0,3.7883799076080322,0.10432453768701826
6.900186e-05,0.0,,,,,,,42.362534,2221.413,840.8259,410.05423,126.93165,-36.139313,1919.4348,,,,,,42.371185,0.019638037490844727,20247.479637622833,1615000,0.07421875,0.0032087055,0.0,0.008651229,0.11902976,6.900186e-05,842.2791,0.008582227,0.0,0.9804907,0.9804907,0.1,1.0,0.0024135844,0.21951133,835.60156,0.0,615000.0,-0.25748053879079197,-53.95999331154306,200.0,3.7970149517059326,0.0869175448717065
4.0578176e-05,0.0,,,,,,,70.75453,2203.5938,755.79913,385.0067,168.02107,-163.72989,5325.1064,,,,,,70.76721,0.01962920136451721,20345.625652313232,1620000,0.0703125,0.0026506698,0.0,0.012676631,0.07196951,4.0578176e-05,759.3942,0.012636053,0.0,1.5473725,1.5473725,0.1,1.0,0.0029351758,0.15635513,782.5343,0.0,620000.0,-0.297508324188774,-54.33586663310438,200.0,3.78361439704895,0.0741200368884963
9.4292205e-05,0.0,,,,,,,146.12631,2204.466,858.5001,419.48706,82.70922,-49.187263,2336.9739,,,,,,146.14516,0.01963786745071411,20443.814996242523,1625000,0.05859375,0.002092634,0.0,0.018849438,0.4544357,9.4292205e-05,866.7076,0.018755145,0.0,2.1994233,2.1994233,0.1,1.0,0.0048865555,0.18682842,813.83203,0.0,625000.0,-0.2506547498172674,-54.05776740852019,200.0,4.281811714172363,0.08358859143223796
0.00010313869,0.0,,,,,,,126.40973,2192.5625,981.2709,438.25504,79.649796,-69.425224,2940.8843,,,,,,126.421646,0.019497770357131957,20541.30385494232,1630000,0.08203125,0.0033482146,0.0,0.01191382,0.23757112,0.00010313869,988.4667,0.011810682,0.0,1.595988,1.595988,0.1,1.0,0.003025697,0.14953008,999.1737,0.0,630000.0,-0.27766585403724925,-55.542168772761315,200.0,4.276484489440918,0.03304858973630839
2.6730706e-05,0.0,,,,,,,35.32724,2193.924,865.8647,431.2087,44.094376,-61.30174,1187.917,,,,,,35.33831,0.019353515434265136,20638.071439027786,1635000,0.07421875,0.0026506698,0.0,0.011068832,0.0458498,2.6730706e-05,868.2452,0.011042101,0.0,1.1630185,1.1630185,0.1,1.0,0.0017044935,0.14025292,887.8017,0.0,635000.0,-0.27798413349252715,-52.743202388111655,200.0,3.7871227264404297,0.1283461078030361
3.579266e-05,0.0,,,,,,,85.862946,2178.697,868.68463,470.07568,218.82655,-95.38757,2454.9233,,,,,,85.88362,0.019536481428146363,20735.753853559494,1640000,0.078125,0.0030691966,0.0,0.020675529,0.057294726,3.579266e-05,873.04486,0.020639736,0.0,1.6061001,1.6061001,0.1,1.0,0.004774293,0.21977349,826.8029,0.0,640000.0,-0.26006498241527026,-52.68955091720507,200.0,3.824613332748413,0.13017280070155296
9.869815e-05,0.0,,,,,,,215.58618,2173.6436,931.265,464.13608,59.66634,-85.29163,3193.705,,,,,,215.63965,0.01955421714782715,20833.52494621277,1645000,0.08984375,0.0037667411,0.0,0.05346902,0.26948833,9.869815e-05,941.5812,0.053370323,0.0,2.5280247,2.5280247,0.1,1.0,0.0055992114,0.21998143,898.9319,0.0,645000.0,9.954586684266953,208.10833194308736,200.0,3.8005571365356445,9.009661704157567
2.602438e-05,0.0,,,,,,,155.35066,2169.3196,964.17474,677.1403,128.95982,-285.66214,6537.9497,,,,,,155.36507,0.019517850923538207,20931.11420750618,1650000,0.0859375,0.0032087055,0.0,0.014396731,0.038530946,2.602438e-05,969.2704,0.014370707,0.0,1.6826546,1.6826546,0.1,1.0,0.003423027,0.16928667,916.6505,0.0,650000.0,-0.27041306819130934,-53.081138676406646,200.0,3.804049015045166,0.11684025703047465
6.970344e-05,0.0,,,,,,,76.14581,2160.9465,953.6756,524.47266,66.5481,-101.82019,2155.3242,,,,,,76.16497,0.019613007402420043,21029.179251194,1655000,0.109375,0.004185268,0.0,0.01915731,0.11023402,6.970344e-05,957.5879,0.019087605,0.0,1.9115047,1.9115047,0.1,1.0,0.0033852533,0.19344243,968.83704,0.0,655000.0,-0.2869678353119833,-56.843203276860926,200.0,3.8008551597595215,-0.011248247781941334
9.473119e-05,0.0,,,,,,,32.83136,2152.3855,846.259,531.5245,129.84634,-78.078354,1162.3506,,,,,,32.839096,0.019649033546447755,21127.424425840378,1660000,0.0859375,0.0034877234,0.0,0.0077363015,0.26520276,9.473119e-05,848.7175,0.00764157,0.0,1.2808166,1.2808166,0.1,1.0,0.0025411982,0.21423075,855.4623,0.0,660000.0,-0.27167730184364797,-53.144653279757854,200.0,4.324716329574585,0.11467775015166466
6.30165e-05,0.0,,,,,,,51.462074,2146.093,792.6322,501.86798,164.97974,-38.91398,2037.9476,,,,,,51.475395,0.019552677392959596,21225.18781876564,1665000,0.08203125,0.0036272323,0.0,0.013320261,0.06381011,6.30165e-05,795.07007,0.013257245,0.0,1.563704,1.563704,0.1,1.0,0.0031479427,0.19499512,748.90015,0.0,665000.0,-0.26224410900767703,-51.77615694953252,200.0,3.792205810546875,0.16127148720728957
7.136995e-05,0.0,,,,,,,67.862656,2140.7456,757.198,383.80695,157.2283,-31.2541,1946.0505,,,,,,67.87679,0.019472970151901244,21322.552675962448,1670000,0.06640625,0.002511161,0.0,0.014138418,0.32788038,7.136995e-05,760.68567,0.014067048,0.0,1.4002047,1.4002047,0.1,1.0,0.0034709284,0.20475756,763.42847,0.0,670000.0,-0.27077811803131924,-49.96657365513051,200.0,3.8212502002716064,0.2228830869882956
3.8032438e-05,0.0,,,,,,,57.765453,2125.6362,719.65063,331.5407,38.659782,-171.07857,2123.3022,,,,,,57.781906,0.019735014247894287,21421.227752923965,1675000,0.06640625,0.0029296877,0.0,0.01645145,0.14167368,3.8032438e-05,722.53656,0.016413417,0.0,1.5682484,1.5682484,0.1,1.0,0.0025525822,0.17614907,746.8821,0.0,675000.0,-0.26864227704437676,-52.8405007141378,200.0,3.80688738822937,0.1250333531257415
1.526915e-05,0.0,,,,,,,96.14299,2138.5955,746.5767,294.16083,101.66061,-45.67724,2314.1006,,,,,,96.16777,0.01963817377090454,21519.41862797737,1680000,0.08203125,0.0030691966,0.0,0.02477941,0.027501583,1.526915e-05,750.63763,0.02476414,0.0,1.5301142,1.5301142,0.1,1.0,0.003716643,0.19292852,788.6179,0.0,680000.0,-0.30138994455132617,-55.69667087794432,200.0,3.791869640350342,0.027788195313290725
8.8393645e-05,0.0,,,,,,,39.141407,2145.2202,729.1847,342.65964,41.131413,-48.87699,1468.03,,,,,,39.15548,0.019460358572006224,21616.720426797867,1685000,0.078125,0.0029296877,0.0,0.014071244,0.35092092,8.8393645e-05,730.50073,0.01398285,0.0,1.2523155,1.2523155,0.1,1.0,0.003834544,0.17021467,697.8749,0.0,685000.0,-0.26252975113448657,-51.71343536853656,200.0,3.802588701248169,0.16340699373959994
9.431e-05,0.0,,,,,,,34.245205,2139.6216,638.5335,345.20612,39.190346,-128.84297,1563.6697,,,,,,34.292828,0.01956789984703064,21714.559931755066,1690000,0.078125,0.0029296877,0.0,0.047620874,0.2288729,9.431e-05,640.5075,0.047526564,0.0,1.903615,1.903615,0.1,1.0,0.0044810805,0.14758044,633.0871,0.0,690000.0,-0.25260425879486925,-53.131849054586674,200.0,3.796004056930542,0.11511370068192933
1.796009e-05,0.0,,,,,,,103.8369,2135.8435,649.0863,281.81787,92.55639,-109.26135,2256.5906,,,,,,103.85465,0.019646121263504027,21812.790543556213,1695000,0.0546875,0.001953125,0.0,0.017752223,0.049520016,1.796009e-05,653.5184,0.017734263,0.0,1.5362241,1.5362241,0.1,1.0,0.004258285,0.19706236,599.84766,0.0,695000.0,-0.21140768354150224,-47.14324260784632,200.0,3.8223071098327637,0.3190101583824009
4.9359583e-05,0.0,,,,,,,171.78105,2161.896,737.0648,244.04716,179.28679,-86.46138,3458.3384,,,,,,171.80556,0.01971737732887268,21911.377435922623,1700000,0.0859375,0.0036272323,0.0,0.024501218,0.18065166,4.9359583e-05,742.9689,0.024451857,0.0,2.7489657,2.7489657,0.1,1.0,0.007579035,0.21269697,826.8322,0.0,700000.0,-0.2572056386074093,-52.64658122279668,200.0,4.262125492095947,0.13163580692115714
4.2774933e-05,0.0,,,,,,,62.957405,2110.3298,710.00684,246.49648,49.20059,-42.416546,1656.194,,,,,,62.973785,0.022994850254058837,22026.3516933918,1705000,0.07421875,0.0030691966,0.0,0.016378915,0.100253105,4.2774933e-05,713.1919,0.01633614,0.0,1.619016,1.619016,0.1,1.0,0.0040205247,0.13822079,732.8541,0.0,705000.0,-0.24698793782784434,-50.786997451005995,200.0,3.8261263370513916,0.19494979277704574
3.1627584e-05,0.0,,,,,,,56.036163,2185.9092,758.8013,296.3971,48.963814,-160.65492,1772.0271,,,,,,56.04803,0.01955010528564453,22124.102226018906,1710000,0.078125,0.0032087055,0.0,0.0118668685,0.039514303,3.1627584e-05,761.8192,0.011835241,0.0,1.2665248,1.2665248,0.1,1.0,0.004457237,0.19879971,758.36725,0.0,710000.0,1.81660201605759,101.34686937604789,200.0,3.81282901763916,5.374711865670606
0.00011851938,0.0,,,,,,,43.796555,2190.4534,704.4271,269.44168,32.67425,-85.778694,1322.5887,,,,,,43.810062,0.019568842220306398,22221.94644522667,1715000,0.1015625,0.0040457593,0.0,0.013508694,0.38554657,0.00011851938,706.9262,0.013390175,0.0,1.2792857,1.2792857,0.1,1.0,0.0027586976,0.22614622,627.1637,0.0,715000.0,-0.2556863748413447,-53.01719836538363,200.0,3.8312900066375732,0.11901725814714614
7.535434e-05,0.0,,,,,,,87.4304,2203.245,718.74695,314.0359,207.66565,-98.28702,2656.8423,,,,,,87.491104,0.01960564332008362,22319.974668502808,1720000,0.09375,0.0037667411,0.0,0.060705118,0.2587756,7.535434e-05,723.33435,0.060629763,0.0,2.267637,2.267637,0.1,1.0,0.0052478174,0.19012316,816.09344,0.0,720000.0,-0.25084243087915936,-51.67594477776501,200.0,3.813664674758911,0.16468345074564966
7.420717e-05,0.0,,,,,,,129.33295,2214.7556,719.4059,247.01561,100.33946,-111.18646,3130.7544,,,,,,129.35745,0.019669576740264892,22418.32255911827,1725000,0.1015625,0.0048828125,0.0,0.024504108,0.06697619,7.420717e-05,726.0665,0.0244299,0.0,2.3202696,2.3202696,0.1,1.0,0.0066089556,0.18069729,656.3848,0.0,725000.0,-0.253726850277348,-55.26834242526987,200.0,4.311445236206055,0.04237166393981589
8.742246e-05,0.0,,,,,,,91.155106,2208.1985,774.25684,234.47166,120.51374,-133.96844,2834.835,,,,,,91.17117,0.01948686819076538,22515.756905794144,1730000,0.0703125,0.0027901786,0.0,0.016065491,0.14925957,8.742246e-05,776.3711,0.015978068,0.0,1.3272345,1.3272345,0.1,1.0,0.004850281,0.2235862,781.7742,0.0,730000.0,-0.2628787855358911,-53.0417090942409,200.0,3.7827682495117188,0.11818273164517924
4.597707e-05,0.0,,,,,,,90.83843,2240.3809,725.5176,224.52509,46.44403,-152.37999,2396.2727,,,,,,90.846695,0.019627907848358155,22613.896451473236,1735000,0.09765625,0.00390625,0.0,0.008264841,0.11112559,4.597707e-05,728.32654,0.008218863,0.0,1.355685,1.355685,0.1,1.0,0.0033452127,0.1790413,719.37134,0.0,735000.0,-0.23736967273235204,-52.88456098353876,200.0,4.253278017044067,0.1235332156670385
5.2065257e-05,0.0,,,,,,,95.43443,2239.9639,743.8725,179.8137,123.43483,-80.019165,2837.9165,,,,,,95.4879,0.01946173791885376,22711.20514678955,1740000,0.09765625,0.00390625,0.0,0.0534683,0.09423745,5.2065257e-05,747.4265,0.053416234,0.0,2.0749712,2.0749712,0.1,1.0,0.00447958,0.19394253,717.01715,0.0,740000.0,-0.25803407348223345,-52.34690987062931,200.0,3.7856924533843994,0.14183883624436383
2.5792548e-05,0.0,,,,,,,171.81082,2242.7493,808.0111,298.13168,95.2089,-68.569435,2912.595,,,,,,171.83698,0.01957130389213562,22809.061672449112,1745000,0.08203125,0.0034877234,0.0,0.02614754,0.02761507,2.5792548e-05,818.30804,0.026121749,0.0,2.4658713,2.4658713,0.1,1.0,0.0077103535,0.19802918,799.854,0.0,745000.0,-0.2518739404234224,-50.9677373097886,200.0,3.8049778938293457,0.1887960711560305
4.177378e-05,0.0,,,,,,,70.86228,2243.9373,915.7454,325.85062,32.29627,-29.827717,1309.1221,,,,,,70.87479,0.019552606010437013,22906.824712514877,1750000,0.09375,0.004185268,0.0,0.012506682,0.038728476,4.177378e-05,919.46484,0.012464909,0.0,1.3377945,1.3377945,0.1,1.0,0.0027635354,0.20675167,909.61804,0.0,750000.0,-0.30177803177356505,-57.323814738703554,200.0,3.792145252227783,-0.027611816747689043
4.8704565e-05,0.0,,,,,,,86.05907,2246.3816,842.3004,268.6901,127.656944,-262.1914,2688.7283,,,,,,86.07213,0.01954467568397522,23004.548097848892,1755000,0.17578125,0.0072544646,0.0,0.013063745,0.024588466,4.8704565e-05,845.36566,0.01301504,0.0,1.7079087,1.7079087,0.1,1.0,0.004531466,0.20834059,941.4863,0.0,755000.0,1.9458410646971538,-6.51542766929378,200.0,3.800962448120117,1.7022814793071772
6.619693e-05,0.0,,,,,,,149.52339,2248.2346,804.98834,295.72803,250.936,-103.60717,2923.2017,,,,,,149.54457,0.019572127866744993,23102.40874361992,1760000,0.1015625,0.0040457593,0.0,0.021180524,0.11796665,6.619693e-05,811.2693,0.021114327,0.0,2.0974505,2.0974505,0.1,1.0,0.004719939,0.21523687,895.0891,0.0,760000.0,-0.2615253632023336,-52.49306024753564,200.0,3.809148073196411,0.13686279642478125
3.7349993e-05,0.0,,,,,,,173.22784,2238.8977,893.29675,378.7247,74.45421,-83.513176,3609.8777,,,,,,173.26338,0.019507580280303954,23199.946650981903,1765000,0.05859375,0.002232143,0.0,0.035538316,0.11745596,3.7349993e-05,901.5408,0.035500966,0.0,2.2593155,2.2593155,0.1,1.0,0.0044280193,0.18731076,876.6837,0.0,765000.0,-0.26128135194567614,-51.69624062773253,200.0,3.805922746658325,0.16399242989610804
6.476331e-05,0.0,,,,,,,71.09691,2235.441,897.85394,252.5713,51.667168,-39.222824,1498.3766,,,,,,71.10748,0.019778635454177858,23298.839834690094,1770000,0.04296875,0.0016741073,0.0,0.010573033,0.16609824,6.476331e-05,902.28015,0.01050827,0.0,1.4592673,1.4592673,0.1,1.0,0.0031277172,0.1271208,894.02893,0.0,770000.0,-0.25650517873168455,-52.29387868425202,200.0,4.357400894165039,0.143644410069618
4.691734e-05,0.0,,,,,,,91.1784,2222.617,864.5685,163.18494,120.47972,-39.68387,1968.5391,,,,,,91.212326,0.019446891832351685,23396.074300527573,1775000,0.13671875,0.0051618307,0.0,0.033931307,0.08288872,4.691734e-05,869.5596,0.03388439,0.0,1.808855,1.808855,0.1,1.0,0.004871779,0.2163215,859.4956,0.0,775000.0,-0.2536103072157021,-52.49512512861849,200.0,3.777878522872925,0.13679249259999154
4.5206914e-05,0.0,,,,,,,53.477844,2200.0413,833.7411,62.211563,105.44547,-58.211254,1751.9685,,,,,,53.50948,0.019727013397216796,23494.709372997284,1780000,0.0859375,0.0036272323,0.0,0.03163507,0.08545065,4.5206914e-05,838.44666,0.031589862,0.0,1.8228803,1.8228803,0.1,1.0,0.004246586,0.21744093,852.3808,0.0,780000.0,-0.25227585874732605,-51.95180744415861,200.0,3.8079397678375244,0.15529104518524126
5.0411563e-05,0.0,,,,,,,101.9628,2166.586,820.7533,53.380253,57.098183,-128.7153,1977.0166,,,,,,101.99119,0.019628740310668944,23592.85308074951,1785000,0.0703125,0.0026506698,0.0,0.028389506,0.0669688,5.0411563e-05,824.72546,0.028339094,0.0,2.1251588,2.1251588,0.1,1.0,0.0035826848,0.15043288,867.3181,0.0,785000.0,-0.28318216354865217,-53.452633258820406,200.0,3.840721368789673,0.10419183371484489
2.7013893e-05,0.0,,,,,,,103.12936,2196.165,895.78656,315.2263,66.4693,-162.99019,3835.7593,,,,,,103.15022,0.019630071353912353,23691.0034430027,1790000,0.078125,0.0029296877,0.0,0.020866435,0.030892134,2.7013893e-05,900.3158,0.020839421,0.0,2.1527853,2.1527853,0.1,1.0,0.0035384893,0.1737774,925.75146,0.0,790000.0,-0.2802129686238956,-56.23107696461828,200.0,3.778224468231201,0.009593059430601104
2.6337404e-05,0.0,,,,,,,72.40852,2182.237,833.2293,289.82318,270.17145,-96.40648,2322.1558,,,,,,72.46637,0.01953735704421997,23788.69023346901,1795000,0.06640625,0.0027901786,0.0,0.057848755,0.048814416,2.6337404e-05,835.1839,0.057822417,0.0,1.3325781,1.3325781,0.1,1.0,0.0031391655,0.17467472,825.56274,0.0,795000.0,9.945168190819182,529.3063137371793,200.0,3.8159260749816895,19.945616719869648
6.486906e-05,0.0,,,,,,,93.32969,2187.2654,799.5963,361.64047,51.990578,-153.2467,2601.2378,,,,,,93.35403,0.01958071722984314,23886.593826055527,1800000,0.09375,0.0037667411,0.0,0.024336362,0.15308797,6.486906e-05,803.83057,0.024271494,0.0,1.5864002,1.5864002,0.1,1.0,0.0036335036,0.17573489,796.51044,0.0,800000.0,9.948006718495115,829.2451219526351,200.0,3.8283815383911133,30.157752225170796
0.00013014388,0.0,,,,,,,103.36395,2178.35,762.0105,285.94348,40.665794,-71.04023,1694.983,,,,,,103.38436,0.02321720757484436,24002.67987060547,1805000,0.12109375,0.004603795,0.0,0.020405099,0.39835548,0.00013014388,766.91766,0.020274956,0.0,2.169109,2.169109,0.1,1.0,0.0041307798,0.18554339,742.0387,0.0,805000.0,-0.25345341935542437,-50.17754227043278,200.0,4.312477111816406,0.21570015491074687
6.989157e-05,0.0,,,,,,,82.019035,2188.1863,835.4887,215.28445,90.15202,-65.3918,1920.2389,,,,,,82.02974,0.019690937328338622,24101.13456273079,1810000,0.05859375,0.002511161,0.0,0.010702923,0.18393052,6.989157e-05,839.69165,0.010633031,0.0,1.2578256,1.2578256,0.1,1.0,0.0035500817,0.17351641,929.7295,0.0,810000.0,-0.2519227304564273,-53.0404959163117,200.0,4.326765537261963,0.11822403719506377
6.612582e-05,0.0,,,,,,,112.04953,2179.2104,775.60284,373.90607,247.03554,-111.12476,4206.522,,,,,,112.08419,0.01966212010383606,24199.445168733597,1815000,0.0703125,0.0027901786,0.0,0.034660492,0.32113123,6.612582e-05,778.6581,0.034594364,0.0,2.3835168,2.3835168,0.1,1.0,0.005146438,0.19086894,851.5321,0.0,815000.0,-0.265025945730976,-50.68602183383348,200.0,3.8628666400909424,0.19838774964375575
3.031929e-05,0.0,,,,,,,442.33875,2189.7378,913.2213,388.84854,318.0613,-370.09644,12723.252,,,,,,443.61172,0.019664582633972166,24297.768087863922,1820000,0.0859375,0.0034877234,0.0,1.2729884,0.07730889,3.031929e-05,920.0587,1.2729582,0.0,3.7003574,3.7003574,0.1,1.0,0.0056044036,0.16125488,913.217,0.0,820000.0,-0.279715543694309,-52.71004183842189,200.0,4.321959018707275,0.1294751381838561
7.259499e-05,0.0,,,,,,,51.575127,2190.6162,822.345,323.38922,42.727577,-67.779205,1669.7266,,,,,,51.58439,0.019390749645233154,24394.72184228897,1825000,0.078125,0.0030691966,0.0,0.009261503,0.18577993,7.259499e-05,824.5182,0.009188908,0.0,1.1578759,1.1578759,0.1,1.0,0.0037405961,0.20710364,805.34344,0.0,825000.0,-0.3350243720060544,-57.42166025651493,200.0,3.7804360389709473,-0.030943201880613867
8.3374194e-05,0.0,,,,,,,97.94687,2040.5923,781.77454,280.854,90.7399,-112.73516,3486.4448,,,,,,97.97903,0.01956779565811157,24492.560826778412,1830000,0.08984375,0.0033482146,0.0,0.032155495,0.26111352,8.3374194e-05,785.8423,0.03207212,0.0,1.9627988,1.9627988,0.1,1.0,0.003322522,0.22493233,840.53467,0.0,830000.0,-0.2523180322995646,-50.90109809956429,200.0,3.8620777130126953,0.19106496276370843
6.276767e-05,0.0,,,,,,,130.7646,2196.8718,827.3523,343.26743,36.098885,-95.04307,2912.5688,,,,,,130.78618,0.019581100034713746,24590.4663336277,1835000,0.09375,0.0037667411,0.0,0.021572731,0.15913582,6.276767e-05,832.74,0.021509964,0.0,2.081365,2.081365,0.1,1.0,0.0045225183,0.1887748,860.765,1.0,835000.0,19.963656597125617,1524.3391370270588,200.0,3.803407907485962,53.82389370615196
6.169493e-05,0.0,,,,,,,537.4596,2173.6035,1055.1987,278.33862,254.44421,-278.70685,10031.095,,,,,,537.4886,0.01973883810043335,24689.160530805588,1840000,0.12109375,0.005022322,0.0,0.029020604,0.08690953,6.169493e-05,1066.9863,0.02895891,0.0,3.7523694,3.7523694,0.1,1.0,0.0049187625,0.17775506,1019.97144,0.0,840000.0,-0.2663743618331668,-56.728953657711806,200.0,3.8090736865997314,-0.007358345707843057
0.00021167503,0.0,,,,,,,31.227903,2169.6047,934.40607,262.3795,60.064484,-31.431269,1510.8835,,,,,,31.23888,0.01949704647064209,24786.6457695961,1845000,0.078125,0.0033482146,0.0,0.010976634,0.4699905,0.00021167503,936.10974,0.010764959,0.0,0.9347818,0.9347818,0.1,1.0,0.002368661,0.20088974,903.85474,0.0,845000.0,-0.27871964579163505,-57.4142527345001,200.0,4.241300106048584,-0.030690995042078967
5.680436e-05,0.0,,,,,,,169.69669,2162.8223,893.6255,480.39044,123.807465,-35.539913,2465.1084,,,,,,169.72597,0.019443189764022827,24883.861724853516,1850000,0.04296875,0.0015345983,0.0,0.029287925,0.14337349,5.680436e-05,904.67786,0.02923112,0.0,2.941392,2.941392,0.1,1.0,0.004811752,0.21195404,960.02185,0.0,850000.0,-0.2631449102285223,-54.367338007327845,200.0,3.7918660640716553,0.0730485185344019
3.1150612e-05,0.0,,,,,,,196.91335,2159.586,1067.5571,278.87888,159.50775,-163.40056,6309.168,,,,,,196.92792,0.019575957107543944,24981.7415163517,1855000,0.08203125,0.0033482146,0.0,0.014575291,0.056557655,3.1150612e-05,1078.254,0.014544141,0.0,1.9204575,1.9204575,0.1,1.0,0.003422305,0.22256579,1095.1165,0.0,855000.0,-0.2832784455193347,-57.50504227978884,200.0,4.297763347625732,-0.03378214268139092
8.1609986e-05,0.0,,,,,,,68.90492,2167.1187,989.49133,302.901,136.81712,-101.058205,2493.6025,,,,,,68.926384,0.019534415292739866,25079.413598775864,1860000,0.078125,0.0030691966,0.0,0.021465175,0.24976349,8.1609986e-05,992.86505,0.021383565,0.0,1.5845258,1.5845258,0.1,1.0,0.0028977992,0.19916931,1028.1078,0.0,860000.0,-0.25115614321016,-50.937516375552796,200.0,3.826101064682007,0.18982501528416468
4.8033795e-05,0.0,,,,,,,66.91521,2163.0635,897.89746,385.2093,137.6074,-98.90647,2335.2817,,,,,,66.924835,0.01949322443008423,25176.879727125168,1865000,0.109375,0.004185268,0.0,0.0096251145,0.04428482,4.8033795e-05,900.7905,0.009577081,0.0,1.2763807,1.2763807,0.1,1.0,0.0028836993,0.17918791,925.06665,0.0,865000.0,-0.2364040642783847,-49.19265068800205,200.0,3.8156838417053223,0.24923314904929877
0.000107053456,0.0,,,,,,,78.81557,2164.1753,775.9961,383.74414,90.535416,-30.1585,1414.3574,,,,,,78.85166,0.019772115898132325,25275.740314006805,1870000,0.09375,0.0037667411,0.0,0.03609572,0.20506835,0.000107053456,778.7748,0.035988666,0.0,1.656424,1.656424,0.1,1.0,0.0041828365,0.22209279,808.745,0.0,870000.0,1.799919278016752,118.6812002887622,200.0,3.8288111686706543,5.964900701945535
7.9226884e-05,0.0,,,,,,,133.68623,2162.7817,789.2362,377.80084,96.524376,-163.05408,3812.4028,,,,,,133.70374,0.0196431200504303,25373.95592021942,1875000,0.06640625,0.0029296877,0.0,0.017500723,0.18620944,7.9226884e-05,793.1753,0.017421495,0.0,1.9625832,1.9625832,0.1,1.0,0.004682944,0.19806136,728.3336,0.0,875000.0,-0.30981535036918695,-53.38621359956871,200.0,3.815352201461792,0.10645325018352333
5.3379037e-05,0.0,,,,,,,145.79343,2155.5623,773.367,293.48972,59.73861,-68.68603,3083.7163,,,,,,145.8117,0.019633602952957154,25472.12394094467,1880000,0.06640625,0.0029296877,0.0,0.018273856,0.08325541,5.3379037e-05,777.67737,0.018220477,0.0,2.093346,2.093346,0.1,1.0,0.0043315073,0.19986726,744.48035,0.0,880000.0,-0.2513499614557377,-50.30849863007586,200.0,4.340022325515747,0.21124143182015093
1.7703413e-05,0.0,,,,,,,106.75907,2149.4858,764.0599,281.58505,81.46342,-69.616806,2720.379,,,,,,106.78063,0.019521205711364745,25569.72997570038,1885000,0.05859375,0.002511161,0.0,0.021558793,0.030185103,1.7703413e-05,768.4864,0.02154109,0.0,1.9319634,1.9319634,0.1,1.0,0.0042608473,0.17039162,824.0094,0.0,885000.0,1.924852307340174,773.8168134241326,200.0,3.838172674179077,28.270562631765127
8.812998e-05,0.0,,,,,,,88.68245,2142.3801,793.7084,304.4903,53.297825,-59.371902,2591.2046,,,,,,88.70053,0.019655572700500487,25668.007845401764,1890000,0.07421875,0.0033482146,0.0,0.018080533,0.17421663,8.812998e-05,798.6749,0.017992403,0.0,1.7618368,1.7618368,0.1,1.0,0.0045827273,0.18793611,916.3456,0.0,890000.0,-0.2484489181431328,-51.003265189092225,200.0,3.8420932292938232,0.18758643936538888
3.8969018e-05,0.0,,,,,,,90.83266,2133.1423,841.4817,302.44034,78.86105,-198.539,3371.768,,,,,,90.85557,0.01959279079437256,25765.97180557251,1895000,0.05078125,0.0018136161,0.0,0.02290865,0.100908875,3.8969018e-05,847.519,0.022869682,0.0,1.8398287,1.8398287,0.1,1.0,0.0035079373,0.14279751,884.01434,0.0,895000.0,-0.20950689546484225,177.89058464686013,200.0,3.815190315246582,7.980826083018636
7.937744e-05,0.0,,,,,,,90.93842,2127.5894,827.56036,302.93665,123.73498,-68.143364,2838.0615,,,,,,90.9539,0.019603931760787965,25863.991470336914,1900000,0.078125,0.0030691966,0.0,0.0154823875,0.13297546,7.937744e-05,831.86755,0.01540301,0.0,2.0294845,2.0294845,0.1,1.0,0.005328728,0.20138125,789.856,0.0,900000.0,1.8298187506535248,129.15048534553412,200.0,3.7954344749450684,6.321352600516058
8.771739e-05,0.0,,,,,,,69.092674,2124.546,783.73413,256.36777,24.135063,-51.722027,1321.8516,,,,,,69.13839,0.023243361616134644,25980.208285093307,1905000,0.12109375,0.004464286,0.0,0.045713678,0.42643213,8.771739e-05,787.13654,0.045625962,0.0,1.8641615,1.8641615,0.1,1.0,0.004603841,0.23247781,700.58954,0.0,905000.0,9.958499693692715,76.30896127132516,200.0,3.816739559173584,4.522236282880947
4.1290503e-05,0.0,,,,,,,55.199223,2124.676,744.1315,198.17908,34.01286,-93.06208,2093.771,,,,,,55.210037,0.019588371753692626,26078.150151252747,1910000,0.0546875,0.001953125,0.0,0.010813353,0.11813629,4.1290503e-05,748.1072,0.010772062,0.0,1.4876916,1.4876916,0.1,1.0,0.0034637551,0.1809371,626.8613,0.0,910000.0,-0.2677068140446642,-50.540100007144105,200.0,3.845322608947754,0.20335600792349964
0.00015624512,0.0,,,,,,,85.06485,2128.326,734.2184,205.92438,84.717804,-108.39703,2052.0444,,,,,,85.10097,0.01972965521812439,26176.798434495926,1915000,0.11328125,0.004603795,0.0,0.03612089,0.34148383,0.00015624512,737.06213,0.035964645,0.0,1.695478,1.695478,0.1,1.0,0.005778294,0.15971205,774.2885,0.0,915000.0,-0.2657181045444085,-53.276992509862865,200.0,3.7985739707946777,0.11017194392225271
6.5771485e-05,0.0,,,,,,,118.39278,2120.2183,758.9838,189.76775,133.77614,-116.716705,3401.2944,,,,,,118.42059,0.01966516833305359,26275.124283075333,1920000,0.06640625,0.0026506698,0.0,0.027813755,0.14295852,6.5771485e-05,764.1887,0.027747983,0.0,1.5136054,1.5136054,0.1,1.0,0.005229569,0.21898226,759.7589,1.0,920000.0,19.975589254842518,1164.7772044993421,200.0,3.813542604446411,41.58174605154319
0.00011717502,0.0,,,,,,,150.39372,2129.9058,768.95953,141.47997,80.36071,-212.49371,3180.5024,,,,,,150.41603,0.019618228435516357,26373.215431690216,1925000,0.12890625,0.0051618307,0.0,0.022314021,0.37341642,0.00011717502,773.5925,0.022196846,0.0,2.5142393,2.5142393,0.1,1.0,0.0045344653,0.19847713,826.20886,1.0,925000.0,19.9665800589757,1381.8328292644478,200.0,3.931588649749756,48.97192495329038
4.8481295e-05,0.0,,,,,,,135.3452,2117.8132,759.32336,235.59581,121.85073,-54.532444,2311.077,,,,,,135.36533,0.019710141611099245,26471.76614713669,1930000,0.05859375,0.0023716518,0.0,0.020121519,0.17082477,4.8481295e-05,763.2748,0.020073038,0.0,2.1526856,2.1526856,0.1,1.0,0.0057007717,0.17326364,882.95386,0.0,930000.0,-0.26650347803475394,-52.27067226093358,200.0,3.8112123012542725,0.14443452836385046
8.025598e-05,0.0,,,,,,,211.04056,2131.0688,748.7902,229.39238,209.17188,-175.40889,6390.3096,,,,,,211.06401,0.019726404047012328,26570.398173570633,1935000,0.15234375,0.005719866,0.0,0.02345855,0.09061062,8.025598e-05,753.0616,0.023378294,0.0,2.4016204,2.4016204,0.1,1.0,0.00486771,0.19027391,828.42395,0.0,935000.0,-0.28427829097279117,-58.29461009902553,200.0,3.788290500640869,-0.06066487122406821
5.853489e-05,0.0,,,,,,,110.80214,2125.316,764.22876,237.22952,188.21811,-193.58456,3802.2646,,,,,,110.83735,0.019824107265472412,26669.518717050552,1940000,0.08203125,0.0032087055,0.0,0.035211474,0.08861828,5.853489e-05,767.56555,0.03515294,0.0,1.9364724,1.9364724,0.1,1.0,0.0050586555,0.18186148,793.6384,1.0,940000.0,19.970553003003563,1748.6804099934848,200.0,3.870861291885376,61.46212996039216
5.2576605e-05,0.0,,,,,,,157.21703,2130.5188,833.656,202.91577,147.35829,-132.97424,3734.33,,,,,,157.23065,0.019646385526657106,26767.750650405884,1945000,0.1015625,0.00390625,0.0,0.0136309285,0.09268153,5.2576605e-05,840.8581,0.013578352,0.0,1.796597,1.796597,0.1,1.0,0.005042488,0.22891015,944.7958,0.0,945000.0,-0.2668359910463963,-51.67446322586641,200.0,3.802035331726074,0.16473389373045932
7.985272e-05,0.0,,,,,,,150.12286,2124.9185,842.1626,236.21426,169.25598,-135.54338,3845.8354,,,,,,150.13788,0.019564531230926514,26865.573313236237,1950000,0.08984375,0.0036272323,0.0,0.015009648,0.18402123,7.985272e-05,845.74884,0.014929796,0.0,2.25906,2.25906,0.1,1.0,0.005876179,0.1703007,907.46484,0.0,950000.0,-0.3180878467461714,-58.19834321251523,200.0,3.79833722114563,-0.05738723437685356
0.00011620959,0.0,,,,,,,95.918564,2134.5193,825.6903,250.14398,46.575703,-103.74033,2297.0002,,,,,,95.952675,0.019518228816986085,26963.16446328163,1955000,0.16015625,0.0073939734,0.0,0.034114324,0.17792714,0.00011620959,830.19385,0.033998113,0.0,2.7121916,2.7121916,0.1,1.0,0.00408734,0.15199335,964.1558,0.0,955000.0,9.98028147886037,252.45696947521378,200.0,3.86342453956604,10.519617346937313
6.301683e-05,0.0,,,,,,,81.79019,2123.9502,762.44037,215.04663,61.526802,-81.50868,2170.666,,,,,,81.845055,0.019705626821517944,27061.692603588104,1960000,0.125,0.0048828125,0.0,0.054865547,0.06806922,6.301683e-05,764.6825,0.05480253,0.0,2.2008328,2.2008328,0.1,1.0,0.004166854,0.20319857,835.4642,0.0,960000.0,-0.25460752894087724,-52.1659720664302,200.0,3.8105263710021973,0.1479992973914444
0.00024237686,0.0,,,,,,,103.86236,2125.7402,808.6272,322.47797,127.38119,-44.298714,2133.0254,,,,,,103.91579,0.019665863752365113,27160.021928071976,1965000,0.09765625,0.004185268,0.0,0.053430922,0.6004436,0.00024237686,813.0106,0.053188544,0.0,2.3842452,2.3842452,0.1,1.0,0.003661867,0.22356027,923.86395,0.0,965000.0,9.951370191431915,707.7387414059018,200.0,3.828967332839966,26.02077631903666
8.201679e-05,0.0,,,,,,,158.82527,2128.0864,794.3954,224.18013,52.590416,-75.72903,2534.6465,,,,,,158.85768,0.019328497314453123,27256.664421081543,1970000,0.08203125,0.0034877234,0.0,0.03240892,0.15688121,8.201679e-05,802.0896,0.032326903,0.0,3.3355253,3.3355253,0.1,1.0,0.006838373,0.20883365,771.419,0.0,970000.0,-0.26632547291262476,-52.04756918695816,200.0,4.233277797698975,0.1520306071661961
7.1510774e-05,0.0,,,,,,,202.45709,2125.0337,885.46826,322.48004,97.83233,-123.99461,4158.563,,,,,,202.48645,0.019308631324768066,27353.207584142685,1975000,0.0703125,0.0033482146,0.0,0.029355692,0.12955058,7.1510774e-05,893.6089,0.029284181,0.0,3.5728662,3.5728662,0.1,1.0,0.0059682834,0.21490568,908.8036,0.0,975000.0,-0.3149560276717481,-54.72144820992447,200.0,3.728372573852539,0.060991988089936375
8.967496e-05,0.0,,,,,,,162.52042,2132.0283,819.50684,220.11702,258.55835,-70.12506,3608.6821,,,,,,162.54424,0.019339883518218994,27449.907007932663,1980000,0.12109375,0.005719866,0.0,0.023811834,0.16139126,8.967496e-05,821.54425,0.023722159,0.0,2.2530553,2.2530553,0.1,1.0,0.0051191747,0.19487807,850.5447,0.0,980000.0,-0.24948836558334664,-48.57613821590792,200.0,3.8242757320404053,0.2702237935850698
5.9023503e-05,0.0,,,,,,,97.1662,2125.7822,817.71063,272.43835,32.501503,-30.169626,1731.7704,,,,,,97.18944,0.0194530047416687,27547.172038078308,1985000,0.0625,0.002511161,0.0,0.023235755,0.17930865,5.9023503e-05,820.8717,0.023176732,0.0,1.9970105,1.9970105,0.1,1.0,0.003989861,0.16214369,825.3572,0.0,985000.0,-0.2557874723399592,-51.93167893562858,200.0,4.260484457015991,0.15597636849452307
5.2755902e-05,0.0,,,,,,,146.32422,2131.9534,755.09265,212.55249,105.019066,-103.4861,3106.874,,,,,,146.35783,0.01943136339187622,27644.32886147499,1990000,0.0703125,0.0030691966,0.0,0.03361898,0.078715205,5.2755902e-05,759.4841,0.03356622,0.0,2.8456972,2.8456972,0.1,1.0,0.006527805,0.17060776,645.71875,0.0,990000.0,9.96616606675459,844.3394475398194,200.0,3.766585111618042,30.67167471214265
7.97339e-05,0.0,,,,,,,145.43626,2124.0205,860.74695,277.7608,104.14885,-198.842,3418.1274,,,,,,145.46819,0.01912896466255188,27739.973690986633,1995000,0.07421875,0.0030691966,0.0,0.031923924,0.1432159,7.97339e-05,866.74493,0.03184419,0.0,2.7132702,2.7132702,0.1,1.0,0.0068194657,0.17112741,806.7993,0.0,995000.0,-0.2543751542351169,-52.717677073705566,200.0,3.6878604888916016,0.1292151783013864
7.2255105e-05,0.0,,,,,,,110.13537,2120.8674,839.826,267.06396,45.88174,-103.1547,2141.7737,,,,,,110.18729,0.018999064254760743,27834.969017982483,2000000,0.06640625,0.0026506698,0.0,0.051919598,0.22562623,7.2255105e-05,844.1914,0.051847342,0.0,3.2019305,3.2019305,0.1,1.0,0.006002651,0.2042881,888.3742,0.0,1000000.0,1.9042535029759167,163.0227738627364,200.0,3.681058883666992,7.474615835341771
