training/actor/bound_loss,training/actor/q_loss,training/alpha/current_vs_historical_ratio,training/alpha/historical_avg_loss,training/alpha/max_alpha_bound,training/alpha/min_alpha_bound,training/alpha/valid_count,training/alpha_weight,training/critic/critic_loss,training/critic/q_max,training/critic/q_mean,training/critic/q_min,training/grad/max,training/grad/min,training/grad/norm,training/meanflow/consistency_loss,training/meanflow/flow_loss,training/meanflow/mean_flow_loss,training/metrics/actor_learning_rate,training/metrics/critic_learning_rate,training/total_loss,time/epoch_time,time/total_time,step,training/actor/any_oob,training/actor/coordinate_oob,training/actor/jacobian,training/actor/loss,training/actor/max_clip,training/actor/mean_clip,training/actor/q,training/actor/transport,training/control/adjoint_clip_fraction,training/control/adjoint_norm,training/control/applied_adjoint_norm,training/control/eta,training/control/gate,training/control/relative_critic_disagreement,training/teacher/endpoint_variance,training/teacher/q,exploration/goal_achieved,exploration/total.timesteps,exploration/episode.final_reward,exploration/episode.return,exploration/episode.length,exploration/episode.duration,exploration/episode.normalized_return
0.0,0.0,1.0,0.0,110000.0,1100.0,0,11000.0,303.88135,3.1206045,-0.40305838,-3.7598984,26444.092,-20324.812,446667.84,0.0,0.9881264,0.9881264,0.0,0.0003,11173.271,0.008844052982330323,44.22054600715637,0,,,,,,,,,,,,,,,,,,,,,,,
0.011051895,0.0,21855194.0,0.0,110000.0,1100.0,2,11000.0,30.628242,1169.8618,64.908295,-44.1436,5714.803,-4702.172,262076.9,0.0,0.21855195,0.21855195,1e-05,0.0003,2434.711,0.01451084179878235,116.77494311332703,5000,,,,,,,,,,,,,,,,,,,,,,,
0.007292819,0.0,18623520.0,0.0,110000.0,1100.0,4,11000.0,73.00485,2723.2922,125.41157,-81.70082,10763.885,-12926.029,292161.47,0.0,0.1862352,0.1862352,2e-05,0.0003,2121.5994,0.008194660472869873,157.74841380119324,10000,,,,,,,,,,,,,,,,,,,,,,,
0.0051016374,0.0,13852990.0,0.0,110000.0,1100.0,7,11000.0,39.680992,4158.2886,183.19556,-138.89038,7589.4077,-9239.478,172294.03,0.0,0.1385299,0.1385299,3e-05,0.0003,1563.5149,0.008029889345169067,197.8980257511139,15000,,,,,,,,,,,,,,,,,,,,,,,
0.004538484,0.0,17017248.0,0.0,110000.0,1100.0,9,11000.0,72.2834,5366.0913,217.45956,-192.67764,12127.549,-10112.801,167241.97,0.0,0.17017248,0.17017248,4e-05,0.0003,1944.1853,0.0082410315990448,239.10335302352905,20000,,,,,,,,,,,,,,,,,,,,,,,
0.004745453,0.0,1.5638422,0.09405184,110000.0,1100.0,12,11000.0,65.744995,6349.4873,330.2241,-228.74416,9248.406,-7849.1885,108106.29,0.0,0.14708224,0.14708224,5e-05,0.0003,1683.6544,0.00807568531036377,279.4819555282593,25000,,,,,,,,,,,,,,,,,,,,,,,
0.006011929,0.0,1.2257843,0.12881896,110000.0,1100.0,14,11000.0,62.16202,7151.957,506.89075,-263.02487,7745.2603,-5937.573,102430.32,0.0,0.15790425,0.15790425,6e-05,0.0003,1799.1149,0.008364061260223389,321.3024501800537,30000,,,,,,,,,,,,,,,,,,,,,,,
0.0042054215,0.0,0.92857116,0.15727694,110000.0,1100.0,17,11000.0,60.941406,7800.224,526.5867,-264.39935,6312.8184,-3818.1558,84477.32,0.0,0.14604284,0.14604284,6.9999995e-05,0.0003,1667.4167,0.00817045373916626,362.15487456321716,35000,,,,,,,,,,,,,,,,,,,,,,,
0.006952898,0.0,0.7435238,0.16927946,110000.0,1100.0,19,11000.0,115.48417,8314.593,473.43915,-357.85913,7226.611,-5644.013,70317.234,0.0,0.1258633,0.1258633,8e-05,0.0003,1499.9874,0.007839554309844971,401.35282826423645,40000,,,,,,,,,,,,,,,,,,,,,,,
0.00547004,0.0,0.78546125,0.1521235,110000.0,1100.0,20,11000.0,98.91413,8718.048,546.49207,-279.97556,4834.246,-5151.363,73234.25,0.0,0.11948711,0.11948711,8.9999994e-05,0.0003,1413.2777,0.007816805458068848,440.43702816963196,45000,,,,,,,,,,,,,,,,,,,,,,,
0.00479776,0.0,0.7042843,0.14369015,110000.0,1100.0,20,11000.0,96.69933,9042.173,492.39407,-289.7572,3592.574,-4174.4824,72261.766,0.0,0.10119872,0.10119872,1e-04,0.0003,1209.89,0.00784596300125122,479.6670341491699,50000,,,,,,,,,,,,,,,,,,,,,,,
0.0028236911,0.0,0.8328635,0.1338479,110000.0,1100.0,20,11000.0,301.8903,9305.845,573.68494,-321.84564,2633.772,-2472.9158,72745.82,0.0,0.11147703,0.11147703,9.999385e-05,0.0003,1528.1404,0.008231506443023682,520.8247497081757,55000,,,,,,,,,,,,,,,,,,,,,,,
0.0040440857,0.0,0.73802173,0.12988666,110000.0,1100.0,20,11000.0,155.28543,9520.596,632.68726,-372.15347,2088.1042,-2573.8362,59621.0,0.0,0.09585917,0.09585917,9.99754e-05,0.0003,1209.7404,0.007978590154647826,560.7178771495819,60000,,,,,,,,,,,,,,,,,,,,,,,
0.0049798945,0.0,0.92220604,0.124165334,110000.0,1100.0,20,11000.0,13658.772,9691.491,693.8836,-404.8524,32094.5,-38903.81,819991.56,0.0,0.11450602,0.11450602,9.994465e-05,0.0003,14918.344,0.008329819822311402,602.3672013282776,65000,,,,,,,,,,,,,,,,,,,,,,,
0.0044931932,0.0,0.8579839,0.11998148,110000.0,1100.0,20,11000.0,171.98126,9828.873,724.3325,-434.25452,1196.7826,-1516.4685,57563.445,0.0,0.102942176,0.102942176,9.990162e-05,0.0003,1304.3496,0.008419386100769043,644.4643356800079,70000,,,,,,,,,,,,,,,,,,,,,,,
0.004157937,0.0,0.89134234,0.11564765,110000.0,1100.0,20,11000.0,266.40628,9942.571,622.7063,-760.76245,1860.9546,-1567.2179,71804.09,0.0,0.10308165,0.10308165,9.984629e-05,0.0003,1400.3086,0.008689617967605591,687.9126274585724,75000,,,,,,,,,,,,,,,,,,,,,,,
0.0032396233,0.0,1.1139518,0.10973859,110000.0,1100.0,20,11000.0,217.23055,10055.059,929.6513,-986.21643,1475.8491,-1069.9825,51360.914,0.0,0.122243494,0.122243494,9.977873e-05,0.0003,1561.9122,0.008225613212585449,729.0408353805542,80000,,,,,,,,,,,,,,,,,,,,,,,
0.0040700315,0.0,0.8689349,0.10711652,110000.0,1100.0,20,11000.0,234.5734,10142.107,814.4934,-3726.788,1302.2614,-1042.9668,61997.18,0.0,0.09307728,0.09307728,9.969891e-05,0.0003,1258.4276,0.008240179252624512,770.2418732643127,85000,,,,,,,,,,,,,,,,,,,,,,,
0.0027328401,0.0,0.973201,0.10312202,110000.0,1100.0,20,11000.0,435.5622,10195.816,819.4484,-3914.9006,1531.666,-856.86237,68360.7,0.0,0.10035845,0.10035845,9.9606885e-05,0.0003,1539.5079,0.008066189002990722,810.572966337204,90000,,,,,,,,,,,,,,,,,,,,,,,
0.003158687,0.0,1.4811763,0.10089562,110000.0,1100.0,20,11000.0,346.1391,10233.59,949.52356,-485.39197,1833.1134,-1973.85,79066.766,0.0,0.1494442,0.1494442,9.950265e-05,0.0003,1990.0283,0.008062182903289795,850.884031534195,95000,,,,,,,,,,,,,,,,,,,,,,,
0.0034885567,0.0,1.0984483,0.09903919,110000.0,1100.0,20,11000.0,345.28018,10262.987,941.0278,-484.2433,1479.251,-1623.8152,59914.812,0.0,0.10878943,0.10878943,9.938626e-05,0.0003,1541.9674,0.007787053966522217,889.8194508552551,100000,,,,,,,,,,,,,,,,,,,,,,,
0.0030983023,0.0,0.961866,0.096237235,110000.0,1100.0,20,11000.0,203.0734,10287.105,693.5012,-821.36957,1352.9556,-1524.3208,49833.047,0.0,0.092567325,0.092567325,9.9257726e-05,0.0003,1221.3171,0.012918421506881713,954.4117505550385,105000,,,,,,,,,,,,,,,,,,,,,,,
0.0022961718,0.0,0.8244429,0.095376424,110000.0,1100.0,20,11000.0,161.58023,10320.74,887.49304,-816.61566,2070.0776,-1923.8896,55366.125,0.0,0.078632414,0.078632414,9.91171e-05,0.0003,1026.5391,0.007927468585968017,994.0492820739746,110000,,,,,,,,,,,,,,,,,,,,,,,
0.0039520934,0.0,1.083865,0.09306847,110000.0,1100.0,20,11000.0,172.6759,10346.846,859.056,-814.222,1046.8813,-943.7097,44903.844,0.0,0.100873664,0.100873664,9.896442e-05,0.0003,1282.2902,0.008205463027954102,1035.0767786502838,115000,,,,,,,,,,,,,,,,,,,,,,,
0.0029413952,0.0,0.96581256,0.09294563,110000.0,1100.0,20,11000.0,696.2943,10328.926,858.9819,-4488.7656,1293.4604,-1092.2133,62279.71,0.0,0.08976805,0.08976805,9.8799705e-05,0.0003,1683.7458,0.008615623617172241,1078.1550862789154,120000,,,,,,,,,,,,,,,,,,,,,,,
0.0032308,0.0,0.752485,0.08939903,110000.0,1100.0,20,11000.0,261.874,10315.395,919.8105,-709.9856,770.6887,-816.0611,45617.93,0.0,0.06727143,0.06727143,9.8623015e-05,0.0003,1001.8629,0.00894994020462036,1122.9049966335297,125000,,,,,,,,,,,,,,,,,,,,,,,
0.004867264,0.0,0.95580834,0.09037577,110000.0,1100.0,20,11000.0,164.57985,10326.355,675.0991,-376.4684,953.19006,-1026.1228,46940.277,0.0,0.08638191,0.08638191,9.843441e-05,0.0003,1114.7858,0.008944777154922486,1167.6291055679321,130000,,,,,,,,,,,,,,,,,,,,,,,
0.0033005467,0.0,0.84546053,0.089398995,110000.0,1100.0,20,11000.0,373.56042,10309.294,684.11273,-503.63782,1174.335,-1350.605,53020.633,0.0,0.075583324,0.075583324,9.823391e-05,0.0003,1204.9802,0.008585138130187988,1210.5550146102905,135000,,,,,,,,,,,,,,,,,,,,,,,
0.0036590314,0.0,0.90709805,0.086652555,110000.0,1100.0,20,11000.0,153.94678,10325.058,685.67993,-4538.321,1000.8316,-1110.9772,51152.266,0.0,0.078602366,0.078602366,9.8021614e-05,0.0003,1018.5765,0.008702871084213257,1254.0695660114288,140000,,,,,,,,,,,,,,,,,,,,,,,
0.003785647,0.0,0.94163096,0.08623447,110000.0,1100.0,20,11000.0,215.10953,10324.365,849.34937,-4459.2163,888.97424,-798.0773,46348.97,0.0,0.08120105,0.08120105,9.779754e-05,0.0003,1108.3248,0.00855982666015625,1296.8689198493958,145000,,,,,,,,,,,,,,,,,,,,,,,
0.002487694,0.0,0.75992244,0.08533383,110000.0,1100.0,20,11000.0,475.87146,10305.863,801.3375,-4341.971,1008.27747,-760.45905,51168.688,0.0,0.0648471,0.0648471,9.756177e-05,0.0003,1189.192,0.008580818271636963,1339.7732231616974,150000,,,,,,,,,,,,,,,,,,,,,,,
0.0036077024,0.0,1.185079,0.08348798,110000.0,1100.0,20,11000.0,278.4395,10299.072,683.8311,-836.1771,1018.6223,-1045.4045,56878.28,0.0,0.09893985,0.09893985,9.7314376e-05,0.0003,1366.7815,0.008840050220489502,1383.9736912250519,155000,,,,,,,,,,,,,,,,,,,,,,,
0.003607646,0.0,1.2891554,0.08191184,110000.0,1100.0,20,11000.0,26847.71,10315.647,695.8152,-3992.6533,5033.0166,-2607.9424,122725.28,0.0,0.10559709,0.10559709,9.7055396e-05,0.0003,28009.283,0.00888756742477417,1428.4117546081543,160000,,,,,,,,,,,,,,,,,,,,,,,
0.0035989594,0.0,1.0075198,0.08052422,110000.0,1100.0,20,11000.0,232.89224,10298.713,804.7562,-1101.8016,1257.6255,-1024.3964,51432.33,0.0,0.081129745,0.081129745,9.6784934e-05,0.0003,1125.323,0.008941307735443115,1473.1184921264648,165000,,,,,,,,,,,,,,,,,,,,,,,
0.0033175242,0.0,1.039818,0.07752839,110000.0,1100.0,20,11000.0,273.95868,10288.812,580.1039,-1131.564,649.8664,-584.5824,48040.023,0.0,0.080615416,0.080615416,9.6503034e-05,0.0003,1160.7316,0.008526148271560669,1515.7494292259216,170000,,,,,,,,,,,,,,,,,,,,,,,
0.0024550052,0.0,0.7442439,0.07494153,110000.0,1100.0,20,11000.0,191.67819,10292.132,746.756,-1245.6852,890.09375,-1011.5557,50018.605,0.0,0.055774778,0.055774778,9.62098e-05,0.0003,805.20325,0.00859469699859619,1558.7231240272522,175000,,,,,,,,,,,,,,,,,,,,,,,
0.0023315693,0.0,1.0177497,0.07669091,110000.0,1100.0,20,11000.0,1527.1317,10283.381,836.65845,-1318.5724,6185.601,-6371.462,191190.95,0.0,0.078052156,0.078052156,9.59053e-05,0.0003,2385.7078,0.008464862442016602,1601.0476281642914,180000,,,,,,,,,,,,,,,,,,,,,,,
0.0031125764,0.0,0.88481253,0.07446999,110000.0,1100.0,20,11000.0,481.54156,10281.375,721.1705,-2448.333,927.9987,-920.6804,58238.047,0.0,0.06589198,0.06589198,9.558961e-05,0.0003,1206.3564,0.008707461404800415,1644.5851407051086,185000,,,,,,,,,,,,,,,,,,,,,,,
0.0032568981,0.0,0.970544,0.07328265,110000.0,1100.0,20,11000.0,120.67176,10289.101,815.47687,-2406.2046,843.17017,-1030.3513,40150.04,0.0,0.07112404,0.07112404,9.526282e-05,0.0003,903.0394,0.008647751617431641,1687.8240921497345,190000,,,,,,,,,,,,,,,,,,,,,,,
0.00340675,0.0,1.2853991,0.07229477,110000.0,1100.0,20,11000.0,157.86554,10282.958,920.8492,-314.2311,1005.4674,-984.4179,52648.46,0.0,0.092927635,0.092927635,9.4925024e-05,0.0003,1180.0729,0.008368899965286255,1729.6687774658203,195000,,,,,,,,,,,,,,,,,,,,,,,
0.0032625564,0.0,1.0805762,0.07206083,110000.0,1100.0,20,11000.0,72.982544,6793.879,532.06573,-1425.446,734.73126,-748.8139,45194.793,0.0,0.07786722,0.07786722,9.457632e-05,0.0003,929.52515,0.008184048748016358,1770.589218378067,200000,,,,,,,,,,,,,,,,,,,,,,,
0.0030213515,0.0,1.2168698,0.07190565,110000.0,1100.0,20,11000.0,556.433,10271.667,609.84814,-1947.8121,5052.347,-3770.52,143969.9,0.0,0.08749981,0.08749981,9.42168e-05,0.0003,1518.934,0.0124731698513031,1832.9552507400513,205000,,,,,,,,,,,,,,,,,,,,,,,
0.002816174,0.0,0.92593265,0.07189276,110000.0,1100.0,20,11000.0,124.93832,10283.217,907.752,-1838.2023,2053.2744,-2123.5408,54462.945,0.0,0.06656785,0.06656785,9.384654e-05,0.0003,857.1875,0.008483984136581421,1875.375325202942,210000,,,,,,,,,,,,,,,,,,,,,,,
0.0021169982,0.0,1.0980667,0.070085324,110000.0,1100.0,20,11000.0,51.125793,10275.239,854.9916,-1109.7828,2543.2544,-2195.402,52057.348,0.0,0.07695836,0.07695836,9.346567e-05,0.0003,897.66986,0.00814936556816101,1916.1223015785217,215000,,,,,,,,,,,,,,,,,,,,,,,
0.0032190417,0.0,0.90897244,0.06992855,110000.0,1100.0,20,11000.0,57.30612,10272.2295,665.6128,-1759.7378,1580.352,-1972.8706,44776.105,0.0,0.06356312,0.06356312,9.30743e-05,0.0003,756.50366,0.008221581268310546,1957.2303688526154,220000,,,,,,,,,,,,,,,,,,,,,,,
0.0035596811,0.0,1.3528816,0.070177995,110000.0,1100.0,20,11000.0,120.08732,10275.616,729.2435,-908.6192,1798.9275,-1215.6234,49125.4,0.0,0.09494251,0.09494251,9.267249e-05,0.0003,1164.4585,0.007780101108551025,1996.1310341358185,225000,,,,,,,,,,,,,,,,,,,,,,,
0.0025737567,0.0,1.1316458,0.069704086,110000.0,1100.0,20,11000.0,64.90706,10261.019,518.6719,-804.8743,771.6628,-765.91833,40331.78,0.0,0.07888034,0.07888034,9.2260394e-05,0.0003,932.5933,0.008057753658294678,2036.4199373722076,230000,,,,,,,,,,,,,,,,,,,,,,,
0.0025874935,0.0,0.73056114,0.069013774,110000.0,1100.0,20,11000.0,13748.7,10251.766,488.55902,-1618.6072,282640.2,-245720.77,3072047.0,0.0,0.05041878,0.05041878,9.183811e-05,0.0003,14303.31,0.008315823316574097,2077.999205350876,235000,,,,,,,,,,,,,,,,,,,,,,,
0.0032455118,0.0,1.000786,0.069406025,110000.0,1100.0,20,11000.0,43.724686,10264.858,827.13513,-602.448,1084.7277,-1237.033,40730.375,0.0,0.06946057,0.06946057,9.1405775e-05,0.0003,807.7942,0.008351023817062379,2119.754476070404,240000,,,,,,,,,,,,,,,,,,,,,,,
0.0031102397,0.0,1.0073746,0.06789257,110000.0,1100.0,20,11000.0,610.18774,10258.1455,626.61163,-1521.5552,1542.1382,-1435.5648,93077.8,0.0,0.06839325,0.06839325,9.0963455e-05,0.0003,1362.5166,0.00803426260948181,2159.9259493350983,245000,,,,,,,,,,,,,,,,,,,,,,,
0.0024810182,0.0,0.754264,0.06763827,110000.0,1100.0,20,11000.0,829.63763,10264.175,688.2154,-1508.1017,1378.931,-1016.2167,74284.17,0.0,0.051017113,0.051017113,9.051133e-05,0.0003,1390.8284,0.008287663698196411,2201.364448070526,250000,,,,,,,,,,,,,,,,,,,,,,,
0.0027069056,0.0,0.9688264,0.06689345,110000.0,1100.0,20,11000.0,1780.8828,10275.31,845.73627,-418.0239,881.87036,-747.7623,85176.24,0.0,0.06480814,0.06480814,9.004948e-05,0.0003,2493.775,0.008174396800994873,2242.236594438553,255000,,,,,,,,,,,,,,,,,,,,,,,
0.0023049617,0.0,0.9262838,0.06555715,110000.0,1100.0,20,11000.0,1858.1183,10290.717,1018.8572,-279.59036,1420.3661,-1380.6743,90452.76,0.0,0.060724527,0.060724527,8.9578054e-05,0.0003,2526.0903,0.00809043231010437,2282.6889083385468,260000,,,,,,,,,,,,,,,,,,,,,,,
0.0026246356,0.0,1.1322122,0.062660314,110000.0,1100.0,20,11000.0,1315.4259,10300.636,1129.5457,-1357.5686,1327.4785,-1154.7374,75534.78,0.0,0.07094477,0.07094477,8.909717e-05,0.0003,2095.821,0.008206191730499267,2323.7200241088867,265000,,,,,,,,,,,,,,,,,,,,,,,
0.0041017025,0.0,1.0801926,0.06232558,110000.0,1100.0,20,11000.0,476.58176,10315.137,1053.7352,-361.72772,1895.1097,-1924.4557,77261.305,0.0,0.067323625,0.067323625,8.860696e-05,0.0003,1217.1458,0.008234001302719117,2364.890191078186,270000,,,,,,,,,,,,,,,,,,,,,,,
0.0019218682,0.0,1.1656401,0.061933845,110000.0,1100.0,20,11000.0,643.71985,10314.181,1182.9424,-1292.3585,1111.6349,-1157.3386,76604.38,0.0,0.07219258,0.07219258,8.810758e-05,0.0003,1437.8401,0.008262101507186889,2406.200839281082,275000,,,,,,,,,,,,,,,,,,,,,,,
0.003147706,0.0,1.0409632,0.06148851,110000.0,1100.0,20,11000.0,557.4463,10314.8545,926.343,-311.92444,1426.513,-1355.4932,57670.133,0.0,0.06400727,0.06400727,8.759914e-05,0.0003,1261.5294,0.008082403373718261,2446.6130158901215,280000,,,,,,,,,,,,,,,,,,,,,,,
0.003276624,0.0,1.1400038,0.06132537,110000.0,1100.0,20,11000.0,1196.9725,10323.904,855.23224,-1187.9598,1715.4282,-1501.8853,99210.3,0.0,0.06991115,0.06991115,8.708179e-05,0.0003,1965.9985,0.00813473505973816,2487.286829471588,285000,,,,,,,,,,,,,,,,,,,,,,,
0.0026537916,0.0,0.97071135,0.0611067,110000.0,1100.0,20,11000.0,668.05896,10317.533,893.69196,-283.56387,1021.21515,-715.68146,61159.04,0.0,0.059316963,0.059316963,8.655565e-05,0.0003,1320.5481,0.00811674418449402,2527.870689868927,290000,,,,,,,,,,,,,,,,,,,,,,,
0.0024924525,0.0,1.0612588,0.062236477,110000.0,1100.0,20,11000.0,590.8524,10309.217,871.208,-1154.5206,857.03876,-1034.8423,51853.785,0.0,0.06604901,0.06604901,8.602091e-05,0.0003,1317.394,0.008150171375274658,2568.6217234134674,295000,,,,,,,,,,,,,,,,,,,,,,,
0.0029185843,0.0,1.1844175,0.060794115,110000.0,1100.0,20,11000.0,868.0033,10319.637,738.6149,-279.58328,1004.2323,-1053.7413,63431.234,0.0,0.07200561,0.07200561,8.547767e-05,0.0003,1660.0679,0.008484036636352539,2611.042096853256,300000,,,,,,,,,,,,,,,,,,,,,,,
0.0036939098,0.0,0.97149783,0.063112736,110000.0,1100.0,20,11000.0,128.5308,10341.024,995.9943,-1118.892,1057.0167,-1086.7708,45180.82,0.0,0.061313886,0.061313886,8.49261e-05,0.0003,802.98724,0.012140985441207886,2671.7471845149994,305000,,,,,,,,,,,,,,,,,,,,,,,
0.0025847766,0.0,0.8877149,0.063132636,110000.0,1100.0,20,11000.0,169.74947,10336.921,882.2143,-1098.5089,1749.2976,-1573.0579,46929.68,0.0,0.05604378,0.05604378,8.436636e-05,0.0003,786.23364,0.008986678457260132,2716.680790901184,310000,,,,,,,,,,,,,,,,,,,,,,,
0.0022705318,0.0,0.874884,0.06250423,110000.0,1100.0,20,11000.0,8141.231,10407.478,862.3032,-342.29968,12942.472,-16393.049,487313.25,0.0,0.054683954,0.054683954,8.3798586e-05,0.0003,8742.757,0.008614669609069824,2759.7543499469757,315000,,,,,,,,,,,,,,,,,,,,,,,
0.0025815328,0.0,0.99421275,0.060675878,110000.0,1100.0,20,11000.0,109.363205,10287.305,759.9159,-296.85342,631.318,-677.7293,36145.156,0.0,0.060324732,0.060324732,8.322294e-05,0.0003,772.93787,0.00859269871711731,2802.7180428504944,320000,,,,,,,,,,,,,,,,,,,,,,,
0.0035828024,0.0,1.1231191,0.060456973,110000.0,1100.0,20,11000.0,114.40514,6845.9375,628.24457,-272.15338,878.9202,-803.51495,47519.258,0.0,0.06790038,0.06790038,8.263957e-05,0.0003,861.3129,0.008602142143249511,2845.7289519309998,325000,,,,,,,,,,,,,,,,,,,,,,,
0.0031319577,0.0,0.98129773,0.060927797,110000.0,1100.0,20,11000.0,414.341,10290.482,647.5901,-962.4403,685.4586,-1564.9524,66575.84,0.0,0.059788305,0.059788305,8.2048646e-05,0.0003,1072.0155,0.008618522071838379,2888.82172703743,330000,,,,,,,,,,,,,,,,,,,,,,,
0.002487612,0.0,1.0442717,0.05987781,110000.0,1100.0,20,11000.0,60.511192,10281.55,918.9739,-895.8282,1330.2424,-894.87805,38845.484,0.0,0.0625287,0.0625287,8.1450344e-05,0.0003,748.32935,0.007993125820159912,2928.787516117096,335000,,,,,,,,,,,,,,,,,,,,,,,
0.0030853478,0.0,0.78625494,0.059305485,110000.0,1100.0,20,11000.0,79.889595,9955.451,608.6738,-257.30533,768.4477,-572.4839,38328.145,0.0,0.04662923,0.04662923,8.0844795e-05,0.0003,592.8143,0.008207825469970703,2969.8268184661865,340000,,,,,,,,,,,,,,,,,,,,,,,
0.0021955196,0.0,0.94511825,0.056921374,110000.0,1100.0,20,11000.0,61.49083,10269.825,710.4519,-230.94347,954.6874,-1096.7507,41636.14,0.0,0.05379743,0.05379743,8.0232174e-05,0.0003,653.2648,0.00819911608695984,3010.822571516037,345000,,,,,,,,,,,,,,,,,,,,,,,
0.002225925,0.0,1.0341723,0.05611685,110000.0,1100.0,20,11000.0,86.65628,9513.9,720.0453,-4770.8765,1634.5991,-1791.2367,52867.465,0.0,0.05803449,0.05803449,7.961267e-05,0.0003,725.0379,0.008420886659622193,3052.927217245102,350000,,,,,,,,,,,,,,,,,,,,,,,
0.0026264386,0.0,0.8153138,0.05689761,110000.0,1100.0,20,11000.0,94.5963,10261.699,707.74194,-289.69104,1119.4803,-915.1707,42459.562,0.0,0.04638941,0.04638941,7.898643e-05,0.0003,604.8824,0.008362497091293336,3094.7398965358734,355000,,,,,,,,,,,,,,,,,,,,,,,
0.002724938,0.0,0.8064645,0.056578826,110000.0,1100.0,20,11000.0,82.90479,10262.922,650.2507,-161.74179,1118.8933,-907.25525,43649.617,0.0,0.045628816,0.045628816,7.835362e-05,0.0003,584.82446,0.008480856657028198,3137.1443400382996,360000,,,,,,,,,,,,,,,,,,,,,,,
0.0028541926,0.0,1.101348,0.054086503,110000.0,1100.0,20,11000.0,89.47145,10247.653,796.1438,-160.4338,506.6511,-613.8204,39541.76,0.0,0.059568062,0.059568062,7.7714445e-05,0.0003,744.72296,0.00821203737258911,3178.204714536667,365000,,,,,,,,,,,,,,,,,,,,,,,
0.0023107715,0.0,0.782132,0.05254385,110000.0,1100.0,20,11000.0,81.06597,10252.3,803.2322,-158.43007,477.44022,-481.37033,34034.633,0.0,0.04109623,0.04109623,7.706907e-05,0.0003,533.12683,0.008515366649627685,3220.781730413437,370000,,,,,,,,,,,,,,,,,,,,,,,
0.0021474524,0.0,1.0823935,0.051291343,110000.0,1100.0,20,11000.0,58.688545,10243.228,653.9177,-864.26416,899.59985,-1169.8146,40981.977,0.0,0.055517416,0.055517416,7.641764e-05,0.0003,669.38226,0.008338279342651368,3262.47332239151,375000,,,,,,,,,,,,,,,,,,,,,,,
0.0016271682,0.0,0.78914803,0.05329878,110000.0,1100.0,20,11000.0,143.99872,10238.182,534.74023,-816.7825,579.3077,-467.55112,38838.32,0.0,0.04206063,0.04206063,7.5760356e-05,0.0003,606.66724,0.008334327173233033,3304.145107269287,380000,,,,,,,,,,,,,,,,,,,,,,,
0.002924478,0.0,1.2692101,0.051318556,110000.0,1100.0,20,11000.0,120.89284,10244.189,666.31946,-477.9838,982.35736,-984.95996,47057.137,0.0,0.065134026,0.065134026,7.50974e-05,0.0003,837.37006,0.00850350203514099,3346.6627988815308,385000,,,,,,,,,,,,,,,,,,,,,,,
0.0027280909,0.0,1.0695662,0.050718088,110000.0,1100.0,20,11000.0,341.57635,10236.548,765.56165,-145.72905,801.4303,-933.998,55295.918,0.0,0.05424635,0.05424635,7.442894e-05,0.0003,938.28894,0.008284974145889282,3388.0878686904907,390000,,,,,,,,,,,,,,,,,,,,,,,
0.0030540824,0.0,1.0114232,0.049597435,110000.0,1100.0,20,11000.0,993.3767,10225.358,595.69055,-858.65814,2769.2788,-2457.434,116868.42,0.0,0.050164,0.050164,7.375519e-05,0.0003,1545.1838,0.008383986520767212,3430.00799036026,395000,,,,,,,,,,,,,,,,,,,,,,,
0.0018812619,0.0,1.0011989,0.05022017,110000.0,1100.0,20,11000.0,66.51632,10228.399,570.52203,-404.60434,666.6024,-643.4229,40617.53,0.0,0.050280377,0.050280377,7.30763e-05,0.0003,619.60236,0.008137077760696412,3470.693582057953,400000,,,,,,,,,,,,,,,,,,,,,,,
0.0028757304,0.0,1.2046883,0.050776202,110000.0,1100.0,20,11000.0,84.625916,10232.876,594.308,-902.454,961.87683,-986.8569,49372.953,0.0,0.061169498,0.061169498,7.239246e-05,0.0003,757.4933,0.012460406732559205,3532.995808362961,405000,,,,,,,,,,,,,,,,,,,,,,,
0.0021679343,0.0,1.1108707,0.05161018,110000.0,1100.0,20,11000.0,101.396095,10244.879,792.21655,-255.1785,902.03546,-775.8851,43529.152,0.0,0.05733224,0.05733224,7.170388e-05,0.0003,732.0529,0.008590475511550903,3575.9483880996704,410000,,,,,,,,,,,,,,,,,,,,,,,
0.0026779838,0.0,1.0392718,0.05419119,110000.0,1100.0,20,11000.0,63.6604,10230.475,704.3968,-902.40796,830.8249,-928.54913,48356.305,0.0,0.056319375,0.056319375,7.101073e-05,0.0003,683.1762,0.008424456214904785,3618.0708618164062,415000,,,,,,,,,,,,,,,,,,,,,,,
0.0023504065,0.0,0.81212556,0.05221175,110000.0,1100.0,20,11000.0,93.777405,10250.866,646.9569,-145.55884,625.7249,-895.7248,42907.746,0.0,0.0424025,0.0424025,7.0313195e-05,0.0003,560.2073,0.008621977329254151,3661.1809141635895,420000,,,,,,,,,,,,,,,,,,,,,,,
0.0025269424,0.0,1.2893384,0.052447475,110000.0,1100.0,20,11000.0,439.38782,10241.406,860.11646,-895.502,1046.2634,-1137.1771,65437.113,0.0,0.06762254,0.06762254,6.961148e-05,0.0003,1183.2383,0.008324138545989991,3702.801779270172,425000,,,,,,,,,,,,,,,,,,,,,,,
0.003186968,0.0,0.97659725,0.05247835,110000.0,1100.0,20,11000.0,209.3865,10229.05,667.61414,-890.89246,748.0222,-697.5786,41950.85,0.0,0.051250212,0.051250212,6.890576e-05,0.0003,773.142,0.008293419885635376,3744.2690439224243,430000,,,,,,,,,,,,,,,,,,,,,,,
0.0033602894,0.0,1.2844445,0.05253383,110000.0,1100.0,20,11000.0,253.23224,10229.636,699.35846,-915.4709,1675.253,-1287.411,65074.797,0.0,0.06747679,0.06747679,6.8196256e-05,0.0003,995.4802,0.008260939693450927,3785.57391166687,435000,,,,,,,,,,,,,,,,,,,,,,,
0.0029186541,0.0,0.9735203,0.051388573,110000.0,1100.0,20,11000.0,199.68597,10241.903,726.9596,-898.78284,684.05115,-766.321,42091.54,0.0,0.050027817,0.050027817,6.748313e-05,0.0003,749.9949,0.008380983304977416,3827.4789896011353,440000,,,,,,,,,,,,,,,,,,,,,,,
0.0024079739,0.0,1.3342861,0.050924994,110000.0,1100.0,20,11000.0,276.51276,10239.164,863.9935,-3920.8357,855.575,-1089.5323,62172.152,0.0,0.06794851,0.06794851,6.67666e-05,0.0003,1023.94885,0.0083388738155365,3869.1735303401947,445000,,,,,,,,,,,,,,,,,,,,,,,
0.0024652854,0.0,0.9494574,0.05019472,110000.0,1100.0,20,11000.0,243.44258,10302.301,827.9293,-937.11005,795.7774,-648.1271,44162.707,0.0,0.04765775,0.04765775,6.604685e-05,0.0003,767.6803,0.00814190592765808,3909.883236646652,450000,,,,,,,,,,,,,,,,,,,,,,,
0.0022121612,0.0,0.94976735,0.047280554,110000.0,1100.0,20,11000.0,198.64192,10247.667,814.96545,-220.38641,817.4353,-775.2843,50412.28,0.0,0.044905525,0.044905525,6.5324086e-05,0.0003,692.6049,0.007851559400558471,3949.1411883831024,455000,,,,,,,,,,,,,,,,,,,,,,,
0.0019089711,0.0,0.98452055,0.04700129,110000.0,1100.0,20,11000.0,126.37813,10236.038,606.3561,-4667.0034,644.32745,-554.68286,36406.71,0.0,0.04627374,0.04627374,6.4598484e-05,0.0003,635.3911,0.008077861595153809,3989.530653476715,460000,,,,,,,,,,,,,,,,,,,,,,,
0.0020612143,0.0,1.0001317,0.047888298,110000.0,1100.0,20,11000.0,56.51581,10232.715,630.5023,-161.34555,622.6598,-749.8607,35469.58,0.0,0.047894605,0.047894605,6.387027e-05,0.0003,583.3585,0.008511519813537597,4032.0884234905243,465000,,,,,,,,,,,,,,,,,,,,,,,
0.0024771753,0.0,1.144684,0.04856626,110000.0,1100.0,20,11000.0,911.0644,10227.409,602.2975,-4485.851,828.9223,-733.94244,66312.41,0.0,0.055593014,0.055593014,6.3139625e-05,0.0003,1522.5901,0.00834695782661438,4073.8234045505524,470000,,,,,,,,,,,,,,,,,,,,,,,
0.0020671843,0.0,1.1288489,0.049657788,110000.0,1100.0,20,11000.0,86.50926,10240.087,683.94824,-608.30005,787.9353,-777.51624,48035.77,0.0,0.056056146,0.056056146,6.2406754e-05,0.0003,703.12897,0.00855865592956543,4116.616853237152,475000,,,,,,,,,,,,,,,,,,,,,,,
0.0025505014,0.0,0.8617673,0.05017168,110000.0,1100.0,20,11000.0,1757.8959,10216.765,591.6988,-935.21454,3057.1345,-3791.4888,119694.914,0.0,0.043236315,0.043236315,6.167186e-05,0.0003,2233.4978,0.008161237287521363,4157.423217535019,480000,,,,,,,,,,,,,,,,,,,,,,,
0.002481049,0.0,0.972097,0.05049559,110000.0,1100.0,20,11000.0,130.39319,10240.241,646.5667,-963.9691,757.99005,-884.5896,46322.54,0.0,0.04908661,0.04908661,6.093515e-05,0.0003,670.34845,0.008651709651947021,4200.681911230087,485000,,,,,,,,,,,,,,,,,,,,,,,
0.002503493,0.0,0.9552711,0.050786473,110000.0,1100.0,20,11000.0,136.28632,10214.148,705.7798,-996.45593,1175.0587,-1705.9375,46152.043,0.0,0.04851485,0.04851485,6.0196806e-05,0.0003,669.95215,0.00793708848953247,4240.367479801178,490000,,,,,,,,,,,,,,,,,,,,,,,
0.0024240697,0.0,0.69476336,0.050864886,110000.0,1100.0,20,11000.0,384.44714,10238.76,900.87604,-301.17148,1086.5133,-1062.453,71917.97,0.0,0.03533906,0.03533906,5.945705e-05,0.0003,773.1792,0.007629365062713623,4278.514431238174,495000,,,,,,,,,,,,,,,,,,,,,,,
0.0022165019,0.0,,,,,,,552.92206,10335.553,707.3827,-232.6674,656.90533,-730.9788,20467.805,,,,,,553.8788,0.02070383267402649,4382.033601760864,500000,0.75390625,0.09555289,0.044111814,0.9567498,0.26080132,0.0022165019,707.9815,0.9104215,0.0,5.155867,5.155867,0.1,1.0,0.054626666,0.3008134,691.78424,,,,,,,
8.844579e-05,0.0,,,,,,,10958.274,10316.746,2860.657,-89.33116,25991.57,-21983.453,523303.2,,,,,,10964.141,0.028871235179901124,4526.389782905579,505000,0.07421875,0.0031550482,0.61510116,5.866484,0.08790636,8.844579e-05,2992.1755,5.2512946,0.0,23.185331,23.185331,0.1,1.0,0.04694132,0.5543392,2344.3616,,,,,,,
0.0006508932,0.0,,,,,,,42471.19,10335.858,6923.926,-177.20113,13295.987,-11299.873,527453.0,,,,,,42481.363,0.015799591732025147,4605.387745857239,510000,0.15625,0.011268029,1.1319097,10.173813,0.29652297,0.0006508932,7244.8145,9.041252,0.0,86.99936,86.99936,0.1,1.0,0.044116188,0.78137505,6109.6406,,,,,,,
5.76937e-05,0.0,,,,,,,1697.3447,10491.03,8208.139,2532.0823,1761.4539,-1774.23,64408.855,,,,,,1697.6783,0.01600906066894531,4685.433053255081,515000,0.0234375,0.0010516827,0.15352798,0.33367875,0.20452309,5.76937e-05,8282.125,0.18009308,0.0,12.819147,12.819147,0.1,1.0,0.0029697402,0.33594906,8301.101,,,,,,,
0.00013824963,0.0,,,,,,,1648.1246,10729.463,7917.7163,2595.04,1295.2723,-1405.0642,52142.008,,,,,,1648.3718,0.015864547967910765,4764.755797386169,520000,0.11328125,0.0055588945,0.037846353,0.24718507,0.26392817,0.00013824963,7958.4854,0.20920046,0.0,6.402506,6.402506,0.1,1.0,0.00092013855,0.3201225,8066.3667,,,,,,,
0.00017702168,0.0,,,,,,,679.5011,10849.457,7740.3066,5988.9473,778.15405,-721.4047,26090.406,,,,,,679.71204,0.015698461961746214,4843.2481117248535,525000,0.13671875,0.007361779,0.059905633,0.21091653,0.18955576,0.00017702168,7783.324,0.15083387,0.0,9.758639,9.758639,0.1,1.0,0.0013550394,0.30523157,7756.246,,,,,,,
0.000117302574,0.0,,,,,,,1138.8232,10875.846,8247.502,2774.6504,871.4418,-1063.5454,36704.617,,,,,,1139.0568,0.0156826642036438,4921.661439418793,530000,0.15625,0.007361779,0.10618798,0.23350966,0.08001208,0.000117302574,8305.069,0.12720439,0.0,7.921637,7.921637,0.1,1.0,0.0015943771,0.33803296,8297.424,,,,,,,
3.2628028e-05,0.0,,,,,,,778.443,10919.793,7624.716,5638.2715,1761.2153,-968.14996,33569.26,,,,,,778.7922,0.015666398811340333,4999.993440389633,535000,0.0625,0.0025540867,0.12833335,0.3491755,0.035869956,3.2628028e-05,7666.0674,0.22080953,0.0,6.503206,6.503206,0.1,1.0,0.0019786071,0.29471993,7567.0107,,,,,,,
0.0001678617,0.0,,,,,,,1033.2288,11021.755,7801.205,2177.9116,442.2638,-699.9252,26829.104,,,,,,1033.7067,0.015665270233154296,5078.319797039032,540000,0.16015625,0.007361779,0.28801155,0.47790012,0.074799776,0.0001678617,7869.2573,0.18972068,0.0,7.6093526,7.6093526,0.1,1.0,0.0022001984,0.29613158,7979.124,,,,,,,
0.00021122965,0.0,,,,,,,4234.962,11001.569,8302.379,2516.3806,1678.907,-2329.1272,83240.14,,,,,,4240.067,0.015748067235946656,5157.060140371323,545000,0.125,0.007211539,4.5946174,5.105018,0.10528803,0.00021122965,8470.703,0.5101894,0.0,18.365097,18.365097,0.1,1.0,0.0019372676,0.3374208,8461.275,,,,,,,
4.219042e-05,0.0,,,,,,,523.352,11014.71,7876.8896,1187.3005,698.77014,-524.0613,29707.219,,,,,,523.5303,0.01569618935585022,5235.54109454155,550000,0.0703125,0.0033052885,0.04466266,0.17831354,0.029001474,4.219042e-05,7905.248,0.1336087,0.0,5.912104,5.912104,0.1,1.0,0.0012947192,0.34179917,7965.129,,,,,,,
3.999608e-05,0.0,,,,,,,1309.2207,10893.927,7376.6978,955.4822,805.2646,-593.0777,37126.66,,,,,,1309.624,0.015684093475341797,5313.961569070816,555000,0.07421875,0.0031550482,0.0460666,0.40326506,0.056446075,3.999608e-05,7421.7363,0.35715845,0.0,7.352316,7.352316,0.1,1.0,0.001626088,0.29229155,7564.231,,,,,,,
0.00016715802,0.0,,,,,,,1107.519,10994.261,7326.157,5100.2563,1042.5713,-1008.46716,42823.75,,,,,,1107.7739,0.015685174703598023,5392.387449979782,560000,0.18359375,0.009465145,0.092749506,0.25488654,0.10921371,0.00016715802,7392.334,0.16196989,0.0,7.1474104,7.1474104,0.1,1.0,0.0019219844,0.3161714,7151.3403,,,,,,,
4.928031e-05,0.0,,,,,,,723.2296,10918.818,7484.127,1458.511,252.8077,-589.25146,22439.371,,,,,,723.4297,0.015692015218734742,5470.847532272339,565000,0.04296875,0.0018028847,0.061780628,0.20004736,0.1468767,4.928031e-05,7558.625,0.13821745,0.0,8.366657,8.366657,0.1,1.0,0.0015739803,0.36112523,7624.625,,,,,,,
0.00010791217,0.0,,,,,,,858.12683,11016.977,7315.884,857.7091,479.11725,-354.31168,24878.176,,,,,,858.2879,0.015676848888397217,5549.231782913208,570000,0.13671875,0.005709135,0.04652965,0.16106121,0.122460485,0.00010791217,7370.9443,0.11442365,0.0,6.7943583,6.7943583,0.1,1.0,0.0016580418,0.28184423,7252.9844,,,,,,,
8.563565e-05,0.0,,,,,,,3011.2432,11011.146,7480.6826,469.2055,2204.8948,-4124.728,69352.586,,,,,,3011.7407,0.015678736877441406,5627.625474452972,575000,0.08203125,0.0031550482,0.14996128,0.49762192,0.19569123,8.563565e-05,7536.9023,0.347575,0.0,6.972458,6.972458,0.1,1.0,0.001657621,0.312557,7518.038,,,,,,,
5.2024614e-05,0.0,,,,,,,1191.4977,11037.586,7482.461,1209.1995,448.92462,-318.5703,25923.43,,,,,,1191.9382,0.015682650089263915,5706.0387308597565,580000,0.08203125,0.0033052885,0.100999966,0.44060606,0.046481848,5.2024614e-05,7541.1533,0.33955407,0.0,8.74987,8.74987,0.1,1.0,0.0025787104,0.29727727,7789.9834,,,,,,,
4.7726702e-05,0.0,,,,,,,1267.2454,10976.856,7690.5474,465.8664,1094.4867,-1142.76,43205.36,,,,,,1267.5881,0.015671492528915407,5784.396200895309,585000,0.06640625,0.0031550482,0.08317791,0.34274796,0.044383287,4.7726702e-05,7760.6094,0.25952232,0.0,8.060101,8.060101,0.1,1.0,0.0022613518,0.3361504,7627.3345,,,,,,,
7.7156656e-05,0.0,,,,,,,1313.2124,10974.643,7939.1074,359.00998,925.2209,-782.14453,34938.418,,,,,,1316.0873,0.015690626287460326,5862.849338054657,590000,0.09765625,0.0045072115,2.3335655,2.8748398,0.08837187,7.7156656e-05,7996.431,0.5411971,0.0,9.564081,9.564081,0.1,1.0,0.0018593791,0.36799848,8137.466,,,,,,,
8.591408e-05,0.0,,,,,,,605.89575,10966.655,7539.2334,5701.23,769.35077,-509.60345,27848.543,,,,,,606.3792,0.015657450819015505,5941.136598587036,595000,0.125,0.005408654,0.07071319,0.4834348,0.062054157,8.591408e-05,7582.5576,0.41263568,0.0,4.982644,4.982644,0.1,1.0,0.001807656,0.3196095,7721.384,,,,,,,
0.000108961554,0.0,,,,,,,1967.9097,10940.336,7710.4473,5601.2334,565.50696,-1039.158,43564.39,,,,,,1968.2742,0.01566972713470459,6019.485241651535,600000,0.1328125,0.006610577,0.16461973,0.364563,0.06891906,0.000108961554,7817.192,0.19983432,0.0,7.4896097,7.4896097,0.1,1.0,0.0031206901,0.3311803,7731.718,,,,,,,
0.00018967703,0.0,,,,,,,1064.4548,10987.286,7502.2227,48.59991,556.5106,-797.0489,28746.152,,,,,,1064.6669,0.01968076581954956,6117.88907790184,605000,0.16015625,0.007211539,0.069675155,0.21203275,0.21626425,0.00018967703,7563.537,0.14216791,0.0,7.2678795,7.2678795,0.1,1.0,0.0015438567,0.2628538,7801.9663,,,,,,,
6.3335654e-05,0.0,,,,,,,1087.8934,11006.149,7359.341,-83.70138,499.41763,-754.59045,33435.715,,,,,,1088.0548,0.015723709917068483,6196.50763463974,610000,0.0859375,0.0037560097,0.07290565,0.16133854,0.07952154,6.3335654e-05,7411.626,0.088369556,0.0,6.864211,6.864211,0.1,1.0,0.0017571038,0.35233128,7126.8975,,,,,,,
0.00013768501,0.0,,,,,,,993.99426,10982.188,7419.748,5852.303,575.93506,-597.88293,36814.523,,,,,,994.54474,0.015722991037368773,6275.122597932816,615000,0.15234375,0.006911058,0.17888223,0.55049634,0.15090096,0.00013768501,7468.4067,0.3714764,0.0,6.9855494,6.9855494,0.1,1.0,0.0019960012,0.29735264,7588.6387,,,,,,,
0.00015385087,0.0,,,,,,,790.1207,10983.458,7347.756,-257.0536,964.3583,-1045.6309,43738.67,,,,,,790.33966,0.015676848220825195,6353.506845235825,620000,0.125,0.0055588945,0.061475486,0.2189394,0.22200382,0.00015385087,7392.318,0.15731005,0.0,5.3217173,5.3217173,0.1,1.0,0.0019492221,0.2840974,7737.804,,,,,,,
3.918069e-05,0.0,,,,,,,972.4598,10971.379,7202.249,3725.9531,514.8595,-455.49127,30866.88,,,,,,972.8222,0.015685006046295167,6431.931881427765,625000,0.0859375,0.0036057695,0.22458628,0.36241636,0.05198884,3.918069e-05,7263.254,0.13779089,0.0,6.1175985,6.1175985,0.1,1.0,0.0016748491,0.35413545,7208.7183,,,,,,,
5.2021263e-05,0.0,,,,,,,1321.9512,10972.924,7203.67,4164.5767,1243.5706,-568.11505,34959.047,,,,,,1322.2119,0.015680032873153688,6510.332054138184,630000,0.0546875,0.0024038462,0.09087187,0.26075926,0.09652245,5.2021263e-05,7272.507,0.16983536,0.0,8.616646,8.616646,0.1,1.0,0.0028905468,0.3486512,7008.5303,,,,,,,
9.654299e-05,0.0,,,,,,,583.13574,11002.151,7249.0835,-160.84985,1184.7574,-736.4355,30563.916,,,,,,583.21106,0.015699302911758424,6588.82857465744,635000,0.1171875,0.005408654,0.022578353,0.07533999,0.16992259,9.654299e-05,7288.153,0.052665092,0.0,5.114847,5.114847,0.1,1.0,0.001269956,0.28939667,7414.959,,,,,,,
6.418468e-05,0.0,,,,,,,1658.4333,10987.842,7137.325,5680.5054,2463.0166,-1519.9827,65792.36,,,,,,1658.7477,0.01568068890571594,6667.23202586174,640000,0.0703125,0.0028545675,0.08354344,0.31430545,0.07948303,6.418468e-05,7232.968,0.23069783,0.0,12.434513,12.434513,0.1,1.0,0.00259979,0.34774268,7196.792,,,,,,,
0.00016006494,0.0,,,,,,,1526.2734,10945.23,7042.081,4905.3677,788.80774,-623.5735,35582.938,,,,,,1526.4915,0.015652568912506104,6745.494876623154,645000,0.10546875,0.0045072115,0.081813864,0.21801043,0.25482035,0.00016006494,7127.53,0.13603649,0.0,8.315015,8.315015,0.1,1.0,0.0016034967,0.286044,7172.547,,,,,,,
5.2294945e-05,0.0,,,,,,,468.04144,10976.561,7267.417,-267.75427,512.33124,-520.14087,20816.736,,,,,,469.80182,0.01568681788444519,6823.928972959518,650000,0.046875,0.0018028847,0.9309392,1.7603884,0.18136,5.2294945e-05,7307.707,0.82939684,0.0,5.668761,5.668761,0.1,1.0,0.0021036703,0.39944154,7185.7573,,,,,,,
9.991666e-05,0.0,,,,,,,1083.5101,10970.916,7234.073,-168.673,1260.3489,-770.53326,24634.693,,,,,,1084.3519,0.015680490589141845,6902.331433773041,655000,0.15625,0.0067608175,0.5827051,0.84177375,0.08604157,9.991666e-05,7322.896,0.25896874,0.0,7.3477488,7.3477488,0.1,1.0,0.0019350715,0.34202325,7678.9893,,,,,,,
6.6483e-05,0.0,,,,,,,547.52795,11037.606,7324.9478,-243.44946,295.95526,-739.9995,22655.742,,,,,,547.8001,0.015690655183792115,6980.78471660614,660000,0.0703125,0.0030048077,0.03981351,0.27217856,0.09012163,6.6483e-05,7365.8203,0.23229857,0.0,6.4855957,6.4855957,0.1,1.0,0.0021949478,0.308703,7339.667,,,,,,,
0.000111694935,0.0,,,,,,,1510.095,10936.639,7512.837,-256.9282,650.97644,-636.33264,36463.484,,,,,,1510.431,0.01568221125602722,7059.1957795619965,665000,0.14453125,0.0063100965,0.05854939,0.33611143,0.10689604,0.000111694935,7586.5283,0.27745035,0.0,6.7177696,6.7177696,0.1,1.0,0.0024670388,0.31689796,7973.4395,,,,,,,
7.5965654e-05,0.0,,,,,,,574.6293,10872.191,7189.4707,-309.9096,313.4243,-438.82462,15956.996,,,,,,574.9316,0.015689020776748656,7137.640892744064,670000,0.140625,0.0063100965,0.16769357,0.3023127,0.031648397,7.5965654e-05,7236.3125,0.13454315,0.0,6.268408,6.268408,0.1,1.0,0.0018283672,0.29476246,7385.0864,,,,,,,
0.00012641479,0.0,,,,,,,789.084,10971.506,7031.4697,5213.991,770.70935,-341.3608,23437.156,,,,,,789.2499,0.015696149158477782,7216.1216452121735,675000,0.1640625,0.0078125,0.051965017,0.16589352,0.12612903,0.00012641479,7073.758,0.11380209,0.0,5.100075,5.100075,0.1,1.0,0.0017895291,0.31551513,7340.6807,,,,,,,
4.6842983e-05,0.0,,,,,,,588.3928,10974.108,7217.9546,-25.898905,570.3568,-444.48178,25232.805,,,,,,589.0357,0.015672766256332397,7294.485484361649,680000,0.05078125,0.001953125,0.46859786,0.6429124,0.048738837,4.6842983e-05,7264.083,0.17426771,0.0,6.7991858,6.7991858,0.1,1.0,0.002312726,0.30843097,7206.0303,,,,,,,
7.182237e-05,0.0,,,,,,,1951.157,10939.08,7669.2124,5604.587,1903.9908,-559.5813,48040.22,,,,,,1951.5568,0.015662879037857055,7372.79988527298,685000,0.0859375,0.0036057695,0.21684416,0.39979762,0.061929464,7.182237e-05,7742.532,0.18288165,0.0,6.804973,6.804973,0.1,1.0,0.00225296,0.25060922,7832.5933,,,,,,,
5.3711632e-05,0.0,,,,,,,680.6943,10956.841,7012.3135,6040.8506,814.8416,-795.18054,29992.094,,,,,,681.1755,0.015687956142425536,7451.239672422409,690000,0.078125,0.0031550482,0.061379462,0.48119396,0.045207262,5.3711632e-05,7037.398,0.4197608,0.0,5.4200916,5.4200916,0.1,1.0,0.001682838,0.29024503,6989.264,,,,,,,
0.00015055526,0.0,,,,,,,1083.968,10970.601,6892.6875,4913.117,810.3011,-1572.0988,43218.367,,,,,,1084.2402,0.015667837953567503,7529.578869342804,695000,0.13671875,0.0063100965,0.07434875,0.27224523,0.13529408,0.00015055526,6937.469,0.19774592,0.0,7.1573534,7.1573534,0.1,1.0,0.002077432,0.32266632,7013.3535,,,,,,,
0.00017637653,0.0,,,,,,,1279.5913,10924.907,7467.2173,180.2989,998.92267,-854.8898,34029.934,,,,,,1280.1361,0.01568792333602905,7608.018493890762,700000,0.1796875,0.009915866,0.2561778,0.5448524,0.18332064,0.00017637653,7518.9067,0.2884982,0.0,7.4786463,7.4786463,0.1,1.0,0.003448686,0.34039116,7554.8013,,,,,,,
0.00020469137,0.0,,,,,,,1910.4893,10910.199,7374.045,5639.1787,830.3765,-890.0432,40936.727,,,,,,1911.3597,0.019902774333953856,7707.532372951508,705000,0.20703125,0.010967549,0.44807664,0.87044394,0.07431829,0.00020469137,7463.7725,0.42216262,0.0,13.26305,13.26305,0.1,1.0,0.003416225,0.37578857,7646.957,,,,,,,
8.717314e-05,0.0,,,,,,,1116.7263,10900.954,7228.6943,5666.291,971.8875,-896.75116,35263.29,,,,,,1116.9417,0.015604494285583496,7785.554851055145,710000,0.06640625,0.0030048077,0.07862734,0.21531907,0.12410271,8.717314e-05,7285.101,0.13660455,0.0,6.0538373,6.0538373,0.1,1.0,0.0019134518,0.30218628,7323.6484,,,,,,,
0.00010125019,0.0,,,,,,,716.32184,10953.313,7477.47,5528.6216,1525.9697,-343.59103,32512.36,,,,,,716.61786,0.015758078145980833,7864.345250844955,715000,0.14453125,0.006610577,0.08115657,0.29602915,0.08410752,0.00010125019,7553.116,0.21477135,0.0,7.522845,7.522845,0.1,1.0,0.0020450023,0.2711059,7511.9634,,,,,,,
0.00012371376,0.0,,,,,,,801.1599,10982.048,7532.9277,522.5093,863.7669,-867.9076,30753.672,,,,,,801.3196,0.015709803056716917,7942.894273042679,720000,0.10546875,0.0045072115,0.046795443,0.15968063,0.2077415,0.00012371376,7589.7583,0.112761475,0.0,6.635506,6.635506,0.1,1.0,0.0024467586,0.33549032,7472.635,,,,,,,
4.9528488e-05,0.0,,,,,,,608.04663,10997.057,7556.1143,517.8207,695.6771,-321.31927,23238.07,,,,,,608.205,0.015689671421051026,8021.342637062073,725000,0.09765625,0.004206731,0.04213993,0.15837112,0.042133093,4.9528488e-05,7615.4937,0.11618166,0.0,8.053035,8.053035,0.1,1.0,0.0023737494,0.30571938,7589.988,,,,,,,
8.7209875e-05,0.0,,,,,,,955.10706,10917.672,7323.4795,-343.1731,1424.1721,-1018.9374,38655.438,,,,,,955.2993,0.01568559980392456,8099.770643234253,730000,0.0859375,0.0036057695,0.06761404,0.19225873,0.13844955,8.7209875e-05,7383.254,0.12455748,0.0,9.591948,9.591948,0.1,1.0,0.0027229013,0.34697017,6986.8867,,,,,,,
0.00011997531,0.0,,,,,,,1135.606,10959.814,7563.971,608.66583,819.68555,-926.825,32372.941,,,,,,1136.0957,0.015685849857330323,8178.199898958206,735000,0.109375,0.0045072115,0.33209968,0.48973763,0.14694428,0.00011997531,7646.1104,0.15751795,0.0,7.29198,7.29198,0.1,1.0,0.0023630983,0.27898654,7522.375,,,,,,,
7.090782e-05,0.0,,,,,,,892.2961,11009.485,7811.3438,5547.631,958.8567,-478.2373,36222.977,,,,,,892.51917,0.01567728614807129,8256.586335897446,740000,0.08203125,0.003455529,0.0443657,0.22309545,0.1291666,7.090782e-05,7869.55,0.17865883,0.0,6.5916114,6.5916114,0.1,1.0,0.0023301644,0.34220356,7672.222,,,,,,,
0.00020159439,0.0,,,,,,,1303.1287,10961.059,7279.198,-337.87387,1257.748,-691.4337,42514.43,,,,,,1312.9644,0.015672983455657957,8334.9512591362,745000,0.1953125,0.011268029,9.435437,9.835752,0.07462001,0.00020159439,7370.077,0.4001133,0.0,12.682699,12.682699,0.1,1.0,0.0028411595,0.34019718,7456.2373,,,,,,,
0.00022133676,0.0,,,,,,,567.464,10940.884,7433.6045,5874.942,1385.6975,-596.65186,27088.125,,,,,,567.6087,0.015678758001327515,8413.345056056976,750000,0.125,0.0051081735,0.046878364,0.14470835,0.5431448,0.00022133676,7484.101,0.09760864,0.0,6.65392,6.65392,0.1,1.0,0.0019989898,0.31766397,7469.4873,,,,,,,
0.00011810562,0.0,,,,,,,1305.8127,10950.066,7534.3354,5703.887,864.61755,-636.2399,34932.7,,,,,,1306.2579,0.01569945344924927,8491.842330932617,755000,0.10546875,0.0043569715,0.16144362,0.4451519,0.109785795,0.00011810562,7599.282,0.28359017,0.0,8.914611,8.914611,0.1,1.0,0.0021372167,0.36866483,7463.7905,,,,,,,
5.9611775e-05,0.0,,,,,,,546.4708,10898.697,7097.132,405.00494,710.4383,-961.83936,31464.555,,,,,,546.947,0.015683263778686524,8570.2586581707,760000,0.0703125,0.003455529,0.08514488,0.47618625,0.07319617,5.9611775e-05,7129.259,0.39098176,0.0,5.734516,5.734516,0.1,1.0,0.0016897437,0.40891373,7203.6606,,,,,,,
7.612411e-05,0.0,,,,,,,973.59515,10954.69,7519.2524,278.4612,870.8983,-867.068,34114.957,,,,,,973.9086,0.01568403444290161,8648.678837060928,765000,0.10546875,0.0045072115,0.09471279,0.31346852,0.13459301,7.612411e-05,7597.2603,0.21867962,0.0,8.928398,8.928398,0.1,1.0,0.0017944842,0.3150347,7699.8467,,,,,,,
8.268289e-05,0.0,,,,,,,757.8832,10921.555,7027.589,268.63348,961.9872,-1367.3387,37052.07,,,,,,758.6862,0.01568859224319458,8727.121806144714,770000,0.11328125,0.0048076925,0.19244605,0.8030379,0.085255265,8.268289e-05,7072.952,0.61050916,0.0,9.273891,9.273891,0.1,1.0,0.0026660878,0.40801808,7164.296,,,,,,,
0.000114541595,0.0,,,,,,,665.7172,10998.561,7127.7393,220.41515,1086.94,-496.8448,29720.428,,,,,,665.95154,0.015768684101104737,8805.965233564377,775000,0.125,0.005709135,0.13432339,0.23428367,0.08092713,0.000114541595,7175.3447,0.09984574,0.0,5.102704,5.102704,0.1,1.0,0.0016285861,0.3024393,6702.838,,,,,,,
9.244897e-05,0.0,,,,,,,1119.3066,10915.175,7563.7734,212.43379,1183.0549,-547.5212,32039.89,,,,,,1119.6726,0.01566002345085144,8884.265357017517,780000,0.10546875,0.004957933,0.19472443,0.36593872,0.07060957,9.244897e-05,7646.4688,0.17112187,0.0,7.8235855,7.8235855,0.1,1.0,0.0022012233,0.3472579,7502.641,,,,,,,
0.000115915456,0.0,,,,,,,711.3865,10953.704,7189.699,346.34357,655.1609,-450.22513,21992.807,,,,,,711.5455,0.015617894649505614,8962.354836463928,785000,0.14453125,0.0067608175,0.065342486,0.15899448,0.08892596,0.000115915456,7224.224,0.09353608,0.0,5.8851967,5.8851967,0.1,1.0,0.002036544,0.2884621,7235.6064,,,,,,,
3.934281e-05,0.0,,,,,,,771.4265,10945.977,6830.369,146.34216,1011.691,-1451.8054,45069.54,,,,,,771.77625,0.015694926071166994,9040.829473257065,790000,0.05078125,0.0021033655,0.1525262,0.34976047,0.08867884,3.934281e-05,6876.046,0.19719492,0.0,5.846925,5.846925,0.1,1.0,0.0022531005,0.27977377,7077.0977,,,,,,,
2.3174047e-05,0.0,,,,,,,722.09424,10941.635,6452.6406,-290.65768,981.2401,-413.7621,21852.664,,,,,,722.4565,0.015675925540924073,9119.209108352661,795000,0.078125,0.0030048077,0.032349892,0.36226615,0.039628744,2.3174047e-05,6492.382,0.32989308,0.0,5.864343,5.864343,0.1,1.0,0.0017462601,0.2887829,6799.103,,,,,,,
9.1955626e-05,0.0,,,,,,,512.75256,10829.921,6605.2554,40.88517,494.33984,-249.89574,16782.271,,,,,,512.9569,0.015708220767974852,9197.750219106674,800000,0.109375,0.004657452,0.06348248,0.20435749,0.18982494,9.1955626e-05,6632.5083,0.14078306,0.0,4.7557516,4.7557516,0.1,1.0,0.002969335,0.29780987,6429.0127,,,,,,,
8.6227e-05,0.0,,,,,,,1759.1157,10954.686,6737.579,-305.77225,1827.9792,-1019.0304,54674.56,,,,,,1759.4352,0.019590205669403078,9295.701254367828,805000,0.09375,0.0037560097,0.1187676,0.3194432,0.21934617,8.6227e-05,6814.256,0.20058937,0.0,7.4912415,7.4912415,0.1,1.0,0.002227459,0.34428287,6953.3213,,,,,,,
9.739331e-05,0.0,,,,,,,1144.797,10885.327,7147.5527,5005.788,550.70215,-1028.9739,31174.617,,,,,,1145.7716,0.01568663320541382,9374.134428739548,810000,0.15625,0.006159856,0.11262738,0.9745622,0.050808907,9.739331e-05,7225.6724,0.86183745,0.0,11.509443,11.509443,0.1,1.0,0.0040926924,0.34765443,7206.5596,,,,,,,
7.437727e-05,0.0,,,,,,,684.7505,10894.478,7000.868,-226.93219,329.4877,-963.20074,22084.535,,,,,,686.79706,0.01572490725517273,9452.75897192955,815000,0.109375,0.004657452,1.9146292,2.0465815,0.11361444,7.437727e-05,7052.8223,0.13187785,0.0,8.140745,8.140745,0.1,1.0,0.0023220174,0.29920822,7206.2397,,,,,,,
6.754446e-05,0.0,,,,,,,606.1481,10899.06,7161.3076,4911.3413,254.74385,-284.78693,19428.02,,,,,,606.70874,0.015682337999343873,9531.170669555664,820000,0.08203125,0.0045072115,0.17602624,0.56067246,0.056435347,6.754446e-05,7204.0967,0.3845787,0.0,6.561798,6.561798,0.1,1.0,0.0020574632,0.30139852,7241.89,,,,,,,
0.00018866232,0.0,,,,,,,3297.119,10875.196,6889.1636,-80.32845,1458.8856,-1654.8549,73312.63,,,,,,3297.8289,0.015688361454010008,9609.612485170364,825000,0.19140625,0.009465145,0.41592035,0.70998126,0.12109411,0.00018866232,6981.2046,0.29387227,0.0,9.172772,9.172772,0.1,1.0,0.00202323,0.36803284,7010.3145,,,,,,,
5.3231553e-05,0.0,,,,,,,660.8249,10931.952,7122.877,-254.6609,711.8077,-799.8008,24870.133,,,,,,704.4633,0.01569132227897644,9688.069103240967,830000,0.1015625,0.004206731,43.03576,43.638447,0.071385145,5.3231553e-05,7163.964,0.602634,0.0,6.832304,6.832304,0.1,1.0,0.0018361616,0.3763621,7429.531,,,,,,,
5.9525555e-05,0.0,,,,,,,874.1731,10906.027,7031.205,5516.754,698.24493,-935.55206,28170.707,,,,,,874.6023,0.01567520399093628,9766.445129871368,835000,0.06640625,0.0030048077,0.13789499,0.42919585,0.1328752,5.9525555e-05,7111.3506,0.29124135,0.0,8.947791,8.947791,0.1,1.0,0.0021376591,0.3167718,7314.588,,,,,,,
8.964261e-05,0.0,,,,,,,507.72156,10933.891,7308.007,-132.81631,885.86035,-1231.5681,22596.805,,,,,,508.11832,0.015673335552215575,9844.811814785004,840000,0.109375,0.0048076925,0.13470066,0.3967573,0.10192382,8.964261e-05,7342.2207,0.261967,0.0,6.3594074,6.3594074,0.1,1.0,0.0019431046,0.35127306,7367.176,,,,,,,
0.0001493517,0.0,,,,,,,1499.2975,10874.639,7180.243,5343.623,557.0135,-1158.644,38711.453,,,,,,1499.7734,0.01567860622406006,9923.20485329628,845000,0.16796875,0.008413462,0.17112392,0.4758994,0.13830876,0.0001493517,7296.213,0.30462614,0.0,11.277678,11.277678,0.1,1.0,0.0026084322,0.3130642,7304.478,,,,,,,
5.6407254e-05,0.0,,,,,,,558.26025,10853.927,7122.5156,-252.28957,482.43457,-361.00247,18531.729,,,,,,562.47235,0.015597469329833984,10001.192207098007,850000,0.11328125,0.0043569715,4.11811,4.2121015,0.046617508,5.6407254e-05,7167.7354,0.09393479,0.0,6.0015087,6.0015087,0.1,1.0,0.0013213645,0.3188508,7181.7686,,,,,,,
8.044088e-05,0.0,,,,,,,941.5168,10938.098,7238.6934,-45.28393,819.4166,-445.65128,31305.85,,,,,,946.86755,0.015686606454849244,10079.625247001648,855000,0.1015625,0.0043569715,5.1941705,5.3507414,0.07012379,8.044088e-05,7300.535,0.15649053,0.0,7.496616,7.496616,0.1,1.0,0.0031260727,0.27446735,7425.2153,,,,,,,
5.1457653e-05,0.0,,,,,,,544.00476,10760.292,7039.79,4957.0806,826.157,-318.13766,22370.7,,,,,,544.1319,0.015653344345092773,10157.891977071762,860000,0.06640625,0.0028545675,0.04181754,0.12710942,0.10825443,5.1457653e-05,7079.003,0.08524043,0.0,5.269826,5.269826,0.1,1.0,0.0016815731,0.31967735,7004.8125,,,,,,,
5.144651e-05,0.0,,,,,,,620.21375,10868.989,7178.794,-264.5034,683.8212,-714.3307,21993.559,,,,,,620.5274,0.015690622091293335,10236.345095157623,865000,0.09765625,0.004657452,0.04263233,0.31364617,0.03201163,5.144651e-05,7234.4487,0.2709624,0.0,7.090404,7.090404,0.1,1.0,0.011890313,0.35113516,6872.9385,,,,,,,
5.1872896e-05,0.0,,,,,,,986.7492,10911.628,7076.9756,4918.643,1093.2178,-2158.6304,35282.793,,,,,,987.1546,0.0157531409740448,10315.110805749893,870000,0.0859375,0.003455529,0.204255,0.40542227,0.08789098,5.1872896e-05,7125.1855,0.20111538,0.0,7.1493807,7.1493807,0.1,1.0,0.002920076,0.28122252,7339.122,,,,,,,
0.00010739165,0.0,,,,,,,2123.0256,10886.856,6815.919,534.83545,1151.0205,-1069.2229,44664.41,,,,,,2138.9543,0.015589189767837524,10393.056761741638,875000,0.12890625,0.006460337,15.538012,15.928616,0.05202031,0.00010739165,6924.4453,0.39049622,0.0,13.411289,13.411289,0.1,1.0,0.0036365539,0.35296193,6986.3457,,,,,,,
4.869936e-05,0.0,,,,,,,690.0908,10749.595,6826.9478,370.28012,1719.0397,-984.6362,28059.92,,,,,,690.3917,0.015668326711654662,10471.398400783539,880000,0.0859375,0.00390625,0.16422577,0.30091333,0.038956523,4.869936e-05,6850.7676,0.13663885,0.0,4.8418417,4.8418417,0.1,1.0,0.0015424766,0.29843476,6772.278,,,,,,,
0.00012696153,0.0,,,,,,,1135.3552,10857.912,6247.082,-343.72733,773.22626,-1078.5668,37056.445,,,,,,1135.654,0.01568604612350464,10549.828637599945,885000,0.125,0.005859375,0.060433086,0.29879847,0.12133467,0.00012696153,6301.2324,0.23823842,0.0,6.730586,6.730586,0.1,1.0,0.0018927685,0.31886965,6184.534,,,,,,,
3.5114586e-05,0.0,,,,,,,1074.1262,10789.037,6806.5713,-141.89265,506.1284,-454.9035,27969.875,,,,,,1074.4109,0.0156860267162323,10628.258778095245,890000,0.05859375,0.0022536058,0.058861855,0.2847007,0.05417192,3.5114586e-05,6857.4727,0.22580372,0.0,6.5426645,6.5426645,0.1,1.0,0.0020558196,0.32051083,7005.5723,,,,,,,
6.547316e-05,0.0,,,,,,,728.94617,10861.092,6705.4263,-348.42468,484.88547,-713.41077,27335.531,,,,,,729.51263,0.015662982606887817,10706.573698759079,895000,0.12109375,0.005709135,0.40183407,0.5664617,0.049632072,6.547316e-05,6745.7744,0.1645622,0.0,5.8770914,5.8770914,0.1,1.0,0.0027897954,0.31219187,6659.28,,,,,,,
0.0001260837,0.0,,,,,,,1270.8726,10802.471,6501.7056,4159.4277,682.91016,-584.84467,26219.29,,,,,,1271.2529,0.015680739974975585,10784.977405786514,900000,0.10546875,0.0048076925,0.06318013,0.38040492,0.153368,0.0001260837,6555.538,0.3170987,0.0,8.215589,8.215589,0.1,1.0,0.0025796099,0.36550045,6821.983,,,,,,,
4.6074212e-05,0.0,,,,,,,3860.9426,10806.424,6845.375,265.78088,1813.383,-3166.0002,100427.92,,,,,,3861.366,0.01946186137199402,10882.286719560623,905000,0.08203125,0.00390625,0.06870357,0.42338917,0.052428722,4.6074212e-05,6885.5024,0.35463953,0.0,8.039939,8.039939,0.1,1.0,0.0026937663,0.3062869,7014.8213,,,,,,,
6.94752e-05,0.0,,,,,,,2443.2605,10790.188,7071.231,-341.2174,958.2038,-882.19055,49609.39,,,,,,2445.058,0.0156890784740448,10960.73211979866,910000,0.078125,0.0033052885,1.1435807,1.797728,0.10048282,6.94752e-05,7142.5283,0.6540777,0.0,11.2381315,11.2381315,0.1,1.0,0.0038938476,0.3121622,7467.004,,,,,,,
5.9310332e-05,0.0,,,,,,,399.51477,10795.964,6602.371,4839.15,1288.002,-357.6984,25723.91,,,,,,399.78912,0.01567988438606262,11039.131547927856,915000,0.078125,0.0036057695,0.06705644,0.2743545,0.0755887,5.9310332e-05,6626.921,0.20723875,0.0,4.32076,4.32076,0.1,1.0,0.0015502742,0.3245864,6771.338,,,,,,,
5.2890922e-05,0.0,,,,,,,840.1912,10719.798,6217.0054,225.90005,1153.5048,-540.44586,34161.766,,,,,,840.5937,0.015654488849639894,11117.403998851776,920000,0.1015625,0.0045072115,0.078282,0.402457,0.04774332,5.2890922e-05,6290.4766,0.3241221,0.0,10.112155,10.112155,0.1,1.0,0.0031023559,0.30607277,6216.856,,,,,,,
8.964926e-05,0.0,,,,,,,1010.24445,10774.546,6532.716,4218.678,555.5927,-853.9419,29481.607,,,,,,1010.576,0.015663897275924682,11195.723491191864,925000,0.10546875,0.0045072115,0.10710036,0.33153117,0.08423376,8.964926e-05,6613.0767,0.22434117,0.0,8.060781,8.060781,0.1,1.0,0.002892681,0.2979841,6780.9243,,,,,,,
5.4148477e-05,0.0,,,,,,,1477.0068,10709.726,7016.3115,330.58087,1145.6761,-1069.757,34971.066,,,,,,1477.5457,0.01566183099746704,11274.03265285492,930000,0.09375,0.00390625,0.3183684,0.53878343,0.09654033,5.4148477e-05,7118.354,0.22036093,0.0,11.009381,11.009381,0.1,1.0,0.0027344038,0.33766857,6972.5234,,,,,,,
9.603673e-05,0.0,,,,,,,1963.7654,10768.274,7202.858,-289.15753,2134.519,-2420.6104,44381.33,,,,,,1964.0917,0.01566982192993164,11352.381769657135,935000,0.0859375,0.00390625,0.15135062,0.32627863,0.0822736,9.603673e-05,7239.1074,0.17483197,0.0,5.6741824,5.6741824,0.1,1.0,0.0017309306,0.3340942,7301.4517,,,,,,,
5.4772445e-05,0.0,,,,,,,848.5036,10719.189,6815.5645,661.4255,989.0299,-576.44806,23121.438,,,,,,848.78424,0.015705151748657227,11430.907535552979,940000,0.07421875,0.003455529,0.077631,0.2806513,0.08096421,5.4772445e-05,6845.934,0.20296553,0.0,5.447734,5.447734,0.1,1.0,0.002711896,0.31015977,6754.395,,,,,,,
6.0011742e-05,0.0,,,,,,,445.75955,10676.568,6248.0557,551.00964,330.24133,-339.78793,16563.445,,,,,,446.06668,0.015646726322174072,11509.141174554825,945000,0.0625,0.002704327,0.07640784,0.30712372,0.12576818,6.0011742e-05,6276.207,0.23065586,0.0,6.6593695,6.6593695,0.1,1.0,0.0017694421,0.3141648,6715.4414,,,,,,,
7.057219e-05,0.0,,,,,,,1172.3357,10739.778,6919.5522,-375.56857,589.8495,-948.6549,33450.953,,,,,,1172.7523,0.015666831970214845,11587.475341558456,950000,0.109375,0.0051081735,0.07284105,0.41659245,0.09473312,7.057219e-05,6975.172,0.34368083,0.0,8.263615,8.263615,0.1,1.0,0.0033608652,0.3469484,7184.7285,,,,,,,
3.4690318e-05,0.0,,,,,,,653.76935,10740.059,6553.1514,41.883484,1034.2135,-477.62933,25228.07,,,,,,654.0194,0.015756262302398683,11666.256659030914,955000,0.046875,0.001953125,0.052532557,0.25006613,0.073860526,3.4690318e-05,6587.3003,0.19749887,0.0,5.504284,5.504284,0.1,1.0,0.0023844584,0.28905022,7023.1914,,,,,,,
7.1782764e-05,0.0,,,,,,,897.61066,10728.807,6021.252,3888.1956,774.5952,-837.245,33733.1,,,,,,901.21246,0.015685860872268677,11744.685969114304,960000,0.09375,0.004206731,3.429759,3.601784,0.13171601,7.1782764e-05,6054.6777,0.17195319,0.0,4.8981915,4.8981915,0.1,1.0,0.002678237,0.30555633,6300.098,,,,,,,
7.732557e-05,0.0,,,,,,,643.5613,10705.829,6617.345,90.38231,464.17236,-937.6968,26851.2,,,,,,644.1472,0.015675013637542725,11823.061043262482,965000,0.08203125,0.0036057695,0.03650219,0.58595693,0.098232865,7.732557e-05,6670.175,0.54937744,0.0,6.8399343,6.8399343,0.1,1.0,0.0027497234,0.31767842,6578.924,,,,,,,
0.00016016683,0.0,,,,,,,1510.2415,10735.867,6953.465,-83.60798,633.414,-654.36365,34968.48,,,,,,1510.4858,0.015695337200164795,11901.53773522377,970000,0.109375,0.0048076925,0.06808652,0.2443701,0.25698197,0.00016016683,7002.314,0.17612341,0.0,7.005651,7.005651,0.1,1.0,0.0022058897,0.30425236,7371.331,,,,,,,
9.038441e-05,0.0,,,,,,,1588.6526,10333.235,7094.8154,5318.5933,624.4903,-714.98987,29824.785,,,,,,1588.8995,0.015724661350250243,11980.16104888916,975000,0.07421875,0.003455529,0.0754843,0.24693772,0.14913034,9.038441e-05,7143.2285,0.17136303,0.0,6.764028,6.764028,0.1,1.0,0.002962056,0.27992153,7117.786,,,,,,,
3.2882726e-05,0.0,,,,,,,2012.7626,10499.409,6634.9453,-109.96223,563.3596,-785.8595,35633.254,,,,,,2013.019,0.01565559148788452,12058.439012289047,980000,0.06640625,0.0025540867,0.044308297,0.256503,0.055481672,3.2882726e-05,6666.8525,0.21216181,0.0,6.925829,6.925829,0.1,1.0,0.0029128,0.2947358,6578.255,,,,,,,
0.000138001,0.0,,,,,,,1063.738,10724.503,7161.1396,5152.37,836.23706,-462.20206,28789.098,,,,,,1064.0557,0.015671625089645386,12136.797146081924,985000,0.08203125,0.0037560097,0.06645874,0.31762344,0.24403584,0.000138001,7226.616,0.2510267,0.0,7.0278354,7.0278354,0.1,1.0,0.0023954194,0.30774084,7384.31,,,,,,,
6.724416e-05,0.0,,,,,,,1521.7423,10617.434,6823.8745,-368.9665,2669.1748,-4601.358,53825.957,,,,,,1522.0056,0.015657885026931762,12215.086578130722,990000,0.1015625,0.0040564905,0.056407504,0.26326898,0.07640898,6.724416e-05,6881.6836,0.20679423,0.0,7.937763,7.937763,0.1,1.0,0.0019352173,0.3206366,6930.6626,,,,,,,
5.9392878e-05,0.0,,,,,,,599.69037,10687.805,6584.2964,-300.7043,817.8762,-435.77396,25349.723,,,,,,600.28046,0.015590283250808716,12293.038002490997,995000,0.09375,0.0037560097,0.16699818,0.59007967,0.07012534,5.9392878e-05,6618.5327,0.42302215,0.0,6.700263,6.700263,0.1,1.0,0.0031071906,0.3290661,6246.7695,,,,,,,
6.195491e-05,0.0,,,,,,,1304.0771,10762.737,7170.5093,4495.538,1208.2776,-1121.707,38035.695,,,,,,1304.527,0.0157409921169281,12371.74297118187,1000000,0.09765625,0.004206731,0.07920482,0.44984818,0.04914272,6.195491e-05,7268.202,0.3705814,0.0,11.75256,11.75256,0.1,1.0,0.003229001,0.24851607,7189.298,,,,,,,
4.848426e-05,0.0,,,,,,,765.06476,10746.82,7106.247,-333.94583,291.308,-303.03226,17991.771,,,,,,766.6768,0.02353272008895874,12489.40657711029,1005000,0.06640625,0.0030048077,1.4626685,1.6120415,0.044846177,4.848426e-05,7145.0684,0.14932445,0.0,5.439537,5.439537,0.1,1.0,0.0015861333,0.35834864,7473.742,0.0,5000.0,-0.9514572936430399,-158.35717478662104,200.0,3.836822748184204,0.8914184700223926
3.3553155e-05,0.0,,,,,,,464.1352,10710.95,6927.38,-413.05023,1256.9424,-597.66504,26681.867,,,,,,464.2592,0.019906046199798584,12588.936812877655,1010000,0.0703125,0.0030048077,0.026658002,0.12400397,0.03871894,3.3553155e-05,6958.078,0.09731242,0.0,4.5076246,4.5076246,0.1,1.0,0.0033491538,0.31974676,6894.6533,0.0,10000.0,-1.2797434816886475,-259.6535836753596,200.0,3.8603456020355225,0.11632874990619463
8.401305e-05,0.0,,,,,,,411.9944,10720.945,6532.696,4430.378,429.01892,-448.44778,16778.504,,,,,,412.2237,0.01982224864959717,12688.048060655594,1015000,0.08203125,0.0040564905,0.047086544,0.22930425,0.10360134,8.401305e-05,6568.8525,0.1821337,0.0,5.181094,5.181094,0.1,1.0,0.0016844143,0.314323,6855.8145,0.0,15000.0,0.910186235971064,115.13439580503511,200.0,3.896662950515747,2.9840938889196242
0.00014216978,0.0,,,,,,,954.6311,10788.4795,6306.505,-278.77536,470.30368,-616.75464,25912.78,,,,,,993.6366,0.020977404594421385,12792.935090780258,1020000,0.15625,0.007211539,38.596516,39.005512,0.16036212,0.00014216978,6361.299,0.40885654,0.0,7.359252,7.359252,0.1,1.0,0.0032411555,0.28623912,6441.127,0.0,20000.0,1.144036137695155,124.56078903020554,200.0,4.068660736083984,3.0562218208646517
2.5490623e-05,0.0,,,,,,,919.2977,10703.081,6239.1484,-220.02837,797.8804,-379.77356,22112.215,,,,,,919.5594,0.020185219287872314,12893.861194610596,1025000,0.05859375,0.0022536058,0.0852759,0.26165953,0.0636605,2.5490623e-05,6289.295,0.17635813,0.0,6.90143,6.90143,0.1,1.0,0.0020056935,0.26132983,6519.794,0.0,25000.0,1.2735849180203627,182.69384680565108,200.0,3.9827940464019775,3.5010385322858806
4.914831e-05,0.0,,,,,,,995.9915,10876.09,6122.5938,-160.39085,1583.2097,-1519.4316,38189.39,,,,,,996.4656,0.019890111112594606,12993.311756372452,1030000,0.09375,0.0036057695,0.17805949,0.47403345,0.04421401,4.914831e-05,6151.6807,0.2959248,0.0,6.145707,6.145707,0.1,1.0,0.0019885704,0.3166456,5868.336,0.0,30000.0,-1.2754804876118262,-264.15634078460585,200.0,3.827218770980835,0.08187500385691189
7.201948e-05,0.0,,,,,,,770.6645,10768.523,5921.523,3258.076,736.0595,-373.45905,23339.395,,,,,,771.221,0.019781362342834473,13092.218574523926,1035000,0.09765625,0.0043569715,0.08099532,0.5565178,0.07706499,7.201948e-05,5976.0947,0.47545046,0.0,7.67116,7.67116,0.1,1.0,0.0018367281,0.34366825,5811.9355,0.0,35000.0,0.9156857243919276,72.62679273640973,200.0,3.85329008102417,2.6588384674617944
4.1355506e-05,0.0,,,,,,,1841.1783,10848.098,6316.756,2592.9258,1289.3535,-2147.793,63497.383,,,,,,1841.8508,0.01981808156967163,13191.308987855911,1040000,0.0859375,0.0036057695,0.28160995,0.672476,0.03580928,4.1355506e-05,6370.9517,0.39082468,0.0,7.1224847,7.1224847,0.1,1.0,0.0036364703,0.3104541,6309.5103,1.0,40000.0,101.76515683195464,15568.56443066195,200.0,3.875528335571289,121.22910268985952
8.04384e-05,0.0,,,,,,,1514.7539,10862.041,6063.9033,-153.05373,541.3855,-574.2461,35087.016,,,,,,1515.5758,0.019790950536727907,13290.263746023178,1045000,0.12890625,0.005408654,0.07478913,0.82193625,0.0624125,8.04384e-05,6138.156,0.7470667,0.0,10.469482,10.469482,0.1,1.0,0.003792687,0.38302493,6003.2627,0.0,45000.0,1.2318061948114707,217.80392581600557,200.0,3.8780248165130615,3.7696903197671507
8.180414e-05,0.0,,,,,,,2924.8918,10916.642,6241.358,3733.255,2610.0474,-3822.1904,92841.97,,,,,,2925.258,0.019921317195892334,13389.870337247849,1050000,0.07421875,0.0031550482,0.054100048,0.3661398,0.12376535,8.180414e-05,6284.005,0.31195796,0.0,4.2723145,4.2723145,0.1,1.0,0.0030005882,0.33487603,6388.9985,0.0,50000.0,-1.2227172601922296,-244.66715284839125,200.0,3.8645761013031006,0.23100042092243153
0.00013815796,0.0,,,,,,,3136.1768,10842.043,6908.848,-2.0410736,979.9869,-2451.0571,84693.78,,,,,,3162.4316,0.020511498260498046,13492.427835226059,1055000,0.08203125,0.0051081735,25.43583,26.25498,0.116194725,0.00013815796,6954.6943,0.8190135,0.0,9.22501,9.22501,0.1,1.0,0.00465432,0.4965359,6895.227,0.0,55000.0,-1.1894537257725737,-244.38795963199246,200.0,3.989854574203491,0.23313672362388835
9.669727e-05,0.0,,,,,,,2724.48,10891.612,6883.039,2845.2178,2455.3184,-1997.0297,79156.54,,,,,,2726.8994,0.01973416213989258,13591.098652601242,1060000,0.09375,0.004657452,1.5259943,2.4194608,0.15718293,9.669727e-05,6937.463,0.89336973,0.0,10.620635,10.620635,0.1,1.0,0.004860304,0.44206062,7144.1396,0.0,60000.0,-1.2307247359705074,-249.1023461496977,200.0,3.8381869792938232,0.19706365285450628
0.00014589548,0.0,,,,,,,4929.552,10859.619,6743.4805,3234.331,1355.8057,-1954.5156,93718.31,,,,,,7363.13,0.020001565217971803,13691.106484889984,1065000,0.15234375,0.007361779,2431.3257,2433.5784,0.0800854,0.00014589548,6866.0293,2.2523532,0.0,19.870039,19.870039,0.1,1.0,0.006519819,0.745128,6944.5083,1.0,65000.0,101.81994392240378,6093.172954915602,200.0,3.909639358520508,48.72625083659767
7.401862e-05,0.0,,,,,,,2166.2515,10821.076,6682.3403,-121.840004,1543.8909,-2446.7568,66533.97,,,,,,2167.9583,0.019949435091018677,13790.853665828705,1070000,0.09375,0.00390625,1.3947864,1.7066933,0.11999071,7.401862e-05,6717.338,0.3118329,0.0,6.5990353,6.5990353,0.1,1.0,0.0032941701,0.3721672,6877.057,1.0,70000.0,101.81128941004225,11732.627701453444,200.0,3.9204161167144775,91.87766606498026
9.384592e-05,0.0,,,,,,,2293.6064,10890.914,7126.179,3024.4612,1327.8519,-1371.7195,63795.938,,,,,,2299.6694,0.02004536294937134,13891.0804874897,1075000,0.1484375,0.006610577,5.4899654,6.06291,0.045730352,9.384592e-05,7195.191,0.5728508,0.0,12.283609,12.283609,0.1,1.0,0.0032244038,0.41297963,7439.4565,1.0,75000.0,101.79161120641425,13615.899547112002,200.0,3.900496006011963,106.28789702743728
6.227824e-05,0.0,,,,,,,1889.6445,10734.989,6844.013,-297.26865,2033.9806,-800.2606,49137.867,,,,,,1889.9785,0.020162858867645263,13991.894789457321,1080000,0.078125,0.0033052885,0.07704287,0.334007,0.07375872,6.227824e-05,6888.6543,0.25690183,0.0,6.0158315,6.0158315,0.1,1.0,0.0034178805,0.31895813,6849.03,1.0,80000.0,101.85192319767407,16815.36858339946,200.0,3.9171316623687744,130.76927388039482
9.197602e-05,0.0,,,,,,,2073.7964,10936.629,6815.1514,-420.17688,1081.5862,-1020.23694,57393.816,,,,,,2074.6104,0.02061138391494751,14094.951715230942,1085000,0.1171875,0.0052584135,0.34495446,0.81390566,0.12276578,9.197602e-05,6884.4336,0.46885923,0.0,10.602663,10.602663,0.1,1.0,0.0037630743,0.32642567,7107.1187,1.0,85000.0,101.7860528377773,16707.731656589225,200.0,4.086488485336304,129.94566842003593
4.5232242e-05,0.0,,,,,,,1993.8564,10931.886,7037.82,3168.438,2164.0273,-1897.239,53028.266,,,,,,1994.1226,0.020085730409622193,14195.380373239517,1090000,0.078125,0.0031550482,0.039157268,0.2661259,0.06467807,4.5232242e-05,7086.3203,0.22692338,0.0,6.830169,6.830169,0.1,1.0,0.0027139056,0.31279516,7060.341,1.0,90000.0,101.80269947096988,17118.814485884417,200.0,3.9318110942840576,133.09115085715723
7.161894e-05,0.0,,,,,,,2883.3933,11018.134,6958.8403,3603.2224,1389.3132,-2375.6755,61256.125,,,,,,2973.594,0.0200712299823761,14295.736530303955,1095000,0.08984375,0.00390625,89.32431,90.20059,0.06295383,7.161894e-05,7024.3496,0.87621105,0.0,10.874924,10.874924,0.1,1.0,0.0026067933,0.40864047,6857.2827,1.0,95000.0,101.83149506083828,17399.14952999336,200.0,3.95337176322937,135.236190481571
4.4840803e-05,0.0,,,,,,,1070.3954,10935.554,6909.7905,152.33766,750.8471,-1202.1896,43400.473,,,,,,1090.6864,0.02071194076538086,14399.296241998672,1100000,0.09375,0.00390625,20.172913,20.290997,0.05682099,4.4840803e-05,6960.367,0.11803906,0.0,9.044209,9.044209,0.1,1.0,0.0023169848,0.2905289,7149.089,1.0,100000.0,101.70594920433996,17476.949577932544,200.0,4.047944068908691,135.83149309934143
2.5847623e-05,0.0,,,,,,,3851.4253,11043.167,7178.6914,3210.5063,6026.32,-7819.4663,145863.1,,,,,,3851.8738,0.024858285140991213,14523.58767414093,1105000,0.0546875,0.0022536058,0.087948196,0.4483713,0.047389746,2.5847623e-05,7237.948,0.36039725,0.0,6.8183484,6.8183484,0.1,1.0,0.0029486772,0.33178422,7466.7617,1.0,105000.0,99.71950153046642,12656.433686592229,200.0,3.8688974380493164,98.94635221405551
0.000103710474,0.0,,,,,,,1842.3442,11096.684,7149.8076,-348.9175,1246.6388,-1001.3578,49412.246,,,,,,2041.1755,0.020201361846923827,14624.594490766525,1110000,0.1171875,0.0055588945,198.61143,198.83125,0.12722337,0.000103710474,7208.8535,0.21970505,0.0,7.7784023,7.7784023,0.1,1.0,0.003060704,0.3239787,6755.7573,0.0,110000.0,-0.48616294054550346,59.081362214626616,200.0,4.314323902130127,2.5551928983131975
8.485497e-05,0.0,,,,,,,2649.1646,11083.656,7205.9053,-117.43459,2106.483,-1568.5782,71023.875,,,,,,2649.6543,0.020062575387954713,14724.907374620438,1115000,0.1015625,0.0052584135,0.04592446,0.48963204,0.09231186,8.485497e-05,7267.409,0.44362274,0.0,8.072227,8.072227,0.1,1.0,0.0030871448,0.3768097,7390.7183,0.0,115000.0,-0.7190369392414866,-122.30713342019651,200.0,3.841613531112671,1.1672625673543144
6.236278e-05,0.0,,,,,,,2026.0791,11042.698,7305.5244,3843.4836,2211.844,-1948.2173,92046.99,,,,,,2029.4148,0.019997706127166746,14824.895912408829,1120000,0.09375,0.0043569715,3.0106134,3.3357472,0.07624006,6.236278e-05,7362.125,0.32507133,0.0,7.3017306,7.3017306,0.1,1.0,0.0025918637,0.33344623,7746.1797,1.0,120000.0,101.77053444203233,17123.96574903885,200.0,3.9423022270202637,133.13056677683704
7.747424e-05,0.0,,,,,,,3382.7974,11136.448,7238.7817,3320.711,4074.5537,-4174.6675,120467.15,,,,,,3477.8333,0.02014958724975586,14925.643856287003,1125000,0.14453125,0.006159856,94.34434,95.03595,0.072739124,7.747424e-05,7304.581,0.6915372,0.0,10.966186,10.966186,0.1,1.0,0.002930523,0.41059598,7085.79,1.0,125000.0,101.80322159402007,16920.21275296824,200.0,4.391931533813477,131.57151000049402
5.438324e-05,0.0,,,,,,,1862.7881,11066.874,7322.712,3509.2473,4688.9536,-2926.3398,62301.9,,,,,,1879.4766,0.020033492851257325,15025.811327457428,1130000,0.05859375,0.0024038462,16.245447,16.68853,0.05711162,5.438324e-05,7380.2104,0.44302663,0.0,9.861387,9.861387,0.1,1.0,0.0053837625,0.37920204,7406.0845,0.0,130000.0,-1.0397862971669734,-151.08304027877156,200.0,3.8188180923461914,0.9470779641903386
7.924431e-05,0.0,,,,,,,2182.9478,11128.968,7408.9756,-176.82422,2153.1262,-1978.5978,73871.75,,,,,,2183.498,0.020063136100769045,15126.127013921738,1135000,0.10546875,0.004957933,0.2066094,0.550209,0.07135928,7.924431e-05,7470.2637,0.3435204,0.0,9.1126175,9.1126175,0.1,1.0,0.0020107098,0.35138857,7641.1562,1.0,135000.0,101.75376552254498,16402.02989815529,200.0,3.899602174758911,127.60653031057103
0.000100122,0.0,,,,,,,2833.4536,11044.738,7312.393,2536.5217,3490.5989,-2910.8208,78636.56,,,,,,2836.2898,0.02024257469177246,15227.339893817902,1140000,0.12109375,0.006460337,2.33864,2.836127,0.063902855,0.000100122,7388.7715,0.49738702,0.0,11.204385,11.204385,0.1,1.0,0.0014383098,0.3243487,7424.365,1.0,140000.0,101.85720956722349,17301.12815141922,200.0,4.412525177001953,134.48616031053223
8.1786784e-05,0.0,,,,,,,2789.7874,11071.569,7410.048,2287.9834,3101.5212,-2393.1921,82228.0,,,,,,2791.742,0.02001153154373169,15327.397557735443,1145000,0.15625,0.007361779,1.3234233,1.9546545,0.071242094,8.1786784e-05,7493.046,0.6311495,0.0,13.577518,13.577518,0.1,1.0,0.0033083216,0.39664647,7800.2344,1.0,145000.0,101.86003396229768,17580.816629542154,200.0,3.932973623275757,136.62625260606603
5.413825e-05,0.0,,,,,,,1193.5159,11172.253,7526.3096,4455.8013,717.02246,-408.88605,37016.703,,,,,,1434.8141,0.02019784641265869,15428.386796951294,1150000,0.06640625,0.002704327,240.81596,241.29826,0.10746312,5.413825e-05,7575.172,0.48223293,0.0,8.971213,8.971213,0.1,1.0,0.0026698648,0.36735284,7442.255,1.0,150000.0,99.70147904803066,16495.340669476805,200.0,3.8699615001678467,128.32051632864258
7.113016e-05,0.0,,,,,,,1930.0867,11153.95,7683.143,5032.297,4597.6533,-4111.3716,78631.65,,,,,,1931.1895,0.020105387783050536,15528.913741827011,1155000,0.12890625,0.005709135,0.5763424,1.1027831,0.034494877,7.113016e-05,7744.4077,0.5263696,0.0,9.664513,9.664513,0.1,1.0,0.003797976,0.35035667,8018.6196,1.0,155000.0,101.855668214953,17131.33218936622,200.0,3.980912446975708,133.1869325674335
0.0001405188,0.0,,,,,,,1694.2367,11184.424,7797.191,351.52567,663.71027,-1509.6477,50396.15,,,,,,2134.997,0.02035905957221985,15630.709047555923,1160000,0.16796875,0.0078125,440.55945,440.7604,0.0984956,0.0001405188,7868.879,0.20079918,0.0,8.582119,8.582119,0.1,1.0,0.0026495217,0.33947822,7702.2314,1.0,160000.0,101.83034373848788,17199.96534744247,200.0,3.9334139823913574,133.71209289510554
9.585609e-05,0.0,,,,,,,1932.6123,11107.731,7698.091,-230.13516,1075.4829,-1140.9207,44366.78,,,,,,1933.0829,0.020245547342300416,15731.936790466309,1165000,0.09375,0.0037560097,0.09170439,0.4705691,0.19983459,9.585609e-05,7760.812,0.37876886,0.0,8.446651,8.446651,0.1,1.0,0.0024159723,0.2979653,7815.818,1.0,165000.0,101.82213262881785,17735.67112447779,200.0,4.413946866989136,137.81115272696005
0.00012457403,0.0,,,,,,,2271.342,11135.48,7640.753,2213.72,836.3499,-1059.1025,55400.594,,,,,,2272.1868,0.020125112104415893,15832.562357187271,1170000,0.08984375,0.0037560097,0.47901362,0.84483975,0.15660143,0.00012457403,7709.611,0.36570156,0.0,10.808979,10.808979,0.1,1.0,0.0038828463,0.3340309,7778.2295,1.0,170000.0,101.78548353948958,17428.49219799588,200.0,3.9209370613098145,135.4607117709142
9.407173e-05,0.0,,,,,,,2275.6619,11086.07,7742.6284,2857.7998,6090.874,-3313.837,83862.83,,,,,,2276.3123,0.02015224289894104,15933.32357788086,1175000,0.08984375,0.0043569715,0.08841764,0.65041727,0.121423006,9.407173e-05,7814.7324,0.56190556,0.0,11.338013,11.338013,0.1,1.0,0.0032482613,0.45096976,7853.0967,1.0,175000.0,99.60448453839274,16656.98841490644,200.0,3.8839571475982666,129.55739636355167
4.710513e-05,0.0,,,,,,,2860.8984,11100.736,7498.532,-34.98301,1902.8896,-2152.8428,74440.28,,,,,,2863.1135,0.02000491328239441,16033.348150014877,1180000,0.12109375,0.0052584135,1.7228017,2.2149963,0.02654934,4.710513e-05,7557.915,0.49214742,0.0,10.715429,10.715429,0.1,1.0,0.0017858432,0.37341368,7587.159,1.0,180000.0,101.80438457706687,17555.657112049917,200.0,3.9464516639709473,136.43373952899597
5.027833e-05,0.0,,,,,,,5665.8613,11065.572,7724.116,-138.44395,13510.531,-15831.467,208183.5,,,,,,5668.28,0.02007956266403198,16133.745969772339,1185000,0.05859375,0.0024038462,1.9945579,2.4183362,0.104026556,5.027833e-05,7776.0083,0.4237279,0.0,9.401231,9.401231,0.1,1.0,0.0023057936,0.3389747,8108.656,1.0,185000.0,99.68256017264574,16971.787720203414,200.0,3.8602917194366455,131.96614617129075
9.030568e-05,0.0,,,,,,,1413.9768,11026.415,7672.7207,-3.7188492,1045.7867,-2283.1035,58217.273,,,,,,1483.1451,0.02031746344566345,16235.33329296112,1190000,0.06640625,0.0033052885,68.84206,69.16828,0.11294174,9.030568e-05,7742.7803,0.3261305,0.0,10.700056,10.700056,0.1,1.0,0.0028257975,0.33657405,7695.607,0.0,190000.0,1.646370579044385,269.75273173480406,200.0,3.9945285320281982,4.167186991975919
6.7283225e-05,0.0,,,,,,,2001.0303,11065.986,7699.173,3072.0916,1234.2135,-1563.949,53471.926,,,,,,2002.1666,0.0200712327003479,16335.689462900162,1195000,0.12109375,0.005859375,0.8887064,1.1362987,0.064997435,6.7283225e-05,7755.628,0.24752504,0.0,7.508106,7.508106,0.1,1.0,0.0026261667,0.29920393,8071.3,0.0,195000.0,-0.5240717975756299,-36.643174833994,200.0,3.817202091217041,1.822737469308187
5.1404317e-05,0.0,,,,,,,1740.407,11035.875,7863.5625,4255.548,2221.4958,-1789.6609,74583.266,,,,,,1741.104,0.02011690983772278,16436.274017572403,1200000,0.0703125,0.0030048077,0.30616665,0.69703865,0.076752186,5.1404317e-05,7920.7314,0.39082065,0.0,9.224499,9.224499,0.1,1.0,0.0024693473,0.3277762,8027.3457,1.0,200000.0,101.58831586927776,16898.34561115213,200.0,3.886417865753174,131.40418919400216
9.270978e-05,0.0,,,,,,,1474.9124,11163.619,7809.643,-54.10696,919.1865,-1192.1458,40850.83,,,,,,1475.4564,0.024627723264694215,16559.41263961792,1205000,0.1171875,0.0048076925,0.059175048,0.54408777,0.068225384,9.270978e-05,7875.3955,0.48482,0.0,8.549673,8.549673,0.1,1.0,0.0024470927,0.37926555,7535.01,1.0,205000.0,101.82731419599409,17431.66453729518,200.0,3.930762529373169,135.4849855591618
3.7855094e-05,0.0,,,,,,,2282.522,11128.807,8010.7197,4278.2573,5784.5703,-2245.814,69975.71,,,,,,2283.8389,0.020150046014785768,16660.162875652313,1210000,0.06640625,0.002704327,1.0580139,1.3169352,0.0784502,3.7855094e-05,8070.4766,0.25888333,0.0,9.852995,9.852995,0.1,1.0,0.0030799708,0.31686178,7918.916,1.0,210000.0,99.7154207538733,17301.370269527823,200.0,3.854299545288086,134.48801292563564
4.9142418e-05,0.0,,,,,,,1669.3734,11088.14,7870.1963,-127.41374,2136.812,-1613.0933,61618.15,,,,,,1674.0544,0.020191889524459838,16761.122329950333,1215000,0.10546875,0.0043569715,4.1138005,4.6809816,0.04703009,4.9142418e-05,7931.92,0.5671322,0.0,9.542593,9.542593,0.1,1.0,0.0029882728,0.3158461,7909.638,0.0,215000.0,-0.7304850307534934,-90.63841293224142,200.0,4.298332452774048,1.409582112229869
8.6372456e-05,0.0,,,,,,,3552.0625,11241.933,7878.1,-120.071686,3796.9114,-3247.2476,97381.414,,,,,,3552.6326,0.019885695695877077,16860.5508146286,1220000,0.09765625,0.0040564905,0.29709238,0.570159,0.15424085,8.6372456e-05,7935.2305,0.2729803,0.0,13.496957,13.496957,0.1,1.0,0.0023930531,0.32469285,7937.749,1.0,220000.0,99.74681198005982,17085.54679345791,200.0,3.9405527114868164,132.83659645888537
6.688669e-05,0.0,,,,,,,1582.3383,11164.448,8038.5205,-59.551807,1312.4717,-1412.0808,45510.82,,,,,,1591.6334,0.020106901931762695,16961.085330486298,1225000,0.08984375,0.0037560097,8.553871,9.29521,0.056990027,6.688669e-05,8111.9697,0.74127156,0.0,12.711104,12.711104,0.1,1.0,0.002602061,0.34681427,8140.45,0.0,225000.0,24.74028636505008,5221.156366720713,200.0,3.8814332485198975,42.05384161009646
5.5711396e-05,0.0,,,,,,,1390.613,11160.07,7908.9463,-287.1841,1936.7006,-855.9105,50824.797,,,,,,1391.6682,0.019989742374420166,17061.03404855728,1230000,0.09375,0.0043569715,0.85999686,1.0551898,0.094278455,5.5711396e-05,7960.5674,0.19513737,0.0,9.026389,9.026389,0.1,1.0,0.0032579065,0.33942914,7791.649,1.0,230000.0,101.698638802551,13163.368638755155,200.0,3.932908535003662,102.82526632857909
5.132236e-05,0.0,,,,,,,2197.998,11065.076,7896.1387,-229.12953,2716.9517,-2192.1921,81024.555,,,,,,2929.25,0.02065353879928589,17164.30174922943,1235000,0.09375,0.00390625,730.85156,731.252,0.0626359,5.132236e-05,7952.6895,0.40037456,0.0,7.8228354,7.8228354,0.1,1.0,0.0022839906,0.32031325,8413.406,0.0,235000.0,-0.5598782740012406,-65.23051873482882,200.0,4.380326509475708,1.603995693306028
3.6845613e-05,0.0,,,,,,,2288.583,11000.064,7923.6733,2280.116,3942.998,-4120.886,75267.125,,,,,,2288.951,0.02013025975227356,17264.95305466652,1240000,0.07421875,0.003455529,0.104865804,0.36781,0.05976534,3.6845613e-05,7979.7817,0.26290736,0.0,9.943617,9.943617,0.1,1.0,0.0017684856,0.34930572,8150.365,1.0,240000.0,99.66000100081514,16902.901149777623,200.0,3.8142430782318115,131.43904680837318
7.998258e-05,0.0,,,,,,,1862.4675,10969.192,7964.9927,-312.59964,1517.3807,-1554.4479,58202.953,,,,,,1862.8904,0.020485006713867188,17367.37809419632,1245000,0.09765625,0.004657452,0.08657588,0.42282814,0.18665159,7.998258e-05,8024.5254,0.33617225,0.0,10.903961,10.903961,0.1,1.0,0.003193648,0.29708177,8118.29,0.0,245000.0,26.73664261023909,4537.452955304151,200.0,3.9727046489715576,36.822348296454756
5.376735e-05,0.0,,,,,,,1329.6046,10906.388,7759.882,-366.8166,1564.9889,-1174.2548,48672.367,,,,,,1329.8451,0.020344649934768675,17469.101350545883,1250000,0.125,0.004957933,0.048745513,0.24048571,0.059587598,5.376735e-05,7826.6,0.19168644,0.0,7.2117367,7.2117367,0.1,1.0,0.0018675568,0.32637024,8318.676,1.0,250000.0,101.53500355940544,17674.794137122517,200.0,4.042715787887573,137.34534028989188
6.9459136e-05,0.0,,,,,,,1406.8081,10960.801,8032.8643,3586.0293,855.62555,-1314.0256,39701.742,,,,,,1409.7532,0.02007966752052307,17569.49969482422,1255000,0.1015625,0.0045072115,2.6519048,2.9450252,0.067505956,6.9459136e-05,8084.664,0.29305097,0.0,8.4691305,8.4691305,0.1,1.0,0.0025271662,0.31228822,8429.702,1.0,255000.0,101.82389524068914,17635.734451869263,200.0,3.9454586505889893,137.04646730078102
0.00012850056,0.0,,,,,,,2275.5571,10934.483,7770.418,-246.52937,1225.8699,-1508.0685,54625.58,,,,,,2284.0747,0.01997626667022705,17669.381033420563,1260000,0.0859375,0.00390625,8.210063,8.517514,0.2041595,0.00012850056,7828.382,0.3073223,0.0,8.413563,8.413563,0.1,1.0,0.0024805125,0.30926982,7794.4966,1.0,260000.0,99.75762858537483,17210.579109283877,200.0,3.867194890975952,133.79330621535337
0.00014734644,0.0,,,,,,,2153.6753,10847.504,7761.808,-268.79898,2675.484,-1707.0795,59321.285,,,,,,2153.9775,0.020094841480255126,17769.85524725914,1265000,0.09375,0.00390625,0.063236415,0.3021832,0.4895153,0.00014734644,7815.759,0.23879947,0.0,8.857518,8.857518,0.1,1.0,0.0029712268,0.34204805,7091.966,1.0,265000.0,99.68038328513569,17627.925692398854,200.0,3.912594795227051,136.98671701684924
0.00012521434,0.0,,,,,,,1921.5051,10838.342,7889.2,4027.7656,2160.276,-2721.9644,55375.6,,,,,,1921.8802,0.020103615522384644,17870.373331069946,1270000,0.12890625,0.0060096155,0.15774152,0.37507066,0.10996568,0.00012521434,7954.472,0.21720396,0.0,7.497049,7.497049,0.1,1.0,0.0021183055,0.33641016,7884.4023,0.0,270000.0,-1.282472204180217,-226.3409182491798,200.0,3.8212502002716064,0.3712272680744213
5.3661628e-05,0.0,,,,,,,2372.4258,10894.442,7901.0996,3683.4417,8561.35,-3887.6094,90595.77,,,,,,2372.7068,0.01999528646469116,17970.349770069122,1275000,0.08203125,0.003455529,0.06912616,0.28106806,0.0689739,5.3661628e-05,7954.949,0.21188821,0.0,7.403532,7.403532,0.1,1.0,0.0028535677,0.29123172,7852.9795,1.0,275000.0,101.70964404019827,17387.28177345336,200.0,4.384917736053467,135.14538197023373
6.659245e-05,0.0,,,,,,,1882.3124,10817.2705,7951.0576,3476.516,1670.5577,-3024.1367,68144.914,,,,,,1882.9551,0.02002475209236145,18070.47353696823,1280000,0.09375,0.0036057695,0.054858867,0.64275515,0.13984585,6.659245e-05,8019.5327,0.5878297,0.0,8.594311,8.594311,0.1,1.0,0.0028856662,0.3116323,7942.5586,1.0,280000.0,101.72835308051754,17730.613329391916,200.0,4.420978307723999,137.77245199688952
4.6118326e-05,0.0,,,,,,,1563.0181,10914.715,7899.3633,-72.36301,2479.1384,-2537.6992,62100.062,,,,,,1563.6268,0.02018732042312622,18171.410145998,1285000,0.05078125,0.001953125,0.2734959,0.6088214,0.11199629,4.6118326e-05,7953.465,0.33527938,0.0,8.057527,8.057527,0.1,1.0,0.0036324118,0.31458902,7823.376,0.0,285000.0,-0.44516827236332995,-41.058870571351335,200.0,3.8309805393218994,1.7889498907480639
5.6754925e-05,0.0,,,,,,,1369.0491,10874.344,8072.408,-149.94943,662.68463,-1485.5542,35483.008,,,,,,1369.5826,0.020216986131668092,18272.495083093643,1290000,0.08203125,0.003455529,0.30345672,0.53358346,0.07367051,5.6754925e-05,8126.2397,0.23007001,0.0,7.9599524,7.9599524,0.1,1.0,0.002949572,0.32153067,8005.157,1.0,290000.0,101.58321840427435,18012.398521078245,200.0,4.365724563598633,139.92858771535256
3.9712493e-05,0.0,,,,,,,2639.3394,10849.688,7746.366,2722.101,3117.4768,-4402.049,85822.13,,,,,,2641.121,0.020071890544891356,18372.854541540146,1295000,0.0625,0.0028545675,1.2380933,1.7817408,0.051000237,3.9712493e-05,7803.8047,0.5436079,0.0,10.886905,10.886905,0.1,1.0,0.002145915,0.31930718,7837.6084,1.0,295000.0,101.75016849676676,14097.9873495576,200.0,3.9436705112457275,109.97668820935777
0.000115201685,0.0,,,,,,,1529.9376,10748.262,7805.6504,-239.51248,1305.1028,-1018.09595,53675.21,,,,,,1692.295,0.02008103485107422,18473.259722471237,1300000,0.09375,0.0040564905,162.038,162.35744,0.26373172,0.000115201685,7861.4277,0.31931478,0.0,11.30293,11.30293,0.1,1.0,0.0033476113,0.33754104,7788.6406,0.0,300000.0,-1.0682580539494868,-147.406798083246,200.0,4.418816328048706,0.975207466170404
7.2136594e-05,0.0,,,,,,,4081.3086,10817.737,7823.1465,-194.74821,8647.36,-4858.523,92588.13,,,,,,4187.1133,0.024711059379577637,18596.815026044846,1305000,0.05859375,0.0024038462,105.21853,105.80455,0.14435828,7.2136594e-05,7871.5723,0.58595276,0.0,12.701195,12.701195,0.1,1.0,0.0026727074,0.35959128,7997.4346,1.0,305000.0,99.74545897673038,17548.611064589026,200.0,3.8729450702667236,136.3798252884587
7.273124e-05,0.0,,,,,,,3998.2527,10914.046,7828.2837,-253.60411,9842.638,-11970.348,193617.66,,,,,,3998.6387,0.020289744281768798,18698.263755083084,1310000,0.09765625,0.004206731,0.09165274,0.38590637,0.09461117,7.273124e-05,7880.8076,0.2941809,0.0,9.507765,9.507765,0.1,1.0,0.002271158,0.30273262,8263.627,1.0,310000.0,99.72929336305158,17669.949249022015,200.0,4.384636402130127,137.30826866017657
7.372642e-05,0.0,,,,,,,3122.3823,10876.289,7969.532,-44.471626,5602.744,-7398.5454,142239.08,,,,,,3122.659,0.01994675073623657,18797.997514247894,1315000,0.08984375,0.004206731,0.056110967,0.27664375,0.12879443,7.372642e-05,8015.6035,0.22045906,0.0,7.696677,7.696677,0.1,1.0,0.002534812,0.37956905,8534.241,0.0,315000.0,-1.0971688571287286,-81.61010610396785,200.0,3.8161723613739014,1.4786640065380463
6.969381e-05,0.0,,,,,,,1307.3855,10792.419,7955.592,-157.02917,1473.8679,-884.58545,35103.008,,,,,,1307.945,0.02025168628692627,18899.255952358246,1320000,0.12109375,0.0052584135,0.048376467,0.5594391,0.049114347,6.969381e-05,8008.5137,0.510993,0.0,9.400553,9.400553,0.1,1.0,0.0038468663,0.3403564,7841.8076,1.0,320000.0,99.70478444394234,17505.91777809869,200.0,4.345690727233887,136.05314907318458
8.7987726e-05,0.0,,,,,,,1281.6599,10777.72,8027.841,4530.204,1814.0195,-1599.099,49595.54,,,,,,1282.122,0.019937662649154662,18998.944271087646,1325000,0.11328125,0.0048076925,0.12703319,0.46201968,0.104004145,8.7987726e-05,8079.4014,0.33489853,0.0,7.2345114,7.2345114,0.1,1.0,0.0017552131,0.38205516,8297.844,0.0,325000.0,1.5127308790968828,252.99726603356675,200.0,3.9705066680908203,4.038979197017924
4.7890775e-05,0.0,,,,,,,1328.0564,10741.471,8050.413,4578.814,1187.694,-1001.2366,39942.51,,,,,,1329.9496,0.020026652812957763,19099.077542304993,1330000,0.05859375,0.0022536058,1.458838,1.8932189,0.07232487,4.7890775e-05,8101.3555,0.43433294,0.0,7.034082,7.034082,0.1,1.0,0.0016452217,0.30058476,8008.4673,1.0,330000.0,99.70531241438732,16268.129700893676,200.0,3.8373160362243652,126.58196618675295
4.5976514e-05,0.0,,,,,,,1838.658,10760.318,7792.4272,2987.8506,1795.2593,-3475.3691,51498.953,,,,,,1845.7649,0.019971384477615355,19198.93447113037,1335000,0.10546875,0.0043569715,6.8415213,7.1069045,0.042340517,4.5976514e-05,7861.01,0.26533726,0.0,8.059261,8.059261,0.1,1.0,0.002186016,0.32218313,8225.406,0.0,335000.0,-0.885397009219989,-93.31139186331009,200.0,3.854724884033203,1.389129279653799
8.2958744e-05,0.0,,,,,,,1772.3093,10787.821,8000.8115,55.639828,1837.975,-1689.5245,46367.754,,,,,,1772.946,0.02007924027442932,19299.33067893982,1340000,0.1015625,0.0045072115,0.051715385,0.6367382,0.08692551,8.2958744e-05,8059.1865,0.58493984,0.0,9.558891,9.558891,0.1,1.0,0.0024192436,0.34600678,7994.0254,1.0,340000.0,101.72949031364939,16564.840156473772,200.0,4.392815113067627,128.85230554521655
4.6111752e-05,0.0,,,,,,,2214.4604,10806.277,7837.5156,-183.9539,1655.3403,-2626.91,70550.06,,,,,,2214.729,0.020031944322586058,19399.49040699005,1345000,0.0625,0.002704327,0.057609636,0.26859057,0.07712269,4.6111752e-05,7888.594,0.21093483,0.0,8.113587,8.113587,0.1,1.0,0.0026650017,0.29991528,8143.451,0.0,345000.0,24.74065746389783,4401.005578219864,200.0,3.8771631717681885,35.778293917083694
5.0995553e-05,0.0,,,,,,,1875.5312,10753.569,7703.2734,18.785578,2282.2563,-1603.2194,65954.28,,,,,,1875.7843,0.020057639503479004,19499.778610229492,1350000,0.05859375,0.0025540867,0.07687724,0.2530135,0.06494641,5.0995553e-05,7765.916,0.17608526,0.0,6.9923873,6.9923873,0.1,1.0,0.008368438,0.2899107,7989.917,1.0,350000.0,101.73145409359384,17796.069437072023,200.0,3.9138801097869873,138.2733024884148
5.266667e-05,0.0,,,,,,,1437.3619,10697.46,7968.871,78.00725,1434.545,-1527.7605,45293.6,,,,,,1437.7007,0.020231438302993773,19600.93580842018,1355000,0.07421875,0.0031550482,0.112396926,0.3387643,0.055141926,5.266667e-05,8023.9355,0.22631472,0.0,8.180546,8.180546,0.1,1.0,0.002438136,0.31856596,7770.124,1.0,355000.0,101.73044970757027,17621.809658762693,200.0,3.9479165077209473,136.93991896298655
0.00012700493,0.0,,,,,,,38986.29,10692.597,7925.693,4160.962,34255.375,-35261.617,1107970.0,,,,,,38986.926,0.020276232528686523,19702.316977500916,1360000,0.125,0.005408654,0.067556545,0.6353679,0.1424644,0.00012700493,7976.042,0.5676843,0.0,17.177475,17.177475,0.1,1.0,0.0039803875,0.38573524,7890.183,0.0,360000.0,-0.7875449538562499,3.35456934125945,200.0,3.84266996383667,2.1287882037634245
6.027932e-05,0.0,,,,,,,1696.3138,10686.767,7741.617,2577.397,3241.7722,-3519.2727,55153.004,,,,,,1696.697,0.019941601943969725,19802.024994134903,1365000,0.0703125,0.0031550482,0.08317011,0.3832282,0.08008516,6.027932e-05,7793.823,0.2999978,0.0,8.25153,8.25153,0.1,1.0,0.0038490142,0.30633298,7747.703,1.0,365000.0,99.75478599043038,13139.497888422344,200.0,3.9266905784606934,102.64261451103297
0.0001281675,0.0,,,,,,,1650.9685,10707.908,7827.901,1456.8926,1644.2664,-972.04736,53272.133,,,,,,1723.5012,0.01995901975631714,19901.820100069046,1370000,0.1015625,0.0040564905,72.28778,72.53275,0.22533584,0.0001281675,7886.4844,0.24484138,0.0,9.521845,9.521845,0.1,1.0,0.0027550533,0.33330405,7712.8164,1.0,370000.0,101.75092220296304,17931.89671168938,200.0,4.399912595748901,139.31261202981176
5.128457e-05,0.0,,,,,,,3477.5288,10853.171,7972.6987,3463.9683,2144.8093,-3522.9197,90841.83,,,,,,3478.2612,0.020100323390960694,20002.321722984314,1375000,0.08203125,0.0031550482,0.05675194,0.7325138,0.038779736,5.128457e-05,8023.782,0.67571056,0.0,10.571296,10.571296,0.1,1.0,0.0019212137,0.36544177,8273.496,1.0,375000.0,99.62997624492647,16943.258468712567,200.0,3.839855432510376,131.74784890097533
2.8261378e-05,0.0,,,,,,,5620.321,10807.22,7827.5625,46.4629,8172.7036,-13320.61,178130.56,,,,,,5621.1763,0.02005905179977417,20102.616988658905,1380000,0.046875,0.0018028847,0.089928895,0.8555217,0.056842566,2.8261378e-05,7877.1104,0.7655645,0.0,10.754905,10.754905,0.1,1.0,0.0041754153,0.35709444,7548.4756,1.0,380000.0,101.78597366661387,17828.982199765855,200.0,3.8902950286865234,138.52514107089243
6.617898e-05,0.0,,,,,,,2049.5806,10838.17,7871.2793,127.13592,3127.009,-7063.1655,84870.875,,,,,,2050.1118,0.020132332229614257,20203.278656482697,1385000,0.078125,0.003455529,0.04666689,0.53134763,0.12957,6.617898e-05,7931.1523,0.4846146,0.0,10.134577,10.134577,0.1,1.0,0.002638417,0.31810853,7919.045,0.0,385000.0,-0.9469127686085235,-167.99970070544063,200.0,4.041978120803833,0.8176367555705
0.00011222976,0.0,,,,,,,9703.907,10860.198,8056.683,976.1591,13254.274,-20329.73,318514.5,,,,,,9704.28,0.02015114550590515,20304.03439116478,1390000,0.109375,0.0045072115,0.0313336,0.37275487,0.124282,0.00011222976,8117.663,0.34130904,0.0,8.002881,8.002881,0.1,1.0,0.0036286644,0.2544877,8587.816,1.0,390000.0,101.77732084222333,17625.2624005201,200.0,4.3817079067230225,136.96633830669023
8.12702e-05,0.0,,,,,,,4582.3613,10873.178,8040.0137,3380.4868,8158.356,-16198.644,233912.36,,,,,,5719.642,0.020067406511306764,20404.37142944336,1395000,0.08984375,0.0037560097,1136.0719,1137.2808,0.073482275,8.12702e-05,8088.6406,1.2087402,0.0,11.144373,11.144373,0.1,1.0,0.0020249707,0.29517126,8559.409,1.0,395000.0,101.60207061005086,17815.748667925345,200.0,3.9731366634368896,138.42388205684705
6.71151e-05,0.0,,,,,,,1348.4845,10827.039,7931.7896,2714.4004,2912.337,-2537.86,41294.547,,,,,,1370.2058,0.020244702434539796,20505.594948768616,1400000,0.0859375,0.0037560097,21.338938,21.721283,0.081330776,6.71151e-05,7981.8057,0.38227788,0.0,8.86638,8.86638,0.1,1.0,0.002684184,0.36749783,8475.862,1.0,400000.0,101.79153451701433,17712.280038215515,200.0,3.943296194076538,137.63217115492668
0.00010016713,0.0,,,,,,,1871.2705,10895.879,7857.0605,-216.3739,4568.7954,-4043.5156,89660.56,,,,,,1915.8656,0.02462515287399292,20628.720720291138,1405000,0.109375,0.0043569715,44.124096,44.595043,0.08601391,0.00010016713,7902.119,0.47084826,0.0,9.605738,9.605738,0.1,1.0,0.0032329748,0.36094964,7892.345,1.0,405000.0,99.68035434325557,17642.03686475072,200.0,3.906531572341919,137.0946914726933
9.513849e-05,0.0,,,,,,,2542.621,10778.962,7890.321,160.75926,4244.739,-5818.4277,93506.57,,,,,,2542.9536,0.020269693994522095,20730.06919670105,1410000,0.1015625,0.0043569715,0.050889034,0.33251017,0.054133892,9.513849e-05,7943.956,0.281526,0.0,9.321482,9.321482,0.1,1.0,0.002787347,0.33076182,7689.505,1.0,410000.0,101.69680764572243,17793.784810034467,200.0,3.910254716873169,138.25582120797716
3.8281443e-05,0.0,,,,,,,1546.1854,10707.865,7970.4316,678.4108,2292.3936,-2674.027,44665.617,,,,,,1546.6456,0.02014188747406006,20830.77864050865,1415000,0.05859375,0.0024038462,0.08765444,0.46025538,0.10859811,3.8281443e-05,8028.8223,0.37256265,0.0,10.384575,10.384575,0.1,1.0,0.0027870713,0.34193525,8011.672,1.0,415000.0,101.6513837046754,17925.997808396147,200.0,4.394457101821899,139.2674753921688
1.740891e-05,0.0,,,,,,,2569.6006,10898.125,8007.1104,107.71985,4098.529,-5482.315,115433.0,,,,,,2670.0933,0.020185104036331177,20931.70416712761,1420000,0.04296875,0.0016526442,100.13,100.492676,0.040359974,1.740891e-05,8052.774,0.36266324,0.0,8.997899,8.997899,0.1,1.0,0.0030100765,0.31498933,8066.8525,0.0,420000.0,26.72811110703561,5707.3324635173085,200.0,3.916090726852417,45.773915193427136
0.00014553902,0.0,,,,,,,3010.263,10762.937,7916.125,-144.35709,13964.775,-6777.5103,142611.62,,,,,,3011.0828,0.020270478010177614,21033.05656504631,1425000,0.07421875,0.0031550482,0.12571596,0.81974787,0.22385752,0.00014553902,7978.1807,0.69388634,0.0,10.361528,10.361528,0.1,1.0,0.0023691892,0.32508206,7696.6787,1.0,425000.0,101.84452778806042,17700.570963775383,200.0,3.9285545349121094,137.5425768313945
7.901707e-05,0.0,,,,,,,1472.6304,10878.106,8116.4243,-166.50569,1493.3491,-1371.403,42287.117,,,,,,1473.063,0.02012955985069275,21133.704371213913,1430000,0.08203125,0.003455529,0.14251189,0.43255886,0.102329135,7.901707e-05,8159.253,0.28996798,0.0,6.9657955,6.9657955,0.1,1.0,0.0022654869,0.29888502,8008.6436,1.0,430000.0,101.77317454257454,17803.949127493917,200.0,3.9491169452667236,138.33359551469982
7.895753e-05,0.0,,,,,,,1821.9033,10878.002,7983.5913,3979.0317,2466.2769,-3398.3828,59354.3,,,,,,1822.1777,0.02028556203842163,21235.13218832016,1435000,0.07421875,0.0030048077,0.035922464,0.27445316,0.068611026,7.895753e-05,8045.503,0.23845175,0.0,8.975004,8.975004,0.1,1.0,0.002643671,0.3407498,8367.775,1.0,435000.0,99.74409273300888,17806.471574070874,200.0,4.413590431213379,138.35289651887945
9.082122e-05,0.0,,,,,,,1192.25,10846.757,8060.398,25.573782,1857.7772,-985.9959,31741.264,,,,,,1192.6398,0.02005008478164673,21335.38261938095,1440000,0.08984375,0.00390625,0.13009626,0.38971856,0.13299465,9.082122e-05,8113.9575,0.2595315,0.0,7.7653728,7.7653728,0.1,1.0,0.001999122,0.28961563,8242.566,1.0,440000.0,99.63512913385718,17895.318701080363,200.0,3.9022819995880127,139.03272807028767
5.082795e-05,0.0,,,,,,,2155.4746,10829.695,7975.5176,42.409355,1527.2599,-1217.1821,49557.844,,,,,,2156.9534,0.020392497110366822,21437.345111370087,1445000,0.06640625,0.0028545675,1.2109421,1.4788073,0.07801068,5.082795e-05,8033.7803,0.2678144,0.0,10.481823,10.481823,0.1,1.0,0.0068601514,0.34301782,7563.665,1.0,445000.0,99.67420505770178,17580.213800239926,200.0,3.947736978530884,136.62163993716425
6.657359e-05,0.0,,,,,,,1352.7397,10803.817,8056.41,3749.9976,666.00037,-844.8219,35446.527,,,,,,1353.1162,0.02029279613494873,21538.809098005295,1450000,0.08984375,0.00390625,0.1377629,0.37649244,0.07181823,6.657359e-05,8105.436,0.23866294,0.0,8.744386,8.744386,0.1,1.0,0.0020467911,0.24258636,8081.8535,1.0,450000.0,101.60759605273762,14133.856645464768,200.0,3.9058289527893066,110.25114929668011
8.135834e-05,0.0,,,,,,,2696.6553,10769.857,8050.1895,14.844591,9511.911,-13687.979,156163.12,,,,,,2696.9097,0.020217121744155884,21639.894713401794,1455000,0.0703125,0.0031550482,0.06973892,0.25433937,0.17390764,8.135834e-05,8098.892,0.18451908,0.0,6.2320833,6.2320833,0.1,1.0,0.0024208906,0.32035866,8375.744,1.0,455000.0,101.81847046490049,18037.821232113252,200.0,3.948320150375366,140.12311467042323
8.232546e-05,0.0,,,,,,,1577.11,10786.03,8267.609,3626.939,1478.2316,-1675.7777,38846.312,,,,,,1577.403,0.020207151746749877,21740.930478572845,1460000,0.0859375,0.00390625,0.08282883,0.29302946,0.081098795,8.232546e-05,8315.26,0.21011831,0.0,7.236319,7.236319,0.1,1.0,0.0023594417,0.31048295,8455.855,1.0,460000.0,101.64874875462748,17927.05241204975,200.0,3.9567432403564453,139.27554490282245
0.000104953106,0.0,,,,,,,2065.7607,10789.62,8057.666,363.37103,4447.57,-7245.687,91172.22,,,,,,47321.84,0.020201754140853883,21841.939256429672,1465000,0.05859375,0.0028545675,45255.36,45256.08,0.13613701,0.000104953106,8104.0205,0.72068197,0.0,17.688648,17.688648,0.1,1.0,0.003540929,0.3090432,8014.26,1.0,465000.0,101.83303136638506,17835.030795023617,200.0,3.950242280960083,138.57142310652299
0.000119538156,0.0,,,,,,,1370.5885,10744.547,8287.826,3498.5833,2249.3062,-2455.9995,54332.05,,,,,,1372.7677,0.020233777379989625,21943.108149528503,1470000,0.14453125,0.006159856,1.796577,2.1791708,0.15229046,0.000119538156,8338.133,0.38247454,0.0,7.752717,7.752717,0.1,1.0,0.0021516746,0.36616656,8388.094,1.0,470000.0,101.83017188160359,17938.27577261851,200.0,3.96743106842041,139.36142268958147
7.921451e-05,0.0,,,,,,,2214.154,10713.29,8137.395,-145.88846,10313.333,-5618.2373,118710.64,,,,,,2214.5234,0.02013874583244324,22043.801886558533,1475000,0.0859375,0.0036057695,0.031943638,0.36926347,0.20815563,7.921451e-05,8186.703,0.3372406,0.0,10.16227,10.16227,0.1,1.0,0.002484289,0.30484375,8332.741,1.0,475000.0,99.62289817076206,17842.97570525647,200.0,3.897989511489868,138.63221517522794
5.1247476e-05,0.0,,,,,,,2595.8088,10696.689,8178.0527,-138.09084,3141.4,-3415.866,64840.293,,,,,,148357.86,0.020110880422592164,22144.35629606247,1480000,0.0625,0.0025540867,145759.38,145762.05,0.09087181,5.1247476e-05,8234.4375,2.6773248,0.0,16.093458,16.093458,0.1,1.0,0.004550671,0.49559918,7864.4004,1.0,480000.0,99.76604102051712,17172.387748765337,200.0,3.8311927318573,133.50107738651417
5.1048155e-05,0.0,,,,,,,1600.2275,10700.824,8242.781,64.62589,1918.8838,-2326.1226,44249.242,,,,,,1606.4896,0.020210108470916748,22245.406844377518,1485000,0.07421875,0.0030048077,0.20729509,6.262026,0.04819417,5.1048155e-05,8283.248,6.05468,0.0,10.348261,10.348261,0.1,1.0,0.0035096137,0.30342185,8312.773,0.0,485000.0,-0.7612039561397289,-106.21193754324061,200.0,3.7827563285827637,1.290418175774625
9.4537965e-05,0.0,,,,,,,3129.4946,10652.384,7938.728,-312.65634,2538.188,-2897.745,83015.08,,,,,,3130.7485,0.019988187885284423,22345.34779071808,1490000,0.09375,0.004206731,0.2477122,1.2539967,0.09568572,9.4537965e-05,8004.5693,1.00619,0.0,11.923648,11.923648,0.1,1.0,0.0025283513,0.43877783,7735.6914,1.0,490000.0,101.78677510160016,17934.65616438283,200.0,3.9585254192352295,139.3337265336654
4.914192e-05,0.0,,,,,,,1734.5585,10643.54,8203.609,4250.758,2714.3965,-3607.3801,41503.344,,,,,,1734.7783,0.019993773603439333,22445.316665649414,1495000,0.06640625,0.002704327,0.051525358,0.21983919,0.07924986,4.914192e-05,8251.117,0.16826469,0.0,7.1569185,7.1569185,0.1,1.0,0.0016985832,0.32169545,8593.661,1.0,495000.0,99.74889856299339,17732.167549151072,200.0,3.8622875213623047,137.78434442003996
8.2341794e-05,0.0,,,,,,,1617.922,10656.15,8220.807,3709.6428,4671.2563,-1877.5442,49784.508,,,,,,1643.4049,0.01999257469177246,22545.279546260834,1500000,0.05078125,0.0025540867,25.29488,25.482944,0.15363312,8.2341794e-05,8263.219,0.1879822,0.0,7.7631598,7.7631598,0.1,1.0,0.0022294847,0.29224706,8339.861,0.0,500000.0,-0.6116586568826393,-59.16784339466313,200.0,3.8074357509613037,1.650385465501465
5.9584767e-05,0.0,,,,,,,1582.9474,10675.141,7977.4814,-156.99998,2451.8845,-2094.8591,74325.305,,,,,,1583.3503,0.024228346061706544,22666.421281814575,1505000,0.06640625,0.0030048077,0.10793441,0.40299237,0.061772346,5.9584767e-05,8027.37,0.29499838,0.0,8.13476,8.13476,0.1,1.0,0.002369483,0.27787313,8043.494,0.0,505000.0,26.807917411583784,4654.804716211786,200.0,3.9253478050231934,37.720288751747184
0.00014232367,0.0,,,,,,,1598.4038,10651.793,8119.8047,-184.86174,3281.3228,-4720.7476,53824.883,,,,,,1599.5425,0.020109731197357178,22766.969943761826,1510000,0.11328125,0.0045072115,0.8289845,1.1386839,0.2459265,0.00014232367,8167.5776,0.30955708,0.0,8.200748,8.200748,0.1,1.0,0.002154041,0.31256714,8138.64,1.0,510000.0,99.72032922789282,17921.82751234,200.0,3.959894895553589,139.23556553832086
0.00011141201,0.0,,,,,,,1847.9548,10609.298,8029.0703,3681.3665,2917.732,-1785.8882,59036.195,,,,,,1849.5565,0.019927295875549315,22866.60643005371,1515000,0.1171875,0.0052584135,0.7127268,1.601706,0.11994994,0.00011141201,8079.425,0.8888678,0.0,9.677923,9.677923,0.1,1.0,0.0021039974,0.28700113,8086.2046,0.0,515000.0,24.552218382443723,3646.6599107488537,200.0,3.8419201374053955,30.00626726100375
4.3623222e-05,0.0,,,,,,,1665.1107,10632.458,8099.233,4199.3813,2638.3032,-2390.1792,55971.34,,,,,,1665.62,0.02003187255859375,22966.765798330307,1520000,0.08984375,0.003455529,0.2359238,0.50921714,0.054970145,4.3623222e-05,8150.4683,0.27324972,0.0,7.738428,7.738428,0.1,1.0,0.002232649,0.37174776,8235.338,1.0,520000.0,99.70348451450965,17821.83114086348,200.0,4.33406662940979,138.47042331432058
6.831964e-05,0.0,,,,,,,2207.61,10610.48,8147.228,4734.1025,5536.7144,-6752.2793,92546.14,,,,,,2208.0056,0.01998349299430847,23066.683269500732,1525000,0.11328125,0.0048076925,0.09574459,0.39548406,0.072776675,6.831964e-05,8194.3545,0.29967117,0.0,7.793324,7.793324,0.1,1.0,0.0019490187,0.3303741,8195.406,1.0,525000.0,99.73264493745565,17864.116234443514,200.0,3.9008984565734863,138.7939761599504
6.446162e-05,0.0,,,,,,,6633.3057,10614.651,8136.111,80.5815,24544.166,-27942.912,442234.0,,,,,,6634.205,0.020086232757568358,23167.1144387722,1530000,0.0703125,0.003455529,0.573866,0.89937407,0.15442026,6.446162e-05,8193.399,0.3254436,0.0,9.671328,9.671328,0.1,1.0,0.002547673,0.37257206,8235.18,1.0,530000.0,101.69165151425625,16403.800766605473,200.0,3.90498423576355,127.62008046448538
3.5449397e-05,0.0,,,,,,,1284.31,10621.943,8136.2383,25.424997,960.7741,-1005.14777,38954.906,,,,,,5232.12,0.020223523473739624,23268.232062101364,1535000,0.078125,0.0031550482,3947.29,3947.8103,0.034984827,3.5449397e-05,8177.2417,0.520178,0.0,6.5927525,6.5927525,0.1,1.0,0.002572746,0.2878622,8875.29,0.0,535000.0,-0.49806681642689443,58.79895447966881,200.0,4.3063249588012695,2.5530319990804564
0.00013428948,0.0,,,,,,,1552.0295,10611.481,8084.3955,408.3516,3210.963,-1743.7101,62219.895,,,,,,1552.4615,0.02019498658180237,23369.207000732422,1540000,0.09765625,0.004206731,0.10381708,0.431973,0.17525327,0.00013428948,8131.6416,0.32802165,0.0,10.29261,10.29261,0.1,1.0,0.0029021467,0.31340638,7697.4365,1.0,540000.0,99.68901469173855,17707.71555309622,200.0,3.887274742126465,137.59724508467008
2.5144851e-05,0.0,,,,,,,5632.367,10621.471,7941.978,58.40962,25931.293,-54418.29,427159.44,,,,,,5633.1035,0.020313043594360352,23470.772225379944,1545000,0.05078125,0.001953125,0.34713998,0.73649496,0.094273806,2.5144851e-05,7980.2373,0.38932982,0.0,8.37523,8.37523,0.1,1.0,0.0021711153,0.3209839,7752.951,1.0,545000.0,101.7746396583887,17475.221220537645,200.0,3.991990089416504,135.81826822726381
0.000108665525,0.0,,,,,,,1796.4578,10606.763,8246.573,1422.6354,6351.7964,-5329.9204,85016.57,,,,,,1798.3612,0.02013905544281006,23571.467508792877,1550000,0.109375,0.004957933,1.6150751,1.9034436,0.10460901,0.000108665525,8295.86,0.2882597,0.0,8.126362,8.126362,0.1,1.0,0.0019073496,0.3576896,7895.6543,1.0,550000.0,101.70465456372372,17803.91115116906,200.0,4.4206178188323975,138.33330493125936
3.787526e-05,0.0,,,,,,,7783.2383,10583.099,7767.1562,94.2245,14618.836,-17212.35,319867.44,,,,,,7783.545,0.020214451932907104,23672.53977370262,1555000,0.05859375,0.0025540867,0.047356315,0.30645877,0.043436527,3.787526e-05,7815.505,0.25906458,0.0,6.888357,6.888357,0.1,1.0,0.002957414,0.34581095,7897.9688,1.0,555000.0,99.59846068982219,17727.621446016285,200.0,4.349099636077881,137.74955900321208
6.693674e-05,0.0,,,,,,,1810.0703,10638.382,8051.0493,3862.609,2036.7047,-2174.9924,50895.367,,,,,,1810.4502,0.02016221833229065,23773.350871562958,1560000,0.09375,0.004206731,0.06370232,0.37982202,0.06518805,6.693674e-05,8103.2183,0.31605276,0.0,9.064428,9.064428,0.1,1.0,0.002474924,0.30461875,7834.67,1.0,560000.0,99.70850159246505,17793.086751017767,200.0,4.386810302734375,138.25047986988025
6.494639e-05,0.0,,,,,,,1839.8665,10582.223,8208.305,308.36246,14538.279,-4590.4224,89228.41,,,,,,1840.2885,0.020069315671920777,23873.697458028793,1565000,0.08984375,0.00390625,0.0498736,0.42201144,0.07152569,6.494639e-05,8249.902,0.3720729,0.0,7.664108,7.664108,0.1,1.0,0.0028308723,0.28970337,8383.579,0.0,565000.0,-1.2061317845605362,-253.4030302761189,200.0,4.256039142608643,0.16415610862441093
2.2972308e-05,0.0,,,,,,,1451.4438,10581.304,8028.923,1022.58624,1159.6104,-1892.8391,41764.562,,,,,,1452.0443,0.020151484632492066,23974.454889297485,1570000,0.0546875,0.0022536058,0.116849445,0.60048646,0.07467854,2.2972308e-05,8077.521,0.4836141,0.0,8.06266,8.06266,0.1,1.0,0.004055815,0.25272784,8536.831,1.0,570000.0,99.57799250615005,17904.807112654755,200.0,3.9159762859344482,139.10533054802823
5.6428104e-05,0.0,,,,,,,1378.8083,10640.032,8235.825,150.86496,2536.0547,-2290.1687,48390.758,,,,,,1395.5834,0.020136286306381226,24075.13632798195,1575000,0.0625,0.0024038462,16.360413,16.775045,0.16006184,5.6428104e-05,8283.391,0.41457477,0.0,9.908924,9.908924,0.1,1.0,0.0025907708,0.3595351,8603.809,1.0,575000.0,99.71349511634978,17658.093579893364,200.0,3.8487982749938965,137.21755263808336
0.00015131757,0.0,,,,,,,2258.55,10638.739,8172.8286,767.562,4310.7085,-5983.708,81588.1,,,,,,2258.9688,0.020226342725753785,24176.268049240112,1580000,0.12890625,0.005859375,0.27031446,0.41876498,0.16982543,0.00015131757,8211.76,0.1482992,0.0,6.233645,6.233645,0.1,1.0,0.0018439761,0.32811794,8231.619,1.0,580000.0,101.7904767495668,17914.559124284948,200.0,3.964757204055786,139.1799500142851
7.984891e-05,0.0,,,,,,,28732.902,10632.039,8064.793,3302.4888,29205.988,-43625.895,389980.97,,,,,,28733.193,0.020147213315963745,24277.004123449326,1585000,0.12109375,0.004957933,0.038819227,0.29088032,0.086012006,7.984891e-05,8108.6777,0.25198126,0.0,8.5117855,8.5117855,0.1,1.0,0.003977461,0.29890326,7576.8804,1.0,585000.0,101.71253675480831,18030.74456547868,200.0,3.9757080078125,140.06896614115826
6.766806e-05,0.0,,,,,,,2399.6965,10638.127,8246.436,-167.93877,6951.0776,-6287.947,84149.19,,,,,,2400.5996,0.020211311292648314,24378.060687303543,1590000,0.07421875,0.0028545675,0.1072698,0.9030251,0.11053574,6.766806e-05,8297.07,0.7956876,0.0,9.035839,9.035839,0.1,1.0,0.0026798886,0.35166243,7720.833,1.0,590000.0,101.67011590338576,17474.548848117378,200.0,3.9700422286987305,135.81312343529385
0.00010144281,0.0,,,,,,,1384.9465,10661.7705,8106.175,-280.83078,2767.1882,-4528.489,48270.113,,,,,,1385.7089,0.02003113307952881,24478.216359376907,1595000,0.140625,0.006460337,0.03902636,0.76228374,0.09295404,0.00010144281,8156.5283,0.7231559,0.0,10.118404,10.118404,0.1,1.0,0.003291545,0.3536751,8530.188,1.0,595000.0,99.74975841885833,17944.541091272895,200.0,3.852306604385376,139.40936302760076
6.4116066e-05,0.0,,,,,,,2141.557,10612.14,8180.208,140.20123,2173.7312,-2984.8826,53777.906,,,,,,2142.0076,0.020315168237686157,24579.792207717896,1600000,0.1015625,0.004957933,0.030326163,0.45067462,0.054949284,6.4116066e-05,8224.717,0.42028436,0.0,7.7962074,7.7962074,0.1,1.0,0.0030619754,0.28665128,8336.848,1.0,600000.0,99.68511023571504,17979.1777076708,200.0,3.919919967651367,139.6743920212654
8.909247e-05,0.0,,,,,,,2020.4353,10610.906,8082.169,-221.09103,5517.46,-4560.47,94771.58,,,,,,2021.1841,0.024527284145355224,24702.428634643555,1605000,0.09375,0.0048076925,0.41748458,0.7488269,0.068155766,8.909247e-05,8133.1733,0.33125326,0.0,8.963065,8.963065,0.1,1.0,0.0031365321,0.31147513,8188.194,1.0,605000.0,101.60476791944484,17820.738784131718,200.0,3.953010320663452,138.46206492844314
7.790374e-05,0.0,,,,,,,1269.0748,10603.023,7983.1104,171.00627,625.05316,-623.1548,26431.0,,,,,,1269.965,0.020228406190872194,24803.570672512054,1610000,0.0859375,0.0037560097,0.6047178,0.8901172,0.08814919,7.790374e-05,8028.7236,0.28532153,0.0,8.111774,8.111774,0.1,1.0,0.0025149453,0.34517503,8233.273,1.0,610000.0,99.70259270934461,17506.39867786644,200.0,3.8214519023895264,136.05682877388153
8.561907e-05,0.0,,,,,,,3194.0215,10598.853,7991.753,81.93131,20287.168,-10073.9375,176621.42,,,,,,194692.34,0.02004686884880066,24903.80502319336,1615000,0.10546875,0.004657452,191497.45,191498.33,0.06702018,8.561907e-05,8042.418,0.87029374,0.0,12.660186,12.660186,0.1,1.0,0.0031265975,0.3186991,8208.924,1.0,615000.0,101.61230030837874,18024.83849395606,200.0,3.926950216293335,140.02377465437533
6.1052386e-05,0.0,,,,,,,1514.7478,10600.297,8222.6875,2221.2927,4011.1948,-3137.9194,64124.504,,,,,,1515.8748,0.020248624801635744,25005.048154115677,1620000,0.046875,0.0022536058,0.5482234,1.1269805,0.14788413,6.1052386e-05,8264.041,0.5786961,0.0,11.061446,11.061446,0.1,1.0,0.003549519,0.32834515,7863.1743,0.0,620000.0,26.795345133096426,5480.185337162086,200.0,3.95573353767395,44.03585355310535
4.2052674e-05,0.0,,,,,,,2386.8408,10592.81,8071.067,2846.1868,2655.5574,-3129.787,57585.72,,,,,,2387.1323,0.01993237600326538,25104.71004128456,1625000,0.05859375,0.0022536058,0.067322455,0.29142871,0.040406466,4.2052674e-05,8118.5913,0.22406422,0.0,10.143656,10.143656,0.1,1.0,0.0033406448,0.28680703,8028.074,1.0,625000.0,99.73368184732172,17831.093571735113,200.0,3.864579677581787,138.5412966555441
0.00012224252,0.0,,,,,,,1435.8318,10626.771,8158.9336,-253.38945,2195.0718,-2996.6064,45196.453,,,,,,1436.4648,0.020034971618652343,25204.88490629196,1630000,0.08984375,0.0040564905,0.35415125,0.6330426,0.2601943,0.00012224252,8200.704,0.27876908,0.0,7.5051146,7.5051146,0.1,1.0,0.0026051742,0.25961095,8373.354,0.0,630000.0,-0.8359005879520733,-117.7255935944098,200.0,3.87225079536438,1.2023191351065896
6.867183e-05,0.0,,,,,,,1466.2241,10601.848,8003.898,90.49951,11396.98,-7535.0845,71508.21,,,,,,3618.675,0.020292893695831298,25306.34938144684,1635000,0.09375,0.0037560097,2151.702,2152.451,0.121542335,6.867183e-05,8045.727,0.7491269,0.0,9.190589,9.190589,0.1,1.0,0.002735394,0.34511524,7985.9473,1.0,635000.0,101.74433077078791,17824.604869265928,200.0,4.386910676956177,138.49164705161508
3.5413435e-05,0.0,,,,,,,9355.754,10613.656,8265.236,129.36078,33497.42,-74486.234,629026.94,,,,,,9356.355,0.019979836654663085,25406.248571395874,1640000,0.0703125,0.0033052885,0.3915739,0.6020044,0.038735628,3.5413435e-05,8310.669,0.21039513,0.0,7.5773563,7.5773563,0.1,1.0,0.001995166,0.32174087,8253.3545,1.0,640000.0,99.67679963151198,17917.12450637885,200.0,3.9818713665008545,139.19957954815473
4.5703888e-05,0.0,,,,,,,3054.2832,10605.213,8316.812,3881.133,4225.422,-6390.6924,113382.2,,,,,,3182.0059,0.02001328239440918,25506.31498980522,1645000,0.04296875,0.0021033655,127.42597,127.722725,0.06780374,4.5703888e-05,8358.25,0.29670843,0.0,10.973022,10.973022,0.1,1.0,0.0028238515,0.29581708,8622.745,1.0,645000.0,99.67895528687735,17189.85868005961,200.0,3.8098323345184326,133.6347597094672
0.00011721655,0.0,,,,,,,1384.4181,10579.452,8203.824,50.27301,1349.0613,-1250.6627,34376.5,,,,,,1384.6389,0.020116720867156983,25606.898600816727,1650000,0.09765625,0.004206731,0.08525385,0.22088079,0.095841646,0.00011721655,8248.002,0.13550973,0.0,6.6795373,6.6795373,0.1,1.0,0.0034223287,0.33346558,7967.997,1.0,650000.0,99.74726603676731,17667.22762448892,200.0,3.8925211429595947,137.28744360605316
7.9331905e-05,0.0,,,,,,,2810.814,10600.602,8203.351,73.66759,4800.145,-8624.159,137829.8,,,,,,2811.2544,0.02002262740135193,25707.011744499207,1655000,0.08203125,0.0036057695,0.08335037,0.44049433,0.06961262,7.9331905e-05,8247.393,0.35706463,0.0,9.907108,9.907108,0.1,1.0,0.0028161341,0.38191023,8204.751,1.0,655000.0,101.73556463950322,17805.086337438413,200.0,3.9149398803710938,138.3422971038999
0.000100392186,0.0,,,,,,,1867.9417,10571.752,8371.182,-150.27682,1962.2678,-2324.5078,56313.625,,,,,,1869.4165,0.02007082357406616,25807.365869760513,1660000,0.09765625,0.004657452,0.048692722,1.4748107,0.18278193,0.000100392186,8416.034,1.4260176,0.0,8.922918,8.922918,0.1,1.0,0.002997945,0.53228825,8097.018,0.0,660000.0,-0.9480762286029243,-172.91785497316363,200.0,3.843388795852661,0.7800045151319992
7.378853e-05,0.0,,,,,,,1765.3684,10582.877,8387.164,4183.5693,4514.2173,-3506.8357,52457.156,,,,,,1766.9497,0.019923755264282226,25906.984652757645,1665000,0.0546875,0.0024038462,1.3676395,1.5813191,0.14463794,7.378853e-05,8430.085,0.21360575,0.0,6.8921595,6.8921595,0.1,1.0,0.0018061629,0.33216363,8595.6875,0.0,665000.0,-1.2439788100635798,-197.36034991792147,200.0,3.822180986404419,0.5929778794051316
5.636744e-05,0.0,,,,,,,1616.9119,10575.518,8207.971,160.0863,9577.219,-10543.933,89921.86,,,,,,1617.6499,0.020172997856140136,26007.84964823723,1670000,0.06640625,0.0028545675,0.051490776,0.73806643,0.0829916,5.636744e-05,8248.391,0.68651927,0.0,8.763369,8.763369,0.1,1.0,0.0034529972,0.31161523,7898.5034,1.0,670000.0,99.73473237307104,17773.151555831333,200.0,4.331016302108765,138.09794173919008
4.9953727e-05,0.0,,,,,,,1242.1082,10564.606,8254.714,4664.7993,4813.697,-3461.6292,53733.117,,,,,,1242.4531,0.02022320466041565,26108.965678215027,1675000,0.05859375,0.0033052885,0.055843044,0.34499347,0.07265234,4.9953727e-05,8297.9,0.28910047,0.0,6.579971,6.579971,0.1,1.0,0.0016774333,0.23904322,8560.877,1.0,675000.0,101.8348648631981,18000.081441981067,200.0,4.407258987426758,139.8343411226568
0.00013145045,0.0,,,,,,,1880.9778,10568.359,8279.197,2294.26,1581.4418,-2233.7598,44552.21,,,,,,1881.2152,0.020011264324188233,26209.022005558014,1680000,0.109375,0.004657452,0.041815706,0.23743726,0.15838587,0.00013145045,8321.951,0.1954901,0.0,10.767122,10.767122,0.1,1.0,0.002788329,0.3081221,7664.5674,1.0,680000.0,99.75985988341151,17679.396775797974,200.0,4.322502613067627,137.38055829970972
8.926437e-05,0.0,,,,,,,1342.7397,10569.744,8172.116,3413.7722,3371.1702,-4599.555,44527.82,,,,,,1343.0276,0.019849215030670168,26308.26808643341,1685000,0.0859375,0.0036057695,0.1631385,0.28783852,0.13124108,8.926437e-05,8213.29,0.124610774,0.0,7.7295494,7.7295494,0.1,1.0,0.001748005,0.3259215,8502.742,1.0,685000.0,101.74560252198484,17930.997989072977,200.0,3.915069103240967,139.30573527407233
0.000101934245,0.0,,,,,,,4366.1514,10565.737,8143.396,-215.15292,30577.326,-41449.023,574016.1,,,,,,4369.9517,0.020169857358932494,26409.117380142212,1690000,0.0703125,0.0037560097,3.3613439,3.8005304,0.13630843,0.000101934245,8188.4956,0.4390846,0.0,11.432331,11.432331,0.1,1.0,0.0059752506,0.3517408,8012.722,1.0,690000.0,99.69336992478635,17644.005136717686,200.0,4.3234124183654785,137.1097520990741
9.428064e-05,0.0,,,,,,,3518.1904,10572.517,8243.377,3738.135,8879.649,-13953.924,191149.78,,,,,,3518.588,0.020043308973312378,26509.33393263817,1695000,0.0859375,0.0037560097,0.13599543,0.39754093,0.20868385,9.428064e-05,8288.307,0.26145118,0.0,9.228657,9.228657,0.1,1.0,0.0025215247,0.27843118,8275.462,0.0,695000.0,26.833719734973634,4632.934709725068,200.0,3.8932135105133057,37.552946025655594
4.84075e-05,0.0,,,,,,,1786.4131,10593.679,8186.4863,2883.3384,8944.959,-17048.98,99164.0,,,,,,1786.757,0.020153601121902467,26610.101945400238,1700000,0.0703125,0.0031550482,0.11468893,0.34389848,0.07647097,4.84075e-05,8228.158,0.22916114,0.0,9.895227,9.895227,0.1,1.0,0.0038161594,0.34820428,8289.457,1.0,700000.0,99.68536842437258,17597.762752123537,200.0,3.8469245433807373,136.75591925025165
9.6097734e-05,0.0,,,,,,,5554.4453,10618.905,8246.3125,3580.019,19670.986,-24985.69,307154.75,,,,,,5554.6426,0.024516551637649535,26732.684710741043,1705000,0.0859375,0.0036057695,0.021925995,0.19734427,0.13674724,9.6097734e-05,8291.382,0.17532218,0.0,7.8650637,7.8650637,0.1,1.0,0.00192055,0.3254205,8471.448,1.0,705000.0,99.77369230816183,17684.64667916711,200.0,3.939445734024048,137.42072898470892
3.3568234e-05,0.0,,,,,,,1007.1044,10571.226,8440.227,81.77245,1270.4207,-1617.946,31136.293,,,,,,1007.3133,0.02020552773475647,26833.712356567383,1710000,0.0859375,0.003455529,0.021688914,0.20895194,0.03248191,3.3568234e-05,8481.4375,0.18722945,0.0,9.203582,9.203582,0.1,1.0,0.0029922177,0.29065064,8445.82,1.0,710000.0,99.73299927183166,17765.46058009021,200.0,3.8510196208953857,138.03909270100596
5.05984e-05,0.0,,,,,,,1350.4458,10582.954,8214.195,3500.411,3296.3694,-3932.4363,57611.15,,,,,,1351.4196,0.019962313985824584,26933.523933172226,1715000,0.06640625,0.0025540867,0.052711602,0.97380006,0.08295524,5.05984e-05,8260.096,0.92103785,0.0,8.334564,8.334564,0.1,1.0,0.001975203,0.3877246,7751.4746,1.0,715000.0,99.66440205996761,17875.15695329864,200.0,3.894505500793457,138.8784564271305
0.00013552648,0.0,,,,,,,1336.1428,10547.464,8172.668,1087.8344,2112.5012,-3093.786,57747.305,,,,,,1336.4823,0.020277949380874634,27034.9136865139,1720000,0.09375,0.0043569715,0.083992295,0.3395165,0.25042558,0.00013552648,8213.12,0.25538865,0.0,9.122921,9.122921,0.1,1.0,0.0025738513,0.33983332,8673.422,1.0,720000.0,101.72254046170045,12912.326608710078,200.0,4.572596549987793,100.90436805647191
7.850174e-05,0.0,,,,,,,1477.1274,10546.298,8468.585,91.15316,2680.4336,-4117.0117,79365.05,,,,,,1477.4432,0.019866333389282228,27134.245360136032,1725000,0.0625,0.002704327,0.11446145,0.31573588,0.21092439,7.850174e-05,8510.637,0.20119593,0.0,8.233563,8.233563,0.1,1.0,0.0023725354,0.32233697,8512.396,0.0,725000.0,-1.162727702217628,-222.96976335002014,200.0,3.811354398727417,0.397022333624356
4.8019137e-05,0.0,,,,,,,1881.037,10566.92,8132.621,-288.06152,9340.113,-5971.6133,78267.92,,,,,,1881.329,0.019987406301498412,27234.182398080826,1730000,0.0859375,0.0033052885,0.108039506,0.29194626,0.035014153,4.8019137e-05,8176.5874,0.18385875,0.0,7.219327,7.219327,0.1,1.0,0.0019473522,0.3203714,8163.295,1.0,730000.0,99.72167655498622,17758.858098053795,200.0,3.8385932445526123,137.9885724899756
5.8688744e-05,0.0,,,,,,,1615.338,10562.195,8417.553,3879.6846,1982.1387,-2796.8396,46409.02,,,,,,1615.6465,0.02002529458999634,27334.308876991272,1735000,0.07421875,0.0028545675,0.14932066,0.308461,0.11618662,5.8688744e-05,8459.788,0.15908167,0.0,9.615465,9.615465,0.1,1.0,0.0018107085,0.2969854,8559.698,0.0,735000.0,1.3267046872096075,175.56401052768697,200.0,3.9519104957580566,3.4464831648667706
5.762265e-05,0.0,,,,,,,1434.5994,10564.981,8338.967,3601.988,2106.1306,-1905.7881,42288.703,,,,,,1439.0929,0.020033617115020753,27434.476969718933,1740000,0.08203125,0.00390625,4.1855206,4.493544,0.06780541,5.762265e-05,8376.049,0.30796552,0.0,9.185692,9.185692,0.1,1.0,0.0027388711,0.28798673,8724.636,1.0,740000.0,99.72721405688348,17760.652124825152,200.0,3.887169122695923,138.00229984441341
6.405334e-05,0.0,,,,,,,2773.3354,10568.861,8262.854,3406.7688,8252.663,-5217.3203,136980.55,,,,,,2773.7559,0.01987898859977722,27533.871919870377,1745000,0.078125,0.0033052885,0.037343252,0.42048523,0.070563555,6.405334e-05,8310.988,0.38307792,0.0,8.615871,8.615871,0.1,1.0,0.0030457089,0.30609062,8471.986,1.0,745000.0,99.68046975304735,17317.35468949383,200.0,4.3212666511535645,134.61032091003105
8.428984e-05,0.0,,,,,,,2662.2178,10548.192,8235.209,178.29495,4097.6196,-3191.2156,80664.984,,,,,,2662.4192,0.019940071964263915,27633.572286844254,1750000,0.0859375,0.0037560097,0.045008793,0.20151256,0.1258626,8.428984e-05,8277.582,0.15641947,0.0,8.090488,8.090488,0.1,1.0,0.0018684799,0.3600032,8098.5654,1.0,750000.0,101.72056329229434,16472.826546110406,200.0,3.9455251693725586,128.14824501349761
4.159473e-05,0.0,,,,,,,1397.8145,10546.207,8257.965,174.20815,3009.8462,-1888.144,49931.55,,,,,,1398.5128,0.019973678398132324,27733.440685510635,1755000,0.06640625,0.0031550482,0.4686848,0.6983819,0.042390704,4.159473e-05,8299.515,0.22965547,0.0,7.619207,7.619207,0.1,1.0,0.001662465,0.3275866,8527.097,1.0,755000.0,101.69752613284288,15329.112480826478,200.0,4.353250980377197,119.39688823314458
3.537842e-05,0.0,,,,,,,1924.6595,10544.21,8181.893,346.64838,1497.0778,-2563.7378,61213.48,,,,,,1925.3389,0.019676314544677734,27831.82226395607,1760000,0.0390625,0.001953125,0.1629797,0.67927563,0.057556987,3.537842e-05,8233.969,0.5162605,0.0,13.746672,13.746672,0.1,1.0,0.0032365746,0.38421285,8319.478,0.0,760000.0,-0.9328912810972576,-148.27805345434084,200.0,3.842172622680664,0.9685408815486987
3.1501484e-05,0.0,,,,,,,1184.3683,10555.446,8313.244,304.39578,1513.7216,-1092.491,34781.07,,,,,,1184.7767,0.01990893397331238,27931.366940021515,1765000,0.03515625,0.0018028847,0.11944639,0.40843922,0.09357679,3.1501484e-05,8354.696,0.28896132,0.0,6.2573576,6.2573576,0.1,1.0,0.001523766,0.30642584,8975.309,1.0,765000.0,99.71655565098449,17393.66631103686,200.0,3.8359978199005127,135.1942345357191
7.1699666e-05,0.0,,,,,,,1397.0203,10520.152,8294.396,235.04492,1337.6133,-1630.5583,37482.656,,,,,,1397.7784,0.02002574553489685,28031.495673656464,1770000,0.08203125,0.003455529,0.4782669,0.7582255,0.19140542,7.1699666e-05,8339.353,0.27988693,0.0,7.7343397,7.7343397,0.1,1.0,0.0021736617,0.29594588,8481.914,1.0,770000.0,99.68664001258446,17590.412163855628,200.0,3.868321418762207,136.69967475485674
5.6233617e-05,0.0,,,,,,,1319.4135,10561.112,8338.328,2660.074,6624.008,-6171.63,67811.79,,,,,,1319.9086,0.020206777524948122,28132.52956867218,1775000,0.08203125,0.0033052885,0.07827384,0.49506384,0.06325865,5.6233617e-05,8380.339,0.41673377,0.0,10.029055,10.029055,0.1,1.0,0.0026621842,0.40046388,8631.0625,1.0,775000.0,99.66573727397092,17837.446041879484,200.0,3.8901238441467285,138.58990385060918
7.6925884e-05,0.0,,,,,,,1494.6248,10561.453,8336.115,906.3149,5421.575,-2452.2417,54852.582,,,,,,1495.2667,0.0200529137134552,28232.794145345688,1780000,0.09375,0.0040564905,0.042030867,0.6420233,0.10709214,7.6925884e-05,8383.939,0.5999155,0.0,8.934174,8.934174,0.1,1.0,0.0023417019,0.31252608,8253.271,1.0,780000.0,101.84311102038592,17915.76044665384,200.0,3.9697060585021973,139.1891421725155
5.9089412e-05,0.0,,,,,,,2166.196,10551.936,8340.053,3873.1687,9234.506,-10676.034,106185.695,,,,,,2166.8938,0.020245737981796266,28334.02284193039,1785000,0.05859375,0.0025540867,0.20090282,0.6978461,0.081902504,5.9089412e-05,8376.033,0.49688423,0.0,9.423656,9.423656,0.1,1.0,0.0026916075,0.37526914,8284.645,1.0,785000.0,99.604827114528,17571.713263334284,200.0,3.8372368812561035,136.5565963799117
0.00011681433,0.0,,,,,,,2433.5698,10550.251,8464.556,183.29355,5371.195,-2860.924,79538.44,,,,,,186144.4,0.02006714267730713,28434.35856127739,1790000,0.078125,0.0031550482,183710.56,183710.84,0.43132818,0.00011681433,8512.682,0.28656387,0.0,11.53749,11.53749,0.1,1.0,0.0033124774,0.46570686,8264.483,1.0,790000.0,101.8412744020379,17822.736782903732,200.0,3.9189579486846924,138.47735301541465
6.2688756e-05,0.0,,,,,,,22000.293,10570.477,8281.768,3309.3472,96640.14,-113100.52,1077673.8,,,,,,22095.814,0.020061582660675047,28534.666481733322,1795000,0.07421875,0.0030048077,94.9499,95.52167,0.07562804,6.2688756e-05,8315.815,0.5717077,0.0,10.77466,10.77466,0.1,1.0,0.003341976,0.29758224,8330.514,1.0,795000.0,101.81553159939045,17834.011083057216,200.0,3.963407039642334,138.56362057658822
5.885368e-05,0.0,,,,,,,1736.8937,10547.539,8414.488,2856.4192,4005.5337,-4673.1367,81417.2,,,,,,1737.2604,0.020107773542404176,28635.205357313156,1800000,0.0546875,0.0025540867,0.050559808,0.36670303,0.15610576,5.885368e-05,8458.752,0.31608436,0.0,7.9969587,7.9969587,0.1,1.0,0.0029339497,0.30553433,7910.8867,1.0,800000.0,99.66628077700415,17885.92000217901,200.0,3.8998029232025146,138.96081204699698
7.4252384e-05,0.0,,,,,,,2309.3125,10558.92,8334.172,3411.7964,3428.0554,-5606.828,79852.26,,,,,,2309.9246,0.024518432378768922,28757.797526597977,1805000,0.10546875,0.004206731,0.21524242,0.61208665,0.08167291,7.4252384e-05,8383.73,0.39676994,0.0,9.743731,9.743731,0.1,1.0,0.0029480876,0.30516663,8222.682,1.0,805000.0,99.74876826521832,17844.723639937532,200.0,4.36121678352356,138.64558984682378
7.163221e-05,0.0,,,,,,,20833.225,10535.274,8295.836,-143.01955,85763.25,-145046.52,1189483.2,,,,,,20833.92,0.020026497650146486,28857.930021762848,1810000,0.09765625,0.0048076925,0.049352832,0.69597495,0.10707736,7.163221e-05,8328.072,0.6465505,0.0,6.304832,6.304832,0.1,1.0,0.001288027,0.3355362,8547.676,1.0,810000.0,99.67474196451464,15508.515154212077,200.0,3.831951379776001,120.76962364822997
6.1027527e-05,0.0,,,,,,,1695.6832,10552.906,8257.871,3282.477,4548.6914,-3233.3303,50079.52,,,,,,1696.0664,0.02023805661201477,28959.120311021805,1815000,0.05859375,0.0033052885,0.101152934,0.38316667,0.14194214,6.1027527e-05,8298.244,0.2819527,0.0,7.885574,7.885574,0.1,1.0,0.0033568803,0.35879076,8226.941,1.0,815000.0,101.8322733366914,17915.732055894005,200.0,4.441251754760742,139.18892493494175
7.373054e-05,0.0,,,,,,,1715.7374,10539.718,8178.864,2850.769,4533.18,-4547.355,62803.195,,,,,,1716.6102,0.02007174549102783,29059.47904610634,1820000,0.08984375,0.00390625,0.18017796,0.8728011,0.07360113,7.373054e-05,8226.207,0.69254947,0.0,12.943003,12.943003,0.1,1.0,0.0035870168,0.374646,7577.7607,1.0,820000.0,101.74544968939344,15641.274637985032,200.0,3.9609744548797607,121.78545937477952
5.4663065e-05,0.0,,,,,,,1636.1475,10522.135,8487.705,3495.8274,4861.587,-13183.056,64987.29,,,,,,1639.4646,0.01989623432159424,29158.960225343704,1825000,0.078125,0.0033052885,2.88212,3.3171651,0.068072915,5.4663065e-05,8518.914,0.43499076,0.0,11.707712,11.707712,0.1,1.0,0.0031659112,0.31444588,8448.758,1.0,825000.0,99.6883052368005,12035.833299619817,200.0,3.874363660812378,94.19770430521609
3.9228365e-05,0.0,,,,,,,6332.1924,10518.978,8410.299,3586.3274,32791.176,-16605.836,277328.9,,,,,,6332.531,0.01989348750114441,29258.42767047882,1830000,0.046875,0.001953125,0.06620666,0.33840808,0.101793766,3.9228365e-05,8450.873,0.2721622,0.0,8.291502,8.291502,0.1,1.0,0.002817515,0.29917035,8206.902,0.0,830000.0,-0.8882794150365284,-95.74401237308933,200.0,3.8338451385498047,1.3705155975819627
6.868049e-05,0.0,,,,,,,1722.877,10515.973,8372.293,410.239,3180.9036,-2894.5347,58020.06,,,,,,1723.4668,0.020037751388549806,29358.616434574127,1835000,0.0703125,0.0031550482,0.24284767,0.5898369,0.14173806,6.868049e-05,8413.463,0.34692058,0.0,7.2108755,7.2108755,0.1,1.0,0.0018719267,0.23865847,9046.785,1.0,835000.0,99.67720177017655,17320.587773346495,200.0,3.8762502670288086,134.63505949737058
5.1527106e-05,0.0,,,,,,,1477.4928,10511.316,8419.3125,-240.97693,4350.404,-3521.1958,59851.523,,,,,,1477.8622,0.020213126039505005,29459.682071447372,1840000,0.0546875,0.0025540867,0.022569174,0.36943403,0.064522386,5.1527106e-05,8456.86,0.34681332,0.0,7.8321276,7.8321276,0.1,1.0,0.0023329365,0.31444693,8796.621,1.0,840000.0,101.77022799863676,18009.849255294517,200.0,3.9475350379943848,139.90908149865163
7.769308e-05,0.0,,,,,,,2107.563,10500.167,8234.321,2507.2317,8051.042,-11864.786,94728.19,,,,,,2109.7732,0.02024350686073303,29560.89961194992,1845000,0.0390625,0.0022536058,1.5306256,2.2103195,0.09128523,7.769308e-05,8268.672,0.6796161,0.0,9.186182,9.186182,0.1,1.0,0.0028114347,0.30022267,8218.353,1.0,845000.0,99.66910763543541,14705.07325600467,200.0,3.869089365005493,114.62192736913278
4.7501966e-05,0.0,,,,,,,2731.0586,10495.437,8078.7656,240.52234,5157.764,-4249.522,95501.22,,,,,,2731.292,0.01997785701751709,29660.788904428482,1850000,0.06640625,0.0025540867,0.04018521,0.23349728,0.10902631,4.7501966e-05,8124.5615,0.19326456,0.0,9.42926,9.42926,0.1,1.0,0.0021771968,0.3154449,8184.1895,1.0,850000.0,99.67317089880758,17687.461836722512,200.0,4.353167295455933,137.44226972544828
6.978966e-05,0.0,,,,,,,3659.3467,10512.364,8300.084,698.86597,13353.268,-11616.782,191518.55,,,,,,3659.7144,0.02000581855773926,29760.818003177643,1855000,0.078125,0.0031550482,0.12012187,0.36766762,0.098674655,6.978966e-05,8344.216,0.24747597,0.0,8.7747555,8.7747555,0.1,1.0,0.002261744,0.33607006,8603.781,1.0,855000.0,101.75911964212992,12641.201309445856,200.0,3.878520965576172,98.82979863561569
9.493034e-05,0.0,,,,,,,1996.7266,10513.01,8512.49,4586.1963,6712.246,-3815.5916,72790.14,,,,,,15704.584,0.01995676245689392,29860.601822137833,1860000,0.09375,0.0036057695,13707.467,13707.857,0.114221096,9.493034e-05,8546.082,0.39040977,0.0,10.041252,10.041252,0.1,1.0,0.0029449807,0.29297015,8138.5977,1.0,860000.0,101.85697110490352,17909.346879803918,200.0,3.9039971828460693,139.14006748379563
9.185275e-05,0.0,,,,,,,1830.9037,10513.662,8371.708,1811.5739,3408.049,-3317.5518,49754.28,,,,,,1831.5094,0.020003899478912353,29960.62132668495,1865000,0.08203125,0.0037560097,0.034981407,0.6056762,0.08923113,9.185275e-05,8408.515,0.5706029,0.0,9.326769,9.326769,0.1,1.0,0.0026011467,0.35434765,8108.456,1.0,865000.0,101.61486437684914,9976.528696049194,200.0,4.2995851039886475,78.4405235095107
6.8521724e-05,0.0,,,,,,,1529.436,10517.94,8427.01,3642.7065,8554.462,-8611.945,90712.375,,,,,,1530.6985,0.01978314995765686,30059.53708267212,1870000,0.0546875,0.0025540867,0.035489943,1.2625,0.13792706,6.8521724e-05,8466.336,1.2269416,0.0,10.378551,10.378551,0.1,1.0,0.0034435806,0.25883174,8655.361,1.0,870000.0,101.66884988215728,17989.94648357282,200.0,3.8767943382263184,139.7567914625828
0.00012092368,0.0,,,,,,,3310.9998,10517.83,8258.725,178.29619,3730.3079,-4540.8467,97933.33,,,,,,3311.5796,0.020022490262985228,30159.649540662766,1875000,0.09375,0.004206731,0.08138695,0.5799101,0.14636075,0.00012092368,8291.05,0.49840224,0.0,10.195765,10.195765,0.1,1.0,0.0037776653,0.32301512,8433.497,1.0,875000.0,99.58366224111592,17849.551157515383,200.0,3.8620963096618652,138.68252856251294
9.5766954e-05,0.0,,,,,,,2015.6221,10507.844,8405.799,4037.7507,5083.121,-3053.698,61194.395,,,,,,2015.8059,0.01981549868583679,30258.727039813995,1880000,0.0859375,0.0037560097,0.033791486,0.18382503,0.098220825,9.5766954e-05,8444.679,0.14993778,0.0,5.997145,5.997145,0.1,1.0,0.0014411178,0.2650896,8655.189,1.0,880000.0,101.81161067096392,17904.536771895775,200.0,3.9713151454925537,139.10326198167417
0.00013345324,0.0,,,,,,,5793.554,10508.688,8242.062,2751.638,23880.162,-14118.415,397018.2,,,,,,5793.943,0.019833901882171632,30357.896555900574,1885000,0.1015625,0.0045072115,0.11649757,0.38882217,0.17925692,0.00013345324,8284.938,0.27219114,0.0,6.6529875,6.6529875,0.1,1.0,0.0020262604,0.2656725,8582.191,0.0,885000.0,24.627047252212677,9271.583516106786,200.0,4.332460403442383,73.04649455810956
5.2841042e-05,0.0,,,,,,,1766.1895,10509.205,8389.828,340.01617,4783.333,-4857.119,65849.29,,,,,,1766.4207,0.01993715262413025,30457.582325220108,1890000,0.05078125,0.0021033655,0.08542255,0.23123428,0.09307778,5.2841042e-05,8421.689,0.14575888,0.0,7.368788,7.368788,0.1,1.0,0.0028902132,0.30722287,7863.329,1.0,890000.0,101.85749093785456,17896.136042406437,200.0,4.382646322250366,139.03898212081737
2.8704544e-05,0.0,,,,,,,2343.4424,10503.223,8250.475,-133.11905,11472.039,-9497.688,107087.41,,,,,,2678.4282,0.019810465478897095,30556.634658813477,1895000,0.0625,0.0025540867,334.9012,334.98596,0.038170338,2.8704544e-05,8305.198,0.08472869,0.0,5.8206806,5.8206806,0.1,1.0,0.0022672587,0.28681403,8605.719,1.0,895000.0,101.62413621409401,17773.069021247058,200.0,3.9099977016448975,138.0973102093212
8.888774e-05,0.0,,,,,,,1444.7776,10512.053,8443.082,694.94385,2030.9036,-2304.7354,41067.57,,,,,,1479.2643,0.019840724658966063,30655.838289260864,1900000,0.0546875,0.0024038462,33.046276,34.48667,0.16362417,8.888774e-05,8482.928,1.4403071,0.0,8.559116,8.559116,0.1,1.0,0.0029957858,0.28849003,7909.1875,1.0,900000.0,99.68197606256703,17632.75953945501,200.0,3.868004322052002,137.0237041638068
6.226852e-05,0.0,,,,,,,1314.5022,10515.234,8292.834,3656.7488,2802.8965,-2859.5815,40093.25,,,,,,1314.7634,0.024004504871368407,30775.860820293427,1905000,0.07421875,0.0033052885,0.051850114,0.26117417,0.10654509,6.226852e-05,8330.524,0.20926179,0.0,6.2582855,6.2582855,0.1,1.0,0.0019250514,0.27048454,8604.285,1.0,905000.0,99.70198794169583,17716.380174084887,200.0,3.9154224395751953,137.66354416408163
7.358527e-05,0.0,,,,,,,9508.631,10532.612,8204.211,2703.9512,13601.272,-22632.643,371706.9,,,,,,9509.142,0.02012206726074219,30876.471163272858,1910000,0.1015625,0.004206731,0.14823368,0.5110287,0.13620484,7.358527e-05,8251.129,0.36272138,0.0,9.039125,9.039125,0.1,1.0,0.0031900667,0.40147963,7644.5454,1.0,910000.0,99.5982679284494,17694.412294896927,200.0,3.9052011966705322,137.49545254545333
0.00016514599,0.0,,,,,,,5201.667,10514.029,8247.926,3997.2837,9608.946,-16007.746,251221.45,,,,,,5551.3164,0.020046705198287964,30976.704696416855,1915000,0.1171875,0.005859375,349.30505,349.64938,0.17617977,0.00016514599,8288.971,0.3441804,0.0,10.587634,10.587634,0.1,1.0,0.0035384567,0.36826563,8487.512,0.0,915000.0,-0.7304776151029164,-54.56439030824167,200.0,4.382110595703125,1.6856097069475908
4.320823e-05,0.0,,,,,,,6233.8467,10516.608,8238.077,3370.1252,83604.586,-71404.3,768021.5,,,,,,6234.5347,0.02005801181793213,31076.994765758514,1920000,0.0703125,0.0028545675,0.19415353,0.6879873,0.06910372,4.320823e-05,8277.491,0.49379057,0.0,10.618203,10.618203,0.1,1.0,0.0024291673,0.279891,8645.238,1.0,920000.0,99.7088839979858,17677.57455577277,200.0,3.8570332527160645,137.36661521895473
7.4256284e-05,0.0,,,,,,,1876.2301,10526.999,8267.348,2739.2812,9447.8545,-7091.977,104234.78,,,,,,1879.3356,0.01988470849990845,31176.418315172195,1925000,0.0859375,0.0036057695,0.07859658,3.1054657,0.1107676,7.4256284e-05,8305.464,3.026795,0.0,15.749555,15.749555,0.1,1.0,0.0032577473,0.37539622,7905.3877,1.0,925000.0,99.77797260726645,17253.380078552233,200.0,3.8155758380889893,134.12080638692757
7.03066e-05,0.0,,,,,,,1671.8636,10520.976,8314.328,3200.0696,3407.4937,-3669.4417,58022.676,,,,,,1797.6862,0.019957174825668333,31276.204195022583,1930000,0.09765625,0.0045072115,125.382996,125.8225,0.12539566,7.03066e-05,8348.653,0.4394362,0.0,6.9874086,6.9874086,0.1,1.0,0.0027618161,0.37504688,8399.886,1.0,930000.0,101.79074328025887,15549.316953442796,200.0,3.926948070526123,121.08182677065962
6.76317e-05,0.0,,,,,,,1813.4948,10512.255,8344.9,353.62292,3134.103,-2716.855,69418.484,,,,,,1813.8691,0.01999502902030945,31376.179347276688,1935000,0.1015625,0.004206731,0.20529129,0.37437254,0.13854825,6.76317e-05,8385.1,0.16901363,0.0,8.621891,8.621891,0.1,1.0,0.0026742506,0.34972444,8591.0625,1.0,935000.0,101.85195810930689,17911.890871371805,200.0,3.9272539615631104,139.15953334377983
3.0318222e-05,0.0,,,,,,,2118.7378,10516.403,8485.398,2671.9038,14743.623,-10930.137,133262.25,,,,,,2119.1233,0.01985668525695801,31475.46277999878,1940000,0.07421875,0.0031550482,0.11321165,0.38554266,0.048299074,3.0318222e-05,8523.424,0.27230072,0.0,9.108046,9.108046,0.1,1.0,0.0014864596,0.31614044,8180.9194,1.0,940000.0,101.83743435722504,17904.828964893884,200.0,3.934375524520874,139.10549775480382
6.6087225e-05,0.0,,,,,,,2063.902,10493.366,8319.568,1055.8148,4561.224,-4976.1865,64052.562,,,,,,2064.3667,0.019995511054992674,31575.4403424263,1945000,0.05859375,0.002704327,0.06072922,0.4646638,0.11599612,6.6087225e-05,8363.5625,0.40386847,0.0,6.613877,6.613877,0.1,1.0,0.0029924505,0.30545917,8357.801,0.0,945000.0,26.753453094670647,6482.687851734587,200.0,4.434903144836426,51.7067019272985
9.875156e-05,0.0,,,,,,,6748.8945,10527.873,8325.071,309.19818,10327.969,-11474.042,139170.4,,,,,,6751.5127,0.02004715323448181,31675.67611503601,1950000,0.07421875,0.0030048077,2.3120816,2.6182756,0.10827446,9.875156e-05,8368.407,0.30609545,0.0,8.180883,8.180883,0.1,1.0,0.0018016971,0.35555738,8505.716,1.0,950000.0,99.65054395143844,13892.648658850861,200.0,4.306635141372681,108.4054981735518
0.00018176842,0.0,,,,,,,2303.574,10524.998,8450.602,288.28064,11036.083,-8645.114,90524.09,,,,,,3122.2964,0.020055086755752564,31775.951554775238,1955000,0.1328125,0.0060096155,817.88245,818.7223,0.2890587,0.00018176842,8484.28,0.839673,0.0,9.3474045,9.3474045,0.1,1.0,0.0040903036,0.39073297,8148.3105,1.0,955000.0,101.78866771489764,17801.032611202816,200.0,3.9169869422912598,138.31127920733434
0.00012991892,0.0,,,,,,,2652.602,10494.946,8200.871,-259.0449,7096.958,-6718.572,85749.24,,,,,,2655.123,0.020030742740631102,31876.10527420044,1960000,0.10546875,0.004957933,1.3994292,2.520969,0.14953864,0.00012991892,8247.065,1.1214098,0.0,9.59794,9.59794,0.1,1.0,0.003283556,0.35161424,7855.4185,1.0,960000.0,101.80280196558351,17647.192417081216,200.0,4.395195245742798,137.1341402118611
0.00023930188,0.0,,,,,,,1319.436,10504.031,8267.711,3497.2573,3251.9392,-3272.7031,65907.7,,,,,,1320.0397,0.01994653844833374,31975.83797287941,1965000,0.07421875,0.0033052885,0.20759994,0.60361886,0.87840736,0.00023930188,8316.352,0.3957796,0.0,9.1278,9.1278,0.1,1.0,0.0030287032,0.5183316,8242.472,1.0,965000.0,99.62916923936181,17815.422462741717,200.0,4.349250078201294,138.42138603268143
1.22764795e-05,0.0,,,,,,,2121.304,10509.407,8536.572,4116.6743,2193.7163,-1751.6039,40681.39,,,,,,2121.5842,0.020033745861053467,32076.00670838356,1970000,0.02734375,0.0010516827,0.049904414,0.2802112,0.041276693,1.22764795e-05,8572.149,0.23029453,0.0,7.939765,7.939765,0.1,1.0,0.0014944832,0.31450304,8658.456,1.0,970000.0,101.77692033832184,17797.93620386204,200.0,3.964578866958618,138.28758642764492
0.00014841623,0.0,,,,,,,1848.7163,10492.788,8424.119,-257.71454,3695.8132,-3211.2861,53173.242,,,,,,1848.8961,0.01993742117881775,32175.693820238113,1975000,0.0859375,0.0040564905,0.057354044,0.17987001,0.1619885,0.00014841623,8465.657,0.12236755,0.0,6.9310794,6.9310794,0.1,1.0,0.0021290872,0.31283042,8696.592,1.0,975000.0,101.73542629462548,17820.46778475402,200.0,4.372439384460449,138.45999132253633
5.0855837e-05,0.0,,,,,,,1812.1858,10487.13,8251.223,-246.36465,1953.5844,-2326.3054,57557.363,,,,,,1812.4728,0.019958106470108032,32275.484359025955,1980000,0.0859375,0.0037560097,0.065306805,0.2869866,0.04658234,5.0855837e-05,8287.857,0.22162893,0.0,9.466184,9.466184,0.1,1.0,0.001821596,0.33748722,8107.267,1.0,980000.0,99.7058418607309,17903.50513799591,200.0,4.463475704193115,139.09536822868253
6.225672e-05,0.0,,,,,,,1938.9535,10481.72,8486.308,4049.9712,4657.1406,-5621.391,67459.586,,,,,,1956.6017,0.020119182968139648,32376.0802795887,1985000,0.0703125,0.0030048077,17.503103,17.648138,0.066601396,6.225672e-05,8523.919,0.14497116,0.0,7.990987,7.990987,0.1,1.0,0.0022848998,0.3296271,8057.1094,1.0,985000.0,101.73880166878604,17711.96671837146,200.0,3.8687827587127686,137.62977372551234
5.3155505e-05,0.0,,,,,,,1262.7946,10488.869,8286.252,2992.8098,4921.958,-3666.3372,55495.797,,,,,,1262.9619,0.01977066020965576,32474.9335873127,1990000,0.05078125,0.0022536058,0.03408947,0.16738133,0.0801301,5.3155505e-05,8324.428,0.13323872,0.0,5.539913,5.539913,0.1,1.0,0.0018721524,0.2727007,8546.551,1.0,990000.0,99.55476688813212,17788.963452887147,200.0,3.8852779865264893,138.2189296300536
4.6599158e-05,0.0,,,,,,,1593.5078,10489.696,8447.248,782.4393,4755.1,-3581.0522,74462.53,,,,,,1596.2778,0.0198670446395874,32574.26881623268,1995000,0.05859375,0.0024038462,2.3926108,2.7700682,0.06698358,4.6599158e-05,8487.008,0.37741083,0.0,8.133228,8.133228,0.1,1.0,0.002184495,0.3571231,8559.914,1.0,995000.0,99.77926792986187,17239.036046932895,200.0,3.7547848224639893,134.01105016185366
5.5003824e-05,0.0,,,,,,,21607.951,10496.437,8373.28,3132.1157,10336.415,-15544.207,177679.12,,,,,,24984.973,0.01958835253715515,32672.21058487892,2000000,0.05859375,0.0025540867,3376.4875,3377.0222,0.11991656,5.5003824e-05,8413.971,0.53462374,0.0,11.97143,11.97143,0.1,1.0,0.0021539093,0.32834297,8633.119,1.0,1000000.0,101.83947199448174,14396.797105155962,200.0,3.8024444580078125,112.26309078152707
