training/actor/bound_loss,training/actor/q_loss,training/alpha/current_vs_historical_ratio,training/alpha/historical_avg_loss,training/alpha/max_alpha_bound,training/alpha/min_alpha_bound,training/alpha/valid_count,training/alpha_weight,training/critic/critic_loss,training/critic/q_max,training/critic/q_mean,training/critic/q_min,training/grad/max,training/grad/min,training/grad/norm,training/meanflow/consistency_loss,training/meanflow/flow_loss,training/meanflow/mean_flow_loss,training/metrics/actor_learning_rate,training/metrics/critic_learning_rate,training/total_loss,time/epoch_time,time/total_time,step,training/actor/any_oob,training/actor/coordinate_oob,training/actor/jacobian,training/actor/loss,training/actor/max_clip,training/actor/mean_clip,training/actor/q,training/actor/transport,training/control/adjoint_clip_fraction,training/control/adjoint_norm,training/control/applied_adjoint_norm,training/control/eta,training/control/gate,training/control/relative_critic_disagreement,training/teacher/endpoint_variance,training/teacher/q,exploration/goal_achieved,exploration/total.timesteps,exploration/episode.final_reward,exploration/episode.return,exploration/episode.length,exploration/episode.duration,exploration/episode.normalized_return
0.0,0.0,1.0,0.0,100000.0,1000.0,0,10000.0,1529.8032,3.8543234,-0.030776499,-3.0408866,23711.621,-24199.771,518863.25,0.0,1.3777595,1.3777595,0.0,0.0003,15307.398,0.0019890064239501955,9.945077657699585,0,,,,,,,,,,,,,,,,,,,,,,,
0.027957177,0.0,21936486.0,0.0,100000.0,1000.0,2,10000.0,1348.5839,992.1769,473.95526,-6.74306,5601.13,-5504.08,423748.56,0.0,0.21936487,0.21936487,1e-05,0.0003,3542.2605,0.010048725414276123,60.188849210739136,5000,,,,,,,,,,,,,,,,,,,,,,,
0.01101494,0.0,17422694.0,0.0,100000.0,1000.0,4,10000.0,1522.5604,2046.9275,1047.0569,-3.6949894,24395.922,-11564.658,539155.7,0.0,0.17422694,0.17422694,2e-05,0.0003,3264.8408,0.006865363645553589,94.51579594612122,10000,,,,,,,,,,,,,,,,,,,,,,,
0.015274536,0.0,11670207.0,0.0,100000.0,1000.0,7,10000.0,7945.919,3022.3364,1533.6051,-20.71859,7973.3584,-12426.178,510780.88,0.0,0.11670207,0.11670207,3e-05,0.0003,9112.955,0.0075555949211120604,132.29389667510986,15000,,,,,,,,,,,,,,,,,,,,,,,
0.015632331,0.0,12757823.0,0.0,100000.0,1000.0,9,10000.0,8638.654,3834.3406,2017.2131,-75.94136,18098.99,-17113.848,641061.4,0.0,0.12757823,0.12757823,4e-05,0.0003,9914.452,0.008042445468902587,172.50619292259216,20000,,,,,,,,,,,,,,,,,,,,,,,
0.015996639,0.0,1.092843,0.08707267,100000.0,1000.0,12,10000.0,7488.2285,4482.4995,2351.5293,-160.13733,10537.715,-10601.856,446706.97,0.0,0.09515676,0.09515676,5e-05,0.0003,8439.8125,0.00772195553779602,211.11612701416016,25000,,,,,,,,,,,,,,,,,,,,,,,
0.01111669,0.0,0.8720999,0.11735737,100000.0,1000.0,14,10000.0,8698.949,5003.048,2679.862,-253.37363,9560.771,-10738.039,501505.25,0.0,0.102347344,0.102347344,6e-05,0.0003,9722.434,0.007925218391418456,250.74235367774963,30000,,,,,,,,,,,,,,,,,,,,,,,
0.0132535305,0.0,0.7126769,0.13577819,100000.0,1000.0,17,10000.0,8792.098,5426.156,2910.8472,-349.49075,18297.117,-20789.977,670580.56,0.0,0.09676598,0.09676598,6.9999995e-05,0.0003,9759.771,0.007562882375717163,288.55691051483154,35000,,,,,,,,,,,,,,,,,,,,,,,
0.010158261,0.0,0.50809944,0.13978079,100000.0,1000.0,19,10000.0,10110.947,5752.993,3080.027,-1307.5353,11090.728,-9704.54,431317.9,0.0,0.07102254,0.07102254,8e-05,0.0003,10821.183,0.007440149259567261,325.75778436660767,40000,,,,,,,,,,,,,,,,,,,,,,,
0.009294729,0.0,0.47582406,0.11677935,100000.0,1000.0,20,10000.0,18830.057,6032.833,3245.395,-1723.4321,26948.102,-17639.238,671472.75,0.0,0.055566423,0.055566423,8.9999994e-05,0.0003,19385.73,0.00763859395980835,363.9508955478668,45000,,,,,,,,,,,,,,,,,,,,,,,
0.010456556,0.0,0.5915591,0.106792785,100000.0,1000.0,20,10000.0,6981.5,6318.6704,3351.272,-1969.0166,21443.334,-24746.398,500281.56,0.0,0.06317424,0.06317424,1e-04,0.0003,7613.253,0.007471172142028809,401.30687737464905,50000,,,,,,,,,,,,,,,,,,,,,,,
0.009095056,0.0,0.65935653,0.09397727,100000.0,1000.0,20,10000.0,12783.913,6649.3633,3645.8892,-2204.542,19358.998,-25919.238,866757.3,0.0,0.061964534,0.061964534,9.999385e-05,0.0003,13403.567,0.007513414812088013,438.87408089637756,55000,,,,,,,,,,,,,,,,,,,,,,,
0.010282733,0.0,0.7094532,0.08979562,100000.0,1000.0,20,10000.0,14239.457,6935.856,3566.255,-2549.2888,23455.531,-26572.717,720223.9,0.0,0.06370579,0.06370579,9.99754e-05,0.0003,14876.525,0.007225531196594239,475.00186419487,60000,,,,,,,,,,,,,,,,,,,,,,,
0.008355625,0.0,0.81561196,0.082963884,100000.0,1000.0,20,10000.0,17719.223,7224.6255,3519.7666,-2864.9739,112072.0,-80045.75,1839822.0,0.0,0.06766634,0.06766634,9.994465e-05,0.0003,18395.895,0.0073649547576904294,511.82675766944885,65000,,,,,,,,,,,,,,,,,,,,,,,
0.007979322,0.0,1.1577696,0.07912403,100000.0,1000.0,20,10000.0,23185.602,7497.8203,3645.7407,-3118.0173,14679.07,-15353.993,756883.9,0.0,0.0916074,0.0916074,9.990162e-05,0.0003,24101.684,0.007127019548416138,547.4619686603546,70000,,,,,,,,,,,,,,,,,,,,,,,
0.005932141,0.0,0.74809486,0.07744136,100000.0,1000.0,20,10000.0,5185.8125,7729.142,3718.8442,-3393.7,30603.979,-47114.613,867799.44,0.0,0.05793348,0.05793348,9.984629e-05,0.0003,5765.1533,0.007370413494110107,584.3141598701477,75000,,,,,,,,,,,,,,,,,,,,,,,
0.0063927826,0.0,0.8493106,0.07363031,100000.0,1000.0,20,10000.0,11806.458,7873.1353,3838.5503,-3592.4648,31048.086,-32397.215,1008473.3,0.0,0.062535,0.062535,9.977873e-05,0.0003,12431.814,0.00731271390914917,620.877848148346,80000,,,,,,,,,,,,,,,,,,,,,,,
0.0075930855,0.0,0.74709105,0.07088938,100000.0,1000.0,20,10000.0,11019.564,7995.182,3767.1265,-3827.2002,10883.237,-7982.314,438253.12,0.0,0.05296082,0.05296082,9.969891e-05,0.0003,11549.181,0.007410509204864502,657.9304938316345,85000,,,,,,,,,,,,,,,,,,,,,,,
0.00817034,0.0,0.8856543,0.06682127,100000.0,1000.0,20,10000.0,9867.502,8012.375,3491.9492,-4019.4387,76097.34,-85261.91,1307350.6,0.0,0.059180543,0.059180543,9.9606885e-05,0.0003,10459.315,0.007230952501296997,694.085372209549,90000,,,,,,,,,,,,,,,,,,,,,,,
0.007318707,0.0,1.0074958,0.06358986,100000.0,1000.0,20,10000.0,7406.4976,7913.687,3866.759,-4222.256,4927.664,-5544.921,346067.4,0.0,0.064066514,0.064066514,9.950265e-05,0.0003,8047.17,0.007260670328140259,730.3888268470764,95000,,,,,,,,,,,,,,,,,,,,,,,
0.006608042,0.0,1.1059477,0.060724873,100000.0,1000.0,20,10000.0,29246.818,8013.099,3743.0762,-4384.6445,434832.84,-425936.97,7155407.5,0.0,0.067158535,0.067158535,9.938626e-05,0.0003,29918.41,0.007366508913040161,767.2214727401733,100000,,,,,,,,,,,,,,,,,,,,,,,
0.006363829,0.0,0.8754072,0.058909267,100000.0,1000.0,20,10000.0,8575.272,7905.0728,3315.6416,-4546.471,57149.65,-47816.016,666408.25,0.0,0.051569596,0.051569596,9.9257726e-05,0.0003,9090.976,0.009360500144958496,814.0240898132324,105000,,,,,,,,,,,,,,,,,,,,,,,
0.005124148,0.0,0.7848094,0.05776046,100000.0,1000.0,20,10000.0,25333.178,8062.269,3250.4297,-4710.5645,215792.11,-231757.97,3482665.0,0.0,0.045330953,0.045330953,9.91171e-05,0.0003,25786.492,0.007318719053268433,850.6177976131439,110000,,,,,,,,,,,,,,,,,,,,,,,
0.006926702,0.0,1.0301836,0.054461837,100000.0,1000.0,20,10000.0,11621.629,7877.228,3569.1382,-4846.6816,14515.309,-16584.477,521338.25,0.0,0.056105692,0.056105692,9.896442e-05,0.0003,12182.692,0.007575237321853638,888.4941120147705,115000,,,,,,,,,,,,,,,,,,,,,,,
0.005791051,0.0,1.0152042,0.053584795,100000.0,1000.0,20,10000.0,43471.516,8214.812,3625.0474,-5001.7324,161188.03,-179941.64,2077183.8,0.0,0.05439951,0.05439951,9.8799705e-05,0.0003,44015.516,0.007296141242980957,924.9749383926392,120000,,,,,,,,,,,,,,,,,,,,,,,
0.0063409396,0.0,0.5855018,0.05084567,100000.0,1000.0,20,10000.0,11117.201,8126.749,3851.4429,-5182.2637,46430.71,-39858.684,699192.6,0.0,0.02977023,0.02977023,9.8623015e-05,0.0003,11414.909,0.006956590127944947,959.7580063343048,125000,,,,,,,,,,,,,,,,,,,,,,,
0.004995526,0.0,0.992061,0.05077372,100000.0,1000.0,20,10000.0,6726.07,8409.205,3907.0776,-5354.7495,5905.533,-5078.2896,337413.3,0.0,0.050370626,0.050370626,9.843441e-05,0.0003,7229.781,0.007245641183853149,995.9863176345825,130000,,,,,,,,,,,,,,,,,,,,,,,
0.0054728044,0.0,0.78017837,0.050318863,100000.0,1000.0,20,10000.0,9009.813,8801.157,3907.4707,-5515.3115,6362.8896,-6425.428,361476.9,0.0,0.039257687,0.039257687,9.823391e-05,0.0003,9402.396,0.0073717625617980955,1032.8452451229095,135000,,,,,,,,,,,,,,,,,,,,,,,
0.005700309,0.0,1.1491135,0.04947414,100000.0,1000.0,20,10000.0,28340.133,8363.153,3588.261,-5689.502,52110.08,-50960.98,1643233.6,0.0,0.056851406,0.056851406,9.8021614e-05,0.0003,28908.652,0.007496169567108154,1070.326177597046,140000,,,,,,,,,,,,,,,,,,,,,,,
0.006652778,0.0,0.78433764,0.050314844,100000.0,1000.0,20,10000.0,9283.586,8860.317,3652.2434,-5855.846,12362.259,-11506.749,351422.9,0.0,0.039463826,0.039463826,9.779754e-05,0.0003,9678.231,0.0073712260723114015,1107.182347536087,145000,,,,,,,,,,,,,,,,,,,,,,,
0.0048618386,0.0,0.6613154,0.049587727,100000.0,1000.0,20,10000.0,39499.473,8455.383,3416.1763,-6015.8315,71636.78,-75651.22,2156386.0,0.0,0.032793127,0.032793127,9.756177e-05,0.0003,39827.406,0.007451816701889038,1144.4415392875671,150000,,,,,,,,,,,,,,,,,,,,,,,
0.0051155053,0.0,1.1075277,0.047805425,100000.0,1000.0,20,10000.0,27214.703,8715.731,3447.4478,-6238.287,60348.426,-51016.945,1175163.2,0.0,0.05294583,0.05294583,9.7314376e-05,0.0003,27744.168,0.007369452095031738,1181.2889182567596,155000,,,,,,,,,,,,,,,,,,,,,,,
0.0048842076,0.0,1.0274314,0.0481506,100000.0,1000.0,20,10000.0,24770.996,8560.128,3564.9524,-6378.825,49220.37,-74446.62,1502015.1,0.0,0.049471434,0.049471434,9.7055396e-05,0.0003,25265.717,0.007224703311920166,1217.4125456809998,160000,,,,,,,,,,,,,,,,,,,,,,,
0.0057507437,0.0,1.0423274,0.047556993,100000.0,1000.0,20,10000.0,10111.242,9988.578,3591.275,-6531.945,25638.201,-18080.406,555704.25,0.0,0.049569957,0.049569957,9.6784934e-05,0.0003,10606.947,0.0073321878910064696,1254.0736072063446,165000,,,,,,,,,,,,,,,,,,,,,,,
0.003881852,0.0,0.7868614,0.04638725,100000.0,1000.0,20,10000.0,7079.256,9719.322,3998.5393,-6734.66,8965.065,-6899.5264,338868.6,0.0,0.03650034,0.03650034,9.6503034e-05,0.0003,7444.263,0.007269631052017212,1290.4218802452087,170000,,,,,,,,,,,,,,,,,,,,,,,
0.003414359,0.0,0.9718759,0.044493508,100000.0,1000.0,20,10000.0,13960.862,9292.862,3437.384,-6661.403,24545.846,-16375.858,623749.06,0.0,0.043242168,0.043242168,9.62098e-05,0.0003,14393.287,0.0070842851638793945,1325.8434145450592,175000,,,,,,,,,,,,,,,,,,,,,,,
0.0051232288,0.0,1.3317227,0.044814996,100000.0,1000.0,20,10000.0,6639.6377,9389.364,3790.876,-7049.9053,4045.9636,-4288.6807,241910.25,0.0,0.059681147,0.059681147,9.59053e-05,0.0003,7236.454,0.0072126163959503175,1361.9065799713135,180000,,,,,,,,,,,,,,,,,,,,,,,
0.004490351,0.0,0.8967131,0.043086078,100000.0,1000.0,20,10000.0,8274.871,10542.306,3761.539,-7249.0693,5444.459,-5778.3,349821.0,0.0,0.03863585,0.03863585,9.558961e-05,0.0003,8661.234,0.007166643095016479,1397.7398982048035,185000,,,,,,,,,,,,,,,,,,,,,,,
0.005414537,0.0,1.0115067,0.042611416,100000.0,1000.0,20,10000.0,14136.37,10368.797,3770.3247,-7402.15,16905.275,-14165.828,712905.44,0.0,0.04310173,0.04310173,9.526282e-05,0.0003,14567.394,0.007062836217880249,1433.0541803836823,190000,,,,,,,,,,,,,,,,,,,,,,,
0.0051751668,0.0,0.93349075,0.043112952,100000.0,1000.0,20,10000.0,9084.936,10899.3,3837.1475,-7565.302,14759.394,-20819.164,525366.9,0.0,0.040245544,0.040245544,9.4925024e-05,0.0003,9487.3955,0.007131288623809814,1468.7107274532318,195000,,,,,,,,,,,,,,,,,,,,,,,
0.005007933,0.0,0.86871755,0.042024318,100000.0,1000.0,20,10000.0,19957.254,10724.869,3985.2524,-6478.305,27487.297,-33079.48,1129716.0,0.0,0.036507264,0.036507264,9.457632e-05,0.0003,20322.332,0.007030826568603515,1503.8649520874023,200000,,,,,,,,,,,,,,,,,,,,,,,
0.005740074,0.0,1.0648446,0.04154545,100000.0,1000.0,20,10000.0,8422.715,11225.621,3805.796,-7931.0635,5383.1104,-5784.268,377249.88,0.0,0.04423945,0.04423945,9.42168e-05,0.0003,8865.115,0.00913875913619995,1549.5588355064392,205000,,,,,,,,,,,,,,,,,,,,,,,
0.005083905,0.0,0.8109003,0.04130342,100000.0,1000.0,20,10000.0,22686.613,9511.618,3861.881,-8177.464,21623.807,-26215.31,684341.75,0.0,0.033492953,0.033492953,9.384654e-05,0.0003,23021.549,0.007815590143203736,1588.636928319931,210000,,,,,,,,,,,,,,,,,,,,,,,
0.0035570129,0.0,1.0435337,0.040567342,100000.0,1000.0,20,10000.0,25477.55,11771.646,3868.8726,-8435.475,78041.695,-74082.16,3060218.0,0.0,0.042333387,0.042333387,9.346567e-05,0.0003,25900.889,0.007711630249023438,1627.195209980011,215000,,,,,,,,,,,,,,,,,,,,,,,
0.004643852,0.0,0.9074008,0.040600557,100000.0,1000.0,20,10000.0,13042.087,11246.424,4011.1938,-8724.135,14833.825,-11755.453,614558.0,0.0,0.036840975,0.036840975,9.30743e-05,0.0003,13410.502,0.007682892560958862,1665.6097993850708,220000,,,,,,,,,,,,,,,,,,,,,,,
0.004329779,0.0,1.0624499,0.038645748,100000.0,1000.0,20,10000.0,12050.807,12365.2,4307.5454,-9025.981,9128.842,-7898.724,538135.5,0.0,0.041059174,0.041059174,9.267249e-05,0.0003,12461.402,0.007689473962783813,1704.057285308838,225000,,,,,,,,,,,,,,,,,,,,,,,
0.005169225,0.0,1.347743,0.03805097,100000.0,1000.0,20,10000.0,24195.986,12004.412,4247.826,-9373.264,30746.414,-43714.977,1421747.8,0.0,0.051282927,0.051282927,9.2260394e-05,0.0003,24708.822,0.00739094033241272,1741.012101650238,230000,,,,,,,,,,,,,,,,,,,,,,,
0.003058663,0.0,1.0840502,0.037446495,100000.0,1000.0,20,10000.0,16403.102,12349.635,4335.341,-9631.329,37995.54,-27021.752,841180.3,0.0,0.040593877,0.040593877,9.183811e-05,0.0003,16809.045,0.0074116699695587155,1778.07057762146,235000,,,,,,,,,,,,,,,,,,,,,,,
0.004161246,0.0,1.0901188,0.037840724,100000.0,1000.0,20,10000.0,17884.562,13302.831,4259.909,-9787.599,11737.471,-16017.149,664061.0,0.0,0.041250885,0.041250885,9.1405775e-05,0.0003,18297.076,0.007640325546264649,1816.2723169326782,240000,,,,,,,,,,,,,,,,,,,,,,,
0.004428036,0.0,0.9858798,0.03708662,100000.0,1000.0,20,10000.0,15685.293,12418.09,4338.543,-9934.689,25436.959,-36734.254,790993.56,0.0,0.03656295,0.03656295,9.0963455e-05,0.0003,16050.928,0.006930540037155151,1850.9251308441162,245000,,,,,,,,,,,,,,,,,,,,,,,
0.0038788114,0.0,0.66143024,0.036459755,100000.0,1000.0,20,10000.0,85408.22,13245.983,4040.8132,-10091.646,163216.86,-114439.24,2252896.0,0.0,0.024115585,0.024115585,9.051133e-05,0.0003,85649.375,0.0070094484329223635,1885.9724893569946,250000,,,,,,,,,,,,,,,,,,,,,,,
0.005056046,0.0,0.8180354,0.03631805,100000.0,1000.0,20,10000.0,20621.025,11674.378,3986.3638,-10540.559,57658.94,-47199.56,1561216.2,0.0,0.029709449,0.029709449,9.004948e-05,0.0003,20918.125,0.007571574735641479,1923.8304760456085,255000,,,,,,,,,,,,,,,,,,,,,,,
0.0040538292,0.0,0.9677202,0.035579603,100000.0,1000.0,20,10000.0,28144.94,12287.154,4295.4756,-9322.312,90119.22,-118003.54,2802512.8,0.0,0.0344311,0.0344311,8.9578054e-05,0.0003,28489.254,0.00746607837677002,1961.1609661579132,260000,,,,,,,,,,,,,,,,,,,,,,,
0.0060188705,0.0,1.1506189,0.035343636,100000.0,1000.0,20,10000.0,21624.223,14037.592,3888.665,-8014.6133,42364.746,-51546.586,1872943.0,0.0,0.040667057,0.040667057,8.909717e-05,0.0003,22030.898,0.0075408070087432865,1998.8650736808777,265000,,,,,,,,,,,,,,,,,,,,,,,
0.0048058676,0.0,1.0633047,0.035270434,100000.0,1000.0,20,10000.0,57800.137,12451.27,3597.2832,-6979.734,126005.13,-83328.16,2392639.5,0.0,0.037503216,0.037503216,8.860696e-05,0.0003,58175.17,0.0073848623752594,2035.7894396781921,270000,,,,,,,,,,,,,,,,,,,,,,,
0.003169774,0.0,1.0526465,0.034332987,100000.0,1000.0,20,10000.0,16401.006,16001.589,4095.6245,-8334.044,37043.195,-39864.125,1142938.6,0.0,0.0361405,0.0361405,8.810758e-05,0.0003,16762.414,0.007499502754211426,2073.2870151996613,275000,,,,,,,,,,,,,,,,,,,,,,,
0.0034318191,0.0,1.1736292,0.03357447,100000.0,1000.0,20,10000.0,29772.656,16398.049,4150.1016,-4980.7188,70022.375,-60084.418,1812187.2,0.0,0.039403975,0.039403975,8.759914e-05,0.0003,30166.7,0.0071825339794158935,2109.1997368335724,280000,,,,,,,,,,,,,,,,,,,,,,,
0.0026832807,0.0,1.0590298,0.034324896,100000.0,1000.0,20,10000.0,16095.241,15171.533,4557.3965,-3351.007,16083.714,-16960.281,664496.44,0.0,0.03635109,0.03635109,8.708179e-05,0.0003,16458.756,0.0074286401271820065,2146.343002796173,285000,,,,,,,,,,,,,,,,,,,,,,,
0.0041920515,0.0,1.1464841,0.03476958,100000.0,1000.0,20,10000.0,26750.852,11422.46,4205.5527,-4911.891,52459.863,-62821.75,1839310.5,0.0,0.03986277,0.03986277,8.655565e-05,0.0003,27149.482,0.007210807704925537,2182.3971107006073,290000,,,,,,,,,,,,,,,,,,,,,,,
0.0046420456,0.0,0.91286373,0.035149235,100000.0,1000.0,20,10000.0,19856.42,17233.3,4463.976,-5828.994,13480.446,-21003.686,729782.94,0.0,0.03208646,0.03208646,8.602091e-05,0.0003,20177.29,0.007401037263870239,2219.402332305908,295000,,,,,,,,,,,,,,,,,,,,,,,
0.0034409557,0.0,1.1286072,0.034848776,100000.0,1000.0,20,10000.0,66175.766,16574.398,4332.557,-3369.4778,126052.71,-107024.76,3192365.5,0.0,0.03933058,0.03933058,8.547767e-05,0.0003,66569.07,0.007218272733688354,2255.4937698841095,300000,,,,,,,,,,,,,,,,,,,,,,,
0.0040957457,0.0,1.1243733,0.035856247,100000.0,1000.0,20,10000.0,29208.03,15521.271,4282.978,-10362.622,123946.8,-85521.91,1828045.0,0.0,0.040315807,0.040315807,8.49261e-05,0.0003,29611.191,0.009444258546829223,2302.7151927948,305000,,,,,,,,,,,,,,,,,,,,,,,
0.00510149,0.0,0.9832355,0.035919655,100000.0,1000.0,20,10000.0,22174.836,16194.973,4678.506,-2016.7153,20413.299,-32355.385,924071.4,0.0,0.03531748,0.03531748,8.436636e-05,0.0003,22528.016,0.00772531213760376,2341.341863632202,310000,,,,,,,,,,,,,,,,,,,,,,,
0.0028204261,0.0,0.70133996,0.03654006,100000.0,1000.0,20,10000.0,28373.01,17388.887,4736.5103,-11271.664,55928.332,-80459.96,1718524.1,0.0,0.025627004,0.025627004,8.3798586e-05,0.0003,28629.281,0.0076480561256408695,2379.5822632312775,315000,,,,,,,,,,,,,,,,,,,,,,,
0.004121186,0.0,1.0270035,0.036134567,100000.0,1000.0,20,10000.0,25880.469,16811.248,4381.7964,-12167.214,34456.49,-71957.01,1562312.2,0.0,0.03711033,0.03711033,8.322294e-05,0.0003,26251.576,0.007607518100738526,2417.6199481487274,320000,,,,,,,,,,,,,,,,,,,,,,,
0.0035847488,0.0,0.87906426,0.03597374,100000.0,1000.0,20,10000.0,35517.766,17894.977,4605.4517,-640.9274,63703.348,-69149.48,2042719.6,0.0,0.03162323,0.03162323,8.263957e-05,0.0003,35834.0,0.007503999471664429,2455.140067577362,325000,,,,,,,,,,,,,,,,,,,,,,,
0.004875299,0.0,1.0826737,0.036026157,100000.0,1000.0,20,10000.0,23778.148,18421.885,4468.6255,-13442.571,37678.094,-28455.387,1064135.9,0.0,0.03900457,0.03900457,8.2048646e-05,0.0003,24168.197,0.0075960853576660155,2493.120551586151,330000,,,,,,,,,,,,,,,,,,,,,,,
0.0032411716,0.0,0.8207845,0.035937045,100000.0,1000.0,20,10000.0,29521.38,20526.406,4452.012,-12324.091,73484.305,-143305.14,1873153.1,0.0,0.02949657,0.02949657,8.1450344e-05,0.0003,29816.35,0.007284390544891358,2529.542604446411,335000,,,,,,,,,,,,,,,,,,,,,,,
0.0031664632,0.0,0.7743897,0.035547204,100000.0,1000.0,20,10000.0,47901.055,14858.038,4239.708,-3119.1624,165771.05,-198453.66,3403336.8,0.0,0.027527388,0.027527388,8.0844795e-05,0.0003,48176.332,0.007176503324508667,2565.4252228736877,340000,,,,,,,,,,,,,,,,,,,,,,,
0.002548651,0.0,0.912314,0.03467099,100000.0,1000.0,20,10000.0,31985.521,18295.38,4383.1626,-13195.644,49586.65,-53317.945,1312966.0,0.0,0.03163083,0.03163083,8.0232174e-05,0.0003,32301.832,0.007479307889938355,2602.8218789100647,345000,,,,,,,,,,,,,,,,,,,,,,,
0.0049173194,0.0,0.97488785,0.033917006,100000.0,1000.0,20,10000.0,18230.309,15309.962,4592.594,-6830.925,50116.59,-41199.1,1013607.2,0.0,0.033065278,0.033065278,7.961267e-05,0.0003,18560.967,0.0076872145175933835,2641.258064508438,350000,,,,,,,,,,,,,,,,,,,,,,,
0.0046388223,0.0,0.8558927,0.03408744,100000.0,1000.0,20,10000.0,29134.668,21151.89,4225.291,-2347.9485,23319.766,-24322.79,989601.1,0.0,0.029175194,0.029175194,7.898643e-05,0.0003,29426.424,0.007205230188369751,2677.2843055725098,355000,,,,,,,,,,,,,,,,,,,,,,,
0.0028815814,0.0,0.9506563,0.03449948,100000.0,1000.0,20,10000.0,30777.348,15064.092,4106.178,-13757.013,34902.15,-53513.785,1436941.0,0.0,0.03279715,0.03279715,7.835362e-05,0.0003,31105.32,0.007012409019470215,2712.34641122818,360000,,,,,,,,,,,,,,,,,,,,,,,
0.0029286738,0.0,0.9783535,0.034022357,100000.0,1000.0,20,10000.0,39385.953,15197.7295,4396.5146,-13899.036,32260.549,-29566.244,1500116.5,0.0,0.033285893,0.033285893,7.7714445e-05,0.0003,39718.816,0.006739945745468139,2746.0461881160736,365000,,,,,,,,,,,,,,,,,,,,,,,
0.0026479992,0.0,0.88406223,0.033567954,100000.0,1000.0,20,10000.0,55926.383,23099.715,4473.281,-14321.802,236205.52,-240698.97,4585729.5,0.0,0.02967616,0.02967616,7.706907e-05,0.0003,56223.15,0.0071770336627960205,2781.931396484375,370000,,,,,,,,,,,,,,,,,,,,,,,
0.0035008136,0.0,1.0669483,0.032888614,100000.0,1000.0,20,10000.0,21851.469,18870.377,4289.762,-14422.888,38906.105,-10207.099,828416.0,0.0,0.03509045,0.03509045,7.641764e-05,0.0003,22202.377,0.007232694435119629,2818.094971895218,375000,,,,,,,,,,,,,,,,,,,,,,,
0.0021630004,0.0,0.76320523,0.0336818,100000.0,1000.0,20,10000.0,20781.422,18541.898,4441.706,-7623.785,53481.0,-13192.377,852124.56,0.0,0.025706124,0.025706124,7.5760356e-05,0.0003,21038.484,0.007109929275512695,2853.644711256027,380000,,,,,,,,,,,,,,,,,,,,,,,
0.0042252103,0.0,1.1902274,0.033160653,100000.0,1000.0,20,10000.0,35557.883,20848.89,4492.808,-1909.4644,73151.28,-116500.54,2333298.8,0.0,0.039468717,0.039468717,7.50974e-05,0.0003,35952.574,0.007185821056365967,2889.5738825798035,385000,,,,,,,,,,,,,,,,,,,,,,,
0.003599768,0.0,0.81077474,0.032640148,100000.0,1000.0,20,10000.0,32613.686,24438.215,4609.8203,-449.7071,54920.82,-49054.426,1772972.5,0.0,0.026463808,0.026463808,7.442894e-05,0.0003,32878.33,0.007133060169219971,2925.239281654358,390000,,,,,,,,,,,,,,,,,,,,,,,
0.003207198,0.0,0.70466316,0.031967238,100000.0,1000.0,20,10000.0,75123.88,18542.488,4486.977,-15221.249,173458.6,-148985.28,4435382.0,0.0,0.022526136,0.022526136,7.375519e-05,0.0003,75349.14,0.007287263679504394,2961.6756603717804,395000,,,,,,,,,,,,,,,,,,,,,,,
0.0045608454,0.0,1.1228129,0.030694295,100000.0,1000.0,20,10000.0,30398.672,13727.177,4436.592,-1029.0955,33620.21,-50332.47,1287763.5,0.0,0.03446395,0.03446395,7.30763e-05,0.0003,30743.314,0.0071138840198516845,2997.2451503276825,400000,,,,,,,,,,,,,,,,,,,,,,,
0.0033725654,0.0,1.4527364,0.029995417,100000.0,1000.0,20,10000.0,22620.05,25944.78,4847.908,-7542.13,25406.232,-14986.993,780380.56,0.0,0.043575436,0.043575436,7.239246e-05,0.0003,23055.809,0.009285226106643677,3043.671407222748,405000,,,,,,,,,,,,,,,,,,,,,,,
0.0034755557,0.0,1.0326303,0.030398954,100000.0,1000.0,20,10000.0,29310.55,25027.396,4407.608,-16652.777,37352.44,-41445.484,1444250.5,0.0,0.03139088,0.03139088,7.170388e-05,0.0003,29624.463,0.007541758728027344,3081.38032412529,410000,,,,,,,,,,,,,,,,,,,,,,,
0.003631767,0.0,0.80478024,0.030651137,100000.0,1000.0,20,10000.0,21329.094,18224.953,4688.41,-2935.6335,93839.445,-26416.514,996167.0,0.0,0.024667429,0.024667429,7.101073e-05,0.0003,21575.771,0.007407224225997925,3118.416546344757,415000,,,,,,,,,,,,,,,,,,,,,,,
0.002745723,0.0,0.7810389,0.029329805,100000.0,1000.0,20,10000.0,69295.78,16815.87,4761.575,-323.01022,320635.44,-318495.8,5747448.5,0.0,0.022907717,0.022907717,7.0313195e-05,0.0003,69524.86,0.0072844429016113285,3154.8388743400574,420000,,,,,,,,,,,,,,,,,,,,,,,
0.0033673868,0.0,1.5530242,0.02918884,100000.0,1000.0,20,10000.0,42047.617,27585.432,4599.3477,-665.42163,146747.55,-34963.29,1735870.8,0.0,0.04533097,0.04533097,6.961148e-05,0.0003,42500.93,0.007491131687164307,3192.2946362495422,425000,,,,,,,,,,,,,,,,,,,,,,,
0.0030930887,0.0,1.1132265,0.029775789,100000.0,1000.0,20,10000.0,29724.057,20221.1,4857.862,-314.50717,68359.83,-45547.46,1626962.5,0.0,0.0331472,0.0331472,6.890576e-05,0.0003,30055.533,0.007348522138595581,3229.037355899811,430000,,,,,,,,,,,,,,,,,,,,,,,
0.0030329423,0.0,0.835011,0.029039297,100000.0,1000.0,20,10000.0,29965.639,26629.193,4611.3354,-6121.8545,48604.03,-73862.45,1466427.0,0.0,0.024248132,0.024248132,6.8196256e-05,0.0003,30208.123,0.007504106569290161,3266.5580022335052,435000,,,,,,,,,,,,,,,,,,,,,,,
0.0043691746,0.0,1.0828182,0.02933221,100000.0,1000.0,20,10000.0,28300.785,28392.338,4736.449,-387.36597,79471.055,-54178.98,2012134.1,0.0,0.03176145,0.03176145,6.748313e-05,0.0003,28618.404,0.007553116989135742,3304.323666334152,440000,,,,,,,,,,,,,,,,,,,,,,,
0.003250633,0.0,1.249043,0.029726846,100000.0,1000.0,20,10000.0,21100.293,21280.02,5007.9844,-755.28345,25272.902,-13135.078,969541.4,0.0,0.03713011,0.03713011,6.67666e-05,0.0003,21471.598,0.007474898338317871,3341.698267698288,445000,,,,,,,,,,,,,,,,,,,,,,,
0.0037142902,0.0,0.82719564,0.029312655,100000.0,1000.0,20,10000.0,115154.49,29573.605,5029.5757,-613.9948,593364.9,-139199.19,8629010.0,0.0,0.0242473,0.0242473,6.604685e-05,0.0003,115396.97,0.007094058418273925,3377.1686680316925,450000,,,,,,,,,,,,,,,,,,,,,,,
0.0036277296,0.0,0.8768436,0.028806929,100000.0,1000.0,20,10000.0,35921.18,28727.324,4431.5107,-18270.787,40551.668,-130639.02,1592014.4,0.0,0.02525917,0.02525917,6.5324086e-05,0.0003,36173.773,0.0073450547218322755,3413.894049882889,455000,,,,,,,,,,,,,,,,,,,,,,,
0.003541962,0.0,0.7438034,0.028665965,100000.0,1000.0,20,10000.0,53423.35,20361.67,4782.9565,-3139.0193,78582.484,-46660.613,1989684.2,0.0,0.021321842,0.021321842,6.4598484e-05,0.0003,53636.574,0.007173657751083374,3449.7624473571777,460000,,,,,,,,,,,,,,,,,,,,,,,
0.0032026728,0.0,1.0884404,0.028159872,100000.0,1000.0,20,10000.0,44474.938,29514.879,4421.9287,-3745.831,67475.05,-100499.61,1822382.9,0.0,0.030650342,0.030650342,6.387027e-05,0.0003,44781.445,0.007274868488311767,3486.1368951797485,465000,,,,,,,,,,,,,,,,,,,,,,,
0.004085982,0.0,1.196054,0.028678132,100000.0,1000.0,20,10000.0,60070.125,32438.479,4454.096,-447.93826,134426.78,-76911.086,3806908.5,0.0,0.034300596,0.034300596,6.3139625e-05,0.0003,60413.137,0.007206470727920532,3522.1693317890167,470000,,,,,,,,,,,,,,,,,,,,,,,
0.0028135697,0.0,1.007493,0.029135076,100000.0,1000.0,20,10000.0,100952.69,23066.734,4684.251,-8473.006,223464.03,-157191.33,6470325.5,0.0,0.029353384,0.029353384,6.2406754e-05,0.0003,101246.22,0.007442805814743042,3559.3834686279297,475000,,,,,,,,,,,,,,,,,,,,,,,
0.0025498746,0.0,1.1456988,0.0289302,100000.0,1000.0,20,10000.0,30836.809,31477.814,4104.0815,-2455.0605,53826.297,-23980.89,1171699.8,0.0,0.033145297,0.033145297,6.167186e-05,0.0003,31168.264,0.007230456399917602,3595.5358562469482,480000,,,,,,,,,,,,,,,,,,,,,,,
0.003456606,0.0,0.9236924,0.02892763,100000.0,1000.0,20,10000.0,38634.49,31433.447,4766.12,-2488.0608,42455.082,-51271.043,1856997.8,0.0,0.026720231,0.026720231,6.093515e-05,0.0003,38901.695,0.00731957745552063,3632.1338539123535,485000,,,,,,,,,,,,,,,,,,,,,,,
0.0034094783,0.0,1.0031959,0.02905103,100000.0,1000.0,20,10000.0,24072.326,16371.452,4490.3027,-9224.75,60738.133,-77794.8,1434954.0,0.0,0.029143874,0.029143874,6.0196806e-05,0.0003,24363.77,0.006982144260406494,3667.0446746349335,490000,,,,,,,,,,,,,,,,,,,,,,,
0.002448738,0.0,0.9662434,0.029099768,100000.0,1000.0,20,10000.0,51366.03,19624.834,5009.701,-1450.6566,409818.97,-108126.11,2541965.2,0.0,0.028117457,0.028117457,5.945705e-05,0.0003,51647.21,0.007071064472198486,3702.4000959396362,495000,,,,,,,,,,,,,,,,,,,,,,,
0.003449221,0.0,0.77485174,0.029220343,100000.0,1000.0,20,10000.0,36915.91,25196.65,5022.2593,-2231.0522,240211.47,-33691.586,1916888.5,0.0,0.022641432,0.022641432,5.8716072e-05,0.0003,37142.33,0.007228088092803955,3738.540625810623,500000,,,,,,,,,,,,,,,,,,,,,,,
0.002165875,0.0,1.05511,0.029407376,100000.0,1000.0,20,10000.0,48743.938,31092.482,4636.9307,-7299.761,284983.16,-121856.64,3515993.2,0.0,0.031028017,0.031028017,5.7974077e-05,0.0003,49054.223,0.009590426397323609,3786.492882490158,505000,,,,,,,,,,,,,,,,,,,,,,,
0.0021539005,0.0,1.0012131,0.028473347,100000.0,1000.0,20,10000.0,649674.25,35617.453,5104.466,-943.15674,6308202.5,-5394195.5,105032040.0,0.0,0.028507888,0.028507888,5.7231267e-05,0.0003,649959.3,0.007774067783355713,3825.363349914551,510000,,,,,,,,,,,,,,,,,,,,,,,
0.002915725,0.0,1.2840137,0.028578684,100000.0,1000.0,20,10000.0,160247.1,18979.049,4573.465,-2176.1184,1121418.0,-1590657.8,23528920.0,0.0,0.03669542,0.03669542,5.6487854e-05,0.0003,160614.05,0.007574971294403076,3863.2383077144623,515000,,,,,,,,,,,,,,,,,,,,,,,
0.0023325311,0.0,0.8954666,0.028934205,100000.0,1000.0,20,10000.0,115147.07,38203.43,5088.8843,-414.1483,887718.25,-229822.53,5266112.0,0.0,0.025909614,0.025909614,5.574403e-05,0.0003,115406.164,0.007386380243301392,3900.1702933311462,520000,,,,,,,,,,,,,,,,,,,,,,,
0.002159228,0.0,0.7082093,0.027684728,100000.0,1000.0,20,10000.0,31459.373,15778.772,4261.8174,-3427.7366,44421.02,-28270.514,1283749.8,0.0,0.019606581,0.019606581,5.5000004e-05,0.0003,31655.441,0.007527095079421997,3937.8058199882507,525000,,,,,,,,,,,,,,,,,,,,,,,
0.002753037,0.0,0.8112684,0.026754191,100000.0,1000.0,20,10000.0,37246.688,14196.135,4188.2744,-1605.4779,147785.0,-24764.906,1364676.8,0.0,0.021704828,0.021704828,5.4255972e-05,0.0003,37463.74,0.007713396596908569,3976.372893810272,530000,,,,,,,,,,,,,,,,,,,,,,,
0.003695285,0.0,1.2249982,0.025656164,100000.0,1000.0,20,10000.0,135013.1,19954.486,4556.282,-3689.173,1742013.8,-2137343.5,37187970.0,0.0,0.031428754,0.031428754,5.3512147e-05,0.0003,135327.38,0.007634466457366943,4014.5453214645386,535000,,,,,,,,,,,,,,,,,,,,,,,
0.003087874,0.0,1.4103906,0.025720093,100000.0,1000.0,20,10000.0,67014.99,40666.273,4759.809,-1019.9147,140891.98,-128042.6,3142326.0,0.0,0.03627538,0.03627538,5.276873e-05,0.0003,67377.74,0.007554595041275024,4052.318410873413,540000,,,,,,,,,,,,,,,,,,,,,,,
0.0018720317,0.0,0.77780974,0.026111975,100000.0,1000.0,20,10000.0,1386118.2,36619.766,4888.375,-2737.5674,1835072.0,-1466305.1,41136240.0,0.0,0.020310149,0.020310149,5.2025924e-05,0.0003,1386321.4,0.007466226434707642,4089.649655342102,545000,,,,,,,,,,,,,,,,,,,,,,,
0.0025750552,0.0,0.93192655,0.026429152,100000.0,1000.0,20,10000.0,38932.625,14355.309,4239.867,-655.2819,151474.7,-102832.15,3288581.5,0.0,0.024630029,0.024630029,5.1283936e-05,0.0003,39178.93,0.007415963506698609,4126.72958111763,550000,,,,,,,,,,,,,,,,,,,,,,,
0.0025773998,0.0,1.0832955,0.02509225,100000.0,1000.0,20,10000.0,69910.69,40273.715,4801.1875,-1332.8889,684547.3,-322519.06,7290426.5,0.0,0.02718232,0.02718232,5.0542945e-05,0.0003,70182.51,0.0075456240653991695,4164.45778465271,555000,,,,,,,,,,,,,,,,,,,,,,,
0.002258459,0.0,1.1667049,0.025345726,100000.0,1000.0,20,10000.0,67790.41,24546.354,4749.9375,-524.06213,117050.484,-162434.03,3412218.8,0.0,0.029570984,0.029570984,4.9803188e-05,0.0003,68086.12,0.007070229768753052,4199.809011697769,560000,,,,,,,,,,,,,,,,,,,,,,,
0.0027687675,0.0,1.0091153,0.025659237,100000.0,1000.0,20,10000.0,43111.75,35741.55,5100.966,-1448.8152,298711.9,-191827.28,3432523.2,0.0,0.02589313,0.02589313,4.9064853e-05,0.0003,43370.684,0.007559557771682739,4237.606904745102,565000,,,,,,,,,,,,,,,,,,,,,,,
0.0027715412,0.0,1.1474725,0.026412362,100000.0,1000.0,20,10000.0,23800.574,29243.578,4469.7075,-1504.942,84966.73,-47356.234,1448362.8,0.0,0.03030746,0.03030746,4.8328133e-05,0.0003,24103.65,0.007363789892196655,4274.425958871841,570000,,,,,,,,,,,,,,,,,,,,,,,
0.0029527168,0.0,0.8780553,0.028471468,100000.0,1000.0,20,10000.0,58051.56,29441.848,4886.7334,-1164.009,88932.11,-125904.336,3456818.5,0.0,0.024999522,0.024999522,4.7593247e-05,0.0003,58301.56,0.007367668104171753,4311.264390945435,575000,,,,,,,,,,,,,,,,,,,,,,,
0.0024318695,0.0,1.079666,0.028417576,100000.0,1000.0,20,10000.0,29908.273,46178.504,5071.0845,-1456.3472,34836.066,-53620.594,1456913.8,0.0,0.03068149,0.03068149,4.686038e-05,0.0003,30215.09,0.007286421298980713,4347.696585178375,580000,,,,,,,,,,,,,,,,,,,,,,,
0.0030380152,0.0,0.75250834,0.028552428,100000.0,1000.0,20,10000.0,55546.92,43214.74,4605.7637,-1765.8044,197279.73,-141171.97,3814911.5,0.0,0.02148594,0.02148594,4.612974e-05,0.0003,55761.785,0.007199138784408569,4383.6923360824585,585000,,,,,,,,,,,,,,,,,,,,,,,
0.0026344117,0.0,0.70431167,0.028239762,100000.0,1000.0,20,10000.0,64511.195,17517.652,4749.685,-1805.8453,110439.016,-193279.97,2223558.0,0.0,0.019889593,0.019889593,4.540152e-05,0.0003,64710.094,0.007122771120071411,4419.30627322197,590000,,,,,,,,,,,,,,,,,,,,,,,
0.0029023266,0.0,1.1400167,0.028594298,100000.0,1000.0,20,10000.0,43610.684,14688.723,4861.202,-2012.337,161674.5,-90833.83,2144447.0,0.0,0.032597978,0.032597978,4.467592e-05,0.0003,43936.668,0.00704179892539978,4454.515331983566,595000,,,,,,,,,,,,,,,,,,,,,,,
0.0058219433,0.0,0.8097136,0.028038898,100000.0,1000.0,20,10000.0,41502.734,18521.02,4657.85,-6119.3335,189029.56,-81131.97,2444970.2,0.0,0.022703476,0.022703476,4.3953154e-05,0.0003,41729.773,0.0072038074970245366,4490.534430265427,600000,,,,,,,,,,,,,,,,,,,,,,,
0.0025294526,0.0,0.7805955,0.027622258,100000.0,1000.0,20,10000.0,36393.406,16248.791,4263.1396,-3040.1274,97376.586,-55860.63,2117990.5,0.0,0.021561809,0.021561809,4.3233405e-05,0.0003,36609.027,0.008817499351501465,4534.622031927109,605000,,,,,,,,,,,,,,,,,,,,,,,
0.0030168137,0.0,1.0085616,0.02711994,100000.0,1000.0,20,10000.0,63553.348,50022.9,4611.539,-5752.7407,206991.36,-222972.81,4207790.0,0.0,0.027352132,0.027352132,4.251687e-05,0.0003,63826.87,0.007195332098007202,4570.598808050156,610000,,,,,,,,,,,,,,,,,,,,,,,
0.0018190643,0.0,1.1337138,0.026234671,100000.0,1000.0,20,10000.0,28559.582,18433.812,4718.74,-1866.5674,127769.1,-106656.81,3025702.5,0.0,0.02974261,0.02974261,4.1803753e-05,0.0003,28857.01,0.007386974668502808,4607.533814668655,615000,,,,,,,,,,,,,,,,,,,,,,,
0.002077056,0.0,0.91317743,0.026943833,100000.0,1000.0,20,10000.0,62082.133,19609.822,4516.2725,-3890.239,133758.0,-102088.47,2721445.5,0.0,0.0246045,0.0246045,4.1094238e-05,0.0003,62328.184,0.007597052192687988,4645.519188165665,620000,,,,,,,,,,,,,,,,,,,,,,,
0.0023506328,0.0,0.93536425,0.026053373,100000.0,1000.0,20,10000.0,26395.129,18964.803,4421.7695,-1428.1273,45407.1,-35406.01,1087072.5,0.0,0.024369393,0.024369393,4.0388528e-05,0.0003,26638.824,0.007352760887145996,4682.2831172943115,625000,,,,,,,,,,,,,,,,,,,,,,,
0.0023945568,0.0,0.91544294,0.026207054,100000.0,1000.0,20,10000.0,27590.76,39618.266,4406.506,-2973.068,30298.2,-82568.36,1039187.75,0.0,0.023991063,0.023991063,3.9686805e-05,0.0003,27830.672,0.007468241214752197,4719.62442278862,630000,,,,,,,,,,,,,,,,,,,,,,,
0.0020914953,0.0,0.84839225,0.025718933,100000.0,1000.0,20,10000.0,54217.594,16061.771,4324.208,-5369.6963,144092.56,-119797.95,3392610.0,0.0,0.021819742,0.021819742,3.8989278e-05,0.0003,54435.797,0.007266368865966797,4755.956392049789,635000,,,,,,,,,,,,,,,,,,,,,,,
0.0023750928,0.0,1.1133369,0.024939813,100000.0,1000.0,20,10000.0,89100.59,26250.297,4658.508,-2519.5728,179465.08,-226375.48,3917668.8,0.0,0.027766416,0.027766416,3.8296123e-05,0.0003,89378.26,0.007359518814086914,4792.754115581512,640000,,,,,,,,,,,,,,,,,,,,,,,
0.002390434,0.0,1.1694082,0.02520065,100000.0,1000.0,20,10000.0,245620.45,23116.518,4451.918,-1862.9257,460134.62,-420522.28,10215065.0,0.0,0.029469844,0.029469844,3.7607537e-05,0.0003,245915.16,0.0072488730907440185,4828.998605489731,645000,,,,,,,,,,,,,,,,,,,,,,,
0.002042546,0.0,1.2057278,0.025208665,100000.0,1000.0,20,10000.0,62915.316,18553.135,4488.5225,-2498.763,138720.1,-215503.17,5331533.0,0.0,0.030394789,0.030394789,3.692371e-05,0.0003,63219.27,0.007541374397277832,4866.7055995464325,650000,,,,,,,,,,,,,,,,,,,,,,,
0.0020741757,0.0,0.93959194,0.024797697,100000.0,1000.0,20,10000.0,96860.12,53997.117,4343.6064,-1857.873,2501879.5,-853868.6,18684568.0,0.0,0.023299716,0.023299716,3.6244823e-05,0.0003,97093.12,0.007173486566543579,4902.573153972626,655000,,,,,,,,,,,,,,,,,,,,,,,
0.0023865611,0.0,1.2626736,0.023330135,100000.0,1000.0,20,10000.0,35451.68,25292.643,4164.0312,-4696.047,38566.316,-60169.44,1465616.2,0.0,0.029458346,0.029458346,3.5571058e-05,0.0003,35746.266,0.007524464893341064,4940.195600032806,660000,,,,,,,,,,,,,,,,,,,,,,,
0.0024220343,0.0,0.80001074,0.023071256,100000.0,1000.0,20,10000.0,47070.633,53961.406,4782.917,-3311.472,137006.97,-121649.46,2668253.2,0.0,0.018457253,0.018457253,3.490261e-05,0.0003,47255.21,0.007287402057647705,4976.632689714432,665000,,,,,,,,,,,,,,,,,,,,,,,
0.0024910853,0.0,0.97054654,0.022084972,100000.0,1000.0,20,10000.0,36748.656,18608.533,4132.5527,-1621.4729,63316.254,-91158.164,1581390.1,0.0,0.021434493,0.021434493,3.4239645e-05,0.0003,36963.004,0.007360490465164185,5013.435188055038,670000,,,,,,,,,,,,,,,,,,,,,,,
0.0026939202,0.0,0.9237313,0.022601856,100000.0,1000.0,20,10000.0,23886.861,19059.4,4574.3413,-1600.0842,48321.496,-22747.076,868536.5,0.0,0.020878041,0.020878041,3.3582368e-05,0.0003,24095.645,0.00733263635635376,5050.098484039307,675000,,,,,,,,,,,,,,,,,,,,,,,
0.0027162712,0.0,1.08687,0.023047127,100000.0,1000.0,20,10000.0,80650.68,54756.754,4917.701,-1477.4663,202563.36,-115923.47,2312317.0,0.0,0.025049232,0.025049232,3.2930948e-05,0.0003,80901.17,0.007554081153869629,5087.868999242783,680000,,,,,,,,,,,,,,,,,,,,,,,
0.0025701202,0.0,0.7106056,0.02234356,100000.0,1000.0,20,10000.0,67433.74,16550.719,4210.578,-1358.8934,144791.73,-249419.02,3663515.2,0.0,0.01587746,0.01587746,3.228555e-05,0.0003,67592.516,0.007399994230270386,5124.869053602219,685000,,,,,,,,,,,,,,,,,,,,,,,
0.0019989598,0.0,1.1024022,0.022180025,100000.0,1000.0,20,10000.0,15126.877,18240.242,4199.576,-3848.9695,9055.122,-25468.865,621054.75,0.0,0.024451308,0.024451308,3.1646374e-05,0.0003,15371.392,0.007154073858261108,5160.639539480209,690000,,,,,,,,,,,,,,,,,,,,,,,
0.002351782,0.0,0.7957067,0.022056103,100000.0,1000.0,20,10000.0,16907.543,11770.675,4182.8184,-7530.276,21544.277,-16648.037,725608.94,0.0,0.017550189,0.017550189,3.1013573e-05,0.0003,17083.047,0.007361163663864136,5197.445444345474,695000,,,,,,,,,,,,,,,,,,,,,,,
0.0029930142,0.0,0.8962303,0.022790393,100000.0,1000.0,20,10000.0,20717.633,43768.168,4448.7354,-1893.7085,24544.117,-26521.69,994594.0,0.0,0.020425439,0.020425439,3.0387337e-05,0.0003,20921.89,0.007166496276855469,5233.27801656723,700000,,,,,,,,,,,,,,,,,,,,,,,
0.0023308431,0.0,1.0162351,0.022514401,100000.0,1000.0,20,10000.0,38472.234,62117.555,4599.886,-695.94666,473151.28,-155876.36,3477322.0,0.0,0.022879925,0.022879925,2.9767822e-05,0.0003,38701.04,0.009408256959915162,5280.319413900375,705000,,,,,,,,,,,,,,,,,,,,,,,
0.0019017081,0.0,0.81267,0.023084383,100000.0,1000.0,20,10000.0,69656.44,47302.38,4413.7305,-3422.5874,1042418.94,-314839.84,7823482.0,0.0,0.018759986,0.018759986,2.9155208e-05,0.0003,69844.04,0.007637008237838745,5318.50456237793,710000,,,,,,,,,,,,,,,,,,,,,,,
0.001962844,0.0,0.7397477,0.022303814,100000.0,1000.0,20,10000.0,19268.205,17441.963,4024.537,-1951.9303,76498.17,-19630.523,912879.1,0.0,0.016499195,0.016499195,2.8549664e-05,0.0003,19433.2,0.007401608419418335,5355.512717247009,715000,,,,,,,,,,,,,,,,,,,,,,,
0.0023272084,0.0,1.0821097,0.022842998,100000.0,1000.0,20,10000.0,42026.824,44152.316,4078.6604,-5115.782,92829.234,-29867.855,1668778.2,0.0,0.02471863,0.02471863,2.7951346e-05,0.0003,42274.016,0.007864724349975587,5394.836454153061,720000,,,,,,,,,,,,,,,,,,,,,,,
0.0019360789,0.0,1.1933483,0.024322601,100000.0,1000.0,20,10000.0,52878.67,32599.275,4299.627,-1398.2565,586051.44,-197677.48,4674016.5,0.0,0.029025335,0.029025335,2.736043e-05,0.0003,53168.926,0.007484203958511353,5432.257548093796,725000,,,,,,,,,,,,,,,,,,,,,,,
0.0022008666,0.0,0.9897451,0.024282917,100000.0,1000.0,20,10000.0,21608.37,14433.822,4480.296,-1414.6934,15531.621,-14025.489,819778.5,0.0,0.024033898,0.024033898,2.6777061e-05,0.0003,21848.71,0.007305784177780152,5468.786571979523,730000,,,,,,,,,,,,,,,,,,,,,,,
0.0024294818,0.0,0.74439794,0.023829004,100000.0,1000.0,20,10000.0,49541.066,65670.42,4513.455,-1400.6254,2175650.8,-912694.06,6706875.5,0.0,0.01773826,0.01773826,2.6201416e-05,0.0003,49718.453,0.0075460550308227535,5506.516945362091,735000,,,,,,,,,,,,,,,,,,,,,,,
0.002877741,0.0,0.9406585,0.024360364,100000.0,1000.0,20,10000.0,341344.9,27565.992,4421.3115,-8530.53,3300532.5,-2942390.0,58857424.0,0.0,0.022914784,0.022914784,2.5633639e-05,0.0003,341574.06,0.007530854797363281,5544.171320915222,740000,,,,,,,,,,,,,,,,,,,,,,,
0.0019318596,0.0,1.0893056,0.024706872,100000.0,1000.0,20,10000.0,121380.125,66999.375,4578.3604,-1052.5968,432945.22,-1378857.0,9437734.0,0.0,0.026913337,0.026913337,2.5073889e-05,0.0003,121649.26,0.007727209043502808,5582.807457208633,745000,,,,,,,,,,,,,,,,,,,,,,,
0.0024280057,0.0,1.2533842,0.024571976,100000.0,1000.0,20,10000.0,17015.24,21547.926,4179.37,-1575.7278,32012.832,-12434.165,773899.25,0.0,0.030798126,0.030798126,2.4522331e-05,0.0003,17323.223,0.007467260646820069,5620.143862962723,750000,,,,,,,,,,,,,,,,,,,,,,,
0.0024275237,0.0,1.2023957,0.024815682,100000.0,1000.0,20,10000.0,55081.258,18199.018,4389.91,-2878.7021,790594.4,-258069.9,6560698.0,0.0,0.029838271,0.029838271,2.3979092e-05,0.0003,55379.645,0.007482278966903687,5657.555323839188,755000,,,,,,,,,,,,,,,,,,,,,,,
0.002219712,0.0,1.054237,0.023906507,100000.0,1000.0,20,10000.0,263556.72,34076.887,3986.4385,-1784.679,2563499.2,-2851483.0,47401616.0,0.0,0.025203124,0.025203124,2.3444345e-05,0.0003,263808.75,0.0071450658321380615,5693.280704498291,760000,,,,,,,,,,,,,,,,,,,,,,,
0.0019593928,0.0,0.8396139,0.023097178,100000.0,1000.0,20,10000.0,37682.547,13363.3545,3807.1248,-3489.4844,285016.6,-255181.14,3006449.0,0.0,0.019392712,0.019392712,2.2918219e-05,0.0003,37876.477,0.007698399448394775,5731.772751331329,765000,,,,,,,,,,,,,,,,,,,,,,,
0.0018193775,0.0,0.8966538,0.022822192,100000.0,1000.0,20,10000.0,35326.254,13203.541,4434.914,-2595.6172,43871.46,-80138.64,1268793.9,0.0,0.020463604,0.020463604,2.2400869e-05,0.0003,35530.89,0.00714978814125061,5767.521734714508,770000,,,,,,,,,,,,,,,,,,,,,,,
0.0021841284,0.0,0.6888817,0.022672405,100000.0,1000.0,20,10000.0,77374.43,54110.73,4498.877,-1426.9939,642069.25,-2570295.5,17162104.0,0.0,0.015618606,0.015618606,2.1892429e-05,0.0003,77530.62,0.007251773738861084,5803.780703544617,775000,,,,,,,,,,,,,,,,,,,,,,,
0.0019934578,0.0,1.2336718,0.021930823,100000.0,1000.0,20,10000.0,1774771.9,67412.016,4502.708,-2992.2915,3173532.8,-2755245.2,76950370.0,0.0,0.027055439,0.027055439,2.1393029e-05,0.0003,1775042.4,0.007605332756042481,5841.807466030121,780000,,,,,,,,,,,,,,,,,,,,,,,
0.0018218982,0.0,1.0023116,0.022385854,100000.0,1000.0,20,10000.0,120915.02,33585.934,4520.0283,-1523.2655,753099.6,-714686.1,11582602.0,0.0,0.022437602,0.022437602,2.0902831e-05,0.0003,121139.4,0.007469619131088257,5879.15563583374,785000,,,,,,,,,,,,,,,,,,,,,,,
0.0022567334,0.0,1.1675141,0.021954346,100000.0,1000.0,20,10000.0,22779.46,26308.895,4146.584,-4402.076,74610.73,-201365.0,2712229.0,0.0,0.025632009,0.025632009,2.0421947e-05,0.0003,23035.783,0.007314198064804077,5915.726718902588,790000,,,,,,,,,,,,,,,,,,,,,,,
0.0021904137,0.0,1.0838246,0.021792416,100000.0,1000.0,20,10000.0,26595.543,18833.164,4513.271,-2152.3489,44798.703,-62802.625,1134301.1,0.0,0.023619156,0.023619156,1.9950523e-05,0.0003,26831.736,0.00713477463722229,5951.400655031204,795000,,,,,,,,,,,,,,,,,,,,,,,
0.0021549799,0.0,0.8242461,0.022794519,100000.0,1000.0,20,10000.0,26224.889,36339.023,4253.299,-1666.2924,78459.58,-36439.85,1394944.5,0.0,0.018788293,0.018788293,1.9488682e-05,0.0003,26412.773,0.007130789804458618,5987.054685115814,800000,,,,,,,,,,,,,,,,,,,,,,,
0.0017707072,0.0,0.52984214,0.021741167,100000.0,1000.0,20,10000.0,27433.389,18035.744,4360.0635,-5047.0933,99065.08,-195068.11,2951193.0,0.0,0.011519387,0.011519387,1.9036543e-05,0.0003,27548.584,0.009880577659606933,6036.457752227783,805000,,,,,,,,,,,,,,,,,,,,,,,
0.0024186803,0.0,0.9510146,0.021904489,100000.0,1000.0,20,10000.0,102206.58,75474.86,4445.2007,-2130.0837,1017592.44,-1732209.2,18468464.0,0.0,0.020831488,0.020831488,1.859424e-05,0.0003,102414.89,0.007739351654052734,6075.1546511650085,810000,,,,,,,,,,,,,,,,,,,,,,,
0.0024510582,0.0,0.6617363,0.022360543,100000.0,1000.0,20,10000.0,49893.613,20939.963,4055.6333,-5435.5312,600913.56,-585880.8,10344070.0,0.0,0.014796783,0.014796783,1.8161878e-05,0.0003,50041.586,0.007919671487808227,6114.75314283371,815000,,,,,,,,,,,,,,,,,,,,,,,
0.0020397755,0.0,0.69505,0.021975156,100000.0,1000.0,20,10000.0,522239.47,32423.447,4029.2637,-1706.8553,927871.1,-7513667.0,35700960.0,0.0,0.015273832,0.015273832,1.7739603e-05,0.0003,522392.22,0.0077201858520507816,6153.354209423065,820000,,,,,,,,,,,,,,,,,,,,,,,
0.0021437404,0.0,1.1935958,0.02125579,100000.0,1000.0,20,10000.0,36704.746,79072.305,4561.498,-2092.7285,205561.08,-1437350.9,5131590.5,0.0,0.025370818,0.025370818,1.7327511e-05,0.0003,36958.457,0.007622213745117188,6191.465397596359,825000,,,,,,,,,,,,,,,,,,,,,,,
0.0017146482,0.0,1.0036707,0.021350034,100000.0,1000.0,20,10000.0,15425.306,13642.004,4112.955,-1972.6738,144437.72,-35196.707,887970.1,0.0,0.021428403,0.021428403,1.6925713e-05,0.0003,15639.592,0.00732867751121521,6228.10888671875,830000,,,,,,,,,,,,,,,,,,,,,,,
0.0023014392,0.0,1.0821552,0.022187106,100000.0,1000.0,20,10000.0,222992.78,20918.469,4373.05,-2158.0142,2670491.0,-2575190.5,40573296.0,0.0,0.024009895,0.024009895,1.653433e-05,0.0003,223232.88,0.007812207460403443,6267.170038461685,835000,,,,,,,,,,,,,,,,,,,,,,,
0.0023089,0.0,1.1460052,0.021120943,100000.0,1000.0,20,10000.0,22215.064,81315.12,4764.628,-6516.2114,314693.06,-38895.598,1350956.4,0.0,0.024204709,0.024204709,1.6153459e-05,0.0003,22457.113,0.007655432558059692,6305.447293043137,840000,,,,,,,,,,,,,,,,,,,,,,,
0.0025983425,0.0,1.2015197,0.021941228,100000.0,1000.0,20,10000.0,84642.73,81600.53,4539.6055,-2167.3174,4936634.0,-260860.22,13246950.0,0.0,0.026362818,0.026362818,1.5783213e-05,0.0003,84906.35,0.007651695394515991,6343.705886602402,845000,,,,,,,,,,,,,,,,,,,,,,,
0.0024173106,0.0,1.1652558,0.02178109,100000.0,1000.0,20,10000.0,475735.38,26023.557,4079.7761,-4147.708,2103489.0,-1645837.0,34386130.0,0.0,0.02538054,0.02538054,1.542368e-05,0.0003,475989.2,0.007251106786727905,6379.9615387916565,850000,,,,,,,,,,,,,,,,,,,,,,,
0.0021611012,0.0,1.3210568,0.0217491,100000.0,1000.0,20,10000.0,37377.56,73809.664,4587.663,-3661.3706,72851.88,-177768.31,2242107.0,0.0,0.028731797,0.028731797,1.5074969e-05,0.0003,37664.88,0.007772938346862793,6418.826345920563,855000,,,,,,,,,,,,,,,,,,,,,,,
0.0020895475,0.0,1.3224827,0.022060042,100000.0,1000.0,20,10000.0,130833.03,35854.535,4319.9434,-2129.9565,586652.9,-920437.1,11678432.0,0.0,0.029174024,0.029174024,1.4737181e-05,0.0003,131124.77,0.007601727533340454,6456.835091114044,860000,,,,,,,,,,,,,,,,,,,,,,,
0.0024833793,0.0,1.0298321,0.02249872,100000.0,1000.0,20,10000.0,79816.56,83198.38,4465.151,-1272.7277,610163.75,-11289865.0,25195528.0,0.0,0.023169903,0.023169903,1.4410394e-05,0.0003,80048.26,0.007180622339248657,6492.738296031952,865000,,,,,,,,,,,,,,,,,,,,,,,
0.001909757,0.0,0.80439925,0.022273518,100000.0,1000.0,20,10000.0,90040.42,16207.671,4251.6143,-1873.0394,333438.72,-298653.3,5539664.0,0.0,0.0179168,0.0179168,1.4094706e-05,0.0003,90219.59,0.00728828239440918,6529.1797552108765,870000,,,,,,,,,,,,,,,,,,,,,,,
0.0021141479,0.0,1.1884772,0.021022735,100000.0,1000.0,20,10000.0,14141.411,85934.516,4417.5903,-3640.748,956995.9,-57762.5,2357641.5,0.0,0.02498504,0.02498504,1.37902e-05,0.0003,14391.264,0.007059762763977051,6564.478609323502,875000,,,,,,,,,,,,,,,,,,,,,,,
0.0018707586,0.0,1.0309852,0.021595946,100000.0,1000.0,20,10000.0,29338.877,14759.36,4283.4385,-6418.5674,37767.535,-39108.72,960121.5,0.0,0.0222651,0.0222651,1.3496962e-05,0.0003,29561.53,0.007195508193969726,6600.4562158584595,880000,,,,,,,,,,,,,,,,,,,,,,,
0.0018595483,0.0,0.6578373,0.021579009,100000.0,1000.0,20,10000.0,35112.562,62893.996,4268.507,-3283.4514,139226.9,-150987.53,2050566.6,0.0,0.014195476,0.014195476,1.3215067e-05,0.0003,35254.516,0.0072196052074432375,6636.554272413254,885000,,,,,,,,,,,,,,,,,,,,,,,
0.0020875516,0.0,0.8057109,0.022463715,100000.0,1000.0,20,10000.0,22498.533,13409.944,3996.6807,-3001.8396,40124.39,-106399.6,997098.94,0.0,0.01809926,0.01809926,1.2944596e-05,0.0003,22679.527,0.007476271438598633,6673.935737133026,890000,,,,,,,,,,,,,,,,,,,,,,,
0.0022866034,0.0,1.0314926,0.0217049,100000.0,1000.0,20,10000.0,47411.89,81049.516,4524.9106,-2723.412,403916.62,-289245.6,3781420.0,0.0,0.022388441,0.022388441,1.26856285e-05,0.0003,47635.777,0.007271772813796997,6710.294706106186,895000,,,,,,,,,,,,,,,,,,,,,,,
0.0023362755,0.0,1.1863711,0.021852696,100000.0,1000.0,20,10000.0,100874.72,90061.75,4765.6685,-2092.7773,983762.06,-3484552.0,22096388.0,0.0,0.025925405,0.025925405,1.2438221e-05,0.0003,101133.98,0.007455057668685913,6747.570091724396,900000,,,,,,,,,,,,,,,,,,,,,,,
0.0022781284,0.0,1.1068541,0.02143184,100000.0,1000.0,20,10000.0,75104.08,15725.548,3973.7034,-1798.3601,291637.9,-387668.25,6016304.5,0.0,0.023721917,0.023721917,1.22024585e-05,0.0003,75341.3,0.009298829221725464,6794.064356803894,905000,,,,,,,,,,,,,,,,,,,,,,,
0.0020663075,0.0,0.8682911,0.022099867,100000.0,1000.0,20,10000.0,102643.766,80040.86,4095.4626,-1298.5085,1321572.8,-2185064.2,35402324.0,0.0,0.019189117,0.019189117,1.1978389e-05,0.0003,102835.66,0.00743197546005249,6831.224375009537,910000,,,,,,,,,,,,,,,,,,,,,,,
0.0020157935,0.0,1.2839121,0.022795245,100000.0,1000.0,20,10000.0,18500.15,15446.295,4018.9556,-3739.273,73706.9,-34171.35,905713.1,0.0,0.029267091,0.029267091,1.1766084e-05,0.0003,18792.824,0.007360052061080933,6868.024687290192,915000,,,,,,,,,,,,,,,,,,,,,,,
0.002130616,0.0,1.0036749,0.022876635,100000.0,1000.0,20,10000.0,79037.05,17185.408,4120.1855,-1951.7682,1265134.6,-1458354.6,19409192.0,0.0,0.022960704,0.022960704,1.1565597e-05,0.0003,79266.66,0.007555836963653565,6905.803985118866,920000,,,,,,,,,,,,,,,,,,,,,,,
0.0020927629,0.0,0.85658133,0.022381866,100000.0,1000.0,20,10000.0,27802.803,87115.03,4495.6826,-3205.9255,73968.17,-861068.94,3723868.5,0.0,0.019171888,0.019171888,1.1376989e-05,0.0003,27994.523,0.0075022754669189454,6943.315482378006,925000,,,,,,,,,,,,,,,,,,,,,,,
0.0021139025,0.0,1.0964416,0.021602621,100000.0,1000.0,20,10000.0,29398.11,20212.076,4124.7617,-1459.3115,34252.543,-35972.15,1471938.8,0.0,0.023686014,0.023686014,1.1200302e-05,0.0003,29634.97,0.007411001682281494,6980.370601654053,930000,,,,,,,,,,,,,,,,,,,,,,,
0.0020037356,0.0,0.65309364,0.021801597,100000.0,1000.0,20,10000.0,21705.588,59479.508,4325.5293,-6213.0005,1563211.2,-3732074.8,32086888.0,0.0,0.014238483,0.014238483,1.103559e-05,0.0003,21847.975,0.007420078611373901,7017.471096038818,935000,,,,,,,,,,,,,,,,,,,,,,,
0.0019613998,0.0,0.72296655,0.021987725,100000.0,1000.0,20,10000.0,10748.795,16241.198,4035.3276,-5336.795,17323.719,-12219.977,566630.7,0.0,0.01589639,0.01589639,1.0882903e-05,0.0003,10907.761,0.0073542047500610355,7054.242235422134,940000,,,,,,,,,,,,,,,,,,,,,,,
0.0021435106,0.0,0.91730016,0.021479426,100000.0,1000.0,20,10000.0,30218.18,13765.436,4162.631,-2566.6692,295290.38,-289268.88,4545207.0,0.0,0.01970308,0.01970308,1.0742272e-05,0.0003,30415.213,0.007607607889175415,7092.280370950699,945000,,,,,,,,,,,,,,,,,,,,,,,
0.0018257918,0.0,1.0426849,0.021204153,100000.0,1000.0,20,10000.0,16965.387,94007.24,4524.3916,-1248.0011,63933.418,-57786.414,921935.75,0.0,0.022109251,0.022109251,1.061374e-05,0.0003,17186.48,0.007288276147842407,7128.72185087204,950000,,,,,,,,,,,,,,,,,,,,,,,
0.0022998843,0.0,1.4994459,0.020713806,100000.0,1000.0,20,10000.0,11434.03,12629.41,3917.0476,-2932.802,13908.489,-10397.407,543475.4,0.0,0.031059232,0.031059232,1.0497346e-05,0.0003,11744.625,0.007433056163787842,7165.887203454971,955000,,,,,,,,,,,,,,,,,,,,,,,
0.0018083598,0.0,1.0201674,0.020679567,100000.0,1000.0,20,10000.0,16202.006,27390.098,4111.36,-1695.4174,203299.34,-36475.52,1158244.0,0.0,0.02109662,0.02109662,1.0393118e-05,0.0003,16412.975,0.0073912428855896,7202.8435225486755,960000,,,,,,,,,,,,,,,,,,,,,,,
0.0018455877,0.0,1.2002811,0.020672185,100000.0,1000.0,20,10000.0,19199.883,13832.347,3816.2393,-2060.4211,39855.49,-21481.338,905371.4,0.0,0.024812434,0.024812434,1.0301083e-05,0.0003,19448.01,0.007078842210769654,7238.237813472748,965000,,,,,,,,,,,,,,,,,,,,,,,
0.0016237985,0.0,1.2323234,0.020512387,100000.0,1000.0,20,10000.0,21874.785,18921.922,3815.6387,-3535.3528,78723.93,-69511.49,2024225.2,0.0,0.025277896,0.025277896,1.0221269e-05,0.0003,22127.566,0.0068879573822021485,7272.677656650543,970000,,,,,,,,,,,,,,,,,,,,,,,
0.0022799377,0.0,0.8238289,0.020666856,100000.0,1000.0,20,10000.0,80212.09,85636.0,3800.3547,-4829.2393,1928799.5,-10658878.0,38333870.0,0.0,0.017025953,0.017025953,1.0153698e-05,0.0003,80382.35,0.007036984539031983,7307.86264872551,975000,,,,,,,,,,,,,,,,,,,,,,,
0.0016695736,0.0,1.4279213,0.019902969,100000.0,1000.0,20,10000.0,13007.854,12204.373,3783.753,-1227.4293,31675.412,-41607.895,702619.25,0.0,0.028419875,0.028419875,1.0098386e-05,0.0003,13292.055,0.007320617866516113,7344.465839385986,980000,,,,,,,,,,,,,,,,,,,,,,,
0.0016239457,0.0,1.0214771,0.020598963,100000.0,1000.0,20,10000.0,12712.046,96555.23,4357.029,-839.08215,22092.094,-50785.914,645898.7,0.0,0.02104137,0.02104137,1.005535e-05,0.0003,12922.462,0.007183421611785889,7380.38303899765,985000,,,,,,,,,,,,,,,,,,,,,,,
0.0019592596,0.0,0.9818775,0.020548776,100000.0,1000.0,20,10000.0,61040.777,22728.717,4113.83,-1802.1803,155817.67,-614575.8,3861985.5,0.0,0.02017638,0.02017638,1.0024603e-05,0.0003,61242.547,0.007036401987075806,7415.565132856369,990000,,,,,,,,,,,,,,,,,,,,,,,
0.0017761672,0.0,1.0013396,0.02085325,100000.0,1000.0,20,10000.0,16132.362,77609.016,4302.986,-1459.614,273201.88,-56528.777,1181432.9,0.0,0.020881183,0.020881183,1.000615e-05,0.0003,16341.176,0.00737561936378479,7452.443318128586,995000,,,,,,,,,,,,,,,,,,,,,,,
0.0024703299,0.0,0.761404,0.021191562,100000.0,1000.0,20,10000.0,10993.967,12482.39,4048.8152,-1717.4119,24198.443,-18985.586,556562.56,0.0,0.016135339,0.016135339,1e-05,0.0003,11155.323,0.007222316169738769,7488.554973602295,1000000,,,,,,,,,,,,,,,,,,,,,,,
0.005360999,0.0,,,,,,,95949.984,37547.383,7909.3115,307.05658,1099857.0,-99993.555,5659475.0,,,,,,95970.23,0.027820537567138672,7627.657665967941,1005000,0.3359375,0.040527344,0.0,20.240992,1.1476386,0.005360999,7981.169,20.23563,0.0,61.415993,61.415993,0.1,1.0,0.012193358,16.665768,8991.795,0.0,5000.0,0.46642973448137837,28.034686882086568,100.0,1.893310785293579,-2.289095883905676
0.00057398714,0.0,,,,,,,98292.15,44584.965,10824.229,1719.3035,188243.86,-524690.3,4927977.0,,,,,,98319.79,0.019544064235687254,7725.377992391586,1010000,0.15234375,0.009765625,0.0,27.640182,0.26763272,0.00057398714,10824.271,27.639608,0.0,98.84479,98.84479,0.1,1.0,0.015475205,2.8650951,8540.983,0.0,9916.0,0.7567703388709286,78.8330446713486,100.0,1.9070625305175781,-0.5847791717034428
0.0004342373,0.0,,,,,,,101568.7,35086.49,12004.166,2307.9077,236821.86,-150570.7,2940455.5,,,,,,101584.305,0.019559218406677247,7823.174089193344,1015000,0.16015625,0.0087890625,0.0,15.603057,0.16101193,0.0004342373,12072.491,15.602623,0.0,99.84999,99.84999,0.1,1.0,0.011048937,2.6197972,12069.088,0.0,14937.0,0.7704880696845597,72.85147110594018,100.0,1.9029996395111084,-0.7854647103006694
0.0003478011,0.0,,,,,,,24371.906,26808.045,11155.2705,2033.8966,31492.549,-24505.057,880085.06,,,,,,24374.86,0.01958192186355591,7921.083703517914,1020000,0.203125,0.009602865,0.0,2.9538505,0.1885668,0.0003478011,11163.394,2.9535027,0.0,40.786453,40.786453,0.1,1.0,0.008713648,0.44295284,11678.236,0.0,19937.0,0.35648402614871216,39.76990553219054,100.0,1.8987116813659668,-1.895371949960958
0.00049291895,0.0,,,,,,,15722.839,21015.238,10466.291,1939.9163,18875.766,-84447.64,692750.9,,,,,,15724.285,0.019654043102264405,8019.353923797607,1025000,0.30078125,0.016438803,0.0,1.4463855,0.13791895,0.00049291895,10502.186,1.4458926,0.0,36.994247,36.994247,0.1,1.0,0.0108775105,0.52958655,8830.511,0.0,24937.0,-0.28976997770860224,-32.734859640764235,100.0,1.9043726921081543,-4.32795222177215
0.00018322235,0.0,,,,,,,14028.909,17378.63,9999.204,2277.834,20353.877,-22488.79,496176.2,,,,,,14031.098,0.019290185546875,8115.804856061935,1030000,0.2109375,0.009765625,0.0,2.1881142,0.07359207,0.00018322235,10009.602,2.187931,0.0,24.669186,24.669186,0.1,1.0,0.0058256416,0.44512564,10475.144,0.0,29937.0,0.18243303812480294,5.903908149879355,100.0,1.8202733993530273,-3.0315973679856087
0.00014468037,0.0,,,,,,,7396.22,15883.034,9234.829,-202.76169,11126.314,-63366.08,398085.72,,,,,,7397.052,0.019218132209777833,8211.895520925522,1035000,0.13671875,0.0068359375,0.0,0.83170754,0.12105143,0.00014468037,9266.425,0.8315629,0.0,14.117826,14.117826,0.1,1.0,0.0040017595,0.4410501,10247.252,0.0,34937.0,-0.0939905869183004,-36.885172918717984,100.0,1.87896728515625,-4.467197831046288
0.00026955444,0.0,,,,,,,4943.8184,14070.64,8786.014,333.70697,27066.924,-9974.711,188585.69,,,,,,4944.26,0.019395861196517945,8308.874830961227,1040000,0.203125,0.010416667,0.0,0.44156766,0.12373185,0.00026955444,8816.322,0.4412981,0.0,9.241645,9.241645,0.1,1.0,0.004258574,0.34129652,9691.176,0.0,39937.0,-0.6395422761120853,-69.71374752925232,100.0,1.8806750774383545,-5.568617065475526
0.00020155881,0.0,,,,,,,5335.6973,13594.944,8136.0938,-673.9808,23726.668,-8724.618,199428.69,,,,,,5336.335,0.01946458387374878,8406.197755336761,1045000,0.2421875,0.0113932295,0.0,0.63774675,0.058644056,0.00020155881,8155.5864,0.63754517,0.0,12.213316,12.213316,0.1,1.0,0.0045595886,0.36863708,8116.2617,1.0,44937.0,60.95819937656188,1444.4641953390142,100.0,1.882795810699463,45.23300104950791
0.00015410242,0.0,,,,,,,3758.664,11546.513,7589.8066,1434.1268,15954.254,-2982.5662,161733.06,,,,,,3759.3242,0.019709082889556886,8504.743174791336,1050000,0.20703125,0.010091146,0.0,0.6602127,0.065440655,0.00015410242,7605.1553,0.6600586,0.0,9.731301,9.731301,0.1,1.0,0.004325012,0.4117232,7694.636,0.0,49937.0,0.79711615447698,63.96104653696778,100.0,1.9021477699279785,-1.0837440215006844
0.000142158,0.0,,,,,,,4243.205,12678.011,7142.3623,1062.9725,2029.7592,-10243.869,134572.2,,,,,,4243.786,0.01952631964683533,8602.374778032303,1055000,0.1796875,0.008626303,0.0,0.5809435,0.08815217,0.000142158,7165.6514,0.58080137,0.0,12.53145,12.53145,0.1,1.0,0.0033406024,0.35422394,6864.1743,0.0,54937.0,0.8244977344959024,48.35706734229493,100.0,1.889665126800537,-1.6072672942147963
0.000111019086,0.0,,,,,,,4621.23,12375.074,6938.319,-57.508442,7803.4937,-11658.967,175364.89,,,,,,4622.251,0.01943832335472107,8699.566400289536,1060000,0.234375,0.010904948,0.0,1.0208519,0.06870389,0.000111019086,6957.6416,1.0207409,0.0,10.846511,10.846511,0.1,1.0,0.005444577,0.42631012,7674.0156,0.0,59937.0,0.6364416497255615,34.12514067414095,100.0,1.8794777393341064,-2.084757345527021
0.000290818,0.0,,,,,,,4046.31,11383.3125,6602.2417,855.4774,15705.712,-3443.4375,140743.39,,,,,,4046.8362,0.019554228496551515,8797.337548017502,1065000,0.34765625,0.018229168,0.0,0.5260199,0.11919212,0.000290818,6636.9136,0.52572906,0.0,9.489126,9.489126,0.1,1.0,0.0049366024,0.37018138,6546.711,1.0,64937.0,60.95991268436717,3797.7772418634786,100.0,2.335167646408081,124.18812733280309
0.00015019118,0.0,,,,,,,4361.388,10366.69,6668.6997,889.68567,12184.621,-4438.6885,171294.62,,,,,,4361.7046,0.01946265287399292,8894.650817871094,1070000,0.1640625,0.008463542,0.0,0.31620532,0.07077658,0.00015019118,6697.1836,0.31605512,0.0,7.5053287,7.5053287,0.1,1.0,0.0041439123,0.45157373,6527.042,0.0,69937.0,0.5947918106006077,34.61101819143882,100.0,1.9448621273040771,-2.0684558505800887
0.00015799886,0.0,,,,,,,2886.7236,9794.356,6343.2744,1976.9158,4389.547,-7101.2915,134679.38,,,,,,2887.1343,0.019200476121902465,8990.653203725815,1075000,0.28125,0.0133463545,0.0,0.41053236,0.048382998,0.00015799886,6365.593,0.41037434,0.0,7.9677215,7.9677215,0.1,1.0,0.004578716,0.3801751,6158.9336,0.0,74937.0,0.7879137617193982,30.496864553413843,100.0,1.8581159114837646,-2.2064882812925597
5.010405e-05,0.0,,,,,,,2998.7285,9117.543,6304.9,1809.0151,6943.093,-4154.762,115279.16,,,,,,2999.33,0.019410660219192504,9087.706509828568,1080000,0.12890625,0.0060221357,0.0,0.60164183,0.03500569,5.010405e-05,6320.6436,0.6015917,0.0,5.528293,5.528293,0.1,1.0,0.0021016286,0.3442331,6556.4204,0.0,79937.0,0.899377341830323,1313.2725949131486,100.0,1.8812341690063477,40.831440707066605
6.332323e-05,0.0,,,,,,,4724.031,8911.152,6192.91,298.13657,3997.8516,-2294.2942,123192.93,,,,,,4724.442,0.019426377534866333,9184.83840227127,1085000,0.109375,0.005045573,0.0,0.41134205,0.049739003,6.332323e-05,6210.8945,0.41127872,0.0,7.115693,7.115693,0.1,1.0,0.0076577505,0.34485838,6684.487,0.0,84937.0,0.5749252431122829,55.30038460103737,100.0,1.8891000747680664,-1.3743146524918317
0.000116822426,0.0,,,,,,,5543.302,8584.602,5995.359,944.1863,15770.269,-2540.9802,164040.48,,,,,,5543.726,0.019414185714721678,9281.90933585167,1090000,0.171875,0.008951823,0.0,0.42432237,0.10410833,0.000116822426,6019.536,0.42420554,0.0,9.549343,9.549343,0.1,1.0,0.0046918425,0.33716235,6386.173,1.0,89937.0,60.905086258755546,4105.111213273931,100.0,1.8801355361938477,134.49937451672363
6.733961e-05,0.0,,,,,,,4273.582,8547.457,5983.334,286.9641,2348.3926,-9720.726,129063.625,,,,,,4273.8716,0.019351025819778444,9378.664469718933,1095000,0.09765625,0.0043945312,0.0,0.2893939,0.060767174,6.733961e-05,6006.0117,0.28932655,0.0,9.361659,9.361659,0.1,1.0,0.0043733437,0.36426577,6121.1987,1.0,94937.0,60.94090493411478,4855.450120800292,100.0,1.8838133811950684,159.67371470342678
4.7276146e-05,0.0,,,,,,,3287.5054,8355.234,5731.99,-75.12403,2655.9885,-4434.4355,102499.72,,,,,,3287.6553,0.01932489080429077,9475.288929224014,1100000,0.1328125,0.0056966147,0.0,0.14984204,0.028584123,4.7276146e-05,5749.1587,0.14979476,0.0,5.0262833,5.0262833,0.1,1.0,0.0031518526,0.32218394,5713.807,0.0,99937.0,0.7013271069259869,55.97624384627824,100.0,1.8735442161560059,-1.3516391516116855
8.9438596e-05,0.0,,,,,,,2453.6184,8257.736,5654.1616,-139.00981,1520.6958,-4660.484,80063.75,,,,,,2453.932,0.021162737798690795,9581.10262465477,1105000,0.1484375,0.0074869795,0.0,0.3134977,0.051364064,8.9438596e-05,5675.12,0.31340826,0.0,5.4198895,5.4198895,0.1,1.0,0.0037286235,0.33203712,5655.3896,1.0,104937.0,60.94398377740292,5150.832096187878,100.0,2.383328676223755,169.5839649368071
9.169907e-05,0.0,,,,,,,2132.4292,8429.128,5560.329,381.08722,2612.4458,-4898.377,83744.78,,,,,,2132.735,0.019424058771133422,9678.222926139832,1110000,0.1640625,0.009114584,0.0,0.30583543,0.03143859,9.169907e-05,5574.7803,0.30574372,0.0,4.9754257,4.9754257,0.1,1.0,0.002948867,0.37900624,5636.1006,1.0,109937.0,60.930301851001886,4025.348619161006,100.0,1.8774912357330322,131.82328953934672
7.996588e-05,0.0,,,,,,,2476.0415,8790.8545,5651.948,-5.676858,7667.9194,-2487.1243,100844.35,,,,,,2476.3406,0.019421079349517822,9775.328329086304,1115000,0.1328125,0.0063476562,0.0,0.29898944,0.055505395,7.996588e-05,5681.6787,0.2989095,0.0,7.199885,7.199885,0.1,1.0,0.007285861,0.4105181,5373.7876,1.0,114937.0,60.95932303512641,5029.540129546273,100.0,1.8862287998199463,165.51454350667456
3.163435e-05,0.0,,,,,,,2168.516,8711.307,5682.863,-267.70242,4390.5615,-1415.388,71726.4,,,,,,2168.6475,0.019400792169570923,9872.33229637146,1120000,0.0703125,0.003092448,0.0,0.13127032,0.028576136,3.163435e-05,5701.5693,0.13123868,0.0,6.616705,6.616705,0.1,1.0,0.004116496,0.35709435,5888.9697,1.0,119937.0,60.8900639884663,2187.5481326955833,100.0,1.8717052936553955,70.16393244417488
0.00010630758,0.0,,,,,,,3197.9604,8501.441,5606.9565,-512.2945,8068.3013,-5473.2695,101020.78,,,,,,3198.3647,0.019386951732635497,9969.267060995102,1125000,0.16796875,0.008300781,0.0,0.40418193,0.07495272,0.00010630758,5638.9375,0.40407562,0.0,7.5554876,7.5554876,0.1,1.0,0.0032931843,0.43763742,5915.8364,0.0,124937.0,10.884933472116254,2221.8692530931316,100.0,1.8705699443817139,71.31542752434478
9.047461e-05,0.0,,,,,,,3185.6682,9422.804,5584.0986,-708.99713,12226.199,-7668.261,247619.16,,,,,,3185.8481,0.01934670057296753,10066.00056886673,1130000,0.140625,0.0074869795,0.0,0.17995664,0.064151764,9.047461e-05,5609.5645,0.17986616,0.0,5.2961287,5.2961287,0.1,1.0,0.004589302,0.3860767,4789.152,1.0,129937.0,60.928495763160896,4370.114178217589,100.0,1.8519959449768066,143.39038992730627
4.5991852e-05,0.0,,,,,,,3229.4492,8922.199,5495.0674,-902.1608,1963.0818,-2614.086,101052.32,,,,,,3230.114,0.019364318895339967,10162.82216835022,1135000,0.11328125,0.005045573,0.0,0.664883,0.03295076,4.5991852e-05,5518.704,0.664837,0.0,10.322077,10.322077,0.1,1.0,0.003590928,0.3537794,5725.3228,0.0,134937.0,0.026649802525121197,5.395804151849262,100.0,1.8811287879943848,-3.0486445752786464
4.823663e-05,0.0,,,,,,,4002.0554,10689.526,5531.2803,-1088.031,3708.6465,-4895.152,127291.54,,,,,,4002.3494,0.019365424633026124,10259.649297475815,1140000,0.09375,0.0043945312,0.0,0.29404834,0.052619815,4.823663e-05,5560.995,0.2940001,0.0,7.556243,7.556243,0.1,1.0,0.0036541785,0.41099262,5211.2197,1.0,139937.0,60.944577488706805,5088.657215749325,100.0,1.8805913925170898,167.49795876609184
9.935495e-05,0.0,,,,,,,3073.016,8634.937,5425.4683,-1194.0005,2206.2026,-2485.0432,92081.62,,,,,,3073.215,0.019304267072677614,10356.170638799667,1145000,0.14453125,0.006998698,0.0,0.19899818,0.12550521,9.935495e-05,5446.7725,0.19889882,0.0,5.396907,5.396907,0.1,1.0,0.00362942,0.38286448,5260.895,1.0,144937.0,60.94803799981455,5079.3907416382335,100.0,1.8865067958831787,167.18706275728306
8.81821e-05,0.0,,,,,,,4454.164,11553.418,5868.5874,-1357.8916,9357.405,-5242.3965,143009.48,,,,,,4454.7866,0.019374373245239256,10453.042511224747,1150000,0.11328125,0.0066731772,0.0,0.62267727,0.16707742,8.81821e-05,5888.922,0.6225891,0.0,7.009837,7.009837,0.1,1.0,0.006303534,0.39222723,6230.9795,1.0,149937.0,60.91777942581813,957.8867281801266,100.0,1.8735466003417969,28.90802234645184
6.9994305e-05,0.0,,,,,,,5494.673,10946.197,5751.336,-1451.9655,7382.938,-5354.2163,171328.25,,,,,,5495.0327,0.019414043569564818,10550.112735509872,1155000,0.125,0.0063476562,0.0,0.36002627,0.045889735,6.9994305e-05,5764.627,0.35995626,0.0,8.925568,8.925568,0.1,1.0,0.005515583,0.29935896,6059.837,0.0,154937.0,-0.13189808693242563,-7.971424612689804,100.0,1.874896764755249,-3.4971234704773035
9.622883e-05,0.0,,,,,,,3830.3933,9672.706,5530.9204,-1389.7733,5750.769,-5707.136,146646.31,,,,,,3830.8389,0.019379452991485597,10647.010006427765,1160000,0.1328125,0.0076497397,0.0,0.44563666,0.1378249,9.622883e-05,5552.417,0.44554043,0.0,8.419456,8.419456,0.1,1.0,0.0051194555,0.40424424,6146.636,1.0,159937.0,60.9372919375965,2071.862713910592,100.0,1.88376784324646,66.2826142052799
2.6770247e-05,0.0,,,,,,,2912.7322,8028.7153,5311.673,-1299.2793,3386.5952,-4087.984,89878.14,,,,,,2912.851,0.01939555459022522,10743.987785816193,1165000,0.09375,0.00390625,0.0,0.11894545,0.029435515,2.6770247e-05,5332.21,0.11891868,0.0,3.9662967,3.9662967,0.1,1.0,0.0041771345,0.40038976,4534.2217,1.0,164937.0,60.94272805762364,3754.030950424641,100.0,1.8730299472808838,122.72041186244509
4.2288528e-05,0.0,,,,,,,3618.053,10247.324,5523.826,1533.6482,4474.526,-7117.1323,135323.06,,,,,,3618.7363,0.019408546829223633,10841.030525684357,1170000,0.1015625,0.004557292,0.0,0.6833641,0.047562838,4.2288528e-05,5545.461,0.68332183,0.0,9.61706,9.61706,0.1,1.0,0.0067624846,0.40169692,5431.2173,1.0,169937.0,60.934145437344256,3196.549124373152,100.0,1.8806982040405273,104.01654752040899
3.7283036e-05,0.0,,,,,,,3283.2603,10936.526,5645.0957,750.1224,4746.633,-2484.807,129860.3,,,,,,3283.7852,0.019468175458908082,10938.371408462524,1175000,0.08203125,0.00390625,0.0,0.5248672,0.03666675,3.7283036e-05,5667.461,0.52482986,0.0,8.922658,8.922658,0.1,1.0,0.0058623543,0.39172328,5597.706,0.0,174937.0,-0.568268238948335,-44.71701356340759,100.0,1.8808703422546387,-4.729960988733853
8.884072e-05,0.0,,,,,,,4120.334,9258.015,5712.463,1128.5627,12745.07,-7776.3926,151034.19,,,,,,4120.626,0.019319864892959594,11034.970738887787,1180000,0.20703125,0.009765625,0.0,0.29197213,0.048376083,8.884072e-05,5734.801,0.2918833,0.0,8.068542,8.068542,0.1,1.0,0.0047696913,0.40266842,5453.0605,1.0,179937.0,60.90693913246213,5168.576976653926,100.0,1.8912568092346191,170.17931678774252
0.000102037084,0.0,,,,,,,5649.406,9117.434,5656.627,1034.2928,15327.708,-12682.278,292626.9,,,,,,5649.6987,0.019412851238250733,11132.035000562668,1185000,0.20703125,0.010253906,0.0,0.29290366,0.0361495,0.000102037084,5675.6885,0.29280162,0.0,6.6505327,6.6505327,0.1,1.0,0.0038184524,0.36850724,5928.3857,1.0,184937.0,60.90239974827925,1379.0003663042296,100.0,1.8765349388122559,43.036648593950424
0.00010507688,0.0,,,,,,,3909.7021,9005.292,5597.9023,286.67303,7843.119,-2863.5522,139293.6,,,,,,3910.3657,0.01938794460296631,11228.974729299545,1190000,0.19140625,0.010091146,0.0,0.66357726,0.042258978,0.00010507688,5625.704,0.6634722,0.0,9.510359,9.510359,0.1,1.0,0.004709496,0.47730625,5612.4883,0.0,189937.0,0.2121007249550221,36.437064880791596,100.0,1.882214069366455,-2.0071908407379135
0.000115142655,0.0,,,,,,,3261.4595,8658.883,5695.413,-2.3131907,2706.5464,-7476.478,128153.75,,,,,,3261.749,0.0194374165058136,11326.161816835403,1195000,0.17578125,0.008138021,0.0,0.28950804,0.08220279,0.000115142655,5715.634,0.2893929,0.0,7.48876,7.48876,0.1,1.0,0.0043526953,0.39336538,5657.6777,1.0,194937.0,60.91272086782804,3336.0149156128405,100.0,1.8800501823425293,108.69571214569838
7.423891e-05,0.0,,,,,,,2912.6511,9854.719,5745.9355,-14.02183,4225.621,-3335.9521,105732.35,,,,,,2912.9182,0.019370729398727415,11423.015469789505,1200000,0.109375,0.0055338545,0.0,0.26709434,0.14687324,7.423891e-05,5759.923,0.2670201,0.0,5.840753,5.840753,0.1,1.0,0.0030529788,0.3659141,5973.4062,0.0,199937.0,10.896908383317095,1905.511488937309,100.0,1.8715910911560059,60.701426443395
9.230005e-05,0.0,,,,,,,4807.8745,9865.359,5933.781,105.149506,4790.9785,-7501.763,177533.84,,,,,,4808.117,0.021166080951690674,11528.84588098526,1205000,0.1484375,0.0071614585,0.0,0.24271491,0.05773604,9.230005e-05,5952.41,0.24262261,0.0,8.669304,8.669304,0.1,1.0,0.0035006125,0.34777188,6134.9116,0.0,204913.0,-0.5450695576819932,-55.341419188937394,100.0,1.877549648284912,-5.086416450147086
7.941244e-05,0.0,,,,,,,3546.9292,9466.976,5914.0684,2257.32,1770.0508,-4210.13,103389.65,,,,,,3547.3052,0.019467413806915284,11626.182955503464,1210000,0.16796875,0.008138021,0.0,0.3759197,0.07282388,7.941244e-05,5936.1074,0.37584028,0.0,7.9475946,7.9475946,0.1,1.0,0.0041869087,0.39834875,6623.99,1.0,209913.0,60.8962331290777,5238.523472600741,100.0,1.8929245471954346,172.52606552510704
0.000120742036,0.0,,,,,,,4824.27,8863.298,5809.2754,13.7241955,4383.838,-2766.7373,144397.72,,,,,,4824.5645,0.01947876286506653,11723.576775074005,1215000,0.15625,0.008626303,0.0,0.29429132,0.11462593,0.000120742036,5837.1924,0.2941706,0.0,7.095596,7.095596,0.1,1.0,0.0048146206,0.44736093,5632.492,0.0,214913.0,0.6542846001940582,57.880272932968886,100.0,1.9645071029663086,-1.2877577835086407
8.011798e-05,0.0,,,,,,,3249.9531,8309.358,5822.191,-70.62828,4731.8877,-2071.463,103432.36,,,,,,3250.6582,0.01938913187980652,11820.522439956665,1220000,0.08203125,0.0047200522,0.0,0.7050864,0.060792446,8.011798e-05,5841.041,0.7050063,0.0,8.986269,8.986269,0.1,1.0,0.0045138216,0.38406593,6017.5903,0.0,219913.0,0.8481327015535534,67.16618409266344,100.0,1.8825538158416748,-0.9762096495483329
7.504481e-05,0.0,,,,,,,3785.4282,8593.487,5608.4023,949.3018,1817.3713,-3811.0164,88221.48,,,,,,3785.6152,0.019439676904678346,11917.72083067894,1225000,0.17578125,0.009277344,0.0,0.18710595,0.05616522,7.504481e-05,5626.258,0.18703091,0.0,7.9665656,7.9665656,0.1,1.0,0.003120422,0.35729918,5783.4346,0.0,224913.0,0.7295038636177293,49.9443129414047,100.0,1.8756258487701416,-1.5540142104801873
7.860745e-05,0.0,,,,,,,4355.8047,8609.07,5622.6797,1880.3287,4120.869,-3577.4062,149651.97,,,,,,4356.1743,0.01938293786048889,12014.635526657104,1230000,0.16015625,0.0073242188,0.0,0.3698668,0.06784952,7.860745e-05,5646.8066,0.36978817,0.0,6.874793,6.874793,0.1,1.0,0.0037336792,0.38982707,5548.7095,1.0,229913.0,60.89577841842656,2380.8849939499614,100.0,1.8626785278320312,76.65050520086768
3.8681144e-05,0.0,,,,,,,2599.1667,8202.17,5626.9385,1633.9099,4191.8823,-3447.1829,110409.586,,,,,,2599.3345,0.01939159517288208,12111.59350991249,1235000,0.0859375,0.0037434897,0.0,0.16766813,0.03628528,3.8681144e-05,5646.6357,0.16762945,0.0,6.380513,6.380513,0.1,1.0,0.0032525202,0.3926744,5657.9844,0.0,234913.0,0.581835404956219,12.972748833256539,100.0,1.8844058513641357,-2.794433336767233
6.779049e-05,0.0,,,,,,,2913.6963,11274.022,5719.3687,-46.95334,4560.6553,-2744.3572,81604.3,,,,,,2914.1409,0.019443293285369874,12208.809983253479,1240000,0.109375,0.0055338545,0.0,0.4445776,0.08987367,6.779049e-05,5737.3926,0.4445098,0.0,7.347548,7.347548,0.1,1.0,0.0031650146,0.41437528,6250.719,0.0,239991.0,0.7595957943285443,173.57492212428568,100.0,1.8802273273468018,2.5938701412983405
0.00011387365,0.0,,,,,,,4840.6494,11153.335,5543.331,1416.362,9301.869,-5396.4355,167338.88,,,,,,4840.8774,0.019449069499969482,12306.055336475372,1245000,0.08984375,0.005045573,0.0,0.22826865,0.20892203,0.00011387365,5560.725,0.22815478,0.0,4.5534954,4.5534954,0.1,1.0,0.0031627659,0.35499507,6029.331,0.0,244991.0,0.8314722824519963,81.89757639110834,100.0,1.9048113822937012,-0.4819622135898004
0.0001554256,0.0,,,,,,,8859.081,10434.001,5545.2183,-7.0499973,5423.3936,-3490.457,146254.0,,,,,,8859.321,0.019403642463684083,12403.073555231094,1250000,0.09375,0.005859375,0.0,0.24045867,0.14293253,0.0001554256,5564.18,0.24030325,0.0,6.3406897,6.3406897,0.1,1.0,0.017798314,0.41391844,5755.5493,1.0,249991.0,60.94703958504403,4546.597921412999,100.0,1.8765907287597656,149.31153002021546
7.2132e-05,0.0,,,,,,,2722.6685,11207.899,5683.6816,-113.5096,2217.0518,-2908.9014,79162.77,,,,,,2722.835,0.01928139319419861,12499.480527162552,1255000,0.0859375,0.0043945312,0.0,0.16653962,0.08685744,7.2132e-05,5709.3716,0.16646749,0.0,6.4841585,6.4841585,0.1,1.0,0.0039265035,0.3637722,5557.432,1.0,254991.0,60.914500671879125,2499.2551831150167,100.0,1.9055027961730957,80.62189916713459
9.449133e-05,0.0,,,,,,,2979.3594,11238.648,5727.4863,1215.676,3936.5625,-2284.2554,112310.89,,,,,,2979.4937,0.019338633584976197,12596.173701047897,1260000,0.1875,0.009114584,0.0,0.13424192,0.07056105,9.449133e-05,5746.4463,0.13414744,0.0,3.8371596,3.8371596,0.1,1.0,0.0031258438,0.35902247,5699.247,1.0,259991.0,60.92214244274111,3742.5687354659785,100.0,1.875011920928955,122.33584737329477
7.125889e-05,0.0,,,,,,,3567.3474,10304.101,5630.6035,63.178368,4731.92,-2402.8342,121099.65,,,,,,3567.5957,0.01946470718383789,12693.497242927551,1265000,0.12890625,0.005859375,0.0,0.24826397,0.07467294,7.125889e-05,5643.541,0.24819271,0.0,5.819363,5.819363,0.1,1.0,0.006562569,0.38570067,5684.3643,1.0,264991.0,60.915094654568534,2841.2498150338006,100.0,1.873655080795288,92.09603321455144
7.40755e-05,0.0,,,,,,,3344.971,9382.054,5651.9766,945.19824,2329.7812,-3119.695,119471.35,,,,,,3345.3606,0.019408699750900267,12790.540747642517,1270000,0.15625,0.007975261,0.0,0.3897575,0.02634275,7.40755e-05,5672.9834,0.38968343,0.0,7.806618,7.806618,0.1,1.0,0.0054217754,0.38703465,5639.4385,1.0,269991.0,60.94933038873099,3325.726360749069,100.0,1.8918867111206055,108.35052468764157
6.540066e-05,0.0,,,,,,,2775.4424,9548.554,5681.786,561.7713,3446.0256,-3610.0889,109267.74,,,,,,2775.6948,0.019494228887557984,12888.011897802353,1275000,0.1171875,0.0055338545,0.0,0.25240862,0.07540345,6.540066e-05,5703.2197,0.25234324,0.0,6.6229525,6.6229525,0.1,1.0,0.0035314218,0.40641993,5549.7305,0.0,274991.0,0.47682310739645317,46.694089738663195,100.0,1.8881072998046875,-1.6630612341221749
4.3409218e-05,0.0,,,,,,,3326.0127,8807.883,5702.2334,306.95416,2053.5166,-4871.558,114867.695,,,,,,3326.3228,0.01935047721862793,12984.764290094376,1280000,0.0859375,0.0040690107,0.0,0.30998343,0.050851464,4.3409218e-05,5717.0254,0.30994,0.0,6.8506436,6.8506436,0.1,1.0,0.004484182,0.4106501,5808.0635,1.0,279991.0,60.93405711129918,5222.1081149296715,100.0,1.9365544319152832,171.9753199964495
6.7030196e-05,0.0,,,,,,,2387.9458,9566.222,5816.1504,317.83383,2319.4905,-2014.8833,81879.11,,,,,,2388.1194,0.019511833763122557,13082.32346367836,1285000,0.14453125,0.0066731772,0.0,0.17347302,0.036688328,6.7030196e-05,5836.0527,0.17340599,0.0,7.7699633,7.7699633,0.1,1.0,0.0033281813,0.39158723,6190.286,1.0,284991.0,60.90646892748847,5390.785842268587,100.0,1.8941762447357178,177.63456336948576
4.9188384e-05,0.0,,,,,,,2484.7998,9154.053,5672.923,197.02745,3088.8306,-5854.742,77286.625,,,,,,2484.9636,0.019268041944503784,13178.66367816925,1290000,0.09375,0.004557292,0.0,0.16373478,0.063076496,4.9188384e-05,5696.759,0.16368559,0.0,6.426834,6.426834,0.1,1.0,0.0040865624,0.3746985,5888.458,1.0,289991.0,60.93336370262937,4612.0394769907725,100.0,1.8766629695892334,151.50713518734324
6.0616876e-05,0.0,,,,,,,3427.5132,8716.315,5765.0166,1295.3964,3967.0332,-1821.4265,96760.734,,,,,,3427.693,0.01939404582977295,13275.63391327858,1295000,0.140625,0.0068359375,0.0,0.17993538,0.05691147,6.0616876e-05,5785.1714,0.17987476,0.0,7.357862,7.357862,0.1,1.0,0.00433492,0.33823627,5885.2285,1.0,294978.0,60.95048439698387,3508.4363304940107,100.0,1.8779094219207764,114.48055857995949
3.854304e-05,0.0,,,,,,,2357.5337,9186.787,5759.8286,1041.1244,2092.0063,-4316.5703,91493.91,,,,,,2357.7498,0.0194181348323822,13372.724593162537,1300000,0.0859375,0.0037434897,0.0,0.21608473,0.031058908,3.854304e-05,5780.1357,0.21604618,0.0,6.893668,6.893668,0.1,1.0,0.0029238644,0.3351471,6278.4883,0.0,299978.0,10.913437162130602,4936.780193290752,100.0,1.8752565383911133,162.40238956187684
6.799408e-05,0.0,,,,,,,4940.3433,9676.908,5911.8516,832.1762,4501.5444,-2988.452,133247.7,,,,,,4940.6143,0.02125143795013428,13478.981788873672,1305000,0.12109375,0.0060221357,0.0,0.2708567,0.04159689,6.799408e-05,5939.5396,0.2707887,0.0,6.2479367,6.2479367,0.1,1.0,0.005199538,0.39361963,5689.0786,1.0,304978.0,60.93876045114012,3353.219248363597,100.0,1.8969995975494385,109.27292828231137
5.2662333e-05,0.0,,,,,,,4520.511,9050.764,5853.494,732.1915,6789.208,-3712.9907,142001.48,,,,,,4520.6587,0.01952563853263855,13576.609987735748,1310000,0.12109375,0.0056966147,0.0,0.14723079,0.03355944,5.2662333e-05,5877.668,0.14717813,0.0,6.1109433,6.1109433,0.1,1.0,0.0036445349,0.38943386,5647.663,1.0,309978.0,60.960371129598315,4435.683949902524,100.0,2.3999557495117188,145.59029682511434
8.7739514e-05,0.0,,,,,,,2372.401,9758.045,5882.285,1148.4265,1937.6602,-872.78864,75125.7,,,,,,2372.573,0.019339353799819946,13673.306762218475,1315000,0.1796875,0.008951823,0.0,0.1721221,0.058056474,8.7739514e-05,5909.051,0.17203437,0.0,5.7557464,5.7557464,0.1,1.0,0.0043171104,0.30004388,6336.976,1.0,314978.0,60.96507966828987,3988.9396985684552,100.0,1.871347427368164,130.60174745531808
6.2080355e-05,0.0,,,,,,,3189.5051,9326.706,5941.527,-63.797005,4306.134,-3701.7932,85360.75,,,,,,3190.0854,0.019595086669921876,13771.282201051712,1320000,0.12109375,0.005859375,0.0,0.58021015,0.08136439,6.2080355e-05,5966.3843,0.58014804,0.0,8.238867,8.238867,0.1,1.0,0.0046421634,0.36127943,5713.903,1.0,319978.0,60.965533519260234,4858.035565211434,100.0,2.377297878265381,159.76045798234654
5.8790418e-05,0.0,,,,,,,2717.2207,8622.76,5968.0073,1176.7657,3895.0693,-1510.2896,86207.28,,,,,,2717.7522,0.019346240329742432,13868.013409137726,1325000,0.09375,0.004231771,0.0,0.53159916,0.03982222,5.8790418e-05,5990.886,0.5315404,0.0,6.820635,6.820635,0.1,1.0,0.003921936,0.39297318,6125.901,0.0,324978.0,10.881165027179915,644.39465540075,100.0,1.8843374252319336,18.39016700558981
4.8419693e-05,0.0,,,,,,,2634.7766,8846.037,5979.533,114.266365,4114.825,-2302.2444,88741.83,,,,,,2634.9878,0.01942495846748352,13965.138207435608,1330000,0.09765625,0.0043945312,0.0,0.21130131,0.060118794,4.8419693e-05,5999.7812,0.2112529,0.0,6.8574557,6.8574557,0.1,1.0,0.0033667795,0.38381192,6020.525,1.0,329978.0,60.93646875356936,4847.877680989896,100.0,1.859968662261963,159.41965460615862
7.41938e-05,0.0,,,,,,,3156.963,9500.927,5947.7905,1411.5607,3385.8345,-4317.437,91275.26,,,,,,3157.1023,0.01955693907737732,14062.922909498215,1335000,0.140625,0.0076497397,0.0,0.13943934,0.031160712,7.41938e-05,5969.0684,0.13936515,0.0,5.221096,5.221096,0.1,1.0,0.002718893,0.34050655,5936.984,1.0,334978.0,60.9412707229485,3276.5371007758654,100.0,1.888648271560669,106.70019421473576
0.000100075966,0.0,,,,,,,2875.583,9684.59,5940.1226,1615.8453,4522.7476,-1933.2977,89861.73,,,,,,2875.7288,0.01942779965400696,14160.06191277504,1340000,0.23046875,0.012858073,0.0,0.14575994,0.03242469,0.000100075966,5962.7188,0.14565986,0.0,4.4086485,4.4086485,0.1,1.0,0.003310803,0.36577353,5631.984,1.0,339978.0,60.96538921807707,4868.464576947595,100.0,1.8871450424194336,160.11035785642176
5.9511087e-05,0.0,,,,,,,3508.196,9349.364,5851.3027,1816.0491,8650.577,-3521.7249,111983.13,,,,,,3508.395,0.019437561416625976,14257.24972486496,1345000,0.15625,0.006998698,0.0,0.19900325,0.04612279,5.9511087e-05,5871.8833,0.19894373,0.0,7.5032654,7.5032654,0.1,1.0,0.0042803893,0.43513954,5687.1475,1.0,344978.0,60.92510743804077,3830.0997241729942,100.0,1.884920597076416,125.27256685363368
5.75875e-05,0.0,,,,,,,3993.6223,10058.375,5994.5,1424.6637,2243.7456,-5935.8115,110539.555,,,,,,3993.8694,0.019452376985549927,14354.511615753174,1350000,0.13671875,0.0066731772,0.0,0.24719106,0.034383893,5.75875e-05,6017.2383,0.24713346,0.0,5.47736,5.47736,0.1,1.0,0.0033673896,0.4147861,5964.1934,0.0,349978.0,0.8492326680556245,563.6195103038816,100.0,1.8787412643432617,15.680110308673248
6.7675624e-05,0.0,,,,,,,3919.4272,11123.362,6170.619,2090.864,8550.16,-2573.8367,126160.266,,,,,,3920.4043,0.019505797004699708,14452.040606737137,1355000,0.1171875,0.006184896,0.0,0.9770741,0.038578033,6.7675624e-05,6196.2676,0.97700644,0.0,9.3060665,9.3060665,0.1,1.0,0.002872021,0.38739616,6267.878,1.0,354978.0,60.92774601530139,4888.882803899762,100.0,2.377295970916748,160.79540215593397
5.7236954e-05,0.0,,,,,,,3937.2827,10754.892,6112.806,15.7210245,8110.664,-5193.5635,122715.76,,,,,,3937.4995,0.01930170283317566,14548.549134969711,1360000,0.1796875,0.008138021,0.0,0.21670856,0.020379186,5.7236954e-05,6140.4106,0.21665132,0.0,5.585269,5.585269,0.1,1.0,0.0023609377,0.40441,6277.3867,0.0,359978.0,0.7771313710733787,45.45041466840917,100.0,1.8685262203216553,-1.7047873114803542
7.852445e-05,0.0,,,,,,,2428.192,10029.182,6156.218,2449.6245,1600.0869,-2289.708,83156.44,,,,,,2428.3904,0.01954832148551941,14646.290755033493,1365000,0.171875,0.008463542,0.0,0.1983862,0.073278785,7.852445e-05,6177.8027,0.19830768,0.0,4.6043777,4.6043777,0.1,1.0,0.0034642625,0.34960303,6396.8467,1.0,364978.0,60.94958491214341,4665.585501318583,100.0,2.355626344680786,153.30363783241822
3.33474e-05,0.0,,,,,,,3116.4912,10083.976,6209.121,2283.7917,2256.944,-1798.1162,89384.125,,,,,,3116.8362,0.01941862301826477,14743.383875131607,1370000,0.0859375,0.0035807292,0.0,0.34501168,0.02815044,3.33474e-05,6239.1567,0.34497833,0.0,8.169976,8.169976,0.1,1.0,0.0023503895,0.37250096,6499.868,1.0,369978.0,60.93545063012297,4506.907607061884,100.0,1.8904321193695068,147.9798951208789
5.0451512e-05,0.0,,,,,,,3386.6357,10047.723,6356.041,2274.7632,2622.7202,-3900.9065,114609.125,,,,,,3386.8857,0.019461855745315552,14840.693158388138,1375000,0.14453125,0.0066731772,0.0,0.2500437,0.04176414,5.0451512e-05,6384.24,0.24999323,0.0,5.583557,5.583557,0.1,1.0,0.003414181,0.41311234,6558.8545,0.0,374978.0,0.5725749590890828,20.547358228815934,100.0,1.8929104804992676,-2.540300448558299
6.7716755e-05,0.0,,,,,,,3695.9556,9760.02,6427.8755,142.358,2063.4927,-2346.9336,102274.53,,,,,,3696.1658,0.01945851607322693,14937.985743999481,1380000,0.15234375,0.0071614585,0.0,0.21020792,0.03654766,6.7716755e-05,6455.8384,0.21014021,0.0,6.4958935,6.4958935,0.1,1.0,0.0031041487,0.39953566,6948.1445,1.0,379978.0,60.92183148251633,5331.857265758675,100.0,1.8971149921417236,175.65747272831229
5.008686e-05,0.0,,,,,,,3400.802,9612.05,5987.6904,102.00424,1454.6399,-3045.9614,97465.36,,,,,,3401.7588,0.019342727756500245,15034.699388504028,1385000,0.1328125,0.006184896,0.0,0.95679915,0.03857851,5.008686e-05,6009.754,0.9567491,0.0,5.4823837,5.4823837,0.1,1.0,0.0048621753,0.3810806,6315.1396,1.0,384978.0,60.90973277183841,4270.976757577077,100.0,1.8763720989227295,140.0642673880071
4.4917535e-05,0.0,,,,,,,2736.8835,10566.745,6057.755,1778.2561,4101.714,-1938.333,90061.81,,,,,,2737.143,0.019409378242492677,15131.746284246445,1390000,0.078125,0.0035807292,0.0,0.2595635,0.1166445,4.4917535e-05,6084.0117,0.2595186,0.0,4.588997,4.588997,0.1,1.0,0.002652923,0.38430655,6262.629,1.0,389978.0,60.94991184224594,4367.358339516291,100.0,1.8874828815460205,143.29792981325613
3.4518795e-05,0.0,,,,,,,2415.9058,9984.643,6162.6313,2311.6077,1657.6909,-4461.62,88342.27,,,,,,2416.101,0.019530947065353393,15229.40102481842,1395000,0.07421875,0.0032552085,0.0,0.19542968,0.039731026,3.4518795e-05,6180.958,0.19539516,0.0,6.0918264,6.0918264,0.1,1.0,0.0035685743,0.44676548,6238.197,0.0,394978.0,0.8361803421832329,301.92914627600084,100.0,2.3350601196289062,6.900234733063966
6.349692e-05,0.0,,,,,,,3030.7036,11273.952,5962.579,2059.1487,3738.2563,-2284.1997,97604.72,,,,,,3030.8816,0.019345507764816285,15326.128568649292,1400000,0.1328125,0.005859375,0.0,0.17789465,0.041226387,6.349692e-05,5985.4355,0.17783116,0.0,6.5115323,6.5115323,0.1,1.0,0.005520037,0.33177924,5851.494,1.0,399978.0,60.920113101571914,5017.727002626829,100.0,1.8936691284179688,165.1182057015097
4.7578185e-05,0.0,,,,,,,4247.8823,10417.005,6046.0566,2407.2517,3267.2158,-2959.141,120636.1,,,,,,4248.196,0.021330951404571533,15432.783332586288,1405000,0.1328125,0.0063476562,0.0,0.31336722,0.048887968,4.7578185e-05,6076.048,0.31331965,0.0,6.5074716,6.5074716,0.1,1.0,0.0036469274,0.4532492,6129.791,0.0,404978.0,10.878784547134243,875.5745006365953,100.0,1.8916418552398682,26.14639557097589
3.237027e-05,0.0,,,,,,,3622.2095,10805.805,6105.5107,2507.884,3920.4207,-4999.7427,130434.5,,,,,,3622.3994,0.01950027322769165,15530.284705400467,1410000,0.109375,0.0048828125,0.0,0.18983716,0.042518497,3.237027e-05,6137.592,0.18980479,0.0,5.666893,5.666893,0.1,1.0,0.0023919316,0.4040339,6242.006,1.0,409978.0,60.93381447340769,2816.767604474296,100.0,1.8856494426727295,91.27463972027125
0.00019229401,0.0,,,,,,,4970.0566,10580.139,6024.994,368.47223,6896.537,-3444.0664,144226.28,,,,,,4970.2285,0.019580817985534668,15628.188801527023,1415000,0.296875,0.016276043,0.0,0.1718003,0.055351853,0.00019229401,6055.6025,0.171608,0.0,7.1056237,7.1056237,0.1,1.0,0.0034150777,0.41073215,5730.9043,0.0,414978.0,10.865877222192541,1303.7006558938044,100.0,1.8927412033081055,40.51029615931318
3.450071e-05,0.0,,,,,,,3797.9365,10541.657,6142.374,2131.9688,4235.01,-2451.589,129382.66,,,,,,3798.1748,0.019532282781600952,15725.850220918655,1420000,0.078125,0.0037434897,0.0,0.2383552,0.036613345,3.450071e-05,6169.6445,0.23832071,0.0,8.285648,8.285648,0.1,1.0,0.003609192,0.39679486,6478.936,1.0,419978.0,60.92833313758686,3625.6725471203927,100.0,1.891416072845459,118.41390705749512
3.3453012e-05,0.0,,,,,,,3800.736,9674.926,6167.3467,1920.7837,2482.8235,-3684.1626,116294.21,,,,,,3800.9924,0.019458794069290162,15823.144197702408,1425000,0.10546875,0.0048828125,0.0,0.25622603,0.018694162,3.3453012e-05,6194.088,0.2561926,0.0,8.758651,8.758651,0.1,1.0,0.003906414,0.43686962,6597.635,1.0,424968.0,60.943908608708696,3842.332165921638,100.0,1.8815443515777588,125.68297293388027
7.163931e-05,0.0,,,,,,,4575.4746,10590.791,5973.676,2092.27,4875.364,-3347.7852,129685.484,,,,,,4576.1978,0.01947066054344177,15920.497506856918,1430000,0.109375,0.0055338545,0.0,0.7233057,0.07757974,7.163931e-05,5994.7754,0.72323406,0.0,6.4197702,6.4197702,0.1,1.0,0.0036264642,0.46332344,5989.632,1.0,429968.0,60.952858604872354,4296.965429635195,100.0,1.8809516429901123,140.93620360886575
6.5755085e-05,0.0,,,,,,,4372.6025,10392.687,6307.036,2069.3428,2180.7378,-3676.7512,120410.016,,,,,,4373.0815,0.01945307035446167,16017.762864589691,1435000,0.15625,0.0078125,0.0,0.47905576,0.036240816,6.5755085e-05,6334.4795,0.47899002,0.0,9.245304,9.245304,0.1,1.0,0.0036454073,0.3666422,6443.6045,0.0,434957.0,0.7736931251783912,640.6094876558328,100.0,1.8812053203582764,18.26317225759197
2.3771156e-05,0.0,,,,,,,5888.5986,10321.164,6334.447,1762.3202,3724.0945,-3722.8223,154705.53,,,,,,5889.3276,0.019358990430831908,16114.557822942734,1440000,0.109375,0.0048828125,0.0,0.72917396,0.037919164,2.3771156e-05,6358.8174,0.7291502,0.0,8.592881,8.592881,0.1,1.0,0.004642141,0.37277585,6450.01,1.0,439957.0,60.909552647883615,3988.252825097192,100.0,1.889779806137085,130.5787024202581
5.400949e-05,0.0,,,,,,,5082.508,12136.402,6363.748,1370.4066,3256.631,-5552.892,175976.58,,,,,,5083.121,0.019478531408309935,16211.95048546791,1445000,0.125,0.0060221357,0.0,0.61350805,0.035947204,5.400949e-05,6397.6904,0.61345404,0.0,9.729716,9.729716,0.1,1.0,0.003934623,0.46269187,6952.5903,1.0,444957.0,60.923363043287395,5149.943664615532,100.0,1.8982021808624268,169.5541575012463
5.0235598e-05,0.0,,,,,,,3638.03,11886.608,6424.2124,1595.3765,2366.8154,-4938.9424,125231.984,,,,,,3638.2532,0.019490037631988526,16309.40067911148,1450000,0.1484375,0.006998698,0.0,0.2232553,0.05136895,5.0235598e-05,6451.2075,0.22320507,0.0,7.3848195,7.3848195,0.1,1.0,0.004969467,0.39392978,7288.2295,1.0,449957.0,60.93147658594461,5038.531396297624,100.0,1.8869192600250244,165.81620613623767
5.451578e-05,0.0,,,,,,,4382.0195,11176.746,6424.819,2027.9656,3369.2988,-2173.1958,136611.44,,,,,,4382.252,0.019464087152481078,16406.721121549606,1455000,0.12109375,0.0053710938,0.0,0.23228708,0.050575018,5.451578e-05,6454.114,0.23223257,0.0,6.223507,6.223507,0.1,1.0,0.0044290605,0.44372988,6207.5103,1.0,454957.0,60.90543492983767,4974.769538938118,100.0,1.8996052742004395,163.67695589610818
5.8116275e-05,0.0,,,,,,,3270.619,10627.628,6391.443,1663.3956,1732.3567,-3155.6528,103565.266,,,,,,3271.1848,0.019557753849029542,16504.509895563126,1460000,0.125,0.005859375,0.0,0.5658396,0.031980872,5.8116275e-05,6419.1606,0.5657815,0.0,7.403635,7.403635,0.1,1.0,0.0061708456,0.38637578,6227.9473,1.0,459957.0,60.90800420192997,2554.284175191763,100.0,2.351304292678833,82.46815630877526
6.330862e-05,0.0,,,,,,,5119.661,10530.943,6650.957,1312.9591,6273.24,-2736.1604,164788.25,,,,,,5119.922,0.019508006763458253,16602.049935102463,1465000,0.125,0.006184896,0.0,0.26066843,0.030944586,6.330862e-05,6676.5615,0.26060513,0.0,9.130638,9.130638,0.1,1.0,0.0042531663,0.3750447,6842.306,1.0,464957.0,60.95619829127504,4585.82356131938,100.0,1.8889925479888916,150.6275748009663
7.66332e-05,0.0,,,,,,,4418.8013,10304.493,6295.7715,1058.3008,4981.903,-7184.837,166843.55,,,,,,4419.0205,0.019352638244628906,16698.813131570816,1470000,0.1796875,0.009928386,0.0,0.21919599,0.038462162,7.66332e-05,6322.901,0.21911936,0.0,7.187004,7.187004,0.1,1.0,0.0039615966,0.3792658,6469.26,1.0,469957.0,60.9390802265186,3653.942061325498,100.0,1.8723046779632568,119.36236696057851
3.5630772e-05,0.0,,,,,,,3010.1648,10951.27,6334.831,1089.564,1305.837,-3061.8213,93143.13,,,,,,3010.434,0.01942330117225647,16795.929643154144,1475000,0.11328125,0.0052083335,0.0,0.2692791,0.029398084,3.5630772e-05,6359.0117,0.26924345,0.0,8.019007,8.019007,0.1,1.0,0.0035904008,0.33647496,6502.1455,1.0,474957.0,60.91383315182077,4125.610895476746,100.0,1.8720006942749023,135.1871516908999
7.1424874e-05,0.0,,,,,,,4318.633,10196.334,6173.4775,1953.9297,3925.7598,-8349.047,169247.31,,,,,,4318.933,0.01942591199874878,16893.05920934677,1480000,0.11328125,0.0053710938,0.0,0.3001734,0.08237851,7.1424874e-05,6198.249,0.30010197,0.0,6.651069,6.651069,0.1,1.0,0.004368037,0.3692164,6539.403,0.0,479957.0,10.890515407074222,1450.3408774227019,100.0,1.872089147567749,45.43016741321358
8.025607e-05,0.0,,,,,,,3849.4458,8802.965,6169.452,2102.7966,3272.8296,-7719.2754,136572.02,,,,,,3849.5505,0.019414481782913207,16990.131623983383,1485000,0.09765625,0.0043945312,0.0,0.1047176,0.15408325,8.025607e-05,6188.2256,0.10463734,0.0,3.7211695,3.7211695,0.1,1.0,0.003239662,0.3258418,6094.717,1.0,484957.0,60.93380909143565,3694.7874633124625,100.0,1.876344919204712,120.73275577337823
2.4129036e-05,0.0,,,,,,,4095.3257,11603.574,6070.9434,2263.826,3293.5186,-2716.037,126346.21,,,,,,4096.024,0.019444706153869628,17087.355159521103,1490000,0.0859375,0.0040690107,0.0,0.69842035,0.016440392,2.4129036e-05,6092.453,0.6983962,0.0,8.343902,8.343902,0.1,1.0,0.0030576964,0.40976214,6158.926,0.0,489957.0,10.892682482629029,4888.141852505669,100.0,1.90008544921875,160.77054277270116
4.290968e-05,0.0,,,,,,,3983.7744,10502.274,5961.0537,-326.3256,3212.6895,-2962.8923,110405.54,,,,,,3984.1877,0.01947301826477051,17184.720256328583,1495000,0.10546875,0.0052083335,0.0,0.4132925,0.031908035,4.290968e-05,5983.5015,0.41324958,0.0,6.895924,6.895924,0.1,1.0,0.004456946,0.42371672,5849.864,1.0,494957.0,60.95183842965423,5100.539107826557,100.0,1.8861327171325684,167.8966036853591
3.364108e-05,0.0,,,,,,,3638.7324,9457.189,5926.8354,965.26416,2159.6846,-1853.1357,92708.14,,,,,,3639.296,0.01955514817237854,17282.496002435684,1500000,0.0859375,0.00390625,0.0,0.5633607,0.017968535,3.364108e-05,5949.319,0.5633271,0.0,7.188577,7.188577,0.1,1.0,0.004466838,0.41924137,5737.8037,1.0,499957.0,60.908316378973936,4908.328105824795,100.0,1.8742101192474365,161.4478042115701
8.8538065e-05,0.0,,,,,,,2973.2554,9934.354,6276.8877,2818.316,1069.4104,-8464.531,94667.16,,,,,,2973.376,0.021232134199142456,17388.65667963028,1505000,0.15625,0.0074869795,0.0,0.12053982,0.07143819,8.8538065e-05,6291.6987,0.12045129,0.0,4.2884126,4.2884126,0.1,1.0,0.002195904,0.3671137,6350.588,1.0,504957.0,60.92679503436102,5100.892448552495,100.0,1.8891823291778564,167.90845848796545
9.2946095e-05,0.0,,,,,,,5126.9785,9250.637,5968.327,952.1941,4438.315,-3836.6355,144830.53,,,,,,5127.078,0.019532402229309083,17486.318695545197,1510000,0.2265625,0.010904948,0.0,0.0994203,0.0928272,9.2946095e-05,5995.7104,0.099327356,0.0,5.435186,5.435186,0.1,1.0,0.0020356704,0.36161798,6490.4272,1.0,509957.0,60.9357617621495,5342.490545303578,100.0,1.902270793914795,176.01422591527708
3.7857448e-05,0.0,,,,,,,3534.8423,10283.921,6119.5806,2063.8171,3719.5703,-1704.4608,119872.62,,,,,,3535.2485,0.01952426314353943,17583.94001698494,1515000,0.1328125,0.0063476562,0.0,0.40636495,0.044509053,3.7857448e-05,6147.5205,0.4063271,0.0,10.472042,10.472042,0.1,1.0,0.00526984,0.4329525,6217.918,1.0,514957.0,60.90514636635008,3746.729344826299,100.0,1.8812475204467773,122.4754384225794
5.34533e-05,0.0,,,,,,,3537.3506,11183.63,6003.826,2317.7385,5718.4404,-1896.6162,107826.95,,,,,,3537.6345,0.019466139698028566,17681.270719766617,1520000,0.125,0.006510417,0.0,0.28399068,0.025123358,5.34533e-05,6023.173,0.28393722,0.0,6.135425,6.135425,0.1,1.0,0.003329941,0.3853894,6021.76,0.0,519957.0,0.4492838799401546,25.911828924145258,100.0,1.8750884532928467,-2.360319097663103
6.550384e-05,0.0,,,,,,,4096.677,10537.033,5846.383,1811.2054,2817.2256,-2021.9977,112914.27,,,,,,4096.855,0.01958548159599304,17779.198133945465,1525000,0.109375,0.0053710938,0.0,0.17809972,0.09263849,6.550384e-05,5867.5557,0.17803422,0.0,6.773893,6.773893,0.1,1.0,0.00343851,0.3855179,5953.961,0.0,524957.0,0.6292836688334559,152.75164288282167,100.0,1.875565528869629,1.895236083848892
3.543019e-05,0.0,,,,,,,2689.3198,12512.36,5903.587,1366.9779,1714.7612,-1905.3435,80217.17,,,,,,2689.4912,0.01942092261314392,17876.30275273323,1530000,0.08203125,0.0035807292,0.0,0.17133322,0.02742815,3.543019e-05,5925.186,0.17129779,0.0,7.3980513,7.3980513,0.1,1.0,0.004452625,0.40245962,5344.747,0.0,529957.0,10.871780913541457,894.8320024241191,100.0,1.9058504104614258,26.79249681440386
0.000108369204,0.0,,,,,,,4041.7793,12035.623,6303.207,2738.9885,2615.9846,-3580.249,136061.6,,,,,,4041.9539,0.019339735889434814,17973.00143790245,1535000,0.12890625,0.0060221357,0.0,0.17447709,0.09707594,0.000108369204,6327.9023,0.17436871,0.0,6.541077,6.541077,0.1,1.0,0.0028153707,0.440989,6817.6636,0.0,534957.0,0.7843391171875499,176.6943761030747,100.0,1.8697319030761719,2.698529775593048
0.00011637132,0.0,,,,,,,6183.2256,10494.598,6193.669,-31.164701,5637.234,-5632.5366,184208.12,,,,,,6183.533,0.019312388944625853,18069.56338787079,1540000,0.203125,0.010091146,0.0,0.30743665,0.115199685,0.00011637132,6199.655,0.30732027,0.0,10.302406,10.302406,0.1,1.0,0.0063525955,0.41437572,6392.009,0.0,539957.0,0.5792782769445761,34.274589626241514,100.0,1.8887171745300293,-2.0797432396037
7.9923295e-05,0.0,,,,,,,4012.935,9385.221,6111.3994,2523.767,2712.4785,-5464.4307,115950.17,,,,,,4013.0818,0.019498743534088134,18167.05711054802,1545000,0.16796875,0.009114584,0.0,0.14679459,0.0866555,7.9923295e-05,6133.2495,0.14671466,0.0,5.253487,5.253487,0.1,1.0,0.003317088,0.34515926,6472.0156,1.0,544957.0,60.92004259944713,2640.412907899821,100.0,1.872638463973999,85.35782922229949
0.00011231417,0.0,,,,,,,4351.063,9188.521,6056.4336,284.1317,4100.67,-4223.7583,139786.97,,,,,,4351.288,0.019436141777038573,18264.237825155258,1550000,0.1875,0.009602865,0.0,0.22506426,0.05825627,0.00011231417,6079.9697,0.22495195,0.0,7.5683546,7.5683546,0.1,1.0,0.009581781,0.43241346,6055.3374,0.0,549957.0,0.454841755367625,16.763286082037883,100.0,1.8757460117340088,-2.6672584385525364
4.8329726e-05,0.0,,,,,,,6047.2935,10296.304,6232.0244,2622.8196,6137.7275,-3490.6357,160425.47,,,,,,6047.4077,0.019411482286453247,18361.29524421692,1555000,0.1015625,0.0047200522,0.0,0.1143826,0.03630984,4.8329726e-05,6253.491,0.11433427,0.0,7.114016,7.114016,0.1,1.0,0.003468984,0.42631817,6286.3794,1.0,554957.0,60.929173760033976,4080.6235554230398,100.0,1.8757872581481934,133.6777982624065
7.159158e-05,0.0,,,,,,,3488.339,8940.655,5986.28,2151.2095,1192.3152,-2879.8037,94288.195,,,,,,3488.5586,0.01942002463340759,18458.395372867584,1560000,0.16015625,0.008138021,0.0,0.219502,0.02607119,7.159158e-05,5999.58,0.21943042,0.0,5.0126853,5.0126853,0.1,1.0,0.0028427998,0.4545246,5906.8945,1.0,559957.0,60.933910298866124,3767.6577670188794,100.0,1.8738806247711182,123.1776000918761
6.8121786e-05,0.0,,,,,,,2387.6438,9316.731,6181.0947,2767.6042,4055.3354,-1898.746,78950.63,,,,,,2387.773,0.019455227231979372,18555.671513795853,1565000,0.13671875,0.006510417,0.0,0.12912811,0.049493313,6.8121786e-05,6197.195,0.12905999,0.0,6.2876763,6.2876763,0.1,1.0,0.0034505744,0.39700764,6068.7183,0.0,564957.0,10.890727382698508,3016.832364944245,100.0,1.888807773590088,97.98693770845045
2.6132291e-05,0.0,,,,,,,2270.3801,8085.694,5957.173,2627.7905,2537.272,-2754.586,70926.414,,,,,,2270.5405,0.01935301637649536,18652.436601161957,1570000,0.08203125,0.0037434897,0.0,0.16039367,0.026985168,2.6132291e-05,5974.2207,0.16036753,0.0,5.98108,5.98108,0.1,1.0,0.0025882605,0.41803846,6044.5,1.0,569957.0,60.90195796928034,4696.076118526108,100.0,1.8710815906524658,154.32661713201935
4.8704893e-05,0.0,,,,,,,3413.7178,8652.051,5947.245,2131.4512,1562.9125,-2780.3784,97132.22,,,,,,3413.874,0.01936064281463623,18749.239820241928,1575000,0.15234375,0.0071614585,0.0,0.156301,0.029882312,4.8704893e-05,5965.401,0.1562523,0.0,4.4597993,4.4597993,0.1,1.0,0.002506262,0.3741182,6111.62,1.0,574957.0,60.932805055430954,4016.9798470503615,100.0,1.868757963180542,131.5425119947664
3.5161327e-05,0.0,,,,,,,2865.959,9237.737,5904.1104,2156.0713,5655.338,-8885.0205,148381.12,,,,,,2866.2996,0.019335626792907713,18845.917959213257,1580000,0.12890625,0.0060221357,0.0,0.3404885,0.041918755,3.5161327e-05,5924.426,0.34045333,0.0,9.07535,9.07535,0.1,1.0,0.0058747125,0.40388912,6074.584,1.0,579957.0,60.9311361479197,3915.738958838987,100.0,1.8717494010925293,128.14581680133796
6.5100845e-05,0.0,,,,,,,2237.6113,8441.2705,5876.341,2036.6793,3518.3206,-1631.9604,78714.234,,,,,,2237.8262,0.01948930425643921,18943.364485502243,1585000,0.09765625,0.0053710938,0.0,0.21486974,0.05795133,6.5100845e-05,5899.545,0.21480463,0.0,6.7280364,6.7280364,0.1,1.0,0.0040707905,0.4318642,5825.9746,1.0,584957.0,60.92476630657584,2046.3255891285824,100.0,1.877582311630249,65.42582767827976
6.1013176e-05,0.0,,,,,,,2486.6675,9339.157,5934.5625,50.169987,3178.6353,-2785.9204,78041.875,,,,,,2486.7844,0.01934295253753662,19040.079253196716,1590000,0.140625,0.0066731772,0.0,0.11696366,0.042214513,6.1013176e-05,5955.799,0.11690265,0.0,5.221568,5.221568,0.1,1.0,0.0014394809,0.31708756,6067.7515,1.0,589957.0,60.93195050674012,4965.377140629627,100.0,1.8931324481964111,163.36183505162677
3.3526412e-05,0.0,,,,,,,2271.9636,8232.662,5753.621,1941.5464,2105.7366,-3311.109,76525.61,,,,,,2272.1309,0.0194794415473938,19137.476465940475,1595000,0.09765625,0.0043945312,0.0,0.16734147,0.08270979,3.3526412e-05,5780.259,0.16730794,0.0,5.185368,5.185368,0.1,1.0,0.003551583,0.3735666,5937.343,1.0,594957.0,60.90234571216861,4674.78084220765,100.0,1.8836321830749512,153.61214727708665
3.2058764e-05,0.0,,,,,,,2782.7769,8920.042,5691.177,682.8575,1534.0555,-1513.8094,78207.03,,,,,,2783.4993,0.019405507850646972,19234.504010677338,1600000,0.09765625,0.004557292,0.0,0.7224581,0.025054097,3.2058764e-05,5712.334,0.72242606,0.0,6.965242,6.965242,0.1,1.0,0.0034917276,0.3939919,5575.8965,1.0,599957.0,60.93879925441209,2388.030447232371,100.0,1.8761417865753174,76.89023963275604
6.779922e-05,0.0,,,,,,,3882.1506,9431.989,5760.69,-8.746907,3472.2349,-3524.8037,112388.91,,,,,,3882.5044,0.021207411432266236,19340.541073799133,1605000,0.1171875,0.005045573,0.0,0.3538089,0.065986514,6.779922e-05,5787.1216,0.3537411,0.0,6.8779736,6.8779736,0.1,1.0,0.0039402763,0.38585812,5830.3975,0.0,604957.0,0.8014889807402374,60.05289215413081,100.0,1.8927326202392578,-1.2148650482111862
5.8653513e-05,0.0,,,,,,,2733.3218,9493.9375,6052.8916,2033.588,2004.2129,-2255.185,81837.234,,,,,,2733.7236,0.01965013566017151,19438.791758060455,1610000,0.1328125,0.0055338545,0.0,0.40180027,0.03972292,5.8653513e-05,6073.6157,0.40174162,0.0,7.884038,7.884038,0.1,1.0,0.004892696,0.3901542,6154.4526,0.0,609957.0,10.894799077781226,4312.138610754759,100.0,2.3626368045806885,141.4452733364074
2.364339e-05,0.0,,,,,,,3761.6558,10247.657,5906.0513,2232.1892,1847.3491,-3664.657,106293.97,,,,,,3762.151,0.01943689365386963,19535.97623181343,1615000,0.06640625,0.0029296875,0.0,0.4950186,0.05565834,2.364339e-05,5927.473,0.49499497,0.0,6.4446406,6.4446406,0.1,1.0,0.006795904,0.37739992,5965.6465,0.0,614957.0,0.6683910381843559,1026.16627775084,100.0,1.8837382793426514,31.198843989107512
0.00011005804,0.0,,,,,,,2348.2434,9522.919,5972.7817,383.40393,2471.6504,-2223.6987,76613.445,,,,,,2348.7544,0.019444151496887208,19633.196994543076,1620000,0.23046875,0.012369792,0.0,0.51100105,0.03943312,0.00011005804,5992.673,0.510891,0.0,7.458854,7.458854,0.1,1.0,0.0052508847,0.38282844,5997.3237,1.0,619957.0,60.92423089945225,4525.716444879159,100.0,2.352686882019043,148.61094340716542
3.0795425e-05,0.0,,,,,,,2343.4429,9591.378,5884.469,-75.007576,1280.8208,-2398.2434,72128.25,,,,,,2343.682,0.019461826038360594,19730.506129980087,1625000,0.07421875,0.0032552085,0.0,0.2390074,0.033078432,3.0795425e-05,5902.6133,0.2389766,0.0,5.748017,5.748017,0.1,1.0,0.0037677768,0.36041158,5600.0317,1.0,624957.0,60.941943713054755,4246.7170376629365,100.0,1.877436637878418,139.25033859419568
7.678029e-05,0.0,,,,,,,3032.9558,8771.5205,5893.0225,1908.2681,3411.7993,-1262.5156,98045.75,,,,,,3033.0864,0.019414738464355468,19827.579827547073,1630000,0.15625,0.0078125,0.0,0.13049816,0.0475024,7.678029e-05,5918.9653,0.13042137,0.0,4.174157,4.174157,0.1,1.0,0.0029557943,0.36907396,6121.9785,1.0,629957.0,60.92697645487497,2720.655048963332,100.0,1.873490571975708,88.05000330014613
5.3933785e-05,0.0,,,,,,,2344.891,9970.237,6009.036,1858.4716,1985.0833,-1685.5496,71214.51,,,,,,2345.1223,0.019446764945983887,19924.813658952713,1635000,0.15625,0.0078125,0.0,0.23118691,0.021809816,5.3933785e-05,6025.7046,0.23113298,0.0,6.135976,6.135976,0.1,1.0,0.0036740885,0.38260937,6092.625,1.0,634957.0,60.91358960637945,4966.760516481029,100.0,1.898101568222046,163.4082481776688
5.583919e-05,0.0,,,,,,,3687.7354,9368.012,5849.1484,1737.9375,3345.2212,-1717.644,108306.69,,,,,,3688.1274,0.019367110586166383,20021.64921760559,1640000,0.140625,0.006510417,0.0,0.39198953,0.07506454,5.583919e-05,5869.218,0.39193368,0.0,8.258218,8.258218,0.1,1.0,0.0052197166,0.3832106,6081.1143,1.0,639957.0,60.931929653229055,5038.838421282678,100.0,1.8845341205596924,165.82650701673583
3.8025126e-05,0.0,,,,,,,3394.6396,8772.089,5861.3525,2189.3066,5609.3047,-6253.396,122241.51,,,,,,3394.8247,0.019531127977371218,20119.30486345291,1645000,0.08203125,0.00390625,0.0,0.1850864,0.045273304,3.8025126e-05,5881.5757,0.18504837,0.0,5.835449,5.835449,0.1,1.0,0.0029334538,0.34352612,6045.1826,1.0,644957.0,60.9201269583704,3904.0743365678823,100.0,1.8693971633911133,127.75446142011396
4.5537854e-05,0.0,,,,,,,3551.4219,8872.413,5832.6973,2017.2274,6280.4277,-4515.988,104035.83,,,,,,3551.5906,0.019419903898239135,20216.404388427734,1650000,0.1171875,0.0055338545,0.0,0.16865662,0.055184007,4.5537854e-05,5846.4355,0.16861108,0.0,5.505664,5.505664,0.1,1.0,0.0027408774,0.41123956,5404.0713,1.0,649957.0,60.93971735911431,3757.4493131453755,100.0,1.8742198944091797,122.83510007219955
4.1738815e-05,0.0,,,,,,,3292.8572,8381.998,5772.869,2043.3728,7827.336,-3527.7134,106883.53,,,,,,3293.043,0.019530459451675416,20314.056690216064,1655000,0.11328125,0.0052083335,0.0,0.18570344,0.037624955,4.1738815e-05,5792.5986,0.1856617,0.0,5.650063,5.650063,0.1,1.0,0.0034484412,0.40514737,5729.568,0.0,654957.0,-0.19860701966030733,-21.31824464242675,100.0,2.3941752910614014,-3.9449176398440264
6.846696e-05,0.0,,,,,,,2669.8384,8115.7837,5868.309,2465.6418,2550.189,-2604.9202,78292.78,,,,,,2669.9668,0.019371482515335083,20410.91410756111,1660000,0.171875,0.009114584,0.0,0.12848632,0.052156568,6.846696e-05,5885.7256,0.12841785,0.0,5.1711164,5.1711164,0.1,1.0,0.0040553296,0.34171277,6295.5874,1.0,659957.0,60.96473579010697,4198.696333138004,100.0,1.884021520614624,137.63921388829294
4.279961e-05,0.0,,,,,,,2213.867,7872.237,5783.878,2475.914,3235.8218,-2975.5615,91138.7,,,,,,2214.0315,0.019599861907958985,20508.9134247303,1665000,0.12890625,0.0060221357,0.0,0.16462532,0.025423765,4.279961e-05,5801.7607,0.16458252,0.0,5.6302953,5.6302953,0.1,1.0,0.003090505,0.34289795,6016.503,1.0,664957.0,60.915061315470254,5390.094226013749,100.0,1.9058194160461426,177.61135921106708
4.9728824e-05,0.0,,,,,,,2475.7925,7473.8423,5686.164,37.347733,2249.7415,-2442.421,78353.984,,,,,,2476.0332,0.019643164777755736,20607.12925386429,1670000,0.1015625,0.0043945312,0.0,0.24076502,0.082258224,4.9728824e-05,5699.62,0.2407153,0.0,5.685028,5.685028,0.1,1.0,0.002820995,0.37998027,5801.093,1.0,669957.0,60.92170475650527,3181.6245089651566,100.0,1.8878912925720215,103.51581732813464
3.999429e-05,0.0,,,,,,,2155.5596,7924.226,5691.6733,121.878586,1381.1494,-1176.8605,66501.66,,,,,,2155.709,0.019333575963974,20703.797139644623,1675000,0.1015625,0.0047200522,0.0,0.14940876,0.04555273,3.999429e-05,5706.0884,0.14936876,0.0,3.835346,3.835346,0.1,1.0,0.0037629218,0.35488784,5955.289,1.0,674957.0,60.9309429193249,5089.168301958569,100.0,1.905383825302124,167.51510602843848
3.9975064e-05,0.0,,,,,,,1618.771,7494.316,5702.839,2256.5938,3525.1562,-2556.2651,70068.56,,,,,,1618.8885,0.019471583461761473,20801.15506219864,1680000,0.08984375,0.004231771,0.0,0.11758938,0.11911631,3.9975064e-05,5720.6543,0.117549405,0.0,5.1410966,5.1410966,0.1,1.0,0.0032270039,0.329974,5615.1104,1.0,679957.0,60.916119649284326,4562.671791568709,100.0,1.8953907489776611,149.85081842890364
5.9258913e-05,0.0,,,,,,,2323.8616,7659.1943,5484.2627,2313.9978,3745.3718,-4457.245,80084.484,,,,,,2324.0352,0.019540164184570313,20898.855888843536,1685000,0.1640625,0.008463542,0.0,0.17350473,0.031407,5.9258913e-05,5505.2197,0.17344546,0.0,6.005169,6.005169,0.1,1.0,0.004301637,0.34928045,5705.859,1.0,684957.0,60.93911404806699,4732.607783698312,100.0,1.882856845855713,155.55227737355426
4.338359e-05,0.0,,,,,,,3554.8901,7611.509,5724.3906,206.19412,4094.631,-4413.2324,111121.56,,,,,,3555.1067,0.019542419719696044,20996.567992925644,1690000,0.1015625,0.005045573,0.0,0.21646361,0.034918547,4.338359e-05,5744.712,0.21642023,0.0,4.1530356,4.1530356,0.1,1.0,0.0024621221,0.37670636,5642.6426,1.0,689957.0,60.949796600726685,3664.0334560265974,100.0,1.8711981773376465,119.70093957172203
6.293865e-05,0.0,,,,,,,2099.107,8051.483,5606.341,284.17465,2938.346,-1687.3558,64599.062,,,,,,2099.2366,0.019425301027297975,21093.694503307343,1695000,0.12109375,0.005859375,0.0,0.12957191,0.04536712,6.293865e-05,5626.3057,0.12950897,0.0,3.773403,3.773403,0.1,1.0,0.0023939852,0.38231045,5634.4224,1.0,694957.0,60.918861576313994,3280.2067885238616,100.0,1.8753504753112793,106.82331453652687
4.198472e-05,0.0,,,,,,,2558.9517,7837.6357,5558.0796,1923.2983,1517.1017,-2053.378,62732.83,,,,,,2559.0454,0.019504261445999146,21191.21581697464,1700000,0.0859375,0.004231771,0.0,0.09370101,0.048918724,4.198472e-05,5578.221,0.09365903,0.0,6.1284866,6.1284866,0.1,1.0,0.0030155054,0.33331695,5668.5146,1.0,699957.0,60.936332519639976,4530.549717912404,100.0,1.895948886871338,148.77310274387804
3.9668113e-05,0.0,,,,,,,2118.8547,8287.043,5701.8965,1795.0247,2331.3584,-1931.9034,77386.58,,,,,,2119.0603,0.021302894878387452,21297.73029780388,1705000,0.09765625,0.0052083335,0.0,0.20566589,0.03017354,3.9668113e-05,5720.1343,0.20562622,0.0,5.24275,5.24275,0.1,1.0,0.0029563168,0.3540846,6017.3047,1.0,704957.0,60.962913552986755,4127.160250016222,100.0,1.8828301429748535,135.23913350585755
4.180676e-05,0.0,,,,,,,2041.0913,7673.0103,5594.364,-182.2247,3859.0796,-2515.6846,82079.08,,,,,,2041.2527,0.019570366954803468,21395.58213877678,1710000,0.08203125,0.0052083335,0.0,0.16137746,0.03711903,4.180676e-05,5611.6807,0.16133565,0.0,4.43448,4.43448,0.1,1.0,0.0027542221,0.4123695,5873.756,1.0,709957.0,60.90224158762979,4951.1325976815515,100.0,1.8884563446044922,162.88392171622326
7.777457e-05,0.0,,,,,,,2131.0947,7885.2573,5560.5107,282.75455,1554.7745,-2579.1018,64870.55,,,,,,2131.2454,0.019563330698013307,21493.398798704147,1715000,0.19921875,0.008951823,0.0,0.15073757,0.04581368,7.777457e-05,5576.3286,0.1506598,0.0,4.4398336,4.4398336,0.1,1.0,0.0022360543,0.37419194,5790.4507,1.0,714957.0,60.91418784397499,4028.3120142405614,100.0,1.880150318145752,131.92271329985286
4.6579575e-05,0.0,,,,,,,1831.5232,7967.461,5637.5225,1656.023,1326.8268,-1457.173,57802.203,,,,,,1831.6377,0.01950944266319275,21590.946017980576,1720000,0.09765625,0.0052083335,0.0,0.11450383,0.0435102,4.6579575e-05,5654.298,0.11445725,0.0,5.4212995,5.4212995,0.1,1.0,0.003467,0.36938247,5496.1973,1.0,719957.0,60.90131688559201,3102.6572631141275,100.0,1.9035828113555908,100.86641678296702
6.298673e-05,0.0,,,,,,,2032.3805,8231.929,5742.1504,114.63946,1956.478,-1721.6315,64864.76,,,,,,2032.4655,0.019579426193237305,21688.843155384064,1725000,0.1328125,0.0068359375,0.0,0.08496664,0.046322584,6.298673e-05,5755.457,0.08490365,0.0,5.1246185,5.1246185,0.1,1.0,0.0036872895,0.4021307,5682.077,1.0,724947.0,60.91404810075858,4959.9097473801,100.0,1.8955845832824707,163.17840058459132
5.9508428e-05,0.0,,,,,,,1993.3855,8282.942,5688.3184,63.570553,1003.2384,-3091.8452,64111.57,,,,,,1993.5227,0.019536644220352173,21786.526383161545,1730000,0.140625,0.0068359375,0.0,0.13719729,0.031834126,5.9508428e-05,5704.6377,0.13713777,0.0,4.5503964,4.5503964,0.1,1.0,0.0026885024,0.4243016,5589.2095,1.0,729947.0,60.95182186531796,4915.949438852521,100.0,1.8954918384552002,161.7035047068951
2.3573948e-05,0.0,,,,,,,2058.4414,10038.336,5591.29,189.9388,2883.8308,-2341.701,61653.594,,,,,,2058.5417,0.019537091302871703,21884.21184539795,1735000,0.0859375,0.00390625,0.0,0.10042587,0.022813201,2.3573948e-05,5613.6836,0.100402296,0.0,5.1287055,5.1287055,0.1,1.0,0.0022621958,0.36098143,5861.6143,0.0,734947.0,10.923619307556695,1913.4607585630424,100.0,1.8765044212341309,60.96812941692702
4.580902e-05,0.0,,,,,,,2227.8132,9428.649,5645.9336,1500.2114,2321.673,-1869.1536,68140.625,,,,,,2227.979,0.019602395486831663,21982.22382903099,1740000,0.1015625,0.0043945312,0.0,0.16569214,0.04882753,4.580902e-05,5662.41,0.16564633,0.0,3.9623861,3.9623861,0.1,1.0,0.0023520521,0.3829112,5884.8164,1.0,739947.0,60.91979981164703,4896.026323900912,100.0,1.8893232345581055,161.03507172502555
4.8350797e-05,0.0,,,,,,,2065.5217,8705.297,5749.4766,253.98402,4310.2085,-1179.634,58864.375,,,,,,2065.8066,0.019517110538482665,22079.809388160706,1745000,0.10546875,0.0048828125,0.0,0.28482616,0.07018709,4.8350797e-05,5768.4326,0.28477782,0.0,4.8079596,4.8079596,0.1,1.0,0.003776719,0.40252322,5997.256,0.0,744947.0,10.90964953334093,2448.5636846424154,100.0,1.8851654529571533,78.92116765191835
6.859131e-05,0.0,,,,,,,2154.894,9194.53,5875.088,1731.546,1899.7365,-2946.8906,75844.914,,,,,,2155.026,0.019547587108612062,22177.54732966423,1750000,0.15625,0.0071614585,0.0,0.13195258,0.042711616,6.859131e-05,5892.1655,0.131884,0.0,6.212029,6.212029,0.1,1.0,0.0047203675,0.33073112,5967.8154,1.0,749947.0,60.942464719827576,4114.83863744623,100.0,2.416639804840088,134.8257356887187
5.217461e-05,0.0,,,,,,,2595.3994,8646.237,5813.9673,1873.96,6709.813,-3408.6821,103737.734,,,,,,2595.4902,0.0195952757358551,22275.52371406555,1755000,0.109375,0.0053710938,0.0,0.090898596,0.0364362,5.217461e-05,5835.147,0.09084642,0.0,4.6659746,4.6659746,0.1,1.0,0.0024182636,0.34572667,6215.5254,1.0,754947.0,60.942139812137164,4643.4685068885665,100.0,1.8785991668701172,152.56159882030812
9.748059e-05,0.0,,,,,,,2641.1643,9501.268,5808.677,-11.449799,5188.6484,-2005.8499,90368.39,,,,,,2641.349,0.019651390171051025,22373.780670166016,1760000,0.1171875,0.0060221357,0.0,0.1848247,0.18485117,9.748059e-05,5829.0186,0.18472722,0.0,7.9515285,7.9515285,0.1,1.0,0.0033267038,0.427328,5950.826,1.0,759947.0,60.923996499222746,5089.945077734502,100.0,1.898498773574829,167.54116734211416
3.4387147e-05,0.0,,,,,,,2257.2046,8344.468,5833.7373,1707.7787,1925.1656,-2165.6628,66951.59,,,,,,2257.3132,0.019518724250793457,22471.37429714203,1765000,0.109375,0.005045573,0.0,0.10874031,0.021618366,3.4387147e-05,5852.029,0.10870592,0.0,4.3185368,4.3185368,0.1,1.0,0.003991975,0.30376363,5664.226,1.0,764947.0,60.915441922391544,4247.676451808321,100.0,1.9045441150665283,139.28252753952904
3.749078e-05,0.0,,,,,,,2622.829,8371.342,5901.9473,829.5108,1938.767,-1416.6099,75961.33,,,,,,2623.0933,0.019516637420654296,22568.957491397858,1770000,0.1484375,0.0071614585,0.0,0.26410148,0.018856406,3.749078e-05,5920.078,0.26406398,0.0,8.106596,8.106596,0.1,1.0,0.0029906137,0.40316075,6235.1245,1.0,769947.0,60.938690742480404,5131.614938538485,100.0,2.0020389556884766,168.93921726447567
4.1650223e-05,0.0,,,,,,,2672.42,8380.823,5738.0913,232.55838,951.3414,-3135.0725,65151.055,,,,,,2672.7224,0.019602311420440673,22666.969054698944,1775000,0.1171875,0.0055338545,0.0,0.30243284,0.031164646,4.1650223e-05,5757.753,0.30239117,0.0,7.9399877,7.9399877,0.1,1.0,0.0052258978,0.3807891,5543.257,1.0,774947.0,60.95718131404608,4673.577327958105,100.0,1.892143964767456,153.57176862041075
3.3818458e-05,0.0,,,,,,,2271.0276,8346.479,5730.9834,165.92511,1757.6161,-1358.8394,64507.81,,,,,,2271.277,0.019487606000900267,22764.40709042549,1780000,0.09765625,0.004557292,0.0,0.24951929,0.029276848,3.3818458e-05,5745.414,0.24948546,0.0,6.6118937,6.6118937,0.1,1.0,0.0035719795,0.39088738,5450.122,1.0,779947.0,60.93172675086406,4725.68524659968,100.0,1.8905589580535889,155.32002191921487
2.626937e-05,0.0,,,,,,,4048.5452,8397.502,5836.445,1611.8269,12962.501,-8754.724,150564.38,,,,,,4048.6948,0.019544567918777466,22862.129935741425,1785000,0.06640625,0.003092448,0.0,0.1496941,0.031835556,2.626937e-05,5853.3003,0.14966783,0.0,5.161483,5.161483,0.1,1.0,0.003553261,0.3745172,5980.3555,1.0,784947.0,60.90892736442965,5319.327457270048,100.0,1.9212913513183594,175.2370898077374
3.9232276e-05,0.0,,,,,,,2547.6165,9098.034,5780.71,1340.9521,1964.52,-5732.4966,87100.14,,,,,,2547.8298,0.01951263575553894,22959.693120718002,1790000,0.109375,0.005045573,0.0,0.21342343,0.04172635,3.9232276e-05,5797.0933,0.2133842,0.0,9.502398,9.502398,0.1,1.0,0.0047033625,0.44258666,5995.294,1.0,789947.0,60.90362304633145,4914.066068694756,100.0,1.9166450500488281,161.64031645879348
4.528692e-05,0.0,,,,,,,2566.3796,8451.908,5808.44,2180.6658,1448.2213,-2414.0098,81366.45,,,,,,2566.531,0.019394185829162598,23056.664055347443,1795000,0.1171875,0.005045573,0.0,0.15124963,0.04615307,4.528692e-05,5821.4697,0.15120435,0.0,4.985451,4.985451,0.1,1.0,0.0031119077,0.3645372,6039.493,1.0,794947.0,60.90794027924794,5289.452284677193,100.0,1.9078397750854492,174.234759060331
7.940619e-05,0.0,,,,,,,2433.8267,8052.8843,5823.2163,416.505,2822.2266,-1696.8473,85055.555,,,,,,2434.2185,0.019406158971786498,23153.69485592842,1800000,0.1640625,0.0094401045,0.0,0.39183682,0.055703163,7.940619e-05,5846.727,0.39175743,0.0,7.2835283,7.2835283,0.1,1.0,0.0039896755,0.3981471,5960.279,1.0,799947.0,60.964703862355044,3933.543615172934,100.0,1.8716137409210205,128.7431741700712
3.4915458e-05,0.0,,,,,,,2521.3616,8623.631,5754.0,1814.5647,4101.548,-1569.3213,87566.17,,,,,,2521.5005,0.02131637177467346,23260.276720523834,1805000,0.12109375,0.0052083335,0.0,0.13889013,0.024113178,3.4915458e-05,5771.255,0.13885522,0.0,5.143656,5.143656,0.1,1.0,0.0024060863,0.35869655,5981.0312,1.0,804947.0,60.93099931301508,3628.9785823544144,100.0,1.8988478183746338,118.52482660973433
3.9500905e-05,0.0,,,,,,,3066.7898,9298.05,5761.0254,1766.1704,1684.4312,-2390.65,85698.99,,,,,,3067.0015,0.01965433135032654,23358.548382759094,1810000,0.08984375,0.0047200522,0.0,0.21155044,0.030024648,3.9500905e-05,5781.3945,0.21151094,0.0,8.270511,8.270511,0.1,1.0,0.0050184107,0.42559552,5651.8105,1.0,809947.0,60.9864725266615,3536.235375179078,100.0,1.8967626094818115,115.41323393605202
4.5284105e-05,0.0,,,,,,,4605.4316,9133.962,6009.746,2302.945,4288.31,-4717.8877,136680.4,,,,,,4605.7007,0.019548424339294435,23456.290509700775,1815000,0.1171875,0.005859375,0.0,0.26893404,0.04436612,4.5284105e-05,6034.796,0.26888877,0.0,6.3340073,6.3340073,0.1,1.0,0.0042433934,0.28257185,6363.425,1.0,814947.0,60.92464035550776,3828.432723354537,100.0,1.8825538158416748,125.2166379323497
6.0879414e-05,0.0,,,,,,,3230.1272,10571.337,5876.623,1728.9211,1935.5573,-2167.172,102552.484,,,,,,3230.3342,0.019528064346313476,23553.93083834648,1820000,0.1328125,0.0068359375,0.0,0.20700854,0.054377437,6.0879414e-05,5902.8506,0.20694765,0.0,6.6455393,6.6455393,0.1,1.0,0.0051443563,0.47997707,5308.6396,1.0,819947.0,60.935445454877296,4663.015714565027,100.0,1.9552817344665527,153.21741987771483
3.512462e-05,0.0,,,,,,,3854.4097,9953.318,6043.1387,2263.5896,1629.451,-6730.7734,127477.875,,,,,,3854.5574,0.019496982479095457,23651.415756702423,1825000,0.06640625,0.0032552085,0.0,0.1476462,0.060739756,3.512462e-05,6064.8555,0.14761108,0.0,8.3514595,8.3514595,0.1,1.0,0.0034364793,0.39784727,6108.9385,1.0,824947.0,60.927529187213835,5150.124874774194,100.0,1.8905689716339111,169.56023721553765
4.1239993e-05,0.0,,,,,,,2921.4626,9043.683,6118.606,1531.3401,2717.0679,-3254.6343,95371.16,,,,,,2921.5986,0.019633950090408324,23749.585514068604,1830000,0.12109375,0.0056966147,0.0,0.13597915,0.045964956,4.1239993e-05,6141.658,0.1359379,0.0,6.4073887,6.4073887,0.1,1.0,0.00370892,0.39089042,5880.577,1.0,829947.0,60.91951821855641,3300.859526596435,100.0,1.926668405532837,107.5162268309724
2.1408585e-05,0.0,,,,,,,2980.2659,8910.408,6124.1914,390.9882,2723.6152,-4359.7773,101479.55,,,,,,2980.403,0.01942902388572693,23846.73064017296,1835000,0.07421875,0.0037434897,0.0,0.1372618,0.017654419,2.1408585e-05,6145.8716,0.13724038,0.0,6.1918774,6.1918774,0.1,1.0,0.003622221,0.4202757,5843.0684,1.0,834947.0,60.95085212519877,4367.492930588802,100.0,1.8824009895324707,143.30244542801566
4.249658e-05,0.0,,,,,,,3142.9067,9358.456,6091.558,1882.9952,2023.6125,-1569.0554,80307.414,,,,,,3143.4187,0.01958072772026062,23944.63428401947,1840000,0.09375,0.0043945312,0.0,0.51198,0.03135681,4.249658e-05,6107.4346,0.5119375,0.0,7.204278,7.204278,0.1,1.0,0.0032512934,0.3664919,6132.468,0.0,839947.0,10.851297846840911,1620.3940928213633,100.0,1.8968400955200195,51.1355592719427
3.758139e-05,0.0,,,,,,,2145.936,8247.579,6053.1445,2989.7,1449.4852,-2847.8477,69154.69,,,,,,2146.1677,0.01955969967842102,24042.43278861046,1845000,0.13671875,0.0063476562,0.0,0.23180634,0.027839541,3.758139e-05,6070.509,0.23176876,0.0,5.314467,5.314467,0.1,1.0,0.0028798576,0.37198898,6391.6416,1.0,844947.0,60.91647672326335,3615.6695349406764,100.0,1.8882439136505127,118.07829973528644
2.3010536e-05,0.0,,,,,,,3425.823,8348.356,5878.2803,433.34402,3633.6711,-5069.488,136344.89,,,,,,3426.0093,0.019518290996551512,24140.024249315262,1850000,0.09765625,0.004231771,0.0,0.1862917,0.018187523,2.3010536e-05,5896.4414,0.18626869,0.0,5.7083683,5.7083683,0.1,1.0,0.0038955463,0.36235702,6023.507,0.0,849947.0,10.905883647071828,2157.907363055321,100.0,1.8917734622955322,69.16946606260389
7.6496006e-05,0.0,,,,,,,2999.8862,8514.541,6035.4995,1450.4353,2147.9226,-2026.8999,87069.664,,,,,,3000.014,0.019470154857635497,24237.37503004074,1855000,0.140625,0.006510417,0.0,0.12771258,0.08133781,7.6496006e-05,6056.3125,0.12763608,0.0,5.3224096,5.3224096,0.1,1.0,0.0034225064,0.38150772,6455.169,1.0,854947.0,60.95199411655153,3639.5915143409984,100.0,1.8837275505065918,118.8808971233765
3.4756573e-05,0.0,,,,,,,2689.6797,8315.326,5935.4023,2801.8445,1269.8496,-4457.0557,87617.93,,,,,,2689.837,0.019439012861251832,24334.570099830627,1860000,0.1015625,0.0043945312,0.0,0.15720658,0.06943643,3.4756573e-05,5949.095,0.15717183,0.0,4.4087696,4.4087696,0.1,1.0,0.0034316592,0.3773148,5931.5483,1.0,859947.0,60.949099752979386,4185.641141609368,100.0,1.883652925491333,137.20120403774695
7.0976464e-05,0.0,,,,,,,3121.2812,11823.773,5804.7256,1447.1161,5523.794,-6180.6235,144875.47,,,,,,3121.9163,0.019471625661849977,24431.92823410034,1865000,0.125,0.006184896,0.0,0.63492984,0.115403175,7.0976464e-05,5824.284,0.63485885,0.0,12.882015,12.882015,0.1,1.0,0.00579366,0.4078855,5823.175,1.0,864947.0,60.909156214238166,4421.362530046516,100.0,1.8887872695922852,145.10980422131175
3.6720012e-05,0.0,,,,,,,3063.5596,10886.053,5930.827,2481.697,5600.251,-5135.367,127019.484,,,,,,3063.7546,0.01948169665336609,24529.3367228508,1870000,0.10546875,0.0048828125,0.0,0.1950103,0.04004574,3.6720012e-05,5947.6865,0.19497359,0.0,4.8619466,4.8619466,0.1,1.0,0.0028399033,0.39005196,5772.9775,1.0,869947.0,60.92964182869329,3862.1587582044276,100.0,1.8995954990386963,126.34816751977141
3.228368e-05,0.0,,,,,,,3845.7207,10166.712,6036.423,2285.3394,6987.537,-2341.7605,125841.625,,,,,,3846.045,0.019526777839660645,24626.970618486404,1875000,0.078125,0.0047200522,0.0,0.324146,0.02689135,3.228368e-05,6058.0767,0.32411373,0.0,9.237364,9.237364,0.1,1.0,0.004949333,0.35844356,6096.754,0.0,874947.0,0.5312156407546869,17.836165112355292,100.0,1.8764457702636719,-2.6312626752814685
3.216334e-05,0.0,,,,,,,3046.251,11660.279,5910.562,1351.2625,1996.2435,-3138.212,92008.3,,,,,,3046.5894,0.01948764214515686,24724.408834695816,1880000,0.09375,0.004557292,0.0,0.33835632,0.021250844,3.216334e-05,5930.865,0.33832416,0.0,6.645034,6.645034,0.1,1.0,0.0035604266,0.39184198,5621.911,1.0,879947.0,60.93539515419194,4175.812916908521,100.0,1.8804116249084473,136.87146094490092
4.5027333e-05,0.0,,,,,,,2709.1797,11352.466,6047.9053,2159.4204,2601.646,-3466.3193,82651.984,,,,,,2709.374,0.01942162265777588,24821.51695394516,1885000,0.09375,0.0047200522,0.0,0.19423679,0.06701505,4.5027333e-05,6064.175,0.19419175,0.0,5.9527664,5.9527664,0.1,1.0,0.0039129294,0.38901055,6126.3096,1.0,884947.0,60.94542967430348,4431.8395440593995,100.0,1.8864495754241943,145.46131460182858
4.0313753e-05,0.0,,,,,,,2832.979,8945.005,5997.3164,2415.544,2751.0225,-3931.7644,85362.91,,,,,,2833.2012,0.019544976234436035,24919.24184036255,1890000,0.1171875,0.0053710938,0.0,0.2221946,0.031055927,4.0313753e-05,6013.4,0.22215429,0.0,5.0075083,5.0075083,0.1,1.0,0.0034818319,0.34214538,6433.7383,1.0,889947.0,60.92731625949471,3415.544800064431,100.0,1.8955533504486084,111.36398956822187
5.025044e-05,0.0,,,,,,,3042.9346,9228.599,5791.3716,2400.4453,2784.651,-2825.279,78653.984,,,,,,3043.0696,0.019486321830749512,25016.673454761505,1895000,0.11328125,0.0055338545,0.0,0.1350233,0.03565526,5.025044e-05,5805.338,0.13497305,0.0,4.3545094,4.3545094,0.1,1.0,0.003800889,0.35745677,6223.657,1.0,894947.0,60.93014307393422,5451.616595156063,100.0,1.8749480247497559,179.67547321921097
3.9017974e-05,0.0,,,,,,,2022.6427,8993.158,5968.687,1960.2017,2732.6128,-3383.7507,63587.645,,,,,,2022.7267,0.01930175452232361,25113.182232141495,1900000,0.11328125,0.005045573,0.0,0.084041215,0.026756644,3.9017974e-05,5983.909,0.0840022,0.0,4.4175053,4.4175053,0.1,1.0,0.002689391,0.34433216,5990.459,1.0,899947.0,60.923977233205704,5401.216909828674,100.0,1.8774957656860352,177.98453221774102
5.3503958e-05,0.0,,,,,,,2261.5286,8721.984,5736.003,2159.8738,1469.8599,-2713.0906,73477.31,,,,,,2261.7048,0.021372363138198854,25220.044054031372,1905000,0.078125,0.004557292,0.0,0.1762446,0.05284834,5.3503958e-05,5750.6455,0.17619109,0.0,4.6155896,4.6155896,0.1,1.0,0.002935805,0.38960928,6111.002,1.0,904947.0,60.92465465517562,5038.708344196856,100.0,2.3493058681488037,165.82214284905623
2.9727235e-06,0.0,,,,,,,2191.7798,8417.6,5872.6035,364.52444,2440.8406,-1588.2021,65164.047,,,,,,2191.9465,0.019719955682754517,25318.64383816719,1910000,0.0390625,0.0016276042,0.0,0.166712,0.0062475204,2.9727235e-06,5889.3584,0.16670904,0.0,6.1149807,6.1149807,0.1,1.0,0.004222165,0.34799397,5912.3,1.0,909947.0,60.91489883382654,5269.922993075668,100.0,1.9058425426483154,173.57953909845682
6.029324e-05,0.0,,,,,,,2129.227,8058.7837,5815.925,1726.99,4314.5312,-1507.6566,70192.586,,,,,,2129.6096,0.01952841968536377,25416.28594303131,1915000,0.10546875,0.0047200522,0.0,0.38262692,0.041660547,6.029324e-05,5834.5234,0.38256663,0.0,4.4067006,4.4067006,0.1,1.0,0.0034267632,0.3959175,5874.039,1.0,914947.0,60.914102398280505,4718.913327195906,100.0,1.903226375579834,155.0928197828502
4.4473913e-05,0.0,,,,,,,1696.2664,7890.2783,5865.4434,2518.533,1419.0541,-5074.491,65917.09,,,,,,1696.3761,0.01955025534629822,25514.037225961685,1920000,0.125,0.0060221357,0.0,0.10970939,0.037729025,4.4473913e-05,5881.4004,0.10966492,0.0,4.5509634,4.5509634,0.1,1.0,0.0024659624,0.33273977,5963.3774,1.0,919947.0,60.93766533314972,5452.296163197305,100.0,1.8963024616241455,179.69827315251928
8.250488e-05,0.0,,,,,,,2368.0918,8210.545,5720.21,50.533188,2710.6562,-1677.708,75253.36,,,,,,2368.181,0.01957244825363159,25611.899477005005,1925000,0.12109375,0.005859375,0.0,0.08921874,0.06907797,8.250488e-05,5738.9336,0.089136235,0.0,4.778896,4.778896,0.1,1.0,0.0033866928,0.44720036,5980.3364,1.0,924947.0,60.93299024901859,3071.102466205018,100.0,1.8975930213928223,99.80773358802108
4.577891e-05,0.0,,,,,,,2303.7632,8443.178,5850.534,2032.4388,2573.2283,-1775.0013,71466.2,,,,,,2303.9346,0.019532102537155153,25709.559996128082,1930000,0.09765625,0.0047200522,0.0,0.17143677,0.06436288,4.577891e-05,5867.0137,0.171391,0.0,4.756956,4.756956,0.1,1.0,0.0030940473,0.40406185,5923.782,1.0,929947.0,60.95136812829657,4539.764749023911,100.0,1.891456127166748,149.0822728078387
3.279994e-05,0.0,,,,,,,1825.7856,8308.48,5751.7754,311.3911,3814.6309,-668.92816,56051.117,,,,,,1825.8975,0.019515801858901977,25807.139011621475,1935000,0.10546875,0.004557292,0.0,0.11186303,0.03802371,3.279994e-05,5765.008,0.111830235,0.0,3.9070973,3.9070973,0.1,1.0,0.002076546,0.36556405,6084.4077,1.0,934947.0,60.92989983988828,5015.575984418211,100.0,1.8789026737213135,165.046037693709
5.020073e-05,0.0,,,,,,,2969.3682,8605.585,5656.91,1145.9829,1337.367,-3216.3682,94822.305,,,,,,2969.5144,0.019510589647293092,25904.691968679428,1940000,0.109375,0.0053710938,0.0,0.14622091,0.111790895,5.020073e-05,5676.0303,0.1461707,0.0,5.5977,5.5977,0.1,1.0,0.002395946,0.38198948,5677.84,1.0,939947.0,60.94068825451761,4967.472150332243,100.0,1.886702060699463,163.4321239389803
5.5816046e-05,0.0,,,,,,,1849.786,8278.487,5732.162,2599.9377,1187.6593,-2164.6738,60612.977,,,,,,1849.9386,0.019710324668884276,26003.243597745895,1945000,0.125,0.0060221357,0.0,0.15253091,0.029969454,5.5816046e-05,5746.0146,0.15247509,0.0,4.9253254,4.9253254,0.1,1.0,0.0026038964,0.39645872,5883.0728,1.0,944947.0,60.917667136328326,5270.271771140529,100.0,1.9044182300567627,173.59124082092703
4.4152024e-05,0.0,,,,,,,2057.188,8104.881,5696.2227,144.9449,1823.6016,-3680.5981,65572.92,,,,,,2057.3499,0.019628369617462157,26101.385451078415,1950000,0.1328125,0.005859375,0.0,0.16186346,0.028509498,4.4152024e-05,5714.544,0.16181931,0.0,5.0947933,5.0947933,0.1,1.0,0.010304997,0.38655323,5669.928,1.0,949947.0,60.930023726530884,4412.232653947505,100.0,1.9217894077301025,144.80349116134173
3.368553e-05,0.0,,,,,,,2192.646,9831.747,5770.3975,76.89292,3899.7354,-3449.4375,77276.45,,,,,,2192.7947,0.019662415742874147,26199.697535037994,1955000,0.08984375,0.0043945312,0.0,0.14878552,0.032551408,3.368553e-05,5788.4663,0.14875183,0.0,4.094061,4.094061,0.1,1.0,0.002503417,0.4340353,5866.855,0.0,954947.0,10.885991544730164,829.052867835979,100.0,1.888495922088623,24.585565660096645
2.5249708e-05,0.0,,,,,,,1800.8113,10772.236,5798.3027,-102.05958,1911.7579,-3521.7148,61389.586,,,,,,1801.028,0.019612197732925416,26297.758530139923,1960000,0.09375,0.004231771,0.0,0.21664506,0.02318263,2.5249708e-05,5811.1777,0.21661982,0.0,4.391059,4.391059,0.1,1.0,0.002661063,0.36450452,6140.1084,0.0,959947.0,0.611442182929744,8.168900232832392,100.0,1.881744623184204,-2.9556054653340116
7.0795264e-05,0.0,,,,,,,2250.0046,8954.587,5652.0444,1963.6233,2319.6868,-1405.5801,66830.25,,,,,,2250.1262,0.01955859832763672,26395.551527500153,1965000,0.078125,0.0035807292,0.0,0.12156412,0.091837645,7.0795264e-05,5668.251,0.121493325,0.0,5.3463445,5.3463445,0.1,1.0,0.003252583,0.42674142,5520.2695,1.0,964947.0,60.9308564834855,5077.565237627826,100.0,1.8845090866088867,167.1258159546593
7.68224e-05,0.0,,,,,,,2276.0532,9084.879,5742.973,1725.6687,3820.4597,-3549.3206,88038.516,,,,,,2276.188,0.019556494426727297,26493.334008693695,1970000,0.22265625,0.010904948,0.0,0.13488702,0.047897458,7.68224e-05,5764.3784,0.13481021,0.0,6.1223197,6.1223197,0.1,1.0,0.003402065,0.35486218,5291.262,1.0,969947.0,60.939140417771625,4530.3731590329235,100.0,2.3455007076263428,148.7671790829157
1.8591256e-05,0.0,,,,,,,2231.877,7772.652,5785.716,2055.955,3567.1567,-1319.5038,67523.875,,,,,,2232.0298,0.01943570737838745,26590.51255440712,1975000,0.06640625,0.003092448,0.0,0.1529378,0.022665024,1.8591256e-05,5804.508,0.1529192,0.0,5.4239516,5.4239516,0.1,1.0,0.0037429866,0.40929398,5537.633,1.0,974947.0,60.90972603110188,3600.8852586594453,100.0,1.896989345550537,117.58227800859109
2.5391677e-05,0.0,,,,,,,2613.7773,8786.956,5768.747,1437.4055,3387.6377,-3571.2693,87507.2,,,,,,2613.8752,0.019547200059890746,26688.248561143875,1980000,0.06640625,0.0029296875,0.0,0.09787753,0.03658724,2.5391677e-05,5784.5195,0.09785214,0.0,4.5805874,4.5805874,0.1,1.0,0.0023378418,0.38160977,5900.632,1.0,979947.0,60.94510322039175,5150.648900976094,100.0,1.8769187927246094,169.57781862274052
4.677713e-05,0.0,,,,,,,2194.1543,8500.577,5662.588,1169.2504,1315.4178,-1909.4996,67155.73,,,,,,2194.3398,0.019488262605667113,26785.689878940582,1985000,0.11328125,0.0053710938,0.0,0.18558119,0.062181473,4.677713e-05,5679.249,0.18553442,0.0,4.545679,4.545679,0.1,1.0,0.0031890925,0.33189937,6002.131,1.0,984947.0,60.90289663650023,4755.143865141831,100.0,1.890620231628418,156.30837701738682
6.437878e-05,0.0,,,,,,,1864.2908,8935.19,5869.9004,1107.9525,1127.7517,-890.30927,48162.83,,,,,,1864.3949,0.019527847146987916,26883.329121351242,1990000,0.15625,0.0074869795,0.0,0.10417086,0.025750399,6.437878e-05,5882.1943,0.10410648,0.0,4.9224644,4.9224644,0.1,1.0,0.002460146,0.31416297,5724.026,1.0,989947.0,60.91443751655249,4452.11879332803,100.0,1.887636661529541,146.14169611303458
3.782852e-05,0.0,,,,,,,2513.2883,9301.82,5633.778,1346.9423,3283.2988,-2653.5747,82095.17,,,,,,2513.9458,0.019503740072250367,26980.84782767296,1995000,0.08984375,0.00390625,0.0,0.6575696,0.033358455,3.782852e-05,5650.5156,0.65753174,0.0,7.0182157,7.0182157,0.1,1.0,0.004340571,0.37949753,5912.5596,0.0,994947.0,10.881635103183285,3747.642844590066,100.0,1.8800528049468994,122.5060869116593
6.8492045e-05,0.0,,,,,,,2305.1797,8622.318,5827.855,1843.2112,2253.6895,-4196.4727,89789.97,,,,,,2305.3193,0.019318568801879883,27077.440677642822,2000000,0.1484375,0.0073242188,0.0,0.13960233,0.09570396,6.8492045e-05,5842.7695,0.13953385,0.0,4.0446,4.0446,0.1,1.0,0.0030796654,0.3951809,6012.86,0.0,999947.0,0.8387187437548885,58.18069937195796,100.0,1.8816394805908203,-1.2776782883627422
