training/actor/bound_loss,training/actor/q_loss,training/alpha/current_vs_historical_ratio,training/alpha/historical_avg_loss,training/alpha/max_alpha_bound,training/alpha/min_alpha_bound,training/alpha/valid_count,training/alpha_weight,training/critic/critic_loss,training/critic/q_max,training/critic/q_mean,training/critic/q_min,training/grad/max,training/grad/min,training/grad/norm,training/meanflow/consistency_loss,training/meanflow/flow_loss,training/meanflow/mean_flow_loss,training/metrics/actor_learning_rate,training/metrics/critic_learning_rate,training/total_loss,time/epoch_time,time/total_time,step,training/actor/any_oob,training/actor/coordinate_oob,training/actor/jacobian,training/actor/loss,training/actor/max_clip,training/actor/mean_clip,training/actor/q,training/actor/transport,training/control/adjoint_clip_fraction,training/control/adjoint_norm,training/control/applied_adjoint_norm,training/control/eta,training/control/gate,training/control/relative_critic_disagreement,training/teacher/endpoint_variance,training/teacher/q,exploration/goal_achieved,exploration/total.timesteps,exploration/episode.final_reward,exploration/episode.return,exploration/episode.length,exploration/episode.duration,exploration/episode.normalized_return
0.0,0.0,1.0,0.0,90000.0,900.0,0,9000.0,16.908583,3.8545947,0.30013457,-3.0868514,13353.893,-13591.726,284245.66,0.0,1.0299811,1.0299811,0.0,0.0003,9286.738,0.006954026126861572,34.770389556884766,0,,,,,,,,,,,,,,,,,,,,,,,
0.011762675,0.0,24999218.0,0.0,90000.0,900.0,2,9000.0,1.4438727,460.9985,39.547314,-9.554356,4671.424,-4575.9395,309533.75,0.0,0.24999218,0.24999218,1e-05,0.0003,2251.3853,0.013680122661590577,103.17120504379272,5000,,,,,,,,,,,,,,,,,,,,,,,
0.0047765183,0.0,20272530.0,0.0,90000.0,900.0,4,9000.0,4.9809427,841.04065,95.11779,-13.458463,6654.1934,-8063.452,251729.31,0.0,0.20272529,0.20272529,2e-05,0.0003,1829.5133,0.008619178247451783,146.26729559898376,10000,,,,,,,,,,,,,,,,,,,,,,,
0.008675831,0.0,14361978.0,0.0,90000.0,900.0,7,9000.0,3.075491,1142.0771,148.77144,-18.466305,4607.147,-3671.1973,169271.56,0.0,0.14361978,0.14361978,3e-05,0.0003,1295.6621,0.00858353853225708,189.18515801429749,15000,,,,,,,,,,,,,,,,,,,,,,,
0.0066503272,0.0,16091424.0,0.0,90000.0,900.0,9,9000.0,3.5074263,1379.8184,168.99039,-24.1889,6268.9146,-4941.098,126081.34,0.0,0.16091424,0.16091424,4e-05,0.0003,1451.7422,0.008568862676620484,232.02964758872986,20000,,,,,,,,,,,,,,,,,,,,,,,
0.007838781,0.0,1.291323,0.10316076,90000.0,900.0,12,9000.0,3.8884366,1559.5183,224.98303,-30.35126,5401.7554,-5778.819,100485.96,0.0,0.13321386,0.13321386,5e-05,0.0003,1202.821,0.008583737325668335,274.94850897789,25000,,,,,,,,,,,,,,,,,,,,,,,
0.007072302,0.0,1.0753509,0.13842127,90000.0,900.0,14,9000.0,8.318562,1693.7579,280.51447,-42.920216,8286.744,-8420.687,95293.08,0.0,0.14885144,0.14885144,6e-05,0.0003,1347.9886,0.008717449235916138,318.53593945503235,30000,,,,,,,,,,,,,,,,,,,,,,,
0.0075891837,0.0,0.7509679,0.16331376,90000.0,900.0,17,9000.0,19.803295,1800.584,319.13043,-72.80184,3180.7134,-6591.7705,95125.46,0.0,0.122643396,0.122643396,6.9999995e-05,0.0003,1123.6014,0.008601411056518555,361.5431818962097,35000,,,,,,,,,,,,,,,,,,,,,,,
0.0065303226,0.0,0.68565917,0.17169513,90000.0,900.0,19,9000.0,25.857658,1883.0077,334.9412,-119.08789,7749.629,-4991.82,67952.97,0.0,0.11772433,0.11772433,8e-05,0.0003,1085.383,0.008590618896484376,404.49646615982056,40000,,,,,,,,,,,,,,,,,,,,,,,
0.0065559214,0.0,0.7772328,0.14745432,90000.0,900.0,20,9000.0,17.588085,1953.8218,321.07352,-172.98152,2180.3308,-7200.161,70922.12,0.0,0.114606336,0.114606336,8.9999994e-05,0.0003,1049.0516,0.008790095329284668,448.4471354484558,45000,,,,,,,,,,,,,,,,,,,,,,,
0.006962091,0.0,0.7596486,0.13789813,90000.0,900.0,20,9000.0,62.64012,2013.35,359.90173,-243.93677,3738.8704,-2403.14,58592.914,0.0,0.10475412,0.10475412,1e-04,0.0003,1005.4342,0.008509432411193847,490.9944899082184,50000,,,,,,,,,,,,,,,,,,,,,,,
0.005829592,0.0,0.9064846,0.12627359,90000.0,900.0,20,9000.0,29.49313,2056.1133,356.748,-307.40283,1898.0928,-3222.5947,57431.1,0.0,0.114465065,0.114465065,9.999385e-05,0.0003,1059.6844,0.008554671430587768,533.76802110672,55000,,,,,,,,,,,,,,,,,,,,,,,
0.0038892138,0.0,0.7442023,0.12104451,90000.0,900.0,20,9000.0,21.521198,2093.5425,320.51108,-248.4441,2844.6057,-3653.658,57772.305,0.0,0.0900816,0.0900816,9.99754e-05,0.0003,832.2595,0.008270694923400879,575.1216697692871,60000,,,,,,,,,,,,,,,,,,,,,,,
0.004236176,0.0,0.731647,0.114736654,90000.0,900.0,20,9000.0,11.40664,2117.7893,441.5963,-253.40477,2012.9058,-3014.8926,44101.215,0.0,0.083946735,0.083946735,9.994465e-05,0.0003,766.9315,0.008487586879730225,617.5597803592682,65000,,,,,,,,,,,,,,,,,,,,,,,
0.005186503,0.0,1.0435498,0.10984037,90000.0,900.0,20,9000.0,67.623695,2137.2068,419.73547,-276.28674,1644.425,-2269.2725,54018.68,0.0,0.114623904,0.114623904,9.990162e-05,0.0003,1099.244,0.008423187112808227,659.6758725643158,70000,,,,,,,,,,,,,,,,,,,,,,,
0.005169651,0.0,0.9041789,0.10644354,90000.0,900.0,20,9000.0,55.00515,2150.8894,381.95566,-179.63387,2402.402,-2427.1665,51569.25,0.0,0.09624401,0.09624401,9.984629e-05,0.0003,921.20636,0.008593722772598266,702.6446433067322,75000,,,,,,,,,,,,,,,,,,,,,,,
0.004513395,0.0,0.791662,0.10308435,90000.0,900.0,20,9000.0,28.094578,2157.2288,377.43073,-236.4153,1526.6438,-2452.5208,50897.66,0.0,0.08160795,0.08160795,9.977873e-05,0.0003,762.5707,0.00833615002632141,744.3255701065063,80000,,,,,,,,,,,,,,,,,,,,,,,
0.005165494,0.0,0.95404905,0.098062515,90000.0,900.0,20,9000.0,20.92389,2159.5676,388.1299,-163.87071,1284.5111,-2382.5024,47264.56,0.0,0.09355645,0.09355645,9.969891e-05,0.0003,862.93713,0.008507111167907715,786.8612780570984,85000,,,,,,,,,,,,,,,,,,,,,,,
0.0039061552,0.0,0.801457,0.09236257,90000.0,900.0,20,9000.0,25.917439,2153.4143,365.5848,-173.85818,1182.9712,-1337.3496,45461.695,0.0,0.074024625,0.074024625,9.9606885e-05,0.0003,692.14294,0.008106122779846191,827.3920595645905,90000,,,,,,,,,,,,,,,,,,,,,,,
0.0038986336,0.0,0.824597,0.08922021,90000.0,900.0,20,9000.0,16.85426,2156.3262,390.7524,-161.92082,1865.687,-2190.0635,48036.984,0.0,0.07357072,0.07357072,9.950265e-05,0.0003,678.9946,0.008170102357864379,868.2427489757538,95000,,,,,,,,,,,,,,,,,,,,,,,
0.0025961201,0.0,1.0280313,0.08950075,90000.0,900.0,20,9000.0,105.47974,2150.0264,410.03156,-195.77368,1296.9895,-1060.0768,47057.543,0.0,0.092009574,0.092009574,9.938626e-05,0.0003,933.5685,0.008194281578063964,909.2143132686615,100000,,,,,,,,,,,,,,,,,,,,,,,
0.0045550233,0.0,0.98779833,0.08654604,90000.0,900.0,20,9000.0,20.03559,2155.069,419.52216,-168.73831,878.5765,-1464.7192,42131.24,0.0,0.08549003,0.08549003,9.9257726e-05,0.0003,789.45044,0.011973653745651245,969.0827922821045,105000,,,,,,,,,,,,,,,,,,,,,,,
0.0035063908,0.0,0.8343398,0.08525798,90000.0,900.0,20,9000.0,11.1413965,2153.0703,381.82712,-162.7561,1360.3137,-1007.7969,38162.094,0.0,0.07113412,0.07113412,9.91171e-05,0.0003,651.352,0.008878986358642578,1013.4779884815216,110000,,,,,,,,,,,,,,,,,,,,,,,
0.0034159152,0.0,0.9495296,0.08179844,90000.0,900.0,20,9000.0,10.894718,2157.4587,368.36975,-66.00619,970.149,-1050.9788,44135.965,0.0,0.07767004,0.07767004,9.896442e-05,0.0003,709.92847,0.009448037672042846,1060.718431711197,115000,,,,,,,,,,,,,,,,,,,,,,,
0.004656872,0.0,0.93572944,0.08096259,90000.0,900.0,20,9000.0,23.107632,2151.5842,360.12482,-68.09882,937.4771,-1392.7601,45196.984,0.0,0.07575908,0.07575908,9.8799705e-05,0.0003,704.94403,0.009503126382827758,1108.2343060970306,120000,,,,,,,,,,,,,,,,,,,,,,,
0.0040566763,0.0,0.70644546,0.07924255,90000.0,900.0,20,9000.0,11.679835,2158.5461,416.60602,-114.523056,1060.5731,-895.6997,38734.258,0.0,0.055980537,0.055980537,9.8623015e-05,0.0003,515.5087,0.009275999212265015,1154.6145751476288,125000,,,,,,,,,,,,,,,,,,,,,,,
0.0037525084,0.0,1.1088469,0.07830244,90000.0,900.0,20,9000.0,14.602821,2124.5247,372.93964,-77.78675,1055.4142,-968.8657,43892.273,0.0,0.086825415,0.086825415,9.843441e-05,0.0003,796.0353,0.008904886579513549,1199.139198064804,130000,,,,,,,,,,,,,,,,,,,,,,,
0.0035135173,0.0,0.80962366,0.07774754,90000.0,900.0,20,9000.0,8.089024,2115.8813,348.0463,-52.155964,788.52527,-955.4855,38142.91,0.0,0.062946245,0.062946245,9.823391e-05,0.0003,574.60876,0.009015992736816407,1244.219399690628,135000,,,,,,,,,,,,,,,,,,,,,,,
0.0036003008,0.0,1.0513694,0.074434064,90000.0,900.0,20,9000.0,11.889446,2164.431,412.27014,-97.094,1054.0897,-1215.9711,47707.97,0.0,0.078257695,0.078257695,9.8021614e-05,0.0003,716.21234,0.009179452276229858,1290.1169364452362,140000,,,,,,,,,,,,,,,,,,,,,,,
0.002750951,0.0,0.73285717,0.07359419,90000.0,900.0,20,9000.0,7.8176947,2136.6736,396.79688,-60.97339,800.812,-733.32623,34970.29,0.0,0.05393403,0.05393403,9.779754e-05,0.0003,493.2267,0.009158181428909302,1335.9080922603607,145000,,,,,,,,,,,,,,,,,,,,,,,
0.0032263128,0.0,0.93174934,0.072859876,90000.0,900.0,20,9000.0,7.5033417,2169.3237,399.52478,-53.59782,822.453,-937.77484,40070.35,0.0,0.06788714,0.06788714,9.756177e-05,0.0003,618.49084,0.00897788348197937,1380.797741651535,150000,,,,,,,,,,,,,,,,,,,,,,,
0.003995261,0.0,0.96697724,0.07168341,90000.0,900.0,20,9000.0,8.933342,2126.7139,351.16925,-55.24547,1221.9158,-1257.6987,48499.83,0.0,0.06931622,0.06931622,9.7314376e-05,0.0003,632.7833,0.009013832521438598,1425.8671295642853,155000,,,,,,,,,,,,,,,,,,,,,,,
0.003004611,0.0,0.9199058,0.07082439,90000.0,900.0,20,9000.0,5.9384885,2177.0273,400.04922,-47.36116,1467.2401,-1211.745,39474.773,0.0,0.065151766,0.065151766,9.7055396e-05,0.0003,592.3074,0.00911670594215393,1471.450884103775,160000,,,,,,,,,,,,,,,,,,,,,,,
0.0030529047,0.0,1.0297899,0.06873593,90000.0,900.0,20,9000.0,5.0067,2080.382,357.1546,-49.094604,1574.944,-1362.7057,49430.863,0.0,0.07078356,0.07078356,9.6784934e-05,0.0003,642.0618,0.00917741150856018,1517.338220834732,165000,,,,,,,,,,,,,,,,,,,,,,,
0.0035317005,0.0,0.8413917,0.06816974,90000.0,900.0,20,9000.0,11.046627,2179.8254,393.5347,-51.980286,843.1767,-839.114,42947.008,0.0,0.057357453,0.057357453,9.6503034e-05,0.0003,527.2673,0.009201654148101807,1563.3467020988464,170000,,,,,,,,,,,,,,,,,,,,,,,
0.003087028,0.0,0.7661104,0.06461015,90000.0,900.0,20,9000.0,7.683172,2183.008,384.19702,-40.232357,1153.697,-944.7558,36441.21,0.0,0.04949851,0.04949851,9.62098e-05,0.0003,453.17282,0.008817831516265869,1607.4360716342926,175000,,,,,,,,,,,,,,,,,,,,,,,
0.0030206318,0.0,1.0020767,0.06440837,90000.0,900.0,20,9000.0,5.829365,2072.3953,396.63458,-35.80644,883.18036,-719.8599,39342.207,0.0,0.06454213,0.06454213,9.59053e-05,0.0003,586.71155,0.009171521472930908,1653.2938990592957,180000,,,,,,,,,,,,,,,,,,,,,,,
0.0024165236,0.0,1.0263942,0.062043138,90000.0,900.0,20,9000.0,5.2729845,2082.9297,359.1895,-43.56694,734.7662,-842.4265,42697.945,0.0,0.06368072,0.06368072,9.558961e-05,0.0003,578.4019,0.00888555498123169,1697.7218997478485,185000,,,,,,,,,,,,,,,,,,,,,,,
0.002334028,0.0,1.1317532,0.06025811,90000.0,900.0,20,9000.0,4.2450466,2196.3145,372.9851,-38.62725,812.54047,-810.2988,41259.773,0.0,0.06819731,0.06819731,9.526282e-05,0.0003,618.0232,0.009256914234161378,1744.006710767746,190000,,,,,,,,,,,,,,,,,,,,,,,
0.002858896,0.0,0.969852,0.059379723,90000.0,900.0,20,9000.0,2.934082,2198.3135,363.77182,-31.54179,1372.4398,-1874.5612,40255.47,0.0,0.05758954,0.05758954,9.4925024e-05,0.0003,521.2428,0.009194308805465698,1789.9785027503967,195000,,,,,,,,,,,,,,,,,,,,,,,
0.0027982912,0.0,1.1212856,0.057912566,90000.0,900.0,20,9000.0,6.2171392,2064.3315,299.4446,-33.504707,843.83167,-825.2805,40147.547,0.0,0.06493652,0.06493652,9.457632e-05,0.0003,590.64856,0.009246276998519898,1836.2101333141327,200000,,,,,,,,,,,,,,,,,,,,,,,
0.0022277841,0.0,1.0198919,0.0583159,90000.0,900.0,20,9000.0,8.373264,2202.5964,341.15976,-36.373837,914.95544,-986.57117,43819.156,0.0,0.05947591,0.05947591,9.42168e-05,0.0003,543.6587,0.012601581764221192,1899.218273639679,205000,,,,,,,,,,,,,,,,,,,,,,,
0.0027906762,0.0,0.84368503,0.0580565,90000.0,900.0,20,9000.0,4.481233,2065.9832,309.64532,-32.067802,1014.68945,-1127.0356,41928.555,0.0,0.048981402,0.048981402,9.384654e-05,0.0003,445.31662,0.00859099712371826,1942.1734812259674,210000,,,,,,,,,,,,,,,,,,,,,,,
0.0021694754,0.0,1.0473969,0.05695507,90000.0,900.0,20,9000.0,6.1418824,2203.7847,390.42126,-33.172684,667.44244,-897.3975,39521.03,0.0,0.059654564,0.059654564,9.346567e-05,0.0003,543.0351,0.008734535932540893,1985.846354007721,215000,,,,,,,,,,,,,,,,,,,,,,,
0.0023731904,0.0,0.8249978,0.056930866,90000.0,900.0,20,9000.0,5.120312,2202.9675,374.80396,-33.19021,802.4199,-853.4832,37085.95,0.0,0.046967838,0.046967838,9.30743e-05,0.0003,427.83322,0.00905009994506836,2031.0971014499664,220000,,,,,,,,,,,,,,,,,,,,,,,
0.003238761,0.0,1.1169324,0.056431096,90000.0,900.0,20,9000.0,2.9224024,2197.5579,325.97842,-29.704124,900.52386,-959.00006,44981.348,0.0,0.06302972,0.06302972,9.267249e-05,0.0003,570.1932,0.009110308647155762,2076.6489012241364,225000,,,,,,,,,,,,,,,,,,,,,,,
0.0018445455,0.0,0.9926608,0.056052964,90000.0,900.0,20,9000.0,2.1562865,2061.3792,383.6337,-29.46767,850.37054,-992.8837,37539.297,0.0,0.055641584,0.055641584,9.2260394e-05,0.0003,502.9324,0.009121090698242188,2122.254625558853,230000,,,,,,,,,,,,,,,,,,,,,,,
0.0030774018,0.0,1.12394,0.053881716,90000.0,900.0,20,9000.0,2.3933148,2187.714,368.52057,-32.421013,711.07166,-730.59155,36185.277,0.0,0.060559817,0.060559817,9.183811e-05,0.0003,547.4347,0.009261834907531739,2168.5640580654144,235000,,,,,,,,,,,,,,,,,,,,,,,
0.0024531852,0.0,0.77288514,0.055607893,90000.0,900.0,20,9000.0,3.3424833,2181.9536,379.63336,-27.97923,544.34393,-596.84,34967.047,0.0,0.042978514,0.042978514,9.1405775e-05,0.0003,390.15158,0.009052132368087768,2213.82497215271,240000,,,,,,,,,,,,,,,,,,,,,,,
0.0027699494,0.0,1.0138872,0.052836,90000.0,900.0,20,9000.0,2.8735104,2166.5735,320.3384,-29.66694,1060.0067,-1279.2631,39934.062,0.0,0.05356974,0.05356974,9.0963455e-05,0.0003,485.00397,0.00891752519607544,2258.412831068039,245000,,,,,,,,,,,,,,,,,,,,,,,
0.0030120595,0.0,0.84357727,0.05195635,90000.0,900.0,20,9000.0,4.341468,2152.5088,344.8114,-33.530502,982.9512,-818.05066,33966.496,0.0,0.043829195,0.043829195,9.051133e-05,0.0003,398.80725,0.009070549964904785,2303.765795946121,250000,,,,,,,,,,,,,,,,,,,,,,,
0.0024846722,0.0,0.78045726,0.050841272,90000.0,900.0,20,9000.0,2.512914,2145.7378,352.11053,-32.630444,719.55707,-703.9628,35157.246,0.0,0.039679438,0.039679438,9.004948e-05,0.0003,359.63034,0.008923091983795166,2348.3814458847046,255000,,,,,,,,,,,,,,,,,,,,,,,
0.001968205,0.0,1.0404875,0.050127316,90000.0,900.0,20,9000.0,1.9632785,2130.645,328.10678,-30.849688,790.8056,-1226.7634,41150.375,0.0,0.052156843,0.052156843,8.9578054e-05,0.0003,471.37683,0.009125226306915283,2394.0077764987946,260000,,,,,,,,,,,,,,,,,,,,,,,
0.0032288858,0.0,0.87705284,0.04980467,90000.0,900.0,20,9000.0,2.3858702,2060.7346,366.9298,-29.845972,483.57236,-540.2992,34325.793,0.0,0.043681324,0.043681324,8.909717e-05,0.0003,395.521,0.008916809558868408,2438.5920283794403,265000,,,,,,,,,,,,,,,,,,,,,,,
0.0029360957,0.0,1.0822555,0.049697157,90000.0,900.0,20,9000.0,2.535246,2110.1587,331.14172,-27.816816,1142.7562,-847.87897,41624.78,0.0,0.053785022,0.053785022,8.860696e-05,0.0003,486.6034,0.008930129289627076,2483.242881298065,270000,,,,,,,,,,,,,,,,,,,,,,,
0.0027943468,0.0,1.0998557,0.050102588,90000.0,900.0,20,9000.0,2.2292829,2098.5803,373.84598,-28.828411,1239.695,-686.3361,41209.312,0.0,0.055105615,0.055105615,8.810758e-05,0.0003,498.18262,0.008864625263214111,2527.566196203232,275000,,,,,,,,,,,,,,,,,,,,,,,
0.002560654,0.0,1.0439912,0.047643147,90000.0,900.0,20,9000.0,2.3506188,2088.6836,405.7506,-27.816227,976.59045,-992.8862,38442.453,0.0,0.049739026,0.049739026,8.759914e-05,0.0003,450.0044,0.008859589958190918,2571.8643453121185,280000,,,,,,,,,,,,,,,,,,,,,,,
0.0024623547,0.0,1.2828004,0.048094574,90000.0,900.0,20,9000.0,2.07141,2087.6597,378.047,-30.202774,1179.8446,-856.7385,44365.28,0.0,0.06169574,0.06169574,8.708179e-05,0.0003,557.3355,0.008409079313278198,2613.909932374954,285000,,,,,,,,,,,,,,,,,,,,,,,
0.002556086,0.0,1.0296558,0.04825755,90000.0,900.0,20,9000.0,2.3310547,2056.9973,353.65106,-28.872372,827.3141,-800.94037,37728.42,0.0,0.049688663,0.049688663,8.655565e-05,0.0003,449.5316,0.009000516653060913,2658.9126987457275,290000,,,,,,,,,,,,,,,,,,,,,,,
0.00307222,0.0,0.8739739,0.04969656,90000.0,900.0,20,9000.0,3.3669522,2076.813,427.41156,-27.700556,1103.4464,-1646.9707,42207.484,0.0,0.0434335,0.0434335,8.602091e-05,0.0003,394.2715,0.008824340200424195,2703.0345826148987,295000,,,,,,,,,,,,,,,,,,,,,,,
0.002591324,0.0,0.9055585,0.048675507,90000.0,900.0,20,9000.0,1.8466611,2073.7485,360.9466,-30.00407,703.388,-550.18994,34738.934,0.0,0.04407852,0.04407852,8.547767e-05,0.0003,398.55594,0.008580342388153077,2745.9364881515503,300000,,,,,,,,,,,,,,,,,,,,,,,
0.0027536454,0.0,0.82283777,0.048157424,90000.0,900.0,20,9000.0,1.8089788,2070.1382,392.7192,-28.02429,617.8651,-579.308,34550.5,0.0,0.03962575,0.03962575,8.49261e-05,0.0003,358.44348,0.012926579141616821,2810.569623708725,305000,,,,,,,,,,,,,,,,,,,,,,,
0.0029084557,0.0,1.0300297,0.047580972,90000.0,900.0,20,9000.0,1.5472368,2067.474,345.13586,-28.773895,3117.5073,-2372.7312,54549.27,0.0,0.049009815,0.049009815,8.436636e-05,0.0003,442.6385,0.00918265643119812,2856.483131170273,310000,,,,,,,,,,,,,,,,,,,,,,,
0.0025682622,0.0,1.1242923,0.047053423,90000.0,900.0,20,9000.0,2.761078,2059.8923,337.93088,-31.071175,993.0136,-953.5414,42910.934,0.0,0.052901797,0.052901797,8.3798586e-05,0.0003,478.87982,0.008807445049285888,2900.520622730255,315000,,,,,,,,,,,,,,,,,,,,,,,
0.0036239503,0.0,0.97642624,0.04746231,90000.0,900.0,20,9000.0,1.7598602,2061.1401,302.5266,-26.765112,835.60986,-930.5798,42582.77,0.0,0.046343446,0.046343446,8.322294e-05,0.0003,418.8545,0.009222808313369751,2946.6348888874054,320000,,,,,,,,,,,,,,,,,,,,,,,
0.003107279,0.0,0.83638865,0.047853027,90000.0,900.0,20,9000.0,2.6356635,2054.7444,356.00558,-25.531225,1030.5171,-889.974,42517.344,0.0,0.04002373,0.04002373,8.263957e-05,0.0003,362.85233,0.00909724898338318,2992.1213824748993,325000,,,,,,,,,,,,,,,,,,,,,,,
0.0026571848,0.0,1.0263573,0.04799761,90000.0,900.0,20,9000.0,1.7913172,2056.8125,346.44397,-25.84517,805.6184,-956.6635,41352.96,0.0,0.049262695,0.049262695,8.2048646e-05,0.0003,445.15823,0.009003055143356323,3037.1368749141693,330000,,,,,,,,,,,,,,,,,,,,,,,
0.0020368753,0.0,1.0075202,0.046794422,90000.0,900.0,20,9000.0,1.9294088,2045.7223,322.43954,-29.152433,1003.9786,-781.72955,45464.02,0.0,0.04714632,0.04714632,8.1450344e-05,0.0003,426.24835,0.009217496061325074,3083.2245666980743,335000,,,,,,,,,,,,,,,,,,,,,,,
0.002034209,0.0,0.74487436,0.04646928,90000.0,900.0,20,9000.0,1.6038449,2054.4312,355.6255,-28.425022,1188.6447,-940.365,35989.33,0.0,0.034613773,0.034613773,8.0844795e-05,0.0003,313.12982,0.00904647274017334,3128.4571566581726,340000,,,,,,,,,,,,,,,,,,,,,,,
0.0025346435,0.0,0.8652721,0.044714928,90000.0,900.0,20,9000.0,1.4191366,2048.2947,290.6599,-26.42361,2428.7393,-1379.9565,43629.652,0.0,0.038690582,0.038690582,8.0232174e-05,0.0003,349.6369,0.009275066661834717,3174.8327350616455,345000,,,,,,,,,,,,,,,,,,,,,,,
0.0018071223,0.0,0.8139796,0.04489985,90000.0,900.0,20,9000.0,1.1109247,2051.0435,417.47095,-27.72514,1363.9421,-1400.7819,45430.406,0.0,0.036547564,0.036547564,7.961267e-05,0.0003,330.0408,0.009186111545562745,3220.7634921073914,350000,,,,,,,,,,,,,,,,,,,,,,,
0.0024617459,0.0,1.1434067,0.043937843,90000.0,900.0,20,9000.0,1.2698262,2049.6636,355.69012,-27.221046,946.72034,-627.36835,38741.605,0.0,0.050238825,0.050238825,7.898643e-05,0.0003,453.4217,0.009214935398101807,3266.8384404182434,355000,,,,,,,,,,,,,,,,,,,,,,,
0.0021742852,0.0,0.84261334,0.042573467,90000.0,900.0,20,9000.0,1.6807201,2045.0847,353.43286,-29.590258,777.20734,-610.1671,37535.605,0.0,0.03587297,0.03587297,7.835362e-05,0.0003,324.5396,0.009530624771118164,3314.4918098449707,360000,,,,,,,,,,,,,,,,,,,,,,,
0.0018515042,0.0,0.88862085,0.03970752,90000.0,900.0,20,9000.0,1.6969535,2046.0118,352.5998,-26.11561,1088.2297,-1399.9302,40189.535,0.0,0.03528493,0.03528493,7.7714445e-05,0.0003,319.26315,0.009360187244415284,3361.2929861545563,365000,,,,,,,,,,,,,,,,,,,,,,,
0.0029683046,0.0,0.98503876,0.0396747,90000.0,900.0,20,9000.0,1.5477417,2046.5132,305.92966,-27.44091,1250.6134,-1309.9459,42574.562,0.0,0.03908112,0.03908112,7.706907e-05,0.0003,353.2808,0.009176798772811889,3407.177182197571,370000,,,,,,,,,,,,,,,,,,,,,,,
0.0020650376,0.0,1.1051949,0.038767193,90000.0,900.0,20,9000.0,1.851984,2047.1824,380.29416,-25.908598,807.1711,-700.5387,38759.055,0.0,0.0428453,0.0428453,7.641764e-05,0.0003,387.46176,0.008272826147079467,3448.541487455368,375000,,,,,,,,,,,,,,,,,,,,,,,
0.002429352,0.0,0.9651218,0.039199688,90000.0,900.0,20,9000.0,1.3055152,2047.3611,330.408,-29.046148,776.1195,-785.139,40045.305,0.0,0.037832472,0.037832472,7.5760356e-05,0.0003,341.8002,0.008562773036956788,3491.355572462082,380000,,,,,,,,,,,,,,,,,,,,,,,
0.0023873604,0.0,1.0424478,0.039328393,90000.0,900.0,20,9000.0,1.0067704,2046.8715,344.50983,-28.165792,702.1227,-771.36035,38931.355,0.0,0.040997796,0.040997796,7.50974e-05,0.0003,369.98932,0.008816595888137817,3535.438745737076,385000,,,,,,,,,,,,,,,,,,,,,,,
0.0018981379,0.0,0.8408299,0.037725806,90000.0,900.0,20,9000.0,1.0242193,2046.7114,297.7312,-28.20842,866.92395,-985.4954,35763.906,0.0,0.031720985,0.031720985,7.442894e-05,0.0003,286.51498,0.0089471914768219,3580.174905061722,390000,,,,,,,,,,,,,,,,,,,,,,,
0.0019483438,0.0,0.8485687,0.03733636,90000.0,900.0,20,9000.0,1.1445558,2046.4562,348.41583,-28.979738,2259.2717,-1641.1229,45009.664,0.0,0.031682465,0.031682465,7.375519e-05,0.0003,286.2887,0.008781513261795043,3624.0826683044434,395000,,,,,,,,,,,,,,,,,,,,,,,
0.0025741581,0.0,0.9532212,0.03735181,90000.0,900.0,20,9000.0,1.4215512,2045.7649,326.46802,-28.724607,776.89264,-763.42584,37098.184,0.0,0.035604537,0.035604537,7.30763e-05,0.0003,321.86496,0.009040897607803345,3669.2873711586,400000,,,,,,,,,,,,,,,,,,,,,,,
0.0028345005,0.0,1.1492654,0.03841194,90000.0,900.0,20,9000.0,3.024803,2046.4535,331.5821,-28.00162,684.5208,-989.2076,42939.895,0.0,0.044145517,0.044145517,7.239246e-05,0.0003,400.3373,0.012711131286621094,3732.843208551407,405000,,,,,,,,,,,,,,,,,,,,,,,
0.0020128142,0.0,0.9453657,0.03747854,90000.0,900.0,20,9000.0,0.8010162,2047.0842,351.15845,-29.33679,779.60016,-760.57623,37980.336,0.0,0.035430927,0.035430927,7.170388e-05,0.0003,319.68137,0.009312871503829956,3779.407739877701,410000,,,,,,,,,,,,,,,,,,,,,,,
0.0015024685,0.0,0.8871285,0.037620135,90000.0,900.0,20,9000.0,0.85392094,2046.9857,395.64554,-28.659971,1311.6152,-884.9915,37592.496,0.0,0.033373892,0.033373892,7.101073e-05,0.0003,301.22046,0.009016355800628663,3824.4897196292877,415000,,,,,,,,,,,,,,,,,,,,,,,
0.0020504098,0.0,1.0054976,0.03663565,90000.0,900.0,20,9000.0,1.2284908,2047.0355,375.09888,-26.92329,630.8351,-649.1179,35358.03,0.0,0.036837056,0.036837056,7.0313195e-05,0.0003,332.76404,0.008315157222747803,3866.0656719207764,420000,,,,,,,,,,,,,,,,,,,,,,,
0.0023092064,0.0,1.280331,0.036025636,90000.0,900.0,20,9000.0,1.4310116,2046.9293,310.6847,-28.402567,761.74146,-1389.2897,43985.586,0.0,0.046124738,0.046124738,6.961148e-05,0.0003,416.55597,0.008315479660034179,3907.643246412277,425000,,,,,,,,,,,,,,,,,,,,,,,
0.0016356835,0.0,0.7563012,0.036977123,90000.0,900.0,20,9000.0,1.6589336,2048.1802,334.19073,-28.475603,873.5678,-637.5989,39969.484,0.0,0.027965844,0.027965844,6.890576e-05,0.0003,253.35316,0.008782248926162719,3951.5546984672546,430000,,,,,,,,,,,,,,,,,,,,,,,
0.0019113433,0.0,1.2892445,0.03651017,90000.0,900.0,20,9000.0,1.607569,2046.7179,305.66528,-27.30031,781.2746,-700.3228,46583.6,0.0,0.047070537,0.047070537,6.8196256e-05,0.0003,425.2443,0.008980758619308471,3996.458564519882,435000,,,,,,,,,,,,,,,,,,,,,,,
0.0020678453,0.0,0.804392,0.03685409,90000.0,900.0,20,9000.0,0.9969818,2047.0901,374.34387,-28.05751,903.8868,-709.2897,32695.04,0.0,0.029645134,0.029645134,6.748313e-05,0.0003,267.80527,0.009067363739013672,4041.795596599579,440000,,,,,,,,,,,,,,,,,,,,,,,
0.0023716327,0.0,1.2045566,0.035685666,90000.0,900.0,20,9000.0,0.91276854,2045.8304,301.09573,-28.263111,1615.4648,-1713.0206,50879.758,0.0,0.042985402,0.042985402,6.67666e-05,0.0003,387.78375,0.009127906894683837,4087.4353313446045,445000,,,,,,,,,,,,,,,,,,,,,,,
0.0019395467,0.0,0.94594646,0.035660245,90000.0,900.0,20,9000.0,0.8724797,2045.9772,399.20764,-26.133732,769.4537,-796.36523,36882.562,0.0,0.033732682,0.033732682,6.604685e-05,0.0003,304.46857,0.008197146987915039,4128.421295404434,450000,,,,,,,,,,,,,,,,,,,,,,,
0.0018978311,0.0,1.2778957,0.035463642,90000.0,900.0,20,9000.0,0.64500237,2044.6078,308.31754,-27.62487,2112.3896,-2037.9279,53818.39,0.0,0.045318834,0.045318834,6.5324086e-05,0.0003,408.51642,0.009011558723449708,4173.479289054871,455000,,,,,,,,,,,,,,,,,,,,,,,
0.0021968414,0.0,0.85266715,0.035088096,90000.0,900.0,20,9000.0,0.9781333,2044.9454,389.07208,-29.06436,692.6756,-827.8709,36110.508,0.0,0.029918468,0.029918468,6.4598484e-05,0.0003,270.24652,0.00859413800239563,4216.450181007385,460000,,,,,,,,,,,,,,,,,,,,,,,
0.0018562931,0.0,1.1847185,0.03492988,90000.0,900.0,20,9000.0,0.858339,2045.0901,313.75882,-28.935905,1093.6123,-776.5643,42745.9,0.0,0.04138207,0.04138207,6.387027e-05,0.0003,373.29883,0.008971540594100953,4261.308072805405,465000,,,,,,,,,,,,,,,,,,,,,,,
0.0015538426,0.0,1.0241178,0.034671854,90000.0,900.0,20,9000.0,0.7513032,2044.353,338.80856,-27.831297,746.8114,-771.0235,38574.45,0.0,0.035508063,0.035508063,6.3139625e-05,0.0003,320.32544,0.008526708078384399,4303.941796064377,470000,,,,,,,,,,,,,,,,,,,,,,,
0.0015634029,0.0,1.284041,0.034877907,90000.0,900.0,20,9000.0,0.7407204,2043.8607,353.59857,-27.48569,757.7893,-883.30646,40852.1,0.0,0.044784665,0.044784665,6.2406754e-05,0.0003,403.80426,0.00854009051322937,4346.642477273941,475000,,,,,,,,,,,,,,,,,,,,,,,
0.0015619001,0.0,0.96107113,0.03515063,90000.0,900.0,20,9000.0,1.0000637,2042.8595,346.43484,-27.533895,1123.6509,-958.0136,47512.297,0.0,0.033782255,0.033782255,6.167186e-05,0.0003,305.0419,0.008374088764190674,4388.513105630875,480000,,,,,,,,,,,,,,,,,,,,,,,
0.0018534774,0.0,0.9363365,0.0354511,90000.0,900.0,20,9000.0,0.9140622,2043.5558,307.84308,-27.948107,904.60986,-746.7351,40429.65,0.0,0.03319416,0.03319416,6.093515e-05,0.0003,299.66336,0.009007566404342651,4433.551096200943,485000,,,,,,,,,,,,,,,,,,,,,,,
0.002293758,0.0,1.0265203,0.034971546,90000.0,900.0,20,9000.0,0.7343277,2043.625,339.53693,-27.588081,897.2209,-1089.4546,40795.64,0.0,0.035899002,0.035899002,6.0196806e-05,0.0003,323.82767,0.008381716346740722,4475.459850072861,490000,,,,,,,,,,,,,,,,,,,,,,,
0.0017197591,0.0,0.98667544,0.034503512,90000.0,900.0,20,9000.0,1.3286468,2044.6196,333.4265,-27.975147,813.1515,-872.3854,40866.953,0.0,0.034043767,0.034043767,5.945705e-05,0.0003,307.72424,0.008091064596176147,4515.915330886841,495000,,,,,,,,,,,,,,,,,,,,,,,
0.0017657896,0.0,,,,,,,0.7597204,2044.7042,311.45688,-29.392563,1.8610896,-1.5334821,80.67482,,,,,,0.84171325,0.021099413681030275,4621.4124166965485,500000,0.78125,0.13323103,0.077785745,0.08199284,0.28120768,0.0017657896,311.438,0.0024413075,0.0,0.36508155,0.36508155,0.1,1.0,0.028918073,0.2241288,216.75772,,,,,,,
3.0289571e-05,0.0,,,,,,,1.3267033,2045.4272,388.37967,-27.77091,1.264493,-0.87622845,64.29916,,,,,,1.3816427,0.027722769498825073,4760.026274681091,505000,0.0625,0.0026506698,0.048890535,0.05493936,0.12658751,3.0289571e-05,388.75555,0.006018533,0.0,0.32072222,0.32072222,0.1,1.0,0.013116451,0.17855452,508.13074,,,,,,,
2.7242084e-05,0.0,,,,,,,15.102652,2053.4863,341.28174,-26.092266,9.10303,-9.310373,590.6328,,,,,,15.221212,0.015974831438064576,4839.900435447693,510000,0.046875,0.0023716518,0.055620052,0.11856094,0.03563094,2.7242084e-05,343.76263,0.06291365,0.0,1.2979822,1.2979822,0.1,1.0,0.07688662,0.23458424,256.9624,,,,,,,
3.90383e-05,0.0,,,,,,,454.8251,2064.4766,860.3178,168.97563,233.80408,-676.9393,13783.02,,,,,,455.77402,0.015976422691345214,4919.7825536727905,515000,0.06640625,0.0029296877,0.6230936,0.9489173,0.08005309,3.90383e-05,886.61487,0.32578468,0.0,3.6897047,3.6897047,0.1,1.0,0.01076382,0.23346576,915.2404,,,,,,,
3.191809e-05,0.0,,,,,,,213.96231,2080.8342,1226.479,670.3486,180.3334,-131.96585,6183.531,,,,,,215.3917,0.016064084100723266,5000.102979898453,520000,0.10546875,0.00390625,1.4057869,1.4293865,0.036866188,3.191809e-05,1251.788,0.0235677,0.0,2.2237203,2.2237203,0.1,1.0,0.003685727,0.18178813,1267.644,,,,,,,
1.26847635e-05,0.0,,,,,,,34.301846,2075.8137,1384.6514,839.166,115.58221,-53.116547,1400.0317,,,,,,34.343254,0.01600988082885742,5080.152392148972,525000,0.04296875,0.0015345983,0.03071034,0.041408893,0.02133727,1.26847635e-05,1390.0286,0.010685868,0.0,1.060653,1.060653,0.1,1.0,0.0015242565,0.16912512,1449.7513,,,,,,,
4.265481e-05,0.0,,,,,,,46.464886,2068.1414,1254.6086,887.02686,208.01424,-151.8407,4601.778,,,,,,46.53459,0.015963320016860964,5159.968998908997,530000,0.01953125,0.00083705364,0.06332414,0.06970518,0.14917254,4.265481e-05,1259.7948,0.00633839,0.0,0.9851303,0.9851303,0.1,1.0,0.0012539201,0.2161438,1312.2788,,,,,,,
2.838382e-05,0.0,,,,,,,29.56571,2062.6682,1264.9681,927.76965,15.917059,-35.783123,1038.2191,,,,,,29.633411,0.0159568078994751,5239.753046035767,535000,0.06640625,0.002511161,0.05641206,0.06770088,0.039872527,2.838382e-05,1269.7892,0.011260431,0.0,0.95400774,0.95400774,0.1,1.0,0.0013063819,0.19920124,1335.2286,,,,,,,
2.7467548e-05,0.0,,,,,,,81.70176,2058.4404,1245.3511,709.8889,108.21496,-26.610743,1779.3528,,,,,,86.39035,0.015998132038116456,5319.743713140488,540000,0.1015625,0.004324777,4.680539,4.688591,0.04218054,2.7467548e-05,1255.6637,0.008024192,0.0,1.6843057,1.6843057,0.1,1.0,0.0019887434,0.17629929,1261.0249,,,,,,,
5.2206902e-05,0.0,,,,,,,54.80864,2054.7092,1197.9812,809.3355,21.052986,-84.82506,1544.7412,,,,,,54.887684,0.015979766941070558,5399.642555236816,545000,0.12109375,0.006138393,0.06893866,0.07904596,0.06503165,5.2206902e-05,1205.9585,0.010055098,0.0,1.5762001,1.5762001,0.1,1.0,0.002045238,0.19460164,1186.1216,,,,,,,
1.9896794e-05,0.0,,,,,,,35.17612,2055.9333,1204.6458,786.52454,44.369526,-11.90392,883.5967,,,,,,35.25323,0.01600713653564453,5479.678248882294,550000,0.03125,0.0012555805,0.066891246,0.077110924,0.054848075,1.9896794e-05,1211.4385,0.010199777,0.0,1.1536841,1.1536841,0.1,1.0,0.0011293937,0.18449996,1209.7637,,,,,,,
4.2018466e-05,0.0,,,,,,,45.30534,2044.4498,1283.8057,771.54504,21.727259,-33.578354,1195.7911,,,,,,45.389072,0.016014670658111574,5559.7516124248505,555000,0.0390625,0.0013950893,0.06782327,0.08373295,0.26311493,4.2018466e-05,1290.5536,0.01586766,0.0,1.6272366,1.6272366,0.1,1.0,0.0020173474,0.23652115,1265.7522,,,,,,,
4.160955e-05,0.0,,,,,,,60.966866,2057.1072,1291.7693,835.22095,43.25045,-29.254782,2298.2393,,,,,,61.031696,0.01598566951751709,5639.679968833923,560000,0.08984375,0.0040457593,0.04748429,0.064830095,0.06335473,4.160955e-05,1303.5966,0.017304195,0.0,1.4853873,1.4853873,0.1,1.0,0.002226972,0.18802062,1268.2802,,,,,,,
3.164044e-05,0.0,,,,,,,36.440235,2055.5645,1188.251,802.00934,14.32004,-66.542465,1196.3105,,,,,,36.493885,0.016011918640136718,5719.739572048187,565000,0.07421875,0.0030691966,0.042958245,0.053649615,0.046661615,3.164044e-05,1194.9569,0.01065973,0.0,1.0632932,1.0632932,0.1,1.0,0.0015998189,0.23866566,1187.9075,,,,,,,
1.2301424e-05,0.0,,,,,,,20.416147,2053.5642,1213.328,743.735,22.13386,-51.07541,1169.3708,,,,,,20.483694,0.016005292320251465,5799.766042947769,570000,0.06640625,0.0023716518,0.05831028,0.06754694,0.019669652,1.2301424e-05,1217.1274,0.009224363,0.0,0.8975054,0.8975054,0.1,1.0,0.0015616758,0.19323526,1190.1404,,,,,,,
1.706549e-05,0.0,,,,,,,43.203285,2050.1697,1183.5741,660.9459,52.308002,-134.34222,1653.3755,,,,,,43.24613,0.01600714330673218,5879.801768064499,575000,0.078125,0.0029296877,0.0324369,0.04284813,0.023132682,1.706549e-05,1192.4976,0.0103941625,0.0,1.2443265,1.2443265,0.1,1.0,0.0021265487,0.25039524,1151.8262,,,,,,,
4.7345133e-05,0.0,,,,,,,71.092636,2046.9093,1167.1511,663.71246,73.25431,-23.69832,1541.3918,,,,,,71.227905,0.01598474326133728,5959.725494623184,580000,0.08984375,0.004324777,0.08577596,0.13526738,0.029250145,4.7345133e-05,1178.676,0.049444083,0.0,2.5714655,2.5714655,0.1,1.0,0.00250648,0.16534615,1155.8328,,,,,,,
1.800975e-05,0.0,,,,,,,78.240906,2050.1746,1215.2965,615.8487,57.496696,-15.121315,1539.042,,,,,,78.35819,0.016003117275238038,6039.7410888671875,585000,0.0546875,0.0026506698,0.103560485,0.11728911,0.025087714,1.800975e-05,1228.1326,0.013710615,0.0,2.4986224,2.4986224,0.1,1.0,0.0028279726,0.19560678,1241.4463,,,,,,,
4.4410885e-05,0.0,,,,,,,33.24387,2050.9626,1164.5116,610.4913,19.978252,-88.89455,1381.5991,,,,,,33.318207,0.016046584987640382,6119.9740200042725,590000,0.07421875,0.0030691966,0.06387338,0.074336074,0.12284386,4.4410885e-05,1168.1624,0.010418285,0.0,0.95593977,0.95593977,0.1,1.0,0.0015375925,0.20570308,1145.31,,,,,,,
1.3919747e-05,0.0,,,,,,,45.230816,2050.278,1156.364,544.78656,28.17099,-53.92419,1208.822,,,,,,45.28255,0.0160049364566803,6199.998709201813,595000,0.04296875,0.0016741073,0.03386067,0.0517368,0.0318923,1.3919747e-05,1164.6702,0.017862206,0.0,1.2570168,1.2570168,0.1,1.0,0.0014517121,0.16430984,1176.0491,,,,,,,
4.777008e-05,0.0,,,,,,,56.349895,2050.0332,1166.6611,546.9469,83.84886,-33.66798,1479.7318,,,,,,56.394154,0.016000719833374023,6280.002315759659,600000,0.16796875,0.008091519,0.033861384,0.044256832,0.033305883,4.777008e-05,1176.307,0.010347677,0.0,1.4898622,1.4898622,0.1,1.0,0.0016763983,0.18599015,1105.9419,,,,,,,
4.0047038e-05,0.0,,,,,,,54.530407,2050.3953,1117.8564,613.9948,24.402918,-38.23998,1295.1853,,,,,,54.57881,0.019355604219436644,6376.7803428173065,605000,0.0390625,0.0016741073,0.037320897,0.048404515,0.07668948,4.0047038e-05,1124.6482,0.011043569,0.0,1.5269783,1.5269783,0.1,1.0,0.0014795454,0.2252573,1106.5005,,,,,,,
2.2004891e-05,0.0,,,,,,,32.61506,2048.6804,1134.6533,545.50073,21.377983,-16.888498,1039.2848,,,,,,32.68855,0.016039541435241698,6456.97805762291,610000,0.09375,0.00390625,0.055056106,0.07348977,0.032436013,2.2004891e-05,1140.3455,0.018411662,0.0,1.7571058,1.7571058,0.1,1.0,0.0019546351,0.2078372,1156.7018,,,,,,,
4.5716282e-05,0.0,,,,,,,80.06308,2050.0994,1099.7792,552.75134,31.408274,-188.67786,2366.394,,,,,,80.11891,0.01591855082511902,6536.570817947388,615000,0.15625,0.006417411,0.037435196,0.05583545,0.044047356,4.5716282e-05,1110.1633,0.018354533,0.0,1.8642728,1.8642728,0.1,1.0,0.0018021766,0.20853384,1155.3931,,,,,,,
3.0050654e-05,0.0,,,,,,,101.177734,2053.1633,1109.665,461.51828,84.34324,-92.29918,3111.869,,,,,,101.27038,0.01599925684928894,6616.567108631134,620000,0.09765625,0.0048828125,0.07358866,0.092640296,0.03757608,3.0050654e-05,1127.5818,0.019021586,0.0,2.973826,2.973826,0.1,1.0,0.0027850142,0.24559617,1078.1763,,,,,,,
1.2686277e-05,0.0,,,,,,,43.11213,2053.7734,1097.0975,473.70975,32.199696,-60.90312,1389.954,,,,,,43.16535,0.015972318744659424,6696.428708314896,625000,0.0390625,0.0013950893,0.040578853,0.053223334,0.020932913,1.2686277e-05,1105.9119,0.012631797,0.0,1.2039647,1.2039647,0.1,1.0,0.0014052878,0.2078246,1193.9249,,,,,,,
4.3277665e-05,0.0,,,,,,,77.06109,2057.528,1146.8406,475.85403,131.1249,-124.24726,4393.9854,,,,,,78.03692,0.015957213401794432,6776.214783906937,630000,0.04296875,0.002092634,0.967284,0.97582734,0.11853409,4.3277665e-05,1152.8943,0.008500029,0.0,1.0628314,1.0628314,0.1,1.0,0.0017451285,0.24151962,1191.785,,,,,,,
1.2962963e-05,0.0,,,,,,,75.23038,2060.9797,1122.657,403.459,32.262703,-36.1815,1692.4043,,,,,,75.28223,0.015958448266983033,6856.007033586502,635000,0.0625,0.002511161,0.04071308,0.051847648,0.028000355,1.2962963e-05,1132.2405,0.0111216055,0.0,1.6132782,1.6132782,0.1,1.0,0.0016086403,0.18722552,1125.5874,,,,,,,
2.4921977e-05,0.0,,,,,,,38.96576,2066.1726,1091.2915,464.49478,33.542416,-15.310158,987.05676,,,,,,39.027065,0.015995214271545412,6935.9831166267395,640000,0.08203125,0.0033482146,0.049191345,0.061306827,0.03420806,2.4921977e-05,1099.164,0.012090561,0.0,1.6275942,1.6275942,0.1,1.0,0.0019779974,0.18963009,1120.7366,,,,,,,
1.1670637e-05,0.0,,,,,,,33.808754,2063.781,1122.5463,457.63052,19.894213,-110.04396,1107.4985,,,,,,33.878437,0.016011707067489625,7016.041661500931,645000,0.078125,0.0027901786,0.06242376,0.069682166,0.017720222,1.1670637e-05,1129.1943,0.0072467374,0.0,1.4084389,1.4084389,0.1,1.0,0.0016701708,0.2615027,1132.5364,,,,,,,
4.182673e-05,0.0,,,,,,,72.79852,2063.0317,1094.0634,432.37665,37.475567,-58.054108,1594.2422,,,,,,72.84862,0.01601090955734253,7096.096225976944,650000,0.12109375,0.0054408484,0.034589726,0.050095603,0.036098003,4.182673e-05,1101.8726,0.015464049,0.0,1.3932798,1.3932798,0.1,1.0,0.0019707098,0.2820614,1147.403,,,,,,,
1.8564984e-05,0.0,,,,,,,84.05601,2074.1863,1118.7377,391.57138,72.670876,-66.89397,2168.7192,,,,,,84.10049,0.016071867418289185,7176.455572843552,655000,0.0625,0.002511161,0.032689,0.044480465,0.02379632,1.8564984e-05,1127.9725,0.011772898,0.0,1.6868613,1.6868613,0.1,1.0,0.0022131721,0.18000874,1184.1401,,,,,,,
4.3319775e-05,0.0,,,,,,,24.998453,2076.063,1042.0103,501.0112,30.614803,-16.30373,892.37854,,,,,,25.083567,0.015971789216995238,7256.314524888992,660000,0.05859375,0.0023716518,0.072823085,0.085113704,0.114353895,4.3319775e-05,1044.1549,0.0122473,0.0,0.9431374,0.9431374,0.1,1.0,0.001813829,0.1980104,1105.1455,,,,,,,
2.0833204e-05,0.0,,,,,,,23.157722,2079.9836,966.4676,397.48917,11.766541,-19.145176,644.5185,,,,,,23.391447,0.016009884309768678,7336.363955974579,665000,0.06640625,0.002511161,0.21498838,0.23372549,0.027972102,2.0833204e-05,970.9822,0.018716268,0.0,1.120556,1.120556,0.1,1.0,0.0025562488,0.18255006,967.2067,,,,,,,
3.952086e-05,0.0,,,,,,,32.12256,2075.2842,899.57446,329.06567,11.192122,-59.461475,722.32,,,,,,32.191555,0.015993775510787962,7416.332839727402,670000,0.078125,0.0032087055,0.05550251,0.068995014,0.11119795,3.952086e-05,904.2405,0.0134529825,0.0,0.9701846,0.9701846,0.1,1.0,0.0018359977,0.22383603,939.3131,,,,,,,
8.414517e-06,0.0,,,,,,,60.7132,2078.456,1007.2276,365.4826,34.584236,-126.61018,1578.2368,,,,,,60.77315,0.01600565209388733,7496.361106872559,675000,0.046875,0.0016741073,0.043055195,0.059953596,0.02225554,8.414517e-06,1018.7304,0.016889988,0.0,2.6409328,2.6409328,0.1,1.0,0.003192837,0.21802664,1109.0408,,,,,,,
1.836026e-05,0.0,,,,,,,56.40953,2091.8108,1070.2837,367.22647,122.36244,-96.89478,3054.7334,,,,,,56.48053,0.015953406238555908,7576.128144025803,680000,0.05078125,0.001953125,0.053223748,0.07100059,0.05122626,1.836026e-05,1075.9076,0.017758487,0.0,1.3594806,1.3594806,0.1,1.0,0.003024872,0.24205925,1152.834,,,,,,,
2.9660696e-05,0.0,,,,,,,24.626423,2091.8997,1006.5499,393.04758,62.52967,-11.73011,804.07446,,,,,,24.682146,0.01594502158164978,7655.853258132935,685000,0.0625,0.002232143,0.047915384,0.05572247,0.15949166,2.9660696e-05,1010.744,0.007777427,0.0,1.0336894,1.0336894,0.1,1.0,0.0024181046,0.18792449,1017.1492,,,,,,,
1.1062183e-05,0.0,,,,,,,49.32979,2092.8384,946.6808,369.83768,119.25334,-49.935608,1677.4744,,,,,,49.404297,0.015951188278198244,7735.609205007553,690000,0.05078125,0.0018136161,0.052730437,0.074508496,0.023030043,1.1062183e-05,951.9537,0.021766996,0.0,1.2843685,1.2843685,0.1,1.0,0.0018649371,0.19552884,959.8036,,,,,,,
1.9607784e-05,0.0,,,,,,,45.93267,2096.7158,1124.896,370.1672,44.545536,-41.516457,1502.2913,,,,,,45.99623,0.0159875967502594,7815.547194480896,695000,0.09375,0.0033482146,0.032986086,0.063562065,0.03462434,1.9607784e-05,1132.2432,0.03055637,0.0,1.3137945,1.3137945,0.1,1.0,0.0023328024,0.2293789,1121.8651,,,,,,,
2.7011833e-05,0.0,,,,,,,21.702991,2106.033,1017.42163,333.92715,35.736977,-36.496376,1053.237,,,,,,21.76948,0.016037919187545775,7895.736795902252,700000,0.0859375,0.0033482146,0.056017052,0.06648748,0.094040394,2.7011833e-05,1020.01965,0.01044342,0.0,0.75118136,0.75118136,0.1,1.0,0.0021787456,0.19184548,917.36035,,,,,,,
9.355984e-06,0.0,,,,,,,21.221096,2103.7224,905.78284,381.31003,11.305502,-95.536896,736.17175,,,,,,21.277239,0.01942383885383606,7992.855995893478,705000,0.05078125,0.0018136161,0.04015395,0.056141958,0.01798439,9.355984e-06,908.20966,0.015978653,0.0,0.7087885,0.7087885,0.1,1.0,0.001472991,0.21960168,923.3086,,,,,,,
1.840508e-05,0.0,,,,,,,40.01612,2101.7437,859.1474,284.13577,30.265783,-29.770512,900.75684,,,,,,40.06221,0.016071263360977174,8073.212326049805,710000,0.0703125,0.0029296877,0.035724826,0.046091076,0.020876765,1.840508e-05,864.01733,0.010347841,0.0,0.8244625,0.8244625,0.1,1.0,0.001851749,0.1734626,866.94165,,,,,,,
1.4606182e-05,0.0,,,,,,,53.036385,2093.3396,844.2079,362.8419,24.030283,-33.70676,1194.0525,,,,,,53.08503,0.01600444688796997,8153.234570980072,715000,0.05078125,0.001953125,0.04123336,0.04864312,0.030976295,1.4606182e-05,848.7419,0.0073951506,0.0,0.7645944,0.7645944,0.1,1.0,0.001874746,0.20110734,898.3034,,,,,,,
5.0002927e-05,0.0,,,,,,,62.647835,2100.0583,825.6852,366.03436,31.460152,-27.44118,1462.1731,,,,,,62.68747,0.01606076593399048,8233.538415670395,720000,0.09375,0.0040457593,0.025319977,0.039634164,0.08917606,5.0002927e-05,833.9705,0.014264182,0.0,1.4660814,1.4660814,0.1,1.0,0.0030558263,0.20912929,842.6941,,,,,,,
1.1679334e-05,0.0,,,,,,,33.419632,2099.957,832.84406,289.26804,34.356297,-53.680233,1611.0397,,,,,,33.481117,0.016061713409423826,8313.846990823746,725000,0.04296875,0.0016741073,0.054728746,0.061483886,0.020921588,1.1679334e-05,835.0642,0.0067434628,0.0,0.64829695,0.64829695,0.1,1.0,0.001934341,0.27110788,817.8163,,,,,,,
1.1645707e-05,0.0,,,,,,,107.816055,2097.996,774.0251,271.0251,58.637165,-35.341988,1739.3076,,,,,,107.92977,0.016011740827560426,8393.905706882477,730000,0.0625,0.002232143,0.09877162,0.11371515,0.011864901,1.1645707e-05,781.4337,0.0149318855,0.0,1.5160121,1.5160121,0.1,1.0,0.0034008948,0.2056929,791.5271,,,,,,,
4.817125e-05,0.0,,,,,,,156.9422,2101.2932,1099.8271,317.87216,113.317276,-232.74936,3853.1016,,,,,,157.1086,0.016009114837646485,8473.951287031174,735000,0.08984375,0.0036272323,0.15053736,0.16640241,0.13035905,4.817125e-05,1106.216,0.01581689,0.0,1.2025014,1.2025014,0.1,1.0,0.002917407,0.24634075,1131.0984,,,,,,,
2.132644e-05,0.0,,,,,,,15.45561,2115.399,1006.05994,304.93097,38.205334,-156.10623,1212.3906,,,,,,15.5317,0.015994182300567625,8553.92220902443,740000,0.10546875,0.004185268,0.07054537,0.07608943,0.02379024,2.132644e-05,1007.90955,0.005522733,0.0,0.6377326,0.6377326,0.1,1.0,0.0012139208,0.24264488,1077.2239,,,,,,,
4.2999065e-05,0.0,,,,,,,22.582932,2111.2546,899.92255,272.83453,25.348505,-15.735045,722.49316,,,,,,26.665926,0.015963404417037964,8633.739238262177,745000,0.0859375,0.0032087055,4.075612,4.082995,0.09352064,4.2999065e-05,903.0202,0.0073399525,0.0,0.7749047,0.7749047,0.1,1.0,0.0017494842,0.21455866,806.30963,,,,,,,
1.1587466e-05,0.0,,,,,,,61.84732,2109.7605,878.3967,295.00998,19.692234,-86.30577,1615.1187,,,,,,61.914825,0.015971384954452515,8713.596169948578,750000,0.0390625,0.0013950893,0.05805145,0.06750336,0.035888433,1.1587466e-05,882.55145,0.009440327,0.0,0.8873666,0.8873666,0.1,1.0,0.0024414712,0.23983619,883.3093,,,,,,,
3.4321667e-05,0.0,,,,,,,161.41411,2119.124,1065.8441,291.86624,65.79961,-88.01519,4958.7764,,,,,,161.4973,0.01598244342803955,8793.508393764496,755000,0.09375,0.0040457593,0.04148888,0.083192,0.047284603,3.4321667e-05,1071.5486,0.041668795,0.0,1.2648419,1.2648419,0.1,1.0,0.0030102534,0.21972203,989.96204,,,,,,,
1.4099942e-05,0.0,,,,,,,10.175611,2124.3958,966.52527,259.51846,29.121098,-11.607508,534.7298,,,,,,10.217933,0.016023704099655152,8873.62692117691,760000,0.05859375,0.002092634,0.03762021,0.04232206,0.04497862,1.4099942e-05,968.1006,0.004687748,0.0,0.600685,0.600685,0.1,1.0,0.0020454268,0.22313452,912.84686,,,,,,,
1.7400449e-05,0.0,,,,,,,63.18744,2121.324,944.4031,285.8774,77.612885,-417.2211,3599.0444,,,,,,63.25345,0.016048173332214356,8953.867797851562,765000,0.07421875,0.0029296877,0.03818009,0.06601066,0.024082184,1.7400449e-05,950.82965,0.02781317,0.0,1.2810249,1.2810249,0.1,1.0,0.0024785525,0.22993053,934.55444,,,,,,,
1.8721381e-05,0.0,,,,,,,25.406172,2124.981,875.298,239.65889,143.97208,-25.025684,1323.5945,,,,,,25.468687,0.016005896759033203,9033.897287130356,770000,0.06640625,0.0027901786,0.04457007,0.06251478,0.02701044,1.8721381e-05,880.1394,0.017925987,0.0,1.3275864,1.3275864,0.1,1.0,0.0031910588,0.22045201,835.6251,,,,,,,
2.8358674e-05,0.0,,,,,,,44.966377,2129.0642,1016.7876,261.31006,41.334717,-180.10217,1684.206,,,,,,45.013832,0.01591405348777771,9113.467561483383,775000,0.07421875,0.0033482146,0.039099783,0.047454905,0.049028754,2.8358674e-05,1021.4378,0.008326766,0.0,1.028347,1.028347,0.1,1.0,0.001465978,0.18802744,1109.4265,,,,,,,
1.6887341e-05,0.0,,,,,,,210.86691,2131.6704,999.6904,307.5543,197.19185,-217.25462,7210.545,,,,,,210.92384,0.016002605628967284,9193.480599164963,780000,0.02734375,0.0009765625,0.050463177,0.05692686,0.08033061,1.6887341e-05,1003.54065,0.006446797,0.0,0.8003149,0.8003149,0.1,1.0,0.001972684,0.21204121,1068.2573,,,,,,,
1.0292645e-05,0.0,,,,,,,309.88635,2123.9478,964.2141,292.96124,252.7483,-267.6647,6954.7603,,,,,,310.93085,0.016022308111190795,9273.59214925766,785000,0.02734375,0.0009765625,0.05005323,1.0444832,0.025450945,1.0292645e-05,975.28174,0.99441975,0.0,2.9266143,2.9266143,0.1,1.0,0.0041816537,0.21697034,906.8345,,,,,,,
1.435998e-05,0.0,,,,,,,25.930714,2129.9514,937.7473,239.9847,326.8022,-50.3811,1746.5923,,,,,,25.983404,0.016013648891448976,9353.660402297974,790000,0.06640625,0.0026506698,0.04865391,0.05269089,0.030884624,1.435998e-05,940.6012,0.004022617,0.0,0.6198159,0.6198159,0.1,1.0,0.001389297,0.22433509,977.05804,,,,,,,
6.224195e-06,0.0,,,,,,,410.6435,2123.039,949.9448,218.45586,652.6154,-142.06035,4737.4526,,,,,,410.79736,0.016006656789779663,9433.69369840622,795000,0.015625,0.00055803574,0.0583439,0.1538737,0.024534345,6.224195e-06,961.48364,0.09552357,0.0,2.2689805,2.2689805,0.1,1.0,0.002399269,0.21417408,1014.824,,,,,,,
4.369132e-05,0.0,,,,,,,82.425415,2138.113,1009.6976,307.59317,39.096855,-29.106577,1693.1211,,,,,,82.48689,0.01600303773880005,9513.70889377594,800000,0.15234375,0.0075334823,0.043223776,0.061474785,0.036553264,4.369132e-05,1019.6884,0.018207317,0.0,1.7397106,1.7397106,0.1,1.0,0.0033347907,0.23574334,959.9186,,,,,,,
4.0200473e-05,0.0,,,,,,,48.342064,2160.76,1071.2493,232.41676,56.19851,-28.21566,1653.4108,,,,,,48.406498,0.019461566257476807,9611.01673579216,805000,0.02734375,0.0012555805,0.051468484,0.064434215,0.13745463,4.0200473e-05,1076.313,0.012925525,0.0,1.4868367,1.4868367,0.1,1.0,0.0016119444,0.22046639,1055.81,,,,,,,
1.0722035e-05,0.0,,,,,,,155.02205,2171.2,1040.4993,219.94318,1002.59705,-812.3478,16953.473,,,,,,155.0934,0.015981781911849974,9690.925654888153,810000,0.04296875,0.0015345983,0.055575296,0.07135273,0.029389858,1.0722035e-05,1050.0891,0.015766714,0.0,1.4047493,1.4047493,0.1,1.0,0.0025050258,0.22253813,1107.7982,,,,,,,
1.3786468e-05,0.0,,,,,,,61.25889,2180.8203,1132.8066,183.40063,142.29683,-25.096155,1724.6978,,,,,,62.173008,0.016007076787948608,9770.961050987244,815000,0.05078125,0.0018136161,0.051825114,0.9141199,0.03955686,1.3786468e-05,1139.4807,0.862281,0.0,1.540472,1.540472,0.1,1.0,0.0027954043,0.18169062,1220.6499,,,,,,,
6.5645936e-06,0.0,,,,,,,29.550474,2183.6667,1024.637,277.56677,128.76343,-71.30502,984.9966,,,,,,29.58851,0.016006652307510374,9850.994320869446,820000,0.0390625,0.0016741073,0.0296373,0.038037132,0.011208057,6.5645936e-06,1028.062,0.008393268,0.0,0.8885859,0.8885859,0.1,1.0,0.0015014953,0.24795929,1046.4148,,,,,,,
1.791409e-05,0.0,,,,,,,213.02548,2178.535,1111.6069,198.19948,413.92502,-566.42017,9252.208,,,,,,213.18156,0.01600426416397095,9931.01565170288,825000,0.0625,0.0023716518,0.109512575,0.1560814,0.039477468,1.791409e-05,1121.093,0.046550907,0.0,1.7550884,1.7550884,0.1,1.0,0.0037730918,0.23791918,1094.1176,,,,,,,
1.9988844e-05,0.0,,,,,,,31.101292,2177.1135,1020.41833,284.5702,254.05843,-41.606792,1839.4482,,,,,,31.165298,0.016019521427154543,10011.113269329071,830000,0.10546875,0.004185268,0.04938202,0.064006686,0.020467877,1.9988844e-05,1023.5229,0.014604674,0.0,0.7728861,0.7728861,0.1,1.0,0.001663859,0.21982056,1160.2021,,,,,,,
2.458236e-05,0.0,,,,,,,130.8978,2169.3325,1009.8495,202.85542,316.19815,-348.23456,10235.831,,,,,,130.9593,0.01602657866477966,10091.246173143387,835000,0.0703125,0.0027901786,0.05075943,0.061510008,0.05436778,2.458236e-05,1019.1639,0.010725995,0.0,0.8546045,0.8546045,0.1,1.0,0.0011257604,0.19394834,1021.9894,,,,,,,
2.0284788e-05,0.0,,,,,,,15.064615,2167.084,913.69977,190.53769,49.771725,-227.81552,946.02264,,,,,,15.105087,0.01600202422142029,10171.256303548813,840000,0.0546875,0.002232143,0.03608071,0.040471777,0.054219842,2.0284788e-05,915.7279,0.0043707825,0.0,0.5170757,0.5170757,0.1,1.0,0.0013562294,0.25647163,929.3901,,,,,,,
2.6401167e-05,0.0,,,,,,,136.81436,2161.0215,935.5084,279.60675,145.93224,-183.96722,4106.302,,,,,,136.8927,0.01629374237060547,10252.725024700165,845000,0.05859375,0.002232143,0.043540753,0.07833701,0.0707047,2.6401167e-05,948.0717,0.034769855,0.0,3.2959414,3.2959414,0.1,1.0,0.0038342383,0.19776635,886.72595,,,,,,,
2.9342333e-05,0.0,,,,,,,125.005936,2165.095,1004.6056,352.7513,236.8042,-473.11963,5122.3535,,,,,,125.07114,0.016108266067504883,10333.266368627548,850000,0.01953125,0.00069754466,0.041464858,0.065197386,0.15752101,2.9342333e-05,1022.2062,0.02370319,0.0,1.8866234,1.8866234,0.1,1.0,0.003419735,0.26006636,1067.5782,,,,,,,
4.0534487e-06,0.0,,,,,,,37.264088,2186.437,1090.4607,234.55212,84.10501,-55.458267,1447.6477,,,,,,37.324455,0.016035564708709718,10413.444202661514,855000,0.03125,0.0011160715,0.051989812,0.06036886,0.0075433254,4.0534487e-06,1095.2621,0.008374995,0.0,0.7560015,0.7560015,0.1,1.0,0.0019702427,0.22367543,1052.425,,,,,,,
1.2137695e-05,0.0,,,,,,,62.81923,2182.7837,999.75366,428.99402,55.82778,-218.33084,1988.1924,,,,,,63.17658,0.01598833179473877,10493.385870695114,860000,0.04296875,0.0015345983,0.30802733,0.35735044,0.017743826,1.2137695e-05,1009.0453,0.049310997,0.0,1.7685411,1.7685411,0.1,1.0,0.0022077286,0.25671095,1043.664,,,,,,,
2.0202766e-05,0.0,,,,,,,89.16253,2186.1924,1051.8652,310.3297,53.24144,-328.4499,1991.6431,,,,,,89.23237,0.016014825677871703,10573.46000623703,865000,0.08203125,0.0029296877,0.02818967,0.069839045,0.024899721,2.0202766e-05,1063.9912,0.041629173,0.0,1.4163625,1.4163625,0.1,1.0,0.002442739,0.2357246,1125.1344,,,,,,,
1.6778376e-05,0.0,,,,,,,47.62054,2203.8342,1210.1525,448.4066,41.630737,-271.98975,1842.0695,,,,,,47.83688,0.01598258328437805,10653.372929573059,870000,0.06640625,0.0026506698,0.04359496,0.21633752,0.019344926,1.6778376e-05,1214.6993,0.17272578,0.0,1.2279637,1.2279637,0.1,1.0,0.0021037143,0.16515389,1291.9979,,,,,,,
9.7725015e-06,0.0,,,,,,,95.985275,2202.0374,1117.1932,265.23798,249.38586,-200.91632,4693.924,,,,,,96.051445,0.016014101219177245,10733.443442344666,875000,0.02734375,0.0009765625,0.032978036,0.0661704,0.023252606,9.7725015e-06,1125.6663,0.03318259,0.0,3.021702,3.021702,0.1,1.0,0.0031913188,0.1708172,1156.293,,,,,,,
1.9036866e-05,0.0,,,,,,,23.76061,2200.5781,1079.3865,278.61514,58.0033,-31.103184,826.8165,,,,,,23.809372,0.015992035245895386,10813.403628110886,880000,0.078125,0.0033482146,0.03658082,0.048762254,0.02538538,1.9036866e-05,1082.7471,0.012162398,0.0,1.096463,1.096463,0.1,1.0,0.002498324,0.17603412,978.4769,,,,,,,
4.973547e-05,0.0,,,,,,,145.39749,2199.1257,1092.761,301.63647,122.16408,-374.52213,3659.3525,,,,,,145.47961,0.01602219305038452,10893.514603853226,885000,0.1015625,0.0036272323,0.035347052,0.08211712,0.116383076,4.973547e-05,1103.7397,0.046720337,0.0,2.6045702,2.6045702,0.1,1.0,0.0041616363,0.1931425,1126.5481,,,,,,,
9.860162e-06,0.0,,,,,,,119.98323,2201.2512,1104.4514,354.98035,81.93262,-177.12181,2724.8884,,,,,,120.09971,0.016016955757141113,10973.599391698837,890000,0.03515625,0.0012555805,0.044229355,0.11647647,0.03070724,9.860162e-06,1117.9932,0.07223725,0.0,2.4417064,2.4417064,0.1,1.0,0.0048354017,0.18631716,1192.425,,,,,,,
2.3345365e-05,0.0,,,,,,,23.446743,2210.75,1123.7861,275.4384,114.40233,-50.186317,1008.0226,,,,,,23.497707,0.016004889392852783,11053.6238489151,895000,0.0625,0.0026506698,0.037925985,0.05096474,0.06104803,2.3345365e-05,1126.835,0.013015409,0.0,0.7743572,0.7743572,0.1,1.0,0.0011907319,0.18348405,1135.4016,,,,,,,
2.0351628e-05,0.0,,,,,,,161.55942,2201.2405,1036.6194,259.53937,154.858,-116.49343,3892.1533,,,,,,161.62895,0.01602970190048218,11133.772369623184,900000,0.0859375,0.0032087055,0.05580718,0.069540255,0.044965386,2.0351628e-05,1045.3108,0.01371272,0.0,1.9147761,1.9147761,0.1,1.0,0.0024565265,0.21066597,1019.7772,,,,,,,
1.9302825e-05,0.0,,,,,,,257.45554,2209.662,1094.5413,262.38223,776.4059,-987.5474,14264.632,,,,,,257.68958,0.01964843316078186,11232.014544963837,905000,0.06640625,0.0023716518,0.184344,0.23402758,0.026078343,1.9302825e-05,1109.8739,0.049664292,0.0,2.756742,2.756742,0.1,1.0,0.0035530715,0.21513486,1140.0052,,,,,,,
2.9935352e-05,0.0,,,,,,,24.266329,2210.8813,1094.3861,275.3919,199.64722,-82.726166,1366.7964,,,,,,24.33602,0.016017281198501588,11312.100957870483,910000,0.09765625,0.0034877234,0.042978577,0.06968999,0.04183185,2.9935352e-05,1097.8196,0.026681472,0.0,0.85699,0.85699,0.1,1.0,0.0012884841,0.22091553,1065.2535,,,,,,,
3.2514403e-05,0.0,,,,,,,84.348526,2199.6797,1013.6089,348.95242,542.73944,-129.62761,3381.1055,,,,,,84.440125,0.016003146648406984,11392.116697311401,915000,0.1015625,0.004185268,0.06813277,0.09159508,0.057243228,3.2514403e-05,1021.2708,0.0234298,0.0,1.5888648,1.5888648,0.1,1.0,0.0022601804,0.21532491,1084.2141,,,,,,,
4.4213375e-06,0.0,,,,,,,21.303902,2198.0264,973.2091,295.54517,164.14607,-63.090515,1178.8492,,,,,,21.355669,0.015979112243652345,11472.012266159058,920000,0.03125,0.0011160715,0.036822688,0.051766735,0.010878921,4.4213375e-06,976.42255,0.014939627,0.0,1.0028863,1.0028863,0.1,1.0,0.0018682521,0.20751473,882.4552,,,,,,,
2.0696383e-05,0.0,,,,,,,144.52164,2191.8103,1095.877,266.1289,270.87848,-408.37485,5179.289,,,,,,144.59761,0.01601362557411194,11552.080404520035,925000,0.06640625,0.0026506698,0.03514112,0.075978726,0.046612263,2.0696383e-05,1108.9304,0.040816903,0.0,2.3571348,2.3571348,0.1,1.0,0.0025243885,0.16706295,1165.8083,,,,,,,
2.2851764e-05,0.0,,,,,,,46.39174,2196.8096,1028.0422,277.94693,35.87104,-161.65799,1240.654,,,,,,46.429916,0.015978262615203857,11631.971729040146,930000,0.0546875,0.002092634,0.033593435,0.038177673,0.039671898,2.2851764e-05,1031.8594,0.004561386,0.0,0.8476572,0.8476572,0.1,1.0,0.0014528715,0.14820103,1011.24207,,,,,,,
1.542967e-05,0.0,,,,,,,28.403566,2189.6426,952.6015,256.65994,54.446728,-63.093502,1230.6089,,,,,,28.470526,0.0160212308883667,11712.077893733978,935000,0.046875,0.0018136161,0.054847132,0.06695982,0.020844817,1.542967e-05,954.9381,0.012097261,0.0,1.0059266,1.0059266,0.1,1.0,0.0020243912,0.21254522,925.83325,,,,,,,
1.7947086e-05,0.0,,,,,,,40.46711,2171.627,891.09094,227.132,38.154194,-203.8882,1484.2878,,,,,,40.574097,0.01601559052467346,11792.155855894089,940000,0.078125,0.0027901786,0.096531324,0.106987976,0.035539746,1.7947086e-05,895.78046,0.0104387,0.0,1.3194212,1.3194212,0.1,1.0,0.0018942452,0.20436443,940.439,,,,,,,
1.3680464e-05,0.0,,,,,,,100.270355,2168.546,1012.61804,307.0158,93.73601,-374.4298,2718.4165,,,,,,100.36136,0.016080066680908202,11872.556201219559,945000,0.05078125,0.002232143,0.05253149,0.0910058,0.02294314,1.3680464e-05,1023.5815,0.038460635,0.0,3.2669206,3.2669206,0.1,1.0,0.0046204366,0.23324543,1030.489,,,,,,,
9.9082745e-06,0.0,,,,,,,41.23948,2166.2354,1002.1515,265.18628,192.04402,-940.8448,3010.4563,,,,,,41.290627,0.01601211590766907,11952.616791725159,950000,0.05078125,0.001953125,0.043617297,0.05114718,0.0341686,9.9082745e-06,1007.1919,0.007519976,0.0,1.0594909,1.0594909,0.1,1.0,0.0028167693,0.18936665,911.7649,,,,,,,
1.0503157e-05,0.0,,,,,,,62.794556,2156.7134,935.7105,202.89139,272.9889,-63.057556,1902.109,,,,,,62.854916,0.01603757915496826,12032.804694414139,955000,0.0703125,0.0026506698,0.039637107,0.06035933,0.016325474,1.0503157e-05,941.12354,0.02071172,0.0,1.5325092,1.5325092,0.1,1.0,0.0024591216,0.19899717,1008.55566,,,,,,,
2.9072815e-05,0.0,,,,,,,20.092236,2153.7993,932.2782,272.04208,39.504414,-171.08379,873.533,,,,,,20.18242,0.016023399209976197,12112.921696424484,960000,0.109375,0.004324777,0.08141084,0.090184934,0.0678035,2.9072815e-05,937.0172,0.008745021,0.0,1.1410961,1.1410961,0.1,1.0,0.0017330771,0.13810587,986.0355,,,,,,,
1.475368e-05,0.0,,,,,,,67.49948,2144.5476,883.6645,241.51382,61.55123,-198.69032,2384.8645,,,,,,67.561516,0.016000041007995604,12192.921907663345,965000,0.03515625,0.0016741073,0.042875465,0.062035862,0.06399679,1.475368e-05,891.7118,0.019145645,0.0,1.4046696,1.4046696,0.1,1.0,0.0019580396,0.2177195,1031.5891,,,,,,,
4.011885e-05,0.0,,,,,,,62.4915,2128.0652,940.2322,212.06345,96.08176,-52.342327,1966.1469,,,,,,62.57677,0.01600493564605713,12272.946591854095,970000,0.07421875,0.0034877234,0.057886105,0.08527009,0.087442756,4.011885e-05,948.193,0.027343865,0.0,3.3659708,3.3659708,0.1,1.0,0.00412069,0.22165903,984.1046,,,,,,,
2.8165823e-05,0.0,,,,,,,29.501205,2135.7947,906.60223,266.26273,46.853466,-98.97606,1016.8836,,,,,,29.557749,0.01602305178642273,12353.061856508255,975000,0.05859375,0.0023716518,0.028193356,0.056543138,0.051343083,2.8165823e-05,909.2793,0.028321616,0.0,1.1269355,1.1269355,0.1,1.0,0.0023653614,0.17972718,901.6769,,,,,,,
9.366012e-06,0.0,,,,,,,13.124067,2135.969,787.4573,219.2185,135.07098,-30.391006,699.38367,,,,,,13.192136,0.0160166663646698,12433.145195245743,980000,0.04296875,0.0015345983,0.048962016,0.068068914,0.028888345,9.366012e-06,789.17346,0.019097533,0.0,0.6904204,0.6904204,0.1,1.0,0.0020406167,0.19987151,783.4888,,,,,,,
1.6350034e-05,0.0,,,,,,,93.538,2132.5227,849.8971,200.75638,322.34436,-84.97647,2824.8289,,,,,,93.82276,0.016018763256072998,12513.239028453827,985000,0.06640625,0.002511161,0.03291441,0.28475797,0.039002895,1.6350034e-05,858.06274,0.2518272,0.0,1.2949777,1.2949777,0.1,1.0,0.0048395274,0.17678802,760.45154,,,,,,,
2.27806e-05,0.0,,,,,,,226.35341,2145.2324,938.94727,211.7338,251.22318,-374.86108,6868.491,,,,,,226.42632,0.015998648548126222,12593.232279539108,990000,0.11328125,0.004324777,0.0539148,0.072904244,0.013476253,2.27806e-05,951.6627,0.018966658,0.0,1.3685617,1.3685617,0.1,1.0,0.0019212784,0.12101056,859.8656,,,,,,,
1.3569421e-05,0.0,,,,,,,69.5845,2162.6301,927.36755,210.78595,439.62775,-279.4501,8102.779,,,,,,69.98864,0.01598654351234436,12673.165002584457,995000,0.046875,0.0018136161,0.39447072,0.40413362,0.032788754,1.3569421e-05,929.9326,0.009649341,0.0,0.5450326,0.5450326,0.1,1.0,0.00145327,0.25099328,947.65466,,,,,,,
1.6992813e-05,0.0,,,,,,,35.09664,2147.4722,787.71533,257.6817,88.25988,-49.29132,993.00916,,,,,,35.160183,0.016005612754821777,12753.193071126938,1000000,0.05078125,0.0018136161,0.041756608,0.06354124,0.03906548,1.6992813e-05,789.1024,0.021767635,0.0,0.65312034,0.65312034,0.1,1.0,0.0015733885,0.19151801,727.7877,,,,,,,
5.899247e-06,0.0,,,,,,,118.32676,2142.4766,777.58795,182.1613,82.53016,-264.8714,2903.2773,,,,,,118.38645,0.02337830047607422,12870.084580421448,1005000,0.03515625,0.0012555805,0.05250101,0.059691943,0.021824598,5.899247e-06,785.4984,0.0071850326,0.0,1.9242814,1.9242814,0.1,1.0,0.004920713,0.21770854,800.5891,0.0,5000.0,-0.25526038174035565,-51.81333884978494,200.0,3.8818724155426025,0.16000554030971587
1.9464826e-05,0.0,,,,,,,15.8638935,2136.0535,853.443,271.25153,95.56978,-346.19333,1232.0784,,,,,,15.901143,0.01984557709693909,12969.31247472763,1010000,0.046875,0.002232143,0.03136468,0.03724931,0.023919225,1.9464826e-05,855.5149,0.0058651688,0.0,0.7423068,0.7423068,0.1,1.0,0.001768291,0.18250933,815.7355,0.0,10000.0,-0.29895172712216966,-58.13173987690338,200.0,3.826434373855591,-0.055119564206327645
9.051458e-06,0.0,,,,,,,31.811281,2132.329,776.9426,318.9736,389.58548,-43.320045,1569.2053,,,,,,31.871592,0.01976534523963928,13068.13920712471,1015000,0.0390625,0.0015345983,0.048808243,0.06031066,0.027047873,9.051458e-06,779.58124,0.011493364,0.0,0.98659146,0.98659146,0.1,1.0,0.0038849213,0.22381866,827.258,0.0,15000.0,-0.302829253089927,-60.506675210562015,200.0,3.8092799186706543,-0.13597992898522523
2.0420479e-05,0.0,,,,,,,103.91818,2127.7747,854.0534,233.66046,124.95903,-99.927284,2826.208,,,,,,104.02578,0.019695794773101807,13166.618188619614,1020000,0.0859375,0.0033482146,0.04076384,0.10759623,0.047165155,2.0420479e-05,859.8192,0.06681197,0.0,2.1472015,2.1472015,0.1,1.0,0.0023157382,0.21092843,912.94025,0.0,20000.0,-0.27845931663541423,-52.80623302047304,200.0,3.8713572025299072,0.12620007887637288
1.6847742e-05,0.0,,,,,,,18.637974,2123.303,775.58734,295.86465,87.69979,-43.751778,788.1984,,,,,,18.696985,0.019730849027633668,13265.272439718246,1025000,0.05078125,0.001953125,0.048208512,0.05901238,0.0607661,1.6847742e-05,778.07104,0.0107870195,0.0,1.0366507,1.0366507,0.1,1.0,0.002186819,0.24643344,751.22107,0.0,25000.0,-0.24800431742335022,-54.383985356366786,200.0,3.8166465759277344,0.07248171964231727
5.2306737e-06,0.0,,,,,,,20.162672,2125.9365,780.964,214.95506,29.452541,-64.715866,751.30524,,,,,,20.722954,0.01981186828613281,13364.331786870956,1030000,0.04296875,0.0015345983,0.554258,0.56028163,0.013611674,5.2306737e-06,784.9552,0.0060183904,0.0,0.5417042,0.5417042,0.1,1.0,0.0013804366,0.18222408,835.8967,0.0,30000.0,-0.32635848100433207,-55.64253922788939,200.0,3.8476507663726807,0.029631237061624394
2.362461e-05,0.0,,,,,,,27.000687,2126.4539,744.05255,226.4225,359.09402,-146.04407,1526.4077,,,,,,27.046656,0.019729519891738892,13462.979393005371,1035000,0.10546875,0.004324777,0.03726142,0.04596842,0.035582304,2.362461e-05,746.1238,0.008683376,0.0,0.7952769,0.7952769,0.1,1.0,0.002525394,0.18581016,761.85065,0.0,35000.0,-0.2729294600965226,-55.564083407063166,200.0,3.838597059249878,0.03230245349481589
2.1358537e-05,0.0,,,,,,,25.71453,2123.873,680.90576,225.40056,55.389248,-130.91975,1246.0361,,,,,,25.758102,0.019828121376037598,13562.12000632286,1040000,0.046875,0.002092634,0.03305737,0.043570563,0.060099483,2.1358537e-05,683.0078,0.010491836,0.0,1.2338419,1.2338419,0.1,1.0,0.0022551008,0.22094539,740.0831,0.0,40000.0,-0.25176259568756604,-52.533599805819044,200.0,4.360365390777588,0.13548253001318103
2.0739275e-05,0.0,,,,,,,117.00262,2135.2556,734.2975,215.26315,292.49414,-93.163124,2656.0952,,,,,,117.06605,0.019910162496566772,13661.670825004578,1045000,0.0390625,0.0018136161,0.043610755,0.063433774,0.05452919,2.0739275e-05,740.2562,0.019802278,0.0,2.097137,2.097137,0.1,1.0,0.0044490006,0.22425106,871.04517,0.0,45000.0,-0.2512805567907305,-54.73738828003327,200.0,4.337319850921631,0.06044927020396618
2.5099094e-05,0.0,,,,,,,25.201717,2127.248,798.9972,292.689,41.55522,-18.744019,756.11755,,,,,,25.259495,0.019723615741729737,13760.28891324997,1050000,0.04296875,0.0016741073,0.04598714,0.057777185,0.06376195,2.5099094e-05,801.67444,0.011764948,0.0,0.8033421,0.8033421,0.1,1.0,0.0027607228,0.2428912,898.11395,0.0,50000.0,-0.285111223607208,-57.306610710650375,200.0,3.8602235317230225,-0.02702606438452749
2.6380745e-05,0.0,,,,,,,17.9638,2135.358,702.59937,210.62221,115.42419,-58.407627,954.23236,,,,,,18.0089,0.01973163285255432,13858.947085618973,1055000,0.08203125,0.0030691966,0.03554417,0.045099862,0.06379616,2.6380745e-05,703.84595,0.009529311,0.0,0.7155049,0.7155049,0.1,1.0,0.0015849986,0.2049412,771.2608,0.0,55000.0,-0.26855563933157994,-55.77163012339729,200.0,3.8343865871429443,0.02523602816794773
2.1349972e-05,0.0,,,,,,,193.86404,2120.954,767.97687,210.94225,480.59814,-88.31785,4627.534,,,,,,193.94193,0.019845552396774293,13958.174853801727,1060000,0.07421875,0.0029296877,0.031542525,0.07787342,0.028689265,2.1349972e-05,776.0885,0.046309546,0.0,1.9819101,1.9819101,0.1,1.0,0.0036305143,0.2271582,803.19495,0.0,60000.0,-0.30413875013752956,-57.76116928213083,200.0,4.277333498001099,-0.04250260026420601
1.2084343e-05,0.0,,,,,,,16.53466,2124.9824,748.0244,290.49493,102.29019,-77.182076,753.5796,,,,,,16.584366,0.019600632333755492,14056.178020715714,1065000,0.0625,0.002232143,0.0464304,0.049705006,0.028361201,1.2084343e-05,749.1388,0.003262519,0.0,0.5392537,0.5392537,0.1,1.0,0.0019111077,0.24004614,809.8624,0.0,65000.0,-0.27978234938003294,-55.54794126516539,200.0,3.83502459526062,0.03285205139909059
1.9622286e-05,0.0,,,,,,,86.00839,2141.0457,688.3561,233.8052,53.209698,-120.83434,2029.4043,,,,,,86.05131,0.01984352536201477,14155.395653247833,1070000,0.05078125,0.002232143,0.03578341,0.0429181,0.074365735,1.9622286e-05,692.85596,0.0071150684,0.0,0.7153275,0.7153275,0.1,1.0,0.0015761867,0.23086028,692.98395,0.0,70000.0,-0.2607922266896994,-54.197408066800364,200.0,3.8370349407196045,0.07883419058330812
2.1490103e-05,0.0,,,,,,,72.35992,2136.024,758.2206,202.82205,95.23187,-79.69885,2347.5186,,,,,,72.45611,0.01969576086997986,14253.874463558197,1075000,0.0859375,0.0032087055,0.08102952,0.09618908,0.027212262,2.1490103e-05,761.6732,0.015138076,0.0,1.2850425,1.2850425,0.1,1.0,0.0037187734,0.2589614,825.001,0.0,75000.0,-0.26463156354930906,-53.154914037737875,200.0,3.819007396697998,0.11432839805714076
1.3315618e-05,0.0,,,,,,,251.78943,2137.4136,765.9846,149.08662,257.31662,-195.7662,6011.992,,,,,,251.9099,0.019688921308517456,14352.319076538086,1080000,0.046875,0.0018136161,0.100564875,0.12047053,0.034201145,1.3315618e-05,776.23804,0.019892342,0.0,1.2640247,1.2640247,0.1,1.0,0.0044770157,0.22932726,801.3966,0.0,80000.0,-0.2829168351941369,-55.266162945038985,200.0,3.84748911857605,0.04244586956722821
2.3740777e-05,0.0,,,,,,,18.33532,2136.647,780.23,221.0185,96.02104,-49.23265,917.3883,,,,,,21.250822,0.01971256513595581,14450.88190817833,1085000,0.06640625,0.002511161,0.051169135,2.9155025,0.04544878,2.3740777e-05,785.34033,2.8643095,0.0,5.908887,5.908887,0.1,1.0,0.004333783,0.2257158,739.32495,0.0,85000.0,-0.2831859288827892,-56.8823634994834,200.0,3.821784496307373,-0.01258155140549631
6.36794e-05,0.0,,,,,,,142.87572,2142.777,710.4822,195.84378,222.21422,-286.87863,3678.4983,,,,,,142.98346,0.019831783199310303,14550.040830135345,1090000,0.08203125,0.0037667411,0.04064175,0.1077471,0.07059276,6.36794e-05,716.149,0.06704167,0.0,2.1280155,2.1280155,0.1,1.0,0.003953252,0.15093796,646.4082,0.0,90000.0,-0.2640422676932653,-54.619031817411816,200.0,3.8375051021575928,0.06447899960580535
6.7077017e-06,0.0,,,,,,,434.94638,2110.373,805.2595,262.99042,448.14407,-633.4346,16701.176,,,,,,435.10672,0.019823444843292237,14649.158061027527,1095000,0.046875,0.001953125,0.13917354,0.1603367,0.01045382,6.7077017e-06,811.0405,0.021156467,0.0,2.0431907,2.0431907,0.1,1.0,0.0040740464,0.24555881,715.51337,0.0,95000.0,-0.28189831961927514,-57.984805963805954,200.0,4.361266613006592,-0.05011684701943662
3.0600735e-05,0.0,,,,,,,32.41133,2148.805,750.14435,296.32663,91.714096,-47.049225,1297.2053,,,,,,33.50178,0.01965422353744507,14747.42918586731,1100000,0.08984375,0.00390625,1.0847225,1.0904486,0.03373909,3.0600735e-05,752.2932,0.005695406,0.0,0.97003233,0.97003233,0.1,1.0,0.0023984013,0.25633934,811.8524,0.0,100000.0,-0.265584643267257,-52.68973585589569,200.0,3.852264642715454,0.13016650402063978
4.4390028e-05,0.0,,,,,,,191.05606,2150.3464,887.89624,292.4155,357.63586,-121.28283,3659.703,,,,,,191.18268,0.02337254123687744,14864.29189825058,1105000,0.07421875,0.0026506698,0.031332534,0.12661582,0.17357981,4.4390028e-05,898.94617,0.0952389,0.0,2.830408,2.830408,0.1,1.0,0.0062142927,0.20405379,925.2196,0.0,105000.0,-0.25387005566506055,-52.391076739763975,200.0,3.9162092208862305,0.14033506934226928
4.8304293e-05,0.0,,,,,,,65.77131,2140.9138,927.8119,401.55557,80.39368,-79.62096,2287.4482,,,,,,66.05132,0.019860473012924193,14963.594269752502,1110000,0.125,0.0051618307,0.050241433,0.28001714,0.07370806,4.8304293e-05,930.9614,0.2297274,0.0,2.452971,2.452971,0.1,1.0,0.0027082586,0.21428308,907.4066,0.0,110000.0,-0.28474625319230834,-58.17778034387547,200.0,3.827469825744629,-0.05668712223672616
2.6547285e-05,0.0,,,,,,,54.710606,2147.9978,868.4301,261.7255,94.26439,-59.294636,1597.3162,,,,,,54.760517,0.019927721881866454,15063.232886075974,1115000,0.0859375,0.0036272323,0.038859166,0.049911246,0.022390246,2.6547285e-05,875.37115,0.011025534,0.0,1.5891302,1.5891302,0.1,1.0,0.0017050258,0.15804763,846.4702,0.0,115000.0,-0.258214334186443,-52.406941548911995,200.0,3.9371230602264404,0.1397949138960659
1.9081286e-05,0.0,,,,,,,31.857117,2144.4111,830.50977,269.80872,170.19312,-55.847504,1324.9318,,,,,,31.91361,0.019858746814727782,15162.526626348495,1120000,0.0859375,0.0032087055,0.04838135,0.056494236,0.059912205,1.9081286e-05,832.0885,0.008093802,0.0,1.0241861,1.0241861,0.1,1.0,0.0020070723,0.21260215,818.3843,0.0,120000.0,-0.27330233096195694,-55.38568186063253,200.0,4.39283561706543,0.038376561668227775
7.157048e-06,0.0,,,,,,,50.053535,2144.0693,763.722,366.3731,419.209,-312.3093,5275.059,,,,,,50.08244,0.02004586033821106,15262.755935192108,1125000,0.0234375,0.0009765625,0.021843351,0.028902344,0.021275043,7.157048e-06,766.67816,0.007051837,0.0,1.028545,1.028545,0.1,1.0,0.0018427926,0.18285483,826.17786,0.0,125000.0,-0.32185183407947127,-53.67233680391326,200.0,3.8973300457000732,0.09671150002000804
1.9308762e-05,0.0,,,,,,,163.47224,2158.3472,762.115,347.68137,189.20631,-386.75183,4667.5815,,,,,,163.55452,0.01993853030204773,15362.448593616486,1130000,0.05859375,0.002092634,0.06382904,0.082268834,0.035782456,1.9308762e-05,770.97107,0.018420476,0.0,1.8531284,1.8531284,0.1,1.0,0.0055201864,0.24768227,749.92883,0.0,130000.0,-0.2701241774705383,-55.47274668693793,200.0,3.84342098236084,0.035412231012697595
1.086135e-05,0.0,,,,,,,82.658,2168.7554,836.344,362.32953,167.24504,-200.95905,4953.992,,,,,,82.70208,0.01978902778625488,15461.393738508224,1135000,0.08203125,0.0029296877,0.029183099,0.044081252,0.010626912,1.086135e-05,839.7654,0.01488729,0.0,1.500128,1.500128,0.1,1.0,0.0038327775,0.20963696,861.8635,0.0,135000.0,-0.31714550526581287,-61.75418562599214,200.0,3.8137874603271484,-0.17845441063848172
4.4281514e-05,0.0,,,,,,,79.577675,2177.5874,770.4096,336.53998,171.09976,-249.26044,5187.4062,,,,,,79.63436,0.01991316623687744,15560.959576368332,1140000,0.0859375,0.0036272323,0.049807552,0.05668955,0.12877429,4.4281514e-05,775.48157,0.006837713,0.0,1.0981337,1.0981337,0.1,1.0,0.0032287387,0.24538669,691.45105,0.0,140000.0,-0.26182297775899865,-52.9137547915397,200.0,3.8676488399505615,0.12253924251299705
3.3906646e-05,0.0,,,,,,,227.91368,2177.5327,851.6307,401.01715,297.78107,-221.67613,8192.459,,,,,,228.24495,0.02002706527709961,15661.094909191132,1145000,0.0703125,0.0026506698,0.2620122,0.3312619,0.037673473,3.3906646e-05,858.7119,0.069215775,0.0,4.5180025,4.5180025,0.1,1.0,0.0063371575,0.20943192,734.7343,0.0,145000.0,-0.27043481071097,-53.25642628753538,200.0,4.3704845905303955,0.11087217024671528
4.088543e-05,0.0,,,,,,,106.54478,2183.095,843.6855,363.92697,398.42596,-81.693726,4414.085,,,,,,106.63911,0.019868737459182738,15760.43860244751,1150000,0.0546875,0.001953125,0.07005651,0.09433008,0.11448681,4.088543e-05,846.8064,0.02423268,0.0,1.8434211,1.8434211,0.1,1.0,0.003530915,0.20373245,760.838,0.0,150000.0,-0.301123519409577,-52.239478735576284,200.0,3.8570139408111572,0.1454965866874533
1.1853176e-05,0.0,,,,,,,110.68158,2172.1086,820.93134,416.5138,291.64807,-67.39642,3137.482,,,,,,110.75822,0.01988009614944458,15859.839090585709,1155000,0.04296875,0.0018136161,0.059052333,0.076640956,0.026059031,1.1853176e-05,823.6908,0.01757677,0.0,1.6611584,1.6611584,0.1,1.0,0.0035194613,0.25615644,823.4459,0.0,155000.0,-0.26951678550659147,-52.95185672710304,200.0,4.470215559005737,0.12124197080847135
4.6539288e-05,0.0,,,,,,,63.341553,2182.725,754.46954,381.2122,74.75443,-41.966896,1477.0688,,,,,,63.44515,0.019786101722717286,15958.769605398178,1160000,0.05859375,0.002511161,0.09359363,0.10359721,0.19850874,4.6539288e-05,755.79736,0.0099570425,0.0,0.8062345,0.8062345,0.1,1.0,0.0030090003,0.22181052,764.2826,0.0,160000.0,-0.2557704701401006,-51.46560226496742,200.0,3.891327381134033,0.17184506566302143
1.9452851e-05,0.0,,,,,,,223.33008,2190.397,779.09393,337.41333,119.35946,-154.3198,4462.8257,,,,,,225.58156,0.01992405228614807,16058.389873743057,1165000,0.05859375,0.002092634,2.2254887,2.251487,0.037459373,1.9452851e-05,787.6167,0.025978716,0.0,2.2017848,2.2017848,0.1,1.0,0.0059056543,0.22291514,747.70825,0.0,165000.0,-0.27810515323931606,-56.77397536397622,200.0,4.337450981140137,-0.008891217588569467
1.483868e-05,0.0,,,,,,,64.47152,2187.626,810.50494,331.1932,173.80359,-104.07147,2947.701,,,,,,64.52377,0.019844158935546877,16157.610674858093,1170000,0.078125,0.0029296877,0.03888713,0.05225376,0.016029716,1.483868e-05,811.8076,0.013351794,0.0,1.280114,1.280114,0.1,1.0,0.0041017896,0.25164804,847.6456,0.0,170000.0,-0.327850634192517,-58.930683293410574,200.0,4.34365439414978,-0.08232150742595559
4.3001495e-05,0.0,,,,,,,142.7175,2207.7246,842.58765,382.7378,93.88098,-203.50159,3142.8335,,,,,,143.01617,0.019802737426757814,16256.624367713928,1175000,0.10546875,0.004185268,0.2558825,0.29868037,0.07558274,4.3001495e-05,850.98364,0.042754866,0.0,2.6941128,2.6941128,0.1,1.0,0.0066404203,0.23276882,824.4416,0.0,175000.0,-0.2511636818450281,-52.371587974543296,200.0,3.8891170024871826,0.1409986110574901
4.7048707e-05,0.0,,,,,,,54.444103,2209.5732,889.25964,402.74673,260.81836,-98.678604,2473.5303,,,,,,54.54762,0.01966852798461914,16354.967015266418,1180000,0.1328125,0.005022322,0.08878488,0.10351395,0.04660642,4.7048707e-05,893.091,0.014682014,0.0,1.4996401,1.4996401,0.1,1.0,0.0025212716,0.20136972,908.02606,0.0,180000.0,-0.25189364310134665,-51.17886779581622,200.0,3.8492045402526855,0.1816076278017271
4.3957163e-05,0.0,,,,,,,151.61292,2204.3542,905.4968,429.45947,251.80273,-163.4386,4289.881,,,,,,151.72617,0.019874730396270752,16454.340673446655,1185000,0.0703125,0.0026506698,0.04146765,0.113248676,0.122659445,4.3957163e-05,911.2647,0.071737066,0.0,3.8675508,3.8675508,0.1,1.0,0.0047764014,0.15886493,868.05615,0.0,185000.0,-0.3045892990525521,-57.713702408310155,200.0,3.807837963104248,-0.04088647679437627
2.4524668e-05,0.0,,,,,,,17.47134,2202.6694,828.9835,360.0081,78.03844,-47.833828,969.28235,,,,,,17.562132,0.019801400423049925,16553.34768152237,1190000,0.07421875,0.0027901786,0.07865381,0.09079164,0.045119762,2.4524668e-05,831.40314,0.012113301,0.0,0.83376586,0.83376586,0.1,1.0,0.002365877,0.20912832,857.0783,0.0,190000.0,-0.29159699490725727,-60.9267975246723,200.0,3.8441178798675537,-0.15028399995897215
1.8839559e-05,0.0,,,,,,,14.159096,2158.6218,752.9713,327.77988,35.236717,-50.268166,625.06573,,,,,,14.25727,0.019746119451522826,16652.078284978867,1195000,0.046875,0.001953125,0.093019865,0.098173745,0.042728066,1.8839559e-05,754.60986,0.0051350384,0.0,0.81607044,0.81607044,0.1,1.0,0.0024462468,0.1878601,824.0973,0.0,195000.0,-0.2692663391391976,-51.92156091620309,200.0,3.8425066471099854,0.15632086071289633
1.9307116e-05,0.0,,,,,,,101.71953,2197.2056,678.97327,332.5341,107.43269,-166.23679,2204.5938,,,,,,101.80805,0.019794614696502684,16751.051364183426,1200000,0.07421875,0.0026506698,0.064810485,0.088526346,0.03197539,1.9307116e-05,682.856,0.023696555,0.0,1.7331326,1.7331326,0.1,1.0,0.004687405,0.18495658,658.9117,0.0,200000.0,-0.28194753226594066,-52.3279177233836,200.0,3.84517502784729,0.14248546941052123
4.3472493e-05,0.0,,,,,,,135.46664,2213.9966,799.0155,350.4566,97.664925,-225.74939,3032.4307,,,,,,135.59348,0.0231777184009552,16866.939964056015,1205000,0.08984375,0.0037667411,0.103547424,0.12682702,0.117849946,4.3472493e-05,805.61487,0.023236128,0.0,2.643826,2.643826,0.1,1.0,0.00674294,0.21637666,769.06555,0.0,205000.0,-0.27769656025354567,-52.8724882431326,200.0,3.8251590728759766,0.12394426104553277
3.6808997e-05,0.0,,,,,,,508.64728,2244.7847,1079.2407,345.91483,385.3543,-544.84644,13034.387,,,,,,510.179,0.019716591215133666,16965.522926092148,1210000,0.078125,0.0032087055,0.13067916,1.5316952,0.04806137,3.6808997e-05,1102.7828,1.4009793,0.0,6.49417,6.49417,0.1,1.0,0.0061534606,0.17292745,1050.656,0.0,210000.0,-0.2880715674505706,-55.69823527485484,200.0,3.8058578968048096,0.027734931671518838
0.00010836772,0.0,,,,,,,143.10681,2255.1099,1048.2231,401.3184,308.7685,-365.59106,9714.969,,,,,,149.10931,0.019614121007919313,17063.593538999557,1215000,0.09375,0.0036272323,5.9941196,6.002499,0.5493225,0.00010836772,1051.5496,0.0082712965,0.0,1.1624154,1.1624154,0.1,1.0,0.0022023495,0.21113935,1072.2667,0.0,215000.0,-0.2848119384087075,-57.40494551180589,200.0,3.8016586303710938,-0.030374108341432265
1.6421745e-05,0.0,,,,,,,66.85422,2245.0679,957.7484,385.6077,249.40746,-84.95874,3162.7578,,,,,,66.9056,0.01961396894454956,17161.66338992119,1220000,0.05859375,0.002232143,0.04168893,0.051385205,0.04681146,1.6421745e-05,960.31323,0.009679853,0.0,0.9802758,0.9802758,0.1,1.0,0.001941037,0.18954404,961.56555,0.0,220000.0,-0.2939567457528814,-55.621713678805534,200.0,3.8155105113983154,0.030340292786963645
9.504496e-06,0.0,,,,,,,102.43625,2229.4958,944.1177,372.80792,117.043396,-192.95251,3479.224,,,,,,102.485886,0.019770327711105345,17260.515034675598,1225000,0.0703125,0.002511161,0.028429113,0.04963497,0.017068624,9.504496e-06,950.3142,0.021196354,0.0,1.4565417,1.4565417,0.1,1.0,0.0031709909,0.18810745,1004.07227,0.0,225000.0,-0.2769302082375889,-55.48054929568722,200.0,3.895186185836792,0.03514657249949402
4.2980406e-05,0.0,,,,,,,96.304665,2212.8806,898.19116,368.7077,80.901474,-59.979813,1890.0992,,,,,,96.37799,0.019737094163894655,17359.200511932373,1230000,0.09375,0.00390625,0.043959994,0.07332344,0.07334852,4.2980406e-05,910.61206,0.029320465,0.0,2.2982821,2.2982821,0.1,1.0,0.004336996,0.1909149,912.4645,0.0,230000.0,-0.3074550982043294,-53.864022293875536,200.0,3.8249688148498535,0.09018510815514258
8.479044e-06,0.0,,,,,,,37.186462,2203.58,928.9135,392.72006,67.73366,-63.563892,1663.6233,,,,,,37.265774,0.019692788076400757,17457.66445827484,1235000,0.06640625,0.0023716518,0.034717686,0.07930955,0.011560082,8.479044e-06,930.9651,0.044583384,0.0,1.2898337,1.2898337,0.1,1.0,0.0028994214,0.1772108,903.9484,0.0,235000.0,-0.28093162764850843,-57.19939458921535,200.0,3.7976322174072266,-0.02337563459532604
1.4830764e-05,0.0,,,,,,,52.15488,2194.327,842.2521,433.74454,108.41635,-82.17251,1737.8534,,,,,,52.200245,0.019815380430221557,17556.741367340088,1240000,0.05078125,0.002232143,0.036823906,0.04536387,0.02899909,1.4830764e-05,843.8468,0.008525135,0.0,0.7245958,0.7245958,0.1,1.0,0.0019259353,0.19405255,825.05945,0.0,240000.0,-0.23336101611184024,-14.610096336619694,200.0,3.861358642578125,1.426679086295508
5.091579e-05,0.0,,,,,,,104.56082,2187.9976,857.53955,371.77347,208.82217,-825.5465,4072.938,,,,,,104.6294,0.019892860841751098,17656.205679178238,1245000,0.1015625,0.0040457593,0.03130729,0.06858341,0.19186819,5.091579e-05,863.9162,0.037225198,0.0,2.2518299,2.2518299,0.1,1.0,0.0031309421,0.17620139,888.67694,0.0,245000.0,-0.25699931793113756,-54.68054146476737,200.0,4.352388381958008,0.062384756258585604
3.2654716e-05,0.0,,,,,,,77.88621,2191.1877,855.5887,489.37756,104.190384,-288.36365,1896.6866,,,,,,78.97921,0.019797610044479372,17755.19373512268,1250000,0.10546875,0.004603795,1.0865752,1.0930003,0.036716342,3.2654716e-05,862.8591,0.006392483,0.0,1.4521644,1.4521644,0.1,1.0,0.0031413117,0.16604435,883.34827,0.0,250000.0,-0.27917512027707836,-57.19026247699771,200.0,3.872483015060425,-0.023064709950492517
1.263053e-05,0.0,,,,,,,35.221607,2182.5552,849.78,525.33075,190.5014,-52.78923,1308.951,,,,,,35.286617,0.019774792909622193,17854.067705631256,1255000,0.03125,0.0011160715,0.056764573,0.06500938,0.03203547,1.263053e-05,852.30164,0.008232177,0.0,1.240653,1.240653,0.1,1.0,0.0033025625,0.18991669,795.77576,0.0,255000.0,-0.2505134544324018,-50.024572243048425,200.0,3.827641487121582,0.22090838607360633
1.9741577e-05,0.0,,,,,,,659.01587,2177.6191,825.76385,472.33746,3819.0635,-3331.8542,94666.78,,,,,,659.06805,0.019949419498443602,17953.814810037613,1260000,0.10546875,0.004185268,0.040344547,0.05220196,0.019456506,1.9741577e-05,830.38696,0.011837673,0.0,1.1743686,1.1743686,0.1,1.0,0.0033468518,0.1749969,737.4217,0.0,260000.0,-0.25634977683652493,-52.14885210074194,200.0,4.406844139099121,0.14858218764994346
0.00013125358,0.0,,,,,,,52.318993,2181.9749,777.0841,361.59952,56.590897,-277.64886,1629.5924,,,,,,52.572414,0.01963641104698181,18051.996874332428,1265000,0.06640625,0.0026506698,0.2366003,0.25342247,0.36243606,0.00013125358,780.3383,0.016690925,0.0,1.9770133,1.9770133,0.1,1.0,0.003966104,0.17561252,769.06464,0.0,265000.0,-0.2469887406271457,-57.64405576701004,200.0,3.7970590591430664,-0.038515189988652235
0.000114924565,0.0,,,,,,,340.45654,2186.2195,891.588,384.83212,341.96933,-196.4112,5482.6353,,,,,,340.65128,0.019827489805221556,18151.134329319,1270000,0.09765625,0.004464286,0.15065858,0.19472466,0.33559012,0.000114924565,904.09985,0.04395117,0.0,4.962085,4.962085,0.1,1.0,0.0050903345,0.23247905,848.9346,0.0,270000.0,-0.2634301031888811,-53.26744735005345,200.0,4.283024311065674,0.1104969317621839
2.4639021e-05,0.0,,,,,,,47.391937,2189.3806,1015.53174,393.154,368.1989,-125.63336,1991.3668,,,,,,47.470592,0.019543369054794313,18248.851180553436,1275000,0.046875,0.0016741073,0.061203443,0.07865477,0.06895208,2.4639021e-05,1018.4585,0.01742669,0.0,1.5822791,1.5822791,0.1,1.0,0.0029740469,0.21755439,1030.721,0.0,275000.0,-0.26186903019199936,-57.588625975881776,200.0,3.831021785736084,-0.03662794991658483
3.8790185e-05,0.0,,,,,,,35.066208,2186.0369,875.6854,397.37878,472.86847,-1304.6536,4724.1406,,,,,,35.132854,0.01962755079269409,18346.988941192627,1280000,0.08984375,0.0037667411,0.057884008,0.06664793,0.112798214,3.8790185e-05,876.5399,0.008725133,0.0,0.69639236,0.69639236,0.1,1.0,0.0015424644,0.21503265,911.07263,0.0,280000.0,-0.30297126702933924,-59.58253920799786,200.0,3.7836666107177734,-0.10451550415916779
9.201015e-05,0.0,,,,,,,138.77135,2195.3245,867.1367,398.40518,383.1809,-1052.9141,6806.584,,,,,,138.8319,0.019655161714553834,18445.26475739479,1285000,0.1484375,0.006277902,0.03778244,0.060551483,0.22426522,9.201015e-05,877.21814,0.022677032,0.0,1.5245914,1.5245914,0.1,1.0,0.0034560554,0.26273263,796.6704,0.0,285000.0,-0.2724930181755968,-53.710466558147324,200.0,3.777308225631714,0.09541328116217229
2.439169e-05,0.0,,,,,,,105.31175,2193.5312,1045.5249,504.842,475.144,-226.8512,9490.6455,,,,,,105.36066,0.019759259414672853,18544.06106042862,1290000,0.07421875,0.0027901786,0.038736947,0.048903584,0.07578707,2.439169e-05,1049.3777,0.010142246,0.0,1.3753014,1.3753014,0.1,1.0,0.0023646462,0.20144399,1021.485,0.0,290000.0,-0.29458696314251775,-58.033826226877466,200.0,3.814237594604492,-0.05178585934888546
3.947236e-05,0.0,,,,,,,41.376015,2184.737,950.3718,373.58893,961.3738,-362.47357,3595.251,,,,,,41.42596,0.019769749784469604,18642.909816741943,1295000,0.10546875,0.004185268,0.043446627,0.049947735,0.08892715,3.947236e-05,956.92114,0.0064616343,0.0,1.1864922,1.1864922,0.1,1.0,0.0026092222,0.19752643,928.1648,0.0,295000.0,-0.27546251760612145,-57.20507240570076,200.0,4.287076234817505,-0.023568949464009465
5.6923604e-05,0.0,,,,,,,367.45233,2190.3755,890.3363,474.86505,820.92737,-349.64572,12420.383,,,,,,367.49084,0.019716867780685425,18741.494162082672,1300000,0.0625,0.0030691966,0.030947227,0.03850136,0.09759784,5.6923604e-05,895.3816,0.00749721,0.0,1.0676649,1.0676649,0.1,1.0,0.0029018852,0.24291387,887.68915,0.0,300000.0,-0.28491945323305046,-56.7201540787215,200.0,3.7932982444763184,-0.007058742953623749
3.189153e-05,0.0,,,,,,,129.68121,2196.9531,1106.8019,361.8916,117.338646,-698.75507,4470.421,,,,,,129.94951,0.023403800630569457,18858.51317214966,1305000,0.0625,0.0027901786,0.114219844,0.26828817,0.04828334,3.189153e-05,1112.6138,0.15403643,0.0,1.6145408,1.6145408,0.1,1.0,0.0038538487,0.21786585,1153.4701,0.0,305000.0,-0.3062881513389195,-59.42968809001021,200.0,3.818521738052368,-0.09931132155167606
6.372525e-05,0.0,,,,,,,208.82492,2183.5068,1083.1707,575.5742,648.25903,-1992.538,9127.277,,,,,,208.90196,0.01973299732208252,18957.17816710472,1310000,0.08984375,0.0037667411,0.04905076,0.0770414,0.11316836,6.372525e-05,1094.1846,0.027926918,0.0,2.1490855,2.1490855,0.1,1.0,0.004291013,0.19080363,1052.4612,0.0,310000.0,-0.27048349173958736,-56.61201299674592,200.0,3.845141887664795,-0.003376820666224286
2.229084e-05,0.0,,,,,,,251.03418,2208.253,1253.25,545.2044,265.27216,-825.0939,8106.2354,,,,,,251.11836,0.019627849435806276,19055.31742143631,1315000,0.09765625,0.0037667411,0.06570588,0.08418302,0.034892917,2.229084e-05,1267.3467,0.01845485,0.0,3.3048186,3.3048186,0.1,1.0,0.0040928833,0.21144447,1289.8967,0.0,315000.0,-0.2557707473231523,-53.36935526046223,200.0,4.274858236312866,0.10702723273807847
1.5597392e-05,0.0,,,,,,,34.05342,2168.0002,1113.8606,646.9465,105.425476,-152.28725,1683.9219,,,,,,34.116474,0.019617998790740967,19153.407421827316,1320000,0.05859375,0.0026506698,0.051611427,0.06305457,0.025954962,1.5597392e-05,1115.4688,0.01142755,0.0,0.9767807,0.9767807,0.1,1.0,0.0026635053,0.24715716,1090.105,0.0,320000.0,-0.27908884062087663,-55.293143239329105,200.0,4.276053190231323,0.041527260791982025
1.8911653e-05,0.0,,,,,,,216.5795,2180.366,1079.5326,661.8138,890.95447,-2657.5422,10380.717,,,,,,216.7043,0.01964034185409546,19251.609137535095,1325000,0.078125,0.0027901786,0.07209066,0.124802336,0.029950619,1.8911653e-05,1089.7646,0.052692764,0.0,2.928267,2.928267,0.1,1.0,0.004622681,0.2023035,1160.9094,0.0,325000.0,-0.23644343335900317,-50.341882582757,200.0,3.8647732734680176,0.2101047951491221
2.34683e-05,0.0,,,,,,,40.42181,2167.9116,1099.0094,644.5158,152.16908,-554.1766,2608.9805,,,,,,40.487137,0.019650452852249145,19349.86140847206,1330000,0.0546875,0.001953125,0.055069476,0.06532558,0.037820578,2.34683e-05,1101.5569,0.010232632,0.0,1.4547247,1.4547247,0.1,1.0,0.00220054,0.21004753,1066.2732,0.0,330000.0,-0.3019098536928468,-59.0639982236592,200.0,3.826937437057495,-0.08686053370494498
4.153644e-05,0.0,,,,,,,93.51547,2155.7354,986.7499,628.6925,199.10446,-791.8154,5811.015,,,,,,93.55038,0.019614059114456177,19447.931711673737,1335000,0.05859375,0.0026506698,0.02409238,0.0349031,0.090724945,4.153644e-05,989.3285,0.010769184,0.0,1.444766,1.444766,0.1,1.0,0.0023422316,0.18253015,1055.2893,0.0,335000.0,-0.2747004943319146,-57.867669679572344,200.0,3.812107563018799,-0.04612866151487259
4.51219e-05,0.0,,,,,,,120.68388,2148.2415,923.39844,559.4257,578.1504,-232.05077,3459.1755,,,,,,120.76185,0.0196680091381073,19546.27176642418,1340000,0.0703125,0.0033482146,0.046863113,0.07796414,0.048181057,4.51219e-05,928.0168,0.031055912,0.0,1.6574273,1.6574273,0.1,1.0,0.0035273866,0.20695965,879.73865,0.0,340000.0,-0.24622697608655764,-51.72803328852144,200.0,3.853243112564087,0.16290997257095524
1.7245218e-05,0.0,,,,,,,87.1815,2145.4546,1018.7519,580.11224,120.04916,-173.34041,3412.7468,,,,,,87.23078,0.020205334806442262,19647.298446655273,1345000,0.0625,0.002232143,0.03148009,0.049274728,0.06293917,1.7245218e-05,1024.4651,0.017777395,0.0,2.36248,2.36248,0.1,1.0,0.00313666,0.18573259,1011.51263,0.0,345000.0,-0.3179342145223215,-57.268358393962565,200.0,4.390395641326904,-0.02572367259424271
2.2624354e-05,0.0,,,,,,,62.76735,2141.453,950.8699,551.89624,248.09781,-161.61674,2879.895,,,,,,62.872696,0.019816187763214112,19746.37939596176,1350000,0.04296875,0.0016741073,0.07402902,0.10534673,0.11943066,2.2624354e-05,954.1477,0.031295087,0.0,3.0262604,3.0262604,0.1,1.0,0.0030940534,0.20700714,955.62994,0.0,350000.0,-0.2605641301969988,-57.119924361828375,200.0,3.83798885345459,-0.02066988025982859
5.6573543e-05,0.0,,,,,,,56.619926,2139.039,884.02075,575.4538,150.83408,-85.3716,2101.7173,,,,,,56.673183,0.02006056909561157,19846.68224811554,1355000,0.08984375,0.00390625,0.032166474,0.053256143,0.0964663,5.6573543e-05,889.0455,0.021033097,0.0,1.1099248,1.1099248,0.1,1.0,0.0029809973,0.22605768,904.2272,0.0,355000.0,-0.25161637160063294,-51.72933436193549,200.0,3.8946480751037598,0.16286567440865432
0.00014132331,0.0,,,,,,,68.21118,2142.2456,960.02997,481.3313,482.3131,-128.71298,2892.5474,,,,,,68.276634,0.019885559797286987,19946.110052108765,1360000,0.09765625,0.004464286,0.055071656,0.065455675,0.29131198,0.00014132331,964.6361,0.010242698,0.0,1.7343848,1.7343848,0.1,1.0,0.003042527,0.23155588,998.73047,0.0,360000.0,-0.32638652579532623,-54.83325642421474,200.0,3.8307435512542725,0.05718520949489108
5.5559813e-05,0.0,,,,,,,54.246193,2135.5889,884.9028,483.30515,82.8516,-136.68793,1803.0834,,,,,,54.33094,0.01997522416114807,20045.986179351807,1365000,0.10546875,0.004464286,0.071607746,0.0847464,0.07359588,5.5559813e-05,888.6836,0.01308309,0.0,2.109107,2.109107,0.1,1.0,0.0031253446,0.21878096,854.551,0.0,365000.0,-0.25010969575186603,-51.785860553118745,200.0,3.848588228225708,0.16094110476927886
2.8424116e-05,0.0,,,,,,,49.20356,2135.579,846.0696,473.7241,1749.1611,-617.53326,6090.6074,,,,,,49.25343,0.019920987176895142,20145.59112215042,1370000,0.05859375,0.002232143,0.034825735,0.049868546,0.039717793,2.8424116e-05,848.85223,0.015014389,0.0,1.772075,1.772075,0.1,1.0,0.0034452968,0.20219697,809.1042,0.0,370000.0,1.9594024319250352,127.01823706512451,200.0,3.916745901107788,6.248755098045332
4.4984594e-05,0.0,,,,,,,97.340454,2136.834,824.97107,401.9363,1549.5122,-604.40704,9228.369,,,,,,97.48825,0.01993285436630249,20245.255399942398,1375000,0.0703125,0.0029296877,0.025852693,0.14779665,0.061220646,4.4984594e-05,830.0609,0.12189897,0.0,1.7936413,1.7936413,0.1,1.0,0.004119742,0.25592,846.05084,0.0,375000.0,-0.31278270245549655,-57.10945409252539,200.0,4.333032131195068,-0.020313394850237074
0.00012106126,0.0,,,,,,,94.01363,2133.331,832.31146,350.48495,353.35526,-140.3406,5168.995,,,,,,94.06906,0.01970950813293457,20343.802948474884,1380000,0.10546875,0.0051618307,0.033177625,0.05542587,0.17300248,0.00012106126,835.39026,0.022127185,0.0,1.2964194,1.2964194,0.1,1.0,0.0031200363,0.17683898,880.1727,0.0,380000.0,-0.231713834209447,-50.573164764520314,200.0,3.8473434448242188,0.2022302390215535
2.149767e-05,0.0,,,,,,,215.71393,2136.3584,825.8492,445.48267,106.78194,-223.06856,4242.6006,,,,,,215.7927,0.020029633283615112,20443.95112156868,1385000,0.05859375,0.002092634,0.048138436,0.07876575,0.046209812,2.149767e-05,832.4703,0.03060582,0.0,3.0586712,3.0586712,0.1,1.0,0.004016391,0.18720287,816.40186,0.0,385000.0,-0.275990802679275,-53.62179743839427,200.0,4.343703269958496,0.09843223383269013
1.6759948e-05,0.0,,,,,,,88.32071,2130.3977,793.1551,405.6081,134.28711,-276.8552,3002.7493,,,,,,88.43206,0.019645055198669433,20542.17640352249,1390000,0.0859375,0.0032087055,0.10298173,0.1113476,0.02813971,1.6759948e-05,795.5352,0.00834911,0.0,1.492387,1.492387,0.1,1.0,0.002883947,0.19317928,899.77045,1.0,390000.0,19.97148473771501,467.1883241423924,200.0,3.859611749649048,17.830660903271315
2.1900933e-05,0.0,,,,,,,52.523666,2146.8062,778.099,462.01572,447.03952,-194.57143,2476.179,,,,,,52.60437,0.019792213344573973,20641.1374771595,1395000,0.1015625,0.00390625,0.061384637,0.08070376,0.037234187,2.1900933e-05,780.5622,0.01929722,0.0,1.685726,1.685726,0.1,1.0,0.004118747,0.21080413,779.8823,0.0,395000.0,-0.19860287379139388,179.7742398074205,200.0,3.8381850719451904,8.044959636990365
2.453857e-05,0.0,,,,,,,173.94406,2146.8342,809.62866,366.45743,296.68668,-128.20795,4879.1387,,,,,,183.41084,0.019761389875411987,20739.944432735443,1400000,0.05859375,0.002092634,0.04044752,9.466784,0.06577146,2.453857e-05,821.7124,9.4263115,0.0,6.1834583,6.1834583,0.1,1.0,0.008523909,0.18467304,848.5386,0.0,400000.0,-0.2605151965151393,-52.43670799979041,200.0,3.835326910018921,0.13878144374296764
3.349753e-05,0.0,,,,,,,128.61142,2148.4119,843.5526,357.52875,238.5884,-819.46094,3828.1475,,,,,,128.68944,0.023519806480407714,20857.543471574783,1405000,0.07421875,0.0032087055,0.03889029,0.07801911,0.054952264,3.349753e-05,850.5143,0.039095327,0.0,4.094458,4.094458,0.1,1.0,0.0034041456,0.16813019,939.7391,0.0,405000.0,-0.2517239973556989,-55.49217039953292,200.0,3.8512866497039795,0.034750904170011976
1.3015882e-05,0.0,,,,,,,57.250893,2151.8672,883.09985,448.381,166.75626,-461.95358,2627.5117,,,,,,57.327183,0.019815273141860962,20956.61984562874,1410000,0.078125,0.0029296877,0.045619514,0.07629038,0.022473812,1.3015882e-05,885.6605,0.03065785,0.0,1.1959677,1.1959677,0.1,1.0,0.0034242934,0.20984657,845.02014,0.0,410000.0,-0.2954965577507679,-58.36757777801394,200.0,3.8887667655944824,-0.06314923071649388
4.7791204e-05,0.0,,,,,,,97.61065,2152.9458,824.8624,350.11053,144.40198,-147.62427,3777.7544,,,,,,97.72239,0.02000834722518921,21056.661587953568,1415000,0.03125,0.0013950893,0.09392162,0.111738436,0.10540283,4.7791204e-05,829.7589,0.017769031,0.0,1.8973048,1.8973048,0.1,1.0,0.003748151,0.17964311,836.4105,0.0,415000.0,-0.24268269740392545,-49.22464794145461,200.0,3.8455257415771484,0.24814372587662167
2.5237563e-05,0.0,,,,,,,104.00616,2148.0076,810.3147,356.4853,219.1399,-46.632698,2029.3827,,,,,,104.077415,0.01971092267036438,21155.216207504272,1420000,0.0859375,0.0032087055,0.050253205,0.07125996,0.027672768,2.5237563e-05,817.30396,0.020981519,0.0,2.0972154,2.0972154,0.1,1.0,0.0054026144,0.24363156,800.2711,0.0,420000.0,-0.2767886748626806,-52.672475044521875,200.0,3.898942708969116,0.13075418970802918
2.6764616e-05,0.0,,,,,,,94.345245,2151.227,840.80804,373.2934,105.07517,-154.27707,2282.683,,,,,,94.39289,0.01977335238456726,21254.082975625992,1425000,0.0703125,0.0030691966,0.02760414,0.047646143,0.03745675,2.6764616e-05,846.0481,0.020015236,0.0,2.791072,2.791072,0.1,1.0,0.0049559106,0.19297762,826.2463,0.0,425000.0,-0.24927928347049869,-53.11642790980568,200.0,3.82661771774292,0.11563875051155079
1.2060861e-05,0.0,,,,,,,85.621864,2151.7783,838.08606,393.3526,826.3815,-245.80551,4426.9717,,,,,,85.86961,0.01979387698173523,21353.05236673355,1430000,0.06640625,0.002511161,0.21720007,0.2477491,0.024732113,1.2060861e-05,841.9729,0.030536981,0.0,2.2670941,2.2670941,0.1,1.0,0.0037371553,0.19001691,814.37897,0.0,430000.0,-0.2656019210025843,-53.40219585387559,200.0,3.803187370300293,0.10590909603543866
5.400176e-05,0.0,,,,,,,68.9216,2146.734,827.88354,402.20035,725.193,-296.26923,4436.1235,,,,,,69.18889,0.019711908960342406,21451.611917495728,1435000,0.078125,0.0033482146,0.03525906,0.26728797,0.10927451,5.400176e-05,833.1068,0.23197491,0.0,2.8892834,2.8892834,0.1,1.0,0.005940295,0.20924346,828.3234,0.0,435000.0,-0.24973850125725708,-53.25208664396197,200.0,3.8382201194763184,0.11101992381178448
7.396327e-05,0.0,,,,,,,151.60635,2140.9656,823.86487,427.6202,93.688034,-331.62366,4163.118,,,,,,151.67267,0.020117005157470703,21552.196949720383,1440000,0.03515625,0.0015345983,0.031246698,0.06632169,0.21302795,7.396327e-05,829.1458,0.035001032,0.0,2.226188,2.226188,0.1,1.0,0.0069417055,0.20871185,818.5303,0.0,440000.0,-0.22774936981706534,-48.64094869571069,200.0,3.8858954906463623,0.268017165487001
1.9823201e-05,0.0,,,,,,,140.13483,2140.3682,858.5416,437.39737,1121.8275,-274.96808,4604.67,,,,,,140.22069,0.019906882047653198,21651.73136663437,1445000,0.0703125,0.002511161,0.04290354,0.0858687,0.040302157,1.9823201e-05,863.90497,0.042945337,0.0,2.4760218,2.4760218,0.1,1.0,0.00427236,0.1890271,827.5095,0.0,445000.0,9.983658656673317,702.9701322620391,200.0,3.8996129035949707,25.8584175931396
3.1185155e-05,0.0,,,,,,,69.98826,2153.6077,881.87,403.50082,102.825905,-43.97504,1651.2955,,,,,,70.051155,0.019922289037704467,21751.342818260193,1450000,0.0703125,0.0026506698,0.04727711,0.06289666,0.12650526,3.1185155e-05,885.1044,0.015588361,0.0,1.7659689,1.7659689,0.1,1.0,0.0045829136,0.18648048,874.77563,0.0,450000.0,-0.28163760283835887,-56.787853727180284,200.0,3.8396706581115723,-0.00936373972225042
2.9868348e-05,0.0,,,,,,,90.423706,2153.1465,869.7251,374.79263,795.54785,-181.44243,3931.7563,,,,,,90.710976,0.01975652050971985,21850.12542772293,1455000,0.0859375,0.0034877234,0.2804236,0.28726676,0.039310098,2.9868348e-05,873.1288,0.0068133017,0.0,1.122807,1.122807,0.1,1.0,0.0027631738,0.24005751,810.4081,0.0,455000.0,-0.27067662223409206,-50.227835454019115,200.0,3.8294548988342285,0.21398780295191766
5.979334e-05,0.0,,,,,,,375.64972,2150.4973,827.4452,382.21732,797.21515,-884.49854,24900.895,,,,,,375.6913,0.019816651153564454,21949.208688735962,1460000,0.07421875,0.0032087055,0.030482803,0.041584264,0.11861038,5.979334e-05,834.8305,0.011041665,0.0,2.000947,2.000947,0.1,1.0,0.0037208642,0.21164386,845.1226,1.0,460000.0,19.95429800485494,1212.654907240321,200.0,4.317206144332886,43.21185717648368
4.2288117e-05,0.0,,,,,,,137.01422,2161.914,868.0222,364.92712,1037.5059,-335.47015,5324.81,,,,,,137.07321,0.01984924783706665,22048.454934597015,1465000,0.05078125,0.001953125,0.027155835,0.058986183,0.1937586,4.2288117e-05,873.558,0.03178806,0.0,2.4713655,2.4713655,0.1,1.0,0.004637629,0.18743949,917.94763,0.0,465000.0,1.9327590439940068,267.15470727174045,200.0,3.901858329772949,11.020037052184986
1.9285562e-05,0.0,,,,,,,64.876274,2167.2444,854.50726,407.38177,74.8182,-254.26807,2245.9026,,,,,,65.04135,0.01978143048286438,22147.36209321022,1470000,0.0390625,0.0016741073,0.047175147,0.16507575,0.05410862,1.9285562e-05,856.48865,0.11788133,0.0,1.8104544,1.8104544,0.1,1.0,0.0049285963,0.17682098,789.28326,0.0,470000.0,-0.2556178050753122,-55.696500583566255,200.0,3.8409435749053955,0.027793993393488967
4.102175e-05,0.0,,,,,,,173.63077,2171.9465,855.6969,367.2831,1530.051,-342.82462,6478.293,,,,,,173.81422,0.0199324481010437,22247.02434039116,1475000,0.08984375,0.0032087055,0.115235336,0.18344893,0.06973112,4.102175e-05,863.89136,0.068172574,0.0,2.6462476,2.6462476,0.1,1.0,0.004506787,0.19044112,838.70026,0.0,475000.0,-0.26568295253736757,-52.14949041467051,200.0,3.836383104324341,0.14856045472257656
9.4518604e-05,0.0,,,,,,,140.8393,2178.0063,918.655,320.46893,130.57925,-201.12941,4223.0464,,,,,,140.90292,0.019830959224700927,22346.17914366722,1480000,0.09765625,0.004603795,0.042287778,0.06362532,0.19897962,9.4518604e-05,922.35657,0.021243023,0.0,1.6076801,1.6076801,0.1,1.0,0.0043285033,0.20580444,898.2142,0.0,480000.0,-0.2839066298476538,-52.387001054965836,200.0,3.862090587615967,0.14047383579827782
4.4586373e-05,0.0,,,,,,,117.60213,2177.5173,936.2622,438.38113,114.90494,-592.2479,3623.665,,,,,,117.73133,0.0198427161693573,22445.39273095131,1485000,0.07421875,0.0030691966,0.05229536,0.12920097,0.07346237,4.4586373e-05,942.89954,0.076861024,0.0,3.708048,3.708048,0.1,1.0,0.005635022,0.21040134,905.5014,0.0,485000.0,-0.2883204059619299,-56.072112667462065,200.0,3.867629051208496,0.015005379872636504
4.288734e-05,0.0,,,,,,,187.6217,2170.0999,923.7899,411.10968,402.69012,-1507.7974,11530.673,,,,,,187.71399,0.01977956256866455,22544.290550231934,1490000,0.078125,0.0036272323,0.058496132,0.09229045,0.0777725,4.288734e-05,928.44763,0.033751436,0.0,1.8572968,1.8572968,0.1,1.0,0.0038150444,0.18241669,1032.7051,0.0,490000.0,-0.29248383067956885,-52.52039018880305,200.0,3.7961184978485107,0.1359322830802919
2.0490845e-05,0.0,,,,,,,119.80112,2161.247,869.71893,426.9332,143.02646,-151.4606,2351.928,,,,,,119.86452,0.019660905838012697,22642.595086812973,1495000,0.04296875,0.0016741073,0.049879503,0.06340302,0.05412948,2.0490845e-05,875.70447,0.013503028,0.0,2.595798,2.595798,0.1,1.0,0.0046347054,0.19758174,811.0269,0.0,495000.0,-0.2912686659821453,-54.70213336324888,200.0,3.7931599617004395,0.06164960833150743
7.162297e-05,0.0,,,,,,,286.77716,2169.3062,906.8977,395.4892,1645.8663,-1279.5815,36627.273,,,,,,286.86667,0.01976541757583618,22741.422180891037,1500000,0.05859375,0.002232143,0.052829627,0.08950519,0.12446165,7.162297e-05,911.2766,0.036603943,0.0,2.0269012,2.0269012,0.1,1.0,0.0039885617,0.23652217,975.7174,1.0,500000.0,19.953523101433248,1741.2871859969516,200.0,3.824249029159546,61.21040993215425
2.6412692e-05,0.0,,,,,,,111.53674,2167.262,985.49646,440.58902,493.8429,-81.277306,2792.6323,,,,,,111.90766,0.023701394939422606,22859.929161071777,1505000,0.07421875,0.0027901786,0.34718904,0.3709149,0.051836252,2.6412692e-05,991.0111,0.023699451,0.0,1.8850272,1.8850272,0.1,1.0,0.003627011,0.20821756,1005.4166,0.0,505000.0,9.953530112047535,884.1410812631013,200.0,3.875807762145996,32.02681671371567
4.535591e-05,0.0,,,,,,,113.96605,2165.61,912.1001,403.95462,716.4651,-259.1218,3935.9246,,,,,,114.054726,0.019917326879501342,22959.515802383423,1510000,0.0703125,0.0026506698,0.05525072,0.08867863,0.08295667,4.535591e-05,918.225,0.033382546,0.0,2.7881534,2.7881534,0.1,1.0,0.0044854507,0.17269023,900.9998,0.0,510000.0,-0.2960488160245577,-56.02904535159018,200.0,4.312836408615112,0.016471709848907508
5.986249e-05,0.0,,,,,,,160.6109,2143.8848,885.2915,417.4174,1504.127,-317.72235,5937.9795,,,,,,160.73235,0.01977325916290283,23058.382104873657,1515000,0.10546875,0.004324777,0.044519715,0.121445425,0.09437418,5.986249e-05,890.50366,0.076865844,0.0,2.2675247,2.2675247,0.1,1.0,0.0044209887,0.17443933,919.2544,0.0,515000.0,-0.24386702437215135,-50.350936184519064,200.0,3.8635053634643555,0.20979654358089286
2.9397765e-05,0.0,,,,,,,94.30004,2157.571,964.512,430.00946,359.18182,-1430.7327,6531.4414,,,,,,94.35024,0.019808356714248656,23157.423895597458,1520000,0.09375,0.00390625,0.034125846,0.05020123,0.046332,2.9397765e-05,967.63654,0.016045988,0.0,1.9186573,1.9186573,0.1,1.0,0.0038408528,0.23452593,1050.6196,0.0,520000.0,1.8739212698531649,212.14467060116993,200.0,3.8495428562164307,9.147088526538003
1.229755e-05,0.0,,,,,,,231.22647,2157.6194,944.9024,374.40616,1418.9009,-387.4981,15875.069,,,,,,231.28017,0.019912733840942384,23256.9875729084,1525000,0.0546875,0.002092634,0.034278426,0.053701084,0.03666067,1.229755e-05,949.9138,0.019410362,0.0,2.3185265,2.3185265,0.1,1.0,0.0036874295,0.19587259,1057.0612,1.0,525000.0,19.95078133747271,393.3685787475541,200.0,4.363092422485352,15.317290768128956
1.9274354e-05,0.0,,,,,,,149.36351,2155.5518,966.67554,424.7952,440.17596,-231.25856,7337.5264,,,,,,149.44368,0.01983138780593872,23356.14451956749,1530000,0.08984375,0.0036272323,0.04690207,0.08017148,0.016622424,1.9274354e-05,971.2501,0.033250134,0.0,2.2430031,2.2430031,0.1,1.0,0.002682414,0.15972047,990.5963,0.0,530000.0,-0.2596446343817393,-52.56609687008769,200.0,4.313259840011597,0.1343760895835134
3.6214264e-05,0.0,,,,,,,216.37808,2124.6838,979.6616,418.0863,149.26244,-92.51761,4227.2417,,,,,,216.43695,0.01974434199333191,23454.866235733032,1535000,0.09765625,0.00390625,0.038496118,0.058872174,0.067275524,3.6214264e-05,986.6526,0.020339845,0.0,2.5295062,2.5295062,0.1,1.0,0.0041556936,0.21240383,993.6827,0.0,535000.0,1.9502311674523791,189.6870998341691,200.0,3.877995014190674,8.382466711985215
2.189774e-05,0.0,,,,,,,70.59334,2137.5227,975.52026,496.31522,77.37726,-95.16898,1787.3833,,,,,,70.64633,0.019771285772323607,23553.72267127037,1540000,0.06640625,0.0026506698,0.04061146,0.052996743,0.0443753,2.189774e-05,978.66125,0.012363386,0.0,1.886987,1.886987,0.1,1.0,0.00274103,0.19088873,1051.5768,0.0,540000.0,1.913807298515008,217.35757654983902,200.0,3.8194780349731445,9.324574401876811
3.312633e-05,0.0,,,,,,,91.28392,2132.8438,919.55927,398.26407,157.94391,-155.11661,2831.6987,,,,,,91.37626,0.019701186561584472,23652.228610277176,1545000,0.10546875,0.0040457593,0.06620109,0.09234126,0.049860835,3.312633e-05,923.80347,0.026107041,0.0,2.67532,2.67532,0.1,1.0,0.0034538987,0.18511172,932.603,0.0,545000.0,-0.2608296892203415,-55.66733873505096,200.0,3.8222901821136475,0.02878687841025319
5.8419057e-05,0.0,,,,,,,106.087524,2130.8384,905.2079,407.4598,551.5893,-166.6202,2829.5078,,,,,,106.14859,0.01995115704536438,23751.984402656555,1550000,0.140625,0.0059988843,0.041832097,0.06106811,0.09256482,5.8419057e-05,910.09186,0.019177595,0.0,2.6936674,2.6936674,0.1,1.0,0.0035831574,0.17968668,949.4986,0.0,550000.0,9.979392404082366,718.0188611112733,200.0,3.89880108833313,26.370787629898967
3.104466e-05,0.0,,,,,,,102.5236,2124.5967,878.7979,347.5644,270.05682,-750.0796,5146.0923,,,,,,102.60441,0.0198516619682312,23851.242720365524,1555000,0.09765625,0.0036272323,0.07126075,0.08080709,0.03939736,3.104466e-05,882.7366,0.009515296,0.0,2.2335489,2.2335489,0.1,1.0,0.0041191746,0.2020029,976.7081,1.0,555000.0,19.95816559969613,1293.3432457197628,200.0,4.042366027832031,45.95908502323086
3.3418997e-05,0.0,,,,,,,109.87387,2124.9492,962.7811,404.78317,189.12186,-908.35034,3960.8271,,,,,,109.945564,0.019918827295303344,23950.83686375618,1560000,0.08203125,0.0032087055,0.051105347,0.0716924,0.085490346,3.3418997e-05,966.86127,0.020553634,0.0,2.2065701,2.2065701,0.1,1.0,0.0055325394,0.22666806,919.85156,0.0,560000.0,-0.25713439140831523,-54.055791389584755,200.0,3.870082378387451,0.08365586973226784
9.958611e-05,0.0,,,,,,,132.71458,2121.6262,967.84705,415.28207,252.71454,-595.51556,5272.4756,,,,,,132.76117,0.01976679186820984,24049.67082953453,1565000,0.05078125,0.0027901786,0.033687264,0.046589613,0.24556255,9.958611e-05,972.2157,0.012802766,0.0,1.9017282,1.9017282,0.1,1.0,0.0033772816,0.19111101,1015.2783,0.0,565000.0,-0.260600685392054,-49.65496130268881,200.0,3.845862627029419,0.23349267628150366
3.6262176e-05,0.0,,,,,,,96.20712,2123.514,916.0519,383.1034,146.26035,-234.86887,2951.1477,,,,,,96.33501,0.019805201864242554,24148.6968460083,1570000,0.1171875,0.005022322,0.10063172,0.12788595,0.049671173,3.6262176e-05,918.9043,0.02721796,0.0,1.9566419,1.9566419,0.1,1.0,0.004596793,0.23413245,898.0364,0.0,570000.0,-0.2633621153902257,-55.04070549713741,200.0,3.822312831878662,0.050122108671960465
5.957431e-05,0.0,,,,,,,82.82882,2124.0344,949.64795,423.40033,203.18378,-108.75423,3415.5115,,,,,,83.130135,0.02006327896118164,24249.013248443604,1575000,0.11328125,0.004464286,0.28404525,0.30131367,0.1694026,5.957431e-05,954.2565,0.017208837,0.0,1.7166407,1.7166407,0.1,1.0,0.0037497354,0.13348094,1005.4694,0.0,575000.0,1.8315032721894335,98.09753791334005,200.0,3.8713035583496094,5.2640805892571345
3.1924028e-05,0.0,,,,,,,139.57181,2125.36,976.45013,398.8989,62.897816,-139.3208,2556.7866,,,,,,139.87144,0.01999402871131897,24348.983397722244,1580000,0.05859375,0.002092634,0.26117054,0.29963452,0.116835356,3.1924028e-05,980.1866,0.038432058,0.0,2.2468326,2.2468326,0.1,1.0,0.00439211,0.19431177,1070.4907,0.0,580000.0,9.948484020876233,1025.0742697247972,200.0,3.926246404647827,36.825224850121735
0.00012179002,0.0,,,,,,,102.40239,2127.3787,927.1557,458.331,1296.0216,-311.06335,5020.924,,,,,,102.72211,0.01990353283882141,24448.501072645187,1585000,0.10546875,0.004464286,0.29539126,0.3197154,0.15938938,0.00012179002,930.43286,0.02420234,0.0,2.1887708,2.1887708,0.1,1.0,0.0035652746,0.14314705,944.48145,0.0,585000.0,-0.25671838418835685,-52.77475337757459,200.0,3.8394217491149902,0.1272718787573223
4.439791e-05,0.0,,,,,,,119.445625,2127.2156,925.8909,390.26096,44.54249,-400.5584,2795.1387,,,,,,119.51657,0.01981887369155884,24547.595448732376,1590000,0.05078125,0.002092634,0.035045873,0.07094399,0.16746688,4.439791e-05,930.8554,0.03585372,0.0,2.4370892,2.4370892,0.1,1.0,0.004314004,0.20166145,923.8908,0.0,590000.0,-0.2534850387462266,-50.64170528206149,200.0,3.8281075954437256,0.19989661284994073
1.4188534e-05,0.0,,,,,,,122.90254,2125.195,949.10315,410.89987,195.74329,-1052.7449,4488.451,,,,,,126.406364,0.019908262157440185,24647.13676571846,1595000,0.05859375,0.002092634,3.4744854,3.5038197,0.031986713,1.4188534e-05,954.04156,0.02932005,0.0,2.9441142,2.9441142,0.1,1.0,0.004594111,0.19379492,964.93506,0.0,595000.0,1.902642835566373,-2.0248078455700673,200.0,3.8787965774536133,1.8551753926207095
2.9058065e-05,0.0,,,,,,,166.80757,2122.0012,974.33136,390.98322,211.47694,-937.73724,4913.497,,,,,,166.87897,0.019761341333389283,24745.943479299545,1600000,0.07421875,0.0030691966,0.045584776,0.07139391,0.09193742,2.9058065e-05,982.3926,0.025780078,0.0,3.0259912,3.0259912,0.1,1.0,0.0052604657,0.16562033,949.66223,0.0,600000.0,-0.26213354149720863,-54.49906211590273,200.0,3.8254172801971436,0.06856365559157308
2.4809935e-05,0.0,,,,,,,109.82227,2121.2551,1041.2295,502.1513,227.15532,-365.3521,3233.904,,,,,,109.90213,0.02337634115219116,24862.82519221306,1605000,0.0703125,0.0026506698,0.049976785,0.07985552,0.07556045,2.4809935e-05,1048.9099,0.029853925,0.0,2.5879536,2.5879536,0.1,1.0,0.004119169,0.17917152,1003.1933,0.0,605000.0,-0.29710680786808885,-58.2929082740537,200.0,4.287372350692749,-0.06060692851461339
0.00011214668,0.0,,,,,,,80.84366,2120.8054,1023.48,494.04553,171.40681,-464.47043,2761.0947,,,,,,81.02308,0.01963277678489685,24960.98908305168,1610000,0.09375,0.0047433036,0.10108838,0.17942393,0.27602804,0.00011214668,1026.2874,0.0782234,0.0,1.9378521,1.9378521,0.1,1.0,0.0043998556,0.2552973,1012.196,0.0,610000.0,-0.2763078581567049,-56.5547809873053,200.0,3.83085560798645,-0.0014282197528392192
4.1816e-05,0.0,,,,,,,157.43393,2123.556,984.53906,459.52682,109.705826,-489.52768,5447.011,,,,,,157.50966,0.019851942253112792,25060.248801231384,1615000,0.109375,0.004603795,0.049496237,0.07572734,0.040001392,4.1816e-05,989.97766,0.026189292,0.0,2.5858603,2.5858603,0.1,1.0,0.0037735687,0.24240427,956.87085,0.0,615000.0,-0.2905400229048473,-50.987181999719205,200.0,4.4999916553497314,0.1881340300896833
9.0266534e-05,0.0,,,,,,,104.46306,2123.004,946.8379,386.67926,124.528435,-502.18387,2831.3125,,,,,,104.552246,0.019903754138946534,25159.767578840256,1620000,0.10546875,0.0048828125,0.063286655,0.089187466,0.18566847,9.0266534e-05,950.2921,0.025810549,0.0,1.3313122,1.3313122,0.1,1.0,0.002615606,0.1786476,1006.0044,0.0,620000.0,1.9391096151507319,94.2946011278722,200.0,3.851127862930298,5.1346004929589775
4.2032767e-05,0.0,,,,,,,139.96823,2126.558,954.62585,414.23578,1896.4545,-591.7392,8476.355,,,,,,140.0287,0.01990350389480591,25259.285104990005,1625000,0.0546875,0.002092634,0.045528557,0.06047168,0.10547078,4.2032767e-05,959.13007,0.014901092,0.0,2.1623476,2.1623476,0.1,1.0,0.004214237,0.21060428,884.1367,0.0,625000.0,-0.2912456608202675,-54.09532573566631,200.0,3.8248937129974365,0.08230982817899117
2.8029352e-05,0.0,,,,,,,92.93809,2125.137,943.1452,391.25568,87.77847,-267.78925,2275.4355,,,,,,93.01729,0.020164420652389527,25360.107214212418,1630000,0.09375,0.0037667411,0.04538979,0.07919951,0.042143583,2.8029352e-05,947.5058,0.03378169,0.0,2.5753264,2.5753264,0.1,1.0,0.0035030176,0.17883524,944.1061,0.0,630000.0,9.982516617233449,498.0026343718005,200.0,4.481718063354492,18.879807939086223
5.985075e-05,0.0,,,,,,,142.7955,2125.8562,914.36035,419.50073,98.05331,-353.23724,3522.961,,,,,,142.84506,0.020013365507125853,25460.174047470093,1635000,0.0546875,0.002232143,0.035026062,0.04955401,0.1852647,5.985075e-05,918.07556,0.014468096,0.0,1.8231943,1.8231943,0.1,1.0,0.003921631,0.17386109,1016.11475,0.0,635000.0,1.8521084388019564,154.25570769152773,200.0,3.967250108718872,7.176120057963034
5.549339e-05,0.0,,,,,,,146.54193,2122.5303,1013.1603,376.82584,2542.5342,-721.03235,10292.531,,,,,,146.69482,0.020172489213943483,25561.03649997711,1640000,0.0859375,0.0033482146,0.072428145,0.15289547,0.08637345,5.549339e-05,1020.38873,0.08041183,0.0,3.8815913,3.8815913,0.1,1.0,0.0068566934,0.22924331,1000.0443,0.0,640000.0,1.817706618465744,92.06539398429557,200.0,3.8625385761260986,5.058701793637491
7.079795e-05,0.0,,,,,,,128.82721,2119.7422,992.8714,371.34494,284.1319,-1168.5,5118.2256,,,,,,128.926,0.020013533735275268,25661.104176044464,1645000,0.05859375,0.002511161,0.06509576,0.098787256,0.1929959,7.079795e-05,996.9797,0.0336207,0.0,2.244044,2.244044,0.1,1.0,0.004504245,0.22091652,941.1166,0.0,645000.0,-0.23740425895282052,-47.837574906854975,200.0,3.9059627056121826,0.295369951350271
4.6786605e-05,0.0,,,,,,,132.53745,2114.7139,952.9049,435.514,226.94858,-650.06824,4691.167,,,,,,132.59747,0.0201714515209198,25761.961440563202,1650000,0.0859375,0.0033482146,0.04487774,0.060034696,0.09342897,4.6786605e-05,956.6979,0.01511017,0.0,1.8464453,1.8464453,0.1,1.0,0.0037183375,0.18833905,983.8545,0.0,650000.0,9.956474710144782,403.81961772994185,200.0,3.8643798828125,15.673121435371796
4.705767e-05,0.0,,,,,,,94.63593,2119.8118,949.0387,402.9162,259.36118,-169.81947,4259.462,,,,,,94.85442,0.01995207929611206,25861.721845149994,1655000,0.06640625,0.0032087055,0.15597986,0.21849315,0.1050334,4.705767e-05,954.7871,0.062466238,0.0,1.9459568,1.9459568,0.1,1.0,0.0053443825,0.26001915,906.6162,0.0,655000.0,1.9278318574718467,190.1762566361548,200.0,3.8483402729034424,8.399121227534364
6.49364e-05,0.0,,,,,,,88.19813,2116.1414,975.0172,364.80255,82.331055,-192.64047,2929.0476,,,,,,88.3144,0.020005470514297484,25961.7492043972,1660000,0.09375,0.0040457593,0.09107497,0.11627214,0.10514212,6.49364e-05,979.76855,0.025132222,0.0,2.5013633,2.5013633,0.1,1.0,0.004394032,0.26055294,1036.5359,0.0,660000.0,1.8280125594831356,397.584953298693,200.0,3.8938987255096436,15.460847343930254
7.419984e-05,0.0,,,,,,,100.82597,2115.6755,950.58276,364.69223,53.584827,-255.78964,2788.666,,,,,,100.92385,0.02006334433555603,26062.065932512283,1665000,0.0859375,0.0033482146,0.07052256,0.097878836,0.24473476,7.419984e-05,954.55695,0.027282076,0.0,2.7537248,2.7537248,0.1,1.0,0.002563266,0.19876438,941.8891,1.0,665000.0,19.967193003972607,1574.225465970457,200.0,3.9548885822296143,55.522393323667465
1.0563976e-05,0.0,,,,,,,115.17699,2119.1533,950.2069,327.12527,848.22845,-236.91397,4952.9453,,,,,,115.23635,0.02008124747276306,26162.472176790237,1670000,0.0625,0.0023716518,0.035952806,0.05936513,0.04579127,1.0563976e-05,955.3702,0.023401761,0.0,2.6977396,2.6977396,0.1,1.0,0.0039562066,0.17841598,947.0305,1.0,670000.0,19.95959101470064,1778.4159784655562,200.0,4.438809871673584,62.47454864795934
0.00012344876,0.0,,,,,,,73.1279,2116.4622,962.86536,353.35672,101.49435,-411.46567,2399.1624,,,,,,73.30783,0.019909618520736694,26262.020275831223,1675000,0.06640625,0.0033482146,0.03969679,0.17993002,0.17385781,0.00012344876,967.6941,0.14010976,0.0,2.418529,2.418529,0.1,1.0,0.0057233362,0.19267908,1029.3721,0.0,675000.0,9.953752448878145,716.5627282010445,200.0,3.880664825439453,26.321210095462998
4.4978475e-05,0.0,,,,,,,131.2075,2115.2832,957.6908,370.90405,184.78331,-115.94981,4397.628,,,,,,131.25543,0.01982635817527771,26361.15207386017,1680000,0.078125,0.0033482146,0.02622309,0.047928624,0.07916582,4.4978475e-05,961.0588,0.021660553,0.0,2.0423222,2.0423222,0.1,1.0,0.0032559512,0.19287387,1037.2688,0.0,680000.0,-0.2064284287090101,192.07048391037347,200.0,3.8404698371887207,8.463614734450825
2.0485972e-05,0.0,,,,,,,175.67871,2119.448,964.1461,337.62756,193.498,-72.44597,3462.6313,,,,,,175.76186,0.0199321786403656,26460.812973737717,1685000,0.06640625,0.002511161,0.045600858,0.083152734,0.06772554,2.0485972e-05,969.1888,0.037531387,0.0,2.9046798,2.9046798,0.1,1.0,0.0033651073,0.17605442,1058.5996,0.0,685000.0,1.9003506845316744,364.2417182136064,200.0,3.826291084289551,14.32559700103558
2.947004e-05,0.0,,,,,,,114.42012,2117.8113,925.88245,391.18674,143.2411,-99.794785,3140.9822,,,,,,114.5133,0.01977096381187439,26559.667799711227,1690000,0.07421875,0.0026506698,0.055220127,0.09317618,0.060011625,2.947004e-05,929.82825,0.037926584,0.0,2.521188,2.521188,0.1,1.0,0.0056031533,0.16873024,925.25714,1.0,690000.0,19.968458326491824,1650.2117057870482,200.0,3.872011184692383,58.10952695323076
3.6799116e-05,0.0,,,,,,,123.09257,2115.9692,961.68933,422.67712,136.17062,-203.46094,3396.229,,,,,,123.18214,0.019818635082244872,26658.760981321335,1695000,0.09765625,0.0036272323,0.04179512,0.08956845,0.12247288,3.6799116e-05,965.2811,0.047736533,0.0,2.2604737,2.2604737,0.1,1.0,0.0025429223,0.19864802,905.91876,0.0,695000.0,-0.2681557632231808,-51.32820877042586,200.0,4.310789346694946,0.17652295643732036
0.00011230997,0.0,,,,,,,151.06218,2114.5244,974.0138,374.0363,570.8511,-2018.7755,9015.181,,,,,,151.28159,0.019763583612442015,26757.578905820847,1700000,0.078125,0.0036272323,0.1965682,0.21941097,0.23041356,0.00011230997,980.23303,0.022730459,0.0,2.7164412,2.7164412,0.1,1.0,0.005133599,0.22887893,1007.5053,1.0,700000.0,19.972487748387337,1624.3817233313928,200.0,3.827056884765625,57.23008330102013
4.0566134e-05,0.0,,,,,,,233.83044,2107.311,996.779,469.3652,171.83641,-138.73625,6000.6797,,,,,,235.0218,0.0235795476436615,26875.47665119171,1705000,0.08984375,0.0032087055,1.1151952,1.1913574,0.061980605,4.0566134e-05,1003.725,0.076121725,0.0,3.2210536,3.2210536,0.1,1.0,0.0058057583,0.14270328,983.7128,0.0,705000.0,-0.28634668376231887,-57.6476148020173,200.0,3.8608365058898926,-0.03863636586442014
0.00022556256,0.0,,,,,,,66.575165,2107.5093,1050.7024,372.47562,693.1116,-137.86848,3157.3833,,,,,,66.62867,0.019694640731811524,26973.94986152649,1710000,0.109375,0.005022322,0.03270022,0.053506266,0.40899026,0.00022556256,1052.5052,0.020580484,0.0,1.5094955,1.5094955,0.1,1.0,0.0037110043,0.2526651,1075.0239,0.0,710000.0,-0.2817173480358308,-56.67098490051665,200.0,3.806169033050537,-0.005384660451597108
2.5048521e-05,0.0,,,,,,,133.2638,2108.832,996.3149,428.87912,299.49826,-139.44186,2791.0713,,,,,,133.33665,0.01976033854484558,27072.751559972763,1715000,0.078125,0.0034877234,0.046364777,0.07285878,0.02746439,2.5048521e-05,999.881,0.026468959,0.0,1.3718381,1.3718381,0.1,1.0,0.0035247197,0.24381329,918.21326,1.0,715000.0,19.974023580465705,1947.831290340026,200.0,3.832414150238037,68.24269893110696
3.953398e-05,0.0,,,,,,,135.64268,2105.3567,952.46204,288.93024,670.65607,-114.76487,3326.5415,,,,,,135.70935,0.02015807728767395,27173.54195356369,1720000,0.109375,0.004464286,0.0445006,0.0666695,0.033481836,3.953398e-05,957.45294,0.02212937,0.0,2.3157783,2.3157783,0.1,1.0,0.0037915525,0.21879555,1106.0713,1.0,720000.0,19.939205044235997,1533.9585328486492,200.0,4.492065668106079,54.151409089018465
6.288904e-05,0.0,,,,,,,171.78262,2103.629,965.9037,277.01892,76.18606,-408.50784,3993.391,,,,,,171.9468,0.02001770339012146,27273.630477190018,1725000,0.15234375,0.006138393,0.13810563,0.16416842,0.07043743,6.288904e-05,971.53705,0.025999906,0.0,3.2268662,3.2268662,0.1,1.0,0.006339265,0.23307659,891.68494,0.0,725000.0,1.8251860802701918,200.0257695065545,200.0,3.8303890228271484,8.734471496784874
0.00019391465,0.0,,,,,,,100.609406,2102.8945,973.6841,340.7204,133.30269,-198.75781,3287.516,,,,,,100.69033,0.020001279497146605,27373.636881113052,1730000,0.06640625,0.002511161,0.0571785,0.08092556,0.66564023,0.00019391465,977.6388,0.023553144,0.0,1.9733342,1.9733342,0.1,1.0,0.002633057,0.21234943,905.3938,1.0,730000.0,19.94747130746709,1770.4864774136815,200.0,3.844738006591797,62.20456978222683
1.7732416e-05,0.0,,,,,,,86.46281,2101.5051,941.5911,296.64645,570.3575,-157.0871,2913.2397,,,,,,86.5512,0.01995082607269287,27473.39101791382,1735000,0.05078125,0.002232143,0.07405048,0.08839702,0.06942654,1.7732416e-05,944.27155,0.0143288085,0.0,2.0918012,2.0918012,0.1,1.0,0.0045084404,0.21411628,935.05383,0.0,735000.0,1.8177690018955623,197.14470199696675,200.0,3.880936861038208,8.636378649170782
4.2248037e-05,0.0,,,,,,,98.06857,2105.0615,970.92566,419.18216,240.67336,-127.767494,2710.2627,,,,,,98.13397,0.020148886251449585,27574.135456562042,1740000,0.07421875,0.0027901786,0.04762207,0.06540079,0.080693245,4.2248037e-05,973.7308,0.01773647,0.0,2.4970415,2.4970415,0.1,1.0,0.003180875,0.1997525,938.2921,0.0,740000.0,9.946775931511906,1084.0533667233094,200.0,3.8828985691070557,38.833309546172316
2.3686294e-05,0.0,,,,,,,129.53398,2101.3608,970.3174,352.79593,272.15887,-108.35611,3013.7563,,,,,,129.58836,0.01998210029602051,27674.045964241028,1745000,0.0625,0.002232143,0.03388333,0.05438281,0.05174446,2.3686294e-05,973.98425,0.020475794,0.0,2.1601954,2.1601954,0.1,1.0,0.0033292356,0.19406882,967.98566,1.0,745000.0,19.948109857126042,1690.601586007318,200.0,3.824052333831787,59.48469721647989
7.579647e-05,0.0,,,,,,,102.11336,2100.6626,918.17444,319.9681,157.38382,-179.3487,4199.9717,,,,,,102.16978,0.02011287717819214,27774.61035656929,1750000,0.09375,0.0036272323,0.03776835,0.05641739,0.2008636,7.579647e-05,922.35504,0.018573245,0.0,2.2411094,2.2411094,0.1,1.0,0.0036449418,0.22287273,926.0411,0.0,750000.0,1.9147287631144967,207.92634035757044,200.0,4.36611008644104,9.00346536450022
0.0001807337,0.0,,,,,,,131.06511,2097.4954,944.0837,323.6806,795.56573,-223.93456,4057.6082,,,,,,131.12245,0.019996463346481322,27874.592679023743,1755000,0.07421875,0.0037667411,0.04353008,0.057343457,0.40641177,0.0001807337,948.32556,0.013632645,0.0,1.9628414,1.9628414,0.1,1.0,0.0034075296,0.20248166,973.03876,0.0,755000.0,9.961592198001876,868.5752800171066,200.0,3.8448336124420166,31.496841708085526
2.2424154e-05,0.0,,,,,,,123.55771,2097.1467,919.9804,369.56717,576.6846,-151.29996,3807.299,,,,,,123.67026,0.020021136140823365,27974.69836783409,1760000,0.0546875,0.002232143,0.097938284,0.11255151,0.060113907,2.2424154e-05,925.3834,0.014590801,0.0,2.1884527,2.1884527,0.1,1.0,0.0038502242,0.21045338,984.6699,1.0,760000.0,19.95321701889484,1999.1474497527447,200.0,3.869840145111084,69.989880553426
5.543334e-05,0.0,,,,,,,124.00386,2097.6316,982.0404,397.9751,97.95666,-138.482,3503.6743,,,,,,124.55016,0.019976309013366698,28074.579921483994,1765000,0.09765625,0.0036272323,0.5223953,0.5463042,0.07306063,5.543334e-05,986.21716,0.02385347,0.0,2.5100229,2.5100229,0.1,1.0,0.0031345366,0.20161614,877.01196,0.0,765000.0,1.863759703686091,-35.00620439030988,200.0,3.8651559352874756,0.7322447099495558
4.5298468e-05,0.0,,,,,,,115.68379,2094.8823,914.51807,443.4151,63.468925,-179.50694,3312.8354,,,,,,115.76053,0.019965433979034424,28174.407098531723,1770000,0.109375,0.004464286,0.057285056,0.07673839,0.107706785,4.5298468e-05,918.26294,0.019408029,0.0,2.0687656,2.0687656,0.1,1.0,0.004783051,0.15681195,877.2162,0.0,770000.0,-0.21190718432637382,-49.0873020370137,200.0,3.8617660999298096,0.25281999633189806
5.9384107e-05,0.0,,,,,,,139.15198,2094.462,946.32745,313.15375,259.31134,-437.28955,3629.6372,,,,,,139.38623,0.019971002197265626,28274.262115955353,1775000,0.05078125,0.002092634,0.11110731,0.23425241,0.13140237,5.9384107e-05,950.6305,0.12308572,0.0,2.8165812,2.8165812,0.1,1.0,0.0040837745,0.2337184,856.5996,1.0,775000.0,19.974131229811697,773.7291296672414,200.0,3.832991600036621,28.267577228134584
6.13089e-05,0.0,,,,,,,94.46416,2092.828,906.46216,401.07816,181.39049,-677.9498,3694.389,,,,,,94.536354,0.01990033721923828,28373.763808250427,1780000,0.09765625,0.0040457593,0.04153859,0.072196186,0.1158545,6.13089e-05,909.6001,0.030596288,0.0,3.0973372,3.0973372,0.1,1.0,0.004571458,0.23364905,888.59424,0.0,780000.0,9.953404379566727,1060.3901816104667,200.0,3.881650924682617,38.027639702056014
3.2185162e-05,0.0,,,,,,,105.03709,2093.8564,945.6323,331.19437,393.3955,-72.77834,3082.0964,,,,,,105.14032,0.02006222333908081,28474.07493162155,1785000,0.0625,0.002511161,0.06816105,0.10323292,0.07869768,3.2185162e-05,948.9159,0.035039686,0.0,2.3197992,2.3197992,0.1,1.0,0.0034074897,0.1710139,1009.76935,1.0,785000.0,19.975141608947894,1785.5818254949431,200.0,3.829179286956787,62.718527082459865
2.4188477e-05,0.0,,,,,,,116.54463,2088.9185,967.6044,326.1553,90.428894,-132.7953,3246.0054,,,,,,116.8815,0.019969219636917113,28573.9210357666,1790000,0.0625,0.002511161,0.3014527,0.33686656,0.05226648,2.4188477e-05,971.70294,0.035389647,0.0,2.5125852,2.5125852,0.1,1.0,0.0043527232,0.22904646,1031.4009,1.0,790000.0,19.949821513252132,1915.638470741972,200.0,3.835134267807007,67.14661724034794
7.443351e-05,0.0,,,,,,,110.50488,2087.817,959.79846,338.57654,235.79564,-288.77408,4923.115,,,,,,110.74488,0.019992853498458862,28673.885309696198,1795000,0.06640625,0.0023716518,0.18599197,0.23999767,0.3567109,7.443351e-05,963.05756,0.05393126,0.0,3.3244205,3.3244205,0.1,1.0,0.005438203,0.18856658,926.51337,0.0,795000.0,-0.24200658258677912,-49.89019894894008,200.0,3.9326727390289307,0.22548344688648508
4.1664014e-05,0.0,,,,,,,171.96747,2086.8564,985.73645,393.20813,179.04861,-195.49664,3678.4585,,,,,,172.06203,0.020013384675979615,28773.95224070549,1800000,0.046875,0.002092634,0.04580567,0.09456139,0.10574603,4.1664014e-05,989.3235,0.048714057,0.0,2.5485787,2.5485787,0.1,1.0,0.0047492413,0.20267728,946.4966,0.0,800000.0,-0.28364088113866165,-50.18859903368515,200.0,3.853126287460327,0.2153237009091622
5.8267433e-05,0.0,,,,,,,126.780334,2085.839,931.7954,351.6144,353.27832,-144.62352,3440.9482,,,,,,127.415215,0.023821938467025756,28893.061938762665,1805000,0.109375,0.004603795,0.60877895,0.6348765,0.05028212,5.8267433e-05,934.7171,0.026039222,0.0,2.1579013,2.1579013,0.1,1.0,0.0037763086,0.2156883,935.69824,0.0,805000.0,9.9797304135571,1041.9531202640167,200.0,3.830599784851074,37.39990576555838
4.6582463e-05,0.0,,,,,,,121.58861,2085.1204,1000.6592,265.48917,1509.3033,-311.91238,6645.6357,,,,,,121.65303,0.02002279210090637,28993.175906658173,1810000,0.1171875,0.004464286,0.04378772,0.06441954,0.078210354,4.6582463e-05,1004.6797,0.020585231,0.0,2.2668786,2.2668786,0.1,1.0,0.004104553,0.17728166,1057.9967,1.0,810000.0,19.948476269465523,1899.4561721252605,200.0,3.8989927768707275,66.59565210434462
2.838239e-05,0.0,,,,,,,123.701645,2083.5686,959.7057,264.44183,145.83342,-329.432,3489.053,,,,,,123.76523,0.019931438732147217,29092.83310651779,1815000,0.07421875,0.0026506698,0.03832476,0.063583106,0.0466305,2.838239e-05,964.042,0.025229968,0.0,2.1190548,2.1190548,0.1,1.0,0.0048915595,0.2014438,924.8357,0.0,815000.0,-0.24553059187819953,-51.18461940845785,200.0,3.8182525634765625,0.18141180036605842
3.2360684e-05,0.0,,,,,,,96.73793,2081.0273,961.25195,274.08426,341.06073,-1087.8713,4070.7031,,,,,,96.85557,0.019820384693145753,29191.935036182404,1820000,0.09765625,0.004185268,0.083831295,0.11763519,0.0864501,3.2360684e-05,965.4751,0.033771537,0.0,2.6070158,2.6070158,0.1,1.0,0.003503066,0.18467265,1009.4294,0.0,820000.0,-0.2754386059094989,-55.857068061461185,200.0,4.363950967788696,0.022327088821308398
3.3550266e-05,0.0,,,,,,,129.87225,2077.9153,924.2938,345.62137,694.3846,-163.23062,3889.503,,,,,,129.94968,0.020216375732421875,29293.016922473907,1825000,0.0625,0.0026506698,0.046654712,0.0774257,0.09215057,3.3550266e-05,928.8736,0.03073744,0.0,3.1596153,3.1596153,0.1,1.0,0.0075822487,0.252152,973.9951,1.0,825000.0,19.981170542374457,2037.2453434305514,200.0,3.888503313064575,71.28701464227268
2.3459766e-05,0.0,,,,,,,172.93687,2076.4236,999.14233,341.85513,236.28888,-480.8371,6220.372,,,,,,173.21107,0.020244569301605224,29394.239775896072,1830000,0.06640625,0.0026506698,0.2316224,0.27420005,0.050949693,2.3459766e-05,1003.11426,0.042554203,0.0,3.181719,3.181719,0.1,1.0,0.005514911,0.24149527,1128.8993,0.0,830000.0,1.950847379779518,460.47437726978234,200.0,3.8377251625061035,17.602068492551208
0.00016256697,0.0,,,,,,,137.63354,2078.9333,959.1873,354.3764,486.54504,-284.52902,5887.9062,,,,,,137.76659,0.019945078897476196,29493.965177059174,1835000,0.05859375,0.0023716518,0.045236938,0.1330401,0.34542906,0.00016256697,962.28,0.0876406,0.0,2.6839077,2.6839077,0.1,1.0,0.003980602,0.19289503,981.59973,1.0,835000.0,19.977337245853924,1277.538005719596,200.0,3.8742101192474365,45.42095775141892
0.00011616936,0.0,,,,,,,85.156975,2079.3218,909.0547,337.6798,188.7591,-729.9703,3811.158,,,,,,85.250595,0.01985512433052063,29593.24080657959,1840000,0.09765625,0.00390625,0.060632546,0.09362295,0.24152863,0.00011616936,912.8203,0.03287424,0.0,2.2184525,2.2184525,0.1,1.0,0.0057167597,0.22773257,897.90344,0.0,840000.0,1.8256667729719849,187.81341488967186,200.0,3.867342233657837,8.318672617912188
2.6599406e-05,0.0,,,,,,,114.9394,2077.0784,905.2811,277.66412,143.18634,-209.00017,3499.4507,,,,,,117.3793,0.019959661054611205,29693.039119005203,1845000,0.06640625,0.002511161,2.3661504,2.439906,0.05363798,2.6599406e-05,909.2268,0.07372884,0.0,2.8857388,2.8857388,0.1,1.0,0.0053305123,0.20889252,748.58417,1.0,845000.0,19.9630964680226,1878.3269824547344,200.0,3.9266982078552246,65.87625820758143
2.4758563e-05,0.0,,,,,,,121.33069,2076.596,943.43945,353.9465,827.0666,-331.92984,5369.7437,,,,,,121.40184,0.02021246156692505,29794.10143351555,1850000,0.0859375,0.0032087055,0.036808603,0.07115308,0.040923715,2.4758563e-05,947.3894,0.03431972,0.0,2.5876193,2.5876193,0.1,1.0,0.0040700044,0.19067796,1016.82684,0.0,850000.0,9.944958177672996,1211.1210347908343,200.0,3.9490888118743896,43.15963281313702
5.709899e-05,0.0,,,,,,,120.40245,2081.0688,992.20544,229.00241,201.2374,-553.4178,4741.387,,,,,,120.53156,0.019997772169113158,29894.090301036835,1855000,0.07421875,0.0026506698,0.1089439,0.12910897,0.2944095,5.709899e-05,995.83563,0.020107968,0.0,2.3173606,2.3173606,0.1,1.0,0.00404715,0.21145083,1005.2435,0.0,855000.0,-0.2566250994625054,-53.041784228834764,200.0,4.380887508392334,0.11818017350787706
5.9366277e-05,0.0,,,,,,,137.65471,2077.6084,955.68567,381.3805,73.98686,-85.02463,2976.6343,,,,,,139.21509,0.019819275045394897,29993.186683893204,1860000,0.05859375,0.0023716518,1.4202209,1.5603724,0.09267247,5.9366277e-05,958.38525,0.14009213,0.0,2.7555156,2.7555156,0.1,1.0,0.004565213,0.21090262,952.682,0.0,860000.0,9.945470675834578,1117.3702878944343,200.0,3.864232301712036,39.967663968806946
2.9532806e-05,0.0,,,,,,,166.68228,2075.643,980.401,247.15002,171.92609,-257.53967,4325.8516,,,,,,166.7816,0.019970729541778566,30093.040338277817,1865000,0.10546875,0.0040457593,0.061199207,0.09931505,0.059263945,2.9532806e-05,984.0909,0.038086306,0.0,2.4879434,2.4879434,0.1,1.0,0.004657683,0.21032779,978.9939,0.0,865000.0,1.9223194311116498,593.3073206519332,200.0,3.8442187309265137,22.124684373628174
5.525146e-05,0.0,,,,,,,145.10776,2077.2214,938.76135,305.4223,628.3166,-321.34125,4362.995,,,,,,145.22214,0.019881820344924927,30192.449447155,1870000,0.1015625,0.0040457593,0.062753305,0.114380315,0.19185078,5.525146e-05,941.4049,0.051571753,0.0,2.4255004,2.4255004,0.1,1.0,0.0049827024,0.22937018,901.71155,0.0,870000.0,9.982960902156572,1066.4848286266326,200.0,4.434925317764282,38.23514656506041
2.798914e-05,0.0,,,,,,,119.97933,2075.6143,925.8606,357.3686,636.60626,-285.9878,4461.6777,,,,,,143.05452,0.01985494475364685,30291.724178552628,1875000,0.078125,0.0030691966,23.031687,23.07519,0.034881234,2.798914e-05,929.0925,0.043474283,0.0,2.912829,2.912829,0.1,1.0,0.0052094427,0.18614274,893.6723,1.0,875000.0,19.95462868983942,1988.660874096975,200.0,3.8929200172424316,69.63283995497704
3.9337752e-05,0.0,,,,,,,176.341,2077.2844,984.5702,361.8808,143.31306,-493.42407,4327.516,,,,,,176.42157,0.019817384433746338,30390.811107873917,1880000,0.0625,0.0023716518,0.030308329,0.08056402,0.084916234,3.9337752e-05,988.00323,0.05021635,0.0,3.3952994,3.3952994,0.1,1.0,0.006178475,0.23506261,969.9845,1.0,880000.0,19.950362485721772,1993.4739514041696,200.0,3.8430252075195312,69.79671270605917
5.4855416e-05,0.0,,,,,,,115.19028,2074.7993,972.3873,279.99808,224.59784,-296.61993,3441.4436,,,,,,115.26035,0.019746576976776124,30489.54400038719,1885000,0.05859375,0.002232143,0.043377783,0.07007345,0.1923747,5.4855416e-05,975.9643,0.026640808,0.0,2.0708585,2.0708585,0.1,1.0,0.0027008129,0.21118316,1158.5549,0.0,885000.0,1.8207681551323742,183.15311513604988,200.0,3.886153221130371,8.160001544760751
2.4040164e-05,0.0,,,,,,,121.13483,2073.451,945.1199,279.23096,150.64975,-457.80862,3930.273,,,,,,121.2104,0.020080761575698852,30589.947814702988,1890000,0.08203125,0.0032087055,0.040057506,0.075577915,0.028461456,2.4040164e-05,947.8257,0.035496365,0.0,2.2334812,2.2334812,0.1,1.0,0.0054505467,0.2021329,1101.7556,1.0,890000.0,19.943683639799108,1852.608013848992,200.0,4.390952110290527,65.00059428792699
3.0294977e-05,0.0,,,,,,,111.19146,2075.096,1007.43823,277.58417,103.82681,-126.28187,2621.814,,,,,,111.719215,0.019916042375564574,30689.52803349495,1895000,0.04296875,0.0016741073,0.48387417,0.52775383,0.08361554,3.0294977e-05,1011.2881,0.04384936,0.0,2.2903948,2.2903948,0.1,1.0,0.0041600503,0.16753681,1084.6927,1.0,895000.0,19.943945731668347,2019.8256468513587,200.0,3.903381586074829,70.69391932731045
6.272672e-05,0.0,,,,,,,189.5462,2073.361,1006.5115,272.14288,645.76306,-268.7803,5731.3013,,,,,,189.72266,0.0200139639377594,30789.597858667374,1900000,0.0546875,0.002232143,0.13420992,0.17644826,0.175789,6.272672e-05,1009.91205,0.04217561,0.0,3.2491708,3.2491708,0.1,1.0,0.006251694,0.210249,951.7633,1.0,900000.0,19.939354351484173,2084.3918273933054,200.0,3.8754396438598633,72.8922296716006
3.4288438e-05,0.0,,,,,,,170.12305,2073.7327,960.6472,309.6635,796.0842,-314.1406,5406.807,,,,,,170.18129,0.02383728241920471,30908.78427672386,1905000,0.08203125,0.0030691966,0.029564794,0.058235887,0.10811734,3.4288438e-05,964.2517,0.028636806,0.0,2.485128,2.485128,0.1,1.0,0.0048154998,0.21693332,910.8499,1.0,905000.0,19.957789852052784,2174.4576820301068,200.0,3.8906257152557373,75.95873752840009
9.789742e-05,0.0,,,,,,,114.951385,2073.8572,929.2767,277.15622,501.17743,-227.63318,4036.8584,,,,,,115.00001,0.019903060817718504,31008.299587488174,1910000,0.0703125,0.0027901786,0.030000126,0.048622016,0.5068152,9.789742e-05,932.2606,0.018523991,0.0,2.2145061,2.2145061,0.1,1.0,0.005495136,0.1836943,808.1201,1.0,910000.0,19.948509752282757,2042.388193335003,200.0,3.8868041038513184,71.46211529170235
5.006719e-05,0.0,,,,,,,150.60716,2076.1345,962.87964,283.159,119.014595,-466.43976,4950.4287,,,,,,150.6937,0.01998635573387146,31108.231372356415,1915000,0.0703125,0.0026506698,0.03595039,0.08653811,0.18272913,5.006719e-05,965.9987,0.050537657,0.0,2.800471,2.800471,0.1,1.0,0.0049072322,0.18702787,960.9026,1.0,915000.0,19.93878151719723,1670.7542770414232,200.0,4.357139348983765,58.80894802023149
5.888703e-05,0.0,,,,,,,174.897,2076.7815,1005.9362,315.1794,535.0608,-1524.6743,7417.4976,,,,,,174.97456,0.01992712917327881,31207.86702466011,1920000,0.1015625,0.0037667411,0.05012114,0.07755587,0.13783252,5.888703e-05,1010.19226,0.027375842,0.0,2.248243,2.248243,0.1,1.0,0.0041979887,0.2569072,1024.2944,0.0,920000.0,-0.24827440216896973,-51.51921105118893,200.0,3.908662796020508,0.17001982606689847
6.0747e-05,0.0,,,,,,,221.00623,2077.5247,1020.5711,249.74883,156.06989,-168.77525,4776.8037,,,,,,221.15517,0.019961003160476685,31307.67204642296,1925000,0.09375,0.0036272323,0.07004888,0.14894423,0.10535979,6.0747e-05,1023.68176,0.07883459,0.0,3.5118332,3.5118332,0.1,1.0,0.0053633493,0.21303232,1027.8298,0.0,925000.0,-0.2585876126511911,-50.70634470735923,200.0,3.9168286323547363,0.1976958087124143
8.2878e-05,0.0,,,,,,,136.92638,2074.3276,944.66595,269.23666,940.3958,-278.52475,4791.1934,,,,,,137.0201,0.020118468952178954,31408.264397382736,1930000,0.08984375,0.0047433036,0.0668398,0.093724534,0.121142745,8.2878e-05,948.52374,0.02680185,0.0,2.4061668,2.4061668,0.1,1.0,0.004663199,0.20189525,988.302,0.0,930000.0,1.9332266280299018,226.11228739851805,200.0,4.405508041381836,9.622649512691476
3.8283495e-05,0.0,,,,,,,182.8382,2073.607,928.9983,319.10126,706.3328,-321.49207,6317.3467,,,,,,182.93167,0.01989166007041931,31507.722703695297,1935000,0.08203125,0.0029296877,0.05368053,0.09347621,0.06793952,3.8283495e-05,933.28955,0.0397574,0.0,3.4132257,3.4132257,0.1,1.0,0.0034399568,0.19440372,954.96643,1.0,935000.0,19.943630486433108,1839.855040370931,200.0,3.8879199028015137,64.56638874437519
4.3313437e-05,0.0,,,,,,,117.95624,2072.4768,997.1151,241.67543,109.42113,-255.15863,3602.602,,,,,,118.034584,0.019869642543792726,31607.07092308998,1940000,0.09375,0.0034877234,0.04241294,0.07834745,0.1129266,4.3313437e-05,1000.7779,0.035891205,0.0,2.2477906,2.2477906,0.1,1.0,0.004446612,0.17685089,1123.2749,1.0,940000.0,19.94990783224818,2054.965132195983,200.0,3.8517138957977295,71.89032731486262
3.223632e-05,0.0,,,,,,,216.34073,2072.9243,1017.423,241.6622,494.841,-205.03069,6215.6494,,,,,,216.74063,0.019869024133682252,31706.41604924202,1945000,0.0703125,0.0026506698,0.34557834,0.39989823,0.06822622,3.223632e-05,1021.0636,0.054287642,0.0,2.645657,2.645657,0.1,1.0,0.0031487187,0.24614264,1134.2151,0.0,945000.0,9.98608777246729,789.7180562572471,200.0,3.9598517417907715,28.81195855008796
5.632581e-05,0.0,,,,,,,164.51608,2072.5154,992.19055,245.32465,103.78282,-193.6984,4484.7803,,,,,,164.82748,0.020100909185409545,31806.92060136795,1950000,0.09375,0.00390625,0.25122306,0.3114044,0.09738505,5.632581e-05,997.1463,0.060125012,0.0,2.690141,2.690141,0.1,1.0,0.0042443126,0.20466836,1035.5381,1.0,950000.0,19.948067824376345,1425.224907773921,200.0,3.9428884983062744,50.44931225182594
4.7749094e-05,0.0,,,,,,,137.0583,2072.0864,1008.53534,363.49234,444.63416,-160.63849,3777.9019,,,,,,137.13861,0.01991258225440979,31906.4835190773,1955000,0.0703125,0.0027901786,0.047590088,0.08030865,0.12227678,4.7749094e-05,1011.34485,0.03267081,0.0,2.519693,2.519693,0.1,1.0,0.0029535969,0.17173664,1198.682,0.0,955000.0,-0.30088601894585437,-55.15026422245752,200.0,3.8379552364349365,0.04639191931962639
6.334301e-05,0.0,,,,,,,95.994705,2071.7224,934.0853,274.94043,196.44415,-770.8629,4282.6055,,,,,,96.28084,0.020121486949920653,32007.090960502625,1960000,0.08203125,0.0032087055,0.23812725,0.286136,0.24622774,6.334301e-05,937.1056,0.047945425,0.0,2.5378742,2.5378742,0.1,1.0,0.0042481204,0.2189261,974.94507,0.0,960000.0,1.9294431846420448,208.4815413949952,200.0,4.395796060562134,9.022368514314673
2.2085085e-05,0.0,,,,,,,98.426895,2071.2537,965.6035,353.9953,99.55473,-69.85187,2298.634,,,,,,98.50788,0.01994885563850403,32106.835245609283,1965000,0.06640625,0.0026506698,0.053552847,0.08098513,0.03333831,2.2085085e-05,969.0559,0.027410198,0.0,2.199708,2.199708,0.1,1.0,0.0043252055,0.19199856,1223.8914,1.0,965000.0,19.942872448269373,2075.0193189835363,200.0,3.9061803817749023,72.57312016231567
5.7983347e-05,0.0,,,,,,,154.25153,2070.2485,965.4559,319.3561,650.59717,-206.98907,5194.0273,,,,,,154.35175,0.020053695344924925,32207.10372900963,1970000,0.09375,0.004185268,0.050758075,0.10021219,0.11665392,5.7983347e-05,968.05774,0.049396135,0.0,3.582142,3.582142,0.1,1.0,0.006992949,0.21727318,1059.3916,1.0,970000.0,19.98112476392493,1428.3017427416798,200.0,3.8969709873199463,50.55407047169468
9.965085e-05,0.0,,,,,,,153.3104,2070.2312,930.24084,375.40436,501.56268,-225.61172,3975.8872,,,,,,153.38757,0.019586731004714964,32305.03739118576,1975000,0.09765625,0.0037667411,0.047295257,0.077171564,0.27602196,9.965085e-05,933.6078,0.029776653,0.0,2.811145,2.811145,0.1,1.0,0.0050924,0.21999717,885.094,1.0,975000.0,19.95143561556771,2086.4109253064994,200.0,3.8554563522338867,72.96097469866358
4.996418e-05,0.0,,,,,,,156.01372,2068.9504,971.1656,272.95383,378.744,-177.66849,3594.941,,,,,,156.11095,0.019527254581451416,32402.6736702919,1980000,0.05859375,0.002511161,0.038227722,0.09722202,0.09519911,4.996418e-05,974.98065,0.058944337,0.0,3.03176,3.03176,0.1,1.0,0.006527277,0.20094545,1010.02423,0.0,980000.0,9.950809712212127,1065.3133485804983,200.0,3.823117256164551,38.19526071953059
8.081286e-05,0.0,,,,,,,194.88698,2068.2305,1034.7325,292.7216,200.6756,-614.1776,5175.05,,,,,,195.05186,0.019725063467025756,32501.29899430275,1985000,0.0859375,0.0033482146,0.07520743,0.16489251,0.18680203,8.081286e-05,1037.9257,0.08960428,0.0,2.315106,2.315106,0.1,1.0,0.004025707,0.16788293,964.8128,1.0,985000.0,19.96181930639862,1909.1168016458957,200.0,3.8545353412628174,66.92457138730839
0.000113870636,0.0,,,,,,,132.77483,2071.6365,982.5802,282.0717,102.28969,-143.38867,3419.3008,,,,,,133.23509,0.020030353355407714,32601.45076751709,1990000,0.109375,0.005022322,0.42509952,0.46027234,0.2188946,0.000113870636,987.4204,0.03505896,0.0,3.3608198,3.3608198,0.1,1.0,0.006310467,0.18482797,899.0496,0.0,990000.0,1.8873650970223141,195.50782078936427,200.0,4.300625801086426,8.580647105801743
6.226539e-05,0.0,,,,,,,87.412224,2069.758,1001.45764,230.47011,342.40906,-1124.3062,5332.445,,,,,,87.765884,0.019116369915008546,32697.03262281418,1995000,0.07421875,0.0030691966,0.32563925,0.3536628,0.19199955,6.226539e-05,1004.7748,0.027961293,0.0,2.3445153,2.3445153,0.1,1.0,0.00459493,0.1882913,920.3951,0.0,995000.0,1.8894283117256243,243.51225833367477,200.0,3.6544392108917236,10.215073220831572
1.6790367e-05,0.0,,,,,,,102.52965,2070.4878,957.1228,246.29436,194.76595,-150.47443,2595.897,,,,,,102.69231,0.01897380528450012,32791.9016559124,2000000,0.05078125,0.002232143,0.043575834,0.16265853,0.032595396,1.6790367e-05,960.26807,0.1190659,0.0,2.956112,2.956112,0.1,1.0,0.008351298,0.22175628,1075.7955,1.0,1000000.0,19.941600639095746,1865.7472765450977,200.0,3.664574146270752,65.44795197361864
