training/actor/bound_loss,training/actor/q_loss,training/alpha/current_vs_historical_ratio,training/alpha/historical_avg_loss,training/alpha/max_alpha_bound,training/alpha/min_alpha_bound,training/alpha/valid_count,training/alpha_weight,training/critic/critic_loss,training/critic/q_max,training/critic/q_mean,training/critic/q_min,training/grad/max,training/grad/min,training/grad/norm,training/meanflow/consistency_loss,training/meanflow/flow_loss,training/meanflow/mean_flow_loss,training/metrics/actor_learning_rate,training/metrics/critic_learning_rate,training/total_loss,time/epoch_time,time/total_time,step,training/actor/any_oob,training/actor/coordinate_oob,training/actor/jacobian,training/actor/loss,training/actor/max_clip,training/actor/mean_clip,training/actor/q,training/actor/transport,training/control/adjoint_clip_fraction,training/control/adjoint_norm,training/control/applied_adjoint_norm,training/control/eta,training/control/gate,training/control/relative_critic_disagreement,training/teacher/endpoint_variance,training/teacher/q,exploration/goal_achieved,exploration/total.timesteps,exploration/episode.final_reward,exploration/episode.return,exploration/episode.length,exploration/episode.duration,exploration/episode.normalized_return
0.0,0.0,1.0,0.0,110000.0,1100.0,0,11000.0,303.88135,3.1206045,-0.40305838,-3.7598984,26444.092,-20324.812,446667.84,0.0,0.9881264,0.9881264,0.0,0.0003,11173.271,0.0017425793170928955,8.712965726852417,0,,,,,,,,,,,,,,,,,,,,,,,
0.011051895,0.0,21855194.0,0.0,110000.0,1100.0,2,11000.0,30.628242,1169.8618,64.908295,-44.1436,5714.803,-4702.172,262076.9,0.0,0.21855195,0.21855195,1e-05,0.0003,2434.711,0.012899425888061523,73.21024465560913,5000,,,,,,,,,,,,,,,,,,,,,,,
0.007292819,0.0,18623520.0,0.0,110000.0,1100.0,4,11000.0,73.00485,2723.2922,125.41157,-81.70082,10763.885,-12926.029,292161.47,0.0,0.1862352,0.1862352,2e-05,0.0003,2121.5994,0.007967542123794556,113.0480899810791,10000,,,,,,,,,,,,,,,,,,,,,,,
0.0051016374,0.0,13852990.0,0.0,110000.0,1100.0,7,11000.0,39.680992,4158.2886,183.19556,-138.89038,7589.4077,-9239.478,172294.03,0.0,0.1385299,0.1385299,3e-05,0.0003,1563.5149,0.007943057203292846,152.7635200023651,15000,,,,,,,,,,,,,,,,,,,,,,,
0.004538484,0.0,17017248.0,0.0,110000.0,1100.0,9,11000.0,72.2834,5366.0913,217.45956,-192.67764,12127.549,-10112.801,167241.97,0.0,0.17017248,0.17017248,4e-05,0.0003,1944.1853,0.007844102573394775,191.9841763973236,20000,,,,,,,,,,,,,,,,,,,,,,,
0.004745453,0.0,1.5638422,0.09405184,110000.0,1100.0,12,11000.0,65.744995,6349.4873,330.2241,-228.74416,9248.406,-7849.1885,108106.29,0.0,0.14708224,0.14708224,5e-05,0.0003,1683.6544,0.007824063539505004,231.1046142578125,25000,,,,,,,,,,,,,,,,,,,,,,,
0.006011929,0.0,1.2257843,0.12881896,110000.0,1100.0,14,11000.0,62.16202,7151.957,506.89075,-263.02487,7745.2603,-5937.573,102430.32,0.0,0.15790425,0.15790425,6e-05,0.0003,1799.1149,0.007999961709976196,271.1045503616333,30000,,,,,,,,,,,,,,,,,,,,,,,
0.0042054215,0.0,0.92857116,0.15727694,110000.0,1100.0,17,11000.0,60.941406,7800.224,526.5867,-264.39935,6312.8184,-3818.1558,84477.32,0.0,0.14604284,0.14604284,6.9999995e-05,0.0003,1667.4167,0.0078121651172637935,310.1655020713806,35000,,,,,,,,,,,,,,,,,,,,,,,
0.006952898,0.0,0.7435238,0.16927946,110000.0,1100.0,19,11000.0,115.48417,8314.593,473.43915,-357.85913,7226.611,-5644.013,70317.234,0.0,0.1258633,0.1258633,8e-05,0.0003,1499.9874,0.0077422880172729495,348.87705397605896,40000,,,,,,,,,,,,,,,,,,,,,,,
0.00547004,0.0,0.78546125,0.1521235,110000.0,1100.0,20,11000.0,98.91413,8718.048,546.49207,-279.97556,4834.246,-5151.363,73234.25,0.0,0.11948711,0.11948711,8.9999994e-05,0.0003,1413.2777,0.007878917837142944,388.2717535495758,45000,,,,,,,,,,,,,,,,,,,,,,,
0.00479776,0.0,0.7042843,0.14369015,110000.0,1100.0,20,11000.0,96.69933,9042.173,492.39407,-289.7572,3592.574,-4174.4824,72261.766,0.0,0.10119872,0.10119872,1e-04,0.0003,1209.89,0.007461079502105713,425.57725834846497,50000,,,,,,,,,,,,,,,,,,,,,,,
0.0028236911,0.0,0.8328635,0.1338479,110000.0,1100.0,20,11000.0,301.8903,9305.845,573.68494,-321.84564,2633.772,-2472.9158,72745.82,0.0,0.11147703,0.11147703,9.999385e-05,0.0003,1528.1404,0.007435057878494263,462.75265741348267,55000,,,,,,,,,,,,,,,,,,,,,,,
0.0040440857,0.0,0.73802173,0.12988666,110000.0,1100.0,20,11000.0,155.28543,9520.596,632.68726,-372.15347,2088.1042,-2573.8362,59621.0,0.0,0.09585917,0.09585917,9.99754e-05,0.0003,1209.7404,0.007849611377716064,502.0008418560028,60000,,,,,,,,,,,,,,,,,,,,,,,
0.0049798945,0.0,0.92220604,0.124165334,110000.0,1100.0,20,11000.0,13658.772,9691.491,693.8836,-404.8524,32094.5,-38903.81,819991.56,0.0,0.11450602,0.11450602,9.994465e-05,0.0003,14918.344,0.0077055635452270505,540.5287871360779,65000,,,,,,,,,,,,,,,,,,,,,,,
0.0044931932,0.0,0.8579839,0.11998148,110000.0,1100.0,20,11000.0,171.98126,9828.873,724.3325,-434.25452,1196.7826,-1516.4685,57563.445,0.0,0.102942176,0.102942176,9.990162e-05,0.0003,1304.3496,0.007894567251205444,580.0017349720001,70000,,,,,,,,,,,,,,,,,,,,,,,
0.004157937,0.0,0.89134234,0.11564765,110000.0,1100.0,20,11000.0,266.40628,9942.571,622.7063,-760.76245,1860.9546,-1567.2179,71804.09,0.0,0.10308165,0.10308165,9.984629e-05,0.0003,1400.3086,0.00776008129119873,618.8022530078888,75000,,,,,,,,,,,,,,,,,,,,,,,
0.0032396233,0.0,1.1139518,0.10973859,110000.0,1100.0,20,11000.0,217.23055,10055.059,929.6513,-986.21643,1475.8491,-1069.9825,51360.914,0.0,0.122243494,0.122243494,9.977873e-05,0.0003,1561.9122,0.007933942985534667,658.4720916748047,80000,,,,,,,,,,,,,,,,,,,,,,,
0.0040700315,0.0,0.8689349,0.10711652,110000.0,1100.0,20,11000.0,234.5734,10142.107,814.4934,-3726.788,1302.2614,-1042.9668,61997.18,0.0,0.09307728,0.09307728,9.969891e-05,0.0003,1258.4276,0.007715044784545899,697.0474376678467,85000,,,,,,,,,,,,,,,,,,,,,,,
0.0027328401,0.0,0.973201,0.10312202,110000.0,1100.0,20,11000.0,435.5622,10195.816,819.4484,-3914.9006,1531.666,-856.86237,68360.7,0.0,0.10035845,0.10035845,9.9606885e-05,0.0003,1539.5079,0.007855582427978515,736.3254630565643,90000,,,,,,,,,,,,,,,,,,,,,,,
0.003158687,0.0,1.4811763,0.10089562,110000.0,1100.0,20,11000.0,346.1391,10233.59,949.52356,-485.39197,1833.1134,-1973.85,79066.766,0.0,0.1494442,0.1494442,9.950265e-05,0.0003,1990.0283,0.007875269317626953,775.7019264698029,95000,,,,,,,,,,,,,,,,,,,,,,,
0.0034885567,0.0,1.0984483,0.09903919,110000.0,1100.0,20,11000.0,345.28018,10262.987,941.0278,-484.2433,1479.251,-1623.8152,59914.812,0.0,0.10878943,0.10878943,9.938626e-05,0.0003,1541.9674,0.00734606032371521,812.4323163032532,100000,,,,,,,,,,,,,,,,,,,,,,,
0.0030983023,0.0,0.961866,0.096237235,110000.0,1100.0,20,11000.0,203.0734,10287.105,693.5012,-821.36957,1352.9556,-1524.3208,49833.047,0.0,0.092567325,0.092567325,9.9257726e-05,0.0003,1221.3171,0.011967586326599122,872.2703628540039,105000,,,,,,,,,,,,,,,,,,,,,,,
0.0022961718,0.0,0.8244429,0.095376424,110000.0,1100.0,20,11000.0,161.58023,10320.74,887.49304,-816.61566,2070.0776,-1923.8896,55366.125,0.0,0.078632414,0.078632414,9.91171e-05,0.0003,1026.5391,0.007426252460479736,909.4017398357391,110000,,,,,,,,,,,,,,,,,,,,,,,
0.0039520934,0.0,1.083865,0.09306847,110000.0,1100.0,20,11000.0,172.6759,10346.846,859.056,-814.222,1046.8813,-943.7097,44903.844,0.0,0.100873664,0.100873664,9.896442e-05,0.0003,1282.2902,0.007703319025039673,947.9184408187866,115000,,,,,,,,,,,,,,,,,,,,,,,
0.0029413952,0.0,0.96581256,0.09294563,110000.0,1100.0,20,11000.0,696.2943,10328.926,858.9819,-4488.7656,1293.4604,-1092.2133,62279.71,0.0,0.08976805,0.08976805,9.8799705e-05,0.0003,1683.7458,0.0076544233322143555,986.1906712055206,120000,,,,,,,,,,,,,,,,,,,,,,,
0.0032308,0.0,0.752485,0.08939903,110000.0,1100.0,20,11000.0,261.874,10315.395,919.8105,-709.9856,770.6887,-816.0611,45617.93,0.0,0.06727143,0.06727143,9.8623015e-05,0.0003,1001.8629,0.00791609320640564,1025.7712543010712,125000,,,,,,,,,,,,,,,,,,,,,,,
0.004867264,0.0,0.95580834,0.09037577,110000.0,1100.0,20,11000.0,164.57985,10326.355,675.0991,-376.4684,953.19006,-1026.1228,46940.277,0.0,0.08638191,0.08638191,9.843441e-05,0.0003,1114.7858,0.007753030252456665,1064.5365054607391,130000,,,,,,,,,,,,,,,,,,,,,,,
0.0033005467,0.0,0.84546053,0.089398995,110000.0,1100.0,20,11000.0,373.56042,10309.294,684.11273,-503.63782,1174.335,-1350.605,53020.633,0.0,0.075583324,0.075583324,9.823391e-05,0.0003,1204.9802,0.0077821508884429935,1103.4473674297333,135000,,,,,,,,,,,,,,,,,,,,,,,
0.0036590314,0.0,0.90709805,0.086652555,110000.0,1100.0,20,11000.0,153.94678,10325.058,685.67993,-4538.321,1000.8316,-1110.9772,51152.266,0.0,0.078602366,0.078602366,9.8021614e-05,0.0003,1018.5765,0.007573290634155273,1141.3139309883118,140000,,,,,,,,,,,,,,,,,,,,,,,
0.003785647,0.0,0.94163096,0.08623447,110000.0,1100.0,20,11000.0,215.10953,10324.365,849.34937,-4459.2163,888.97424,-798.0773,46348.97,0.0,0.08120105,0.08120105,9.779754e-05,0.0003,1108.3248,0.007615302896499634,1179.3905415534973,145000,,,,,,,,,,,,,,,,,,,,,,,
0.002487694,0.0,0.75992244,0.08533383,110000.0,1100.0,20,11000.0,475.87146,10305.863,801.3375,-4341.971,1008.27747,-760.45905,51168.688,0.0,0.0648471,0.0648471,9.756177e-05,0.0003,1189.192,0.007381686210632324,1216.2990782260895,150000,,,,,,,,,,,,,,,,,,,,,,,
0.0036077024,0.0,1.185079,0.08348798,110000.0,1100.0,20,11000.0,278.4395,10299.072,683.8311,-836.1771,1018.6223,-1045.4045,56878.28,0.0,0.09893985,0.09893985,9.7314376e-05,0.0003,1366.7815,0.007650022220611573,1254.5492911338806,155000,,,,,,,,,,,,,,,,,,,,,,,
0.003607646,0.0,1.2891554,0.08191184,110000.0,1100.0,20,11000.0,26847.71,10315.647,695.8152,-3992.6533,5033.0166,-2607.9424,122725.28,0.0,0.10559709,0.10559709,9.7055396e-05,0.0003,28009.283,0.007446091508865356,1291.7798573970795,160000,,,,,,,,,,,,,,,,,,,,,,,
0.0035989594,0.0,1.0075198,0.08052422,110000.0,1100.0,20,11000.0,232.89224,10298.713,804.7562,-1101.8016,1257.6255,-1024.3964,51432.33,0.0,0.081129745,0.081129745,9.6784934e-05,0.0003,1125.323,0.007467819929122925,1329.1190536022186,165000,,,,,,,,,,,,,,,,,,,,,,,
0.0033175242,0.0,1.039818,0.07752839,110000.0,1100.0,20,11000.0,273.95868,10288.812,580.1039,-1131.564,649.8664,-584.5824,48040.023,0.0,0.080615416,0.080615416,9.6503034e-05,0.0003,1160.7316,0.007538797807693481,1366.8131363391876,170000,,,,,,,,,,,,,,,,,,,,,,,
0.0024550052,0.0,0.7442439,0.07494153,110000.0,1100.0,20,11000.0,191.67819,10292.132,746.756,-1245.6852,890.09375,-1011.5557,50018.605,0.0,0.055774778,0.055774778,9.62098e-05,0.0003,805.20325,0.007458642673492432,1404.106454372406,175000,,,,,,,,,,,,,,,,,,,,,,,
0.0023315693,0.0,1.0177497,0.07669091,110000.0,1100.0,20,11000.0,1527.1317,10283.381,836.65845,-1318.5724,6185.601,-6371.462,191190.95,0.0,0.078052156,0.078052156,9.59053e-05,0.0003,2385.7078,0.0076714836597442625,1442.4639692306519,180000,,,,,,,,,,,,,,,,,,,,,,,
0.0031125764,0.0,0.88481253,0.07446999,110000.0,1100.0,20,11000.0,481.54156,10281.375,721.1705,-2448.333,927.9987,-920.6804,58238.047,0.0,0.06589198,0.06589198,9.558961e-05,0.0003,1206.3564,0.007456708717346191,1479.7476127147675,185000,,,,,,,,,,,,,,,,,,,,,,,
0.0032568981,0.0,0.970544,0.07328265,110000.0,1100.0,20,11000.0,120.67176,10289.101,815.47687,-2406.2046,843.17017,-1030.3513,40150.04,0.0,0.07112404,0.07112404,9.526282e-05,0.0003,903.0394,0.0071887471675872805,1515.6914484500885,190000,,,,,,,,,,,,,,,,,,,,,,,
0.00340675,0.0,1.2853991,0.07229477,110000.0,1100.0,20,11000.0,157.86554,10282.958,920.8492,-314.2311,1005.4674,-984.4179,52648.46,0.0,0.092927635,0.092927635,9.4925024e-05,0.0003,1180.0729,0.007464995574951172,1553.0165190696716,195000,,,,,,,,,,,,,,,,,,,,,,,
0.0032625564,0.0,1.0805762,0.07206083,110000.0,1100.0,20,11000.0,72.982544,6793.879,532.06573,-1425.446,734.73126,-748.8139,45194.793,0.0,0.07786722,0.07786722,9.457632e-05,0.0003,929.52515,0.007442454481124878,1590.228880405426,200000,,,,,,,,,,,,,,,,,,,,,,,
0.0030213515,0.0,1.2168698,0.07190565,110000.0,1100.0,20,11000.0,556.433,10271.667,609.84814,-1947.8121,5052.347,-3770.52,143969.9,0.0,0.08749981,0.08749981,9.42168e-05,0.0003,1518.934,0.011465846920013428,1647.55823636055,205000,,,,,,,,,,,,,,,,,,,,,,,
0.002816174,0.0,0.92593265,0.07189276,110000.0,1100.0,20,11000.0,124.93832,10283.217,907.752,-1838.2023,2053.2744,-2123.5408,54462.945,0.0,0.06656785,0.06656785,9.384654e-05,0.0003,857.1875,0.007692389726638794,1686.0203049182892,210000,,,,,,,,,,,,,,,,,,,,,,,
0.0021169982,0.0,1.0980667,0.070085324,110000.0,1100.0,20,11000.0,51.125793,10275.239,854.9916,-1109.7828,2543.2544,-2195.402,52057.348,0.0,0.07695836,0.07695836,9.346567e-05,0.0003,897.66986,0.007808611917495728,1725.0634984970093,215000,,,,,,,,,,,,,,,,,,,,,,,
0.0032190417,0.0,0.90897244,0.06992855,110000.0,1100.0,20,11000.0,57.30612,10272.2295,665.6128,-1759.7378,1580.352,-1972.8706,44776.105,0.0,0.06356312,0.06356312,9.30743e-05,0.0003,756.50366,0.00764669885635376,1763.2971243858337,220000,,,,,,,,,,,,,,,,,,,,,,,
0.0035596811,0.0,1.3528816,0.070177995,110000.0,1100.0,20,11000.0,120.08732,10275.616,729.2435,-908.6192,1798.9275,-1215.6234,49125.4,0.0,0.09494251,0.09494251,9.267249e-05,0.0003,1164.4585,0.007227506732940674,1799.4347774982452,225000,,,,,,,,,,,,,,,,,,,,,,,
0.0025737567,0.0,1.1316458,0.069704086,110000.0,1100.0,20,11000.0,64.90706,10261.019,518.6719,-804.8743,771.6628,-765.91833,40331.78,0.0,0.07888034,0.07888034,9.2260394e-05,0.0003,932.5933,0.007000897121429444,1834.4393887519836,230000,,,,,,,,,,,,,,,,,,,,,,,
0.0025874935,0.0,0.73056114,0.069013774,110000.0,1100.0,20,11000.0,13748.7,10251.766,488.55902,-1618.6072,282640.2,-245720.77,3072047.0,0.0,0.05041878,0.05041878,9.183811e-05,0.0003,14303.31,0.007461788940429688,1871.7484493255615,235000,,,,,,,,,,,,,,,,,,,,,,,
0.0032455118,0.0,1.000786,0.069406025,110000.0,1100.0,20,11000.0,43.724686,10264.858,827.13513,-602.448,1084.7277,-1237.033,40730.375,0.0,0.06946057,0.06946057,9.1405775e-05,0.0003,807.7942,0.007400341176986694,1908.7502598762512,240000,,,,,,,,,,,,,,,,,,,,,,,
0.0031102397,0.0,1.0073746,0.06789257,110000.0,1100.0,20,11000.0,610.18774,10258.1455,626.61163,-1521.5552,1542.1382,-1435.5648,93077.8,0.0,0.06839325,0.06839325,9.0963455e-05,0.0003,1362.5166,0.007682215023040772,1947.1614570617676,245000,,,,,,,,,,,,,,,,,,,,,,,
0.0024810182,0.0,0.754264,0.06763827,110000.0,1100.0,20,11000.0,829.63763,10264.175,688.2154,-1508.1017,1378.931,-1016.2167,74284.17,0.0,0.051017113,0.051017113,9.051133e-05,0.0003,1390.8284,0.007661336612701416,1985.46826338768,250000,,,,,,,,,,,,,,,,,,,,,,,
0.0027069056,0.0,0.9688264,0.06689345,110000.0,1100.0,20,11000.0,1780.8828,10275.31,845.73627,-418.0239,881.87036,-747.7623,85176.24,0.0,0.06480814,0.06480814,9.004948e-05,0.0003,2493.775,0.007552744674682617,2023.232105731964,255000,,,,,,,,,,,,,,,,,,,,,,,
0.0023049617,0.0,0.9262838,0.06555715,110000.0,1100.0,20,11000.0,1858.1183,10290.717,1018.8572,-279.59036,1420.3661,-1380.6743,90452.76,0.0,0.060724527,0.060724527,8.9578054e-05,0.0003,2526.0903,0.007685199880599976,2061.6582219600677,260000,,,,,,,,,,,,,,,,,,,,,,,
0.0026246356,0.0,1.1322122,0.062660314,110000.0,1100.0,20,11000.0,1315.4259,10300.636,1129.5457,-1357.5686,1327.4785,-1154.7374,75534.78,0.0,0.07094477,0.07094477,8.909717e-05,0.0003,2095.821,0.007486131620407104,2099.088993549347,265000,,,,,,,,,,,,,,,,,,,,,,,
0.0041017025,0.0,1.0801926,0.06232558,110000.0,1100.0,20,11000.0,476.58176,10315.137,1053.7352,-361.72772,1895.1097,-1924.4557,77261.305,0.0,0.067323625,0.067323625,8.860696e-05,0.0003,1217.1458,0.007694509887695313,2137.5616569519043,270000,,,,,,,,,,,,,,,,,,,,,,,
0.0019218682,0.0,1.1656401,0.061933845,110000.0,1100.0,20,11000.0,643.71985,10314.181,1182.9424,-1292.3585,1111.6349,-1157.3386,76604.38,0.0,0.07219258,0.07219258,8.810758e-05,0.0003,1437.8401,0.007466362190246582,2174.8935763835907,275000,,,,,,,,,,,,,,,,,,,,,,,
0.003147706,0.0,1.0409632,0.06148851,110000.0,1100.0,20,11000.0,557.4463,10314.8545,926.343,-311.92444,1426.513,-1355.4932,57670.133,0.0,0.06400727,0.06400727,8.759914e-05,0.0003,1261.5294,0.0076983720779418945,2213.3855488300323,280000,,,,,,,,,,,,,,,,,,,,,,,
0.003276624,0.0,1.1400038,0.06132537,110000.0,1100.0,20,11000.0,1196.9725,10323.904,855.23224,-1187.9598,1715.4282,-1501.8853,99210.3,0.0,0.06991115,0.06991115,8.708179e-05,0.0003,1965.9985,0.007523775339126587,2251.0045387744904,285000,,,,,,,,,,,,,,,,,,,,,,,
0.0026537916,0.0,0.97071135,0.0611067,110000.0,1100.0,20,11000.0,668.05896,10317.533,893.69196,-283.56387,1021.21515,-715.68146,61159.04,0.0,0.059316963,0.059316963,8.655565e-05,0.0003,1320.5481,0.007566524124145508,2288.837265253067,290000,,,,,,,,,,,,,,,,,,,,,,,
0.0024924525,0.0,1.0612588,0.062236477,110000.0,1100.0,20,11000.0,590.8524,10309.217,871.208,-1154.5206,857.03876,-1034.8423,51853.785,0.0,0.06604901,0.06604901,8.602091e-05,0.0003,1317.394,0.007483092641830444,2326.2528324127197,295000,,,,,,,,,,,,,,,,,,,,,,,
0.0029185843,0.0,1.1844175,0.060794115,110000.0,1100.0,20,11000.0,868.0033,10319.637,738.6149,-279.58328,1004.2323,-1053.7413,63431.234,0.0,0.07200561,0.07200561,8.547767e-05,0.0003,1660.0679,0.007230363464355469,2362.4047553539276,300000,,,,,,,,,,,,,,,,,,,,,,,
0.0036939098,0.0,0.97149783,0.063112736,110000.0,1100.0,20,11000.0,128.5308,10341.024,995.9943,-1118.892,1057.0167,-1086.7708,45180.82,0.0,0.061313886,0.061313886,8.49261e-05,0.0003,802.98724,0.01160054578781128,2420.4076159000397,305000,,,,,,,,,,,,,,,,,,,,,,,
0.0025847766,0.0,0.8877149,0.063132636,110000.0,1100.0,20,11000.0,169.74947,10336.921,882.2143,-1098.5089,1749.2976,-1573.0579,46929.68,0.0,0.05604378,0.05604378,8.436636e-05,0.0003,786.23364,0.007487526035308838,2457.845374584198,310000,,,,,,,,,,,,,,,,,,,,,,,
0.0022705318,0.0,0.874884,0.06250423,110000.0,1100.0,20,11000.0,8141.231,10407.478,862.3032,-342.29968,12942.472,-16393.049,487313.25,0.0,0.054683954,0.054683954,8.3798586e-05,0.0003,8742.757,0.007974865055084228,2497.719825744629,315000,,,,,,,,,,,,,,,,,,,,,,,
0.0025815328,0.0,0.99421275,0.060675878,110000.0,1100.0,20,11000.0,109.363205,10287.305,759.9159,-296.85342,631.318,-677.7293,36145.156,0.0,0.060324732,0.060324732,8.322294e-05,0.0003,772.93787,0.007630701160430908,2535.8734605312347,320000,,,,,,,,,,,,,,,,,,,,,,,
0.0035828024,0.0,1.1231191,0.060456973,110000.0,1100.0,20,11000.0,114.40514,6845.9375,628.24457,-272.15338,878.9202,-803.51495,47519.258,0.0,0.06790038,0.06790038,8.263957e-05,0.0003,861.3129,0.007792172145843506,2574.8344428539276,325000,,,,,,,,,,,,,,,,,,,,,,,
0.0031319577,0.0,0.98129773,0.060927797,110000.0,1100.0,20,11000.0,414.341,10290.482,647.5901,-962.4403,685.4586,-1564.9524,66575.84,0.0,0.059788305,0.059788305,8.2048646e-05,0.0003,1072.0155,0.007565918350219727,2612.6641540527344,330000,,,,,,,,,,,,,,,,,,,,,,,
0.002487612,0.0,1.0442717,0.05987781,110000.0,1100.0,20,11000.0,60.511192,10281.55,918.9739,-895.8282,1330.2424,-894.87805,38845.484,0.0,0.0625287,0.0625287,8.1450344e-05,0.0003,748.32935,0.007393583345413208,2649.632183790207,335000,,,,,,,,,,,,,,,,,,,,,,,
0.0030853478,0.0,0.78625494,0.059305485,110000.0,1100.0,20,11000.0,79.889595,9955.451,608.6738,-257.30533,768.4477,-572.4839,38328.145,0.0,0.04662923,0.04662923,8.0844795e-05,0.0003,592.8143,0.007097487020492553,2685.1197323799133,340000,,,,,,,,,,,,,,,,,,,,,,,
0.0021955196,0.0,0.94511825,0.056921374,110000.0,1100.0,20,11000.0,61.49083,10269.825,710.4519,-230.94347,954.6874,-1096.7507,41636.14,0.0,0.05379743,0.05379743,8.0232174e-05,0.0003,653.2648,0.007593169403076172,2723.085691690445,345000,,,,,,,,,,,,,,,,,,,,,,,
0.002225925,0.0,1.0341723,0.05611685,110000.0,1100.0,20,11000.0,86.65628,9513.9,720.0453,-4770.8765,1634.5991,-1791.2367,52867.465,0.0,0.05803449,0.05803449,7.961267e-05,0.0003,725.0379,0.00744208345413208,2760.296219110489,350000,,,,,,,,,,,,,,,,,,,,,,,
0.0026264386,0.0,0.8153138,0.05689761,110000.0,1100.0,20,11000.0,94.5963,10261.699,707.74194,-289.69104,1119.4803,-915.1707,42459.562,0.0,0.04638941,0.04638941,7.898643e-05,0.0003,604.8824,0.007676109981536865,2798.676878929138,355000,,,,,,,,,,,,,,,,,,,,,,,
0.002724938,0.0,0.8064645,0.056578826,110000.0,1100.0,20,11000.0,82.90479,10262.922,650.2507,-161.74179,1118.8933,-907.25525,43649.617,0.0,0.045628816,0.045628816,7.835362e-05,0.0003,584.82446,0.007446738719940185,2835.9106702804565,360000,,,,,,,,,,,,,,,,,,,,,,,
0.0028541926,0.0,1.101348,0.054086503,110000.0,1100.0,20,11000.0,89.47145,10247.653,796.1438,-160.4338,506.6511,-613.8204,39541.76,0.0,0.059568062,0.059568062,7.7714445e-05,0.0003,744.72296,0.007550502490997315,2873.6632821559906,365000,,,,,,,,,,,,,,,,,,,,,,,
0.0023107715,0.0,0.782132,0.05254385,110000.0,1100.0,20,11000.0,81.06597,10252.3,803.2322,-158.43007,477.44022,-481.37033,34034.633,0.0,0.04109623,0.04109623,7.706907e-05,0.0003,533.12683,0.007496823501586914,2911.1474900245667,370000,,,,,,,,,,,,,,,,,,,,,,,
0.0021474524,0.0,1.0823935,0.051291343,110000.0,1100.0,20,11000.0,58.688545,10243.228,653.9177,-864.26416,899.59985,-1169.8146,40981.977,0.0,0.055517416,0.055517416,7.641764e-05,0.0003,669.38226,0.007527657032012939,2948.785859823227,375000,,,,,,,,,,,,,,,,,,,,,,,
0.0016271682,0.0,0.78914803,0.05329878,110000.0,1100.0,20,11000.0,143.99872,10238.182,534.74023,-816.7825,579.3077,-467.55112,38838.32,0.0,0.04206063,0.04206063,7.5760356e-05,0.0003,606.66724,0.007381842422485352,2985.6951587200165,380000,,,,,,,,,,,,,,,,,,,,,,,
0.002924478,0.0,1.2692101,0.051318556,110000.0,1100.0,20,11000.0,120.89284,10244.189,666.31946,-477.9838,982.35736,-984.95996,47057.137,0.0,0.065134026,0.065134026,7.50974e-05,0.0003,837.37006,0.0074404520988464356,3022.8975241184235,385000,,,,,,,,,,,,,,,,,,,,,,,
0.0027280909,0.0,1.0695662,0.050718088,110000.0,1100.0,20,11000.0,341.57635,10236.548,765.56165,-145.72905,801.4303,-933.998,55295.918,0.0,0.05424635,0.05424635,7.442894e-05,0.0003,938.28894,0.007200914525985718,3058.9022023677826,390000,,,,,,,,,,,,,,,,,,,,,,,
0.0030540824,0.0,1.0114232,0.049597435,110000.0,1100.0,20,11000.0,993.3767,10225.358,595.69055,-858.65814,2769.2788,-2457.434,116868.42,0.0,0.050164,0.050164,7.375519e-05,0.0003,1545.1838,0.007475021648406983,3096.277400970459,395000,,,,,,,,,,,,,,,,,,,,,,,
0.0018812619,0.0,1.0011989,0.05022017,110000.0,1100.0,20,11000.0,66.51632,10228.399,570.52203,-404.60434,666.6024,-643.4229,40617.53,0.0,0.050280377,0.050280377,7.30763e-05,0.0003,619.60236,0.007207734060287476,3132.316164255142,400000,,,,,,,,,,,,,,,,,,,,,,,
0.0028757304,0.0,1.2046883,0.050776202,110000.0,1100.0,20,11000.0,84.625916,10232.876,594.308,-902.454,961.87683,-986.8569,49372.953,0.0,0.061169498,0.061169498,7.239246e-05,0.0003,757.4933,0.011315450239181518,3188.8935310840607,405000,,,,,,,,,,,,,,,,,,,,,,,
0.0021679343,0.0,1.1108707,0.05161018,110000.0,1100.0,20,11000.0,101.396095,10244.879,792.21655,-255.1785,902.03546,-775.8851,43529.152,0.0,0.05733224,0.05733224,7.170388e-05,0.0003,732.0529,0.007464489459991455,3226.216100692749,410000,,,,,,,,,,,,,,,,,,,,,,,
0.0026779838,0.0,1.0392718,0.05419119,110000.0,1100.0,20,11000.0,63.6604,10230.475,704.3968,-902.40796,830.8249,-928.54913,48356.305,0.0,0.056319375,0.056319375,7.101073e-05,0.0003,683.1762,0.007710221767425537,3264.767310142517,415000,,,,,,,,,,,,,,,,,,,,,,,
0.0023504065,0.0,0.81212556,0.05221175,110000.0,1100.0,20,11000.0,93.777405,10250.866,646.9569,-145.55884,625.7249,-895.7248,42907.746,0.0,0.0424025,0.0424025,7.0313195e-05,0.0003,560.2073,0.007299794530868531,3301.2663881778717,420000,,,,,,,,,,,,,,,,,,,,,,,
0.0025269424,0.0,1.2893384,0.052447475,110000.0,1100.0,20,11000.0,439.38782,10241.406,860.11646,-895.502,1046.2634,-1137.1771,65437.113,0.0,0.06762254,0.06762254,6.961148e-05,0.0003,1183.2383,0.007262761354446411,3337.580296278,425000,,,,,,,,,,,,,,,,,,,,,,,
0.003186968,0.0,0.97659725,0.05247835,110000.0,1100.0,20,11000.0,209.3865,10229.05,667.61414,-890.89246,748.0222,-697.5786,41950.85,0.0,0.051250212,0.051250212,6.890576e-05,0.0003,773.142,0.007328231620788574,3374.2215526103973,430000,,,,,,,,,,,,,,,,,,,,,,,
0.0033602894,0.0,1.2844445,0.05253383,110000.0,1100.0,20,11000.0,253.23224,10229.636,699.35846,-915.4709,1675.253,-1287.411,65074.797,0.0,0.06747679,0.06747679,6.8196256e-05,0.0003,995.4802,0.007232684183120727,3410.3850734233856,435000,,,,,,,,,,,,,,,,,,,,,,,
0.0029186541,0.0,0.9735203,0.051388573,110000.0,1100.0,20,11000.0,199.68597,10241.903,726.9596,-898.78284,684.05115,-766.321,42091.54,0.0,0.050027817,0.050027817,6.748313e-05,0.0003,749.9949,0.007301660394668579,3446.893441438675,440000,,,,,,,,,,,,,,,,,,,,,,,
0.0024079739,0.0,1.3342861,0.050924994,110000.0,1100.0,20,11000.0,276.51276,10239.164,863.9935,-3920.8357,855.575,-1089.5323,62172.152,0.0,0.06794851,0.06794851,6.67666e-05,0.0003,1023.94885,0.007221421003341675,3483.000641345978,445000,,,,,,,,,,,,,,,,,,,,,,,
0.0024652854,0.0,0.9494574,0.05019472,110000.0,1100.0,20,11000.0,243.44258,10302.301,827.9293,-937.11005,795.7774,-648.1271,44162.707,0.0,0.04765775,0.04765775,6.604685e-05,0.0003,767.6803,0.007453367853164673,3520.267580270767,450000,,,,,,,,,,,,,,,,,,,,,,,
0.0022121612,0.0,0.94976735,0.047280554,110000.0,1100.0,20,11000.0,198.64192,10247.667,814.96545,-220.38641,817.4353,-775.2843,50412.28,0.0,0.044905525,0.044905525,6.5324086e-05,0.0003,692.6049,0.0073396519660949705,3556.965922832489,455000,,,,,,,,,,,,,,,,,,,,,,,
0.0019089711,0.0,0.98452055,0.04700129,110000.0,1100.0,20,11000.0,126.37813,10236.038,606.3561,-4667.0034,644.32745,-554.68286,36406.71,0.0,0.04627374,0.04627374,6.4598484e-05,0.0003,635.3911,0.0071708723068237305,3592.8203632831573,460000,,,,,,,,,,,,,,,,,,,,,,,
0.0020612143,0.0,1.0001317,0.047888298,110000.0,1100.0,20,11000.0,56.51581,10232.715,630.5023,-161.34555,622.6598,-749.8607,35469.58,0.0,0.047894605,0.047894605,6.387027e-05,0.0003,583.3585,0.0075289174556732175,3630.4650328159332,465000,,,,,,,,,,,,,,,,,,,,,,,
0.0024771753,0.0,1.144684,0.04856626,110000.0,1100.0,20,11000.0,911.0644,10227.409,602.2975,-4485.851,828.9223,-733.94244,66312.41,0.0,0.055593014,0.055593014,6.3139625e-05,0.0003,1522.5901,0.007423659801483154,3667.5834259986877,470000,,,,,,,,,,,,,,,,,,,,,,,
0.0020671843,0.0,1.1288489,0.049657788,110000.0,1100.0,20,11000.0,86.50926,10240.087,683.94824,-608.30005,787.9353,-777.51624,48035.77,0.0,0.056056146,0.056056146,6.2406754e-05,0.0003,703.12897,0.00734534878730774,3704.310260295868,475000,,,,,,,,,,,,,,,,,,,,,,,
0.0025505014,0.0,0.8617673,0.05017168,110000.0,1100.0,20,11000.0,1757.8959,10216.765,591.6988,-935.21454,3057.1345,-3791.4888,119694.914,0.0,0.043236315,0.043236315,6.167186e-05,0.0003,2233.4978,0.00745362286567688,3741.5784657001495,480000,,,,,,,,,,,,,,,,,,,,,,,
0.002481049,0.0,0.972097,0.05049559,110000.0,1100.0,20,11000.0,130.39319,10240.241,646.5667,-963.9691,757.99005,-884.5896,46322.54,0.0,0.04908661,0.04908661,6.093515e-05,0.0003,670.34845,0.00737745943069458,3778.4658555984497,485000,,,,,,,,,,,,,,,,,,,,,,,
0.002503493,0.0,0.9552711,0.050786473,110000.0,1100.0,20,11000.0,136.28632,10214.148,705.7798,-996.45593,1175.0587,-1705.9375,46152.043,0.0,0.04851485,0.04851485,6.0196806e-05,0.0003,669.95215,0.007348076486587524,3815.206331014633,490000,,,,,,,,,,,,,,,,,,,,,,,
0.0024240697,0.0,0.69476336,0.050864886,110000.0,1100.0,20,11000.0,384.44714,10238.76,900.87604,-301.17148,1086.5133,-1062.453,71917.97,0.0,0.03533906,0.03533906,5.945705e-05,0.0003,773.1792,0.007244204950332641,3851.4274508953094,495000,,,,,,,,,,,,,,,,,,,,,,,
0.002508845,0.0,0.7065816,0.05149409,110000.0,1100.0,20,11000.0,446.9657,10335.65,707.4038,-232.64334,429.48004,-560.31335,47479.48,0.0,0.036384776,0.036384776,5.8716072e-05,0.0003,847.20074,0.007541467523574829,3889.1348853111267,500000,,,,,,,,,,,,,,,,,,,,,,,
0.002328641,0.0,0.98471016,0.050679285,110000.0,1100.0,20,11000.0,1786.4136,10245.39,837.31494,-144.40538,6957.041,-7161.8335,226210.8,0.0,0.049904406,0.049904406,5.7974077e-05,0.0003,2335.3643,0.011417166137695313,3946.220839738846,505000,,,,,,,,,,,,,,,,,,,,,,,
0.0027283393,0.0,0.9684949,0.049777493,110000.0,1100.0,20,11000.0,349.2664,10175.079,766.21106,-994.2705,706.4626,-718.46014,50634.29,0.0,0.048209246,0.048209246,5.7231267e-05,0.0003,879.5708,0.007734977006912232,3984.8958489894867,510000,,,,,,,,,,,,,,,,,,,,,,,
0.0025546981,0.0,0.9504398,0.04923007,110000.0,1100.0,20,11000.0,2226.8376,10243.295,942.7814,-1011.4686,3903.7317,-1643.0018,106755.52,0.0,0.04679022,0.04679022,5.6487854e-05,0.0003,2741.5325,0.0077635341167449955,4023.713644504547,515000,,,,,,,,,,,,,,,,,,,,,,,
0.0020887281,0.0,0.64682126,0.049570326,110000.0,1100.0,20,11000.0,862.9606,10242.081,723.47614,-921.6782,1671.6229,-1416.9082,69373.04,0.0,0.03206314,0.03206314,5.574403e-05,0.0003,1215.6572,0.008419374418258668,4065.810652256012,520000,,,,,,,,,,,,,,,,,,,,,,,
0.0025216136,0.0,0.7413146,0.04785256,110000.0,1100.0,20,11000.0,773.9888,10242.963,869.7145,-937.6674,1806.2675,-1716.968,76804.71,0.0,0.0354738,0.0354738,5.5000004e-05,0.0003,1164.2031,0.008664703989028931,4109.134298086166,525000,,,,,,,,,,,,,,,,,,,,,,,
0.0029346962,0.0,1.2490058,0.04597959,110000.0,1100.0,20,11000.0,299.07465,10301.484,970.2844,-287.43875,785.57764,-712.15765,53601.14,0.0,0.05742877,0.05742877,5.4255972e-05,0.0003,930.79407,0.00840133376121521,4151.1410875320435,530000,,,,,,,,,,,,,,,,,,,,,,,
0.0021720626,0.0,1.4233806,0.04628356,110000.0,1100.0,20,11000.0,719.1715,10227.288,898.2917,-186.95963,2716.9973,-3079.4944,103235.37,0.0,0.06587912,0.06587912,5.3512147e-05,0.0003,1443.844,0.008271069478988648,4192.496549367905,535000,,,,,,,,,,,,,,,,,,,,,,,
0.0023824642,0.0,1.2970214,0.04571524,110000.0,1100.0,20,11000.0,1084.1748,9898.613,686.7392,-914.26807,1806.6765,-2406.5063,86058.15,0.0,0.059293643,0.059293643,5.276873e-05,0.0003,1736.4072,0.008360947751998901,4234.301406621933,540000,,,,,,,,,,,,,,,,,,,,,,,
0.0015342692,0.0,0.89764506,0.046830658,110000.0,1100.0,20,11000.0,1606.7545,10250.161,1021.9772,-906.94617,1172.1953,-1041.815,85874.14,0.0,0.04203731,0.04203731,5.2025924e-05,0.0003,2069.1665,0.007575172519683838,4272.177378892899,545000,,,,,,,,,,,,,,,,,,,,,,,
0.0027573549,0.0,0.80898434,0.047295544,110000.0,1100.0,20,11000.0,363.83936,10236.867,863.58997,-204.05109,928.8319,-1432.206,48314.977,0.0,0.038261354,0.038261354,5.1283936e-05,0.0003,784.71704,0.007531789207458496,4309.836432933807,550000,,,,,,,,,,,,,,,,,,,,,,,
0.0024885554,0.0,1.193603,0.045098852,110000.0,1100.0,20,11000.0,594.90674,10189.075,806.45044,-860.95447,1281.1783,-1603.8179,70259.05,0.0,0.05383013,0.05383013,5.0542945e-05,0.0003,1187.0406,0.007518812656402588,4347.430609464645,555000,,,,,,,,,,,,,,,,,,,,,,,
0.0021822972,0.0,0.94842255,0.04415867,110000.0,1100.0,20,11000.0,845.4243,10244.453,873.79315,-850.66473,2758.8682,-2120.053,100777.16,0.0,0.04188108,0.04188108,4.9803188e-05,0.0003,1306.1184,0.007710458898544312,4385.983046293259,560000,,,,,,,,,,,,,,,,,,,,,,,
0.0016493319,0.0,0.8176996,0.04490413,110000.0,1100.0,20,11000.0,175.1339,9655.314,635.381,-873.58856,1465.9474,-1552.3033,49543.363,0.0,0.03671809,0.03671809,4.9064853e-05,0.0003,579.03455,0.007406450128555298,4423.015403270721,565000,,,,,,,,,,,,,,,,,,,,,,,
0.0020426994,0.0,0.91383344,0.04643629,110000.0,1100.0,20,11000.0,136.37933,10207.549,982.98285,-1020.6427,1721.4395,-1480.1084,49169.95,0.0,0.042435035,0.042435035,4.8328133e-05,0.0003,603.16675,0.007008641815185547,4458.058720827103,570000,,,,,,,,,,,,,,,,,,,,,,,
0.0020305072,0.0,0.7849298,0.04738429,110000.0,1100.0,20,11000.0,251.54214,10213.434,813.7538,-899.73944,936.0562,-883.47723,50404.74,0.0,0.03719334,0.03719334,4.7593247e-05,0.0003,660.6709,0.007252159023284912,4494.319617986679,575000,,,,,,,,,,,,,,,,,,,,,,,
0.0023969752,0.0,1.0208029,0.0470508,110000.0,1100.0,20,11000.0,225.6059,10191.608,666.69336,-275.58926,1299.2267,-1138.2935,51627.023,0.0,0.04802959,0.04802959,4.686038e-05,0.0003,753.9338,0.007647878885269165,4532.55911564827,580000,,,,,,,,,,,,,,,,,,,,,,,
0.002076129,0.0,0.8174892,0.046544123,110000.0,1100.0,20,11000.0,823.2351,10229.414,679.06287,-591.3989,965.26746,-1145.3271,61117.133,0.0,0.038049318,0.038049318,4.612974e-05,0.0003,1241.7797,0.007755643463134765,4571.337438821793,585000,,,,,,,,,,,,,,,,,,,,,,,
0.002380741,0.0,1.0564091,0.046126757,110000.0,1100.0,20,11000.0,114.673615,10216.867,1136.469,-885.9477,659.40015,-515.7462,38161.27,0.0,0.048728723,0.048728723,4.540152e-05,0.0003,650.6919,0.007359321689605713,4608.1341547966,590000,,,,,,,,,,,,,,,,,,,,,,,
0.0023737696,0.0,0.89010745,0.046839394,110000.0,1100.0,20,11000.0,131.57286,10224.523,963.09656,-953.4737,903.98926,-1082.398,44956.484,0.0,0.041692093,0.041692093,4.467592e-05,0.0003,590.1883,0.007581829118728638,4646.043376207352,595000,,,,,,,,,,,,,,,,,,,,,,,
0.0022900838,0.0,0.557117,0.047679365,110000.0,1100.0,20,11000.0,303.65695,10225.104,686.4907,-918.8091,972.8778,-1606.5461,56698.746,0.0,0.026562983,0.026562983,4.3953154e-05,0.0003,595.85205,0.007561892557144165,4683.852939367294,600000,,,,,,,,,,,,,,,,,,,,,,,
0.0019768844,0.0,0.96189076,0.04728694,110000.0,1100.0,20,11000.0,246.72192,10212.673,856.0674,-264.62958,973.9222,-1056.053,78496.44,0.0,0.04548487,0.04548487,4.3233405e-05,0.0003,747.0575,0.011473866033554077,4741.2224044799805,605000,,,,,,,,,,,,,,,,,,,,,,,
0.0024045438,0.0,0.8066782,0.048350073,110000.0,1100.0,20,11000.0,71.08968,10215.146,789.82715,-181.06772,921.53656,-794.6279,45625.996,0.0,0.03900295,0.03900295,4.251687e-05,0.0003,500.12457,0.007747561073303223,4779.960337162018,610000,,,,,,,,,,,,,,,,,,,,,,,
0.0031783802,0.0,1.3533462,0.04664361,110000.0,1100.0,20,11000.0,59.851578,10218.8955,756.53845,-161.25987,1664.0696,-1116.593,48190.57,0.0,0.063124955,0.063124955,4.1803753e-05,0.0003,754.22925,0.0076053297519683835,4817.987116098404,615000,,,,,,,,,,,,,,,,,,,,,,,
0.002230611,0.0,1.0499183,0.04677348,110000.0,1100.0,20,11000.0,53.060757,10277.097,785.0981,-246.63425,1000.50464,-1021.35315,54159.547,0.0,0.049108334,0.049108334,4.1094238e-05,0.0003,593.25464,0.0077052807807922365,4856.51363158226,620000,,,,,,,,,,,,,,,,,,,,,,,
0.0017901477,0.0,0.7064967,0.046685275,110000.0,1100.0,20,11000.0,602.4629,10207.691,621.8874,-1011.88715,3509.7563,-2544.1384,94421.66,0.0,0.032982994,0.032982994,4.0388528e-05,0.0003,965.2776,0.007693757534027099,4894.982540845871,625000,,,,,,,,,,,,,,,,,,,,,,,
0.0025404077,0.0,0.98776174,0.046299744,110000.0,1100.0,20,11000.0,3464.1296,10217.351,531.42914,-197.27219,8145.8267,-7280.7188,224224.9,0.0,0.045733117,0.045733117,3.9686805e-05,0.0003,3967.1963,0.007635239839553833,4933.158849954605,630000,,,,,,,,,,,,,,,,,,,,,,,
0.0028790077,0.0,0.9202907,0.045615245,110000.0,1100.0,20,11000.0,95.8515,10216.286,733.6293,-1039.855,957.054,-1006.14325,49819.125,0.0,0.041979283,0.041979283,3.8989278e-05,0.0003,557.6265,0.007265528631210327,4969.486583948135,635000,,,,,,,,,,,,,,,,,,,,,,,
0.0024052777,0.0,1.2041705,0.044698987,110000.0,1100.0,20,11000.0,174.48618,10212.177,695.5083,-1042.1372,802.1724,-714.47046,50120.875,0.0,0.0538252,0.0538252,3.8296123e-05,0.0003,766.5658,0.007610832166671753,5007.540842533112,640000,,,,,,,,,,,,,,,,,,,,,,,
0.0021343972,0.0,1.0729308,0.04572619,110000.0,1100.0,20,11000.0,906.12354,10204.388,685.404,-148.16966,1224.3981,-1667.4122,75056.89,0.0,0.049061038,0.049061038,3.7607537e-05,0.0003,1445.7971,0.007325620698928833,5044.169027805328,645000,,,,,,,,,,,,,,,,,,,,,,,
0.00269199,0.0,0.8775849,0.044536855,110000.0,1100.0,20,11000.0,271.73535,10209.326,881.23486,-296.87442,753.8859,-756.38965,52426.727,0.0,0.03908487,0.03908487,3.692371e-05,0.0003,701.67163,0.007656619739532471,5082.45220541954,650000,,,,,,,,,,,,,,,,,,,,,,,
0.002172609,0.0,1.0259392,0.044233035,110000.0,1100.0,20,11000.0,340.5739,10208.119,718.4044,-174.66245,975.43524,-1023.7235,52464.465,0.0,0.045380402,0.045380402,3.6244823e-05,0.0003,839.7605,0.007405885648727417,5119.481721639633,655000,,,,,,,,,,,,,,,,,,,,,,,
0.0020807018,0.0,1.1900584,0.042875703,110000.0,1100.0,20,11000.0,164.30014,10230.564,915.1086,-268.7119,947.4874,-892.15594,56387.117,0.0,0.05102459,0.05102459,3.5571058e-05,0.0003,725.57275,0.007693136167526245,5157.947484731674,660000,,,,,,,,,,,,,,,,,,,,,,,
0.002111395,0.0,0.77898645,0.042112343,110000.0,1100.0,20,11000.0,328.68027,10202.895,715.0801,-1079.6716,959.70557,-1207.4662,60738.27,0.0,0.032804944,0.032804944,3.490261e-05,0.0003,689.53674,0.007521777868270874,5195.556460618973,665000,,,,,,,,,,,,,,,,,,,,,,,
0.0023718334,0.0,1.1454475,0.04177123,110000.0,1100.0,20,11000.0,401.21558,10211.526,667.5641,-1091.9584,1103.5756,-923.52094,57771.156,0.0,0.04784675,0.04784675,3.4239645e-05,0.0003,927.5322,0.0076531662940979,5233.822381019592,670000,,,,,,,,,,,,,,,,,,,,,,,
0.0022098862,0.0,0.7215743,0.042302553,110000.0,1100.0,20,11000.0,219.96191,10219.189,875.188,-144.31104,784.7444,-762.49207,54922.07,0.0,0.030524436,0.030524436,3.3582368e-05,0.0003,555.7329,0.007594420576095581,5271.794571399689,675000,,,,,,,,,,,,,,,,,,,,,,,
0.002365573,0.0,0.7158971,0.041796677,110000.0,1100.0,20,11000.0,191.51797,10214.654,803.9669,-181.74739,1222.0228,-892.5755,58918.156,0.0,0.029922118,0.029922118,3.2930948e-05,0.0003,520.66364,0.008174966096878051,5312.669478416443,680000,,,,,,,,,,,,,,,,,,,,,,,
0.0023754488,0.0,1.1451448,0.039459247,110000.0,1100.0,20,11000.0,239.84291,9950.348,773.3561,-144.25623,819.5031,-932.6342,53212.918,0.0,0.045186553,0.045186553,3.228555e-05,0.0003,736.8974,0.007545759582519531,5350.398380994797,685000,,,,,,,,,,,,,,,,,,,,,,,
0.0024464864,0.0,1.1587495,0.038340338,110000.0,1100.0,20,11000.0,276.00134,10218.106,788.5083,-147.32301,1070.302,-703.8748,53951.32,0.0,0.044426844,0.044426844,3.1646374e-05,0.0003,764.6991,0.007683117580413818,5388.814074277878,690000,,,,,,,,,,,,,,,,,,,,,,,
0.0026598892,0.0,0.8003614,0.038142808,110000.0,1100.0,20,11000.0,613.27435,10181.833,735.285,-1184.3992,1720.28,-2131.292,81590.74,0.0,0.030528031,0.030528031,3.1013573e-05,0.0003,949.0854,0.007639849376678467,5427.013421535492,695000,,,,,,,,,,,,,,,,,,,,,,,
0.0024163132,0.0,1.2255018,0.040223423,110000.0,1100.0,20,11000.0,244.39548,10215.508,773.5211,-1212.0929,548.41296,-593.5057,49681.023,0.0,0.049293876,0.049293876,3.0387337e-05,0.0003,786.6305,0.00782456078529358,5466.136325597763,700000,,,,,,,,,,,,,,,,,,,,,,,
0.002423075,0.0,1.2761587,0.040643685,110000.0,1100.0,20,11000.0,499.1471,10210.32,725.7675,-585.3858,700.17896,-903.1624,62311.598,0.0,0.05186779,0.05186779,2.9767822e-05,0.0003,1069.6952,0.01150009970664978,5523.63698887825,705000,,,,,,,,,,,,,,,,,,,,,,,
0.0022335027,0.0,1.1299043,0.040563874,110000.0,1100.0,20,11000.0,293.74313,10214.488,671.6632,-1177.5063,1452.2616,-891.47894,64421.297,0.0,0.045833293,0.045833293,2.9155208e-05,0.0003,797.9116,0.008058682632446289,5563.930517196655,710000,,,,,,,,,,,,,,,,,,,,,,,
0.0021185349,0.0,1.117984,0.03982209,110000.0,1100.0,20,11000.0,971.28674,10208.359,894.96515,-1151.7183,2664.6936,-3065.1445,120259.08,0.0,0.04452046,0.04452046,2.8549664e-05,0.0003,1461.0139,0.007906554985046386,5603.463426351547,715000,,,,,,,,,,,,,,,,,,,,,,,
0.0022041479,0.0,1.134489,0.040612597,110000.0,1100.0,20,11000.0,201.15303,10210.576,863.9866,-1131.5035,868.6549,-1053.1764,65407.41,0.0,0.046074547,0.046074547,2.7951346e-05,0.0003,707.9752,0.00772507472038269,5642.088938713074,720000,,,,,,,,,,,,,,,,,,,,,,,
0.001736741,0.0,0.6550437,0.043082558,110000.0,1100.0,20,11000.0,382.08826,10212.441,915.2803,-1111.6676,1736.6628,-4465.0034,84200.67,0.0,0.028220959,0.028220959,2.736043e-05,0.0003,692.5205,0.007922721147537231,5681.702682256699,725000,,,,,,,,,,,,,,,,,,,,,,,
0.002412267,0.0,0.86423236,0.04335123,110000.0,1100.0,20,11000.0,269.57443,10132.526,806.7152,-1087.5759,972.8453,-1099.6835,58166.69,0.0,0.037465535,0.037465535,2.6777061e-05,0.0003,681.69775,0.007912696123123168,5721.266316652298,730000,,,,,,,,,,,,,,,,,,,,,,,
0.0022731617,0.0,0.9636715,0.043367,110000.0,1100.0,20,11000.0,158.84988,10197.663,821.2554,-146.52066,631.49115,-1063.7743,49623.965,0.0,0.04179154,0.04179154,2.6201416e-05,0.0003,618.5591,0.007891687870025635,5760.724893093109,735000,,,,,,,,,,,,,,,,,,,,,,,
0.0022888721,0.0,1.2029212,0.042531054,110000.0,1100.0,20,11000.0,646.32605,10177.341,843.01654,-159.60902,3490.6235,-5800.8115,157550.48,0.0,0.051161505,0.051161505,2.5633639e-05,0.0003,1209.105,0.007855047559738159,5800.000276088715,740000,,,,,,,,,,,,,,,,,,,,,,,
0.0024916513,0.0,1.0175908,0.042389642,110000.0,1100.0,20,11000.0,428.75696,10203.118,813.37244,-274.23038,680.10895,-598.81476,52152.6,0.0,0.043135308,0.043135308,2.5073889e-05,0.0003,903.2478,0.00811255259513855,5840.5631783008575,745000,,,,,,,,,,,,,,,,,,,,,,,
0.002277113,0.0,0.8557006,0.04265488,110000.0,1100.0,20,11000.0,206.32144,10066.932,718.6715,-137.41644,2025.2091,-2056.965,69373.805,0.0,0.036499806,0.036499806,2.4522331e-05,0.0003,607.8216,0.007951618146896362,5880.321400880814,750000,,,,,,,,,,,,,,,,,,,,,,,
0.0019586345,0.0,0.9887689,0.041778006,110000.0,1100.0,20,11000.0,111.112976,10203.271,865.8279,-1120.4657,1504.7029,-1748.0302,61691.203,0.0,0.04130879,0.04130879,2.3979092e-05,0.0003,565.51166,0.007989837121963501,5920.270722389221,755000,,,,,,,,,,,,,,,,,,,,,,,
0.0022316922,0.0,1.2702925,0.0409514,110000.0,1100.0,20,11000.0,1453.721,10172.748,732.68866,-1136.5853,2096.7356,-6768.3247,117864.37,0.0,0.05202026,0.05202026,2.3444345e-05,0.0003,2025.946,0.00771058702468872,5958.823799133301,760000,,,,,,,,,,,,,,,,,,,,,,,
0.0023429925,0.0,0.84635186,0.040331263,110000.0,1100.0,20,11000.0,291.06433,10148.723,845.0752,-1137.3102,1172.3004,-1034.0228,81388.08,0.0,0.03413444,0.03413444,2.2918219e-05,0.0003,666.54553,0.007859014129638672,5998.119007349014,765000,,,,,,,,,,,,,,,,,,,,,,,
0.002251176,0.0,0.9704194,0.040100154,110000.0,1100.0,20,11000.0,1191.9854,10096.747,682.01715,-1167.8206,3734.7498,-4154.531,127587.81,0.0,0.038913965,0.038913965,2.2400869e-05,0.0003,1620.0411,0.007822474956512452,6037.231483697891,770000,,,,,,,,,,,,,,,,,,,,,,,
0.0022112548,0.0,1.1073254,0.040064596,110000.0,1100.0,20,11000.0,257.89923,7543.422,533.73834,-1175.078,744.3931,-831.97546,53644.316,0.0,0.044364545,0.044364545,2.1892429e-05,0.0003,745.91144,0.007627743625640869,6075.370342493057,775000,,,,,,,,,,,,,,,,,,,,,,,
0.002145155,0.0,1.079984,0.040234666,110000.0,1100.0,20,11000.0,478.8,10168.393,774.2064,-413.3312,1922.7448,-3084.6514,72679.44,0.0,0.043452792,0.043452792,2.1393029e-05,0.0003,956.78284,0.007563108015060425,6113.186000347137,780000,,,,,,,,,,,,,,,,,,,,,,,
0.0023802242,0.0,0.97897124,0.039537247,110000.0,1100.0,20,11000.0,211.39261,10161.395,748.3865,-5076.2383,924.1435,-1270.5857,58721.727,0.0,0.03870583,0.03870583,2.0902831e-05,0.0003,637.1591,0.0075956519603729246,6151.164373397827,785000,,,,,,,,,,,,,,,,,,,,,,,
0.0022582237,0.0,0.9519247,0.0392244,110000.0,1100.0,20,11000.0,136.7279,10145.787,900.2984,-1150.2646,1405.3508,-1716.2067,57490.58,0.0,0.037338674,0.037338674,2.0421947e-05,0.0003,547.45557,0.007260291576385498,6187.465953111649,790000,,,,,,,,,,,,,,,,,,,,,,,
0.0017306008,0.0,0.75265473,0.03951728,110000.0,1100.0,20,11000.0,137.83784,10184.601,712.12195,-299.50772,1044.163,-1081.7343,46720.953,0.0,0.029742867,0.029742867,1.9950523e-05,0.0003,465.0111,0.007944861698150636,6227.190389871597,795000,,,,,,,,,,,,,,,,,,,,,,,
0.0024613328,0.0,1.1254761,0.039346535,110000.0,1100.0,20,11000.0,870.08014,10167.769,605.71686,-1143.4688,1315.1432,-1126.7863,73682.484,0.0,0.044283584,0.044283584,1.9488682e-05,0.0003,1357.202,0.0077737834453582766,6266.05943274498,800000,,,,,,,,,,,,,,,,,,,,,,,
0.001989051,0.0,0.8657946,0.038715508,110000.0,1100.0,20,11000.0,328.98413,10193.998,865.1626,-1144.3473,2341.3792,-1605.3132,64407.37,0.0,0.033519678,0.033519678,1.9036543e-05,0.0003,697.7026,0.011635962295532227,6324.239373683929,805000,,,,,,,,,,,,,,,,,,,,,,,
0.002662068,0.0,0.89520985,0.03888498,110000.0,1100.0,20,11000.0,253.67691,10175.744,691.2462,-1152.7236,823.9666,-1093.7157,60024.91,0.0,0.034810215,0.034810215,1.859424e-05,0.0003,636.5919,0.007812980222702026,6363.304434537888,810000,,,,,,,,,,,,,,,,,,,,,,,
0.0019021436,0.0,0.6009191,0.038875315,110000.0,1100.0,20,11000.0,254.67693,10187.557,760.84546,-265.89056,1251.9801,-2097.2039,71897.64,0.0,0.02336092,0.02336092,1.8161878e-05,0.0003,511.64896,0.008114266109466552,6403.8759207725525,815000,,,,,,,,,,,,,,,,,,,,,,,
0.002584938,0.0,0.96508795,0.03765953,110000.0,1100.0,20,11000.0,387.9242,10183.832,765.1624,-133.1714,1098.7568,-1229.2666,61116.766,0.0,0.036344755,0.036344755,1.7739603e-05,0.0003,787.7191,0.008031594705581666,6444.034020900726,820000,,,,,,,,,,,,,,,,,,,,,,,
0.001833783,0.0,1.1332504,0.03753626,110000.0,1100.0,20,11000.0,698.2829,10147.127,930.2512,-1109.0482,2948.8528,-4228.3813,108296.8,0.0,0.04253798,0.04253798,1.7327511e-05,0.0003,1166.2025,0.00833927812576294,6485.730554103851,825000,,,,,,,,,,,,,,,,,,,,,,,
0.0022619322,0.0,1.4133744,0.03782634,110000.0,1100.0,20,11000.0,159.10616,10164.438,792.99646,-273.1523,819.21265,-901.75574,47692.15,0.0,0.053462785,0.053462785,1.6925713e-05,0.0003,747.19904,0.007994780731201172,6525.704569339752,830000,,,,,,,,,,,,,,,,,,,,,,,
0.0019699603,0.0,0.9247578,0.038697325,110000.0,1100.0,20,11000.0,149.6903,10170.234,553.55646,-139.74738,1290.4178,-1297.9768,71166.805,0.0,0.035785653,0.035785653,1.653433e-05,0.0003,543.3345,0.00796378355026245,6565.523622274399,835000,,,,,,,,,,,,,,,,,,,,,,,
0.0022074261,0.0,0.9233527,0.039093833,110000.0,1100.0,20,11000.0,239.85889,10133.997,734.993,-1161.0233,1529.4407,-920.99713,62827.723,0.0,0.036097396,0.036097396,1.6153459e-05,0.0003,636.93243,0.007983483695983886,6605.441175937653,840000,,,,,,,,,,,,,,,,,,,,,,,
0.0019492663,0.0,0.7950982,0.03855137,110000.0,1100.0,20,11000.0,748.1608,10084.56,738.49866,-1142.4921,2057.8818,-1895.6007,89884.93,0.0,0.030652124,0.030652124,1.5783213e-05,0.0003,1085.3362,0.00808712396621704,6645.8769273757935,845000,,,,,,,,,,,,,,,,,,,,,,,
0.0017321028,0.0,1.3648435,0.038458254,110000.0,1100.0,20,11000.0,52.577126,10169.056,777.2698,-303.56104,1591.6271,-2431.7153,77907.766,0.0,0.052489497,0.052489497,1.542368e-05,0.0003,629.9633,0.00797582197189331,6685.756180524826,850000,,,,,,,,,,,,,,,,,,,,,,,
0.0019898326,0.0,1.3489711,0.03879518,110000.0,1100.0,20,11000.0,160.17586,10174.841,848.2167,-215.9669,1464.1476,-1409.0819,74184.15,0.0,0.05233358,0.05233358,1.5074969e-05,0.0003,735.8472,0.008187987995147705,6726.696253538132,855000,,,,,,,,,,,,,,,,,,,,,,,
0.0024943214,0.0,0.98427767,0.0403015,110000.0,1100.0,20,11000.0,486.1238,10268.839,622.7825,-1113.578,4277.9634,-3964.9995,124303.89,0.0,0.039667867,0.039667867,1.4737181e-05,0.0003,922.47284,0.007993546915054321,6766.66411280632,860000,,,,,,,,,,,,,,,,,,,,,,,
0.0023472041,0.0,1.1057842,0.040111374,110000.0,1100.0,20,11000.0,280.5426,10260.123,603.40375,-288.69205,1800.6298,-1153.9741,87124.625,0.0,0.044354524,0.044354524,1.4410394e-05,0.0003,768.4447,0.008239341545104981,6807.860953330994,865000,,,,,,,,,,,,,,,,,,,,,,,
0.0020375005,0.0,0.6999714,0.039725255,110000.0,1100.0,20,11000.0,1291.8582,10182.209,700.7342,-1119.5957,7231.4595,-4971.2886,152975.6,0.0,0.027806543,0.027806543,1.4094706e-05,0.0003,1597.7322,0.007640956544876099,6846.065870285034,870000,,,,,,,,,,,,,,,,,,,,,,,
0.0023581788,0.0,1.2297791,0.038000792,110000.0,1100.0,20,11000.0,152.38358,10184.675,699.47656,-1114.5841,1065.5145,-1000.2292,57866.258,0.0,0.046732582,0.046732582,1.37902e-05,0.0003,666.44434,0.00797797966003418,6885.955893754959,875000,,,,,,,,,,,,,,,,,,,,,,,
0.0021187656,0.0,1.1243213,0.037749864,110000.0,1100.0,20,11000.0,521.6021,10062.862,714.3257,-1080.8463,691.08563,-855.19293,63988.81,0.0,0.042442977,0.042442977,1.3496962e-05,0.0003,988.477,0.00776454849243164,6924.778768539429,880000,,,,,,,,,,,,,,,,,,,,,,,
0.0021295338,0.0,0.9330482,0.038372368,110000.0,1100.0,20,11000.0,452.0692,10130.048,768.6194,-292.91498,1698.6228,-1660.0098,83423.59,0.0,0.035803266,0.035803266,1.3215067e-05,0.0003,845.9073,0.007853430318832398,6964.046032905579,885000,,,,,,,,,,,,,,,,,,,,,,,
0.0018932172,0.0,0.82652,0.03751147,110000.0,1100.0,20,11000.0,1323.6887,10002.695,590.0283,-268.58383,2566.6455,-2379.3972,119234.695,0.0,0.031003982,0.031003982,1.2944596e-05,0.0003,1664.7345,0.00758705563545227,7001.981419801712,890000,,,,,,,,,,,,,,,,,,,,,,,
0.0022849126,0.0,0.827971,0.03644949,110000.0,1100.0,20,11000.0,425.59045,10151.76,773.7455,-1122.8855,964.4762,-886.303,66843.05,0.0,0.030179117,0.030179117,1.26856285e-05,0.0003,757.563,0.007404011487960815,7039.001579523087,895000,,,,,,,,,,,,,,,,,,,,,,,
0.002408252,0.0,1.1870788,0.035461016,110000.0,1100.0,20,11000.0,182.86078,10161.283,515.2932,-1119.8414,1328.2125,-1401.8956,76574.375,0.0,0.04209502,0.04209502,1.2438221e-05,0.0003,645.90845,0.007176646995544433,7074.884937047958,900000,,,,,,,,,,,,,,,,,,,,,,,
0.0017835851,0.0,1.1598196,0.03564722,110000.0,1100.0,20,11000.0,138.21931,10182.141,734.71545,-130.61052,636.1012,-1268.6838,41847.938,0.0,0.041344345,0.041344345,1.22024585e-05,0.0003,593.0089,0.011597814083099366,7132.874143362045,905000,,,,,,,,,,,,,,,,,,,,,,,
0.0018893048,0.0,1.0159496,0.036865607,110000.0,1100.0,20,11000.0,49.35157,10138.627,731.41846,-1106.9171,1704.1589,-1985.3608,54290.586,0.0,0.0374536,0.0374536,1.1978389e-05,0.0003,461.34305,0.007980766820907592,7172.778112411499,910000,,,,,,,,,,,,,,,,,,,,,,,
0.0018487332,0.0,0.8907733,0.037640516,110000.0,1100.0,20,11000.0,338.00723,10122.615,738.4082,-592.98456,1797.0343,-2059.6892,97604.83,0.0,0.033529166,0.033529166,1.1766084e-05,0.0003,706.82996,0.007806004285812378,7211.808298110962,915000,,,,,,,,,,,,,,,,,,,,,,,
0.0021537126,0.0,1.0462316,0.03749227,110000.0,1100.0,20,11000.0,389.7013,10125.155,740.34625,-226.3471,869.8718,-943.5726,61370.13,0.0,0.0392256,0.0392256,1.1565597e-05,0.0003,821.18506,0.008156259775161743,7252.58975315094,920000,,,,,,,,,,,,,,,,,,,,,,,
0.0020085878,0.0,0.9549768,0.03702594,110000.0,1100.0,20,11000.0,135.71196,10154.589,564.55615,-5033.54,1147.8632,-907.28,67602.98,0.0,0.035358913,0.035358913,1.1376989e-05,0.0003,524.66205,0.007990933036804199,7292.544548749924,925000,,,,,,,,,,,,,,,,,,,,,,,
0.0021188147,0.0,0.86153066,0.03753156,110000.0,1100.0,20,11000.0,1554.7466,10166.441,750.7362,-1144.8285,6937.1636,-7747.232,220074.84,0.0,0.03233459,0.03233459,1.1200302e-05,0.0003,1910.4292,0.008120586252212524,7333.147645235062,930000,,,,,,,,,,,,,,,,,,,,,,,
0.0021733001,0.0,0.63191164,0.037386972,110000.0,1100.0,20,11000.0,84.877754,10113.094,833.9645,-280.37604,651.1728,-469.75897,31439.494,0.0,0.023625262,0.023625262,1.103559e-05,0.0003,344.7578,0.007796900415420532,7372.132305145264,935000,,,,,,,,,,,,,,,,,,,,,,,
0.001913549,0.0,0.76398414,0.038849734,110000.0,1100.0,20,11000.0,67.81216,10145.763,795.95874,-1126.2924,1039.4545,-992.2163,46500.48,0.0,0.02968058,0.02968058,1.0882903e-05,0.0003,394.30048,0.008047409582138062,7412.369505167007,940000,,,,,,,,,,,,,,,,,,,,,,,
0.0018016218,0.0,0.9321944,0.037923813,110000.0,1100.0,20,11000.0,190.3748,10108.536,822.1431,-1161.6814,1796.5841,-1104.4669,65029.766,0.0,0.035352368,0.035352368,1.0742272e-05,0.0003,579.2526,0.008161489057540893,7453.177104234695,945000,,,,,,,,,,,,,,,,,,,,,,,
0.0019565434,0.0,1.0691901,0.037237324,110000.0,1100.0,20,11000.0,922.97797,10160.765,800.18585,-288.50363,10115.526,-7108.6694,203512.56,0.0,0.03981378,0.03981378,1.061374e-05,0.0003,1360.9315,0.008131882238388061,7493.836666107178,950000,,,,,,,,,,,,,,,,,,,,,,,
0.0020358497,0.0,1.0872189,0.036947977,110000.0,1100.0,20,11000.0,76.12279,10159.026,747.12634,-1181.463,1371.2603,-1373.5385,72449.35,0.0,0.040170535,0.040170535,1.0497346e-05,0.0003,518.00073,0.007963532018661498,7533.654479265213,955000,,,,,,,,,,,,,,,,,,,,,,,
0.0020554524,0.0,0.77706754,0.037682272,110000.0,1100.0,20,11000.0,383.0648,10153.203,615.44104,-1191.4838,2050.2795,-1168.5314,67797.234,0.0,0.02928167,0.02928167,1.0393118e-05,0.0003,705.16516,0.007907140922546387,7573.190324544907,960000,,,,,,,,,,,,,,,,,,,,,,,
0.0017645153,0.0,0.8832897,0.03694975,110000.0,1100.0,20,11000.0,152.73358,10186.848,894.3952,-1194.6198,1026.7089,-1428.7839,75371.664,0.0,0.03263733,0.03263733,1.0301083e-05,0.0003,511.746,0.007780724048614502,7612.0940890312195,965000,,,,,,,,,,,,,,,,,,,,,,,
0.0019074068,0.0,0.910787,0.037921723,110000.0,1100.0,20,11000.0,1683.1553,10140.107,636.6936,-238.6348,6021.5366,-4028.1624,149235.16,0.0,0.03453861,0.03453861,1.0221269e-05,0.0003,2063.082,0.007561724853515625,7649.902850151062,970000,,,,,,,,,,,,,,,,,,,,,,,
0.0020475197,0.0,0.8153924,0.03795218,110000.0,1100.0,20,11000.0,124.5307,10032.999,577.0109,-137.60216,994.74115,-987.038,47894.18,0.0,0.03094592,0.03094592,1.0153698e-05,0.0003,464.93787,0.007536046075820923,7687.583208084106,975000,,,,,,,,,,,,,,,,,,,,,,,
0.0022498264,0.0,1.1200813,0.03646272,110000.0,1100.0,20,11000.0,270.6599,9816.494,616.2248,-1204.0634,1070.2369,-1193.748,76802.24,0.0,0.04084121,0.04084121,1.0098386e-05,0.0003,719.9155,0.007708849811553955,7726.127594470978,980000,,,,,,,,,,,,,,,,,,,,,,,
0.002327595,0.0,0.64155185,0.037510436,110000.0,1100.0,20,11000.0,152.95059,10106.255,687.9026,-1182.955,690.5098,-744.8387,42941.35,0.0,0.024064891,0.024064891,1.005535e-05,0.0003,417.66675,0.007645049667358399,7764.353002548218,985000,,,,,,,,,,,,,,,,,,,,,,,
0.0019772653,0.0,1.1270103,0.036532577,110000.0,1100.0,20,11000.0,101.40053,10155.28,558.13525,-1201.6776,1331.9147,-1180.4525,63784.0,0.0,0.041172594,0.041172594,1.0024603e-05,0.0003,554.301,0.008017622900009156,7804.441304206848,990000,,,,,,,,,,,,,,,,,,,,,,,
0.0017891062,0.0,0.7733774,0.03642047,110000.0,1100.0,20,11000.0,142.48651,10147.025,783.26794,-1205.3656,1128.733,-1118.1133,52885.86,0.0,0.028166767,0.028166767,1.000615e-05,0.0003,452.32275,0.007754296922683716,7843.212937831879,995000,,,,,,,,,,,,,,,,,,,,,,,
0.002166541,0.0,1.0602974,0.035053026,110000.0,1100.0,20,11000.0,441.59625,10116.282,718.34375,-1212.1764,651.4821,-817.08563,59827.56,0.0,0.037166633,0.037166633,1e-05,0.0003,850.4314,0.007738759183883667,7881.906878709793,1000000,,,,,,,,,,,,,,,,,,,,,,,
5.912283e-05,0.0,,,,,,,159.35704,10123.265,1150.7349,-302.0428,257.6689,-81.461296,4636.388,,,,,,159.49953,0.02949082913398743,8029.361028909683,1005000,0.08203125,0.0037560097,0.0,0.14249115,0.084408045,5.912283e-05,1155.99,0.14243202,0.0,5.0612535,5.0612535,0.1,1.0,0.018613806,0.59191203,1480.71,0.0,5000.0,-1.1352888285955716,-239.3190058012402,200.0,3.7624917030334473,0.27192283706128667
2.7227718e-05,0.0,,,,,,,356.88727,10169.059,958.38574,-301.17627,476.04016,-407.63113,15293.564,,,,,,356.9875,0.019443814706802367,8126.580106258392,1010000,0.0703125,0.0028545675,0.0,0.10020696,0.049832582,2.7227718e-05,967.5664,0.10017974,0.0,2.2976494,2.2976494,0.1,1.0,0.027988475,0.3344094,1027.1548,0.0,10000.0,-1.242786636798425,-254.89902848211497,200.0,3.7538671493530273,0.15270917932553094
6.747418e-05,0.0,,,,,,,316.72073,10185.905,988.65106,-124.81353,212.42497,-360.0654,8998.704,,,,,,316.78473,0.019226571226119996,8222.712967157364,1015000,0.10546875,0.0045072115,0.0,0.06400087,0.104845285,6.747418e-05,997.8386,0.063933395,0.0,2.9785502,2.9785502,0.1,1.0,0.016300272,0.32637206,1226.746,0.0,15000.0,-1.2598570520407764,-256.339405568237,200.0,3.7983572483062744,0.14168784614312407
0.00011829074,0.0,,,,,,,1926.8395,10211.421,1508.2223,-287.46143,2054.0076,-2921.2983,94629.9,,,,,,1929.8856,0.019381437540054322,8319.620159387589,1020000,0.11328125,0.0052584135,0.0,3.04609,0.09927392,0.00011829074,1543.2705,3.0459716,0.0,3.854526,3.854526,0.1,1.0,0.01749248,0.3350516,1600.8701,0.0,20000.0,0.769533572096764,-73.90369197718229,200.0,3.7909750938415527,1.5376311746159443
0.00016420682,0.0,,,,,,,18518.062,10147.769,5794.758,-335.7241,17867.555,-13008.022,396609.25,,,,,,18523.729,0.01926316432952881,8415.93598484993,1025000,0.1171875,0.0052584135,0.0,5.6668034,0.15214539,0.00016420682,5847.8887,5.6666393,0.0,22.116812,22.116812,0.1,1.0,0.022286529,1.0550967,6579.774,0.0,25000.0,-1.1819849027679412,-241.22313777957444,200.0,4.237063884735107,0.25735299062406053
7.9888116e-05,0.0,,,,,,,6617.2393,10119.435,5944.004,-94.35454,5935.178,-15653.131,199614.42,,,,,,6618.1143,0.01904170517921448,8511.144514799118,1030000,0.078125,0.00390625,0.0,0.87523466,0.1089443,7.9888116e-05,5974.514,0.8751548,0.0,9.510959,9.510959,0.1,1.0,0.0047099832,0.39351535,5456.1436,0.0,30000.0,-1.2615035360067115,-253.38841886456498,200.0,3.702345609664917,0.16426791076049915
0.00012995536,0.0,,,,,,,1432.6165,10434.928,5563.67,2655.9036,1771.5261,-1360.4379,55784.58,,,,,,1433.0978,0.019370125341415405,8607.99514579773,1035000,0.10546875,0.0060096155,0.0,0.4813382,0.18755126,0.00012995536,5587.5938,0.48120824,0.0,3.1592937,3.1592937,0.1,1.0,0.0020344998,0.3261527,5505.0576,0.0,35000.0,0.7673733320527478,-2.879996714837964,200.0,3.8026723861694336,2.081083175396879
6.564469e-05,0.0,,,,,,,1502.8525,10623.048,5422.7363,2349.4102,832.41156,-2921.5962,55152.7,,,,,,1504.1704,0.01933690948486328,8704.679696798325,1040000,0.125,0.004957933,0.0,1.3179207,0.04425025,6.564469e-05,5463.0903,1.317855,0.0,6.667797,6.667797,0.1,1.0,0.0031144535,0.2925381,5477.9766,0.0,40000.0,-1.1195425086602557,-129.44217530362633,200.0,4.211664915084839,1.1126673682044679
0.00012356421,0.0,,,,,,,1927.1294,10719.328,4941.6543,174.19168,3523.0068,-2217.737,102761.35,,,,,,1927.4254,0.019116407537460328,8800.26173877716,1045000,0.11328125,0.005859375,0.0,0.29607695,0.15656233,0.00012356421,4969.133,0.2959534,0.0,4.2702465,4.2702465,0.1,1.0,0.0027406379,0.3344724,4961.336,0.0,45000.0,-1.128211502157814,-195.1253724024154,200.0,3.715069532394409,0.6100792566006679
6.740641e-05,0.0,,,,,,,2087.8599,10690.895,4648.3486,2040.2367,1435.2988,-1032.0391,57238.867,,,,,,2088.6328,0.019276818466186525,8896.645834445953,1050000,0.1015625,0.004657452,0.0,0.77292526,0.06051755,6.740641e-05,4689.7275,0.77285784,0.0,4.731947,4.731947,0.1,1.0,0.0028807847,0.33666253,4748.745,0.0,50000.0,26.64212736638191,10947.350583377884,200.0,3.7969980239868164,85.8689612319059
6.656977e-05,0.0,,,,,,,4254.084,10985.099,6154.101,1182.3643,1727.8408,-1822.314,91965.55,,,,,,4256.1934,0.01914358625411987,8992.363770008087,1055000,0.05859375,0.0022536058,0.0,2.1092565,0.22958314,6.656977e-05,6242.914,2.10919,0.0,9.789284,9.789284,0.1,1.0,0.004525557,0.32807574,6451.4844,0.0,55000.0,-1.216116843745126,-248.87544553049798,200.0,3.715554714202881,0.19879982829605491
5.798547e-05,0.0,,,,,,,5092.4805,10959.104,5669.7637,1458.9375,2053.422,-5125.5283,138981.25,,,,,,5093.295,0.019268373155593873,9088.705639839172,1060000,0.09375,0.004206731,0.0,0.81462896,0.047580957,5.798547e-05,5707.0273,0.81457096,0.0,5.485095,5.485095,0.1,1.0,0.0025558406,0.31468534,6341.878,0.0,60000.0,-1.1605471494423103,-238.780221740444,200.0,3.739232301712036,0.27604545099663635
0.000108775865,0.0,,,,,,,1735.1277,11028.405,5234.4043,388.81888,1105.1304,-2022.0447,52587.934,,,,,,1735.2743,0.019474483489990233,9186.07806110382,1065000,0.140625,0.007211539,0.0,0.14657885,0.037469387,0.000108775865,5271.741,0.14647007,0.0,4.1809115,4.1809115,0.1,1.0,0.0019002259,0.2803576,5762.5464,0.0,65000.0,1.5778409654909353,-3.9311618526985566,200.0,3.790430784225464,2.0730399752337303
0.00017502141,0.0,,,,,,,1898.6562,10875.864,4808.0137,150.43657,829.8213,-1807.9083,47131.793,,,,,,1899.5133,0.019544589757919312,9283.801013708115,1070000,0.11328125,0.005709135,0.0,0.8571133,0.18526864,0.00017502141,4837.006,0.8569383,0.0,5.729706,5.729706,0.1,1.0,0.0056050885,0.3419048,4736.2617,0.0,70000.0,1.101216031317663,-111.7691951773548,200.0,4.268305540084839,1.2478957081818174
5.735366e-05,0.0,,,,,,,1614.8894,10806.316,4872.456,2554.6917,1729.4188,-1007.1917,47375.207,,,,,,1615.5476,0.019286106729507445,9380.231552124023,1075000,0.1015625,0.0043569715,0.0,0.65823865,0.0844636,5.735366e-05,4902.5728,0.6581813,0.0,6.299307,6.299307,0.1,1.0,0.0027597283,0.30871463,5020.217,0.0,75000.0,-1.1740193678012982,-92.08817115503837,200.0,3.720745086669922,1.3984889974050574
0.000101506856,0.0,,,,,,,1146.7148,10552.201,4910.6274,104.9318,1231.6084,-909.10693,40560.844,,,,,,1148.4279,0.019454491567611695,9477.50401353836,1080000,0.08984375,0.004657452,0.0,1.7130563,0.12341142,0.000101506856,4938.1426,1.7129548,0.0,5.799713,5.799713,0.1,1.0,0.0041724653,0.34739652,5020.8535,0.0,80000.0,1.0033040831622242,-70.39995327780618,200.0,3.7596349716186523,1.5644407316145799
6.4218846e-05,0.0,,,,,,,1119.6168,10916.532,4544.325,81.11284,1462.7443,-749.9475,48167.598,,,,,,1120.8021,0.019284512758255004,9573.926581859589,1085000,0.1015625,0.004206731,0.0,1.1852976,0.1368891,6.4218846e-05,4568.0464,1.1852334,0.0,5.4775457,5.4775457,0.1,1.0,0.0036174236,0.2859209,4879.386,0.0,85000.0,0.9049663581488037,-31.5898454549099,200.0,4.275402069091797,1.861404029130573
3.585832e-05,0.0,,,,,,,2512.7036,10717.834,4702.752,660.30743,2207.332,-2313.8425,79478.805,,,,,,2513.8142,0.01918152675628662,9669.834220170975,1090000,0.0625,0.002704327,0.0,1.1105949,0.03228426,3.585832e-05,4735.79,1.110559,0.0,5.445015,5.445015,0.1,1.0,0.0046873447,0.3063887,5028.086,0.0,90000.0,-1.3460011412310537,-243.57403587815054,200.0,3.744255542755127,0.2393646239165254
6.0619557e-05,0.0,,,,,,,3499.822,10853.346,4395.6436,1572.597,1978.2717,-2749.9585,91292.46,,,,,,3501.4893,0.019205275869369508,9765.86060333252,1095000,0.08203125,0.0037560097,0.0,1.6672689,0.056144595,6.0619557e-05,4458.812,1.6672082,0.0,19.702223,19.702223,0.1,1.0,0.007355136,0.51496416,4416.499,1.0,95000.0,101.8014834407527,9919.55832450712,200.0,3.77077317237854,78.00460332420617
7.460193e-05,0.0,,,,,,,1937.8856,10207.979,4924.894,989.1997,1453.3906,-1598.869,55063.727,,,,,,1938.1979,0.019184627866744994,9861.783747673035,1100000,0.09765625,0.0040564905,0.0,0.31226504,0.09025955,7.460193e-05,4953.605,0.31219044,0.0,6.007956,6.007956,0.1,1.0,0.0035319696,0.30247232,5024.779,0.0,100000.0,0.9184276673805976,-201.15924878063453,200.0,3.702022075653076,0.5639098454190091
0.00012561353,0.0,,,,,,,4293.134,10776.696,4819.013,1631.749,4433.6455,-2701.5757,113353.11,,,,,,4294.017,0.023164312219619752,9977.605315446854,1105000,0.125,0.005408654,0.0,0.8832663,0.111929655,0.00012561353,4881.8,0.88314074,0.0,11.945372,11.945372,0.1,1.0,0.0050645545,0.35033348,5321.6885,0.0,105000.0,0.8447327559794917,169.48779811954546,200.0,3.7994956970214844,3.399989811089877
0.00010499771,0.0,,,,,,,2682.8125,10982.724,4963.049,38.673126,1450.0302,-1625.2649,59050.227,,,,,,2684.0159,0.01952085337638855,10075.209588766098,1110000,0.1328125,0.006159856,0.0,1.2034276,0.07655811,0.00010499771,4991.3203,1.2033225,0.0,5.692634,5.692634,0.1,1.0,0.0034137073,0.329979,4422.994,0.0,110000.0,0.7613210464429234,6.972230854101355,200.0,3.776978015899658,2.1564694639406103
0.00010248792,0.0,,,,,,,2472.6533,10952.892,5229.387,69.13151,2743.0793,-2459.7932,72566.47,,,,,,2473.5112,0.01957577061653137,10173.088448286057,1115000,0.1015625,0.0045072115,0.0,0.85788345,0.15249944,0.00010248792,5260.9336,0.857781,0.0,5.936066,5.936066,0.1,1.0,0.0071477536,0.40767762,5110.0684,0.0,115000.0,-1.1717102091888167,-237.57070321996255,200.0,3.7427732944488525,0.28530032371917324
7.408974e-05,0.0,,,,,,,2376.8848,11008.473,5056.9526,1765.9559,1437.1389,-1875.2222,71887.9,,,,,,2378.7397,0.019292780113220213,10269.55235362053,1120000,0.06640625,0.0025540867,0.0,1.8549114,0.18789995,7.408974e-05,5096.8413,1.8548373,0.0,7.245809,7.245809,0.1,1.0,0.0030181548,0.32977268,5266.5615,0.0,120000.0,-1.3042651418198636,-265.04840496966625,200.0,3.7637462615966797,0.07504919643580574
9.560951e-05,0.0,,,,,,,10702.384,11025.11,5496.5327,650.6856,22087.492,-22604.121,399501.25,,,,,,10703.622,0.019469807624816895,10366.901397705078,1125000,0.07421875,0.003455529,0.0,1.2381686,0.12587273,9.560951e-05,5541.5547,1.238073,0.0,15.882553,15.882553,0.1,1.0,0.006357177,0.38668716,5221.6846,1.0,125000.0,99.71749257239365,15677.651008735578,200.0,3.766557216644287,122.06380044662197
0.00014010278,0.0,,,,,,,3151.2966,10958.48,5352.7236,1763.8623,3514.5046,-1056.1941,92270.914,,,,,,3153.1099,0.01951970148086548,10464.499911308289,1130000,0.12109375,0.005859375,0.0,1.8132739,0.20228195,0.00014010278,5390.0156,1.8131338,0.0,12.735214,12.735214,0.1,1.0,0.0066499263,0.5587686,4956.6455,0.0,130000.0,26.62879821750943,2669.3691045811506,200.0,4.3138427734375,22.52833131308022
0.00012758061,0.0,,,,,,,3065.789,10960.145,5625.3364,132.3218,4208.3696,-1653.3965,86902.08,,,,,,3066.8513,0.019557875633239748,10562.28929567337,1135000,0.078125,0.0031550482,0.0,1.0621765,0.45601666,0.00012758061,5686.0225,1.0620489,0.0,10.25528,10.25528,0.1,1.0,0.0042881584,0.3451119,5676.801,0.0,135000.0,-0.7236080858186593,-103.41246115076189,200.0,4.183692216873169,1.3118389289614583
0.00012912143,0.0,,,,,,,3197.6375,10794.285,5488.7627,1194.6852,3895.428,-3968.6367,119613.8,,,,,,3199.1528,0.019596165227890015,10660.270127773285,1140000,0.09765625,0.0048076925,0.0,1.5154692,0.101879,0.00012912143,5526.286,1.5153401,0.0,7.874116,7.874116,0.1,1.0,0.0035687517,0.3456992,5781.7925,0.0,140000.0,1.3098299847295314,121.15786364643265,200.0,4.267658472061157,3.0301836571012952
0.00011694817,0.0,,,,,,,4700.632,11063.419,5643.0815,977.56647,5512.157,-8249.344,151547.69,,,,,,4701.8022,0.019428753900527954,10757.413903713226,1145000,0.1328125,0.005859375,0.0,1.1702911,0.16207671,0.00011694817,5682.381,1.1701741,0.0,9.928186,9.928186,0.1,1.0,0.0035234275,0.31699276,5106.909,0.0,145000.0,0.8817596094118874,-42.96141334536525,200.0,3.7627158164978027,1.7743922044253508
6.413603e-05,0.0,,,,,,,3903.5244,11028.451,5974.884,2688.047,4329.6104,-3143.698,120936.52,,,,,,3905.5723,0.019433780765533447,10854.58281326294,1150000,0.09375,0.0043569715,0.0,2.0478015,0.11059928,6.413603e-05,6034.41,2.0477374,0.0,11.33132,11.33132,0.1,1.0,0.0071145543,0.42768618,5756.8926,1.0,150000.0,101.71087088647057,11131.592413779756,200.0,3.8403329849243164,87.27872442417004
0.00011594956,0.0,,,,,,,5640.002,10826.878,5920.9795,1525.2412,7155.869,-4014.4702,106492.14,,,,,,5642.4233,0.019361868000030518,10951.392160892487,1155000,0.1015625,0.0051081735,0.0,2.4212582,0.11374545,0.00011594956,5966.9673,2.4211423,0.0,16.011412,16.011412,0.1,1.0,0.0057728095,0.40820256,5853.138,0.0,155000.0,26.822678051379107,11552.07631120126,200.0,3.8220627307891846,90.49614101318038
9.4100695e-05,0.0,,,,,,,2717.9006,10938.437,6152.467,525.3691,921.5796,-2502.914,58532.176,,,,,,2718.5828,0.019311057329177858,11047.947453022003,1160000,0.0625,0.0025540867,0.0,0.6821473,0.3285638,9.4100695e-05,6190.55,0.6820532,0.0,8.1936035,8.1936035,0.1,1.0,0.0035782717,0.34610885,6128.6196,0.0,160000.0,-1.260709727977452,-245.85408777697072,200.0,3.732609987258911,0.22191835106742538
8.7418885e-05,0.0,,,,,,,5291.6025,10893.441,6323.758,-105.4989,3688.8518,-2464.6943,105416.52,,,,,,5292.4937,0.019455110120773316,11145.223009347916,1165000,0.08984375,0.0040564905,0.0,0.89096737,0.08059132,8.7418885e-05,6369.795,0.8908799,0.0,6.983766,6.983766,0.1,1.0,0.008989306,0.2713976,6510.993,0.0,165000.0,0.8411981394146166,-42.20120417126522,200.0,3.7918665409088135,1.7802090968744226
7.42284e-05,0.0,,,,,,,5495.4404,11254.987,6297.83,-273.1407,3899.58,-7456.464,134160.52,,,,,,5505.5,0.019327700233459474,11241.861515522003,1170000,0.06640625,0.0028545675,0.0,10.059812,0.152524,7.42284e-05,6334.3066,10.059737,0.0,16.364534,16.364534,0.1,1.0,0.004780963,0.39961508,6354.5303,1.0,170000.0,101.74685422824604,15742.595054889725,200.0,3.8166251182556152,122.56073279702859
8.333023e-05,0.0,,,,,,,3233.1338,10909.565,6618.5503,-261.03268,2616.941,-5198.1045,93560.59,,,,,,3233.9478,0.019452072858810426,11339.12188577652,1175000,0.08203125,0.0037560097,0.0,0.8140061,0.13259315,8.333023e-05,6657.589,0.81392276,0.0,13.286778,13.286778,0.1,1.0,0.0043896474,0.5163895,6711.2007,1.0,175000.0,99.54550408033126,12174.969078727856,200.0,4.2475244998931885,95.26232953003971
6.245041e-05,0.0,,,,,,,2645.7974,11001.76,6346.9634,152.30165,1418.8398,-3022.9834,67729.19,,,,,,2648.5078,0.01945893507003784,11436.416567325592,1180000,0.08984375,0.0043569715,0.0,2.7104802,0.045101643,6.245041e-05,6404.6494,2.7104177,0.0,11.173788,11.173788,0.1,1.0,0.0043527028,0.762331,6103.258,0.0,180000.0,24.580082223365746,3942.4660528704544,200.0,3.7922892570495605,32.26968708428213
0.0001039104,0.0,,,,,,,4929.5015,10972.782,6730.0566,-62.6227,2370.373,-2524.6304,113381.84,,,,,,4933.173,0.019501311445236206,11533.923130273819,1185000,0.14453125,0.0070612985,0.0,3.6714652,0.04128933,0.0001039104,6816.2656,3.6713612,0.0,22.719437,22.719437,0.1,1.0,0.0053146947,0.48235673,7238.093,1.0,185000.0,101.7041473211275,11583.745167663048,200.0,3.7951135635375977,90.7384615984869
3.967015e-05,0.0,,,,,,,5059.2686,10922.648,6572.0664,139.73775,1676.9376,-2294.938,87883.234,,,,,,5060.159,0.019530919694900513,11631.577734470367,1190000,0.08984375,0.00390625,0.0,0.8905658,0.110017896,3.967015e-05,6606.3057,0.8905261,0.0,9.763506,9.763506,0.1,1.0,0.0051049353,0.3700807,6364.04,0.0,190000.0,26.50865491696457,12490.105313586439,200.0,3.8159615993499756,97.67365742166615
7.647371e-05,0.0,,,,,,,3498.2908,10961.357,6685.842,2838.4033,3096.9473,-2338.879,87455.47,,,,,,3499.1887,0.019432513666152954,11728.740308761597,1195000,0.125,0.0055588945,0.0,0.8979117,0.08023751,7.647371e-05,6737.5654,0.89783525,0.0,15.953152,15.953152,0.1,1.0,0.006533742,0.7279377,7193.8447,1.0,195000.0,99.75141010056042,16124.817731244897,200.0,3.747446060180664,125.4853860052543
0.00013116976,0.0,,,,,,,3740.7092,10973.209,6895.174,2446.6567,2915.693,-2091.1377,98226.05,,,,,,3743.7131,0.01938443613052368,11825.662495136261,1200000,0.12890625,0.006460337,0.0,3.00392,0.12528396,0.00013116976,6950.5625,3.003789,0.0,15.663872,15.663872,0.1,1.0,0.0063913018,0.51734316,6829.3945,0.0,200000.0,1.5122072071941852,161.90342398469642,200.0,4.256410121917725,3.3419564564040902
2.806607e-05,0.0,,,,,,,4206.9736,10831.18,6836.204,95.87738,4764.6167,-7401.3013,131829.31,,,,,,4208.4536,0.02341018648147583,11942.71343255043,1205000,0.0546875,0.0022536058,0.0,1.4798055,0.055697083,2.806607e-05,6874.796,1.4797775,0.0,7.1180897,7.1180897,0.1,1.0,0.007120511,0.28690168,6406.1724,1.0,205000.0,101.71454969772375,15667.21702667614,200.0,3.7960047721862793,121.98396274731094
0.0001283256,0.0,,,,,,,2583.5488,10911.685,6617.5464,2358.374,2099.5317,-2020.2965,73709.71,,,,,,2584.4536,0.019475791358947753,12040.09239602089,1210000,0.109375,0.0048076925,0.0,0.9048024,0.124123216,0.0001283256,6666.699,0.90467405,0.0,9.157827,9.157827,0.1,1.0,0.0052235844,0.29507166,6812.3164,1.0,210000.0,101.74695360049301,14606.96560093178,200.0,3.8343701362609863,113.87123703621856
9.1653485e-05,0.0,,,,,,,3198.459,10711.316,6553.84,-192.23488,3982.9275,-2363.063,94797.766,,,,,,3199.201,0.01949121537208557,12137.548479557037,1215000,0.125,0.007211539,0.0,0.7419274,0.0619725,9.1653485e-05,6613.118,0.7418357,0.0,9.239071,9.239071,0.1,1.0,0.0030446101,0.30596128,6903.162,1.0,215000.0,101.5980693168935,17102.04269948993,200.0,3.8445098400115967,132.9628181811526
8.407008e-05,0.0,,,,,,,2165.0818,10842.761,6583.427,-222.10854,2484.739,-3669.139,69156.2,,,,,,2166.2737,0.019475825357437134,12234.927611351013,1220000,0.1171875,0.005709135,0.0,1.1918159,0.07992303,8.407008e-05,6637.6484,1.1917318,0.0,12.440106,12.440106,0.1,1.0,0.0035665538,0.3496543,6282.497,0.0,220000.0,26.620579433446125,11909.164876945486,200.0,3.806831121444702,93.22847555016669
9.8536264e-05,0.0,,,,,,,3221.6587,10806.176,6709.76,2546.1384,1858.1504,-2154.3223,76321.695,,,,,,3225.1353,0.019611827945709228,12332.986758470535,1225000,0.1015625,0.0055588945,0.0,3.4766688,0.102485776,9.8536264e-05,6767.5425,3.4765704,0.0,14.519989,14.519989,0.1,1.0,0.004131943,0.41640335,6690.7188,0.0,225000.0,-1.2104051822156574,-46.10076776700462,200.0,3.783111810684204,1.750370806562307
9.809598e-05,0.0,,,,,,,2672.1487,10864.392,6711.3887,986.4454,3615.025,-8626.775,82992.21,,,,,,2672.8542,0.019639727210998534,12431.185399770737,1230000,0.11328125,0.004957933,0.0,0.70562595,0.10711956,9.809598e-05,6764.868,0.70552784,0.0,11.029247,11.029247,0.1,1.0,0.005107754,0.3740386,6226.085,1.0,230000.0,101.82526015151352,16681.568830742992,200.0,3.826143741607666,129.74547832855026
7.0673275e-05,0.0,,,,,,,3198.6638,10944.39,6736.0938,-150.1151,3576.9214,-1834.4121,82371.695,,,,,,3199.8308,0.01947956314086914,12528.583221197128,1235000,0.08984375,0.00390625,0.0,1.167006,0.06563175,7.0673275e-05,6779.412,1.1669353,0.0,7.5894685,7.5894685,0.1,1.0,0.0040234188,0.34108377,6929.535,1.0,235000.0,101.81462994186222,16160.222872297565,200.0,3.8173928260803223,125.75629551893046
0.00012738782,0.0,,,,,,,3883.87,10711.226,6713.8555,211.83147,3326.6208,-4135.1074,103394.72,,,,,,3884.641,0.019494847965240477,12626.057467222214,1240000,0.0859375,0.00390625,0.0,0.77095073,0.22008312,0.00012738782,6764.3887,0.77082336,0.0,10.742588,10.742588,0.1,1.0,0.0036331168,0.39956266,6944.987,1.0,240000.0,101.77609326002835,16674.105155271413,200.0,3.795118570327759,129.6883685238122
9.046941e-05,0.0,,,,,,,2811.0225,10734.585,6901.0215,-274.90558,3112.709,-2433.6875,95048.266,,,,,,2811.5125,0.01957316999435425,12723.92332315445,1245000,0.11328125,0.004957933,0.0,0.48991823,0.0838511,9.046941e-05,6954.0234,0.48982775,0.0,10.257313,10.257313,0.1,1.0,0.0054106675,0.3328749,6676.055,0.0,245000.0,24.601100519547195,7431.067129252005,200.0,3.814638376235962,58.963415534810196
0.00011004832,0.0,,,,,,,5608.519,11182.387,6803.365,2915.481,6543.174,-4741.0596,136756.05,,,,,,5610.1274,0.019745434808731078,12822.650502681732,1250000,0.1328125,0.0078125,0.0,1.6081761,0.09744632,0.00011004832,6849.1196,1.6080661,0.0,12.3253355,12.3253355,0.1,1.0,0.004343052,0.3784799,6589.1445,1.0,250000.0,99.59213731003527,16145.931478718006,200.0,3.809108018875122,125.6469420643394
3.72927e-05,0.0,,,,,,,3228.1016,10836.38,7044.55,2603.8093,1892.4103,-3823.379,89763.41,,,,,,3228.6157,0.0197259464263916,12921.280240774155,1255000,0.08203125,0.0033052885,0.0,0.5141398,0.04260063,3.72927e-05,7106.286,0.51410246,0.0,13.985393,13.985393,0.1,1.0,0.00399242,0.31243917,7413.748,1.0,255000.0,101.71104015292008,17210.952711491518,200.0,3.8276219367980957,133.79616490732212
4.8942384e-05,0.0,,,,,,,4825.972,10805.289,6916.32,1926.8875,4015.2793,-8860.361,185856.73,,,,,,4826.5615,0.01960596146583557,13019.310054302216,1260000,0.08203125,0.0033052885,0.0,0.5894413,0.05420506,4.8942384e-05,6962.8184,0.58939236,0.0,10.425482,10.425482,0.1,1.0,0.0042349426,0.29262352,7426.807,1.0,260000.0,101.46118187882618,7582.2049558751305,200.0,4.265787124633789,60.119876825209516
6.8166795e-05,0.0,,,,,,,3926.3818,10816.273,6867.3887,-105.47879,3761.19,-2764.8782,124996.38,,,,,,3926.99,0.0196723735332489,13117.671928167343,1265000,0.09765625,0.004657452,0.0,0.6080758,0.06980848,6.8166795e-05,6919.934,0.6080076,0.0,10.798416,10.798416,0.1,1.0,0.004989635,0.373222,6341.784,1.0,265000.0,101.7007658769725,17107.01512442764,200.0,4.009985446929932,133.0008656844703
7.2755174e-05,0.0,,,,,,,2599.4458,10864.017,6906.9116,2228.2412,2691.162,-1064.5562,75944.3,,,,,,2600.2612,0.01961391682624817,13215.741519451141,1270000,0.1171875,0.0052584135,0.0,0.8153174,0.06262386,7.2755174e-05,6963.3228,0.8152446,0.0,11.342466,11.342466,0.1,1.0,0.003296459,0.34313834,6794.719,1.0,270000.0,99.72554681517829,17294.107923510102,200.0,3.8335213661193848,134.43244363345624
4.142448e-05,0.0,,,,,,,2495.0928,10918.809,6912.7705,2544.7861,1827.1748,-1678.6711,67754.55,,,,,,2495.8364,0.019576558828353883,13313.624320030212,1275000,0.0546875,0.0022536058,0.0,0.74366915,0.056067824,4.142448e-05,6951.93,0.7436277,0.0,8.892234,8.892234,0.1,1.0,0.0034786179,0.32334033,6709.714,1.0,275000.0,101.71267771022555,17086.523761807282,200.0,3.8201520442962646,132.84407192749066
8.5714724e-05,0.0,,,,,,,3251.8052,10779.772,6830.231,2527.005,1502.7797,-2693.0776,83491.27,,,,,,3253.7505,0.019571651887893678,13411.482586145401,1280000,0.11328125,0.0051081735,0.0,1.9452703,0.14927459,8.5714724e-05,6871.5054,1.9451846,0.0,12.667276,12.667276,0.1,1.0,0.0062320405,0.4367486,6434.9688,1.0,280000.0,99.72684363401976,16723.57854721069,200.0,3.7443387508392334,130.06692407116168
0.000159359,0.0,,,,,,,6170.387,10701.73,6929.1094,227.0902,6185.814,-7251.7144,206040.31,,,,,,6171.4385,0.01948092312812805,13508.887207984924,1285000,0.1328125,0.006610577,0.0,1.0513073,0.11377454,0.000159359,6994.833,1.0511479,0.0,13.422572,13.422572,0.1,1.0,0.0061231097,0.3708388,6754.367,0.0,285000.0,1.2529427635283301,164.69226936454262,200.0,3.823085069656372,3.3632958642727995
4.2148295e-05,0.0,,,,,,,2837.9478,10757.593,6918.247,-171.04474,1862.3419,-2332.3687,97106.34,,,,,,2838.3005,0.019467257070541383,13606.223499298096,1290000,0.05859375,0.0022536058,0.0,0.35272032,0.06666279,4.2148295e-05,6967.715,0.35267818,0.0,9.126621,9.126621,0.1,1.0,0.0036574514,0.3442733,6553.331,1.0,290000.0,101.6952587056243,14187.768008353503,200.0,3.8412132263183594,110.66366286582756
0.00017622852,0.0,,,,,,,5234.211,10720.223,7071.543,3242.775,2929.3208,-2544.1467,136166.19,,,,,,5235.4565,0.01955720896720886,13704.009550333023,1295000,0.09765625,0.004657452,0.0,1.2457045,0.46904898,0.00017622852,7146.588,1.2455283,0.0,12.9202585,12.9202585,0.1,1.0,0.003841414,0.3503401,7219.506,1.0,295000.0,101.84615305280649,17394.91946393472,200.0,3.8354640007019043,135.2038232856019
5.193173e-05,0.0,,,,,,,6067.3457,10637.134,7117.3867,547.2293,3490.7766,-2407.242,124378.43,,,,,,6068.142,0.019482059240341187,13801.41985321045,1300000,0.09765625,0.0040564905,0.0,0.7965624,0.04587686,5.193173e-05,7176.0195,0.79651046,0.0,11.953014,11.953014,0.1,1.0,0.0069048684,0.35052735,7128.4727,1.0,300000.0,101.60080571397768,16143.22821751425,200.0,3.786081552505493,125.62625752090091
0.00017939358,0.0,,,,,,,6635.3276,10762.816,7064.9336,141.51163,3132.5833,-3358.7268,129172.516,,,,,,6638.3286,0.023394925022125243,13918.39448428154,1305000,0.1328125,0.006460337,0.0,3.0008504,0.17689967,0.00017939358,7101.42,3.0006711,0.0,12.893394,12.893394,0.1,1.0,0.006686218,0.5177272,6980.579,0.0,305000.0,-1.0007013367162443,-129.6935430908025,200.0,3.751786470413208,1.1107439773365586
0.00016754368,0.0,,,,,,,3779.272,10753.403,6801.1567,149.68878,7505.7715,-5586.757,100883.234,,,,,,3781.604,0.019517269134521485,14015.980836391449,1310000,0.13671875,0.0078125,0.0,2.3319883,0.11392784,0.00016754368,6851.345,2.3318207,0.0,13.183629,13.183629,0.1,1.0,0.0050934553,0.3309683,6737.463,1.0,310000.0,101.51116933381083,17081.30489734694,200.0,4.294782876968384,132.80413874290628
0.00012509385,0.0,,,,,,,4364.8896,10912.844,7100.937,1635.8336,6372.667,-7074.6504,133155.5,,,,,,4365.568,0.01942658748626709,14113.113780021667,1315000,0.15625,0.0070612985,0.0,0.67816305,0.08035469,0.00012509385,7146.036,0.67803794,0.0,16.265934,16.265934,0.1,1.0,0.002620169,0.46554726,7332.9473,1.0,315000.0,99.67568204239068,16881.25727181987,200.0,3.7626352310180664,131.2734343499204
7.758012e-05,0.0,,,,,,,3748.1626,10913.616,7033.334,-28.444956,11210.442,-10715.822,119352.45,,,,,,3749.515,0.019760482358932494,14211.91619849205,1320000,0.06640625,0.0028545675,0.0,1.3522545,0.21564221,7.758012e-05,7074.3022,1.3521769,0.0,10.592091,10.592091,0.1,1.0,0.005011617,0.3340643,7071.6455,1.0,320000.0,101.78026801534298,1565.9649811054612,200.0,3.8045873641967773,14.085414109774405
0.00010180615,0.0,,,,,,,4642.5513,10684.935,7200.3496,3062.2761,4567.172,-3905.311,96276.56,,,,,,4643.468,0.01958476905822754,14309.840049982071,1325000,0.11328125,0.0055588945,0.0,0.91650444,0.18055677,0.00010180615,7236.219,0.91640264,0.0,11.653936,11.653936,0.1,1.0,0.0037051393,0.35672194,7256.2266,0.0,325000.0,-1.1084894730950505,-136.5506349037465,200.0,3.738617420196533,1.058275568708731
6.606682e-05,0.0,,,,,,,10527.039,10755.377,6901.573,2475.1562,35962.137,-17089.117,360936.0,,,,,,10528.254,0.019361596012115477,14406.648036241531,1330000,0.07421875,0.0030048077,0.0,1.2148539,0.08219814,6.606682e-05,6940.262,1.2147878,0.0,10.889946,10.889946,0.1,1.0,0.0036081003,0.4485715,7148.646,0.0,330000.0,26.693253760484104,3260.916683021917,200.0,3.820493698120117,27.05467585025602
7.064356e-05,0.0,,,,,,,9940.691,10874.958,6865.2104,2212.4917,21652.734,-29705.635,449155.7,,,,,,9941.231,0.01954528956413269,14504.374490261078,1335000,0.08203125,0.0037560097,0.0,0.5398972,0.08446431,7.064356e-05,6890.1094,0.5398266,0.0,11.139709,11.139709,0.1,1.0,0.004799124,0.3533409,7278.329,1.0,335000.0,101.68500561815134,15733.757051506554,200.0,3.860591411590576,122.49310704756917
8.593145e-05,0.0,,,,,,,3942.4985,10733.342,6935.298,2900.8875,7781.929,-12423.646,163882.34,,,,,,3943.0972,0.019422680950164795,14601.487901210785,1340000,0.12890625,0.005408654,0.0,0.5985127,0.052173615,8.593145e-05,6992.744,0.59842676,0.0,15.420584,15.420584,0.1,1.0,0.004788234,0.3874126,7030.834,0.0,340000.0,-1.1093650560550437,-138.77443215561723,200.0,3.7467992305755615,1.0412597395351533
0.000105801366,0.0,,,,,,,4979.8994,10923.298,6486.9727,422.5053,4097.1943,-2882.7595,110201.734,,,,,,4980.823,0.01952643880844116,14699.1201004982,1345000,0.09375,0.0040564905,0.0,0.9237828,0.1593188,0.000105801366,6532.518,0.923677,0.0,8.754027,8.754027,0.1,1.0,0.004022289,0.33945712,7006.832,0.0,345000.0,-1.2922231335432448,-263.83407419733976,200.0,4.217829465866089,0.08434089106522576
8.549017e-05,0.0,,,,,,,7819.1436,10797.396,6624.2085,270.626,11268.708,-9687.518,194156.47,,,,,,7820.5454,0.019559857368469238,14796.919394016266,1350000,0.1015625,0.0045072115,0.0,1.4018036,0.1774236,8.549017e-05,6660.0186,1.4017181,0.0,16.365528,16.365528,0.1,1.0,0.003990818,0.30148694,7139.1216,0.0,350000.0,-1.2332113713493382,-248.09071483445757,200.0,3.7582287788391113,0.20480435207170647
6.29501e-05,0.0,,,,,,,16584.41,10912.077,6578.5728,2850.6116,18105.912,-17454.57,448154.5,,,,,,16585.094,0.019635246324539186,14895.095631361008,1355000,0.10546875,0.0052584135,0.0,0.68429375,0.073869824,6.29501e-05,6633.4004,0.6842308,0.0,11.408892,11.408892,0.1,1.0,0.0051656524,0.3726172,6109.764,0.0,355000.0,1.4012097424308974,162.68313407543008,200.0,3.833190441131592,3.3479225640147
0.000104931474,0.0,,,,,,,44590.895,10643.97,6476.6123,1513.3475,31440.803,-42400.71,665587.9,,,,,,44591.418,0.01960369539260864,14993.114114522934,1360000,0.09765625,0.0043569715,0.0,0.5220534,0.11316967,0.000104931474,6507.8906,0.5219485,0.0,13.690768,13.690768,0.1,1.0,0.005271608,0.3234969,6582.2866,0.0,360000.0,26.636474222159077,3264.784453955652,200.0,3.8161985874176025,27.084270872659978
8.359029e-05,0.0,,,,,,,7714.9976,10981.22,6757.4346,1436.6979,10547.214,-16713.893,259849.4,,,,,,7715.898,0.019535512399673462,15090.791682958603,1365000,0.11328125,0.0051081735,0.0,0.9005141,0.09160209,8.359029e-05,6836.9224,0.90043056,0.0,12.707895,12.707895,0.1,1.0,0.004905044,0.4016593,7195.9014,0.0,365000.0,-1.131412084554599,-68.65323650706647,200.0,3.7517476081848145,1.5778060841261574
5.7881127e-05,0.0,,,,,,,8433.713,11014.118,6678.5303,1292.8181,6824.851,-11207.046,169352.5,,,,,,8434.277,0.01956428279876709,15188.613105297089,1370000,0.06640625,0.0030048077,0.0,0.56469744,0.06575167,5.7881127e-05,6720.6514,0.56463957,0.0,10.595947,10.595947,0.1,1.0,0.004822268,0.52501774,6630.452,0.0,370000.0,26.66815747944906,7661.326713136262,200.0,3.821153163909912,60.725292766045015
0.00013859893,0.0,,,,,,,5519.621,10681.997,6967.7773,1713.2782,6119.0444,-8900.558,142367.14,,,,,,5520.6313,0.01956315588951111,15286.428890943527,1375000,0.109375,0.0045072115,0.0,1.0101123,0.13586283,0.00013859893,7027.059,1.0099736,0.0,12.559446,12.559446,0.1,1.0,0.004898863,0.35800153,6874.338,0.0,375000.0,-0.9720462476107977,105.28592840203291,200.0,4.224924087524414,2.9087363720371564
5.6757897e-05,0.0,,,,,,,4350.6924,11066.771,6875.8555,256.421,2632.329,-4226.4824,120221.48,,,,,,4352.555,0.01948383722305298,15383.848083019257,1380000,0.046875,0.001953125,0.0,1.8628864,0.06529367,5.6757897e-05,6919.4033,1.8628297,0.0,10.575046,10.575046,0.1,1.0,0.0036112862,0.3824306,6462.7764,0.0,380000.0,-1.3292122527635308,-261.7334969216436,200.0,3.7383482456207275,0.10041387796143517
0.00012006548,0.0,,,,,,,3236.665,10818.703,6784.6055,1671.0051,2019.0673,-1758.8102,76645.72,,,,,,3237.452,0.019524870824813842,15481.472442865372,1385000,0.1484375,0.007361779,0.0,0.78698546,0.05305946,0.00012006548,6852.7764,0.7868654,0.0,14.262767,14.262767,0.1,1.0,0.005727087,0.34969223,6875.4185,1.0,385000.0,101.8607660801749,16922.230889935076,200.0,3.8639161586761475,131.58695217888848
9.7274315e-05,0.0,,,,,,,4897.371,10786.272,6667.21,936.2735,2856.6558,-5273.919,118935.42,,,,,,4898.9634,0.019643793249130247,15579.691414356232,1390000,0.08984375,0.0040564905,0.0,1.5922431,0.09925914,9.7274315e-05,6715.1533,1.5921458,0.0,16.6446,16.6446,0.1,1.0,0.0058311187,0.42687315,6315.8555,1.0,390000.0,101.82767477289669,16602.540132521408,200.0,3.829896926879883,129.14077444755685
0.000106305786,0.0,,,,,,,4941.7603,10988.118,6832.632,2951.1416,2752.0903,-2143.488,105753.8,,,,,,4942.578,0.01956842737197876,15677.533556699753,1395000,0.0859375,0.0040564905,0.0,0.8179575,0.23985481,0.000106305786,6881.6475,0.8178512,0.0,9.466564,9.466564,0.1,1.0,0.0049254615,0.32500482,7395.1533,1.0,395000.0,101.78697713089468,11598.094175984723,200.0,3.8262710571289062,90.8482559037935
0.00017303754,0.0,,,,,,,4461.9365,11054.919,6994.672,2225.6196,5668.508,-2855.55,124041.71,,,,,,4462.7427,0.01968673448562622,15775.967235326767,1400000,0.140625,0.006610577,0.0,0.806097,0.18396175,0.00017303754,7028.131,0.80592394,0.0,10.408568,10.408568,0.1,1.0,0.004399848,0.3627726,7206.058,0.0,400000.0,26.79020687509648,2338.0174652656397,200.0,3.830124616622925,19.992928013056073
6.848277e-05,0.0,,,,,,,4879.701,10758.225,6775.136,-13.8766,12130.559,-14365.256,153959.36,,,,,,4880.504,0.023856983852386476,15895.252160310745,1405000,0.08203125,0.0033052885,0.0,0.8027251,0.09752107,6.848277e-05,6819.0337,0.8026566,0.0,14.040245,14.040245,0.1,1.0,0.0050879433,0.580922,6979.5645,1.0,405000.0,101.80516918738506,12104.321648562765,200.0,3.848207950592041,94.72175659685969
0.00012634657,0.0,,,,,,,4635.7515,10921.545,6987.008,2945.8342,4455.793,-2263.3186,96759.25,,,,,,4636.653,0.019718868255615234,15993.84650850296,1410000,0.12109375,0.005709135,0.0,0.9014798,0.09154379,0.00012634657,7033.9834,0.9013534,0.0,10.726759,10.726759,0.1,1.0,0.0041322606,0.35233364,6942.6445,1.0,410000.0,101.80125072679701,10207.898740886018,200.0,3.821384906768799,80.21089765468716
3.8494287e-05,0.0,,,,,,,6721.5186,10932.182,6887.4556,346.70853,2914.1064,-1746.9222,115504.375,,,,,,6722.6025,0.019557357549667358,16091.633303403854,1415000,0.078125,0.0033052885,0.0,1.0837404,0.042965293,3.8494287e-05,6945.122,1.0837018,0.0,12.032987,12.032987,0.1,1.0,0.007217994,0.36683336,6753.0303,1.0,415000.0,101.72757181801222,7526.444837129639,200.0,3.78930401802063,59.69321713108789
4.73056e-05,0.0,,,,,,,5111.5146,10962.095,6868.3228,805.32965,4951.554,-5782.686,141525.94,,,,,,5112.7974,0.019597702836990357,16189.62182378769,1420000,0.07421875,0.0030048077,0.0,1.2826334,0.05062449,4.73056e-05,6911.5605,1.2825861,0.0,13.0682955,13.0682955,0.1,1.0,0.0061254576,0.3559118,6672.6895,1.0,420000.0,99.7026695731091,16547.269968797777,200.0,4.214255332946777,128.71786374221904
6.829691e-05,0.0,,,,,,,4435.521,10835.245,6924.327,981.7169,7810.921,-6368.1426,153855.86,,,,,,4443.1655,0.01973823170661926,16288.312988519669,1425000,0.0546875,0.0028545675,0.0,7.644366,0.08241677,6.829691e-05,6960.757,7.6442976,0.0,7.1218805,7.1218805,0.1,1.0,0.0036909073,0.29132864,7018.5864,1.0,425000.0,101.85369543627644,16291.342341289053,200.0,3.877229690551758,126.75958234456732
9.7228985e-05,0.0,,,,,,,3485.443,11083.643,7202.783,162.47015,2861.2012,-3389.5032,88565.83,,,,,,3486.0798,0.019895940160751344,16387.792695999146,1430000,0.10546875,0.004657452,0.0,0.63673896,0.085778475,9.7228985e-05,7246.254,0.63664174,0.0,7.854654,7.854654,0.1,1.0,0.00647327,0.3895716,7554.0747,0.0,430000.0,1.4476182653381025,260.1521054501089,200.0,4.332470893859863,4.0937258809495845
0.00012736993,0.0,,,,,,,4711.842,10998.776,6964.875,2644.897,2601.1287,-2236.683,117637.93,,,,,,4712.968,0.019703617238998414,16486.310791254044,1435000,0.140625,0.006911058,0.0,1.125754,0.07559943,0.00012736993,7005.054,1.1256267,0.0,13.338188,13.338188,0.1,1.0,0.004851735,0.32149506,7566.486,1.0,435000.0,101.80743853422044,12303.72147555914,200.0,3.8338427543640137,96.24750422990357
9.831303e-05,0.0,,,,,,,15812.283,10962.374,7056.8574,1176.8296,25363.41,-36285.996,467322.8,,,,,,15813.995,0.019616185808181762,16584.391726970673,1440000,0.11328125,0.005709135,0.0,1.7117784,0.0815686,9.831303e-05,7110.551,1.71168,0.0,14.899252,14.899252,0.1,1.0,0.0047527715,0.4174106,7800.8184,1.0,440000.0,101.7982267622143,14520.81198302837,200.0,4.281484127044678,113.21201540812413
6.833349e-05,0.0,,,,,,,3614.9763,11124.571,7396.91,2483.1785,2969.1035,-2891.1584,102996.91,,,,,,3615.259,0.019608556747436525,16682.43451833725,1445000,0.09765625,0.0045072115,0.0,0.28280243,0.05599773,6.833349e-05,7455.213,0.2827341,0.0,9.823572,9.823572,0.1,1.0,0.005230766,0.32653427,7387.715,0.0,445000.0,1.4219888692086564,144.79555797028794,200.0,3.8258042335510254,3.2110522000107777
9.0378555e-05,0.0,,,,,,,4324.882,11176.137,7307.2437,1879.3109,2562.6729,-3353.304,104333.63,,,,,,4325.516,0.01957908434867859,16780.329946756363,1450000,0.10546875,0.004957933,0.0,0.63445604,0.06590569,9.0378555e-05,7354.0693,0.6343657,0.0,11.003023,11.003023,0.1,1.0,0.0037974352,0.29330632,7207.452,0.0,450000.0,24.647411100706535,4190.121649970985,200.0,3.825571298599243,34.16467338782128
8.4831416e-05,0.0,,,,,,,4180.0684,11311.09,7311.547,1316.9885,4233.216,-2907.14,116949.664,,,,,,4182.704,0.019774414682388306,16879.20202732086,1455000,0.05859375,0.002704327,0.0,2.6358495,0.14732373,8.4831416e-05,7350.2617,2.6357646,0.0,16.703865,16.703865,0.1,1.0,0.004819677,0.44181597,7354.3716,1.0,455000.0,99.69318524899701,17393.863783165896,200.0,3.7976882457733154,135.19574553318586
9.835442e-05,0.0,,,,,,,15127.246,11105.598,7301.077,3034.797,11752.474,-8919.8125,292159.25,,,,,,15127.567,0.019620103645324707,16977.30255150795,1460000,0.09375,0.0043569715,0.0,0.3217157,0.06305623,9.835442e-05,7356.7065,0.32161736,0.0,9.462838,9.462838,0.1,1.0,0.0031081848,0.33845162,7673.1265,1.0,460000.0,101.66127901613537,2000.48717108286,200.0,4.2749552726745605,17.410247500302447
0.00010410159,0.0,,,,,,,4859.6924,11485.181,7263.168,1223.7732,6622.5854,-6989.0415,157565.97,,,,,,4861.279,0.019556464481353758,17075.084881305695,1465000,0.0859375,0.0040564905,0.0,1.5866086,0.100280166,0.00010410159,7311.94,1.5865046,0.0,10.036967,10.036967,0.1,1.0,0.004811831,0.3147161,7470.3506,0.0,465000.0,1.4605567606493275,184.2584108755775,200.0,3.814575433731079,3.5130101069978243
0.00010275945,0.0,,,,,,,3366.9097,11026.633,7224.2036,2198.5513,3350.7678,-4206.502,104157.586,,,,,,3367.6746,0.019653511095046997,17173.352442979813,1470000,0.1171875,0.005408654,0.0,0.7647966,0.085683584,0.00010275945,7268.029,0.76469386,0.0,10.673522,10.673522,0.1,1.0,0.006866689,0.34219337,7497.2744,1.0,470000.0,101.64914130962416,5438.997875577816,200.0,4.257413387298584,43.72069945808986
2.6458374e-05,0.0,,,,,,,6491.481,11066.935,7200.0566,-240.05208,18659.438,-18825.111,256126.53,,,,,,6494.1294,0.01950137143135071,17270.85930633545,1475000,0.03515625,0.0013521635,0.0,2.6486602,0.059209704,2.6458374e-05,7252.4243,2.6486337,0.0,19.212019,19.212019,0.1,1.0,0.003900934,0.5125443,7557.7134,1.0,475000.0,99.73706753023377,17380.060784631303,200.0,3.8454885482788086,135.0901291309036
0.00012960639,0.0,,,,,,,4112.225,10954.725,7040.085,-268.71555,6369.5425,-12579.647,113682.79,,,,,,4112.6235,0.019678757190704346,17369.25309896469,1480000,0.0703125,0.003455529,0.0,0.39833057,0.19516635,0.00012960639,7084.32,0.39820096,0.0,9.983025,9.983025,0.1,1.0,0.0043060603,0.32115215,7350.62,1.0,480000.0,101.8160920689605,11657.792254596014,200.0,3.8442301750183105,91.30504768496239
4.050168e-05,0.0,,,,,,,7885.4336,11517.144,7240.7637,1701.297,11732.624,-7982.253,199234.48,,,,,,7887.58,0.019570424604415895,17467.10522866249,1485000,0.046875,0.001953125,0.0,2.1463172,0.076340675,4.050168e-05,7281.4844,2.1462767,0.0,11.257727,11.257727,0.1,1.0,0.0036136988,0.3198073,7605.662,1.0,485000.0,99.71420594256901,17240.357598331815,200.0,4.247114658355713,134.02116227653914
3.501497e-05,0.0,,,,,,,4318.358,10909.62,6931.5723,1445.7812,4920.8047,-2241.1282,103027.58,,,,,,4319.1226,0.019511976623535158,17564.665117263794,1490000,0.06640625,0.002704327,0.0,0.76472497,0.06438887,3.501497e-05,6974.081,0.76469,0.0,10.526125,10.526125,0.1,1.0,0.0042492403,0.36759555,6451.709,0.0,490000.0,-0.5803567134197851,14.006384462020062,200.0,3.7596471309661865,2.210292696284459
8.1672835e-05,0.0,,,,,,,7223.419,10804.783,7243.451,3351.635,5168.259,-7162.0654,152099.44,,,,,,7224.5684,0.01965172266960144,17662.923736810684,1495000,0.11328125,0.0052584135,0.0,1.1495084,0.04873848,8.1672835e-05,7288.3145,1.1494267,0.0,11.608793,11.608793,0.1,1.0,0.0035684241,0.3892391,7124.711,1.0,495000.0,101.77553940919226,16490.051907113208,200.0,4.309861898422241,128.28004830627998
3.4006494e-05,0.0,,,,,,,3683.5332,10882.042,7249.3027,3071.4285,5214.359,-6103.876,109735.05,,,,,,3689.6455,0.019580921268463135,17760.828350543976,1500000,0.05859375,0.0024038462,0.0,6.1122007,0.055553675,3.4006494e-05,7291.7964,6.112167,0.0,14.105898,14.105898,0.1,1.0,0.004114502,0.3572834,7444.8086,0.0,500000.0,26.800501385476455,14525.674596844683,200.0,3.828282356262207,113.24922266969703
9.629613e-05,0.0,,,,,,,7101.387,10836.975,6949.7905,64.32014,6278.3545,-6755.903,168680.27,,,,,,7102.388,0.02376192798614502,17879.63799548149,1505000,0.12109375,0.005709135,0.0,1.0007693,0.14497697,9.629613e-05,6992.5615,1.0006729,0.0,10.781942,10.781942,0.1,1.0,0.0052813864,0.39500692,6622.8193,1.0,505000.0,99.67948066578168,17219.34340108457,200.0,3.821357011795044,133.86036794590572
5.575216e-05,0.0,,,,,,,6173.0938,10765.415,7238.3184,-145.70929,4673.645,-5137.9424,147963.34,,,,,,6173.913,0.019696249961853027,17978.119250774384,1510000,0.0859375,0.0037560097,0.0,0.8193717,0.0635823,5.575216e-05,7276.3184,0.81931597,0.0,11.8895,11.8895,0.1,1.0,0.0041980147,0.37069836,7333.1445,0.0,510000.0,1.4885576153418527,199.7692921319809,200.0,4.304610967636108,3.6316947153039916
7.421619e-05,0.0,,,,,,,6863.7,10758.273,7017.126,2417.4055,13477.227,-10132.27,275683.7,,,,,,6865.73,0.019515249824523927,18075.69550538063,1515000,0.078125,0.003455529,0.0,2.029634,0.1013968,7.421619e-05,7053.456,2.0295599,0.0,17.067272,17.067272,0.1,1.0,0.005179938,0.543702,6955.098,1.0,515000.0,101.70974088618411,14365.4864718501,200.0,3.8478689193725586,112.0235112123011
0.00013349294,0.0,,,,,,,4154.335,10761.938,7180.106,2599.9011,3013.8645,-4076.1125,111354.8,,,,,,4154.6055,0.019741097927093505,18174.401000738144,1520000,0.12890625,0.006610577,0.0,0.27035764,0.09103954,0.00013349294,7221.7256,0.27022415,0.0,8.671396,8.671396,0.1,1.0,0.002972758,0.34815004,7435.9355,1.0,520000.0,101.7585791243002,16359.795385466783,200.0,3.857527494430542,127.28336449474298
6.4716354e-05,0.0,,,,,,,4083.8115,10801.076,7308.791,2420.443,3162.572,-4824.9766,122908.48,,,,,,4085.079,0.019741328191757203,18273.10764694214,1525000,0.1171875,0.0048076925,0.0,1.2676446,0.069506526,6.4716354e-05,7348.881,1.2675799,0.0,10.233606,10.233606,0.1,1.0,0.0040705106,0.32854423,7225.034,0.0,525000.0,-0.7937814515042959,-115.09012246445253,200.0,4.205034255981445,1.2224849692452568
0.0001041802,0.0,,,,,,,8917.648,11060.499,7319.165,2416.1428,9755.918,-19113.043,243494.17,,,,,,8918.566,0.01965525116920471,18371.383909225464,1530000,0.078125,0.0033052885,0.0,0.91777235,0.13782442,0.0001041802,7365.3193,0.91766816,0.0,13.962242,13.962242,0.1,1.0,0.00400142,0.30317593,7381.128,1.0,530000.0,101.81083773969657,15801.594284368026,200.0,3.8960182666778564,123.01217719436785
0.00015403196,0.0,,,,,,,6993.764,10888.866,7281.704,952.89496,6265.447,-16818.223,191406.6,,,,,,6994.291,0.01956015510559082,18469.184689760208,1535000,0.1015625,0.004657452,0.0,0.5268907,0.32260418,0.00015403196,7317.7295,0.5267367,0.0,13.666388,13.666388,0.1,1.0,0.0055531934,0.41693535,7122.377,1.0,535000.0,101.6791862549622,17006.36001764253,200.0,3.839409828186035,132.23068301558592
9.591392e-05,0.0,,,,,,,6440.1865,10678.622,7048.7837,1690.0935,7229.836,-9883.63,239472.12,,,,,,6441.5396,0.019605431604385375,18567.211853027344,1540000,0.0859375,0.0037560097,0.0,1.3529675,0.12998033,9.591392e-05,7087.546,1.3528715,0.0,19.89991,19.89991,0.1,1.0,0.0059130746,0.34768766,6391.6797,1.0,540000.0,101.82864438515813,17423.572493113697,200.0,3.847895622253418,135.4230676656392
6.6401655e-05,0.0,,,,,,,4393.808,11395.44,7328.9473,662.9698,7304.2397,-5198.0547,106453.17,,,,,,4394.5415,0.01966587333679199,18665.54122686386,1545000,0.0859375,0.00390625,0.0,0.73353636,0.05608797,6.6401655e-05,7372.083,0.73346996,0.0,13.243223,13.243223,0.1,1.0,0.004442783,0.31289175,7755.415,1.0,545000.0,101.84583022802241,17148.445463336513,200.0,3.8518917560577393,133.31787820388223
0.000109468754,0.0,,,,,,,3674.9456,10742.578,7472.838,749.52325,11083.242,-13209.729,119022.46,,,,,,3675.2188,0.019609193897247315,18763.587201833725,1550000,0.09375,0.0043569715,0.0,0.27328265,0.24821675,0.000109468754,7506.9434,0.27317318,0.0,8.835827,8.835827,0.1,1.0,0.002734809,0.33778393,6898.786,0.0,550000.0,-1.0388954194052604,-178.18811854107048,200.0,4.255280017852783,0.7396780400022214
7.413378e-05,0.0,,,,,,,8740.995,10621.818,7061.5713,584.2167,42240.9,-22872.979,481089.44,,,,,,8743.61,0.019535631799697875,18861.26536655426,1555000,0.0546875,0.0022536058,0.0,2.615562,0.12675309,7.413378e-05,7098.557,2.6154878,0.0,12.871869,12.871869,0.1,1.0,0.004607315,0.451565,7501.2495,0.0,555000.0,-1.1902057966312087,-239.7316878891132,200.0,3.750803232192993,0.26876511757749144
0.00011062629,0.0,,,,,,,5204.2383,10838.265,7293.3516,2458.081,17233.105,-16582.902,200742.75,,,,,,5204.7144,0.0196182644367218,18959.35669517517,1560000,0.140625,0.006610577,0.0,0.47606137,0.058386803,0.00011062629,7324.746,0.47595075,0.0,11.985887,11.985887,0.1,1.0,0.0032964577,0.36387593,7012.711,0.0,560000.0,26.855729052853963,16142.645445100563,200.0,3.831397771835327,125.62179832129085
6.664659e-05,0.0,,,,,,,16966.373,10955.31,7452.355,2118.5828,14161.762,-11852.583,396831.3,,,,,,16968.06,0.019738599014282227,19058.049695968628,1565000,0.09765625,0.00390625,0.0,1.687837,0.061183453,6.664659e-05,7500.884,1.6877704,0.0,18.410606,18.410606,0.1,1.0,0.006142106,0.32084158,8269.621,1.0,565000.0,101.66736253218511,14168.174065901536,200.0,4.30129075050354,110.51373589864603
9.592229e-05,0.0,,,,,,,10117.873,11130.2,7151.259,1945.6332,36337.133,-37846.613,534914.4,,,,,,10119.066,0.01971458954811096,19156.62264943123,1570000,0.09375,0.004206731,0.0,1.1935077,0.09488845,9.592229e-05,7189.652,1.1934117,0.0,16.65878,16.65878,0.1,1.0,0.004864626,0.32320115,7570.203,0.0,570000.0,1.462412091555216,928.998028262132,200.0,3.8318817615509033,9.211534150763434
6.301782e-05,0.0,,,,,,,10150.832,10956.749,7383.8535,822.15265,38993.72,-34057.594,558854.3,,,,,,10152.104,0.01967213053703308,19254.983307123184,1575000,0.09375,0.0043569715,0.0,1.2714645,0.122633815,6.301782e-05,7439.8447,1.2714014,0.0,23.013062,23.013062,0.1,1.0,0.0054376144,0.41134083,7871.0527,1.0,575000.0,99.68571021976976,16449.995007879133,200.0,3.8345448970794678,127.97354493506803
5.989459e-05,0.0,,,,,,,5791.5635,10771.439,7417.509,2541.5752,13448.707,-7453.43,180868.69,,,,,,5793.3047,0.019732193183898926,19353.644278526306,1580000,0.06640625,0.0028545675,0.0,1.7412832,0.14168692,5.989459e-05,7465.6914,1.7412233,0.0,13.341009,13.341009,0.1,1.0,0.00398794,0.46592915,7454.8706,0.0,580000.0,26.789108871699607,2916.8000812070522,200.0,3.7918193340301514,24.42159888815976
0.00012122317,0.0,,,,,,,5437.3145,10788.852,7503.3804,2274.6138,6733.5005,-11484.915,219340.5,,,,,,5437.721,0.019638911628723145,19451.838843107224,1585000,0.12109375,0.005408654,0.0,0.4065513,0.15565455,0.00012122317,7553.932,0.40643007,0.0,9.124857,9.124857,0.1,1.0,0.0040678806,0.3121589,7082.547,1.0,585000.0,101.8293263491262,13737.823817368566,200.0,3.8000473976135254,107.22082495198326
5.76964e-05,0.0,,,,,,,4240.8647,10759.333,7304.1396,-51.717903,4082.6802,-2142.8816,95404.086,,,,,,4241.3364,0.01969780321121216,19550.32786464691,1590000,0.08984375,0.00390625,0.0,0.47160798,0.059200883,5.76964e-05,7339.8984,0.4715503,0.0,10.525509,10.525509,0.1,1.0,0.004384025,0.33659405,6966.4175,1.0,590000.0,101.73541742618701,16157.83706419151,200.0,3.815894603729248,125.73804003132274
9.720524e-05,0.0,,,,,,,5575.823,11075.788,7529.1953,-184.9578,13978.149,-13545.673,194665.16,,,,,,5576.3325,0.019766874790191652,19649.162244558334,1595000,0.13671875,0.0063100965,0.0,0.5094416,0.09352112,9.720524e-05,7574.6523,0.5093444,0.0,11.551514,11.551514,0.1,1.0,0.0056271274,0.35110557,7843.007,1.0,595000.0,101.6947125902814,12054.628800741499,200.0,3.7763571739196777,94.3415218389635
7.3595205e-05,0.0,,,,,,,5921.8066,10793.427,7445.594,739.4867,4059.5486,-8843.072,147815.05,,,,,,5922.7417,0.01959366354942322,19747.130567073822,1600000,0.05078125,0.0021033655,0.0,0.9348548,0.1148932,7.3595205e-05,7487.2344,0.9347812,0.0,9.974932,9.974932,0.1,1.0,0.0045736767,0.3511027,7260.422,1.0,600000.0,99.65325607416698,16242.110599741834,200.0,3.7761054039001465,126.38287583349464
0.00012491511,0.0,,,,,,,6615.543,10949.791,7133.115,-28.641294,21818.828,-21224.521,272522.9,,,,,,6616.881,0.024399181127548217,19869.126479387283,1605000,0.125,0.0055588945,0.0,1.3377193,0.10904515,0.00012491511,7191.6104,1.3375944,0.0,20.187782,20.187782,0.1,1.0,0.0050999993,0.38331264,7265.1074,0.0,605000.0,1.5294012820705283,218.27601274560175,200.0,3.8127875328063965,3.773302587271452
8.267241e-05,0.0,,,,,,,4305.1514,10909.943,7271.377,660.4228,9077.681,-7868.9224,138200.83,,,,,,4305.9414,0.01987518491744995,19968.502409219742,1610000,0.08203125,0.0031550482,0.0,0.78990155,0.07760477,8.267241e-05,7318.686,0.7898189,0.0,10.538682,10.538682,0.1,1.0,0.0038877544,0.3459194,7454.842,0.0,610000.0,26.627934761409342,4476.2391795035355,200.0,3.841348648071289,36.35395885527853
8.0690814e-05,0.0,,,,,,,6502.506,10901.521,7356.127,308.5619,12177.379,-6335.568,164991.84,,,,,,6506.714,0.019736598920822145,20067.185410261154,1615000,0.125,0.0055588945,0.0,4.207812,0.05708611,8.0690814e-05,7401.846,4.2077312,0.0,16.229929,16.229929,0.1,1.0,0.0050393287,0.45976776,7551.796,0.0,615000.0,-0.37702775087914386,14.01045988030367,200.0,3.871009349822998,2.2103238801620657
8.629365e-05,0.0,,,,,,,4751.3525,10888.201,7441.216,539.6835,12833.927,-17392.264,190017.97,,,,,,4752.129,0.019741138696670532,20165.89110994339,1620000,0.078125,0.0031550482,0.0,0.77657837,0.13449061,8.629365e-05,7486.012,0.77649206,0.0,11.985256,11.985256,0.1,1.0,0.0032415497,0.3046963,7536.036,1.0,620000.0,101.81488073931672,17527.459038870726,200.0,3.846543788909912,136.21797633572933
0.00010458332,0.0,,,,,,,3446.9128,10900.573,7777.8643,1590.0476,37995.03,-35258.395,245038.53,,,,,,3447.799,0.019741158390045165,20264.5969080925,1625000,0.10546875,0.0048076925,0.0,0.88625765,0.09632838,0.00010458332,7820.789,0.88615304,0.0,11.342955,11.342955,0.1,1.0,0.005540248,0.35499412,7310.538,1.0,625000.0,101.79931956849579,16599.54030226915,200.0,3.8300201892852783,129.11782064676444
0.00012029253,0.0,,,,,,,5125.7764,10982.376,7643.665,-45.10845,16349.204,-8875.461,173766.02,,,,,,5126.6733,0.019791290283203124,20363.55336499214,1630000,0.0859375,0.0033052885,0.0,0.8971885,0.19981992,0.00012029253,7692.59,0.8970682,0.0,12.723804,12.723804,0.1,1.0,0.0071405116,0.35211325,7404.081,1.0,630000.0,101.72991357358123,17420.1018364486,200.0,3.8486719131469727,135.39651124243844
7.8742734e-05,0.0,,,,,,,4317.766,10879.692,7337.7676,201.0186,5724.5815,-7601.9106,156735.03,,,,,,4318.8936,0.019733587169647217,20462.221307992935,1635000,0.08203125,0.003455529,0.0,1.127318,0.099653244,7.8742734e-05,7380.06,1.1272392,0.0,15.330315,15.330315,0.1,1.0,0.0056494465,0.37155968,7484.9316,0.0,635000.0,26.636660202400943,4408.055632694484,200.0,3.808786153793335,35.83223881808743
6.445302e-05,0.0,,,,,,,4032.929,10946.846,7592.668,1088.6423,7450.157,-13185.632,128154.47,,,,,,4033.29,0.01969309139251709,20560.686770677567,1640000,0.06640625,0.0028545675,0.0,0.3610963,0.14865673,6.445302e-05,7639.4297,0.36103183,0.0,13.216238,13.216238,0.1,1.0,0.0025235633,0.31116185,7743.535,1.0,640000.0,101.81764449975097,11889.867805886379,200.0,4.318916320800781,93.08082015378739
0.00011044245,0.0,,,,,,,5785.823,11041.479,7624.4775,3182.5718,6431.5596,-3919.1987,153429.16,,,,,,5787.032,0.019717166662216186,20659.272611141205,1645000,0.1171875,0.0051081735,0.0,1.2090379,0.15965402,0.00011044245,7672.7305,1.2089275,0.0,13.526772,13.526772,0.1,1.0,0.0040705972,0.4511103,7725.4834,1.0,645000.0,101.75391828180032,17532.27222474606,200.0,3.881415843963623,136.254805389532
6.707552e-05,0.0,,,,,,,6655.6504,11074.607,7587.958,349.19342,15965.032,-16330.379,300710.25,,,,,,6656.516,0.019784501409530638,20758.19512319565,1650000,0.12890625,0.005859375,0.0,0.8658813,0.038181067,6.707552e-05,7632.7705,0.86581427,0.0,11.53652,11.53652,0.1,1.0,0.004141966,0.34760538,7608.293,1.0,650000.0,101.82093695648254,17263.277497158946,200.0,3.8464014530181885,134.19653846372978
6.87624e-05,0.0,,,,,,,5445.7344,11054.934,7659.6147,484.14603,6243.574,-5356.427,135663.34,,,,,,5446.0166,0.01986798801422119,20857.535068511963,1655000,0.05078125,0.0022536058,0.0,0.28234625,0.074744344,6.87624e-05,7701.792,0.2822775,0.0,9.4350395,9.4350395,0.1,1.0,0.002735803,0.3997654,7831.932,1.0,655000.0,101.80725413452777,17531.831803273064,200.0,3.85445237159729,136.2514354165983
7.774774e-05,0.0,,,,,,,4961.589,11164.401,7610.284,-58.94216,7596.2715,-6702.659,140718.75,,,,,,4962.6436,0.019750221586227416,20956.286182403564,1660000,0.07421875,0.003455529,0.0,1.054758,0.08904624,7.774774e-05,7656.312,1.0546802,0.0,16.58563,16.58563,0.1,1.0,0.0061272345,0.37085587,7411.8516,1.0,660000.0,101.7460094951175,17705.39124235305,200.0,3.8455934524536133,137.57946015642682
0.00019945993,0.0,,,,,,,2599.1753,11114.176,7742.21,2859.4126,3460.1309,-4954.481,60878.797,,,,,,2601.068,0.019751259469985964,21055.042486667633,1665000,0.1171875,0.005408654,0.0,1.8927627,0.29436028,0.00019945993,7792.798,1.8925632,0.0,11.628145,11.628145,0.1,1.0,0.003362491,0.41360244,7424.5747,1.0,665000.0,101.79373289475504,5327.424152245733,200.0,3.8474228382110596,42.86697081224248
0.00013609165,0.0,,,,,,,4571.321,11070.626,7550.2354,-166.95699,3207.711,-3011.6968,116248.26,,,,,,4573.107,0.01970585026741028,21153.571743011475,1670000,0.1015625,0.0043569715,0.0,1.7859665,0.15092182,0.00013609165,7584.591,1.7858304,0.0,11.975143,11.975143,0.1,1.0,0.0036126391,0.30355638,7494.567,1.0,670000.0,101.82809087731755,12780.899638498422,200.0,3.851017951965332,99.89872832378444
0.00012806087,0.0,,,,,,,3453.4883,11133.911,7664.913,2806.5574,3008.563,-2929.9814,91321.86,,,,,,3454.1165,0.019625604438781738,21251.69977092743,1675000,0.12109375,0.0055588945,0.0,0.6281149,0.17874897,0.00012806087,7713.364,0.6279868,0.0,11.426416,11.426416,0.1,1.0,0.004052102,0.2702498,8324.586,1.0,675000.0,99.69340641338181,14001.27005625281,200.0,3.776963233947754,109.23663650742286
7.559408e-05,0.0,,,,,,,3456.166,11000.376,7597.7305,2059.6262,4390.476,-4187.032,106043.125,,,,,,3456.879,0.01975068325996399,21350.453193187714,1680000,0.08984375,0.0037560097,0.0,0.7129432,0.17280984,7.559408e-05,7638.754,0.7128676,0.0,11.488663,11.488663,0.1,1.0,0.0051457835,0.36502096,7310.884,0.0,680000.0,26.700670439144847,5370.527497649499,200.0,4.313109397888184,43.196784675256836
0.00012927104,0.0,,,,,,,4929.916,11113.404,7638.6455,2971.5867,10556.003,-36236.293,216218.03,,,,,,4930.273,0.019545138072967528,21448.178889274597,1685000,0.12109375,0.005408654,0.0,0.3569823,0.11317313,0.00012927104,7684.3784,0.356853,0.0,11.597326,11.597326,0.1,1.0,0.0028418354,0.33951432,7658.349,1.0,685000.0,99.66909245850557,17292.880005589283,200.0,3.8026723861694336,134.4230479740443
5.4461685e-05,0.0,,,,,,,4312.352,11023.679,7739.4336,14.313127,10238.606,-16158.127,188383.66,,,,,,4312.787,0.019653486585617067,21546.44632792473,1690000,0.08203125,0.003455529,0.0,0.43528286,0.04540336,5.4461685e-05,7784.8945,0.4352284,0.0,14.001788,14.001788,0.1,1.0,0.0036724566,0.3401982,7490.965,1.0,690000.0,101.67236695284535,17473.84491945721,200.0,3.857924461364746,135.80773718444667
0.00026225258,0.0,,,,,,,4200.4863,11116.973,7735.1514,2170.1414,6647.771,-6262.906,131783.38,,,,,,4201.3574,0.01973445920944214,21645.118630170822,1695000,0.203125,0.010967549,0.0,0.8709872,0.20295537,0.00026225258,7789.298,0.8707249,0.0,16.213549,16.213549,0.1,1.0,0.005094447,0.3672375,7771.927,1.0,695000.0,99.69757214485591,17616.604445981826,200.0,4.271380186080933,136.9000902369564
0.000132592,0.0,,,,,,,7246.209,10982.124,7797.078,2249.5198,68918.61,-101444.164,404041.75,,,,,,7246.5356,0.019642751693725587,21743.332394599915,1700000,0.125,0.005859375,0.0,0.32643375,0.13717699,0.000132592,7838.657,0.32630116,0.0,13.732719,13.732719,0.1,1.0,0.003900506,0.32392356,7995.244,1.0,700000.0,99.77406821499117,17728.309398507183,200.0,3.8426308631896973,137.7548230092067
6.108654e-05,0.0,,,,,,,5726.414,11238.775,7798.958,2725.411,22120.828,-25898.826,207270.72,,,,,,5727.072,0.02417929530143738,21864.228877305984,1705000,0.08984375,0.0037560097,0.0,0.65768105,0.06156349,6.108654e-05,7836.9863,0.65761995,0.0,12.444353,12.444353,0.1,1.0,0.0033845026,0.34573928,7421.1904,0.0,705000.0,26.821121309735176,5363.909322278267,200.0,3.8329851627349854,43.14614438353827
8.844482e-05,0.0,,,,,,,4555.4644,11136.603,7845.9053,-111.57633,9805.037,-8546.271,180189.44,,,,,,4556.098,0.019647958278656005,21962.468675613403,1710000,0.08203125,0.0036057695,0.0,0.6340307,0.12100673,8.844482e-05,7893.486,0.63394225,0.0,10.702116,10.702116,0.1,1.0,0.0042306576,0.3066278,7878.8994,1.0,710000.0,99.62910962586167,16678.334813738307,200.0,3.798306941986084,129.72073260101155
8.337585e-05,0.0,,,,,,,5262.2896,11102.937,7792.375,1261.1012,16880.158,-14778.733,212106.19,,,,,,5265.095,0.019682055377960205,22060.87895965576,1715000,0.0859375,0.0036057695,0.0,2.8055408,0.09651899,8.337585e-05,7833.622,2.8054574,0.0,9.40081,9.40081,0.1,1.0,0.0057040597,0.31069514,7145.434,1.0,715000.0,101.76758395079365,17515.76886029626,200.0,3.860028028488159,136.12852659769032
2.997589e-05,0.0,,,,,,,5484.556,11269.827,7611.0986,2936.439,15683.3955,-10903.452,206429.97,,,,,,5484.9077,0.01972515754699707,22159.504753112793,1720000,0.046875,0.0018028847,0.0,0.35164502,0.035956025,2.997589e-05,7644.136,0.35161504,0.0,6.9522457,6.9522457,0.1,1.0,0.002243959,0.27132925,8449.205,1.0,720000.0,99.69397451358287,17105.49921412777,200.0,3.7648181915283203,132.98926639380505
5.8632973e-05,0.0,,,,,,,3880.2485,11095.709,7881.0723,-399.8511,7050.0435,-4770.1587,125236.22,,,,,,3880.568,0.019527226400375366,22257.140892267227,1725000,0.08203125,0.0036057695,0.0,0.31955898,0.069587946,5.8632973e-05,7927.0244,0.31950036,0.0,10.156172,10.156172,0.1,1.0,0.003819894,0.29945257,8136.983,1.0,725000.0,101.79034086667923,17804.384344146405,200.0,3.8444385528564453,138.33692566190908
4.7414655e-05,0.0,,,,,,,3341.0876,10950.647,7658.0,-123.233826,6284.1885,-9189.6,105647.23,,,,,,3342.6218,0.01954383821487427,22354.860089302063,1730000,0.08203125,0.0036057695,0.0,1.5342746,0.04103923,4.7414655e-05,7696.3286,1.5342271,0.0,10.1393795,10.1393795,0.1,1.0,0.0025890714,0.35225976,7246.211,1.0,730000.0,99.69027013425035,17504.045830619823,200.0,3.7742395401000977,136.03882549287817
0.00010594533,0.0,,,,,,,3645.4207,10969.87,7669.996,2299.2131,11679.933,-10738.329,109961.58,,,,,,3646.153,0.019477536869049072,22452.247780799866,1735000,0.0859375,0.0036057695,0.0,0.73242617,0.13750005,0.00010594533,7709.5127,0.73232025,0.0,14.926004,14.926004,0.1,1.0,0.0038671636,0.3883678,7964.8306,1.0,735000.0,99.69940927201453,16913.746254645175,200.0,3.750214099884033,131.52203029602728
9.973539e-05,0.0,,,,,,,4118.3438,10947.585,7633.6626,2000.8175,6367.1885,-7515.582,192551.4,,,,,,4118.663,0.019475090265274046,22549.623238801956,1740000,0.09375,0.004657452,0.0,0.31924173,0.065960765,9.973539e-05,7675.239,0.31914198,0.0,7.6100383,7.6100383,0.1,1.0,0.0032560632,0.29073203,8376.913,0.0,740000.0,-1.0205361512241304,-191.42800578645273,200.0,3.7728171348571777,0.6383703963061356
0.00011830457,0.0,,,,,,,19455.662,10963.7295,7744.008,1542.0902,29270.486,-23921.512,486645.5,,,,,,19456.473,0.019475818157196043,22647.0023355484,1745000,0.08203125,0.0033052885,0.0,0.81049716,0.10591233,0.00011830457,7787.376,0.81037885,0.0,12.771337,12.771337,0.1,1.0,0.0027856193,0.29496774,8468.459,1.0,745000.0,101.82551179520414,16808.892354768483,200.0,3.8545331954956055,130.71971972253215
7.29688e-05,0.0,,,,,,,4975.1006,11012.414,7888.2227,-167.0444,13827.149,-18794.135,189005.88,,,,,,4975.5376,0.019768338775634765,22745.84403538704,1750000,0.078125,0.0033052885,0.0,0.43709573,0.056346178,7.29688e-05,7922.604,0.43702278,0.0,11.257774,11.257774,0.1,1.0,0.0027587772,0.35547054,7660.6167,1.0,750000.0,101.7789887496468,17286.497593112927,200.0,3.841735601425171,134.37421166924105
3.4826953e-05,0.0,,,,,,,10158.926,10997.398,7572.108,-169.83633,160597.12,-74554.695,624559.94,,,,,,10160.756,0.019578739023208617,22843.737736701965,1755000,0.04296875,0.0022536058,0.0,1.8301773,0.039379954,3.4826953e-05,7621.9453,1.8301425,0.0,15.747827,15.747827,0.1,1.0,0.0031963896,0.3840939,8212.028,1.0,755000.0,99.7186308024143,16275.240003229463,200.0,3.7924575805664062,126.63637208630898
2.5852656e-05,0.0,,,,,,,3626.3499,10836.627,7752.6377,1534.8058,9727.469,-10662.914,119701.26,,,,,,3626.833,0.01970812692642212,22942.278377056122,1760000,0.0625,0.0025540867,0.0,0.48307076,0.034276605,2.5852656e-05,7811.71,0.48304492,0.0,14.927892,14.927892,0.1,1.0,0.003324036,0.33800566,7736.677,1.0,760000.0,99.70881677227679,17243.3500646351,200.0,3.7967495918273926,134.04405973060403
5.1519943e-05,0.0,,,,,,,3122.8376,10914.389,7615.6343,67.070465,5947.624,-6591.319,107601.25,,,,,,3123.745,0.01958990092277527,23040.2278881073,1765000,0.1015625,0.0043569715,0.0,0.907574,0.07211256,5.1519943e-05,7653.304,0.9075225,0.0,12.516633,12.516633,0.1,1.0,0.0050867684,0.32369,7777.869,1.0,765000.0,101.82888522781853,17555.48990543711,200.0,4.33422327041626,136.43246011417617
8.920473e-05,0.0,,,,,,,3307.9387,11031.311,7627.3135,-98.103355,10580.389,-6802.775,111900.66,,,,,,3309.6829,0.01958106188774109,23138.133205652237,1770000,0.08203125,0.0036057695,0.0,1.7441536,0.09548414,8.920473e-05,7666.6157,1.7440645,0.0,10.296171,10.296171,0.1,1.0,0.0037463726,0.37228352,7273.242,1.0,770000.0,99.6692288547717,13373.0576394106,200.0,3.778076410293579,104.42974363051376
0.00017493808,0.0,,,,,,,3488.1704,10949.769,7880.992,2692.1301,10087.802,-10983.359,155566.75,,,,,,3488.54,0.019722853088378907,23236.747477054596,1775000,0.171875,0.008413462,0.0,0.36968648,0.12908578,0.00017493808,7920.7036,0.36951154,0.0,10.739359,10.739359,0.1,1.0,0.0032860625,0.3780946,8397.829,1.0,775000.0,101.76758028589369,17729.035662358216,200.0,3.851668119430542,137.7603801622312
7.124681e-05,0.0,,,,,,,4406.989,11147.48,7702.4214,502.90018,12941.248,-20061.768,185863.39,,,,,,4407.6895,0.019599286031723024,23334.74391412735,1780000,0.05859375,0.0028545675,0.0,0.700481,0.08013332,7.124681e-05,7749.696,0.70040977,0.0,14.086494,14.086494,0.1,1.0,0.003030416,0.36177322,8119.3174,1.0,780000.0,101.75918050374976,17620.346416059285,200.0,3.871005058288574,136.92872266896302
7.17455e-05,0.0,,,,,,,5319.738,11192.907,7820.6055,2187.1147,16472.344,-19965.229,192458.84,,,,,,5320.273,0.019705786085128785,23433.272850990295,1785000,0.07421875,0.0036057695,0.0,0.5352953,0.07476652,7.17455e-05,7856.07,0.53522354,0.0,13.82481,13.82481,0.1,1.0,0.0053213644,0.3776276,7724.0093,1.0,785000.0,101.75459597771025,17631.844115787382,200.0,3.8673202991485596,137.01669961663566
5.473279e-05,0.0,,,,,,,3896.4885,11078.837,7837.8516,222.26382,18613.133,-14396.821,174141.0,,,,,,3896.9675,0.019599200916290284,23531.268862485886,1790000,0.0703125,0.0033052885,0.0,0.4789492,0.106215,5.473279e-05,7872.1826,0.47889444,0.0,12.566608,12.566608,0.1,1.0,0.0050890893,0.35661072,7873.786,1.0,790000.0,101.80241951893039,17319.00211075678,200.0,3.8627684116363525,134.62292648311723
0.00010696237,0.0,,,,,,,17650.135,11263.818,7816.122,1422.2314,191811.98,-219496.0,2049840.4,,,,,,17651.033,0.01967925429344177,23629.665140628815,1795000,0.10546875,0.0052584135,0.0,0.8977301,0.108934045,0.00010696237,7862.829,0.8976231,0.0,11.894402,11.894402,0.1,1.0,0.003377504,0.33841416,7749.8525,1.0,795000.0,99.75516874245457,17464.103595949688,200.0,3.821636199951172,135.7331995004968
7.229972e-05,0.0,,,,,,,4672.5938,11326.842,7827.43,2686.7454,15088.063,-9133.823,125689.93,,,,,,4673.341,0.019766353130340576,23728.496912240982,1800000,0.0625,0.0028545675,0.0,0.74691844,0.095581174,7.229972e-05,7868.5537,0.74684614,0.0,10.826509,10.826509,0.1,1.0,0.003196035,0.35564333,6968.0166,1.0,800000.0,99.69588118530676,17544.730895168675,200.0,3.823513984680176,136.35013539655617
0.00010368159,0.0,,,,,,,5526.744,11205.912,8001.9893,2969.6592,17787.725,-10118.917,223933.38,,,,,,5527.339,0.023817638397216796,23847.585110902786,1805000,0.08203125,0.003455529,0.0,0.59458977,0.164675,0.00010368159,8043.2686,0.5944861,0.0,12.690809,12.690809,0.1,1.0,0.005465498,0.3773874,7836.2354,0.0,805000.0,26.84124247349925,2265.8472593698516,200.0,3.878187894821167,19.440703256994524
3.928618e-05,0.0,,,,,,,8734.679,11282.137,7701.569,-47.842667,15551.666,-7536.497,206864.16,,,,,,8735.93,0.019561400985717774,23945.392123937607,1810000,0.05859375,0.0024038462,0.0,1.2514082,0.064733386,3.928618e-05,7736.496,1.2513689,0.0,11.709482,11.709482,0.1,1.0,0.0042501804,0.37524143,7806.0234,1.0,810000.0,99.70632049997887,17434.16804275863,200.0,3.767519950866699,135.50414163162537
0.00013082907,0.0,,,,,,,4787.0664,11026.459,7551.0137,3389.06,16220.554,-35276.84,162243.3,,,,,,4787.6343,0.019476846075057983,24042.77636051178,1815000,0.07421875,0.0036057695,0.0,0.56805706,0.16873813,0.00013082907,7597.029,0.5679262,0.0,10.155489,10.155489,0.1,1.0,0.0038875912,0.33104244,7776.5117,1.0,815000.0,99.71415289460742,17274.791796408525,200.0,4.293416500091553,134.28464242595902
0.00012849417,0.0,,,,,,,4390.359,11191.606,7388.2686,811.04645,9877.509,-6503.26,124515.49,,,,,,4391.3047,0.01952802085876465,24140.416471004486,1820000,0.08984375,0.004206731,0.0,0.9456529,0.10924435,0.00012849417,7427.475,0.9455244,0.0,11.394403,11.394403,0.1,1.0,0.0033378452,0.44758382,7004.1426,1.0,820000.0,99.72980814977703,17176.50571737736,200.0,4.239272117614746,133.532586846464
6.670364e-05,0.0,,,,,,,5341.9785,11355.83,7736.499,2572.918,41183.96,-53351.6,273739.75,,,,,,5342.5107,0.01926714539527893,24236.752204418182,1825000,0.07421875,0.0028545675,0.0,0.5322219,0.13619459,6.670364e-05,7776.657,0.5321552,0.0,12.372959,12.372959,0.1,1.0,0.005705572,0.35802263,7522.299,1.0,825000.0,99.72901617844224,16654.30098801628,200.0,3.7821121215820312,129.53683297952873
0.0001377131,0.0,,,,,,,6499.544,11282.083,7638.0986,2399.1206,16807.848,-23392.691,272612.16,,,,,,6500.0303,0.019337092542648315,24333.43767261505,1830000,0.1171875,0.0048076925,0.0,0.48609698,0.20667028,0.0001377131,7676.001,0.48595926,0.0,11.665766,11.665766,0.1,1.0,0.0056283204,0.37832212,7747.17,0.0,830000.0,-1.2665745409532616,-193.9870052587195,200.0,3.729966878890991,0.6187897003417274
0.00016778342,0.0,,,,,,,9999.17,11260.851,7771.5835,95.95282,24535.945,-18787.885,365262.78,,,,,,10002.616,0.019452543354034423,24430.700395822525,1835000,0.125,0.005859375,0.0,3.4467623,0.15294659,0.00016778342,7803.8975,3.4465945,0.0,17.858301,17.858301,0.1,1.0,0.0073588174,0.65941155,7950.615,1.0,835000.0,99.658761234957,16885.215789404025,200.0,4.232018232345581,131.3037237384588
0.000119054734,0.0,,,,,,,6308.712,11183.977,7516.254,-337.48172,16088.535,-11914.137,213466.84,,,,,,6310.6245,0.019329323959350588,24527.347021102905,1840000,0.09765625,0.004206731,0.0,1.9125447,0.103780866,0.000119054734,7553.116,1.9124256,0.0,17.47461,17.47461,0.1,1.0,0.0048511503,0.4511541,7911.693,1.0,840000.0,99.64378740541163,17007.130000413497,200.0,3.735719919204712,132.236574692665
0.00012336606,0.0,,,,,,,5336.7827,11262.542,7721.815,1520.3965,12524.462,-8140.2827,139969.72,,,,,,5338.087,0.01926189579963684,24623.656506299973,1845000,0.10546875,0.0048076925,0.0,1.3043339,0.12320125,0.00012336606,7751.1426,1.3042105,0.0,12.268993,12.268993,0.1,1.0,0.0047535487,0.3023431,8081.878,0.0,845000.0,-0.5218254974038655,-61.93739668895035,200.0,3.7401952743530273,1.6291936748815838
6.4507934e-05,0.0,,,,,,,5938.347,11377.466,7521.5093,-132.0366,8306.515,-12191.931,161919.83,,,,,,5939.4253,0.019385288667678833,24720.582955360413,1850000,0.078125,0.003455529,0.0,1.0781189,0.09551203,6.4507934e-05,7548.6523,1.0780544,0.0,12.085112,12.085112,0.1,1.0,0.0049616033,0.39134228,7479.088,0.0,850000.0,-0.9257399153393201,-141.22553877135329,200.0,3.7513844966888428,1.0225046073285167
5.1138228e-05,0.0,,,,,,,12497.422,11099.007,7391.0674,2351.2231,8515.636,-7531.233,272805.12,,,,,,12498.402,0.019358018827438355,24817.373055934906,1855000,0.0703125,0.002704327,0.0,0.9804497,0.067775846,5.1138228e-05,7448.3994,0.98039854,0.0,13.781376,13.781376,0.1,1.0,0.0058113737,0.4129407,7079.135,1.0,855000.0,101.82887217926148,17226.83518038684,200.0,3.8170950412750244,133.91769279272182
4.4579243e-05,0.0,,,,,,,5195.3477,11175.9375,7454.1777,1564.3208,5291.095,-3899.7844,117804.875,,,,,,5204.6523,0.019478799486160277,24914.76705956459,1860000,0.06640625,0.0025540867,0.0,9.304676,0.09846866,4.4579243e-05,7484.749,9.304631,0.0,11.469099,11.469099,0.1,1.0,0.0053517045,0.6427352,7498.048,1.0,860000.0,99.731698318977,16810.568844496214,200.0,3.7698514461517334,130.73254771878692
0.00013736905,0.0,,,,,,,7983.0386,11581.5,7559.4946,1314.5345,8405.648,-7850.8184,257290.56,,,,,,7985.334,0.019331829261779784,25011.426211595535,1865000,0.06640625,0.0030048077,0.0,2.2952526,0.3642683,0.00013736905,7590.0156,2.2951152,0.0,11.518005,11.518005,0.1,1.0,0.0028004805,0.39990926,7882.2676,0.0,865000.0,-1.3337970659897072,-130.77907494211257,200.0,3.7482097148895264,1.1024378133961046
5.9302252e-05,0.0,,,,,,,11977.976,11256.584,7965.607,756.18567,28310.809,-21324.223,457109.28,,,,,,11979.749,0.019519659757614136,25109.024517059326,1870000,0.09375,0.0036057695,0.0,1.7729642,0.061956644,5.9302252e-05,8001.2593,1.772905,0.0,13.549606,13.549606,0.1,1.0,0.00634063,0.36237678,8185.1797,1.0,870000.0,99.58112741715405,16987.229436356633,200.0,3.8380134105682373,132.0843015489849
0.00016515833,0.0,,,,,,,6546.042,11429.56,7755.724,662.72626,11743.642,-12469.107,215567.62,,,,,,6546.7544,0.019481439638137817,25206.43172287941,1875000,0.09765625,0.0048076925,0.0,0.71259886,0.12926364,0.00016515833,7809.1396,0.7124337,0.0,13.111593,13.111593,0.1,1.0,0.0069047357,0.34663323,7508.0605,0.0,875000.0,24.72386979733635,11770.370825101953,200.0,3.7926337718963623,92.16646511981314
0.00010448299,0.0,,,,,,,3799.1104,11635.96,7679.0566,-95.18422,4140.6807,-3558.3738,92223.3,,,,,,3800.283,0.019610815238952636,25304.48580622673,1880000,0.05859375,0.0024038462,0.0,1.1727072,0.41278946,0.00010448299,7723.191,1.1726028,0.0,9.872362,9.872362,0.1,1.0,0.008501996,0.33451408,7563.831,1.0,880000.0,99.74736802429878,16510.253475026402,200.0,3.760563611984253,128.4346246411325
0.00011400716,0.0,,,,,,,6498.8105,11713.623,7857.6016,1709.0114,20179.87,-21746.012,313719.62,,,,,,6499.5547,0.019680223655700685,25402.886930942535,1885000,0.11328125,0.0045072115,0.0,0.7439121,0.086787224,0.00011400716,7894.747,0.7437981,0.0,8.788816,8.788816,0.1,1.0,0.0023588089,0.23064888,8776.982,1.0,885000.0,99.67852785533384,16961.862058031926,200.0,3.8270668983459473,131.89019798320723
8.43059e-05,0.0,,,,,,,5455.1445,11744.6045,7746.9707,96.59006,8030.476,-9372.943,145934.95,,,,,,5455.503,0.019495686197280884,25500.36536860466,1890000,0.09375,0.0036057695,0.0,0.35843357,0.15474355,8.43059e-05,7789.0156,0.35834926,0.0,9.558756,9.558756,0.1,1.0,0.004656723,0.3292315,7159.692,1.0,890000.0,101.59227081797917,16905.800139758077,200.0,3.8636281490325928,131.46122900966955
8.487745e-05,0.0,,,,,,,5205.483,11909.675,7712.9443,-142.27487,17917.31,-8308.08,148669.38,,,,,,5205.859,0.01968005027770996,25598.76562666893,1895000,0.0703125,0.0028545675,0.0,0.3758187,0.15649283,8.487745e-05,7756.902,0.37573382,0.0,11.990427,11.990427,0.1,1.0,0.004101771,0.3328708,8018.3945,1.0,895000.0,101.79138593337014,16801.579756768006,200.0,3.85697340965271,130.66376591726217
5.9405094e-05,0.0,,,,,,,5693.638,11884.176,8090.873,864.3243,20489.76,-27358.29,190722.61,,,,,,5694.7773,0.019482378673553468,25696.177525997162,1900000,0.0859375,0.0036057695,0.0,1.1390351,0.055446744,5.9405094e-05,8134.718,1.1389757,0.0,16.298935,16.298935,0.1,1.0,0.0042271307,0.49068743,7357.963,0.0,900000.0,24.762981371167378,3490.9303857528985,200.0,3.8484652042388916,28.814671672698918
0.00014587693,0.0,,,,,,,3808.683,11693.798,7810.664,2293.7234,17073.262,-21492.623,166889.78,,,,,,3809.567,0.023990025806427003,25816.127662420273,1905000,0.09375,0.0043569715,0.0,0.88369435,0.16687226,0.00014587693,7859.3022,0.8835485,0.0,10.014834,10.014834,0.1,1.0,0.0031088274,0.3291205,8147.6826,1.0,905000.0,101.71805688441594,17584.369603390922,200.0,3.7427492141723633,136.6534388956515
2.5409669e-05,0.0,,,,,,,5122.252,11766.677,7851.3105,2313.1086,19846.867,-9693.321,195653.28,,,,,,5122.7314,0.019550977277755736,25913.882555007935,1910000,0.0390625,0.0016526442,0.0,0.4794412,0.03415966,2.5409669e-05,7894.212,0.47941577,0.0,15.860537,15.860537,0.1,1.0,0.0048050666,0.4072448,7356.532,1.0,910000.0,99.72956439448535,14828.156135666346,200.0,3.818241834640503,115.56372062512914
6.619212e-05,0.0,,,,,,,4427.6025,11642.941,7993.284,1587.6141,36379.137,-20523.15,181253.14,,,,,,4428.543,0.019755927467346193,26012.662198781967,1915000,0.07421875,0.0030048077,0.0,0.94041413,0.06681764,6.619212e-05,8043.462,0.9403479,0.0,12.186241,12.186241,0.1,1.0,0.004896406,0.37790498,7801.1494,1.0,915000.0,101.63083815024801,17004.04018227066,200.0,3.8480641841888428,132.21293233154069
4.7490594e-05,0.0,,,,,,,5908.7793,11551.221,8066.3613,2900.355,10531.31,-10476.866,205938.75,,,,,,5909.8843,0.019648064517974854,26110.90252804756,1920000,0.0703125,0.0030048077,0.0,1.1049395,0.07663512,4.7490594e-05,8111.1123,1.104892,0.0,11.706965,11.706965,0.1,1.0,0.003140306,0.31251445,8726.995,1.0,920000.0,99.67244234353126,17362.44313974819,200.0,3.7751846313476562,134.9553241995999
0.00026598727,0.0,,,,,,,4958.244,11500.598,7901.935,1355.6859,12910.26,-19627.674,140549.69,,,,,,4959.1455,0.019641135597229003,26209.108212709427,1925000,0.11328125,0.006911058,0.0,0.9012501,0.27656746,0.00026598727,7944.287,0.9009841,0.0,9.88991,9.88991,0.1,1.0,0.0037637213,0.3386854,8008.5547,1.0,925000.0,99.67415220182063,17486.864951263786,200.0,3.811528205871582,135.9073625603072
0.00015760737,0.0,,,,,,,8089.62,11462.385,8184.1963,2263.06,18546.434,-22064.799,278595.2,,,,,,8090.4287,0.019566567134857177,26306.94105553627,1930000,0.10546875,0.004657452,0.0,0.8087734,0.16696346,0.00015760737,8226.495,0.8086158,0.0,11.342745,11.342745,0.1,1.0,0.004385094,0.3458197,7953.324,1.0,930000.0,99.73584659995501,9098.9555269349,200.0,3.8178086280822754,71.72559699343454
6.427145e-05,0.0,,,,,,,4981.31,11462.967,8069.286,108.9257,16160.967,-22886.844,209897.48,,,,,,4981.819,0.019635314512252807,26405.117634773254,1935000,0.109375,0.004657452,0.0,0.5089586,0.045001864,6.427145e-05,8114.4326,0.5088943,0.0,11.799564,11.799564,0.1,1.0,0.0029468823,0.31606442,8283.7705,1.0,935000.0,99.71620988890031,17297.5339820949,200.0,3.7641515731811523,134.45865880553123
0.0001481103,0.0,,,,,,,6482.6353,11370.958,8202.531,938.68805,15505.817,-24068.297,242616.89,,,,,,6483.5977,0.01966813750267029,26503.458328723907,1940000,0.1015625,0.0043569715,0.0,0.96240973,0.12101889,0.0001481103,8242.154,0.9622616,0.0,12.760751,12.760751,0.1,1.0,0.004075771,0.29525775,8521.181,1.0,940000.0,99.70533680406332,17291.13022086114,200.0,3.7522523403167725,134.40965914644343
6.72666e-05,0.0,,,,,,,6288.3135,11384.104,7808.6934,2134.4707,22154.549,-12131.905,157719.53,,,,,,6288.703,0.01945665888786316,26600.741629600525,1945000,0.06640625,0.0028545675,0.0,0.38956818,0.16092539,6.72666e-05,7850.133,0.38950092,0.0,9.528782,9.528782,0.1,1.0,0.003171669,0.3153543,8461.332,1.0,945000.0,99.64012406493015,17502.266974573682,200.0,3.790243148803711,136.02521422027672
4.5611276e-05,0.0,,,,,,,8706.254,11505.558,8192.154,348.01917,21836.334,-18943.512,334698.38,,,,,,8707.429,0.019607167577743532,26698.77747440338,1950000,0.0546875,0.0024038462,0.0,1.1752825,0.071850896,4.5611276e-05,8242.121,1.1752368,0.0,10.150154,10.150154,0.1,1.0,0.002904259,0.37874275,8059.962,1.0,950000.0,99.67132062872469,17113.111065880617,200.0,3.770775556564331,133.0475099989773
5.370164e-05,0.0,,,,,,,3213.595,11376.069,8232.186,323.8574,15841.824,-11338.585,128983.73,,,,,,3215.6094,0.01958408031463623,26796.697881937027,1955000,0.05859375,0.0024038462,0.0,2.0143032,0.0640744,5.370164e-05,8271.373,2.0142496,0.0,14.8123,14.8123,0.1,1.0,0.0036503035,0.37542093,8107.8096,1.0,955000.0,101.81575025212662,17521.1252304615,200.0,3.8573875427246094,136.1695119346609
0.00012939346,0.0,,,,,,,5488.4863,11309.982,7926.7036,-86.76641,17827.24,-6378.4966,142241.9,,,,,,5489.243,0.019602092838287354,26894.708352327347,1960000,0.1171875,0.0051081735,0.0,0.75692093,0.1345067,0.00012939346,7964.8926,0.75679153,0.0,12.54108,12.54108,0.1,1.0,0.0054023936,0.3721574,7788.751,1.0,960000.0,101.77726507763344,17724.416413546187,200.0,3.8457071781158447,137.72503505663326
4.5515117e-05,0.0,,,,,,,8103.409,11286.553,7795.5537,2153.0488,33366.402,-48124.363,275342.12,,,,,,8105.0317,0.01954312562942505,26992.423986673355,1965000,0.05859375,0.0025540867,0.0,1.6224264,0.046513796,4.5515117e-05,7839.816,1.6223809,0.0,14.326702,14.326702,0.1,1.0,0.003584932,0.34928834,7703.6074,1.0,965000.0,99.63930214037046,16741.9104773734,200.0,3.7624969482421875,130.20719449905621
0.00011115201,0.0,,,,,,,3496.7075,11412.806,8137.296,2360.0405,6551.524,-3681.6511,94925.305,,,,,,3497.1125,0.0196350821018219,27090.599404096603,1970000,0.125,0.006159856,0.0,0.40500367,0.11088765,0.00011115201,8176.668,0.4048925,0.0,10.890427,10.890427,0.1,1.0,0.0025283524,0.329667,7759.215,0.0,970000.0,-1.467241315931402,-191.1164696176997,200.0,3.778742551803589,0.6407541775723608
9.5940035e-05,0.0,,,,,,,4069.467,11272.846,8132.0156,-40.09709,6923.725,-5851.0117,124745.57,,,,,,4069.7737,0.01945373821258545,27187.868101119995,1975000,0.05859375,0.0024038462,0.0,0.30668417,0.1790812,9.5940035e-05,8171.937,0.30658823,0.0,10.717184,10.717184,0.1,1.0,0.0040508867,0.36396497,8374.026,1.0,975000.0,99.68053128677899,17676.949981018734,200.0,3.7662899494171143,137.3618361603819
9.385341e-05,0.0,,,,,,,3588.5073,11258.642,8025.7363,-76.39755,7588.837,-9707.885,107542.04,,,,,,3589.5723,0.019299216079711915,27284.36418747902,1980000,0.10546875,0.0048076925,0.0,1.0648603,0.07905698,9.385341e-05,8060.3076,1.0647665,0.0,13.418645,13.418645,0.1,1.0,0.0038499862,0.39591366,7710.703,0.0,980000.0,-0.990959919946737,-153.52555086166072,200.0,3.699077844619751,0.9283886062472373
0.00013042991,0.0,,,,,,,4961.657,11231.877,8165.917,2056.2183,14788.324,-37825.156,176976.38,,,,,,4962.614,0.019305302715301512,27380.890708208084,1985000,0.10546875,0.0045072115,0.0,0.9567012,0.13677847,0.00013042991,8208.301,0.9565708,0.0,13.290789,13.290789,0.1,1.0,0.0045269234,0.36464182,7472.178,1.0,985000.0,99.64906607980294,17498.575750322238,200.0,3.733811855316162,135.99697008010114
5.3613072e-05,0.0,,,,,,,4576.2637,11218.725,8093.3325,1679.1464,9939.932,-6480.058,149691.64,,,,,,4577.0776,0.019450544929504394,27478.14343905449,1990000,0.0546875,0.0021033655,0.0,0.8138869,0.12753177,5.3613072e-05,8129.862,0.8138333,0.0,8.541591,8.541591,0.1,1.0,0.0030136006,0.3394176,8412.3,1.0,990000.0,101.80960169971064,17077.982705058832,200.0,3.7715067863464355,132.77871832456162
7.173514e-05,0.0,,,,,,,4939.3433,11201.263,7926.425,618.88257,125250.0,-55034.223,366044.25,,,,,,4941.697,0.0192737783908844,27574.512337446213,1995000,0.08984375,0.0040564905,0.0,2.3536108,0.08693397,7.173514e-05,7964.6123,2.353539,0.0,11.830374,11.830374,0.1,1.0,0.0061598606,0.3495033,7652.924,1.0,995000.0,99.67737232047125,17809.819444882607,200.0,4.2222466468811035,138.37851342158035
7.5086544e-05,0.0,,,,,,,8350.522,11157.6045,8178.922,2860.5652,52615.004,-46707.86,435539.3,,,,,,8353.323,0.01927033190727234,27670.864003181458,2000000,0.06640625,0.0025540867,0.0,2.80095,0.14000022,7.5086544e-05,8218.441,2.800875,0.0,8.942429,8.942429,0.1,1.0,0.0028490229,0.26667565,8812.115,0.0,1000000.0,26.785712928937564,5829.344182335211,200.0,3.7996225357055664,46.70751224811975
