training/actor/bound_loss,training/actor/q_loss,training/alpha/current_vs_historical_ratio,training/alpha/historical_avg_loss,training/alpha/max_alpha_bound,training/alpha/min_alpha_bound,training/alpha/valid_count,training/alpha_weight,training/critic/critic_loss,training/critic/q_max,training/critic/q_mean,training/critic/q_min,training/grad/max,training/grad/min,training/grad/norm,training/meanflow/consistency_loss,training/meanflow/flow_loss,training/meanflow/mean_flow_loss,training/metrics/actor_learning_rate,training/metrics/critic_learning_rate,training/total_loss,time/epoch_time,time/total_time,step,training/actor/any_oob,training/actor/coordinate_oob,training/actor/jacobian,training/actor/loss,training/actor/max_clip,training/actor/mean_clip,training/actor/q,training/actor/transport,training/control/adjoint_clip_fraction,training/control/adjoint_norm,training/control/applied_adjoint_norm,training/control/eta,training/control/gate,training/control/relative_critic_disagreement,training/teacher/endpoint_variance,training/teacher/q,exploration/goal_achieved,exploration/total.timesteps,exploration/episode.final_reward,exploration/episode.return,exploration/episode.length,exploration/episode.duration,exploration/episode.normalized_return
0.0,0.0,1.0,0.0,3000.0,30.0,0,300.0,123.27342,2.7388878,0.11780077,-3.5862422,549.9778,-541.2335,9472.4375,0.0,0.8926925,0.8926925,0.0,0.0003,391.08118,0.008015937089920044,40.08010458946228,0,,,,,,,,,,,,,,,,,,,,,,,
0.0086796535,0.0,24941282.0,0.0,3000.0,30.0,2,300.0,8.015715,695.8665,117.78964,-5.1349382,110.64778,-136.74031,6638.595,0.0,0.24941282,0.24941282,1e-05,0.0003,82.848236,0.015808491373062134,119.12275505065918,5000,,,,,,,,,,,,,,,,,,,,,,,
0.007030469,0.0,20191320.0,0.0,3000.0,30.0,4,300.0,9.041132,1251.0245,233.98038,-6.5305066,136.40643,-158.26877,6275.8237,0.0,0.20191321,0.20191321,2e-05,0.0003,69.62212,0.009299202489852906,165.61896324157715,10000,,,,,,,,,,,,,,,,,,,,,,,
0.006999368,0.0,18940698.0,0.0,3000.0,30.0,7,300.0,33.26191,1679.6483,363.10315,-9.604211,79.01511,-95.09835,6011.8877,0.0,0.18940698,0.18940698,3e-05,0.0003,90.091,0.009345610761642456,212.34719705581665,15000,,,,,,,,,,,,,,,,,,,,,,,
0.0063382904,0.0,17837296.0,0.0,3000.0,30.0,9,300.0,38.78456,2013.4075,460.85492,-13.643028,132.07446,-157.54625,5593.614,0.0,0.17837296,0.17837296,4e-05,0.0003,92.302795,0.009220249652862549,258.4486255645752,20000,,,,,,,,,,,,,,,,,,,,,,,
0.007056812,0.0,1.4569157,0.10621019,3000.0,30.0,12,300.0,218.21706,2276.1743,648.72876,-18.050724,228.10753,-258.78445,11968.908,0.0,0.15473929,0.15473929,5e-05,0.0003,264.6459,0.008979977750778198,303.3486874103546,25000,,,,,,,,,,,,,,,,,,,,,,,
0.008142828,0.0,1.2422205,0.14365934,3000.0,30.0,14,300.0,116.13846,2480.9226,686.30676,-23.554665,143.45863,-142.6223,6900.9785,0.0,0.17845657,0.17845657,6e-05,0.0003,169.68356,0.009167207622528076,349.18489170074463,30000,,,,,,,,,,,,,,,,,,,,,,,
0.004740584,0.0,0.86750305,0.17671856,3000.0,30.0,17,300.0,129.9245,2644.3357,753.0271,-22.701052,128.49475,-64.04068,5929.699,0.0,0.15330389,0.15330389,6.9999995e-05,0.0003,175.92041,0.008989810276031494,394.13412523269653,35000,,,,,,,,,,,,,,,,,,,,,,,
0.005143254,0.0,0.7595421,0.19144271,3000.0,30.0,19,300.0,245.61276,2774.3135,893.3044,-31.571043,233.45116,-256.7616,10705.554,0.0,0.14540881,0.14540881,8e-05,0.0003,289.24054,0.009011419582366943,439.19139099121094,40000,,,,,,,,,,,,,,,,,,,,,,,
0.006356263,0.0,0.83587646,0.17191865,3000.0,30.0,20,300.0,102.977295,2877.9128,1042.2863,-47.431656,97.303085,-78.61333,5709.7227,0.0,0.14370275,0.14370275,8.9999994e-05,0.0003,146.09448,0.008948726844787598,483.9351878166199,45000,,,,,,,,,,,,,,,,,,,,,,,
0.00524316,0.0,0.7765651,0.16273694,3000.0,30.0,20,300.0,172.24973,2960.0234,1160.7427,-77.81564,69.85869,-74.197075,6702.967,0.0,0.12637582,0.12637582,1e-04,0.0003,210.16772,0.009101886653900146,529.444792509079,50000,,,,,,,,,,,,,,,,,,,,,,,
0.004285661,0.0,0.82296425,0.15489483,3000.0,30.0,20,300.0,226.63931,3026.2595,1155.3384,-116.33045,152.40619,-171.50632,10117.166,0.0,0.1274729,0.1274729,9.999385e-05,0.0003,264.88547,0.008897330331802369,573.9316082000732,55000,,,,,,,,,,,,,,,,,,,,,,,
0.0046890057,0.0,0.86986697,0.1527449,3000.0,30.0,20,300.0,181.46896,3082.2798,1307.9095,-165.33667,72.93904,-78.90421,6067.568,0.0,0.13286775,0.13286775,9.99754e-05,0.0003,221.33397,0.008977367067337037,618.8186008930206,60000,,,,,,,,,,,,,,,,,,,,,,,
0.0038157627,0.0,0.77930224,0.14808194,3000.0,30.0,20,300.0,285.81802,3122.2175,1311.4922,-235.33344,196.12898,-207.73088,10713.15,0.0,0.11540059,0.11540059,9.994465e-05,0.0003,320.44202,0.008841134929656982,663.0244245529175,65000,,,,,,,,,,,,,,,,,,,,,,,
0.0049756668,0.0,0.93019056,0.1433911,3000.0,30.0,20,300.0,211.05145,3155.1946,1245.5703,-446.60745,234.8758,-196.9176,11551.617,0.0,0.13338105,0.13338105,9.990162e-05,0.0003,251.07074,0.008569082546234131,705.8699836730957,70000,,,,,,,,,,,,,,,,,,,,,,,
0.0029016745,0.0,0.93338865,0.13884585,3000.0,30.0,20,300.0,323.43332,3185.7212,1277.2512,-1199.9463,328.44812,-302.6378,16931.633,0.0,0.12959713,0.12959713,9.984629e-05,0.0003,362.31537,0.008704138803482055,749.3908157348633,75000,,,,,,,,,,,,,,,,,,,,,,,
0.0036897657,0.0,0.90270776,0.1336743,3000.0,30.0,20,300.0,530.1152,3211.6475,1340.2421,-1684.58,1052.7374,-994.0803,38144.54,0.0,0.12066882,0.12066882,9.977873e-05,0.0003,566.31946,0.008492158603668212,791.8517529964447,80000,,,,,,,,,,,,,,,,,,,,,,,
0.0034402444,0.0,0.8253333,0.1315001,3000.0,30.0,20,300.0,316.57983,3237.6533,1213.9531,-2126.7925,800.2221,-952.8311,27044.11,0.0,0.10853141,0.10853141,9.969891e-05,0.0003,349.1427,0.008535740232467651,834.5305967330933,85000,,,,,,,,,,,,,,,,,,,,,,,
0.0048278463,0.0,0.89478856,0.12679712,3000.0,30.0,20,300.0,1060.6774,3242.7334,1329.0695,-2445.379,3746.564,-3780.7534,128157.09,0.0,0.11345662,0.11345662,9.9606885e-05,0.0003,1094.7192,0.008552395629882812,877.2927186489105,90000,,,,,,,,,,,,,,,,,,,,,,,
0.004154863,0.0,0.91906345,0.12367566,3000.0,30.0,20,300.0,423.22015,3276.2222,1299.102,-2874.0603,1615.706,-1929.2678,34286.176,0.0,0.113665774,0.113665774,9.950265e-05,0.0003,457.32404,0.008677930450439453,920.6825141906738,95000,,,,,,,,,,,,,,,,,,,,,,,
0.0031286275,0.0,1.0539323,0.1230979,3000.0,30.0,20,300.0,216.57994,3301.7964,1428.1814,-459.2723,80.71509,-99.411064,7582.417,0.0,0.12973684,0.12973684,9.938626e-05,0.0003,255.50412,0.008263260889053345,961.9989566802979,100000,,,,,,,,,,,,,,,,,,,,,,,
0.003061813,0.0,0.9469367,0.120903365,3000.0,30.0,20,300.0,290.9051,3318.5022,1271.0525,-3385.94,1323.7322,-1333.1279,16674.562,0.0,0.114487834,0.114487834,9.9257726e-05,0.0003,325.2545,0.014047559452056884,1032.2370512485504,105000,,,,,,,,,,,,,,,,,,,,,,,
0.003241159,0.0,0.80362767,0.12039174,3000.0,30.0,20,300.0,203.79321,3320.7954,1179.9053,-3540.292,251.35002,-344.23633,9161.432,0.0,0.09675014,0.09675014,9.91171e-05,0.0003,232.82149,0.009829070997238159,1081.3827030658722,110000,,,,,,,,,,,,,,,,,,,,,,,
0.0031118435,0.0,0.95831746,0.11677034,3000.0,30.0,20,300.0,164.34908,3341.702,1222.8899,-3652.7468,234.64977,-361.7819,10771.33,0.0,0.11190305,0.11190305,9.896442e-05,0.0003,197.9231,0.009731241941452026,1130.0392045974731,115000,,,,,,,,,,,,,,,,,,,,,,,
0.0048006,0.0,1.0279661,0.11553603,3000.0,30.0,20,300.0,166.3916,3348.4568,1228.5596,-3534.4976,133.55368,-619.1344,8921.811,0.0,0.11876713,0.11876713,9.8799705e-05,0.0003,202.02655,0.009715831470489503,1178.618620634079,120000,,,,,,,,,,,,,,,,,,,,,,,
0.0033336848,0.0,0.7424942,0.11353437,3000.0,30.0,20,300.0,400.68674,3342.0977,1239.7257,-3102.871,2457.203,-1432.7601,43349.066,0.0,0.08429862,0.08429862,9.8623015e-05,0.0003,425.97964,0.009726764011383057,1227.2526938915253,125000,,,,,,,,,,,,,,,,,,,,,,,
0.003952126,0.0,1.0059615,0.11410619,3000.0,30.0,20,300.0,261.0587,3352.2864,1248.1932,-3620.6423,2033.4323,-1945.7704,42617.94,0.0,0.11478644,0.11478644,9.843441e-05,0.0003,295.4986,0.009570786762237549,1275.106882572174,130000,,,,,,,,,,,,,,,,,,,,,,,
0.004245153,0.0,0.91088235,0.112983026,3000.0,30.0,20,300.0,276.29095,3358.445,1104.8248,-2623.752,2059.3665,-1832.5046,41760.938,0.0,0.102914244,0.102914244,9.823391e-05,0.0003,307.16946,0.009777420663833618,1323.9942390918732,135000,,,,,,,,,,,,,,,,,,,,,,,
0.0031396167,0.0,0.9770093,0.10927081,3000.0,30.0,20,300.0,158.18764,3360.4578,1250.2834,-1807.0596,114.06196,-132.18355,6424.852,0.0,0.106758595,0.106758595,9.8021614e-05,0.0003,190.21835,0.00968408670425415,1372.4149265289307,140000,,,,,,,,,,,,,,,,,,,,,,,
0.0027369158,0.0,0.8081427,0.10808033,3000.0,30.0,20,300.0,286.0006,3396.9343,1318.1726,-1473.0016,882.98535,-893.9137,27391.324,0.0,0.08734433,0.08734433,9.779754e-05,0.0003,312.20667,0.009777634811401367,1421.303367614746,145000,,,,,,,,,,,,,,,,,,,,,,,
0.0028400577,0.0,0.93483627,0.106892146,3000.0,30.0,20,300.0,132.32172,3345.5217,1173.2983,-4145.632,825.8057,-347.08063,12171.089,0.0,0.09992665,0.09992665,9.756177e-05,0.0003,162.30255,0.009992755317687988,1471.2674100399017,150000,,,,,,,,,,,,,,,,,,,,,,,
0.0030911637,0.0,0.97802055,0.10709574,3000.0,30.0,20,300.0,225.58234,3325.8071,1112.675,-1050.4048,2575.2815,-2165.554,36340.15,0.0,0.104741834,0.104741834,9.7314376e-05,0.0003,257.008,0.010161320781707764,1522.0742831230164,155000,,,,,,,,,,,,,,,,,,,,,,,
0.0029767894,0.0,1.0462679,0.106037356,3000.0,30.0,20,300.0,141.4177,3312.0637,1196.3962,-724.27466,214.14957,-101.765686,5510.486,0.0,0.110943474,0.110943474,9.7055396e-05,0.0003,174.7037,0.00985572566986084,1571.353150844574,160000,,,,,,,,,,,,,,,,,,,,,,,
0.0034226384,0.0,1.0088036,0.10380095,3000.0,30.0,20,300.0,91.18742,3292.6584,1216.3872,-570.44495,56.44881,-57.33873,4310.253,0.0,0.10471477,0.10471477,9.6784934e-05,0.0003,122.605286,0.009754237413406372,1620.1245501041412,165000,,,,,,,,,,,,,,,,,,,,,,,
0.0024986234,0.0,0.8316231,0.10182387,3000.0,30.0,20,300.0,148.14517,3277.6758,1278.0818,-424.69443,177.29976,-85.076706,5865.8633,0.0,0.08467908,0.08467908,9.6503034e-05,0.0003,173.55139,0.009641715478897094,1668.3333961963654,170000,,,,,,,,,,,,,,,,,,,,,,,
0.004131741,0.0,0.88664204,0.09796219,3000.0,30.0,20,300.0,357.89648,3319.5698,1221.381,-3950.7864,952.5203,-1376.055,44207.508,0.0,0.08685739,0.08685739,9.62098e-05,0.0003,383.95782,0.010037558460235596,1718.5214228630066,175000,,,,,,,,,,,,,,,,,,,,,,,
0.0035534943,0.0,1.0399827,0.0972707,3000.0,30.0,20,300.0,138.72102,3267.5442,1106.922,-291.9921,104.77524,-83.79268,5985.833,0.0,0.10115984,0.10115984,9.59053e-05,0.0003,169.07253,0.009713719940185547,1767.090265750885,180000,,,,,,,,,,,,,,,,,,,,,,,
0.0030391342,0.0,0.88477516,0.09434192,3000.0,30.0,20,300.0,137.02313,3305.1482,1157.4708,-236.02797,109.39772,-131.13863,6046.9126,0.0,0.08347139,0.08347139,9.558961e-05,0.0003,162.06758,0.010097208404541015,1817.5765535831451,185000,,,,,,,,,,,,,,,,,,,,,,,
0.0027860485,0.0,1.0341002,0.09297042,3000.0,30.0,20,300.0,102.54762,3296.3403,1099.4768,-164.38484,106.65999,-89.04126,4597.3984,0.0,0.09614073,0.09614073,9.526282e-05,0.0003,131.39262,0.00988412160873413,1866.9974286556244,190000,,,,,,,,,,,,,,,,,,,,,,,
0.0028773772,0.0,0.999857,0.09157792,3000.0,30.0,20,300.0,137.93718,3384.6853,1211.1062,-282.11163,465.50766,-372.2363,11162.773,0.0,0.09156482,0.09156482,9.4925024e-05,0.0003,165.40952,0.009948550224304199,1916.7404317855835,195000,,,,,,,,,,,,,,,,,,,,,,,
0.0025653068,0.0,1.0375526,0.09061811,3000.0,30.0,20,300.0,172.37146,3359.1707,1142.4736,-2728.6104,858.6644,-941.87213,17671.543,0.0,0.09402106,0.09402106,9.457632e-05,0.0003,200.58034,0.009631093072891235,1964.8961489200592,200000,,,,,,,,,,,,,,,,,,,,,,,
0.00395171,0.0,0.99051875,0.090852305,3000.0,30.0,20,300.0,159.19705,3248.6057,1123.8004,-83.37741,110.90711,-108.29944,6917.0317,0.0,0.089990914,0.089990914,9.42168e-05,0.0003,186.19827,0.014344470834732056,2036.6187524795532,205000,,,,,,,,,,,,,,,,,,,,,,,
0.002838566,0.0,0.9747956,0.09124111,3000.0,30.0,20,300.0,105.48947,3363.6353,1085.5566,-916.18555,56.45043,-63.479122,4542.5767,0.0,0.088941425,0.088941425,9.384654e-05,0.0003,132.17474,0.009469969606399536,2083.968815803528,210000,,,,,,,,,,,,,,,,,,,,,,,
0.0028554231,0.0,1.0360821,0.09057421,3000.0,30.0,20,300.0,94.43788,3277.3047,1210.5398,-400.33572,314.5545,-260.87112,6571.8457,0.0,0.09384232,0.09384232,9.346567e-05,0.0003,122.59343,0.009822714853286743,2133.082633495331,215000,,,,,,,,,,,,,,,,,,,,,,,
0.0031434863,0.0,0.91288316,0.091777764,3000.0,30.0,20,300.0,106.95396,3379.298,1136.6768,-1227.4365,92.09702,-82.42523,5371.218,0.0,0.083782375,0.083782375,9.30743e-05,0.0003,132.09181,0.009880425977706908,2182.484979391098,220000,,,,,,,,,,,,,,,,,,,,,,,
0.0028219512,0.0,0.92558783,0.09201018,3000.0,30.0,20,300.0,87.53099,3365.3176,1171.4575,-991.9833,58.20832,-57.539818,4821.289,0.0,0.0851635,0.0851635,9.267249e-05,0.0003,113.08286,0.009413566541671753,2229.553014755249,225000,,,,,,,,,,,,,,,,,,,,,,,
0.0030889155,0.0,0.95833445,0.09072887,3000.0,30.0,20,300.0,116.35152,3235.9084,1109.2465,-1172.4092,120.38654,-117.0492,6487.833,0.0,0.0869486,0.0869486,9.2260394e-05,0.0003,142.4392,0.009511822557449342,2277.1123485565186,230000,,,,,,,,,,,,,,,,,,,,,,,
0.0027638231,0.0,0.99381524,0.0885486,3000.0,30.0,20,300.0,78.94006,3280.0093,1172.8491,-685.1646,55.436283,-61.130157,4654.741,0.0,0.088000946,0.088000946,9.183811e-05,0.0003,105.34311,0.009456831312179566,2324.396768808365,235000,,,,,,,,,,,,,,,,,,,,,,,
0.0024251274,0.0,0.8772303,0.089883365,3000.0,30.0,20,300.0,69.91668,3271.8132,1069.9073,-152.072,54.42681,-70.32926,4385.825,0.0,0.07884841,0.07884841,9.1405775e-05,0.0003,93.57362,0.009557735252380371,2372.1856434345245,240000,,,,,,,,,,,,,,,,,,,,,,,
0.0028130743,0.0,1.0079875,0.08578553,3000.0,30.0,20,300.0,79.03457,3214.7627,1145.1321,-34.83856,42.3373,-45.205494,4154.591,0.0,0.08647074,0.08647074,9.0963455e-05,0.0003,104.97861,0.009402540445327758,2419.19854927063,245000,,,,,,,,,,,,,,,,,,,,,,,
0.0029120573,0.0,0.87871414,0.08410579,3000.0,30.0,20,300.0,178.9444,3342.054,1120.9983,-1052.4913,325.32996,-376.89713,8176.4165,0.0,0.07390495,0.07390495,9.051133e-05,0.0003,201.11879,0.009511900043487549,2466.75825881958,250000,,,,,,,,,,,,,,,,,,,,,,,
0.0026353193,0.0,0.8948089,0.08313649,3000.0,30.0,20,300.0,648.56506,3273.537,1036.5487,-3716.2314,4547.183,-6123.1484,143584.05,0.0,0.07439127,0.07439127,9.004948e-05,0.0003,670.8851,0.009526988935470581,2514.3934197425842,255000,,,,,,,,,,,,,,,,,,,,,,,
0.002917279,0.0,1.1138186,0.08122358,3000.0,30.0,20,300.0,178.63326,3348.0574,1078.1377,-1379.7263,220.54904,-206.64897,10865.76,0.0,0.09046833,0.09046833,8.9578054e-05,0.0003,205.77667,0.009441879272460938,2561.6030945777893,260000,,,,,,,,,,,,,,,,,,,,,,,
0.0030496158,0.0,0.8823758,0.08087055,3000.0,30.0,20,300.0,93.23746,3264.86,1184.5525,-383.57306,102.59434,-138.34752,5804.943,0.0,0.07135821,0.07135821,8.909717e-05,0.0003,114.64797,0.009671187019348144,2609.9593057632446,265000,,,,,,,,,,,,,,,,,,,,,,,
0.0024615268,0.0,1.0241518,0.08110817,3000.0,30.0,20,300.0,100.08978,3270.0764,1042.0157,-40.183777,122.92852,-115.12835,4950.5815,0.0,0.083067074,0.083067074,8.860696e-05,0.0003,125.01237,0.00935321102142334,2656.725637435913,270000,,,,,,,,,,,,,,,,,,,,,,,
0.0023256738,0.0,1.0621445,0.08125516,3000.0,30.0,20,300.0,3625.4177,3346.8904,1024.6759,-5075.703,21053.094,-16009.641,405066.44,0.0,0.086304724,0.086304724,8.810758e-05,0.0003,3651.3115,0.009493760061264038,2704.1946980953217,275000,,,,,,,,,,,,,,,,,,,,,,,
0.002641448,0.0,0.93829644,0.07900861,3000.0,30.0,20,300.0,123.12404,3556.607,1132.5996,-808.2569,103.29465,-105.43699,6693.583,0.0,0.0741335,0.0741335,8.759914e-05,0.0003,145.36673,0.00940796275138855,2751.2347700595856,280000,,,,,,,,,,,,,,,,,,,,,,,
0.0035269454,0.0,1.1834264,0.078756,3000.0,30.0,20,300.0,153.23051,3259.9062,1100.1178,-6259.7827,958.7836,-353.8303,18236.578,0.0,0.09320192,0.09320192,8.708179e-05,0.0003,181.19461,0.009430762767791747,2798.388819217682,285000,,,,,,,,,,,,,,,,,,,,,,,
0.002062995,0.0,0.8729025,0.0795232,3000.0,30.0,20,300.0,112.9869,3335.8013,1125.4764,-1656.7933,173.36153,-772.9434,9598.994,0.0,0.069416,0.069416,8.655565e-05,0.0003,133.81377,0.009273666667938232,2844.757393360138,290000,,,,,,,,,,,,,,,,,,,,,,,
0.0029080552,0.0,0.95371246,0.07953534,3000.0,30.0,20,300.0,218.7293,3254.9365,999.805,-1531.4443,717.4941,-523.24786,21349.535,0.0,0.07585385,0.07585385,8.602091e-05,0.0003,241.48836,0.009165416288375855,2890.584707260132,295000,,,,,,,,,,,,,,,,,,,,,,,
0.0027016879,0.0,0.82884485,0.078074984,3000.0,30.0,20,300.0,156.1122,3352.503,1076.7727,-1300.4907,157.13708,-192.82922,8602.479,0.0,0.06471205,0.06471205,8.547767e-05,0.0003,175.52852,0.00914826545715332,2936.3262705802917,300000,,,,,,,,,,,,,,,,,,,,,,,
0.0030545555,0.0,0.96065444,0.07729456,3000.0,30.0,20,300.0,194.04132,3286.6921,1109.2632,-853.0031,305.7649,-626.5606,12919.4375,0.0,0.07425336,0.07425336,8.49261e-05,0.0003,216.32037,0.014537862157821655,3009.0159068107605,305000,,,,,,,,,,,,,,,,,,,,,,,
0.002184793,0.0,1.0690202,0.07660063,3000.0,30.0,20,300.0,179.5777,3313.639,1159.0898,-206.65477,526.7714,-493.24054,15874.094,0.0,0.08188762,0.08188762,8.436636e-05,0.0003,204.14616,0.010345679807662964,3060.7446575164795,310000,,,,,,,,,,,,,,,,,,,,,,,
0.002044499,0.0,0.93865687,0.07633928,3000.0,30.0,20,300.0,232.91182,3348.0198,1137.6465,-254.83626,875.073,-843.70935,22508.293,0.0,0.07165639,0.07165639,8.3798586e-05,0.0003,254.41078,0.010055520725250244,3111.0225405693054,315000,,,,,,,,,,,,,,,,,,,,,,,
0.0023828887,0.0,1.0199698,0.07634135,3000.0,30.0,20,300.0,239.76773,3225.3215,855.5739,-8595.222,1493.6577,-745.0728,23906.035,0.0,0.077865876,0.077865876,8.322294e-05,0.0003,263.12988,0.010209254360198974,3162.0690701007843,320000,,,,,,,,,,,,,,,,,,,,,,,
0.0023701352,0.0,0.8637316,0.07698264,3000.0,30.0,20,300.0,2087.2202,3251.2524,1196.4286,-4198.502,22177.635,-16817.59,463740.38,0.0,0.06649234,0.06649234,8.263957e-05,0.0003,2107.1704,0.01005344648361206,3212.3365273475647,325000,,,,,,,,,,,,,,,,,,,,,,,
0.0027351098,0.0,0.919575,0.07665088,3000.0,30.0,20,300.0,183.0709,3360.3071,949.44653,-1088.9208,1163.2008,-571.56824,16070.251,0.0,0.07048623,0.07048623,8.2048646e-05,0.0003,204.21951,0.010214055347442626,3263.4070341587067,330000,,,,,,,,,,,,,,,,,,,,,,,
0.0027036644,0.0,1.0005591,0.07627888,3000.0,30.0,20,300.0,122.68831,3361.2012,941.59424,-641.906,350.14023,-394.271,12641.275,0.0,0.07632153,0.07632153,8.1450344e-05,0.0003,145.58746,0.010174208784103394,3314.278151035309,335000,,,,,,,,,,,,,,,,,,,,,,,
0.0027048339,0.0,0.79584646,0.07596429,3000.0,30.0,20,300.0,168.98975,3361.8108,1028.6803,-10352.078,461.2104,-267.7273,9290.533,0.0,0.06045591,0.06045591,8.0844795e-05,0.0003,187.12923,0.010207383584976196,3365.315414905548,340000,,,,,,,,,,,,,,,,,,,,,,,
0.0024860294,0.0,0.96726465,0.073235035,3000.0,30.0,20,300.0,211.37563,3344.9055,1004.2273,-1041.3776,512.1735,-460.60892,17644.309,0.0,0.07083766,0.07083766,8.0232174e-05,0.0003,232.62941,0.010227605247497558,3416.4537961483,345000,,,,,,,,,,,,,,,,,,,,,,,
0.0020581863,0.0,0.9789744,0.0729901,3000.0,30.0,20,300.0,320.44394,3280.105,1076.6636,-11204.286,1740.0621,-12566.351,61967.35,0.0,0.071455434,0.071455434,7.961267e-05,0.0003,341.88263,0.010317407512664795,3468.0411002635956,350000,,,,,,,,,,,,,,,,,,,,,,,
0.002067735,0.0,1.1148674,0.07245601,3000.0,30.0,20,300.0,188.54291,3233.6497,1171.8293,-178.54126,795.6511,-468.7556,16371.943,0.0,0.080778845,0.080778845,7.898643e-05,0.0003,212.77864,0.010435032320022583,3520.2165637016296,355000,,,,,,,,,,,,,,,,,,,,,,,
0.0020384274,0.0,0.8799664,0.07197514,3000.0,30.0,20,300.0,4757.5874,3785.2964,1102.075,-1758.724,7483.8516,-4876.377,155824.28,0.0,0.0633357,0.0633357,7.835362e-05,0.0003,4776.59,0.01009455704689026,3570.6896409988403,360000,,,,,,,,,,,,,,,,,,,,,,,
0.0021268167,0.0,0.87686944,0.06984094,3000.0,30.0,20,300.0,195.98256,3271.4104,1033.896,-1630.8989,547.2513,-571.14484,17711.04,0.0,0.061241385,0.061241385,7.7714445e-05,0.0003,214.3571,0.010135730600357057,3621.368593931198,365000,,,,,,,,,,,,,,,,,,,,,,,
0.002243385,0.0,0.9109711,0.06861948,3000.0,30.0,20,300.0,1211.5873,3237.334,923.43134,-12812.858,31756.537,-16641.055,210487.08,0.0,0.062510364,0.062510364,7.706907e-05,0.0003,1230.3425,0.00993695192337036,3671.053652048111,370000,,,,,,,,,,,,,,,,,,,,,,,
0.0023783392,0.0,1.1905879,0.06688278,3000.0,30.0,20,300.0,192.64459,3404.9275,1049.4539,-77.300865,527.5333,-178.44093,10118.516,0.0,0.07962983,0.07962983,7.641764e-05,0.0003,216.53592,0.00999618091583252,3721.034860610962,375000,,,,,,,,,,,,,,,,,,,,,,,
0.0023095126,0.0,0.9339342,0.06758579,3000.0,30.0,20,300.0,598.6286,3497.1746,826.3386,-13491.112,4121.2236,-5687.04,113167.2,0.0,0.06312068,0.06312068,7.5760356e-05,0.0003,617.56714,0.009797651243209839,3770.0234212875366,380000,,,,,,,,,,,,,,,,,,,,,,,
0.0024777607,0.0,0.9191316,0.066614665,3000.0,30.0,20,300.0,10440.274,3414.333,972.77856,-12267.336,75370.43,-42258.88,1014583.25,0.0,0.061227642,0.061227642,7.50974e-05,0.0003,10458.6455,0.010200989007949829,3821.0286684036255,385000,,,,,,,,,,,,,,,,,,,,,,,
0.0018567729,0.0,1.1207725,0.06449547,3000.0,30.0,20,300.0,564.7018,3271.1038,974.4708,-14367.225,19694.572,-33463.152,206901.45,0.0,0.07228474,0.07228474,7.442894e-05,0.0003,586.38904,0.009834510898590087,3870.201518535614,390000,,,,,,,,,,,,,,,,,,,,,,,
0.0019945528,0.0,0.8420071,0.064120315,3000.0,30.0,20,300.0,3646.4438,3482.4504,898.1761,-14420.865,98413.97,-16009.369,545937.5,0.0,0.05398976,0.05398976,7.375519e-05,0.0003,3662.6428,0.009721749019622803,3918.8104741573334,395000,,,,,,,,,,,,,,,,,,,,,,,
0.0028614642,0.0,1.0322162,0.063330315,3000.0,30.0,20,300.0,576.878,3441.5537,931.7838,-15263.828,55220.6,-5204.616,222517.36,0.0,0.065370575,0.065370575,7.30763e-05,0.0003,596.492,0.00979650044441223,3967.79327583313,400000,,,,,,,,,,,,,,,,,,,,,,,
0.0024049457,0.0,1.221399,0.06261138,3000.0,30.0,20,300.0,2333.618,3456.0835,1020.2551,-11244.7,21007.814,-20742.18,282847.97,0.0,0.076473475,0.076473475,7.239246e-05,0.0003,2356.5625,0.014248551321029663,4039.0362434387207,405000,,,,,,,,,,,,,,,,,,,,,,,
0.0029530006,0.0,0.9758475,0.06159367,3000.0,30.0,20,300.0,552.7742,3451.268,907.1001,-15706.042,17872.094,-9128.409,129463.18,0.0,0.060106024,0.060106024,7.170388e-05,0.0003,570.8089,0.01000349793434143,4089.0539519786835,410000,,,,,,,,,,,,,,,,,,,,,,,
0.0022110478,0.0,1.17288,0.061589062,3000.0,30.0,20,300.0,232.79279,3494.2769,970.47253,-16171.933,2463.8022,-2828.107,40076.527,0.0,0.07223658,0.07223658,7.101073e-05,0.0003,254.46597,0.009630468225479126,4137.206523656845,415000,,,,,,,,,,,,,,,,,,,,,,,
0.002003584,0.0,1.0677865,0.06040622,3000.0,30.0,20,300.0,483.84464,3453.2583,954.7467,-16492.334,4517.169,-36123.895,159740.98,0.0,0.06450094,0.06450094,7.0313195e-05,0.0003,503.19693,0.009731799077987671,4185.865737438202,420000,,,,,,,,,,,,,,,,,,,,,,,
0.0031492214,0.0,1.1480453,0.060594764,3000.0,30.0,20,300.0,229.48576,3255.7488,1088.3445,-2082.2805,1139.8718,-620.25476,23696.629,0.0,0.069565535,0.069565535,6.961148e-05,0.0003,250.35857,0.0099297110080719,4235.514507055283,425000,,,,,,,,,,,,,,,,,,,,,,,
0.0018271354,0.0,1.01065,0.061504096,3000.0,30.0,20,300.0,12770.779,3480.4666,1029.7749,-11800.438,65229.297,-67269.89,1640458.0,0.0,0.062159114,0.062159114,6.890576e-05,0.0003,12789.429,0.009813830089569093,4284.583925247192,430000,,,,,,,,,,,,,,,,,,,,,,,
0.0021082151,0.0,1.2075438,0.059897453,3000.0,30.0,20,300.0,779.77435,3432.5173,872.211,-17151.422,7312.379,-4974.0264,144257.16,0.0,0.072328806,0.072328806,6.8196256e-05,0.0003,801.47516,0.010015860366821288,4334.66344499588,435000,,,,,,,,,,,,,,,,,,,,,,,
0.0019697815,0.0,0.9722323,0.060163856,3000.0,30.0,20,300.0,1814.0231,3485.5454,932.9453,-16716.145,14669.549,-37398.023,323753.0,0.0,0.05849324,0.05849324,6.748313e-05,0.0003,1831.573,0.009828781127929688,4383.807585477829,440000,,,,,,,,,,,,,,,,,,,,,,,
0.002172886,0.0,1.3691502,0.060762305,3000.0,30.0,20,300.0,7784.7524,3243.9773,810.2446,-17820.87,29490.723,-26614.057,891959.7,0.0,0.08319272,0.08319272,6.67666e-05,0.0003,7809.7124,0.010072032976150513,4434.167988538742,445000,,,,,,,,,,,,,,,,,,,,,,,
0.0017495659,0.0,0.86392385,0.061342813,3000.0,30.0,20,300.0,352.35117,3455.8857,788.6108,-17679.158,23855.824,-5126.8496,131817.81,0.0,0.052995518,0.052995518,6.604685e-05,0.0003,368.25156,0.009951887130737304,4483.927670240402,450000,,,,,,,,,,,,,,,,,,,,,,,
0.002742265,0.0,1.314876,0.06047677,3000.0,30.0,20,300.0,110.52583,3475.9006,840.66,-18186.215,760.63763,-1336.847,16153.413,0.0,0.07951945,0.07951945,6.5324086e-05,0.0003,134.3844,0.010026018285751342,4534.05797958374,455000,,,,,,,,,,,,,,,,,,,,,,,
0.0018923939,0.0,0.8138083,0.0605883,3000.0,30.0,20,300.0,71.457954,3469.074,1071.3643,-406.91702,250.8461,-197.76532,6325.705,0.0,0.04930726,0.04930726,6.4598484e-05,0.0003,86.25202,0.01084116759300232,4588.264073610306,460000,,,,,,,,,,,,,,,,,,,,,,,
0.0023975463,0.0,1.0273144,0.059758104,3000.0,30.0,20,300.0,127.223755,3435.3955,1129.614,-159.27278,539.96515,-513.3436,15331.063,0.0,0.061390363,0.061390363,6.387027e-05,0.0003,145.64326,0.010074248123168945,4638.63555765152,465000,,,,,,,,,,,,,,,,,,,,,,,
0.002471896,0.0,0.80583113,0.060000133,3000.0,30.0,20,300.0,96.168,3419.4834,887.26013,-928.19574,104.29158,-161.13188,7346.0312,0.0,0.048349977,0.048349977,6.3139625e-05,0.0003,110.67546,0.00983454475402832,4687.808520078659,470000,,,,,,,,,,,,,,,,,,,,,,,
0.0019480609,0.0,1.1881789,0.059709,3000.0,30.0,20,300.0,53.920372,3231.4731,1036.925,-98.37248,949.70917,-262.5684,9586.881,0.0,0.07094497,0.07094497,6.2406754e-05,0.0003,75.20581,0.009307536792755127,4734.346440315247,475000,,,,,,,,,,,,,,,,,,,,,,,
0.0020391545,0.0,0.96167713,0.059965845,3000.0,30.0,20,300.0,106.94853,3382.3909,960.03284,-3099.9036,459.07574,-687.99817,15111.851,0.0,0.057667784,0.057667784,6.167186e-05,0.0003,124.2509,0.009740027809143067,4783.046816110611,480000,,,,,,,,,,,,,,,,,,,,,,,
0.0017603266,0.0,0.9373836,0.059693754,3000.0,30.0,20,300.0,323.1514,3365.544,837.05835,-18619.973,4934.83,-2898.9382,84064.38,0.0,0.055955943,0.055955943,6.093515e-05,0.0003,339.93994,0.009763289070129395,4831.863495588303,485000,,,,,,,,,,,,,,,,,,,,,,,
0.0019906582,0.0,0.9159831,0.058897626,3000.0,30.0,20,300.0,139.38805,3361.0703,1002.7997,-512.3153,297.62726,-148.43372,9270.359,0.0,0.05394923,0.05394923,6.0196806e-05,0.0003,155.5748,0.009860682153701783,4881.167129278183,490000,,,,,,,,,,,,,,,,,,,,,,,
0.0021151924,0.0,1.046751,0.058620136,3000.0,30.0,20,300.0,121.43036,3320.5254,964.84894,-18076.01,2734.1702,-2634.3906,51793.203,0.0,0.061360687,0.061360687,5.945705e-05,0.0003,139.84068,0.009470377111434936,4928.519217967987,495000,,,,,,,,,,,,,,,,,,,,,,,
0.0024950176,0.0,,,,,,,72.22382,3345.705,941.1947,-1881.2609,215.13788,-136.87425,4984.3467,,,,,,72.36532,0.014412846899032593,5000.5834584236145,500000,0.765625,0.098958336,0.044656347,0.14149232,0.2969674,0.0024950176,941.3975,0.09434095,0.0,1.3436241,1.3436241,0.1,1.0,0.021172665,0.20472017,858.1299,,,,,,,
9.452546e-05,0.0,,,,,,,1365.4609,3572.0857,1571.435,-571.191,692.4934,-1678.0349,38556.027,,,,,,1365.5557,0.017394093465805054,5087.553931236267,505000,0.1171875,0.0055989586,0.042100407,0.09474936,0.098929405,9.452546e-05,1608.4025,0.05255443,0.0,3.738853,3.738853,0.1,1.0,0.029380355,0.1999823,1773.2423,,,,,,,
0.00012521402,0.0,,,,,,,557.8531,3597.3867,2804.1848,514.2414,439.4804,-890.70624,24515.36,,,,,,557.95166,0.0104186767578125,5139.647319793701,510000,0.12890625,0.005338542,0.062807664,0.09857176,0.12783086,0.00012521402,2839.972,0.035638884,0.0,3.071181,3.071181,0.1,1.0,0.002001166,0.26397,2860.478,,,,,,,
6.401337e-05,0.0,,,,,,,80.69943,3588.07,2723.3433,1605.1432,157.1895,-545.3897,6656.517,,,,,,80.82057,0.010516067981719971,5192.227663993835,515000,0.09765625,0.004296875,0.108770505,0.12113833,0.09184182,6.401337e-05,2734.4663,0.012303804,0.0,1.9070237,1.9070237,0.1,1.0,0.00091844425,0.19548059,2777.7188,,,,,,,
1.4809458e-05,0.0,,,,,,,113.72262,3611.0798,2677.9683,1110.8323,1573.1921,-335.93335,19157.486,,,,,,113.79219,0.012896144247055054,5256.708391189575,520000,0.0390625,0.0015625001,0.04391522,0.06956927,0.038821936,1.4809458e-05,2691.6274,0.025639234,0.0,2.5874338,2.5874338,0.1,1.0,0.0016173492,0.1855398,2638.6187,,,,,,,
3.8819093e-05,0.0,,,,,,,155.82767,3635.6921,2512.1384,1531.7126,839.5653,-197.98102,13694.375,,,,,,156.7559,0.01091038293838501,5311.260310649872,525000,0.046875,0.001953125,0.9084843,0.92823845,0.07284641,3.8819093e-05,2539.8818,0.019715354,0.0,2.4196534,2.4196534,0.1,1.0,0.0017252171,0.22444889,2421.2202,,,,,,,
5.202171e-05,0.0,,,,,,,295.2505,3761.1506,2689.785,1892.0695,850.6809,-417.51407,17120.438,,,,,,295.31827,0.011008667659759521,5366.303654432297,530000,0.1171875,0.0046875,0.05185765,0.06778078,0.083675265,5.202171e-05,2719.5781,0.015871111,0.0,3.21378,3.21378,0.1,1.0,0.001812588,0.2095885,2713.6296,,,,,,,
2.535009e-05,0.0,,,,,,,78.988495,3856.6787,2681.9636,1923.1936,128.03654,-472.546,6478.281,,,,,,79.030235,0.012175686073303223,5427.182090044022,535000,0.08984375,0.0032552085,0.021008413,0.04173672,0.049496412,2.535009e-05,2693.642,0.020702954,0.0,1.8278694,1.8278694,0.1,1.0,0.0016859213,0.20014149,2685.374,,,,,,,
2.2255257e-05,0.0,,,,,,,219.78413,3998.6912,2695.6448,539.4425,626.3009,-336.10352,14227.505,,,,,,219.89049,0.010664739942550659,5480.505795001984,540000,0.0546875,0.001953125,0.076008305,0.10635121,0.032221317,2.2255257e-05,2728.9536,0.03032065,0.0,4.390809,4.390809,0.1,1.0,0.0029111532,0.2003832,2631.2073,,,,,,,
4.3464453e-05,0.0,,,,,,,201.57588,4346.2563,2694.9866,1272.8768,1058.4943,-318.56854,15642.642,,,,,,201.75026,0.010739468574523925,5534.203143119812,545000,0.046875,0.0016927085,0.16266307,0.17437238,0.11162484,4.3464453e-05,2715.3997,0.01166584,0.0,2.365719,2.365719,0.1,1.0,0.0017277997,0.23110287,2739.9834,,,,,,,
3.7414397e-05,0.0,,,,,,,123.03202,4910.0986,2945.421,1542.4684,823.76917,-524.4979,15259.147,,,,,,123.0852,0.010538013505935669,5586.893215894699,550000,0.0390625,0.0020833334,0.026567306,0.05317356,0.0782752,3.7414397e-05,2964.4685,0.026568841,0.0,2.6974063,2.6974063,0.1,1.0,0.002440717,0.14002176,3090.1304,,,,,,,
5.947412e-05,0.0,,,,,,,254.54153,4991.8325,3106.8967,655.36926,438.6896,-328.29163,14307.141,,,,,,259.15775,0.010497770547866821,5639.382073879242,555000,0.08984375,0.0037760418,4.578226,4.6162004,0.075414896,5.947412e-05,3140.8281,0.037914827,0.0,3.5033112,3.5033112,0.1,1.0,0.0023622322,0.19329117,3158.6792,,,,,,,
3.631458e-05,0.0,,,,,,,342.14233,5308.0884,3488.7183,1927.5542,923.2274,-366.9578,16988.54,,,,,,342.2286,0.01065351996421814,5692.64967918396,560000,0.0390625,0.001953125,0.057278812,0.0862803,0.05872214,3.631458e-05,3520.304,0.028965173,0.0,3.4499524,3.4499524,0.1,1.0,0.0018558835,0.2184379,3491.6719,,,,,,,
1.3508757e-05,0.0,,,,,,,599.9857,5018.8687,3740.1033,1481.3345,649.4903,-2604.5925,39036.297,,,,,,600.1115,0.01074658088684082,5746.382588863373,565000,0.0390625,0.0014322917,0.06784074,0.12581709,0.01931417,1.3508757e-05,3782.3848,0.05796284,0.0,6.0706797,6.0706797,0.1,1.0,0.0023642045,0.23551394,3966.566,,,,,,,
3.0439674e-05,0.0,,,,,,,111.44913,4965.186,3606.2969,1991.5287,695.1325,-282.1305,10515.636,,,,,,115.58348,0.010643586587905884,5799.600527763367,570000,0.109375,0.0048177084,4.119632,4.1343555,0.02972281,3.0439674e-05,3620.652,0.014693126,0.0,1.7796032,1.7796032,0.1,1.0,0.0016166106,0.24821405,3582.6814,,,,,,,
4.2746902e-05,0.0,,,,,,,113.66814,4686.5713,3265.9888,343.6162,963.28186,-1054.5331,19556.521,,,,,,113.78984,0.010673063039779664,5852.965848207474,575000,0.06640625,0.003385417,0.10650632,0.121702515,0.054117203,4.2746902e-05,3276.4937,0.015153449,0.0,1.6873386,1.6873386,0.1,1.0,0.0012139741,0.19944559,3340.908,,,,,,,
3.5384564e-05,0.0,,,,,,,139.84366,4580.5557,3203.0024,2266.66,1283.7579,-329.6136,14543.006,,,,,,139.90822,0.010737462520599365,5906.653167009354,580000,0.078125,0.0027343752,0.045461114,0.06456742,0.03629148,3.5384564e-05,3225.2642,0.01907092,0.0,2.423928,2.423928,0.1,1.0,0.0017420663,0.20650187,3350.2532,,,,,,,
3.7158996e-05,0.0,,,,,,,190.8859,4574.149,3168.1914,1618.4891,3521.3455,-843.04407,38816.79,,,,,,191.04736,0.010749214601516724,5960.399245977402,585000,0.0859375,0.0032552085,0.14501041,0.16146976,0.03975475,3.7158996e-05,3191.317,0.016422188,0.0,2.98983,2.98983,0.1,1.0,0.001822251,0.19772704,3205.195,,,,,,,
4.5915338e-05,0.0,,,,,,,163.82278,4568.1714,3091.8457,1977.8052,1015.2578,-1044.8015,18960.395,,,,,,163.87273,0.0107501323223114,6014.149913787842,590000,0.0703125,0.0026041667,0.025863709,0.049941707,0.11569333,4.5915338e-05,3114.586,0.024032086,0.0,2.5079927,2.5079927,0.1,1.0,0.0018018511,0.2223347,3099.4634,,,,,,,
4.606421e-05,0.0,,,,,,,283.2942,4646.6064,3308.9116,1949.8275,161.30875,-472.51175,10596.714,,,,,,283.382,0.010649221086502075,6067.396024465561,595000,0.046875,0.0018229168,0.043639917,0.0878036,0.06670797,4.606421e-05,3337.3787,0.04411762,0.0,3.9120114,3.9120114,0.1,1.0,0.0020935372,0.21003212,3293.5737,,,,,,,
4.585092e-05,0.0,,,,,,,469.51346,4550.697,3512.4517,1287.848,1177.4436,-4234.1606,66685.91,,,,,,469.6488,0.010683286571502686,6120.812463760376,600000,0.04296875,0.0015625001,0.051486272,0.13535453,0.1200093,4.585092e-05,3548.8472,0.08382241,0.0,4.57063,4.57063,0.1,1.0,0.002014654,0.26609176,3453.8638,,,,,,,
3.306869e-05,0.0,,,,,,,172.09964,4704.7905,3782.879,2598.3616,1592.2411,-428.6057,18246.998,,,,,,172.16379,0.016227105808258056,6201.948001384735,605000,0.0546875,0.002213542,0.04412719,0.06414844,0.084489584,3.306869e-05,3803.1008,0.019988185,0.0,2.9365406,2.9365406,0.1,1.0,0.0020818375,0.2223324,3817.2458,,,,,,,
4.3511565e-05,0.0,,,,,,,166.01859,4618.134,3429.8296,1089.1282,653.5218,-1979.1202,24696.695,,,,,,166.06749,0.01215058217048645,6262.700919866562,610000,0.09765625,0.0040364587,0.03590352,0.048900716,0.030483603,4.3511565e-05,3444.064,0.012953684,0.0,2.039322,2.039322,0.1,1.0,0.000870315,0.14938247,3521.8733,,,,,,,
4.8346137e-05,0.0,,,,,,,197.87296,4446.3237,3242.6477,1346.717,1186.175,-3603.9502,36248.008,,,,,,197.9548,0.0120742027759552,6323.07194185257,615000,0.05859375,0.0027343752,0.06673173,0.08184086,0.10228753,4.8346137e-05,3261.9302,0.015060783,0.0,2.315996,2.315996,0.1,1.0,0.0010703197,0.22976331,3236.9514,,,,,,,
5.323771e-05,0.0,,,,,,,457.81036,4595.175,3491.3716,971.3701,722.2265,-1707.903,39054.203,,,,,,457.9169,0.012039618396759034,6383.270041704178,620000,0.0859375,0.0028645834,0.05245182,0.106535226,0.11587775,5.323771e-05,3517.7131,0.054030173,0.0,3.901153,3.901153,0.1,1.0,0.0019795038,0.18052925,3476.164,,,,,,,
4.0591975e-05,0.0,,,,,,,223.49013,4503.3315,3263.5764,2366.102,717.04926,-894.16656,14188.48,,,,,,223.55096,0.011890484476089478,6442.722471475601,625000,0.0625,0.0027343752,0.042544283,0.06083845,0.061880827,4.0591975e-05,3279.4849,0.018253576,0.0,2.501391,2.501391,0.1,1.0,0.0018360107,0.22501399,3361.1924,,,,,,,
3.910661e-05,0.0,,,,,,,170.80986,4408.408,3159.7788,484.3969,848.1593,-496.17407,15009.208,,,,,,176.58388,0.011797694444656372,6501.710952043533,630000,0.07421875,0.0027343752,5.7641764,5.7740135,0.12404239,3.910661e-05,3175.6382,0.009798031,0.0,2.5966034,2.5966034,0.1,1.0,0.0017638791,0.22825398,3105.7932,,,,,,,
9.016118e-06,0.0,,,,,,,198.64774,4413.519,3117.2075,2042.2617,613.6178,-1125.0222,16500.059,,,,,,198.7542,0.011983820581436157,6561.630063295364,635000,0.0390625,0.0013020834,0.09228674,0.10646392,0.027086258,9.016118e-06,3135.1375,0.014168155,0.0,3.0151744,3.0151744,0.1,1.0,0.0015961222,0.21771275,3080.8765,,,,,,,
1.6186217e-05,0.0,,,,,,,171.94664,4627.5884,3048.6912,2061.2383,998.85596,-3299.7861,38136.67,,,,,,172.60652,0.01154667043685913,6619.363423109055,640000,0.03515625,0.0013020834,0.6444166,0.65987664,0.025080442,1.6186217e-05,3069.6265,0.015443838,0.0,2.9640932,2.9640932,0.1,1.0,0.0015308313,0.25777435,3037.9724,,,,,,,
4.1313193e-05,0.0,,,,,,,149.3079,4605.8115,2991.0977,1875.5571,343.0534,-1696.238,20174.922,,,,,,149.37076,0.012122702026367187,6679.976941347122,645000,0.08203125,0.0028645834,0.054058272,0.06284756,0.07192397,4.1313193e-05,3007.8005,0.0087479735,0.0,2.3109138,2.3109138,0.1,1.0,0.0014135262,0.23070619,2888.9373,,,,,,,
4.990607e-05,0.0,,,,,,,342.30054,5254.45,3068.3496,1755.6082,2864.1582,-790.9175,37144.066,,,,,,342.39212,0.012046399021148681,6740.208944797516,650000,0.06640625,0.0031250003,0.06610759,0.091580525,0.12522233,4.990607e-05,3096.4937,0.025423026,0.0,2.9786491,2.9786491,0.1,1.0,0.0023557092,0.22795843,2948.2837,,,,,,,
3.0186697e-05,0.0,,,,,,,449.45935,5371.513,3379.167,1295.3108,6338.13,-1247.0508,65354.023,,,,,,449.53094,0.011954698848724365,6799.9824504852295,655000,0.04296875,0.0016927085,0.03936268,0.07159703,0.051221132,3.0186697e-05,3411.4773,0.032204162,0.0,3.343684,3.343684,0.1,1.0,0.0028560837,0.24821031,3169.4263,,,,,,,
3.3294815e-05,0.0,,,,,,,361.12802,5087.419,3949.952,2619.8962,2706.3027,-2961.517,40845.418,,,,,,361.20648,0.011852908039093018,6859.2469980716705,660000,0.078125,0.003385417,0.04751513,0.07844881,0.04174149,3.3294815e-05,3981.6562,0.030900378,0.0,3.597941,3.597941,0.1,1.0,0.002555274,0.21236204,3960.953,,,,,,,
3.469366e-05,0.0,,,,,,,157.74504,5016.387,3643.3467,2264.8062,6335.1914,-1899.6816,77358.32,,,,,,157.79156,0.01158429889678955,6917.168500900269,665000,0.0625,0.0026041667,0.036087945,0.04652005,0.04243481,3.469366e-05,3659.9822,0.010397411,0.0,2.1965017,2.1965017,0.1,1.0,0.0009081719,0.19796829,3763.6238,,,,,,,
1.8916311e-05,0.0,,,,,,,210.53326,5162.6226,3446.642,2425.957,2554.0215,-582.1673,23674.377,,,,,,210.59467,0.011742344522476196,6975.880231380463,670000,0.05859375,0.0020833334,0.048628826,0.061397236,0.02078247,1.8916311e-05,3470.0598,0.012749492,0.0,2.7466846,2.7466846,0.1,1.0,0.0014514106,0.18357386,3567.1934,,,,,,,
9.343774e-05,0.0,,,,,,,525.8881,4666.685,3724.012,1829.6261,8049.5234,-2294.0054,114913.62,,,,,,525.9675,0.011684736251831055,7034.303925275803,675000,0.1171875,0.0055989586,0.047959533,0.07938415,0.10007894,9.343774e-05,3758.752,0.031331178,0.0,4.5016875,4.5016875,0.1,1.0,0.0019660117,0.17311695,3855.5505,,,,,,,
2.0868161e-05,0.0,,,,,,,179.98265,4923.838,3592.229,1529.9586,1165.5176,-5083.225,38868.15,,,,,,190.51965,0.011681052350997924,7092.709197759628,680000,0.078125,0.0026041667,10.515863,10.537009,0.028671503,2.0868161e-05,3615.329,0.02112528,0.0,2.484748,2.484748,0.1,1.0,0.0014013707,0.15760513,3771.0566,,,,,,,
1.9616433e-05,0.0,,,,,,,125.46404,4900.951,3434.7285,1927.771,4913.986,-1306.6702,53856.457,,,,,,125.504425,0.01135539116859436,7149.486162185669,685000,0.05078125,0.001953125,0.029201271,0.04038535,0.043142676,1.9616433e-05,3452.3909,0.011164461,0.0,2.619391,2.619391,0.1,1.0,0.0015602316,0.17492534,3479.7656,,,,,,,
5.8446703e-06,0.0,,,,,,,313.54077,4628.6895,3448.6082,2433.6936,1603.6384,-5474.9106,45520.35,,,,,,313.60815,0.011720823097229004,7208.0902853012085,690000,0.03125,0.0010416667,0.05221043,0.067396544,0.01734078,5.8446703e-06,3482.0627,0.015180273,0.0,2.9058514,2.9058514,0.1,1.0,0.0019512738,0.20685238,3646.966,,,,,,,
2.9246294e-05,0.0,,,,,,,125.46936,4492.1396,3380.8032,2538.288,2834.1714,-1771.0186,33539.566,,,,,,125.51326,0.012299361419677734,7269.587099075317,695000,0.06640625,0.0024739585,0.03476494,0.043903265,0.08006883,2.9246294e-05,3398.065,0.009109075,0.0,2.4073668,2.4073668,0.1,1.0,0.0014936577,0.22164904,3430.3167,,,,,,,
1.2793889e-05,0.0,,,,,,,169.81448,4326.4814,3393.2424,2350.6472,7545.2007,-1828.4768,73437.11,,,,,,169.86285,0.012304612398147584,7331.110168218613,700000,0.0546875,0.0020833334,0.03692405,0.04837115,0.01816988,1.2793889e-05,3413.4834,0.01143431,0.0,2.6701312,2.6701312,0.1,1.0,0.0013812603,0.18344827,3417.5005,,,,,,,
1.978806e-05,0.0,,,,,,,107.63241,4235.8257,3126.0386,2061.4658,4454.2275,-2093.2275,32071.824,,,,,,107.69272,0.015582088470458985,7409.020621061325,705000,0.04296875,0.001953125,0.05071153,0.060311675,0.04149139,1.978806e-05,3140.3218,0.009580356,0.0,2.0877826,2.0877826,0.1,1.0,0.0012130856,0.24317643,3129.4946,,,,,,,
4.8781265e-05,0.0,,,,,,,122.63046,4079.679,3010.5312,2050.156,722.6073,-2496.9524,26574.59,,,,,,122.70841,0.011322522354125977,7465.633239984512,710000,0.07421875,0.0026041667,0.06614031,0.077951334,0.23070812,4.8781265e-05,3030.2793,0.011762248,0.0,2.21987,2.21987,0.1,1.0,0.0011238789,0.25362748,3078.877,,,,,,,
7.156673e-05,0.0,,,,,,,158.33725,4350.5664,2935.0098,1390.764,665.6189,-2319.891,29152.617,,,,,,177.15901,0.011195280027389527,7521.609647512436,715000,0.0859375,0.003385417,18.800034,18.821758,0.071648836,7.156673e-05,2963.3147,0.0216524,0.0,3.4970822,3.4970822,0.1,1.0,0.002063599,0.23356968,2965.25,,,,,,,
2.6718993e-05,0.0,,,,,,,105.044395,4269.3843,3027.4495,1200.3698,1812.3033,-528.5179,16614.887,,,,,,105.137535,0.011191024923324584,7577.564778089523,720000,0.0703125,0.0024739585,0.07609344,0.09313756,0.03596115,2.6718993e-05,3046.6626,0.017017398,0.0,2.5647407,2.5647407,0.1,1.0,0.0012644195,0.18736212,3020.6064,,,,,,,
1.1962576e-05,0.0,,,,,,,155.9833,4197.808,2953.267,1794.0673,2915.5522,-1777.9161,30832.844,,,,,,156.03809,0.011148811531066895,7633.308840751648,725000,0.0546875,0.0020833334,0.043519396,0.054772753,0.021558642,1.1962576e-05,2973.9197,0.011241393,0.0,2.5350044,2.5350044,0.1,1.0,0.0021886108,0.22607301,2991.2698,,,,,,,
5.6847668e-05,0.0,,,,,,,280.17148,4060.4995,3064.1133,621.2307,306.25415,-1277.3276,18931.543,,,,,,280.24405,0.011000892639160157,7688.313310623169,730000,0.078125,0.003385417,0.04617397,0.07257786,0.07297671,5.6847668e-05,3103.02,0.02634704,0.0,5.0440216,5.0440216,0.1,1.0,0.0022196874,0.20181394,3262.8708,,,,,,,
4.9823386e-05,0.0,,,,,,,148.22604,4037.5562,3178.9058,2100.6382,1208.6652,-2832.5273,28480.832,,,,,,148.27817,0.011090226888656617,7743.764452934265,735000,0.08984375,0.0035156251,0.036302887,0.052116692,0.098741055,4.9823386e-05,3192.0688,0.015763985,0.0,2.1120205,2.1120205,0.1,1.0,0.0010405108,0.19358395,3258.4014,,,,,,,
1.00877605e-05,0.0,,,,,,,127.888374,3954.643,2882.5227,59.121704,2018.1841,-2878.8628,25913.531,,,,,,127.923386,0.011023844337463378,7798.883680820465,740000,0.03125,0.001171875,0.026827853,0.035008233,0.025310755,1.00877605e-05,2896.618,0.008170291,0.0,2.0172567,2.0172567,0.1,1.0,0.0013930092,0.23240031,2941.6375,,,,,,,
5.064315e-05,0.0,,,,,,,156.48325,3880.4844,2811.461,330.2395,1038.3677,-433.09857,12414.493,,,,,,156.58884,0.010861366939544677,7853.190522432327,745000,0.0546875,0.00234375,0.090959266,0.1055924,0.06759143,5.064315e-05,2828.0796,0.01458249,0.0,2.2328184,2.2328184,0.1,1.0,0.0013067761,0.23963186,2923.7393,,,,,,,
3.3034463e-05,0.0,,,,,,,186.37526,3766.4424,2788.3635,287.95203,6663.6675,-933.43677,33093.91,,,,,,186.42453,0.011043957138061524,7908.410314798355,750000,0.1015625,0.0037760418,0.03510197,0.049268264,0.04282987,3.3034463e-05,2808.444,0.014133259,0.0,2.1408298,2.1408298,0.1,1.0,0.0016315082,0.22818254,2691.9597,,,,,,,
1.4261964e-05,0.0,,,,,,,131.41367,3833.5845,2761.0254,211.32944,1719.6399,-10919.578,61931.37,,,,,,131.4748,0.010998448753356933,7963.402565956116,755000,0.0625,0.002213542,0.05291527,0.06112306,0.026369572,1.4261964e-05,2775.567,0.008193527,0.0,2.2047205,2.2047205,0.1,1.0,0.0015430244,0.2005627,2629.4854,,,,,,,
3.6660553e-05,0.0,,,,,,,214.51962,3757.4565,2977.5576,1683.5703,1702.6301,-831.2477,15477.607,,,,,,214.60107,0.011096907186508178,8018.887108564377,760000,0.0703125,0.0028645834,0.06495828,0.08145033,0.037084818,3.6660553e-05,3003.4604,0.016455386,0.0,3.2790797,3.2790797,0.1,1.0,0.0020688951,0.2599191,2918.46,,,,,,,
2.7321685e-05,0.0,,,,,,,94.42592,3782.422,2891.7446,1384.4382,3911.9736,-1836.4729,24466.572,,,,,,94.48967,0.010876150274276733,8073.267866134644,765000,0.05859375,0.0020833334,0.050974913,0.06375056,0.03582394,2.7321685e-05,2902.9148,0.012748327,0.0,1.7302566,1.7302566,0.1,1.0,0.0014493937,0.17702575,3090.5725,,,,,,,
4.4022563e-05,0.0,,,,,,,136.38177,3716.0051,2651.393,200.66055,627.47064,-2063.5776,13098.974,,,,,,136.42062,0.011649020195007324,8131.512973546982,770000,0.0859375,0.0032552085,0.0244097,0.03884378,0.052551866,4.4022563e-05,2665.4448,0.01439006,0.0,2.0175571,2.0175571,0.1,1.0,0.003758315,0.18779531,2487.3818,,,,,,,
3.868843e-05,0.0,,,,,,,217.23051,3702.8936,2716.7673,112.75491,8593.638,-2124.2512,74072.086,,,,,,217.30757,0.011308259534835816,8188.0542781353,775000,0.0390625,0.0014322917,0.067795955,0.07705843,0.16926992,3.868843e-05,2735.9648,0.0092237815,0.0,2.4389806,2.4389806,0.1,1.0,0.0012623994,0.2378942,2759.0938,,,,,,,
1.5868325e-05,0.0,,,,,,,401.72827,3715.2622,2851.8667,1948.3005,9357.746,-4601.99,76934.54,,,,,,401.80106,0.011133667039871216,8243.722619533539,780000,0.0546875,0.0018229168,0.0498571,0.072779186,0.028689265,1.5868325e-05,2884.1707,0.022906218,0.0,4.265874,4.265874,0.1,1.0,0.0031991743,0.2055126,2871.1543,,,,,,,
2.8076878e-05,0.0,,,,,,,106.39364,3738.373,2680.99,1668.6289,1903.6807,-2418.6523,23674.389,,,,,,106.54614,0.011313893365859985,8300.29209280014,785000,0.05078125,0.0018229168,0.14458832,0.15250286,0.077852726,2.8076878e-05,2691.7397,0.007886464,0.0,1.6702886,1.6702886,0.1,1.0,0.0013167334,0.31699648,2650.606,,,,,,,
1.6827898e-05,0.0,,,,,,,142.67902,3694.8118,2629.4502,1673.3176,333.2696,-3308.8423,15388.555,,,,,,145.54973,0.012239347696304321,8361.48883843422,790000,0.0546875,0.0018229168,2.8569734,2.8707132,0.04952252,1.6827898e-05,2650.2935,0.013722966,0.0,2.7077892,2.7077892,0.1,1.0,0.0021636493,0.28524908,2572.6042,,,,,,,
5.7681453e-05,0.0,,,,,,,152.17426,3579.6875,2660.9006,36.05854,3761.0674,-453.68875,19914.127,,,,,,160.27417,0.011186730098724364,8417.422495365143,795000,0.09765625,0.0035156251,8.086972,8.099908,0.13773608,5.7681453e-05,2677.5288,0.012878232,0.0,2.4665062,2.4665062,0.1,1.0,0.0013907452,0.23689976,2719.441,,,,,,,
2.87867e-05,0.0,,,,,,,73.14408,3678.5352,2862.663,369.41428,3208.0232,-195.70575,9736.537,,,,,,73.23673,0.011036350154876709,8472.60425376892,800000,0.05859375,0.00234375,0.080816,0.09265227,0.04256189,2.87867e-05,2874.4072,0.011807478,0.0,1.6796801,1.6796801,0.1,1.0,0.0014020919,0.2053741,2942.1526,,,,,,,
1.9783978e-05,0.0,,,,,,,168.35538,3596.2605,2677.4937,365.79236,8963.197,-984.02844,39583.375,,,,,,168.41214,0.015361834239959717,8549.413432121277,805000,0.0703125,0.0026041667,0.045927227,0.056766003,0.026158333,1.9783978e-05,2697.0361,0.010818991,0.0,2.1277506,2.1277506,0.1,1.0,0.0016933752,0.30051208,2670.167,,,,,,,
3.759956e-05,0.0,,,,,,,86.28205,3711.9016,2620.8115,1638.2152,259.02844,-2378.6663,13812.692,,,,,,86.35793,0.01161357765197754,8607.48133111,810000,0.0859375,0.003385417,0.06612579,0.075881526,0.03819847,3.759956e-05,2634.5896,0.009718133,0.0,2.1909473,2.1909473,0.1,1.0,0.0012648724,0.22828753,2702.2534,,,,,,,
3.8589398e-05,0.0,,,,,,,212.75168,3624.8784,2610.6572,1574.143,1484.9128,-16133.25,65551.15,,,,,,212.82578,0.011460881471633912,8664.785745859146,815000,0.09765625,0.003385417,0.06110337,0.07410021,0.10189438,3.8589398e-05,2635.564,0.012958255,0.0,2.9626062,2.9626062,0.1,1.0,0.0016138206,0.22269903,2629.5938,,,,,,,
3.107229e-05,0.0,,,,,,,154.45692,3605.932,2685.7375,1685.6456,503.21234,-3760.7305,22562.268,,,,,,223.00607,0.011515195274353027,8722.361731290817,820000,0.08984375,0.0029947918,68.53599,68.54914,0.05034244,3.107229e-05,2708.9265,0.0131234275,0.0,2.519806,2.519806,0.1,1.0,0.0017376824,0.22161445,2768.4956,,,,,,,
6.816406e-05,0.0,,,,,,,179.58833,3664.855,2703.5767,1135.5789,5790.884,-5368.9863,48460.918,,,,,,179.63092,0.011525227212905885,8779.987877845764,825000,0.05078125,0.00234375,0.030648941,0.04258055,0.15428853,6.816406e-05,2717.754,0.011863443,0.0,2.1004038,2.1004038,0.1,1.0,0.00158067,0.22247396,2784.214,,,,,,,
1.7208204e-05,0.0,,,,,,,163.22849,3731.51,2711.7524,1797.8225,8014.9316,-753.03204,34853.71,,,,,,163.29196,0.011553949356079101,8837.757632493973,830000,0.0703125,0.00234375,0.049723264,0.06347685,0.019537091,1.7208204e-05,2733.2874,0.013736379,0.0,2.6474164,2.6474164,0.1,1.0,0.0017078138,0.18440618,2850.9321,,,,,,,
3.538191e-05,0.0,,,,,,,188.31462,3852.9204,2683.3633,951.9621,13002.454,-638.59,33044.656,,,,,,188.37114,0.011611875104904175,8895.817013025284,835000,0.09765625,0.0036458336,0.041505307,0.05651728,0.067102194,3.538191e-05,2699.3157,0.014976589,0.0,2.3378348,2.3378348,0.1,1.0,0.0015378764,0.22005296,2700.113,,,,,,,
2.4601399e-05,0.0,,,,,,,174.78314,3541.6248,2741.9321,1831.2009,2101.586,-3161.7515,22552.195,,,,,,176.45068,0.011506708812713623,8953.350563049316,840000,0.04296875,0.0015625001,1.6530915,1.6675384,0.085614204,2.4601399e-05,2765.8018,0.014422252,0.0,3.1812804,3.1812804,0.1,1.0,0.0021566371,0.20853569,2648.4053,,,,,,,
9.968272e-06,0.0,,,,,,,211.92816,3550.8596,2686.0227,1214.8616,10525.7,-1172.5237,43179.08,,,,,,211.97849,0.011345830297470093,9010.07972240448,845000,0.04296875,0.0014322917,0.038040526,0.050317943,0.01647842,9.968272e-06,2714.81,0.012267446,0.0,2.7261243,2.7261243,0.1,1.0,0.0023445785,0.20597647,2762.8923,,,,,,,
1.739214e-05,0.0,,,,,,,79.22239,3535.1814,2897.6748,2376.4058,500.84906,-5050.3374,20547.045,,,,,,79.288345,0.012336814975738526,9071.763805150986,850000,0.046875,0.0020833334,0.05424749,0.065956526,0.01755488,1.739214e-05,2907.164,0.011691647,0.0,1.7581991,1.7581991,0.1,1.0,0.0013893979,0.25582576,2838.5254,,,,,,,
2.3044258e-05,0.0,,,,,,,70.75719,3565.8047,2566.8323,452.0478,1288.9535,-9062.26,28158.379,,,,,,70.82467,0.012292293643951416,9133.225281000137,855000,0.05078125,0.0020833334,0.05901707,0.067479335,0.03193271,2.3044258e-05,2576.1973,0.008439221,0.0,1.6954399,1.6954399,0.1,1.0,0.0014105618,0.2471942,2477.5884,,,,,,,
2.5952035e-05,0.0,,,,,,,190.67255,3499.3098,2556.9214,644.8714,13407.552,-1250.8933,45286.86,,,,,,190.72559,0.012552809524536133,9195.989335536957,860000,0.0625,0.002213542,0.0427405,0.053033292,0.048650503,2.5952035e-05,2575.3052,0.010266842,0.0,2.956245,2.956245,0.1,1.0,0.0016235459,0.23848575,2492.0645,,,,,,,
1.2402501e-05,0.0,,,,,,,159.32477,3455.3418,2531.0977,194.5555,592.46796,-8524.248,28599.674,,,,,,159.41516,0.012098000478744507,9256.479345083237,865000,0.02734375,0.0009114584,0.07462054,0.09039254,0.030534744,1.2402501e-05,2554.1985,0.015759598,0.0,3.0326118,3.0326118,0.1,1.0,0.001994833,0.19547164,2400.3005,,,,,,,
5.5204568e-05,0.0,,,,,,,227.26036,3527.2883,2634.9521,174.1507,1426.6455,-5812.1445,40132.586,,,,,,227.31413,0.0123249840259552,9318.104272127151,870000,0.08984375,0.0031250003,0.04113885,0.053767327,0.089692116,5.5204568e-05,2655.5056,0.012573273,0.0,2.8217292,2.8217292,0.1,1.0,0.002488077,0.20925623,2658.2817,,,,,,,
1.0823397e-05,0.0,,,,,,,112.79948,3609.019,2714.94,152.81001,8749.273,-590.26025,28378.285,,,,,,112.84956,0.012368740463256835,9379.947981834412,875000,0.05078125,0.0018229168,0.03880045,0.050085988,0.04334116,1.0823397e-05,2725.8994,0.011274718,0.0,1.9256867,1.9256867,0.1,1.0,0.001326808,0.22393808,2704.2617,,,,,,,
3.898417e-05,0.0,,,,,,,84.32794,3497.8672,2439.722,41.646927,8453.613,-544.63605,22335.17,,,,,,84.38866,0.012424648857116699,9442.07123374939,880000,0.05859375,0.00234375,0.053560354,0.060714874,0.060374737,3.898417e-05,2448.9512,0.007115535,0.0,1.5297195,1.5297195,0.1,1.0,0.0014826364,0.24253589,2377.8245,,,,,,,
2.6844396e-05,0.0,,,,,,,172.17247,3450.066,2495.2988,1526.5396,6775.4688,-649.27356,28721.887,,,,,,172.21147,0.012460717964172363,9504.374831676483,885000,0.08203125,0.0031250003,0.031079559,0.039005995,0.02984488,2.6844396e-05,2515.0078,0.007899594,0.0,2.4492087,2.4492087,0.1,1.0,0.0012115387,0.20605397,2569.373,,,,,,,
2.8551667e-05,0.0,,,,,,,131.91003,3502.9336,2526.2368,1564.7378,2141.4277,-9754.662,52650.68,,,,,,131.95697,0.012376246118545531,9566.256069421768,890000,0.0703125,0.0024739585,0.037741393,0.04693264,0.047739387,2.8551667e-05,2542.6416,0.009162699,0.0,2.0459752,2.0459752,0.1,1.0,0.001406169,0.16002108,2667.6172,,,,,,,
2.6379248e-05,0.0,,,,,,,88.94037,3445.866,2526.6196,1557.5248,1556.8033,-11786.9,35699.348,,,,,,88.99101,0.012270929718017578,9627.610725164413,895000,0.08203125,0.0035156251,0.03819094,0.050642043,0.04114604,2.6379248e-05,2543.3691,0.012424727,0.0,2.035976,2.035976,0.1,1.0,0.0013192329,0.23253395,2545.4011,,,,,,,
2.6231508e-05,0.0,,,,,,,157.3117,3466.5798,2534.4407,21.395742,1112.4811,-6682.613,37259.33,,,,,,157.37846,0.01199853343963623,9687.603400230408,900000,0.09375,0.003385417,0.05447008,0.066757575,0.028835654,2.6231508e-05,2555.214,0.0122612575,0.0,2.5705037,2.5705037,0.1,1.0,0.001796322,0.20559312,2673.1868,,,,,,,
3.1347296e-05,0.0,,,,,,,110.86897,3447.8875,2802.5076,55.529945,2356.0947,-6515.2715,26704.166,,,,,,110.94002,0.01709320831298828,9773.069456577301,905000,0.0859375,0.0032552085,0.05527805,0.071041614,0.035592437,3.1347296e-05,2815.1929,0.015732218,0.0,2.2115865,2.2115865,0.1,1.0,0.0017480099,0.17366447,2917.5693,,,,,,,
1.2545521e-05,0.0,,,,,,,88.676056,3506.5925,2482.9785,1778.9983,8816.008,-1371.2769,38471.81,,,,,,88.80675,0.011723095798492431,9831.684941530228,910000,0.0390625,0.0013020834,0.120295115,0.13069,0.023927212,1.2545521e-05,2491.503,0.010382325,0.0,1.5859857,1.5859857,0.1,1.0,0.0011074699,0.2024073,2597.9668,,,,,,,
2.6651674e-05,0.0,,,,,,,150.49564,3470.4365,2437.332,30.25281,3419.668,-2356.784,15643.909,,,,,,151.01364,0.011422996616363526,9888.79993224144,915000,0.0625,0.0027343752,0.5041578,0.518002,0.078000546,2.6651674e-05,2456.126,0.0138175385,0.0,2.614679,2.614679,0.1,1.0,0.003955583,0.21992485,2440.2559,,,,,,,
1.6404658e-05,0.0,,,,,,,107.50965,3480.0754,2469.0193,54.26594,11760.306,-4748.587,45877.58,,,,,,107.56816,0.011270127868652344,9945.150577306747,920000,0.0703125,0.0024739585,0.043968122,0.05850628,0.016415715,1.6404658e-05,2484.1685,0.0145217525,0.0,2.2623672,2.2623672,0.1,1.0,0.002672682,0.18709145,2569.2441,,,,,,,
2.9321684e-05,0.0,,,,,,,205.96237,3478.8452,2436.8022,12.640219,8079.329,-1529.1882,46717.78,,,,,,206.01447,0.010870825147628785,9999.504710435867,925000,0.0625,0.002213542,0.039509702,0.052096598,0.054909825,2.9321684e-05,2452.4404,0.012557574,0.0,2.1815405,2.1815405,0.1,1.0,0.0022843857,0.22015539,2444.396,,,,,,,
2.9974168e-05,0.0,,,,,,,476.2318,3494.5535,2462.7715,240.2835,5339.328,-1638.407,42045.27,,,,,,476.31967,0.01120184063911438,10055.513919591904,930000,0.0625,0.002213542,0.08238408,0.08787162,0.07100797,2.9974168e-05,2480.86,0.0054575633,0.0,2.1019697,2.1019697,0.1,1.0,0.0017656863,0.23924658,2520.2324,,,,,,,
1.924575e-05,0.0,,,,,,,95.71936,3470.8027,2478.3347,1457.642,930.8402,-5447.2627,28024.996,,,,,,95.75946,0.011280782556533813,10111.917839765549,935000,0.05859375,0.0020833334,0.031209527,0.040099367,0.06994343,1.924575e-05,2495.775,0.008870596,0.0,2.1494951,2.1494951,0.1,1.0,0.0020131944,0.18653314,2537.8718,,,,,,,
1.8704079e-05,0.0,,,,,,,168.94057,3466.0134,2547.496,25.802439,14762.42,-1152.9017,51797.258,,,,,,168.99603,0.011232631254196167,10168.081003189087,940000,0.05859375,0.002213542,0.04748787,0.055467505,0.03191209,1.8704079e-05,2567.2227,0.007960929,0.0,2.384985,2.384985,0.1,1.0,0.0014663199,0.18302293,2538.229,,,,,,,
1.6156631e-05,0.0,,,,,,,137.51985,3451.8289,2530.1323,16.916231,9248.301,-1209.8799,41478.6,,,,,,137.57768,0.011627181768417358,10226.216918706894,945000,0.05859375,0.002213542,0.050548792,0.057823997,0.029730678,1.6156631e-05,2548.5273,0.0072590476,0.0,2.4851449,2.4851449,0.1,1.0,0.0020409925,0.23545343,2523.9858,,,,,,,
2.088924e-05,0.0,,,,,,,111.953476,3434.1597,2600.67,23.653336,1049.402,-2166.354,15822.963,,,,,,112.00435,0.011127502250671387,10281.854436397552,950000,0.0546875,0.0024739585,0.043309476,0.050871942,0.026112556,2.088924e-05,2614.908,0.007541578,0.0,2.2296271,2.2296271,0.1,1.0,0.0011573879,0.21487907,2653.0898,,,,,,,
9.647835e-06,0.0,,,,,,,192.47502,3434.3545,2575.154,1318.9832,12515.467,-1080.6664,44234.824,,,,,,210.87555,0.011330896711349488,10338.508926868439,955000,0.04296875,0.0016927085,18.385283,18.400528,0.011442661,9.647835e-06,2599.4617,0.015236531,0.0,2.6753762,2.6753762,0.1,1.0,0.0024069422,0.25133747,2511.3418,,,,,,,
9.407787e-06,0.0,,,,,,,81.56169,3446.5818,2565.087,28.038847,3404.122,-3666.478,21070.902,,,,,,81.64083,0.011500962543487548,10396.013746738434,960000,0.03125,0.0015625001,0.07176481,0.07913753,0.021999955,9.407787e-06,2576.3496,0.007363305,0.0,1.8072896,1.8072896,0.1,1.0,0.0013867315,0.19147623,2555.0774,,,,,,,
3.194539e-05,0.0,,,,,,,145.1263,3422.1843,2418.5454,1560.6852,1697.6321,-423.93835,9512.04,,,,,,147.37503,0.011652822971343995,10454.277868747711,965000,0.08984375,0.0032552085,2.2369864,2.2487285,0.028467774,3.194539e-05,2434.6675,0.011710271,0.0,1.8924482,1.8924482,0.1,1.0,0.001537696,0.1795298,2489.7212,,,,,,,
2.4552737e-05,0.0,,,,,,,126.411385,3442.422,2474.1858,1395.1453,3748.9905,-4635.6084,23086.576,,,,,,126.46162,0.010869346237182618,10508.624606609344,970000,0.078125,0.0031250003,0.04304594,0.05023505,0.047112226,2.4552737e-05,2491.256,0.007164557,0.0,2.3861785,2.3861785,0.1,1.0,0.0016946055,0.20132998,2493.2568,,,,,,,
5.5562614e-05,0.0,,,,,,,144.9419,3436.6448,2522.7058,4.5165186,3822.1672,-674.9636,19834.93,,,,,,145.16614,0.011175437879562378,10564.501803159714,975000,0.1171875,0.004557292,0.21561801,0.22424248,0.07075107,5.5562614e-05,2543.129,0.008568896,0.0,2.0497537,2.0497537,0.1,1.0,0.0016057862,0.23055446,2599.2068,,,,,,,
2.441276e-05,0.0,,,,,,,111.33921,3429.4604,2469.446,1168.5721,577.8291,-3881.5884,13694.182,,,,,,111.4016,0.011523015260696412,10622.116886377335,980000,0.078125,0.0026041667,0.053565785,0.062390737,0.044620395,2.441276e-05,2483.1501,0.00880054,0.0,1.7338967,1.7338967,0.1,1.0,0.0016255588,0.18116513,2502.617,,,,,,,
3.595526e-05,0.0,,,,,,,144.79044,3421.963,2519.9924,1438.4115,10671.067,-5586.3887,38430.297,,,,,,158.58174,0.011370644521713257,10678.97011590004,985000,0.1015625,0.0037760418,13.782062,13.791304,0.03925681,3.595526e-05,2535.4626,0.009205686,0.0,1.8485806,1.8485806,0.1,1.0,0.0010829286,0.18964337,2712.229,,,,,,,
2.8795486e-05,0.0,,,,,,,164.76828,3414.5037,2510.187,1613.4061,7056.772,-1057.4448,27793.01,,,,,,164.87262,0.011250010013580322,10735.220172166824,990000,0.06640625,0.0024739585,0.088239454,0.10434017,0.043409586,2.8795486e-05,2526.0178,0.01607192,0.0,2.2002573,2.2002573,0.1,1.0,0.0023793166,0.19147722,2485.2222,,,,,,,
1.5237493e-05,0.0,,,,,,,255.76825,3419.2031,2716.3567,33.40716,5797.6035,-5294.5615,27142.674,,,,,,255.8783,0.010936532354354859,10789.902841091156,995000,0.0625,0.002213542,0.06824821,0.11004785,0.03094995,1.5237493e-05,2736.9473,0.0417844,0.0,3.649526,3.649526,0.1,1.0,0.0032846655,0.19289044,2776.1597,,,,,,,
3.0579886e-05,0.0,,,,,,,114.90603,3447.6143,2522.9521,-2.6596057,2884.3557,-15096.13,63285.63,,,,,,114.94936,0.011028293657302856,10845.04431605339,1000000,0.0625,0.00234375,0.031670716,0.04333487,0.09326279,3.0579886e-05,2534.034,0.011633574,0.0,1.7210758,1.7210758,0.1,1.0,0.0016484297,0.21740252,2579.7673,,,,,,,
2.0062413e-05,0.0,,,,,,,128.936,3455.7896,2469.5278,13.997498,629.25903,-8397.389,25397.287,,,,,,128.98883,0.020005963468551637,10945.074139595032,1005000,0.05078125,0.0018229168,0.040371682,0.052818358,0.025373459,2.0062413e-05,2484.4233,0.012426614,0.0,2.5012572,2.5012572,0.1,1.0,0.003194373,0.25438052,2458.4375,0.0,5000.0,-0.04175655206079843,-4.474019907777524,200.0,3.501943588256836,0.04603187003337539
8.104153e-06,0.0,,,,,,,265.70837,3454.1562,2430.6956,1400.1138,954.7302,-13529.93,37347.457,,,,,,265.7601,0.014230512905120849,11016.226710557938,1010000,0.02734375,0.0009114584,0.036275167,0.051724795,0.013543844,8.104153e-06,2448.2046,0.015441524,0.0,2.7814658,2.7814658,0.1,1.0,0.0020650083,0.22205785,2237.5164,0.0,10000.0,-0.028440965793635666,-5.030198022209969,200.0,2.727478504180908,0.03291540119913778
5.9956736e-05,0.0,,,,,,,230.0087,3458.0588,2450.838,-16.988333,25536.182,-1777.6968,74724.4,,,,,,230.21884,0.014265555572509766,11087.554494857788,1015000,0.0625,0.0029947918,0.19094238,0.21013823,0.080599785,5.9956736e-05,2465.6414,0.019135885,0.0,2.3549337,2.3549337,0.1,1.0,0.0022305949,0.26030913,2415.6458,0.0,15000.0,-0.01933661804289144,-3.2709304742588565,200.0,2.7086708545684814,0.07440458850262195
1.1605708e-05,0.0,,,,,,,172.84406,3443.8582,2349.7625,-4.165499,8556.176,-1630.3618,31712.596,,,,,,172.91402,0.014305610847473145,11159.082555055618,1020000,0.046875,0.0015625001,0.04899363,0.06996319,0.024584532,1.1605708e-05,2366.4895,0.020957947,0.0,2.7610354,2.7610354,0.1,1.0,0.018907307,0.25511244,2196.8164,0.0,20000.0,-0.0585273090957513,-1.6464257474889439,200.0,2.736386775970459,0.11271563503039274
1.1817677e-05,0.0,,,,,,,365.8928,3440.7246,2568.438,-5.697435,2577.251,-15985.217,50303.957,,,,,,366.01318,0.014165574026107788,11229.910430908203,1025000,0.05078125,0.0018229168,0.06309607,0.12040143,0.039634705,1.1817677e-05,2586.5232,0.057293538,0.0,3.673449,3.673449,0.1,1.0,0.0028088088,0.19599457,2576.7769,0.0,25000.0,-0.07981452543442201,-8.098336856880428,200.0,2.6860387325286865,-0.03944118090969882
2.8921293e-05,0.0,,,,,,,201.77504,3451.4258,2550.2183,1140.0206,20963.795,-3893.913,68119.69,,,,,,201.83952,0.014135237979888917,11300.586627483368,1030000,0.06640625,0.002213542,0.0411304,0.064480394,0.050436974,2.8921293e-05,2561.3608,0.023321072,0.0,1.848254,1.848254,0.1,1.0,0.0018242165,0.20611486,2612.8318,0.0,30000.0,-0.2054059362989662,-12.839148279282227,200.0,2.6662709712982178,-0.15124476263528594
3.5622314e-05,0.0,,,,,,,199.1994,3467.3474,2387.563,1303.1569,6669.436,-3513.4136,24979.162,,,,,,199.26451,0.01416023654937744,11371.387816429138,1035000,0.07421875,0.0028645834,0.034982152,0.06510736,0.05824089,3.5622314e-05,2400.2974,0.030089587,0.0,2.2891045,2.2891045,0.1,1.0,0.001811794,0.20525339,2447.6416,0.0,35000.0,-0.028886797047732296,-5.07565746452983,200.0,2.6699588298797607,0.03184332133310648
1.2011594e-05,0.0,,,,,,,376.07498,3487.5952,2450.2856,1362.5776,1833.2784,-10535.959,33550.426,,,,,,376.1903,0.014040243577957153,11441.589041233063,1040000,0.03515625,0.0013020834,0.07466965,0.11532299,0.02804792,1.2011594e-05,2470.9976,0.040641334,0.0,4.609687,4.609687,0.1,1.0,0.0027727047,0.19190645,2424.7466,0.0,40000.0,-0.05763510982398671,-11.866359631370841,200.0,2.6271817684173584,-0.12830327743202444
1.9187217e-05,0.0,,,,,,,171.1548,3463.2231,2413.9053,1412.1016,714.4422,-5914.347,22878.896,,,,,,171.23596,0.013987731075286865,11511.527703046799,1045000,0.046875,0.0018229168,0.05415768,0.08116328,0.03479874,1.9187217e-05,2426.0298,0.026986416,0.0,1.9979887,1.9979887,0.1,1.0,0.0022505673,0.20115934,2474.1948,0.0,45000.0,-0.06955186622700471,-11.478001522370144,200.0,2.6502294540405273,-0.11914454410353095
3.3466506e-05,0.0,,,,,,,160.39468,3472.255,2256.382,-22.27985,588.1448,-6045.389,20769.041,,,,,,160.45074,0.013802794218063354,11580.541679859161,1050000,0.0859375,0.0029947918,0.035814177,0.05606524,0.08637941,3.3466506e-05,2268.394,0.020217596,0.0,2.310633,2.310633,0.1,1.0,0.002770185,0.22093132,2357.982,0.0,50000.0,-0.010604260172712179,-3.589086944945993,200.0,2.646571159362793,0.06690143560269654
3.7630976e-05,0.0,,,,,,,281.5601,3468.5173,2323.789,466.50677,988.58136,-14221.398,40727.734,,,,,,281.61115,0.013913959741592407,11650.11148571968,1055000,0.09375,0.003385417,0.030183412,0.051065553,0.03829193,3.7630976e-05,2339.895,0.020844514,0.0,2.6620839,2.6620839,0.1,1.0,0.003049845,0.18163672,2499.4722,0.0,55000.0,-0.004199613534035267,-1.5780277992377003,200.0,2.6583473682403564,0.1143286786458876
4.288191e-05,0.0,,,,,,,207.03915,3467.844,2311.8884,1064.4713,9494.607,-697.0507,28438.09,,,,,,207.10474,0.013896220541000367,11719.592595100403,1060000,0.07421875,0.0027343752,0.03416086,0.065580964,0.096080065,4.288191e-05,2324.454,0.031377215,0.0,2.9381368,2.9381368,0.1,1.0,0.0033193007,0.19397621,2245.9988,0.0,60000.0,-0.21332634571388423,-12.145152209598352,200.0,2.6506402492523193,-0.13487810313740026
2.4666002e-05,0.0,,,,,,,443.62018,3445.1606,2252.176,-14.929504,936.2746,-8805.871,39214.92,,,,,,443.6819,0.014101517057418824,11790.100187301636,1065000,0.05859375,0.002213542,0.035354212,0.06171632,0.09216058,2.4666002e-05,2269.1255,0.026337443,0.0,2.7096894,2.7096894,0.1,1.0,0.0041122995,0.17913815,2502.4592,0.0,65000.0,-0.026994048330812134,-5.368801622434628,200.0,3.1469151973724365,0.02493003921839981
1.7561812e-05,0.0,,,,,,,316.17834,3465.226,2257.793,-18.912533,2806.426,-22611.645,77381.31,,,,,,316.2643,0.014057178544998168,11860.386087417603,1070000,0.04296875,0.0015625001,0.05687131,0.085966766,0.038084865,1.7561812e-05,2273.4556,0.029077893,0.0,2.726486,2.726486,0.1,1.0,0.0042669214,0.19322704,2186.5835,0.0,70000.0,0.8408572615731605,39.21859108167738,200.0,3.1954777240753174,1.076444170442693
3.4436383e-05,0.0,,,,,,,244.7507,3465.8748,2184.52,525.3018,4577.616,-591.1428,18356.65,,,,,,244.8515,0.013865065670013428,11929.711422204971,1075000,0.10546875,0.0037760418,0.07343164,0.100797966,0.041214705,3.4436383e-05,2199.5835,0.027331887,0.0,3.2378147,3.2378147,0.1,1.0,0.0039256504,0.25920582,2126.585,0.0,75000.0,-0.017188846874485336,-4.383020736905407,200.0,2.6608049869537354,0.04817792317303117
5.4277018e-05,0.0,,,,,,,536.7689,3455.0715,2323.894,-5.2027426,1476.3181,-17413.61,55361.797,,,,,,536.88617,0.013897252988815308,11999.197694063187,1080000,0.12109375,0.004296875,0.06551486,0.1172771,0.074745655,5.4277018e-05,2338.1138,0.05170796,0.0,3.2011955,3.2011955,0.1,1.0,0.0043955306,0.22889075,2380.8462,0.0,80000.0,-0.15609164907504855,-12.451310750126149,200.0,2.649460792541504,-0.14209830625392594
1.1843366e-05,0.0,,,,,,,491.2265,3407.3271,2222.7861,-12.066144,1632.6976,-3439.4082,20694.934,,,,,,491.33316,0.01391043553352356,12068.74987912178,1085000,0.03125,0.0010416667,0.077327795,0.106668815,0.032709718,1.1843366e-05,2239.0923,0.02932917,0.0,3.4198377,3.4198377,0.1,1.0,0.014683756,0.22743355,2224.0488,0.0,85000.0,-0.006740224241026738,-2.8683951696009222,200.0,3.2045466899871826,0.0838976657043633
2.5147e-05,0.0,,,,,,,524.8207,3454.5237,2240.0894,-2.0895197,19712.14,-12991.458,75920.266,,,,,,524.9266,0.013905040216445922,12138.275086641312,1090000,0.08203125,0.0029947918,0.07793805,0.10591786,0.03758478,2.5147e-05,2253.6846,0.027954664,0.0,2.6931078,2.6931078,0.1,1.0,0.0038685792,0.19801983,2296.401,0.0,90000.0,-0.10907674123631908,-6.22734867171189,200.0,3.139547824859619,0.0046827383585604865
3.2146974e-05,0.0,,,,,,,545.2919,3434.0256,2327.2751,-14.491877,9705.559,-35548.805,107729.125,,,,,,545.36774,0.013904660749435424,12207.79839682579,1095000,0.0625,0.0024739585,0.04994865,0.075885125,0.08743429,3.2146974e-05,2346.9072,0.025904326,0.0,3.0952587,3.0952587,0.1,1.0,0.009076821,0.27077898,2187.731,0.0,95000.0,-0.012445992621014593,12.91640051888559,200.0,2.7306413650512695,0.45615391838722413
2.4707771e-05,0.0,,,,,,,779.14655,3424.752,2351.6855,-10.520568,1044.116,-11856.475,54324.836,,,,,,779.2216,0.013967078161239623,12277.633794784546,1100000,0.0546875,0.0020833334,0.04447226,0.075052574,0.0493536,2.4707771e-05,2366.6057,0.030555611,0.0,2.8431327,2.8431327,0.1,1.0,0.0025561221,0.23910369,2419.3506,0.0,100000.0,0.3019766269193542,111.70221657098124,200.0,2.7577667236328125,2.7858411964173317
4.157983e-05,0.0,,,,,,,650.49994,3403.3347,2360.106,-13.925342,13533.82,-1864.5132,57653.594,,,,,,650.6643,0.01817935919761658,12368.530599117279,1105000,0.05078125,0.002213542,0.042012557,0.16435629,0.0895108,4.157983e-05,2376.877,0.12230215,0.0,3.6018894,3.6018894,0.1,1.0,0.0048746336,0.28679067,2234.1597,0.0,105000.0,-0.09538605519889733,-14.07350403800642,200.0,2.6479387283325195,-0.18035484161814763
4.5928453e-05,0.0,,,,,,,252.27298,3414.0552,2292.9363,-30.789995,328.9488,-3217.695,13139.377,,,,,,252.34177,0.014013719081878663,12438.599204063416,1110000,0.0625,0.002213542,0.035748355,0.068780646,0.17758954,4.5928453e-05,2306.099,0.03298637,0.0,2.6885896,2.6885896,0.1,1.0,0.0030302387,0.22615738,2181.8188,0.0,110000.0,-0.1031325744149255,-13.706190723374856,200.0,2.8395133018493652,-0.17169241222953027
4.216925e-05,0.0,,,,,,,381.63257,3408.5579,2251.1636,-39.323025,1434.9187,-10465.148,33649.992,,,,,,381.77765,0.014323238801956177,12510.215406417847,1115000,0.08203125,0.0031250003,0.112779975,0.14507349,0.05175996,4.216925e-05,2263.6638,0.03225134,0.0,2.5319414,2.5319414,0.1,1.0,0.0031364043,0.2121053,2340.7275,0.0,115000.0,-0.013864404011113282,-2.2379537176377573,200.0,2.7853598594665527,0.09876550289879275
4.624217e-05,0.0,,,,,,,503.66077,3425.6094,2242.2676,-22.846752,7588.674,-10498.528,40986.484,,,,,,503.80844,0.01595859441757202,12590.008387088776,1120000,0.06640625,0.002213542,0.074460134,0.1476767,0.11936581,4.624217e-05,2255.556,0.073170334,0.0,3.9909122,3.9909122,0.1,1.0,0.0051798085,0.23088214,2341.8704,0.0,120000.0,-0.004943202581928101,-3.2676329257621783,200.0,3.153380870819092,0.07448235530243608
9.1275455e-05,0.0,,,,,,,376.80557,3429.1096,2248.9282,-8.980837,13074.125,-2534.3186,56023.49,,,,,,376.8824,0.01566512427330017,12668.334017276764,1125000,0.078125,0.0032552085,0.04716081,0.07681486,0.2305218,9.1275455e-05,2260.086,0.02956277,0.0,2.5755534,2.5755534,0.1,1.0,0.0027407894,0.205875,2322.8708,0.0,125000.0,-0.013278469675978278,-2.5947622881562062,200.0,3.481288194656372,0.0903508091639091
4.862726e-05,0.0,,,,,,,217.60437,3409.0913,2160.1636,-14.0032215,859.7754,-7182.9023,19424.23,,,,,,217.6781,0.015051118803024292,12743.589618682861,1130000,0.1015625,0.004296875,0.04232123,0.07373047,0.050827622,4.862726e-05,2170.6973,0.031360608,0.0,2.8111737,2.8111737,0.1,1.0,0.006699937,0.2561187,2152.0947,0.0,130000.0,-0.006432981228173671,-2.472164550389155,200.0,2.6492488384246826,0.09324205814484123
2.4774532e-05,0.0,,,,,,,575.21387,3391.5305,2112.0796,-12.937449,1774.9915,-9002.017,52775.31,,,,,,575.398,0.014113765668869018,12814.158454656601,1135000,0.08203125,0.0029947918,0.06633917,0.18413074,0.029865503,2.4774532e-05,2123.8071,0.11776679,0.0,2.963369,2.963369,0.1,1.0,0.0089769205,0.21055493,2041.3242,0.0,135000.0,-0.16985554309330453,-12.42502626107977,200.0,2.650829315185547,-0.14147843346056277
6.3848594e-05,0.0,,,,,,,294.74408,3393.4785,1988.6863,-11.615373,23087.145,-4112.5977,60094.582,,,,,,294.8492,0.014008765888214111,12884.202292203903,1140000,0.05078125,0.0027343752,0.08396486,0.10513571,0.2272625,6.3848594e-05,1999.6125,0.021107,0.0,2.2932267,2.2932267,0.1,1.0,0.003114819,0.23870903,2108.415,0.0,140000.0,-0.029433305795002408,-7.068366870840848,200.0,2.632887840270996,-0.015151175834842179
5.6239965e-05,0.0,,,,,,,533.1759,3382.617,2039.9021,-17.769424,22129.738,-3590.1455,76415.54,,,,,,533.30383,0.014160267114639281,12955.003635406494,1145000,0.11328125,0.004296875,0.05877307,0.12796018,0.044276834,5.6239965e-05,2057.4067,0.06913087,0.0,4.145118,4.145118,0.1,1.0,0.004828969,0.24158676,2106.3335,0.0,145000.0,-0.025252513012809827,-4.398335992786623,200.0,2.6973400115966797,0.0478167401792355
2.7496835e-05,0.0,,,,,,,1190.1738,3476.357,2327.1296,-12.714906,4267.7896,-3777.5342,56270.543,,,,,,1193.2966,0.014016963863372802,13025.088463068008,1150000,0.0859375,0.0028645834,3.057645,3.1228456,0.030529499,2.7496835e-05,2353.2695,0.06517309,0.0,4.161389,4.161389,0.1,1.0,0.005327952,0.18355782,2320.5881,0.0,150000.0,-0.019836288396122514,-6.677895172984245,200.0,2.640141487121582,-0.005942597282961654
3.660731e-05,0.0,,,,,,,257.01672,3639.7847,2364.752,-13.969641,9159.16,-989.6491,31688.934,,,,,,257.1148,0.014020705270767212,13095.191996335983,1155000,0.05859375,0.00234375,0.05579289,0.0980928,0.10289037,3.660731e-05,2373.1958,0.042263307,0.0,2.5799637,2.5799637,0.1,1.0,0.0040142443,0.19944875,2337.332,0.0,155000.0,-0.09707316802594529,-13.591018331873842,200.0,2.627795457839966,-0.16897627679649688
3.7029262e-05,0.0,,,,,,,891.06433,3703.3188,2370.5527,-29.773783,15565.669,-1352.0215,46445.902,,,,,,891.3558,0.013904621744155883,13164.715112686157,1160000,0.07421875,0.0028645834,0.16399682,0.29143453,0.048009753,3.7029262e-05,2406.7756,0.1274007,0.0,5.6251507,5.6251507,0.1,1.0,0.007350132,0.20630655,2617.666,0.0,160000.0,-0.01790407594142187,-3.706873055488329,200.0,3.142472505569458,0.06412366026788108
4.3994223e-05,0.0,,,,,,,474.9168,3683.1501,2470.2974,-21.701124,5486.9883,-1383.738,30349.576,,,,,,475.03845,0.013842107486724854,13233.925657987595,1165000,0.1015625,0.004296875,0.06617848,0.12164911,0.03247857,4.3994223e-05,2480.8223,0.05542663,0.0,3.2194138,3.2194138,0.1,1.0,0.004474151,0.13490796,2642.8833,0.0,165000.0,-0.09528382087740764,-16.690150368892603,200.0,2.638465166091919,-0.24206377830350068
2.3320148e-05,0.0,,,,,,,182.74997,3535.4146,2318.3174,-29.426405,4672.589,-15760.344,58031.562,,,,,,182.81319,0.01388616223335266,13303.356477737427,1170000,0.07421875,0.0026041667,0.040578872,0.06321636,0.036221027,2.3320148e-05,2327.184,0.02261417,0.0,2.0449479,2.0449479,0.1,1.0,0.002317503,0.20832942,2380.2495,0.0,170000.0,-0.1737637814240897,-11.215344840068338,200.0,2.6490306854248047,-0.11295025472371334
1.9757295e-05,0.0,,,,,,,227.14087,3647.439,2172.022,-71.60104,1985.4166,-7456.698,25848.082,,,,,,227.73442,0.01396567702293396,13373.18487071991,1175000,0.0625,0.002213542,0.57739305,0.5935532,0.032984972,1.9757295e-05,2182.6885,0.016140409,0.0,1.7650363,1.7650363,0.1,1.0,0.008804626,0.2205399,2153.483,0.0,175000.0,-0.041395547215139265,-8.00164520720593,200.0,3.141254186630249,-0.037160880810546665
7.3762225e-05,0.0,,,,,,,476.96094,3634.022,2167.4514,-13.468301,10848.858,-3023.1191,40787.88,,,,,,477.03287,0.014168074178695679,13444.025248765945,1180000,0.0859375,0.003385417,0.033501577,0.07192248,0.19437468,7.3762225e-05,2185.0332,0.03834714,0.0,3.2996552,3.2996552,0.1,1.0,0.0044850055,0.23140095,2267.6384,0.0,180000.0,-0.03309823276659354,-4.615632964304589,200.0,2.669694185256958,0.04269217867505246
2.966053e-05,0.0,,,,,,,613.8502,3612.6714,2244.9775,-14.501253,7090.0244,-21223.953,68021.64,,,,,,613.9337,0.015175329113006591,13519.901901483536,1185000,0.05859375,0.002213542,0.048036847,0.08348555,0.07905781,2.966053e-05,2259.5596,0.03541904,0.0,3.4087372,3.4087372,0.1,1.0,0.003949285,0.25403613,2239.729,0.0,185000.0,-0.04429293990077957,-4.153736378084214,200.0,2.8457562923431396,0.05358518582615668
1.8691086e-05,0.0,,,,,,,192.94934,3512.9814,2145.5547,-22.33474,3858.4604,-12666.131,40885.457,,,,,,193.02472,0.014001635551452637,13589.910086393356,1190000,0.05078125,0.0018229168,0.04817853,0.0753762,0.048653245,1.8691086e-05,2154.1296,0.027178975,0.0,1.9555066,1.9555066,0.1,1.0,0.0027146363,0.2006318,2247.1694,0.0,190000.0,-0.0053521980007772375,-2.364389940410899,200.0,2.68082332611084,0.09578373009528185
3.2142336e-05,0.0,,,,,,,283.71613,3611.6804,2072.6318,-13.805194,1523.9924,-15442.364,42344.82,,,,,,283.8243,0.014187365198135377,13660.84691953659,1195000,0.05078125,0.0020833334,0.08354296,0.10817122,0.06896925,3.2142336e-05,2083.0347,0.024596116,0.0,2.5469313,2.5469313,0.1,1.0,0.003395971,0.19803448,2130.3013,0.0,195000.0,-0.01474350542534052,-1.5186958587713142,200.0,2.664069414138794,0.11572791663783258
2.3599576e-05,0.0,,,,,,,345.04608,3603.9788,2077.5852,-13.371874,2935.4182,-1924.3656,18613.36,,,,,,345.119,0.014084229803085328,13731.268075942993,1200000,0.06640625,0.002213542,0.043927535,0.072898604,0.08751893,2.3599576e-05,2092.9917,0.028947473,0.0,2.6501575,2.6501575,0.1,1.0,0.0071560894,0.20714495,2282.19,0.0,200000.0,-0.21550525549751348,-18.298277146360867,200.0,2.6963908672332764,-0.27998858010856603
4.075859e-05,0.0,,,,,,,401.87244,3585.5012,2173.0073,-12.44267,23741.102,-6409.9355,81129.25,,,,,,401.9284,0.018683619737625123,13824.686181545258,1205000,0.1015625,0.0036458336,0.035927396,0.055984285,0.07699609,4.075859e-05,2190.1436,0.020016132,0.0,3.0521035,3.0521035,0.1,1.0,0.0106737055,0.20476429,2118.7363,0.0,205000.0,-0.023615494992211175,-6.537896051629439,200.0,2.6733944416046143,-0.0026409677070751364
4.674181e-05,0.0,,,,,,,179.71626,3618.471,2255.4573,-13.786853,4051.739,-4370.269,25137.283,,,,,,179.78514,0.014219294357299805,13895.782661437988,1210000,0.08984375,0.003385417,0.0475572,0.068880275,0.1283474,4.674181e-05,2263.8909,0.021276325,0.0,2.4266405,2.4266405,0.1,1.0,0.0024617263,0.20771226,2506.6943,0.0,210000.0,0.7324116404513386,26.184641671273493,200.0,2.716442108154297,0.7690617208419055
2.8778739e-05,0.0,,,,,,,228.81148,3635.5369,2082.4094,-16.631464,2446.499,-1713.2468,15455.652,,,,,,228.89238,0.014004026174545287,13965.802800178528,1215000,0.08984375,0.0032552085,0.04371242,0.08090029,0.031013489,2.8778739e-05,2090.5703,0.03715909,0.0,2.193768,2.193768,0.1,1.0,0.00430498,0.18250869,2100.4175,0.0,215000.0,-0.010710099497659283,-3.5188930409799952,200.0,3.132188081741333,0.06855683363047224
5.369314e-05,0.0,,,,,,,279.76926,3682.0366,1917.5781,-12.219288,6992.7075,-2184.111,28096.34,,,,,,279.91336,0.013975746393203736,14035.68154001236,1220000,0.0546875,0.0026041667,0.042012684,0.1440993,0.12386632,5.369314e-05,1926.4261,0.10203292,0.0,2.6269124,2.6269124,0.1,1.0,0.006072988,0.23572446,1829.1418,0.0,220000.0,-0.015894531647216298,2.1332495495707673,200.0,3.1520586013793945,0.20185253551417304
8.8488625e-05,0.0,,,,,,,715.50024,3653.546,1979.2201,-14.055764,21028.299,-2176.5251,64957.7,,,,,,715.7561,0.014123697090148926,14106.300033330917,1225000,0.09765625,0.0035156251,0.053688187,0.25584936,0.23789966,8.8488625e-05,2005.7686,0.2020727,0.0,6.1727276,6.1727276,0.1,1.0,0.008331712,0.2725134,2266.0322,0.0,225000.0,-0.17935401411365196,-14.532321214329802,200.0,2.6398017406463623,-0.19117522637924117
4.4090255e-05,0.0,,,,,,,1055.9587,3679.6284,2467.7363,-18.509626,32599.63,-25479.916,142195.4,,,,,,1056.0514,0.014036724710464478,14176.483662843704,1230000,0.0859375,0.003385417,0.049867235,0.09263147,0.045376062,4.4090255e-05,2483.9692,0.04272014,0.0,3.1552846,3.1552846,0.1,1.0,0.0038367645,0.17383958,2679.87,0.0,230000.0,-0.08081006913726935,-6.225559368442328,200.0,2.6461899280548096,0.0047249358847867
1.8595316e-05,0.0,,,,,,,391.1963,3656.9604,2300.7842,-51.625088,2849.8823,-8449.771,31834.145,,,,,,391.49728,0.014054955577850341,14246.758447885513,1235000,0.0546875,0.001953125,0.24101329,0.3009938,0.028936863,1.8595316e-05,2310.8613,0.05996193,0.0,2.8610764,2.8610764,0.1,1.0,0.0029678745,0.20040843,2553.3586,0.0,235000.0,-0.022720607900214983,-4.985288546430888,200.0,2.659677267074585,0.033974511085220545
3.5111825e-05,0.0,,,,,,,391.8436,3583.4653,2274.347,-15.112303,10889.373,-9549.783,46415.598,,,,,,391.95282,0.014088455486297608,14317.200732469559,1240000,0.10546875,0.004427084,0.071101226,0.109216355,0.040343285,3.5111825e-05,2285.1587,0.038080018,0.0,2.433133,2.433133,0.1,1.0,0.003420534,0.19102922,2409.253,0.0,240000.0,-0.01598258833233729,-4.429087011572192,200.0,2.6561548709869385,0.04709153224843878
5.5237117e-05,0.0,,,,,,,4089.4543,4250.0967,2263.8533,-16.650389,3452.752,-3345.1633,84439.39,,,,,,4089.7593,0.014207409715652465,14388.237788438797,1245000,0.06640625,0.00234375,0.10642218,0.3048633,0.14900875,5.5237117e-05,2304.5493,0.1983859,0.0,8.657011,8.657011,0.1,1.0,0.059344735,0.23876415,2225.5193,0.0,245000.0,-0.04202505613666894,-5.516136201010005,200.0,2.695836305618286,0.021455415967426512
5.035939e-05,0.0,,,,,,,676.12256,3488.7202,2842.6387,-41.242123,2912.4143,-8553.559,46709.586,,,,,,676.21497,0.014285391902923585,14459.664756536484,1250000,0.1171875,0.0050781253,0.04658102,0.0923886,0.058878064,5.035939e-05,2858.1992,0.045757223,0.0,3.3910584,3.3910584,0.1,1.0,0.004308553,0.17827167,2909.3586,0.0,250000.0,-0.021084404841435145,-5.14107757556046,200.0,2.6706414222717285,0.030300504697214126
0.0001004666,0.0,,,,,,,238.50272,3493.0718,2579.1785,-20.640985,1482.993,-5373.164,23444.275,,,,,,238.5648,0.014203120565414428,14530.680369853973,1255000,0.140625,0.006380209,0.041380033,0.062085446,0.07387984,0.0001004666,2587.7957,0.020604946,0.0,1.8797762,1.8797762,0.1,1.0,0.002187871,0.21852452,2612.2234,0.0,255000.0,-0.020839635908010173,-1.5262403465399672,200.0,2.8896517753601074,0.11554999335009444
5.5558285e-05,0.0,,,,,,,502.00143,3603.5386,2282.246,-19.496136,4360.5513,-2458.6218,61767.14,,,,,,502.0618,0.0145064218044281,14603.212486028671,1260000,0.0859375,0.0032552085,0.044388458,0.060349405,0.09029126,5.5558285e-05,2287.7407,0.015905386,0.0,1.821102,1.821102,0.1,1.0,0.0024098158,0.21300872,2241.1143,0.0,260000.0,-0.026781321119148493,-8.357995584267236,200.0,3.145669460296631,-0.04556476886997363
3.5435864e-05,0.0,,,,,,,352.2208,3594.3054,2144.417,-12.411234,11342.146,-8874.397,56785.656,,,,,,352.2893,0.014133084392547608,14673.877915620804,1265000,0.08984375,0.0031250003,0.044657134,0.06852635,0.046788454,3.5435864e-05,2154.179,0.023833781,0.0,3.0821412,3.0821412,0.1,1.0,0.0039623287,0.23565087,2200.8376,0.0,265000.0,-0.010118610822489289,-6.3793115373564895,200.0,2.674853563308716,0.0010989652120338284
6.055396e-05,0.0,,,,,,,342.4207,3567.2817,2033.5344,-15.252112,1465.5844,-2752.8582,14984.59,,,,,,342.5744,0.014140836811065673,14744.582105875015,1270000,0.0625,0.0032552085,0.09972463,0.15372993,0.07365441,6.055396e-05,2047.5593,0.05394474,0.0,2.9215233,2.9215233,0.1,1.0,0.005787043,0.22972398,2047.9135,0.0,270000.0,-0.015341603852918216,-4.795087144570466,200.0,2.7311227321624756,0.03846007190646271
1.8649704e-05,0.0,,,,,,,241.02313,3575.6177,2021.3865,-16.735367,6519.664,-2001.6016,32551.12,,,,,,241.11726,0.01415258150100708,14815.345020532608,1275000,0.0546875,0.0020833334,0.07272141,0.09413136,0.04238248,1.8649704e-05,2032.5968,0.021391302,0.0,2.6977456,2.6977456,0.1,1.0,0.004889668,0.18324262,2058.1438,0.0,275000.0,-0.0182690816419552,-3.797851194395333,200.0,2.6918206214904785,0.06197810312961005
1.1677016e-05,0.0,,,,,,,446.74426,3570.0737,2006.0869,-15.942544,1915.1611,-5226.8936,30867.555,,,,,,446.814,0.014013420391082764,14885.412130117416,1280000,0.046875,0.0015625001,0.037417196,0.06974284,0.03131759,1.1677016e-05,2014.5852,0.032313973,0.0,2.4943357,2.4943357,0.1,1.0,0.0039414903,0.2282324,2082.624,0.0,280000.0,-0.020011887281385813,-6.6148488528868885,200.0,2.653707981109619,-0.004455762272356814
7.475945e-05,0.0,,,,,,,900.39526,3542.0747,2198.9087,-15.95302,6991.993,-15525.393,83322.2,,,,,,900.50464,0.01405570273399353,14955.69065284729,1285000,0.1328125,0.0046875,0.065064475,0.10937247,0.07815206,7.475945e-05,2231.9033,0.044233236,0.0,5.836874,5.836874,0.1,1.0,0.00643665,0.22029842,2188.1794,0.0,285000.0,-0.020939988015639673,-5.269033784223137,200.0,2.6461853981018066,0.0272828857375327
2.6665411e-05,0.0,,,,,,,219.94667,3673.467,2133.332,-18.991447,1412.5123,-5004.7188,27818.324,,,,,,220.05196,0.013946560478210449,15025.4234623909,1290000,0.05859375,0.001953125,0.057844985,0.105280444,0.0726825,2.6665411e-05,2139.453,0.047408793,0.0,2.5692446,2.5692446,0.1,1.0,0.008763162,0.23231807,2075.4211,0.0,290000.0,-0.050341920556653,-2.8569291705350848,200.0,2.6790521144866943,0.08416807084167066
2.5621152e-05,0.0,,,,,,,715.66797,3953.1257,1989.1559,-29.453238,25385.82,-7903.582,138788.56,,,,,,715.7235,0.013968869161605835,15095.267816781998,1295000,0.0859375,0.0031250003,0.035949424,0.05552512,0.026600718,2.5621152e-05,1997.0925,0.019550074,0.0,1.8233708,1.8233708,0.1,1.0,0.0045310725,0.2316281,1876.5264,0.0,295000.0,0.8664263521374173,76.55568830744485,200.0,2.692044496536255,1.9569730143768462
2.4523044e-05,0.0,,,,,,,436.59332,5651.9097,2033.6047,-16.112041,7298.77,-2093.9907,50376.137,,,,,,436.88437,0.01394534478187561,15164.994549036026,1300000,0.078125,0.0028645834,0.25543493,0.2910522,0.037326932,2.4523044e-05,2049.9155,0.035592742,0.0,3.8211126,3.8211126,0.1,1.0,0.005190024,0.23654427,1870.6543,0.0,300000.0,-0.11671243491376251,-11.607367655047389,200.0,2.646843433380127,-0.12219541360636722
0.0001352537,0.0,,,,,,,3191.2031,8474.139,2565.7522,-41.3289,36344.418,-29974.328,246531.02,,,,,,3193.434,0.018298566055297852,15256.487386703491,1305000,0.11328125,0.004947917,0.04354425,2.2309074,0.11910498,0.0001352537,2624.832,2.187228,0.0,11.077745,11.077745,0.1,1.0,0.008149182,0.27669466,2830.6191,0.0,305000.0,-0.26388723324499475,-31.360800304893335,200.0,2.6854398250579834,-0.588044890595067
0.00011034852,0.0,,,,,,,4604.127,7355.06,4780.3604,-17.112911,19718.875,-62669.03,432148.4,,,,,,4604.3975,0.014637643623352051,15329.675614595413,1310000,0.13671875,0.006119792,0.07465656,0.27055916,0.09443569,0.00011034852,4855.5635,0.19579226,0.0,9.466099,9.466099,0.1,1.0,0.012678813,0.23062804,4954.1406,0.0,310000.0,-0.06951645614277098,-12.513423408888148,200.0,2.7084696292877197,-0.14356312252720693
5.197859e-05,0.0,,,,,,,1079.7539,6494.656,4909.7783,-25.886465,6390.4053,-21145.74,135241.3,,,,,,1079.849,0.013868412971496581,15399.01768732071,1315000,0.07421875,0.0031250003,0.053516623,0.09504734,0.056234956,5.197859e-05,4932.584,0.04147874,0.0,3.3376253,3.3376253,0.1,1.0,0.0054117404,0.202842,4973.3867,0.0,315000.0,-0.06219258309413081,-5.577076804699452,200.0,2.6581106185913086,0.02001824052256397
6.3392465e-05,0.0,,,,,,,384.18082,5896.755,4186.548,-51.82034,3924.2163,-12965.186,64053.676,,,,,,384.2382,0.014124467945098878,15469.64003443718,1320000,0.06640625,0.0028645834,0.025906298,0.05736553,0.100147486,6.3392465e-05,4196.2734,0.031395838,0.0,2.4915605,2.4915605,0.1,1.0,0.012938877,0.20839393,4120.836,0.0,320000.0,-0.0223807040322848,33.73795561609939,200.0,2.6811838150024414,0.9471931582027957
4.381974e-05,0.0,,,,,,,582.4532,5642.6416,3654.0073,-11.460625,22212.074,-6790.138,114774.65,,,,,,582.57074,0.013848083925247192,15538.880460739136,1325000,0.07421875,0.0024739585,0.07345345,0.117560156,0.11411524,4.381974e-05,3663.8462,0.044062894,0.0,2.690549,2.690549,0.1,1.0,0.0029323474,0.20589451,3542.7207,0.0,325000.0,-0.03795470922298405,1.8396688600249207,200.0,2.660410165786743,0.19492895857930645
4.569738e-05,0.0,,,,,,,1425.199,5509.871,3547.684,-16.532984,12512.236,-10008.008,87315.56,,,,,,1425.3318,0.01393164358139038,15608.538687229156,1330000,0.09375,0.0035156251,0.040769264,0.13276301,0.08863616,4.569738e-05,3580.8433,0.091948055,0.0,5.175894,5.175894,0.1,1.0,0.0045243315,0.22362038,3700.838,0.0,330000.0,-0.22584397902062192,-17.426678132345504,200.0,2.793217897415161,-0.2594334719397542
2.907819e-05,0.0,,,,,,,539.20544,5279.676,3505.4546,-38.364952,26002.957,-13670.217,155758.31,,,,,,539.2845,0.014892770862579346,15683.002548217773,1335000,0.07421875,0.0026041667,0.03628923,0.07906698,0.04421568,2.907819e-05,3519.6016,0.042748667,0.0,3.5123773,3.5123773,0.1,1.0,0.0057248785,0.19938324,3572.8552,0.0,335000.0,-0.04185851065095399,-5.06912279775962,200.0,2.639955520629883,0.031997429793704665
4.001608e-05,0.0,,,,,,,365.29355,5053.4805,3135.2798,-24.758223,7049.7104,-2937.9746,38116.16,,,,,,365.36575,0.01383541054725647,15752.179608345032,1340000,0.09375,0.003385417,0.028250095,0.07220716,0.04190898,4.001608e-05,3146.895,0.043917045,0.0,3.0271273,3.0271273,0.1,1.0,0.011129592,0.20840171,3131.9175,0.0,340000.0,-0.11031628554185363,-20.23617646507443,200.0,2.624542474746704,-0.32569047911934434
1.9826819e-05,0.0,,,,,,,679.148,4898.5786,2986.2803,-31.372992,6707.3896,-8036.5806,60963.773,,,,,,679.28503,0.013949806499481202,15821.928648233414,1345000,0.05078125,0.001953125,0.09171789,0.13702118,0.04450023,1.9826819e-05,3000.8708,0.045283463,0.0,3.1459818,3.1459818,0.1,1.0,0.0055282703,0.21930955,2910.0264,0.0,345000.0,-0.08286774801928097,-16.211672883757522,200.0,2.730306386947632,-0.23077974022504633
1.793341e-05,0.0,,,,,,,932.13074,4868.771,2844.812,-21.537497,8246.95,-27338.59,144344.05,,,,,,932.2391,0.013985253715515136,15891.854923248291,1350000,0.0390625,0.0013020834,0.037337534,0.108324595,0.08204484,1.793341e-05,2862.0654,0.07096913,0.0,3.7746358,3.7746358,0.1,1.0,0.008771612,0.15781659,2979.3286,0.0,350000.0,-0.02038438299776316,-3.5492519236444706,200.0,3.172344207763672,0.0678408735306808
6.0166345e-05,0.0,,,,,,,1599.8254,4698.3433,2764.928,-12.295879,27501.719,-6859.0874,163528.19,,,,,,1599.9773,0.013966392564773559,15961.686893701553,1355000,0.0859375,0.0036458336,0.09242375,0.15181796,0.15237534,6.0166345e-05,2790.5962,0.059334036,0.0,3.8144512,3.8144512,0.1,1.0,0.005292137,0.21128502,2872.3906,0.0,355000.0,-0.03101253568214218,-6.579542025649227,200.0,2.621962308883667,-0.003623113724919496
2.9467747e-05,0.0,,,,,,,917.8839,4994.0747,2904.0396,-13.685919,24182.992,-19900.055,148421.11,,,,,,918.0749,0.014029919815063477,16031.836500406265,1360000,0.078125,0.0031250003,0.07565552,0.19099149,0.033257246,2.9467747e-05,2925.436,0.115306504,0.0,4.400538,4.400538,0.1,1.0,0.0059353905,0.2813726,2940.4058,0.0,360000.0,-0.014425538031988703,-2.6322354412324094,200.0,2.666447639465332,0.0894670716854105
2.3673228e-05,0.0,,,,,,,951.3001,5941.209,2824.3755,-16.086899,13083.555,-10485.374,101651.14,,,,,,951.4178,0.013866768407821655,16101.17034983635,1365000,0.06640625,0.00234375,0.052270565,0.117679365,0.036560416,2.3673228e-05,2847.6152,0.065385126,0.0,4.078521,4.078521,0.1,1.0,0.0061976435,0.218771,2683.5088,0.0,365000.0,-0.03392080661376008,2.477147136097884,200.0,2.6599762439727783,0.20996274671954465
3.49101e-05,0.0,,,,,,,1067.9521,6166.879,2930.272,-41.46999,19038.576,-6537.23,99074.59,,,,,,1068.2847,0.013909626626968383,16170.718490123749,1370000,0.0625,0.0020833334,0.1003128,0.33253908,0.11233997,3.49101e-05,2952.3809,0.23219138,0.0,6.146152,6.146152,0.1,1.0,0.010042877,0.27450418,2764.1123,0.0,370000.0,-0.06951314343483615,-5.25589624804251,200.0,2.6433160305023193,0.02759271109635271
4.7656275e-05,0.0,,,,,,,1229.7383,5225.733,2918.5486,-47.2121,4816.573,-7731.9,84816.28,,,,,,1229.974,0.013990364170074463,16240.670318603516,1375000,0.03515625,0.0018229168,0.093478434,0.23568481,0.10728252,4.7656275e-05,2944.0466,0.14215873,0.0,4.3473997,4.3473997,0.1,1.0,0.0070169833,0.20805953,3059.5698,0.0,375000.0,0.7320091100714624,19.81911149537388,200.0,3.193361520767212,0.6189420451499063
4.760951e-05,0.0,,,,,,,945.19775,5006.4985,2879.5283,-18.658295,26840.555,-3757.946,153561.47,,,,,,945.3092,0.013985472917556762,16310.597690343857,1380000,0.1015625,0.0040364587,0.03940383,0.11144617,0.051879406,4.760951e-05,2898.037,0.07199473,0.0,3.8124242,3.8124242,0.1,1.0,0.004015178,0.19246608,3229.3188,0.0,380000.0,0.7660385101172033,201.1774472186737,200.0,2.7447848320007324,4.895954923967156
1.825335e-05,0.0,,,,,,,833.56116,4877.076,2785.04,-16.77731,18102.85,-22763.57,145179.34,,,,,,833.68774,0.014018938493728638,16380.69238948822,1385000,0.05078125,0.0018229168,0.045038104,0.12656964,0.042540193,1.825335e-05,2801.6492,0.081513286,0.0,4.6060433,4.6060433,0.1,1.0,0.004179013,0.22895858,2944.185,0.0,385000.0,-0.02360427788755399,-3.9213008163061724,200.0,2.6498019695281982,0.05906676398056013
4.0937495e-05,0.0,,,,,,,1375.8577,5590.1797,2870.837,-25.810148,54881.06,-27052.947,319817.84,,,,,,1376.0256,0.014089171409606933,16451.138254404068,1390000,0.09375,0.003385417,0.09056323,0.16797572,0.053632736,4.0937495e-05,2891.7117,0.07737156,0.0,3.258942,3.258942,0.1,1.0,0.00729963,0.24721292,2949.1472,0.0,390000.0,-0.18324809994502372,-13.308197495742062,200.0,2.699788808822632,-0.16230645181321612
3.062094e-05,0.0,,,,,,,889.5604,4747.186,2910.6357,-15.489965,3082.9915,-18449.979,78013.64,,,,,,889.6644,0.013886332893371583,16520.569926023483,1395000,0.08984375,0.0031250003,0.041519277,0.104010075,0.0280447,3.062094e-05,2939.8655,0.062460177,0.0,4.476535,4.476535,0.1,1.0,0.0053125015,0.21117438,3094.8555,0.0,395000.0,-0.021460930806309605,-5.275020149034967,200.0,2.673250913619995,0.027141708000676102
2.3038468e-05,0.0,,,,,,,872.5331,4394.7217,2898.4946,-11.244931,8358.015,-20222.895,116882.78,,,,,,872.63715,0.013998345708847046,16590.56166243553,1400000,0.05078125,0.001953125,0.04963808,0.10409091,0.051249385,2.3038468e-05,2919.4907,0.05442979,0.0,4.71605,4.71605,0.1,1.0,0.0053234426,0.20713606,3092.1284,0.0,400000.0,-0.024060038657235962,-4.145320117300689,200.0,2.7034659385681152,0.0537836683255635
3.9142746e-05,0.0,,,,,,,697.7469,4993.74,2793.3467,-17.1678,25389.652,-13539.27,155339.69,,,,,,697.82043,0.018738193035125732,16684.252635240555,1405000,0.09375,0.0032552085,0.034940634,0.07353158,0.051272273,3.9142746e-05,2806.1428,0.038551804,0.0,2.4904416,2.4904416,0.1,1.0,0.0038392805,0.16800943,2924.1729,0.0,405000.0,-0.20913862126677285,-18.414232086862214,200.0,2.644815444946289,-0.28272317056402435
2.5037818e-05,0.0,,,,,,,599.2944,6653.837,2562.9995,-18.542881,3034.842,-8739.826,61431.875,,,,,,599.5121,0.014475634717941284,16756.63081598282,1410000,0.07421875,0.0031250003,0.04100687,0.21770066,0.026008606,2.5037818e-05,2576.8032,0.17666876,0.0,3.42548,3.42548,0.1,1.0,0.0045507103,0.21648261,2641.1191,0.0,410000.0,-0.07468522894235084,-11.713049734296701,200.0,2.8963065147399902,-0.12468773695178612
4.5272478e-05,0.0,,,,,,,2253.0464,4551.2554,2722.083,-16.345167,13147.534,-48926.277,280814.6,,,,,,2253.228,0.014550287914276124,16829.382263422012,1415000,0.078125,0.0032552085,0.080689274,0.18167078,0.049216986,4.5272478e-05,2776.728,0.100936234,0.0,7.3502045,7.3502045,0.1,1.0,0.0053904466,0.23497596,2775.5757,0.0,415000.0,-0.007945470044066134,-3.8309342855575776,200.0,2.7782816886901855,0.0611978974312743
4.7930287e-05,0.0,,,,,,,624.03345,5869.423,3029.3228,-23.281034,11529.983,-7076.7036,88468.62,,,,,,624.1242,0.014428222608566283,16901.5233836174,1420000,0.06640625,0.002213542,0.04667618,0.090758555,0.14237595,4.7930287e-05,3046.6099,0.044034448,0.0,3.1628203,3.1628203,0.1,1.0,0.0050561745,0.22915225,3276.2144,0.0,420000.0,-0.03657483500203978,-9.270355785554637,200.0,3.258746862411499,-0.06708115693928245
2.2044778e-05,0.0,,,,,,,3146.7852,5426.5312,3148.688,-18.775715,18989.238,-8910.896,159136.98,,,,,,3147.0525,0.014302825832366943,16973.037520885468,1425000,0.0703125,0.0027343752,0.10675878,0.2673255,0.023425937,2.2044778e-05,3185.6,0.16054466,0.0,7.471156,7.471156,0.1,1.0,0.008866062,0.22807875,2986.8008,0.0,425000.0,-0.06679254498803452,-11.277180479580721,200.0,2.6944589614868164,-0.11440853799208138
6.236377e-05,0.0,,,,,,,1297.8096,4392.1353,3271.5005,-22.257374,9451.416,-6326.166,100801.336,,,,,,1298.0769,0.014498190450668335,17045.528480052948,1430000,0.1015625,0.00390625,0.19494113,0.26728338,0.113208294,6.236377e-05,3290.2769,0.07227987,0.0,4.427164,4.427164,0.1,1.0,0.032262366,0.22386515,3267.8599,0.0,430000.0,-0.03149009052955809,-5.125146351072183,200.0,2.7233822345733643,0.03067621421197086
2.8180704e-05,0.0,,,,,,,828.21686,5019.229,3021.3562,-19.670366,5720.1577,-13223.387,80798.56,,,,,,828.3841,0.01443304615020752,17117.6937186718,1435000,0.046875,0.0016927085,0.04199808,0.16725995,0.11306238,2.8180704e-05,3032.007,0.12523368,0.0,3.1744828,3.1744828,0.1,1.0,0.0070218253,0.26230973,3054.8584,0.0,435000.0,-0.032062593012323136,-5.1191900709534615,200.0,3.1999692916870117,0.030816682454999304
5.3536056e-05,0.0,,,,,,,1807.8337,4351.106,2831.7302,-29.425613,16059.351,-22885.23,170009.78,,,,,,1808.2721,0.014280495500564575,17189.096204280853,1440000,0.109375,0.0046875,0.051420122,0.43830553,0.057119966,5.3536056e-05,2848.893,0.38683188,0.0,5.5446677,5.5446677,0.1,1.0,0.0073507666,0.25695077,2786.9448,0.0,440000.0,-0.09174161593583241,-15.263231159980336,200.0,3.221668243408203,-0.20841243380251884
3.859997e-05,0.0,,,,,,,1015.75836,4366.6177,2796.4233,-40.294487,18863.1,-25740.36,137951.84,,,,,,1022.5098,0.014324662113189697,17260.719522476196,1445000,0.0859375,0.0035156251,6.6287384,6.7514877,0.0515939,3.859997e-05,2813.6519,0.122710556,0.0,5.1169357,5.1169357,0.1,1.0,0.005254739,0.24142385,2998.5752,0.0,445000.0,-0.012327501851627589,-2.8172126213406328,200.0,2.7076199054718018,0.08510471481631553
4.4525605e-05,0.0,,,,,,,591.60486,4319.864,2678.482,-13.46221,3979.1963,-4307.2173,40385.992,,,,,,592.2064,0.014380296277999877,17332.62100958824,1450000,0.109375,0.004427084,0.54673195,0.6015558,0.032948375,4.4525605e-05,2690.0957,0.054779325,0.0,2.9045663,2.9045663,0.1,1.0,0.016564392,0.20651463,2431.8235,0.0,450000.0,-0.00750539869018995,-9.279264618015336,200.0,3.2820241451263428,-0.06729125586314867
2.540895e-05,0.0,,,,,,,411.01804,4247.852,2526.5527,-18.39671,7782.452,-9220.917,69313.45,,,,,,411.1351,0.014056587553024292,17402.90395641327,1455000,0.0703125,0.0026041667,0.08753849,0.11706537,0.040876985,2.540895e-05,2538.0547,0.029501477,0.0,2.2724535,2.2724535,0.1,1.0,0.0029676505,0.21826832,2704.8943,0.0,455000.0,-0.0453191695476336,-4.227683974820242,200.0,2.6576223373413086,0.051841263649454974
3.7015587e-05,0.0,,,,,,,732.2407,4636.5786,2545.524,-18.016361,28531.482,-48754.75,208955.81,,,,,,732.35095,0.014071107578277588,17473.259501695633,1460000,0.0703125,0.0024739585,0.052030023,0.11020278,0.063751936,3.7015587e-05,2567.102,0.058135744,0.0,4.5166616,4.5166616,0.1,1.0,0.0075123506,0.20907734,2538.853,0.0,460000.0,-0.009758444767914964,-3.3943912576462956,200.0,2.6656386852264404,0.07149298613005396
4.4399534e-05,0.0,,,,,,,1153.9507,4947.3,2485.1343,-35.542244,5535.5415,-5624.3525,72900.66,,,,,,1154.3413,0.01407414665222168,17543.630240678787,1465000,0.07421875,0.0031250003,0.2221283,0.39063287,0.1323998,4.4399534e-05,2507.3555,0.16846016,0.0,7.413963,7.413963,0.1,1.0,0.012421596,0.26264843,2595.8005,1.0,465000.0,10.925613244870318,794.5294203506395,200.0,2.775744676589966,18.889102912648255
5.3616353e-05,0.0,,,,,,,971.5766,4781.788,2668.2393,-15.884956,10915.025,-16162.851,127840.336,,,,,,971.6839,0.014166471672058105,17614.462606191635,1470000,0.078125,0.0028645834,0.048232324,0.107299924,0.25336874,5.3616353e-05,2682.1384,0.05901398,0.0,3.0699265,3.0699265,0.1,1.0,0.045868058,0.22833051,2729.379,0.0,470000.0,-0.2507187050676105,-25.27486259110649,200.0,2.657437324523926,-0.4445189044432113
9.353345e-05,0.0,,,,,,,754.6502,4169.9404,2494.9443,-177.84174,24920.266,-6744.517,103322.336,,,,,,754.7537,0.013948141384124755,17684.203320264816,1475000,0.125,0.0048177084,0.05701429,0.103486605,0.17985761,9.353345e-05,2507.956,0.04637878,0.0,2.8075335,2.8075335,0.1,1.0,0.0030109412,0.1779346,2815.6106,0.0,475000.0,-0.028982370441338237,-4.372645450544807,200.0,2.65667724609375,0.0484226057965716
6.430269e-05,0.0,,,,,,,1631.0798,4316.6504,2403.6497,-18.520649,11852.683,-8374.939,148186.92,,,,,,1631.1826,0.014336480331420898,17755.885730028152,1480000,0.09765625,0.0036458336,0.06726055,0.10275454,0.21194959,6.430269e-05,2421.5425,0.035429686,0.0,3.7435656,3.7435656,0.1,1.0,0.009741638,0.19271863,2460.9502,0.0,480000.0,-0.017516006508268688,-3.4199406264561,200.0,2.6835556030273438,0.0708904498363161
5.6584493e-05,0.0,,,,,,,606.6354,4003.9453,2324.85,-40.659214,6944.5796,-9081.682,69296.36,,,,,,606.7548,0.014033927774429321,17826.055375814438,1485000,0.109375,0.004557292,0.057388663,0.11947613,0.061446786,5.6584493e-05,2335.971,0.06203088,0.0,2.977251,2.977251,0.1,1.0,0.003526752,0.19605726,2677.7976,0.0,485000.0,-0.00635158794464691,-2.3922121726987187,200.0,2.727419853210449,0.09512759237027536
0.00011604531,0.0,,,,,,,1319.6101,4487.776,2252.0337,-27.090044,9806.637,-6073.1797,89004.17,,,,,,1319.9149,0.014066881036758423,17896.389788389206,1490000,0.1015625,0.0040364587,0.10049932,0.3048023,0.31224167,0.00011604531,2268.2156,0.20418695,0.0,5.5704117,5.5704117,0.1,1.0,0.014236558,0.24725646,2383.818,0.0,490000.0,-0.09526012368276364,-16.132434647727422,200.0,2.6378684043884277,-0.22891104775693408
3.5875542e-05,0.0,,,,,,,1255.1467,4237.1597,2596.7603,-16.776703,27704.305,-23545.836,180863.22,,,,,,1255.2584,0.013949206399917603,17966.135828256607,1495000,0.05859375,0.0020833334,0.050048463,0.11163836,0.057174683,3.5875542e-05,2618.956,0.061554022,0.0,5.3338327,5.3338327,0.1,1.0,0.005661669,0.19891396,2710.5364,0.0,495000.0,-0.03452690403630866,-4.201499979549335,200.0,2.6611976623535156,0.05245876647636347
2.674726e-05,0.0,,,,,,,896.166,4161.057,2523.2295,-17.708965,10371.65,-10093.495,100707.516,,,,,,896.5052,0.0141310546875,18036.791108846664,1500000,0.0703125,0.0028645834,0.30318657,0.33915707,0.025900483,2.674726e-05,2538.791,0.03594379,0.0,3.043477,3.043477,0.1,1.0,0.01435223,0.23921081,2554.7026,0.0,500000.0,-0.010500354479758703,-3.775386257476511,200.0,2.7012107372283936,0.06250789859856612
4.946697e-05,0.0,,,,,,,416.56805,4195.2437,2566.4094,-25.457577,6841.598,-8345.081,59259.625,,,,,,426.546,0.018653379201889038,18130.058012485504,1505000,0.1171875,0.004557292,9.945605,9.977939,0.044503212,4.946697e-05,2582.2114,0.032283388,0.0,3.357685,3.357685,0.1,1.0,0.0066056554,0.29622406,2386.9941,0.0,505000.0,-0.12141315168320198,-14.51535874979498,200.0,2.671025514602661,-0.19077519690729783
1.988012e-05,0.0,,,,,,,412.48853,4182.0513,2368.841,-15.523757,14239.328,-15397.946,106204.55,,,,,,412.57275,0.01420599946975708,18201.08801794052,1510000,0.05859375,0.0020833334,0.06249263,0.084240206,0.026548982,1.988012e-05,2379.5195,0.021727694,0.0,2.5123491,2.5123491,0.1,1.0,0.003993039,0.25702196,2191.2837,0.0,510000.0,-0.02169689495124455,-3.101753119229521,200.0,2.653707504272461,0.07839433467766775
2.9093866e-05,0.0,,,,,,,746.80493,4126.904,2530.6548,-17.200022,9369.066,-4962.0835,67412.7,,,,,,747.02686,0.014215389823913575,18272.164975881577,1515000,0.078125,0.0031250003,0.10714151,0.22190619,0.02940929,2.9093866e-05,2549.0793,0.11473558,0.0,4.3015013,4.3015013,0.1,1.0,0.0040292493,0.19335678,2877.9512,0.0,515000.0,-0.0074688893195483915,-3.4133208942108433,200.0,2.693776845932007,0.07104656441442118
7.652316e-05,0.0,,,,,,,505.1752,4086.397,2462.629,-19.456366,15491.46,-12805.041,105081.8,,,,,,505.90677,0.014402864408493043,18344.179305553436,1520000,0.046875,0.002213542,0.68889433,0.73157066,0.16229022,7.652316e-05,2475.65,0.042599823,0.0,3.3259072,3.3259072,0.1,1.0,0.0037379563,0.2592445,2437.7593,0.0,520000.0,-0.024975425251534428,-4.486494867370493,200.0,3.1700685024261475,0.04573767036160921
1.9727726e-05,0.0,,,,,,,473.6603,4088.9465,2346.9722,-32.650158,2746.743,-4449.484,38150.918,,,,,,473.73935,0.014181497812271118,18415.08680176735,1525000,0.0625,0.00234375,0.054849986,0.07904395,0.019565344,1.9727726e-05,2358.5884,0.02417423,0.0,3.0310118,3.0310118,0.1,1.0,0.0041471245,0.21633627,2784.4639,0.0,525000.0,-0.009118658411191869,-2.1883400065082865,200.0,2.7151637077331543,0.09993555378517947
8.106182e-05,0.0,,,,,,,565.241,4363.0146,2220.41,-32.542645,9840.753,-3346.5083,58550.6,,,,,,565.36414,0.0148331946849823,18489.252783060074,1530000,0.07421875,0.0027343752,0.07218908,0.12311221,0.36021292,8.106182e-05,2232.4756,0.05084207,0.0,2.9966083,2.9966083,0.1,1.0,0.004782279,0.23038079,2345.07,0.0,530000.0,-0.009133283666606493,-2.6359137950482427,200.0,2.7745418548583984,0.08938032427134529
4.909697e-05,0.0,,,,,,,811.042,3972.5994,2276.4902,-19.499397,4535.959,-5136.709,50194.652,,,,,,811.29144,0.01450929651260376,18561.799273729324,1535000,0.0859375,0.003385417,0.19871888,0.24944547,0.044775367,4.909697e-05,2293.8955,0.050677497,0.0,3.9397807,3.9397807,0.1,1.0,0.058136955,0.20359921,2360.6938,0.0,535000.0,-0.009608174796723663,-0.025420028400302976,200.0,2.8517847061157227,0.15094416370280167
2.8303624e-05,0.0,,,,,,,527.3771,3900.9033,2407.0896,-22.953218,5965.386,-6602.322,49980.75,,,,,,527.45917,0.014651061391830445,18635.05458879471,1540000,0.046875,0.001953125,0.04162436,0.08208815,0.059629083,2.8303624e-05,2419.085,0.04043549,0.0,3.1069646,3.1069646,0.1,1.0,0.0039417185,0.18858582,2505.7844,0.0,540000.0,-0.09800609944428794,-17.060232950469192,200.0,3.2332680225372314,-0.2507915159137751
6.491174e-05,0.0,,,,,,,610.2682,4098.0986,2192.204,-19.835709,20252.719,-10616.865,90144.69,,,,,,610.41534,0.014888348054885864,18709.496337413788,1545000,0.08203125,0.0036458336,0.09012387,0.14715397,0.1023947,6.491174e-05,2206.0376,0.05696519,0.0,4.1720953,4.1720953,0.1,1.0,0.0057632243,0.18165146,2322.0596,0.0,545000.0,-0.051502613109383734,-4.0277212296431255,200.0,2.822704315185547,0.05655702834257077
3.3504348e-05,0.0,,,,,,,850.97217,3845.469,2405.7183,-22.22822,17628.115,-14366.9375,136540.22,,,,,,851.0844,0.014934337902069092,18784.168034791946,1550000,0.05859375,0.001953125,0.044840313,0.11222583,0.088884115,3.3504348e-05,2427.0642,0.06735201,0.0,4.814777,4.814777,0.1,1.0,0.008855569,0.30088973,2278.4084,0.0,550000.0,-0.02159537472165413,-3.5103673045754284,200.0,2.877819538116455,0.06875789791714151
3.329334e-05,0.0,,,,,,,428.0611,3889.9905,2448.4575,-21.581295,2854.9443,-3961.2583,28700.223,,,,,,428.14197,0.014860759401321411,18858.47183918953,1555000,0.0859375,0.0032552085,0.060949966,0.08086055,0.069049716,3.329334e-05,2464.1792,0.019877288,0.0,3.0082934,3.0082934,0.1,1.0,0.0053657475,0.24546777,2441.6843,0.0,555000.0,-0.051980792066403964,-4.023736820046334,200.0,2.7627830505371094,0.05665099353635133
1.4507305e-05,0.0,,,,,,,887.8135,4134.6914,2387.602,-46.372368,11355.937,-1494.3005,77685.41,,,,,,887.9024,0.0144199294090271,18930.571494579315,1560000,0.046875,0.001953125,0.055620473,0.088921696,0.033138633,1.4507305e-05,2403.0261,0.033286717,0.0,3.0093184,3.0093184,0.1,1.0,0.0037360843,0.19585213,2410.5095,0.0,560000.0,-0.018582772990631793,-3.2088377754292527,200.0,2.7684271335601807,0.0758689340564978
4.2847405e-05,0.0,,,,,,,704.1669,3895.745,2254.6072,-21.833437,23300.525,-13130.509,136759.5,,,,,,704.27295,0.014151557207107543,19001.329288721085,1565000,0.07421875,0.0026041667,0.0567849,0.10609472,0.067288995,4.2847405e-05,2269.77,0.049266968,0.0,3.9532483,3.9532483,0.1,1.0,0.005659002,0.2690914,2342.06,0.0,565000.0,-0.03277778875480658,4.577377935095216,200.0,2.829338788986206,0.2594929441597398
