training/actor/actor_loss,training/actor/bound_loss,training/actor/mse,training/actor/q,training/actor/q_loss,training/alpha/current_vs_historical_ratio,training/alpha/historical_avg_loss,training/alpha/max_alpha_bound,training/alpha/min_alpha_bound,training/alpha/valid_count,training/alpha_weight,training/critic/critic_loss,training/critic/q_max,training/critic/q_mean,training/critic/q_min,training/grad/max,training/grad/min,training/grad/norm,training/meanflow/consistency_loss,training/meanflow/flow_loss,training/meanflow/mean_flow_loss,training/metrics/actor_learning_rate,training/metrics/critic_learning_rate,training/total_loss,time/epoch_time,time/total_time,step,exploration/goal_achieved,exploration/total.timesteps,exploration/episode.final_reward,exploration/episode.return,exploration/episode.length,exploration/episode.duration,exploration/episode.normalized_return
-0.19262886,0.0,0.51240224,0.19262886,-0.19262886,1.0,0.0,90000.0,900.0,0,9000.0,16.909084,3.8560033,0.30027467,-3.086927,13308.725,-12338.309,244814.38,0.100370616,0.9441237,0.9441237,0.0,0.0003,8513.83,0.008582374668121338,42.91187787055969,0,,,,,,,
-44.545387,0.033946015,0.08335774,44.579334,-44.579334,25183884.0,0.0,90000.0,900.0,2,9000.0,3.561606,448.71994,44.627075,-8.014013,6438.335,-6158.3906,185829.73,0.016188815,0.25183883,0.25183883,1e-05,0.0003,2225.5657,0.010753984594345093,96.6818060874939,5000,,,,,,,
-111.14292,0.017968036,0.04735159,111.16089,-111.16089,19237552.0,0.0,90000.0,900.0,4,9000.0,3.220468,827.5214,111.46896,-11.375978,8564.527,-9841.87,169906.12,0.007779886,0.19237551,0.19237551,2e-05,0.0003,1623.4572,0.0038010112285614015,115.68686723709106,10000,,,,,,,
-180.77168,0.01334978,0.040138092,180.78503,-180.78503,13694674.0,0.0,90000.0,900.0,7,9000.0,5.873638,1135.7244,180.66895,-15.160744,7792.4707,-7775.108,115958.55,0.0069752987,0.13694674,0.13694674,3e-05,0.0003,1057.6226,0.0037581281661987305,134.47751331329346,15000,,,,,,,
-208.26694,0.012243841,0.040472295,208.27917,-208.27917,14799482.0,0.0,90000.0,900.0,9,9000.0,5.840991,1381.6976,208.06732,-15.838789,5648.5923,-8161.1885,100443.59,0.0058211475,0.14799482,0.14799482,4e-05,0.0003,1129.5275,0.0037752758026123046,153.35389804840088,20000,,,,,,,
-280.91602,0.017008567,0.038284652,280.933,-280.933,1.8510884,0.08745508,90000.0,900.0,12,9000.0,15.985042,1568.4283,281.15472,-28.1465,13830.325,-5610.2495,87025.766,0.0066642957,0.16188708,0.16188708,5e-05,0.0003,1192.0527,0.0037250420570373536,171.9791133403778,25000,,,,,,,
-345.13132,0.010648833,0.031925768,345.14197,-345.14197,1.1446494,0.12153897,90000.0,900.0,14,9000.0,18.47562,1710.9562,344.652,-52.0029,5378.39,-4012.8733,64730.816,0.004350362,0.1391195,0.1391195,6e-05,0.0003,925.41986,0.0037514151573181153,190.73619532585144,30000,,,,,,,
-397.29114,0.013821326,0.034297608,397.30496,-397.30496,0.92602706,0.14780484,90000.0,900.0,17,9000.0,16.675991,1825.9785,397.06488,-74.14629,5515.8066,-2845.8901,53387.285,0.0052646254,0.13687128,0.13687128,6.9999995e-05,0.0003,851.22644,0.0037910583972930907,209.69149327278137,35000,,,,,,,
-411.28845,0.0128827775,0.032638635,411.30133,-411.30133,0.85779,0.15862772,90000.0,900.0,19,9000.0,30.399109,1918.01,411.28387,-60.94592,5447.1646,-1858.2382,52567.477,0.005504695,0.13606927,0.13606927,8e-05,0.0003,843.7341,0.0037391208171844484,228.38710284233093,40000,,,,,,,
-397.72827,0.008911119,0.029287199,397.73718,-397.73718,0.8966262,0.14223377,90000.0,900.0,20,9000.0,24.29238,1992.5726,396.33936,-61.108826,6481.478,-3859.8584,61363.945,0.005408746,0.12753053,0.12753053,8.9999994e-05,0.0003,774.33887,0.003720559883117676,246.98990726470947,45000,,,,,,,
-440.57986,0.00963022,0.028702963,440.5895,-440.5895,0.77395743,0.1352805,90000.0,900.0,20,9000.0,47.692444,2053.7502,440.22577,-58.759075,3356.1982,-3249.5178,39703.676,0.0057609915,0.104701355,0.104701355,1e-04,0.0003,549.4248,0.003706873178482056,265.52427792549133,50000,,,,,,,
-431.27792,0.007542642,0.027439097,431.28546,-431.28546,0.895364,0.12530674,90000.0,900.0,20,9000.0,14.445276,2098.3008,430.8543,-31.762798,2548.8467,-2559.4836,37109.04,0.0044007683,0.11219514,0.11219514,9.999385e-05,0.0003,592.92365,0.0035998016357421873,283.52329111099243,55000,,,,,,,
-393.09457,0.0117273275,0.02582814,393.1063,-393.1063,0.7943382,0.12177231,90000.0,900.0,20,9000.0,10.13344,2135.089,392.7397,1.1398413,1975.3885,-1876.7506,35339.7,0.0046889423,0.0967284,0.0967284,9.99754e-05,0.0003,487.59448,0.0036808167934417723,301.92738032341003,60000,,,,,,,
-500.55737,0.0072652567,0.018765084,500.56464,-500.56464,0.7632653,0.11700535,90000.0,900.0,20,9000.0,8.74539,2159.5608,500.08105,22.465183,2133.2283,-1535.3401,28716.584,0.0028991487,0.089306116,0.089306116,9.994465e-05,0.0003,311.94308,0.00372630820274353,320.5589265823364,65000,,,,,,,
-473.58456,0.008513713,0.019959025,473.59308,-473.59308,0.77612346,0.111890875,90000.0,900.0,20,9000.0,12.211351,2175.16,473.21344,30.978437,1144.7157,-1629.0688,24559.438,0.002589927,0.08684113,0.08684113,9.990162e-05,0.0003,320.19693,0.0037071996212005615,339.09493017196655,70000,,,,,,,
-434.7393,0.009914008,0.022849275,434.7492,-434.7492,0.9604871,0.10573196,90000.0,900.0,20,9000.0,7.553065,2186.7327,434.55798,27.238604,1790.5298,-1152.5289,35694.773,0.0030518128,0.101554185,0.101554185,9.984629e-05,0.0003,486.80145,0.003701562261581421,357.602746963501,75000,,,,,,,
-426.176,0.00886648,0.019765522,426.18488,-426.18488,0.91371477,0.10276629,90000.0,900.0,20,9000.0,10.364434,2192.01,425.7886,18.774038,911.506,-1505.2015,24197.738,0.0035583137,0.09389907,0.09389907,9.977873e-05,0.0003,429.28006,0.0036550371170043943,375.87793731689453,80000,,,,,,,
-434.57904,0.005954879,0.017261527,434.585,-434.585,0.9838534,0.09536536,90000.0,900.0,20,9000.0,10.390303,2192.28,434.4001,29.809494,1882.6644,-1355.2067,27133.367,0.0038032588,0.093825534,0.093825534,9.969891e-05,0.0003,420.24106,0.003708485174179077,394.4203681945801,85000,,,,,,,
-406.7123,0.006570626,0.01613041,406.71887,-406.71887,0.7856013,0.091580436,90000.0,900.0,20,9000.0,7.4132366,2191.2678,406.35544,20.653183,1073.8423,-974.15094,27460.84,0.0025283275,0.07194571,0.07194571,9.9606885e-05,0.0003,248.21234,0.0036669384956359865,412.75506567955017,90000,,,,,,,
-431.59238,0.005785647,0.01560386,431.59818,-431.59818,0.8524592,0.086536944,90000.0,900.0,20,9000.0,9.597885,2186.144,431.5771,8.327752,1068.3523,-1675.8916,23741.387,0.0021778694,0.07376921,0.07376921,9.950265e-05,0.0003,241.9284,0.003651571989059448,431.01292991638184,95000,,,,,,,
-445.29108,0.0048143757,0.016357725,445.2959,-445.2959,0.7733584,0.08504788,90000.0,900.0,20,9000.0,9.225982,2179.037,445.06793,19.885359,541.90015,-1147.4092,22547.555,0.002169415,0.06577249,0.06577249,9.938626e-05,0.0003,155.8873,0.00369369854927063,449.4814279079437,100000,,,,,,,
-453.24612,0.0066338237,0.016228233,453.25275,-453.25275,0.99037,0.080327265,90000.0,900.0,20,9000.0,14.145367,2175.7239,452.90894,14.419043,1059.0146,-981.27435,28041.51,0.0029337062,0.079553716,0.079553716,9.9257726e-05,0.0003,276.8827,0.008138622903823852,490.17454838752747,105000,,,,,,,
-415.06927,0.004645096,0.013293518,415.0739,-415.0739,0.9698541,0.07831271,90000.0,900.0,20,9000.0,9.207502,2167.5732,414.7743,5.657787,915.57623,-720.1766,23787.232,0.0017953776,0.075951904,0.075951904,9.91171e-05,0.0003,277.70535,0.0038040233612060548,509.1946711540222,110000,,,,,,,
-398.69482,0.006014112,0.014734761,398.70084,-398.70084,1.2038249,0.077627406,90000.0,900.0,20,9000.0,6.943288,2162.1226,398.48938,0.8330329,648.8576,-731.18567,28044.945,0.0024818382,0.0934498,0.0934498,9.896442e-05,0.0003,449.2967,0.0038982841968536377,528.6860992908478,115000,,,,,,,
-391.628,0.0052356487,0.017837066,391.63324,-391.63324,0.8251047,0.07562198,90000.0,900.0,20,9000.0,8.355875,2147.7349,391.64014,-6.7357316,817.2298,-638.87006,21512.203,0.002228589,0.06239605,0.06239605,9.8799705e-05,0.0003,178.29233,0.003899981641769409,548.1860129833221,120000,,,,,,,
-446.86414,0.0055324794,0.014801513,446.86966,-446.86966,0.82881457,0.072696574,90000.0,900.0,20,9000.0,11.666743,2153.562,446.56137,-14.374403,826.7847,-708.138,24687.28,0.0029849017,0.060251977,0.060251977,9.8623015e-05,0.0003,107.070435,0.003912336397171021,567.7476999759674,125000,,,,,,,
-406.67896,0.0076759933,0.013568313,406.68665,-406.68665,0.9679335,0.07188263,90000.0,900.0,20,9000.0,18.04034,2139.767,406.39514,-0.32053143,657.7425,-537.9041,28139.738,0.0016652781,0.069577605,0.069577605,9.843441e-05,0.0003,237.55981,0.003922075319290161,587.3580815792084,130000,,,,,,,
-378.9749,0.0042638048,0.013362494,378.9792,-378.9792,0.74647266,0.071238466,90000.0,900.0,20,9000.0,17.449066,2134.8455,378.60242,-7.536478,428.17014,-474.02676,19975.527,0.0018608201,0.053177565,0.053177565,9.823391e-05,0.0003,117.072235,0.003846819067001343,606.5921828746796,135000,,,,,,,
-446.05838,0.015869532,0.011667644,446.07425,-446.07425,1.1971362,0.07103231,90000.0,900.0,20,9000.0,12.6210785,2152.102,446.2948,-3.9538226,1810.614,-1061.8705,37143.055,0.0026794258,0.08503534,0.08503534,9.8021614e-05,0.0003,331.88074,0.0039074210643768315,626.1292967796326,140000,,,,,,,
-425.3129,0.011314219,0.011253485,425.32422,-425.32422,0.9149886,0.07258348,90000.0,900.0,20,9000.0,18.10265,2140.1345,425.2441,-11.560568,1261.0994,-922.97406,35074.023,0.0020373529,0.06641306,0.06641306,9.779754e-05,0.0003,190.5073,0.003917221021652222,645.7154068946838,145000,,,,,,,
-430.24884,0.008103611,0.01525485,430.25696,-430.25696,1.1853042,0.072995864,90000.0,900.0,20,9000.0,9.576232,2163.956,430.2183,-0.71168846,869.66327,-1031.8362,28274.074,0.0025863783,0.086522296,0.086522296,9.756177e-05,0.0003,358.02808,0.003923500061035156,665.3329124450684,150000,,,,,,,
-384.28406,0.01032184,0.013385309,384.29437,-384.29437,0.60797256,0.07310333,90000.0,900.0,20,9000.0,6.9051747,2135.1436,383.95972,-8.571977,1295.4724,-848.3771,26055.48,0.0018217033,0.04444482,0.04444482,9.7314376e-05,0.0003,22.624512,0.003922598838806152,684.9459116458893,155000,,,,,,,
-426.81732,0.0049010636,0.011122237,426.82224,-426.82224,0.63900656,0.07536698,90000.0,900.0,20,9000.0,6.4822063,2171.5225,426.7235,-2.9577324,456.10654,-684.1841,19584.04,0.0014732324,0.048159994,0.048159994,9.7055396e-05,0.0003,13.104828,0.0038644038200378416,704.2679359912872,160000,,,,,,,
-387.86557,0.0048687514,0.010408517,387.87045,-387.87045,0.6798501,0.07444229,90000.0,900.0,20,9000.0,4.860234,2118.7178,387.53943,0.8737203,772.1746,-584.92285,22102.762,0.0018585344,0.050609596,0.050609596,9.6784934e-05,0.0003,72.48102,0.0038956361293792726,723.7461221218109,165000,,,,,,,
-503.5748,0.009859392,0.05207835,503.58466,-503.58466,2.3594296,0.080644876,90000.0,900.0,20,9000.0,69.03631,2223.7468,503.1528,81.801765,1233.9846,-1224.7866,33599.83,0.009420658,0.19027591,0.19027591,9.6503034e-05,0.0003,1277.9447,0.003926019620895386,743.3762261867523,170000,,,,,,,
-519.36444,0.007743816,0.019492127,519.3722,-519.3722,0.8406016,0.094200574,90000.0,900.0,20,9000.0,25.46664,2255.2434,519.1136,72.18083,1028.2184,-452.86362,20353.44,0.0026357481,0.07918516,0.07918516,9.62098e-05,0.0003,218.76865,0.003932457304000854,763.0385179519653,175000,,,,,,,
-560.99084,0.005672615,0.013433345,560.9965,-560.9965,0.76740664,0.093667164,90000.0,900.0,20,9000.0,51.298676,2161.2341,559.6043,77.098885,525.56885,-585.06903,23787.086,0.0016691156,0.0718808,0.0718808,9.59053e-05,0.0003,137.23508,0.0039034857749938967,782.5559520721436,180000,,,,,,,
-547.6753,0.0042564035,0.014181578,547.67957,-547.67957,1.0944203,0.09159916,90000.0,900.0,20,9000.0,37.760887,2161.2563,546.78357,59.66554,586.218,-629.3125,26639.04,0.001996815,0.10024798,0.10024798,9.558961e-05,0.0003,392.3174,0.003923896217346191,802.1754386425018,185000,,,,,,,
-558.39087,0.006384862,0.012759107,558.3973,-558.3973,0.7538877,0.090295926,90000.0,900.0,20,9000.0,46.789795,2231.282,557.53296,43.45155,441.91638,-489.11807,24461.133,0.001987661,0.06807299,0.06807299,9.526282e-05,0.0003,101.05585,0.0037779932498931885,821.0654101371765,190000,,,,,,,
-572.8263,0.004811107,0.013876332,572.8311,-572.8311,0.61096054,0.08779462,90000.0,900.0,20,9000.0,63.98816,2204.3535,571.98395,25.735186,594.59076,-650.4791,28483.455,0.0022043022,0.053639047,0.053639047,9.4925024e-05,0.0003,-26.0867,0.003890083885192871,840.5158350467682,195000,,,,,,,
-497.11444,0.004022594,0.01014541,497.11847,-497.11847,0.74527067,0.08490927,90000.0,900.0,20,9000.0,43.405617,2114.161,495.94785,1.3741457,503.62054,-654.8332,26318.906,0.001679789,0.06328039,0.06328039,9.457632e-05,0.0003,115.81467,0.003873536491394043,859.8835229873657,200000,,,,,,,
-541.97253,0.0053687063,0.01099855,541.9779,-541.9779,0.62947637,0.08522498,90000.0,900.0,20,9000.0,23.29956,2149.4597,541.04346,-23.208874,472.41766,-419.3483,22363.203,0.0013564733,0.053647112,0.053647112,9.42168e-05,0.0003,-35.84897,0.008586001873016358,902.8135378360748,205000,,,,,,,
-512.11566,0.0064228997,0.011166931,512.1221,-512.1221,0.8477964,0.07686538,90000.0,900.0,20,9000.0,16.561842,2114.2615,511.68765,-14.831854,882.38654,-466.8157,23932.244,0.0014446786,0.06516619,0.06516619,9.384654e-05,0.0003,90.941895,0.00405543532371521,923.0907196998596,210000,,,,,,,
-575.40546,0.0043368926,0.009386961,575.4098,-575.4098,0.9095963,0.06263923,90000.0,900.0,20,9000.0,16.124073,2111.3552,574.98254,-24.412924,506.4385,-453.11066,25837.723,0.0011416744,0.05697641,0.05697641,9.346567e-05,0.0003,-46.493652,0.003986537075042725,943.0234110355377,215000,,,,,,,
-552.72595,0.0042748107,0.009859394,552.7302,-552.7302,0.82668006,0.061565734,90000.0,900.0,20,9000.0,26.521832,2099.9922,552.1157,-20.37191,364.05,-428.92978,20828.664,0.0015779302,0.050895166,0.050895166,9.30743e-05,0.0003,-68.14761,0.00404769926071167,963.261913061142,220000,,,,,,,
-498.8815,0.0050975587,0.011925572,498.8866,-498.8866,0.75287616,0.059677042,90000.0,900.0,20,9000.0,15.569219,2094.1384,498.47183,15.461269,459.31735,-491.20596,20706.828,0.0018967504,0.044929422,0.044929422,9.267249e-05,0.0003,-78.94748,0.00407619104385376,983.6428740024567,225000,,,,,,,
-566.3247,0.0033150832,0.00949804,566.328,-566.328,1.0715655,0.059037995,90000.0,900.0,20,9000.0,12.068609,2067.7666,565.89,18.194897,391.41516,-499.73874,25473.75,0.0016421739,0.06326308,0.06326308,9.2260394e-05,0.0003,15.111633,0.0040783997535705566,1004.0348784923553,230000,,,,,,,
-534.72736,0.0053091873,0.010370514,534.73267,-534.73267,1.0541713,0.058242906,90000.0,900.0,20,9000.0,10.69791,2078.8237,534.40607,3.8898253,635.9974,-461.47958,24021.625,0.0011802806,0.061398,0.061398,9.183811e-05,0.0003,28.552551,0.004081421327590942,1024.441990852356,235000,,,,,,,
-522.7547,0.0034522493,0.009555703,522.7582,-522.7582,0.8552469,0.057282973,90000.0,900.0,20,9000.0,16.920486,2079.468,522.4851,17.273922,349.98004,-354.5681,24248.24,0.0011838241,0.048991084,0.048991084,9.1405775e-05,0.0003,-64.91446,0.003991343450546265,1044.3987140655518,240000,,,,,,,
-465.73358,0.0048122853,0.011099669,465.7384,-465.7384,0.9446607,0.0548754,90000.0,900.0,20,9000.0,16.3067,2072.7551,465.24625,9.362954,1113.454,-870.06757,27106.777,0.001742301,0.051838633,0.051838633,9.0963455e-05,0.0003,17.12082,0.004048002243041992,1064.638730764389,245000,,,,,,,
-477.84512,0.0046316134,0.008636114,477.84976,-477.84976,0.8556227,0.055023696,90000.0,900.0,20,9000.0,22.186565,2071.792,477.5442,-11.177139,661.1622,-698.0873,26535.646,0.0011953311,0.047079522,0.047079522,9.051133e-05,0.0003,-31.942871,0.004089235877990723,1085.0849165916443,250000,,,,,,,
-482.28616,0.0047269124,0.009200599,482.2909,-482.2909,1.0277774,0.052370597,90000.0,900.0,20,9000.0,10.3263035,2075.482,481.84738,-12.980623,359.8032,-452.1955,23245.17,0.0016272713,0.05382532,0.05382532,9.004948e-05,0.0003,12.467987,0.004043420171737671,1105.3020222187042,255000,,,,,,,
-462.73373,0.0050787306,0.010489243,462.7388,-462.7388,0.9922033,0.05135985,90000.0,900.0,20,9000.0,10.825299,2074.4998,462.17,-8.915621,439.03745,-597.12537,23246.805,0.0018850308,0.050959416,0.050959416,8.9578054e-05,0.0003,6.726288,0.004019607400894165,1125.4000644683838,260000,,,,,,,
-498.86255,0.0041409275,0.008676592,498.8667,-498.8667,0.94201034,0.05072471,90000.0,900.0,20,9000.0,6.9444,2071.3542,498.31525,-8.3434305,462.20465,-460.87885,23051.21,0.0015233576,0.0477832,0.0477832,8.909717e-05,0.0003,-61.869354,0.003966829538345337,1145.2342178821564,265000,,,,,,,
-443.1496,0.0041166376,0.00912696,443.15372,-443.15372,1.0081496,0.05059008,90000.0,900.0,20,9000.0,9.041834,2080.5605,442.56342,1.509134,465.54614,-451.84512,22218.55,0.0011905757,0.05100237,0.05100237,8.860696e-05,0.0003,24.913544,0.004076447343826294,1165.6164643764496,270000,,,,,,,
-494.05283,0.0047263973,0.008595946,494.05756,-494.05756,1.1526866,0.050820556,90000.0,900.0,20,9000.0,6.3610396,2082.293,493.8688,-44.608303,650.2723,-527.7929,26048.115,0.0010395278,0.05858017,0.05858017,8.810758e-05,0.0003,39.529785,0.0040086943626403805,1185.6599416732788,275000,,,,,,,
-509.77744,0.00371162,0.0077773943,509.78116,-509.78116,0.986576,0.050722804,90000.0,900.0,20,9000.0,7.1265993,2082.0923,509.47296,-6.205883,607.51184,-537.25464,25478.39,0.0009253957,0.050041903,0.050041903,8.759914e-05,0.0003,-52.273712,0.003998583841323853,1205.6528656482697,280000,,,,,,,
-477.91965,0.004162933,0.0092634065,477.9238,-477.9238,1.2762227,0.05128018,90000.0,900.0,20,9000.0,12.448276,2086.671,477.91998,-12.534596,400.88638,-442.99542,25756.473,0.0009531003,0.06544493,0.06544493,8.708179e-05,0.0003,123.53302,0.003997104930877685,1225.6383955478668,285000,,,,,,,
-453.41248,0.0051408415,0.009790289,453.4176,-453.4176,0.86730236,0.05111436,90000.0,900.0,20,9000.0,8.18733,2079.0574,453.35596,-15.429288,622.6849,-567.2052,23454.191,0.0016010455,0.044331603,0.044331603,8.655565e-05,0.0003,-46.240723,0.0038695122241973875,1244.9859614372253,290000,,,,,,,
-526.89984,0.0034662487,0.0081321215,526.9033,-526.9033,0.8168745,0.050506808,90000.0,900.0,20,9000.0,9.635586,2082.251,526.3473,-11.0959215,419.74057,-426.89594,20096.535,0.0009401525,0.041257724,0.041257724,8.602091e-05,0.0003,-145.94476,0.0039738297939300535,1264.855115890503,295000,,,,,,,
-444.56866,0.004036642,0.007595455,444.5727,-444.5727,1.1380843,0.050567955,90000.0,900.0,20,9000.0,13.128733,2084.2073,443.63995,-21.62837,444.09613,-528.5082,24672.844,0.00073762453,0.057550594,0.057550594,8.547767e-05,0.0003,86.51538,0.003860488224029541,1284.1575620174408,300000,,,,,,,
-488.4754,0.004019479,0.008142672,488.47943,-488.47943,0.87348396,0.050204594,90000.0,900.0,20,9000.0,5.977418,2084.5134,488.50598,-16.591398,404.38693,-402.5568,20730.057,0.0011523393,0.04385291,0.04385291,8.49261e-05,0.0003,-87.82178,0.008676305675506592,1327.5390961170197,305000,,,,,,,
-436.7985,0.004145962,0.007995444,436.80264,-436.80264,0.9458322,0.04974418,90000.0,900.0,20,9000.0,3.7740498,2083.5408,436.6385,-17.121805,513.946,-580.19714,25887.848,0.0011103448,0.04704965,0.04704965,8.436636e-05,0.0003,-9.577606,0.00405499267578125,1347.814064502716,310000,,,,,,,
-428.98434,0.0038022841,0.008233678,428.98816,-428.98816,1.0128785,0.048641633,90000.0,900.0,20,9000.0,9.29053,2078.0564,428.74268,-24.626522,601.18317,-729.677,24925.467,0.0011804921,0.049268063,0.049268063,8.3798586e-05,0.0003,23.71875,0.004042853021621704,1368.028335094452,315000,,,,,,,
-381.03214,0.0042542126,0.009048572,381.03638,-381.03638,0.9795759,0.048175413,90000.0,900.0,20,9000.0,9.043648,2083.8716,380.85922,-13.896045,420.39844,-480.30325,24541.883,0.0010806307,0.04719147,0.04719147,8.322294e-05,0.0003,52.73474,0.004160484313964844,1388.8307621479034,320000,,,,,,,
-433.28326,0.0031301458,0.008327836,433.2864,-433.2864,1.1083308,0.049123686,90000.0,900.0,20,9000.0,8.93158,2078.4158,432.96194,-178.79573,931.66345,-497.01105,28904.43,0.0011630604,0.054445297,0.054445297,8.263957e-05,0.0003,65.655975,0.004150404405593872,1409.5827889442444,325000,,,,,,,
-420.39877,0.0036768045,0.0084842965,420.40244,-420.40244,1.0663046,0.049187515,90000.0,900.0,20,9000.0,3.960618,2082.846,420.1628,-13.320025,493.72412,-510.4475,27021.336,0.0010830257,0.05244887,0.05244887,8.2048646e-05,0.0003,55.601685,0.004109112596511841,1430.1283571720123,330000,,,,,,,
-402.37152,0.0036562835,0.008710983,402.37518,-402.37518,0.81705904,0.05070383,90000.0,900.0,20,9000.0,7.60529,2068.0076,402.3355,-18.272861,868.0342,-676.33954,23937.57,0.0013248143,0.041428022,0.041428022,8.1450344e-05,0.0003,-21.914032,0.0040555244922637936,1450.4059844017029,335000,,,,,,,
-437.43695,0.004575641,0.0075608646,437.44153,-437.44153,0.89092445,0.050036218,90000.0,900.0,20,9000.0,7.181115,2081.6917,437.3006,-22.823332,334.27368,-351.59363,21379.555,0.0011977673,0.04457849,0.04457849,8.0844795e-05,0.0003,-29.049438,0.0039983719825744625,1470.3978488445282,340000,,,,,,,
-361.30386,0.004180948,0.00721185,361.30804,-361.30804,0.8169835,0.049820505,90000.0,900.0,20,9000.0,9.95553,2068.51,361.2792,-18.223637,776.80743,-664.05585,27943.684,0.0011530708,0.04070253,0.04070253,8.0232174e-05,0.0003,14.974426,0.003993621635437011,1490.365962266922,345000,,,,,,,
-489.47656,0.0036441935,0.0073027327,489.4802,-489.4802,0.98059094,0.049849883,90000.0,900.0,20,9000.0,3.890195,2081.4255,489.45032,-22.148346,551.8155,-769.94073,25500.053,0.0009412759,0.048882343,0.048882343,7.961267e-05,0.0003,-45.645264,0.003968608665466309,1510.2090108394623,350000,,,,,,,
-428.72678,0.004797072,0.008374832,428.73157,-428.73157,1.1471506,0.049333647,90000.0,900.0,20,9000.0,5.373869,2082.1345,428.43243,-18.591953,579.4219,-418.20905,27623.04,0.001312489,0.056593124,0.056593124,7.898643e-05,0.0003,85.9852,0.004008018684387207,1530.2491097450256,355000,,,,,,,
-424.33276,0.004013249,0.0076979008,424.3368,-424.3368,0.8937332,0.049443096,90000.0,900.0,20,9000.0,4.307111,2072.067,423.94235,-25.030777,325.0079,-316.6028,21224.06,0.0013067978,0.044188935,0.044188935,7.835362e-05,0.0003,-22.325256,0.004089281845092774,1550.6955246925354,360000,,,,,,,
-420.26392,0.0040085944,0.007983822,420.2679,-420.2679,0.7497705,0.048059504,90000.0,900.0,20,9000.0,5.5893373,2078.8894,420.0857,-14.956972,350.42618,-289.78458,22304.615,0.0011749788,0.0360336,0.0360336,7.7714445e-05,0.0003,-90.37219,0.003997627592086792,1570.6836681365967,365000,,,,,,,
-375.4793,0.0029320973,0.007746485,375.48224,-375.48224,0.9555505,0.047731675,90000.0,900.0,20,9000.0,5.2237597,2079.2493,375.2767,-19.316422,374.98093,-377.81213,25690.482,0.0013123665,0.045610026,0.045610026,7.706907e-05,0.0003,40.23468,0.0039741177558898924,1590.5542619228363,370000,,,,,,,
-450.263,0.003444539,0.0070953174,450.26645,-450.26645,1.041563,0.04712365,90000.0,900.0,20,9000.0,3.9744778,2080.5664,450.04095,-14.978856,743.8024,-628.50055,25617.182,0.001012474,0.04908225,0.04908225,7.641764e-05,0.0003,-4.548279,0.0039202527523040775,1610.1555306911469,375000,,,,,,,
-396.41534,0.0038135506,0.008323259,396.41916,-396.41916,0.8884235,0.046705075,90000.0,900.0,20,9000.0,6.0183535,2079.331,396.1727,-25.304098,474.3143,-457.23972,25970.58,0.0009919177,0.041493885,0.041493885,7.5760356e-05,0.0003,-16.952026,0.003956163930892945,1629.9363551139832,380000,,,,,,,
-410.06042,0.0034055132,0.007370417,410.06384,-410.06384,1.1029763,0.044802293,90000.0,900.0,20,9000.0,3.6228833,2076.4583,409.8097,-20.785973,484.27725,-577.2312,29351.008,0.0010424327,0.04941587,0.04941587,7.50974e-05,0.0003,38.305298,0.003934130382537842,1649.6070125102997,385000,,,,,,,
-363.3892,0.0027862957,0.006482161,363.39197,-363.39197,0.8420699,0.044454705,90000.0,900.0,20,9000.0,6.173503,2080.6365,363.0166,-21.195255,408.33823,-507.87878,23950.473,0.00074075913,0.03743397,0.03743397,7.442894e-05,0.0003,-20.309967,0.003931131219863892,1669.2626740932465,390000,,,,,,,
-410.15796,0.0025435386,0.006156483,410.1605,-410.1605,0.9236305,0.04302296,90000.0,900.0,20,9000.0,4.5810337,2080.9917,409.98697,-25.112484,321.7548,-337.14334,20762.932,0.00081843574,0.039737318,0.039737318,7.375519e-05,0.0003,-47.94107,0.003996813917160034,1689.2467489242554,395000,,,,,,,
-394.5739,0.0045111007,0.006252179,394.57843,-394.57843,0.8485982,0.043720625,90000.0,900.0,20,9000.0,11.354781,2077.0234,394.5303,-22.930317,681.17706,-542.2841,27691.707,0.0009931725,0.037101243,0.037101243,7.30763e-05,0.0003,-49.307953,0.003953407144546508,1709.013789653778,400000,,,,,,,
-397.19177,0.0036621832,0.008765295,397.19543,-397.19543,0.77069664,0.042816743,90000.0,900.0,20,9000.0,6.100691,2081.951,397.13977,-22.513165,647.6284,-726.24896,26230.977,0.0018376014,0.03299872,0.03299872,7.239246e-05,0.0003,-94.10263,0.008339948558807373,1750.713536977768,405000,,,,,,,
-412.94928,0.002617959,0.007329507,412.9519,-412.9519,0.94029546,0.04159019,90000.0,900.0,20,9000.0,8.664425,2082.1965,412.63257,-22.635864,491.73126,-443.33286,22739.055,0.0009737243,0.03910707,0.03910707,7.170388e-05,0.0003,-52.321228,0.003920562696456909,1770.3163557052612,410000,,,,,,,
-458.8059,0.0029487228,0.0064231222,458.80887,-458.80887,0.94721544,0.03988395,90000.0,900.0,20,9000.0,2.8175478,2084.0645,458.81445,-25.91944,514.28064,-432.5892,24510.375,0.00067624275,0.03777869,0.03777869,7.101073e-05,0.0003,-115.98016,0.0037928727626800537,1789.2807245254517,415000,,,,,,,
-436.22403,0.0033861783,0.006186823,436.22742,-436.22742,1.0728472,0.040529978,90000.0,900.0,20,9000.0,3.7442555,2083.319,436.2365,-19.947714,504.9239,-705.2464,27030.611,0.0009520815,0.043482475,0.043482475,7.0313195e-05,0.0003,-41.13748,0.003849860048294067,1808.5300302505493,420000,,,,,,,
-371.1003,0.0027226228,0.0070174797,371.10303,-371.10303,1.1080397,0.041187514,90000.0,900.0,20,9000.0,3.6079943,2071.8518,371.02252,-24.74095,661.64465,-880.50024,30238.527,0.0008305672,0.045637403,0.045637403,6.961148e-05,0.0003,43.244324,0.003825612163543701,1827.6581008434296,425000,,,,,,,
-394.80408,0.0031113005,0.006330683,394.8072,-394.8072,0.96386033,0.041101713,90000.0,900.0,20,9000.0,5.566976,2085.8735,394.72546,-25.133596,595.5276,-665.33,24130.258,0.001047558,0.03961631,0.03961631,6.890576e-05,0.0003,-32.690308,0.0038327731609344483,1846.8219723701477,430000,,,,,,,
-363.29422,0.0033902726,0.007055777,363.2976,-363.2976,0.8083233,0.04062034,90000.0,900.0,20,9000.0,3.6646001,2085.1982,362.9679,-21.39818,484.49036,-553.0608,23211.6,0.0013457617,0.032834366,0.032834366,6.8196256e-05,0.0003,-64.1203,0.003815546464920044,1865.8997094631195,435000,,,,,,,
-430.75632,0.0023956923,0.006291854,430.75873,-430.75873,0.84289485,0.03993604,90000.0,900.0,20,9000.0,2.7896523,2086.291,430.48236,-24.034206,869.7972,-747.1273,26553.04,0.00096469704,0.033661883,0.033661883,6.748313e-05,0.0003,-125.009735,0.003774425840377808,1884.7718439102173,440000,,,,,,,
-353.70575,0.0030493606,0.0071246107,353.7088,-353.7088,1.1033707,0.039150238,90000.0,900.0,20,9000.0,2.5337582,2074.6562,353.46347,-25.059074,456.04086,-500.0942,28756.406,0.0007889694,0.043197222,0.043197222,6.67666e-05,0.0003,37.602997,0.003835663843154907,1903.9501690864563,445000,,,,,,,
-447.56088,0.002094567,0.0052302172,447.563,-447.563,0.8628628,0.039447717,90000.0,900.0,20,9000.0,2.8487332,2086.5,447.5295,-19.814217,537.6826,-650.66437,26727.473,0.00056562043,0.03403797,0.03403797,6.604685e-05,0.0003,-138.37042,0.003819619655609131,1923.0482728481293,450000,,,,,,,
-358.34067,0.003679533,0.007191882,358.34436,-358.34436,0.9316617,0.0402462,90000.0,900.0,20,9000.0,2.755413,2085.422,358.2627,-23.193043,326.67236,-366.42072,22499.748,0.00077191053,0.037495844,0.037495844,6.5324086e-05,0.0003,-18.12268,0.0038185927391052245,1942.1412415504456,455000,,,,,,,
-434.2437,0.0028549177,0.005600645,434.24658,-434.24658,0.9667102,0.039252356,90000.0,900.0,20,9000.0,2.6370926,2084.7056,434.3673,-25.783354,616.2998,-743.315,27787.906,0.0007521145,0.037945654,0.037945654,6.4598484e-05,0.0003,-90.09573,0.003821595287322998,1961.2492234706879,460000,,,,,,,
-366.12714,0.0036075118,0.0057050753,366.13074,-366.13074,0.91878974,0.03872839,90000.0,900.0,20,9000.0,4.542735,2077.0994,366.2258,-26.027494,915.5255,-1098.5354,27409.592,0.00075922353,0.035583246,0.035583246,6.387027e-05,0.0003,-41.335205,0.0037043392658233643,1979.7709243297577,465000,,,,,,,
-389.36047,0.0038665708,0.006152895,389.36435,-389.36435,0.7879836,0.03815382,90000.0,900.0,20,9000.0,2.0385735,2083.461,389.2127,-23.946379,322.50516,-281.44913,22160.72,0.0008315638,0.030064583,0.030064583,6.3139625e-05,0.0003,-116.74066,0.003734198236465454,1998.4419207572937,470000,,,,,,,
-398.41888,0.0033599716,0.0064173746,398.42224,-398.42224,1.0344009,0.03796856,90000.0,900.0,20,9000.0,3.7749064,2082.155,398.32507,-23.082182,428.76657,-551.73065,24744.889,0.0007579911,0.039274715,0.039274715,6.2406754e-05,0.0003,-41.17154,0.003786465311050415,2017.3742525577545,475000,,,,,,,
-391.87375,0.0026432872,0.005394559,391.8764,-391.8764,0.6466693,0.03826194,90000.0,900.0,20,9000.0,3.8390517,2080.928,391.86313,-23.714804,663.17615,-445.74426,24218.945,0.00049895246,0.024742821,0.024742821,6.167186e-05,0.0003,-165.3493,0.003770342779159546,2036.2259719371796,480000,,,,,,,
-360.40167,0.0032491633,0.005532793,360.4049,-360.4049,0.77514136,0.037621696,90000.0,900.0,20,9000.0,1.9948155,2075.4363,360.3516,-23.496756,562.8952,-587.72345,25206.8,0.0011627272,0.029162131,0.029162131,6.093515e-05,0.0003,-95.94769,0.003696085739135742,2054.7064061164856,485000,,,,,,,
-388.1347,0.0036934312,0.007316743,388.1384,-388.1384,1.0930598,0.037035074,90000.0,900.0,20,9000.0,1.9555111,2078.3652,387.97498,-23.223564,515.7057,-490.09354,27064.902,0.0009975074,0.040481552,0.040481552,6.0196806e-05,0.0003,-21.845215,0.00365180926322937,2072.965457201004,490000,,,,,,,
-381.50232,0.0036534488,0.0059386035,381.50598,-381.50598,0.9567743,0.036561232,90000.0,900.0,20,9000.0,1.9247853,2073.5723,381.56372,-25.267399,645.44946,-776.5427,29767.389,0.0010502808,0.03498085,0.03498085,5.945705e-05,0.0003,-64.74991,0.003714582872390747,2091.538376569748,495000,,,,,,,
-358.31415,0.0025038552,0.0058455286,358.31665,-358.31665,0.7246401,0.03628233,90000.0,900.0,20,9000.0,2.4781384,2077.221,358.20026,-23.704796,380.51773,-467.69724,22733.56,0.00075181795,0.026291631,0.026291631,5.8716072e-05,0.0003,-119.21132,0.0036912282943725584,2109.9945225715637,500000,,,,,,,
-426.2258,0.002736005,0.004999174,426.22855,-426.22855,1.126135,0.035524823,90000.0,900.0,20,9000.0,2.4338684,2076.5554,426.04092,-25.713598,955.28345,-660.216,29929.87,0.0003590803,0.040005744,0.040005744,5.7974077e-05,0.0003,-63.740234,0.008341798973083497,2151.70352268219,505000,,,,,,,
-340.1102,0.0026788802,0.005479351,340.11288,-340.11288,0.6763162,0.036352336,90000.0,900.0,20,9000.0,4.905736,2072.4827,339.77283,-24.646559,623.7662,-543.0316,23705.61,0.00045325243,0.024585674,0.024585674,5.7231267e-05,0.0003,-113.93341,0.00391140627861023,2171.2605590820312,510000,,,,,,,
-355.7366,0.002720515,0.005420139,355.73932,-355.73932,1.1286674,0.036806405,90000.0,900.0,20,9000.0,4.0122166,2073.247,355.35876,-27.042921,1246.0388,-1634.6953,35459.79,0.00037673782,0.041542187,0.041542187,5.6487854e-05,0.0003,22.155304,0.0038361546516418456,2190.441337585449,515000,,,,,,,
-388.71326,0.0032186497,0.0056560105,388.71646,-388.71646,1.1028769,0.035854053,90000.0,900.0,20,9000.0,3.0828772,2072.1318,388.63007,-24.665672,564.82367,-503.05243,29247.5,0.0007443759,0.039542608,0.039542608,5.574403e-05,0.0003,-29.746887,0.0038996814250946044,2209.9397501945496,520000,,,,,,,
-409.8312,0.00344978,0.0059836586,409.83466,-409.83466,1.1579684,0.0371658,90000.0,900.0,20,9000.0,1.8467209,2073.5327,409.80185,-24.471636,628.3359,-487.35657,30535.094,0.0007216858,0.04303682,0.04303682,5.5000004e-05,0.0003,-20.653137,0.0038606819152832033,2229.243165254593,525000,,,,,,,
-387.3105,0.003199243,0.004709739,387.3137,-387.3137,0.87252665,0.037101883,90000.0,900.0,20,9000.0,3.9606743,2073.2175,387.13745,-26.239794,602.16547,-751.28534,27239.738,0.00055945176,0.03237238,0.03237238,5.4255972e-05,0.0003,-91.99838,0.003871661949157715,2248.60148024559,530000,,,,,,,
-367.53885,0.002734811,0.004977848,367.5416,-367.5416,0.82485354,0.036785718,90000.0,900.0,20,9000.0,3.920935,2072.3704,367.20465,-25.915077,468.9652,-482.02893,25088.299,0.00055721146,0.030342828,0.030342828,5.3512147e-05,0.0003,-90.53247,0.0038966597080230714,2268.084783554077,535000,,,,,,,
-382.9207,0.0027623062,0.0043952,382.92346,-382.92346,0.71904993,0.036019538,90000.0,900.0,20,9000.0,5.0764074,2069.5945,382.84003,-25.97772,484.3208,-458.514,23493.406,0.00032199133,0.025899846,0.025899846,5.276873e-05,0.0003,-144.74565,0.003785856866836548,2287.0140731334686,540000,,,,,,,
-333.03784,0.002478365,0.004535246,333.0403,-333.0403,0.5403447,0.035555985,90000.0,900.0,20,9000.0,3.8900337,2069.3066,332.71265,-20.47468,393.85516,-367.94705,19537.195,0.0007521172,0.019212488,0.019212488,5.2025924e-05,0.0003,-156.2354,0.003871845054626465,2306.373306751251,545000,,,,,,,
-361.17896,0.0026935427,0.005385645,361.18164,-361.18164,0.7488046,0.034278892,90000.0,900.0,20,9000.0,2.6351068,2072.152,361.11743,-26.832174,411.78696,-525.70184,21685.137,0.0013208607,0.025668193,0.025668193,5.1283936e-05,0.0003,-127.53012,0.003872375774383545,2325.7351899147034,550000,,,,,,,
-370.48648,0.0028373252,0.0049173846,370.48932,-370.48932,0.8339855,0.032986026,90000.0,900.0,20,9000.0,1.8913555,2071.0803,370.14185,-25.820246,469.27457,-379.88126,27513.836,0.0006573681,0.027509866,0.027509866,5.0542945e-05,0.0003,-121.00633,0.0038701776504516602,2345.0860826969147,555000,,,,,,,
-407.66058,0.00268529,0.0046799458,407.66327,-407.66327,0.9742841,0.032986857,90000.0,900.0,20,9000.0,2.7322822,2071.4185,407.39453,-25.397945,409.95654,-461.99725,26597.45,0.0006889435,0.03213857,0.03213857,4.9803188e-05,0.0003,-115.68118,0.003857956600189209,2364.3758709430695,560000,,,,,,,
-386.89453,0.0030645912,0.005838226,386.89758,-386.89758,0.8496796,0.031821482,90000.0,900.0,20,9000.0,2.8260856,2071.1177,386.72925,-24.641024,577.33655,-574.4083,26568.215,0.0007912494,0.027038064,0.027038064,4.9064853e-05,0.0003,-140.72588,0.003817300510406494,2383.4623799324036,565000,,,,,,,
-408.2574,0.002911553,0.0047384496,408.26028,-408.26028,1.126925,0.031353414,90000.0,900.0,20,9000.0,3.8716836,2069.7644,408.29837,-24.934845,571.2317,-724.6945,32917.555,0.00061317685,0.035332948,0.035332948,4.8328133e-05,0.0003,-86.38919,0.0038524097442626955,2402.724433660507,570000,,,,,,,
-405.92392,0.0028143951,0.0048432034,405.92673,-405.92673,0.90998155,0.030778745,90000.0,900.0,20,9000.0,3.4458218,2068.948,405.92358,-26.296192,1138.7183,-925.39185,32454.049,0.00084981695,0.028008092,0.028008092,4.7593247e-05,0.0003,-150.40526,0.0038472729206085205,2421.960803747177,575000,,,,,,,
-331.18573,0.0035161371,0.0053327363,331.18924,-331.18924,0.8985779,0.031205585,90000.0,900.0,20,9000.0,2.7429326,2067.0938,331.07556,-26.062593,616.3361,-882.8093,30212.088,0.000465384,0.028040651,0.028040651,4.686038e-05,0.0003,-76.07695,0.003846378755569458,2441.192702770233,580000,,,,,,,
-397.71164,0.0020423206,0.006588313,397.71368,-397.71368,0.7623135,0.031598967,90000.0,900.0,20,9000.0,4.202029,2067.6343,397.5039,-25.474842,456.93915,-419.43088,24915.414,0.000891764,0.024088318,0.024088318,4.612974e-05,0.0003,-176.71475,0.0038009531021118165,2460.197473049164,585000,,,,,,,
-377.97577,0.0033504057,0.0048742024,377.97913,-377.97913,1.0703286,0.031987503,90000.0,900.0,20,9000.0,1.7658985,2066.894,377.98334,-25.729532,611.5982,-527.91205,33836.21,0.00066131126,0.03423714,0.03423714,4.540152e-05,0.0003,-68.07562,0.0037546575546264648,2478.970765352249,590000,,,,,,,
-378.75516,0.0027832282,0.0040507787,378.75793,-378.75793,0.85340405,0.031891264,90000.0,900.0,20,9000.0,1.9152274,2064.5737,378.70984,-26.853365,383.35495,-475.69696,27821.027,0.0007248826,0.027216133,0.027216133,4.467592e-05,0.0003,-131.89474,0.0037994849681854247,2497.968195438385,595000,,,,,,,
-402.2156,0.0026680112,0.0048745275,402.21826,-402.21826,1.0465202,0.030908236,90000.0,900.0,20,9000.0,2.1884842,2066.0608,402.0429,-24.07603,536.40155,-736.9374,31904.29,0.0004541141,0.032346096,0.032346096,4.3953154e-05,0.0003,-108.91226,0.003778449010848999,2516.860445022583,600000,,,,,,,
-384.0288,0.0025731358,0.0054062884,384.03137,-384.03137,0.7980211,0.03156447,90000.0,900.0,20,9000.0,2.0418615,2065.1497,383.94165,-25.458075,399.12784,-396.99606,24914.541,0.001377136,0.025189113,0.025189113,4.3233405e-05,0.0003,-155.28493,0.00822941493988037,2558.0075244903564,605000,,,,,,,
-397.166,0.0023008625,0.0055522453,397.16827,-397.16827,1.2315637,0.03170627,90000.0,900.0,20,9000.0,2.49441,2065.2783,396.92102,-24.56009,497.08737,-479.76114,29673.861,0.00046730577,0.03904829,0.03904829,4.251687e-05,0.0003,-43.23694,0.003806087636947632,2577.037968158722,610000,,,,,,,
-387.1224,0.002762004,0.0045866054,387.12518,-387.12518,0.8061112,0.031187547,90000.0,900.0,20,9000.0,1.7656399,2064.7239,386.98007,-25.899641,860.6236,-555.39215,27350.799,0.00046960672,0.025140632,0.025140632,4.1803753e-05,0.0003,-159.0911,0.0037548495292663575,2595.812221288681,615000,,,,,,,
-340.88864,0.0038411962,0.004377446,340.8925,-340.8925,1.2783844,0.030991485,90000.0,900.0,20,9000.0,1.9274164,2063.583,340.70798,-26.259563,752.9598,-908.12897,30764.576,0.0008035761,0.039619036,0.039619036,4.1094238e-05,0.0003,17.610107,0.003840964651107788,2615.0170493125916,620000,,,,,,,
-336.85565,0.0025177272,0.0045280117,336.8582,-336.8582,0.9921461,0.031234741,90000.0,900.0,20,9000.0,1.6466191,2059.906,336.7657,-26.658365,618.4826,-518.41,29248.986,0.00072338316,0.030989425,0.030989425,4.0388528e-05,0.0003,-56.30423,0.003798385763168335,2634.0089836120605,625000,,,,,,,
-340.63742,0.0029580034,0.0058356193,340.64038,-340.64038,1.0278097,0.03095375,90000.0,900.0,20,9000.0,1.7994138,2062.3308,340.60345,-26.875156,608.07715,-692.2773,29701.707,0.00077669113,0.031814568,0.031814568,3.9686805e-05,0.0003,-52.506897,0.0037963912010192872,2652.9909443855286,630000,,,,,,,
-351.1535,0.0025090065,0.003951767,351.156,-351.156,0.6587062,0.031089341,90000.0,900.0,20,9000.0,1.575438,2058.4172,351.16235,-26.641565,377.50162,-485.00067,22832.023,0.0005728133,0.020478742,0.020478742,3.8989278e-05,0.0003,-165.26938,0.0037299983978271484,2671.64094209671,635000,,,,,,,
-395.87103,0.0026232195,0.0035208813,395.87366,-395.87366,0.85044473,0.031101113,90000.0,900.0,20,9000.0,1.4646876,2062.5837,395.86652,-26.91444,844.50323,-644.93585,29421.422,0.000758092,0.026449777,0.026449777,3.8296123e-05,0.0003,-156.35835,0.00378336501121521,2690.5577721595764,640000,,,,,,,
-368.63983,0.0025719798,0.004677135,368.6424,-368.6424,0.8671816,0.029717121,90000.0,900.0,20,9000.0,2.7694507,2065.751,368.51718,-26.772251,731.8936,-1008.6882,26980.975,0.0005943717,0.02577014,0.02577014,3.7607537e-05,0.0003,-133.93912,0.003754479742050171,2709.3301758766174,645000,,,,,,,
-380.97784,0.0027485169,0.0046721953,380.9806,-380.9806,0.6953876,0.02960614,90000.0,900.0,20,9000.0,1.290696,2066.5479,380.91034,-26.271166,731.41077,-559.8623,27619.318,0.00047420597,0.020587742,0.020587742,3.692371e-05,0.0003,-194.39745,0.003740110492706299,2728.0307331085205,650000,,,,,,,
-354.16226,0.0024913428,0.0035027661,354.16476,-354.16476,0.9006309,0.028664658,90000.0,900.0,20,9000.0,1.7967525,2066.535,354.03918,-27.565208,494.70575,-402.6101,24802.898,0.00031321798,0.025816277,0.025816277,3.6244823e-05,0.0003,-120.01901,0.003809670162200928,2747.0790889263153,655000,,,,,,,
-312.56393,0.0025802166,0.0041057724,312.56653,-312.56653,1.13511,0.028650949,90000.0,900.0,20,9000.0,1.6882501,2063.0044,312.49268,-26.324696,900.68945,-1026.2195,34477.984,0.0004305988,0.032521978,0.032521978,3.5571058e-05,0.0003,-18.177856,0.0037393181324005126,2765.7756843566895,660000,,,,,,,
-393.1618,0.0032998074,0.0047998764,393.1651,-393.1651,1.0362618,0.028200865,90000.0,900.0,20,9000.0,1.869976,2062.6492,393.01175,-25.265182,738.60077,-671.052,32955.76,0.0006277172,0.029223476,0.029223476,3.490261e-05,0.0003,-128.28055,0.003791945219039917,2784.735415697098,665000,,,,,,,
-340.04428,0.0028953962,0.0051336507,340.04718,-340.04718,1.3826032,0.028026337,90000.0,900.0,20,9000.0,1.4623338,2059.0461,339.88568,-27.155107,602.10736,-491.16068,36897.35,0.0007311794,0.0387493,0.0387493,3.4239645e-05,0.0003,10.161774,0.0037900795459747316,2803.6858179569244,670000,,,,,,,
-383.59015,0.0021090263,0.0036987707,383.59225,-383.59225,0.9730232,0.028347356,90000.0,900.0,20,9000.0,1.057823,2056.3901,383.54245,-26.863186,575.7414,-755.84485,29272.363,0.00077770115,0.027582636,0.027582636,3.3582368e-05,0.0003,-134.28859,0.003795308017730713,2822.662367582321,675000,,,,,,,
-343.63828,0.0033458383,0.0042194547,343.64163,-343.64163,1.2292397,0.028894404,90000.0,900.0,20,9000.0,2.1565828,2055.7468,343.4781,-26.303373,1127.5555,-1019.95294,43586.35,0.0005337347,0.03551815,0.03551815,3.2930948e-05,0.0003,-21.818329,0.0038090622425079345,2841.7076835632324,680000,,,,,,,
-407.82956,0.002901662,0.0039579384,407.83246,-407.83246,1.0042526,0.029023498,90000.0,900.0,20,9000.0,1.394289,2054.9797,407.2264,-25.683031,952.12634,-848.5809,33192.746,0.0006378555,0.029146923,0.029146923,3.228555e-05,0.0003,-144.11298,0.0037297621726989747,2860.3565003871918,685000,,,,,,,
-356.6622,0.0028883277,0.00455148,356.6651,-356.6651,0.7946348,0.028773382,90000.0,900.0,20,9000.0,1.2757351,2054.4275,356.53815,-27.017666,421.21976,-380.0909,26449.799,0.0004092786,0.02286433,0.02286433,3.1646374e-05,0.0003,-149.6075,0.003779859972000122,2879.2558047771454,690000,,,,,,,
-331.1213,0.0027114337,0.004616249,331.12402,-331.12402,0.94821864,0.02887762,90000.0,900.0,20,9000.0,1.2826664,2053.1377,330.98584,-27.378967,655.7251,-871.79047,30045.418,0.00060034374,0.027382296,0.027382296,3.1013573e-05,0.0003,-83.397995,0.0037305941104888917,2897.908779859543,695000,,,,,,,
-343.8891,0.0025113458,0.0049426416,343.8916,-343.8916,0.8149185,0.029355979,90000.0,900.0,20,9000.0,2.0544856,2052.0571,343.71017,-25.473465,499.49847,-648.3142,26588.312,0.000473526,0.023922728,0.023922728,3.0387337e-05,0.0003,-126.530075,0.0037233189582824705,2916.5253796577454,700000,,,,,,,
-354.38382,0.0029215636,0.0036497791,354.38675,-354.38675,0.96496785,0.028288016,90000.0,900.0,20,9000.0,1.5837843,2051.6616,354.36,-26.54591,898.80615,-752.7811,31311.883,0.00039366874,0.027297026,0.027297026,2.9767822e-05,0.0003,-107.126816,0.008185899639129638,2957.4548828601837,705000,,,,,,,
-354.43985,0.0025569391,0.0038591498,354.4424,-354.4424,0.85371965,0.027986327,90000.0,900.0,20,9000.0,1.3502767,2051.2917,354.28677,-26.188099,609.19916,-605.91833,27601.043,0.00043988522,0.023892477,0.023892477,2.9155208e-05,0.0003,-138.05728,0.0037630707263946535,2976.270242214203,710000,,,,,,,
-387.5457,0.0021057613,0.0046520904,387.5478,-387.5478,0.8108668,0.02690526,90000.0,900.0,20,9000.0,1.3365757,2048.903,387.42957,-26.619928,444.45288,-397.25922,23356.887,0.0005279145,0.021816581,0.021816581,2.8549664e-05,0.0003,-189.85988,0.0038713508129119873,2995.6270010471344,715000,,,,,,,
-289.8353,0.0030529243,0.004853139,289.83835,-289.83835,1.0149574,0.026284946,90000.0,900.0,20,9000.0,1.5881851,2046.296,289.79938,-25.607363,569.3325,-669.60126,30095.984,0.0006174624,0.0266781,0.0266781,2.7951346e-05,0.0003,-48.144196,0.00384695463180542,3014.8617799282074,720000,,,,,,,
-383.0101,0.0025127323,0.0034577982,383.0126,-383.0126,1.0554768,0.026313681,90000.0,900.0,20,9000.0,1.4052353,2041.3273,382.84283,-26.635855,767.37714,-746.13,33263.836,0.0004897475,0.027773479,0.027773479,2.736043e-05,0.0003,-131.64355,0.0038629237174987795,3034.1764035224915,725000,,,,,,,
-337.6968,0.0022854311,0.003483424,337.6991,-337.6991,0.6410081,0.026072536,90000.0,900.0,20,9000.0,1.6443799,2036.5197,337.598,-25.268618,536.9637,-438.0384,25015.934,0.00043252518,0.016712707,0.016712707,2.6777061e-05,0.0003,-185.63808,0.003782048559188843,3053.0866515636444,730000,,,,,,,
-339.00345,0.002663798,0.0037213091,339.0061,-339.0061,0.94871867,0.025599657,90000.0,900.0,20,9000.0,1.08955,2031.6107,338.975,-26.444696,759.95514,-1172.5217,32618.004,0.0006121537,0.024286874,0.024286874,2.6201416e-05,0.0003,-119.33205,0.003834366846084595,3072.258495092392,735000,,,,,,,
-351.92178,0.0028456901,0.0037518472,351.92462,-351.92462,0.76202905,0.02484337,90000.0,900.0,20,9000.0,1.2621499,2024.0181,351.8471,-26.042656,452.1942,-494.76166,26882.018,0.00036598853,0.01893137,0.01893137,2.5633639e-05,0.0003,-180.2773,0.00381625018119812,3091.33975148201,740000,,,,,,,
-380.2987,0.002333508,0.0036977339,380.30103,-380.30103,1.2463825,0.025141453,90000.0,900.0,20,9000.0,2.9681406,2032.0555,380.05942,-25.818146,1318.3615,-811.7254,32188.633,0.0007842133,0.031335868,0.031335868,2.5073889e-05,0.0003,-95.30777,0.003812038803100586,3110.3999497890472,745000,,,,,,,
-352.9828,0.002433714,0.003717022,352.98523,-352.98523,1.1226225,0.024636153,90000.0,900.0,20,9000.0,0.9825274,2038.4075,352.8875,-27.133545,897.6787,-1015.6865,35251.55,0.000742301,0.027657099,0.027657099,2.4522331e-05,0.0003,-103.08638,0.003815800380706787,3129.4789564609528,750000,,,,,,,
-346.26144,0.0019699016,0.0034520265,346.26343,-346.26343,0.5392245,0.02504806,90000.0,900.0,20,9000.0,1.2323966,2034.6833,346.21817,-26.77704,766.37366,-932.85754,29480.879,0.00040763864,0.013506528,0.013506528,2.3979092e-05,0.0003,-223.4703,0.003753910732269287,3148.2485151290894,755000,,,,,,,
-408.42117,0.0023689703,0.002717252,408.42355,-408.42355,0.7469907,0.025760686,90000.0,900.0,20,9000.0,1.2446884,2037.8081,408.28735,-28.095276,609.51154,-490.9673,24949.898,0.0003061123,0.01924299,0.01924299,2.3444345e-05,0.0003,-233.98956,0.0038134992122650147,3167.3160157203674,760000,,,,,,,
-319.06656,0.0025782078,0.0036027809,319.06912,-319.06912,1.0173076,0.024025368,90000.0,900.0,20,9000.0,1.0232775,2025.0712,318.9988,-26.949368,554.16907,-650.24506,31275.688,0.00046333633,0.02444119,0.02444119,2.2918219e-05,0.0003,-98.07257,0.0038034623622894286,3186.3333320617676,765000,,,,,,,
-325.3304,0.0023756556,0.0029036377,325.3328,-325.3328,0.6900199,0.024097381,90000.0,900.0,20,9000.0,1.1331567,2027.1711,325.28632,-26.418318,781.2367,-1060.0303,30097.994,0.00047716807,0.016627673,0.016627673,2.2400869e-05,0.0003,-174.5482,0.003814993143081665,3205.408302307129,770000,,,,,,,
-389.6317,0.001724809,0.0029206888,389.63345,-389.63345,0.6210598,0.023822863,90000.0,900.0,20,9000.0,1.1390978,2035.0665,389.4242,-25.360512,345.7188,-388.89337,22086.695,0.00052544003,0.014795423,0.014795423,2.1892429e-05,0.0003,-255.33382,0.0037577428817749023,3224.197021484375,775000,,,,,,,
-401.1093,0.002074989,0.00400461,401.1114,-401.1114,1.1265649,0.02335059,90000.0,900.0,20,9000.0,0.98975825,2032.5708,401.0946,-25.630655,1534.8408,-1317.6234,40266.664,0.00040423844,0.026305953,0.026305953,2.1393029e-05,0.0003,-163.366,0.0038495104789733887,3243.444578886032,780000,,,,,,,
-290.60837,0.0029535668,0.0033953863,290.61133,-290.61133,0.7565737,0.02270087,90000.0,900.0,20,9000.0,0.7541361,2034.2861,290.55267,-27.71189,373.69348,-299.61368,21247.457,0.00034314042,0.017174881,0.017174881,2.0902831e-05,0.0003,-135.28029,0.003829517316818237,3262.5921700000763,785000,,,,,,,
-331.52893,0.0023405366,0.0029201673,331.53128,-331.53128,0.7952225,0.022619128,90000.0,900.0,20,9000.0,1.1880833,2030.9535,331.46326,-30.413307,511.32205,-489.28864,31287.102,0.00046917752,0.01798724,0.01798724,2.0421947e-05,0.0003,-168.45569,0.0038240285396575926,3281.71231675148,790000,,,,,,,
-379.22968,0.0021293084,0.004412546,379.2318,-379.2318,1.1746244,0.02226918,90000.0,900.0,20,9000.0,1.793342,2032.3643,379.0115,-26.055721,801.01746,-877.9956,36992.734,0.00060627813,0.026157925,0.026157925,1.9950523e-05,0.0003,-142.01501,0.003737271547317505,3300.3986790180206,795000,,,,,,,
-361.55853,0.0026256777,0.0033742979,361.56116,-361.56116,1.1881384,0.022092322,90000.0,900.0,20,9000.0,2.0003746,2032.5221,361.4112,-26.738237,977.91846,-1203.7529,34260.3,0.00041074466,0.026248734,0.026248734,1.9488682e-05,0.0003,-123.31955,0.003701343822479248,3318.9054028987885,800000,,,,,,,
-373.60965,0.0017520413,0.0031462028,373.6114,-373.6114,1.0325853,0.022144603,90000.0,900.0,20,9000.0,1.1911519,2032.1915,373.52823,-27.381569,457.5669,-473.62384,27911.836,0.00038995483,0.02286619,0.02286619,1.9036543e-05,0.0003,-166.62279,0.008202219295501708,3359.9165048599243,805000,,,,,,,
-372.40784,0.0020039028,0.0039781453,372.40985,-372.40985,0.86358464,0.02228403,90000.0,900.0,20,9000.0,1.001812,2031.9404,372.2752,-25.993288,815.48846,-1028.9276,29870.434,0.00035296674,0.019244147,0.019244147,1.859424e-05,0.0003,-198.20871,0.003765378665924072,3378.7434029579163,810000,,,,,,,
-379.40768,0.0021666589,0.0026828249,379.40985,-379.40985,1.0466111,0.022661908,90000.0,900.0,20,9000.0,1.0794661,2019.9863,379.3703,-27.498123,1488.5868,-1174.8214,41031.457,0.00038710845,0.023718202,0.023718202,1.8161878e-05,0.0003,-164.8644,0.0037070099353790284,3397.2784576416016,815000,,,,,,,
-355.26642,0.002147054,0.0026896868,355.26855,-355.26855,0.76603055,0.022325538,90000.0,900.0,20,9000.0,1.0488213,2029.7075,355.19873,-27.655388,902.40753,-758.2877,33900.61,0.0003125987,0.017102044,0.017102044,1.7739603e-05,0.0003,-200.2992,0.0036954496860504152,3415.755711555481,820000,,,,,,,
-365.72018,0.0022329066,0.003558321,365.7224,-365.7224,1.2804058,0.022235354,90000.0,900.0,20,9000.0,0.97809196,2028.7701,365.6324,-27.520576,470.75284,-537.0449,30316.281,0.0006879268,0.028470276,0.028470276,1.7327511e-05,0.0003,-108.50961,0.003817176580429077,3434.841599225998,825000,,,,,,,
-343.26892,0.002704932,0.0036844343,343.27164,-343.27164,0.9395277,0.022631362,90000.0,900.0,20,9000.0,1.0410681,2029.1693,343.23032,-28.126907,684.19434,-612.1397,29678.57,0.00058018486,0.021262791,0.021262791,1.6925713e-05,0.0003,-150.86273,0.0037937420845031737,3453.810314655304,830000,,,,,,,
-392.68515,0.0023637037,0.0031904378,392.6875,-392.6875,0.7029777,0.022437546,90000.0,900.0,20,9000.0,1.0259447,2028.9963,392.5693,-27.62066,564.3033,-747.5117,30972.324,0.00058432017,0.015773095,0.015773095,1.653433e-05,0.0003,-249.70135,0.0038002807140350343,3472.8117241859436,835000,,,,,,,
-309.39938,0.002844161,0.0034808146,309.40222,-309.40222,0.7123234,0.021335362,90000.0,900.0,20,9000.0,1.3215905,2005.8119,309.26675,-27.495867,393.26617,-505.07196,22201.006,0.0004451194,0.015197678,0.015197678,1.6153459e-05,0.0003,-171.29869,0.0037862654209136963,3491.7430562973022,840000,,,,,,,
-361.1304,0.0019865106,0.0027241718,361.1324,-361.1324,0.80349743,0.02085052,90000.0,900.0,20,9000.0,0.74261177,2028.128,361.09576,-27.283318,696.909,-570.65955,25887.709,0.00045624757,0.01675334,0.01675334,1.5783213e-05,0.0003,-209.60773,0.003745946931838989,3510.47279548645,845000,,,,,,,
-366.45413,0.0022992932,0.004244437,366.45642,-366.45642,1.270546,0.020486465,90000.0,900.0,20,9000.0,0.9605911,2027.1257,366.47397,-27.58398,817.1692,-765.04376,35031.367,0.0005327253,0.026028994,0.026028994,1.542368e-05,0.0003,-131.23257,0.0037940494060516358,3529.4430475234985,850000,,,,,,,
-380.18854,0.002411237,0.0036892614,380.19095,-380.19095,0.94843763,0.020533158,90000.0,900.0,20,9000.0,1.1239324,2022.6726,380.0928,-27.87739,654.7231,-664.0172,31185.176,0.00030142735,0.019474419,0.019474419,1.5074969e-05,0.0003,-203.79483,0.0038047901153564455,3548.467003107071,855000,,,,,,,
-323.84027,0.001894224,0.0031517697,323.84216,-323.84216,0.6882103,0.020990489,90000.0,900.0,20,9000.0,1.2214118,2021.2828,323.81506,-27.52742,576.6836,-551.4188,28107.24,0.00058767304,0.014445871,0.014445871,1.4737181e-05,0.0003,-192.60603,0.003806850337982178,3567.501260280609,860000,,,,,,,
-296.51517,0.002722038,0.0038754586,296.51788,-296.51788,1.4017725,0.020158963,90000.0,900.0,20,9000.0,0.8486446,2015.8357,296.47528,-27.466784,665.91956,-650.79114,32567.229,0.00038418462,0.028258279,0.028258279,1.4410394e-05,0.0003,-41.342026,0.003742685604095459,3586.214693546295,865000,,,,,,,
-370.7501,0.0022486304,0.003648934,370.75235,-370.75235,1.4357717,0.019504586,90000.0,900.0,20,9000.0,0.84257495,2016.0135,370.63705,-28.09101,897.17285,-961.90247,34480.258,0.00063576613,0.028004132,0.028004132,1.4094706e-05,0.0003,-117.870346,0.003811402940750122,3605.2717134952545,870000,,,,,,,
-286.58984,0.0025340281,0.003810077,286.59238,-286.59238,1.7416248,0.019526562,90000.0,900.0,20,9000.0,0.85644865,2018.4298,286.51837,-27.371052,894.7139,-823.2061,37585.54,0.00030358066,0.034007944,0.034007944,1.37902e-05,0.0003,20.338104,0.003810461759567261,3624.324026823044,875000,,,,,,,
-377.45377,0.0016098282,0.003009625,377.45538,-377.45538,1.0093052,0.019391967,90000.0,900.0,20,9000.0,0.8617953,2020.5762,377.37204,-27.781473,1026.6526,-1347.2958,32697.291,0.00045925216,0.019572414,0.019572414,1.3496962e-05,0.0003,-200.44025,0.0038104609966278075,3643.3763370513916,880000,,,,,,,
-324.555,0.0029886437,0.003458369,324.55798,-324.55798,0.7138816,0.020244814,90000.0,900.0,20,9000.0,0.9770802,2015.9604,324.50946,-27.824217,605.5112,-384.9467,23576.162,0.00043646435,0.014452402,0.014452402,1.3215067e-05,0.0003,-193.5063,0.00378352689743042,3662.293976545334,885000,,,,,,,
-346.8158,0.0024463818,0.0036818,346.81824,-346.81824,1.2795023,0.019890826,90000.0,900.0,20,9000.0,0.8525892,2015.8046,346.864,-27.521173,410.87778,-446.1621,25808.668,0.00034256323,0.025450358,0.025450358,1.2944596e-05,0.0003,-116.90997,0.0037528053283691406,3681.0580084323883,890000,,,,,,,
-319.09894,0.0025351888,0.0031104737,319.10147,-319.10147,0.84960335,0.02054978,90000.0,900.0,20,9000.0,0.7398716,2026.4515,319.05136,-27.977371,426.97192,-548.5952,26408.086,0.00023752791,0.017459162,0.017459162,1.26856285e-05,0.0003,-161.22661,0.0037374671936035156,3699.745348930359,895000,,,,,,,
-332.1756,0.0024994344,0.0033874915,332.1781,-332.1781,1.2172961,0.0204984,90000.0,900.0,20,9000.0,1.0801997,2026.9865,331.97552,-27.804161,643.7492,-671.26,35492.234,0.00035453265,0.024952624,0.024952624,1.2438221e-05,0.0003,-106.52179,0.003717399549484253,3718.332351207733,900000,,,,,,,
-330.06522,0.0024589675,0.0028318935,330.0677,-330.0677,1.029342,0.021270422,90000.0,900.0,20,9000.0,0.73711836,2015.3525,329.95212,-27.774694,559.1793,-738.3466,27951.836,0.00019085793,0.02189454,0.02189454,1.22024585e-05,0.0003,-132.27722,0.00825480661392212,3759.6063890457153,905000,,,,,,,
-302.66602,0.0024512913,0.003961942,302.66846,-302.66846,1.2406965,0.021025045,90000.0,900.0,20,9000.0,1.209893,2026.2081,302.7553,-27.33864,594.3655,-519.18976,30772.719,0.00068659935,0.0260857,0.0260857,1.1978389e-05,0.0003,-66.684814,0.003768727922439575,3778.450033187866,910000,,,,,,,
-297.36118,0.002305402,0.0034127603,297.3635,-297.3635,1.5627264,0.020500986,90000.0,900.0,20,9000.0,1.0206246,2019.3125,297.25903,-28.050793,706.9884,-550.3028,32582.29,0.00071096834,0.032037433,0.032037433,1.1766084e-05,0.0003,-8.003632,0.0038096635818481443,3797.498356819153,915000,,,,,,,
-371.4744,0.0023078546,0.0032057562,371.4767,-371.4767,1.0532658,0.02092291,90000.0,900.0,20,9000.0,0.74062395,2012.395,371.44055,-27.345066,1276.1399,-1714.1747,42599.1,0.00026383912,0.022037387,0.022037387,1.1565597e-05,0.0003,-172.39728,0.003831062078475952,3816.6536722183228,920000,,,,,,,
-312.03528,0.002502609,0.0026771105,312.03778,-312.03778,1.1829865,0.020704718,90000.0,900.0,20,9000.0,0.90730953,2013.6267,311.95197,-28.814894,701.1938,-782.90063,34154.586,0.0004559788,0.024493404,0.024493404,1.1376989e-05,0.0003,-90.68733,0.0038473054885864257,3835.890204668045,925000,,,,,,,
-339.3618,0.0026955009,0.0033342852,339.36447,-339.36447,0.6922618,0.020918015,90000.0,900.0,20,9000.0,0.6719748,2014.2504,339.28256,-27.499043,580.9582,-521.745,25041.045,0.0006895245,0.014480743,0.014480743,1.1200302e-05,0.0003,-208.36313,0.0038351458072662355,3855.065938472748,930000,,,,,,,
-362.93503,0.002422423,0.0036421146,362.93744,-362.93744,1.1369131,0.020052932,90000.0,900.0,20,9000.0,0.60009885,2025.7137,362.84613,-27.53164,521.5399,-460.25903,28323.008,0.0004224299,0.02279844,0.02279844,1.103559e-05,0.0003,-157.14897,0.0037299013614654542,3873.7154500484467,935000,,,,,,,
-296.6249,0.0024270408,0.0034376543,296.62735,-296.62735,1.4477626,0.019253237,90000.0,900.0,20,9000.0,0.6508161,2016.6578,296.59424,-27.747446,489.93887,-386.58603,29706.559,0.0006285898,0.027874116,0.027874116,1.0882903e-05,0.0003,-45.10704,0.0037106900215148927,3892.268905878067,940000,,,,,,,
-355.79828,0.002393362,0.002916929,355.80066,-355.80066,1.3683244,0.019813893,90000.0,900.0,20,9000.0,0.5003655,2026.4097,355.72498,-27.477415,793.9543,-613.8803,36030.8,0.0004237466,0.027111834,0.027111834,1.0742272e-05,0.0003,-111.29141,0.00375042986869812,3911.021059989929,945000,,,,,,,
-356.83072,0.0020321426,0.0024188515,356.83276,-356.83276,0.7930801,0.020290175,90000.0,900.0,20,9000.0,0.5375355,2021.4221,356.55865,-27.84835,993.8442,-941.15857,34602.246,0.00023274723,0.016091734,0.016091734,1.061374e-05,0.0003,-211.46758,0.0037372379302978514,3929.70725440979,950000,,,,,,,
-338.74915,0.0021900195,0.002933967,338.75134,-338.75134,0.6364526,0.020968683,90000.0,900.0,20,9000.0,0.5243206,2027.189,338.68927,-27.684809,804.0461,-943.497,33233.293,0.00033467857,0.013345573,0.013345573,1.0497346e-05,0.0003,-218.11465,0.0036897617816925047,3948.1560678482056,955000,,,,,,,
-349.19138,0.0021620675,0.0031049317,349.19354,-349.19354,1.3209721,0.020647777,90000.0,900.0,20,9000.0,0.5255999,2018.8934,349.13474,-27.975302,631.93036,-593.3736,25864.08,0.0004565389,0.027275138,0.027275138,1.0393118e-05,0.0003,-103.18953,0.0037775655269622803,3967.0439014434814,960000,,,,,,,
-365.96774,0.0020178657,0.0031712754,365.96976,-365.96976,0.7432831,0.02100156,90000.0,900.0,20,9000.0,0.62332916,2023.3785,365.86252,-27.675089,454.54276,-664.0777,26637.314,0.00043182904,0.015610105,0.015610105,1.0301083e-05,0.0003,-224.85347,0.0038042953968048096,3986.0653836727142,965000,,,,,,,
-275.96136,0.002329187,0.0027160507,275.96368,-275.96368,0.88240474,0.02094311,90000.0,900.0,20,9000.0,0.5111002,2004.7397,275.92004,-27.340765,715.6374,-836.7748,30713.445,0.00029035236,0.0184803,0.0184803,1.0221269e-05,0.0003,-109.12755,0.0038046579837799073,4005.0886783599854,970000,,,,,,,
-306.3843,0.0023480812,0.0035145977,306.38666,-306.38666,1.0817293,0.020569986,90000.0,900.0,20,9000.0,0.47434407,2020.78,306.32547,-27.627493,542.00885,-574.26556,29372.836,0.00037074077,0.022251155,0.022251155,1.0153698e-05,0.0003,-105.64958,0.0038147313594818115,4024.162341594696,975000,,,,,,,
-297.37442,0.002006442,0.003906368,297.37643,-297.37643,1.2940801,0.021143287,90000.0,900.0,20,9000.0,0.5254131,2025.738,297.3322,-27.49087,867.6401,-770.89514,38099.6,0.00047172545,0.02736111,0.02736111,1.0098386e-05,0.0003,-50.599014,0.0037520112991333006,4042.922402858734,980000,,,,,,,
-321.3602,0.0020356916,0.002433223,321.36224,-321.36224,0.8605612,0.020952007,90000.0,900.0,20,9000.0,0.4829334,2022.8435,321.28674,-27.303814,511.43216,-614.0347,29444.875,0.0002149616,0.018030483,0.018030483,1.005535e-05,0.0003,-158.6029,0.0037805538177490233,4061.825176000595,985000,,,,,,,
-296.38626,0.0023210687,0.0027594746,296.38858,-296.38858,0.72916615,0.020586092,90000.0,900.0,20,9000.0,0.44807243,2020.955,296.34985,-31.110596,493.13553,-714.7833,26259.898,0.00031663105,0.015010682,0.015010682,1.0024603e-05,0.0003,-160.84207,0.003717832326889038,4080.4143426418304,990000,,,,,,,
-327.6003,0.0021785626,0.0027111734,327.60248,-327.60248,0.7854798,0.02021682,90000.0,900.0,20,9000.0,0.44011363,2022.4773,327.54462,-27.594938,665.0561,-902.9831,32724.045,0.00034891543,0.015879905,0.015879905,1.000615e-05,0.0003,-184.24104,0.0037788216114044188,4099.308455705643,995000,,,,,,,
-282.09665,0.0019196861,0.0030037693,282.09857,-282.09857,1.2127707,0.020453675,90000.0,900.0,20,9000.0,0.61868405,2017.5493,282.04886,-27.61701,725.96606,-547.7523,33071.19,0.00032307705,0.024805617,0.024805617,1e-05,0.0003,-58.227417,0.003654070234298706,4117.578812122345,1000000,,,,,,,
-325.88376,0.002481284,0.002878101,325.88623,-325.88623,0.9092691,0.020258334,90000.0,900.0,20,9000.0,0.6125174,2025.524,325.86963,-28.088066,638.42957,-397.88867,26515.973,0.00029557775,0.018420277,0.018420277,1e-05,0.0003,-159.48874,0.010843545818328857,4171.796546459198,1005000,0.0,5000.0,-0.3300661241964354,-58.70052065553347,200.0,1.1995599269866943,-0.07448506885289113
-408.05124,0.0022245457,0.0030251092,408.05347,-408.05347,0.84096855,0.020283237,90000.0,900.0,20,9000.0,0.6359229,2021.4332,407.99677,-28.324114,762.8192,-790.0724,29702.992,0.0006234807,0.017057564,0.017057564,1e-05,0.0003,-253.89723,0.00628920578956604,4203.242581129074,1010000,0.0,10000.0,-0.30452243606256135,-61.414122196893,200.0,1.2192456722259521,-0.16687613625971828
-350.0713,0.0022719544,0.00311397,350.07355,-350.07355,0.87334573,0.020494798,90000.0,900.0,20,9000.0,0.55086243,2023.131,350.076,-27.573341,741.72205,-729.6195,29774.84,0.00029646698,0.017899044,0.017899044,1e-05,0.0003,-188.42902,0.006323972082138062,4234.862446784973,1015000,0.0,15000.0,-0.2975924002699994,-56.57105634592979,200.0,1.211355447769165,-0.0019823533398183207
-307.0765,0.002419195,0.0034778996,307.07892,-307.07892,0.85529375,0.02025483,90000.0,900.0,20,9000.0,0.40434414,2019.4116,307.0513,-27.608387,656.70953,-507.12936,28403.113,0.0003485981,0.01732383,0.01732383,1e-05,0.0003,-150.75769,0.006285719537734985,4266.291049718857,1020000,0.0,20000.0,-0.2802204635955467,-57.856854358922256,200.0,1.2051410675048828,-0.04576042800528069
-277.66382,0.0023439005,0.004062317,277.66617,-277.66617,1.0776533,0.019292977,90000.0,900.0,20,9000.0,0.4471339,2021.7354,277.6339,-27.749865,1140.4647,-912.8201,34955.477,0.00020916302,0.02079114,0.02079114,1e-05,0.0003,-90.09642,0.006291081476211548,4297.746462345123,1025000,0.0,25000.0,-0.280928370121308,-56.25043590058419,200.0,1.211315393447876,0.00893393806348437
-348.89673,0.00225556,0.0035583805,348.899,-348.899,1.148992,0.02007329,90000.0,900.0,20,9000.0,0.43732446,2026.8284,348.83197,-27.801737,540.8773,-624.406,36061.31,0.0003088446,0.02306405,0.02306405,1e-05,0.0003,-140.88295,0.006405987167358398,4329.776403665543,1030000,0.0,30000.0,-0.2581627017862516,-58.60875995985234,200.0,1.2569241523742676,-0.07136085607118531
-363.3636,0.0024417336,0.0033481452,363.36603,-363.36603,1.2225666,0.020059422,90000.0,900.0,20,9000.0,0.88379985,2023.8943,363.32907,-28.171707,390.7657,-400.96216,26725.438,0.0002637257,0.024523979,0.024523979,1e-05,0.0003,-141.76399,0.006351068496704102,4361.531751394272,1035000,0.0,35000.0,-0.3230392110353767,-58.25272545582546,200.0,1.218980073928833,-0.059238808173090636
-281.60895,0.0024906823,0.0036475728,281.61145,-281.61145,0.7013366,0.019237196,90000.0,900.0,20,9000.0,0.35978016,2026.8043,281.6151,-27.647911,499.92392,-448.46915,21945.682,0.0006024649,0.01349175,0.01349175,1e-05,0.0003,-159.82343,0.006293633985519409,4392.999926567078,1040000,0.0,40000.0,-0.32306829445013546,-60.17284235283953,200.0,1.2445342540740967,-0.12461378934005124
-325.04086,0.0022254065,0.0038469073,325.0431,-325.0431,1.9685693,0.018481983,90000.0,900.0,20,9000.0,0.42411414,2029.229,324.96667,-27.733953,966.84143,-754.8725,32625.176,0.00076560193,0.036383063,0.036383063,1e-05,0.0003,2.8308105,0.0063994041919708256,4424.9969527721405,1045000,0.0,45000.0,-0.3080501837706073,-61.944841436220095,200.0,1.2679314613342285,-0.1849457445892462
-362.36984,0.002162061,0.0038583567,362.372,-362.372,0.74944854,0.018507848,90000.0,900.0,20,9000.0,0.29750893,2023.9097,362.3592,-27.9019,380.10904,-436.42822,22289.34,0.0003761828,0.013870679,0.013870679,1e-05,0.0003,-237.2362,0.006447177219390869,4457.232844352722,1050000,0.0,50000.0,-0.29042806699339146,-62.10532732072326,200.0,1.2149384021759033,-0.19040987111887211
-324.32278,0.0021140808,0.003706821,324.3249,-324.3249,0.9025804,0.01783409,90000.0,900.0,20,9000.0,0.34174693,2027.2737,324.27014,-28.043438,479.76984,-530.2879,27520.854,0.00037343058,0.0160967,0.0160967,1e-05,0.0003,-179.11075,0.0063993277072906495,4489.229487895966,1055000,0.0,55000.0,-0.2583609473918066,-52.40236746516429,200.0,1.2186760902404785,0.13995064953868608
-285.8184,0.0024758,0.0036317809,285.82086,-285.82086,1.019321,0.018372891,90000.0,900.0,20,9000.0,0.34277496,2026.0189,285.7872,-30.238096,436.75085,-328.81607,20977.588,0.00064939726,0.018727874,0.018727874,1e-05,0.0003,-116.92474,0.006244776344299316,4520.453374624252,1060000,0.0,60000.0,-0.29495813866899084,-56.97982412150318,200.0,1.1766021251678467,-0.015899831838823902
-308.1215,0.0026421566,0.0034763182,308.12415,-308.12415,1.1792102,0.018086156,90000.0,900.0,20,9000.0,0.23719855,2024.8184,308.1051,-27.78275,892.83203,-729.9883,30362.98,0.00040359277,0.02132738,0.02132738,1e-05,0.0003,-115.93785,0.006242131090164185,4551.664034843445,1065000,0.0,65000.0,-0.3192369048859645,-60.20368618120282,200.0,1.5104608535766602,-0.12566394139147197
-278.89862,0.002043738,0.003754688,278.90067,-278.90067,0.7834093,0.01800082,90000.0,900.0,20,9000.0,0.25496498,2005.5149,278.86652,-28.819092,689.1608,-521.39825,23144.457,0.0003569101,0.01410201,0.01410201,1e-05,0.0003,-151.72556,0.006187038564682007,4582.599232673645,1070000,0.0,70000.0,-0.33663062171001,-63.00946190473357,200.0,1.2461798191070557,-0.22119329971844792
-295.77536,0.0022352238,0.0038287912,295.7776,-295.7776,1.146142,0.01757916,90000.0,900.0,20,9000.0,0.23936403,2029.8965,295.7384,-28.03993,1094.427,-986.3034,34423.45,0.00056116085,0.020148214,0.020148214,1e-05,0.0003,-114.20209,0.006456876850128174,4614.883622169495,1075000,0.0,75000.0,-0.3033711069649842,-60.69242348075107,200.0,1.2473161220550537,-0.14230417397483422
-300.07147,0.0022369153,0.002536587,300.0737,-300.0737,0.82905537,0.018122701,90000.0,900.0,20,9000.0,0.31056342,2027.8992,300.06564,-27.91784,834.0754,-800.7616,35246.715,0.00021056183,0.015024723,0.015024723,1e-05,0.0003,-164.53839,0.006440087366104126,4647.084064483643,1080000,0.0,80000.0,-0.2675781892193716,-59.243154928182996,200.0,1.2277069091796875,-0.09296035304531519
-276.1938,0.0026267283,0.0045469017,276.1964,-276.1964,1.1662598,0.018753922,90000.0,900.0,20,9000.0,0.23759021,2027.3921,276.13806,-27.436079,700.1467,-771.46106,36493.38,0.0007793105,0.021871945,0.021871945,1e-05,0.0003,-79.1087,0.006436088514328003,4679.26451253891,1085000,0.0,85000.0,-0.32271610023424263,-61.814924815249626,200.0,1.2394180297851562,-0.18052242189341067
-273.53632,0.0021699434,0.0033389062,273.53848,-273.53848,0.9596869,0.01875056,90000.0,900.0,20,9000.0,0.18009725,2027.8184,273.4969,-28.867224,798.8095,-674.40814,28338.379,0.00042915958,0.017994666,0.017994666,1e-05,0.0003,-111.404236,0.006400102663040161,4711.265033245087,1090000,0.0,90000.0,-0.31226680729503375,-58.32696141394294,200.0,1.241861343383789,-0.061766349267796054
-269.12506,0.0023870738,0.0037587495,269.12744,-269.12744,0.90838325,0.019486334,90000.0,900.0,20,9000.0,0.21075743,2021.2744,269.07837,-28.7042,412.05017,-387.43567,23530.23,0.0004263042,0.01770106,0.01770106,1e-05,0.0003,-109.60477,0.006282671499252319,4742.678396940231,1095000,0.0,95000.0,-0.3437334801907573,-60.016259775226416,200.0,1.171670913696289,-0.11928256024746307
-249.41034,0.002185371,0.0032476964,249.41252,-249.41252,1.0292046,0.018940276,90000.0,900.0,20,9000.0,0.20977965,2030.8124,249.372,-28.159784,648.37744,-689.6034,33937.156,0.00029702036,0.01949342,0.01949342,1e-05,0.0003,-73.75978,0.006169549894332885,4773.5261516571045,1100000,0.0,100000.0,-0.3027433553612978,-56.5873578188769,200.0,1.2145721912384033,-0.0025373760514920134
-337.9228,0.002080056,0.003328399,337.92487,-337.92487,1.513902,0.019813983,90000.0,900.0,20,9000.0,0.30183968,2031.2363,337.91312,-29.202806,775.31055,-1296.9077,37164.46,0.0006318063,0.029996427,0.029996427,1e-05,0.0003,-67.65311,0.010902879524230956,4828.040554523468,1105000,0.0,105000.0,-0.30968268204267785,-60.40188765486035,200.0,1.2272212505340576,-0.13241218553628153
-266.94232,0.0020432682,0.0041769403,266.94437,-266.94437,1.5206856,0.018798647,90000.0,900.0,20,9000.0,0.19919366,2027.8914,266.89523,-29.809254,1150.646,-1910.662,43737.62,0.0005093234,0.028586831,0.028586831,1e-05,0.0003,-9.46167,0.006452165746688843,4860.301388502121,1110000,0.0,110000.0,-0.2563212576789012,-56.502199643016155,200.0,1.2669627666473389,0.0003620381205131255
-258.96912,0.0020902967,0.004331144,258.9712,-258.9712,1.3223931,0.019916583,90000.0,900.0,20,9000.0,0.1938771,2031.2302,258.93814,-28.09247,704.8299,-614.29803,37646.848,0.00054250914,0.02633755,0.02633755,1e-05,0.0003,-21.73729,0.0064192300796508785,4892.397544145584,1115000,0.0,115000.0,-0.3323544537278009,-58.3018386931839,200.0,1.2223737239837646,-0.060910986034943486
-272.01062,0.0025041522,0.0041047004,272.01312,-272.01312,1.0382248,0.02042116,90000.0,900.0,20,9000.0,0.20829447,2030.4584,272.00488,-30.248236,424.50327,-429.44913,27248.174,0.0003861219,0.021201756,0.021201756,1e-05,0.0003,-80.98654,0.006438130235671997,4924.58820104599,1120000,0.0,120000.0,-0.2874884279461946,-54.10871207286436,200.0,1.3087689876556396,0.08185405824978635
-301.32373,0.0020480556,0.0043996107,301.32578,-301.32578,1.1636963,0.020236908,90000.0,900.0,20,9000.0,0.18302317,2030.8276,301.29947,-29.699316,758.7426,-1191.8578,29585.082,0.0004865915,0.023549614,0.023549614,1e-05,0.0003,-89.19418,0.006429711294174194,4956.736763000488,1125000,0.0,125000.0,-0.2825200277952158,-56.64795791253124,200.0,1.2490952014923096,-0.004600651463280281
-297.38974,0.0021048533,0.0035395368,297.39185,-297.39185,0.8729879,0.021224478,90000.0,900.0,20,9000.0,0.186231,2030.6489,297.38135,-28.70276,612.72955,-714.55585,26603.646,0.00042768498,0.018528713,0.018528713,1e-05,0.0003,-130.4451,0.006481079721450806,4989.142166852951,1130000,0.0,130000.0,-0.2573953343168848,-56.61517099748232,200.0,1.2532978057861328,-0.003484342369193942
-262.8389,0.002336289,0.004382953,262.84125,-262.84125,1.256631,0.021086045,90000.0,900.0,20,9000.0,0.20207429,2030.8345,262.85144,-29.352272,552.9089,-532.80646,28280.516,0.0004977076,0.026497377,0.026497377,1e-05,0.0003,-24.160416,0.006417761659622192,5021.230979681015,1135000,0.0,135000.0,-0.27634831258606957,-56.49493663291588,200.0,1.5417344570159912,0.0006093247046056176
-250.62659,0.0020810054,0.0041629737,250.62866,-250.62866,1.1617683,0.022209212,90000.0,900.0,20,9000.0,0.16408196,2015.8839,250.62563,-29.57614,838.60205,-1192.9437,37512.086,0.00043007816,0.02580196,0.02580196,1e-05,0.0003,-18.244873,0.006371990489959717,5053.090937137604,1140000,0.0,140000.0,-0.3071921935341086,-58.60046597607715,200.0,1.2450716495513916,-0.07107846751768354
-262.29062,0.002173387,0.0035467884,262.2928,-262.2928,0.5812641,0.022955751,90000.0,900.0,20,9000.0,0.25618237,2020.3767,262.29712,-29.657488,558.2333,-634.9376,21507.094,0.00044921902,0.013343353,0.013343353,1e-05,0.0003,-141.94424,0.006495275497436523,5085.567319869995,1145000,0.0,145000.0,-0.3267042589638261,-61.51819053999328,200.0,1.232595443725586,-0.17041939239211185
-278.6949,0.0021707062,0.0042439494,278.69705,-278.69705,1.1685942,0.023929045,90000.0,900.0,20,9000.0,0.16546771,2030.8826,278.67126,-29.055119,922.0051,-1089.6364,39885.2,0.0004557874,0.027963344,0.027963344,1e-05,0.0003,-26.85933,0.006533560466766357,5118.235127925873,1150000,0.0,150000.0,-0.29386940516004995,-56.126286079670244,200.0,1.2873377799987793,0.013160916231715917
-265.56293,0.0021412792,0.0036815214,265.56506,-265.56506,1.014044,0.023955582,90000.0,900.0,20,9000.0,0.18949062,2015.4894,265.54846,-27.551592,591.77405,-577.7144,23636.697,0.0003942452,0.024292015,0.024292015,1e-05,0.0003,-46.745316,0.006480463838577271,5150.637452363968,1155000,0.0,155000.0,-0.3145297737214339,-61.30722692698974,200.0,1.2228004932403564,-0.16323663062981117
-262.91962,0.0029012896,0.0041811634,262.92252,-262.92252,1.1002126,0.023785379,90000.0,900.0,20,9000.0,0.19471496,2024.2964,262.8957,-28.03537,563.2687,-603.7635,35296.2,0.00083909015,0.026168974,0.026168974,1e-05,0.0003,-27.204147,0.006286942625045777,5182.072171926498,1160000,0.0,160000.0,-0.2733749141620159,-55.84508093542054,200.0,1.2157402038574219,0.022735219253560594
-242.47998,0.00242294,0.004740634,242.4824,-242.4824,0.99353415,0.024306549,90000.0,900.0,20,9000.0,0.16378433,2023.6726,242.49141,-28.837357,621.0552,-814.5925,32627.305,0.0006513355,0.024149384,0.024149384,1e-05,0.0003,-24.97174,0.006412894821166992,5214.136651754379,1165000,0.0,165000.0,-0.34108617771217453,-59.21472525162747,200.0,1.2252428531646729,-0.0919923965775134
-254.98772,0.0019061444,0.0042530363,254.98962,-254.98962,0.8697923,0.02384,90000.0,900.0,20,9000.0,11.174734,2018.5602,254.97285,-28.196053,724.3918,-667.8759,37668.54,0.00050741935,0.020735849,0.020735849,1e-05,0.0003,-57.190353,0.00639210934638977,5246.097203969955,1170000,0.0,170000.0,-0.33874033202536613,-58.881469021347534,200.0,1.232419729232788,-0.08064588959546298
-256.5742,0.0022339667,0.0038853604,256.57642,-256.57642,0.98609084,0.024443097,90000.0,900.0,20,9000.0,0.19121297,2026.0449,256.56494,-28.064508,1205.7345,-985.83563,33863.215,0.0003995037,0.024103114,0.024103114,1e-05,0.0003,-39.45494,0.006342932987213135,5277.811874628067,1175000,0.0,175000.0,-0.25710944625155097,-53.33096696323224,200.0,1.2098841667175293,0.10833425431178823
-312.30356,0.0023617062,0.004338476,312.3059,-312.3059,1.408677,0.02388722,90000.0,900.0,20,9000.0,0.1794996,2025.7955,312.27722,-28.066164,551.8244,-462.93338,31985.934,0.00063483336,0.033649378,0.033649378,1e-05,0.0003,-9.279663,0.006305549097061157,5309.339625835419,1180000,0.0,180000.0,-0.26411929830109737,-54.19410213102403,200.0,1.5186901092529297,0.07894674908922669
-298.17673,0.0027095983,0.0042370134,298.17944,-298.17944,1.2142804,0.024531772,90000.0,900.0,20,9000.0,0.19060466,2027.0751,298.17273,-27.895203,774.3163,-795.40985,43226.164,0.0003647845,0.02978845,0.02978845,1e-05,0.0003,-29.890076,0.006174171495437622,5340.210488796234,1185000,0.0,185000.0,-0.2799817900280352,-56.17574389042312,200.0,1.209183931350708,0.011477006542906629
-244.77063,0.0019932839,0.0040800064,244.77263,-244.77263,0.9715477,0.025458634,90000.0,900.0,20,9000.0,0.15572348,2024.2457,244.75743,-28.922552,492.644,-555.4546,28448.127,0.0006179985,0.02473428,0.02473428,1e-05,0.0003,-22.006409,0.006346646404266357,5371.943726539612,1190000,0.0,190000.0,-0.28611325514587865,-59.35358406369082,200.0,1.2167129516601562,-0.0967201775983589
-263.8267,0.0019165047,0.004001265,263.8286,-263.8286,0.87641555,0.025740067,90000.0,900.0,20,9000.0,0.2286042,2017.3114,263.80933,-29.841166,385.3559,-396.452,29038.31,0.00031288023,0.022558995,0.022558995,1e-05,0.0003,-60.56714,0.00616855354309082,5402.786499500275,1195000,0.0,195000.0,-0.3270373526226936,-61.71367007204247,200.0,1.1328983306884766,-0.17707496151194788
-223.63155,0.0025181244,0.0047096116,223.63406,-223.63406,1.3805072,0.025799865,90000.0,900.0,20,9000.0,0.17550904,2019.4004,223.62164,-29.535133,680.9453,-957.4612,32771.586,0.00052328216,0.035616897,0.035616897,1e-05,0.0003,97.09602,0.00612056851387024,5433.389347314835,1200000,0.0,200000.0,-0.2929152370747762,-61.627307941012866,200.0,1.5773835182189941,-0.17413455580103582
-254.68855,0.0020875013,0.0045599155,254.69064,-254.69064,1.1246942,0.026693186,90000.0,900.0,20,9000.0,0.22423103,2027.11,254.67365,-28.062885,694.9721,-1114.7975,35418.11,0.00063492986,0.030021671,0.030021671,1e-05,0.0003,15.730713,0.010985150003433227,5488.315102100372,1205000,0.0,205000.0,-0.27595378368488077,-55.21127277056726,200.0,1.2387065887451172,0.04431473709707516
-263.2937,0.0021664228,0.0046981024,263.29587,-263.29587,0.95767766,0.027025536,90000.0,900.0,20,9000.0,0.1157325,2025.1948,263.28137,-27.766846,770.8528,-560.1596,33055.637,0.00038863023,0.025881752,0.025881752,1e-05,0.0003,-30.242203,0.00628682632446289,5519.749239444733,1210000,0.0,210000.0,-0.3008791066293463,-63.209610141621226,200.0,1.2080607414245605,-0.22800782608269096
-216.37837,0.0021283429,0.004621548,216.3805,-216.3805,1.2701812,0.027244283,90000.0,900.0,20,9000.0,0.3182181,2024.4937,216.37784,-28.69605,440.43466,-495.02716,29972.107,0.00045656628,0.034605175,0.034605175,1e-05,0.0003,95.38641,0.006343389081954956,5551.466190338135,1215000,0.0,215000.0,-0.253877470826757,-53.65051598473155,200.0,1.2308804988861084,0.09745444210091493
-268.67236,0.0023543856,0.0049435594,268.6747,-268.6747,1.1085325,0.028821427,90000.0,900.0,20,9000.0,0.22455709,2022.3427,268.67242,-28.194437,813.2107,-756.34503,42465.266,0.0007599188,0.03194949,0.03194949,1e-05,0.0003,19.097595,0.006315861129760742,5583.0455021858215,1220000,0.0,220000.0,-0.3003126458092344,-57.3767354405353,200.0,1.201509714126587,-0.0294136288618227
-330.12094,0.0023221408,0.0045880685,330.12326,-330.12326,0.9103135,0.028627044,90000.0,900.0,20,9000.0,0.45550406,2023.4315,330.11072,-29.83893,953.3238,-829.478,34167.992,0.00076552416,0.026059581,0.026059581,1e-05,0.0003,-95.12921,0.006342069482803345,5614.755855560303,1225000,0.0,225000.0,-0.3183657111613045,-62.539258570586505,200.0,1.5555801391601562,-0.2051841004023496
-216.98302,0.0024491814,0.0038711117,216.98547,-216.98547,1.2018142,0.027891833,90000.0,900.0,20,9000.0,0.2759781,2023.445,216.96732,-30.032066,492.9036,-587.79926,29614.686,0.0005025139,0.0335208,0.0335208,1e-05,0.0003,84.98016,0.006285070133209229,5646.181211233139,1230000,0.0,230000.0,-0.2944126708952149,-60.718009615321975,200.0,1.2110881805419922,-0.14317531524144647
-243.43718,0.0020514866,0.004084515,243.43922,-243.43922,0.9254027,0.027614076,90000.0,900.0,20,9000.0,0.22707093,2023.7701,243.44595,-29.477161,502.916,-662.3049,30518.227,0.00046119076,0.02555414,0.02555414,1e-05,0.0003,-13.222855,0.006311600542068482,5677.739221811295,1235000,0.0,235000.0,-0.33204460860012247,-59.38101500277368,200.0,1.2460529804229736,-0.09765412965550857
-275.13092,0.0020494903,0.0044610105,275.13297,-275.13297,0.52239764,0.028550109,90000.0,900.0,20,9000.0,0.21969295,2023.5096,275.12048,-28.35528,548.41455,-771.4832,25554.064,0.0004979823,0.014914509,0.014914509,1e-05,0.0003,-140.68065,0.006379769611358643,5709.638075351715,1240000,0.0,240000.0,-0.25477894082209374,-52.80866850029444,200.0,1.2142655849456787,0.12611715712941873
-246.88562,0.0020480077,0.0048402282,246.88766,-246.88766,0.93085104,0.027311755,90000.0,900.0,20,9000.0,0.22555812,2024.1562,246.91327,-28.253904,669.1409,-606.3082,33057.61,0.000690941,0.025423177,0.025423177,1e-05,0.0003,-17.85147,0.0063817344188690185,5741.54675245285,1245000,0.0,245000.0,-0.28000041532151104,-58.175329048968834,200.0,1.2296388149261475,-0.056603662027295616
-259.258,0.0019788956,0.004797328,259.25998,-259.25998,1.0629257,0.026918694,90000.0,900.0,20,9000.0,0.23775925,2025.2395,259.26025,-28.290615,453.54825,-445.34808,29640.117,0.00061658316,0.02861257,0.02861257,1e-05,0.0003,-1.5071106,0.006265035963058472,5772.87193775177,1250000,0.0,250000.0,-0.30963392646261034,-56.35972467285653,200.0,1.250910997390747,0.005212939909582975
-204.12587,0.0022706822,0.005234142,204.12814,-204.12814,0.90972805,0.027611006,90000.0,900.0,20,9000.0,24.936893,2024.2676,204.08456,-30.961311,1004.9444,-685.8852,33940.46,0.00050287636,0.025118507,0.025118507,1e-05,0.0003,46.877594,0.006317290735244751,5804.458396911621,1255000,0.0,255000.0,-0.33606365075244593,-58.654510752300325,200.0,1.2024283409118652,-0.07291855143822862
-275.82312,0.0020879928,0.0039970693,275.8252,-275.8252,0.7821056,0.026607618,90000.0,900.0,20,9000.0,0.1631737,2027.4065,275.77563,-30.96318,651.0384,-542.1015,27239.293,0.0004920073,0.020809967,0.020809967,1e-05,0.0003,-88.37024,0.0062962176322937016,5835.93949007988,1260000,0.0,260000.0,-0.293856092823681,-61.212988414713884,200.0,1.2082645893096924,-0.16002805464424635
-265.19095,0.002353293,0.0046748025,265.1933,-265.1933,0.8301839,0.026980806,90000.0,900.0,20,9000.0,0.15610683,2028.0168,265.16348,-28.312311,510.82022,-398.55573,24986.293,0.00065692124,0.02239903,0.02239903,1e-05,0.0003,-63.443573,0.006411100244522095,5867.994996786118,1265000,0.0,265000.0,-0.28245103323527765,-54.15113089678207,200.0,1.238661527633667,0.0804098077361548
-295.9413,0.001955269,0.0044536036,295.94327,-295.94327,1.1801023,0.028192464,90000.0,900.0,20,9000.0,0.17665865,2028.5919,295.92407,-28.036343,469.3657,-537.62524,29722.574,0.0006163891,0.03326999,0.03326999,1e-05,0.0003,3.6652527,0.006451939487457275,5900.25469994545,1270000,0.0,270000.0,-0.3048081007970713,-59.16015951226296,200.0,1.2413713932037354,-0.09013457521837447
-284.69968,0.0018527257,0.0047452026,284.70154,-284.70154,0.9411591,0.029256022,90000.0,900.0,20,9000.0,0.17328417,2023.8578,284.68878,-29.650791,1013.68134,-1381.5497,33195.746,0.00078940886,0.02753457,0.02753457,1e-05,0.0003,-36.715256,0.006508745813369751,5932.798434257507,1275000,0.0,275000.0,-0.3073184671992129,-61.876453258461176,200.0,1.2618000507354736,-0.1826173051905905
-275.4922,0.0021251754,0.004789466,275.49432,-275.49432,0.9559206,0.028712157,90000.0,900.0,20,9000.0,0.13102758,2027.8818,275.4555,-28.23536,2147.128,-1880.4056,46873.69,0.0009524652,0.027446542,0.027446542,1e-05,0.0003,-28.34227,0.006528313255310059,5965.440005779266,1280000,0.0,280000.0,-0.2701040451570445,-53.77111002823435,200.0,1.2624914646148682,0.09334852889578506
-276.1217,0.0022368082,0.0049501862,276.12393,-276.12393,0.7748664,0.030225217,90000.0,900.0,20,9000.0,0.16483389,2027.3448,276.09753,-28.423998,760.5213,-694.08185,29694.52,0.0005259841,0.023420505,0.023420505,1e-05,0.0003,-65.17233,0.006536516618728638,5998.122594118118,1285000,0.0,285000.0,-0.3339262743321117,-59.285998623236964,200.0,1.2912912368774414,-0.09441906931495053
-259.27225,0.0017924046,0.004550189,259.27405,-259.27405,0.9729316,0.030700648,90000.0,900.0,20,9000.0,0.123752534,2027.4458,259.24335,-29.258976,476.903,-654.42944,30474.473,0.00047071316,0.029869633,0.029869633,1e-05,0.0003,9.678192,0.006373401117324829,6029.989605665207,1290000,0.0,290000.0,-0.28404836599509037,-59.5276558947153,200.0,1.241898775100708,-0.10264687023494821
-268.05588,0.0020387121,0.004261976,268.05792,-268.05792,0.8070241,0.03003831,90000.0,900.0,20,9000.0,0.21010004,2024.1986,268.0469,-29.185051,626.6672,-740.0166,32306.578,0.00044296824,0.024241641,0.024241641,1e-05,0.0003,-49.67099,0.006212052249908447,6061.049872636795,1295000,0.0,295000.0,-0.27327708913560933,-53.14132399162525,200.0,1.1456258296966553,0.11479110374451461
-260.99927,0.002639488,0.005938257,261.0019,-261.0019,1.3458114,0.029977858,90000.0,900.0,20,9000.0,0.11208078,2026.5052,260.9933,-30.421026,1071.4128,-1023.5416,38311.97,0.00046615157,0.040344544,0.040344544,1e-05,0.0003,102.213715,0.0061194706439971925,6091.64723110199,1300000,0.0,300000.0,-0.28356530125399987,-56.28113764365543,200.0,1.225994348526001,0.007888623646327792
-224.86604,0.00197093,0.004774213,224.86801,-224.86801,0.9407419,0.029527962,90000.0,900.0,20,9000.0,0.16050228,2025.4868,224.85046,-30.919134,403.615,-554.1402,27284.527,0.0006986322,0.027778191,0.027778191,1e-05,0.0003,25.298187,0.01057961368560791,6144.545304298401,1305000,0.0,305000.0,-0.30893768779820097,-59.838047141503864,200.0,1.1793413162231445,-0.11321488405991223
-258.31287,0.0021450066,0.0045644045,258.315,-258.315,0.952963,0.02900813,90000.0,900.0,20,9000.0,9.813907,2008.3663,258.2848,-28.398018,766.3058,-552.38873,33087.54,0.00046211272,0.027643673,0.027643673,1e-05,0.0003,0.2940979,0.006270982313156128,6175.900220870972,1310000,0.0,310000.0,-0.3138659000364349,-59.44985316556526,200.0,1.501326322555542,-0.09999788987295469
-227.657,0.0024012325,0.0052407896,227.6594,-227.6594,0.618858,0.0284471,90000.0,900.0,20,9000.0,0.13972048,2028.004,227.65521,-31.234919,617.60315,-490.5894,22513.86,0.0007492859,0.017604716,0.017604716,1e-05,0.0003,-69.07483,0.0061458045482635495,6206.629248857498,1315000,0.0,315000.0,-0.3110338921264826,-60.95071043771826,200.0,1.2160654067993164,-0.15109817238902445
-267.49023,0.0018137014,0.0054783006,267.49203,-267.49203,0.90382195,0.028777977,90000.0,900.0,20,9000.0,0.14246434,2011.895,267.45798,-30.165203,713.01013,-936.1435,35506.6,0.00057390745,0.026010167,0.026010167,1e-05,0.0003,-33.25627,0.006199994087219238,6237.629223823547,1320000,0.0,320000.0,-0.32725528559928435,-61.702722007136906,200.0,1.203277826309204,-0.17670220840606726
-197.4976,0.0022742958,0.00486846,197.49988,-197.49988,1.0725391,0.028057138,90000.0,900.0,20,9000.0,0.09418069,2023.7991,197.485,-30.323063,947.4346,-850.5123,34941.42,0.0010437567,0.030092377,0.030092377,1e-05,0.0003,73.42796,0.006164644575119019,6268.452451467514,1325000,0.0,325000.0,-0.2632499297612024,-54.80027547143144,200.0,1.2023541927337646,0.0583081250686405
-229.62064,0.0020094174,0.0043838117,229.62265,-229.62265,0.7446114,0.026916636,90000.0,900.0,20,9000.0,0.17239732,2024.2263,229.5987,-30.482632,678.3022,-856.3604,30866.295,0.0005652917,0.020042434,0.020042434,1e-05,0.0003,-49.06633,0.006268168878555298,6299.793301582336,1330000,0.0,330000.0,-0.2753070014675212,-56.89996039464677,200.0,1.6085147857666016,-0.013180679870899319
-251.12476,0.0020462768,0.004332738,251.1268,-251.1268,0.7983694,0.027207185,90000.0,900.0,20,9000.0,0.11643841,2026.8452,251.12198,-30.1852,1120.7157,-1605.5898,38367.33,0.00048275958,0.021721384,0.021721384,1e-05,0.0003,-55.51587,0.006370329856872558,6331.644955873489,1335000,0.0,335000.0,-0.325893642726406,-58.81931755706744,200.0,1.2395188808441162,-0.07852979405298402
-240.97406,0.0022294582,0.0057308017,240.97629,-240.97629,0.9773607,0.02659517,90000.0,900.0,20,9000.0,0.120348796,2025.776,240.95276,-29.75174,3129.015,-2611.9387,44705.58,0.0008225158,0.025993075,0.025993075,1e-05,0.0003,-6.916031,0.006209568977355957,6362.692805528641,1340000,0.0,340000.0,-0.26644137498448933,-59.30193680088036,200.0,1.1777117252349854,-0.09496172276740084
-222.63069,0.0023278333,0.0049581486,222.63303,-222.63303,1.3775036,0.027691558,90000.0,900.0,20,9000.0,0.1572809,2025.2653,222.6026,-29.794363,381.83768,-445.45996,30706.281,0.00038720196,0.03814522,0.03814522,1e-05,0.0003,120.8336,0.006303298568725586,6394.209303617477,1345000,0.0,345000.0,-0.31040821088467846,-60.83018915824893,200.0,1.2187151908874512,-0.1469947366097873
-208.12228,0.0024057198,0.0055340636,208.1247,-208.1247,1.0890107,0.026989108,90000.0,900.0,20,9000.0,0.1377778,2028.0809,208.12105,-30.453861,610.8314,-572.0618,32287.596,0.0006541885,0.02939143,0.02939143,1e-05,0.0003,56.538345,0.006406920051574707,6426.24390912056,1350000,0.0,350000.0,-0.27643552322421217,-55.363340324296,200.0,1.238255500793457,0.03913723281252797
-181.79457,0.0021459968,0.004490075,181.79672,-181.79672,0.834723,0.027118525,90000.0,900.0,20,9000.0,0.1104343,2026.0328,181.79639,-30.02575,587.03455,-853.4754,34250.156,0.00043582628,0.022636455,0.022636455,1e-05,0.0003,22.043945,0.006261006307601929,6457.548945903778,1355000,0.0,355000.0,-0.2786834833212097,-57.214420105998855,200.0,1.1943683624267578,-0.023887214321681702
-281.63843,0.002306377,0.0051672896,281.64075,-281.64075,0.8323908,0.026475806,90000.0,900.0,20,9000.0,0.16028515,2026.427,281.62354,-29.95996,672.98785,-941.1312,37266.35,0.0006115602,0.022038218,0.022038218,1e-05,0.0003,-83.134186,0.006209402418136597,6488.5959639549255,1360000,0.0,360000.0,-0.2686757923857421,-53.16457224624031,200.0,1.213829755783081,0.11399956120354333
-237.48743,0.0025769237,0.004776705,237.49,-237.49,1.2130958,0.026904134,90000.0,900.0,20,9000.0,0.13937576,2029.0516,237.2677,-30.027252,749.84814,-637.2778,37947.062,0.00057232316,0.03263729,0.03263729,1e-05,0.0003,56.387573,0.006363273143768311,6520.412334918976,1365000,0.0,365000.0,-0.2881051941555034,-57.04165411930304,200.0,1.2190425395965576,-0.018004982284614477
-201.68231,0.001562865,0.00489193,201.68387,-201.68387,0.8593478,0.027900208,90000.0,900.0,20,9000.0,0.11112242,2028.3721,201.68668,-28.955542,442.6864,-445.5602,22372.695,0.0006039168,0.023975983,0.023975983,1e-05,0.0003,14.212662,0.00620933780670166,6551.459028720856,1370000,0.0,370000.0,-0.2834935781119245,-56.50557077166906,200.0,1.1896553039550781,0.0002472599668819566
-221.8439,0.0021414924,0.0045163687,221.84604,-221.84604,1.0217675,0.028344393,90000.0,900.0,20,9000.0,64.40363,2029.9967,221.82384,-29.743412,695.26666,-542.5733,34755.74,0.00071143283,0.028961381,0.028961381,1e-05,0.0003,103.21216,0.006123511695861817,6582.076591730118,1375000,0.0,375000.0,-0.2847404650072256,-61.9679518898007,200.0,1.1723523139953613,-0.18573259536377018
-243.70396,0.0022846349,0.005283836,243.70625,-243.70625,1.1088185,0.02911289,90000.0,900.0,20,9000.0,0.105691835,2013.6184,243.67757,-30.456177,1208.2203,-1172.5092,39582.27,0.0006803407,0.032280914,0.032280914,1e-05,0.0003,46.929962,0.006136084461212158,6612.757018566132,1380000,0.0,380000.0,-0.3086014099538142,-59.89544263621647,200.0,1.1808271408081055,-0.11516905122116172
-215.64583,0.0019670965,0.005236411,215.6478,-215.6478,0.7518789,0.02867705,90000.0,900.0,20,9000.0,0.120796256,2028.8452,215.62605,-31.168879,1743.6588,-989.85364,33137.504,0.000569708,0.02156167,0.02156167,1e-05,0.0003,-21.470001,0.006194329166412354,6643.728671550751,1385000,0.0,385000.0,-0.2601810619585272,-56.20950125265029,200.0,1.2250049114227295,0.010327656249036801
-169.35358,0.0022237315,0.0052410527,169.3558,-169.3558,1.128705,0.028833812,90000.0,900.0,20,9000.0,0.07777034,2008.4949,169.34799,-30.786478,667.1385,-441.22876,26114.344,0.0006139733,0.032544866,0.032544866,1e-05,0.0003,123.628006,0.0062415536403656,6674.936444759369,1390000,0.0,390000.0,-0.3067705180963377,-60.35622015587331,200.0,1.2344403266906738,-0.13085732609472212
-212.69125,0.0022401884,0.0060266163,212.6935,-212.6935,0.700789,0.029276887,90000.0,900.0,20,9000.0,0.08676274,2027.3252,212.69012,-30.547731,510.6239,-645.7072,25441.586,0.00064431294,0.02051692,0.02051692,1e-05,0.0003,-27.95221,0.006216295528411866,6706.0179271698,1395000,0.0,395000.0,-0.32446453244593165,-62.015002606896914,200.0,1.156358003616333,-0.18733454978062894
-198.13931,0.0020437618,0.005383765,198.14136,-198.14136,0.84057856,0.029917393,90000.0,900.0,20,9000.0,0.08447176,2027.9487,198.11151,-30.365295,443.2528,-521.30664,25620.291,0.0005691751,0.025147919,0.025147919,1e-05,0.0003,28.276428,0.006013491630554199,6736.0853905677795,1400000,0.0,400000.0,-0.2841074371439198,-56.87327042615322,200.0,1.1448907852172852,-0.012271955933140134
-192.15807,0.0023425277,0.006189219,192.16042,-192.16042,1.1562688,0.030378902,90000.0,900.0,20,9000.0,0.10170689,2017.048,192.16837,-31.982397,822.16034,-589.65356,27835.318,0.00078500516,0.03512618,0.03512618,1e-05,0.0003,124.079254,0.010615667057037353,6789.1637308597565,1405000,0.0,405000.0,-0.3221751860300748,-61.71071980889729,200.0,1.2423107624053955,-0.17697451273309814
-269.0053,0.0020246496,0.0042769373,269.00732,-269.00732,1.2423693,0.030543609,90000.0,900.0,20,9000.0,0.102038406,2029.3331,268.9731,-30.943855,1189.0425,-819.9248,39240.664,0.0005070606,0.03794644,0.03794644,1e-05,0.0003,72.614716,0.006370748662948608,6821.017479419708,1410000,0.0,410000.0,-0.31403664665608544,-60.90421930562118,200.0,1.2349658012390137,-0.14951527038446247
-247.99721,0.0021230993,0.005856054,247.99933,-247.99933,1.0941817,0.031346586,90000.0,900.0,20,9000.0,0.09261517,2028.6847,247.98222,-29.867817,496.97705,-474.87698,29632.742,0.00062122423,0.03429886,0.03429886,1e-05,0.0003,60.78514,0.006432344388961792,6853.179206609726,1415000,0.0,415000.0,-0.3283181330848096,-63.16170209572261,200.0,1.5402851104736328,-0.22637668185223375
-201.25278,0.003017935,0.007273469,201.2558,-201.2558,1.6099693,0.03141982,90000.0,900.0,20,9000.0,0.38449576,2026.7189,201.24786,-30.635014,721.6567,-657.11316,32036.088,0.0012167341,0.05058495,0.05058495,1e-05,0.0003,254.39627,0.006442567157745362,6885.3920476436615,1420000,0.0,420000.0,-0.31263197870868925,-59.874812350266765,200.0,1.2640433311462402,-0.11446664369715709
-202.2862,0.0027102204,0.006980678,202.28891,-202.28891,1.229097,0.033012237,90000.0,900.0,20,9000.0,0.11298738,2027.7102,202.26984,-28.59439,562.81964,-642.9431,36237.83,0.0009969091,0.040575244,0.040575244,1e-05,0.0003,163.00398,0.006429871559143066,6917.541410923004,1425000,0.0,425000.0,-0.25733715503920507,-52.90598852796355,200.0,1.2561159133911133,0.1228036635676829
-222.15251,0.0024578164,0.0066958005,222.15497,-222.15497,0.8323639,0.034152545,90000.0,900.0,20,9000.0,0.14417216,2029.0474,222.13,-30.178408,534.2823,-468.3722,26140.545,0.0007991038,0.028427346,0.028427346,1e-05,0.0003,33.83777,0.006500618267059327,6950.044507265091,1430000,0.0,430000.0,-0.2702202097396048,-53.124719971130965,200.0,1.306541919708252,0.115356427412463
-258.5958,0.0030114446,0.0049378225,258.59882,-258.59882,1.0129211,0.034092564,90000.0,900.0,20,9000.0,0.12651248,2027.9396,258.5741,-30.504143,1230.2637,-1801.6897,45173.164,0.00085593166,0.034533076,0.034533076,1e-05,0.0003,52.32843,0.00656468243598938,6982.867924690247,1435000,0.0,435000.0,-0.2618153935196354,-53.22080584383876,200.0,1.5828795433044434,0.11208495361393982
-174.44572,0.0028768498,0.005004434,174.44861,-174.44861,0.97958064,0.034151822,90000.0,900.0,20,9000.0,0.089190856,2027.778,174.42078,-30.050642,1169.09,-1022.36835,45391.527,0.00061030954,0.033454463,0.033454463,1e-05,0.0003,126.73364,0.006262978172302246,7014.182821750641,1440000,0.0,440000.0,-0.29794465118200175,-55.1172136526427,200.0,1.2292821407318115,0.047517205172045884
-162.79323,0.002327086,0.0054728454,162.79556,-162.79556,1.1231037,0.03429125,90000.0,900.0,20,9000.0,0.12327114,2015.7485,162.8132,-29.535646,503.42798,-837.03784,32648.953,0.00083599763,0.038512632,0.038512632,1e-05,0.0003,183.94373,0.00629487509727478,7045.6572024822235,1445000,0.0,445000.0,-0.2607940389070724,-55.39602877525226,200.0,1.2841031551361084,0.038024276164437355
-206.87424,0.0022827224,0.0074709924,206.87653,-206.87653,0.90677536,0.03387595,90000.0,900.0,20,9000.0,0.12274577,2028.5446,206.85709,-31.161722,461.5214,-327.56488,25788.516,0.0015184927,0.030717878,0.030717878,1e-05,0.0003,69.70941,0.00624055290222168,7076.859972476959,1450000,0.0,450000.0,-0.2751545487589155,-59.89582088286975,200.0,1.1922633647918701,-0.11518192953491069
-211.19351,0.0024212976,0.006334976,211.19594,-211.19594,1.2420635,0.033186283,90000.0,900.0,20,9000.0,0.12353262,2027.9281,211.18037,-30.472084,670.2638,-891.8288,36928.07,0.001011892,0.041219473,0.041219473,1e-05,0.0003,159.90527,0.006255365800857544,7108.1368060112,1455000,0.0,455000.0,-0.2977917991444032,-52.873506575063345,200.0,1.561913013458252,0.12390958949459872
-223.51894,0.0020273924,0.005398226,223.52097,-223.52097,1.0819126,0.033090185,90000.0,900.0,20,9000.0,0.13278499,2028.0562,223.513,-31.05019,656.2038,-700.5555,32877.312,0.0006396663,0.035800688,0.035800688,1e-05,0.0003,98.82002,0.006196485137939453,7139.119236946106,1460000,0.0,460000.0,-0.2613760618560792,-54.095436786526804,200.0,1.2374670505523682,0.08230604718632097
-208.40283,0.0021953802,0.0052268603,208.40503,-208.40503,1.1242042,0.03162759,90000.0,900.0,20,9000.0,0.13353069,2026.6471,208.39644,-31.13614,657.0455,-694.20483,36482.516,0.0005189089,0.03555587,0.03555587,1e-05,0.0003,111.733536,0.006220612382888794,7170.22230386734,1465000,0.0,465000.0,-0.25735030602666137,-52.70903394282641,200.0,1.2027781009674072,0.12950945440474612
-221.61566,0.0023743988,0.0052171294,221.61804,-221.61804,0.5934606,0.03182612,90000.0,900.0,20,9000.0,0.13102528,2026.8911,221.60796,-31.09079,703.73596,-884.3205,32910.316,0.0005721723,0.01888755,0.01888755,1e-05,0.0003,-51.49669,0.00623169379234314,7201.380777835846,1470000,0.0,470000.0,-0.28607556989004024,-59.166136827068264,200.0,1.1853671073913574,-0.09033808722508281
-195.8228,0.0019632147,0.004875379,195.82477,-195.82477,1.2691805,0.030981073,90000.0,900.0,20,9000.0,0.15616879,2026.7216,195.83905,-28.45323,558.54047,-550.00287,29914.574,0.00075722,0.039320577,0.039320577,1e-05,0.0003,158.21857,0.006260167932510376,7232.681622266769,1475000,0.0,475000.0,-0.26915377128828305,-56.59781140285293,200.0,1.2021677494049072,-0.0028932933691422896
-223.17346,0.0021614335,0.006074049,223.17563,-223.17563,1.1557058,0.030942926,90000.0,900.0,20,9000.0,0.14022225,2025.3527,223.17325,-30.723808,553.2558,-569.9481,29508.553,0.000922172,0.03576092,0.03576092,1e-05,0.0003,98.81506,0.006201611280441284,7263.689683675766,1480000,0.0,480000.0,-0.2705754348771152,-60.334334224936576,200.0,1.2194664478302002,-0.13011216712808035
-188.67735,0.002418574,0.007903974,188.67978,-188.67978,1.168746,0.031233925,90000.0,900.0,20,9000.0,0.16113222,2025.3994,188.66763,-29.620182,224.6059,-281.86798,21374.33,0.00072437676,0.036504526,0.036504526,1e-05,0.0003,140.02452,0.0062645137786865234,7295.012258052826,1485000,0.0,485000.0,-0.2683997104624948,-57.5818327731189,200.0,1.1838939189910889,-0.036396659049150064
-231.38719,0.0021222143,0.006088072,231.38931,-231.38931,1.0377797,0.03196686,90000.0,900.0,20,9000.0,0.30743068,2026.1218,231.3584,-30.80305,645.66315,-553.4765,34632.938,0.0008488928,0.03317456,0.03317456,1e-05,0.0003,67.49129,0.006234349918365478,7326.184012413025,1490000,0.0,490000.0,-0.27017078831336033,-58.45655881290794,200.0,1.2025630474090576,-0.06617880328546523
-187.58531,0.001814618,0.0060797925,187.58713,-187.58713,1.0915155,0.031330183,90000.0,900.0,20,9000.0,0.21540084,2010.3619,187.59012,-30.6863,763.56683,-669.35974,36374.66,0.00051168667,0.034197383,0.034197383,1e-05,0.0003,120.406555,0.0061764370441436765,7357.066202402115,1495000,0.0,495000.0,-0.28462013570349465,-57.259701906902954,200.0,1.1634101867675781,-0.02542894174771241
-194.91075,0.0024207055,0.0070460304,194.91318,-194.91318,1.6166521,0.03160815,90000.0,900.0,20,9000.0,0.1733205,2023.2201,194.9,-29.243567,555.9162,-555.6299,30073.666,0.000623194,0.051099382,0.051099382,1e-05,0.0003,265.157,0.006130840873718262,7387.720412015915,1500000,0.0,500000.0,-0.30337080423071394,-54.66097117855055,200.0,1.2115895748138428,0.06305107355147888
-332.33957,0.0019289446,0.0051223915,332.3415,-332.3415,1.0573595,0.031965286,90000.0,900.0,20,9000.0,0.17801312,2027.2625,332.33026,-28.089928,574.13635,-663.15216,37371.523,0.0006998639,0.0337988,0.0337988,1e-05,0.0003,-27.972382,0.010632569360733032,7440.883264064789,1505000,0.0,505000.0,-0.25640683604531406,-53.41565125854956,200.0,1.2284221649169922,0.10545097453850143
-211.07915,0.0020249858,0.0063809766,211.08118,-211.08118,1.1462352,0.030709952,90000.0,900.0,20,9000.0,0.14307599,2026.7787,211.11679,-31.273518,711.9899,-557.9663,29840.674,0.0006672733,0.035200827,0.035200827,1e-05,0.0003,105.87137,0.006384439420700073,7472.805466413498,1510000,0.0,510000.0,-0.28703675867884426,-61.44029211390855,200.0,1.2218713760375977,-0.1677671537986468
-134.33253,0.0025120985,0.0073093795,134.33505,-134.33505,1.3698574,0.031661183,90000.0,900.0,20,9000.0,0.14892474,2016.7883,134.3425,-29.786793,570.09436,-838.2562,36202.582,0.00083810807,0.043371305,0.043371305,1e-05,0.0003,256.15814,0.006407929182052612,7504.845118045807,1515000,0.0,515000.0,-0.30378765101101723,-61.52373736710791,200.0,1.2397115230560303,-0.17060824741376163
-240.75252,0.002349019,0.0049157613,240.75487,-240.75487,0.75310034,0.032543734,90000.0,900.0,20,9000.0,0.16672304,2027.2102,240.733,-30.683462,401.7484,-345.16168,26126.611,0.0004964612,0.024508696,0.024508696,1e-05,0.0003,-20.007538,0.006359804391860962,7536.644144773483,1520000,0.0,520000.0,-0.283228286551547,-57.74657945033917,200.0,1.2182910442352295,-0.04200585447748221
-224.50862,0.001825643,0.0055578467,224.51045,-224.51045,0.656945,0.03238837,90000.0,900.0,20,9000.0,0.2285201,2027.3806,224.50218,-30.944426,525.90485,-574.2273,27740.229,0.00054900104,0.021277377,0.021277377,1e-05,0.0003,-32.783707,0.0064300875186920166,7568.794587612152,1525000,0.0,525000.0,-0.2957412615289453,-61.89221565217924,200.0,1.2269527912139893,-0.18315397365805047
-222.42377,0.0022025337,0.0074775442,222.42596,-222.42596,0.9122375,0.03212084,90000.0,900.0,20,9000.0,0.1745749,2027.7535,222.42833,-29.000446,486.6441,-460.9997,27570.234,0.0010171244,0.029301835,0.029301835,1e-05,0.0003,41.46733,0.006404298400878907,7600.8160853385925,1530000,0.0,530000.0,-0.31999935206766206,-59.54783362465918,200.0,1.2226786613464355,-0.10333386940521966
-206.78177,0.0021349934,0.0058096917,206.7839,-206.7839,1.1392134,0.032505874,90000.0,900.0,20,9000.0,0.14061265,2026.6265,206.76846,-30.668123,385.43402,-458.45227,29338.955,0.0006126723,0.03703113,0.03703113,1e-05,0.0003,126.63899,0.006359009218215942,7632.611136198044,1535000,0.0,535000.0,-0.31969373254456257,-61.63000503946965,200.0,1.2467658519744873,-0.17422638498138
-219.49419,0.0019968739,0.006478921,219.49619,-219.49619,0.94942003,0.03339045,90000.0,900.0,20,9000.0,0.15845808,2021.9569,219.47711,-29.670004,535.37805,-515.9332,28491.66,0.0006876768,0.031701565,0.031701565,1e-05,0.0003,65.97836,0.006422874593734741,7664.725514888763,1540000,0.0,540000.0,-0.3093493001805443,-61.25625350790044,200.0,1.6131722927093506,-0.1615011184231529
-218.41731,0.0016632901,0.008318803,218.41898,-218.41898,1.2006906,0.03356162,90000.0,900.0,20,9000.0,0.1718489,2026.4855,218.40622,-29.014826,705.36554,-466.98413,32582.059,0.0013224552,0.040297125,0.040297125,1e-05,0.0003,144.42867,0.006308371639251709,7696.267377614975,1545000,0.0,545000.0,-0.2992171747668835,-56.45873228986003,200.0,1.1770191192626953,0.001841988324783654
-238.13605,0.0022265418,0.006056032,238.13828,-238.13828,0.89617854,0.03439048,90000.0,900.0,20,9000.0,0.14183088,2026.7946,238.13472,-29.321379,772.9796,-971.48395,38062.35,0.00057848985,0.030820008,0.030820008,1e-05,0.0003,39.38585,0.006223905372619629,7727.3869099617,1550000,0.0,550000.0,-0.30525595991571775,-60.36033266955511,200.0,1.2123992443084717,-0.13099734647833255
-157.6791,0.002255045,0.007213095,157.68135,-157.68135,0.7828566,0.03394422,90000.0,900.0,20,9000.0,0.19642144,2026.6511,157.66545,-30.58468,632.5006,-463.46527,23575.89,0.0008660152,0.026573457,0.026573457,1e-05,0.0003,81.67845,0.0062564888000488286,7758.669359445572,1555000,0.0,555000.0,-0.25526943439837124,-53.742163487938114,200.0,1.204709768295288,0.09433408322826223
-243.88469,0.001989074,0.0056768227,243.88667,-243.88667,0.8035095,0.033823915,90000.0,900.0,20,9000.0,0.18918565,2026.2782,243.86237,-28.400219,618.70197,-627.6751,32762.994,0.00066864234,0.027177837,0.027177837,1e-05,0.0003,0.90501404,0.0062711594581604,7790.025161743164,1560000,0.0,560000.0,-0.27918919572393847,-57.20962458490047,200.0,1.53025221824646,-0.023723939313800485
-257.00122,0.0021259848,0.005386128,257.00336,-257.00336,1.0170226,0.03345808,90000.0,900.0,20,9000.0,0.20887381,2026.702,256.99554,-31.308804,446.49127,-459.2384,30087.46,0.00036025935,0.03402762,0.03402762,1e-05,0.0003,49.456238,0.0062028895378112795,7821.039615869522,1565000,0.0,565000.0,-0.31997802413761856,-61.54443704341748,200.0,1.2116749286651611,-0.17131301749885625
-183.10884,0.0020248431,0.0075947135,183.11087,-183.11087,1.1964496,0.03408931,90000.0,900.0,20,9000.0,0.7256648,2027.0265,183.1875,-30.794004,508.75128,-495.4162,33075.336,0.0007941883,0.04078614,0.04078614,1e-05,0.0003,184.69208,0.006198350572586059,7852.03137421608,1570000,0.0,570000.0,-0.2838021590717108,-53.77694681175354,200.0,1.2117598056793213,0.09314980161348456
-250.54156,0.0019958557,0.0061527495,250.54356,-250.54356,0.69511837,0.03465679,90000.0,900.0,20,9000.0,0.3577667,2026.625,250.51283,-29.69661,451.4117,-393.28107,24551.707,0.0012020819,0.02409057,0.02409057,1e-05,0.0003,-33.368668,0.0062396963596344,7883.229860544205,1575000,0.0,575000.0,-0.28139501702071945,-58.378439034664545,200.0,1.1854305267333984,-0.0635190282273054
-234.73996,0.0026507608,0.006668331,234.74261,-234.74261,0.96413994,0.03379793,90000.0,900.0,20,9000.0,0.23720312,2028.1472,234.7094,-28.533903,1564.5786,-1027.3677,37530.453,0.0010002034,0.032585934,0.032585934,1e-05,0.0003,58.770645,0.006243734931945801,7914.448540210724,1580000,0.0,580000.0,-0.2899689340384087,-59.26897558053579,200.0,1.5510616302490234,-0.09383947903181497
-175.55804,0.0021329839,0.0074171703,175.56018,-175.56018,1.0453045,0.03392368,90000.0,900.0,20,9000.0,0.21405227,2028.7222,175.57889,-30.679686,543.2413,-617.6617,39013.836,0.0012637831,0.03546058,0.03546058,1e-05,0.0003,143.80124,0.006463462972640991,7946.765860557556,1585000,0.0,585000.0,-0.30758680109552067,-59.201797006523094,200.0,1.323479175567627,-0.09155222349141913
-218.55348,0.0021093655,0.006019471,218.55559,-218.55559,0.90625936,0.03375723,90000.0,900.0,20,9000.0,0.2712341,2026.8877,218.53409,-29.96172,1388.4832,-1957.2201,41077.297,0.0005950052,0.030592805,0.030592805,1e-05,0.0003,57.052994,0.006660087966918945,7980.066306352615,1590000,0.0,590000.0,-0.28268353509836597,-54.20000688771304,200.0,1.2310571670532227,0.07874570749746759
-191.92342,0.0021790941,0.006121954,191.9256,-191.9256,1.031619,0.034209266,90000.0,900.0,20,9000.0,0.24838528,2028.0116,191.89783,-28.310442,1199.3036,-656.78876,40995.605,0.00029297854,0.035290927,0.035290927,1e-05,0.0003,125.94331,0.00669210352897644,8013.526830673218,1595000,0.0,595000.0,-0.27621051541434744,-55.78164235920701,200.0,1.3105792999267578,0.024895137606275246
-181.8875,0.002,0.007923998,181.8895,-181.8895,1.0222287,0.033422064,90000.0,900.0,20,9000.0,0.268951,2028.7047,181.88281,-29.773233,471.55972,-657.3639,27355.666,0.00073145167,0.034164995,0.034164995,1e-05,0.0003,125.86641,0.006285721445083619,8044.955442905426,1600000,0.0,600000.0,-0.30870601752463295,-60.09845878249477,200.0,1.2274298667907715,-0.12208122243332681
-129.98206,0.0022824963,0.006682542,129.98434,-129.98434,1.0928618,0.03349065,90000.0,900.0,20,9000.0,1.7202022,2011.2355,129.94218,-30.182327,572.02893,-321.6391,29029.861,0.0009077424,0.036600653,0.036600653,1e-05,0.0003,201.14403,0.010700524425506591,8098.458070278168,1605000,0.0,605000.0,-0.2574828180054816,-56.474442085272266,200.0,1.204254388809204,0.001307110692693248
-243.10773,0.0020121713,0.0071263807,243.10974,-243.10974,1.1325451,0.0327139,90000.0,900.0,20,9000.0,0.24742329,2030.1653,243.12224,-29.91365,596.04926,-599.30225,29531.03,0.0009964511,0.037049968,0.037049968,1e-05,0.0003,90.5894,0.006315326309204101,8130.034708023071,1610000,0.0,610000.0,-0.3083555534881922,-63.01953024277011,200.0,1.2172505855560303,-0.22153610041487684
-180.03587,0.0028902641,0.007090953,180.03876,-180.03876,0.93749577,0.033175785,90000.0,900.0,20,9000.0,0.17350048,2030.674,180.02834,-31.261965,458.61108,-457.29745,23172.654,0.0006272032,0.03110216,0.03110216,1e-05,0.0003,100.05707,0.00622776608467102,8161.173543214798,1615000,0.0,615000.0,-0.28118515195917027,-58.146469262548756,200.0,1.1771645545959473,-0.055621061438430895
-181.29315,0.0022102306,0.006567462,181.29536,-181.29536,0.9926024,0.033484086,90000.0,900.0,20,9000.0,0.24760199,2031.4724,181.29633,-29.472605,688.1035,-749.1115,33309.477,0.0008972246,0.033236384,0.033236384,1e-05,0.0003,118.081924,0.006208683300018311,8192.21696472168,1620000,0.0,620000.0,-0.3073030690890492,-60.5128694912145,200.0,1.1838653087615967,-0.1361908281141423
-194.09387,0.0018027099,0.0070405006,194.09567,-194.09567,1.2098482,0.033447333,90000.0,900.0,20,9000.0,0.20079005,2032.2974,194.09525,-29.025946,1525.664,-1197.1588,36382.32,0.0008638227,0.040466193,0.040466193,1e-05,0.0003,170.30266,0.006065386247634887,8222.543901205063,1625000,0.0,625000.0,-0.2883517529279975,-56.147892809757415,200.0,1.1898932456970215,0.012425263327080245
-239.10828,0.0021679015,0.006424569,239.11044,-239.11044,0.6990481,0.03339924,90000.0,900.0,20,9000.0,0.1673952,2031.7263,239.1046,-29.649794,496.59296,-423.34015,22408.773,0.0007384049,0.023347676,0.023347676,1e-05,0.0003,-28.811798,0.00614186782836914,8253.253245592117,1630000,0.0,630000.0,-0.3386097716270475,-61.14222829765685,200.0,1.165811538696289,-0.15761885688802157
-181.5724,0.0018744306,0.008076301,181.57428,-181.57428,0.7555215,0.03384601,90000.0,900.0,20,9000.0,0.16826515,2028.0859,181.60353,-29.45039,1421.7555,-1700.1033,36733.992,0.0012248491,0.025571387,0.025571387,1e-05,0.0003,48.738342,0.006146041631698608,8283.9834587574,1635000,0.0,635000.0,-0.31200137404619255,-62.405282512594944,200.0,1.2072694301605225,-0.20062256444501161
-203.57391,0.0024448968,0.007651212,203.57635,-203.57635,1.3111298,0.0340971,90000.0,900.0,20,9000.0,0.19410805,2030.353,203.55754,-30.318466,537.5873,-747.1845,35988.586,0.0009855187,0.044705726,0.044705726,1e-05,0.0003,198.97173,0.006111933279037475,8314.543130874634,1640000,0.0,640000.0,-0.2660502489973636,-57.51801384544941,200.0,1.180497646331787,-0.03422379071963513
-220.16122,0.00197679,0.006561495,220.16321,-220.16321,1.1157308,0.0350953,90000.0,900.0,20,9000.0,0.22737603,2032.4712,220.15375,-29.420177,652.06555,-573.27386,28262.463,0.000713646,0.039156906,0.039156906,1e-05,0.0003,132.47832,0.006048421192169189,8344.785243034363,1645000,0.0,645000.0,-0.2813206147657583,-56.30337999692137,200.0,1.1834604740142822,0.007131329427350159
-163.67075,0.0025103567,0.0065924316,163.67326,-163.67326,0.8881963,0.03578868,90000.0,900.0,20,9000.0,0.1901634,2026.7115,163.65903,-30.733667,357.59146,-454.84033,23434.703,0.0015397043,0.031787373,0.031787373,1e-05,0.0003,122.60579,0.0060379288673400875,8374.974892139435,1650000,0.0,650000.0,-0.2946136503586685,-54.976739181510474,200.0,1.156135082244873,0.05229999517769027
-182.58931,0.0022287562,0.0072053093,182.59154,-182.59154,0.88925225,0.034858476,90000.0,900.0,20,9000.0,0.12179585,2030.8253,182.59598,-28.953703,381.87054,-477.9402,23233.44,0.00081390666,0.030997979,0.030997979,1e-05,0.0003,96.5143,0.006196713638305664,8405.95846581459,1655000,0.0,655000.0,-0.2986787134297121,-53.77586817717217,200.0,1.2313649654388428,0.09318652631266963
-165.85788,0.0018731765,0.007448015,165.85976,-165.85976,0.9996408,0.035223912,90000.0,900.0,20,9000.0,0.14512025,2031.5692,165.81476,-29.002573,524.51984,-756.12836,32806.336,0.0011210254,0.03521126,0.03521126,1e-05,0.0003,151.18861,0.006127303552627563,8436.594988822937,1660000,0.0,660000.0,-0.2665934159357891,-52.92854438158109,200.0,1.1614904403686523,0.12203569547795644
-181.3259,0.0021922803,0.0076900357,181.3281,-181.3281,1.0440618,0.034104772,90000.0,900.0,20,9000.0,0.15982737,2031.1014,181.324,-29.35345,614.00446,-423.31754,25461.844,0.00093804783,0.03560749,0.03560749,1e-05,0.0003,139.30133,0.0059823814868927,8466.506901741028,1665000,0.0,665000.0,-0.2564854664483988,-54.032893001682396,200.0,1.4645631313323975,0.08443550022257724
-212.15044,0.0023106122,0.007288566,212.15274,-212.15274,1.2057327,0.03451731,90000.0,900.0,20,9000.0,0.15401302,2031.7218,212.13078,-29.477915,616.39703,-655.3087,27299.07,0.000985976,0.04161865,0.04161865,1e-05,0.0003,162.57141,0.0059481086254119875,8496.247450351715,1670000,0.0,670000.0,-0.2594317222993179,-53.34923954932048,200.0,1.1580326557159424,0.10771212032960839
-163.4937,0.0020232324,0.0064218245,163.49573,-163.49573,0.91024077,0.034951188,90000.0,900.0,20,9000.0,0.13347319,1999.7877,163.495,-30.844286,656.40594,-555.0515,26935.447,0.00061035185,0.031813994,0.031813994,1e-05,0.0003,122.96573,0.005981925010681152,8526.15708065033,1675000,0.0,675000.0,-0.2662372686061856,-54.06667121784886,200.0,1.168771505355835,0.08328543990636948
-185.78952,0.0016489058,0.0071798107,185.79117,-185.79117,0.94302136,0.034861825,90000.0,900.0,20,9000.0,0.104694866,2029.7542,185.76443,-30.970076,449.99103,-321.56714,24247.795,0.00071598566,0.032875445,0.032875445,1e-05,0.0003,110.19417,0.005939498996734619,8555.854580163956,1680000,0.0,680000.0,-0.2490016159857697,-52.7277595344988,200.0,1.1472551822662354,0.1288718967618617
-196.16971,0.0020592273,0.008565696,196.17177,-196.17177,1.2510512,0.034315262,90000.0,900.0,20,9000.0,0.16125698,2029.6136,196.16818,-28.758558,671.9104,-740.4011,31634.43,0.0010983194,0.04293015,0.04293015,1e-05,0.0003,190.36288,0.00594804048538208,8585.594787597656,1685000,0.0,685000.0,-0.2791552854864094,-54.110157282503344,200.0,1.4676032066345215,0.08180485262429656
-169.12354,0.0019084535,0.0068660704,169.12544,-169.12544,1.4904087,0.033749323,90000.0,900.0,20,9000.0,0.14727475,2027.5156,169.12286,-30.090864,583.1395,-449.64856,31255.225,0.00084934215,0.05030028,0.05030028,1e-05,0.0003,283.7263,0.005907040023803711,8615.129992961884,1690000,0.0,690000.0,-0.27585517484333516,-54.97035928525062,200.0,1.1557748317718506,0.052517214034773156
-198.2919,0.0019864663,0.0064550396,198.29388,-198.29388,0.74320966,0.036112323,90000.0,900.0,20,9000.0,0.16439569,2004.8904,198.30188,-29.269531,337.7164,-334.96796,22487.004,0.00087659963,0.026839029,0.026839029,1e-05,0.0003,43.42375,0.005976051092147827,8645.010253667831,1695000,0.0,695000.0,-0.2668303772304708,-54.74365108759131,200.0,1.1206493377685547,0.06023603791233033
-172.26822,0.001955142,0.0071503855,172.27017,-172.27017,1.0929176,0.03670209,90000.0,900.0,20,9000.0,0.15981539,2030.0879,172.26868,-30.661854,582.78534,-589.8508,33854.504,0.00070564996,0.040112358,0.040112358,1e-05,0.0003,188.90283,0.005857405185699463,8674.2972843647,1700000,0.0,700000.0,-0.2658640316735854,-55.866997226820544,200.0,1.1405730247497559,0.02198902659219037
-172.78827,0.0020904997,0.006895643,172.79036,-172.79036,0.9309454,0.037419733,90000.0,900.0,20,9000.0,0.13117479,1989.9454,172.77963,-30.699427,345.4012,-572.6432,23107.246,0.0004337625,0.034835726,0.034835726,1e-05,0.0003,140.86446,0.01013081922531128,8724.951385736465,1705000,0.0,705000.0,-0.32656192556556773,-60.73559007162186,200.0,1.446855068206787,-0.14377388400634752
-229.00714,0.001686594,0.006338515,229.00883,-229.00883,0.7386231,0.037225083,90000.0,900.0,20,9000.0,36.9465,2028.3934,229.20482,-30.173235,348.2355,-281.59103,26690.25,0.00063580356,0.027495306,0.027495306,1e-05,0.0003,55.39711,0.005878576993942261,8754.344276428223,1710000,0.0,710000.0,-0.25956143166277557,-55.60782400936554,200.0,1.1451375484466553,0.03081319986854145
-216.52298,0.0019329404,0.00729921,216.52492,-216.52492,1.0812249,0.03553615,90000.0,900.0,20,9000.0,0.15287475,2027.7861,216.50732,-31.11461,692.1133,-758.3769,24545.893,0.0012481386,0.03842257,0.03842257,1e-05,0.0003,129.43303,0.005973714256286621,8784.212852954865,1715000,0.0,715000.0,-0.29515092167526974,-57.2084915624223,200.0,1.1635136604309082,-0.023685362848332715
-176.02374,0.002687554,0.007694726,176.02643,-176.02643,1.0014527,0.035935376,90000.0,900.0,20,9000.0,0.16565138,2029.4471,176.0457,-29.846916,338.66977,-330.27286,25289.564,0.0012280024,0.03598758,0.03598758,1e-05,0.0003,148.03012,0.006135943746566772,8814.892577171326,1720000,0.0,720000.0,-0.27543596579933904,-58.99002979550692,200.0,1.1672492027282715,-0.08434210130901916
-143.30399,0.0018547899,0.0067052636,143.30585,-143.30585,1.1461262,0.036794066,90000.0,900.0,20,9000.0,0.11200896,2028.7421,143.31102,-30.989532,705.0009,-755.5108,29675.979,0.0011977272,0.04217064,0.04217064,1e-05,0.0003,236.3438,0.006041133689880371,8845.098250627518,1725000,0.0,725000.0,-0.2633393504219115,-55.851093659202114,200.0,1.4866626262664795,0.022530501663400444
-166.56055,0.0020784843,0.007392951,166.56262,-166.56262,0.9856647,0.037989005,90000.0,900.0,20,9000.0,0.17146409,1999.5658,166.57677,-28.924107,498.8174,-379.99585,24215.89,0.0010743829,0.037444424,0.037444424,1e-05,0.0003,170.61073,0.0058951627731323245,8874.57406949997,1730000,0.0,730000.0,-0.3067590324675222,-59.339115651152284,200.0,1.1598434448242188,-0.09622756582107941
-163.00856,0.0020559563,0.008002754,163.01062,-163.01062,0.9308828,0.037286915,90000.0,900.0,20,9000.0,0.08953449,2029.8352,163.00291,-31.390282,637.97546,-740.8805,28903.527,0.0010904266,0.034709748,0.034709748,1e-05,0.0003,149.4687,0.0059442309379577635,8904.295229434967,1735000,0.0,735000.0,-0.32024654222081983,-58.44262936590299,200.0,1.1539995670318604,-0.06570454188136467
-213.65216,0.0021023448,0.008288197,213.65427,-213.65427,1.2614625,0.036255307,90000.0,900.0,20,9000.0,0.13239877,2029.9235,213.64731,-31.47837,709.22034,-560.7222,30882.883,0.0013470959,0.04573471,0.04573471,1e-05,0.0003,198.09264,0.00594089674949646,8933.999718666077,1740000,0.0,740000.0,-0.255664123669469,-57.81122840699036,200.0,1.1392536163330078,-0.04420698313277796
-199.62712,0.0018190811,0.007597054,199.62894,-199.62894,0.9712227,0.037815347,90000.0,900.0,20,9000.0,0.14250287,2030.4011,199.629,-28.969526,893.2297,-939.90186,24135.12,0.0010224127,0.036727123,0.036727123,1e-05,0.0003,131.05948,0.006030751085281372,8964.153479337692,1745000,0.0,745000.0,-0.2678101926161427,-57.13479684659775,200.0,1.4646530151367188,-0.02117624964453424
-161.7867,0.00190466,0.0055520437,161.7886,-161.7886,0.9333906,0.03809114,90000.0,900.0,20,9000.0,0.09140294,2024.232,161.80128,-30.456894,554.03,-609.2043,34364.047,0.0006598778,0.035553914,0.035553914,1e-05,0.0003,158.28993,0.005889058017730713,8993.598774671555,1750000,0.0,750000.0,-0.3119516401934532,-63.21620684260246,200.0,1.1394884586334229,-0.2282324265760687
-157.69592,0.0024077198,0.0075634695,157.69833,-157.69833,0.79788184,0.038901463,90000.0,900.0,20,9000.0,0.09700699,2024.2594,157.69092,-29.199066,504.02283,-532.06744,28782.32,0.0011820677,0.03103877,0.03103877,1e-05,0.0003,121.750015,0.006053938579559326,9023.868472576141,1755000,0.0,755000.0,-0.28835368451661975,-57.71954281908709,200.0,1.2058024406433105,-0.04108532757535898
-137.52838,0.002391118,0.00609742,137.53078,-137.53078,0.78698593,0.038568486,90000.0,900.0,20,9000.0,43.085873,2023.5818,138.03052,-30.922033,1057.0767,-1042.6224,40454.88,0.0006541763,0.030352855,0.030352855,1e-05,0.0003,178.73318,0.0061468656063079835,9054.602806091309,1760000,0.0,760000.0,-0.2936284014969645,-59.614115219032804,200.0,1.165987491607666,-0.10559058512426281
-140.90437,0.0019929502,0.007880248,140.90637,-140.90637,1.139614,0.03832155,90000.0,900.0,20,9000.0,0.4387566,2029.0469,140.89194,-29.334364,467.34836,-390.1833,28245.629,0.0010550771,0.043671772,0.043671772,1e-05,0.0003,252.58034,0.006074182319641113,9084.973723173141,1765000,0.0,765000.0,-0.2643807429532999,-52.556075148169334,200.0,1.1850988864898682,0.13471730312248695
-185.14354,0.0021822122,0.0077226525,185.14572,-185.14572,1.3309984,0.037677236,90000.0,900.0,20,9000.0,0.09077327,2028.294,185.15541,-30.590443,922.1093,-1123.3632,42553.71,0.0010038771,0.05014834,0.05014834,1e-05,0.0003,266.28232,0.006152039957046509,9115.733928203583,1770000,0.0,770000.0,-0.27802149227458073,-53.030438856435744,200.0,1.174685001373291,0.11856645389948837
-187.75143,0.002081867,0.0077690464,187.75351,-187.75351,0.76557916,0.03870083,90000.0,900.0,20,9000.0,0.11226571,2028.2092,187.75067,-30.39141,1382.6841,-858.9022,28161.205,0.0008672315,0.029628549,0.029628549,1e-05,0.0003,79.01778,0.006085848760604858,9146.163177251816,1775000,0.0,775000.0,-0.275260082906385,-58.80063451030752,200.0,1.1520226001739502,-0.07789368495360006
-154.65567,0.0020467758,0.0066928016,154.65771,-154.65771,0.89558965,0.040349405,90000.0,900.0,20,9000.0,0.08447646,2030.4542,154.64442,-28.979952,726.14825,-415.2395,37793.434,0.00093693717,0.036136508,0.036136508,1e-05,0.0003,170.65738,0.006073443126678467,9176.530398607254,1780000,0.0,780000.0,-0.30972705856593846,-60.15724258358098,200.0,1.1777563095092773,-0.12408265781203201
-143.9478,0.0019126491,0.007143533,143.9497,-143.9497,0.9519504,0.038949683,90000.0,900.0,20,9000.0,0.08850573,2009.6323,143.93059,-30.911934,502.01166,-666.93976,24853.941,0.0007509656,0.037078165,0.037078165,1e-05,0.0003,189.8442,0.00606497392654419,9206.855273008347,1785000,0.0,785000.0,-0.3095746054682454,-56.57879811424234,200.0,1.1992623805999756,-0.0022459403945538476
-193.84074,0.0020499544,0.007916264,193.84279,-193.84279,0.9462549,0.03864871,90000.0,900.0,20,9000.0,5.6404834,2029.4136,193.95087,-30.09452,623.5298,-394.7685,30757.043,0.00080968015,0.036571532,0.036571532,1e-05,0.0003,140.94354,0.006095962858200073,9237.335093021393,1790000,0.0,790000.0,-0.24873840664615035,-54.92383223863686,200.0,1.1833887100219727,0.05410133883512203
-174.71819,0.0019429976,0.00782744,174.72012,-174.72012,0.945612,0.039581817,90000.0,900.0,20,9000.0,0.09325228,2030.4717,174.7067,-30.507244,686.56036,-693.4692,34012.305,0.0006996712,0.037429042,0.037429042,1e-05,0.0003,162.23645,0.0060554462432861325,9267.612329483032,1795000,0.0,795000.0,-0.26624838071938467,-57.65025131688932,200.0,1.1417698860168457,-0.03872613233143706
-190.95778,0.0018727129,0.008011328,190.95966,-190.95966,1.1216311,0.039466012,90000.0,900.0,20,9000.0,0.09195416,2027.6438,190.95981,-29.284924,519.73737,-438.79272,32941.887,0.0010893933,0.04426631,0.04426631,1e-05,0.0003,207.53096,0.005974047899246216,9297.482573986053,1800000,0.0,800000.0,-0.3307865399537028,-62.00524341449692,200.0,1.1497938632965088,-0.18700227468823916
-138.37297,0.0018801456,0.008268744,138.37485,-138.37485,0.78013235,0.040505353,90000.0,900.0,20,9000.0,0.06215313,2027.9988,138.36658,-29.790493,691.9621,-613.7595,28826.895,0.0012500398,0.031599537,0.031599537,1e-05,0.0003,146.08502,0.010312976598739624,9349.047461986542,1805000,0.0,805000.0,-0.27838647245141324,-52.92419675538483,200.0,1.2024846076965332,0.1221837208305502
-195.89026,0.0017950984,0.0073154853,195.89206,-195.89206,0.8336192,0.041271884,90000.0,900.0,20,9000.0,0.0841606,2029.2471,195.87514,-30.747566,342.13287,-338.19986,25102.12,0.00058113295,0.034405034,0.034405034,1e-05,0.0003,113.8392,0.006202966356277466,9380.062299013138,1810000,0.0,810000.0,-0.26459421474370604,-53.84297197514139,200.0,1.1968042850494385,0.09090181670186878
-153.79294,0.002267222,0.008507803,153.79521,-153.79521,1.0359066,0.040347982,90000.0,900.0,20,9000.0,0.0972891,2027.2893,153.78107,-29.479483,909.92444,-755.2742,31321.145,0.0010386228,0.041796736,0.041796736,1e-05,0.0003,222.47498,0.006154490518569946,9410.834757328033,1815000,0.0,815000.0,-0.25543591386077774,-54.721856254931865,200.0,1.201474905014038,0.060978095219811984
-116.462265,0.0017334381,0.009152188,116.464,-116.464,1.1359295,0.03923055,90000.0,900.0,20,9000.0,0.075603336,2029.9401,116.46587,-28.829132,590.5887,-752.88104,28088.29,0.0009056089,0.04456314,0.04456314,1e-05,0.0003,284.6816,0.006176994895935059,9441.719737291336,1820000,0.0,820000.0,-0.2523641439115681,-52.59981379290727,200.0,1.2203879356384277,0.13322811614618488
-118.89718,0.0019694485,0.0071712486,118.89915,-118.89915,1.2673193,0.04030763,90000.0,900.0,20,9000.0,0.07583836,2009.6835,118.8817,-29.703735,822.36145,-737.0199,33403.914,0.0009892001,0.05108264,0.05108264,1e-05,0.0003,340.92242,0.006131166696548462,9472.375576257706,1825000,0.0,825000.0,-0.25294038833643256,-54.723982678781816,200.0,1.1815953254699707,0.060905696024034
-143.75139,0.0018692641,0.0082323225,143.75327,-143.75327,1.0823172,0.0408816,90000.0,900.0,20,9000.0,0.08933598,1798.015,143.72562,-28.984549,545.40295,-629.59094,27569.75,0.0007260343,0.04424686,0.04424686,1e-05,0.0003,254.5597,0.006197884225845337,9503.36500287056,1830000,0.0,830000.0,-0.25726348643403124,-52.74487816681354,200.0,1.1933245658874512,0.12828905190125936
-151.16283,0.0021448052,0.008358295,151.16498,-151.16498,1.187135,0.041703682,90000.0,900.0,20,9000.0,0.09347353,2030.0249,151.15317,-29.174145,604.7091,-700.4215,26763.676,0.0011797067,0.0495079,0.0495079,1e-05,0.0003,294.50177,0.006181016731262207,9534.27009153366,1835000,0.0,835000.0,-0.3110576991002974,-58.53732952644777,200.0,1.2079267501831055,-0.06892883578854855
-167.0394,0.0019064515,0.0079833865,167.0413,-167.0413,0.7041508,0.04297429,90000.0,900.0,20,9000.0,0.1216209,2028.1887,167.04955,-30.1571,366.8161,-409.82465,22947.176,0.0013306421,0.03026038,0.03026038,1e-05,0.0003,105.425644,0.006178884124755859,9565.164517641068,1840000,0.0,840000.0,-0.27645197111081277,-55.45372270192912,200.0,1.4904770851135254,0.03605994817179653
-131.32196,0.0018434061,0.008936925,131.3238,-131.3238,1.074053,0.041752648,90000.0,900.0,20,9000.0,0.070158646,2019.2981,131.31471,-30.381329,442.89737,-428.67572,26243.453,0.00092250505,0.04484456,0.04484456,1e-05,0.0003,272.34924,0.006128024578094482,9595.804645776749,1845000,0.0,845000.0,-0.2658212513812271,-52.50192205722726,200.0,1.1911942958831787,0.13656107487720465
-160.937,0.0017062647,0.0076374747,160.9387,-160.9387,0.8079226,0.041933384,90000.0,900.0,20,9000.0,0.09145957,2026.727,160.92786,-29.453314,435.86575,-378.75372,24486.879,0.00087927893,0.03387893,0.03387893,1e-05,0.0003,144.06483,0.006173781681060791,9626.673559427261,1850000,0.0,850000.0,-0.25050193347317834,-55.456373552600354,200.0,1.197962999343872,0.0359696936081405
-171.41782,0.002194186,0.007859867,171.42001,-171.42001,0.9576676,0.04139165,90000.0,900.0,20,9000.0,0.0744019,2027.797,171.40709,-31.185032,1040.3922,-679.70233,36315.023,0.0011339883,0.03963944,0.03963944,1e-05,0.0003,185.41153,0.006172660541534424,9657.536867141724,1855000,0.0,855000.0,-0.25899519442461577,-53.65437482105706,200.0,1.195300579071045,0.09732305877081711
-153.7884,0.0019735189,0.0076574427,153.79037,-153.79037,0.7459815,0.040850356,90000.0,900.0,20,9000.0,0.10148408,2030.098,153.77524,-30.795614,425.21844,-390.9364,24866.52,0.00081376656,0.03047361,0.03047361,1e-05,0.0003,120.57556,0.0061240671634674075,9688.157208442688,1860000,0.0,860000.0,-0.2544572863811226,-56.05991300780169,200.0,1.4824528694152832,0.015420746521292428
-151.11783,0.0020455765,0.008291117,151.11987,-151.11987,0.84697384,0.040092383,90000.0,900.0,20,9000.0,0.08482477,2030.2106,151.1174,-30.58373,598.3336,-649.55194,30253.242,0.0010761607,0.0339572,0.0339572,1e-05,0.0003,154.58177,0.006084191989898681,9718.578173398972,1865000,0.0,865000.0,-0.3332354329265223,-58.896383919419385,200.0,1.1803061962127686,-0.08115370304269148
-106.23559,0.0026347989,0.008264413,106.23822,-106.23822,0.81812066,0.040186346,90000.0,900.0,20,9000.0,0.07491327,2028.9562,106.23934,-30.23032,337.3308,-332.29242,20153.23,0.0010339668,0.03287728,0.03287728,1e-05,0.0003,189.73486,0.0061171835422515865,9749.16409611702,1870000,0.0,870000.0,-0.261775886224765,-52.91351178334326,200.0,1.1701345443725586,0.12254751630939482
-134.67178,0.0017691939,0.0076743225,134.67355,-134.67355,0.8417688,0.039815422,90000.0,900.0,20,9000.0,0.5709759,2026.7336,134.67096,-29.945972,244.70183,-262.52106,20928.955,0.0008552075,0.03351538,0.03351538,1e-05,0.0003,167.53758,0.006106895017623902,9779.698578596115,1875000,0.0,875000.0,-0.2658950797051533,-53.86902092353474,200.0,1.170370101928711,0.09001491782957473
-159.8924,0.0020489837,0.008273264,159.89444,-159.89444,1.2033128,0.03971988,90000.0,900.0,20,9000.0,0.090108514,2030.0975,159.87991,-30.64836,679.5466,-639.47656,29828.209,0.00095861783,0.047795437,0.047795437,1e-05,0.0003,270.35663,0.006120172882080078,9810.299448490143,1880000,0.0,880000.0,-0.2504926095098885,-52.67232506423676,200.0,1.5364959239959717,0.13075929614625184
-149.16762,0.002169312,0.009144093,149.16978,-149.16978,0.97234887,0.040277287,90000.0,900.0,20,9000.0,0.102531314,2029.8744,149.16084,-30.379284,331.00266,-349.67252,26468.113,0.0011096419,0.039163575,0.039163575,1e-05,0.0003,203.40707,0.006034559917449951,9840.47225356102,1885000,0.0,885000.0,-0.2554007472857508,-53.11877722936971,200.0,1.1913073062896729,0.11555876229703496
-163.2192,0.0017954886,0.0070174495,163.221,-163.221,0.82161,0.03926663,90000.0,900.0,20,9000.0,0.1574356,2030.3595,163.19386,-30.865389,1057.3173,-718.3215,34059.285,0.00095984945,0.032261856,0.032261856,1e-05,0.0003,127.29494,0.006061518001556397,9870.779848575592,1890000,0.0,890000.0,-0.2789870195859104,-56.60378766436264,200.0,1.1428673267364502,-0.0030967695138778488
-211.22386,0.0019265781,0.0074226423,211.22578,-211.22578,0.8958336,0.03808808,90000.0,900.0,20,9000.0,0.11830275,2028.2031,211.21217,-28.952295,487.00726,-600.989,30459.979,0.0008360462,0.034120582,0.034120582,1e-05,0.0003,95.979675,0.0059311659812927246,9900.435683012009,1895000,0.0,895000.0,-0.25258200449411583,-52.12987913809355,200.0,1.1450178623199463,0.14922816763051072
-157.06813,0.002093595,0.0076080756,157.07022,-157.07022,0.7796687,0.038860153,90000.0,900.0,20,9000.0,0.2018961,2029.535,157.05733,-28.40013,721.6583,-649.6913,33687.81,0.0008333928,0.030298045,0.030298045,1e-05,0.0003,115.81616,0.005857006645202637,9929.720721244812,1900000,0.0,900000.0,-0.2605563265854932,-55.657867829247564,200.0,1.1437866687774658,0.02910933809460573
-166.56062,0.00222143,0.008957467,166.56285,-166.56285,0.98075056,0.03905899,90000.0,900.0,20,9000.0,0.3860945,2029.593,166.57077,-27.892298,770.2674,-499.65698,29816.324,0.0009456102,0.038307127,0.038307127,1e-05,0.0003,178.5896,0.010452424478530883,9981.982849121094,1905000,0.0,905000.0,-0.26978168614104064,-59.74969024280096,200.0,1.2035481929779053,-0.11020656170325982
-150.38164,0.0019396751,0.008369099,150.38358,-150.38358,0.84693664,0.039452843,90000.0,900.0,20,9000.0,0.21432157,2030.4845,150.35585,-29.983965,458.6203,-415.2086,26439.43,0.0009825187,0.03341406,0.03341406,1e-05,0.0003,150.55922,0.006256414794921875,10013.264928102493,1910000,0.0,910000.0,-0.2975333962318995,-60.355943599913324,200.0,1.2093372344970703,-0.13084791008431995
-155.73943,0.0018190972,0.0074079228,155.74124,-155.74124,1.089259,0.03863102,90000.0,900.0,20,9000.0,0.32893488,2030.6777,155.73364,-28.992846,617.299,-424.3202,33028.484,0.0010342652,0.042079184,0.042079184,1e-05,0.0003,223.30215,0.006253357315063476,10044.5317196846,1915000,0.0,915000.0,-0.3043669026906342,-61.27386742401252,200.0,1.2353858947753906,-0.1621008264075441
-145.24716,0.0022536193,0.008558847,145.24942,-145.24942,0.78771096,0.038192306,90000.0,900.0,20,9000.0,0.22485067,2016.6798,145.25677,-29.305132,682.2801,-647.3096,22628.066,0.0013021257,0.030084498,0.030084498,1e-05,0.0003,125.73819,0.006178309774398804,10075.423274993896,1920000,0.0,920000.0,-0.29306550848161494,-56.74858579231217,200.0,1.200880527496338,-0.008026768777168635
-184.04546,0.002093641,0.0092172595,184.04755,-184.04755,0.9188774,0.037671674,90000.0,900.0,20,9000.0,0.88660634,2031.8391,184.01648,-27.811678,462.41714,-593.07306,25640.844,0.0014063445,0.03461565,0.03461565,1e-05,0.0003,128.38202,0.00605945086479187,10105.720534801483,1925000,0.0,925000.0,-0.33017929082454456,-59.25578328443941,200.0,1.1474719047546387,-0.0933903156969207
-119.67012,0.0021218306,0.008620271,119.67224,-119.67224,1.2573923,0.038977575,90000.0,900.0,20,9000.0,0.22549179,2030.3865,119.65942,-27.612823,517.92847,-514.84595,28880.273,0.0008664876,0.049010098,0.049010098,1e-05,0.0003,321.64624,0.00598033127784729,10135.622197389603,1930000,0.0,930000.0,-0.2945864188455599,-57.61662572014038,200.0,1.174614429473877,-0.03758126830903911
-125.06147,0.0019938406,0.0081896465,125.06346,-125.06346,1.30684,0.041643362,90000.0,900.0,20,9000.0,0.22030163,2031.567,125.074066,-29.211252,564.1546,-596.71277,35076.188,0.0006315401,0.05442121,0.05442121,1e-05,0.0003,364.9497,0.006004592657089233,10165.645165681839,1935000,0.0,935000.0,-0.3013998015432789,-59.79279882965989,200.0,1.1825323104858398,-0.11167429684918727
-168.0314,0.0019788507,0.008488906,168.03339,-168.03339,0.920428,0.041776862,90000.0,900.0,20,9000.0,0.16070107,2029.1887,168.0097,-27.67305,750.504,-1065.3615,33908.97,0.0012587903,0.03845259,0.03845259,1e-05,0.0003,178.20264,0.005906193494796753,10195.176138401031,1940000,0.0,940000.0,-0.2966158871981247,-63.83158391851708,200.0,1.1332106590270996,-0.24918441382802137
-189.80608,0.0018242856,0.0084826145,189.8079,-189.8079,1.0739118,0.042458624,90000.0,900.0,20,9000.0,0.12053431,2031.9456,189.79285,-27.510315,615.2054,-592.2049,32400.662,0.00082480797,0.045596816,0.045596816,1e-05,0.0003,220.68579,0.005976406145095825,10225.05817437172,1945000,0.0,945000.0,-0.30903642642528206,-60.97646572418273,200.0,1.1376574039459229,-0.1519750728372123
-141.97626,0.0022213196,0.007900435,141.97849,-141.97849,1.0388895,0.0428378,90000.0,900.0,20,9000.0,0.20758584,2031.7806,141.98677,-27.80341,405.45752,-436.2595,28201.426,0.001191467,0.04450374,0.04450374,1e-05,0.0003,258.76498,0.006044472312927246,10255.280540943146,1950000,0.0,950000.0,-0.3044900634512544,-62.87257437928064,200.0,1.1456608772277832,-0.21653263587428648
-162.26698,0.0018815987,0.008352998,162.26886,-162.26886,1.0008359,0.043282624,90000.0,900.0,20,9000.0,0.14728145,2032.3365,162.26303,-27.92263,836.4109,-956.3975,24466.566,0.0010506794,0.0433188,0.0433188,1e-05,0.0003,227.7495,0.006006565093994141,10285.313371181488,1955000,0.0,955000.0,-0.32513005124479527,-60.09381093898707,200.0,1.169790267944336,-0.12192297546291825
-167.57956,0.0019591665,0.008033453,167.58151,-167.58151,0.82825273,0.043333557,90000.0,900.0,20,9000.0,0.12921318,2017.063,167.5581,-28.320559,496.8251,-564.32086,26046.494,0.00078622444,0.035891134,0.035891134,1e-05,0.0003,155.56985,0.005923581790924073,10314.931285619736,1960000,0.0,960000.0,-0.2616731144944796,-59.759065417753106,200.0,1.1539058685302734,-0.11052576200137015
-167.0632,0.001736013,0.008533359,167.06494,-167.06494,0.79376644,0.044071447,90000.0,900.0,20,9000.0,0.1049716,2031.3374,167.0352,-27.912762,579.01,-546.80963,32536.969,0.00084615534,0.034982435,0.034982435,1e-05,0.0003,147.88368,0.006038356447219849,10345.123072862625,1965000,0.0,965000.0,-0.3095436369176304,-60.548120606448585,200.0,1.1552009582519531,-0.13739103680879325
-143.86043,0.0019167154,0.008715699,143.86235,-143.86235,0.50027746,0.04329866,90000.0,900.0,20,9000.0,0.10518801,2030.5934,143.84146,-28.104296,213.21626,-248.77841,18466.105,0.000998931,0.021661345,0.021661345,1e-05,0.0003,51.19687,0.005993211650848389,10375.089136123657,1970000,0.0,970000.0,-0.32254845866891313,-60.336082028463714,200.0,1.1436970233917236,-0.13017167528763454
-126.81275,0.0022064208,0.009015052,126.81496,-126.81496,0.95202273,0.042695407,90000.0,900.0,20,9000.0,0.065878496,2030.3408,126.802444,-27.597088,489.25076,-661.95886,32070.637,0.001783387,0.040647,0.040647,1e-05,0.0003,239.07613,0.0059545966148376464,10404.862124204636,1975000,0.0,975000.0,-0.29645348920665193,-56.37677786856243,200.0,1.473388433456421,0.004632322995142359
-141.35826,0.0016073831,0.008427357,141.35986,-141.35986,0.9870765,0.04268676,90000.0,900.0,20,9000.0,0.09814291,2030.2738,141.3548,-27.88645,758.6877,-564.33875,29737.684,0.0009310157,0.042135097,0.042135097,1e-05,0.0003,237.95576,0.005956933689117432,10434.646797657013,1980000,0.0,980000.0,-0.3210902713249303,-58.74788907065048,200.0,1.1849963665008545,-0.07609784006020624
-153.95894,0.0022418476,0.0091602085,153.96118,-153.96118,1.1529676,0.042215448,90000.0,900.0,20,9000.0,0.068240836,2031.3477,153.9439,-27.72654,860.68396,-704.30194,39029.727,0.0011170403,0.04867304,0.04867304,1e-05,0.0003,284.1667,0.0061069063663482664,10465.181334733963,1985000,0.0,985000.0,-0.2776480170834568,-56.44834920980925,200.0,1.1812264919281006,0.0021955051673416895
-140.5422,0.0018052703,0.009126686,140.544,-140.544,0.898404,0.04114015,90000.0,900.0,20,9000.0,0.11595239,2031.7925,140.53284,-27.642448,777.00916,-679.87463,36329.19,0.0010553281,0.036960475,0.036960475,1e-05,0.0003,192.21803,0.00608155722618103,10495.589126110077,1990000,0.0,990000.0,-0.3135145504187356,-61.083442570412515,200.0,1.188981056213379,-0.15561735592864728
-185.1142,0.002287711,0.008468661,185.11649,-185.11649,0.8522744,0.040768724,90000.0,900.0,20,9000.0,0.080884025,2031.2773,185.0989,-29.17553,716.3285,-753.8706,34941.953,0.0009308507,0.03474614,0.03474614,1e-05,0.0003,127.68196,0.00606981258392334,10525.938194036484,1995000,0.0,995000.0,-0.3163747438022746,-54.9436920254072,200.0,1.4329326152801514,0.053425164802119236
-172.50967,0.0023502181,0.00791574,172.51202,-172.51202,0.8080056,0.04229854,90000.0,900.0,20,9000.0,0.05172228,2032.0098,172.49435,-27.83546,897.91675,-689.5343,36193.984,0.0011315969,0.034177456,0.034177456,1e-05,0.0003,135.13916,0.0059885488986969,10555.880944013596,2000000,0.0,1000000.0,-0.30901511475051097,-57.693196086560484,200.0,1.153052568435669,-0.04018828992863224
