training/actor/bound_loss,training/actor/q_loss,training/alpha/current_vs_historical_ratio,training/alpha/historical_avg_loss,training/alpha/max_alpha_bound,training/alpha/min_alpha_bound,training/alpha/valid_count,training/alpha_weight,training/critic/critic_loss,training/critic/q_max,training/critic/q_mean,training/critic/q_min,training/grad/max,training/grad/min,training/grad/norm,training/meanflow/consistency_loss,training/meanflow/flow_loss,training/meanflow/mean_flow_loss,training/metrics/actor_learning_rate,training/metrics/critic_learning_rate,training/total_loss,time/epoch_time,time/total_time,step,training/actor/any_oob,training/actor/coordinate_oob,training/actor/jacobian,training/actor/loss,training/actor/max_clip,training/actor/mean_clip,training/actor/q,training/actor/transport,training/control/adjoint_clip_fraction,training/control/adjoint_norm,training/control/applied_adjoint_norm,training/control/eta,training/control/gate,training/control/relative_critic_disagreement,training/teacher/endpoint_variance,training/teacher/q,exploration/goal_achieved,exploration/total.timesteps,exploration/episode.final_reward,exploration/episode.return,exploration/episode.length,exploration/episode.duration,exploration/episode.normalized_return
0.0,0.0,1.0,0.0,110000.0,1100.0,0,11000.0,243.13683,3.711394,0.21105283,-3.4413452,26066.193,-18907.527,390245.2,0.0,0.98306113,0.98306113,0.0,0.0003,11056.81,0.008841955900192261,44.210132360458374,0,,,,,,,,,,,,,,,,,,,,,,,
0.00841628,0.0,23482442.0,0.0,110000.0,1100.0,2,11000.0,593.005,1176.9893,49.124615,-43.206715,5462.1177,-4892.556,351242.22,0.0,0.23482442,0.23482442,1e-05,0.0003,3176.082,0.014682574033737182,117.62318801879883,5000,,,,,,,,,,,,,,,,,,,,,,,
0.0076939925,0.0,19651304.0,0.0,110000.0,1100.0,4,11000.0,91.318214,2718.2527,173.9926,-79.06904,11031.098,-7528.1084,263629.0,0.0,0.19651304,0.19651304,2e-05,0.0003,2252.9695,0.007906805515289307,157.15741086006165,10000,,,,,,,,,,,,,,,,,,,,,,,
0.006212444,0.0,13351291.0,0.0,110000.0,1100.0,7,11000.0,136.8157,4137.4565,139.88382,-125.382164,7735.6562,-12580.734,143546.94,0.0,0.13351291,0.13351291,3e-05,0.0003,1605.464,0.0083335844039917,198.8255181312561,15000,,,,,,,,,,,,,,,,,,,,,,,
0.0061040316,0.0,13170055.0,0.0,110000.0,1100.0,9,11000.0,86.9192,5336.885,257.7235,-208.62198,4875.363,-8291.437,140695.92,0.0,0.13170055,0.13170055,4e-05,0.0003,1535.6313,0.008180178689956664,239.7265875339508,20000,,,,,,,,,,,,,,,,,,,,,,,
0.0054960693,0.0,1.596037,0.09878077,110000.0,1100.0,12,11000.0,79.274765,6317.2983,299.64166,-210.86543,5348.044,-4514.8433,123471.61,0.0,0.15765777,0.15765777,5e-05,0.0003,1813.5157,0.008355465173721313,281.5040888786316,25000,,,,,,,,,,,,,,,,,,,,,,,
0.004117567,0.0,0.88014185,0.13254556,110000.0,1100.0,14,11000.0,106.893295,7115.9287,509.09924,-239.12663,4011.1846,-3361.976,101100.56,0.0,0.116658896,0.116658896,6e-05,0.0003,1390.1453,0.00811946964263916,322.10162472724915,30000,,,,,,,,,,,,,,,,,,,,,,,
0.0049855793,0.0,0.868061,0.15959084,110000.0,1100.0,17,11000.0,97.50102,7758.291,480.0901,-277.08685,3617.732,-3800.707,86108.695,0.0,0.13853458,0.13853458,6.9999995e-05,0.0003,1621.3864,0.008200580835342407,363.10471415519714,35000,,,,,,,,,,,,,,,,,,,,,,,
0.0054558585,0.0,0.8321909,0.16985509,110000.0,1100.0,19,11000.0,121.75107,8271.454,561.2932,-327.14688,4661.7627,-3060.8462,78352.05,0.0,0.14135185,0.14135185,8e-05,0.0003,1676.6268,0.008068057775497437,403.44518399238586,40000,,,,,,,,,,,,,,,,,,,,,,,
0.004414307,0.0,0.8485738,0.14828384,110000.0,1100.0,20,11000.0,134.97928,8686.951,545.53235,-332.8684,3655.8904,-3106.7458,76622.984,0.0,0.12582979,0.12582979,8.9999994e-05,0.0003,1519.1113,0.008467471075057983,445.78273916244507,45000,,,,,,,,,,,,,,,,,,,,,,,
0.0040253107,0.0,0.9889942,0.1374179,110000.0,1100.0,20,11000.0,154.9748,6648.927,561.02856,-317.65552,5423.537,-3235.9211,77737.92,0.0,0.1359055,0.1359055,1e-04,0.0003,1649.9395,0.008502796220779419,488.2969026565552,50000,,,,,,,,,,,,,,,,,,,,,,,
0.0033952326,0.0,0.9291868,0.12971948,110000.0,1100.0,20,11000.0,236.33643,9278.762,804.0778,-920.6277,1636.0762,-2811.9446,72451.445,0.0,0.12053363,0.12053363,9.999385e-05,0.0003,1562.2097,0.008635715007781982,531.4756615161896,55000,,,,,,,,,,,,,,,,,,,,,,,
0.003463014,0.0,0.909095,0.12576048,110000.0,1100.0,20,11000.0,306.0909,9489.553,628.1726,-469.70557,2218.5088,-3363.211,67587.05,0.0,0.11432823,0.11432823,9.99754e-05,0.0003,1563.7048,0.008415278816223145,573.5522310733795,60000,,,,,,,,,,,,,,,,,,,,,,,
0.003139017,0.0,0.96025074,0.119503476,110000.0,1100.0,20,11000.0,355.0811,9668.673,703.1449,-529.2187,2190.8457,-1914.7421,71238.79,0.0,0.114753306,0.114753306,9.994465e-05,0.0003,1617.3706,0.008093880462646485,614.0218052864075,65000,,,,,,,,,,,,,,,,,,,,,,,
0.0031733373,0.0,0.73882043,0.117398895,110000.0,1100.0,20,11000.0,172.59421,9806.049,771.4042,-346.93588,1040.1338,-1797.2499,49329.684,0.0,0.0867367,0.0867367,9.990162e-05,0.0003,1126.701,0.008017708683013916,654.1104989051819,70000,,,,,,,,,,,,,,,,,,,,,,,
0.0037938117,0.0,1.0780431,0.114478305,110000.0,1100.0,20,11000.0,185.96423,9917.641,800.8319,-372.8525,1798.9805,-2340.8528,55877.137,0.0,0.123412535,0.123412535,9.984629e-05,0.0003,1543.5059,0.00795441083908081,693.8827097415924,75000,,,,,,,,,,,,,,,,,,,,,,,
0.0035704414,0.0,0.7912161,0.109603725,110000.0,1100.0,20,11000.0,121.86676,10003.139,631.182,-291.5537,1668.4054,-1792.792,55836.383,0.0,0.08672023,0.08672023,9.977873e-05,0.0003,1075.7928,0.007988502311706542,733.8254053592682,80000,,,,,,,,,,,,,,,,,,,,,,,
0.0019973875,0.0,0.94075453,0.10642357,110000.0,1100.0,20,11000.0,157.5779,10080.23,743.99243,-557.7284,1811.1626,-1330.3958,58113.285,0.0,0.10011846,0.10011846,9.969891e-05,0.0003,1258.883,0.008032012701034546,773.9856162071228,85000,,,,,,,,,,,,,,,,,,,,,,,
0.0036754662,0.0,0.8109377,0.105024256,110000.0,1100.0,20,11000.0,122.610535,10144.719,796.4976,-811.1333,704.1771,-1953.6025,50400.73,0.0,0.08516812,0.08516812,9.9606885e-05,0.0003,1059.4636,0.007742305946350098,812.6972963809967,90000,,,,,,,,,,,,,,,,,,,,,,,
0.0029443586,0.0,0.9116643,0.09821939,110000.0,1100.0,20,11000.0,255.05063,10127.046,738.4523,-1848.0316,1407.2501,-1211.7157,62912.727,0.0,0.089543104,0.089543104,9.950265e-05,0.0003,1240.0277,0.007811847257614136,851.7566783428192,95000,,,,,,,,,,,,,,,,,,,,,,,
0.0038458996,0.0,1.1490376,0.09706112,110000.0,1100.0,20,11000.0,217.72375,10266.153,845.06885,-1021.8448,1693.8094,-1597.9539,65718.72,0.0,0.11152687,0.11152687,9.938626e-05,0.0003,1444.5232,0.007746127939224243,890.4874801635742,100000,,,,,,,,,,,,,,,,,,,,,,,
0.0028335091,0.0,0.92302245,0.09505702,110000.0,1100.0,20,11000.0,157.65678,10311.339,1009.49023,-3919.07,1402.7816,-1084.5343,48168.35,0.0,0.08773976,0.08773976,9.9257726e-05,0.0003,1122.797,0.012781731653213502,954.3963084220886,105000,,,,,,,,,,,,,,,,,,,,,,,
0.0028144978,0.0,0.7032538,0.09464076,110000.0,1100.0,20,11000.0,1420.6348,10318.469,770.65375,-4393.893,7207.582,-8298.202,177531.92,0.0,0.066556476,0.066556476,9.91171e-05,0.0003,2152.7588,0.008589856338500977,997.3457908630371,110000,,,,,,,,,,,,,,,,,,,,,,,
0.0032312472,0.0,0.9921444,0.09070143,110000.0,1100.0,20,11000.0,2887.6748,10261.02,695.74023,-4593.122,44363.586,-36657.996,746975.8,0.0,0.08998892,0.08998892,9.896442e-05,0.0003,3877.5562,0.008880048418045045,1041.7462711334229,115000,,,,,,,,,,,,,,,,,,,,,,,
0.0028692298,0.0,1.0188419,0.091000676,110000.0,1100.0,20,11000.0,338.932,10348.12,880.49927,-4730.1763,1265.8835,-775.6053,50823.055,0.0,0.09271529,0.09271529,9.8799705e-05,0.0003,1358.8031,0.008977063131332397,1086.631802558899,120000,,,,,,,,,,,,,,,,,,,,,,,
0.0024650507,0.0,0.93075174,0.09079115,110000.0,1100.0,20,11000.0,188.75076,10353.637,755.71045,-4788.541,1854.642,-2052.6538,63789.0,0.0,0.08450402,0.08450402,9.8623015e-05,0.0003,1118.2975,0.009006754112243652,1131.665798664093,125000,,,,,,,,,,,,,,,,,,,,,,,
0.0028874385,0.0,0.9185374,0.08985563,110000.0,1100.0,20,11000.0,227.22993,10353.161,734.0205,-4919.4893,1205.6588,-1248.1843,61597.508,0.0,0.08253576,0.08253576,9.843441e-05,0.0003,1135.1262,0.008660081768035888,1174.9663989543915,130000,,,,,,,,,,,,,,,,,,,,,,,
0.0036227384,0.0,0.873171,0.090437554,110000.0,1100.0,20,11000.0,4349.34,10349.961,829.85443,-4890.906,23308.713,-26338.08,651284.4,0.0,0.078967445,0.078967445,9.823391e-05,0.0003,5217.9854,0.008541752767562865,1217.675386428833,135000,,,,,,,,,,,,,,,,,,,,,,,
0.0032834003,0.0,1.0580815,0.088070564,110000.0,1100.0,20,11000.0,147.42328,10341.72,733.99725,-4883.318,893.978,-829.1195,54032.062,0.0,0.093185835,0.093185835,9.8021614e-05,0.0003,1172.4707,0.00882562198638916,1261.8037226200104,140000,,,,,,,,,,,,,,,,,,,,,,,
0.0036681823,0.0,0.91360515,0.08672812,110000.0,1100.0,20,11000.0,179.67953,10331.003,725.98706,-4778.7373,798.43054,-777.7979,46644.22,0.0,0.079235256,0.079235256,9.779754e-05,0.0003,1051.271,0.008799126863479615,1305.7995936870575,145000,,,,,,,,,,,,,,,,,,,,,,,
0.0041274796,0.0,0.94055915,0.08487022,110000.0,1100.0,20,11000.0,249.85022,10302.177,704.0394,-1313.5237,1673.3644,-2166.424,55536.65,0.0,0.07982546,0.07982546,9.756177e-05,0.0003,1127.9344,0.008917458486557006,1350.3871057033539,150000,,,,,,,,,,,,,,,,,,,,,,,
0.002663833,0.0,0.90585077,0.08549918,110000.0,1100.0,20,11000.0,2150.8848,10318.751,750.8703,-4623.8394,2534.8696,-2392.9912,121745.39,0.0,0.0774495,0.0774495,9.7314376e-05,0.0003,3002.832,0.008724419355392456,1394.0094158649445,155000,,,,,,,,,,,,,,,,,,,,,,,
0.0029054135,0.0,0.9941057,0.08436789,110000.0,1100.0,20,11000.0,568.9315,10317.959,740.59143,-5005.403,1320.1387,-984.19214,62709.562,0.0,0.083870605,0.083870605,9.7055396e-05,0.0003,1491.5111,0.008917272329330444,1438.5959968566895,160000,,,,,,,,,,,,,,,,,,,,,,,
0.005132068,0.0,0.91668415,0.08135978,110000.0,1100.0,20,11000.0,934.2929,10281.524,636.3457,-1373.837,886.1273,-988.99005,71768.41,0.0,0.07458122,0.07458122,9.6784934e-05,0.0003,1754.6914,0.008662231397628783,1481.9073524475098,165000,,,,,,,,,,,,,,,,,,,,,,,
0.003735054,0.0,0.7548837,0.08200957,110000.0,1100.0,20,11000.0,431.74847,10308.965,898.45996,-1414.2887,1240.8405,-1275.7965,70839.59,0.0,0.06190769,0.06190769,9.6503034e-05,0.0003,1112.7368,0.008888193655014039,1526.3485388755798,170000,,,,,,,,,,,,,,,,,,,,,,,
0.0039263926,0.0,0.8957939,0.08068394,110000.0,1100.0,20,11000.0,565.30676,10275.998,849.38605,-4399.946,5221.245,-4500.1973,106066.14,0.0,0.07227618,0.07227618,9.62098e-05,0.0003,1360.3486,0.008632485818862915,1569.5111663341522,175000,,,,,,,,,,,,,,,,,,,,,,,
0.0031487783,0.0,0.95538765,0.0794775,110000.0,1100.0,20,11000.0,246.23376,10029.415,713.0338,-4464.3555,823.47784,-844.5253,53055.605,0.0,0.07593182,0.07593182,9.59053e-05,0.0003,1081.4869,0.008733325862884521,1613.1779925823212,180000,,,,,,,,,,,,,,,,,,,,,,,
0.0034716907,0.0,0.81817275,0.07727461,110000.0,1100.0,20,11000.0,323.35318,10275.696,917.3756,-1222.7975,735.9337,-831.6522,50539.39,0.0,0.06322398,0.06322398,9.558961e-05,0.0003,1018.82043,0.008496226835250854,1655.659342288971,185000,,,,,,,,,,,,,,,,,,,,,,,
0.003722833,0.0,0.9187062,0.07593518,110000.0,1100.0,20,11000.0,142.26282,10274.41,837.3605,-958.9444,1127.1464,-968.48456,45929.36,0.0,0.06976212,0.06976212,9.526282e-05,0.0003,909.64984,0.008696211338043212,1699.14062166214,190000,,,,,,,,,,,,,,,,,,,,,,,
0.002512364,0.0,0.85335207,0.07423246,110000.0,1100.0,20,11000.0,494.90027,10264.253,918.3603,-4785.023,1695.7999,-1458.1523,73192.67,0.0,0.06334642,0.06334642,9.4925024e-05,0.0003,1191.7134,0.008591766119003296,1742.0996570587158,195000,,,,,,,,,,,,,,,,,,,,,,,
0.0023899477,0.0,0.9114596,0.07168069,110000.0,1100.0,20,11000.0,155.81122,8477.992,683.51294,-565.6947,736.7252,-748.5172,46175.734,0.0,0.06533405,0.06533405,9.457632e-05,0.0003,874.48816,0.008743615913391112,1785.8179404735565,200000,,,,,,,,,,,,,,,,,,,,,,,
0.0018645813,0.0,0.97374904,0.07039555,110000.0,1100.0,20,11000.0,184.89282,10055.891,751.9697,-563.7085,1079.5918,-966.2504,56320.016,0.0,0.0685476,0.0685476,9.42168e-05,0.0003,938.9182,0.01274025321006775,1849.5193502902985,205000,,,,,,,,,,,,,,,,,,,,,,,
0.0021416554,0.0,1.0442989,0.06882835,110000.0,1100.0,20,11000.0,116.65292,10278.263,730.7324,-4849.9497,1029.0754,-912.6224,48386.92,0.0,0.071877375,0.071877375,9.384654e-05,0.0003,907.3062,0.00884143877029419,1893.7267243862152,210000,,,,,,,,,,,,,,,,,,,,,,,
0.0027574876,0.0,1.029657,0.06996802,110000.0,1100.0,20,11000.0,107.605034,10269.2295,810.44666,-427.6788,982.44495,-1321.9154,45736.094,0.0,0.07204307,0.07204307,9.346567e-05,0.0003,900.08154,0.008003314065933227,1933.743424654007,215000,,,,,,,,,,,,,,,,,,,,,,,
0.0025182546,0.0,0.9475209,0.07092836,110000.0,1100.0,20,11000.0,195.33723,10145.364,555.10596,-270.57312,709.1202,-727.5816,39737.316,0.0,0.0672061,0.0672061,9.30743e-05,0.0003,934.6068,0.008017828941345215,1973.8327496051788,220000,,,,,,,,,,,,,,,,,,,,,,,
0.002313015,0.0,0.88340783,0.06973757,110000.0,1100.0,20,11000.0,163.05872,10269.425,867.4616,-335.8819,757.61957,-1122.1392,43665.133,0.0,0.061606716,0.061606716,9.267249e-05,0.0003,840.7349,0.008280317687988282,2015.2345139980316,225000,,,,,,,,,,,,,,,,,,,,,,,
0.0030370173,0.0,0.9874759,0.07009691,110000.0,1100.0,20,11000.0,190.66063,10257.541,787.1491,-132.69197,688.5186,-711.70544,43223.14,0.0,0.06921901,0.06921901,9.2260394e-05,0.0003,952.07275,0.008464118242263794,2057.5552792549133,230000,,,,,,,,,,,,,,,,,,,,,,,
0.003315956,0.0,0.82548714,0.07064698,110000.0,1100.0,20,11000.0,171.72014,10265.705,834.04517,-335.43536,1214.8038,-1146.1942,45412.12,0.0,0.058318175,0.058318175,9.183811e-05,0.0003,813.2234,0.008279769039154053,2098.954293012619,235000,,,,,,,,,,,,,,,,,,,,,,,
0.003004072,0.0,0.7529079,0.070763074,110000.0,1100.0,20,11000.0,206.44139,10263.268,859.6329,-140.12129,970.182,-834.07935,42651.902,0.0,0.053278074,0.053278074,9.1405775e-05,0.0003,792.50323,0.008189878273010254,2139.90385389328,240000,,,,,,,,,,,,,,,,,,,,,,,
0.0026891835,0.0,0.8634301,0.0705784,110000.0,1100.0,20,11000.0,153.86423,10262.412,809.8136,-4453.137,892.06586,-798.4927,48161.758,0.0,0.060939513,0.060939513,9.0963455e-05,0.0003,824.20154,0.008430964708328248,2182.058853626251,245000,,,,,,,,,,,,,,,,,,,,,,,
0.0031064274,0.0,1.1041157,0.07005474,110000.0,1100.0,20,11000.0,140.25311,10253.151,894.22986,-276.81296,642.46405,-675.5695,41088.977,0.0,0.077348545,0.077348545,9.051133e-05,0.0003,991.0902,0.008293242692947388,2223.5252425670624,250000,,,,,,,,,,,,,,,,,,,,,,,
0.0028206091,0.0,0.8622011,0.06807059,110000.0,1100.0,20,11000.0,132.18799,10250.649,701.0812,-183.24356,772.25415,-628.4165,39620.32,0.0,0.05869054,0.05869054,9.004948e-05,0.0003,777.78674,0.008146559429168702,2264.2582051754,255000,,,,,,,,,,,,,,,,,,,,,,,
0.0031542974,0.0,0.8224892,0.0664692,110000.0,1100.0,20,11000.0,108.31773,10258.185,834.05115,-137.11874,660.946,-583.1943,37762.6,0.0,0.0546702,0.0546702,8.9578054e-05,0.0003,709.69305,0.00832544240951538,2305.8855843544006,260000,,,,,,,,,,,,,,,,,,,,,,,
0.0032039615,0.0,1.1249281,0.06630765,110000.0,1100.0,20,11000.0,189.94191,10232.685,841.2991,-230.28525,1037.004,-890.14594,58271.465,0.0,0.07459134,0.07459134,8.909717e-05,0.0003,1010.4498,0.00830574140548706,2347.414455652237,265000,,,,,,,,,,,,,,,,,,,,,,,
0.0031606976,0.0,0.6728271,0.06512079,110000.0,1100.0,20,11000.0,204.50887,10239.0205,730.7005,-136.55592,574.88086,-630.49054,42325.34,0.0,0.04381503,0.04381503,8.860696e-05,0.0003,686.4774,0.0081475989818573,2388.152620077133,270000,,,,,,,,,,,,,,,,,,,,,,,
0.0029159312,0.0,1.1940439,0.06283572,110000.0,1100.0,20,11000.0,364.5197,10238.208,657.29565,-3304.8743,674.8117,-1000.79987,51115.266,0.0,0.07502861,0.07502861,8.810758e-05,0.0003,1189.8374,0.008208428478240966,2429.1949231624603,275000,,,,,,,,,,,,,,,,,,,,,,,
0.0025921545,0.0,1.0473616,0.061849933,110000.0,1100.0,20,11000.0,250.17004,10059.554,620.928,-365.8636,602.983,-599.7043,43313.477,0.0,0.064779244,0.064779244,8.759914e-05,0.0003,962.7444,0.008094378995895386,2469.6669838428497,280000,,,,,,,,,,,,,,,,,,,,,,,
0.0022496933,0.0,0.79002196,0.0606998,110000.0,1100.0,20,11000.0,122.32932,10205.455,912.77576,-242.37775,1070.7198,-1178.6791,44703.58,0.0,0.047954172,0.047954172,8.708179e-05,0.0003,649.8275,0.00819019341468811,2510.6180968284607,285000,,,,,,,,,,,,,,,,,,,,,,,
0.0026711032,0.0,0.8410094,0.059468187,110000.0,1100.0,20,11000.0,95.687294,10236.176,742.19214,-134.03004,1212.8248,-1298.3281,50837.89,0.0,0.050013304,0.050013304,8.655565e-05,0.0003,645.8363,0.007849537229537963,2549.8659267425537,290000,,,,,,,,,,,,,,,,,,,,,,,
0.0030229667,0.0,1.1650141,0.05796021,110000.0,1100.0,20,11000.0,102.56259,6988.6685,618.537,-244.05087,1005.99524,-1091.9149,46054.027,0.0,0.06752446,0.06752446,8.602091e-05,0.0003,845.3347,0.007997571992874146,2589.853944540024,295000,,,,,,,,,,,,,,,,,,,,,,,
0.002026483,0.0,0.8423797,0.058230143,110000.0,1100.0,20,11000.0,103.99073,10286.417,913.55786,-152.26286,985.1906,-683.90186,43636.297,0.0,0.04905189,0.04905189,8.547767e-05,0.0003,643.56354,0.007979767656326294,2629.752950668335,300000,,,,,,,,,,,,,,,,,,,,,,,
0.0029985197,0.0,1.0097601,0.058206428,110000.0,1100.0,20,11000.0,137.8523,10207.224,718.1758,-139.02667,664.6508,-791.62024,47353.78,0.0,0.05877453,0.05877453,8.49261e-05,0.0003,784.3751,0.012446916437149048,2691.987733602524,305000,,,,,,,,,,,,,,,,,,,,,,,
0.0024391585,0.0,1.2638874,0.05776904,110000.0,1100.0,20,11000.0,92.39818,10231.724,702.20807,-165.83206,761.2836,-783.84753,43048.57,0.0,0.07301356,0.07301356,8.436636e-05,0.0003,895.5498,0.00847852177619934,2734.3805379867554,310000,,,,,,,,,,,,,,,,,,,,,,,
0.003219187,0.0,0.93631035,0.058437813,110000.0,1100.0,20,11000.0,70.06995,10229.856,648.26086,-277.23358,775.1123,-607.9308,38748.926,0.0,0.05471593,0.05471593,8.3798586e-05,0.0003,671.9484,0.008602634716033935,2777.3939442634583,315000,,,,,,,,,,,,,,,,,,,,,,,
0.002543399,0.0,0.8083346,0.059529454,110000.0,1100.0,20,11000.0,97.49342,10222.21,855.8156,-275.78543,780.92993,-625.9865,38323.246,0.0,0.048119716,0.048119716,8.322294e-05,0.0003,626.81287,0.008333911991119386,2819.063716650009,320000,,,,,,,,,,,,,,,,,,,,,,,
0.0023408108,0.0,1.155719,0.059260506,110000.0,1100.0,20,11000.0,89.00343,10220.044,697.1803,-260.42947,1116.4684,-1166.9772,49077.555,0.0,0.06848849,0.06848849,8.263957e-05,0.0003,842.3792,0.008632340764999389,2862.2256166934967,325000,,,,,,,,,,,,,,,,,,,,,,,
0.0031799031,0.0,1.0572301,0.05841715,110000.0,1100.0,20,11000.0,54754.633,10220.141,734.2846,-295.30273,26103.105,-26703.746,963466.25,0.0,0.061760366,0.061760366,8.2048646e-05,0.0003,55434.0,0.00858340163230896,2905.1427977085114,330000,,,,,,,,,,,,,,,,,,,,,,,
0.0027781352,0.0,0.91401714,0.059079316,110000.0,1100.0,20,11000.0,70.12301,10367.391,614.62476,-1711.6646,727.897,-958.844,43734.53,0.0,0.05399951,0.05399951,8.1450344e-05,0.0003,664.1204,0.008756175470352174,2948.9238770008087,335000,,,,,,,,,,,,,,,,,,,,,,,
0.0024192438,0.0,0.9980226,0.059760876,110000.0,1100.0,20,11000.0,151.5906,10229.599,770.58795,-190.08083,710.72687,-669.2676,41331.727,0.0,0.059642702,0.059642702,8.0844795e-05,0.0003,807.6627,0.008624751663208008,2992.047857761383,340000,,,,,,,,,,,,,,,,,,,,,,,
0.0027642578,0.0,1.023851,0.05940317,110000.0,1100.0,20,11000.0,42.862907,10214.7705,699.0317,-208.69025,851.2823,-992.5623,41112.668,0.0,0.06082,0.06082,8.0232174e-05,0.0003,711.8856,0.008871955680847168,3036.407751083374,345000,,,,,,,,,,,,,,,,,,,,,,,
0.0024327196,0.0,0.91946965,0.059759647,110000.0,1100.0,20,11000.0,50.407093,10228.659,754.6302,-172.7402,735.36127,-816.159,41035.633,0.0,0.054947183,0.054947183,7.961267e-05,0.0003,654.82855,0.008649469375610352,3079.6553082466125,350000,,,,,,,,,,,,,,,,,,,,,,,
0.0024732796,0.0,1.2135475,0.05871169,110000.0,1100.0,20,11000.0,43.381638,10221.1875,622.7038,-249.98634,859.57733,-781.72705,48064.04,0.0,0.071249425,0.071249425,7.898643e-05,0.0003,827.12775,0.008917010736465454,3124.2405428886414,355000,,,,,,,,,,,,,,,,,,,,,,,
0.0023876855,0.0,0.8069525,0.057072308,110000.0,1100.0,20,11000.0,50.89386,8740.54,506.55377,-250.91386,1031.9998,-617.8227,41633.84,0.0,0.04605464,0.04605464,7.835362e-05,0.0003,557.49725,0.008554655981063843,3167.0139875411987,360000,,,,,,,,,,,,,,,,,,,,,,,
0.0020860776,0.0,0.79440457,0.056411963,110000.0,1100.0,20,11000.0,501.0234,10090.409,547.6199,-203.03613,654.2862,-556.91876,50819.555,0.0,0.044813924,0.044813924,7.7714445e-05,0.0003,993.97864,0.008645935583114625,3210.243876695633,365000,,,,,,,,,,,,,,,,,,,,,,,
0.0029011325,0.0,1.070162,0.056738477,110000.0,1100.0,20,11000.0,118.22891,10220.128,762.5198,-157.63994,664.065,-778.19867,43300.246,0.0,0.060719367,0.060719367,7.706907e-05,0.0003,786.14484,0.008905178785324097,3254.7699773311615,370000,,,,,,,,,,,,,,,,,,,,,,,
0.0031323056,0.0,0.9881041,0.056042995,110000.0,1100.0,20,11000.0,57.299576,10125.576,599.36444,-220.81667,668.7123,-729.31067,42942.906,0.0,0.055376314,0.055376314,7.641764e-05,0.0003,666.4422,0.008645324230194092,3297.9968123435974,375000,,,,,,,,,,,,,,,,,,,,,,,
0.002744595,0.0,1.4452189,0.054303564,110000.0,1100.0,20,11000.0,2331.8809,10126.558,614.4648,-225.37057,17660.072,-18603.773,469264.3,0.0,0.07848054,0.07848054,7.5760356e-05,0.0003,3195.1694,0.008762142419815063,3341.8077309131622,380000,,,,,,,,,,,,,,,,,,,,,,,
0.0025799717,0.0,1.2549038,0.054737058,110000.0,1100.0,20,11000.0,186.69339,10202.563,673.94434,-191.74213,845.15625,-1040.5299,58977.992,0.0,0.06868974,0.06868974,7.50974e-05,0.0003,942.28314,0.008593071413040162,3384.7732820510864,385000,,,,,,,,,,,,,,,,,,,,,,,
0.002342614,0.0,1.0760134,0.053112913,110000.0,1100.0,20,11000.0,201.82526,10198.573,620.9989,-1933.8717,576.9151,-662.82513,51183.695,0.0,0.057150207,0.057150207,7.442894e-05,0.0003,830.47986,0.00842154016494751,3426.8811995983124,390000,,,,,,,,,,,,,,,,,,,,,,,
0.0026987116,0.0,1.1750766,0.053438473,110000.0,1100.0,20,11000.0,118.982544,10200.59,671.26514,-442.28247,1648.5223,-1478.0178,51817.266,0.0,0.0627943,0.0627943,7.375519e-05,0.0003,809.72253,0.008246992111206055,3468.116372823715,395000,,,,,,,,,,,,,,,,,,,,,,,
0.0024558061,0.0,0.72871387,0.053679794,110000.0,1100.0,20,11000.0,245.15886,10201.499,766.0177,-127.84089,797.77747,-680.0838,54667.03,0.0,0.03911721,0.03911721,7.30763e-05,0.0003,675.4506,0.008633530378341674,3511.2842457294464,400000,,,,,,,,,,,,,,,,,,,,,,,
0.0023632168,0.0,0.818397,0.053459413,110000.0,1100.0,20,11000.0,95.491165,10186.547,530.7804,-217.10355,571.28937,-785.572,38988.5,0.0,0.04375102,0.04375102,7.239246e-05,0.0003,576.75476,0.01259197416305542,3574.2443220615387,405000,,,,,,,,,,,,,,,,,,,,,,,
0.0019474572,0.0,1.1600507,0.053333975,110000.0,1100.0,20,11000.0,116.46176,10205.049,594.57947,-283.81656,599.3015,-613.41595,45433.25,0.0,0.061870113,0.061870113,7.170388e-05,0.0003,797.0349,0.008923907852172851,3618.8640336990356,410000,,,,,,,,,,,,,,,,,,,,,,,
0.0026135508,0.0,1.0070734,0.053023614,110000.0,1100.0,20,11000.0,148.42044,10198.221,638.8307,-212.4129,998.51886,-854.79553,54843.215,0.0,0.05339867,0.05339867,7.101073e-05,0.0003,735.8084,0.00863229422569275,3662.0256712436676,415000,,,,,,,,,,,,,,,,,,,,,,,
0.0023756933,0.0,1.4324014,0.05398565,110000.0,1100.0,20,11000.0,45.807495,10309.027,765.7975,-132.15327,786.0802,-869.5481,47202.54,0.0,0.07732912,0.07732912,7.0313195e-05,0.0003,896.43024,0.008546278715133667,3704.7572293281555,420000,,,,,,,,,,,,,,,,,,,,,,,
0.002967737,0.0,0.66301787,0.054506656,110000.0,1100.0,20,11000.0,61.19764,10195.144,707.3006,-230.31155,1205.0964,-746.531,45730.594,0.0,0.036138885,0.036138885,6.961148e-05,0.0003,458.72833,0.008798090267181397,3748.747836828232,425000,,,,,,,,,,,,,,,,,,,,,,,
0.0026936708,0.0,1.0000916,0.054861087,110000.0,1100.0,20,11000.0,54.053658,10208.312,610.7729,-191.48624,743.7729,-1060.4431,42756.46,0.0,0.05486611,0.05486611,6.890576e-05,0.0003,657.58356,0.00804228229522705,3788.959408044815,430000,,,,,,,,,,,,,,,,,,,,,,,
0.0025701288,0.0,0.94002914,0.054535974,110000.0,1100.0,20,11000.0,126.199,10203.443,702.1636,-199.70636,1008.2925,-794.83636,49958.37,0.0,0.051265404,0.051265404,6.8196256e-05,0.0003,690.121,0.008009760618209839,3829.008380651474,435000,,,,,,,,,,,,,,,,,,,,,,,
0.003324355,0.0,0.8478063,0.055736423,110000.0,1100.0,20,11000.0,38.120083,10192.059,672.00574,-175.80635,814.1487,-880.99084,40556.188,0.0,0.047253687,0.047253687,6.748313e-05,0.0003,557.91394,0.008848693227767945,3873.2520179748535,440000,,,,,,,,,,,,,,,,,,,,,,,
0.0027831972,0.0,0.8927722,0.05465095,110000.0,1100.0,20,11000.0,42.632854,10204.707,491.16333,-178.81805,696.1005,-718.8586,36736.67,0.0,0.04879085,0.04879085,6.67666e-05,0.0003,579.33496,0.008676834344863892,3916.636360168457,445000,,,,,,,,,,,,,,,,,,,,,,,
0.0020809942,0.0,0.7709583,0.05377459,110000.0,1100.0,20,11000.0,24.67455,10212.589,565.5359,-299.93134,823.7592,-693.0436,37491.31,0.0,0.041457966,0.041457966,6.604685e-05,0.0003,480.71426,0.008718761491775513,3960.2303609848022,450000,,,,,,,,,,,,,,,,,,,,,,,
0.0023369966,0.0,0.8780646,0.053259294,110000.0,1100.0,20,11000.0,566.6925,10200.758,652.7439,-1927.6016,1947.0579,-1440.0897,86674.44,0.0,0.0467651,0.0467651,6.5324086e-05,0.0003,1081.1108,0.008646859645843505,4003.4648489952087,455000,,,,,,,,,,,,,,,,,,,,,,,
0.0019083968,0.0,1.0299824,0.05258425,110000.0,1100.0,20,11000.0,33232.59,10193.826,730.9336,-299.36804,90732.54,-73144.54,1880445.1,0.0,0.054160856,0.054160856,6.4598484e-05,0.0003,33828.36,0.008769463157653808,4047.3123602867126,460000,,,,,,,,,,,,,,,,,,,,,,,
0.0022507168,0.0,0.80703324,0.04976372,110000.0,1100.0,20,11000.0,150.2283,10195.427,741.6427,-2127.5408,808.01276,-786.1647,45715.93,0.0,0.040160976,0.040160976,6.387027e-05,0.0003,592.00134,0.008533657550811768,4089.9808263778687,465000,,,,,,,,,,,,,,,,,,,,,,,
0.0026457438,0.0,0.70073366,0.048520423,110000.0,1100.0,20,11000.0,112.684395,10332.548,736.3293,-164.3062,498.73795,-631.71124,36249.055,0.0,0.033999894,0.033999894,6.3139625e-05,0.0003,486.68588,0.00893632082939148,4134.662593841553,470000,,,,,,,,,,,,,,,,,,,,,,,
0.0023001086,0.0,0.81435853,0.047380153,110000.0,1100.0,20,11000.0,533.4444,10206.526,838.37427,-213.22485,583.6909,-674.7546,60923.5,0.0,0.03858443,0.03858443,6.2406754e-05,0.0003,957.8755,0.008167881250381469,4175.502158880234,475000,,,,,,,,,,,,,,,,,,,,,,,
0.0023321582,0.0,0.74416,0.04688547,110000.0,1100.0,20,11000.0,225.04803,10146.529,847.4577,-316.53192,683.69543,-710.7771,44442.836,0.0,0.034890294,0.034890294,6.167186e-05,0.0003,608.8436,0.008450163555145263,4217.753147602081,480000,,,,,,,,,,,,,,,,,,,,,,,
0.002266186,0.0,0.8885316,0.04677179,110000.0,1100.0,20,11000.0,1324.132,10185.22,799.99646,-247.94942,561.3669,-626.7933,55062.844,0.0,0.041558214,0.041558214,6.093515e-05,0.0003,1781.2747,0.00848345193862915,4260.170568227768,485000,,,,,,,,,,,,,,,,,,,,,,,
0.0022740401,0.0,0.8929609,0.048111062,110000.0,1100.0,20,11000.0,583.6765,10212.007,669.02576,-216.78603,712.1486,-775.2308,54735.242,0.0,0.0429613,0.0429613,6.0196806e-05,0.0003,1056.253,0.008231281805038453,4301.327140569687,490000,,,,,,,,,,,,,,,,,,,,,,,
0.0026202186,0.0,1.095515,0.04725827,110000.0,1100.0,20,11000.0,13022.781,10223.424,1062.9001,-141.75922,23722.168,-29850.633,895582.7,0.0,0.051772144,0.051772144,5.945705e-05,0.0003,13592.277,0.008480926609039307,4343.73193526268,495000,,,,,,,,,,,,,,,,,,,,,,,
0.0026176756,0.0,,,,,,,153.12848,10226.858,918.3701,-268.26227,457.86365,-306.0847,8598.613,,,,,,153.42914,0.012167478895187378,4404.569334745407,500000,0.703125,0.10051082,0.18969612,0.30066463,0.29370987,0.0026176756,918.35297,0.10835082,0.0,3.2316685,3.2316685,0.1,1.0,0.0075739273,0.27026397,697.0725,,,,,,,
0.00043512826,0.0,,,,,,,25730.797,10023.471,5439.629,-40.22388,14826.724,-27846.61,573603.0,,,,,,25736.096,0.02800753860473633,4544.607035398483,505000,0.1796875,0.008563702,0.2619012,5.2992387,0.19556475,0.00043512826,5537.4116,5.036902,0.0,45.478256,45.478256,0.1,1.0,0.03452325,0.5121913,5813.874,,,,,,,
0.00033670786,0.0,,,,,,,8135.362,10153.668,7140.1914,-172.30078,4478.796,-14727.215,196047.19,,,,,,8136.039,0.015878203535079956,4623.99806022644,510000,0.19921875,0.010817308,0.11600575,0.6770453,0.15763628,0.00033670786,7244.723,0.56070286,0.0,12.854334,12.854334,0.1,1.0,0.006860138,0.3115935,7315.6113,,,,,,,
6.666678e-05,0.0,,,,,,,4808.647,10556.118,7902.7324,-160.83073,2523.1514,-1424.3043,63830.523,,,,,,4809.0664,0.015776399183273317,4702.880063533783,515000,0.0546875,0.0024038462,0.07178029,0.41944587,0.08768356,6.666678e-05,8010.034,0.3475989,0.0,22.000471,22.000471,0.1,1.0,0.043400947,0.32541806,8085.0996,,,,,,,
6.689409e-05,0.0,,,,,,,851.2041,10698.228,7913.194,6413.778,631.2671,-898.6489,27782.16,,,,,,851.4829,0.01564380478858948,4781.0990953445435,520000,0.10546875,0.004957933,0.091477506,0.278814,0.06456101,6.689409e-05,7959.2646,0.18726958,0.0,5.5433226,5.5433226,0.1,1.0,0.00147832,0.32871562,7861.2017,,,,,,,
8.296566e-05,0.0,,,,,,,1814.1523,10700.731,8106.4565,5991.3345,838.0654,-1375.3926,48811.344,,,,,,1814.441,0.015613754320144653,4859.16787481308,525000,0.125,0.006159856,0.037287824,0.288693,0.049187183,8.296566e-05,8179.62,0.2513222,0.0,7.161393,7.161393,0.1,1.0,0.0015181119,0.33594298,8347.127,,,,,,,
0.00014432453,0.0,,,,,,,975.75574,10731.107,7834.287,-6.4279675,589.3718,-892.79736,36199.297,,,,,,976.066,0.015637505960464478,4937.35541176796,530000,0.171875,0.008413462,0.047092,0.31025586,0.07817483,0.00014432453,7886.6255,0.26301953,0.0,5.2488036,5.2488036,0.1,1.0,0.00156202,0.34448287,7967.0693,,,,,,,
0.00011896366,0.0,,,,,,,4061.7842,10877.676,7929.793,-106.690056,1650.6501,-3658.5955,82515.42,,,,,,4062.1748,0.015615992307662963,5015.435380220413,535000,0.0625,0.0036057695,0.09962484,0.39053863,0.07572794,0.00011896366,8045.592,0.29079482,0.0,10.863404,10.863404,0.1,1.0,0.0069724973,0.34169424,7824.482,,,,,,,
7.283831e-05,0.0,,,,,,,481.29575,10913.319,7802.1914,-176.37619,607.47675,-576.0248,29404.98,,,,,,482.25024,0.01563695273399353,5093.620151042938,540000,0.109375,0.004657452,0.59001505,0.95448506,0.087545276,7.283831e-05,7835.549,0.36439717,0.0,3.5531871,3.5531871,0.1,1.0,0.0035352453,0.31284216,7321.1714,,,,,,,
5.512905e-05,0.0,,,,,,,694.32336,10927.71,7218.6045,28.620823,526.8618,-496.57,17725.0,,,,,,694.47327,0.015612176084518432,5171.6810393333435,545000,0.05078125,0.001953125,0.07067042,0.14988375,0.09380698,5.512905e-05,7265.21,0.0791582,0.0,4.312499,4.312499,0.1,1.0,0.001593644,0.31332907,7047.7207,,,,,,,
0.00012823261,0.0,,,,,,,1773.3572,10946.97,7675.4824,-228.66559,586.7053,-617.87317,41842.348,,,,,,1773.6688,0.015624312543869019,5249.802608966827,550000,0.12890625,0.0063100965,0.085688256,0.31169263,0.10805464,0.00012823261,7773.084,0.22587614,0.0,10.885597,10.885597,0.1,1.0,0.0022841224,0.32329938,7588.1904,,,,,,,
0.00011432591,0.0,,,,,,,1399.0906,11008.132,7567.786,172.09267,528.12634,-932.6595,35773.043,,,,,,1403.1428,0.01562708396911621,5327.938035488129,555000,0.078125,0.0036057695,3.9033856,4.0522943,0.23369396,0.00011432591,7643.289,0.14879438,0.0,5.765396,5.765396,0.1,1.0,0.0027615614,0.3058744,7830.884,,,,,,,
7.4722164e-05,0.0,,,,,,,1186.1774,10954.18,7894.4746,153.93301,787.98035,-1161.3145,39223.797,,,,,,1186.6068,0.015624934720993041,5406.062715291977,560000,0.12109375,0.0052584135,0.19570282,0.42940995,0.05383885,7.4722164e-05,7980.591,0.23363243,0.0,10.679291,10.679291,0.1,1.0,0.0021438454,0.31972557,8154.68,,,,,,,
0.00015797418,0.0,,,,,,,2546.097,10856.835,7920.797,-236.95538,1228.0669,-2766.708,64093.758,,,,,,2550.7783,0.01563253335952759,5484.225388288498,565000,0.18359375,0.007962741,4.3031054,4.6813006,0.07825327,0.00015797418,8000.635,0.3780374,0.0,9.927385,9.927385,0.1,1.0,0.0038763355,0.31970352,7490.167,,,,,,,
0.00015388204,0.0,,,,,,,965.85095,10924.767,7895.1484,5856.641,524.86,-402.59143,28029.832,,,,,,965.9741,0.015624559354782104,5562.348192453384,570000,0.140625,0.0060096155,0.032631986,0.123194404,0.18370676,0.00015388204,7938.364,0.090408534,0.0,4.868996,4.868996,0.1,1.0,0.0014929852,0.30489337,7960.073,,,,,,,
0.0001233835,0.0,,,,,,,1208.9341,10938.621,7523.5967,-238.83397,753.1403,-619.4123,38923.816,,,,,,1209.1272,0.015694927644729614,5640.822836399078,575000,0.1953125,0.009465145,0.042285442,0.19313484,0.08111966,0.0001233835,7584.699,0.15072602,0.0,6.6982117,6.6982117,0.1,1.0,0.0017434666,0.32806888,7631.8364,,,,,,,
0.00014046096,0.0,,,,,,,1811.8594,10895.673,7894.643,5370.811,1382.1168,-636.95105,43070.402,,,,,,1812.0646,0.01563454647064209,5718.995575428009,580000,0.15625,0.0063100965,0.054850113,0.20520766,0.059897184,0.00014046096,7958.882,0.15021709,0.0,8.270805,8.270805,0.1,1.0,0.0018013325,0.31900704,7836.098,,,,,,,
0.00019346345,0.0,,,,,,,745.9784,10880.747,7511.411,4549.1997,826.78046,-494.80664,28112.691,,,,,,746.20154,0.015620902299880982,5797.100093603134,585000,0.12890625,0.0067608175,0.068404086,0.22316055,0.20751214,0.00019346345,7555.329,0.15456301,0.0,6.2356477,6.2356477,0.1,1.0,0.0024856494,0.30642515,7641.2725,,,,,,,
8.466806e-05,0.0,,,,,,,433.1221,10905.928,7426.214,63.31452,456.6563,-280.70563,16554.248,,,,,,433.23703,0.015630656385421753,5875.253382444382,590000,0.08984375,0.0045072115,0.05002027,0.11493015,0.08644819,8.466806e-05,7467.4004,0.064825214,0.0,4.089642,4.089642,0.1,1.0,0.0010744331,0.2986004,7412.4795,,,,,,,
8.694515e-05,0.0,,,,,,,1065.4641,10865.2705,7422.451,-258.96515,439.86597,-413.74643,27908.248,,,,,,1065.7499,0.015603682565689087,5953.271802186966,595000,0.078125,0.003455529,0.059215438,0.28571662,0.22805762,8.694515e-05,7489.9834,0.22641425,0.0,7.7906513,7.7906513,0.1,1.0,0.0016757483,0.3207459,7630.4717,,,,,,,
0.000112309695,0.0,,,,,,,1058.3328,10907.375,7562.3613,-135.44208,337.3277,-311.9033,21667.973,,,,,,1068.9385,0.015593770122528076,6031.2406594753265,600000,0.140625,0.005859375,10.433632,10.605668,0.08226907,0.000112309695,7652.84,0.17192382,0.0,7.4782934,7.4782934,0.1,1.0,0.005290299,0.32539606,7187.629,,,,,,,
4.7500445e-05,0.0,,,,,,,1289.1521,10858.436,7936.312,6025.566,536.9291,-1462.1776,29564.555,,,,,,1289.4132,0.01932756452560425,6127.878488302231,605000,0.08984375,0.00390625,0.1133472,0.26108992,0.036319137,4.7500445e-05,8007.7744,0.14769521,0.0,5.273037,5.273037,0.1,1.0,0.0020056604,0.3071778,8336.517,,,,,,,
8.197908e-05,0.0,,,,,,,543.62494,10815.159,7991.0366,5669.5757,816.43713,-409.94232,21157.941,,,,,,543.83356,0.015630669260025026,6206.03184056282,610000,0.109375,0.0052584135,0.08288704,0.20862892,0.12781215,8.197908e-05,8030.6226,0.1256599,0.0,3.8238895,3.8238895,0.1,1.0,0.0011850357,0.32132012,7868.556,,,,,,,
0.00012249753,0.0,,,,,,,3237.1958,10813.151,7633.064,-244.92163,13664.794,-11703.521,202373.31,,,,,,3237.6138,0.015665840911865233,6284.361056804657,615000,0.12890625,0.005859375,0.103904754,0.41800612,0.06237793,0.00012249753,7748.46,0.31397888,0.0,16.198515,16.198515,0.1,1.0,0.0047125714,0.32123286,7805.622,,,,,,,
0.000105773965,0.0,,,,,,,988.84485,10827.108,7686.3276,4583.712,909.682,-879.38226,27883.168,,,,,,988.968,0.015649165868759154,6362.606892347336,620000,0.09765625,0.0043569715,0.04760995,0.12316201,0.20657086,0.000105773965,7746.5684,0.075446285,0.0,5.758582,5.758582,0.1,1.0,0.0017152838,0.33284584,7741.259,,,,,,,
4.2972606e-05,0.0,,,,,,,527.128,10841.149,7488.1465,-153.9704,1110.6207,-635.8511,27803.795,,,,,,527.41797,0.015641570615768433,6440.814752101898,625000,0.07421875,0.0031550482,0.19149214,0.28999668,0.03246379,4.2972606e-05,7535.752,0.098461576,0.0,6.217301,6.217301,0.1,1.0,0.0016949569,0.36285773,7419.1943,,,,,,,
4.451749e-05,0.0,,,,,,,1073.4581,10805.292,7539.769,-206.14569,2051.421,-798.27423,44922.492,,,,,,1073.6298,0.015624170541763306,6518.935611486435,630000,0.04296875,0.001953125,0.044604678,0.17165126,0.061195135,4.451749e-05,7624.1953,0.12700206,0.0,9.679953,9.679953,0.1,1.0,0.0025419989,0.31065756,7400.4556,,,,,,,
0.000108789405,0.0,,,,,,,983.4159,10844.576,7774.038,-261.33524,1366.6417,-286.16272,32652.465,,,,,,984.4972,0.015627361631393433,6597.072427034378,635000,0.06640625,0.0031550482,0.9073723,1.0812994,0.18970537,0.000108789405,7840.3535,0.17381826,0.0,6.1932497,6.1932497,0.1,1.0,0.0018349998,0.32263368,7849.913,,,,,,,
6.002369e-05,0.0,,,,,,,445.153,10801.389,7535.8887,-230.71295,1029.3064,-557.91614,20584.543,,,,,,445.28107,0.015621123886108399,6675.178054332733,640000,0.0859375,0.003455529,0.03821297,0.1280537,0.05658984,6.002369e-05,7584.037,0.08978071,0.0,4.434891,4.434891,0.1,1.0,0.0014377575,0.29178,7608.5444,,,,,,,
7.9037556e-05,0.0,,,,,,,571.6769,10846.388,7635.3237,-299.4398,656.2175,-894.33276,24323.408,,,,,,571.9307,0.01566046290397644,6753.480376005173,645000,0.08203125,0.00390625,0.170324,0.2538687,0.06351757,7.9037556e-05,7692.474,0.08346566,0.0,7.249815,7.249815,0.1,1.0,0.0018074751,0.31947714,7780.3027,,,,,,,
8.268583e-05,0.0,,,,,,,687.776,10836.334,7733.1846,5920.41,1593.3065,-412.8612,35531.207,,,,,,693.7244,0.015625451517105104,6831.60764169693,650000,0.06640625,0.0028545675,5.8275104,5.9483967,0.105775714,8.268583e-05,7790.253,0.12080369,0.0,5.1913757,5.1913757,0.1,1.0,0.0015019544,0.3392475,7942.181,,,,,,,
4.3076914e-05,0.0,,,,,,,541.507,10866.95,8024.881,-312.00818,334.0431,-811.4711,23232.518,,,,,,541.6359,0.015611657094955444,6909.665933847427,655000,0.046875,0.001953125,0.04375966,0.12889652,0.082844734,4.3076914e-05,8065.8096,0.085093774,0.0,5.094918,5.094918,0.1,1.0,0.001289821,0.29256123,8145.119,,,,,,,
6.0564304e-05,0.0,,,,,,,456.6537,10789.622,7458.6123,5634.9453,796.22736,-465.4766,25326.064,,,,,,456.82867,0.015694337606430055,6988.137628078461,660000,0.06640625,0.0028545675,0.05144027,0.17497578,0.06852722,6.0564304e-05,7504.715,0.12347495,0.0,4.367149,4.367149,0.1,1.0,0.001200042,0.31072733,7644.9463,,,,,,,
9.200771e-05,0.0,,,,,,,702.56506,10796.287,7324.805,5022.7905,475.32202,-520.48987,24227.203,,,,,,702.9103,0.015624087142944335,7066.25807094574,665000,0.08984375,0.004206731,0.0535715,0.34519234,0.100183725,9.200771e-05,7405.7,0.29152885,0.0,8.525916,8.525916,0.1,1.0,0.0024028514,0.31016383,7296.7944,,,,,,,
3.148304e-05,0.0,,,,,,,1280.1011,10838.064,7748.779,-230.12048,429.34647,-728.9894,29289.117,,,,,,1280.3358,0.0156159029006958,7144.337592601776,670000,0.02734375,0.0012019231,0.06745757,0.23476478,0.094583035,3.148304e-05,7832.795,0.16727573,0.0,9.210515,9.210515,0.1,1.0,0.0028802897,0.3260049,7681.3213,,,,,,,
5.3426844e-05,0.0,,,,,,,468.74463,10830.144,8028.553,6768.5015,826.77893,-297.27533,21801.07,,,,,,470.3029,0.015603521871566772,7222.355208396912,675000,0.07421875,0.0030048077,1.4804236,1.5582689,0.07153225,5.3426844e-05,8070.566,0.07779192,0.0,5.037735,5.037735,0.1,1.0,0.0015153845,0.29927987,8098.7314,,,,,,,
8.231079e-05,0.0,,,,,,,975.556,10796.202,7476.644,-62.52376,514.2473,-639.7263,22684.52,,,,,,975.853,0.015618025541305543,7300.445343494415,680000,0.109375,0.0051081735,0.07005403,0.2970051,0.06952238,8.231079e-05,7530.3096,0.22686873,0.0,5.022749,5.022749,0.1,1.0,0.0016705515,0.32246175,7682.9487,,,,,,,
3.8913095e-05,0.0,,,,,,,1132.6312,10805.877,7451.6387,-151.71027,1174.739,-3070.6106,53063.5,,,,,,1132.7959,0.015613059616088868,7378.510648012161,685000,0.0703125,0.003455529,0.050852027,0.16469291,0.04208088,3.8913095e-05,7514.742,0.11380198,0.0,5.7162046,5.7162046,0.1,1.0,0.0028526331,0.29126874,7483.9297,,,,,,,
7.8013225e-05,0.0,,,,,,,659.79083,10651.059,7532.0547,-262.17188,706.41034,-769.9823,19671.963,,,,,,659.9029,0.01562436065673828,7456.632458925247,690000,0.1015625,0.0048076925,0.05499585,0.112083815,0.094121814,7.8013225e-05,7591.345,0.05700995,0.0,4.658858,4.658858,0.1,1.0,0.0016815991,0.30558583,7680.601,,,,,,,
4.171983e-05,0.0,,,,,,,620.7133,10846.869,7556.7773,80.83215,387.18634,-2095.942,28706.902,,,,,,620.9211,0.015635427045822145,7534.809602499008,695000,0.078125,0.0031550482,0.07690937,0.20774075,0.028682947,4.171983e-05,7633.546,0.13078967,0.0,6.3210826,6.3210826,0.1,1.0,0.0026238947,0.34300458,8032.002,,,,,,,
0.00010072344,0.0,,,,,,,803.8298,10839.357,7453.382,-53.255657,519.5613,-1204.2657,29421.133,,,,,,804.14496,0.015623811340332031,7612.928667545319,700000,0.12109375,0.0055588945,0.18795526,0.3151647,0.06726229,0.00010072344,7535.926,0.12710871,0.0,10.724363,10.724363,0.1,1.0,0.0016138449,0.32980025,7633.805,,,,,,,
7.882958e-05,0.0,,,,,,,750.6561,10761.561,7354.4424,5513.977,255.63162,-498.6985,22185.17,,,,,,757.3801,0.019337497520446778,7709.61616230011,705000,0.06640625,0.0031550482,6.587124,6.724025,0.26901734,7.882958e-05,7420.464,0.13682231,0.0,6.2807465,6.2807465,0.1,1.0,0.0015890999,0.30741337,7408.4697,,,,,,,
6.607574e-05,0.0,,,,,,,2064.107,10799.798,7451.2524,271.34338,19137.05,-19397.922,578154.2,,,,,,2064.2065,0.015616786146163941,7787.700100660324,710000,0.12109375,0.0048076925,0.046007644,0.09965155,0.11857319,6.607574e-05,7526.7617,0.053577833,0.0,7.1244407,7.1244407,0.1,1.0,0.0014693714,0.30613455,7219.241,,,,,,,
7.960351e-05,0.0,,,,,,,547.8217,10881.19,7527.2397,-312.91434,246.27002,-247.07202,12858.139,,,,,,547.95703,0.015612678766250611,7865.7634999752045,715000,0.125,0.005408654,0.07725395,0.1353381,0.13712561,7.960351e-05,7597.4033,0.058004536,0.0,5.0040436,5.0040436,0.1,1.0,0.0017350519,0.2938268,7542.95,,,,,,,
5.128523e-05,0.0,,,,,,,566.9298,10810.339,7558.098,-288.61148,936.4303,-333.55698,18698.746,,,,,,567.1502,0.015622596836090089,7943.8764905929565,720000,0.05859375,0.0022536058,0.15679555,0.22039232,0.14474618,5.128523e-05,7622.997,0.06354549,0.0,6.0244427,6.0244427,0.1,1.0,0.0014086849,0.34692976,7734.8525,,,,,,,
0.000118154785,0.0,,,,,,,466.9944,10830.781,7687.698,-94.12003,1085.0684,-292.29095,23984.637,,,,,,467.10504,0.015624837589263916,8022.000684499741,725000,0.10546875,0.0040564905,0.046092384,0.11065861,0.33916187,0.000118154785,7737.755,0.06444807,0.0,4.7204,4.7204,0.1,1.0,0.0013653109,0.2762116,7390.6953,,,,,,,
0.0001508303,0.0,,,,,,,739.4386,10873.056,7656.7617,-303.37634,382.23248,-1720.3264,29361.906,,,,,,739.7632,0.015619808626174927,8100.099733829498,730000,0.16015625,0.0067608175,0.20086311,0.32456696,0.17177808,0.0001508303,7721.552,0.12355303,0.0,5.8795395,5.8795395,0.1,1.0,0.001978201,0.25855392,8139.6904,,,,,,,
8.2930535e-05,0.0,,,,,,,561.7804,10860.438,7808.52,-228.06023,243.1665,-235.54367,14700.697,,,,,,561.98096,0.015636052417755127,8178.28000330925,735000,0.1015625,0.0043569715,0.06372804,0.20056753,0.19359279,8.2930535e-05,7879.623,0.13675655,0.0,6.3701773,6.3701773,0.1,1.0,0.0020138132,0.30648288,7756.6035,,,,,,,
6.0077437e-05,0.0,,,,,,,512.339,10877.305,7859.5444,-91.831,668.83746,-357.57297,17841.941,,,,,,512.5831,0.01560533127784729,8256.30666732788,740000,0.08984375,0.0036057695,0.054491714,0.2441369,0.10004592,6.0077437e-05,7931.4995,0.1895851,0.0,5.9919767,5.9919767,0.1,1.0,0.0016756641,0.3112669,7939.185,,,,,,,
8.922307e-05,0.0,,,,,,,800.84906,10902.699,7799.4893,-52.488304,519.4983,-551.10815,24085.035,,,,,,801.04126,0.01562645592689514,8334.43895483017,745000,0.09375,0.0037560097,0.07043028,0.19220386,0.10649943,8.922307e-05,7883.6216,0.12168436,0.0,7.8855987,7.8855987,0.1,1.0,0.0025152627,0.31426853,7662.916,,,,,,,
0.00011615902,0.0,,,,,,,679.4737,10902.581,8060.6567,70.98588,492.24475,-1172.0747,22506.102,,,,,,679.63184,0.015620430183410644,8412.54111289978,750000,0.125,0.005408654,0.09111823,0.15813622,0.22191477,0.00011615902,8138.668,0.06690183,0.0,8.067852,8.067852,0.1,1.0,0.0014935994,0.30866235,8164.8877,,,,,,,
8.160675e-05,0.0,,,,,,,580.607,10924.371,7827.71,-35.618835,303.8594,-359.26837,18201.89,,,,,,1235.606,0.015624629831314086,8490.664268493652,755000,0.0703125,0.0033052885,654.87366,654.999,0.2418493,8.160675e-05,7883.7974,0.12528951,0.0,5.190029,5.190029,0.1,1.0,0.0017665788,0.28751096,7836.2583,,,,,,,
9.619787e-05,0.0,,,,,,,567.34216,10890.518,7848.8867,-33.095287,143.58179,-695.4303,16520.312,,,,,,567.48895,0.015622502899169922,8568.776788949966,760000,0.08203125,0.0031550482,0.07099607,0.14681968,0.1919955,9.619787e-05,7906.9326,0.07572742,0.0,4.167041,4.167041,0.1,1.0,0.0012781129,0.3149891,7846.7075,,,,,,,
4.7989586e-05,0.0,,,,,,,472.26584,10880.617,7518.6694,72.07722,411.28748,-408.62845,17305.176,,,,,,472.39246,0.015611794137954712,8646.835765838623,765000,0.0859375,0.0033052885,0.06397207,0.1266198,0.05257988,4.7989586e-05,7567.755,0.062599726,0.0,4.4531245,4.4531245,0.1,1.0,0.0020650518,0.29662573,7747.541,,,,,,,
5.3379652e-05,0.0,,,,,,,1062.4452,10899.32,7712.144,55.816475,332.24457,-450.94714,25220.527,,,,,,1062.5511,0.01561542272567749,8724.91288471222,770000,0.0703125,0.0031550482,0.047581997,0.105953366,0.05842352,5.3379652e-05,7789.2324,0.058317993,0.0,5.8427563,5.8427563,0.1,1.0,0.001967829,0.28401747,7330.207,,,,,,,
0.00011966236,0.0,,,,,,,757.72925,10846.069,7767.034,6042.275,631.4013,-249.78583,22621.77,,,,,,758.2907,0.015614041042327881,8802.983097076416,775000,0.125,0.0055588945,0.4180204,0.5614638,0.22947693,0.00011966236,7838.999,0.1433237,0.0,6.85569,6.85569,0.1,1.0,0.0015110823,0.3313294,7850.4814,,,,,,,
3.8896025e-05,0.0,,,,,,,552.6107,10850.55,7754.9355,-63.904575,239.73616,-1085.0405,28098.084,,,,,,552.7518,0.015628103637695314,8881.123621463776,780000,0.078125,0.0031550482,0.054676887,0.14104581,0.053577423,3.8896025e-05,7823.8384,0.086330034,0.0,10.501474,10.501474,0.1,1.0,0.001411507,0.29329148,7796.4863,,,,,,,
6.441636e-05,0.0,,,,,,,899.6394,10833.774,7694.073,-109.70497,621.8381,-998.00726,23109.764,,,,,,900.2263,0.015609496641159057,8959.171111822128,785000,0.1484375,0.0060096155,0.38044158,0.58694303,0.042880893,6.441636e-05,7771.72,0.206437,0.0,11.770405,11.770405,0.1,1.0,0.0023648047,0.32265067,7726.705,,,,,,,
6.493006e-05,0.0,,,,,,,646.50977,10841.413,7766.1074,-252.68716,323.8048,-465.62634,18552.545,,,,,,646.6269,0.015654355478286742,9037.442896604538,790000,0.0859375,0.0037560097,0.032370135,0.11712527,0.058798194,6.493006e-05,7818.916,0.084690206,0.0,5.566856,5.566856,0.1,1.0,0.0016371334,0.27267334,7676.2407,,,,,,,
8.9933936e-05,0.0,,,,,,,424.12662,10749.344,7566.3594,-275.13086,602.7591,-388.13214,14997.642,,,,,,424.25925,0.01555630612373352,9115.224433898926,795000,0.06640625,0.0031550482,0.045070577,0.13264169,0.09876907,8.9933936e-05,7634.001,0.08748118,0.0,6.4083724,6.4083724,0.1,1.0,0.00216746,0.3349297,7694.0854,,,,,,,
5.7395602e-05,0.0,,,,,,,749.3605,10747.672,7593.3076,-258.87778,276.27438,-776.9249,21315.535,,,,,,749.5226,0.01563313798904419,9193.390130758286,800000,0.0625,0.0024038462,0.0917611,0.16210835,0.17954159,5.7395602e-05,7659.408,0.07028985,0.0,7.140649,7.140649,0.1,1.0,0.0017858838,0.3065246,8008.1934,,,,,,,
3.280831e-05,0.0,,,,,,,710.28424,10797.001,7573.9707,4187.935,550.36194,-707.6516,25114.188,,,,,,710.7886,0.01947101788520813,9290.745227098465,805000,0.06640625,0.002704327,0.27576014,0.50433254,0.06393969,3.280831e-05,7626.787,0.22853962,0.0,6.7079926,6.7079926,0.1,1.0,0.0018281888,0.30056357,7880.9634,,,,,,,
7.7306926e-05,0.0,,,,,,,711.80054,10776.031,7707.3726,-149.225,283.12744,-284.37317,16693.055,,,,,,712.096,0.015625489711761475,9368.872683048248,810000,0.09375,0.0040564905,0.058030423,0.29545856,0.082193375,7.7306926e-05,7772.9673,0.23735082,0.0,7.1806536,7.1806536,0.1,1.0,0.0021904646,0.3190239,7897.5537,,,,,,,
3.6456837e-05,0.0,,,,,,,858.59534,10799.876,7514.4336,4641.693,855.20245,-392.51508,24197.504,,,,,,858.9352,0.015663262271881105,9447.189000606537,815000,0.0703125,0.002704327,0.05157522,0.33984303,0.055945277,3.6456837e-05,7574.889,0.28823137,0.0,7.4531946,7.4531946,0.1,1.0,0.0016257813,0.32298625,7546.6406,,,,,,,
6.939876e-05,0.0,,,,,,,719.8925,10784.282,7167.4854,-170.35982,641.3455,-584.14746,20579.43,,,,,,720.15924,0.015701155614852906,9525.69478559494,820000,0.06640625,0.0030048077,0.16519424,0.26673535,0.11233175,6.939876e-05,7209.6797,0.1014717,0.0,5.5959435,5.5959435,0.1,1.0,0.0019325609,0.3255426,7142.7383,,,,,,,
8.174733e-05,0.0,,,,,,,819.5558,10775.597,7604.793,-182.93855,857.9536,-231.64134,20388.447,,,,,,819.9116,0.015546445083618163,9603.427018404007,825000,0.07421875,0.0030048077,0.15937805,0.35585704,0.19410193,8.174733e-05,7681.0825,0.19639724,0.0,10.008452,10.008452,0.1,1.0,0.0022538113,0.32859823,7460.909,,,,,,,
2.4628827e-05,0.0,,,,,,,658.8167,10789.624,7661.3467,328.18176,419.40088,-529.8002,20264.855,,,,,,659.0105,0.01569834499359131,9681.91875076294,830000,0.05078125,0.001953125,0.057409648,0.19378655,0.0777179,2.4628827e-05,7717.305,0.13635227,0.0,7.245242,7.245242,0.1,1.0,0.0017865007,0.32015085,7671.956,,,,,,,
3.073721e-05,0.0,,,,,,,476.37354,10769.756,7018.2407,-108.97102,230.49345,-300.3614,15142.263,,,,,,476.80087,0.015532483100891113,9759.581173181534,835000,0.06640625,0.0031550482,0.28383997,0.42733714,0.02891779,3.073721e-05,7055.3345,0.14346644,0.0,4.6577206,4.6577206,0.1,1.0,0.0012697661,0.3388034,6992.9004,,,,,,,
6.4691296e-05,0.0,,,,,,,1325.3557,10725.783,7230.2007,5281.467,675.2085,-430.61545,29356.81,,,,,,1325.7211,0.015710138654708862,9838.131873369217,840000,0.11328125,0.0045072115,0.09357852,0.3653653,0.082517624,6.4691296e-05,7308.785,0.27172208,0.0,9.000153,9.000153,0.1,1.0,0.0033311427,0.34408814,7588.41,,,,,,,
5.0922536e-05,0.0,,,,,,,917.8662,10613.066,7557.993,-118.5377,1139.6377,-675.5224,29897.625,,,,,,921.51447,0.015604548263549805,9916.154622077942,845000,0.0546875,0.0022536058,3.4660716,3.648254,0.10197461,5.0922536e-05,7613.9834,0.18213134,0.0,5.1904755,5.1904755,0.1,1.0,0.0019086923,0.3479096,7744.2227,,,,,,,
9.42557e-05,0.0,,,,,,,864.3534,10756.242,7435.8647,5224.992,212.93958,-785.8333,21385.102,,,,,,864.5065,0.01562518639564514,9994.280561208725,850000,0.0859375,0.0037560097,0.047566507,0.15305069,0.17277181,9.42557e-05,7493.161,0.10538994,0.0,5.178805,5.178805,0.1,1.0,0.0014600959,0.36263204,7466.6895,,,,,,,
5.5446668e-05,0.0,,,,,,,1459.899,10697.286,7833.716,3799.3972,2141.4421,-988.36127,52113.535,,,,,,1460.0593,0.015622311449050904,10072.392124891281,855000,0.09375,0.0037560097,0.06552492,0.16023318,0.08472741,5.5446668e-05,7884.936,0.09465281,0.0,5.4761252,5.4761252,0.1,1.0,0.0017882476,0.31350884,8195.786,,,,,,,
7.000231e-05,0.0,,,,,,,709.4724,10731.824,7352.3594,5432.3633,1035.6981,-1165.0463,28969.893,,,,,,709.7017,0.015597191667556763,10150.378089666367,860000,0.1171875,0.005408654,0.08129921,0.22933257,0.061790466,7.000231e-05,7396.388,0.14796336,0.0,4.1087246,4.1087246,0.1,1.0,0.0015024742,0.28090325,7330.475,,,,,,,
7.6407014e-05,0.0,,,,,,,919.28467,10746.807,7152.6846,-345.2176,949.1351,-575.6124,24439.047,,,,,,919.55804,0.015613079881668091,10228.443495750427,865000,0.1015625,0.0043569715,0.05816634,0.2733679,0.14863253,7.6407014e-05,7204.9146,0.21512516,0.0,5.9935207,5.9935207,0.1,1.0,0.002439463,0.34363487,7324.4355,,,,,,,
0.00010455174,0.0,,,,,,,1227.5892,10732.594,7127.507,-159.86298,642.77246,-665.713,23095.875,,,,,,1227.8785,0.015615549087524414,10306.521248579025,870000,0.1171875,0.004657452,0.042344823,0.28933448,0.12150121,0.00010455174,7190.5728,0.24688509,0.0,5.6156554,5.6156554,0.1,1.0,0.0026862063,0.3132506,7397.7,,,,,,,
6.376752e-05,0.0,,,,,,,474.4204,10735.18,7436.751,5358.265,583.6033,-539.9955,18639.809,,,,,,474.61346,0.015594087123870849,10384.491692066193,875000,0.08203125,0.0036057695,0.03929756,0.19306056,0.095149755,6.376752e-05,7485.9565,0.15369925,0.0,5.122775,5.122775,0.1,1.0,0.0018379057,0.29721197,7287.9434,,,,,,,
6.0709106e-05,0.0,,,,,,,18072.773,10787.188,7108.88,132.59535,52264.367,-37996.484,931728.1,,,,,,18073.375,0.015610170316696167,10462.542550086975,880000,0.08203125,0.0033052885,0.33762518,0.6013178,0.058098435,6.0709106e-05,7196.598,0.26363194,0.0,10.432975,10.432975,0.1,1.0,0.0023145457,0.31603733,7448.8066,,,,,,,
5.8060854e-05,0.0,,,,,,,823.51,10414.659,7204.0117,-303.72498,349.6414,-1035.9645,18993.582,,,,,,823.90436,0.015587713527679443,10540.481124639511,885000,0.078125,0.003455529,0.296802,0.39434066,0.10336995,5.8060854e-05,7291.63,0.097480595,0.0,9.575693,9.575693,0.1,1.0,0.0021337352,0.2900894,7461.004,,,,,,,
7.420658e-05,0.0,,,,,,,893.4147,10820.499,7751.212,-165.91411,1648.2487,-1002.45593,36722.062,,,,,,893.7161,0.015598048877716065,10618.471375703812,890000,0.109375,0.004657452,0.1381449,0.3014321,0.0808301,7.420658e-05,7820.044,0.163213,0.0,8.5593605,8.5593605,0.1,1.0,0.0023449773,0.29790035,8190.367,,,,,,,
8.5703476e-05,0.0,,,,,,,832.0178,10802.593,7528.617,5431.6953,1249.7727,-783.2262,28566.77,,,,,,832.2426,0.015609913969039917,10696.52095246315,895000,0.12109375,0.0048076925,0.07966232,0.22479965,0.10932481,8.5703476e-05,7597.7744,0.14505163,0.0,7.7666645,7.7666645,0.1,1.0,0.0024361897,0.3331465,7931.175,,,,,,,
8.010488e-05,0.0,,,,,,,690.3905,10772.875,7712.1377,-346.507,610.191,-523.1522,19097.902,,,,,,690.6157,0.015607362031936646,10774.557769060135,900000,0.07421875,0.0037560097,0.08151932,0.22521755,0.076580405,8.010488e-05,7768.0024,0.14361812,0.0,5.362343,5.362343,0.1,1.0,0.0017497374,0.28980365,8000.485,,,,,,,
9.607037e-05,0.0,,,,,,,485.8786,10759.796,7207.048,116.70983,512.62537,-335.44482,17126.363,,,,,,486.98087,0.019385932970046996,10871.487440824509,905000,0.0859375,0.00390625,0.9551365,1.1022562,0.14428043,9.607037e-05,7241.421,0.14702362,0.0,4.540059,4.540059,0.1,1.0,0.0018036686,0.3272277,7530.743,,,,,,,
6.236778e-05,0.0,,,,,,,686.0281,10825.3955,7442.546,-159.23247,1212.7836,-1134.1687,34104.582,,,,,,686.18774,0.01560348825454712,10949.504888296127,910000,0.07421875,0.0036057695,0.073351495,0.15966819,0.057357192,6.236778e-05,7488.265,0.08625433,0.0,4.444322,4.444322,0.1,1.0,0.0017311784,0.3566468,7400.454,,,,,,,
7.605879e-05,0.0,,,,,,,898.42896,10781.859,6992.845,4254.0,707.7548,-482.82367,28944.764,,,,,,898.70996,0.015604508733749389,11027.527439117432,915000,0.07421875,0.0028545675,0.059564836,0.2810239,0.11094248,7.605879e-05,7059.413,0.22138299,0.0,6.551954,6.551954,0.1,1.0,0.0019127912,0.2880365,6969.767,,,,,,,
5.7573e-05,0.0,,,,,,,677.0206,10785.39,6958.121,152.32507,610.9911,-697.5634,24829.727,,,,,,677.1913,0.015615053129196166,11105.602711200714,920000,0.078125,0.003455529,0.068930134,0.17062572,0.06330502,5.7573e-05,7013.2056,0.10163801,0.0,6.5668344,6.5668344,0.1,1.0,0.0020314876,0.28665376,6851.7188,,,,,,,
5.962408e-05,0.0,,,,,,,760.1358,10773.082,7356.621,4597.7397,492.98642,-381.56598,19162.543,,,,,,760.30804,0.01558954119682312,11183.550424098969,925000,0.1015625,0.0043569715,0.073159955,0.17224576,0.061011195,5.962408e-05,7426.492,0.09902619,0.0,6.1664286,6.1664286,0.1,1.0,0.001817639,0.32230785,7775.6826,,,,,,,
5.3632342e-05,0.0,,,,,,,602.23804,10779.292,7094.111,5317.519,415.20477,-262.84894,16169.968,,,,,,602.4572,0.015628486108779906,11261.69286108017,930000,0.0859375,0.0043569715,0.14586984,0.21919213,0.038999796,5.3632342e-05,7141.5073,0.073268674,0.0,5.521056,5.521056,0.1,1.0,0.0017544474,0.2884972,7131.7793,,,,,,,
7.297785e-05,0.0,,,,,,,972.11487,10663.89,7460.258,65.77108,916.5751,-1480.3876,42738.31,,,,,,972.3978,0.015596643686294556,11339.6760866642,935000,0.07421875,0.0031550482,0.17063567,0.28297246,0.10216689,7.297785e-05,7553.0605,0.11226379,0.0,7.2507963,7.2507963,0.1,1.0,0.002135041,0.28158814,7318.243,,,,,,,
7.699525e-05,0.0,,,,,,,596.69385,10767.634,7390.826,-125.28271,588.8542,-886.05524,27654.371,,,,,,596.8326,0.01561701364517212,11417.7611618042,940000,0.10546875,0.0045072115,0.054684512,0.1387575,0.06734252,7.699525e-05,7427.828,0.08399599,0.0,3.3851657,3.3851657,0.1,1.0,0.0012729862,0.2894881,7281.3745,,,,,,,
3.7434296e-05,0.0,,,,,,,3359.8965,10785.891,7395.151,3015.1716,17184.465,-20505.49,258476.94,,,,,,3360.2305,0.01560911784172058,11495.80675983429,945000,0.0703125,0.0031550482,0.08786976,0.33410466,0.039556503,3.7434296e-05,7462.5635,0.24619745,0.0,6.303951,6.303951,0.1,1.0,0.0017241857,0.31788883,7448.5146,,,,,,,
6.063958e-05,0.0,,,,,,,883.0779,10759.87,7241.1963,5363.2095,552.61804,-739.348,23718.875,,,,,,883.39685,0.015629939317703248,11573.956463813782,950000,0.078125,0.003455529,0.09258258,0.3189608,0.10267186,6.063958e-05,7301.332,0.22631755,0.0,6.0212245,6.0212245,0.1,1.0,0.0023867048,0.30426845,7084.508,,,,,,,
4.9376344e-05,0.0,,,,,,,527.506,10767.034,7521.282,5599.849,292.7215,-284.4375,15992.399,,,,,,527.7959,0.015589836645126342,11651.905653715134,955000,0.046875,0.001953125,0.0995287,0.28990853,0.12621403,4.9376344e-05,7576.859,0.19033045,0.0,6.113953,6.113953,0.1,1.0,0.0015544246,0.31306404,7388.5117,,,,,,,
8.253268e-05,0.0,,,,,,,1018.7831,10821.82,7453.9785,-263.60733,1230.9166,-634.56354,33580.203,,,,,,1019.1795,0.015608505201339721,11729.948186397552,960000,0.109375,0.0045072115,0.15216818,0.39641926,0.10014653,8.253268e-05,7524.9277,0.24416855,0.0,10.391863,10.391863,0.1,1.0,0.0023591497,0.3045007,7579.078,,,,,,,
6.70109e-05,0.0,,,,,,,783.8167,10796.257,7309.138,-58.871384,755.17065,-397.35727,19502.527,,,,,,784.1107,0.015576498985290527,11807.830687046051,965000,0.0546875,0.0022536058,0.044015903,0.2940304,0.10118711,6.70109e-05,7343.82,0.24994746,0.0,6.538907,6.538907,0.1,1.0,0.0021332032,0.3252328,7800.7666,,,,,,,
5.9534887e-05,0.0,,,,,,,857.6289,10739.138,7185.413,-332.32474,613.06744,-293.3687,22777.719,,,,,,857.9591,0.015634858417510986,11886.00498509407,970000,0.09765625,0.004206731,0.118884735,0.33020428,0.044760585,5.9534887e-05,7238.5674,0.21125999,0.0,7.069356,7.069356,0.1,1.0,0.0028835637,0.32042074,7376.502,,,,,,,
8.2585895e-05,0.0,,,,,,,1153.2505,10737.997,7372.6143,-268.40753,621.23535,-332.30054,22308.01,,,,,,1156.1698,0.015599706506729125,11964.003523111343,975000,0.078125,0.003455529,2.7674217,2.919346,0.116654515,8.2585895e-05,7436.247,0.15184191,0.0,5.903572,5.903572,0.1,1.0,0.0020526191,0.29481193,7781.181,,,,,,,
7.620424e-05,0.0,,,,,,,2120.7324,10694.834,7001.2983,5108.1313,510.92462,-617.5653,35333.785,,,,,,2121.2805,0.015601345920562745,12042.010259151459,980000,0.08203125,0.003455529,0.30036378,0.5480129,0.13352883,7.620424e-05,7072.829,0.24757294,0.0,9.045374,9.045374,0.1,1.0,0.001977216,0.3202219,7225.5664,,,,,,,
3.8982136e-05,0.0,,,,,,,358.74786,10720.609,7257.115,-260.36707,538.6488,-722.98584,16617.385,,,,,,358.95807,0.015604255485534667,12120.031543970108,985000,0.05859375,0.0025540867,0.056942053,0.21019477,0.05114436,3.8982136e-05,7301.5537,0.15321374,0.0,6.6079054,6.6079054,0.1,1.0,0.0017178586,0.3216814,7358.913,,,,,,,
4.779956e-05,0.0,,,,,,,778.2562,10730.314,7344.734,-240.40366,398.22528,-1017.52,21987.64,,,,,,778.8866,0.015596447134017944,12198.013785362244,990000,0.0703125,0.0031550482,0.45074627,0.6303827,0.066357374,4.779956e-05,7413.2817,0.17958866,0.0,6.1825013,6.1825013,0.1,1.0,0.0024337952,0.28963888,7269.242,,,,,,,
6.588954e-05,0.0,,,,,,,350.23352,10770.744,7069.3306,-220.92146,243.6648,-252.00778,14213.23,,,,,,350.43106,0.01561643705368042,12276.09597659111,995000,0.109375,0.0048076925,0.07395824,0.1975432,0.13195157,6.588954e-05,7116.204,0.12351908,0.0,6.2176995,6.2176995,0.1,1.0,0.002060453,0.33409914,7034.79,,,,,,,
0.00012892825,0.0,,,,,,,495.3312,10759.328,7294.9624,3497.144,165.26349,-501.28326,14098.281,,,,,,495.52502,0.015594588136672973,12354.068923473358,1000000,0.09375,0.0045072115,0.071434125,0.19381538,0.32019627,0.00012892825,7351.963,0.12225232,0.0,7.999155,7.999155,0.1,1.0,0.0017818564,0.31400347,7726.125,,,,,,,
7.660453e-05,0.0,,,,,,,676.18994,10759.021,7227.99,-168.56584,1051.4453,-536.6981,23437.31,,,,,,676.4015,0.023435695600509645,12471.24740600586,1005000,0.09375,0.00390625,0.057740178,0.2115509,0.21028793,7.660453e-05,7300.045,0.15373412,0.0,11.285014,11.285014,0.1,1.0,0.001979712,0.34718806,7078.937,0.0,5000.0,-1.1148011053183822,-137.91577714902536,200.0,3.7840099334716797,1.0478299099492563
5.695566e-05,0.0,,,,,,,648.9248,10743.706,6695.206,-281.09015,230.74236,-351.13098,16324.434,,,,,,649.03107,0.019534890079498293,12568.921863079071,1010000,0.0703125,0.0030048077,0.04270736,0.10623848,0.09701955,5.695566e-05,6738.215,0.06347416,0.0,3.510888,3.510888,0.1,1.0,0.0020261833,0.28252408,6767.123,0.0,10000.0,-1.2807548036845775,-187.5294557087127,200.0,3.8060317039489746,0.6682009314826933
4.7024252e-05,0.0,,,,,,,456.64944,10776.8545,6809.4824,-267.09927,261.24323,-1131.1376,19694.336,,,,,,456.7993,0.019546337366104127,12666.653558015823,1015000,0.06640625,0.002704327,0.04802953,0.1498518,0.09882045,4.7024252e-05,6844.965,0.10177524,0.0,3.337976,3.337976,0.1,1.0,0.0015261222,0.24754742,6709.5723,0.0,15000.0,-0.9426983839800791,-186.18042343392418,200.0,3.858793020248413,0.6785233215828403
9.596916e-05,0.0,,,,,,,1010.08167,10826.138,6687.3174,3810.1243,357.6835,-470.49594,19985.379,,,,,,1010.6406,0.020645937156677247,12769.883250713348,1020000,0.05859375,0.0030048077,0.26117867,0.55897725,0.19373298,9.596916e-05,6732.087,0.29770264,0.0,6.9485803,6.9485803,0.1,1.0,0.0021530413,0.3296628,6867.235,0.0,20000.0,-1.2128895018843255,-252.53662948211596,200.0,3.958158016204834,0.17078554747914657
9.691472e-05,0.0,,,,,,,756.8525,10819.761,6539.732,-46.602505,472.0392,-1510.4667,27181.39,,,,,,756.99884,0.01976534285545349,12868.709971666336,1025000,0.09375,0.00390625,0.042638276,0.14634861,0.1824348,9.691472e-05,6579.047,0.103613414,0.0,4.3487325,4.3487325,0.1,1.0,0.0030095326,0.3037648,6158.0737,0.0,25000.0,1.323394354323602,-85.17580937761105,200.0,3.868751049041748,1.451380315213696
8.88898e-05,0.0,,,,,,,699.30804,10789.736,6344.699,-246.78053,471.16513,-558.7882,21816.045,,,,,,704.8049,0.0200164306640625,12968.79213142395,1030000,0.0546875,0.0028545675,5.4087944,5.496845,0.13935101,8.88898e-05,6388.6064,0.08796176,0.0,6.390197,6.390197,0.1,1.0,0.0019419768,0.31565768,6401.9805,0.0,30000.0,1.1395037409468316,210.0753990386585,200.0,4.3686463832855225,3.710553952323522
7.4389965e-05,0.0,,,,,,,1353.8035,10873.987,6312.0815,-23.849552,876.63275,-900.68164,27451.188,,,,,,1354.3683,0.019623575448989867,13066.910015583038,1035000,0.078125,0.0037560097,0.22665687,0.5647798,0.074423075,7.4389965e-05,6351.718,0.33804858,0.0,5.974292,5.974292,0.1,1.0,0.002481314,0.31681553,6116.82,0.0,35000.0,-1.4304052984760638,-266.7680201171466,200.0,4.36687707901001,0.061891217411770574
6.9544454e-05,0.0,,,,,,,1109.2947,10916.477,6688.6895,1843.5365,1051.1853,-1210.2483,29866.467,,,,,,1109.7122,0.019656465768814087,13165.192352294922,1040000,0.05078125,0.002704327,0.22367588,0.41747648,0.12974143,6.9544454e-05,6731.4546,0.19373105,0.0,6.7747397,6.7747397,0.1,1.0,0.0030859401,0.335216,6899.63,1.0,40000.0,101.8322071805824,15183.2836176624,200.0,3.864243268966675,118.28104953782757
1.6066086e-05,0.0,,,,,,,648.03687,10947.906,6642.9062,-338.80753,432.62784,-660.8274,28094.906,,,,,,648.3499,0.019815618133544922,13264.270449638367,1045000,0.0625,0.0024038462,0.057464805,0.3130571,0.021277785,1.6066086e-05,6683.4673,0.25557622,0.0,6.1045237,6.1045237,0.1,1.0,0.0031415685,0.28916946,6633.4106,0.0,45000.0,0.7810329860483725,-6.459580064963141,200.0,3.842778205871582,2.053693277892925
4.9179976e-05,0.0,,,,,,,1060.7046,10980.086,5959.4106,-120.52097,1116.0487,-589.5816,39591.668,,,,,,1061.2705,0.019588183403015137,13362.211373329163,1050000,0.08984375,0.004206731,0.2381523,0.56591266,0.037450314,4.9179976e-05,5996.1855,0.32771122,0.0,4.849602,4.849602,0.1,1.0,0.0028172072,0.3190358,6068.6846,1.0,50000.0,101.66639637923278,2254.9675954317977,200.0,3.812272310256958,19.3574553337047
0.00010550266,0.0,,,,,,,2963.6697,10992.713,6756.083,3609.5977,1767.3567,-2073.5408,49896.75,,,,,,2963.9512,0.019710429430007934,13460.763527393341,1055000,0.109375,0.0048076925,0.070824765,0.28155538,0.054323673,0.00010550266,6823.493,0.21062511,0.0,7.8838577,7.8838577,0.1,1.0,0.0039921743,0.34444723,6901.2915,0.0,55000.0,-1.5106683548081155,-249.77212552196104,200.0,4.263725280761719,0.19193870210963423
8.61472e-05,0.0,,,,,,,2182.2466,10978.411,6565.4497,-317.1019,3492.2769,-2325.3813,54344.824,,,,,,2182.835,0.019569314050674438,13558.610103845596,1060000,0.06640625,0.003455529,0.20580338,0.5882939,0.13903344,8.61472e-05,6615.546,0.38240442,0.0,6.6867986,6.6867986,0.1,1.0,0.0023311742,0.342493,6811.75,0.0,60000.0,-1.18399843604922,-242.32178962142265,200.0,4.23908543586731,0.24894643645353115
8.604101e-05,0.0,,,,,,,1236.2943,11038.731,6755.077,3848.131,424.53296,-907.63715,32173.238,,,,,,1236.8774,0.01960486044883728,13656.63441157341,1065000,0.0859375,0.0045072115,0.23519026,0.5830884,0.05428648,8.604101e-05,6801.7417,0.34781206,0.0,6.1897726,6.1897726,0.1,1.0,0.003379828,0.31348038,6951.659,0.0,65000.0,-1.3542863976942963,-257.31214772714225,200.0,3.8090763092041016,0.1342447150789298
6.871501e-05,0.0,,,,,,,1879.2816,11002.644,7028.571,652.71216,972.3021,-1083.2109,47731.53,,,,,,2095.3088,0.01961818561553955,13754.72534608841,1070000,0.0703125,0.003455529,215.6391,216.02724,0.077762365,6.871501e-05,7076.7363,0.38806763,0.0,6.7780056,6.7780056,0.1,1.0,0.0025637718,0.29297796,7331.746,1.0,70000.0,101.79175774373829,4424.351512370836,200.0,3.8534088134765625,35.95692999871224
4.288067e-05,0.0,,,,,,,1328.1946,11002.314,6971.4688,3387.7808,2048.185,-736.0912,45854.605,,,,,,1329.2354,0.020230461931228638,13855.87766289711,1075000,0.0625,0.002704327,0.06154301,1.0407696,0.042829752,4.288067e-05,7021.042,0.9791837,0.0,8.299717,8.299717,0.1,1.0,0.0024423816,0.4131105,7455.689,1.0,75000.0,101.73108055420951,16181.856252617072,200.0,3.875393867492676,125.92182765260588
7.5679076e-05,0.0,,,,,,,2255.0276,11124.095,7017.378,178.47719,2068.4004,-971.14545,55918.867,,,,,,2255.3286,0.019846792316436768,13955.11163187027,1080000,0.078125,0.0033052885,0.08348594,0.3011373,0.11234629,7.5679076e-05,7084.0127,0.2175757,0.0,9.103708,9.103708,0.1,1.0,0.0027121033,0.27231932,7616.5127,0.0,80000.0,24.646095006158458,2125.360585823778,200.0,3.8332879543304443,18.36574139335646
4.0996034e-05,0.0,,,,,,,4586.4395,11168.821,7219.2925,4108.6655,2787.6812,-2860.5903,107035.3,,,,,,4586.8364,0.02004809970855713,14055.352137804031,1085000,0.05859375,0.002704327,0.08098382,0.39677987,0.04649961,4.0996034e-05,7280.178,0.31575504,0.0,8.856714,8.856714,0.1,1.0,0.0027196081,0.28375512,7501.943,0.0,85000.0,-1.1780007211472712,-238.6166081131408,200.0,3.8890388011932373,0.27729737336964877
8.035543e-05,0.0,,,,,,,1950.4839,11118.192,7210.169,-64.89885,1194.481,-982.58984,40580.395,,,,,,1950.9684,0.02016666626930237,14156.185475349426,1090000,0.1171875,0.004957933,0.1549165,0.4844921,0.13653243,8.035543e-05,7292.9756,0.32949525,0.0,11.105625,11.105625,0.1,1.0,0.0038846764,0.3304824,7502.633,0.0,90000.0,-1.247795467925336,-259.13275844662417,200.0,3.9032340049743652,0.12031394824835293
5.7308847e-05,0.0,,,,,,,3150.3496,11144.928,7520.016,-166.18272,1995.2123,-2690.6836,82177.57,,,,,,3151.193,0.019944021701812743,14255.90559053421,1095000,0.0703125,0.002704327,0.4482887,0.84341866,0.11205745,5.7308847e-05,7567.186,0.39507267,0.0,7.7900057,7.7900057,0.1,1.0,0.0024389268,0.31012008,7923.656,0.0,95000.0,1.0098350326344265,74.9329585151254,200.0,3.8866524696350098,2.6764845558826544
2.7346605e-05,0.0,,,,,,,1391.895,11193.496,7512.7334,-65.47312,1303.5385,-1310.7948,59535.02,,,,,,1392.1823,0.01974567999839783,14354.63399720192,1100000,0.05859375,0.0025540867,0.09172681,0.28721458,0.043085456,2.7346605e-05,7571.94,0.19546042,0.0,6.510412,6.510412,0.1,1.0,0.0028741963,0.316411,7822.7007,0.0,100000.0,-1.2324408439363252,-254.48713258027738,200.0,4.261638402938843,0.1558608831497304
3.68944e-05,0.0,,,,,,,1524.2527,11238.269,7661.9805,-77.247154,2867.4272,-871.5576,65422.664,,,,,,1524.652,0.02345089020729065,14471.888454437256,1105000,0.0703125,0.002704327,0.057809092,0.39932957,0.08573961,3.68944e-05,7712.5474,0.3414836,0.0,6.4724665,6.4724665,0.1,1.0,0.0024231789,0.33809945,7655.812,1.0,105000.0,101.79558760186549,15406.646137267815,200.0,3.9264893531799316,119.9901525031219
2.2253667e-05,0.0,,,,,,,1884.5596,11289.243,7656.6665,3425.8472,2284.079,-1442.4314,60438.94,,,,,,1884.858,0.019809040594100952,14570.933663845062,1110000,0.0546875,0.0022536058,0.056487367,0.2984965,0.045617104,2.2253667e-05,7715.9204,0.2419869,0.0,9.75097,9.75097,0.1,1.0,0.0028745374,0.27458835,7445.7812,0.0,110000.0,-0.507880405677302,114.37378716416141,200.0,4.316429376602173,2.978273939870687
2.605384e-05,0.0,,,,,,,2370.6782,11262.065,7616.382,-91.07154,4425.9893,-2619.282,77590.516,,,,,,2370.9758,0.019550105953216552,14668.684200525284,1115000,0.0546875,0.0024038462,0.04281826,0.29770786,0.043361664,2.605384e-05,7668.3604,0.25486356,0.0,7.028699,7.028699,0.1,1.0,0.0027579253,0.28081647,7926.4575,0.0,115000.0,-1.403156587003315,-212.99637798850654,200.0,3.7767088413238525,0.4733356852354413
3.9448427e-05,0.0,,,,,,,2632.796,11298.958,7700.335,-238.26778,2404.863,-1446.4387,73327.086,,,,,,2633.1833,0.01973476457595825,14767.358030557632,1120000,0.06640625,0.0028545675,0.22891192,0.38742846,0.047562122,3.9448427e-05,7748.7256,0.15847707,0.0,6.8806405,6.8806405,0.1,1.0,0.0027411408,0.27053684,8117.691,1.0,120000.0,101.51221214464574,3502.4230719233665,200.0,3.946605682373047,28.902610258133226
2.1354099e-05,0.0,,,,,,,2087.9482,11268.48,7488.4375,-33.55875,4002.1328,-2009.8293,79462.48,,,,,,2099.0469,0.0197415114402771,14866.065595149994,1125000,0.0703125,0.0030048077,10.990239,11.098657,0.0186131,2.1354099e-05,7535.5234,0.10839684,0.0,5.6652102,5.6652102,0.1,1.0,0.0019980245,0.325274,7799.878,0.0,125000.0,-1.2833286105622306,-257.34711857904585,200.0,3.7773029804229736,0.13397712861548502
5.7330843e-05,0.0,,,,,,,1831.3552,11311.649,7496.128,-228.3378,980.84143,-1751.9109,45936.777,,,,,,1831.8472,0.019819675636291504,14965.163981199265,1130000,0.0625,0.0025540867,0.07224907,0.49189836,0.09814346,5.7330843e-05,7546.5757,0.41959193,0.0,7.389661,7.389661,0.1,1.0,0.0027032415,0.30403724,7458.184,1.0,130000.0,101.42661119105195,15344.966981744026,200.0,3.845797300338745,119.51820211597197
4.1205098e-05,0.0,,,,,,,2949.919,11280.957,7529.44,19.74127,2176.3982,-3989.5266,86798.25,,,,,,2950.568,0.019808995389938355,15064.208965301514,1135000,0.046875,0.0018028847,0.040450063,0.6492313,0.06669831,4.1205098e-05,7578.326,0.6087401,0.0,10.506582,10.506582,0.1,1.0,0.0035266085,0.4087573,7869.518,1.0,135000.0,99.76544544148254,14609.267638566778,200.0,3.8152520656585693,113.8888515373226
5.4197226e-05,0.0,,,,,,,1286.9326,11267.806,7710.6245,4448.871,1276.8342,-634.46204,32014.875,,,,,,1287.1917,0.019867204332351684,15163.54499411583,1140000,0.0703125,0.002704327,0.05340512,0.25897282,0.060974002,5.4197226e-05,7761.6816,0.20551349,0.0,6.7892933,6.7892933,0.1,1.0,0.0024498692,0.34819856,7602.4214,1.0,140000.0,101.83476364583346,10874.140050212018,200.0,4.320480108261108,85.30877620379285
5.0765e-05,0.0,,,,,,,3921.5835,11267.847,7496.373,-6.785904,7643.963,-8623.941,165405.66,,,,,,3923.5283,0.02017113046646118,15264.400654315948,1145000,0.05859375,0.0024038462,1.499545,1.9448771,0.06865263,5.0765e-05,7556.61,0.44528142,0.0,10.599509,10.599509,0.1,1.0,0.0028373625,0.3365229,7708.213,1.0,145000.0,101.68007400521009,14877.06450390078,200.0,3.976940155029297,115.93795278066197
7.115966e-05,0.0,,,,,,,1263.3792,11348.465,7832.735,4516.7383,1902.1603,-1740.4547,45134.414,,,,,,1263.6855,0.019724430656433107,15363.022814512253,1150000,0.078125,0.0031550482,0.034765117,0.30634373,0.17980957,7.115966e-05,7890.9736,0.27150744,0.0,8.050189,8.050189,0.1,1.0,0.0023239926,0.32418332,7675.873,0.0,150000.0,-1.129382926838876,-191.8315247379341,200.0,4.313722133636475,0.6352827903920029
4.9508824e-05,0.0,,,,,,,3589.5068,11308.757,7265.574,173.23994,3377.8237,-4167.742,88276.06,,,,,,3589.8542,0.019578582525253296,15460.915732860565,1155000,0.07421875,0.0030048077,0.13709383,0.34736142,0.07711649,4.9508824e-05,7329.76,0.2102181,0.0,10.544437,10.544437,0.1,1.0,0.0027999294,0.30422366,7647.462,1.0,155000.0,101.81850495172134,10710.673643887707,200.0,3.8419079780578613,84.05798032152741
6.5085515e-05,0.0,,,,,,,2909.1353,11292.804,7519.5957,4097.9814,3413.098,-3266.8784,70848.18,,,,,,2909.5889,0.019593876028060914,15558.885119915009,1160000,0.1171875,0.0045072115,0.08988142,0.45353052,0.08164537,6.5085515e-05,7571.7676,0.363584,0.0,6.48333,6.48333,0.1,1.0,0.0025326086,0.32539415,7520.1777,0.0,160000.0,-1.1925196444209032,-244.2579873248717,200.0,4.262269973754883,0.2341312327111724
4.1933963e-05,0.0,,,,,,,2426.2393,11242.114,7662.0967,1144.2023,1135.9714,-1023.77563,51522.867,,,,,,2426.7263,0.019642890548706056,15657.09957909584,1165000,0.0703125,0.0033052885,0.31269237,0.48694482,0.048148155,4.1933963e-05,7716.2124,0.17421052,0.0,7.0857844,7.0857844,0.1,1.0,0.00309574,0.3281731,7669.7197,0.0,165000.0,1.2054516708808392,193.25932302347334,200.0,4.411362648010254,3.58188238543334
0.00012043645,0.0,,,,,,,3115.1714,11170.158,7653.4463,195.65004,2775.5405,-2042.6588,73071.2,,,,,,3115.5562,0.019728102350234984,15755.740097522736,1170000,0.0859375,0.0045072115,0.09075236,0.3848658,0.10283959,0.00012043645,7712.122,0.293993,0.0,9.21982,9.21982,0.1,1.0,0.002841252,0.32983956,8187.463,0.0,170000.0,-1.1758277054077086,-236.29712977428562,200.0,3.820197343826294,0.2950453255053806
0.000118187236,0.0,,,,,,,2324.3853,11189.694,7363.003,3918.061,2215.5234,-2575.921,62311.25,,,,,,2324.601,0.0194678138256073,15853.079173088074,1175000,0.08984375,0.004657452,0.07161133,0.21575622,0.09080005,0.000118187236,7423.29,0.14402671,0.0,6.7402534,6.7402534,0.1,1.0,0.0021169533,0.32379207,7587.91,0.0,175000.0,1.6454781318253793,241.54271913452214,200.0,3.874389886856079,3.951332441842328
2.9495883e-05,0.0,,,,,,,2271.9253,11209.902,7801.1826,2313.764,1834.2474,-1155.9863,52332.883,,,,,,2321.023,0.01990157904624939,15952.587074279785,1180000,0.0546875,0.0024038462,48.83318,49.09757,0.04042387,2.9495883e-05,7878.777,0.2643604,0.0,8.980577,8.980577,0.1,1.0,0.0029550102,0.3359599,8133.363,0.0,180000.0,-1.1941123949835877,-242.81541785727396,200.0,3.804067850112915,0.245169341338662
0.00011323803,0.0,,,,,,,4177.972,11241.428,7884.943,636.4422,5624.5737,-4989.724,114949.68,,,,,,4215.526,0.019746770286560057,16051.320930957794,1185000,0.12109375,0.0051081735,37.38498,37.553547,0.15997636,0.00011323803,7958.16,0.16845399,0.0,7.757353,7.757353,0.1,1.0,0.0020917307,0.34210232,8176.695,0.0,185000.0,26.61367137129027,4007.8424011201355,200.0,3.8504834175109863,32.76992728058289
6.1712424e-05,0.0,,,,,,,2496.6743,11176.018,7920.179,3422.4321,2818.4258,-2850.1958,73358.625,,,,,,2497.59,0.019788202476501465,16150.261948823929,1190000,0.08984375,0.0036057695,0.17326021,0.915724,0.08096731,6.1712424e-05,7974.974,0.7424021,0.0,10.394696,10.394696,0.1,1.0,0.0022962592,0.29553348,8193.479,1.0,190000.0,101.72497124098129,16901.7888833027,200.0,3.8610920906066895,131.43053607911634
9.6637385e-05,0.0,,,,,,,2087.1313,11165.135,7747.1987,-173.97382,1169.4169,-1848.6705,48668.234,,,,,,2087.8455,0.019861636447906495,16249.5701379776,1195000,0.08984375,0.0037560097,0.259662,0.71417564,0.12706411,9.6637385e-05,7835.554,0.45441702,0.0,12.7125435,12.7125435,0.1,1.0,0.0033766497,0.35501087,7607.8096,0.0,195000.0,-1.2260534876231621,-220.481811493445,200.0,3.809528350830078,0.41605939455603713
8.197396e-05,0.0,,,,,,,2403.2583,11157.806,8018.85,3766.8364,3071.2598,-2380.8447,79332.81,,,,,,2403.5776,0.019873334074020386,16348.936814546585,1200000,0.0859375,0.0045072115,0.1588474,0.31924126,0.059675217,8.197396e-05,8080.97,0.16031185,0.0,9.515815,9.515815,0.1,1.0,0.0024765497,0.3299842,7880.1143,1.0,200000.0,101.72175680123335,17101.133073554705,200.0,4.3348388671875,132.95585799648978
2.5978366e-05,0.0,,,,,,,1780.3662,11087.17,7777.501,3892.511,1906.7217,-2345.4058,59060.85,,,,,,1787.5325,0.023728537225723267,16467.579506397247,1205000,0.0546875,0.0022536058,6.9684663,7.1662183,0.03210652,2.5978366e-05,7827.8906,0.19772625,0.0,8.080582,8.080582,0.1,1.0,0.0026951323,0.30767637,7418.498,0.0,205000.0,-1.1521576664458624,-106.68158427814961,200.0,3.852038860321045,1.2868245799077276
5.9012917e-05,0.0,,,,,,,2118.043,11109.379,7623.457,157.61829,1738.7375,-4423.491,65771.66,,,,,,13911.396,0.019875415182113648,16566.956588745117,1210000,0.0546875,0.0024038462,11792.926,11793.354,0.17236364,5.9012917e-05,7687.7847,0.4274306,0.0,11.319476,11.319476,0.1,1.0,0.0039041492,0.28510952,7784.576,0.0,210000.0,-1.112571340724144,-227.9094198987069,200.0,3.8379769325256348,0.359225564185105
4.2338015e-05,0.0,,,,,,,1757.4583,11098.891,7640.0854,147.6123,1389.7561,-1310.9181,50924.023,,,,,,1757.8739,0.019752011251449583,16665.716651678085,1215000,0.06640625,0.0028545675,0.05448297,0.41566235,0.07732463,4.2338015e-05,7693.5996,0.36113703,0.0,9.096613,9.096613,0.1,1.0,0.00301272,0.3601612,7548.0117,0.0,215000.0,-1.2338148647955236,-226.02639869745073,200.0,4.2942955493927,0.3736338772918173
5.926618e-05,0.0,,,,,,,1914.2351,11125.775,7809.2686,3718.392,2473.2017,-2115.8213,52989.5,,,,,,1915.4187,0.019818725156784057,16764.810287714005,1220000,0.05078125,0.0024038462,0.7200516,1.1835904,0.16365743,5.926618e-05,7870.3926,0.46347958,0.0,10.606107,10.606107,0.1,1.0,0.0037260023,0.3183976,7496.279,0.0,220000.0,-1.3509623921066367,-263.5745348609634,200.0,3.7833821773529053,0.08632680817519996
7.061621e-05,0.0,,,,,,,1413.8088,11094.141,7790.0,3860.5386,642.36414,-846.99207,34728.742,,,,,,1414.3535,0.020163745832443236,16865.62902379036,1225000,0.07421875,0.0031550482,0.23300248,0.54463595,0.1270523,7.061621e-05,7847.9653,0.31156284,0.0,10.134687,10.134687,0.1,1.0,0.0022260211,0.33178917,7842.7266,1.0,225000.0,99.68956437208737,17489.24510685941,200.0,4.3465845584869385,135.9255747966015
3.984112e-05,0.0,,,,,,,1993.0206,11061.466,7684.6216,138.28674,2541.8506,-1416.2764,72180.26,,,,,,1995.7383,0.01985163097381592,16964.887184858322,1230000,0.0390625,0.0015024039,2.0498838,2.7175987,0.098160625,3.984112e-05,7741.8584,0.667675,0.0,11.930595,11.930595,0.1,1.0,0.0029404266,0.3469716,7293.1294,1.0,230000.0,99.55753833090141,17678.781522934776,200.0,3.828291416168213,137.37585056944792
3.5749606e-05,0.0,,,,,,,2456.4443,11086.3955,7800.949,103.97644,2500.0654,-3344.556,79925.92,,,,,,2456.9026,0.01972314534187317,17063.50291776657,1235000,0.078125,0.0031550482,0.19464031,0.45825872,0.042430162,3.5749606e-05,7863.4243,0.26358265,0.0,12.841202,12.841202,0.1,1.0,0.002819776,0.31443715,7962.2344,1.0,235000.0,101.79927206966349,13914.50931413016,200.0,3.8978586196899414,108.57276934701068
0.0001367394,0.0,,,,,,,3335.5093,11163.058,7802.018,4039.3003,3096.9338,-2684.059,84682.46,,,,,,6786.6943,0.019968870210647582,17163.34727549553,1240000,0.12109375,0.004957933,3450.6401,3451.1853,0.117542505,0.0001367394,7863.4023,0.5448941,0.0,9.879393,9.879393,0.1,1.0,0.0029137507,0.36335307,7817.73,1.0,240000.0,101.73470105410962,17927.17265636197,200.0,3.907275915145874,139.27646497621228
5.7137448e-05,0.0,,,,,,,16299.444,11141.569,7791.0957,-148.11954,13987.408,-19797.133,372080.7,,,,,,16299.922,0.019946810245513917,17263.08133292198,1245000,0.0859375,0.0043569715,0.18338917,0.47801128,0.048728228,5.7137448e-05,7848.659,0.294565,0.0,11.474715,11.474715,0.1,1.0,0.0026273713,0.3242193,7537.2295,0.0,245000.0,-0.6914943331923306,-90.95010467966718,200.0,3.818392753601074,1.407197140522332
4.912564e-05,0.0,,,,,,,4789.7744,11161.113,7814.97,171.48828,9269.251,-10703.686,197632.66,,,,,,4790.86,0.020159711790084838,17363.879897594452,1250000,0.06640625,0.0025540867,0.512943,1.0856932,0.06618476,4.912564e-05,7868.5566,0.5727011,0.0,7.988111,7.988111,0.1,1.0,0.0027300362,0.36056033,8091.995,0.0,250000.0,-1.0902940816808568,-146.96232762190084,200.0,3.872196912765503,0.9786084207478001
1.0869377e-05,0.0,,,,,,,1581.8677,11116.038,7720.3374,-214.6998,546.51794,-1397.5728,38121.133,,,,,,1582.3574,0.019894756984710694,17463.35368871689,1255000,0.0390625,0.0015024039,0.18874046,0.4897579,0.013543248,1.0869377e-05,7777.2793,0.30100656,0.0,8.558886,8.558886,0.1,1.0,0.003308961,0.31590024,8059.032,0.0,255000.0,-0.9681020071253229,-158.99422074635058,200.0,3.7937984466552734,0.8865439855263996
9.486846e-05,0.0,,,,,,,3337.2012,11064.829,8057.6,463.4909,3958.5625,-6279.326,108276.33,,,,,,3337.609,0.019899582576751708,17562.85160923004,1260000,0.1171875,0.0052584135,0.05546251,0.40772554,0.08467317,9.486846e-05,8114.613,0.35216817,0.0,9.236141,9.236141,0.1,1.0,0.003721706,0.3191097,8094.699,1.0,260000.0,101.69450805948625,17819.24058880314,200.0,3.890207290649414,138.45060118742168
5.2988315e-05,0.0,,,,,,,2914.5522,11200.703,7903.404,3558.2024,2074.6626,-1766.9142,66503.06,,,,,,2918.9866,0.019954670000076294,17662.6249666214,1265000,0.09375,0.0040564905,0.18267208,4.4342165,0.06842041,5.2988315e-05,7962.956,4.2514915,0.0,10.387672,10.387672,0.1,1.0,0.0034681307,0.35783255,7747.8735,1.0,265000.0,101.73165452910067,17338.35078576064,200.0,4.333287477493286,134.77097673739456
7.8875164e-05,0.0,,,,,,,3336.6636,11110.559,7870.587,-53.42841,3377.8386,-3288.463,91818.92,,,,,,3340.4553,0.019732429504394532,17761.287120342255,1270000,0.09375,0.0043569715,3.4242232,3.79172,0.052730918,7.8875164e-05,7930.115,0.36741778,0.0,11.950846,11.950846,0.1,1.0,0.0028206324,0.3516941,7674.0586,1.0,270000.0,101.81637810896389,17821.498036341327,200.0,3.862745761871338,138.46787449848713
5.963137e-05,0.0,,,,,,,3165.3484,11046.853,8075.715,3336.5242,1660.2968,-3057.922,77785.36,,,,,,3166.7751,0.019779587411880493,17860.185064077377,1275000,0.0859375,0.0037560097,0.46676514,1.42683,0.06194222,5.963137e-05,8148.1426,0.9600053,0.0,17.128788,17.128788,0.1,1.0,0.002720977,0.42299423,8210.811,1.0,275000.0,99.6933969357764,14272.749189419945,200.0,3.8497283458709717,111.31391335911287
9.458525e-05,0.0,,,,,,,4717.995,11062.386,7925.0854,3185.7605,8952.7705,-8484.463,159282.73,,,,,,4718.7617,0.01986920485496521,17959.531094551086,1280000,0.08203125,0.003455529,0.105574355,0.76677,0.11941242,9.458525e-05,7979.783,0.66110104,0.0,10.679219,10.679219,0.1,1.0,0.0044092997,0.37837085,7888.4033,0.0,280000.0,0.9849792392555219,161.58430342026512,200.0,3.8628618717193604,3.3395146416183352
0.00011818163,0.0,,,,,,,1583.5315,11054.901,7821.3057,2724.87,1011.4291,-1782.0713,39250.793,,,,,,1584.0642,0.01980650053024292,18058.563603639603,1285000,0.109375,0.0051081735,0.26438314,0.5327677,0.11303604,0.00011818163,7872.546,0.2682664,0.0,8.49726,8.49726,0.1,1.0,0.002517629,0.30403617,8070.6626,1.0,285000.0,101.59943344418683,18024.239339833126,200.0,3.8823530673980713,140.01919010684256
4.37991e-05,0.0,,,,,,,2426.6414,10952.092,7943.663,3271.0437,2682.887,-1839.451,64824.95,,,,,,2440.3044,0.019806535863876342,18157.596289157867,1290000,0.0703125,0.0028545675,13.329905,13.66301,0.0447011,4.37991e-05,8004.7754,0.33306122,0.0,9.923172,9.923172,0.1,1.0,0.0031946518,0.34468278,8129.5137,1.0,290000.0,101.72930320891601,17513.099581140385,200.0,4.3706419467926025,136.10810207468367
6.663561e-05,0.0,,,,,,,2845.4175,11021.512,8009.9575,4557.8696,4360.1455,-6673.2607,98364.3,,,,,,2845.6655,0.019866810989379882,18256.930354833603,1295000,0.08203125,0.0033052885,0.10638953,0.24802747,0.075298786,6.663561e-05,8072.209,0.14157131,0.0,9.526409,9.526409,0.1,1.0,0.0023947936,0.28740478,8192.838,1.0,295000.0,101.8576000045021,18009.022207587448,200.0,3.8833720684051514,139.9027531778076
2.9878405e-05,0.0,,,,,,,1501.2391,11024.856,7911.964,4321.4917,2971.1782,-1223.7717,50025.742,,,,,,1501.552,0.019994894027709962,18356.904832601547,1300000,0.0625,0.0028545675,0.13092363,0.31289005,0.03309357,2.9878405e-05,7976.835,0.18193653,0.0,9.9280815,9.9280815,0.1,1.0,0.0030611097,0.30554864,7881.2266,1.0,300000.0,101.84737701447835,17789.74172080414,200.0,4.3926661014556885,138.22488470258358
0.0001128554,0.0,,,,,,,2190.0186,10987.321,7723.373,-275.77472,1539.0928,-2920.8464,55544.07,,,,,,2190.3503,0.024204592847824096,18477.927802801132,1305000,0.09375,0.0036057695,0.100657925,0.3318319,0.12897062,0.0001128554,7786.154,0.23106113,0.0,8.323758,8.323758,0.1,1.0,0.0023716714,0.28872958,7931.5547,1.0,305000.0,99.75894698859838,17669.73772792784,200.0,3.84157657623291,137.30665016424487
8.219395e-05,0.0,,,,,,,1701.0657,10981.313,8075.486,-342.12305,1547.3142,-1395.5835,48095.57,,,,,,1704.0032,0.020038289546966553,18578.119257211685,1310000,0.0625,0.0028545675,2.5928311,2.9374886,0.140015,8.219395e-05,8140.171,0.3445752,0.0,11.214439,11.214439,0.1,1.0,0.0017042232,0.3722615,8267.405,1.0,310000.0,99.77390919689779,17410.173800986133,200.0,4.2840306758880615,135.3205448946446
8.416565e-05,0.0,,,,,,,3372.4883,10906.238,7984.7915,3750.7107,4252.879,-4419.074,108916.38,,,,,,3372.786,0.019893293380737306,18677.585730314255,1315000,0.0703125,0.0030048077,0.10028535,0.29768723,0.13320792,8.416565e-05,8039.3604,0.19731772,0.0,11.065332,11.065332,0.1,1.0,0.0026657693,0.30487132,7908.1797,1.0,315000.0,101.82151343731557,14987.520814047833,200.0,3.9220921993255615,116.78313131617139
5.252144e-05,0.0,,,,,,,2893.2114,10978.93,8150.041,59.707256,7839.8813,-3655.0544,96303.22,,,,,,2893.4368,0.019808018255233765,18776.625827789307,1320000,0.0703125,0.002704327,0.03869541,0.22525033,0.08677435,5.252144e-05,8204.362,0.1865024,0.0,7.3035216,7.3035216,0.1,1.0,0.0023180728,0.2790079,8294.361,1.0,320000.0,99.54857691211915,17468.877208816113,200.0,4.255206108093262,135.76972575351178
8.724251e-05,0.0,,,,,,,2339.809,10916.817,8004.355,-177.46002,2156.5872,-3481.298,71122.03,,,,,,2347.0403,0.019964518594741822,18876.448426246643,1325000,0.09375,0.0045072115,6.9744983,7.231147,0.14880288,8.724251e-05,8060.374,0.25656137,0.0,9.286387,9.286387,0.1,1.0,0.002941585,0.3111901,8089.7476,1.0,325000.0,101.76683708596673,17999.561238051174,200.0,3.930826187133789,139.83036067830693
6.086313e-05,0.0,,,,,,,2122.5825,10866.064,7861.533,3926.9185,1416.4303,-1569.4512,53183.28,,,,,,2122.8118,0.019996379566192626,18976.430329561234,1330000,0.046875,0.001953125,0.04303617,0.22926489,0.095787525,6.086313e-05,7918.449,0.18616787,0.0,8.414259,8.414259,0.1,1.0,0.0025485563,0.30192962,7715.372,1.0,330000.0,101.85698515198973,18092.850030328627,200.0,4.387395620346069,140.5441785193296
6.8540525e-05,0.0,,,,,,,1974.0315,10953.506,8043.4355,3167.4648,2966.8167,-1989.5702,64459.297,,,,,,1975.2214,0.019870373868942262,19075.782205581665,1335000,0.09375,0.004206731,0.09401485,1.1899874,0.07984185,6.8540525e-05,8106.5015,1.095904,0.0,11.036919,11.036919,0.1,1.0,0.002686322,0.3299881,8383.957,1.0,335000.0,99.75600089022561,17426.55297737913,200.0,3.8097856044769287,135.4458734367465
0.00012900925,0.0,,,,,,,2627.872,11039.975,8048.8213,96.385475,3865.9753,-3214.8694,84737.6,,,,,,2628.3179,0.02001629753112793,19175.863699913025,1340000,0.1015625,0.004657452,0.112257935,0.44589683,0.18809354,0.00012900925,8106.073,0.3335099,0.0,9.539642,9.539642,0.1,1.0,0.0020859744,0.2921481,8439.749,1.0,340000.0,99.77700715595851,17978.18833401832,200.0,3.9118173122406006,139.66682163100376
0.00012629891,0.0,,,,,,,2018.0327,10880.355,8057.3486,103.275375,1730.7667,-1215.8799,53326.16,,,,,,2018.3766,0.019943680000305174,19275.58210659027,1345000,0.0703125,0.0028545675,0.13216147,0.3438415,0.20077491,0.00012629891,8117.175,0.21155371,0.0,7.6257577,7.6257577,0.1,1.0,0.0027535209,0.3052186,8055.2007,1.0,345000.0,101.8102494403718,17267.560482132063,200.0,3.8983101844787598,134.2293105793506
7.992311e-05,0.0,,,,,,,1686.7466,10992.116,8019.707,91.336105,1039.8639,-1533.5496,48347.008,,,,,,1687.8317,0.019766364908218384,19374.413937568665,1350000,0.06640625,0.0037560097,0.54114586,1.0850586,0.087174535,7.992311e-05,8072.4395,0.54383284,0.0,11.503899,11.503899,0.1,1.0,0.0040105213,0.28786355,8040.8574,1.0,350000.0,99.63735957317347,17427.63003651356,200.0,3.8441162109375,135.4541147700002
4.0701125e-05,0.0,,,,,,,1898.6301,10802.969,7924.4688,-247.00133,1539.382,-2098.8665,57561.82,,,,,,1898.9131,0.0197874370098114,19473.351128816605,1355000,0.0859375,0.0033052885,0.064525716,0.2829785,0.03686762,4.0701125e-05,7985.0054,0.21841207,0.0,8.839146,8.839146,0.1,1.0,0.0029564793,0.31686175,7717.865,1.0,355000.0,101.80089483214648,17717.898004386538,200.0,3.88700532913208,137.6751581460243
8.2129474e-05,0.0,,,,,,,2263.736,10946.137,8109.758,4533.8765,1570.9429,-1988.8171,61947.098,,,,,,2264.0537,0.019997504091262816,19573.338655233383,1360000,0.0703125,0.0031550482,0.114158615,0.31761557,0.17922854,8.2129474e-05,8163.547,0.2033748,0.0,8.407328,8.407328,0.1,1.0,0.0019992273,0.30666015,8331.651,1.0,360000.0,99.50182445589883,17788.559915193004,200.0,4.2768847942352295,138.21584188072623
6.798485e-05,0.0,,,,,,,1820.2599,10967.214,8027.233,136.87962,1565.1356,-2240.463,48652.46,,,,,,1820.4583,0.02002223391532898,19673.44983124733,1365000,0.0625,0.0030048077,0.08143649,0.19831307,0.1270293,6.798485e-05,8085.305,0.1168086,0.0,7.5949264,7.5949264,0.1,1.0,0.0018833333,0.30604026,7889.5903,1.0,365000.0,99.479435565335,17979.01763566222,200.0,4.342392206192017,139.673167198296
0.000115693874,0.0,,,,,,,2018.5027,10948.408,7960.7334,1766.2449,977.8175,-1206.7455,49999.395,,,,,,2018.7333,0.019750379276275636,19772.20173382759,1370000,0.09375,0.004206731,0.057706214,0.23061812,0.1097976,0.000115693874,8019.241,0.17279622,0.0,10.550571,10.550571,0.1,1.0,0.002783734,0.33832455,7962.257,1.0,370000.0,99.68562792751645,17856.83626923643,200.0,3.868363618850708,138.73827205102182
7.820873e-05,0.0,,,,,,,3441.9668,10841.546,7922.216,203.88922,10886.376,-11008.0205,198699.2,,,,,,3443.032,0.019970432186126708,19872.053901195526,1375000,0.05859375,0.0024038462,0.3485259,1.0651187,0.14494729,7.820873e-05,7982.4297,0.7165146,0.0,11.986963,11.986963,0.1,1.0,0.0027239223,0.35479793,7803.116,1.0,375000.0,101.736845428712,17503.357447674014,200.0,4.372222423553467,136.03355819317176
9.36108e-05,0.0,,,,,,,1779.5361,10945.313,8088.377,4647.401,3154.3657,-3175.1184,73726.33,,,,,,1779.8169,0.019632532930374147,19970.2165722847,1380000,0.078125,0.0036057695,0.14268075,0.2808179,0.09588003,9.36108e-05,8143.3354,0.13804355,0.0,8.941734,8.941734,0.1,1.0,0.0015709643,0.30530643,8025.6416,1.0,380000.0,99.51205360906326,17880.278777204112,200.0,3.814180374145508,138.91764708651246
5.6060355e-05,0.0,,,,,,,1766.7815,10825.253,8122.1445,-186.50656,2744.5862,-2290.7554,52891.414,,,,,,1774.9072,0.019796432971954346,20069.198743581772,1385000,0.0625,0.0028545675,7.8167057,8.125696,0.115914345,5.6060355e-05,8174.9175,0.30893385,0.0,9.670612,9.670612,0.1,1.0,0.002712876,0.27675477,8211.08,1.0,385000.0,99.55921668854675,17793.546726815068,200.0,4.273637056350708,138.25399946663498
8.3358784e-05,0.0,,,,,,,2464.7837,10833.061,8018.462,-152.54391,5428.1772,-9096.443,105477.44,,,,,,2464.951,0.01973674054145813,20167.882452249527,1390000,0.0625,0.0025540867,0.042449065,0.16725782,0.14601195,8.3358784e-05,8074.6733,0.1247254,0.0,8.16085,8.16085,0.1,1.0,0.0022580025,0.30825588,8314.955,1.0,390000.0,99.68707143188581,18057.774339125946,200.0,4.358884334564209,140.2757898570323
7.002957e-05,0.0,,,,,,,1278.4408,11019.442,8147.577,3871.5312,1977.22,-1939.5646,46061.266,,,,,,1278.6886,0.019789355993270873,20266.82923769951,1395000,0.0703125,0.0031550482,0.08069799,0.24785873,0.16551149,7.002957e-05,8200.588,0.1670907,0.0,8.029256,8.029256,0.1,1.0,0.002471024,0.30142608,8097.064,1.0,395000.0,99.6599052574435,17722.66120987364,200.0,3.8305649757385254,137.71160476489615
0.00010065964,0.0,,,,,,,1881.0796,11048.175,8075.991,-171.11711,2644.0867,-3282.5369,61118.35,,,,,,1881.47,0.01981360092163086,20365.8972492218,1400000,0.09375,0.0043569715,0.22453979,0.39043084,0.11059499,0.00010065964,8128.202,0.16579038,0.0,9.425062,9.425062,0.1,1.0,0.0021206154,0.3174974,8368.669,1.0,400000.0,99.29719440170207,17792.06260646054,200.0,3.816936731338501,138.24264342309078
7.527146e-05,0.0,,,,,,,1607.8344,10900.426,8037.245,129.16246,2777.552,-2740.2341,53382.84,,,,,,1610.0275,0.02404037322998047,20486.09912109375,1405000,0.09765625,0.00390625,1.6756037,2.1931329,0.13818753,7.527146e-05,8091.8926,0.5174538,0.0,11.82469,11.82469,0.1,1.0,0.002942557,0.3166452,8243.453,1.0,405000.0,101.84088153604353,17607.41774974054,200.0,3.902198553085327,136.8297963943951
7.297602e-05,0.0,,,,,,,2303.436,11035.367,8226.932,-186.9006,2982.065,-2305.8655,69141.984,,,,,,2303.7468,0.019885325002670286,20585.52575302124,1410000,0.05078125,0.0021033655,0.05561836,0.31078425,0.22128499,7.297602e-05,8283.516,0.25509292,0.0,10.190422,10.190422,0.1,1.0,0.0024180952,0.30997273,7983.703,1.0,410000.0,99.56752177117698,14241.073973992545,200.0,4.32317852973938,111.07154411690992
7.164647e-05,0.0,,,,,,,9709.24,10892.394,7969.003,198.20793,21279.186,-14086.909,318388.94,,,,,,9709.566,0.01983301124572754,20684.69081568718,1415000,0.08203125,0.0036057695,0.12266373,0.32660207,0.06722307,7.164647e-05,8025.4795,0.20386669,0.0,9.087112,9.087112,0.1,1.0,0.0032393748,0.279846,8026.0215,1.0,415000.0,101.63342332612757,18212.08629797451,200.0,3.8372817039489746,141.45653865461196
9.135578e-05,0.0,,,,,,,2056.434,10942.628,8197.395,206.21756,5831.242,-8779.721,128858.695,,,,,,2056.6284,0.01991474199295044,20784.264532089233,1420000,0.078125,0.0031550482,0.071615376,0.19436027,0.09791911,9.135578e-05,8256.979,0.12265354,0.0,6.644728,6.644728,0.1,1.0,0.0021998761,0.3113515,8524.363,1.0,420000.0,101.73637141585574,17716.183343936595,200.0,3.8291714191436768,137.6620380788588
4.738856e-05,0.0,,,,,,,1859.4104,10956.217,8194.171,-239.48988,4060.4167,-5565.016,75037.96,,,,,,1859.7001,0.019905033159255982,20883.789704084396,1425000,0.05859375,0.002704327,0.09477332,0.28969145,0.07461858,4.738856e-05,8249.701,0.19487074,0.0,8.225808,8.225808,0.1,1.0,0.0024404014,0.3059443,8545.654,1.0,425000.0,99.6925998187403,17848.88987330484,200.0,3.8585221767425537,138.67746861419602
4.4757053e-05,0.0,,,,,,,1921.6572,10842.801,8116.085,-239.03064,12650.843,-9148.842,118964.75,,,,,,1922.2917,0.020032420110702515,20983.951812028885,1430000,0.05078125,0.0022536058,0.09119632,0.6344737,0.08678818,4.4757053e-05,8169.8047,0.5432326,0.0,7.597606,7.597606,0.1,1.0,0.0023494097,0.30323035,8370.398,1.0,430000.0,101.8566611321488,18024.622907833495,200.0,3.9083564281463623,140.02212505406638
7.328703e-05,0.0,,,,,,,2262.622,11113.574,8244.201,4758.89,1640.1636,-3374.3381,81757.336,,,,,,2265.9329,0.019896943712234497,21083.436537504196,1435000,0.08203125,0.003455529,0.556454,3.310807,0.16696358,7.328703e-05,8299.758,2.7542799,0.0,15.113672,15.113672,0.1,1.0,0.0030734614,0.4759248,8213.348,1.0,435000.0,101.87097857725902,17905.24069503098,200.0,3.9108402729034424,139.108648190246
4.460127e-05,0.0,,,,,,,2775.9727,10876.84,8220.533,4586.3936,4591.057,-5334.461,95447.42,,,,,,3144.9043,0.020123996686935423,21184.05652832985,1440000,0.0625,0.0024038462,368.41324,368.93173,0.091597795,4.460127e-05,8279.01,0.51846844,0.0,13.648657,13.648657,0.1,1.0,0.0027506258,0.34495908,8194.514,1.0,440000.0,101.86383628528469,17794.909342944648,200.0,4.378637313842773,138.26442579631524
5.5920907e-05,0.0,,,,,,,1580.5763,10867.716,8242.847,-278.94473,2519.5156,-2949.7852,63177.016,,,,,,1583.3488,0.01991502013206482,21283.631635189056,1445000,0.05859375,0.0022536058,2.440471,2.7724464,0.12974513,5.5920907e-05,8296.398,0.33191946,0.0,8.940113,8.940113,0.1,1.0,0.0027433378,0.28984848,8166.872,1.0,445000.0,99.75311790813164,17845.131810013496,200.0,3.8759279251098633,138.64871304174656
9.591016e-05,0.0,,,,,,,2185.563,10944.225,8251.851,-243.99905,2150.4436,-2412.7031,73250.7,,,,,,2185.9036,0.01995880093574524,21383.425646543503,1450000,0.0859375,0.0036057695,0.11479105,0.3405938,0.157264,9.591016e-05,8304.646,0.22570688,0.0,9.959496,9.959496,0.1,1.0,0.0029358119,0.31817132,7965.4897,0.0,450000.0,24.590578745877846,4449.016215158238,200.0,3.8145203590393066,36.145656902162834
6.0871567e-05,0.0,,,,,,,2466.387,11066.491,8174.926,-217.45634,2631.456,-2630.7024,64322.68,,,,,,2466.6125,0.019923078727722168,21483.041046857834,1455000,0.078125,0.0033052885,0.03987546,0.22550368,0.07813883,6.0871567e-05,8237.421,0.18556735,0.0,10.006561,10.006561,0.1,1.0,0.004872472,0.29919168,7769.0264,1.0,455000.0,99.65191062273806,17883.669139934802,200.0,3.825026750564575,138.94358912462468
0.0001145407,0.0,,,,,,,3659.6008,10799.275,8255.582,-313.69797,11519.1,-9350.506,187977.19,,,,,,3660.145,0.01994444651603699,21582.76328611374,1460000,0.08984375,0.003455529,0.30468792,0.54414904,0.3033452,0.0001145407,8311.358,0.23934653,0.0,10.813353,10.813353,0.1,1.0,0.0032150447,0.30380058,8242.274,1.0,460000.0,101.75544117846329,18076.97743959057,200.0,3.885462522506714,140.42272621862472
0.00013469164,0.0,,,,,,,1838.8829,10872.7,8379.723,4323.5396,2000.4172,-2141.996,46598.934,,,,,,1839.2812,0.02001195135116577,21682.823050022125,1465000,0.1015625,0.0043569715,0.026814701,0.3982873,0.105793715,0.00013469164,8437.471,0.3713379,0.0,9.029105,9.029105,0.1,1.0,0.0022719435,0.29127783,8462.646,1.0,465000.0,99.68005678085555,17992.203898752323,200.0,3.8467447757720947,139.77406452604936
2.842393e-05,0.0,,,,,,,2676.3901,10857.165,8404.483,4608.422,9766.589,-14945.305,169229.88,,,,,,2676.6118,0.019788562107086183,21781.76586651802,1470000,0.03515625,0.0015024039,0.06108298,0.2217368,0.051929355,2.842393e-05,8453.537,0.16062541,0.0,8.819601,8.819601,0.1,1.0,0.0021063774,0.3216153,8518.169,1.0,470000.0,101.81691844091388,17907.015326022527,200.0,3.872196674346924,139.12222713399765
7.8926525e-05,0.0,,,,,,,1390.2839,10815.521,8035.2734,-61.461994,1591.7675,-1494.1274,48793.74,,,,,,1390.9229,0.019919961977005005,21881.36568236351,1475000,0.0625,0.0028545675,0.36574474,0.6389048,0.20822,7.8926525e-05,8087.5156,0.27308115,0.0,11.312471,11.312471,0.1,1.0,0.0019062369,0.32271472,8142.625,0.0,475000.0,26.860168413794135,12806.534634947451,200.0,4.387788534164429,100.09487962313288
0.00010806023,0.0,,,,,,,2102.7925,10775.909,8169.064,336.1115,1458.3201,-2125.3816,59748.07,,,,,,2102.9893,0.01976437954902649,21980.187586307526,1480000,0.08984375,0.0037560097,0.060172908,0.19666013,0.1112355,0.00010806023,8221.892,0.13637917,0.0,7.505217,7.505217,0.1,1.0,0.0021200995,0.2779148,8237.892,0.0,480000.0,26.68668813883711,1970.9225921736331,200.0,3.8627665042877197,17.184028215300195
0.000113270056,0.0,,,,,,,3069.8154,10742.013,8017.0913,658.56445,4069.7603,-3770.9417,87516.68,,,,,,3070.1118,0.019690448474884034,22078.63983440399,1485000,0.0859375,0.003455529,0.08940768,0.29635018,0.12120628,0.000113270056,8080.8916,0.20682922,0.0,7.9283276,7.9283276,0.1,1.0,0.0027916902,0.31387734,8177.8203,1.0,485000.0,99.72301840859971,17842.8764097264,200.0,3.822368860244751,138.63145539563203
6.1546976e-05,0.0,,,,,,,1935.6943,10805.361,8331.813,4141.3223,2692.023,-3195.6167,61859.7,,,,,,1936.1217,0.019687946033477784,22177.079570770264,1490000,0.06640625,0.0025540867,0.22254886,0.42733735,0.17903852,6.1546976e-05,8380.433,0.20472695,0.0,7.8829217,7.8829217,0.1,1.0,0.0015734658,0.31851402,8661.819,0.0,490000.0,-1.1662535333865416,-216.00761846473046,200.0,3.782627582550049,0.45029457683363655
7.628882e-05,0.0,,,,,,,2021.9663,10819.659,8157.9434,-176.70761,2103.067,-3145.8455,59242.223,,,,,,2022.1875,0.019621842336654663,22275.188788414,1495000,0.078125,0.0033052885,0.09025501,0.22121981,0.055428386,7.628882e-05,8206.062,0.1308885,0.0,5.0662813,5.0662813,0.1,1.0,0.0018342074,0.28984675,8736.529,0.0,495000.0,24.711774111477453,5574.600647991149,200.0,3.7892866134643555,44.758291175998394
6.3521395e-05,0.0,,,,,,,2174.919,10797.656,8169.0884,4309.5,4102.55,-3212.8733,93243.37,,,,,,2175.6958,0.019928162240982056,22374.829606294632,1500000,0.0546875,0.0022536058,0.23308638,0.7767794,0.079021096,6.3521395e-05,8228.734,0.5436295,0.0,12.243502,12.243502,0.1,1.0,0.0029050042,0.35002866,8356.219,0.0,500000.0,26.749484569940012,16470.285818634406,200.0,3.861405849456787,128.12880412936494
3.9076363e-05,0.0,,,,,,,2367.39,10791.861,8115.409,-276.5917,3932.933,-2925.862,89479.48,,,,,,2367.6692,0.024251421785354613,22496.086722135544,1505000,0.0625,0.0025540867,0.060280237,0.27935916,0.0644753,3.9076363e-05,8165.5537,0.21903986,0.0,8.894982,8.894982,0.1,1.0,0.0025681094,0.27018204,8388.176,0.0,505000.0,24.65614636041204,4225.096272416162,200.0,4.329926013946533,34.43228870231852
9.116595e-05,0.0,,,,,,,2039.3821,10976.145,8287.555,3677.925,2851.4688,-2944.9546,68349.11,,,,,,2040.582,0.019791476678848268,22595.044111967087,1510000,0.09765625,0.0040564905,0.71084243,1.2000014,0.12706816,9.116595e-05,8338.062,0.48906776,0.0,10.43009,10.43009,0.1,1.0,0.004907367,0.31559092,8341.563,1.0,510000.0,99.67789892796851,17872.482180290455,200.0,3.8491220474243164,138.85798986681473
8.782173e-05,0.0,,,,,,,3338.5684,10680.376,8314.33,5039.148,19884.715,-10697.1,201816.06,,,,,,3339.0867,0.019922752714157103,22694.65788269043,1515000,0.09375,0.00390625,0.05342569,0.5183694,0.08101666,8.782173e-05,8367.875,0.46485588,0.0,8.878084,8.878084,0.1,1.0,0.0020758389,0.29002815,8678.206,1.0,515000.0,101.78947751185129,18152.2542057106,200.0,3.877777576446533,140.99872144119288
0.00011099012,0.0,,,,,,,7989.861,10764.027,8095.133,324.94736,19418.38,-18232.059,328610.47,,,,,,7990.9033,0.019892155599594116,22794.11866736412,1520000,0.0859375,0.004206731,0.08769114,1.0422565,0.2528261,0.00011099012,8147.373,0.9544543,0.0,7.830749,7.830749,0.1,1.0,0.002738534,0.27392536,8485.273,1.0,520000.0,99.74760871278185,17885.795633217043,200.0,3.7990059852600098,138.95986041302518
5.0167662e-05,0.0,,,,,,,1649.0583,10716.801,8240.514,4496.211,1181.9055,-2169.44,44535.348,,,,,,1657.9706,0.019997824907302855,22894.107799768448,1525000,0.0625,0.0024038462,8.521048,8.912252,0.1837337,5.0167662e-05,8294.715,0.39115438,0.0,9.069741,9.069741,0.1,1.0,0.0038293959,0.31881583,8381.557,1.0,525000.0,99.77559162842402,17843.362805349876,200.0,3.921957492828369,138.63517714896764
8.375773e-05,0.0,,,,,,,1687.7107,10773.507,8300.369,5022.219,3203.46,-2988.482,57130.875,,,,,,1688.1106,0.01985484652519226,22993.382040023804,1530000,0.078125,0.0031550482,0.048801478,0.3998984,0.09496534,8.375773e-05,8350.721,0.35101318,0.0,10.363741,10.363741,0.1,1.0,0.0025039315,0.2938416,8453.738,0.0,530000.0,-1.240055441715038,-259.0806543751893,200.0,3.8356287479400635,0.12071263296569307
2.578508e-05,0.0,,,,,,,1368.0109,10612.415,8269.262,124.341286,1896.946,-2229.3872,37273.895,,,,,,1372.8048,0.01985981526374817,23092.681122779846,1535000,0.05859375,0.0025540867,4.4821343,4.793964,0.0287956,2.578508e-05,8327.104,0.3118039,0.0,7.3429174,7.3429174,0.1,1.0,0.0026850416,0.25683755,8549.439,1.0,535000.0,99.69256831397301,18004.17116391469,200.0,3.8878870010375977,139.86563444750078
5.0317034e-05,0.0,,,,,,,2439.5054,10788.269,8367.436,4083.7192,4626.0117,-4331.707,97115.266,,,,,,2439.7883,0.019841999578475954,23191.89112854004,1540000,0.05078125,0.0025540867,0.05834595,0.28287643,0.08467245,5.0317034e-05,8411.031,0.22448017,0.0,7.7512493,7.7512493,0.1,1.0,0.0017256108,0.31765333,8041.881,1.0,540000.0,99.6348052545881,17740.416694928717,200.0,3.8735454082489014,137.84746440782763
7.885428e-05,0.0,,,,,,,1098.6709,10651.333,8120.7627,-287.71994,3758.6287,-2039.0405,44056.062,,,,,,1098.8881,0.01982463641166687,23291.014317274094,1545000,0.1015625,0.0043569715,0.04642353,0.21719171,0.13819599,7.885428e-05,8184.147,0.17068933,0.0,9.044789,9.044789,0.1,1.0,0.0027935647,0.27611855,8427.783,1.0,545000.0,99.65222383533478,17606.91932454531,200.0,4.338695764541626,136.8259825943867
8.088345e-05,0.0,,,,,,,1740.8376,10774.567,8078.7114,-129.9848,2829.6316,-2069.828,52188.664,,,,,,1741.2903,0.019806718015670775,23390.04791378975,1550000,0.08984375,0.0037560097,0.14832708,0.45261034,0.10965419,8.088345e-05,8129.6924,0.30420238,0.0,11.076318,11.076318,0.1,1.0,0.0024445746,0.29696092,8294.736,1.0,550000.0,101.84842617264421,10350.013667835903,200.0,3.933687925338745,81.29831842470585
7.6031974e-05,0.0,,,,,,,7091.878,10657.518,8108.404,-8.720014,15328.823,-12612.158,292625.38,,,,,,7093.0034,0.019816586351394654,23489.13085269928,1555000,0.0703125,0.0030048077,0.24716648,1.1256518,0.15847981,7.6031974e-05,8156.5674,0.87840927,0.0,10.566076,10.566076,0.1,1.0,0.008009795,0.34778714,7734.716,1.0,555000.0,101.81009360744423,17907.079428953377,200.0,4.448359966278076,139.1227176303862
0.00012881013,0.0,,,,,,,1537.8572,10717.216,8370.404,4453.1685,2952.313,-2497.0603,50002.594,,,,,,1538.2576,0.019775655937194825,23588.00913953781,1560000,0.09375,0.0037560097,0.20901501,0.400447,0.18087292,0.00012881013,8419.051,0.1913032,0.0,10.196456,10.196456,0.1,1.0,0.0020930865,0.3374158,8325.557,0.0,560000.0,1.536187993166779,259.20581011759316,200.0,3.892249345779419,4.0864851130638
6.235429e-05,0.0,,,,,,,2246.9229,10668.048,7989.797,-4.650603,3190.707,-4087.058,74542.164,,,,,,2247.2373,0.01980088677406311,23687.01357960701,1565000,0.09375,0.0037560097,0.12816104,0.3144284,0.13981235,6.235429e-05,8037.129,0.18620501,0.0,8.126925,8.126925,0.1,1.0,0.002113989,0.3228769,7878.129,1.0,565000.0,99.75881798184196,17941.11724908637,200.0,3.883538246154785,139.3831648147402
8.658366e-05,0.0,,,,,,,3285.9824,10701.878,8097.4478,3855.387,3556.3984,-3889.4917,80772.74,,,,,,3286.3528,0.01984771680831909,23786.252170562744,1570000,0.1015625,0.0040564905,0.113868624,0.37037525,0.1842277,8.658366e-05,8158.841,0.25642005,0.0,7.548526,7.548526,0.1,1.0,0.0022886482,0.3444407,8217.887,1.0,570000.0,101.74978226966526,17907.30406482461,200.0,3.9277570247650146,139.12443647665597
5.5978006e-05,0.0,,,,,,,1419.1127,10799.506,8284.311,2663.9985,3539.9888,-4371.038,63227.258,,,,,,1419.4027,0.01988744034767151,23885.689378738403,1575000,0.0703125,0.0031550482,0.07713681,0.29004064,0.068517685,5.5978006e-05,8334.004,0.21284786,0.0,9.826196,9.826196,0.1,1.0,0.0024614343,0.3234845,8269.998,0.0,575000.0,-0.6479739555395022,-101.31106629900884,200.0,3.7944748401641846,1.3279181717042874
0.00014526153,0.0,,,,,,,2020.3049,10724.492,8050.997,3715.7983,3503.2734,-5181.018,82671.87,,,,,,2021.2872,0.019724311590194703,23984.310943365097,1580000,0.09375,0.00390625,0.74412084,0.9823217,0.20433712,0.00014526153,8102.4316,0.23805557,0.0,7.90069,7.90069,0.1,1.0,0.003215395,0.29899117,8190.243,1.0,580000.0,99.76776357968106,17840.579852049756,200.0,4.3049070835113525,138.61388282552468
6.127709e-05,0.0,,,,,,,3225.58,10836.287,8193.595,14.254039,3181.8315,-2557.4536,57402.516,,,,,,3229.822,0.019809985399246215,24083.36087703705,1585000,0.0703125,0.0028545675,4.0351157,4.241937,0.07484913,6.127709e-05,8242.088,0.20676,0.0,10.156641,10.156641,0.1,1.0,0.0027027875,0.32621375,8209.492,1.0,585000.0,101.8539197346556,17927.285556116654,200.0,3.9082860946655273,139.2773288512521
5.7947986e-05,0.0,,,,,,,2088.6208,10672.947,8319.25,-110.880745,2847.655,-2703.7905,63504.4,,,,,,2088.9546,0.019759613275527953,24182.15894985199,1590000,0.078125,0.0033052885,0.062369116,0.33370784,0.08069754,5.7947986e-05,8372.204,0.2712808,0.0,7.0015974,7.0015974,0.1,1.0,0.002236592,0.26140895,8845.768,1.0,590000.0,99.71885363348892,17829.232824447125,200.0,3.8165738582611084,138.52705877573695
0.000104050996,0.0,,,,,,,4655.5435,10731.758,8342.055,4224.1494,12682.139,-14448.931,138450.52,,,,,,4655.8613,0.019802954721450806,24281.173731327057,1595000,0.07421875,0.0028545675,0.05879437,0.31782493,0.17887366,0.000104050996,8394.729,0.2589265,0.0,7.930071,7.930071,0.1,1.0,0.001920714,0.2766269,8691.642,1.0,595000.0,99.78613258608394,15001.238920868178,200.0,3.85210919380188,116.8880981525336
8.399099e-05,0.0,,,,,,,20467.15,10724.77,8267.52,-134.40334,30234.393,-18358.611,478340.97,,,,,,20467.688,0.019768505001068117,24380.016263484955,1600000,0.0859375,0.003455529,0.13328663,0.5370416,0.10149777,8.399099e-05,8316.639,0.403671,0.0,9.257011,9.257011,0.1,1.0,0.0021087057,0.32851815,8247.536,1.0,600000.0,99.60364137959736,17833.56018671049,200.0,3.7753469944000244,138.5601704530644
1.4357449e-05,0.0,,,,,,,1569.9763,10689.726,8297.926,4155.63,4015.5105,-5248.9727,83214.766,,,,,,1570.7123,0.023960824871063234,24499.82039475441,1605000,0.0390625,0.0015024039,0.09295038,0.73600745,0.026711226,1.4357449e-05,8348.036,0.6430427,0.0,12.951943,12.951943,0.1,1.0,0.0030273057,0.41415054,8495.965,1.0,605000.0,99.57880322273623,17806.36611574741,200.0,4.361342191696167,138.35208958343804
5.4567194e-05,0.0,,,,,,,1776.2134,10632.829,8419.157,3839.1887,3349.3416,-2623.6196,76840.06,,,,,,1776.4084,0.019827704763412477,24598.958924531937,1610000,0.0859375,0.0036057695,0.07769099,0.1951285,0.08942962,5.4567194e-05,8471.833,0.11738295,0.0,6.8392406,6.8392406,0.1,1.0,0.0016595998,0.24443495,8678.782,1.0,610000.0,101.75207983067375,18095.172081912573,200.0,3.821782112121582,140.56194616116449
3.6118894e-05,0.0,,,,,,,1278.6709,10783.818,8216.171,32.210873,1859.2253,-1637.3193,38252.78,,,,,,1278.8655,0.019804197311401366,24697.979917287827,1615000,0.08984375,0.003455529,0.046270624,0.19455664,0.03322375,3.6118894e-05,8269.756,0.1482499,0.0,6.6521354,6.6521354,0.1,1.0,0.002110163,0.3175229,8471.497,1.0,615000.0,101.77957325767811,2430.8734721559563,200.0,4.406342506408691,20.703434310182313
5.943563e-05,0.0,,,,,,,6617.0903,10627.958,8389.373,-245.48923,21130.055,-14559.034,296699.0,,,,,,6623.6807,0.019766352987289428,24796.81168937683,1620000,0.0703125,0.0028545675,6.479592,6.5901666,0.09471524,5.943563e-05,8436.34,0.11051525,0.0,14.277584,14.277584,0.1,1.0,0.016896844,0.3075199,8200.395,1.0,620000.0,101.78717895846407,18131.12465703464,200.0,3.897714614868164,140.8370444760458
3.9069484e-05,0.0,,,,,,,3185.9463,10663.186,8364.594,3461.7478,7651.4087,-9077.145,174635.97,,,,,,3207.803,0.019927846431732177,24896.450928211212,1625000,0.0546875,0.0021033655,21.499556,21.856625,0.059114933,3.9069484e-05,8411.587,0.35703176,0.0,8.580571,8.580571,0.1,1.0,0.0024277153,0.29887822,8456.705,1.0,625000.0,101.83674134859675,18124.51501118408,200.0,3.8713626861572266,140.7864694496596
6.652779e-05,0.0,,,,,,,1488.9519,10763.632,8350.171,2718.771,3910.2922,-2663.6492,68317.33,,,,,,1489.4437,0.019780865335464477,24995.355261087418,1630000,0.0546875,0.0022536058,0.33343205,0.4918035,0.18683147,6.652779e-05,8399.6875,0.15830493,0.0,9.0822315,9.0822315,0.1,1.0,0.002782233,0.33417293,8672.686,1.0,630000.0,99.75799285684323,18201.532397194856,200.0,3.8124582767486572,141.3757833732434
7.0947295e-05,0.0,,,,,,,2173.7935,10642.007,8334.82,-95.17938,8642.88,-12455.708,97377.3,,,,,,2174.1404,0.01986038279533386,25094.65718126297,1635000,0.05078125,0.001953125,0.07790375,0.34702092,0.1251117,7.0947295e-05,8385.949,0.26904622,0.0,9.373722,9.373722,0.1,1.0,0.0030684075,0.3338227,8418.52,1.0,635000.0,99.7465148049867,17498.62245845358,200.0,3.8374948501586914,135.99732747670433
9.636397e-05,0.0,,,,,,,1153.984,10583.861,8348.5,4309.11,4449.62,-7914.261,53563.645,,,,,,1154.3119,0.019932821083068847,25194.321293115616,1640000,0.07421875,0.0030048077,0.030978294,0.3278993,0.19358873,9.636397e-05,8399.408,0.29682466,0.0,8.174023,8.174023,0.1,1.0,0.0021371602,0.2939165,8487.279,1.0,640000.0,101.81226491118595,17931.634183978505,200.0,4.34846830368042,139.31060324655698
7.7976205e-05,0.0,,,,,,,1701.884,10789.275,8388.42,5026.3877,5630.061,-5460.184,72524.13,,,,,,1702.2068,0.019721576642990114,25292.929182052612,1645000,0.078125,0.0031550482,0.036380567,0.3227653,0.09348369,7.7976205e-05,8434.389,0.28630677,0.0,8.685738,8.685738,0.1,1.0,0.0025535552,0.27321547,7994.7476,1.0,645000.0,99.76821144805251,17961.356045622015,200.0,3.8454530239105225,139.53802601183884
4.5345758e-05,0.0,,,,,,,2074.7505,10657.95,8439.52,2839.5212,9064.223,-6896.4434,110083.62,,,,,,2138.3215,0.01981127233505249,25391.98554944992,1650000,0.0703125,0.003455529,63.083065,63.571087,0.040824413,4.5345758e-05,8485.616,0.48797438,0.0,12.067455,12.067455,0.1,1.0,0.0026571178,0.3735179,8222.493,1.0,650000.0,99.61233340580922,17718.156300286013,200.0,3.8091535568237305,137.67713454872828
4.3886124e-05,0.0,,,,,,,1014.2886,10681.164,8350.998,-69.37213,2727.6833,-3158.248,37459.92,,,,,,1034.4032,0.019861272096633912,25491.29191684723,1655000,0.08984375,0.0036057695,19.944616,20.114565,0.04289925,4.3886124e-05,8394.354,0.16990493,0.0,6.962342,6.962342,0.1,1.0,0.0017086547,0.30112404,8076.9272,1.0,655000.0,101.88446589609974,16227.142694682625,200.0,4.340940952301025,126.26834591609341
3.8866976e-05,0.0,,,,,,,3005.3672,10574.006,8328.229,-217.72525,6585.045,-6876.32,110788.28,,,,,,3005.658,0.019751999473571778,25590.051921606064,1660000,0.06640625,0.0025540867,0.06482796,0.2908604,0.032324553,3.8866976e-05,8381.83,0.22599359,0.0,7.7218704,7.7218704,0.1,1.0,0.0023388625,0.30415508,8255.352,1.0,660000.0,99.69847624916318,18068.53319440332,200.0,3.8246567249298096,140.35811338870724
6.653132e-05,0.0,,,,,,,1523.9995,10740.903,8291.842,3431.0447,7533.155,-9482.532,73700.78,,,,,,1524.2515,0.019760127925872804,25688.852568626404,1665000,0.06640625,0.0030048077,0.061210323,0.25190043,0.110767126,6.653132e-05,8341.025,0.19062358,0.0,7.19546,7.19546,0.1,1.0,0.0025240802,0.2832308,8127.2056,1.0,665000.0,101.73297239590008,18028.224671733715,200.0,3.8718881607055664,140.04968467048292
7.2353236e-05,0.0,,,,,,,1314.6814,10717.562,8181.0547,-104.471,3870.2288,-5680.831,57638.63,,,,,,1316.0466,0.01984941463470459,25788.09964823723,1670000,0.1015625,0.0040564905,1.0602458,1.3652856,0.12145352,7.2353236e-05,8256.356,0.3049675,0.0,9.742176,9.742176,0.1,1.0,0.00274968,0.2781604,8018.552,0.0,670000.0,-0.5574227142410912,-77.53314950551096,200.0,4.245668649673462,1.50985965486843
0.00016501636,0.0,,,,,,,1541.6306,10720.005,8270.113,3138.1785,2026.4507,-2034.0839,40180.586,,,,,,1544.2626,0.019623947858810425,25886.219393014908,1675000,0.0859375,0.0040564905,2.2580328,2.6319015,0.37183368,0.00016501636,8322.412,0.37370372,0.0,10.561813,10.561813,0.1,1.0,0.0017861736,0.24407502,8827.207,1.0,675000.0,101.72085517465115,18113.337739645853,200.0,3.859501600265503,140.7009443223301
9.132279e-05,0.0,,,,,,,1720.9437,10543.536,8105.2417,-289.6693,4289.6943,-5231.1987,81579.89,,,,,,1721.6676,0.019695350170135496,25984.696151018143,1680000,0.0703125,0.0033052885,0.03637585,0.7238296,0.091946244,9.132279e-05,8151.4736,0.68736243,0.0,8.088402,8.088402,0.1,1.0,0.0023403843,0.28962412,8056.398,1.0,680000.0,99.74031382392576,18119.86648551061,200.0,3.8467373847961426,140.75090032630436
7.4147785e-05,0.0,,,,,,,1540.6467,10730.825,8314.901,-102.66969,2013.2026,-4113.8735,48153.273,,,,,,1544.6982,0.01985150284767151,26083.953671693802,1685000,0.0859375,0.00390625,3.6365404,4.0515647,0.049794316,7.4147785e-05,8359.975,0.41495028,0.0,7.0334044,7.0334044,0.1,1.0,0.0019521344,0.3475208,8572.098,1.0,685000.0,99.70151439249408,18074.77585814035,200.0,3.81638765335083,140.40588037809806
3.2486485e-05,0.0,,,,,,,1863.0131,10634.042,8335.552,4250.3237,7198.135,-7297.5356,96206.28,,,,,,1868.7834,0.01983121476173401,26183.10975265503,1690000,0.06640625,0.0025540867,5.4155,5.7704043,0.055369616,3.2486485e-05,8379.02,0.35487163,0.0,8.172491,8.172491,0.1,1.0,0.0037481296,0.39996392,7957.2764,1.0,690000.0,101.72131284463627,18200.15187789659,200.0,3.8705458641052246,141.36522005388937
0.000153636,0.0,,,,,,,1574.0112,10660.595,8241.593,-152.0569,1836.3451,-3277.8281,45189.062,,,,,,1574.2122,0.019680456924438476,26281.512043714523,1695000,0.12890625,0.0060096155,0.104321696,0.20089322,0.112698436,0.000153636,8287.648,0.0964179,0.0,5.987377,5.987377,0.1,1.0,0.0022310885,0.3215432,8330.182,1.0,695000.0,99.72329730374423,17978.456247554845,200.0,3.8322930335998535,139.66887162498006
0.0001484539,0.0,,,,,,,1596.7461,10750.432,8175.978,-118.46822,5491.4385,-2069.627,50877.637,,,,,,1596.9504,0.01985735492706299,26380.79882478714,1700000,0.07421875,0.00390625,0.06199219,0.20429142,0.14467633,0.0001484539,8222.564,0.14215077,0.0,9.095663,9.095663,0.1,1.0,0.0025152827,0.27808818,8424.361,1.0,700000.0,99.60427070970017,17718.399075801753,200.0,4.276096343994141,137.67899219411385
5.530613e-05,0.0,,,,,,,1996.7607,10668.905,8284.81,2685.9841,3484.385,-3823.8079,72428.734,,,,,,1997.4325,0.024239220666885376,26501.99493432045,1705000,0.078125,0.0031550482,0.3441303,0.6717361,0.04872489,5.530613e-05,8330.344,0.32755047,0.0,9.639021,9.639021,0.1,1.0,0.0026122187,0.30981117,8377.799,1.0,705000.0,99.7053044048785,17869.715075762928,200.0,3.838376998901367,138.83681681342318
2.3630484e-05,0.0,,,,,,,1846.4375,10540.836,8158.6963,4310.316,2526.3872,-2720.9075,62620.35,,,,,,1846.8066,0.019893766164779662,26601.46377134323,1710000,0.05859375,0.0025540867,0.034145273,0.36918762,0.027087688,2.3630484e-05,8209.8955,0.33501872,0.0,10.110762,10.110762,0.1,1.0,0.003117242,0.30111584,8143.243,1.0,710000.0,101.65786202763113,18213.92714618257,200.0,3.949129343032837,141.47062427263154
5.3103835e-05,0.0,,,,,,,1141.1584,10743.654,8102.0576,-236.6677,3181.6853,-3212.9585,42390.28,,,,,,1142.3723,0.019952716493606568,26701.227360248566,1715000,0.0703125,0.0030048077,1.0903275,1.2138516,0.12930334,5.3103835e-05,8152.1855,0.123471044,0.0,7.8839855,7.8839855,0.1,1.0,0.0020866112,0.29208297,8359.507,1.0,715000.0,101.77735486230063,18037.95639951595,200.0,3.8864142894744873,140.12414893082274
7.1113536e-05,0.0,,,,,,,876.8263,10660.496,8268.137,-105.827805,1177.6782,-2019.7356,27351.73,,,,,,877.0112,0.019990243768692018,26801.17858481407,1720000,0.0859375,0.0033052885,0.0638209,0.18495527,0.14670336,7.1113536e-05,8314.176,0.12106326,0.0,8.182739,8.182739,0.1,1.0,0.0015915919,0.27602315,8654.67,1.0,720000.0,101.7450352063469,18197.579072770382,200.0,3.861760377883911,141.3455337212043
8.443009e-05,0.0,,,,,,,1536.433,10758.976,8282.022,-42.18352,859.47455,-1620.996,40781.57,,,,,,1536.6711,0.019970119714736938,26901.02918934822,1725000,0.08203125,0.0031550482,0.044872165,0.23816878,0.110459924,8.443009e-05,8327.143,0.19321218,0.0,7.384505,7.384505,0.1,1.0,0.0020201295,0.30909073,8615.061,1.0,725000.0,101.77677866752155,17935.31938078095,200.0,3.9063918590545654,139.33880126650178
7.641543e-05,0.0,,,,,,,1316.265,10697.363,8392.945,-209.27933,5363.9336,-15784.738,74876.04,,,,,,1316.8547,0.01999398446083069,27000.999117851257,1730000,0.10546875,0.004206731,0.053572044,0.58967596,0.13414228,7.641543e-05,8438.029,0.5360275,0.0,9.384306,9.384306,0.1,1.0,0.0017456159,0.21506877,8696.517,1.0,730000.0,99.66716964786441,17668.649753696413,200.0,3.794342041015625,137.29832531194478
3.3973287e-05,0.0,,,,,,,1217.658,10783.992,8528.416,4551.3125,1855.1906,-1719.3074,36985.77,,,,,,1218.0225,0.019926381540298462,27100.63103222847,1735000,0.078125,0.0033052885,0.17635983,0.3645372,0.05103481,3.3973287e-05,8576.047,0.1881434,0.0,8.426051,8.426051,0.1,1.0,0.0022227443,0.30142337,8892.989,1.0,735000.0,101.77967651052485,18120.09189103489,200.0,4.351098537445068,140.75262506172828
0.000107736974,0.0,,,,,,,2666.5989,11002.482,8459.533,-113.2119,11114.87,-12485.3,125301.25,,,,,,2666.9207,0.019770862102508543,27199.485348939896,1740000,0.10546875,0.004206731,0.07075069,0.32177687,0.27652013,0.000107736974,8504.438,0.25091845,0.0,7.728981,7.728981,0.1,1.0,0.001959965,0.29585963,8743.318,1.0,740000.0,101.85262730696135,18109.711490908852,200.0,4.007613182067871,140.67319735529082
7.290148e-05,0.0,,,,,,,1277.8103,10958.65,8468.548,4062.2805,1863.5055,-1852.0259,42032.047,,,,,,1278.0045,0.02003068141937256,27299.63876223564,1745000,0.078125,0.0031550482,0.1024455,0.19423652,0.12696147,7.290148e-05,8511.332,0.09171813,0.0,7.164737,7.164737,0.1,1.0,0.0018386709,0.268529,8346.046,1.0,745000.0,101.85925721120338,18024.258455703966,200.0,3.897336483001709,140.01933637574925
0.00012577562,0.0,,,,,,,1504.3478,10836.281,8425.384,-210.63187,3931.3384,-5387.4214,51169.92,,,,,,1504.7819,0.019981769371032715,27399.547616004944,1750000,0.08984375,0.0045072115,0.07299775,0.43404868,0.07585609,0.00012577562,8473.156,0.36092517,0.0,9.594784,9.594784,0.1,1.0,0.0060017267,0.30444804,8178.3604,1.0,750000.0,101.63784982893998,18229.873856603033,200.0,3.8953440189361572,141.59264371490167
3.389067e-05,0.0,,,,,,,2217.0356,10700.27,8471.471,4518.456,4321.331,-9844.0625,102246.53,,,,,,2217.401,0.020040511846542357,27499.7501809597,1755000,0.03515625,0.0015024039,0.031115908,0.3652058,0.085731745,3.389067e-05,8513.258,0.334056,0.0,8.386361,8.386361,0.1,1.0,0.0016206752,0.2543235,8671.541,1.0,755000.0,101.78336611052805,18190.549518312182,200.0,3.864943504333496,141.29174568017382
5.6263634e-05,0.0,,,,,,,1935.5061,10633.799,8391.073,-88.133736,1617.4779,-1742.784,52516.414,,,,,,1955.4144,0.01989927577972412,27599.246565580368,1760000,0.09375,0.0045072115,19.581614,19.90829,0.073152065,5.6263634e-05,8439.758,0.32662177,0.0,9.991104,9.991104,0.1,1.0,0.0039899834,0.3345845,8300.689,1.0,760000.0,101.75051266571899,18311.07560859508,200.0,3.9013876914978027,142.2139751511779
6.0013248e-05,0.0,,,,,,,2618.2388,10714.332,8459.168,-178.28322,2315.3418,-2958.269,79673.086,,,,,,2618.4468,0.01993087959289551,27698.90096950531,1765000,0.0546875,0.0022536058,0.0930958,0.20805325,0.20444703,6.0013248e-05,8498.994,0.11489743,0.0,7.150734,7.150734,0.1,1.0,0.00201985,0.33544126,8697.84,1.0,765000.0,99.66085223933668,17016.639940043337,200.0,3.8390326499938965,132.3093418966249
5.477968e-05,0.0,,,,,,,1676.7764,10800.87,8346.172,3210.7954,3060.5435,-3482.434,59997.1,,,,,,1677.0007,0.01996447730064392,27798.72336244583,1770000,0.0625,0.0030048077,0.026687188,0.22432561,0.09378946,5.477968e-05,8388.963,0.19758365,0.0,6.6675377,6.6675377,0.1,1.0,0.0023345198,0.22511321,8406.113,1.0,770000.0,101.76710052861968,18199.653266703343,200.0,3.888551712036133,141.36140483067996
7.35728e-05,0.0,,,,,,,2578.5317,10672.513,8329.667,4069.1453,6191.096,-10401.96,98483.31,,,,,,2578.7422,0.01979343147277832,27897.690526008606,1775000,0.08203125,0.0033052885,0.07919514,0.21055967,0.10981381,7.35728e-05,8376.708,0.13129096,0.0,6.3782268,6.3782268,0.1,1.0,0.0017228073,0.26432148,8737.057,1.0,775000.0,99.71120052961452,17548.31230406026,200.0,3.8050389289855957,136.37753926255547
7.6941666e-05,0.0,,,,,,,1406.5691,10681.798,8346.773,-189.89275,3107.6638,-2420.971,49125.062,,,,,,1406.9537,0.01985596137046814,27996.970339775085,1780000,0.05859375,0.0024038462,0.15108618,0.38465962,0.19750881,7.6941666e-05,8388.343,0.23349649,0.0,8.459247,8.459247,0.1,1.0,0.004905754,0.30940753,7892.711,0.0,780000.0,26.82093496682633,5674.491031450134,200.0,3.9024667739868164,45.522622411497224
9.529334e-05,0.0,,,,,,,2069.7285,10663.561,8315.342,-219.64034,2210.5977,-4367.371,65750.3,,,,,,2070.004,0.020026928853988647,28097.104990959167,1785000,0.08203125,0.0036057695,0.06442172,0.27533537,0.070524454,9.529334e-05,8361.984,0.21081834,0.0,9.95248,9.95248,0.1,1.0,0.002574838,0.30518323,8329.318,1.0,785000.0,101.64490558149532,18110.09556228384,200.0,3.859787940979004,140.67613615418617
4.5494893e-05,0.0,,,,,,,1250.989,10601.62,8350.922,-242.00586,3556.3777,-2637.0842,64340.703,,,,,,1252.049,0.019788667011260988,28196.04833173752,1790000,0.05859375,0.0024038462,0.33138794,1.0599046,0.06324875,4.5494893e-05,8394.501,0.72847104,0.0,12.374723,12.374723,0.1,1.0,0.002598303,0.36779875,8933.061,1.0,790000.0,99.76029375187261,17846.374693071095,200.0,3.8272132873535156,138.6582232098939
0.000101516496,0.0,,,,,,,1245.5881,10540.926,8369.533,2614.1794,3338.6604,-4413.333,52164.25,,,,,,1245.8099,0.019827047157287597,28295.18357348442,1795000,0.07421875,0.0031550482,0.11011169,0.22177501,0.28923345,0.000101516496,8412.014,0.111561805,0.0,6.776166,6.776166,0.1,1.0,0.00192644,0.282061,8430.22,1.0,795000.0,101.76230194793041,17995.504723070542,200.0,3.913083791732788,139.79932144310126
4.2249667e-05,0.0,,,,,,,1168.9424,10673.861,8308.654,-214.81573,3318.625,-1381.3402,33348.227,,,,,,1169.3708,0.019730960750579833,28393.83838367462,1800000,0.05078125,0.0022536058,0.17472869,0.42841262,0.057011724,4.2249667e-05,8355.38,0.25364166,0.0,9.583855,9.583855,0.1,1.0,0.0028219447,0.28356263,7957.6084,1.0,800000.0,101.75593475348302,18192.28800766614,200.0,3.875331163406372,141.30504807896136
8.391754e-05,0.0,,,,,,,3545.8684,10655.055,8144.0776,-276.07852,14042.712,-8429.384,133221.9,,,,,,3546.5564,0.024061195230484007,28514.14436531067,1805000,0.08984375,0.0037560097,0.19092506,0.68808746,0.10129297,8.391754e-05,8199.612,0.49707848,0.0,10.786969,10.786969,0.1,1.0,0.0024140417,0.4230271,8573.274,1.0,805000.0,101.67764524445423,18014.368824915844,200.0,3.8635060787200928,139.94366388899763
8.9708126e-05,0.0,,,,,,,1938.7021,10691.338,8391.118,4547.711,32167.72,-70063.53,359974.34,,,,,,1939.0488,0.019828793716430666,28613.28834104538,1810000,0.1015625,0.004657452,0.12410449,0.34665713,0.12962925,8.9708126e-05,8438.025,0.22246292,0.0,8.121048,8.121048,0.1,1.0,0.0016632308,0.285389,8455.293,1.0,810000.0,99.63354229069452,17925.076610419634,200.0,3.7997214794158936,139.260426661719
8.849012e-05,0.0,,,,,,,1575.6362,10446.559,8373.251,-124.30153,8842.773,-14606.605,112551.0,,,,,,1575.8292,0.019940455627441407,28712.990624427795,1815000,0.0390625,0.0016526442,0.03986843,0.19304398,0.36257124,8.849012e-05,8414.497,0.15308706,0.0,5.6120462,5.6120462,0.1,1.0,0.0013785253,0.2617739,8601.828,1.0,815000.0,99.68695720465239,15150.809377207574,200.0,3.8087892532348633,118.03256639591515
8.515088e-05,0.0,,,,,,,1653.0417,10651.884,8314.298,2959.0703,1472.3431,-1573.851,39504.332,,,,,,1655.3619,0.01982662706375122,28812.123766183853,1820000,0.0703125,0.0030048077,2.1343813,2.320141,0.17655253,8.515088e-05,8353.802,0.18567471,0.0,8.570801,8.570801,0.1,1.0,0.0025392226,0.2739,8092.3066,1.0,820000.0,99.64908670513512,18084.174049391942,200.0,3.857866048812866,140.47779251700513
4.708957e-05,0.0,,,,,,,1819.2504,10581.769,8412.465,1754.315,6203.5312,-7803.37,119311.98,,,,,,1819.3912,0.01973863091468811,28910.816926956177,1825000,0.0546875,0.0024038462,0.039585803,0.14081733,0.10339022,4.708957e-05,8462.48,0.10118444,0.0,6.433639,6.433639,0.1,1.0,0.0018145492,0.28764573,8633.398,1.0,825000.0,99.40919637391261,17802.05427572644,200.0,3.823216438293457,138.31909667765098
4.8152906e-05,0.0,,,,,,,1628.99,10552.41,8465.904,3943.2087,3506.8362,-4412.3413,69220.27,,,,,,1629.2567,0.019819777011871337,29009.915817260742,1830000,0.05859375,0.0022536058,0.049110778,0.26676843,0.11532533,4.8152906e-05,8511.33,0.21760948,0.0,10.8057785,10.8057785,0.1,1.0,0.001507072,0.30640346,8251.9375,1.0,830000.0,99.6563177643711,17749.34997379647,200.0,3.8168458938598633,137.91581917670135
0.00012931445,0.0,,,,,,,1595.0056,10627.134,8297.358,-319.7506,4163.866,-2307.1997,51441.508,,,,,,1595.3444,0.02002098960876465,29110.020770788193,1835000,0.0859375,0.0036057695,0.19793871,0.33877,0.16182184,0.00012931445,8337.153,0.14070196,0.0,6.5052958,6.5052958,0.1,1.0,0.002055116,0.22376278,8467.125,1.0,835000.0,101.76456740642516,18121.90415705255,200.0,3.8584799766540527,140.7664919774049
4.072081e-05,0.0,,,,,,,1649.979,10752.305,8395.234,4589.6377,14950.977,-7031.3745,84992.06,,,,,,1678.1854,0.01989332494735718,29209.48740196228,1840000,0.05078125,0.0022536058,14.899259,28.206398,0.06991708,4.072081e-05,8443.346,13.307099,0.0,14.429376,14.429376,0.1,1.0,0.0031540522,0.31036457,8464.43,0.0,840000.0,26.76442865660178,9353.089224567853,200.0,4.337646961212158,73.67015177806441
7.599134e-05,0.0,,,,,,,1794.0095,10623.102,8331.271,4337.1743,4663.273,-4882.341,57027.39,,,,,,1794.4364,0.019857439708709717,29308.774609088898,1845000,0.0625,0.002704327,0.039660256,0.42687953,0.10721004,7.599134e-05,8380.754,0.38714328,0.0,7.615233,7.615233,0.1,1.0,0.0025743889,0.28645498,8113.2383,0.0,845000.0,-1.2394339804016532,-256.0092084728692,200.0,3.861776113510132,0.1442144152193577
8.919986e-05,0.0,,,,,,,1265.958,10628.911,8460.966,99.29396,2748.4983,-1551.5542,47366.414,,,,,,1266.2369,0.019874064588546753,29408.144938468933,1850000,0.1015625,0.0045072115,0.053256724,0.27896464,0.12502849,8.919986e-05,8502.906,0.2256187,0.0,7.9334583,7.9334583,0.1,1.0,0.0023695985,0.30660805,8415.551,1.0,850000.0,99.69770399942333,17831.493501526744,200.0,3.797417640686035,138.54435679828424
7.212569e-05,0.0,,,,,,,1758.8939,10558.049,8277.807,4124.057,1681.0927,-1119.6511,54374.758,,,,,,1759.6044,0.019780077934265138,29507.04533457756,1855000,0.07421875,0.0030048077,0.053067952,0.71038985,0.08848333,7.212569e-05,8321.238,0.65724975,0.0,14.192118,14.192118,0.1,1.0,0.0027377214,0.37475216,8179.59,1.0,855000.0,101.81477468313777,14449.63904324106,200.0,4.365366458892822,112.66742143302888
6.709911e-05,0.0,,,,,,,1395.8682,10708.898,8421.084,5189.521,2252.1133,-9976.336,51553.05,,,,,,1396.0337,0.019790694618225097,29605.99881386757,1860000,0.07421875,0.0028545675,0.05133498,0.16558659,0.07818556,6.709911e-05,8464.127,0.11418451,0.0,7.3836727,7.3836727,0.1,1.0,0.0013584427,0.2972528,8398.469,1.0,860000.0,101.7223284139611,18187.347830882638,200.0,3.91261887550354,141.26724732884145
9.647274e-05,0.0,,,,,,,1316.9802,10552.109,8419.701,2401.6018,6293.484,-3313.7502,59254.188,,,,,,1317.2871,0.019917719459533693,29705.58741736412,1865000,0.08984375,0.00390625,0.055801164,0.30689082,0.09978783,9.647274e-05,8464.582,0.2509932,0.0,8.154165,8.154165,0.1,1.0,0.0024864785,0.25578776,8489.952,1.0,865000.0,99.78075098641708,17656.36258166134,200.0,3.8329086303710938,137.2043075591126
7.3404735e-05,0.0,,,,,,,2764.4158,10604.588,8572.395,3804.9768,3643.8794,-3631.6213,79386.2,,,,,,2765.5583,0.019952830028533937,29805.351572990417,1870000,0.0625,0.0025540867,0.061070234,1.1424586,0.17262864,7.3404735e-05,8615.639,1.0813149,0.0,8.465935,8.465935,0.1,1.0,0.00299419,0.32341185,8758.391,1.0,870000.0,101.8159332462439,17837.251597788883,200.0,3.8977010250091553,138.58841602278375
0.00010570506,0.0,,,,,,,5734.982,10623.405,8478.651,9.540892,13081.322,-16153.343,258945.03,,,,,,5846.2153,0.01983435616493225,29904.523360729218,1875000,0.09375,0.0036057695,110.56301,111.23361,0.16958618,0.00010570506,8518.545,0.67049104,0.0,8.140663,8.140663,0.1,1.0,0.0025626267,0.34936103,8694.214,0.0,875000.0,24.410592514667236,4233.481573542351,200.0,3.8078246116638184,34.49645050997083
0.00012023411,0.0,,,,,,,1442.366,10558.662,8374.37,49.746998,1613.977,-1635.3368,37314.754,,,,,,1446.7451,0.01995103769302368,30004.2785551548,1880000,0.09765625,0.004657452,4.222079,4.3791633,0.11207986,0.00012023411,8418.033,0.1569645,0.0,7.127449,7.127449,0.1,1.0,0.0023278529,0.35461232,8344.143,1.0,880000.0,101.84663250340769,18144.047906843276,200.0,3.928992748260498,140.93592930510394
5.2686693e-05,0.0,,,,,,,1030.9524,10653.34,8419.311,3356.515,1660.0464,-1297.0853,35330.355,,,,,,1031.1199,0.0199749267578125,30104.15319442749,1885000,0.05859375,0.0024038462,0.030896164,0.16742197,0.12978911,5.2686693e-05,8461.617,0.1364731,0.0,6.297741,6.297741,0.1,1.0,0.0022728972,0.22584875,8690.07,1.0,885000.0,101.85628838634979,18120.837495386993,200.0,3.9263224601745605,140.7583302024626
0.00010592213,0.0,,,,,,,1858.2883,10581.985,8337.534,2186.2224,8058.915,-13182.8545,89053.58,,,,,,1858.5986,0.01985290207862854,30203.41771030426,1890000,0.08984375,0.0037560097,0.21325547,0.3103578,0.15767014,0.00010592213,8377.821,0.09699642,0.0,6.827158,6.827158,0.1,1.0,0.001335337,0.3115903,8684.222,1.0,890000.0,101.71763600867267,18120.670377305945,200.0,3.9413914680480957,140.75705146506127
9.355372e-05,0.0,,,,,,,1894.4031,10517.863,8386.11,4632.9653,7946.808,-16325.553,93314.4,,,,,,1894.8981,0.02007803897857666,30303.80791091919,1895000,0.08984375,0.00390625,0.25228277,0.49495265,0.08774662,9.355372e-05,8427.88,0.24257632,0.0,9.24234,9.24234,0.1,1.0,0.002220818,0.30900797,8178.6387,1.0,895000.0,101.85367008957138,18016.744415695073,200.0,4.3350629806518555,139.96184119668683
7.091733e-05,0.0,,,,,,,2041.8634,10578.317,8412.357,3712.4927,13542.467,-5531.37,106342.53,,,,,,2045.7906,0.019856821393966675,30403.09202313423,1900000,0.0703125,0.0028545675,3.6956718,3.927253,0.17579472,7.091733e-05,8452.992,0.23151046,0.0,7.532343,7.532343,0.1,1.0,0.0020226345,0.34972715,8313.691,1.0,900000.0,101.80479086137889,18000.222510526124,200.0,4.449711084365845,139.8354205368266
0.00012321335,0.0,,,,,,,1063.2483,10466.853,8518.758,4112.602,4342.3315,-8257.155,55077.234,,,,,,1063.4316,0.02449469795227051,30525.565519094467,1905000,0.10546875,0.0048076925,0.053698715,0.18331783,0.13212621,0.00012321335,8559.016,0.12949589,0.0,6.020401,6.020401,0.1,1.0,0.001598226,0.22973372,8782.455,1.0,905000.0,99.42619256135518,17706.65953834292,200.0,3.8353965282440186,137.58916477670505
8.054739e-05,0.0,,,,,,,1308.027,10561.872,8379.684,-167.87215,8941.671,-7438.139,68876.41,,,,,,1308.3894,0.019949084997177124,30625.310950279236,1910000,0.08984375,0.0037560097,0.046759177,0.3623879,0.079830766,8.054739e-05,8417.295,0.31554815,0.0,7.695491,7.695491,0.1,1.0,0.001993457,0.2988994,8538.084,1.0,910000.0,101.82523969711573,14727.408109622891,200.0,3.9219777584075928,114.79282696596644
0.00015320945,0.0,,,,,,,1308.1631,10532.802,8532.643,4097.314,4316.5073,-3289.9785,49008.74,,,,,,1308.6317,0.019848164510726928,30724.55177950859,1915000,0.0859375,0.003455529,0.27200297,0.46865717,0.15268576,0.00015320945,8571.991,0.196501,0.0,8.314651,8.314651,0.1,1.0,0.0027755839,0.24502371,8508.867,1.0,915000.0,101.81812994222372,15428.39974745855,200.0,3.880431652069092,120.15660459968905
0.00010787589,0.0,,,,,,,3307.0828,10516.187,8390.125,276.68134,5861.964,-8113.7666,137461.47,,,,,,3321.5789,0.01990000214576721,30824.05179619789,1920000,0.0625,0.002704327,14.211168,14.496058,0.21821404,0.00010787589,8426.031,0.28478193,0.0,8.354988,8.354988,0.1,1.0,0.0022314955,0.33939922,8307.187,1.0,920000.0,101.83308767706284,18129.208981234344,200.0,3.88858699798584,140.8223862997474
0.00011255551,0.0,,,,,,,2709.6465,10512.426,8427.729,4492.988,18453.121,-14277.709,203494.34,,,,,,2710.1282,0.020180838060379028,30924.95599246025,1925000,0.0703125,0.0031550482,0.13070978,0.48165795,0.12633193,0.00011255551,8468.768,0.3508356,0.0,9.821418,9.821418,0.1,1.0,0.0024945466,0.34102726,8654.143,1.0,925000.0,101.75964506277933,17059.543089730396,200.0,3.9698386192321777,132.63762392209702
7.9848534e-05,0.0,,,,,,,2514.8108,10609.251,8395.226,3335.7793,2774.877,-3067.4773,75375.8,,,,,,2514.9993,0.01997360372543335,31024.8240172863,1930000,0.1171875,0.0045072115,0.07106431,0.18845306,0.058827758,7.9848534e-05,8427.223,0.11730891,0.0,6.189184,6.189184,0.1,1.0,0.0022001842,0.26333886,8349.507,0.0,930000.0,-0.6930069936320933,6855.33379227458,200.0,3.840686321258545,54.55807682720071
7.0210495e-05,0.0,,,,,,,1291.799,10580.321,8336.137,224.1728,2721.621,-5253.0063,46031.316,,,,,,1292.1241,0.020007245683670044,31124.860251903534,1935000,0.05078125,0.0024038462,0.05762141,0.32522348,0.08241534,7.0210495e-05,8371.075,0.26753184,0.0,6.4959493,6.4959493,0.1,1.0,0.0015366994,0.34384048,8704.253,1.0,935000.0,101.86790718626546,17276.890417432114,200.0,3.894223213195801,134.30070044420123
5.3444448e-05,0.0,,,,,,,1346.7395,10550.954,8387.329,15.315526,6219.6875,-4667.292,52086.562,,,,,,1346.9164,0.019805808544158934,31223.889302015305,1940000,0.0703125,0.0028545675,0.10188521,0.1768284,0.10709441,5.3444448e-05,8421.653,0.07488974,0.0,4.9655294,4.9655294,0.1,1.0,0.002170103,0.325448,8728.368,1.0,940000.0,101.75471853285828,18001.37795870553,200.0,3.9071905612945557,139.84426167952662
7.6481665e-05,0.0,,,,,,,3389.0588,10527.623,8663.658,3557.5522,15270.028,-9696.47,176599.78,,,,,,3389.4707,0.02000273942947388,31323.903006076813,1945000,0.08984375,0.0037560097,0.07966472,0.41175812,0.09417784,7.6481665e-05,8696.707,0.33201692,0.0,9.074102,9.074102,0.1,1.0,0.001643378,0.38508016,8668.99,0.0,945000.0,26.688768615277425,8232.158519568353,200.0,3.856466054916382,65.09312643295067
8.2363214e-05,0.0,,,,,,,1896.6431,10502.574,8387.291,2308.68,5739.957,-1856.8381,53646.668,,,,,,1897.2462,0.020077957677841186,31424.29280090332,1950000,0.078125,0.0030048077,0.16991358,0.6031367,0.14535332,8.2363214e-05,8426.258,0.43314078,0.0,9.860597,9.860597,0.1,1.0,0.0025551321,0.27370152,8782.19,1.0,950000.0,101.81629940677468,14585.49885507332,200.0,3.8915178775787354,113.7069799394293
6.374468e-05,0.0,,,,,,,3246.412,10479.809,8531.305,3967.191,5498.471,-9553.016,97192.22,,,,,,3247.4473,0.0200945481300354,31524.7655479908,1955000,0.07421875,0.0031550482,0.6713522,1.0352172,0.08769143,6.374468e-05,8564.399,0.36380115,0.0,10.034697,10.034697,0.1,1.0,0.002696728,0.31894013,8492.133,1.0,955000.0,101.83734305332898,18219.058553120783,200.0,3.984858751296997,141.50988825850405
0.00012820413,0.0,,,,,,,1279.9255,10501.402,8544.742,4803.4375,11609.736,-7018.6587,71074.12,,,,,,1280.4811,0.020030875825881957,31624.919934272766,1960000,0.12109375,0.004957933,0.40470257,0.55552644,0.14653587,0.00012820413,8581.826,0.15069567,0.0,9.446681,9.446681,0.1,1.0,0.0021239333,0.2732931,8836.482,1.0,960000.0,101.83574829632954,16781.17921993483,200.0,3.9174797534942627,130.50766713194773
6.358129e-05,0.0,,,,,,,1747.5457,10521.937,8319.344,3347.6711,4893.8823,-5848.2036,76098.19,,,,,,1747.9026,0.019935085010528566,31724.595366239548,1965000,0.0625,0.0025540867,0.049727313,0.35693014,0.09475136,6.358129e-05,8363.096,0.30713925,0.0,10.089543,10.089543,0.1,1.0,0.002440608,0.30868182,8510.775,1.0,965000.0,101.85788078422614,16798.34753717225,200.0,3.880762815475464,130.6390339429571
6.259453e-05,0.0,,,,,,,2001.0121,10517.115,8474.695,4252.7256,13278.461,-6511.609,109361.08,,,,,,2001.2167,0.019866730260848998,31823.92902493477,1970000,0.07421875,0.0033052885,0.0669297,0.2045556,0.08535886,6.259453e-05,8517.016,0.1375633,0.0,8.428307,8.428307,0.1,1.0,0.0026555427,0.3342297,8272.133,0.0,970000.0,26.63569649165762,8533.204215928736,200.0,3.881199836730957,67.39663775278873
8.724447e-05,0.0,,,,,,,3180.6091,10551.8125,8551.777,4736.547,11310.429,-13701.431,123762.25,,,,,,3180.931,0.02022233228683472,31925.040692090988,1975000,0.0625,0.002704327,0.045191433,0.32179785,0.22436261,8.724447e-05,8601.0625,0.27651918,0.0,11.049913,11.049913,0.1,1.0,0.0022481333,0.2697323,8646.154,1.0,975000.0,101.85539030221246,18130.30977587948,200.0,3.90303635597229,140.8308092500056
9.343274e-05,0.0,,,,,,,1748.5544,10540.2705,8575.373,4596.3125,24330.715,-21413.791,178701.67,,,,,,1748.6909,0.020175559520721434,32025.918496608734,1980000,0.05078125,0.0021033655,0.03293371,0.13642858,0.20344257,9.343274e-05,8612.586,0.10340144,0.0,5.193651,5.193651,0.1,1.0,0.0011276283,0.21781944,9143.197,1.0,980000.0,101.83355320564768,18239.187901816615,200.0,3.8937864303588867,141.6639119935795
0.0001242864,0.0,,,,,,,1773.1187,10553.658,8567.685,561.785,3796.4062,-2514.4148,63934.7,,,,,,1773.3933,0.020205988883972167,32126.948447942734,1985000,0.0859375,0.0036057695,0.06574773,0.27470604,0.18930328,0.0001242864,8610.22,0.20883404,0.0,8.46937,8.46937,0.1,1.0,0.0030215862,0.28838378,8733.85,1.0,985000.0,101.82447760644902,18106.770310422162,200.0,3.9499614238739014,140.65069232490276
9.641139e-05,0.0,,,,,,,1667.1914,10560.767,8411.241,-207.95358,3512.6763,-1856.6003,58364.438,,,,,,1668.6012,0.02023116431236267,32228.10427570343,1990000,0.07421875,0.0030048077,1.2791783,1.4098306,0.123034954,9.641139e-05,8452.541,0.13055588,0.0,5.3368225,5.3368225,0.1,1.0,0.0016433048,0.26405352,8729.825,1.0,990000.0,101.8427705921037,18145.91170289964,200.0,4.436600923538208,140.95019051317172
0.00010961307,0.0,,,,,,,2554.1426,10556.298,8401.898,3723.8606,13650.202,-7557.8438,148615.28,,,,,,2557.87,0.019573963212966918,32325.974097967148,1995000,0.07421875,0.0036057695,3.5268843,3.7275665,0.23962092,0.00010961307,8443.934,0.20057248,0.0,7.4174128,7.4174128,0.1,1.0,0.001972166,0.2595575,8655.268,1.0,995000.0,101.86112146407247,15640.18779952191,200.0,3.7391066551208496,121.77714321303759
7.83068e-05,0.0,,,,,,,1354.9236,10604.735,8480.549,-238.29382,1745.7521,-1443.7915,40117.33,,,,,,1355.2328,0.019600836133956908,32423.97828435898,2000000,0.08984375,0.0036057695,0.16989405,0.30922014,0.07836127,7.83068e-05,8517.142,0.13924775,0.0,7.43819,7.43819,0.1,1.0,0.001684241,0.24752322,9005.028,1.0,1000000.0,101.84053189291981,18322.721480029373,200.0,3.8285439014434814,142.3030858642776
