training/actor/actor_loss,training/actor/bound_loss,training/actor/mse,training/actor/q,training/actor/q_loss,training/alpha/current_vs_historical_ratio,training/alpha/historical_avg_loss,training/alpha/max_alpha_bound,training/alpha/min_alpha_bound,training/alpha/valid_count,training/alpha_weight,training/critic/critic_loss,training/critic/q_max,training/critic/q_mean,training/critic/q_min,training/grad/max,training/grad/min,training/grad/norm,training/meanflow/consistency_loss,training/meanflow/flow_loss,training/meanflow/mean_flow_loss,training/metrics/actor_learning_rate,training/metrics/critic_learning_rate,training/total_loss,time/epoch_time,time/total_time,step,exploration/goal_achieved,exploration/total.timesteps,exploration/episode.final_reward,exploration/episode.return,exploration/episode.length,exploration/episode.duration,exploration/episode.normalized_return
-0.19262886,0.0,0.51240224,0.19262886,-0.19262886,1.0,0.0,900.0,9.0,0,90.0,16.909084,3.8560033,0.30027467,-3.086927,134.94038,-125.21349,2748.4934,0.100370616,0.9441237,0.9441237,0.0,0.0003,101.687584,0.008663993310928344,43.319971799850464,0,,,,,,,
-243.29872,0.05773189,0.2800209,243.35646,-243.35646,98922730.0,0.0,900.0,9.0,2,90.0,109.29205,401.78314,226.56908,-3.830637,54.969795,-66.77471,6353.537,0.0419789,0.9892273,0.9892273,1e-05,0.0003,-44.97621,0.010443986463546754,95.5399124622345,5000,,,,,,,
-515.0445,0.08223916,0.5909322,515.1267,-515.1267,64456256.0,0.0,900.0,9.0,4,90.0,15.376387,705.10364,505.421,418.07623,161.05743,-173.99734,6815.6367,0.024406385,0.64456254,0.64456254,2e-05,0.0003,-441.6575,0.0035825928211212156,113.45288157463074,10000,,,,,,,
-755.1387,0.066662334,0.43844703,755.2053,-755.2053,54855060.0,0.0,900.0,9.0,7,90.0,34.98719,962.2384,738.8277,559.37213,127.6273,-286.34732,11274.498,0.031736344,0.5485506,0.5485506,3e-05,0.0003,-670.7819,0.0035666062831878663,131.28591752052307,15000,,,,,,,
-937.09064,0.06705668,0.38271925,937.1577,-937.1577,81371750.0,0.0,900.0,9.0,9,90.0,9.445906,1168.7246,925.0928,755.09143,116.0771,-319.1171,4498.1626,0.03918035,0.8137175,0.8137175,4e-05,0.0003,-854.41016,0.003564924478530884,149.11054468154907,20000,,,,,,,
-1125.1544,0.07164113,0.44321543,1125.2261,-1125.2261,2.7839408,0.20578359,900.0,9.0,12,90.0,28.122059,1337.9279,1110.9783,966.84827,156.88445,-793.9603,10904.902,0.038457572,0.5728893,0.5728893,5e-05,0.0003,-1045.4723,0.003535145950317383,166.78627920150757,25000,,,,,,,
-1273.8502,0.11407838,0.49842352,1273.9644,-1273.9644,2.0653071,0.3582626,900.0,9.0,14,90.0,56.057613,1485.1888,1254.6,1093.2822,1507.9839,-373.45065,8925.338,0.041951794,0.73992234,0.73992234,6e-05,0.0003,-1151.1996,0.003523675012588501,184.40465927124023,30000,,,,,,,
-1423.9395,0.12404346,0.66574025,1424.0635,-1424.0635,1.2456418,0.56223506,900.0,9.0,17,90.0,22.936356,1610.8689,1408.6505,1245.4248,2514.1133,-205.09482,13871.762,0.045359265,0.7003435,0.7003435,6.9999995e-05,0.0003,-1337.9722,0.0035432069301605225,202.12070155143738,35000,,,,,,,
-1497.1119,0.11272571,0.68173385,1497.2246,-1497.2246,1.0458921,0.6245546,900.0,9.0,19,90.0,22.871975,1715.0491,1480.8032,1329.6858,65.25382,-1762.906,6684.676,0.063029066,0.6532167,0.6532167,8e-05,0.0003,-1415.4504,0.003530616521835327,219.77378845214844,40000,,,,,,,
-1608.8428,0.1222803,0.9396432,1608.9651,-1608.9651,0.7071769,0.64652765,900.0,9.0,20,90.0,44.90232,1806.9985,1589.1318,1483.0786,7213.39,-323.01434,20959.762,0.08686378,0.4572094,0.4572094,8.9999994e-05,0.0003,-1522.7916,0.0035360159397125244,237.45387315750122,45000,,,,,,,
-1707.4242,0.07188909,0.5072468,1707.4961,-1707.4961,0.7923957,0.6121821,900.0,9.0,20,90.0,18.887741,1892.732,1692.6243,1553.2943,172.8136,-2925.9487,11703.891,0.024127204,0.48509046,0.48509046,1e-04,0.0003,-1644.8784,0.003527725124359131,255.09250330924988,50000,,,,,,,
-1722.996,0.023379952,0.08514063,1723.0194,-1723.0194,0.9557102,0.61646175,900.0,9.0,20,90.0,145.0531,1951.8043,1719.6376,1588.6802,581.23145,-12245.029,26499.129,0.009203619,0.5891588,0.5891588,9.999385e-05,0.0003,-1524.9186,0.0034697864055633545,272.44144010543823,55000,,,,,,,
-1768.2092,0.09923604,0.54615766,1768.3085,-1768.3085,0.70107144,0.60436743,900.0,9.0,20,90.0,6.8845906,1998.5759,1749.7386,1605.8606,71.771225,-803.2685,2913.7808,0.02639742,0.42370474,0.42370474,9.99754e-05,0.0003,-1723.1912,0.0035211477279663084,290.04718375205994,60000,,,,,,,
-1868.2001,0.16567935,0.66366214,1868.3657,-1868.3657,0.63528025,0.5406169,900.0,9.0,20,90.0,11.321955,2041.2677,1852.4323,1727.4062,249.11586,-123.16576,2193.1675,0.03968896,0.34344327,0.34344327,9.994465e-05,0.0003,-1825.9683,0.003511830997467041,307.6063437461853,65000,,,,,,,
-1868.0098,0.09959793,0.62014186,1868.1094,-1868.1094,0.6692312,0.5257501,900.0,9.0,20,90.0,8.302738,2072.6958,1851.5272,1723.1641,146.47893,-1623.7555,4803.3525,0.040263824,0.35184836,0.35184836,9.990162e-05,0.0003,-1828.0406,0.0034974071025848387,325.0933847427368,70000,,,,,,,
-1900.7726,0.13068563,0.6759231,1900.9033,-1900.9033,0.5969357,0.5102337,900.0,9.0,20,90.0,7.238327,2098.8538,1882.433,1743.835,3106.4854,-82.43981,6514.858,0.027804248,0.30457672,0.30457672,9.984629e-05,0.0003,-1866.1224,0.0034778018474578855,342.4823987483978,75000,,,,,,,
-1924.8516,0.15227729,0.8747593,1925.0038,-1925.0038,0.78246397,0.519959,900.0,9.0,20,90.0,4.6577444,2121.2083,1904.926,1786.521,42.97434,-1967.905,4089.4185,0.049127452,0.40684915,0.40684915,9.977873e-05,0.0003,-1883.5774,0.0033737493515014648,359.35115027427673,80000,,,,,,,
-1958.5295,0.15859172,0.8284118,1958.6881,-1958.6881,0.6545657,0.5048821,900.0,9.0,20,90.0,28.009428,2138.938,1939.665,1844.9985,177.9052,-270.73917,2207.1128,0.0366733,0.3304785,0.3304785,9.969891e-05,0.0003,-1900.7771,0.0034098186016082764,376.4002478122711,85000,,,,,,,
-1972.932,0.10121105,0.79092914,1973.0332,-1973.0332,0.80163383,0.5037347,900.0,9.0,20,90.0,13.01679,2144.166,1954.4381,1833.9109,4474.4136,-99.43181,9291.483,0.05769752,0.4038108,0.4038108,9.9606885e-05,0.0003,-1923.5721,0.0034129981994628906,393.4652466773987,90000,,,,,,,
-1947.9729,0.11652559,0.779334,1948.0895,-1948.0895,0.81472087,0.46546537,900.0,9.0,20,90.0,4.5986896,2145.895,1931.1963,1814.0701,36.43142,-1708.449,3577.2456,0.064125285,0.37922436,0.37922436,9.950265e-05,0.0003,-1909.244,0.00339821195602417,410.4563112258911,95000,,,,,,,
-1967.9315,0.116606265,0.71619815,1968.0481,-1968.0481,1.2569466,0.4642077,900.0,9.0,20,90.0,5.9088974,2148.7153,1950.5676,1811.8079,26.884031,-1155.9159,2640.1929,0.03041953,0.58348423,0.58348423,9.938626e-05,0.0003,-1909.509,0.0034374938011169434,427.6437849998474,100000,,,,,,,
-1918.1078,0.16369583,0.77201885,1918.2715,-1918.2715,0.6446041,0.47845435,900.0,9.0,20,90.0,2.7009122,2145.0974,1900.985,1762.7489,16.688465,-930.9869,1872.508,0.040046804,0.30841362,0.30841362,9.9257726e-05,0.0003,-1887.6497,0.007712217807769775,466.20487928390503,105000,,,,,,,
-1892.248,0.122536466,0.92477655,1892.3706,-1892.3706,1.152956,0.47022206,900.0,9.0,20,90.0,4.059585,2141.5437,1872.75,1705.9443,1125.916,-23.714813,2183.7004,0.051663402,0.5421453,0.5421453,9.91171e-05,0.0003,-1839.3954,0.0035045048236846924,483.7274081707001,110000,,,,,,,
-1901.0741,0.0915733,0.72269404,1901.1656,-1901.1656,0.7430836,0.46504664,900.0,9.0,20,90.0,7.028328,2142.1636,1885.5251,1739.7013,84.338135,-3548.8882,6481.358,0.018741919,0.34556854,0.34556854,9.896442e-05,0.0003,-1862.9446,0.0035320763111114503,501.3877944946289,115000,,,,,,,
-1916.065,0.12583518,0.89876276,1916.1908,-1916.1908,0.59049416,0.45817623,900.0,9.0,20,90.0,5.1300697,2143.4517,1897.0831,1722.0901,555.16223,-30.61735,1312.7117,0.041040286,0.27055037,0.27055037,9.8799705e-05,0.0003,-1886.5853,0.0035355610370635987,519.0656039714813,120000,,,,,,,
-1921.5137,0.13856283,0.88806635,1921.6522,-1921.6522,1.0015419,0.44770408,900.0,9.0,20,90.0,11.476583,2137.013,1903.8105,1721.3433,67.72844,-3605.906,6514.7627,0.026174743,0.4483944,0.4483944,9.8623015e-05,0.0003,-1869.6816,0.003554461717605591,536.8379168510437,125000,,,,,,,
-1896.3687,0.1301349,0.7883057,1896.4988,-1896.4988,0.8420566,0.44127774,900.0,9.0,20,90.0,35.42019,2131.0537,1878.6277,1701.5658,11527.008,-207.33443,18389.477,0.03893777,0.37158084,0.37158084,9.843441e-05,0.0003,-1827.5062,0.0035217402935028078,554.4466228485107,130000,,,,,,,
-1934.0603,0.103104606,0.68439925,1934.1635,-1934.1635,1.0944883,0.43741637,900.0,9.0,20,90.0,10.343838,2127.889,1919.3137,1820.5555,70.37233,-2725.1213,6343.295,0.035117324,0.4787471,0.4787471,9.823391e-05,0.0003,-1880.6292,0.0034687962532043456,571.790608882904,135000,,,,,,,
-1890.2053,0.08957267,0.78933704,1890.2949,-1890.2949,0.6241737,0.42200667,900.0,9.0,20,90.0,4.3740125,2120.6868,1874.048,1717.4037,881.80884,-23.568466,2206.0366,0.021162175,0.26340547,0.26340547,9.8021614e-05,0.0003,-1862.1248,0.003528688621520996,589.4340584278107,140000,,,,,,,
-1910.8738,0.14431113,0.74887455,1911.0181,-1911.0181,1.4796165,0.38071445,900.0,9.0,20,90.0,7.9337053,2115.9106,1891.2097,1696.373,1813.5964,-61.210278,4247.1147,0.06599206,0.5633114,0.5633114,9.779754e-05,0.0003,-1852.2421,0.0035361213207244875,607.1146714687347,145000,,,,,,,
-1900.5492,0.095054224,0.64233685,1900.6443,-1900.6443,0.9900933,0.3798106,900.0,9.0,20,90.0,14.437555,2108.794,1882.2673,1727.4952,2112.3718,-92.099945,4603.5356,0.040948294,0.37604794,0.37604794,9.756177e-05,0.0003,-1852.2673,0.0035616801261901857,624.9230766296387,150000,,,,,,,
-1931.5488,0.13557726,0.8098265,1931.6844,-1931.6844,0.9551312,0.38371944,900.0,9.0,20,90.0,11.30893,2105.153,1913.0459,1746.3428,1773.874,-49.676247,3996.5037,0.045847934,0.3665024,0.3665024,9.7314376e-05,0.0003,-1887.2546,0.003554452896118164,642.6953458786011,155000,,,,,,,
-1916.543,0.12724164,0.55561984,1916.6702,-1916.6702,1.19054,0.3558104,900.0,9.0,20,90.0,4.8514733,2099.989,1899.8054,1733.4822,315.84833,-26.751625,1099.7988,0.026012516,0.42360651,0.42360651,9.7055396e-05,0.0003,-1873.5669,0.0035618319034576417,660.5045104026794,160000,,,,,,,
-1888.11,0.1280059,0.572047,1888.238,-1888.238,1.1912785,0.3579277,900.0,9.0,20,90.0,4.5183516,2093.1392,1869.7173,1679.842,370.5913,-30.78587,1468.9232,0.037910804,0.42639157,0.42639157,9.6784934e-05,0.0003,-1845.2164,0.003604067277908325,678.5248517990112,165000,,,,,,,
-1861.0088,0.11525556,0.6321834,1861.124,-1861.124,1.0679891,0.3657356,900.0,9.0,20,90.0,13.776876,2088.3762,1845.7849,1666.2833,1292.3553,-92.488205,3655.4983,0.039219927,0.3906016,0.3906016,9.6503034e-05,0.0003,-1812.0778,0.003612218189239502,696.5859472751617,170000,,,,,,,
-1872.2638,0.13237998,0.79044574,1872.3961,-1872.3961,1.7809024,0.35853645,900.0,9.0,20,90.0,7.5816126,2091.0588,1853.6584,1684.9521,1071.5663,-30.728922,2965.2217,0.052150507,0.63851845,0.63851845,9.62098e-05,0.0003,-1807.2155,0.0036073734283447265,714.6228189468384,175000,,,,,,,
-1861.7001,0.11590326,0.74532515,1861.8159,-1861.8159,0.7344848,0.37807065,900.0,9.0,20,90.0,5.1422434,2090.0693,1846.1628,1710.7031,70.605064,-303.64932,1293.2861,0.03079156,0.27768713,0.27768713,9.59053e-05,0.0003,-1831.566,0.0035805986881256103,732.5258169174194,180000,,,,,,,
-1852.9637,0.14117035,0.8484169,1853.1049,-1853.1049,1.2332609,0.39212453,900.0,9.0,20,90.0,4.314811,2089.1677,1832.8389,1695.9822,19.595936,-112.22011,795.86206,0.04192728,0.48359185,0.48359185,9.558961e-05,0.0003,-1805.1256,0.003574894857406616,750.4002990722656,185000,,,,,,,
-1877.2283,0.1711776,0.8524094,1877.3994,-1877.3994,0.5516451,0.3837475,900.0,9.0,20,90.0,16.947845,2091.067,1857.8518,1685.2529,4044.373,-101.2036,8264.18,0.06930174,0.21169242,0.21169242,9.526282e-05,0.0003,-1841.228,0.003518404817581177,767.9923284053802,190000,,,,,,,
-1905.0084,0.11373551,0.72147185,1905.1222,-1905.1222,0.86746466,0.36937433,900.0,9.0,20,90.0,4.3556137,2087.4126,1887.7074,1758.0581,1069.3894,-26.74928,2472.186,0.04182865,0.3204192,0.3204192,9.4925024e-05,0.0003,-1871.8151,0.003584922218322754,785.9169442653656,195000,,,,,,,
-1899.6212,0.14403969,0.8329504,1899.7653,-1899.7653,1.0643044,0.39230868,900.0,9.0,20,90.0,6.5421085,2081.167,1880.8967,1767.6793,1768.2267,-44.021637,3830.0217,0.041187014,0.41753584,0.41753584,9.457632e-05,0.0003,-1855.5009,0.003577799129486084,803.8059446811676,200000,,,,,,,
-1889.3024,0.14206436,0.64324486,1889.4445,-1889.4445,1.2671695,0.3955622,900.0,9.0,20,90.0,6.0734787,2075.712,1873.9216,1759.7524,457.17172,-20.583004,1732.8285,0.04251683,0.50124437,0.50124437,9.42168e-05,0.0003,-1838.117,0.007766361141204834,842.6377551555634,205000,,,,,,,
-1865.5103,0.12775505,0.73031867,1865.6381,-1865.6381,0.9618879,0.38889438,900.0,9.0,20,90.0,17.89624,2071.718,1848.2257,1715.6705,2838.712,-95.337875,5933.6475,0.051156353,0.3740728,0.3740728,9.384654e-05,0.0003,-1813.9475,0.003541270351409912,860.3441112041473,210000,,,,,,,
-1890.047,0.13242128,0.6942479,1890.1794,-1890.1794,1.0517746,0.39443848,900.0,9.0,20,90.0,6.7432775,2070.481,1871.394,1741.105,38.880806,-543.00586,1442.726,0.020850422,0.41486037,0.41486037,9.346567e-05,0.0003,-1845.9663,0.0034862918853759764,877.7755756378174,215000,,,,,,,
-1862.455,0.10168746,0.6466701,1862.5566,-1862.5566,0.62154585,0.38345054,900.0,9.0,20,90.0,5.907787,2069.0515,1846.7041,1696.6217,21.304882,-868.4809,2003.0215,0.036188927,0.2383321,0.2383321,9.30743e-05,0.0003,-1835.0973,0.0035456286907196047,895.5037248134613,220000,,,,,,,
-1866.9291,0.104828894,0.7582733,1867.0339,-1867.0339,0.4523726,0.37294093,900.0,9.0,20,90.0,10.322835,2068.8638,1848.1309,1681.4213,1750.789,-60.211002,3624.381,0.04467829,0.16870826,0.16870826,9.267249e-05,0.0003,-1841.4225,0.0035473723888397217,913.2405922412872,225000,,,,,,,
-1904.1482,0.1129813,0.65951484,1904.2612,-1904.2612,0.75439936,0.36855972,900.0,9.0,20,90.0,4.5202174,2066.9727,1886.2534,1732.4081,24.127998,-685.90765,2321.2668,0.017047612,0.2780412,0.2780412,9.2260394e-05,0.0003,-1874.6042,0.0035742321491241454,931.1117570400238,230000,,,,,,,
-1868.5009,0.10165654,0.66293335,1868.6025,-1868.6025,0.8778952,0.37651658,900.0,9.0,20,90.0,10.175772,2063.72,1851.6472,1625.9675,41.111843,-1816.4899,3602.663,0.04036741,0.3305421,0.3305421,9.183811e-05,0.0003,-1828.5763,0.0035803225994110108,949.013375043869,235000,,,,,,,
-1910.6166,0.13633774,0.8571867,1910.7529,-1910.7529,0.682226,0.3720841,900.0,9.0,20,90.0,3.4960337,2066.9126,1893.6282,1765.1654,12.127011,-34.228027,432.83676,0.046886686,0.25384545,0.25384545,9.1405775e-05,0.0003,-1884.2744,0.0035169665336608888,966.5982122421265,240000,,,,,,,
-1842.5131,0.11236817,0.8234709,1842.6255,-1842.6255,0.6392498,0.36609587,900.0,9.0,20,90.0,6.427902,2059.8613,1826.7328,1705.5297,64.1662,-1817.2556,3360.0403,0.075833105,0.23402672,0.23402672,9.0963455e-05,0.0003,-1815.0228,0.003562539005279541,984.4109120368958,245000,,,,,,,
-1867.7606,0.12186378,0.5305917,1867.8824,-1867.8824,0.9615283,0.36049652,900.0,9.0,20,90.0,4.8769417,2060.523,1852.1549,1708.7583,27.49141,-398.41013,1100.6067,0.03572012,0.3466276,0.3466276,9.051133e-05,0.0003,-1831.6871,0.0035222567081451416,1002.0222005844116,250000,,,,,,,
-1856.2708,0.1282131,0.5980928,1856.3989,-1856.3989,0.8675528,0.36457628,900.0,9.0,20,90.0,3.797906,2059.2764,1838.6736,1676.1621,12.5934105,-504.21484,1342.3628,0.034912575,0.3162892,0.3162892,9.004948e-05,0.0003,-1824.0068,0.003535426139831543,1019.6993358135223,255000,,,,,,,
-1858.9923,0.17531963,0.6523132,1859.1676,-1859.1676,1.0255023,0.36111835,900.0,9.0,20,90.0,9.49014,2056.7188,1842.5557,1697.8942,1487.4692,-89.09329,3516.4958,0.053943433,0.37032768,0.37032768,8.9578054e-05,0.0003,-1816.1727,0.003528884506225586,1037.3437628746033,260000,,,,,,,
-1880.0203,0.1752917,0.6597883,1880.1956,-1880.1956,0.90292794,0.35347992,900.0,9.0,20,90.0,2.949689,2058.0986,1861.445,1715.947,21.329166,-300.1661,1001.70557,0.04027748,0.3191669,0.3191669,8.909717e-05,0.0003,-1848.3456,0.0034963842391967774,1054.8256886005402,265000,,,,,,,
-1894.2727,0.15627176,0.718151,1894.429,-1894.429,0.8421709,0.3579347,900.0,9.0,20,90.0,6.975571,2058.284,1875.6898,1716.1611,75.656044,-40.20318,935.7661,0.031514518,0.3014422,0.3014422,8.860696e-05,0.0003,-1860.1674,0.003573033618927002,1072.6908614635468,270000,,,,,,,
-1892.3036,0.12546127,0.67650265,1892.4291,-1892.4291,1.0298381,0.36534676,900.0,9.0,20,90.0,4.6075077,2054.8354,1877.5417,1709.8596,43.407448,-57.302185,884.17737,0.04707312,0.376248,0.376248,8.810758e-05,0.0003,-1853.8337,0.003533057403564453,1090.356153011322,275000,,,,,,,
-1854.8416,0.10302609,0.60264677,1854.9446,-1854.9446,0.9247896,0.3659069,900.0,9.0,20,90.0,6.6499715,2046.1775,1838.8313,1658.9357,389.08444,-128.89493,1617.8044,0.028136278,0.3383869,0.3383869,8.759914e-05,0.0003,-1817.7367,0.0035174584388732912,1107.9434492588043,280000,,,,,,,
-1837.5887,0.10896659,0.67860186,1837.6978,-1837.6978,0.8565269,0.3457853,900.0,9.0,20,90.0,3.820227,2047.8635,1822.3733,1641.2202,13.882533,-11.251867,483.92828,0.056762367,0.2961744,0.2961744,8.708179e-05,0.0003,-1807.1129,0.0035128320693969726,1125.5076141357422,285000,,,,,,,
-1846.9641,0.1576896,0.61638606,1847.1218,-1847.1218,0.43267888,0.35108468,900.0,9.0,20,90.0,8.617897,2048.21,1828.1001,1622.824,43.69994,-351.6325,1282.6799,0.04040971,0.15190692,0.15190692,8.655565e-05,0.0003,-1824.6746,0.0034626116275787355,1142.8206765651703,290000,,,,,,,
-1871.9937,0.16305065,0.6806348,1872.1567,-1872.1567,0.7663455,0.34807727,900.0,9.0,20,90.0,7.166703,2051.645,1853.1455,1643.1586,47.22313,-109.89309,703.176,0.0592805,0.26674744,0.26674744,8.602091e-05,0.0003,-1840.8196,0.003505018091201782,1160.345771074295,295000,,,,,,,
-1870.5978,0.1321861,0.63200396,1870.73,-1870.73,1.2425842,0.3482044,900.0,9.0,20,90.0,6.7941813,2052.0537,1854.7661,1638.2456,186.7553,-37.88114,791.1693,0.028505165,0.43267328,0.43267328,8.547767e-05,0.0003,-1824.863,0.0035208579540252686,1177.950065612793,300000,,,,,,,
-1855.8531,0.11785787,0.5439248,1855.971,-1855.971,0.85798776,0.35405907,900.0,9.0,20,90.0,8.141576,2047.4247,1838.981,1668.0026,48.444893,-38.49086,908.6042,0.028286071,0.30377835,0.30377835,8.49261e-05,0.0003,-1820.3715,0.0077504621982574465,1216.7023811340332,305000,,,,,,,
-1852.3418,0.12567754,0.5368233,1852.4675,-1852.4675,1.0211155,0.35571584,900.0,9.0,20,90.0,7.492715,2044.4551,1834.2955,1652.9237,43.872272,-84.135864,720.7644,0.022665225,0.36322695,0.36322695,8.436636e-05,0.0003,-1812.1587,0.0035800724506378175,1234.6027479171753,310000,,,,,,,
-1812.4858,0.14695524,0.6307217,1812.6328,-1812.6328,0.82945514,0.3335617,900.0,9.0,20,90.0,12.451603,2041.4486,1796.4329,1605.9185,87.36645,-1305.438,3446.5293,0.03004003,0.27667445,0.27667445,8.3798586e-05,0.0003,-1775.1334,0.0035367016315460205,1252.2862610816956,315000,,,,,,,
-1819.6678,0.15976486,0.6940458,1819.8276,-1819.8276,1.0214016,0.3276567,900.0,9.0,20,90.0,7.546864,2044.9427,1801.863,1673.5524,57.328056,-664.2038,2175.984,0.050996132,0.33466908,0.33466908,8.322294e-05,0.0003,-1782.0007,0.0035881261348724366,1270.2268960475922,320000,,,,,,,
-1830.4707,0.1516701,0.58560985,1830.6223,-1830.6223,0.76663095,0.3438518,900.0,9.0,20,90.0,7.070778,2044.7292,1813.5577,1642.1602,12.130039,-90.97573,902.09827,0.02967136,0.26360744,0.26360744,8.263957e-05,0.0003,-1799.6753,0.003583934211730957,1288.146572113037,325000,,,,,,,
-1832.5571,0.10358608,0.5848199,1832.6608,-1832.6608,0.9661682,0.33523807,900.0,9.0,20,90.0,4.1790414,2045.7358,1817.0679,1647.4875,39.856857,-185.49713,724.98065,0.035108995,0.32389638,0.32389638,8.2048646e-05,0.0003,-1799.2274,0.0035879830360412597,1306.086492061615,330000,,,,,,,
-1815.348,0.13000847,0.6093062,1815.478,-1815.478,1.1641086,0.3303213,900.0,9.0,20,90.0,9.194062,2045.4866,1798.3048,1669.9203,31.8679,-180.29245,1027.3486,0.048665408,0.3845299,0.3845299,8.1450344e-05,0.0003,-1771.5463,0.0035935871601104736,1324.0544323921204,335000,,,,,,,
-1844.4211,0.06694839,0.15892977,1844.488,-1844.488,1.2278464,0.31481493,900.0,9.0,20,90.0,58.39689,2047.5197,1837.064,1697.8761,214.19624,-593.7433,5426.9175,0.0116126565,0.38654435,0.38654435,8.0844795e-05,0.0003,-1751.2354,0.003578580045700073,1341.9473378658295,340000,,,,,,,
-1808.5491,0.15035169,0.7097186,1808.6995,-1808.6995,1.0169129,0.32381395,900.0,9.0,20,90.0,3.0629396,2048.9421,1790.9587,1641.3702,354.474,-21.893028,1170.1497,0.026069442,0.3292906,0.3292906,8.0232174e-05,0.0003,-1775.85,0.0036409552574157714,1360.15211892128,345000,,,,,,,
-1859.921,0.1380244,0.6768144,1860.0591,-1860.0591,0.69519734,0.32060215,900.0,9.0,20,90.0,5.0239353,2050.322,1842.8575,1683.4154,14.821232,-15.325621,476.3373,0.034964547,0.22288176,0.22288176,7.961267e-05,0.0003,-1834.8378,0.0036937472343444825,1378.620859861374,350000,,,,,,,
-1836.6871,0.17813644,0.6567945,1836.8652,-1836.8652,1.1750218,0.32007763,900.0,9.0,20,90.0,3.342248,2050.3872,1820.5255,1657.6127,13.887874,-233.7232,856.4949,0.034135543,0.3760982,0.3760982,7.898643e-05,0.0003,-1799.496,0.003616933488845825,1396.7055320739746,355000,,,,,,,
-1828.1536,0.11763622,0.6412009,1828.2712,-1828.2712,0.80434644,0.3037854,900.0,9.0,20,90.0,2.9367294,2049.2783,1812.3469,1648.5007,11.903493,-89.57449,562.05457,0.03773172,0.24434873,0.24434873,7.835362e-05,0.0003,-1803.2255,0.0036361868381500242,1414.8864707946777,360000,,,,,,,
-1832.896,0.14475775,0.6751309,1833.0408,-1833.0408,0.8198645,0.2814903,900.0,9.0,20,90.0,3.9009457,2047.9227,1814.9893,1657.8732,16.91959,-21.574043,365.6972,0.025521623,0.23078391,0.23078391,7.7714445e-05,0.0003,-1808.2245,0.003545006799697876,1432.6115097999573,365000,,,,,,,
-1847.3328,0.15594912,0.6703432,1847.4888,-1847.4888,1.2366707,0.29000705,900.0,9.0,20,90.0,17.39999,2045.8617,1830.0486,1667.2673,441.0811,-148.27104,2734.8105,0.04151393,0.35864323,0.35864323,7.706907e-05,0.0003,-1797.6549,0.0035721000194549562,1450.4720149040222,370000,,,,,,,
-1860.7893,0.11321595,0.64527255,1860.9025,-1860.9025,0.99054134,0.2937111,900.0,9.0,20,90.0,2.8104825,2047.2207,1844.2954,1666.9236,17.95617,-31.515081,553.2628,0.036185194,0.29093298,0.29093298,7.641764e-05,0.0003,-1831.7949,0.003569600772857666,1468.3200228214264,375000,,,,,,,
-1843.402,0.17613098,0.6518801,1843.5781,-1843.5781,1.3265594,0.30280876,900.0,9.0,20,90.0,2.8229153,2045.5062,1826.439,1699.3197,18.297935,-37.678246,700.99884,0.036286138,0.40169382,0.40169382,7.5760356e-05,0.0003,-1804.4266,0.003571214246749878,1486.1760988235474,380000,,,,,,,
-1855.1656,0.110198975,0.660001,1855.2759,-1855.2759,0.8591178,0.30876356,900.0,9.0,20,90.0,3.255286,2043.5472,1838.2024,1708.2184,14.33729,-49.42844,554.3661,0.023812657,0.26526427,0.26526427,7.50974e-05,0.0003,-1828.0366,0.003688324785232544,1504.617727279663,385000,,,,,,,
-1811.1564,0.12500003,0.5544173,1811.2814,-1811.2814,0.64360017,0.29892504,900.0,9.0,20,90.0,4.4383082,2041.673,1796.1449,1637.9016,85.38536,-21.275906,918.4132,0.030493755,0.1923882,0.1923882,7.442894e-05,0.0003,-1789.4031,0.0036313794136047365,1522.7746291160583,390000,,,,,,,
-1816.0767,0.1486976,0.5990359,1816.2253,-1816.2253,0.79107827,0.3029,900.0,9.0,20,90.0,3.5218594,2039.6373,1798.7712,1653.6534,38.05485,-16.671776,513.2622,0.03142354,0.2396176,0.2396176,7.375519e-05,0.0003,-1790.9893,0.0036385842800140383,1540.9675562381744,395000,,,,,,,
-1833.2642,0.1835668,0.6636194,1833.4478,-1833.4478,0.91061527,0.30655074,900.0,9.0,20,90.0,3.3411715,2040.0796,1814.6688,1640.0089,67.231476,-12.353208,486.47894,0.0464148,0.27914977,0.27914977,7.30763e-05,0.0003,-1804.7994,0.003544096279144287,1558.6880421638489,400000,,,,,,,
-1821.995,0.11457023,0.61113167,1822.1096,-1822.1096,1.1204101,0.319874,900.0,9.0,20,90.0,4.1740866,2038.3701,1805.9741,1652.5542,77.70083,-22.165352,623.3381,0.040320687,0.35839006,0.35839006,7.239246e-05,0.0003,-1785.5658,0.007724914693832397,1597.312620639801,405000,,,,,,,
-1830.8883,0.13932842,0.65793407,1831.0276,-1831.0276,1.6083815,0.3037795,900.0,9.0,20,90.0,3.6640394,2036.9596,1814.558,1635.8024,12.0581045,-84.76944,695.5337,0.045000955,0.48859334,0.48859334,7.170388e-05,0.0003,-1783.2509,0.0035551483154296873,1615.088366508484,410000,,,,,,,
-1827.8948,0.17031722,0.66651326,1828.0651,-1828.0651,1.1372328,0.30469698,900.0,9.0,20,90.0,5.0349755,2037.9808,1811.2545,1622.6024,137.5574,-22.729958,791.8034,0.037830107,0.34651136,0.34651136,7.101073e-05,0.0003,-1791.6737,0.0035406703472137453,1632.7917230129242,415000,,,,,,,
-1820.7582,0.11669887,0.74812347,1820.8749,-1820.8749,0.5765264,0.31094858,900.0,9.0,20,90.0,3.3825421,2038.347,1804.207,1643.5114,174.8201,-29.04839,666.4822,0.05656405,0.17927007,0.17927007,7.0313195e-05,0.0003,-1801.2413,0.003685304069519043,1651.218248128891,420000,,,,,,,
-1796.4733,0.107595764,0.38945493,1796.5808,-1796.5808,1.9828892,0.28641203,900.0,9.0,20,90.0,11.57872,2036.1086,1785.2063,1630.5289,58.34733,-279.3657,1972.0459,0.024429565,0.5679233,0.5679233,6.961148e-05,0.0003,-1733.7815,0.003557005262374878,1669.003279209137,425000,,,,,,,
-1792.8087,0.12602922,0.5974804,1792.9347,-1792.9347,1.3926306,0.29624945,900.0,9.0,20,90.0,3.6197221,2034.5723,1777.1365,1594.9022,253.32018,-25.96782,961.3911,0.02890285,0.41256607,0.41256607,6.890576e-05,0.0003,-1752.058,0.0035788232803344727,1686.8974001407623,430000,,,,,,,
-1792.5372,0.15827517,0.65531886,1792.6956,-1792.6956,0.9410284,0.301348,900.0,9.0,20,90.0,3.7743182,2035.4249,1774.7203,1620.021,10.207384,-101.26042,536.8196,0.045659684,0.28357702,0.28357702,6.8196256e-05,0.0003,-1763.241,0.0035780089855194093,1704.7874503135681,435000,,,,,,,
-1803.243,0.088731036,0.58956355,1803.3318,-1803.3318,1.1448436,0.30540857,900.0,9.0,20,90.0,1.7275143,2035.2372,1789.3687,1624.3087,20.459047,-6.9519677,381.6091,0.025090916,0.34964502,0.34964502,6.748313e-05,0.0003,-1770.0475,0.0034437633037567137,1722.0062716007233,440000,,,,,,,
-1758.3219,0.13058408,0.6314932,1758.4525,-1758.4525,0.8546595,0.30671498,900.0,9.0,20,90.0,4.702351,2034.0044,1741.092,1577.3843,207.23457,-15.539192,741.112,0.050325703,0.26213688,0.26213688,6.67666e-05,0.0003,-1730.0272,0.0035274546146392824,1739.6435494422913,445000,,,,,,,
-1794.4519,0.10474325,0.617571,1794.5566,-1794.5566,0.77471864,0.32575867,900.0,9.0,20,90.0,2.4678602,2035.6772,1777.7267,1580.9443,55.224983,-56.362568,696.279,0.029899016,0.2523713,0.2523713,6.604685e-05,0.0003,-1769.2706,0.00360784969329834,1757.6828031539917,450000,,,,,,,
-1757.0331,0.11778331,0.59357285,1757.1509,-1757.1509,1.4159588,0.31601113,900.0,9.0,20,90.0,3.4005117,2035.0078,1741.4927,1566.2747,24.132786,-100.16211,807.7086,0.046506446,0.44745874,0.44745874,6.5324086e-05,0.0003,-1713.3613,0.003606372356414795,1775.7146694660187,455000,,,,,,,
-1786.167,0.10451935,0.6734998,1786.2715,-1786.2715,0.74693793,0.31394467,900.0,9.0,20,90.0,2.0944788,2037.6877,1770.3652,1594.717,36.215134,-16.148943,442.21075,0.031087393,0.23449719,0.23449719,6.4598484e-05,0.0003,-1762.9678,0.0035985743045806886,1793.7075457572937,460000,,,,,,,
-1777.6509,0.1017609,0.6413132,1777.7527,-1777.7527,1.0392452,0.324753,900.0,9.0,20,90.0,3.353064,2037.7894,1763.0773,1611.6935,85.18826,-41.194695,992.7493,0.021656713,0.33749798,0.33749798,6.387027e-05,0.0003,-1743.923,0.003544346046447754,1811.4292805194855,465000,,,,,,,
-1754.8041,0.09346863,0.6174148,1754.8976,-1754.8976,0.65175414,0.32983372,900.0,9.0,20,90.0,1.9731389,2037.7415,1739.9073,1585.5217,14.356359,-29.892008,515.10126,0.045132868,0.21497048,0.21497048,6.3139625e-05,0.0003,-1733.4836,0.0036183900833129884,1829.521235704422,470000,,,,,,,
-1762.3912,0.09423463,0.7292599,1762.4855,-1762.4855,1.6504192,0.31620425,900.0,9.0,20,90.0,2.7373958,2039.0674,1747.4672,1560.9839,232.28406,-28.523655,1198.8004,0.037001535,0.5218696,0.5218696,6.2406754e-05,0.0003,-1712.6855,0.0036157309532165527,1847.5998957157135,475000,,,,,,,
-1763.6606,0.11768085,0.7237176,1763.7783,-1763.7783,0.49381956,0.32066703,900.0,9.0,20,90.0,4.838849,2041.6069,1745.5502,1572.2711,34.01278,-57.889603,801.4426,0.025000637,0.15835166,0.15835166,6.167186e-05,0.0003,-1744.5701,0.0036093382835388184,1865.6465919017792,480000,,,,,,,
-1775.3003,0.08689741,0.62102926,1775.3872,-1775.3872,0.7630067,0.31554344,900.0,9.0,20,90.0,2.9996986,2042.7952,1762.5132,1607.8583,84.01205,-52.885384,900.57855,0.033364322,0.24076174,0.24076174,6.093515e-05,0.0003,-1750.632,0.0036408316612243654,1883.8507549762726,485000,,,,,,,
-1783.7749,0.114062965,0.819212,1783.8889,-1783.8889,1.498024,0.30594406,900.0,9.0,20,90.0,6.50921,2040.939,1765.4739,1577.1863,16.57904,-18.291979,591.53625,0.028644318,0.45831153,0.45831153,6.0196806e-05,0.0003,-1736.0177,0.0036012425899505617,1901.8569729328156,490000,,,,,,,
-1746.406,0.0070568584,0.019355616,1746.4131,-1746.4131,0.7111301,0.32642898,900.0,9.0,20,90.0,119.32507,2038.5203,1745.7717,1581.7587,393.60165,-1256.3259,7668.895,0.0032149039,0.23213346,0.23213346,5.945705e-05,0.0003,-1606.189,0.003641751956939697,1920.0657377243042,495000,,,,,,,
-1745.4493,0.11998335,0.7786735,1745.5693,-1745.5693,1.3935746,0.32781482,900.0,9.0,20,90.0,1.8049217,2036.9423,1729.6958,1564.9562,77.97879,-26.302818,619.47723,0.03462992,0.4568344,0.4568344,5.8716072e-05,0.0003,-1702.5293,0.0036215558528900145,1938.173522233963,500000,,,,,,,
-1778.7299,0.14722529,0.79569453,1778.8771,-1778.8771,1.2242414,0.33398646,900.0,9.0,20,90.0,8.731062,2034.8784,1763.5847,1602.4564,230.03908,-103.89862,2019.9478,0.034606107,0.40888003,0.40888003,5.7974077e-05,0.0003,-1733.1996,0.008281208038330079,1979.5795674324036,505000,,,,,,,
-1728.2604,0.11052871,0.6707475,1728.3708,-1728.3708,1.2498099,0.33529982,900.0,9.0,20,90.0,2.616861,2033.9232,1713.6248,1549.0026,24.497158,-148.34578,883.4532,0.034796897,0.419061,0.419061,5.7231267e-05,0.0003,-1687.9281,0.0036961353302001954,1998.0602493286133,510000,,,,,,,
-1734.7845,0.09872107,0.7813179,1734.8833,-1734.8833,1.4415965,0.36116186,900.0,9.0,20,90.0,2.9787009,2032.9613,1718.99,1539.9366,76.07958,-37.63679,968.3556,0.025609545,0.5206497,0.5206497,5.6487854e-05,0.0003,-1684.9473,0.003646641969680786,2016.2934641838074,515000,,,,,,,
-1725.5482,0.10596723,0.7013429,1725.6542,-1725.6542,0.67425984,0.35074678,900.0,9.0,20,90.0,1.8025074,2032.8262,1710.6025,1521.7357,8.634757,-12.452627,462.0819,0.016692834,0.23649447,0.23649447,5.574403e-05,0.0003,-1702.4612,0.0037005244731903074,2034.796092748642,520000,,,,,,,
-1721.7034,0.09764933,0.69871676,1721.801,-1721.801,0.82582194,0.3524904,900.0,9.0,20,90.0,2.2054372,2032.9556,1708.3738,1519.3506,25.075344,-15.977878,540.53595,0.036049563,0.2910943,0.2910943,5.5000004e-05,0.0003,-1693.2994,0.0037053877353668213,2053.3230361938477,525000,,,,,,,
-1713.6749,0.119215064,0.69458735,1713.7942,-1713.7942,1.3854084,0.35240716,900.0,9.0,20,90.0,1.8275424,2033.495,1699.8323,1493.7567,11.950591,-32.06723,476.6963,0.044398014,0.48822787,0.48822787,5.4255972e-05,0.0003,-1667.9069,0.003706078386306763,2071.8534331321716,530000,,,,,,,
-1720.8507,0.111928836,0.81402606,1720.9626,-1720.9626,1.3287575,0.3414408,900.0,9.0,20,90.0,1.10725,2034.8844,1706.0713,1533.7625,8.263355,-24.176144,480.13986,0.052869324,0.45369202,0.45369202,5.3512147e-05,0.0003,-1678.9111,0.003700449562072754,2090.355685710907,535000,,,,,,,
-1716.8269,0.09260993,0.86827815,1716.9196,-1716.9196,1.1295989,0.34339014,900.0,9.0,20,90.0,4.698797,2035.4015,1701.053,1527.8976,62.834274,-175.45895,1435.885,0.017338004,0.3878931,0.3878931,5.276873e-05,0.0003,-1677.2177,0.0036753561973571778,2108.7324714660645,540000,,,,,,,
-1728.2505,0.12546821,0.8537823,1728.376,-1728.376,0.6328191,0.33483338,900.0,9.0,20,90.0,1.935162,2036.7373,1711.0918,1554.6487,21.535833,-20.337952,441.3367,0.053792316,0.21188895,0.21188895,5.2025924e-05,0.0003,-1707.2454,0.003748922348022461,2127.4770884513855,545000,,,,,,,
-1750.0306,0.13189939,0.8134288,1750.1626,-1750.1626,0.6387481,0.31940567,900.0,9.0,20,90.0,1.793782,2035.386,1732.6964,1584.8071,11.448249,-21.514076,414.7961,0.03916654,0.20401977,0.20401977,5.1283936e-05,0.0003,-1729.875,0.0037381919860839845,2146.1680533885956,550000,,,,,,,
-1777.2462,0.1195118,0.8704302,1777.3657,-1777.3657,0.8716237,0.29372847,900.0,9.0,20,90.0,1.1575575,2032.1471,1761.0679,1613.0278,22.798813,-17.873962,439.85947,0.056976914,0.2560207,0.2560207,5.0542945e-05,0.0003,-1753.0468,0.0036947698593139647,2164.641907453537,555000,,,,,,,
-1770.2228,0.10270805,0.7865826,1770.3254,-1770.3254,1.5778782,0.28814623,900.0,9.0,20,90.0,1.3385116,2031.5149,1754.9993,1599.4274,25.425955,-24.003956,626.24414,0.03887035,0.45465964,0.45465964,4.9803188e-05,0.0003,-1727.965,0.0036914954662322997,2183.099390029907,560000,,,,,,,
-1773.1582,0.11586766,0.8454941,1773.274,-1773.274,0.62478435,0.29787284,900.0,9.0,20,90.0,1.524112,2029.5956,1757.299,1635.7491,44.247597,-19.580006,477.016,0.020929309,0.1861063,0.1861063,4.9064853e-05,0.0003,-1754.8845,0.003639074182510376,2201.294766664505,565000,,,,,,,
-1783.6777,0.10426842,0.82789403,1783.782,-1783.782,0.7754275,0.31784692,900.0,9.0,20,90.0,6.158021,2025.6858,1767.571,1614.7875,168.80334,-65.75804,1500.2705,0.034935787,0.24646726,0.24646726,4.8328133e-05,0.0003,-1755.3376,0.0036937540054321288,2219.76354432106,570000,,,,,,,
-1766.6648,0.12565067,0.76983917,1766.7904,-1766.7904,0.62021756,0.30837736,900.0,9.0,20,90.0,10.650003,2024.887,1751.7056,1589.6533,268.60837,-95.402405,2059.0073,0.038720004,0.19126105,0.19126105,4.7593247e-05,0.0003,-1738.8013,0.0036973612308502197,2238.25035572052,575000,,,,,,,
-1724.2556,0.117911085,0.8303644,1724.3735,-1724.3735,0.4016017,0.3083572,900.0,9.0,20,90.0,2.1318626,2025.4615,1708.7947,1519.2737,54.530464,-11.926214,556.69495,0.047497466,0.12383678,0.12383678,4.686038e-05,0.0003,-1710.9785,0.0036866905689239503,2256.68381357193,580000,,,,,,,
-1725.5645,0.105625205,0.7417043,1725.67,-1725.67,1.5928513,0.2974062,900.0,9.0,20,90.0,1.5432674,2026.1902,1710.8994,1510.5605,29.427343,-8.696621,499.80035,0.02692931,0.47372383,0.47372383,4.612974e-05,0.0003,-1681.3861,0.0036329535007476807,2274.84858584404,585000,,,,,,,
-1734.5365,0.088315204,0.7440421,1734.6248,-1734.6248,1.5629007,0.3053925,900.0,9.0,20,90.0,2.6053002,2025.9641,1718.6007,1492.4824,124.47143,-22.541481,820.3659,0.030431647,0.47729814,0.47729814,4.540152e-05,0.0003,-1688.9744,0.0036718604564666747,2293.2078926563263,590000,,,,,,,
-1788.5406,0.09437294,0.7240392,1788.635,-1788.635,1.5395333,0.32534727,900.0,9.0,20,90.0,3.854573,2028.1029,1772.7653,1544.6146,75.96044,-39.46704,1159.4493,0.04027828,0.500883,0.500883,4.467592e-05,0.0003,-1739.6066,0.0036713218688964842,2311.5645065307617,595000,,,,,,,
-1766.3284,0.06548239,0.64383787,1766.3938,-1766.3938,0.9248683,0.34622678,900.0,9.0,20,90.0,2.0461683,2028.5873,1752.4082,1554.6381,47.834133,-79.213066,826.867,0.034483343,0.32021415,0.32021415,4.3953154e-05,0.0003,-1735.463,0.003674721908569336,2329.9381206035614,600000,,,,,,,
-1753.1396,0.10357336,0.70488715,1753.2432,-1753.2432,0.72472364,0.33476934,900.0,9.0,20,90.0,1.9970977,2027.0282,1737.835,1527.0435,7.294877,-25.40449,393.31464,0.03110317,0.24261525,0.24261525,4.3233405e-05,0.0003,-1729.3073,0.007924625253677368,2369.56125164032,605000,,,,,,,
-1726.8301,0.08389297,0.6656208,1726.914,-1726.914,0.8002083,0.3253332,900.0,9.0,20,90.0,2.4954443,2027.3275,1712.6742,1500.4626,16.920912,-45.622997,628.72,0.014886708,0.2603343,0.2603343,4.251687e-05,0.0003,-1700.9045,0.0035737133979797365,2387.4298238754272,610000,,,,,,,
-1706.0784,0.07905228,0.5308438,1706.1575,-1706.1575,0.9868214,0.33663625,900.0,9.0,20,90.0,2.012354,2026.812,1692.9377,1493.7026,20.584352,-41.678993,831.87756,0.024085302,0.33219984,0.33219984,4.1803753e-05,0.0003,-1674.1681,0.0036350905895233153,2405.6052815914154,615000,,,,,,,
-1701.2177,0.17178762,0.8011235,1701.3894,-1701.3894,1.0890996,0.33564445,900.0,9.0,20,90.0,2.1280475,2028.0713,1683.3762,1480.8282,13.749883,-29.550007,643.2228,0.050915904,0.36555025,0.36555025,4.1094238e-05,0.0003,-1666.1901,0.0036359204769134523,2423.784888267517,620000,,,,,,,
-1723.6934,0.09322521,0.702715,1723.7866,-1723.7866,0.7133314,0.35335588,900.0,9.0,20,90.0,2.2540488,2028.5559,1708.2266,1490.9336,45.374634,-42.172085,723.67145,0.024685776,0.25205985,0.25205985,4.0388528e-05,0.0003,-1698.7539,0.0036342517852783205,2441.956151485443,625000,,,,,,,
-1717.3398,0.092300616,0.7718667,1717.4321,-1717.4321,0.96002305,0.35894054,900.0,9.0,20,90.0,1.4527307,2028.4653,1701.6614,1508.3505,21.213835,-15.412382,489.54657,0.02574579,0.3445912,0.3445912,3.9686805e-05,0.0003,-1684.8739,0.0036363807201385497,2460.1380598545074,630000,,,,,,,
-1730.0897,0.08805525,0.7025396,1730.1777,-1730.1777,0.6779455,0.35534552,900.0,9.0,20,90.0,1.1983187,2027.9857,1715.9502,1529.9075,20.408133,-8.7185545,551.7534,0.0363756,0.24090488,0.24090488,3.8989278e-05,0.0003,-1707.21,0.003563365888595581,2477.954894065857,635000,,,,,,,
-1719.5698,0.10243446,0.7831514,1719.6722,-1719.6722,0.74470896,0.3409368,900.0,9.0,20,90.0,1.2352183,2027.0243,1704.185,1514.5437,23.448818,-20.201187,521.2832,0.056249507,0.25389868,0.25389868,3.8296123e-05,0.0003,-1695.4838,0.0036236566066741942,2496.0731823444366,640000,,,,,,,
-1701.6047,0.092460044,0.776836,1701.6971,-1701.6971,1.3259424,0.34608307,900.0,9.0,20,90.0,1.1001116,2026.2346,1685.5239,1504.7026,24.959436,-12.475802,502.83563,0.02723238,0.45888624,0.45888624,3.7607537e-05,0.0003,-1659.2048,0.0036272251129150393,2514.2093126773834,645000,,,,,,,
-1718.2708,0.08656994,0.77823055,1718.3573,-1718.3573,0.472045,0.34518948,900.0,9.0,20,90.0,1.3996222,2026.0396,1702.8022,1510.9164,26.898024,-9.042545,422.9093,0.03264211,0.16294497,0.16294497,3.692371e-05,0.0003,-1702.206,0.0036277718544006346,2532.348176240921,650000,,,,,,,
-1711.0756,0.13151944,0.7327911,1711.207,-1711.207,0.9268678,0.33577695,900.0,9.0,20,90.0,4.69899,2027.2844,1695.2516,1512.8374,40.87796,-16.558441,665.8591,0.042779338,0.31122082,0.31122082,3.6244823e-05,0.0003,-1678.3667,0.003618282079696655,2550.439591884613,655000,,,,,,,
-1713.3436,0.0964532,0.6440133,1713.4401,-1713.4401,0.38581854,0.33158514,900.0,9.0,20,90.0,3.144093,2026.4016,1696.7208,1509.4172,52.131298,-36.175514,644.09845,0.02047202,0.1279317,0.1279317,3.5571058e-05,0.0003,-1698.6858,0.003573852062225342,2568.3088569641113,660000,,,,,,,
-1753.6819,0.0814531,0.6008813,1753.7633,-1753.7633,1.1139592,0.3329434,900.0,9.0,20,90.0,2.8275814,2027.8229,1736.3445,1529.5704,31.784016,-43.334553,675.65137,0.03556899,0.37088537,0.37088537,3.490261e-05,0.0003,-1717.4746,0.003649807119369507,2586.557897567749,665000,,,,,,,
-1739.4822,0.091615595,0.59410125,1739.5739,-1739.5739,1.2808957,0.32240674,900.0,9.0,20,90.0,3.6835325,2026.8823,1723.2874,1513.2374,19.998333,-31.196136,629.03546,0.037211865,0.4129694,0.4129694,3.4239645e-05,0.0003,-1698.6315,0.0037157557487487794,2605.1366810798645,670000,,,,,,,
-1756.0746,0.076882735,0.6046455,1756.1515,-1756.1515,1.1586052,0.31493208,900.0,9.0,20,90.0,1.8892282,2026.5369,1740.1624,1539.6296,18.729084,-19.578447,515.0954,0.046469685,0.36488193,0.36488193,3.3582368e-05,0.0003,-1721.346,0.004017436361312866,2625.2238676548004,675000,,,,,,,
-1731.5867,0.08379884,0.5584036,1731.6704,-1731.6704,1.4159999,0.3115606,900.0,9.0,20,90.0,2.5577774,2024.9525,1717.4202,1538.0824,68.80601,-38.04748,858.8863,0.027486648,0.44116977,0.44116977,3.2930948e-05,0.0003,-1689.3236,0.004280528354644776,2646.626514196396,680000,,,,,,,
-1741.6437,0.07403676,0.643342,1741.7178,-1741.7178,0.9595311,0.30982035,900.0,9.0,20,90.0,2.6768675,2025.4727,1726.9832,1527.0845,23.501099,-46.282623,580.0599,0.03668206,0.29728228,0.29728228,3.228555e-05,0.0003,-1712.2114,0.004214242553710937,2667.697742462158,685000,,,,,,,
-1723.2327,0.12212859,0.6741389,1723.3547,-1723.3547,1.1416929,0.30731997,900.0,9.0,20,90.0,2.8563948,2024.9744,1707.8917,1532.1582,15.226948,-20.047867,502.24994,0.044250477,0.350865,0.350865,3.1646374e-05,0.0003,-1688.7983,0.0040069600105285645,2687.7325537204742,690000,,,,,,,
-1712.9084,0.07717763,0.66487217,1712.9856,-1712.9856,0.73891544,0.30393913,900.0,9.0,20,90.0,2.3538315,2024.3458,1697.6294,1511.0519,24.078255,-59.394077,640.37024,0.020297438,0.22458532,0.22458532,3.1013573e-05,0.0003,-1690.3419,0.003847545099258423,2706.970288038254,695000,,,,,,,
-1707.2323,0.08359064,0.6919538,1707.3159,-1707.3159,0.40411,0.31629783,900.0,9.0,20,90.0,2.001869,2026.0878,1692.2941,1448.0178,16.255352,-25.88529,486.81342,0.03242471,0.12781912,0.12781912,3.0387337e-05,0.0003,-1693.7268,0.0037825419425964357,2725.8830032348633,700000,,,,,,,
-1702.3578,0.08745904,0.68394697,1702.4452,-1702.4452,2.03331,0.29208604,900.0,9.0,20,90.0,1.6372368,2025.8218,1686.987,1500.6178,16.00661,-25.627703,600.8036,0.036910042,0.5939014,0.5939014,2.9767822e-05,0.0003,-1647.2694,0.008662521457672118,2769.195616006851,705000,,,,,,,
-1713.1566,0.08080597,0.7058476,1713.2374,-1713.2374,0.69770515,0.29014874,900.0,9.0,20,90.0,1.8219982,2024.7335,1698.4148,1501.2913,22.04549,-59.51081,647.92773,0.023783417,0.20243827,0.20243827,2.9155208e-05,0.0003,-1693.1151,0.00381255145072937,2788.2583787441254,710000,,,,,,,
-1712.695,0.082389265,0.8341941,1712.7773,-1712.7773,1.4584057,0.27520436,900.0,9.0,20,90.0,3.5008488,2023.3115,1695.6256,1491.9331,75.92027,-74.99615,1070.22,0.04707176,0.40135962,0.40135962,2.8549664e-05,0.0003,-1673.0718,0.003823498725891113,2807.375878095627,715000,,,,,,,
-1710.9432,0.09656903,0.8780101,1711.0398,-1711.0398,1.2320932,0.29140103,900.0,9.0,20,90.0,1.5541408,2023.8208,1693.9681,1497.7498,18.562456,-40.476482,642.73645,0.049732376,0.35903323,0.35903323,2.7951346e-05,0.0003,-1677.076,0.003778386735916138,2826.2678167819977,720000,,,,,,,
-1729.1407,0.09097346,0.79085624,1729.2317,-1729.2317,1.1339102,0.3100521,900.0,9.0,20,90.0,2.4382758,2024.7496,1713.6023,1504.778,28.480644,-32.406063,600.62994,0.034554444,0.35157123,0.35157123,2.736043e-05,0.0003,-1695.0612,0.003856531572341919,2845.550479888916,725000,,,,,,,
-1773.8937,0.08675811,0.57745117,1773.9805,-1773.9805,0.79658675,0.30967963,900.0,9.0,20,90.0,6.1582794,2028.3673,1758.2815,1570.7343,40.80114,-42.059834,636.6637,0.03731688,0.24668668,0.24668668,2.6777061e-05,0.0003,-1745.5336,0.0037607301235198973,2864.3541362285614,730000,,,,,,,
-1741.2557,0.082646236,0.7678433,1741.3384,-1741.3384,0.9131481,0.30673182,900.0,9.0,20,90.0,2.6848545,2028.0021,1723.876,1519.0612,8.708168,-23.192453,530.717,0.023493193,0.28009158,0.28009158,2.6201416e-05,0.0003,-1713.3627,0.0038172152042388915,2883.440217256546,735000,,,,,,,
-1746.6073,0.09759915,0.72052926,1746.705,-1746.705,1.0970229,0.29832676,900.0,9.0,20,90.0,2.1612766,2026.592,1730.9866,1545.5712,27.864717,-29.329369,580.3873,0.051310472,0.32727128,0.32727128,2.5633639e-05,0.0003,-1714.9916,0.0038096434593200682,2902.4884395599365,740000,,,,,,,
-1764.3322,0.12825358,0.6881744,1764.4604,-1764.4604,1.1843079,0.31262046,900.0,9.0,20,90.0,2.4542644,2025.0729,1748.1344,1542.5858,14.835149,-56.984726,727.5116,0.030852184,0.3702389,0.3702389,2.5073889e-05,0.0003,-1728.5564,0.0037976070880889894,2921.4764835834503,745000,,,,,,,
-1750.0377,0.095543295,0.7530977,1750.1333,-1750.1333,1.4253781,0.31295913,900.0,9.0,20,90.0,4.3723307,2024.0858,1734.6747,1542.4623,25.03592,-64.948,827.5607,0.043310396,0.4460851,0.4460851,2.4522331e-05,0.0003,-1705.5177,0.0037931488513946532,2940.4422330856323,750000,,,,,,,
-1754.4343,0.121386774,0.721641,1754.5557,-1754.5557,1.4425772,0.3490157,900.0,9.0,20,90.0,1.2873538,2023.3988,1738.2473,1553.5221,19.171902,-54.34687,784.99414,0.03606465,0.5034821,0.5034821,2.3979092e-05,0.0003,-1707.8336,0.003696237087249756,2958.92342376709,755000,,,,,,,
-1760.9095,0.09880595,0.68621475,1761.0083,-1761.0083,0.5230949,0.34107652,900.0,9.0,20,90.0,2.0181975,2023.1813,1745.2838,1542.8577,29.354122,-15.025723,509.2594,0.039967503,0.17841539,0.17841539,2.3444345e-05,0.0003,-1742.834,0.00383581018447876,2978.102480173111,760000,,,,,,,
-1734.1504,0.10570605,0.7528292,1734.2561,-1734.2561,1.5081283,0.30708393,900.0,9.0,20,90.0,2.1666102,2021.5079,1717.9735,1545.1317,15.174176,-20.22782,626.6416,0.030649621,0.46312195,0.46312195,2.2918219e-05,0.0003,-1690.3027,0.003856103086471558,2997.3830008506775,765000,,,,,,,
-1751.6648,0.12607852,0.6675412,1751.7909,-1751.7909,1.0238043,0.29822972,900.0,9.0,20,90.0,2.282265,2021.8923,1734.8982,1546.4507,29.286243,-20.594292,590.8997,0.011576813,0.30532888,0.30532888,2.2400869e-05,0.0003,-1721.903,0.0038130363941192625,3016.4481880664825,770000,,,,,,,
-1762.7441,0.105871305,0.613518,1762.85,-1762.85,0.78293216,0.30353352,900.0,9.0,20,90.0,3.1214814,2022.7483,1745.7457,1527.8514,15.163843,-32.04635,563.545,0.047856282,0.23764616,0.23764616,2.1892429e-05,0.0003,-1738.2345,0.0037656832218170167,3035.276609659195,775000,,,,,,,
-1775.8263,0.1016995,0.5987271,1775.928,-1775.928,1.1328865,0.29352388,900.0,9.0,20,90.0,2.7195575,2021.9492,1759.7278,1530.689,37.796062,-23.820087,668.62915,0.02964544,0.33252925,0.33252925,2.1393029e-05,0.0003,-1743.1791,0.0037668126106262206,3054.110677242279,780000,,,,,,,
-1738.4294,0.10137433,0.7021253,1738.5308,-1738.5308,1.1007318,0.2974585,900.0,9.0,20,90.0,1.3715683,2023.2777,1723.4233,1568.9983,19.68411,-22.884144,515.2854,0.033936076,0.32742202,0.32742202,2.0902831e-05,0.0003,-1707.5898,0.0037236515045166014,3072.7289402484894,785000,,,,,,,
-1725.3346,0.088929,0.8002588,1725.4236,-1725.4236,1.5238826,0.31231186,900.0,9.0,20,90.0,1.4203348,2020.4382,1710.4618,1523.2477,14.64273,-8.525325,603.076,0.056194443,0.47592658,0.47592658,2.0421947e-05,0.0003,-1681.0809,0.003767112636566162,3091.564507961273,790000,,,,,,,
-1720.0411,0.079262,0.80614257,1720.1204,-1720.1204,0.48896208,0.29882425,900.0,9.0,20,90.0,1.3699634,2021.1508,1705.2107,1499.0165,19.772816,-45.918343,571.40015,0.02807107,0.14611372,0.14611372,1.9950523e-05,0.0003,-1705.5209,0.0038382870674133302,3110.75594830513,795000,,,,,,,
-1721.706,0.10284984,0.85760164,1721.809,-1721.809,0.81975013,0.30497974,900.0,9.0,20,90.0,1.3179052,2020.4235,1706.33,1493.4171,45.547882,-16.640165,687.1854,0.030952811,0.25000718,0.25000718,1.9488682e-05,0.0003,-1697.8876,0.003797455883026123,3129.743233203888,800000,,,,,,,
-1747.1221,0.11380677,0.8459655,1747.2358,-1747.2358,0.8830906,0.31725514,900.0,9.0,20,90.0,1.4011933,2022.6333,1730.9401,1495.6342,11.797067,-14.183929,541.5427,0.04113491,0.28016505,0.28016505,1.9036543e-05,0.0003,-1720.506,0.008677965116500855,3173.133063316345,805000,,,,,,,
-1723.7098,0.10141909,0.7474426,1723.8113,-1723.8113,1.3120127,0.32117176,900.0,9.0,20,90.0,1.5859661,2022.696,1709.4644,1502.6783,43.30044,-23.156996,741.4136,0.025865411,0.4213814,0.4213814,1.859424e-05,0.0003,-1684.1996,0.003934454154968262,3192.8053393363953,810000,,,,,,,
-1722.5375,0.10119425,0.7179187,1722.6387,-1722.6387,1.0524622,0.3423676,900.0,9.0,20,90.0,1.3512797,2023.2552,1707.5485,1517.7178,15.750887,-16.828772,634.49963,0.04999472,0.36032897,0.36032897,1.8161878e-05,0.0003,-1688.7566,0.0039049072265625,3212.329880952835,815000,,,,,,,
-1697.3037,0.089239575,0.76879084,1697.393,-1697.393,0.6588294,0.35107693,900.0,9.0,20,90.0,1.1845679,2021.7894,1682.7476,1492.2023,12.541721,-25.66822,536.2523,0.034594085,0.23129982,0.23129982,1.7739603e-05,0.0003,-1675.3021,0.0038438069343566896,3231.5489208698273,820000,,,,,,,
-1699.4756,0.0881241,0.7703689,1699.5637,-1699.5637,1.1081288,0.3520288,900.0,9.0,20,90.0,2.3576808,2020.9672,1683.0039,1475.5648,24.90584,-12.845025,616.94354,0.031235555,0.39009324,0.39009324,1.7327511e-05,0.0003,-1662.0095,0.0038872661590576172,3250.9852573871613,825000,,,,,,,
-1715.4658,0.081066124,0.7731195,1715.5469,-1715.5469,0.73890394,0.34366626,900.0,9.0,20,90.0,2.1212392,2021.2964,1700.6694,1528.725,36.487328,-55.150444,757.9799,0.056983188,0.25393635,0.25393635,1.6925713e-05,0.0003,-1690.4904,0.00388826961517334,3270.4266109466553,830000,,,,,,,
-1707.078,0.09559525,0.6552116,1707.1736,-1707.1736,0.4126098,0.3272787,900.0,9.0,20,90.0,1.6023662,2021.2565,1691.827,1478.5957,10.074523,-26.04759,516.2327,0.036401182,0.13503839,0.13503839,1.653433e-05,0.0003,-1693.3221,0.003905278825759888,3289.953010082245,835000,,,,,,,
-1708.3882,0.103805766,0.7127831,1708.492,-1708.492,0.7605002,0.3222735,900.0,9.0,20,90.0,2.9935968,2023.5801,1691.4653,1463.5325,18.805145,-23.15695,575.33984,0.04251762,0.24508905,0.24508905,1.6153459e-05,0.0003,-1683.3365,0.003948154783248901,3309.693789243698,840000,,,,,,,
-1735.8403,0.08282152,0.6543726,1735.9231,-1735.9231,0.5044326,0.32642063,900.0,9.0,20,90.0,2.4937053,2024.1277,1721.5665,1512.7917,17.946648,-30.465937,707.32544,0.02990836,0.1646572,0.1646572,1.5783213e-05,0.0003,-1718.5276,0.003848521709442139,3328.9364030361176,845000,,,,,,,
-1719.5311,0.0855827,0.58620685,1719.6167,-1719.6167,0.92205846,0.32749012,900.0,9.0,20,90.0,1.71151,2023.1382,1705.5779,1509.8977,23.471367,-28.773224,591.406,0.039697587,0.30196506,0.30196506,1.542368e-05,0.0003,-1690.6427,0.0038896456718444826,3348.38463640213,850000,,,,,,,
-1705.6774,0.08308262,0.5969376,1705.7605,-1705.7605,0.4702163,0.31378892,900.0,9.0,20,90.0,2.982842,2022.5233,1691.0155,1489.6506,7.807152,-12.398564,455.4926,0.030415352,0.14754868,0.14754868,1.5074969e-05,0.0003,-1689.4152,0.003891225290298462,3367.840768098831,855000,,,,,,,
-1679.9125,0.08458485,0.60462993,1679.9971,-1679.9971,0.8541978,0.30457303,900.0,9.0,20,90.0,1.9172986,2022.9845,1665.0718,1441.8971,25.587349,-28.32788,645.02295,0.011436967,0.2601656,0.2601656,1.4737181e-05,0.0003,-1654.5802,0.003867818260192871,3387.179864168167,860000,,,,,,,
-1674.315,0.10503557,0.66928965,1674.4199,-1674.4199,1.3434883,0.2879841,900.0,9.0,20,90.0,3.0545893,2023.403,1658.2,1447.6012,15.282711,-32.643265,595.1184,0.030696943,0.3869033,0.3869033,1.4410394e-05,0.0003,-1636.4391,0.0038221729755401612,3406.2907342910767,865000,,,,,,,
-1696.5311,0.10992876,0.71000934,1696.6411,-1696.6411,1.2795184,0.28415063,900.0,9.0,20,90.0,1.9008762,2021.9095,1681.242,1455.812,13.638624,-33.166122,694.2473,0.04001658,0.36357597,0.36357597,1.4094706e-05,0.0003,-1661.9084,0.0038776442527770996,3425.678960800171,870000,,,,,,,
-1676.8208,0.101508975,0.7181194,1676.9224,-1676.9224,1.1976918,0.30984542,900.0,9.0,20,90.0,1.8439803,2022.9852,1661.2838,1457.9642,18.287226,-32.106247,696.11505,0.056259464,0.37109932,0.37109932,1.37902e-05,0.0003,-1641.5779,0.003944332647323609,3445.400629758835,875000,,,,,,,
-1682.268,0.110383436,0.69672245,1682.3783,-1682.3783,1.1438123,0.30621794,900.0,9.0,20,90.0,1.6528095,2024.6554,1667.1947,1460.1115,29.35808,-16.749348,551.06287,0.04261413,0.35025585,0.35025585,1.3496962e-05,0.0003,-1649.092,0.003926059770584106,3465.03093457222,880000,,,,,,,
-1705.7078,0.13568255,0.66255313,1705.8435,-1705.8435,0.937214,0.31005874,900.0,9.0,20,90.0,6.3040257,2022.6055,1686.3523,1477.6827,51.33504,-25.348646,1081.1802,0.050213058,0.2905914,0.2905914,1.3215067e-05,0.0003,-1673.2505,0.0036863104820251463,3483.4624922275543,885000,,,,,,,
-1725.9327,0.08504464,0.56873834,1726.0178,-1726.0178,0.45895064,0.30698588,900.0,9.0,20,90.0,1.8864064,2027.6653,1711.3082,1537.3556,14.775449,-13.951687,614.2014,0.02596729,0.14089137,0.14089137,1.2944596e-05,0.0003,-1711.3662,0.003640708351135254,3501.6660385131836,890000,,,,,,,
-1720.4802,0.09883314,0.5793571,1720.5791,-1720.5791,1.0587745,0.28774807,900.0,9.0,20,90.0,2.0746603,2027.8927,1704.25,1538.0845,37.86119,-24.9458,706.5867,0.023178758,0.30466032,0.30466032,1.26856285e-05,0.0003,-1690.9861,0.0036585259437561034,3519.9586732387543,895000,,,,,,,
-1728.8595,0.11376253,0.6097239,1728.9733,-1728.9733,0.9831675,0.28653955,900.0,9.0,20,90.0,4.1439166,2025.3562,1713.2408,1540.4175,33.323917,-40.892754,772.04785,0.03219393,0.2817164,0.2817164,1.2438221e-05,0.0003,-1699.3611,0.003779336643218994,3538.855361700058,900000,,,,,,,
-1701.5481,0.11224705,0.5755207,1701.6604,-1701.6604,0.66476977,0.28913566,900.0,9.0,20,90.0,1.8317463,2025.176,1685.679,1513.4786,16.739227,-8.032873,490.7666,0.020619825,0.19220865,0.19220865,1.22024585e-05,0.0003,-1682.4175,0.008484004831314087,3581.2753953933716,905000,,,,,,,
-1702.9137,0.10226138,0.60201305,1703.016,-1703.016,0.87634254,0.2834466,900.0,9.0,20,90.0,2.5728137,2024.8947,1687.2134,1523.5082,14.676191,-7.5632086,616.8752,0.031098073,0.24839632,0.24839632,1.1978389e-05,0.0003,-1677.9852,0.003914296674728393,3600.846884727478,910000,,,,,,,
-1709.0634,0.109030984,0.6057171,1709.1724,-1709.1724,0.7850854,0.26284373,900.0,9.0,20,90.0,2.0200481,2023.6353,1692.8713,1526.4303,15.696104,-20.749598,659.05005,0.045992922,0.20635477,0.20635477,1.1766084e-05,0.0003,-1688.4714,0.003984081745147705,3620.767298936844,915000,,,,,,,
-1720.0581,0.09665827,0.56495786,1720.1548,-1720.1548,0.9939432,0.25890073,900.0,9.0,20,90.0,1.5025814,2021.8878,1705.7063,1519.3712,26.946697,-41.526127,640.0363,0.023905478,0.25733262,0.25733262,1.1565597e-05,0.0003,-1695.3956,0.003986458778381347,3640.699598789215,920000,,,,,,,
-1694.9689,0.10383621,0.59563845,1695.0728,-1695.0728,1.5242666,0.26200062,900.0,9.0,20,90.0,1.9233682,2020.2596,1679.4553,1522.1112,12.068611,-18.032814,565.75824,0.022199694,0.3993588,0.3993588,1.1376989e-05,0.0003,-1657.1033,0.003991529321670532,3660.6572506427765,925000,,,,,,,
-1709.647,0.11806131,0.5870971,1709.765,-1709.765,1.2642567,0.26172546,900.0,9.0,20,90.0,1.8142521,2020.518,1694.9241,1518.3036,55.199326,-17.012762,815.9415,0.021115871,0.33088815,0.33088815,1.1200302e-05,0.0003,-1678.0529,0.0039687415599823,3680.500964164734,930000,,,,,,,
-1707.8309,0.11256577,0.60134387,1707.9435,-1707.9435,1.5130411,0.281238,900.0,9.0,20,90.0,2.1360984,2021.9258,1692.546,1502.9857,56.263725,-79.739,912.5488,0.013819532,0.42552465,0.42552465,1.103559e-05,0.0003,-1667.3976,0.003875092697143555,3699.876433610916,935000,,,,,,,
-1705.9109,0.09900454,0.62459767,1706.0099,-1706.0099,1.10512,0.29059085,900.0,9.0,20,90.0,2.3599696,2021.8339,1690.1223,1496.7424,29.726255,-18.927307,683.7446,0.05889823,0.32113773,0.32113773,1.0882903e-05,0.0003,-1674.6486,0.003972019290924072,3719.7365345954895,940000,,,,,,,
-1718.36,0.091687,0.55632806,1718.4517,-1718.4517,1.5966924,0.3005744,900.0,9.0,20,90.0,2.050274,2023.6439,1703.5927,1474.3069,38.15751,-12.807556,727.5656,0.025152242,0.47992486,0.47992486,1.0742272e-05,0.0003,-1673.1165,0.004052330112457275,3739.998190641403,945000,,,,,,,
-1712.6971,0.101257056,0.56923026,1712.7983,-1712.7983,0.9021602,0.29727817,900.0,9.0,20,90.0,2.031548,2023.9474,1697.2384,1513.7795,81.28637,-54.332253,908.8201,0.033173688,0.26819253,0.26819253,1.061374e-05,0.0003,-1686.5283,0.003964237546920777,3759.819383621216,950000,,,,,,,
-1720.1964,0.09392083,0.5770338,1720.2903,-1720.2903,1.2634315,0.29859337,900.0,9.0,20,90.0,1.845852,2023.3228,1705.2007,1524.0553,33.396034,-16.723948,621.9116,0.028052714,0.37725228,0.37725228,1.0497346e-05,0.0003,-1684.3978,0.0038826786041259768,3779.2327814102173,955000,,,,,,,
-1724.776,0.07750014,0.5240343,1724.8535,-1724.8535,0.6474889,0.29792067,900.0,9.0,20,90.0,3.1535916,2023.5475,1709.3615,1496.6089,35.347733,-32.574715,748.9104,0.030302756,0.19290033,0.19290033,1.0393118e-05,0.0003,-1704.2614,0.004001813268661499,3799.241856575012,960000,,,,,,,
-1695.3081,0.08278686,0.5580219,1695.3909,-1695.3909,0.6536627,0.28669748,900.0,9.0,20,90.0,2.60065,2023.381,1680.1582,1505.5995,15.448614,-12.558922,535.4574,0.029340371,0.18740346,0.18740346,1.0301083e-05,0.0003,-1675.8411,0.004002934837341309,3819.256536245346,965000,,,,,,,
-1651.7919,0.093144774,0.57693565,1651.885,-1651.885,1.0217344,0.28859454,900.0,9.0,20,90.0,1.7853609,2019.2452,1636.6782,1447.9536,30.684477,-33.272186,731.0685,0.02944031,0.29486695,0.29486695,1.0221269e-05,0.0003,-1623.4685,0.003963359451293945,3839.073338985443,970000,,,,,,,
-1674.9441,0.09816219,0.66870517,1675.0422,-1675.0422,1.2533214,0.2893335,900.0,9.0,20,90.0,1.5739033,2023.794,1659.89,1472.4297,23.783926,-20.434395,611.47516,0.030980458,0.36262786,0.36262786,1.0153698e-05,0.0003,-1640.7338,0.003965566205978393,3858.9011754989624,975000,,,,,,,
-1683.519,0.10891971,0.61339027,1683.6279,-1683.6279,1.4359479,0.28693622,900.0,9.0,20,90.0,1.5135823,2020.148,1666.8756,1492.1422,15.884421,-16.954517,562.0701,0.023375269,0.41202545,0.41202545,1.0098386e-05,0.0003,-1644.9232,0.003882301664352417,3878.3126888275146,980000,,,,,,,
-1717.061,0.11165331,0.66353035,1717.1727,-1717.1727,0.59961474,0.31232905,900.0,9.0,20,90.0,1.6995881,2021.825,1701.2981,1506.1459,24.755856,-24.422829,645.7234,0.043244407,0.18727711,0.18727711,1.005535e-05,0.0003,-1698.5065,0.00395718264579773,3898.0986070632935,985000,,,,,,,
-1706.7089,0.0999511,0.70492786,1706.8088,-1706.8088,0.5189269,0.3155874,900.0,9.0,20,90.0,2.181241,2019.7953,1691.9171,1494.8596,18.892063,-51.285213,702.78186,0.029908016,0.1637668,0.1637668,1.0024603e-05,0.0003,-1689.7886,0.003975676822662353,3917.976996421814,990000,,,,,,,
-1699.9103,0.08830308,0.71468854,1699.9985,-1699.9985,1.3222877,0.3104989,900.0,9.0,20,90.0,2.427792,2020.3877,1685.0206,1451.9313,24.657337,-12.301962,558.4728,0.026697697,0.41056883,0.41056883,1.000615e-05,0.0003,-1660.5314,0.003869104814529419,3937.322525501251,995000,,,,,,,
-1673.0001,0.08598996,0.7574398,1673.086,-1673.086,2.015953,0.32296476,900.0,9.0,20,90.0,1.9359818,2020.1127,1657.9614,1419.1224,16.553396,-29.645529,781.15204,0.046241634,0.6510818,0.6510818,1e-05,0.0003,-1612.4667,0.0037994524955749513,3956.319793701172,1000000,,,,,,,
-1664.8,0.08099527,0.6518979,1664.8811,-1664.8811,0.96225595,0.33797073,900.0,9.0,20,90.0,2.5999756,2022.5883,1650.5366,1279.0239,26.488102,-61.93035,768.5852,0.025589539,0.32521436,0.32521436,1e-05,0.0003,-1632.9308,0.011916397285461426,4015.9017848968506,1005000,0.0,5000.0,-0.2817586687692595,-56.69664888247099,200.0,1.4153409004211426,-0.006258452218933332
-1662.2637,0.08101581,0.53593713,1662.3447,-1662.3447,1.3966689,0.35953966,900.0,9.0,20,90.0,3.1622782,2023.886,1650.1848,1323.9891,48.120255,-96.86217,1055.8418,0.033699166,0.50215787,0.50215787,1e-05,0.0003,-1613.9072,0.007544976615905761,4053.626673221588,1010000,0.0,10000.0,-0.2794762506669379,-56.808648802782024,200.0,1.4449756145477295,-0.010071757904863856
-1586.3376,0.08163421,0.4870236,1586.4193,-1586.4193,0.9817055,0.36234754,900.0,9.0,20,90.0,4.24604,2026.7582,1573.5193,1234.9004,103.52016,-104.95198,1092.9656,0.03876629,0.35571858,0.35571858,1e-05,0.0003,-1550.0769,0.007630548429489136,4091.779420852661,1015000,0.0,15000.0,-0.26388443696516295,-55.13031696723388,200.0,1.502795696258545,0.047071071425733066
-1584.9143,0.103384964,0.527638,1585.0177,-1585.0177,0.7499699,0.36312863,900.0,9.0,20,90.0,8.808437,2029.3561,1570.4358,1190.5966,128.45627,-136.61635,1444.8872,0.026590038,0.27233556,0.27233556,1e-05,0.0003,-1551.5956,0.007654769086837768,4130.053271770477,1020000,0.0,20000.0,-0.2709643123491048,-54.5394583499764,200.0,1.5025427341461182,0.0671882689961585
-1608.5284,0.10962957,0.59105986,1608.6381,-1608.6381,0.59024537,0.34302852,900.0,9.0,20,90.0,8.783859,2035.3392,1593.5338,1184.0719,104.990486,-54.011715,1249.1583,0.026572037,0.20247099,0.20247099,1e-05,0.0003,-1581.5222,0.0075726262092590335,4167.916407823563,1025000,0.0,25000.0,-0.26384207487128897,-54.58653527880544,200.0,1.4906742572784424,0.06558542213804117
-1611.6405,0.09535022,0.4788204,1611.7358,-1611.7358,0.9410907,0.34515682,900.0,9.0,20,90.0,14.480383,2039.5067,1599.5815,1212.7294,53.278152,-142.6283,1389.4224,0.03971062,0.3248239,0.3248239,1e-05,0.0003,-1567.926,0.007614169120788574,4205.987259864807,1030000,0.0,30000.0,-0.2684461123142275,-55.04021694585356,200.0,1.4853761196136475,0.05013874257119365
-1647.5283,0.11333543,0.64067435,1647.6416,-1647.6416,0.88171506,0.36864033,900.0,9.0,20,90.0,23.221466,2045.1774,1630.6724,1222.1772,86.93692,-30.85558,1347.4838,0.03474657,0.32503575,0.32503575,1e-05,0.0003,-1595.0537,0.007766193675994873,4244.818234205246,1035000,0.0,35000.0,-0.2620981890223629,-53.03304196177334,200.0,1.5553641319274902,0.118477824940134
-1608.2358,0.08279251,0.5297545,1608.3186,-1608.3186,1.6290277,0.36109683,900.0,9.0,20,90.0,6.2461495,2045.3141,1596.2067,1264.2529,44.21948,-29.386673,920.21466,0.020012593,0.58823675,0.58823675,1e-05,0.0003,-1549.0485,0.0077593026638031,4283.614753007889,1040000,0.0,40000.0,-0.24902077704635717,-52.46987052040792,200.0,1.501460075378418,0.1376523462571893
-1588.3896,0.0797925,0.46404195,1588.4695,-1588.4695,0.95931435,0.36701941,900.0,9.0,20,90.0,16.695433,2046.6656,1576.9049,1186.1039,45.18567,-120.960846,1514.0076,0.026871637,0.352087,0.352087,1e-05,0.0003,-1540.0063,0.0073262785911560055,4320.246151447296,1045000,0.0,45000.0,-0.2751516054699514,-55.09450141067772,200.0,1.2769553661346436,0.04829049787783305
-1605.5494,0.090033844,0.5824919,1605.6395,-1605.6395,1.4974692,0.35096624,900.0,9.0,20,90.0,48.532185,2050.4783,1589.8171,1106.6163,150.33492,-227.34445,2719.6133,0.032938845,0.52556115,0.52556115,1e-05,0.0003,-1509.7167,0.006896395635604858,4354.728135108948,1050000,0.0,50000.0,-0.2661599267384943,-54.136950918585335,200.0,1.2615001201629639,0.08089259907505773
-1654.1526,0.10609098,0.5532269,1654.2587,-1654.2587,1.0244814,0.36924142,900.0,9.0,20,90.0,26.508276,2052.8962,1637.9165,1246.4893,138.80154,-48.825348,1732.1171,0.03840341,0.37828097,0.37828097,1e-05,0.0003,-1593.599,0.006292216300964356,4386.1892211437225,1055000,0.0,55000.0,-0.2581878874525356,-53.55358471997028,200.0,1.213017463684082,0.10075469929781364
-1597.1143,0.074120454,0.45766273,1597.1884,-1597.1884,1.0071284,0.3781657,900.0,9.0,20,90.0,14.706441,2055.0664,1585.1139,1252.7368,64.12451,-99.55155,1490.6406,0.036269676,0.3808614,0.3808614,1e-05,0.0003,-1548.1304,0.006904233121871948,4420.710391759872,1060000,0.0,60000.0,-0.25493637414027875,-52.468928316134594,200.0,1.3119897842407227,0.13768442585959273
-1580.0797,0.07414985,0.49430704,1580.1538,-1580.1538,1.4577988,0.3854531,900.0,9.0,20,90.0,9.727442,2055.2544,1568.6514,1135.7252,99.221146,-265.13416,1662.4628,0.033905413,0.5619131,0.5619131,1e-05,0.0003,-1519.7802,0.006715291690826416,4454.286855459213,1065000,0.0,65000.0,-0.2579868193743761,-53.38840992743003,200.0,1.5993268489837646,0.10637847093815887
-1546.6464,0.089830324,0.538797,1546.7362,-1546.7362,1.1864979,0.3951709,900.0,9.0,20,90.0,41.509583,2054.765,1532.4084,1084.5061,496.3786,-242.13458,3912.8545,0.04970003,0.46886945,0.46886945,1e-05,0.0003,-1462.9385,0.00655544581413269,4487.064090013504,1070000,0.0,70000.0,-0.25746830523104985,-53.91585486456814,200.0,1.3022606372833252,0.08842034407326112
-1602.5006,0.123253316,0.59768105,1602.6239,-1602.6239,0.7347892,0.40238366,900.0,9.0,20,90.0,26.736025,2058.766,1585.4009,1088.9554,42.85563,-357.2622,1972.2655,0.027891152,0.29566717,0.29566717,1e-05,0.0003,-1549.1545,0.00677335820198059,4520.930885791779,1075000,0.0,75000.0,-0.2966470109352738,-54.31006257079946,200.0,1.280505657196045,0.0749985980270596
-1659.5651,0.11976674,0.5279389,1659.6848,-1659.6848,0.5490255,0.41620356,900.0,9.0,20,90.0,13.621526,2061.2244,1645.404,1182.8752,148.8531,-188.7602,1913.7184,0.031463236,0.22850636,0.22850636,1e-05,0.0003,-1625.3779,0.006642266464233398,4554.142223358154,1080000,0.0,80000.0,-0.27457437718787087,-54.725721742962214,200.0,1.2916998863220215,0.060846485416482715
-1615.0879,0.08751743,0.43658298,1615.1754,-1615.1754,1.115235,0.3982571,900.0,9.0,20,90.0,11.972561,2057.3784,1602.4268,1204.7183,319.73544,-170.67249,2276.234,0.021367276,0.44415024,0.44415024,1e-05,0.0003,-1563.1418,0.006595016813278198,4587.117312669754,1085000,0.0,85000.0,-0.2711827239945318,-55.07978702788849,200.0,1.315615177154541,0.048791484301745694
-1576.3427,0.0728769,0.46785167,1576.4155,-1576.4155,1.1328751,0.4089397,900.0,9.0,20,90.0,13.555677,2058.648,1563.5833,1177.5559,120.21404,-139.43214,1529.0944,0.026970316,0.46327758,0.46327758,1e-05,0.0003,-1521.092,0.006526664781570435,4619.750641822815,1090000,0.0,90000.0,-0.261518974957755,-52.89741558485634,200.0,1.2543299198150635,0.12309554996014728
-1599.5209,0.1111577,0.59597045,1599.6321,-1599.6321,1.0683165,0.3956537,900.0,9.0,20,90.0,41.76072,2057.1174,1579.9872,1142.4178,82.523476,-202.04147,2547.9321,0.060050875,0.4226834,0.4226834,1e-05,0.0003,-1519.7186,0.006566721343994141,4652.584254980087,1095000,0.0,95000.0,-0.2649305099164532,-52.75107448233526,200.0,1.2369024753570557,0.12807808349034286
-1565.3198,0.062066294,0.3513579,1565.3818,-1565.3818,0.9492784,0.39295572,900.0,9.0,20,90.0,10.419197,2057.8403,1555.2761,1265.8431,125.44738,-339.90656,2527.0205,0.023877362,0.37302437,0.37302437,1e-05,0.0003,-1521.3285,0.006488263368606567,4685.025577068329,1100000,0.0,100000.0,-0.2660714793051675,-52.847835348014385,200.0,1.2712268829345703,0.12478362793854367
-1569.9436,0.068403564,0.48937783,1570.012,-1570.012,0.46113187,0.4073925,900.0,9.0,20,90.0,18.558788,2056.5413,1557.4467,1074.4868,118.03868,-287.83624,2088.2478,0.018738061,0.18786165,0.18786165,1e-05,0.0003,-1534.4772,0.010729370546340943,4738.672435283661,1105000,0.0,105000.0,-0.25585443346605025,-52.18295754712502,200.0,1.2476811408996582,0.14742098599682957
-1513.6807,0.08260373,0.50463045,1513.7633,-1513.7633,1.1495402,0.41405755,900.0,9.0,20,90.0,31.889183,2056.7498,1500.1124,1058.4769,257.0949,-440.4256,4261.006,0.03833654,0.47597578,0.47597578,1e-05,0.0003,-1438.9537,0.006309804105758667,4770.221461772919,1110000,0.0,110000.0,-0.26484310155688817,-52.46549871173998,200.0,1.2222874164581299,0.13780119495998266
-1591.2948,0.0805566,0.48967913,1591.3754,-1591.3754,0.5945375,0.42097184,900.0,9.0,20,90.0,23.386187,2063.1484,1577.0535,1131.316,241.34103,-179.3928,2327.2751,0.029900352,0.25028354,0.25028354,1e-05,0.0003,-1545.383,0.006398831510543823,4802.215624570847,1115000,0.0,115000.0,-0.26496967058364707,-53.52403034608905,200.0,1.2242074012756348,0.10176094878131722
-1524.4988,0.07768985,0.4449745,1524.5764,-1524.5764,0.9007013,0.43475804,900.0,9.0,20,90.0,17.822392,2064.9304,1511.8711,1118.8279,173.0043,-118.1667,1482.6409,0.039173342,0.39158714,0.39158714,1e-05,0.0003,-1471.4336,0.006554882717132568,4834.990045785904,1120000,0.0,120000.0,-0.2683841828478954,-53.56465207763228,200.0,1.2778973579406738,0.10037788458416447
-1569.6776,0.085564464,0.513115,1569.7632,-1569.7632,1.0238181,0.4526123,900.0,9.0,20,90.0,37.815575,2068.9998,1555.6282,1056.8884,107.59729,-383.24472,2361.9902,0.04103126,0.46339267,0.46339267,1e-05,0.0003,-1490.1567,0.006707502222061157,4868.5275621414185,1125000,0.0,125000.0,-0.28328352103576065,-54.261745122335,200.0,1.2818820476531982,0.07664368134897177
-1589.9144,0.089524,0.61438113,1590.0039,-1590.0039,1.0646347,0.44291463,900.0,9.0,20,90.0,24.218786,2066.5725,1575.9556,1099.7817,170.56696,-148.53223,2051.5518,0.048634045,0.47154224,0.47154224,1e-05,0.0003,-1523.2568,0.006560929298400879,4901.332213878632,1130000,0.0,130000.0,-0.26521236167452855,-52.13169865213079,200.0,1.2881159782409668,0.14916621791479165
-1554.0527,0.10280639,0.5167824,1554.1555,-1554.1555,1.0677125,0.44330826,900.0,9.0,20,90.0,29.04173,2068.6255,1540.337,1065.7081,259.80606,-72.96468,2462.5073,0.033430655,0.4733258,0.4733258,1e-05,0.0003,-1482.4116,0.0066205996036529545,4934.435218095779,1135000,0.0,135000.0,-0.2692390859811752,-53.08290939466967,200.0,1.5919771194458008,0.11677996868382388
-1574.9097,0.080800414,0.4844561,1574.9905,-1574.9905,1.0056212,0.44742194,900.0,9.0,20,90.0,26.305492,2065.5908,1561.7866,1092.4895,155.94756,-199.22777,2206.108,0.033625882,0.449937,0.449937,1e-05,0.0003,-1508.1097,0.006532858419418335,4967.09951543808,1140000,0.0,140000.0,-0.2566708411457653,-52.87488653307404,200.0,1.2858128547668457,0.1238626055171645
-1539.1288,0.08462034,0.46435037,1539.2134,-1539.2134,1.0407407,0.4326035,900.0,9.0,20,90.0,35.362457,2065.2058,1527.0872,1045.167,294.10898,-101.42496,1967.4932,0.035654914,0.4502281,0.4502281,1e-05,0.0003,-1463.2458,0.0065731999397277835,4999.9655203819275,1145000,0.0,145000.0,-0.274248995821375,-54.46519404629009,200.0,1.2443571090698242,0.06971677518368287
-1505.5864,0.08231188,0.47011963,1505.6687,-1505.6687,1.2365576,0.42637157,900.0,9.0,20,90.0,35.799156,2066.201,1493.5619,1026.2325,179.63538,-146.65164,2491.4058,0.038872313,0.527233,0.527233,1e-05,0.0003,-1422.3363,0.0065251295089721675,5032.591173648834,1150000,0.0,150000.0,-0.3250959520129432,-54.2288723312305,200.0,1.2454655170440674,0.07776291429916571
-1531.43,0.097078785,0.5146232,1531.5271,-1531.5271,1.0508494,0.42141685,900.0,9.0,20,90.0,28.364964,2068.9407,1518.3286,1000.54126,95.21053,-120.951035,2018.0034,0.043814044,0.44284564,0.44284564,1e-05,0.0003,-1463.209,0.006502231121063232,5065.102334737778,1155000,0.0,155000.0,-0.261563594143112,-54.234874798891425,200.0,1.2138111591339111,0.07755854590321094
-1521.9359,0.0962303,0.46368447,1522.0321,-1522.0321,1.0382766,0.40120244,900.0,9.0,20,90.0,29.347605,2072.3318,1510.8633,935.8371,57.718754,-98.07498,1647.2205,0.043581728,0.4165591,0.4165591,1e-05,0.0003,-1455.0979,0.00631707649230957,5096.687722444534,1160000,0.0,160000.0,-0.2534504823873554,-52.64566229738731,200.0,1.2591323852539062,0.13166709393885098
-1481.1257,0.107553676,0.4842387,1481.2333,-1481.2333,1.163096,0.39318022,900.0,9.0,20,90.0,51.984016,2073.6848,1468.4194,913.59485,182.68542,-208.06792,2581.3843,0.038820673,0.45730636,0.45730636,1e-05,0.0003,-1387.9841,0.00639161114692688,5128.645783185959,1165000,0.0,165000.0,-0.26583682635645234,-55.673107079383584,200.0,1.177828311920166,0.028590481304068573
-1548.2449,0.11136644,0.5718067,1548.3562,-1548.3562,0.7103123,0.4130168,900.0,9.0,20,90.0,27.460934,2074.4602,1532.9329,944.41077,295.41913,-288.96692,2999.916,0.038016874,0.2933709,0.2933709,1e-05,0.0003,-1494.3806,0.006383536100387574,5160.563468456268,1170000,0.0,170000.0,-0.2660731589318421,-53.340241537656595,200.0,1.2144193649291992,0.10801847919972785
-1557.9435,0.0860883,0.47603333,1558.0295,-1558.0295,1.2283288,0.4239572,900.0,9.0,20,90.0,24.718435,2079.5732,1545.2289,1009.94824,837.7329,-153.31055,2815.5945,0.02152926,0.52075887,0.52075887,1e-05,0.0003,-1486.3568,0.006215618753433227,5191.641567230225,1175000,0.0,175000.0,-0.26619054265061787,-53.7050639538883,200.0,1.2035751342773438,0.09559722577108415
-1550.881,0.07756718,0.49398717,1550.9585,-1550.9585,1.198619,0.42725706,900.0,9.0,20,90.0,36.180565,2083.3142,1539.2375,1015.4473,108.0033,-274.99164,2691.923,0.017749596,0.51211846,0.51211846,1e-05,0.0003,-1468.6097,0.006406826305389404,5223.67570400238,1180000,0.0,180000.0,-0.2759869472366514,-54.59569121563958,200.0,1.5743067264556885,0.06527368632704514
-1531.2368,0.09494868,0.543319,1531.3318,-1531.3318,0.74964094,0.44785753,900.0,9.0,20,90.0,58.29915,2087.264,1518.3038,1024.0297,249.21707,-195.31738,3577.45,0.029445931,0.33573234,0.33573234,1e-05,0.0003,-1442.7217,0.006454082679748535,5255.946123123169,1185000,0.0,185000.0,-0.25788753912865103,-53.04084376506679,200.0,1.2802667617797852,0.11821219385060472
-1582.914,0.09996266,0.5205678,1583.0139,-1583.0139,0.9259466,0.4417479,900.0,9.0,20,90.0,36.893646,2092.066,1569.468,1033.2307,182.04083,-708.6831,2733.5076,0.02739638,0.40903497,0.40903497,1e-05,0.0003,-1509.2072,0.006579201984405518,5288.842138528824,1190000,0.0,190000.0,-0.2521759743228673,-51.476828786485534,200.0,1.2578344345092773,0.1714628318344674
-1576.76,0.09862386,0.54689837,1576.8586,-1576.8586,0.9792397,0.4472839,900.0,9.0,20,90.0,40.491364,2097.9077,1563.5872,1061.5956,666.12665,-228.71202,3128.7856,0.05171032,0.43799815,0.43799815,1e-05,0.0003,-1496.8489,0.006610716629028321,5321.895726680756,1195000,0.0,195000.0,-0.27107363928875633,-53.374498656993644,200.0,1.2928988933563232,0.10685211347742386
-1566.8182,0.08911918,0.47474343,1566.9073,-1566.9073,1.1580862,0.4709672,900.0,9.0,20,90.0,35.43669,2098.4966,1555.2422,1037.6184,246.84915,-560.50964,3828.6753,0.028647233,0.54542065,0.54542065,1e-05,0.0003,-1482.2937,0.0065707839012146,5354.7496519088745,1200000,0.0,200000.0,-0.3253685925695478,-65.18481702003798,200.0,1.5619044303894043,-0.2952584776852847
-1532.1255,0.07077749,0.51026094,1532.1963,-1532.1963,1.012732,0.5007618,900.0,9.0,20,90.0,30.610489,2101.5208,1520.635,1003.41144,163.29283,-604.047,2621.1606,0.0331587,0.50713754,0.50713754,1e-05,0.0003,-1455.8727,0.011355242395401002,5411.525869607925,1205000,0.0,205000.0,-0.2604321655769937,-52.0662063125412,200.0,1.2416632175445557,0.15139606156332563
-1559.085,0.089791864,0.44790685,1559.1748,-1559.1748,0.8790129,0.5010599,900.0,9.0,20,90.0,24.70145,2105.0085,1546.644,956.90027,180.98596,-105.82607,2416.6152,0.019018387,0.4404381,0.4404381,1e-05,0.0003,-1494.7441,0.006544361543655395,5444.24768280983,1210000,0.0,210000.0,-0.2612750854463874,-53.90164611122223,200.0,1.2522451877593994,0.0889041151310751
-1531.9608,0.09894414,0.5078883,1532.0598,-1532.0598,0.93532485,0.4955368,900.0,9.0,20,90.0,30.943382,2110.386,1518.1407,914.1537,1206.0942,-230.05411,3282.8699,0.020815916,0.46348792,0.46348792,1e-05,0.0003,-1459.3036,0.006601676654815674,5477.256071329117,1215000,0.0,215000.0,-0.25561787512298145,-52.948604852846316,200.0,1.2971348762512207,0.12135268866040076
-1531.6453,0.07378632,0.41855174,1531.719,-1531.719,0.7245882,0.5028179,900.0,9.0,20,90.0,36.715183,2111.2217,1520.2312,1036.8252,115.521095,-84.240135,2698.952,0.023428764,0.36433595,0.36433595,1e-05,0.0003,-1462.1398,0.006624049425125122,5510.376323699951,1220000,0.0,220000.0,-0.2540604213355212,-51.47864080403093,200.0,1.2615888118743896,0.17140113735477774
-1532.942,0.08438989,0.41035703,1533.0264,-1533.0264,0.61091304,0.48648974,900.0,9.0,20,90.0,41.830135,2117.445,1521.2749,921.2648,134.04207,-825.2645,3855.2515,0.02819914,0.29720294,0.29720294,1e-05,0.0003,-1464.3636,0.00633922986984253,5542.072478294373,1225000,0.0,225000.0,-0.2992260961996699,37.20876156571043,200.0,1.5398650169372559,3.1909762833704938
-1514.5046,0.13005117,0.55865717,1514.6346,-1514.6346,0.9291065,0.509827,900.0,9.0,20,90.0,71.115776,2126.8079,1500.1057,985.547,267.8456,-137.01108,2964.4697,0.041915674,0.47368357,0.47368357,1e-05,0.0003,-1400.7574,0.006281811189651489,5573.481539726257,1230000,0.0,230000.0,-0.26486862271420647,-53.005299921379404,200.0,1.1564111709594727,0.11942236918694893
-1555.712,0.076063216,0.4394031,1555.7881,-1555.7881,1.1719334,0.50598,900.0,9.0,20,90.0,32.136982,2130.4397,1543.7117,959.0654,324.2788,-80.342285,2642.0112,0.02516075,0.5929749,0.5929749,1e-05,0.0003,-1470.2073,0.006361734962463379,5605.290219545364,1235000,0.0,235000.0,-0.2548023117899372,-52.97382796903161,200.0,1.3112680912017822,0.12049390722467153
-1531.4594,0.081778884,0.43995708,1531.5411,-1531.5411,0.8201868,0.48804188,900.0,9.0,20,90.0,32.471382,2130.88,1519.0608,871.47754,520.04706,-2035.2405,5873.334,0.025261993,0.40028548,0.40028548,1e-05,0.0003,-1462.9623,0.006549030923843384,5638.035380363464,1240000,0.0,240000.0,-0.26168306093700505,-53.0663281812896,200.0,1.325054407119751,0.11734451582891343
-1529.889,0.07526977,0.49916893,1529.9644,-1529.9644,1.179436,0.45874974,900.0,9.0,20,90.0,40.700874,2135.4043,1517.092,893.22253,361.948,-258.0783,3202.6782,0.039235435,0.54106593,0.54106593,1e-05,0.0003,-1440.4922,0.006530278730392456,5670.686778783798,1245000,0.0,245000.0,-0.2705790988310056,-53.49288840014411,200.0,1.2573530673980713,0.1028212509602204
-1522.7642,0.05980173,0.3917333,1522.824,-1522.824,0.89196926,0.4535463,900.0,9.0,20,90.0,63.70217,2140.2393,1512.3472,914.0717,287.96884,-360.1386,2948.2979,0.025039112,0.40454936,0.40454936,1e-05,0.0003,-1422.6526,0.00655982928276062,5703.485930919647,1250000,0.0,250000.0,-0.2686966799438319,-52.610460995073545,200.0,1.2612011432647705,0.13286560663325703
-1452.0961,0.09238472,0.48301023,1452.1885,-1452.1885,1.2466604,0.46429417,900.0,9.0,20,90.0,47.998245,2146.314,1440.6472,916.598,1095.9377,-329.89954,4667.83,0.03014762,0.5788171,0.5788171,1e-05,0.0003,-1352.0043,0.0066295909404754634,5736.633890867233,1255000,0.0,255000.0,-0.2405858987252283,-50.90716827326676,200.0,1.324521780014038,0.19085828915331698
-1537.9286,0.09191668,0.45710316,1538.0205,-1538.0205,0.7354311,0.4698069,900.0,9.0,20,90.0,66.62552,2159.7144,1525.2922,934.83435,189.71384,-896.78876,3947.7139,0.02736858,0.3455106,0.3455106,1e-05,0.0003,-1440.2072,0.0067136314868927,5770.2020535469055,1260000,0.0,260000.0,-0.22848740263827977,-51.658260999873875,200.0,1.319258689880371,0.165285537341727
-1546.008,0.09984499,0.48462802,1546.1079,-1546.1079,0.82877237,0.4648366,900.0,9.0,20,90.0,42.687088,2170.2695,1532.8806,957.3754,267.1587,-723.64355,3173.939,0.04532929,0.38524374,0.38524374,1e-05,0.0003,-1468.6489,0.006882492351531983,5804.614521026611,1265000,0.0,265000.0,1.8991441146582264,47.33849455634337,200.0,1.3117144107818604,3.535867318139673
-1561.2887,0.087975085,0.45587873,1561.3767,-1561.3767,1.404007,0.45566922,900.0,9.0,20,90.0,40.548424,2178.5486,1548.833,946.2585,427.58026,-303.84888,3592.1318,0.039644666,0.63976276,0.63976276,1e-05,0.0003,-1463.1616,0.006697165584564209,5838.100354194641,1270000,0.0,270000.0,-0.2627605292845654,45.25965096611696,200.0,1.3783745765686035,3.4650881063263457
-1548.3207,0.09528209,0.49755406,1548.416,-1548.416,0.87467915,0.46032,900.0,9.0,20,90.0,54.745583,2183.6523,1533.7175,948.722,575.5728,-601.77814,5649.08,0.03725579,0.4026323,0.4026323,1e-05,0.0003,-1457.3381,0.00661798324584961,5871.1902759075165,1275000,0.0,275000.0,-0.25407895762010024,-51.21423609160314,200.0,1.3175256252288818,0.18040342941434073
-1557.0767,0.08209781,0.47458082,1557.1588,-1557.1588,0.78227395,0.4637861,900.0,9.0,20,90.0,50.461887,2191.5164,1544.4868,926.73895,180.46318,-319.77304,2963.3691,0.029061401,0.36280775,0.36280775,1e-05,0.0003,-1473.962,0.006626334476470947,5904.321953296661,1280000,0.0,280000.0,-0.26368390838474937,-53.16887920832481,200.0,1.2460997104644775,0.11385292035808293
-1568.5392,0.09345347,0.48853555,1568.6327,-1568.6327,1.0987715,0.4861726,900.0,9.0,20,90.0,45.28309,2195.4976,1555.8782,896.89874,123.593056,-440.65207,2637.3616,0.037571177,0.53419256,0.53419256,1e-05,0.0003,-1475.1787,0.006546164178848266,5937.052779912949,1285000,0.0,285000.0,-0.25055710663295633,-51.015641197533505,200.0,1.2338676452636719,0.18716506849988118
-1551.5164,0.09004285,0.5062295,1551.6064,-1551.6064,1.0593563,0.4951369,900.0,9.0,20,90.0,53.915173,2201.5173,1538.818,988.7033,299.22522,-1122.9327,3854.1538,0.04428772,0.52452636,0.52452636,1e-05,0.0003,-1450.3938,0.0063379785060882566,5968.7426788806915,1290000,0.0,290000.0,1.8271358007492358,194.69034749452877,200.0,1.2122104167938232,8.552814268469042
-1564.112,0.109864876,0.5477159,1564.2219,-1564.2219,0.8726675,0.48906323,900.0,9.0,20,90.0,49.349937,2207.7788,1550.3108,865.48773,481.27072,-1084.9979,4119.4175,0.048900563,0.42678958,0.42678958,1e-05,0.0003,-1476.3511,0.006452133083343506,6001.003349542618,1295000,0.0,295000.0,-0.2762461353395711,-50.99298403842327,200.0,1.3644721508026123,0.18793648577787692
-1612.0697,0.09507114,0.4820083,1612.1648,-1612.1648,0.80086225,0.48019853,900.0,9.0,20,90.0,55.150227,2214.8918,1598.834,893.5831,292.02887,-1104.0632,4782.036,0.025430346,0.38457286,0.38457286,1e-05,0.0003,-1522.3079,0.0067294737815856934,6034.650724411011,1300000,0.0,300000.0,-0.2724832499594345,-52.19132291075802,200.0,1.300642967224121,0.14713616714501257
-1566.8251,0.09881745,0.48980945,1566.924,-1566.924,0.9611566,0.4870765,900.0,9.0,20,90.0,52.33941,2211.4106,1554.551,987.3998,1440.0388,-229.94124,4917.594,0.04987154,0.46815675,0.46815675,1e-05,0.0003,-1472.3516,0.011235756254196167,6090.829511165619,1305000,0.0,305000.0,1.8327007954932824,62.71011482883671,200.0,1.266258716583252,4.05923096718763
-1596.0797,0.10145168,0.54406214,1596.1812,-1596.1812,0.99793464,0.49072915,900.0,9.0,20,90.0,48.174355,2208.0771,1581.3857,950.09283,707.676,-1324.9368,7153.426,0.04309948,0.48971558,0.48971558,1e-05,0.0003,-1503.831,0.006653730869293213,6124.098171234131,1310000,0.0,310000.0,9.947815233365267,143.69597787347047,200.0,1.6071693897247314,6.816588750750842
-1578.8729,0.11762196,0.54745305,1578.9906,-1578.9906,1.2482218,0.48179984,900.0,9.0,20,90.0,90.73558,2207.5405,1565.6785,939.8762,348.71054,-529.54126,5020.248,0.034538135,0.60139304,0.60139304,1e-05,0.0003,-1434.012,0.006578618431091309,6156.991268634796,1315000,0.0,315000.0,1.8222859835891696,179.68021045916174,200.0,1.2817485332489014,8.041758182495007
-1617.8286,0.0876758,0.5206799,1617.9163,-1617.9163,1.1149582,0.49097562,900.0,9.0,20,90.0,49.19767,2202.0999,1604.6914,1039.996,246.27252,-1161.2275,3909.7095,0.040961396,0.5474173,0.5474173,1e-05,0.0003,-1519.3634,0.006722364664077759,6190.603097438812,1320000,0.0,320000.0,1.8833828918362439,219.153180890494,200.0,1.2750627994537354,9.385710054678045
-1587.4357,0.09705526,0.51229835,1587.5327,-1587.5327,0.8692827,0.4878885,900.0,9.0,20,90.0,49.972702,2202.8005,1574.6182,931.9631,532.5859,-165.00656,3775.745,0.049900763,0.424113,0.424113,1e-05,0.0003,-1499.2928,0.006697549295425415,6224.090849161148,1325000,0.0,325000.0,-0.28081375551483845,-38.047398824927924,200.0,1.2843658924102783,0.6286999574413115
-1576.9337,0.1071305,0.5181458,1577.0409,-1577.0409,1.5030258,0.48818764,900.0,9.0,20,90.0,59.90911,2204.9832,1563.0598,921.285,46.09818,-124.525475,2688.3738,0.056814417,0.73375857,0.73375857,1e-05,0.0003,-1450.9863,0.006635996627807617,6257.270837545395,1330000,0.0,330000.0,-0.27239358746435594,-26.77101790223722,200.0,1.6175472736358643,1.01263136890838
-1626.0547,0.100862876,0.5445174,1626.1555,-1626.1555,0.91182667,0.5047235,900.0,9.0,20,90.0,34.437645,2207.461,1611.7997,1027.4943,634.53796,-497.88666,4021.8716,0.049274,0.4602203,0.4602203,1e-05,0.0003,-1550.1973,0.006568457508087158,6290.113130569458,1335000,0.0,335000.0,9.962616565623113,2207.1407799553426,200.0,1.2720849514007568,77.07151191972119
-1568.7856,0.089621514,0.49540603,1568.8752,-1568.8752,0.8078042,0.49725243,900.0,9.0,20,90.0,49.644855,2210.0242,1556.6942,1040.7451,474.67828,-1061.0801,5571.1035,0.034870565,0.40168262,0.40168262,1e-05,0.0003,-1482.9893,0.006728012275695801,6323.753197431564,1340000,0.0,340000.0,-0.25500221286902075,-51.56312863174397,200.0,1.2849678993225098,0.16852454679189757
-1578.2665,0.08975963,0.4945512,1578.3562,-1578.3562,1.328154,0.49893928,900.0,9.0,20,90.0,70.24715,2212.0676,1564.9734,1005.521,825.713,-283.8499,4053.6792,0.03504772,0.66266817,0.66266817,1e-05,0.0003,-1448.3792,0.006450050354003907,6356.003454446793,1345000,1.0,345000.0,19.964310104974505,2650.421218070909,200.0,1.2004694938659668,92.16405672183846
-1573.5092,0.0933589,0.5087971,1573.6025,-1573.6025,1.1169323,0.502774,900.0,9.0,20,90.0,50.17995,2213.8892,1559.8254,1006.5204,196.16405,-319.58514,2620.6167,0.044321492,0.5615645,0.5615645,1e-05,0.0003,-1472.7885,0.0062998374938964844,6387.502647161484,1350000,0.0,350000.0,-0.22502152768310937,-51.108917165209945,200.0,1.2301628589630127,0.18398926465186544
-1573.9084,0.09777081,0.5450496,1574.0062,-1574.0062,0.7634377,0.5064396,900.0,9.0,20,90.0,37.267693,2214.012,1561.0327,1029.4652,325.78238,-325.38223,3245.8389,0.046161927,0.38663512,0.38663512,1e-05,0.0003,-1501.8436,0.006434377431869507,6419.674539804459,1355000,1.0,355000.0,19.966906046291093,1132.477536279737,200.0,1.3091893196105957,40.48202644340921
-1652.5469,0.09565368,0.5222893,1652.6426,-1652.6426,1.7069521,0.48812112,900.0,9.0,20,90.0,43.450542,2205.532,1639.3274,1132.8744,889.72345,-676.8603,4750.603,0.054790966,0.8331993,0.8331993,1e-05,0.0003,-1534.1084,0.006665119838714599,6453.000143766403,1360000,1.0,360000.0,19.969511912131996,273.8345200863392,200.0,1.2715826034545898,11.247467287100529
-1633.4263,0.09251802,0.48923764,1633.5188,-1633.5188,1.192558,0.50654143,900.0,9.0,20,90.0,53.140774,2199.4785,1620.2405,1152.7764,112.29933,-703.6128,3146.446,0.03317655,0.6040801,0.6040801,1e-05,0.0003,-1525.9183,0.006571323394775391,6485.85676574707,1365000,1.0,365000.0,19.974459504072332,1995.8557294145448,200.0,1.2515513896942139,69.8778060461648
-1633.6321,0.08901967,0.5002466,1633.7211,-1633.7211,1.3088037,0.4974184,900.0,9.0,20,90.0,41.70347,2188.9556,1620.8937,1141.3832,59.646263,-347.12503,2222.4463,0.053158365,0.65102303,0.65102303,1e-05,0.0003,-1533.3365,0.006545939636230469,6518.586469650269,1370000,1.0,370000.0,19.957449410993465,2536.9527986705752,200.0,1.2668278217315674,88.30075246527097
-1638.3376,0.09277065,0.5320684,1638.4304,-1638.4304,1.0572547,0.48175135,900.0,9.0,20,90.0,59.016502,2180.4,1625.1986,1154.288,710.5919,-365.33548,3510.3223,0.04183624,0.50933385,0.50933385,1e-05,0.0003,-1533.4811,0.006501852893829345,6551.095738887787,1375000,1.0,375000.0,19.956983038088907,2069.3234539350356,200.0,1.2750303745269775,72.37919078704986
-1619.8866,0.08262737,0.46724027,1619.9692,-1619.9692,1.2957551,0.4903164,900.0,9.0,20,90.0,57.738266,2167.158,1607.9998,1058.9932,72.84224,-246.35324,2713.2388,0.045776766,0.63532996,0.63532996,1e-05,0.0003,-1504.9686,0.006470379829406739,6583.447643280029,1380000,1.0,380000.0,19.967187410257512,2918.02967093559,200.0,1.2406339645385742,101.27542780208564
-1569.9121,0.09580703,0.51718843,1570.0079,-1570.0079,0.7064866,0.5157553,900.0,9.0,20,90.0,48.831985,2157.4722,1556.5809,1082.3296,333.25726,-1221.9868,4385.965,0.051191468,0.36437422,0.36437422,1e-05,0.0003,-1488.2864,0.006501778745651245,6615.95654296875,1385000,0.0,385000.0,9.955656340573785,1396.285552655608,200.0,1.2524302005767822,49.46400255594973
-1584.1619,0.07744249,0.525001,1584.2393,-1584.2393,0.8514025,0.51362866,900.0,9.0,20,90.0,39.215553,2149.0078,1571.273,1162.756,614.9724,-169.9996,3363.9646,0.035861827,0.43730474,0.43730474,1e-05,0.0003,-1505.5889,0.0064246370315551755,6648.079733848572,1390000,1.0,390000.0,19.968419748249964,3094.9057332655193,200.0,1.2487285137176514,107.29759721358715
-1588.2006,0.08699712,0.51769197,1588.2876,-1588.2876,1.3021423,0.508058,900.0,9.0,20,90.0,46.829525,2140.7124,1575.568,1137.5438,482.1594,-152.53745,3698.144,0.042268746,0.66156375,0.66156375,1e-05,0.0003,-1481.8303,0.006382148551940918,6679.990481138229,1395000,0.0,395000.0,1.833748870752795,209.13541221310376,200.0,1.2370731830596924,9.044631113266826
-1622.8313,0.07796289,0.5067712,1622.9093,-1622.9093,1.0358042,0.5231051,900.0,9.0,20,90.0,37.61908,2135.7473,1609.419,1117.3447,102.896164,-210.845,1757.4371,0.041659325,0.5418344,0.5418344,1e-05,0.0003,-1536.447,0.006471535253524781,6712.348162889481,1400000,0.0,400000.0,9.958137560737551,1459.0322080321946,200.0,1.2490968704223633,51.60036280563721
-1587.3411,0.06416924,0.42750278,1587.4053,-1587.4053,1.315913,0.5043556,900.0,9.0,20,90.0,42.352924,2131.8374,1576.3964,1068.4099,960.53125,-260.08246,3304.9,0.05142827,0.66368806,0.66368806,1e-05,0.0003,-1485.2562,0.010775435495376587,6766.225345611572,1405000,1.0,405000.0,19.96766097273487,1992.076231547909,200.0,1.1999731063842773,69.7491239840278
-1618.4536,0.08224757,0.47760633,1618.5359,-1618.5359,1.1174085,0.5055481,900.0,9.0,20,90.0,31.558743,2127.937,1605.3123,1158.9979,271.53876,-1005.603,3672.5327,0.042226452,0.5649038,0.5649038,1e-05,0.0003,-1536.0536,0.00620293288230896,6797.240016222,1410000,1.0,410000.0,19.973229151151934,3032.1019635258085,200.0,1.2548933029174805,105.15929236853707
-1623.7391,0.07594185,0.49327812,1623.8151,-1623.8151,1.0983573,0.5067997,900.0,9.0,20,90.0,26.45897,2126.4705,1610.9933,1160.643,388.36453,-103.5254,1962.6821,0.028011225,0.5566472,0.5566472,1e-05,0.0003,-1547.1819,0.006492328882217407,6829.701665401459,1415000,1.0,415000.0,19.979439313234323,2838.837504521853,200.0,1.5792150497436523,98.5791407187733
-1598.587,0.08271048,0.51084554,1598.6698,-1598.6698,0.9181538,0.51021284,900.0,9.0,20,90.0,39.05424,2124.5,1586.5067,1134.498,81.17542,-258.67087,2189.3564,0.051789466,0.46845388,0.46845388,1e-05,0.0003,-1517.372,0.006444988775253296,6861.926614046097,1420000,1.0,420000.0,19.961793827361944,2743.633676306997,200.0,1.2511999607086182,95.33769823876207
-1602.6495,0.07995008,0.52967864,1602.7295,-1602.7295,0.7637789,0.48693448,900.0,9.0,20,90.0,40.3518,2124.6907,1589.7561,1225.6904,163.64081,-480.34784,2924.7585,0.0401982,0.37191027,0.37191027,1e-05,0.0003,-1528.8258,0.0065706552505493164,6894.779896020889,1425000,1.0,425000.0,19.976356875015888,2650.8969609885908,200.0,1.2740509510040283,92.18025452955116
-1609.879,0.074879184,0.51041144,1609.9539,-1609.9539,0.707915,0.47633693,900.0,9.0,20,90.0,30.395851,2121.4067,1597.5264,1183.8407,134.87994,-710.06036,2496.2104,0.03821157,0.33720607,0.33720607,1e-05,0.0003,-1549.1346,0.006522535943984985,6927.392580747604,1430000,1.0,430000.0,19.973144484142118,3131.3332514874555,200.0,1.247182846069336,108.53785936711621
-1610.7002,0.077180386,0.5449865,1610.7773,-1610.7773,1.1524438,0.47737122,900.0,9.0,20,90.0,27.40834,2122.1892,1597.9248,1194.8525,150.49898,-815.9136,2740.4473,0.04350203,0.5501434,0.5501434,1e-05,0.0003,-1533.7789,0.00652514591217041,6960.018315553665,1435000,1.0,435000.0,19.969253674899917,2867.785228546321,200.0,1.5587475299835205,99.56473535411497
-1586.4957,0.07290104,0.54618114,1586.5686,-1586.5686,1.3648545,0.4810885,900.0,9.0,20,90.0,22.243423,2121.398,1573.7627,1118.2238,106.13222,-356.44315,2161.3867,0.052723274,0.65661573,0.65661573,1e-05,0.0003,-1505.1569,0.006425126075744629,6992.143951416016,1440000,1.0,440000.0,19.95977773186895,3125.4213940830136,200.0,1.274815559387207,108.33657601448381
-1573.8451,0.08195369,0.544867,1573.927,-1573.927,0.8613359,0.48926735,900.0,9.0,20,90.0,39.24952,2117.8416,1561.2323,1195.16,182.92406,-1182.1287,3341.426,0.036114354,0.42142352,0.42142352,1e-05,0.0003,-1496.6675,0.006527245950698852,7024.780186653137,1445000,1.0,445000.0,19.957022350696402,3069.6978210209486,200.0,1.2636046409606934,106.43933343245493
-1606.3335,0.09366957,0.532154,1606.4271,-1606.4271,0.7517771,0.48800468,900.0,9.0,20,90.0,33.184734,2115.4175,1593.1102,1151.2473,434.11087,-78.13635,2152.4443,0.035013817,0.36687073,0.36687073,1e-05,0.0003,-1540.1305,0.0065245036125183105,7057.402709722519,1450000,1.0,450000.0,19.96439339254627,3027.438387212971,200.0,1.26597261428833,105.00050973707513
-1621.9736,0.07249202,0.485362,1622.0461,-1622.0461,1.3039522,0.47979328,900.0,9.0,20,90.0,38.752785,2115.6177,1609.2605,1198.891,247.473,-585.9259,3403.2966,0.030836405,0.6256275,0.6256275,1e-05,0.0003,-1526.9143,0.006459942388534546,7089.702426671982,1455000,1.0,455000.0,19.94370685229196,3153.9606065675052,200.0,1.5483455657958984,109.30826189548142
-1631.158,0.07838698,0.57998717,1631.2363,-1631.2363,0.77641046,0.46821925,900.0,9.0,20,90.0,36.105515,2115.226,1617.3586,1185.1061,1290.6327,-397.52835,4266.451,0.05079579,0.36353034,0.36353034,1e-05,0.0003,-1562.3347,0.0064519811630249025,7121.962337732315,1460000,1.0,460000.0,19.93800519922622,2804.6066411190186,200.0,1.262817144393921,97.4136689426699
-1619.1733,0.07466628,0.5267334,1619.248,-1619.248,1.4084475,0.4765229,900.0,9.0,20,90.0,20.877165,2116.8528,1607.1892,1210.7664,491.6667,-102.939926,1942.6865,0.044360805,0.6711575,0.6711575,1e-05,0.0003,-1537.892,0.006523100280761719,7154.577844142914,1465000,1.0,465000.0,19.95830982607018,2512.8255336065326,200.0,1.2544078826904297,87.47928190708522
-1618.3739,0.075429425,0.5757743,1618.4493,-1618.4493,0.5455864,0.47872654,900.0,9.0,20,90.0,24.546055,2118.8547,1605.4651,1079.4985,139.17685,-134.9379,1560.1843,0.041791614,0.2611867,0.2611867,1e-05,0.0003,-1570.321,0.006551656198501587,7187.3361303806305,1470000,1.0,470000.0,19.952828398011903,2559.097149908628,200.0,1.260404109954834,89.05470997035492
-1622.3992,0.08694364,0.5882282,1622.4861,-1622.4861,1.0146269,0.46379396,900.0,9.0,20,90.0,49.05124,2118.9001,1608.7786,1217.3572,217.04898,-178.64154,2945.8232,0.059754103,0.47057784,0.47057784,1e-05,0.0003,-1530.9958,0.006507090854644775,7219.871590137482,1475000,1.0,475000.0,19.951197683259817,3048.309326602286,200.0,1.241210699081421,105.71111088413812
-1648.4252,0.07731445,0.51984257,1648.5024,-1648.5024,1.2276185,0.45154306,900.0,9.0,20,90.0,34.534042,2116.6677,1636.5269,1203.5948,241.18484,-442.30017,2551.461,0.03529322,0.5543226,0.5543226,1e-05,0.0003,-1564.0021,0.0064451555728912355,7252.097373485565,1480000,0.0,480000.0,9.935766091138614,1360.9895301539666,200.0,1.2243993282318115,48.26226488575802
-1636.2972,0.0867562,0.54673755,1636.384,-1636.384,1.1498885,0.4439972,900.0,9.0,20,90.0,37.520386,2113.876,1623.7234,1215.122,81.60746,-339.2163,1929.3717,0.042399954,0.5105473,0.5105473,1e-05,0.0003,-1552.8276,0.006410973215103149,7284.152245521545,1485000,1.0,485000.0,19.965190249801935,2504.20438027388,200.0,1.294135332107544,87.18575408196368
-1649.9705,0.08067045,0.54230857,1650.0511,-1650.0511,0.9441651,0.45329782,900.0,9.0,20,90.0,29.513126,2111.91,1638.2068,1203.1394,194.51791,-331.7673,2207.3308,0.029258298,0.427988,0.427988,1e-05,0.0003,-1581.9384,0.006441369342803955,7316.3590977191925,1490000,1.0,490000.0,19.948879992672367,2764.873347930938,200.0,1.2442102432250977,96.06085375839052
-1639.9597,0.08793436,0.5622124,1640.0476,-1640.0476,1.2567989,0.48587638,900.0,9.0,20,90.0,40.69754,2109.748,1627.3292,1229.8965,289.2675,-77.6473,2461.282,0.03895544,0.6106489,0.6106489,1e-05,0.0003,-1544.3038,0.006504194641113281,7348.880076646805,1495000,1.0,495000.0,19.948781017442883,2815.152545878265,200.0,1.2684698104858398,97.77272954262423
-1634.1746,0.093646094,0.55362666,1634.2682,-1634.2682,1.1830238,0.5069852,900.0,9.0,20,90.0,28.511593,2107.4272,1621.4204,1208.3558,223.32683,-331.03275,2317.4663,0.044725325,0.59977555,0.59977555,1e-05,0.0003,-1551.6831,0.006463262844085694,7381.196396350861,1500000,1.0,500000.0,19.960545711584036,2602.4218174474104,200.0,1.240063190460205,90.52980210084827
-1658.2985,0.072594404,0.51642966,1658.3711,-1658.3711,0.8638699,0.513181,900.0,9.0,20,90.0,15.680733,2106.8186,1646.6649,1239.0642,130.80405,-92.86893,1706.0621,0.03982155,0.4433216,0.4433216,1e-05,0.0003,-1602.7188,0.0108434588432312,7435.413696050644,1505000,0.0,505000.0,1.9339855390894511,311.73566416356243,200.0,1.1983463764190674,12.537902564300518
-1631.9675,0.09128265,0.5818746,1632.0588,-1632.0588,1.0353796,0.53691167,900.0,9.0,20,90.0,31.709572,2105.1638,1618.4669,1225.5154,53.386414,-62.634384,1761.1556,0.04883213,0.5559074,0.5559074,1e-05,0.0003,-1550.2263,0.006426185703277588,7467.544630289078,1510000,1.0,510000.0,19.958327060158126,3012.7430164673497,200.0,1.2555017471313477,104.50017062374796
-1634.8079,0.09156679,0.5367906,1634.8994,-1634.8994,1.1522161,0.5607531,900.0,9.0,20,90.0,32.082016,2110.864,1621.9238,1239.9922,661.3601,-187.12112,2665.2163,0.043079577,0.64610875,0.64610875,1e-05,0.0003,-1544.576,0.006450829267501831,7499.798782348633,1515000,1.0,515000.0,19.94841079415393,2853.746598084754,200.0,1.2318756580352783,99.08675653758455
-1639.222,0.068312384,0.48299998,1639.2904,-1639.2904,0.82803285,0.5579812,900.0,9.0,20,90.0,26.392742,2104.4531,1627.986,1216.8135,369.46124,-306.9369,2470.452,0.03755235,0.46202677,0.46202677,1e-05,0.0003,-1571.247,0.006230897092819214,7530.953273534775,1520000,1.0,520000.0,19.958238361073725,2751.9565951113104,200.0,1.2062644958496094,95.62107195467085
-1643.2604,0.07788525,0.55184627,1643.3383,-1643.3383,0.4963929,0.5615353,900.0,9.0,20,90.0,32.118263,2115.275,1631.1072,1246.6516,421.34027,-76.89477,1973.5518,0.040014703,0.27874213,0.27874213,1e-05,0.0003,-1586.0553,0.006276124382019043,7562.33390045166,1525000,1.0,525000.0,19.95046958414244,2848.0865386651353,200.0,1.2029435634613037,98.89404625075937
-1645.6034,0.08008325,0.5244385,1645.6835,-1645.6835,0.8819019,0.5629673,900.0,9.0,20,90.0,45.19593,2126.8623,1635.0781,1245.7728,158.39146,-107.35144,1884.7046,0.044174206,0.49648196,0.49648196,1e-05,0.0003,-1555.7241,0.006218123769760132,7593.42452454567,1530000,1.0,530000.0,19.96190022687482,2500.532038728738,200.0,1.1976854801177979,87.06072041358358
-1652.1047,0.082710266,0.564456,1652.1875,-1652.1875,0.89481884,0.5435797,900.0,9.0,20,90.0,28.351131,2137.2478,1638.8616,1199.1425,856.3574,-103.91618,2744.1494,0.051365487,0.48640537,0.48640537,1e-05,0.0003,-1579.9772,0.006388193082809448,7625.365495443344,1535000,1.0,535000.0,19.952211148542027,2747.924830609318,200.0,1.2219319343566895,95.48380087039612
-1671.2651,0.072854824,0.4664742,1671.338,-1671.338,0.5920926,0.5305638,900.0,9.0,20,90.0,25.18789,2146.275,1659.7952,1212.128,408.02216,-111.39574,2366.9932,0.031353764,0.31414288,0.31414288,1e-05,0.0003,-1617.8044,0.00627194881439209,7656.7252452373505,1540000,1.0,540000.0,19.943529741117143,1037.8831415985853,200.0,1.5510616302490234,37.261333588512144
-1660.6544,0.08234322,0.50902,1660.7368,-1660.7368,0.7905173,0.51387054,900.0,9.0,20,90.0,33.93338,2143.1895,1648.8982,1153.655,65.644135,-170.52861,1780.31,0.045293298,0.40622354,0.40622354,1e-05,0.0003,-1590.1609,0.006210628271102905,7687.778395652771,1545000,1.0,545000.0,19.958508248966247,2778.7107310145498,200.0,1.227414608001709,96.53198062566504
-1675.7388,0.079819776,0.56283826,1675.8186,-1675.8186,1.2428107,0.49107337,900.0,9.0,20,90.0,22.713182,2141.6914,1663.5615,1245.0468,152.49628,-645.2173,2555.0999,0.03821833,0.6103112,0.6103112,1e-05,0.0003,-1598.0977,0.006324266910552979,7719.399735689163,1550000,1.0,550000.0,19.956422333170636,2846.9152028446365,200.0,1.2447428703308105,98.85416531573694
-1650.9004,0.083104126,0.56567514,1650.9835,-1650.9835,0.6538007,0.5001138,900.0,9.0,20,90.0,42.08293,2138.5657,1638.6047,1266.2467,37.18202,-343.5683,1906.9618,0.044313394,0.32697478,0.32697478,1e-05,0.0003,-1579.3898,0.006489147996902466,7751.8454802036285,1555000,1.0,555000.0,19.950746982060608,1530.9970937617966,200.0,1.2582330703735352,54.05057979845227
-1694.9866,0.07573503,0.51202077,1695.0623,-1695.0623,0.9067777,0.50214595,900.0,9.0,20,90.0,29.682028,2130.8906,1683.6722,1220.0043,135.68721,-362.23846,2154.2588,0.04115024,0.45533475,0.45533475,1e-05,0.0003,-1624.3245,0.006421783590316772,7783.954403877258,1560000,1.0,560000.0,19.97347648887404,3269.2167799465906,200.0,1.6328697204589844,113.23243452046637
-1683.5897,0.06589064,0.45754302,1683.6556,-1683.6556,1.4351178,0.51048976,900.0,9.0,20,90.0,29.056406,2137.8809,1672.2933,1220.1533,65.97143,-185.96313,2080.9963,0.033595752,0.73261297,0.73261297,1e-05,0.0003,-1588.5981,0.006377810859680175,7815.843464136124,1565000,1.0,565000.0,19.960112336202407,3242.3439537557806,200.0,1.230187177658081,112.31748475419994
-1676.2742,0.0801388,0.51725435,1676.3542,-1676.3542,1.2122827,0.5043606,900.0,9.0,20,90.0,37.18134,2133.3599,1665.0046,1225.7446,235.06963,-919.72797,3105.8828,0.048684184,0.6114276,0.6114276,1e-05,0.0003,-1584.0643,0.006432221269607544,7848.00457572937,1570000,1.0,570000.0,19.947278580036457,2782.7667843821137,200.0,1.2053351402282715,96.6700786825745
-1687.7251,0.08453209,0.547609,1687.8096,-1687.8096,1.0892588,0.5069224,900.0,9.0,20,90.0,22.05001,2123.2876,1675.7874,1267.2216,144.78903,-35.083054,1662.7861,0.03315403,0.5521697,0.5521697,1e-05,0.0003,-1615.9797,0.006413930130004883,7880.074232578278,1575000,0.0,575000.0,1.9272481294200448,254.34785805064456,200.0,1.2349252700805664,10.583997179852613
-1690.5607,0.078721166,0.50014806,1690.6394,-1690.6394,0.88918555,0.52102417,900.0,9.0,20,90.0,26.299658,2130.7727,1679.0754,1226.826,245.2731,-137.20819,2087.48,0.04540767,0.46328717,0.46328717,1e-05,0.0003,-1622.5652,0.006416244649887085,7912.15546131134,1580000,1.0,580000.0,19.952958997440902,2754.7147236658543,200.0,1.5687718391418457,95.71497905094701
-1679.8217,0.084636554,0.4906665,1679.9062,-1679.9062,0.910489,0.5279859,900.0,9.0,20,90.0,43.731815,2122.4985,1668.2094,1248.026,100.960365,-213.74323,2710.7073,0.04359355,0.48072535,0.48072535,1e-05,0.0003,-1592.8246,0.006386855363845825,7944.08974313736,1585000,1.0,585000.0,19.946433247855744,2662.6589382521965,200.0,1.2333199977874756,92.58071923213788
-1672.9976,0.087383814,0.5454242,1673.085,-1673.085,0.6575471,0.5431866,900.0,9.0,20,90.0,22.38839,2112.266,1660.7417,1264.4928,97.695755,-56.748596,1414.2166,0.03308717,0.3571708,0.3571708,1e-05,0.0003,-1618.4637,0.006552991580963135,7976.85470700264,1590000,1.0,590000.0,19.97324138299028,3034.955809989888,200.0,1.2507719993591309,105.25645841042378
-1660.947,0.08396977,0.53867877,1661.031,-1661.031,0.9720836,0.5458717,900.0,9.0,20,90.0,38.007893,2119.198,1650.1196,1224.9137,148.45213,-155.5238,2113.082,0.051836986,0.5306329,0.5306329,1e-05,0.0003,-1575.1821,0.006402497482299804,8008.867199897766,1595000,0.0,595000.0,9.960916763763485,1738.3363477249918,200.0,1.2185924053192139,61.10994157173509
-1650.6534,0.09138287,0.56281817,1650.7449,-1650.7449,0.8732812,0.5584046,900.0,9.0,20,90.0,21.621056,2111.7717,1637.7341,1193.1881,988.5681,-231.37032,3310.52,0.029684799,0.48764426,0.48764426,1e-05,0.0003,-1585.1444,0.006369963836669922,8040.717023611069,1600000,1.0,600000.0,19.965273257516586,3028.7268623050945,200.0,1.1912777423858643,105.04437895931503
-1646.309,0.087302394,0.51728344,1646.3962,-1646.3962,0.8081219,0.53919214,900.0,9.0,20,90.0,32.346222,2116.9822,1634.7559,1227.09,247.9111,-59.86691,1812.616,0.03661217,0.435733,0.435733,1e-05,0.0003,-1574.7468,0.010875499820709228,8095.094528198242,1605000,1.0,605000.0,19.947398885480133,3274.1380008141273,200.0,1.2019133567810059,113.39998927821782
-1665.2411,0.07947916,0.49733028,1665.3206,-1665.3206,0.97815025,0.52901715,900.0,9.0,20,90.0,23.652355,2120.7913,1653.3851,1241.857,70.56628,-131.25732,1560.1702,0.046888072,0.51745826,0.51745826,1e-05,0.0003,-1595.0175,0.0063645201683044435,8126.917134284973,1610000,1.0,610000.0,19.937539512650417,3089.517541982019,200.0,1.2576732635498047,107.11414332896658
-1656.9174,0.0836062,0.52133113,1657.001,-1657.001,1.0340923,0.5253674,900.0,9.0,20,90.0,32.6197,2126.3389,1645.1857,1241.6821,138.83354,-296.23282,2168.6055,0.046525642,0.54327834,0.54327834,1e-05,0.0003,-1575.4026,0.006565379619598389,8159.744037628174,1615000,1.0,615000.0,19.960416605308467,3217.751123840167,200.0,1.2890112400054932,111.48016292495318
-1706.6289,0.0871727,0.52687705,1706.7161,-1706.7161,0.9464384,0.5125898,900.0,9.0,20,90.0,20.110296,2138.839,1694.5095,1261.103,149.711,-384.19162,2108.1287,0.04064196,0.48513466,0.48513466,1e-05,0.0003,-1642.8564,0.006606259346008301,8192.77534031868,1620000,0.0,620000.0,9.961246675318568,1944.8606542903365,200.0,1.2424235343933105,68.14155650790119
-1674.2717,0.08028108,0.49021995,1674.352,-1674.352,0.9572276,0.5063156,900.0,9.0,20,90.0,28.763077,2134.9312,1662.2534,1275.8795,100.52859,-71.48318,1876.2401,0.051758774,0.48465925,0.48465925,1e-05,0.0003,-1601.8893,0.00646440954208374,8225.0973944664,1625000,1.0,625000.0,19.96726330644011,3181.7019914876214,200.0,1.2368102073669434,110.2527838251193
-1698.9867,0.07704679,0.50133467,1699.0637,-1699.0637,0.9872207,0.49943858,900.0,9.0,20,90.0,27.08252,2141.811,1687.8499,1267.3555,58.63587,-78.63473,1491.0162,0.027893702,0.49305615,0.49305615,1e-05,0.0003,-1627.5292,0.0065513460636138915,8257.854130029678,1630000,1.0,630000.0,19.982355704663206,2955.5279764487573,200.0,1.2574830055236816,102.55214747500165
-1671.8372,0.08052064,0.5417332,1671.9177,-1671.9177,1.1500556,0.48722824,900.0,9.0,20,90.0,34.729294,2144.2517,1659.1694,1275.6823,664.6238,-150.68874,2980.894,0.036684573,0.5603396,0.5603396,1e-05,0.0003,-1586.6774,0.006572482490539551,8290.716547966003,1635000,1.0,635000.0,19.968391931196155,3007.1840728858992,200.0,1.2572243213653564,104.31090306794934
-1722.4866,0.0792875,0.4808298,1722.5659,-1722.5659,0.99562097,0.48051545,900.0,9.0,20,90.0,31.33656,2142.093,1711.2838,1299.4111,1185.6362,-283.91144,3644.4348,0.04037159,0.47841126,0.47841126,1e-05,0.0003,-1648.093,0.006604104232788086,8323.737073659897,1640000,1.0,640000.0,19.971306666929667,3041.4607020430467,200.0,1.2557051181793213,105.47793304883231
-1719.5802,0.09424868,0.5128186,1719.6744,-1719.6744,0.83378094,0.48243925,900.0,9.0,20,90.0,35.187897,2139.4072,1707.7511,1279.6642,209.34131,-195.99469,1991.871,0.048686896,0.40224868,0.40224868,1e-05,0.0003,-1648.19,0.00652761173248291,8356.375137329102,1645000,0.0,645000.0,9.951205259609475,1920.182711114881,200.0,1.2417657375335693,67.30133679375588
-1673.1791,0.07736224,0.49575385,1673.2565,-1673.2565,0.73921716,0.4832707,900.0,9.0,20,90.0,25.533325,2136.0056,1661.1019,1296.7142,29.51639,-85.106,1482.8713,0.04566159,0.357242,0.357242,1e-05,0.0003,-1615.494,0.006482110738754272,8388.785696268082,1650000,1.0,650000.0,19.971920742355138,2135.6525280965343,200.0,1.2709476947784424,74.63752306925264
-1699.5948,0.08415176,0.5402441,1699.679,-1699.679,1.5966263,0.46146423,900.0,9.0,20,90.0,27.831272,2129.5906,1687.4794,1285.4912,372.91693,-86.682816,1921.1682,0.043011773,0.7367859,0.7367859,1e-05,0.0003,-1605.4529,0.00639588851928711,8420.765144109726,1655000,0.0,655000.0,9.966797929314668,1093.0762963772386,200.0,1.2379629611968994,39.14051680897685
-1691.7317,0.07960827,0.5179488,1691.8113,-1691.8113,0.8645411,0.459409,900.0,9.0,20,90.0,31.921124,2128.0454,1680.3228,1258.3757,115.78627,-421.53937,1854.3179,0.034687158,0.39717796,0.39717796,1e-05,0.0003,-1624.0646,0.0064295333385467526,8452.912816524506,1660000,1.0,660000.0,19.973283012770402,2091.3531080791727,200.0,1.2435946464538574,73.12924315470893
-1691.297,0.07780634,0.489672,1691.3748,-1691.3748,0.8290882,0.46495914,900.0,9.0,20,90.0,38.856106,2128.4182,1679.9465,1282.0283,266.90463,-1087.699,3121.4644,0.05536748,0.38549215,0.38549215,1e-05,0.0003,-1617.7466,0.0064117987155914305,8484.971815824509,1665000,1.0,665000.0,19.973874002940498,3152.224179603084,200.0,1.5337800979614258,109.24914107826795
-1696.2328,0.069364205,0.4769262,1696.3021,-1696.3021,0.94305027,0.461827,900.0,9.0,20,90.0,26.297787,2127.6868,1684.4905,1262.5338,414.6112,-91.90336,2158.1357,0.05444814,0.43552607,0.43552607,1e-05,0.0003,-1630.7377,0.006313294553756714,8516.538293838501,1670000,1.0,670000.0,19.968971648693426,3068.7815797919666,200.0,1.2327401638031006,106.40813780411466
-1699.7092,0.08722907,0.48853877,1699.7965,-1699.7965,1.2810123,0.45023772,900.0,9.0,20,90.0,24.797083,2127.01,1689.2124,1199.3109,158.0097,-134.90439,2194.2852,0.026679683,0.57676,0.57676,1e-05,0.0003,-1623.0037,0.0064632023811340335,8548.854311466217,1675000,1.0,675000.0,19.97391898559896,3228.6568102689,200.0,1.2545621395111084,111.85147315403341
-1685.8245,0.08501648,0.48574784,1685.9094,-1685.9094,1.1162372,0.4524098,900.0,9.0,20,90.0,25.653652,2133.7905,1675.0104,1296.5543,48.213432,-102.54609,1602.1495,0.03464164,0.50499666,0.50499666,1e-05,0.0003,-1614.7211,0.00650057168006897,8581.357175588608,1680000,1.0,680000.0,19.974662886199763,3283.6024346171616,200.0,1.2502524852752686,113.72222860780836
-1727.2256,0.08635336,0.4968961,1727.3119,-1727.3119,1.1158091,0.45252943,900.0,9.0,20,90.0,26.669535,2132.1519,1715.7834,1304.976,124.314644,-69.667404,1795.9208,0.049589645,0.50493646,0.50493646,1e-05,0.0003,-1655.1117,0.006501393842697143,8613.864151000977,1685000,0.0,685000.0,1.9181029127065372,1104.9771329609232,200.0,1.5333251953125,39.545709309881005
-1692.3276,0.092242554,0.53547144,1692.4199,-1692.4199,1.1819391,0.46976247,900.0,9.0,20,90.0,23.806011,2135.852,1680.6674,1281.4819,238.99501,-112.57904,1808.6702,0.03387093,0.5552307,0.5552307,1e-05,0.0003,-1618.5509,0.006384562826156616,8645.786971092224,1690000,1.0,690000.0,19.970934160877093,2983.659433284525,200.0,1.2375247478485107,103.50995033778435
-1690.3279,0.07598284,0.5242909,1690.4038,-1690.4038,0.9146691,0.48999903,900.0,9.0,20,90.0,38.45842,2140.404,1678.008,1278.7252,176.33246,-513.85034,2524.5576,0.040055744,0.44818696,0.44818696,1e-05,0.0003,-1611.5327,0.006410620260238647,8677.840077400208,1695000,1.0,695000.0,19.969212605265852,2135.530074502364,200.0,1.2554800510406494,74.63335384318877
-1706.9645,0.08921352,0.50776094,1707.0537,-1707.0537,1.0262895,0.4951131,900.0,9.0,20,90.0,31.096909,2138.6567,1695.5581,1290.759,68.60037,-145.83344,1691.2439,0.030748203,0.50812936,0.50812936,1e-05,0.0003,-1630.1359,0.006310935974121094,8709.394762992859,1700000,1.0,700000.0,19.96455853643111,2978.922449061497,200.0,1.2016324996948242,103.34866835810371
-1673.6022,0.09064726,0.5698618,1673.6929,-1673.6929,1.2427912,0.48258352,900.0,9.0,20,90.0,26.386145,2134.8123,1661.1628,1220.6064,245.18234,-196.9429,2197.129,0.049933232,0.5997506,0.5997506,1e-05,0.0003,-1593.2385,0.011203784608840943,8765.413691282272,1705000,1.0,705000.0,19.971260801661955,3238.3184684845696,200.0,1.5661215782165527,112.18042746138485
-1715.6514,0.08180088,0.49938205,1715.7332,-1715.7332,1.3959136,0.480868,900.0,9.0,20,90.0,32.592808,2140.9358,1704.4941,1280.2384,75.92936,-255.15427,2253.8481,0.033338245,0.6712502,0.6712502,1e-05,0.0003,-1622.6461,0.006464271545410156,8797.735054731369,1710000,1.0,710000.0,19.96275962538746,3240.021637762279,200.0,1.2555255889892578,112.23841594095478
-1734.616,0.08280952,0.49254024,1734.6987,-1734.6987,0.9164427,0.48422837,900.0,9.0,20,90.0,32.57352,2138.537,1723.4425,1322.97,137.29073,-38.801414,1725.5719,0.04983527,0.44376758,0.44376758,1e-05,0.0003,-1662.1034,0.006633833074569702,8830.904225349426,1715000,1.0,715000.0,19.97124591262898,2285.7989268323176,200.0,1.2770609855651855,79.74961702816898
-1731.5172,0.08280327,0.53557277,1731.6,-1731.6,1.1397535,0.4855771,900.0,9.0,20,90.0,31.455992,2139.1414,1719.2935,1283.4417,140.08597,-453.76852,2277.1372,0.02736442,0.5534382,0.5534382,1e-05,0.0003,-1650.2518,0.006521743869781494,8863.51295042038,1720000,1.0,720000.0,19.981548204937486,3175.645397101078,200.0,1.232300043106079,110.04657255508047
-1706.926,0.08222993,0.5072986,1707.0083,-1707.0083,0.8042749,0.49808168,900.0,9.0,20,90.0,32.00725,2135.7085,1695.4789,1312.5475,138.58702,-574.65967,2498.0317,0.03667722,0.4005946,0.4005946,1e-05,0.0003,-1638.8654,0.0064414710521697996,8895.720310688019,1725000,1.0,725000.0,19.975563214749688,3261.1055871565213,200.0,1.545516014099121,112.95626952409714
-1701.4839,0.074906886,0.4923833,1701.5588,-1701.5588,0.95217395,0.47759342,900.0,9.0,20,90.0,30.971935,2134.3088,1689.8723,1279.9908,643.13025,-497.45288,3504.7573,0.03874603,0.454752,0.454752,1e-05,0.0003,-1629.5842,0.00646575231552124,8928.04907822609,1730000,1.0,730000.0,19.97495166663753,3206.3885346081884,200.0,1.288266658782959,111.093296345005
-1702.8296,0.08365218,0.5167453,1702.9132,-1702.9132,1.2929468,0.4757876,900.0,9.0,20,90.0,25.743263,2136.492,1691.4255,1238.0059,254.31512,-102.10155,2239.3691,0.041492797,0.61516804,0.61516804,1e-05,0.0003,-1621.7212,0.006601384496688843,8961.056005477905,1735000,1.0,735000.0,19.974067945987283,3200.904989797388,200.0,1.2751743793487549,110.90659592104033
-1708.1917,0.06965744,0.51600903,1708.2614,-1708.2614,0.8159943,0.46384335,900.0,9.0,20,90.0,44.6388,2130.2917,1697.2672,1249.9907,66.29567,-92.93664,2173.9878,0.044274576,0.37849355,0.37849355,1e-05,0.0003,-1629.4884,0.006424274158477784,8993.177382469177,1740000,0.0,740000.0,9.961292098381913,1906.4264469662264,200.0,1.2162208557128906,66.83297181501707
-1728.9796,0.07280311,0.5092078,1729.0524,-1729.0524,0.7857995,0.47203097,900.0,9.0,20,90.0,26.01997,2133.7935,1718.2993,1246.7804,301.92346,-120.72835,1878.1003,0.03930068,0.3709217,0.3709217,1e-05,0.0003,-1669.5767,0.006524974060058594,9025.80225777626,1745000,1.0,745000.0,19.975545298918426,2853.9907713330776,200.0,1.5587422847747803,99.09507000096556
-1711.2708,0.07842851,0.52644384,1711.3491,-1711.3491,0.9078909,0.47298002,900.0,9.0,20,90.0,25.604069,2132.4011,1699.1544,1273.1409,50.696457,-59.363754,1576.6774,0.054067027,0.42941427,0.42941427,1e-05,0.0003,-1647.0193,0.006397470235824585,9057.78961443901,1750000,1.0,750000.0,19.95810564235861,3203.354178002517,200.0,1.249281883239746,110.98998440276955
-1677.1469,0.079464,0.5368635,1677.2263,-1677.2263,0.8243879,0.47957698,900.0,9.0,20,90.0,30.264668,2130.546,1665.4324,1251.7004,72.80929,-56.990196,1603.3416,0.038926568,0.39535746,0.39535746,1e-05,0.0003,-1611.3,0.0064326120853424075,9089.95268034935,1755000,1.0,755000.0,19.94353211886748,2851.1520355840894,200.0,1.2196757793426514,98.9984184395858
-1705.2932,0.0835875,0.54946744,1705.3768,-1705.3768,1.343376,0.47593275,900.0,9.0,20,90.0,27.395014,2132.0212,1692.844,1325.0706,132.74832,-28.658833,1758.5198,0.042984907,0.6393567,0.6393567,1e-05,0.0003,-1620.3561,0.006442653036117554,9122.165950536728,1760000,1.0,760000.0,19.976562631398945,1956.1621443181125,200.0,1.2498927116394043,68.52634281902287
-1720.3652,0.07393919,0.5201169,1720.4392,-1720.4392,1.0679301,0.4829281,900.0,9.0,20,90.0,31.009562,2129.9365,1709.3444,1299.3187,221.32361,-87.67648,2198.171,0.043382876,0.5157335,0.5157335,1e-05,0.0003,-1642.9397,0.006332861995697022,9153.830266237259,1765000,0.0,765000.0,9.95341700459124,2057.228342213065,200.0,1.2124364376068115,71.96738372349776
-1678.7894,0.07969324,0.55978,1678.8691,-1678.8691,0.790233,0.4993744,900.0,9.0,20,90.0,39.15201,2126.231,1666.9009,1286.815,249.60973,-82.15758,1987.042,0.037553143,0.39462215,0.39462215,1e-05,0.0003,-1604.1215,0.006428643417358398,9185.97348856926,1770000,1.0,770000.0,19.97355626933062,2868.9041550433626,200.0,1.2830531597137451,99.60283188812552
-1712.3783,0.08431589,0.5453355,1712.4626,-1712.4626,0.8018177,0.48642188,900.0,9.0,20,90.0,22.785711,2121.8784,1700.8157,1239.5898,493.99194,-116.65064,2193.12,0.061331496,0.39002168,0.39002168,1e-05,0.0003,-1654.4906,0.006524903917312622,9218.598012924194,1775000,1.0,775000.0,19.973016299146956,3229.708059656368,200.0,1.2645249366760254,111.8872654586657
-1690.7998,0.08052751,0.52216136,1690.8804,-1690.8804,0.86008203,0.5038254,900.0,9.0,20,90.0,35.62075,2124.5508,1678.8458,1251.4297,359.67746,-137.23233,2569.2349,0.056069113,0.4333312,0.4333312,1e-05,0.0003,-1616.1793,0.0066855720043182375,9252.025878667831,1780000,1.0,780000.0,19.96705276548053,3228.1990654961805,200.0,1.3536934852600098,111.8358881362971
-1716.9949,0.0741627,0.4716638,1717.0691,-1717.0691,0.63163257,0.50360984,900.0,9.0,20,90.0,21.794802,2121.4246,1706.2437,1298.2557,265.4328,-38.79934,1824.858,0.047928292,0.31809637,0.31809637,1e-05,0.0003,-1666.5714,0.0066739718914031985,9285.395743131638,1785000,1.0,785000.0,19.971301984601062,2703.272198159135,200.0,1.2668156623840332,93.96349499213136
-1732.3373,0.08245736,0.49104232,1732.4197,-1732.4197,1.0255407,0.509057,900.0,9.0,20,90.0,25.940847,2123.5918,1721.7083,1270.5498,152.12335,-360.99515,2264.504,0.028793162,0.52205867,0.52205867,1e-05,0.0003,-1659.4113,0.00661738166809082,9318.482659101486,1790000,1.0,790000.0,19.962642117784892,2699.5805229629063,200.0,1.338090181350708,93.83780306326847
-1726.6719,0.07902782,0.47375646,1726.7509,-1726.7509,1.0943289,0.5154545,900.0,9.0,20,90.0,33.345703,2121.9187,1715.5728,1282.2997,190.92949,-36.847572,1837.531,0.037377186,0.5640767,0.5640767,1e-05,0.0003,-1642.5593,0.0066765140056610104,9351.865235090256,1795000,1.0,795000.0,19.95070826434923,2925.351988365444,200.0,1.2697515487670898,101.52473364633903
-1722.2781,0.071733356,0.46264368,1722.3499,-1722.3499,0.86144745,0.5152759,900.0,9.0,20,90.0,25.774254,2121.7212,1711.7034,1299.9109,96.27669,-395.89648,2091.1343,0.05642907,0.4438831,0.4438831,1e-05,0.0003,-1656.5543,0.006259161472320557,9383.161047697067,1800000,1.0,800000.0,19.968766660116465,2566.527558226646,200.0,1.2424917221069336,89.30769602792707
-1688.3875,0.0792526,0.50208515,1688.4667,-1688.4667,0.6602872,0.49209452,900.0,9.0,20,90.0,24.139816,2119.2961,1676.6597,1305.9174,48.497112,-171.35873,1662.4312,0.044470277,0.3249237,0.3249237,1e-05,0.0003,-1635.0045,0.01099642333984375,9438.143169879913,1805000,1.0,805000.0,19.977575201828323,3125.6257133776835,200.0,1.3036773204803467,108.34353255450584
-1736.7776,0.080728255,0.46580723,1736.8583,-1736.8583,1.3027675,0.48425847,900.0,9.0,20,90.0,35.975677,2115.0254,1725.9694,1274.5126,98.926216,-121.50244,2188.0095,0.02884663,0.6308762,0.6308762,1e-05,0.0003,-1644.0231,0.006633253479003906,9471.309444189072,1810000,0.0,810000.0,1.8884404688520438,2966.768265088219,200.0,1.2955601215362549,102.93485003819387
-1728.8695,0.081422284,0.5096409,1728.9509,-1728.9509,0.69784856,0.52062505,900.0,9.0,20,90.0,21.399923,2116.4414,1717.7507,1247.3431,28.75193,-56.441772,1412.4816,0.038560636,0.36331743,0.36331743,1e-05,0.0003,-1674.771,0.00673191590309143,9504.969029188156,1815000,1.0,815000.0,19.967478285670175,3255.5450827397626,200.0,1.2955567836761475,112.76694882592003
-1736.1133,0.07307407,0.47608748,1736.1864,-1736.1864,1.1416688,0.48954007,900.0,9.0,20,90.0,36.05262,2114.3188,1725.8872,1290.064,822.07715,-189.46036,3088.1543,0.029980155,0.5588926,0.5588926,1e-05,0.0003,-1649.7604,0.006583839988708496,9537.888234376907,1820000,1.0,820000.0,19.951702856036796,3286.1406351976266,200.0,1.2400529384613037,113.80864772916703
-1707.7917,0.081024736,0.51034147,1707.8728,-1707.8728,0.82985836,0.49954343,900.0,9.0,20,90.0,25.36215,2112.986,1695.968,1318.2633,125.87736,-77.87295,1804.3005,0.05302436,0.4145503,0.4145503,1e-05,0.0003,-1645.12,0.006488380670547486,9570.330144166946,1825000,0.0,825000.0,1.887054135531464,939.6578096083974,200.0,1.270491361618042,33.917016771675165
-1729.038,0.0836401,0.47647315,1729.1216,-1729.1216,0.6951836,0.49408275,900.0,9.0,20,90.0,31.017405,2112.4941,1718.1091,1282.8269,31.064001,-144.96799,1707.366,0.03629516,0.3434782,0.3434782,1e-05,0.0003,-1667.1074,0.006578168535232544,9603.220992565155,1830000,1.0,830000.0,19.968177516033354,3270.0920278401463,200.0,1.2873117923736572,113.26223443246475
-1713.8615,0.09108305,0.52180475,1713.9525,-1713.9525,0.78385097,0.49062902,900.0,9.0,20,90.0,36.331062,2112.9834,1702.3148,1238.4352,523.0822,-111.75641,2535.0745,0.049024884,0.38458002,0.38458002,1e-05,0.0003,-1642.9182,0.006623360061645508,9636.33779835701,1835000,0.0,835000.0,9.949557196240018,1765.1225925799624,200.0,1.2432866096496582,62.02194346893754
-1689.983,0.083656296,0.5330788,1690.0667,-1690.0667,0.5416176,0.49493393,900.0,9.0,20,90.0,32.355347,2111.5786,1678.4136,1270.8992,100.5432,-62.932076,1917.3091,0.055868365,0.26806492,0.26806492,1e-05,0.0003,-1633.5018,0.006552751588821411,9669.101561069489,1840000,1.0,840000.0,19.97079523319888,3265.8536903091904,200.0,1.2372286319732666,113.11793007438304
-1708.763,0.088976935,0.5177831,1708.8519,-1708.8519,1.0899233,0.49950328,900.0,9.0,20,90.0,38.45118,2112.0645,1697.2556,1276.0955,139.75665,-102.98665,2566.6538,0.03619188,0.54442024,0.54442024,1e-05,0.0003,-1621.314,0.006483977413177491,9701.521453380585,1845000,0.0,845000.0,9.943471999761588,2089.7688647412147,200.0,1.2742347717285156,73.07530379375444
-1708.3185,0.06653183,0.41886494,1708.385,-1708.385,1.5519454,0.49035642,900.0,9.0,20,90.0,34.41728,2111.529,1697.968,1289.1217,99.85568,-517.96216,2637.2026,0.04549656,0.7610064,0.7610064,1e-05,0.0003,-1605.4106,0.006497931289672852,9734.011115312576,1850000,1.0,850000.0,19.95252725703338,3295.5667919911025,200.0,1.2545859813690186,114.12958382623937
-1711.7678,0.085740134,0.50872916,1711.8535,-1711.8535,0.95977706,0.48694506,900.0,9.0,20,90.0,22.627346,2113.514,1700.821,1235.2456,599.4098,-115.93488,2298.666,0.05270361,0.46735868,0.46735868,1e-05,0.0003,-1647.0782,0.006573126745223999,9766.876754760742,1855000,1.0,855000.0,19.941344843384122,2986.375236980389,200.0,1.2696802616119385,103.60241638281857
-1705.8147,0.08196102,0.48025322,1705.8966,-1705.8966,1.0743601,0.51123714,900.0,9.0,20,90.0,21.3092,2112.8042,1694.677,1280.304,52.31292,-50.046257,1612.1277,0.052077834,0.5492528,0.5492528,1e-05,0.0003,-1635.0728,0.006518118095397949,9799.46735072136,1860000,1.0,860000.0,19.952022179173895,3239.729303110064,200.0,1.6289288997650146,112.22846270716329
-1743.6616,0.07625294,0.44663826,1743.7379,-1743.7379,0.861357,0.5190938,900.0,9.0,20,90.0,21.842043,2109.099,1733.4451,1254.674,245.6904,-96.8058,1895.5972,0.03893007,0.44712508,0.44712508,1e-05,0.0003,-1681.5784,0.006567400598526001,9832.304358959198,1865000,1.0,865000.0,19.950950702419938,2759.750856851876,200.0,1.2471098899841309,95.88644627395955
-1709.098,0.07457259,0.4665692,1709.1726,-1709.1726,1.1633059,0.50868225,900.0,9.0,20,90.0,27.38832,2109.7292,1698.3042,1252.77,171.84563,-87.5927,1894.8167,0.03801626,0.591753,0.591753,1e-05,0.0003,-1628.4519,0.00648492317199707,9864.728980064392,1870000,1.0,870000.0,19.969434075605424,2210.8312618508367,200.0,1.2478747367858887,77.19716321980097
-1709.2518,0.07638284,0.48862112,1709.3282,-1709.3282,1.1370817,0.5153372,900.0,9.0,20,90.0,22.020256,2107.896,1698.706,1319.872,53.612576,-107.05418,1725.5671,0.030453946,0.58598053,0.58598053,1e-05,0.0003,-1634.4933,0.006495852375030518,9897.208248376846,1875000,0.0,875000.0,9.961573548856432,1906.7044140992994,200.0,1.2472000122070312,66.84243587218876
-1725.7417,0.07765898,0.49312967,1725.8193,-1725.8193,0.81447816,0.51628536,900.0,9.0,20,90.0,36.733997,2103.5386,1715.4503,1272.5758,539.7801,-138.34949,2605.0122,0.065159224,0.42050314,0.42050314,1e-05,0.0003,-1651.1624,0.00652486605644226,9929.832584142685,1880000,1.0,880000.0,19.962569372285245,3006.9735577506567,200.0,1.6058909893035889,104.30373557568717
-1698.2452,0.0702224,0.4264921,1698.3154,-1698.3154,0.891944,0.5013739,900.0,9.0,20,90.0,25.786785,2106.612,1688.6874,1279.5419,128.37674,-206.2368,2273.038,0.030450115,0.44719744,0.44719744,1e-05,0.0003,-1632.2107,0.0065062519550323486,9962.363849401474,1885000,1.0,885000.0,19.965193844428647,2900.3298546025826,200.0,1.2920506000518799,100.67279513881999
-1721.0154,0.07758924,0.48309365,1721.093,-1721.093,0.9055803,0.5113017,900.0,9.0,20,90.0,29.972221,2102.0127,1710.4956,1255.5004,98.1056,-224.58797,1912.9774,0.03609232,0.46302474,0.46302474,1e-05,0.0003,-1649.371,0.006527565622329712,9995.001682519913,1890000,1.0,890000.0,19.965901744130953,3088.369640673545,200.0,1.2559330463409424,107.075060278065
-1721.6635,0.080965884,0.48069558,1721.7444,-1721.7444,1.2316713,0.49903193,900.0,9.0,20,90.0,29.681011,2111.1008,1711.2292,1247.3713,109.743835,-447.36212,2039.2852,0.043340627,0.61464334,0.61464334,1e-05,0.0003,-1636.6646,0.00646309757232666,10027.317175865173,1895000,1.0,895000.0,19.971426858074047,2516.851677917205,200.0,1.240816593170166,87.61636163847812
-1716.2129,0.0766045,0.48596492,1716.2896,-1716.2896,1.3746802,0.5005322,900.0,9.0,20,90.0,22.462378,2107.1514,1705.8096,1287.7996,135.26486,-62.84919,1691.742,0.027126674,0.6880717,0.6880717,1e-05,0.0003,-1631.824,0.0062419283866882325,10058.52682352066,1900000,1.0,900000.0,19.954452693202832,3113.4030357937704,200.0,1.4975461959838867,107.92738220548243
-1722.6708,0.078308,0.46848884,1722.749,-1722.749,0.7903451,0.50481457,900.0,9.0,20,90.0,21.90585,2105.7275,1712.4485,1212.0701,92.315094,-44.364822,1527.5942,0.042809166,0.3989777,0.3989777,1e-05,0.0003,-1664.8569,0.010966380882263184,10113.358733654022,1905000,0.0,905000.0,9.969566670135208,2126.2937690902763,200.0,1.2786004543304443,74.31888169135962
-1690.9921,0.072670996,0.47893205,1691.0647,-1691.0647,0.83792055,0.51621443,900.0,9.0,20,90.0,21.995235,2107.6174,1680.7668,1273.6301,180.39157,-231.7083,1963.2449,0.042776693,0.43254668,0.43254668,1e-05,0.0003,-1630.0676,0.006528555393218994,10146.001516342163,1910000,1.0,910000.0,19.964011476729823,2972.140410042955,200.0,1.2703588008880615,103.11775758709791
-1722.6654,0.0774878,0.49854547,1722.7429,-1722.7429,0.8439994,0.5034323,900.0,9.0,20,90.0,25.282433,2104.6323,1712.0563,1302.1603,48.728695,-87.586136,1626.3783,0.026713492,0.42489654,0.42489654,1e-05,0.0003,-1659.1422,0.006544564723968506,10178.724344968796,1915000,1.0,915000.0,19.96985300914332,2876.210496109429,200.0,1.2668097019195557,99.85159377878762
-1734.0151,0.074001715,0.45812473,1734.0891,-1734.0891,1.2365164,0.50275177,900.0,9.0,20,90.0,26.914003,2106.0264,1724.4784,1263.1683,75.92943,-342.94513,2168.2876,0.045643616,0.62166077,0.62166077,1e-05,0.0003,-1651.1516,0.006605198574066162,10211.750343322754,1920000,1.0,920000.0,19.950915999024538,1845.7259202918585,200.0,1.6021368503570557,64.76627692038205
-1739.4512,0.068812914,0.4553554,1739.52,-1739.52,0.89944494,0.5279986,900.0,9.0,20,90.0,31.919935,2112.2102,1729.1475,1282.9905,56.208527,-71.95372,1625.261,0.04318252,0.47490567,0.47490567,1e-05,0.0003,-1664.7898,0.006466160535812378,10244.081151008606,1925000,1.0,925000.0,19.968646763102413,2354.7601300270626,200.0,1.2587192058563232,82.09756645099745
-1677.0062,0.07332826,0.4980445,1677.0796,-1677.0796,0.99574864,0.5322752,900.0,9.0,20,90.0,27.83739,2112.1768,1665.7117,1247.9233,245.74756,-117.02585,1837.3761,0.03955134,0.5300123,0.5300123,1e-05,0.0003,-1601.4678,0.006580765295028687,10276.984982728958,1930000,1.0,930000.0,19.982819575130236,2464.17424098244,200.0,1.2583074569702148,85.82283206072722
-1696.2837,0.08088964,0.51231813,1696.3646,-1696.3646,0.86060566,0.5478999,900.0,9.0,20,90.0,31.065601,2113.0227,1685.0437,1246.4691,69.7985,-44.61564,2025.4882,0.0704629,0.47152573,0.47152573,1e-05,0.0003,-1622.7808,0.006553012275695801,10309.750049591064,1935000,1.0,935000.0,19.9419247815186,2919.684275999742,200.0,1.245410442352295,101.33176279662477
-1730.4329,0.065983206,0.42426187,1730.4989,-1730.4989,0.9375245,0.5448403,900.0,9.0,20,90.0,109.288025,2108.0327,1720.2048,1273.7434,153.04858,-126.81358,4671.801,0.057806127,0.5108011,0.5108011,1e-05,0.0003,-1575.1727,0.006504067420959473,10342.27039217949,1940000,1.0,940000.0,19.96424234326913,3085.177733442822,200.0,1.2855768203735352,106.96638414724208
-1718.26,0.07572977,0.45440868,1718.3357,-1718.3357,0.7774679,0.5470501,900.0,9.0,20,90.0,34.26121,2111.6995,1707.5479,1239.697,536.6089,-100.90831,2534.7751,0.037399556,0.4253139,0.4253139,1e-05,0.0003,-1645.7206,0.00657270998954773,10375.13394856453,1945000,1.0,945000.0,19.965276749393656,3276.058572895932,200.0,1.271054983139038,113.46537975724178
-1717.2689,0.07414739,0.44187748,1717.343,-1717.343,0.68294895,0.5573436,900.0,9.0,20,90.0,32.32947,2112.5264,1707.3019,1281.2246,340.05902,-117.648315,1959.2667,0.029059628,0.38063723,0.38063723,1e-05,0.0003,-1650.6821,0.006606503343582154,10408.166470527649,1950000,1.0,950000.0,19.96326447141819,3265.975148958484,200.0,1.2636768817901611,113.12206542516428
-1748.2906,0.06527464,0.37102765,1748.356,-1748.356,1.0574899,0.55089355,900.0,9.0,20,90.0,37.076,2116.154,1739.679,1263.8706,384.8696,-94.7106,2447.482,0.03616931,0.58256435,0.58256435,1e-05,0.0003,-1658.7838,0.006588481998443603,10441.108887195587,1955000,0.0,955000.0,1.8663104683854637,977.1297256743093,200.0,1.2934849262237549,35.192837952619115
-1704.0549,0.07290771,0.48361886,1704.1278,-1704.1278,0.94971174,0.56377405,900.0,9.0,20,90.0,28.984175,2115.658,1693.2246,1248.6437,29.375835,-168.95963,1892.3029,0.042148177,0.5354228,0.5354228,1e-05,0.0003,-1626.8827,0.006530466890335083,10473.761226892471,1960000,0.0,960000.0,9.967897723874554,2075.560730425079,200.0,1.2658135890960693,72.59155381229264
-1706.0856,0.085694075,0.53105545,1706.1713,-1706.1713,0.9919376,0.5658316,900.0,9.0,20,90.0,28.991287,2114.7742,1695.0894,1280.9819,235.21127,-91.11212,2247.8591,0.04809267,0.56126964,0.56126964,1e-05,0.0003,-1626.58,0.006628892183303833,10506.905692577362,1965000,0.0,965000.0,9.955381285580037,1873.6024452747351,200.0,1.2557504177093506,65.71540001730907
-1750.3069,0.07102035,0.4624793,1750.3779,-1750.3779,0.7107582,0.5640119,900.0,9.0,20,90.0,53.522087,2115.3848,1740.6902,1253.171,144.8655,-128.35228,2931.0378,0.043787684,0.40087605,0.40087605,1e-05,0.0003,-1660.7059,0.0065926745414733885,10539.869070529938,1970000,1.0,970000.0,19.97214344275948,2906.230372109085,200.0,1.286365032196045,100.87369239745188
-1708.7671,0.08077496,0.49928385,1708.8479,-1708.8479,1.1019932,0.54113287,900.0,9.0,20,90.0,31.568752,2115.691,1698.04,1306.257,226.35832,-133.12178,2027.2173,0.056966245,0.59632474,0.59632474,1e-05,0.0003,-1623.5292,0.006562163352966308,10572.67989206314,1975000,1.0,975000.0,19.963070055750613,1761.912150583163,200.0,1.2676081657409668,61.91263627758645
-1733.7391,0.07049185,0.46366152,1733.8096,-1733.8096,1.237564,0.54326624,900.0,9.0,20,90.0,27.338879,2108.9263,1723.7754,1287.9897,109.604294,-28.840473,1814.949,0.03648903,0.67232674,0.67232674,1e-05,0.0003,-1645.8909,0.0065879469871520996,10605.61963224411,1980000,1.0,980000.0,19.96467102333763,2908.132124492973,200.0,1.2807865142822266,100.93844211476038
-1767.2549,0.075248025,0.42942166,1767.3301,-1767.3301,0.75306565,0.55794054,900.0,9.0,20,90.0,43.516605,2109.806,1758.9922,1224.4446,351.76813,-158.91951,2231.0762,0.04711291,0.42016584,0.42016584,1e-05,0.0003,-1685.9233,0.006494956588745117,10638.094419717789,1985000,0.0,985000.0,9.946607515612069,1860.3022652168613,200.0,1.244541883468628,65.2625635144103
-1728.8303,0.07159227,0.4773839,1728.9019,-1728.9019,0.7746675,0.53645223,900.0,9.0,20,90.0,25.79709,2111.5889,1718.6057,1237.2032,55.474205,-90.232796,1551.7075,0.038989563,0.4155721,0.4155721,1e-05,0.0003,-1665.6317,0.00643791766166687,10670.28401350975,1990000,1.0,990000.0,19.9621984282115,3073.322662460229,200.0,1.1985394954681396,106.56274984590073
-1721.3523,0.07159344,0.4467523,1721.4238,-1721.4238,0.8329502,0.5489966,900.0,9.0,20,90.0,26.190643,2108.541,1710.7168,1247.1965,68.53756,-164.51009,1693.2844,0.03872257,0.45728683,0.45728683,1e-05,0.0003,-1654.0059,0.006227127170562744,10701.419653654099,1995000,1.0,995000.0,19.95756704619627,2189.043743722035,200.0,1.5151004791259766,76.45535495304377
-1711.3909,0.08053787,0.5093324,1711.4714,-1711.4714,1.1258343,0.5346278,900.0,9.0,20,90.0,26.151615,2107.9658,1701.1044,1299.9202,188.41748,-82.574814,2073.8823,0.042325575,0.60190237,0.60190237,1e-05,0.0003,-1631.068,0.006286812782287598,10732.853722572327,2000000,0.0,1000000.0,9.948206438931047,1821.1080194581496,200.0,1.2532403469085693,63.928101491648235
