training/actor/actor_loss,training/actor/bound_loss,training/actor/mse,training/actor/q,training/actor/q_loss,training/alpha/current_vs_historical_ratio,training/alpha/historical_avg_loss,training/alpha/max_alpha_bound,training/alpha/min_alpha_bound,training/alpha/valid_count,training/alpha_weight,training/critic/critic_loss,training/critic/q_max,training/critic/q_mean,training/critic/q_min,training/grad/max,training/grad/min,training/grad/norm,training/meanflow/consistency_loss,training/meanflow/flow_loss,training/meanflow/mean_flow_loss,training/metrics/actor_learning_rate,training/metrics/critic_learning_rate,training/total_loss,time/epoch_time,time/total_time,step,exploration/total.timesteps,exploration/episode.final_reward,exploration/episode.return,exploration/episode.length,exploration/episode.duration,exploration/episode.normalized_return
-0.3529111,0.0,0.6733212,0.3529111,-0.3529111,1.0,0.0,100.0,1.0,0,10.0,2.8376255,4.8071046,0.365081,-3.9929657,22.470325,-27.202732,374.02988,0.12695071,1.1356332,1.1356332,0.0,0.0003,13.841047,0.007774590158462525,38.87295603752136,0,,,,,,
21.467892,0.049233243,0.35503846,-21.41866,21.41866,57435788.0,0.0,100.0,1.0,2,10.0,0.10992022,-0.56407946,-21.44321,-24.868214,12.157436,-11.514947,345.2525,0.065617085,0.57435787,0.57435787,1e-05,0.0003,27.321392,0.023791667127609252,157.83129692077637,5000,,,,,,
36.672066,0.030210832,0.36694735,-36.641853,36.641853,63401164.0,0.0,100.0,1.0,4,10.0,0.18655431,0.053844087,-36.64335,-41.306355,13.338437,-16.553099,457.8636,0.0831352,0.6340116,0.6340116,2e-05,0.0003,43.19874,0.003699502468109131,176.32881331443787,10000,,,,,,
48.71415,0.023780083,0.38372508,-48.69037,48.69037,66716600.0,0.0,100.0,1.0,7,10.0,0.46930173,-0.9989561,-48.651115,-54.649883,10.0950365,-35.206886,396.8828,0.1036275,0.667166,0.667166,3e-05,0.0003,55.855114,0.0037027006626129152,194.8423204421997,15000,,,,,,
58.40525,0.016390013,0.3479274,-58.38886,58.38886,60959530.0,0.0,100.0,1.0,9,10.0,0.2713614,-1.952297,-58.41476,-64.97517,14.00697,-8.908916,259.92816,0.087642185,0.6095953,0.6095953,4e-05,0.0003,64.77257,0.003641275644302368,213.04870295524597,20000,,,,,,
64.13189,0.0120942425,0.3467517,-64.1198,64.1198,3.1241813,0.22260337,100.0,1.0,12,10.0,1.1539594,0.057875805,-64.14798,-72.73277,15.159605,-13.462767,250.20734,0.08482574,0.6954532,0.6954532,5e-05,0.0003,72.24038,0.0036946603298187255,231.52200865745544,25000,,,,,,
69.85433,0.01490845,0.33908105,-69.839424,69.839424,1.5814323,0.3760594,100.0,1.0,14,10.0,0.43374652,0.11512387,-69.84932,-79.146324,16.398357,-10.719888,251.67892,0.07565892,0.59471256,0.59471256,6e-05,0.0003,76.23521,0.0036426179885864257,249.735102891922,30000,,,,,,
73.827095,0.01583051,0.3129412,-73.811264,73.811264,1.283616,0.52125347,100.0,1.0,17,10.0,0.33282578,-0.4998213,-73.80281,-83.78354,19.566051,-17.560936,192.08633,0.08404154,0.66908926,0.66908926,6.9999995e-05,0.0003,80.850815,0.003707840871810913,268.27431416511536,35000,,,,,,
75.68141,0.009409534,0.294204,-75.672005,75.672005,1.019484,0.60046184,100.0,1.0,19,10.0,0.5057272,0.49195814,-75.683365,-87.65303,7.4566417,-4.2240114,169.34865,0.07867853,0.6121613,0.6121613,8e-05,0.0003,82.308754,0.003703310537338257,286.7908709049225,40000,,,,,,
75.67675,0.02068648,0.4966457,-75.65607,75.65607,1.2762922,0.6334222,100.0,1.0,20,10.0,0.3358263,-0.23118177,-75.68034,-90.84333,3.8191478,-4.719374,192.51828,0.11506933,0.80843186,0.80843186,8.9999994e-05,0.0003,84.09689,0.0036548223972320557,305.06499195098877,45000,,,,,,
77.30144,0.012392314,0.3401269,-77.28905,77.28905,0.9884885,0.635983,100.0,1.0,20,10.0,1.2981807,0.25847036,-77.34932,-92.780655,2.2312741,-5.4391737,152.20828,0.07291209,0.6286619,0.6286619,1e-04,0.0003,84.88624,0.003699837779998779,323.5641851425171,50000,,,,,,
79.890854,0.023403155,0.3440655,-79.867455,79.867455,0.9141983,0.6381995,100.0,1.0,20,10.0,0.2694031,-0.5945332,-79.90458,-94.57389,2.5407493,-3.456329,123.643845,0.07683666,0.5834409,0.5834409,9.999385e-05,0.0003,85.99467,0.003714461088180542,342.13649463653564,55000,,,,,,
79.380066,0.008624151,0.39098233,-79.371445,79.371445,0.91540205,0.63639563,100.0,1.0,20,10.0,0.32467684,0.20233296,-79.43581,-95.67221,2.6018097,-3.0587292,117.11557,0.07415715,0.58255786,0.58255786,9.99754e-05,0.0003,85.53032,0.003646717357635498,360.370085477829,60000,,,,,,
77.45272,0.015113943,0.31818557,-77.43761,77.43761,0.9242279,0.64221567,100.0,1.0,20,10.0,0.4100261,0.7163453,-77.49206,-97.02942,2.3104086,-2.4840608,124.07367,0.07402446,0.5935536,0.5935536,9.994465e-05,0.0003,83.79829,0.003699223470687866,378.86620712280273,65000,,,,,,
78.686356,0.013252573,0.31333947,-78.6731,78.6731,0.83279157,0.64384,100.0,1.0,20,10.0,0.52940106,-0.14052835,-78.65043,-97.69281,2.0045578,-2.3548555,120.02807,0.06059245,0.53618455,0.53618455,9.990162e-05,0.0003,84.57761,0.003695305061340332,397.34273624420166,70000,,,,,,
78.91543,0.014537485,0.27708513,-78.900894,78.900894,0.94981587,0.6375386,100.0,1.0,20,10.0,0.40877587,0.13684161,-78.90776,-98.16175,3.672364,-2.8875356,129.0528,0.0702556,0.60554427,0.60554427,9.984629e-05,0.0003,85.37965,0.0036413453578948976,415.54946732521057,75000,,,,,,
78.42931,0.0054736,0.29010707,-78.42384,78.42384,0.86871135,0.63858676,100.0,1.0,20,10.0,0.41411182,0.07409017,-78.481804,-98.77352,2.5476964,-2.2768598,113.970345,0.07929052,0.5547476,0.5547476,9.977873e-05,0.0003,84.3909,0.0037434699058532714,434.2668204307556,80000,,,,,,
78.495865,0.008548289,0.29631746,-78.48732,78.48732,0.8612671,0.6225115,100.0,1.0,20,10.0,0.43573564,0.23873594,-78.49484,-99.14116,3.2836692,-3.5438418,146.16364,0.07437565,0.53614867,0.53614867,9.969891e-05,0.0003,84.29309,0.0036439729690551756,452.4866900444031,85000,,,,,,
78.82647,0.014561098,0.3192476,-78.811905,78.811905,1.0672314,0.61486155,100.0,1.0,20,10.0,0.45206594,-0.16755632,-78.83808,-99.46219,2.3416886,-1.9507686,111.638145,0.08703713,0.6561995,0.6561995,9.9606885e-05,0.0003,85.84053,0.003705625152587891,471.01482009887695,90000,,,,,,
79.20489,0.012613306,0.32698998,-79.192276,79.192276,0.8860539,0.60919946,100.0,1.0,20,10.0,0.28872257,0.13019645,-79.19125,-99.82921,2.32949,-2.3186505,116.433136,0.08019276,0.5397836,0.5397836,9.950265e-05,0.0003,84.89144,0.0036972918510437013,489.5012831687927,95000,,,,,,
80.607544,0.010488989,0.3047738,-80.59705,80.59705,1.093838,0.61163616,100.0,1.0,20,10.0,0.31284338,-0.049895167,-80.68829,-99.72134,1.8087449,-2.363161,106.20713,0.061643448,0.6690309,0.6690309,9.938626e-05,0.0003,87.610695,0.0036373369216918944,507.68797159194946,100000,,,,,,
81.708244,0.010704244,0.46152854,-81.69754,81.69754,1.1526631,0.615969,100.0,1.0,20,10.0,0.37329012,-0.745693,-81.870346,-99.96873,2.3410678,-2.070578,107.17929,0.08386196,0.7100047,0.7100047,9.9257726e-05,0.0003,89.18158,0.021410755205154418,614.7417516708374,105000,,,,,,
76.60836,0.008301482,0.4353216,-76.60006,76.60006,1.0835875,0.62549794,100.0,1.0,20,10.0,0.9391018,0.08616884,-76.872475,-100.225075,1.4039977,-1.5292059,121.39032,0.07771219,0.67778176,0.67778176,9.91171e-05,0.0003,84.32528,0.003708243989944458,633.2829761505127,110000,,,,,,
81.059746,0.010007911,0.3824356,-81.049736,81.049736,1.0789894,0.6285834,100.0,1.0,20,10.0,0.32150075,-2.1702797,-81.143295,-100.51227,1.5548569,-1.9010894,93.24534,0.061127286,0.6782348,0.6782348,9.896442e-05,0.0003,88.1636,0.0036489097118377685,651.5275285243988,115000,,,,,,
79.42817,0.008871366,0.29650658,-79.4193,79.4193,0.916351,0.6231524,100.0,1.0,20,10.0,0.24551795,-0.007902756,-79.45428,-100.54078,1.4759676,-2.4772215,88.30644,0.059582546,0.5710263,0.5710263,9.8799705e-05,0.0003,85.38396,0.003721286392211914,670.1339683532715,120000,,,,,,
78.05808,0.0036403392,0.29562652,-78.05444,78.05444,0.8207951,0.6272351,100.0,1.0,20,10.0,0.1590971,0.18162404,-78.0663,-100.503044,1.7703899,-1.7528741,92.06929,0.071000874,0.51483154,0.51483154,9.8623015e-05,0.0003,83.36549,0.0037051538944244387,688.6597421169281,125000,,,,,,
79.563576,0.005473148,0.26849127,-79.558105,79.558105,0.77452785,0.6274151,100.0,1.0,20,10.0,0.26368904,-0.10609281,-79.612366,-100.413734,2.1094646,-1.4720548,87.80581,0.045372434,0.48595047,0.48595047,9.843441e-05,0.0003,84.68677,0.0036503754615783693,706.9116232395172,130000,,,,,,
77.57306,0.013337769,0.30569667,-77.55972,77.55972,0.9093305,0.6099759,100.0,1.0,20,10.0,0.49218002,0.13526076,-77.562225,-100.485916,1.5995648,-1.5921817,92.38792,0.06877018,0.5546696,0.5546696,9.823391e-05,0.0003,83.61194,0.003717911195755005,725.5011873245239,135000,,,,,,
79.20122,0.009419798,0.27173418,-79.191795,79.191795,0.9876462,0.60674393,100.0,1.0,20,10.0,0.5807446,0.23346448,-79.250374,-100.86822,3.474645,-3.7028532,146.16136,0.060372435,0.59924835,0.59924835,9.8021614e-05,0.0003,85.774445,0.0037183956623077392,744.0931701660156,140000,,,,,,
77.343666,0.008625889,0.36162353,-77.33504,77.33504,1.1855621,0.5931331,100.0,1.0,20,10.0,0.3815815,-0.07464266,-77.46159,-100.62749,2.4030979,-2.2022195,146.00235,0.051799398,0.70319617,0.70319617,9.779754e-05,0.0003,84.75721,0.0036520950317382814,762.3536493778229,145000,,,,,,
79.54054,0.005778984,0.26724917,-79.53477,79.53477,1.1222169,0.5758547,100.0,1.0,20,10.0,0.4554591,-0.053998306,-79.586334,-100.3462,2.030256,-2.526681,109.74186,0.06931698,0.6462339,0.6462339,9.756177e-05,0.0003,86.45834,0.003707083082199097,780.8890688419342,150000,,,,,,
80.84901,0.013285426,0.46542212,-80.835724,80.835724,1.0931876,0.57965857,100.0,1.0,20,10.0,0.259847,0.4605454,-81.05171,-100.28204,1.5201715,-1.3559151,86.16449,0.07528062,0.6336756,0.6336756,9.7314376e-05,0.0003,87.44561,0.0036673874378204347,799.2260110378265,155000,,,,,,
78.104965,0.0058228215,0.2775002,-78.099144,78.099144,0.90172505,0.5738614,100.0,1.0,20,10.0,0.39936274,0.019090146,-78.10765,-100.30751,2.142604,-1.5975056,104.817665,0.07110898,0.51746523,0.51746523,9.7055396e-05,0.0003,83.67898,0.003718803024291992,817.8200294971466,160000,,,,,,
77.11834,0.0035238136,0.27240524,-77.114815,77.114815,1.0259813,0.5630985,100.0,1.0,20,10.0,0.22517517,-0.056621745,-77.13404,-100.748184,1.590811,-1.7940848,86.41042,0.07129679,0.5777285,0.5777285,9.6784934e-05,0.0003,83.1208,0.0037126645088195803,836.3833563327789,165000,,,,,,
77.96006,0.0024819681,0.28677446,-77.95758,77.95758,1.0131546,0.56046104,100.0,1.0,20,10.0,0.27094662,-0.42739677,-77.9521,-100.3024,1.6144907,-2.0564094,88.285965,0.061942928,0.56783366,0.56783366,9.6503034e-05,0.0003,83.90935,0.0036511077404022215,854.638899564743,170000,,,,,,
77.61999,0.007466594,0.2777131,-77.61252,77.61252,0.8080487,0.5729057,100.0,1.0,20,10.0,0.35962212,0.6297361,-77.58725,-100.797775,1.8429075,-1.4784093,97.16128,0.06341663,0.46293572,0.46293572,9.62098e-05,0.0003,82.60896,0.0037103102684020997,873.1904547214508,175000,,,,,,
77.74287,0.0071322196,0.37621292,-77.73573,77.73573,1.282657,0.57535267,100.0,1.0,20,10.0,0.21613622,0.29270732,-77.807846,-100.12466,1.4068112,-1.8566417,113.852356,0.07497378,0.7379801,0.7379801,9.59053e-05,0.0003,85.3388,0.003699402093887329,891.6874690055847,180000,,,,,,
80.59502,0.003890787,0.2651599,-80.591125,80.591125,0.93026394,0.58600235,100.0,1.0,20,10.0,0.11261428,0.25105608,-80.600945,-100.336136,1.7818344,-2.1387782,76.94156,0.057966456,0.54513687,0.54513687,9.558961e-05,0.0003,86.159004,0.003669044208526611,910.032693862915,185000,,,,,,
77.839165,0.002965283,0.5712279,-77.8362,77.8362,2.0190206,0.586675,100.0,1.0,20,10.0,0.5617933,0.26084286,-77.92674,-100.12675,3.671984,-5.4428725,138.52792,0.11610481,1.1845088,1.1845088,9.526282e-05,0.0003,90.24604,0.003715517807006836,928.6102871894836,190000,,,,,,
78.6618,0.0034899253,0.27346104,-78.65831,78.65831,0.91991705,0.60730284,100.0,1.0,20,10.0,0.210531,0.17332695,-78.65166,-99.746765,1.6749784,-1.2215927,74.32352,0.057707824,0.55866826,0.55866826,9.4925024e-05,0.0003,84.459015,0.0037024989128112795,947.1227858066559,195000,,,,,,
78.70672,0.010950005,0.51216424,-78.69577,78.69577,0.94566417,0.6213291,100.0,1.0,20,10.0,0.55488133,-0.07375176,-78.989494,-100.29861,2.0293956,-1.4031526,89.70056,0.057791077,0.5875687,0.5875687,9.457632e-05,0.0003,85.13728,0.0036469886779785157,965.3577330112457,200000,,,,,,
81.51866,0.006636073,0.27895397,-81.512024,81.512024,0.9079908,0.62156457,100.0,1.0,20,10.0,0.17557162,-3.007149,-81.51772,-99.94799,1.4296362,-2.1151943,79.3805,0.056693014,0.5643749,0.5643749,9.42168e-05,0.0003,87.33798,0.02053548083305359,1068.0351417064667,205000,,,,,,
76.193184,0.0040048063,0.26440582,-76.18918,76.18918,0.83427364,0.62096465,100.0,1.0,20,10.0,0.2693711,0.3896957,-76.2021,-99.79677,1.7433238,-1.8265525,85.51413,0.06145066,0.5180544,0.5180544,9.384654e-05,0.0003,81.6431,0.003711246871948242,1086.5913803577423,210000,,,,,,
77.70612,0.011922749,0.61779934,-77.6942,77.6942,1.3640335,0.61414456,100.0,1.0,20,10.0,0.27298498,0.20280243,-77.95343,-99.305176,4.0910435,-1.9486482,158.72836,0.06629651,0.8377137,0.8377137,9.346567e-05,0.0003,86.35625,0.003651917791366577,1104.850973367691,215000,,,,,,
79.9936,0.0033260288,0.303577,-79.99027,79.99027,1.0315757,0.6074101,100.0,1.0,20,10.0,0.22188148,-4.867316,-80.00644,-99.944176,1.5313165,-1.9301157,84.24095,0.070671394,0.6265895,0.6265895,9.30743e-05,0.0003,86.48137,0.00370566987991333,1123.379326581955,220000,,,,,,
78.649284,0.0031045144,0.23535019,-78.64618,78.64618,0.81078094,0.58966607,100.0,1.0,20,10.0,0.2429922,0.06524402,-78.65872,-99.3567,1.9671023,-1.5846466,80.88632,0.061763775,0.47809002,0.47809002,9.267249e-05,0.0003,83.67317,0.0037078150749206545,1141.9184057712555,225000,,,,,,
80.629456,0.0045165373,0.28258955,-80.62494,80.62494,0.8168813,0.59220594,100.0,1.0,20,10.0,0.24241161,0.0710136,-80.61795,-100.1491,1.8694966,-1.1326282,75.58586,0.061004117,0.48376197,0.48376197,9.2260394e-05,0.0003,85.70949,0.0036459122180938722,1160.1479711532593,230000,,,,,,
78.85515,0.010121728,0.4672351,-78.845024,78.845024,1.0586219,0.55761635,100.0,1.0,20,10.0,0.181061,0.22538032,-79.07623,-99.506836,2.0923657,-1.2979393,83.261246,0.07047778,0.59030485,0.59030485,9.183811e-05,0.0003,84.939255,0.003717886400222778,1178.7374103069305,235000,,,,,,
78.29606,0.004215926,0.3003661,-78.29184,78.29184,0.93632865,0.55153626,100.0,1.0,20,10.0,0.174834,0.090423405,-78.27721,-100.17293,1.2057767,-1.9498684,86.76935,0.07543751,0.5164192,0.5164192,9.1405775e-05,0.0003,83.635086,0.003712238693237305,1197.29860830307,240000,,,,,,
78.69567,0.015307133,0.59501874,-78.68037,78.68037,1.228436,0.55077386,100.0,1.0,20,10.0,0.23563652,0.1244998,-78.962204,-99.353035,1.8137486,-2.4056754,98.049126,0.09147009,0.67659044,0.67659044,9.0963455e-05,0.0003,85.69721,0.0036448665618896486,1215.5229451656342,245000,,,,,,
78.33899,0.008048637,0.3657413,-78.33094,78.33094,1.0746102,0.54870296,100.0,1.0,20,10.0,0.1632196,0.04648301,-78.48651,-99.82713,1.8857384,-1.7902157,79.923225,0.06770384,0.5896418,0.5896418,9.051133e-05,0.0003,84.39863,0.003715580654144287,1234.1008517742157,250000,,,,,,
76.213394,0.0046226475,0.34301096,-76.20877,76.20877,1.1775867,0.55224484,100.0,1.0,20,10.0,0.17132404,-0.017169163,-76.2195,-99.47761,2.7638934,-1.6234907,98.97789,0.07248272,0.6503162,0.6503162,9.004948e-05,0.0003,82.88788,0.003719753360748291,1252.6996231079102,255000,,,,,,
80.46785,0.0032779435,0.26050287,-80.46457,80.46457,0.85219455,0.55117434,100.0,1.0,20,10.0,0.17209631,-0.095379025,-80.47984,-99.66146,1.3080953,-1.6219175,74.86868,0.05074227,0.46970776,0.46970776,8.9578054e-05,0.0003,85.33702,0.003651818799972534,1270.9587211608887,260000,,,,,,
76.83506,0.010888231,0.5526886,-76.82417,76.82417,1.0573765,0.5436247,100.0,1.0,20,10.0,0.15790412,0.105897844,-77.06824,-99.74571,1.6413015,-2.021649,76.99905,0.073678285,0.574816,0.574816,8.909717e-05,0.0003,82.74113,0.003712170457839966,1289.519579410553,265000,,,,,,
77.60872,0.006793418,0.38466877,-77.60193,77.60193,1.0807539,0.54006165,100.0,1.0,20,10.0,0.2810226,0.06957069,-77.78675,-99.436516,1.2493316,-1.7345694,89.75397,0.06520948,0.5836737,0.5836737,8.860696e-05,0.0003,83.72648,0.003646239185333252,1307.750779390335,270000,,,,,,
78.10469,0.0029626125,0.21592642,-78.10173,78.10173,0.8666021,0.5473115,100.0,1.0,20,10.0,0.27149338,0.30859888,-78.10646,-99.593056,2.1572647,-1.5629716,78.043755,0.05006375,0.47430128,0.47430128,8.810758e-05,0.0003,83.119194,0.0037042404651641847,1326.2719857692719,275000,,,,,,
77.39003,0.004000007,0.2252878,-77.38603,77.38603,0.8115995,0.5513786,100.0,1.0,20,10.0,0.110940754,0.28373623,-77.417145,-99.8861,1.4232014,-1.1437213,54.76133,0.04973262,0.4474986,0.4474986,8.759914e-05,0.0003,81.97595,0.0037169837474822997,1344.8569087982178,280000,,,,,,
76.23046,0.006289101,0.26166117,-76.224174,76.224174,0.845451,0.5411501,100.0,1.0,20,10.0,0.19688952,0.16585913,-76.2312,-99.85922,1.0894419,-1.931014,74.75277,0.05686859,0.4575159,0.4575159,8.708179e-05,0.0003,81.00251,0.0036484078884124757,1363.0989525318146,285000,,,,,,
78.20387,0.0028974246,0.26957807,-78.20097,78.20097,0.96794796,0.54087067,100.0,1.0,20,10.0,0.1725252,0.05561705,-78.223885,-99.901344,1.6120907,-1.5882857,83.34981,0.05423708,0.52353466,0.52353466,8.655565e-05,0.0003,83.61174,0.0037108872413635255,1381.6533930301666,290000,,,,,,
74.40289,0.00530848,0.2507876,-74.39758,74.39758,0.99862576,0.543899,100.0,1.0,20,10.0,0.2295841,0.55792934,-74.40197,-99.901115,1.6481603,-1.273158,77.59579,0.052907433,0.54315156,0.54315156,8.602091e-05,0.0003,80.063995,0.0037053276538848877,1400.1800351142883,295000,,,,,,
76.871185,0.012953436,0.5338375,-76.85823,76.85823,1.2960862,0.5430872,100.0,1.0,20,10.0,0.19490835,0.15993443,-77.11685,-99.9223,1.5155764,-1.6882954,90.002045,0.061957903,0.7038878,0.7038878,8.547767e-05,0.0003,84.10497,0.0036485435962677003,1418.4227576255798,300000,,,,,,
78.489784,0.00664585,0.36632854,-78.48314,78.48314,0.94609493,0.5581722,100.0,1.0,20,10.0,0.14866492,0.3699413,-78.620865,-100.23187,1.9351873,-1.7371323,80.397095,0.0576565,0.5280839,0.5280839,8.49261e-05,0.0003,83.91929,0.020023109197616577,1518.5383071899414,305000,,,,,,
78.81515,0.004314803,0.21570852,-78.81083,78.81083,0.82500046,0.56234187,100.0,1.0,20,10.0,0.18449561,-0.22529757,-78.82814,-99.58637,1.3398428,-2.8897858,75.51616,0.042970054,0.4639323,0.4639323,8.436636e-05,0.0003,83.63896,0.00370929913520813,1537.0848078727722,310000,,,,,,
76.96175,0.0038427853,0.23715812,-76.9579,76.9579,0.87047243,0.5539605,100.0,1.0,20,10.0,0.20068586,0.023142055,-76.964806,-99.54862,1.298841,-1.7214409,70.59808,0.05770631,0.48220736,0.48220736,8.3798586e-05,0.0003,81.984505,0.0036543833255767823,1555.3567287921906,315000,,,,,,
77.592186,0.007219909,0.23539186,-77.58497,77.58497,0.8769229,0.54394287,100.0,1.0,20,10.0,0.20311098,0.1690441,-77.5869,-99.97029,1.365408,-2.02111,65.034134,0.052176446,0.47699594,0.47699594,8.322294e-05,0.0003,82.565254,0.0037052495002746584,1573.8829803466797,320000,,,,,,
78.03013,0.004434888,0.25133622,-78.025696,78.025696,0.9249293,0.55179936,100.0,1.0,20,10.0,0.18716346,0.48433828,-78.03464,-100.10392,1.334493,-1.5130036,80.265755,0.058900714,0.5103754,0.5103754,8.263957e-05,0.0003,83.321045,0.0037136359691619875,1592.4511642456055,325000,,,,,,
78.72974,0.0023512195,0.23605894,-78.72739,78.72739,0.9880095,0.5483146,100.0,1.0,20,10.0,0.19830686,0.015215442,-78.7502,-99.988686,1.7735641,-1.8689934,84.646454,0.062080633,0.54174,0.54174,8.2048646e-05,0.0003,84.345436,0.0036511326313018798,1610.7068314552307,330000,,,,,,
80.01986,0.003789994,0.24806982,-80.01607,80.01607,0.9837499,0.5385376,100.0,1.0,20,10.0,0.16838387,0.042425767,-80.03142,-99.76648,1.4797893,-1.5227189,78.60295,0.061973535,0.52978635,0.52978635,8.1450344e-05,0.0003,85.48611,0.0037029562473297117,1629.2216165065765,335000,,,,,,
74.56798,0.0028945832,0.26741034,-74.56509,74.56509,0.9055024,0.5352801,100.0,1.0,20,10.0,0.29904884,0.34068358,-74.5614,-100.1209,1.6506423,-1.4612778,93.49428,0.04882262,0.4846974,0.4846974,8.0844795e-05,0.0003,79.714005,0.003709338426589966,1647.7683131694794,340000,,,,,,
76.05368,0.0053097103,0.26433456,-76.04837,76.04837,0.9090422,0.5255276,100.0,1.0,20,10.0,0.118925676,0.083470434,-76.07234,-99.75254,3.038278,-1.2442819,76.80406,0.0739696,0.47772676,0.47772676,8.0232174e-05,0.0003,80.949875,0.0036570883750915526,1666.0537593364716,345000,,,,,,
74.1386,0.0053517604,0.23834388,-74.133255,74.133255,0.8981901,0.5361834,100.0,1.0,20,10.0,0.22361746,0.047935292,-74.13229,-100.0545,2.0630393,-1.3040063,83.04378,0.049755424,0.48159462,0.48159462,7.961267e-05,0.0003,79.17817,0.0037077637195587158,1684.592581987381,350000,,,,,,
79.05184,0.00644471,0.23472342,-79.045395,79.045395,1.0148674,0.5310433,100.0,1.0,20,10.0,0.105337515,0.06358896,-79.04742,-99.83717,1.4117206,-1.3696133,76.161736,0.06382907,0.5389385,0.5389385,7.898643e-05,0.0003,84.54657,0.003653963232040405,1702.862402677536,355000,,,,,,
80.01196,0.0037116883,0.24085937,-80.008255,80.008255,1.0206715,0.51993555,100.0,1.0,20,10.0,0.13379216,0.2826213,-80.010574,-99.987785,1.2676803,-2.0759385,69.87552,0.06303778,0.5306834,0.5306834,7.835362e-05,0.0003,85.45258,0.0037078617095947265,1721.4017152786255,360000,,,,,,
77.64029,0.002793603,0.27182305,-77.6375,77.6375,0.9842259,0.5229015,100.0,1.0,20,10.0,0.12637806,0.2170518,-77.66031,-99.76146,1.3403217,-1.564763,80.1156,0.049003698,0.5146532,0.5146532,7.7714445e-05,0.0003,82.9132,0.0037209765911102293,1740.0066030025482,365000,,,,,,
79.53099,0.004023591,0.22285473,-79.52697,79.52697,0.83915484,0.53791326,100.0,1.0,20,10.0,0.19383976,-0.5894647,-79.53285,-99.86016,1.3605448,-1.4820132,79.757675,0.06491677,0.45139253,0.45139253,7.706907e-05,0.0003,84.238754,0.003657677459716797,1758.2949948310852,370000,,,,,,
77.222145,0.0042166766,0.22458965,-77.217926,77.217926,0.9881992,0.5319751,100.0,1.0,20,10.0,0.23354967,0.013166264,-77.242096,-99.887405,1.5366875,-1.5576408,84.564575,0.044154152,0.52569735,0.52569735,7.641764e-05,0.0003,82.71267,0.0037181941509246827,1776.8859694004059,375000,,,,,,
74.87871,0.0042706784,0.23668171,-74.874435,74.874435,0.9200989,0.5339209,100.0,1.0,20,10.0,0.20922108,0.17108698,-74.85686,-99.94484,1.15764,-1.3120079,75.01161,0.049752407,0.49126002,0.49126002,7.5760356e-05,0.0003,80.00053,0.0037157008171081543,1795.4644775390625,380000,,,,,,
74.73184,0.0052930466,0.322766,-74.72655,74.72655,1.209594,0.55660164,100.0,1.0,20,10.0,0.14701365,0.26629075,-74.823685,-99.84493,2.3595142,-2.0843012,101.60707,0.05293771,0.673262,0.673262,7.50974e-05,0.0003,81.61147,0.0036541755199432373,1813.735359430313,385000,,,,,,
75.47982,0.003854118,0.26225567,-75.47597,75.47597,0.92111737,0.53871554,100.0,1.0,20,10.0,0.25693431,0.024547622,-75.57881,-100.15651,1.7563391,-1.538242,101.81145,0.05240121,0.49622023,0.49622023,7.442894e-05,0.0003,80.69896,0.0037047167778015136,1832.2589473724365,390000,,,,,,
76.16428,0.0034962466,0.23702091,-76.16079,76.16079,0.91422427,0.5423832,100.0,1.0,20,10.0,0.11539896,0.14716963,-76.15582,-100.03461,1.7200234,-1.4197407,71.49528,0.05055528,0.49585986,0.49585986,7.375519e-05,0.0003,81.23828,0.0037147355556488037,1850.832629442215,395000,,,,,,
76.30568,0.0035768265,0.2637539,-76.3021,76.3021,0.9087613,0.55323744,100.0,1.0,20,10.0,0.16266134,0.022198275,-76.29904,-100.01406,1.3069274,-1.7268579,74.472694,0.04928919,0.50276077,0.50276077,7.30763e-05,0.0003,81.49595,0.0036482240676879883,1869.0737540721893,400000,,,,,,
76.81396,0.0031483606,0.25172573,-76.81081,76.81081,0.78437227,0.5594539,100.0,1.0,20,10.0,0.17653182,0.06132658,-76.83232,-100.03885,1.27932,-2.4530146,72.34474,0.061423697,0.43882012,0.43882012,7.239246e-05,0.0003,81.378685,0.016550816822052002,1951.8278424739838,405000,,,,,,
75.49293,0.0032108757,0.24420774,-75.489716,75.489716,0.84430623,0.54737806,100.0,1.0,20,10.0,0.2362926,0.09905739,-75.48586,-99.86999,2.743775,-3.783516,111.396454,0.048580095,0.4621547,0.4621547,7.170388e-05,0.0003,80.35076,0.0037047768115997313,1970.3517305850983,410000,,,,,,
76.191414,0.007359342,0.4545313,-76.18405,76.18405,1.1260946,0.5532775,100.0,1.0,20,10.0,0.09727707,0.07521379,-76.36057,-99.92183,1.4266535,-2.0932336,74.73482,0.059340864,0.62304276,0.62304276,7.101073e-05,0.0003,82.51912,0.0036552685260772704,1988.628077507019,415000,,,,,,
74.78261,0.003269346,0.2156485,-74.779335,74.779335,0.92751557,0.55424374,100.0,1.0,20,10.0,0.29256198,-0.047724813,-74.82461,-99.924255,1.7727304,-2.04811,85.059586,0.04305284,0.5140697,0.5140697,7.0313195e-05,0.0003,80.215866,0.0037041122913360597,2007.1486434936523,420000,,,,,,
76.80809,0.0064542997,0.40679392,-76.801636,76.801636,0.9923925,0.5434476,100.0,1.0,20,10.0,0.10152635,0.12894481,-76.98598,-100.12133,2.1859906,-4.388232,83.53993,0.05879359,0.5393133,0.5393133,6.961148e-05,0.0003,82.30275,0.0037094016075134278,2025.6956560611725,425000,,,,,,
75.11562,0.0039611612,0.21460125,-75.111664,75.111664,0.8410754,0.55134624,100.0,1.0,20,10.0,0.15999436,0.21836919,-75.142876,-99.701675,0.96062416,-1.839167,69.15848,0.046908483,0.46372378,0.46372378,6.890576e-05,0.0003,79.91286,0.0036509384155273437,2043.9503531455994,430000,,,,,,
78.73972,0.0029369805,0.2615006,-78.736786,78.736786,1.0814229,0.56408036,100.0,1.0,20,10.0,0.15139961,0.13565001,-78.785446,-99.80497,1.4250116,-1.4523536,74.39981,0.062060684,0.61000943,0.61000943,6.8196256e-05,0.0003,84.99122,0.0037053757190704346,2062.4772357940674,435000,,,,,,
76.12196,0.0034443457,0.24057254,-76.11852,76.11852,0.8282347,0.56948435,100.0,1.0,20,10.0,0.15007517,0.06610426,-76.12273,-99.986046,1.0289372,-1.2695364,74.6089,0.047994886,0.4716667,0.4716667,6.748313e-05,0.0003,80.98871,0.0037110448360443116,2081.0324652194977,440000,,,,,,
77.113716,0.004301968,0.2526617,-77.10941,77.10941,0.9171016,0.5573258,100.0,1.0,20,10.0,0.19464678,0.34381634,-77.1035,-99.85413,1.3273432,-1.0637335,73.26373,0.050790943,0.5111244,0.5111244,6.67666e-05,0.0003,82.41961,0.0036473973751068116,2099.2694566249847,445000,,,,,,
74.48814,0.014008164,0.64826494,-74.47413,74.47413,1.0691464,0.5682832,100.0,1.0,20,10.0,0.1931454,0.00949128,-74.813705,-99.6945,2.0112357,-1.1063771,87.1039,0.05719424,0.6075779,0.6075779,6.604685e-05,0.0003,80.757065,0.0037026461601257325,2117.7826919555664,450000,,,,,,
75.1633,0.006439723,0.34499934,-75.15686,75.15686,1.0983757,0.57520765,100.0,1.0,20,10.0,0.11911101,0.25917792,-75.3546,-100.0112,1.6602756,-1.4954813,88.13414,0.05881774,0.6317941,0.6317941,6.5324086e-05,0.0003,81.60035,0.0037232555866241455,2136.39897441864,455000,,,,,,
76.54849,0.004181562,0.23117054,-76.54431,76.54431,0.922403,0.5768063,100.0,1.0,20,10.0,0.13128804,-0.063782305,-76.55571,-100.26139,1.6744831,-1.4076145,68.88008,0.064316496,0.53204787,0.53204787,6.4598484e-05,0.0003,82.00026,0.0036470052242279054,2154.634004354477,460000,,,,,,
75.71812,0.004233337,0.24025875,-75.71388,75.71388,0.80580884,0.5781541,100.0,1.0,20,10.0,0.37613642,-0.035314083,-75.73094,-99.78763,1.705822,-1.6813533,93.454834,0.07321967,0.4658817,0.4658817,6.387027e-05,0.0003,80.75307,0.00370570068359375,2173.162511587143,465000,,,,,,
76.90193,0.004323527,0.28122872,-76.897606,76.897606,0.7949758,0.6002141,100.0,1.0,20,10.0,0.121247545,-0.016465664,-76.97156,-100.15962,1.7601168,-1.8371615,84.49188,0.05658166,0.4771557,0.4771557,6.3139625e-05,0.0003,81.79474,0.0037212207794189455,2191.7686207294464,470000,,,,,,
74.23508,0.0030066525,0.24315125,-74.23207,74.23207,0.87169236,0.5881264,100.0,1.0,20,10.0,0.1393058,0.13760729,-74.21884,-99.88695,1.2472323,-1.5188249,72.20383,0.060595557,0.51266533,0.51266533,6.2406754e-05,0.0003,79.50104,0.0036535664081573486,2210.0364565849304,475000,,,,,,
77.178764,0.004057332,0.21453823,-77.174706,77.174706,0.8244937,0.57854664,100.0,1.0,20,10.0,0.16722873,0.0683171,-77.177666,-100.12258,1.7059398,-2.194598,84.90425,0.052513156,0.47700804,0.47700804,6.167186e-05,0.0003,82.11607,0.003714430856704712,2228.60861492157,480000,,,,,,
74.63806,0.002808835,0.24004294,-74.635254,74.635254,0.8309219,0.5828649,100.0,1.0,20,10.0,0.15288156,0.71985674,-74.62706,-100.36287,1.6245632,-1.5246248,73.616806,0.05135714,0.48431516,0.48431516,6.093515e-05,0.0003,79.634094,0.003706191158294678,2247.1395750045776,485000,,,,,,
71.85864,0.0025540735,0.27697235,-71.85609,71.85609,1.04474,0.57103103,100.0,1.0,20,10.0,0.14588512,0.15086234,-71.894035,-100.27187,1.4585282,-1.5647221,90.97528,0.063148394,0.59657896,0.59657896,6.0196806e-05,0.0003,77.970314,0.003656759262084961,2265.423375606537,490000,,,,,,
75.850426,0.005307364,0.21144441,-75.845116,75.845116,0.7842184,0.5725459,100.0,1.0,20,10.0,0.21881151,0.42168644,-75.86425,-99.883224,1.7780232,-1.1716638,83.64089,0.054947805,0.449001,0.449001,5.945705e-05,0.0003,80.55925,0.0037063871383666994,2283.955314874649,495000,,,,,,
75.574486,0.0036983131,0.22737996,-75.570786,75.570786,0.9721693,0.58515066,100.0,1.0,20,10.0,0.1235442,-0.021036536,-75.6178,-100.03646,1.5348321,-2.3989553,76.223335,0.062487822,0.5688655,0.5688655,5.8716072e-05,0.0003,81.38668,0.003720838212966919,2302.5595095157623,500000,,,,,,
78.56169,0.003265427,0.23969756,-78.558426,78.558426,0.85798144,0.5829512,100.0,1.0,20,10.0,0.08506538,0.039482996,-78.56561,-100.328186,1.1111444,-2.147825,74.312454,0.054052837,0.5001613,0.5001613,5.7974077e-05,0.0003,83.64837,0.014194908905029297,2373.5340583324432,505000,,,,,,
76.74492,0.006700586,0.45798063,-76.73822,76.73822,1.0088166,0.5669398,100.0,1.0,20,10.0,0.16172664,0.1546838,-76.9512,-100.18585,1.4215059,-1.2934682,91.14337,0.07056707,0.5719383,0.5719383,5.7231267e-05,0.0003,82.62603,0.003644151544570923,2391.754820585251,510000,,,,,,
76.63217,0.0032887922,0.22234863,-76.62888,76.62888,0.93616134,0.58218706,100.0,1.0,20,10.0,0.08996259,0.029669255,-76.61818,-100.19672,1.6570456,-1.6982588,78.90662,0.071209505,0.545021,0.545021,5.6487854e-05,0.0003,82.17235,0.003702488040924072,2410.267264842987,515000,,,,,,
75.2323,0.009106565,0.46619862,-75.22319,75.22319,1.1221142,0.5808523,100.0,1.0,20,10.0,0.16243213,0.06471652,-75.44786,-99.780815,1.485245,-1.2941735,92.62569,0.05626312,0.65178263,0.65178263,5.574403e-05,0.0003,81.91255,0.0037162302017211915,2428.848421573639,520000,,,,,,
74.00985,0.0054382808,0.2603925,-74.00441,74.00441,0.96730727,0.5822696,100.0,1.0,20,10.0,0.24955374,0.19282061,-74.060455,-100.1409,1.3509598,-1.380261,103.54924,0.060569704,0.5632336,0.5632336,5.5000004e-05,0.0003,79.89175,0.0036471989154815672,2447.0844202041626,525000,,,,,,
74.924904,0.0044693807,0.25959063,-74.92043,74.92043,0.8956572,0.5818402,100.0,1.0,20,10.0,0.1422895,0.18762618,-74.935196,-100.36168,1.5475309,-1.5428059,69.702385,0.05600916,0.52112937,0.52112937,5.4255972e-05,0.0003,80.27849,0.003704115676879883,2465.605003595352,530000,,,,,,
76.28392,0.0073376335,0.36713666,-76.27658,76.27658,1.1153711,0.56939954,100.0,1.0,20,10.0,0.11333167,0.17100295,-76.4367,-99.67309,1.696676,-2.6271083,91.308136,0.054919124,0.6350918,0.6350918,5.3512147e-05,0.0003,82.74817,0.0036993255615234374,2484.101635694504,535000,,,,,,
75.14472,0.0027176368,0.24203303,-75.142006,75.142006,0.9849316,0.55435055,100.0,1.0,20,10.0,0.17646272,0.33757988,-75.191086,-99.94637,1.6880423,-1.4270372,77.19374,0.051883798,0.5459974,0.5459974,5.276873e-05,0.0003,80.78116,0.003652362298965454,2502.363451242447,540000,,,,,,
74.24123,0.010986919,0.49443752,-74.23024,74.23024,1.1560544,0.55651444,100.0,1.0,20,10.0,0.08780603,0.3191035,-74.489716,-100.35185,1.8460315,-2.7179883,88.43854,0.06568225,0.643361,0.643361,5.2025924e-05,0.0003,80.76264,0.0037027365684509277,2520.8771381378174,545000,,,,,,
72.76792,0.0028837766,0.21893251,-72.76504,72.76504,0.8344851,0.55020624,100.0,1.0,20,10.0,0.14200926,0.24540785,-72.76036,-99.920616,1.9154071,-1.9674631,87.04581,0.065484494,0.45913893,0.45913893,5.1283936e-05,0.0003,77.50132,0.0037072384357452392,2539.4133348464966,550000,,,,,,
76.1722,0.006933512,0.35590747,-76.16527,76.16527,1.078355,0.529523,100.0,1.0,20,10.0,0.1382295,0.11460635,-76.337204,-99.73412,2.5908055,-2.007062,92.81549,0.049774133,0.5710138,0.5710138,5.0542945e-05,0.0003,82.02057,0.0036565972805023194,2557.696325778961,555000,,,,,,
76.90698,0.053878527,0.49246144,-76.8531,76.8531,1.5971398,0.536088,100.0,1.0,20,10.0,0.097734824,0.2889632,-76.84193,-99.69206,5.242839,-10.834042,159.69809,0.11889076,0.8562075,0.8562075,4.9803188e-05,0.0003,85.56679,0.0037086249828338622,2576.239454984665,560000,,,,,,
75.52902,0.028653843,0.42121947,-75.50037,75.50037,1.568883,0.58780974,100.0,1.0,20,10.0,0.19599402,0.010711491,-75.52226,-99.52436,12.053634,-9.082304,205.54953,0.11169948,0.92220473,0.92220473,4.9064853e-05,0.0003,84.94706,0.003704605960845947,2594.7624883651733,565000,,,,,,
75.78549,0.025023937,0.44695234,-75.76047,75.76047,1.3019463,0.6182882,100.0,1.0,20,10.0,0.16577822,0.22056483,-75.81174,-99.30037,5.302715,-5.7770185,154.57977,0.124334276,0.804978,0.804978,4.8328133e-05,0.0003,84.00105,0.0036498236656188963,2613.0116107463837,570000,,,,,,
76.85251,0.019576315,0.405212,-76.83293,76.83293,1.1599841,0.66776353,100.0,1.0,20,10.0,0.22028299,0.08815442,-76.87733,-99.39905,7.245208,-3.025053,158.76395,0.089786984,0.77459514,0.77459514,4.7593247e-05,0.0003,84.81874,0.003721116065979004,2631.6171958446503,575000,,,,,,
78.07701,0.014357669,0.3822072,-78.06265,78.06265,1.1406938,0.6874253,100.0,1.0,20,10.0,0.13784136,0.09831023,-78.060104,-98.989815,5.931252,-2.8119628,156.12726,0.099788755,0.7841417,0.7841417,4.686038e-05,0.0003,86.05627,0.00372044358253479,2650.219422340393,580000,,,,,,
76.3948,0.010700223,0.382615,-76.3841,76.3841,1.1666063,0.7092403,100.0,1.0,20,10.0,0.19735889,0.15586422,-76.397125,-99.15937,8.26133,-8.130796,175.689,0.10177155,0.8274042,0.8274042,4.612974e-05,0.0003,84.866196,0.003652633810043335,2668.482595682144,585000,,,,,,
76.44791,0.014446399,0.36365217,-76.43346,76.43346,1.0993278,0.73008436,100.0,1.0,20,10.0,0.14386773,-0.04946944,-76.5426,-98.972206,3.6596835,-3.5625968,160.43622,0.08134246,0.80260205,0.80260205,4.540152e-05,0.0003,84.6178,0.0037065317153930663,2687.0152587890625,590000,,,,,,
73.074135,0.009671147,0.40863,-73.06446,73.06446,1.1096928,0.78208756,100.0,1.0,20,10.0,0.27325547,-0.040546834,-73.15468,-99.03276,5.9615865,-6.0542736,160.91016,0.099046834,0.867877,0.867877,4.467592e-05,0.0003,82.02616,0.0037229207992553713,2705.629867076874,595000,,,,,,
77.379944,0.018264573,0.35732675,-77.36168,77.36168,1.0068703,0.7935416,100.0,1.0,20,10.0,0.17596424,-7.810513,-77.36518,-98.85437,3.83707,-3.4387865,144.33755,0.080452934,0.7989935,0.7989935,4.3953154e-05,0.0003,85.545845,0.003651900863647461,2723.8893756866455,600000,,,,,,
74.45456,0.0123125855,0.35918874,-74.442245,74.442245,0.97944576,0.7765325,100.0,1.0,20,10.0,0.11899252,0.034751683,-74.48796,-99.02962,2.2972705,-2.5159557,133.37752,0.08098641,0.7605715,0.7605715,4.3233405e-05,0.0003,82.17927,0.018484542798995973,2816.3120934963226,605000,,,,,,
71.778625,0.01712195,0.40845713,-71.761505,71.761505,1.053593,0.76259154,100.0,1.0,20,10.0,0.22814617,0.08981535,-71.806625,-98.94416,3.8111203,-3.9720175,136.54865,0.08697778,0.8034611,0.8034611,4.251687e-05,0.0003,80.04138,0.0037029247283935545,2834.826721429825,610000,,,,,,
73.877594,0.010310585,0.32948023,-73.86729,73.86729,0.91163707,0.747136,100.0,1.0,20,10.0,0.14152443,-0.20653954,-73.92382,-99.23167,2.0692282,-1.8204093,112.6907,0.086743176,0.6811168,0.6811168,4.1803753e-05,0.0003,80.830284,0.0036470486164093016,2853.0619690418243,615000,,,,,,
73.996376,0.0076541863,0.33322102,-73.98872,73.98872,1.0145017,0.75426173,100.0,1.0,20,10.0,0.20081772,0.17331149,-74.038666,-98.910484,5.205006,-5.3033013,129.59604,0.08291119,0.76519984,0.76519984,4.1094238e-05,0.0003,81.8492,0.0037224536418914793,2871.674241542816,620000,,,,,,
73.377304,0.009351594,0.3253851,-73.36795,73.36795,0.9897994,0.7565714,100.0,1.0,20,10.0,0.33436605,0.016090214,-73.434944,-98.78031,6.365315,-6.5392075,139.50807,0.083181605,0.7488539,0.7488539,4.0388528e-05,0.0003,81.20021,0.0037168866634368896,2890.2586827278137,625000,,,,,,
78.00522,0.011120902,0.3518632,-77.994095,77.994095,0.9362377,0.7557381,100.0,1.0,20,10.0,0.11853298,-0.03807898,-78.02472,-98.928505,3.9542415,-2.891903,124.64888,0.07853818,0.70755047,0.70755047,3.9686805e-05,0.0003,85.19926,0.003648743724822998,2908.502405643463,630000,,,,,,
76.06344,0.008013429,0.36375678,-76.05543,76.05543,1.0132593,0.7416582,100.0,1.0,20,10.0,0.1395017,-0.022101715,-76.07973,-99.00263,4.3856363,-5.5777526,120.96869,0.09448587,0.751492,0.751492,3.8989278e-05,0.0003,83.717865,0.0037012144565582274,2927.00848197937,635000,,,,,,
75.76316,0.008183291,0.36829016,-75.754974,75.754974,0.9316178,0.7460543,100.0,1.0,20,10.0,0.16430148,-0.0042796433,-75.76184,-98.69073,2.3742578,-2.4683676,111.247696,0.07964563,0.6950375,0.6950375,3.8296123e-05,0.0003,82.87784,0.003718648862838745,2945.601730108261,640000,,,,,,
73.99321,0.007443744,0.36861682,-73.98576,73.98576,1.2054183,0.74152243,100.0,1.0,20,10.0,0.12919855,0.28866094,-74.03786,-98.72607,2.3955677,-2.1612074,116.796684,0.085593045,0.8938447,0.8938447,3.7607537e-05,0.0003,83.06085,0.003648933696746826,2963.8464024066925,645000,,,,,,
76.87193,0.009859739,0.33473065,-76.862076,76.862076,0.95108134,0.7517122,100.0,1.0,20,10.0,0.11388737,0.2153418,-76.895996,-99.02132,1.9268409,-2.5857189,122.45552,0.07966192,0.7149395,0.7149395,3.692371e-05,0.0003,84.13521,0.003701331901550293,2982.3530654907227,650000,,,,,,
73.93461,0.006405533,0.32443196,-73.9282,73.9282,0.8185974,0.7567387,100.0,1.0,20,10.0,0.11218209,0.19506836,-73.97978,-99.08026,3.9721224,-4.4588647,105.745605,0.06850908,0.61946434,0.61946434,3.6244823e-05,0.0003,80.24143,0.0036640119552612304,3000.6731295585632,655000,,,,,,
75.52208,0.008223894,0.3610441,-75.513855,75.513855,0.9860358,0.75892174,100.0,1.0,20,10.0,0.13656728,0.19003305,-75.526344,-99.40687,6.695675,-9.29574,141.71906,0.08191013,0.74832404,0.74832404,3.5571058e-05,0.0003,83.141884,0.0037023577213287353,3019.1849224567413,660000,,,,,,
75.84619,0.0051873955,0.32039753,-75.841,75.841,1.1048106,0.76214874,100.0,1.0,20,10.0,0.11511736,0.16961968,-75.840256,-98.69696,2.9743361,-3.4708388,135.17184,0.079265624,0.8420299,0.8420299,3.490261e-05,0.0003,84.38161,0.003714176893234253,3037.7558109760284,665000,,,,,,
73.12918,0.003802651,0.3567798,-73.12538,73.12538,1.0376625,0.7613812,100.0,1.0,20,10.0,0.18366033,0.25674886,-73.199814,-99.07016,1.4566013,-2.3993297,108.407455,0.07999132,0.7900567,0.7900567,3.4239645e-05,0.0003,81.21341,0.00364967041015625,3056.0041670799255,670000,,,,,,
78.1641,0.0069018686,0.34681395,-78.157196,78.157196,0.9235305,0.7669436,100.0,1.0,20,10.0,0.15568669,0.106317505,-78.171135,-98.81725,2.0047228,-2.2547996,117.1088,0.08628963,0.7082958,0.7082958,3.3582368e-05,0.0003,85.40274,0.0037047390937805175,3074.5278663635254,675000,,,,,,
76.224075,0.0074192267,0.35959113,-76.21666,76.21666,1.0274311,0.78135633,100.0,1.0,20,10.0,0.13502255,0.08758846,-76.310165,-99.29511,2.719387,-3.5646262,131.95856,0.07137233,0.8027898,0.8027898,3.2930948e-05,0.0003,84.387,0.003717686414718628,3093.1163024902344,680000,,,,,,
77.40376,0.008472177,0.33876175,-77.395294,77.395294,0.97928333,0.7909042,100.0,1.0,20,10.0,0.1107109,-0.27982092,-77.417816,-98.80119,4.8302417,-7.1656876,125.44526,0.084964946,0.7745193,0.7745193,3.228555e-05,0.0003,85.25967,0.003654703950881958,3111.38982629776,685000,,,,,,
75.10493,0.008630199,0.42753115,-75.0963,75.0963,0.92925894,0.78702974,100.0,1.0,20,10.0,0.20485848,0.084271744,-75.22261,-98.64218,3.4196699,-2.644683,131.39317,0.090150565,0.7313545,0.7313545,3.1646374e-05,0.0003,82.62333,0.0037022775650024414,3129.901217699051,690000,,,,,,
74.95461,0.0061962022,0.3437165,-74.94842,74.94842,0.9420499,0.7789321,100.0,1.0,20,10.0,0.20193481,-0.05373153,-75.00256,-98.38525,1.5404899,-3.0676827,138.68814,0.08112326,0.7337929,0.7337929,3.1013573e-05,0.0003,82.49448,0.003701424169540405,3148.40834236145,695000,,,,,,
74.35624,0.00441069,0.41250083,-74.35183,74.35183,0.82551855,0.77396584,100.0,1.0,20,10.0,0.10365443,0.07930723,-74.42898,-99.2206,5.22548,-3.5356436,128.28473,0.09151008,0.63892317,0.63892317,3.0387337e-05,0.0003,80.84912,0.0036422513484954833,3166.619603395462,700000,,,,,,
76.540535,0.005264868,0.33474267,-76.53527,76.53527,0.89753926,0.75141007,100.0,1.0,20,10.0,0.11030051,0.5224271,-76.54039,-98.68549,1.9467369,-1.8847187,113.6486,0.07770775,0.67442,0.67442,2.9767822e-05,0.0003,83.395035,0.01842894878387451,3258.7643513679504,705000,,,,,,
78.28085,0.0059193326,0.43077636,-78.27493,78.27493,1.115873,0.74278474,100.0,1.0,20,10.0,0.080126226,0.08264102,-78.33707,-98.777145,3.286785,-5.0748234,126.18878,0.08571856,0.8288534,0.8288534,2.9155208e-05,0.0003,86.64951,0.0037032176017761233,3277.280444383621,710000,,,,,,
73.7628,0.005660764,0.37056223,-73.75714,73.75714,1.1102585,0.7338032,100.0,1.0,20,10.0,0.09329671,0.27251905,-73.82762,-98.70516,2.5654354,-2.8494194,146.70178,0.08308238,0.8147112,0.8147112,2.8549664e-05,0.0003,82.00321,0.003651435708999634,3295.5376269817352,715000,,,,,,
72.1798,0.0047126985,0.40824634,-72.17509,72.17509,1.1400045,0.7117037,100.0,1.0,20,10.0,0.1626461,0.6215292,-72.271515,-98.86963,3.5904937,-5.0687456,119.01793,0.09573722,0.81134546,0.81134546,2.7951346e-05,0.0003,80.4559,0.003706040573120117,3314.067836999893,720000,,,,,,
75.02068,0.00502721,0.38569275,-75.015656,75.015656,1.0885028,0.6971938,100.0,1.0,20,10.0,0.28624794,0.061924994,-75.087776,-98.869026,3.09955,-2.159221,124.88366,0.08301139,0.7588974,0.7588974,2.736043e-05,0.0003,82.895905,0.00372350492477417,3332.6853663921356,725000,,,,,,
71.998886,0.0031809355,0.42316318,-71.995705,71.995705,0.8444255,0.69682163,100.0,1.0,20,10.0,0.16581327,0.21505208,-72.16084,-98.90227,1.9328694,-2.3680742,113.64203,0.07406111,0.58841395,0.58841395,2.6777061e-05,0.0003,78.048836,0.0036532763957977297,3350.9517529010773,730000,,,,,,
75.44264,0.006634852,0.44493335,-75.436005,75.436005,1.0478004,0.6834337,100.0,1.0,20,10.0,0.118698224,0.14643347,-75.51918,-99.07664,2.2666957,-2.0700362,127.079895,0.072885826,0.7161021,0.7161021,2.6201416e-05,0.0003,82.72236,0.003709150218963623,3369.49750828743,735000,,,,,,
75.200096,0.005332784,0.43319243,-75.19476,75.19476,1.0457187,0.6775555,100.0,1.0,20,10.0,0.10364702,-0.11634956,-75.32993,-98.997475,3.9995613,-4.1202793,121.5649,0.06902431,0.70853245,0.70853245,2.5633639e-05,0.0003,82.38907,0.0036474685192108155,3387.7348551750183,740000,,,,,,
74.91241,0.003935401,0.37788457,-74.90847,74.90847,1.3455095,0.692503,100.0,1.0,20,10.0,0.1564346,0.15776727,-75.00286,-99.05516,9.785533,-7.438874,167.86789,0.064016834,0.9317694,0.9317694,2.5073889e-05,0.0003,84.386536,0.003704973554611206,3406.2597272396088,745000,,,,,,
75.00549,0.0060697035,0.32660836,-74.99942,74.99942,1.0640965,0.69370043,100.0,1.0,20,10.0,0.1142052,0.036054954,-75.08345,-98.81886,3.4860306,-5.0909753,137.28616,0.07978527,0.7381642,0.7381642,2.4522331e-05,0.0003,82.50134,0.003714194297790527,3424.8307032585144,750000,,,,,,
76.818375,0.005767054,0.35346377,-76.81261,76.81261,1.0370405,0.6948541,100.0,1.0,20,10.0,0.12562308,0.1254141,-76.86145,-99.20984,1.8717382,-1.4022111,114.66206,0.0940412,0.7205918,0.7205918,2.3979092e-05,0.0003,84.14992,0.0036522566318511964,3443.0919902324677,755000,,,,,,
71.72814,0.0040755924,0.46735606,-71.72407,71.72407,0.9442638,0.70008343,100.0,1.0,20,10.0,0.1451411,0.19077982,-71.83368,-98.937126,4.5105042,-2.2832985,114.87518,0.07385716,0.66106343,0.66106343,2.3444345e-05,0.0003,78.48392,0.0037116820335388184,3461.650404691696,760000,,,,,,
73.997856,0.004233113,0.35217193,-73.99362,73.99362,0.9780869,0.6954058,100.0,1.0,20,10.0,0.11668814,0.07287964,-74.03551,-98.76127,4.8956976,-2.5581017,154.03073,0.077638924,0.6801673,0.6801673,2.2918219e-05,0.0003,80.91622,0.003715092086791992,3480.2258694171906,765000,,,,,,
76.39311,0.005234845,0.38157293,-76.38788,76.38788,0.96778,0.69085664,100.0,1.0,20,10.0,0.10052129,-0.03982213,-76.48508,-99.01707,1.6915886,-1.8954523,120.36787,0.090711355,0.6685972,0.6685972,2.2400869e-05,0.0003,83.17961,0.0036540026187896727,3498.495887041092,770000,,,,,,
74.5899,0.004642886,0.39184362,-74.58525,74.58525,0.9733537,0.70438945,100.0,1.0,20,10.0,0.21681356,0.05176431,-74.649506,-98.80488,3.709514,-3.4582376,142.45114,0.107888296,0.68562007,0.68562007,2.1892429e-05,0.0003,81.66291,0.0037048325061798094,3517.020053625107,775000,,,,,,
72.5182,0.0053541097,0.4059798,-72.51285,72.51285,1.1659927,0.7020538,100.0,1.0,20,10.0,0.12916425,0.2391019,-72.63551,-98.877426,5.3326044,-3.432292,162.29034,0.07636201,0.8185896,0.8185896,2.1393029e-05,0.0003,80.83327,0.003702449035644531,3535.5323028564453,780000,,,,,,
72.94193,0.005873187,0.43535304,-72.93606,72.93606,1.0158017,0.70889837,100.0,1.0,20,10.0,0.12227479,0.14781162,-73.045616,-99.07126,5.227081,-2.635016,172.43318,0.07686712,0.7201001,0.7201001,2.0902831e-05,0.0003,80.26521,0.0036467998504638673,3553.766305923462,785000,,,,,,
74.87859,0.007314314,0.39419717,-74.87128,74.87128,1.1365616,0.72020215,100.0,1.0,20,10.0,0.10433159,0.028103769,-74.91554,-98.46119,1.7972882,-2.4640043,133.61626,0.07732549,0.81855404,0.81855404,2.0421947e-05,0.0003,83.168465,0.0037132341384887696,3572.332484483719,790000,,,,,,
75.23757,0.0047242674,0.37106356,-75.23285,75.23285,0.90587264,0.7344964,100.0,1.0,20,10.0,0.10965991,0.08572611,-75.279755,-98.82437,3.9400172,-2.9141996,129.41133,0.094485566,0.6653602,0.6653602,1.9950523e-05,0.0003,82.00083,0.003656891393661499,3590.616945505142,795000,,,,,,
72.98024,0.004550117,0.39262533,-72.97569,72.97569,0.88989556,0.7433616,100.0,1.0,20,10.0,0.104531534,0.26578557,-73.0526,-99.01222,2.8139687,-1.9391757,127.06412,0.09104291,0.66151416,0.66151416,1.9488682e-05,0.0003,79.69991,0.0037180996894836424,3609.207448720932,800000,,,,,,
76.03721,0.0050448943,0.40881097,-76.032166,76.032166,0.8757034,0.74699867,100.0,1.0,20,10.0,0.07979789,0.0025169253,-76.15018,-99.21011,2.4818766,-3.0910735,138.66302,0.07706988,0.65414923,0.65414923,1.9036543e-05,0.0003,82.65849,0.017441774892807006,3696.416330099106,805000,,,,,,
74.19453,0.004182878,0.4124868,-74.190346,74.190346,1.0637572,0.7560426,100.0,1.0,20,10.0,0.109386854,0.16498199,-74.2769,-98.77799,3.4099312,-2.8910766,133.5937,0.09141945,0.80424577,0.80424577,1.859424e-05,0.0003,82.346375,0.0036563178062438964,3714.6979262828827,810000,,,,,,
74.781044,0.0046142256,0.4159354,-74.77643,74.77643,1.0760899,0.764114,100.0,1.0,20,10.0,0.33909482,0.16353309,-74.8892,-99.17656,4.1219945,-6.5040054,175.5484,0.094926514,0.8222554,0.8222554,1.8161878e-05,0.0003,83.3427,0.0037232158184051516,3733.3140094280243,815000,,,,,,
73.20223,0.0038110598,0.43715662,-73.19842,73.19842,0.8727807,0.76844776,100.0,1.0,20,10.0,0.20297289,0.13474934,-73.299576,-98.898155,2.291806,-2.0824075,135.00012,0.07004402,0.67068636,0.67068636,1.7739603e-05,0.0003,80.11207,0.0037105101585388186,3751.8665652275085,820000,,,,,,
75.840515,0.0043873414,0.38917184,-75.83613,75.83613,1.0239724,0.768477,100.0,1.0,20,10.0,0.11439516,0.26298025,-75.846725,-98.8146,2.4574635,-3.9677207,143.07924,0.080836624,0.7868992,0.7868992,1.7327511e-05,0.0003,83.8239,0.003663838481903076,3770.185762166977,825000,,,,,,
73.839195,0.0037154946,0.41889393,-73.83548,73.83548,0.9280062,0.76306075,100.0,1.0,20,10.0,0.08799969,0.11162248,-73.96016,-98.91041,2.7959864,-4.70428,127.94237,0.06775966,0.70812505,0.70812505,1.6925713e-05,0.0003,81.008446,0.0037114741802215575,3788.7431371212006,830000,,,,,,
74.812904,0.0041552056,0.4528431,-74.80875,74.80875,0.9447292,0.7443659,100.0,1.0,20,10.0,0.17136009,0.058508694,-74.87941,-98.747375,2.4244812,-2.7832775,142.56227,0.08847992,0.7032242,0.7032242,1.653433e-05,0.0003,82.01651,0.003707730484008789,3807.281793832779,835000,,,,,,
73.64627,0.005234123,0.37114757,-73.64104,73.64104,1.12172,0.73734474,100.0,1.0,20,10.0,0.094429955,0.06380457,-73.71271,-98.14062,2.749088,-3.4293103,137.18738,0.074720636,0.8270943,0.8270943,1.6153459e-05,0.0003,82.01164,0.0036486345291137697,3825.524971008301,840000,,,,,,
76.03918,0.004308356,0.39038694,-76.03487,76.03487,0.8557159,0.74537426,100.0,1.0,20,10.0,0.077934116,0.14844707,-76.10418,-98.38618,2.4608417,-2.3824415,131.73862,0.085913636,0.6378286,0.6378286,1.5783213e-05,0.0003,82.4954,0.003711894607543945,3844.084448337555,845000,,,,,,
73.57487,0.0043348,0.4067685,-73.57053,73.57053,1.0175629,0.7292998,100.0,1.0,20,10.0,0.087201454,0.16170976,-73.60826,-98.067154,2.0972884,-3.9348507,129.84,0.088780165,0.74210835,0.74210835,1.542368e-05,0.0003,81.08315,0.003740889263153076,3862.788898706436,850000,,,,,,
75.44261,0.004609897,0.40046352,-75.438,75.438,1.0062125,0.7307331,100.0,1.0,20,10.0,0.10731503,0.11854535,-75.53617,-99.11141,2.6579456,-2.6351502,128.63599,0.08500987,0.73527277,0.73527277,1.5074969e-05,0.0003,82.90266,0.0036538368701934817,3881.058087348938,855000,,,,,,
71.6434,0.006366424,0.5458711,-71.63704,71.63704,0.96543956,0.725604,100.0,1.0,20,10.0,0.13866013,0.07269026,-71.81008,-99.232,2.2023878,-2.057711,133.88303,0.070349306,0.70052683,0.70052683,1.4737181e-05,0.0003,78.78732,0.003713474702835083,3899.6254649162292,860000,,,,,,
74.11018,0.0052182185,0.43022722,-74.104965,74.104965,1.1440673,0.70844144,100.0,1.0,20,10.0,0.15397377,0.3416922,-74.187256,-99.088326,3.1490977,-2.3628542,160.37703,0.091275446,0.8105047,0.8105047,1.4410394e-05,0.0003,82.36921,0.0036492559432983397,3917.871749162674,865000,,,,,,
76.73139,0.0041121584,0.37033507,-76.72728,76.72728,1.0453936,0.7088694,100.0,1.0,20,10.0,0.11187557,0.003281489,-76.79815,-99.05625,2.3472857,-2.379462,138.68385,0.09527767,0.7410475,0.7410475,1.4094706e-05,0.0003,84.253746,0.003722586488723755,3936.484689474106,870000,,,,,,
73.01875,0.004613012,0.4665168,-73.01414,73.01414,1.1166686,0.71722925,100.0,1.0,20,10.0,0.09974999,-0.063588545,-73.10828,-98.85971,2.7652292,-2.662573,144.39514,0.0798682,0.8009074,0.8009074,1.37902e-05,0.0003,81.12757,0.003704632806777954,3955.0078585147858,875000,,,,,,
73.89702,0.003845599,0.4166253,-73.89317,73.89317,0.9603847,0.71718496,100.0,1.0,20,10.0,0.13306864,0.10195203,-74.00906,-98.05335,2.6738963,-2.4405186,131.81404,0.10582496,0.6887735,0.6887735,1.3496962e-05,0.0003,80.91782,0.0036585566520690917,3973.3006463050842,880000,,,,,,
71.314156,0.0043436727,0.36703807,-71.309814,71.309814,0.88782316,0.71553594,100.0,1.0,20,10.0,0.094698384,0.2803446,-71.37432,-98.10862,1.6878631,-2.4890883,142.46487,0.08964505,0.6352694,0.6352694,1.3215067e-05,0.0003,77.76154,0.0037065553665161133,3991.833427429199,885000,,,,,,
72.83928,0.0035124843,0.4155775,-72.83577,72.83577,1.0983601,0.7187803,100.0,1.0,20,10.0,0.094909176,0.1762502,-72.87683,-98.76469,2.008191,-2.5849783,144.56645,0.09440227,0.78947955,0.78947955,1.2944596e-05,0.0003,80.82899,0.003728924322128296,4010.478052854538,890000,,,,,,
72.96383,0.004090164,0.42585957,-72.95974,72.95974,1.0172848,0.7148579,100.0,1.0,20,10.0,0.097221166,0.14157444,-73.08235,-98.78874,2.1494257,-2.7169166,152.89969,0.09345895,0.72721404,0.72721404,1.26856285e-05,0.0003,80.33319,0.003647050380706787,4028.7133090496063,895000,,,,,,
75.00603,0.0043915487,0.40281644,-75.00163,75.00163,1.0325053,0.7223838,100.0,1.0,20,10.0,0.09183277,0.15418266,-75.129135,-98.60079,3.7608829,-2.2664595,156.93062,0.07633123,0.74586505,0.74586505,1.2438221e-05,0.0003,82.55651,0.0037176246166229247,4047.301436662674,900000,,,,,,
76.96701,0.004119523,0.4062406,-76.96289,76.96289,0.9320632,0.73189306,100.0,1.0,20,10.0,0.12440875,0.042626023,-77.013885,-98.83303,4.007827,-1.7067056,166.20361,0.09040387,0.6821706,0.6821706,1.22024585e-05,0.0003,83.91313,0.017615433502197266,4135.378608226776,905000,,,,,,
73.12624,0.0046609645,0.4692326,-73.12158,73.12158,1.0857397,0.7287648,100.0,1.0,20,10.0,0.11531111,0.0039690733,-73.248184,-98.41502,6.1240926,-4.818967,189.49973,0.09575719,0.79124886,0.79124886,1.1978389e-05,0.0003,81.154045,0.003650184965133667,4153.62953710556,910000,,,,,,
73.58258,0.0054284018,0.40521124,-73.57715,73.57715,0.8574952,0.74050796,100.0,1.0,20,10.0,0.111270055,0.10453534,-73.662964,-98.772675,2.0631106,-2.1760828,138.05836,0.07617818,0.634982,0.634982,1.1766084e-05,0.0003,80.04367,0.003704540920257568,4172.15224647522,915000,,,,,,
74.63578,0.0032620598,0.4095301,-74.632515,74.632515,1.1020936,0.73848456,100.0,1.0,20,10.0,0.123182,0.29200482,-74.75094,-98.6924,4.0701246,-2.9373116,163.98318,0.09241187,0.81387913,0.81387913,1.1565597e-05,0.0003,82.89776,0.003714718151092529,4190.72584104538,920000,,,,,,
75.12963,0.004669561,0.42049474,-75.12496,75.12496,0.9521869,0.74168026,100.0,1.0,20,10.0,0.11669122,0.081327036,-75.25313,-98.61487,2.5980887,-3.8594294,128.01993,0.082261845,0.70621824,0.70621824,1.1376989e-05,0.0003,82.3085,0.0036470876693725585,4208.961283683777,925000,,,,,,
72.5294,0.0043288493,0.41266587,-72.52508,72.52508,0.9887546,0.7492963,100.0,1.0,20,10.0,0.08908877,0.19044736,-72.592255,-98.95753,4.5000973,-6.500425,170.92227,0.060462806,0.7408701,0.7408701,1.1200302e-05,0.0003,80.02719,0.00372342267036438,4227.578401327133,930000,,,,,,
76.093704,0.0046536676,0.41038632,-76.08905,76.08905,0.96265864,0.7554671,100.0,1.0,20,10.0,0.07232423,0.0626211,-76.12713,-98.431435,1.7553395,-2.2818959,124.81835,0.08605559,0.72725695,0.72725695,1.103559e-05,0.0003,83.4386,0.003711767625808716,4246.137243509293,935000,,,,,,
74.54712,0.004391432,0.46244773,-74.542725,74.542725,0.90433395,0.7601864,100.0,1.0,20,10.0,0.1327772,0.10496931,-74.723816,-98.508385,1.9777036,-2.1588738,143.70055,0.0839096,0.68746233,0.68746233,1.0882903e-05,0.0003,81.55452,0.0036656155586242676,4264.465325117111,940000,,,,,,
76.50104,0.0034760449,0.37002444,-76.49756,76.49756,0.97008264,0.76962346,100.0,1.0,20,10.0,0.11798553,-5.149354,-76.568825,-98.81416,2.8996716,-4.12216,163.92053,0.07736459,0.74659836,0.74659836,1.0742272e-05,0.0003,84.08501,0.003713673257827759,4283.033695697784,945000,,,,,,
72.686104,0.0046609766,0.4388346,-72.68144,72.68144,0.88217825,0.766167,100.0,1.0,20,10.0,0.08429612,0.12982741,-72.82477,-98.58168,2.7864594,-3.1021032,132.8304,0.07563166,0.6758958,0.6758958,1.061374e-05,0.0003,79.52936,0.0036546343326568603,4301.306870937347,950000,,,,,,
74.276955,0.0049223388,0.44265267,-74.27203,74.27203,0.94847196,0.7563181,100.0,1.0,20,10.0,0.081212334,-0.119170725,-74.36588,-98.65213,2.6755567,-2.8866024,136.7169,0.08695601,0.7173465,0.7173465,1.0497346e-05,0.0003,81.53163,0.003704937505722046,4319.831562280655,955000,,,,,,
74.593765,0.0043024905,0.38752836,-74.58946,74.58946,0.9424986,0.7559027,100.0,1.0,20,10.0,0.0977395,0.08510767,-74.675,-98.27255,2.8851988,-3.322401,143.00513,0.07838275,0.7124372,0.7124372,1.0393118e-05,0.0003,81.81588,0.003717050123214722,4338.416816711426,960000,,,,,,
72.631874,0.0044478048,0.3701048,-72.627426,72.627426,0.782219,0.75451034,100.0,1.0,20,10.0,0.146864,0.003895387,-72.75736,-98.73726,1.7649229,-2.9432702,152.76529,0.083894074,0.5901923,0.5901923,1.0301083e-05,0.0003,78.680664,0.003649152135848999,4356.662582159042,965000,,,,,,
74.51462,0.0039241053,0.39615527,-74.5107,74.5107,0.98545575,0.7572326,100.0,1.0,20,10.0,0.083921924,0.057132497,-74.565765,-98.77143,2.6724927,-5.113829,133.75735,0.078907445,0.7462193,0.7462193,1.0221269e-05,0.0003,82.06073,0.0037081130504608155,4375.203151702881,970000,,,,,,
74.70466,0.0058713574,0.37770903,-74.698784,74.698784,0.9302691,0.7528466,100.0,1.0,20,10.0,0.09534988,-3.3214016,-74.82698,-98.61837,1.9179084,-2.217203,136.10477,0.0650057,0.7003499,0.7003499,1.0153698e-05,0.0003,81.80351,0.003719148302078247,4393.798897743225,975000,,,,,,
75.29933,0.004809298,0.410583,-75.294525,75.294525,0.98902327,0.7414717,100.0,1.0,20,10.0,0.12733328,0.18134618,-75.32087,-98.130356,2.8016064,-2.0694468,143.9909,0.08020756,0.73333275,0.73333275,1.0098386e-05,0.0003,82.759995,0.0036493354320526125,4412.045579195023,980000,,,,,,
76.100685,0.0036608141,0.4101626,-76.09702,76.09702,0.87028867,0.7379552,100.0,1.0,20,10.0,0.07326157,0.048822284,-76.2088,-98.8163,2.003215,-1.9767212,132.56969,0.07771437,0.6422341,0.6422341,1.005535e-05,0.0003,82.59629,0.003701975679397583,4430.555461168289,985000,,,,,,
73.38129,0.0034861113,0.45992684,-73.3778,73.3778,0.91903734,0.7445778,100.0,1.0,20,10.0,0.23984475,0.097718894,-73.48636,-98.87054,3.603369,-1.9298236,150.04086,0.10365482,0.6842948,0.6842948,1.0024603e-05,0.0003,80.46408,0.0037044268131256105,4449.07759976387,990000,,,,,,
71.76923,0.004097779,0.38110158,-71.76514,71.76514,0.9434503,0.7437231,100.0,1.0,20,10.0,0.122835934,0.21328077,-71.85129,-99.0099,1.7872082,-3.6425838,138.90202,0.06036737,0.70166576,0.70166576,1.000615e-05,0.0003,78.90872,0.0036470364570617675,4467.312786817551,995000,,,,,,
73.43798,0.004175734,0.4318982,-73.43381,73.43381,1.1122392,0.7472655,100.0,1.0,20,10.0,0.103178576,-0.5523711,-73.55246,-99.1161,8.930289,-6.627259,187.3194,0.08310483,0.831138,0.831138,1e-05,0.0003,81.85254,0.0037185258865356447,4485.905420303345,1000000,,,,,,
72.63321,0.0036434121,0.44918662,-72.62956,72.62956,1.0499926,0.75253624,100.0,1.0,20,10.0,0.112715,0.12822753,-72.77744,-98.39294,3.9645157,-3.6844919,204.44186,0.07823695,0.7901575,0.7901575,1e-05,0.0003,80.6475,0.020136906433105468,4586.589956283569,1005000,4697.0,1.0,1.0,649.0,4.313004732131958,100.0
73.64653,0.0047810967,0.44984958,-73.64175,73.64175,1.096394,0.75927675,100.0,1.0,20,10.0,0.10341369,-0.05605872,-73.72746,-98.54194,4.079411,-3.681815,211.79698,0.091770634,0.8324664,0.8324664,1e-05,0.0003,82.07461,0.006720286273956298,4620.191391944885,1010000,9866.0,1.0,1.0,512.0,3.2920331954956055,100.0
75.31234,0.0038997289,0.43335187,-75.30844,75.30844,1.0643148,0.75641805,100.0,1.0,20,10.0,0.10687573,0.122357875,-75.37175,-98.46262,2.1498866,-2.1859994,154.8523,0.07295698,0.80506694,0.80506694,1e-05,0.0003,83.46988,0.006810375547409058,4654.243273258209,1015000,14925.0,1.0,1.0,441.0,2.9148929119110107,100.0
74.42412,0.0041531115,0.37600195,-74.41997,74.41997,0.8277499,0.76810473,100.0,1.0,20,10.0,0.097560704,0.1402821,-74.51454,-98.47448,4.093782,-4.897505,159.16281,0.074946664,0.63579863,0.63579863,1e-05,0.0003,80.87966,0.0068361318111419675,4688.423936128616,1020000,19076.0,1.0,1.0,386.0,2.567558765411377,100.0
73.84714,0.0035101967,0.41087675,-73.84363,73.84363,0.91447777,0.7573434,100.0,1.0,20,10.0,0.11011958,0.052780747,-73.92003,-98.6935,4.1523905,-5.608779,182.61166,0.09394205,0.69257367,0.69257367,1e-05,0.0003,80.882996,0.00671000657081604,4721.973973751068,1025000,24597.0,1.0,1.0,562.0,3.7225871086120605,100.0
73.30499,0.0042882785,0.4281463,-73.300705,73.300705,0.85328,0.74620575,100.0,1.0,20,10.0,0.08750595,0.19334395,-73.37458,-98.59092,2.5240154,-2.8214045,139.66925,0.07085155,0.63672245,0.63672245,1e-05,0.0003,79.75973,0.006853802824020386,4756.242992401123,1030000,29061.0,1.0,1.0,464.0,3.038633108139038,100.0
77.063995,0.0050359583,0.47864133,-77.05896,77.05896,0.81256723,0.7389241,100.0,1.0,20,10.0,0.076625615,0.10190645,-77.1606,-98.79683,2.20742,-3.7491512,121.14516,0.078482226,0.6004255,0.6004255,1e-05,0.0003,83.144875,0.006769881963729858,4790.092406511307,1035000,34781.0,1.0,1.0,337.0,2.248793363571167,100.0
74.419945,0.00389777,0.36924422,-74.416046,74.416046,1.092444,0.7373051,100.0,1.0,20,10.0,0.10036636,0.23957108,-74.50461,-98.82589,5.8958526,-2.8610601,190.35007,0.069249064,0.80546457,0.80546457,1e-05,0.0003,82.57495,0.006727713632583618,4823.730979204178,1040000,39503.0,1.0,1.0,355.0,2.3646700382232666,100.0
78.26139,0.0039597894,0.39584452,-78.25743,78.25743,0.85253507,0.7273884,100.0,1.0,20,10.0,0.050828576,-0.9441355,-78.312035,-98.23018,5.0914307,-2.0866961,166.24924,0.07470327,0.6201241,0.6201241,1e-05,0.0003,84.51346,0.0068561399459838865,4858.011683702469,1045000,44272.0,1.0,1.0,368.0,2.4387691020965576,100.0
77.23404,0.0037030892,0.43225992,-77.23034,77.23034,1.0605243,0.71888417,100.0,1.0,20,10.0,0.068709895,0.14771257,-77.33643,-98.0857,5.1267056,-7.0809903,169.45096,0.075494915,0.76239413,0.76239413,1e-05,0.0003,84.92669,0.006741650056838989,4891.71993803978,1050000,49336.0,1.0,1.0,447.0,2.9684231281280518,100.0
78.73044,0.0046358714,0.36107373,-78.7258,78.7258,0.9034598,0.71615493,100.0,1.0,20,10.0,0.05025904,-0.012422204,-78.755135,-97.66578,4.4111886,-6.0011806,149.2703,0.095373094,0.6470172,0.6470172,1e-05,0.0003,85.25087,0.006834636306762695,4925.893124818802,1055000,54264.0,1.0,1.0,369.0,2.731473207473755,100.0
78.90851,0.004598494,0.44324765,-78.90391,78.90391,0.9930752,0.70862246,100.0,1.0,20,10.0,0.06319711,0.17967375,-78.981766,-98.80723,2.1445978,-1.9201001,148.24777,0.07912122,0.7037154,0.7037154,1e-05,0.0003,86.00886,0.006552526998519897,4958.655764102936,1060000,59613.0,1.0,1.0,370.0,2.6244280338287354,100.0
77.24386,0.004448399,0.3532654,-77.23941,77.23941,1.0122329,0.70692736,100.0,1.0,20,10.0,0.04973963,0.33993644,-77.29498,-98.613396,2.1471097,-1.5714259,124.2921,0.0856514,0.7155751,0.7155751,1e-05,0.0003,84.44935,0.0064750848293304445,4991.031192541122,1065000,64949.0,1.0,1.0,355.0,2.2706825733184814,100.0
78.78003,0.004317283,0.35507458,-78.77571,78.77571,0.9163993,0.7125962,100.0,1.0,20,10.0,0.10364041,0.2139483,-78.818184,-98.678535,2.1547892,-2.5699089,148.55598,0.0603315,0.65302265,0.65302265,1e-05,0.0003,85.413895,0.006566727828979492,5023.864835500717,1070000,69898.0,0.0,0.0,1000.0,6.767118692398071,0.0
78.44021,0.005102394,0.50683594,-78.435104,78.435104,1.1308776,0.7132573,100.0,1.0,20,10.0,0.07386073,0.17710748,-78.56633,-98.694046,5.2991996,-3.759525,172.76418,0.07674308,0.8066067,0.8066067,1e-05,0.0003,86.58014,0.007700497579574585,5062.367328166962,1075000,74947.0,1.0,1.0,326.0,2.987826347351074,100.0
77.71943,0.0033462367,0.3457194,-77.71608,77.71608,0.9037172,0.7071963,100.0,1.0,20,10.0,0.08508888,0.2137608,-77.769775,-98.494484,4.6871514,-4.1844983,157.99643,0.095217705,0.63910544,0.63910544,1e-05,0.0003,84.19557,0.006714809083938599,5095.941379070282,1080000,79507.0,1.0,1.0,432.0,2.8204355239868164,100.0
77.95005,0.0044185193,0.425704,-77.94563,77.94563,1.0767026,0.7025728,100.0,1.0,20,10.0,0.0827416,-0.00017113984,-77.98363,-98.73397,8.453107,-5.5709877,162.70844,0.0769456,0.75646204,0.75646204,1e-05,0.0003,85.59741,0.006745200300216675,5129.667385101318,1085000,84773.0,1.0,1.0,378.0,2.4889707565307617,100.0
79.34723,0.0038177073,0.38183612,-79.343414,79.343414,1.0846282,0.7058243,100.0,1.0,20,10.0,0.1584108,0.3508706,-79.40938,-98.70303,2.3701198,-3.747328,174.17072,0.09264569,0.765557,0.765557,1e-05,0.0003,87.16121,0.00678888349533081,5163.611806631088,1090000,89646.0,1.0,1.0,362.0,2.4170613288879395,100.0
78.48711,0.003703345,0.3826057,-78.483406,78.483406,1.0471592,0.70984995,100.0,1.0,20,10.0,0.08607246,0.2808089,-78.51991,-98.57588,3.0332005,-4.0261965,173.4197,0.08574645,0.74332595,0.74332595,1e-05,0.0003,86.00644,0.00680025486946106,5197.613085031509,1095000,94974.0,1.0,1.0,329.0,2.1507558822631836,100.0
78.34135,0.003949477,0.4228286,-78.337395,78.337395,0.9934087,0.70382714,100.0,1.0,20,10.0,0.07382425,0.055888996,-78.3855,-98.61397,2.2626436,-2.546353,156.62892,0.0921934,0.699188,0.699188,1e-05,0.0003,85.40705,0.0069096382141113286,5232.161280870438,1100000,99724.0,0.0,0.0,1000.0,6.9754838943481445,0.0
77.217735,0.004600513,0.4044776,-77.213135,77.213135,0.910732,0.71338487,100.0,1.0,20,10.0,0.08638658,0.35209173,-77.28604,-98.706665,3.2351298,-4.4646916,153.91266,0.09100261,0.6497024,0.6497024,1e-05,0.0003,83.80115,0.015386527633666993,5309.093923807144,1105000,104675.0,1.0,1.0,367.0,2.414522409439087,100.0
79.57755,0.004893078,0.36545855,-79.57266,79.57266,0.9927112,0.71267945,100.0,1.0,20,10.0,0.09411645,-0.071266636,-79.63117,-98.76317,2.200761,-2.1906266,124.84315,0.068253025,0.70748484,0.70748484,1e-05,0.0003,86.74652,0.006810220766067505,5343.1450316905975,1110000,109975.0,1.0,1.0,319.0,2.0864086151123047,100.0
78.49619,0.0039375275,0.40385216,-78.492256,78.492256,0.8258367,0.7156705,100.0,1.0,20,10.0,0.09242755,0.1273431,-78.586624,-98.5679,2.9930258,-4.457264,144.03452,0.08605389,0.591027,0.591027,1e-05,0.0003,84.49889,0.006859000253677368,5377.440037250519,1115000,114761.0,1.0,1.0,446.0,2.9709572792053223,100.0
76.31412,0.004136839,0.41985542,-76.30998,76.30998,1.0032525,0.7267988,100.0,1.0,20,10.0,0.0759761,-1.8542625,-76.37453,-98.31806,3.786655,-3.0831285,180.84132,0.08554348,0.7291627,0.7291627,1e-05,0.0003,83.68172,0.006880386209487915,5411.841972351074,1120000,119751.0,1.0,1.0,303.0,2.0251336097717285,100.0
76.74096,0.0040525226,0.38545638,-76.73691,76.73691,1.0562154,0.73241156,100.0,1.0,20,10.0,0.09229754,0.081865355,-76.801994,-98.92872,2.922573,-2.6283512,169.19995,0.09283723,0.7735844,0.7735844,1e-05,0.0003,84.56911,0.006824602460861206,5445.964989185333,1125000,124297.0,0.0,0.0,1000.0,7.052829265594482,0.0
76.234505,0.0045637083,0.42379263,-76.22994,76.22994,1.0148678,0.72330064,100.0,1.0,20,10.0,0.0881595,-0.06470379,-76.293,-98.841934,1.6423302,-2.6713493,145.58069,0.073801965,0.73405457,0.73405457,1e-05,0.0003,83.66321,0.006889090013504028,5480.410442829132,1130000,129839.0,1.0,1.0,310.0,2.068086624145508,100.0
76.72129,0.003666717,0.40132672,-76.71762,76.71762,0.98970985,0.71992195,100.0,1.0,20,10.0,0.079141915,-0.13240413,-76.763626,-98.57835,4.65148,-4.856539,143.4614,0.082780756,0.7125138,0.7125138,1e-05,0.0003,83.92557,0.006907245302200317,5514.946673631668,1135000,134726.0,0.0,0.0,1000.0,6.715027570724487,0.0
77.032486,0.0054383813,0.39679897,-77.02705,77.02705,0.87465334,0.72169745,100.0,1.0,20,10.0,0.06622511,-0.006032586,-77.1461,-99.00415,2.00162,-1.9343411,126.79661,0.093422994,0.63123506,0.63123506,1e-05,0.0003,83.41106,0.006631690645217896,5548.105131864548,1140000,139776.0,0.0,0.0,1000.0,6.518626928329468,0.0
77.474594,0.005443282,0.34435868,-77.469154,77.469154,0.9551144,0.7053232,100.0,1.0,20,10.0,0.09931073,0.17599416,-77.51465,-98.86789,2.600453,-1.9015138,134.08746,0.07414439,0.6736644,0.6736644,1e-05,0.0003,84.31055,0.0068809535503387455,5582.5099041461945,1145000,144766.0,1.0,1.0,337.0,2.281589984893799,100.0
77.12557,0.0049205413,0.40146595,-77.12065,77.12065,1.099072,0.70242906,100.0,1.0,20,10.0,0.059599265,0.22418076,-77.173386,-98.7874,3.5805535,-5.100693,150.1167,0.06268373,0.7720201,0.7720201,1e-05,0.0003,84.90537,0.006865775346755982,5616.83878493309,1150000,149620.0,1.0,1.0,301.0,1.9864928722381592,100.0
79.16535,0.004139186,0.37462965,-79.16121,79.16121,1.0367244,0.70913196,100.0,1.0,20,10.0,0.06777163,0.19861901,-79.20415,-99.17434,2.3786414,-3.7837496,139.34778,0.07530022,0.7351744,0.7351744,1e-05,0.0003,86.58487,0.00681824631690979,5650.930020809174,1155000,154839.0,1.0,1.0,335.0,2.251800775527954,100.0
79.562706,0.004355927,0.38153654,-79.55835,79.55835,1.0789071,0.70156974,100.0,1.0,20,10.0,0.078210816,0.26869047,-79.62181,-99.19702,2.2989335,-2.2071009,155.71716,0.08762896,0.75692856,0.75692856,1e-05,0.0003,87.2102,0.006888801288604736,5685.374031543732,1160000,159111.0,1.0,1.0,389.0,2.5773346424102783,100.0
77.3814,0.0042369547,0.44434565,-77.37717,77.37717,1.0696875,0.70542276,100.0,1.0,20,10.0,0.08856629,0.006812364,-77.46008,-98.8287,3.778333,-3.3519907,157.33101,0.07331725,0.7545819,0.7545819,1e-05,0.0003,85.01579,0.006883191871643066,5719.78999876976,1165000,164564.0,1.0,1.0,371.0,2.452483892440796,100.0
78.01083,0.0046335855,0.42845657,-78.0062,78.0062,0.9845519,0.70892024,100.0,1.0,20,10.0,0.08059934,0.22557114,-78.02821,-99.07825,5.256872,-13.617636,275.8622,0.09192661,0.6979688,0.6979688,1e-05,0.0003,85.07112,0.006829736709594726,5753.938686132431,1170000,169867.0,1.0,1.0,347.0,2.3034143447875977,100.0
77.19079,0.0041122753,0.36178502,-77.186676,77.186676,0.9817803,0.71384984,100.0,1.0,20,10.0,0.10777641,-1.200758,-77.20811,-98.646614,7.055439,-9.06579,165.62845,0.07956796,0.7008437,0.7008437,1e-05,0.0003,84.307,0.007543580341339112,5791.656592607498,1175000,175000.0,1.0,1.0,345.0,5.002028942108154,100.0
76.82434,0.0047455356,0.3709568,-76.819595,76.819595,1.0687286,0.7250476,100.0,1.0,20,10.0,0.108468786,0.26702967,-76.913795,-99.25142,2.5553703,-2.4638348,164.69693,0.067589045,0.7748791,0.7748791,1e-05,0.0003,84.681595,0.0071744673252105715,5827.528933286667,1180000,179457.0,1.0,1.0,352.0,2.3804454803466797,100.0
76.50989,0.0040732985,0.40351516,-76.50581,76.50581,1.0027237,0.7336635,100.0,1.0,20,10.0,0.08355576,0.2755961,-76.54814,-99.33042,2.3193753,-2.3439255,161.22514,0.099888936,0.73566175,0.73566175,1e-05,0.0003,83.950066,0.006853752279281616,5861.7977023124695,1185000,184925.0,1.0,1.0,342.0,2.2392702102661133,100.0
77.323975,0.0043153963,0.36001533,-77.31966,77.31966,0.8776425,0.7300419,100.0,1.0,20,10.0,0.105529815,0.23377945,-77.31536,-98.9338,2.4054146,-2.1607974,129.87523,0.07634203,0.64071584,0.64071584,1e-05,0.0003,83.83666,0.006757414484024048,5895.584778547287,1190000,189659.0,1.0,1.0,489.0,3.1562061309814453,100.0
76.54171,0.0038238864,0.3819291,-76.53789,76.53789,0.9536398,0.7203428,100.0,1.0,20,10.0,0.07606295,0.25169593,-76.588135,-98.71927,6.5386415,-5.5882564,168.57965,0.07515055,0.6869476,0.6869476,1e-05,0.0003,83.48725,0.007229957008361816,5931.734568119049,1195000,194953.0,1.0,1.0,313.0,2.38748836517334,100.0
76.55082,0.003942693,0.40505037,-76.546875,76.546875,1.0475976,0.72951937,100.0,1.0,20,10.0,0.086862236,0.043336824,-76.56137,-99.12809,3.0932443,-4.950324,172.41318,0.08194853,0.76424277,0.76424277,1e-05,0.0003,84.280106,0.006630293655395508,5964.886040687561,1200000,199974.0,0.0,0.0,1000.0,6.557420015335083,0.0
75.745155,0.004783478,0.34639746,-75.74037,75.74037,0.96706975,0.728319,100.0,1.0,20,10.0,0.061853394,-0.1333263,-75.778534,-99.21485,2.8013334,-3.441249,167.24873,0.07029387,0.7043352,0.7043352,1e-05,0.0003,82.85036,0.013875798845291137,6034.265038967133,1205000,204219.0,1.0,1.0,364.0,2.719963312149048,100.0
77.23045,0.0053351624,0.40856126,-77.22512,77.22512,0.9623196,0.7223293,100.0,1.0,20,10.0,0.08739638,0.0044944435,-77.26776,-99.22522,2.5172899,-2.3367102,148.31465,0.10028994,0.69511163,0.69511163,1e-05,0.0003,84.26897,0.006962577724456787,6069.0779321193695,1210000,209250.0,1.0,1.0,332.0,2.240621566772461,100.0
77.482056,0.004957383,0.3663947,-77.4771,77.4771,1.0733049,0.7113535,100.0,1.0,20,10.0,0.1278733,0.18814264,-77.50627,-99.091286,3.9236746,-4.451265,176.28604,0.07449316,0.76349914,0.76349914,1e-05,0.0003,85.24493,0.006835524368286132,6103.255558252335,1215000,214905.0,1.0,1.0,356.0,2.3603451251983643,100.0
75.48341,0.0032730985,0.3690201,-75.48014,75.48014,0.8707277,0.70543736,100.0,1.0,20,10.0,0.14468658,0.0077856034,-75.54357,-98.81209,5.531376,-8.048265,164.16211,0.09343168,0.61424387,0.61424387,1e-05,0.0003,81.77054,0.006946806144714356,6137.989599227905,1220000,219862.0,1.0,1.0,338.0,2.272584915161133,100.0
77.40498,0.004326883,0.38451576,-77.40066,77.40066,1.1297575,0.704622,100.0,1.0,20,10.0,0.12781365,0.134607,-77.47232,-98.91918,5.2788243,-4.0717196,184.95142,0.10437686,0.796052,0.796052,1e-05,0.0003,85.49332,0.006888420867919922,6172.431707620621,1225000,224861.0,1.0,1.0,338.0,2.248856544494629,100.0
76.53462,0.0037705614,0.43029755,-76.53085,76.53085,1.1367232,0.72099847,100.0,1.0,20,10.0,0.08920773,-0.05024086,-76.57219,-99.39207,2.5137184,-2.843911,172.61441,0.09013278,0.81957567,0.81957567,1e-05,0.0003,84.81959,0.00690384202003479,6206.950921297073,1230000,229776.0,1.0,1.0,373.0,2.49196457862854,100.0
79.302376,0.0037896163,0.39841163,-79.298584,79.298584,0.96806484,0.7323324,100.0,1.0,20,10.0,0.06851095,0.041883007,-79.357,-99.18247,2.6560576,-3.3211105,172.35295,0.081383064,0.7089453,0.7089453,1e-05,0.0003,86.46034,0.006907955598831177,6241.490703582764,1235000,234877.0,1.0,1.0,267.0,1.8199994564056396,100.0
77.52488,0.0030450216,0.39581302,-77.521835,77.521835,0.9739739,0.7233502,100.0,1.0,20,10.0,0.12156974,0.1730572,-77.57326,-99.25039,2.75361,-2.50579,146.27325,0.08752068,0.7045242,0.7045242,1e-05,0.0003,84.69169,0.006946951007843018,6276.225463151932,1240000,239576.0,1.0,1.0,323.0,2.467987298965454,100.0
78.7776,0.003992244,0.3746907,-78.77361,78.77361,1.1057836,0.7187405,100.0,1.0,20,10.0,0.06594472,-1.6210022,-78.827736,-99.2955,4.732749,-4.3667965,160.56335,0.07762507,0.79477143,0.79477143,1e-05,0.0003,86.79127,0.006880027770996094,6310.625606298447,1245000,244873.0,0.0,0.0,1000.0,6.644349575042725,0.0
75.279274,0.0039678505,0.39427233,-75.27531,75.27531,1.0203398,0.7379691,100.0,1.0,20,10.0,0.092642,0.050445154,-75.29556,-99.315346,3.5682752,-5.121443,152.98672,0.105674356,0.7529793,0.7529793,1e-05,0.0003,82.90171,0.0067150166988372804,6344.2006940841675,1250000,249879.0,1.0,1.0,376.0,2.4203569889068604,100.0
78.432915,0.0046183,0.35284,-78.4283,78.4283,1.0419508,0.7504768,100.0,1.0,20,10.0,0.08307254,0.31976843,-78.43411,-98.82892,2.5413933,-2.8540435,165.68294,0.07677311,0.7819599,0.7819599,1e-05,0.0003,86.33559,0.006737591218948364,6377.8886551856995,1255000,254169.0,1.0,1.0,329.0,2.154784917831421,100.0
76.79126,0.0048182453,0.39957273,-76.78644,76.78644,0.9373288,0.7496205,100.0,1.0,20,10.0,0.103787854,-0.06374562,-76.83801,-99.05335,2.5548782,-2.8837295,161.3612,0.09215692,0.7026409,0.7026409,1e-05,0.0003,83.92146,0.006744312763214111,6411.61022400856,1260000,259741.0,1.0,1.0,297.0,1.9362366199493408,100.0
77.77026,0.0047025387,0.4728576,-77.765564,77.765564,1.0954944,0.75665414,100.0,1.0,20,10.0,0.12786509,0.16438584,-77.86562,-98.887085,2.3933375,-4.544632,168.05582,0.091141924,0.82891035,0.82891035,1e-05,0.0003,86.18723,0.006684381198883056,6445.03213429451,1265000,264629.0,1.0,1.0,299.0,1.902536392211914,100.0
79.711174,0.0044792676,0.35059828,-79.706696,79.706696,0.8666071,0.7504381,100.0,1.0,20,10.0,0.084468484,0.036914885,-79.69951,-99.015945,3.584075,-5.2272105,165.69043,0.08429729,0.650335,0.650335,1e-05,0.0003,86.29899,0.006657144117355347,6478.3178589344025,1270000,269678.0,1.0,1.0,311.0,1.992408275604248,100.0
74.42426,0.0039007422,0.36158502,-74.420364,74.420364,0.98435444,0.7384767,100.0,1.0,20,10.0,0.12907171,0.26181564,-74.4814,-99.114914,3.8315344,-3.6921058,157.21928,0.072344586,0.7269228,0.7269228,1e-05,0.0003,81.82256,0.006837388706207276,6512.504806756973,1275000,274982.0,1.0,1.0,413.0,3.060518503189087,100.0
77.28703,0.003991914,0.3289316,-77.28304,77.28304,0.8782388,0.73558223,100.0,1.0,20,10.0,0.07222055,0.22007148,-77.31407,-99.14851,2.403695,-3.8017504,147.71262,0.08269088,0.6460169,0.6460169,1e-05,0.0003,83.81942,0.006793260622024536,6546.471117019653,1280000,279957.0,1.0,1.0,333.0,2.2246193885803223,100.0
77.49348,0.0037130113,0.41620958,-77.48976,77.48976,1.0232844,0.74232644,100.0,1.0,20,10.0,0.12565407,0.1036365,-77.55001,-98.86007,5.193337,-2.5487955,214.3464,0.09416465,0.7596111,0.7596111,1e-05,0.0003,85.21524,0.006903810024261475,6580.990171432495,1285000,284878.0,0.0,0.0,1000.0,6.974189758300781,0.0
76.461464,0.0041103694,0.4699914,-76.45735,76.45735,1.03652,0.7298109,100.0,1.0,20,10.0,0.08621499,-0.018506125,-76.53943,-99.09081,3.9962401,-6.108137,160.72823,0.08969232,0.7564636,0.7564636,1e-05,0.0003,84.11231,0.006876823329925537,6615.374292850494,1290000,289045.0,1.0,1.0,362.0,2.4153079986572266,100.0
76.23291,0.003126578,0.37105855,-76.22978,76.22978,0.95016754,0.7236828,100.0,1.0,20,10.0,0.08330538,0.26530623,-76.29195,-99.17399,4.757946,-3.0219078,148.80031,0.08309767,0.68761986,0.68761986,1e-05,0.0003,83.19241,0.006826654529571533,6649.507570028305,1295000,294947.0,1.0,1.0,320.0,2.132352828979492,100.0
75.76016,0.0043165777,0.4233871,-75.755844,75.755844,0.9564392,0.7263003,100.0,1.0,20,10.0,0.09225814,0.50048417,-75.79233,-99.02528,5.573275,-3.8518481,180.29669,0.087411895,0.6946621,0.6946621,1e-05,0.0003,82.79904,0.006870892763137818,6683.862038373947,1300000,299861.0,1.0,1.0,355.0,2.330371379852295,100.0
76.1184,0.005499979,0.40242165,-76.1129,76.1129,1.0884045,0.72243285,100.0,1.0,20,10.0,0.12615581,0.048657298,-76.13738,-99.03392,2.5861962,-2.6887364,157.09674,0.0855314,0.78629917,0.78629917,1e-05,0.0003,84.107544,0.014486067676544189,6756.2923810482025,1305000,304138.0,1.0,1.0,270.0,1.7779626846313477,100.0
76.279205,0.004412156,0.42800796,-76.274796,76.274796,1.0119728,0.7256052,100.0,1.0,20,10.0,0.26036346,-0.29983723,-76.33779,-99.08293,2.0760386,-3.0507498,164.30444,0.08436595,0.73429275,0.73429275,1e-05,0.0003,83.88249,0.006887665271759033,6790.730711936951,1310000,309712.0,1.0,1.0,317.0,2.0922818183898926,100.0
78.27182,0.0033588551,0.40059346,-78.26846,78.26846,1.146381,0.73112714,100.0,1.0,20,10.0,0.10426921,0.19291456,-78.27374,-98.92422,2.7946112,-2.3471856,157.10788,0.07170149,0.8381503,0.8381503,1e-05,0.0003,86.75759,0.006967561197280884,6825.568522930145,1315000,314947.0,1.0,1.0,336.0,2.248688220977783,100.0
77.96551,0.0033939416,0.41516554,-77.96211,77.96211,0.8933105,0.7372245,100.0,1.0,20,10.0,0.10283876,0.11360569,-78.03924,-98.95344,2.8460677,-3.1007733,141.39735,0.09896901,0.6585704,0.6585704,1e-05,0.0003,84.654045,0.006946955585479736,6860.30330491066,1320000,319852.0,1.0,1.0,329.0,2.238008975982666,100.0
76.22138,0.0058878455,0.4164145,-76.21549,76.21549,0.94709945,0.72513807,100.0,1.0,20,10.0,0.112744935,0.19641617,-76.322845,-98.92318,4.3606544,-4.224958,160.25204,0.070836134,0.68677783,0.68677783,1e-05,0.0003,83.201904,0.006800153112411499,6894.304074764252,1325000,324893.0,1.0,1.0,315.0,2.037107467651367,100.0
73.443085,0.003614456,0.42743212,-73.43947,73.43947,1.042999,0.73089004,100.0,1.0,20,10.0,0.13217553,-0.07157284,-73.4999,-99.06618,3.9598374,-2.227741,160.65771,0.084361255,0.76231766,0.76231766,1e-05,0.0003,81.19844,0.006710382127761841,6927.855989933014,1330000,329719.0,1.0,1.0,305.0,1.9580175876617432,100.0
76.69797,0.0049403813,0.44776583,-76.69302,76.69302,0.96750176,0.73104525,100.0,1.0,20,10.0,0.09127326,0.16299,-76.87572,-99.23581,3.4527965,-5.091594,172.94609,0.09324048,0.70728755,0.70728755,1e-05,0.0003,83.862114,0.006744334268569946,6961.577665090561,1335000,334983.0,1.0,1.0,316.0,2.0759310722351074,100.0
75.71725,0.004093388,0.38912565,-75.71315,75.71315,0.74591565,0.7251015,100.0,1.0,20,10.0,0.10023111,-0.21711932,-75.77298,-99.01755,3.5561922,-1.7793671,143.45322,0.076418355,0.5408645,0.5408645,1e-05,0.0003,81.22612,0.0068467674732208255,6995.811507701874,1340000,339828.0,1.0,1.0,314.0,2.114591598510742,100.0
75.17507,0.003014916,0.40142673,-75.17206,75.17206,1.1565418,0.71925384,100.0,1.0,20,10.0,0.11907988,0.1178115,-75.24807,-99.165764,4.48052,-5.2052755,225.73927,0.07651706,0.8318472,0.8318472,1e-05,0.0003,83.612625,0.006945212602615356,7030.537575244904,1345000,344732.0,1.0,1.0,315.0,2.0841708183288574,100.0
76.19402,0.003417289,0.42374966,-76.190605,76.190605,1.0527023,0.7097125,100.0,1.0,20,10.0,0.11306266,-0.12832107,-76.31639,-99.03513,3.3137267,-4.8477135,170.33679,0.07805112,0.74711597,0.74711597,1e-05,0.0003,83.778244,0.00698326473236084,7065.453903198242,1350000,349833.0,1.0,1.0,321.0,2.1666901111602783,100.0
76.56121,0.003526768,0.3870218,-76.557686,76.557686,0.96207947,0.7034856,100.0,1.0,20,10.0,0.07243502,0.016245455,-76.6186,-99.01463,3.2848969,-4.0344214,168.27023,0.07476945,0.6768091,0.6768091,1e-05,0.0003,83.40173,0.006900047969818115,7099.954148054123,1355000,354949.0,1.0,1.0,335.0,2.258678436279297,100.0
77.77303,0.0034160553,0.40201348,-77.769615,77.769615,1.2310764,0.7008769,100.0,1.0,20,10.0,0.39138392,0.0677294,-77.78374,-99.09844,3.291538,-3.4027963,227.35475,0.094820336,0.8628329,0.8628329,1e-05,0.0003,86.79274,0.006869606828689576,7134.302186250687,1360000,359665.0,1.0,1.0,326.0,2.1383116245269775,100.0
75.94729,0.0038051717,0.38231358,-75.94348,75.94348,0.9524827,0.7090957,100.0,1.0,20,10.0,0.14067501,-0.0034469515,-76.00334,-98.97951,1.9940758,-3.072714,160.71826,0.080083944,0.6754014,0.6754014,1e-05,0.0003,82.84198,0.006844628190994263,7168.525331020355,1365000,364839.0,1.0,1.0,328.0,2.1798973083496094,100.0
77.23129,0.0039522187,0.37882483,-77.22734,77.22734,1.001375,0.69757646,100.0,1.0,20,10.0,0.8185768,-0.21659452,-77.239716,-99.01905,2.086247,-3.4028285,176.37222,0.0789237,0.69853556,0.69853556,1e-05,0.0003,85.03522,0.006938195133209229,7203.216310977936,1370000,369907.0,1.0,1.0,294.0,1.9983739852905273,100.0
75.27774,0.0033412424,0.3755716,-75.2744,75.2744,0.97980934,0.6882887,100.0,1.0,20,10.0,0.13191307,0.003410995,-75.319305,-99.101425,2.1784067,-2.185387,149.489,0.0742198,0.6743917,0.6743917,1e-05,0.0003,82.15357,0.007016726922988892,7238.299949884415,1375000,374810.0,1.0,1.0,321.0,2.1534228324890137,100.0
77.2081,0.0034072814,0.3665705,-77.20469,77.20469,1.0816509,0.6863156,100.0,1.0,20,10.0,0.13937312,0.15123,-77.17717,-98.92193,6.084931,-2.4259605,185.34125,0.07055718,0.7423538,0.7423538,1e-05,0.0003,84.77101,0.006989494514465332,7273.247427225113,1380000,379350.0,1.0,1.0,306.0,2.0622613430023193,100.0
75.59598,0.0033559343,0.42122012,-75.59262,75.59262,0.9793821,0.69953614,100.0,1.0,20,10.0,0.16503537,-0.1609414,-75.61537,-98.87744,2.5277805,-3.638234,166.78601,0.10227368,0.6851132,0.6851132,1e-05,0.0003,82.61215,0.006929772567749024,7307.896295070648,1385000,384886.0,1.0,1.0,299.0,1.9785256385803223,100.0
76.74308,0.0029667965,0.40513444,-76.74011,76.74011,0.9766659,0.7045306,100.0,1.0,20,10.0,0.083461955,-0.010680199,-76.79055,-99.05394,5.95628,-9.340329,167.13644,0.08776594,0.68809104,0.68809104,1e-05,0.0003,83.70746,0.0069635334968566895,7342.713967323303,1390000,389360.0,1.0,1.0,289.0,1.9262664318084717,100.0
77.32019,0.0032679092,0.37080243,-77.316925,77.316925,0.9891691,0.7126254,100.0,1.0,20,10.0,0.111006126,-0.17952621,-77.37924,-99.22275,3.2123451,-3.7881696,191.41916,0.089180775,0.70490706,0.70490706,1e-05,0.0003,84.48027,0.006761793756484985,7376.5229408741,1395000,394738.0,1.0,1.0,289.0,1.8731567859649658,100.0
74.18935,0.0038740658,0.4014381,-74.18547,74.18547,0.97731334,0.72088915,100.0,1.0,20,10.0,0.098102085,-0.055652663,-74.22449,-99.14954,2.580832,-2.2925909,147.23405,0.0899224,0.7045346,0.7045346,1e-05,0.0003,81.332794,0.006638309192657471,7409.714490890503,1400000,399779.0,1.0,1.0,342.0,2.2232730388641357,100.0
75.64357,0.0034625512,0.37170225,-75.64011,75.64011,0.9903523,0.72698987,100.0,1.0,20,10.0,0.121773764,0.11456454,-75.68537,-99.15972,2.7508864,-3.600122,149.43118,0.089998305,0.71997607,0.71997607,1e-05,0.0003,82.9651,0.013882486248016357,7479.126926660538,1405000,404772.0,1.0,1.0,324.0,2.1732349395751953,100.0
75.46885,0.0044076797,0.36871004,-75.46444,75.46444,0.91046983,0.728463,100.0,1.0,20,10.0,0.09602763,0.090875715,-75.52162,-99.03158,2.996147,-2.6819432,177.30832,0.07709916,0.66324353,0.66324353,1e-05,0.0003,82.19732,0.006906719541549682,7513.660528898239,1410000,409879.0,1.0,1.0,267.0,1.810180425643921,100.0
75.569916,0.0034921272,0.34716225,-75.56642,75.56642,0.86599225,0.7327814,100.0,1.0,20,10.0,0.08679356,8.0138445e-05,-75.56629,-99.13173,3.0200245,-2.6576371,152.98825,0.08769488,0.634583,0.634583,1e-05,0.0003,82.00254,0.006828370523452759,7547.802385568619,1415000,414308.0,1.0,1.0,316.0,2.16373348236084,100.0
77.184654,0.003456906,0.44464636,-77.1812,77.1812,0.914363,0.7415677,100.0,1.0,20,10.0,0.096329555,-0.10348396,-77.20097,-99.188805,2.310603,-2.42904,156.4648,0.08475175,0.6780621,0.6780621,1e-05,0.0003,84.0616,0.0068183665752410885,7581.89422249794,1420000,419807.0,1.0,1.0,292.0,1.9424939155578613,100.0
77.01323,0.002845215,0.39351672,-77.01038,77.01038,1.095271,0.73135304,100.0,1.0,20,10.0,0.075124696,0.076630756,-77.03187,-99.156654,5.2608066,-2.9227684,180.6702,0.090371475,0.8010298,0.8010298,1e-05,0.0003,85.098656,0.006880200958251953,7616.295231580734,1425000,424790.0,1.0,1.0,306.0,2.042327642440796,100.0
73.19384,0.002898788,0.3930681,-73.19094,73.19094,0.94677055,0.7264573,100.0,1.0,20,10.0,0.13860774,-0.050778344,-73.21844,-99.10436,1.7066765,-2.1914606,146.34268,0.1044462,0.68778837,0.68778837,1e-05,0.0003,80.210335,0.006934406805038452,7650.967269897461,1430000,429720.0,1.0,1.0,285.0,1.9232707023620605,100.0
75.09385,0.0035069387,0.3915581,-75.09034,75.09034,0.8648001,0.72008073,100.0,1.0,20,10.0,0.103040144,0.10086188,-75.15225,-99.26119,2.1449397,-2.6523192,148.00339,0.083402514,0.6227259,0.6227259,1e-05,0.0003,81.42415,0.006783634901046753,7684.885448694229,1435000,434786.0,1.0,1.0,390.0,2.5838935375213623,100.0
76.30969,0.0041350764,0.3697033,-76.30556,76.30556,1.0082095,0.7079936,100.0,1.0,20,10.0,0.08047302,-0.5003109,-76.35286,-99.09835,6.173414,-3.7749195,219.47987,0.091659755,0.7138059,0.7138059,1e-05,0.0003,83.52823,0.006878321504592896,7719.277060508728,1440000,439949.0,1.0,1.0,314.0,2.1090171337127686,100.0
75.33834,0.0033029185,0.35950232,-75.33504,75.33504,0.95467067,0.69554347,100.0,1.0,20,10.0,0.111793794,0.02821064,-75.33519,-99.03629,2.2757447,-3.99436,180.00848,0.08390649,0.664015,0.664015,1e-05,0.0003,82.09029,0.006961675643920898,7754.085443019867,1445000,444998.0,1.0,1.0,291.0,2.2946279048919678,100.0
75.68765,0.00454796,0.41489136,-75.683105,75.683105,0.89878,0.70380265,100.0,1.0,20,10.0,0.14043587,-0.42592102,-75.75526,-99.08058,2.567068,-3.1593685,144.64066,0.080681205,0.6325637,0.6325637,1e-05,0.0003,82.153725,0.006921518993377685,7788.69304227829,1450000,449793.0,1.0,1.0,289.0,1.9184784889221191,100.0
73.13136,0.0035994917,0.42001873,-73.12776,73.12776,0.9621727,0.7011928,100.0,1.0,20,10.0,0.3042583,-0.13349685,-73.25162,-99.071236,3.739387,-4.55961,184.42178,0.08703275,0.67466855,0.67466855,1e-05,0.0003,80.18231,0.006921180725097656,7823.298950910568,1455000,454758.0,1.0,1.0,286.0,1.8915269374847412,100.0
79.468864,0.002890915,0.34737366,-79.46597,79.46597,0.9368229,0.6990858,100.0,1.0,20,10.0,0.11120584,-0.8414507,-79.482895,-99.15443,2.878689,-4.950121,179.45389,0.08911309,0.6549195,0.6549195,1e-05,0.0003,86.129265,0.006824104452133179,7857.419477939606,1460000,459999.0,1.0,1.0,306.0,2.328101873397827,100.0
75.40961,0.0033296808,0.38592094,-75.40628,75.40628,1.2110227,0.68813866,100.0,1.0,20,10.0,0.09337413,0.13297535,-75.47422,-99.14019,2.6041315,-3.8751485,167.2898,0.08372068,0.8333515,0.8333515,1e-05,0.0003,83.8365,0.006651684522628785,7890.677904844284,1465000,464780.0,1.0,1.0,355.0,2.290189504623413,100.0
75.93903,0.004632949,0.4109358,-75.9344,75.9344,0.88761127,0.6945955,100.0,1.0,20,10.0,0.11965574,0.29421574,-75.99739,-99.130486,5.8316164,-3.8222752,165.67426,0.07798049,0.61653084,0.61653084,1e-05,0.0003,82.224,0.006681496524810791,7924.085391759872,1470000,469766.0,1.0,1.0,303.0,1.9171433448791504,100.0
77.22234,0.0034577514,0.3277386,-77.21889,77.21889,0.9834072,0.6897728,100.0,1.0,20,10.0,0.08448211,-0.21502802,-77.23282,-99.19176,3.2085538,-3.4786744,157.31207,0.08179477,0.6783275,0.6783275,1e-05,0.0003,84.090096,0.006740803241729736,7957.7894122600555,1475000,474690.0,1.0,1.0,269.0,1.8111836910247803,100.0
73.28529,0.004736793,0.4004531,-73.280556,73.280556,1.0134864,0.6995576,100.0,1.0,20,10.0,0.19186075,-0.61656266,-73.36298,-98.960556,3.693268,-2.5615203,168.13438,0.08344149,0.7089921,0.7089921,1e-05,0.0003,80.56708,0.006878596448898315,7992.182398319244,1480000,479430.0,1.0,1.0,286.0,1.9163837432861328,100.0
74.270966,0.003652826,0.4060695,-74.26731,74.26731,0.9037683,0.7036789,100.0,1.0,20,10.0,0.10181068,0.23971643,-74.29433,-99.02149,2.9571884,-2.5762286,148.61871,0.08497909,0.63596267,0.63596267,1e-05,0.0003,80.73241,0.006951836156845093,8026.941584587097,1485000,484863.0,1.0,1.0,301.0,1.9872174263000488,100.0
75.97424,0.0043973792,0.36273104,-75.96985,75.96985,1.0159578,0.69371283,100.0,1.0,20,10.0,0.11571033,-0.15804198,-75.947685,-99.12238,5.1740184,-7.0060706,160.3142,0.104316354,0.70478296,0.70478296,1e-05,0.0003,83.13778,0.0068670726299285886,8061.2769520282745,1490000,489751.0,1.0,1.0,347.0,2.318646192550659,100.0
73.381714,0.00430585,0.438424,-73.37741,73.37741,0.9443987,0.70804536,100.0,1.0,20,10.0,0.15673912,0.03601159,-73.47678,-99.10912,2.8377647,-3.4304657,150.42886,0.078673154,0.6686771,0.6686771,1e-05,0.0003,80.22522,0.006746088743209839,8095.007400035858,1495000,494905.0,1.0,1.0,332.0,2.2632312774658203,100.0
73.19899,0.0042386428,0.38552153,-73.19475,73.19475,0.946305,0.7040502,100.0,1.0,20,10.0,0.16696143,0.06982608,-73.25679,-99.21741,2.8202302,-2.1956573,161.83679,0.076153636,0.6662462,0.6662462,1e-05,0.0003,80.02841,0.0068710649013519285,8129.362729310989,1500000,499903.0,1.0,1.0,308.0,2.035148859024048,100.0
73.56671,0.004244316,0.37143534,-73.56247,73.56247,0.8384693,0.7162613,100.0,1.0,20,10.0,0.17729425,0.26221186,-73.59158,-99.112885,3.5072777,-2.3355842,146.46967,0.07400374,0.60056317,0.60056317,1e-05,0.0003,79.74963,0.013260968112945557,8195.667574882507,1505000,504921.0,1.0,1.0,298.0,2.3328919410705566,100.0
74.04155,0.0044923914,0.37395328,-74.037056,74.037056,1.1102425,0.71627855,100.0,1.0,20,10.0,0.1200816,0.38054994,-74.05055,-98.96985,2.7520468,-4.209668,184.16017,0.07195707,0.79524285,0.79524285,1e-05,0.0003,82.11406,0.006877615547180175,8230.055657148361,1510000,509829.0,1.0,1.0,322.0,2.189039468765259,100.0
76.569,0.0037559052,0.39088875,-76.56525,76.56525,1.0089941,0.7360253,100.0,1.0,20,10.0,0.0892931,0.09522316,-76.59883,-98.99827,3.0866456,-6.6153874,168.0893,0.09269139,0.74264514,0.74264514,1e-05,0.0003,84.08475,0.006944784593582153,8264.779584407806,1515000,514687.0,1.0,1.0,278.0,1.8878352642059326,100.0
74.03391,0.0053762076,0.4056008,-74.028534,74.028534,0.8789159,0.72515804,100.0,1.0,20,10.0,0.17095473,-0.12550731,-74.07024,-99.03875,2.292527,-2.1670732,143.27269,0.07796098,0.63735294,0.63735294,1e-05,0.0003,80.57839,0.0069520062923431394,8299.539619922638,1520000,519850.0,0.0,0.0,1000.0,7.130477666854858,0.0
74.097916,0.0039541163,0.36969405,-74.09396,74.09396,0.85824096,0.7275636,100.0,1.0,20,10.0,0.09473041,0.16979358,-74.16903,-99.05669,3.2377589,-3.4315753,158.7438,0.101864606,0.6244249,0.6244249,1e-05,0.0003,80.4369,0.006691182041168213,8332.995534181595,1525000,524854.0,1.0,1.0,290.0,1.852691411972046,100.0
74.76148,0.0033645257,0.3794322,-74.75812,74.75812,0.7784551,0.72428185,100.0,1.0,20,10.0,0.11572517,0.030291423,-74.78117,-99.06679,2.9134877,-4.1860557,155.93326,0.08959821,0.5638209,0.5638209,1e-05,0.0003,80.51541,0.006705383205413818,8366.522454500198,1530000,529865.0,1.0,1.0,307.0,2.0267112255096436,100.0
76.105225,0.004179148,0.38786232,-76.10104,76.10104,0.96009266,0.70790523,100.0,1.0,20,10.0,0.1485396,0.23448598,-76.1442,-99.16012,2.7503822,-2.1370852,176.23036,0.09812845,0.6796546,0.6796546,1e-05,0.0003,83.05031,0.006712756538391113,8400.08624124527,1535000,534929.0,1.0,1.0,363.0,2.8234362602233887,100.0
75.39284,0.0056135664,0.42473334,-75.38722,75.38722,0.84259486,0.7108939,100.0,1.0,20,10.0,0.086417794,0.25720763,-75.46685,-99.16989,2.0608103,-3.2390194,150.68018,0.08368555,0.59899557,0.59899557,1e-05,0.0003,81.46921,0.006763704919815063,8433.904769897461,1540000,539541.0,1.0,1.0,306.0,2.0549962520599365,100.0
72.14029,0.0040463028,0.43790603,-72.136246,72.136246,1.0496335,0.70291054,100.0,1.0,20,10.0,0.13036585,-0.36958736,-72.192184,-99.20396,3.9277754,-2.3650858,166.66425,0.091041066,0.7377985,0.7377985,1e-05,0.0003,79.648636,0.006947927522659302,8468.644411802292,1545000,544697.0,1.0,1.0,417.0,2.7899651527404785,100.0
73.57975,0.004341176,0.39693415,-73.57541,73.57541,0.9882447,0.70120597,100.0,1.0,20,10.0,0.08820404,0.057255432,-73.649895,-98.9428,2.8965366,-2.4636912,145.92546,0.07884535,0.69296306,0.69296306,1e-05,0.0003,80.59759,0.006988136529922485,8503.585098028183,1550000,549396.0,1.0,1.0,285.0,1.9700887203216553,100.0
77.956604,0.003994475,0.3774272,-77.95261,77.95261,0.9252208,0.68096066,100.0,1.0,20,10.0,0.06233436,-0.06685071,-77.967575,-99.21098,3.4163814,-4.26691,169.04599,0.08954263,0.630039,0.630039,1e-05,0.0003,84.31933,0.006917596292495727,8538.173084497452,1555000,554366.0,1.0,1.0,281.0,1.8989238739013672,100.0
76.05505,0.0037643448,0.35112935,-76.05129,76.05129,0.94843024,0.6835417,100.0,1.0,20,10.0,0.086315475,-0.12409839,-76.07919,-98.96243,3.4055378,-2.634753,186.85403,0.0816797,0.64829165,0.64829165,1e-05,0.0003,82.62429,0.006990534162521362,8573.125759601593,1560000,559829.0,1.0,1.0,304.0,2.0804226398468018,100.0
76.4193,0.004352558,0.38100794,-76.41495,76.41495,1.1029687,0.6826517,100.0,1.0,20,10.0,0.11518733,-0.31715986,-76.41752,-99.23748,11.681504,-6.8923454,223.31564,0.0849831,0.7529435,0.7529435,1e-05,0.0003,84.06392,0.0069821530342102055,8608.03652882576,1565000,564976.0,1.0,1.0,311.0,2.079331636428833,100.0
77.02057,0.0039880644,0.39834505,-77.01658,77.01658,1.0404037,0.69901174,100.0,1.0,20,10.0,0.09908064,-0.28587243,-77.031784,-99.26458,3.4401886,-4.308483,192.05548,0.07371123,0.72725445,0.72725445,1e-05,0.0003,84.3922,0.006951051473617554,8642.791790485382,1570000,569866.0,1.0,1.0,341.0,2.2675344944000244,100.0
74.54693,0.0040485803,0.3778475,-74.54288,74.54288,1.0600774,0.7013869,100.0,1.0,20,10.0,0.07400262,0.4996306,-74.54699,-99.31144,2.6144707,-1.8011746,140.17401,0.069002345,0.74352443,0.74352443,1e-05,0.0003,82.056175,0.006884859657287598,8677.216092824936,1575000,574762.0,1.0,1.0,328.0,2.197604179382324,100.0
76.03522,0.003483145,0.3510244,-76.03173,76.03173,1.0719699,0.699405,100.0,1.0,20,10.0,0.12750556,-0.36444664,-76.07413,-99.12945,1.7988576,-2.6223085,140.19823,0.07404819,0.749741,0.749741,1e-05,0.0003,83.66013,0.006815195941925049,8711.292083978653,1580000,579880.0,1.0,1.0,289.0,2.204085111618042,100.0
73.99078,0.0044611953,0.4168299,-73.98632,73.98632,0.91365814,0.70790315,100.0,1.0,20,10.0,0.12645964,-0.8029177,-74.03656,-99.0093,2.7845,-3.6445634,152.9845,0.095963724,0.64678144,0.64678144,1e-05,0.0003,80.58505,0.006762260723114014,8745.103391885757,1585000,584810.0,1.0,1.0,281.0,1.8670074939727783,100.0
75.06942,0.003063011,0.3963172,-75.06636,75.06636,1.0752586,0.71149427,100.0,1.0,20,10.0,0.091379575,0.12161876,-75.08797,-99.009476,2.824218,-2.9970925,145.67714,0.07176557,0.76504034,0.76504034,1e-05,0.0003,82.8112,0.006907509756088257,8779.640944719315,1590000,589726.0,1.0,1.0,285.0,1.8709166049957275,100.0
73.90918,0.0039924793,0.42289755,-73.90519,73.90519,0.98124284,0.71929526,100.0,1.0,20,10.0,0.11669102,-0.5409037,-73.95117,-99.03849,2.3060691,-2.221128,160.42126,0.07955418,0.7058033,0.7058033,1e-05,0.0003,81.08391,0.006882575559616089,8814.05382680893,1595000,594771.0,1.0,1.0,252.0,1.9940555095672607,100.0
73.42803,0.0034249322,0.39335024,-73.42461,73.42461,1.0129191,0.7237116,100.0,1.0,20,10.0,0.2620042,1.2798826,-73.49995,-99.12667,4.629805,-3.100825,153.71912,0.07551426,0.7330613,0.7330613,1e-05,0.0003,81.020645,0.006606824254989624,8847.087951660156,1600000,599712.0,0.0,0.0,1000.0,6.50823712348938,0.0
74.37351,0.0039904406,0.35516632,-74.36952,74.36952,1.0410568,0.7110351,100.0,1.0,20,10.0,0.07946753,0.18027338,-74.39441,-99.07247,2.4574773,-3.3995407,153.26819,0.06902269,0.74022794,0.74022794,1e-05,0.0003,81.85526,0.013595070838928223,8915.063310146332,1605000,604687.0,1.0,1.0,253.0,1.6785049438476562,100.0
76.15655,0.0042452235,0.37969732,-76.152306,76.152306,1.1377466,0.7010786,100.0,1.0,20,10.0,0.11080559,-0.3776099,-76.22627,-99.26003,2.6619694,-2.1621437,162.79855,0.07497319,0.7976498,0.7976498,1e-05,0.0003,84.24386,0.006925622940063477,8949.691429376602,1610000,609977.0,1.0,1.0,277.0,1.89463472366333,100.0
76.828186,0.004220187,0.37351885,-76.82397,76.82397,0.8835084,0.7033573,100.0,1.0,20,10.0,0.14018643,-0.48868763,-76.85311,-99.20401,3.110248,-2.6024127,159.23663,0.07826148,0.62142205,0.62142205,1e-05,0.0003,83.182594,0.006877288770675659,8984.077878952026,1615000,614974.0,1.0,1.0,306.0,2.038090467453003,100.0
74.80741,0.004171963,0.35863256,-74.80324,74.80324,0.9616991,0.70916456,100.0,1.0,20,10.0,0.09950783,-0.46790862,-74.824394,-99.16158,2.4495537,-2.382403,150.73648,0.07719913,0.6820029,0.6820029,1e-05,0.0003,81.72695,0.006965308856964112,9018.904428005219,1620000,619805.0,1.0,1.0,316.0,2.121642589569092,100.0
73.87397,0.0032868208,0.39540985,-73.87068,73.87068,1.0489657,0.7067866,100.0,1.0,20,10.0,0.113478236,-0.50170314,-73.92192,-99.02364,2.2949438,-4.801559,174.72363,0.0848799,0.7413949,0.7413949,1e-05,0.0003,81.4014,0.006905396938323974,9053.431417226791,1625000,624903.0,1.0,1.0,305.0,2.029792308807373,100.0
74.38083,0.004168315,0.35529816,-74.37666,74.37666,1.0058005,0.6995056,100.0,1.0,20,10.0,0.14499447,0.039265618,-74.38165,-99.27432,2.5436192,-2.1986644,141.89523,0.06672341,0.7035631,0.7035631,1e-05,0.0003,81.561455,0.006783618879318237,9087.349515914917,1630000,629966.0,1.0,1.0,280.0,1.850234031677246,100.0
74.462135,0.0041173357,0.3708669,-74.458015,74.458015,0.98891157,0.6947665,100.0,1.0,20,10.0,0.11649857,0.068860754,-74.464874,-99.135185,3.1043913,-2.9419868,150.02438,0.07107754,0.6870626,0.6870626,1e-05,0.0003,81.449265,0.006832725620269775,9121.513147592545,1635000,634785.0,1.0,1.0,358.0,2.3722496032714844,100.0
77.29361,0.0035876576,0.3965514,-77.29002,77.29002,1.0603852,0.6929358,100.0,1.0,20,10.0,0.08556381,-2.5187638,-77.361145,-98.99275,9.493555,-6.5730796,210.88713,0.07645138,0.7347789,0.7347789,1e-05,0.0003,84.72696,0.006885583543777466,9155.941071987152,1640000,639059.0,1.0,1.0,268.0,1.7797746658325195,100.0
71.72322,0.0035092563,0.42196798,-71.71971,71.71971,0.9172461,0.708074,100.0,1.0,20,10.0,0.18373567,-0.29070288,-71.78189,-99.22845,2.8847687,-5.593023,173.46732,0.08765492,0.6494781,0.6494781,1e-05,0.0003,78.40174,0.006820749759674072,9190.044827461243,1645000,644937.0,1.0,1.0,275.0,1.8806633949279785,100.0
76.080696,0.0027689722,0.41651034,-76.07793,76.07793,0.91304386,0.711472,100.0,1.0,20,10.0,0.08259942,-0.46328586,-76.14078,-99.12395,4.0064144,-4.164482,185.48845,0.09385452,0.6496051,0.6496051,1e-05,0.0003,82.65934,0.0068614342212677,9224.352002382278,1650000,649733.0,1.0,1.0,269.0,1.79905366897583,100.0
72.644775,0.0045480495,0.37467292,-72.64023,72.64023,1.048662,0.71102744,100.0,1.0,20,10.0,0.14638191,0.57260025,-72.683556,-99.18026,2.21752,-2.567999,151.74826,0.06962266,0.7456274,0.7456274,1e-05,0.0003,80.24744,0.006949746894836426,9259.10074520111,1655000,654929.0,1.0,1.0,316.0,2.1275434494018555,100.0
75.144905,0.0037083833,0.3464165,-75.1412,75.1412,0.9257481,0.70283663,100.0,1.0,20,10.0,0.09916178,-0.12474994,-75.151726,-99.23067,3.4732134,-2.0652003,154.5051,0.08247097,0.6506497,0.6506497,1e-05,0.0003,81.750565,0.006920593404769897,9293.70371723175,1660000,659078.0,1.0,1.0,280.0,1.8330674171447754,100.0
72.68969,0.0030397465,0.38143688,-72.68665,72.68665,0.945084,0.7041401,100.0,1.0,20,10.0,0.13670354,0.04756446,-72.66238,-99.141106,8.768331,-4.34097,179.68304,0.11762323,0.66547155,0.66547155,1e-05,0.0003,79.48111,0.006663431024551391,9327.02087688446,1665000,664189.0,1.0,1.0,289.0,1.8649511337280273,100.0
75.66583,0.0027705468,0.37328315,-75.66306,75.66306,1.0436064,0.709959,100.0,1.0,20,10.0,0.077999,-0.04790154,-75.6481,-99.23268,1.9219062,-3.1577141,161.27042,0.0663209,0.74091774,0.74091774,1e-05,0.0003,83.15301,0.006755503940582276,9360.798401117325,1670000,669655.0,1.0,1.0,278.0,1.7958362102508545,100.0
71.87756,0.003446495,0.3690101,-71.874115,71.874115,1.0374699,0.70385355,100.0,1.0,20,10.0,0.4224078,0.15991738,-71.89489,-99.12873,2.448973,-2.638408,177.99133,0.07739793,0.7302268,0.7302268,1e-05,0.0003,79.60224,0.006897754001617432,9395.287175655365,1675000,674842.0,1.0,1.0,320.0,2.135382652282715,100.0
76.44155,0.004251506,0.36154792,-76.4373,76.4373,0.9231079,0.7006452,100.0,1.0,20,10.0,0.10043327,0.5176181,-76.433464,-99.18818,2.5054386,-3.7591827,157.15181,0.08543653,0.64677113,0.64677113,1e-05,0.0003,83.0097,0.006842845773696899,9429.501409769058,1680000,679988.0,1.0,1.0,467.0,3.0904178619384766,100.0
74.66536,0.0030058161,0.34884936,-74.66235,74.66235,1.0612874,0.69478554,100.0,1.0,20,10.0,0.10463946,0.4490148,-74.632126,-99.25655,3.899675,-3.2352426,150.90128,0.06896829,0.73736715,0.73736715,1e-05,0.0003,82.14367,0.0068443539619445805,9463.723184108734,1685000,684757.0,1.0,1.0,284.0,1.8992605209350586,100.0
76.53044,0.0029800679,0.33424407,-76.52746,76.52746,0.9945375,0.6971609,100.0,1.0,20,10.0,0.10602605,0.21554133,-76.54745,-99.177956,4.5240884,-2.9293334,147.05334,0.08674248,0.69335264,0.69335264,1e-05,0.0003,83.56999,0.0068115047454833984,9497.780711889267,1690000,689253.0,1.0,1.0,293.0,1.9372162818908691,100.0
71.25649,0.004671052,0.36822295,-71.25182,71.25182,1.0046979,0.6974129,100.0,1.0,20,10.0,0.15392953,0.600648,-71.329056,-99.20287,5.755183,-4.5264673,166.41875,0.09267047,0.7006893,0.7006893,1e-05,0.0003,78.41731,0.0068549726963043215,9532.055578947067,1695000,694804.0,1.0,1.0,277.0,1.889296531677246,100.0
75.34554,0.0049326587,0.42384553,-75.34061,75.34061,0.9140504,0.6976127,100.0,1.0,20,10.0,0.3342765,-1.816559,-75.43248,-99.175316,3.268323,-2.9471242,223.09279,0.06467374,0.6376532,0.6376532,1e-05,0.0003,82.05635,0.006850669860839844,9566.3089325428,1700000,699790.0,0.0,0.0,1000.0,7.023499965667725,0.0
74.57024,0.0030449368,0.4587176,-74.56719,74.56719,1.1363068,0.69375956,100.0,1.0,20,10.0,0.12051253,0.093532234,-74.629425,-99.134125,3.1354413,-3.9245646,170.39902,0.08740859,0.78832364,0.78832364,1e-05,0.0003,82.57399,0.01184958152770996,9625.556844472885,1705000,704987.0,1.0,1.0,261.0,2.079681158065796,100.0
73.925285,0.0033344703,0.38162768,-73.92195,73.92195,1.1724923,0.68799126,100.0,1.0,20,10.0,0.12632988,-0.6245285,-73.91116,-99.18239,2.733516,-3.1721103,185.17932,0.08358309,0.80666447,0.80666447,1e-05,0.0003,82.118256,0.006883732318878174,9659.975510597229,1710000,709847.0,0.0,0.0,1000.0,6.795315742492676,0.0
72.189995,0.0034896485,0.3663736,-72.18651,72.18651,1.0581243,0.7009472,100.0,1.0,20,10.0,0.095872566,-0.12958288,-72.22622,-99.0628,5.9037657,-4.3661895,202.33238,0.07767296,0.74168926,0.74168926,1e-05,0.0003,79.70276,0.006865755653381348,9694.304294109344,1715000,714666.0,1.0,1.0,270.0,1.779494047164917,100.0
74.390945,0.0027905835,0.40372264,-74.38815,74.38815,0.9369311,0.70539033,100.0,1.0,20,10.0,0.12006025,-0.31154937,-74.39787,-99.04957,2.8807209,-4.6471357,164.57596,0.077880636,0.66090214,0.66090214,1e-05,0.0003,81.12003,0.006874444532394409,9728.676520586014,1720000,719884.0,1.0,1.0,259.0,2.049163579940796,100.0
72.74561,0.0032848895,0.39457363,-72.742325,72.742325,0.930974,0.70561266,100.0,1.0,20,10.0,0.08731192,0.16963191,-72.76178,-99.11296,2.518017,-3.9105299,169.55872,0.06350346,0.6569071,0.6569071,1e-05,0.0003,79.40199,0.006791695499420166,9762.635002851486,1725000,724917.0,1.0,1.0,285.0,1.8962910175323486,100.0
73.73557,0.003764321,0.39088577,-73.73181,73.73181,0.8991927,0.69946724,100.0,1.0,20,10.0,0.093427256,0.2547071,-73.79193,-99.14101,2.821972,-2.507353,146.2941,0.07341592,0.6289558,0.6289558,1e-05,0.0003,80.11856,0.006705499744415283,9796.162505865097,1730000,729918.0,1.0,1.0,253.0,1.6302499771118164,100.0
71.32001,0.0027807932,0.37278545,-71.31723,71.31723,0.8968114,0.6993956,100.0,1.0,20,10.0,0.13355166,0.079435304,-71.35295,-99.08108,2.9569457,-2.2910237,144.3685,0.08328155,0.62722594,0.62722594,1e-05,0.0003,77.72582,0.006706388759613037,9829.694454193115,1735000,734719.0,1.0,1.0,273.0,1.767897605895996,100.0
76.11681,0.0046494924,0.4202759,-76.11217,76.11217,0.96699065,0.70306635,100.0,1.0,20,10.0,0.15727797,-0.46541595,-76.18602,-99.12372,3.1613379,-3.2104373,174.72276,0.07817428,0.67985857,0.67985857,1e-05,0.0003,83.07268,0.00663174991607666,9862.853208065033,1740000,739843.0,1.0,1.0,378.0,2.4371612071990967,100.0
72.031654,0.0030877183,0.36578286,-72.028564,72.028564,0.83646005,0.7058339,100.0,1.0,20,10.0,0.17048159,1.298492,-72.01177,-99.13486,1.8618425,-1.9187471,130.88184,0.07294434,0.5904019,0.5904019,1e-05,0.0003,78.106155,0.006725757932662964,9896.482001781464,1745000,744537.0,0.0,0.0,1000.0,6.886136531829834,0.0
72.09641,0.0046483986,0.35886896,-72.09177,72.09177,0.9156406,0.7010592,100.0,1.0,20,10.0,0.089921065,0.12058377,-72.15095,-99.17959,2.5460103,-2.548711,151.04352,0.06680398,0.64191824,0.64191824,1e-05,0.0003,78.605515,0.006942446374893188,9931.194238424301,1750000,749869.0,1.0,1.0,267.0,2.1464684009552,100.0
76.25613,0.0038862028,0.38173133,-76.25224,76.25224,1.0690938,0.69072443,100.0,1.0,20,10.0,0.10056448,-1.236948,-76.26922,-99.12163,4.7694592,-4.0640273,202.91814,0.09400463,0.7384493,0.7384493,1e-05,0.0003,83.74118,0.006877670097351074,9965.582594156265,1755000,754825.0,1.0,1.0,285.0,1.905350923538208,100.0
73.471054,0.0027907253,0.3905154,-73.46826,73.46826,0.9409416,0.6995415,100.0,1.0,20,10.0,0.1132586,-0.22018912,-73.48469,-99.25004,2.0509195,-2.7488618,146.38104,0.081210054,0.6582277,0.6582277,1e-05,0.0003,80.16659,0.006900319719314575,10000.084197998047,1760000,759864.0,1.0,1.0,285.0,1.9080784320831299,100.0
75.23232,0.0032221223,0.4274576,-75.2291,75.2291,1.0257609,0.69340813,100.0,1.0,20,10.0,0.15768889,0.38800657,-75.29754,-99.14015,2.9269369,-2.9244525,180.53447,0.099487185,0.7112709,0.7112709,1e-05,0.0003,82.50272,0.0068752082347869874,10034.460243940353,1765000,764840.0,1.0,1.0,296.0,2.287536144256592,100.0
74.105255,0.0032206825,0.3584368,-74.102036,74.102036,0.8584219,0.69822025,100.0,1.0,20,10.0,0.09546924,-0.055792525,-74.09097,-99.02106,2.6209059,-2.3485925,162.56201,0.08038513,0.59936756,0.59936756,1e-05,0.0003,80.1944,0.006787968826293946,10068.400092363358,1770000,769513.0,1.0,1.0,286.0,1.8929755687713623,100.0
69.80305,0.0032910225,0.34533063,-69.79976,69.79976,0.86377597,0.69046867,100.0,1.0,20,10.0,0.09727069,0.07196662,-69.79528,-99.31004,3.1412241,-4.0314837,167.25809,0.072626665,0.5964102,0.5964102,1e-05,0.0003,75.86442,0.006883003711700439,10102.815115213394,1775000,774745.0,0.0,0.0,1000.0,7.066240072250366,0.0
70.83291,0.0031152596,0.41303083,-70.829796,70.829796,0.93108267,0.69497895,100.0,1.0,20,10.0,0.15669705,-0.63665104,-70.850235,-99.13695,3.3905184,-5.120511,157.74799,0.08212904,0.64708287,0.64708287,1e-05,0.0003,77.460434,0.006871050834655762,10137.17037320137,1780000,779783.0,1.0,1.0,307.0,2.3971173763275146,100.0
70.85007,0.0037826065,0.37836277,-70.84628,70.84628,1.1118037,0.68712395,100.0,1.0,20,10.0,0.1136186,-0.40961093,-70.8784,-99.13,2.5698128,-2.3814301,150.24066,0.0894894,0.7639469,0.7639469,1e-05,0.0003,78.60315,0.006779175615310669,10171.066255807877,1785000,784979.0,1.0,1.0,257.0,1.7225878238677979,100.0
71.254326,0.0032005366,0.35471484,-71.25112,71.25112,1.1159642,0.6921062,100.0,1.0,20,10.0,0.112089574,0.29557672,-71.2531,-99.15337,4.0062776,-6.16246,204.21068,0.07261244,0.77236575,0.77236575,1e-05,0.0003,79.09007,0.006810246276855469,10205.117491006851,1790000,789618.0,1.0,1.0,334.0,2.2459464073181152,100.0
71.76399,0.004258654,0.42021275,-71.759735,71.759735,1.1266484,0.7010955,100.0,1.0,20,10.0,0.10846998,0.25689736,-71.806526,-99.11085,4.37066,-4.1880946,192.70738,0.0805953,0.78988814,0.78988814,1e-05,0.0003,79.77134,0.006866540622711182,10239.45019865036,1795000,794719.0,0.0,0.0,1000.0,6.678889751434326,0.0
70.741776,0.0040056678,0.416313,-70.73777,70.73777,1.1175054,0.6917666,100.0,1.0,20,10.0,0.12921052,-0.28895319,-70.79701,-99.06439,3.8491004,-1.9337405,172.69182,0.081957705,0.77305293,0.77305293,1e-05,0.0003,78.60152,0.006793903779983521,10273.41972231865,1800000,799858.0,1.0,1.0,291.0,1.905686855316162,100.0
71.0105,0.004697256,0.44486368,-71.0058,71.0058,1.1038641,0.69181037,100.0,1.0,20,10.0,0.21324688,0.19357279,-71.080444,-99.044205,3.060835,-3.138492,174.8667,0.08576815,0.7636646,0.7636646,1e-05,0.0003,78.8604,0.012692590093612672,10336.882677078247,1805000,804926.0,1.0,1.0,266.0,1.723858118057251,100.0
70.82772,0.0026320294,0.33773473,-70.82509,70.82509,1.1146826,0.6928133,100.0,1.0,20,10.0,0.23095874,0.2243739,-70.85512,-99.10304,3.4279869,-5.0060186,193.49968,0.0759201,0.77226686,0.77226686,1e-05,0.0003,78.78135,0.006768556022644043,10370.725461244583,1810000,809859.0,1.0,1.0,253.0,1.631556749343872,100.0
71.66554,0.0033055288,0.36833146,-71.66224,71.66224,0.9256703,0.7079398,100.0,1.0,20,10.0,0.49441946,0.15592228,-71.626884,-99.21665,2.6660898,-3.3815944,167.02188,0.08576982,0.65531886,0.65531886,1e-05,0.0003,78.71315,0.006682733154296875,10404.139131069183,1815000,814485.0,1.0,1.0,256.0,1.6432077884674072,100.0
70.610756,0.0036653103,0.36460412,-70.60709,70.60709,0.99809587,0.69695336,100.0,1.0,20,10.0,0.0945326,0.23253967,-70.634674,-99.07849,3.1279814,-3.7053869,194.12903,0.07428633,0.69562626,0.69562626,1e-05,0.0003,77.66155,0.00683406171798706,10438.309443712234,1820000,819867.0,1.0,1.0,240.0,1.6118834018707275,100.0
72.3529,0.004141286,0.3784218,-72.348755,72.348755,0.9515952,0.697254,100.0,1.0,20,10.0,0.103601635,-2.0251954,-72.40999,-99.022285,3.8375418,-2.5340126,174.26408,0.08412766,0.6635036,0.6635036,1e-05,0.0003,79.09153,0.006794665718078613,10472.282776594162,1825000,824931.0,1.0,1.0,242.0,1.5874953269958496,100.0
71.89759,0.004997886,0.37150466,-71.89259,71.89259,0.97035086,0.6949906,100.0,1.0,20,10.0,0.13633251,-1.5949289,-71.93649,-99.04049,3.249412,-4.020314,156.69695,0.08435647,0.6743847,0.6743847,1e-05,0.0003,78.77777,0.006762465143203735,10506.095106363297,1830000,829941.0,1.0,1.0,270.0,1.8195583820343018,100.0
72.79399,0.0039556017,0.42096043,-72.79004,72.79004,0.94607365,0.6882175,100.0,1.0,20,10.0,0.29454184,0.2976836,-72.851974,-98.99938,5.44447,-5.4040427,231.5786,0.08939281,0.65110445,0.65110445,1e-05,0.0003,79.59958,0.006811677122116089,10540.153496265411,1835000,834890.0,1.0,1.0,272.0,1.819375991821289,100.0
74.25737,0.004632077,0.33781463,-74.25274,74.25274,0.97234726,0.6881544,100.0,1.0,20,10.0,0.07663268,-0.09787884,-74.24957,-99.15556,3.5921867,-2.6438236,142.12738,0.07180404,0.669125,0.669125,1e-05,0.0003,81.02525,0.0068433030128479,10574.370015382767,1840000,839885.0,1.0,1.0,253.0,1.6696887016296387,100.0
74.31557,0.0038629822,0.34431714,-74.31171,74.31171,0.8378849,0.69237274,100.0,1.0,20,10.0,0.096213736,0.27821368,-74.31218,-99.18011,1.899902,-1.9960477,141.45474,0.06717806,0.58012867,0.58012867,1e-05,0.0003,80.213066,0.006772011137008667,10608.230075359344,1845000,844875.0,1.0,1.0,272.0,1.7706749439239502,100.0
73.317604,0.0037618848,0.36862138,-73.31384,73.31384,1.0297511,0.685238,100.0,1.0,20,10.0,0.087826505,0.2512375,-73.394325,-99.07124,3.4980512,-3.196202,165.09546,0.0760127,0.7056246,0.7056246,1e-05,0.0003,80.46168,0.0068180559635162355,10642.320363283157,1850000,849951.0,1.0,1.0,324.0,2.1488332748413086,100.0
74.48605,0.0043696957,0.38431698,-74.48168,74.48168,0.8487464,0.68251276,100.0,1.0,20,10.0,0.12207484,0.2154371,-74.50152,-99.29302,4.72718,-3.3664641,165.92499,0.086178064,0.57928026,0.57928026,1e-05,0.0003,80.40093,0.006871681928634643,10676.678776979446,1855000,854896.0,1.0,1.0,287.0,1.8980295658111572,100.0
72.99953,0.004652624,0.36720914,-72.99487,72.99487,0.9358926,0.6868831,100.0,1.0,20,10.0,0.1765404,-0.038440943,-73.04491,-99.24714,3.368581,-2.6095335,150.17699,0.08355258,0.6428488,0.6428488,1e-05,0.0003,79.60456,0.006768341779708862,10710.520490646362,1860000,859807.0,1.0,1.0,301.0,1.9912102222442627,100.0
74.59734,0.0037199808,0.33468598,-74.59362,74.59362,0.9125737,0.69678533,100.0,1.0,20,10.0,0.08838782,-1.4035121,-74.59042,-99.189476,3.1575549,-4.896721,174.61462,0.07044506,0.63586795,0.63586795,1e-05,0.0003,81.04441,0.006852642917633056,10744.783709526062,1865000,864823.0,1.0,1.0,254.0,1.7065212726593018,100.0
72.39066,0.0034982236,0.33727324,-72.38716,72.38716,1.0025477,0.6939271,100.0,1.0,20,10.0,0.14150044,0.13514206,-72.432076,-99.23213,3.5378387,-2.5502424,163.64886,0.08522468,0.69569504,0.69569504,1e-05,0.0003,79.48911,0.006836766147613526,10778.967544555664,1870000,869903.0,1.0,1.0,266.0,1.7611274719238281,100.0
73.322914,0.0048668734,0.41037327,-73.31805,73.31805,1.1832477,0.6847836,100.0,1.0,20,10.0,0.11013221,0.14875367,-73.4037,-99.183975,3.0629063,-4.2472305,161.6919,0.082485184,0.8102686,0.8102686,1e-05,0.0003,81.53573,0.0067029786586761475,10812.48244214058,1875000,874774.0,1.0,1.0,240.0,1.5340256690979004,100.0
74.18998,0.003669341,0.32759517,-74.18631,74.18631,0.908744,0.68681306,100.0,1.0,20,10.0,0.08188194,0.4216594,-74.21179,-99.15045,4.01634,-2.4969018,141.94453,0.08241825,0.6241372,0.6241372,1e-05,0.0003,80.51323,0.006651685619354248,10845.740874767303,1880000,879953.0,1.0,1.0,246.0,1.582493782043457,100.0
72.07449,0.0033045288,0.35324997,-72.07119,72.07119,0.98282856,0.68059057,100.0,1.0,20,10.0,0.114293806,-2.7292027,-72.10314,-99.10742,3.8748724,-4.229158,183.19476,0.07699835,0.6689038,0.6689038,1e-05,0.0003,78.87783,0.00661420407295227,10878.811898946762,1885000,884788.0,1.0,1.0,312.0,2.293574333190918,100.0
72.42187,0.0042638853,0.4132946,-72.4176,72.4176,0.9805737,0.681074,100.0,1.0,20,10.0,0.11551079,0.035230875,-72.478294,-99.22045,4.8209996,-5.718895,162.98987,0.090708196,0.6678433,0.6678433,1e-05,0.0003,79.21581,0.006468390464782715,10911.153856039047,1890000,889309.0,0.0,0.0,1000.0,6.3642191886901855,0.0
73.06042,0.0039630416,0.37849742,-73.05646,73.05646,0.96919495,0.67618257,100.0,1.0,20,10.0,0.11082215,0.12575582,-73.06694,-99.23525,2.2360883,-2.0702627,143.33846,0.08863467,0.6553527,0.6553527,1e-05,0.0003,79.72477,0.006562973690032959,10943.968728780746,1895000,894754.0,1.0,1.0,255.0,1.6118230819702148,100.0
71.135826,0.0032067683,0.39187968,-71.13262,71.13262,1.0668107,0.67550045,100.0,1.0,20,10.0,0.18727139,-0.38098776,-71.19231,-99.17111,5.5797744,-3.4402936,200.29315,0.07896771,0.7206312,0.7206312,1e-05,0.0003,78.52941,0.006583088922500611,10976.88417840004,1900000,899917.0,1.0,1.0,254.0,1.6328926086425781,100.0
71.66539,0.0026952086,0.39626586,-71.6627,71.6627,0.9555547,0.68296224,100.0,1.0,20,10.0,0.14321585,-0.22804268,-71.665474,-99.128136,3.559156,-4.37058,168.40404,0.075041026,0.6526078,0.6526078,1e-05,0.0003,78.33469,0.012275843858718872,11038.26340174675,1905000,904911.0,1.0,1.0,304.0,1.9295508861541748,100.0
70.99507,0.0036781568,0.35477024,-70.991394,70.991394,0.87217766,0.6888359,100.0,1.0,20,10.0,0.18540528,-0.16033572,-71.00037,-99.091064,5.181655,-6.3197975,161.78519,0.08944275,0.6007873,0.6007873,1e-05,0.0003,77.18835,0.006538360738754272,11070.955209255219,1910000,909761.0,1.0,1.0,267.0,1.700568675994873,100.0
70.60062,0.0033312791,0.36240098,-70.59728,70.59728,1.041913,0.69278353,100.0,1.0,20,10.0,0.09058809,0.18609849,-70.58012,-99.30462,3.8467002,-3.0443306,165.78516,0.077533364,0.7218202,0.7218202,1e-05,0.0003,77.90941,0.006609853029251099,11104.004479408264,1915000,914940.0,1.0,1.0,278.0,1.7989206314086914,100.0
71.64697,0.0040709376,0.36904418,-71.6429,71.6429,1.0192494,0.68821967,100.0,1.0,20,10.0,0.163321,0.010736078,-71.71295,-99.151085,3.7384675,-2.9973097,148.79106,0.063522995,0.7014675,0.7014675,1e-05,0.0003,78.82497,0.006592846870422363,11136.968717813492,1920000,919888.0,1.0,1.0,293.0,1.836866855621338,100.0
70.81751,0.003387679,0.38429216,-70.814125,70.814125,0.97289693,0.6974946,100.0,1.0,20,10.0,0.18902324,0.06825909,-70.85994,-99.23939,4.6744075,-2.8371534,170.46681,0.100617565,0.67859036,0.67859036,1e-05,0.0003,77.79244,0.006506572008132935,11169.501581907272,1925000,924827.0,1.0,1.0,242.0,1.5193538665771484,100.0
70.6057,0.004223468,0.3272456,-70.60147,70.60147,0.95472306,0.69927084,100.0,1.0,20,10.0,0.1155915,0.34484267,-70.57262,-99.06714,2.7240305,-3.3894022,157.48935,0.08038965,0.66761,0.66761,1e-05,0.0003,77.39739,0.006593366622924804,11202.46841955185,1930000,929807.0,1.0,1.0,302.0,1.9376461505889893,100.0
70.69631,0.0024495348,0.33191252,-70.69386,70.69386,1.0538653,0.70142627,100.0,1.0,20,10.0,0.1302675,-0.60324425,-70.69623,-99.259926,4.5233,-7.389963,215.88507,0.071743086,0.7392088,0.7392088,1e-05,0.0003,78.218666,0.006605342483520508,11235.49513578415,1935000,934897.0,1.0,1.0,255.0,1.676893711090088,100.0
72.07065,0.0043308283,0.32235205,-72.066315,72.066315,1.0305545,0.69646895,100.0,1.0,20,10.0,0.11903951,-0.07389881,-72.041885,-99.17994,3.8209932,-3.8757286,179.60187,0.07179426,0.71774924,0.71774924,1e-05,0.0003,79.36718,0.006461171102523804,11267.800995588303,1940000,939821.0,1.0,1.0,262.0,1.6472814083099365,100.0
74.01355,0.0034218407,0.38835305,-74.010124,74.010124,1.155727,0.6874266,100.0,1.0,20,10.0,0.091499455,0.21662438,-74.08552,-99.61575,2.7665772,-6.613304,167.9385,0.07481158,0.7944775,0.7944775,1e-05,0.0003,82.04983,0.006619628858566284,11300.899144411087,1945000,944934.0,1.0,1.0,257.0,1.658571481704712,100.0
71.582,0.004288,0.34239554,-71.57771,71.57771,0.9103511,0.6933312,100.0,1.0,20,10.0,0.120499164,-0.4090956,-71.56224,-99.10171,3.4715974,-2.1019266,151.71802,0.080071926,0.6311748,0.6311748,1e-05,0.0003,78.014244,0.0065992440700531,11333.895368814468,1950000,949776.0,1.0,1.0,242.0,1.5444836616516113,100.0
71.69574,0.0032508415,0.36499342,-71.69249,71.69249,0.99989194,0.69741046,100.0,1.0,20,10.0,0.16456272,-0.51219034,-71.72015,-99.231285,2.5620952,-4.0092154,150.07454,0.09483993,0.6973351,0.6973351,1e-05,0.0003,78.83366,0.006577689266204834,11366.783819913864,1955000,954902.0,1.0,1.0,268.0,1.7162551879882812,100.0
70.59737,0.0041236253,0.37468216,-70.59325,70.59325,1.0730518,0.7099877,100.0,1.0,20,10.0,0.20846924,0.48698202,-70.55165,-99.12914,3.3984916,-2.2934763,163.98654,0.08386271,0.7618536,0.7618536,1e-05,0.0003,78.42437,0.0066300165176391606,11399.933907032013,1960000,959972.0,1.0,1.0,256.0,1.6727464199066162,100.0
72.37514,0.002984717,0.39023283,-72.372154,72.372154,1.1284461,0.70776814,100.0,1.0,20,10.0,0.117027044,-2.464304,-72.406006,-98.99359,5.363105,-5.626712,282.86777,0.08589488,0.79867816,0.79867816,1e-05,0.0003,80.47894,0.006593033981323242,11432.899081468582,1965000,964115.0,1.0,1.0,314.0,1.982713222503662,100.0
71.4701,0.004004505,0.36547995,-71.466095,71.466095,0.83240706,0.70681614,100.0,1.0,20,10.0,0.11347318,0.46770078,-71.472404,-99.13723,2.8419583,-5.6175866,176.63635,0.0619608,0.5883587,0.5883587,1e-05,0.0003,77.46716,0.006526700258255005,11465.532586812973,1970000,969764.0,1.0,1.0,243.0,1.5586228370666504,100.0
73.22361,0.003976437,0.39172882,-73.219635,73.219635,0.909582,0.6913372,100.0,1.0,20,10.0,0.08825336,0.11224277,-73.24448,-99.28058,3.208908,-2.7428622,163.65628,0.08928939,0.6288279,0.6288279,1e-05,0.0003,79.60014,0.006582911491394043,11498.447148799896,1975000,974764.0,0.0,0.0,1000.0,6.824056625366211,0.0
73.77633,0.0029815799,0.38271242,-73.773346,73.773346,1.0963755,0.699434,100.0,1.0,20,10.0,0.12790951,-0.17623343,-73.80432,-99.05189,2.7866437,-3.329391,191.65302,0.07080254,0.76684225,0.76684225,1e-05,0.0003,81.57266,0.006542188310623169,11531.158094644547,1980000,979848.0,1.0,1.0,286.0,1.8046207427978516,100.0
72.50527,0.0041779024,0.38801008,-72.50109,72.50109,1.0399655,0.7157627,100.0,1.0,20,10.0,0.1144627,0.2884009,-72.519516,-99.24697,4.6206717,-4.456433,177.82979,0.08945659,0.74436855,0.74436855,1e-05,0.0003,80.06342,0.006443396186828613,11563.375079870224,1985000,984893.0,1.0,1.0,260.0,1.6262435913085938,100.0
67.807304,0.00391676,0.4041152,-67.80339,67.80339,0.9970286,0.71364474,100.0,1.0,20,10.0,0.21841888,0.28512365,-67.79848,-99.15965,3.06919,-3.5432296,181.24701,0.093990386,0.71152425,0.71152425,1e-05,0.0003,75.14097,0.00645045485496521,11595.627358436584,1990000,989867.0,1.0,1.0,261.0,1.6133067607879639,100.0
74.49145,0.0035056146,0.32719386,-74.487946,74.487946,0.9353046,0.7076365,100.0,1.0,20,10.0,0.13619366,-0.40219045,-74.52202,-99.10742,3.7300797,-2.677342,157.5826,0.06150052,0.66185564,0.66185564,1e-05,0.0003,81.24619,0.006440453433990479,11627.829629898071,1995000,994842.0,1.0,1.0,250.0,1.5572490692138672,100.0
74.07448,0.004350451,0.40854543,-74.07013,74.07013,1.0751377,0.6953601,100.0,1.0,20,10.0,0.10167448,-0.0960595,-74.1099,-99.140625,3.4114776,-3.6527264,176.80695,0.0989925,0.74760795,0.74760795,1e-05,0.0003,81.65224,0.006464162921905518,11660.15044927597,2000000,999886.0,1.0,1.0,286.0,1.8183996677398682,100.0
