training/actor/bound_loss,training/actor/q_loss,training/alpha/current_vs_historical_ratio,training/alpha/historical_avg_loss,training/alpha/max_alpha_bound,training/alpha/min_alpha_bound,training/alpha/valid_count,training/alpha_weight,training/critic/critic_loss,training/critic/q_max,training/critic/q_mean,training/critic/q_min,training/grad/max,training/grad/min,training/grad/norm,training/meanflow/consistency_loss,training/meanflow/flow_loss,training/meanflow/mean_flow_loss,training/metrics/actor_learning_rate,training/metrics/critic_learning_rate,training/total_loss,time/epoch_time,time/total_time,step,training/actor/any_oob,training/actor/coordinate_oob,training/actor/jacobian,training/actor/loss,training/actor/max_clip,training/actor/mean_clip,training/actor/q,training/actor/transport,training/control/adjoint_clip_fraction,training/control/adjoint_norm,training/control/applied_adjoint_norm,training/control/eta,training/control/gate,training/control/relative_critic_disagreement,training/teacher/endpoint_variance,training/teacher/q,exploration/goal_achieved,exploration/total.timesteps,exploration/episode.final_reward,exploration/episode.return,exploration/episode.length,exploration/episode.duration,exploration/episode.normalized_return
0.0,0.0,1.0,0.0,100000.0,1000.0,0,10000.0,1331.9651,3.4801652,0.36227655,-2.7222478,28572.648,-28439.326,480589.94,0.0,1.3576391,1.3576391,0.0,0.0003,14908.355,0.0019933759689331055,9.966899871826172,0,,,,,,,,,,,,,,,,,,,,,,,
0.022920337,0.0,20294696.0,0.0,100000.0,1000.0,2,10000.0,664.55927,1000.15247,489.24698,-2.3864667,7305.748,-8793.347,434899.2,0.0,0.20294696,0.20294696,1e-05,0.0003,2694.0518,0.010403029918670655,61.98219704627991,5000,,,,,,,,,,,,,,,,,,,,,,,
0.0116237905,0.0,16137870.0,0.0,100000.0,1000.0,4,10000.0,3562.5234,2061.8064,1055.4736,8.915085,20945.418,-15453.661,584586.9,0.0,0.1613787,0.1613787,2e-05,0.0003,5176.3223,0.007709543466567994,100.53005456924438,10000,,,,,,,,,,,,,,,,,,,,,,,
0.011319295,0.0,12543613.0,0.0,100000.0,1000.0,7,10000.0,5948.405,3049.01,1595.344,-35.14747,19532.44,-14447.665,626819.2,0.0,0.12543613,0.12543613,3e-05,0.0003,7202.7773,0.007779084825515747,139.4256193637848,15000,,,,,,,,,,,,,,,,,,,,,,,
0.013536866,0.0,9955490.0,0.0,100000.0,1000.0,9,10000.0,4580.4453,3866.8552,1992.6909,-71.95144,10720.411,-13489.042,541091.94,0.0,0.0995549,0.0995549,4e-05,0.0003,5576.008,0.00818801794052124,180.36584448814392,20000,,,,,,,,,,,,,,,,,,,,,,,
0.013196357,0.0,1.2548541,0.089023784,100000.0,1000.0,12,10000.0,10262.898,4526.9224,2523.9927,-129.25848,49850.973,-59233.598,1344064.2,0.0,0.11171186,0.11171186,5e-05,0.0003,11380.031,0.007884650707244874,219.7892348766327,25000,,,,,,,,,,,,,,,,,,,,,,,
0.0144442795,0.0,0.79598486,0.11912168,100000.0,1000.0,14,10000.0,11689.14,5057.414,2835.7388,-189.91194,19271.732,-17396.102,712668.44,0.0,0.094819054,0.094819054,6e-05,0.0003,12637.345,0.007837673902511597,258.97772312164307,30000,,,,,,,,,,,,,,,,,,,,,,,
0.010316163,0.0,0.6665749,0.13443184,100000.0,1000.0,17,10000.0,14156.029,5461.64,3011.3716,-332.1054,18303.615,-21823.389,714755.7,0.0,0.089608885,0.089608885,6.9999995e-05,0.0003,15052.129,0.008080929470062255,299.3824977874756,35000,,,,,,,,,,,,,,,,,,,,,,,
0.0096154995,0.0,0.68564516,0.1396269,100000.0,1000.0,19,10000.0,7891.169,5795.1714,3376.2207,-391.79282,7215.104,-7883.8164,416429.22,0.0,0.095734514,0.095734514,8e-05,0.0003,8848.523,0.007834316205978393,338.5542161464691,40000,,,,,,,,,,,,,,,,,,,,,,,
0.014237484,0.0,0.76406974,0.11451165,100000.0,1000.0,20,10000.0,14305.703,6091.3965,3272.462,-1639.9528,6907.2686,-9341.35,443039.6,0.0,0.08749488,0.08749488,8.9999994e-05,0.0003,15180.667,0.008028819799423218,378.6984579563141,45000,,,,,,,,,,,,,,,,,,,,,,,
0.009182579,0.0,0.9794391,0.1016259,100000.0,1000.0,20,10000.0,8014.457,6369.6743,3330.2817,-1898.1768,4525.422,-5561.5596,327735.06,0.0,0.099536374,0.099536374,1e-04,0.0003,9009.83,0.008016622734069825,418.7817144393921,50000,,,,,,,,,,,,,,,,,,,,,,,
0.007167989,0.0,0.7878281,0.092359595,100000.0,1000.0,20,10000.0,7220.509,6680.3413,3318.4448,-2134.8286,9474.742,-13204.538,473640.2,0.0,0.07276348,0.07276348,9.999385e-05,0.0003,7948.151,0.007761675834655762,457.5902268886566,55000,,,,,,,,,,,,,,,,,,,,,,,
0.008393514,0.0,0.6297219,0.086394876,100000.0,1000.0,20,10000.0,8984.103,6986.765,3557.4458,-2419.6868,5747.5586,-5793.0684,393660.0,0.0,0.054404743,0.054404743,9.99754e-05,0.0003,9528.159,0.00772850890159607,496.23290252685547,60000,,,,,,,,,,,,,,,,,,,,,,,
0.007897785,0.0,0.80721694,0.079978324,100000.0,1000.0,20,10000.0,7349.451,7284.004,3950.798,-2676.7874,7548.582,-8942.273,383632.12,0.0,0.06455986,0.06455986,9.994465e-05,0.0003,7995.0576,0.007786843061447143,535.1672444343567,65000,,,,,,,,,,,,,,,,,,,,,,,
0.007854881,0.0,0.6292917,0.077383965,100000.0,1000.0,20,10000.0,30194.807,7474.4385,3568.2927,-2912.9385,231187.02,-213901.19,5418642.0,0.0,0.048697088,0.048697088,9.990162e-05,0.0003,30681.785,0.007592063474655152,573.1276862621307,70000,,,,,,,,,,,,,,,,,,,,,,,
0.0070519242,0.0,0.9012449,0.072498314,100000.0,1000.0,20,10000.0,5876.253,7572.0854,3473.8342,-3102.9375,5035.557,-4017.8926,283456.62,0.0,0.06533874,0.06533874,9.984629e-05,0.0003,6529.647,0.007754141807556152,611.8985214233398,75000,,,,,,,,,,,,,,,,,,,,,,,
0.008638809,0.0,0.77220553,0.068810634,100000.0,1000.0,20,10000.0,8919.788,7630.3745,3684.4575,-3305.3757,12597.103,-13136.548,495054.16,0.0,0.053135954,0.053135954,9.977873e-05,0.0003,9451.156,0.0075832602977752685,649.8149461746216,80000,,,,,,,,,,,,,,,,,,,,,,,
0.007188699,0.0,0.84830135,0.06641507,100000.0,1000.0,20,10000.0,14370.333,7671.806,3869.403,-3472.2095,13791.272,-20283.805,622428.6,0.0,0.056339998,0.056339998,9.969891e-05,0.0003,14933.74,0.007665815353393554,688.1441400051117,85000,,,,,,,,,,,,,,,,,,,,,,,
0.006940098,0.0,0.671551,0.065243006,100000.0,1000.0,20,10000.0,8855.686,7632.599,3617.662,-3651.149,14109.39,-13178.849,504437.66,0.0,0.043814003,0.043814003,9.9606885e-05,0.0003,9293.832,0.0075253174781799315,725.7708468437195,90000,,,,,,,,,,,,,,,,,,,,,,,
0.0069597564,0.0,0.8663249,0.057816565,100000.0,1000.0,20,10000.0,8227.668,7740.6064,3573.8137,-3834.5417,21552.137,-27992.969,643921.44,0.0,0.05008793,0.05008793,9.950265e-05,0.0003,8728.554,0.007759367752075195,764.5677926540375,95000,,,,,,,,,,,,,,,,,,,,,,,
0.0067691356,0.0,1.1470317,0.0561131,100000.0,1000.0,20,10000.0,8145.801,7552.1826,3381.623,-4023.0884,6538.2446,-5874.6045,414863.94,0.0,0.0643635,0.0643635,9.938626e-05,0.0003,8789.442,0.007382619285583496,801.4809403419495,100000,,,,,,,,,,,,,,,,,,,,,,,
0.006169395,0.0,1.2355305,0.054798353,100000.0,1000.0,20,10000.0,12528.838,8291.275,4092.2207,-4203.4263,6726.186,-8655.693,387650.44,0.0,0.067705035,0.067705035,9.9257726e-05,0.0003,13205.895,0.009166125202178955,847.3116919994354,105000,,,,,,,,,,,,,,,,,,,,,,,
0.004651836,0.0,0.8791402,0.053377993,100000.0,1000.0,20,10000.0,9808.906,8429.574,3475.6963,-4411.569,16753.354,-15672.361,419373.34,0.0,0.04692674,0.04692674,9.91171e-05,0.0003,10278.179,0.007413222408294678,884.3779220581055,110000,,,,,,,,,,,,,,,,,,,,,,,
0.008823818,0.0,0.86084604,0.052227464,100000.0,1000.0,20,10000.0,10640.99,7938.669,3873.2373,-4685.1704,12212.118,-13689.772,559597.1,0.0,0.044959806,0.044959806,9.896442e-05,0.0003,11090.597,0.00721936502456665,920.4748575687408,115000,,,,,,,,,,,,,,,,,,,,,,,
0.005921924,0.0,1.0946617,0.050788727,100000.0,1000.0,20,10000.0,17186.87,8214.727,3268.6206,-4853.6636,51496.586,-57281.066,1830932.9,0.0,0.05559647,0.05559647,9.8799705e-05,0.0003,17742.84,0.007199613952636719,956.4730517864227,120000,,,,,,,,,,,,,,,,,,,,,,,
0.0045142816,0.0,1.2014178,0.049763203,100000.0,1000.0,20,10000.0,17109.213,8477.916,3205.4229,-5037.4404,22027.625,-17092.615,507025.28,0.0,0.059786398,0.059786398,9.8623015e-05,0.0003,17707.08,0.007892755508422852,995.9369597434998,125000,,,,,,,,,,,,,,,,,,,,,,,
0.0052862735,0.0,1.053931,0.048911758,100000.0,1000.0,20,10000.0,12717.133,8286.05,3363.147,-5234.793,43816.254,-42151.402,951116.25,0.0,0.051549613,0.051549613,9.843441e-05,0.0003,13232.634,0.007686963176727295,1034.3718967437744,130000,,,,,,,,,,,,,,,,,,,,,,,
0.005456659,0.0,0.8182481,0.050004244,100000.0,1000.0,20,10000.0,61936.33,8564.658,3210.5803,-5419.36,88323.76,-106185.41,2958568.0,0.0,0.040915877,0.040915877,9.823391e-05,0.0003,62345.492,0.007593419694900513,1072.3391151428223,135000,,,,,,,,,,,,,,,,,,,,,,,
0.0034930827,0.0,0.9254261,0.049749125,100000.0,1000.0,20,10000.0,10849.578,8725.757,3883.3728,-5618.792,10736.592,-13618.67,443369.66,0.0,0.046039138,0.046039138,9.8021614e-05,0.0003,11309.974,0.007711606788635254,1110.8972675800323,140000,,,,,,,,,,,,,,,,,,,,,,,
0.0063996967,0.0,0.82309616,0.049111743,100000.0,1000.0,20,10000.0,6689.0674,9731.324,3541.45,-5823.4253,8411.064,-7507.4395,302872.7,0.0,0.040423688,0.040423688,9.779754e-05,0.0003,7093.3105,0.007755661725997925,1149.6756846904755,145000,,,,,,,,,,,,,,,,,,,,,,,
0.0046312613,0.0,1.0670358,0.04850836,100000.0,1000.0,20,10000.0,13357.551,9729.393,3735.7656,-6003.261,11213.3,-10560.456,446298.2,0.0,0.051760156,0.051760156,9.756177e-05,0.0003,13875.157,0.007440306377410889,1186.8773214817047,150000,,,,,,,,,,,,,,,,,,,,,,,
0.004433274,0.0,1.2166889,0.04811855,100000.0,1000.0,20,10000.0,10826.09,9592.316,3785.4946,-6213.0596,15293.896,-11943.949,539607.4,0.0,0.058545306,0.058545306,9.7314376e-05,0.0003,11411.548,0.007576596069335938,1224.7604081630707,155000,,,,,,,,,,,,,,,,,,,,,,,
0.0069420002,0.0,1.0553447,0.048782893,100000.0,1000.0,20,10000.0,13401.717,10172.654,3884.3555,-6396.241,19140.432,-16080.855,547543.3,0.0,0.05148277,0.05148277,9.7055396e-05,0.0003,13916.552,0.0074144761085510255,1261.8329017162323,160000,,,,,,,,,,,,,,,,,,,,,,,
0.0056019053,0.0,1.024593,0.04766911,100000.0,1000.0,20,10000.0,14415.011,10536.787,3846.9478,-6601.678,23765.771,-20227.857,878918.56,0.0,0.04884143,0.04884143,9.6784934e-05,0.0003,14903.431,0.007563937997817993,1299.6526911258698,165000,,,,,,,,,,,,,,,,,,,,,,,
0.0036896716,0.0,0.7591451,0.04840021,100000.0,1000.0,20,10000.0,22944.963,10173.6,3809.1484,-6785.2793,32657.336,-24071.744,1016560.6,0.0,0.03674278,0.03674278,9.6503034e-05,0.0003,23312.395,0.007422884035110474,1336.7672080993652,170000,,,,,,,,,,,,,,,,,,,,,,,
0.0045032892,0.0,0.9401255,0.046989586,100000.0,1000.0,20,10000.0,19203.172,10896.58,3466.931,-6983.355,32737.67,-25436.318,907817.94,0.0,0.04417611,0.04417611,9.62098e-05,0.0003,19644.938,0.007467217588424682,1374.1034135818481,175000,,,,,,,,,,,,,,,,,,,,,,,
0.004487741,0.0,0.9548515,0.046353757,100000.0,1000.0,20,10000.0,21313.707,11148.789,3957.0024,-7094.62,72516.07,-55441.438,1869827.4,0.0,0.044260956,0.044260956,9.59053e-05,0.0003,21756.32,0.007230031394958496,1410.2536642551422,180000,,,,,,,,,,,,,,,,,,,,,,,
0.004199503,0.0,0.8386581,0.04407863,100000.0,1000.0,20,10000.0,13079.125,9763.343,3852.8088,-7300.248,34807.746,-33117.996,1349258.0,0.0,0.036966898,0.036966898,9.558961e-05,0.0003,13448.798,0.007506226444244385,1447.7849190235138,185000,,,,,,,,,,,,,,,,,,,,,,,
0.0045261206,0.0,1.226136,0.04328489,100000.0,1000.0,20,10000.0,6173.593,9945.125,3878.713,-7469.1646,6911.659,-3860.1123,292853.94,0.0,0.05307316,0.05307316,9.526282e-05,0.0003,6704.3286,0.007229719400405884,1483.933608531952,190000,,,,,,,,,,,,,,,,,,,,,,,
0.0034355156,0.0,0.9602163,0.04292358,100000.0,1000.0,20,10000.0,40210.89,11660.442,4269.948,-7552.673,58140.95,-55028.28,2171502.0,0.0,0.04121592,0.04121592,9.4925024e-05,0.0003,40623.055,0.007403021812438965,1520.9487948417664,195000,,,,,,,,,,,,,,,,,,,,,,,
0.0036678545,0.0,0.7658061,0.041409753,100000.0,1000.0,20,10000.0,72551.92,11389.912,3515.6968,-7502.0015,58576.992,-15630.165,883173.8,0.0,0.03171184,0.03171184,9.457632e-05,0.0003,72869.04,0.007234574556350708,1557.1217427253723,200000,,,,,,,,,,,,,,,,,,,,,,,
0.003615949,0.0,0.92595845,0.040396985,100000.0,1000.0,20,10000.0,9585.367,10302.888,3944.043,-7294.72,9411.733,-19545.611,400672.1,0.0,0.03740593,0.03740593,9.42168e-05,0.0003,9959.431,0.009370412302017211,1603.9739480018616,205000,,,,,,,,,,,,,,,,,,,,,,,
0.004426517,0.0,0.9201652,0.039663292,100000.0,1000.0,20,10000.0,9871.338,11737.662,3819.665,-6759.115,10949.291,-10462.261,428592.0,0.0,0.03649678,0.03649678,9.384654e-05,0.0003,10236.311,0.00741515760421753,1641.0498757362366,210000,,,,,,,,,,,,,,,,,,,,,,,
0.0035748412,0.0,1.0898389,0.04043678,100000.0,1000.0,20,10000.0,11481.58,9952.127,3894.375,-5821.068,14077.719,-16632.326,675254.4,0.0,0.044069573,0.044069573,9.346567e-05,0.0003,11922.279,0.007535841131210327,1678.7292351722717,215000,,,,,,,,,,,,,,,,,,,,,,,
0.00459707,0.0,1.00108,0.040796824,100000.0,1000.0,20,10000.0,15262.241,10864.995,3970.8804,-6508.813,23447.004,-20080.87,607180.0,0.0,0.040840887,0.040840887,9.30743e-05,0.0003,15670.655,0.007791897487640381,1717.6888587474823,220000,,,,,,,,,,,,,,,,,,,,,,,
0.0034663007,0.0,1.1028415,0.041004993,100000.0,1000.0,20,10000.0,15260.117,13428.634,3903.1272,-6682.3975,34217.55,-28349.854,908256.56,0.0,0.045222007,0.045222007,9.267249e-05,0.0003,15712.341,0.0076125876426696775,1755.7519295215607,225000,,,,,,,,,,,,,,,,,,,,,,,
0.004121758,0.0,1.0769185,0.04120432,100000.0,1000.0,20,10000.0,35297.168,13689.072,4323.698,-6250.8066,138094.44,-84273.35,2383761.5,0.0,0.04437369,0.04437369,9.2260394e-05,0.0003,35740.91,0.007708663892745972,1794.2953712940216,230000,,,,,,,,,,,,,,,,,,,,,,,
0.0033994252,0.0,0.86055493,0.04108225,100000.0,1000.0,20,10000.0,41558.92,13159.839,3842.8735,-8630.867,108701.06,-166686.16,2507448.8,0.0,0.035353534,0.035353534,9.183811e-05,0.0003,41912.46,0.007297704648971557,1830.7840235233307,235000,,,,,,,,,,,,,,,,,,,,,,,
0.0033061192,0.0,0.8569883,0.040101033,100000.0,1000.0,20,10000.0,29727.016,14346.454,4306.959,-3024.271,76845.4,-84548.09,2136343.0,0.0,0.034366116,0.034366116,9.1405775e-05,0.0003,30070.682,0.007289267778396606,1867.2304978370667,240000,,,,,,,,,,,,,,,,,,,,,,,
0.0042653857,0.0,0.9772047,0.039632346,100000.0,1000.0,20,10000.0,26191.414,11564.758,4351.0117,-8825.0,109289.87,-78617.125,1645581.0,0.0,0.038728915,0.038728915,9.0963455e-05,0.0003,26578.707,0.007708832597732544,1905.7746863365173,245000,,,,,,,,,,,,,,,,,,,,,,,
0.005088751,0.0,1.1914625,0.03905282,100000.0,1000.0,20,10000.0,24389.658,15084.17,4337.8867,-8068.7915,132542.98,-137267.14,1942035.2,0.0,0.046529975,0.046529975,9.051133e-05,0.0003,24854.963,0.007466863536834717,1943.1090786457062,250000,,,,,,,,,,,,,,,,,,,,,,,
0.0061722863,0.0,1.0855708,0.03838728,100000.0,1000.0,20,10000.0,17029.285,15355.301,3845.8943,-10850.83,32037.225,-27464.38,818765.6,0.0,0.04167211,0.04167211,9.004948e-05,0.0003,17446.012,0.007692023515701294,1981.5693323612213,255000,,,,,,,,,,,,,,,,,,,,,,,
0.004968088,0.0,1.0400609,0.036772188,100000.0,1000.0,20,10000.0,14466.885,10881.895,4134.659,-3487.5884,23965.44,-29775.848,859172.5,0.0,0.038245313,0.038245313,8.9578054e-05,0.0003,14849.343,0.007426528310775757,2018.7020854949951,260000,,,,,,,,,,,,,,,,,,,,,,,
0.004200114,0.0,1.2865052,0.036518335,100000.0,1000.0,20,10000.0,21680.502,12074.698,4293.0405,-6818.539,33333.27,-16997.395,861296.7,0.0,0.04698103,0.04698103,8.909717e-05,0.0003,22150.316,0.007547687196731568,2056.4406394958496,265000,,,,,,,,,,,,,,,,,,,,,,,
0.003580922,0.0,0.6023375,0.03626931,100000.0,1000.0,20,10000.0,21117.49,12980.784,3982.099,-10916.187,70012.27,-72240.586,1144330.8,0.0,0.021846365,0.021846365,8.860696e-05,0.0003,21335.957,0.007449723291397095,2093.6893815994263,270000,,,,,,,,,,,,,,,,,,,,,,,
0.003838181,0.0,1.0558586,0.03407071,100000.0,1000.0,20,10000.0,17413.377,12599.677,4441.678,-10463.108,27697.7,-25600.26,1069425.0,0.0,0.035973854,0.035973854,8.810758e-05,0.0003,17773.12,0.00745566692352295,2130.967849969864,275000,,,,,,,,,,,,,,,,,,,,,,,
0.0036286716,0.0,1.2937421,0.03450045,100000.0,1000.0,20,10000.0,22798.896,13485.074,4584.0557,-4045.8691,19048.027,-21834.377,1020445.4,0.0,0.04463468,0.04463468,8.759914e-05,0.0003,23245.248,0.007628445720672608,2169.1101953983307,280000,,,,,,,,,,,,,,,,,,,,,,,
0.004634345,0.0,0.9830944,0.034578647,100000.0,1000.0,20,10000.0,37426.7,17407.996,4493.723,-1793.6655,88224.94,-138317.89,2608540.8,0.0,0.033994075,0.033994075,8.708179e-05,0.0003,37766.645,0.007418936824798584,2206.204989671707,285000,,,,,,,,,,,,,,,,,,,,,,,
0.0035963762,0.0,1.0134691,0.034497485,100000.0,1000.0,20,10000.0,29809.742,15839.378,4551.707,-556.60724,50178.453,-70135.93,1209159.5,0.0,0.034962133,0.034962133,8.655565e-05,0.0003,30159.367,0.007472907876968384,2243.5696246623993,290000,,,,,,,,,,,,,,,,,,,,,,,
0.003521635,0.0,1.0908754,0.03370413,100000.0,1000.0,20,10000.0,29435.064,13840.982,4301.043,-12409.142,47980.344,-38091.688,1198472.2,0.0,0.03676701,0.03676701,8.602091e-05,0.0003,29802.738,0.007538953876495362,2281.2645020484924,295000,,,,,,,,,,,,,,,,,,,,,,,
0.0033845692,0.0,1.0294704,0.03435426,100000.0,1000.0,20,10000.0,16412.002,15204.263,4808.652,-4399.817,14699.091,-15175.54,686412.9,0.0,0.035366695,0.035366695,8.547767e-05,0.0003,16765.672,0.007412388849258423,2318.3265557289124,300000,,,,,,,,,,,,,,,,,,,,,,,
0.0033784404,0.0,0.77379495,0.034220558,100000.0,1000.0,20,10000.0,24170.855,19263.672,4768.044,-13973.279,61880.637,-78975.43,1354091.8,0.0,0.026479695,0.026479695,8.49261e-05,0.0003,24435.656,0.009473304176330567,2365.693207025528,305000,,,,,,,,,,,,,,,,,,,,,,,
0.005188685,0.0,1.0319129,0.03350934,100000.0,1000.0,20,10000.0,44343.293,19033.896,4927.8086,-1611.4718,83950.03,-95745.1,1706297.0,0.0,0.034578722,0.034578722,8.436636e-05,0.0003,44689.086,0.007647151517868042,2403.9290900230408,310000,,,,,,,,,,,,,,,,,,,,,,,
0.0040589757,0.0,0.91491944,0.0341466,100000.0,1000.0,20,10000.0,77388.75,20861.252,4503.959,-1138.7493,181162.1,-1066628.1,8770538.0,0.0,0.031241387,0.031241387,8.3798586e-05,0.0003,77701.17,0.007667524480819702,2442.266850233078,315000,,,,,,,,,,,,,,,,,,,,,,,
0.0038739394,0.0,0.7030212,0.03459343,100000.0,1000.0,20,10000.0,35040.66,14838.715,4756.936,-3810.387,89301.61,-98819.28,1826347.8,0.0,0.024319917,0.024319917,8.322294e-05,0.0003,35283.863,0.007582803535461426,2480.180992126465,320000,,,,,,,,,,,,,,,,,,,,,,,
0.0070983637,0.0,1.213159,0.034584504,100000.0,1000.0,20,10000.0,36186.734,20690.06,4990.9355,-2004.5198,131961.0,-90246.555,1767152.8,0.0,0.0419565,0.0419565,8.263957e-05,0.0003,36606.31,0.007515108394622803,2517.756650686264,325000,,,,,,,,,,,,,,,,,,,,,,,
0.0030858787,0.0,0.9465224,0.033782486,100000.0,1000.0,20,10000.0,102956.03,13581.163,4496.035,-15393.619,477895.5,-318333.9,5676151.5,0.0,0.03197588,0.03197588,8.2048646e-05,0.0003,103275.79,0.007341966152191162,2554.466586828232,330000,,,,,,,,,,,,,,,,,,,,,,,
0.0029612812,0.0,0.98552454,0.033404306,100000.0,1000.0,20,10000.0,32864.656,17600.926,4221.3457,-2672.8767,52835.55,-55499.93,1452546.5,0.0,0.032920763,0.032920763,8.1450344e-05,0.0003,33193.867,0.0074601946830749515,2591.7676770687103,335000,,,,,,,,,,,,,,,,,,,,,,,
0.003510636,0.0,1.4482123,0.033597853,100000.0,1000.0,20,10000.0,26877.008,15600.147,4651.2354,-16849.25,30493.01,-45017.344,1299204.4,0.0,0.048656825,0.048656825,8.0844795e-05,0.0003,27363.58,0.007444646787643432,2628.991015434265,340000,,,,,,,,,,,,,,,,,,,,,,,
0.0044485945,0.0,0.67907345,0.0345664,100000.0,1000.0,20,10000.0,57509.53,17281.424,5106.2744,-16867.21,69442.3,-54581.484,2591207.8,0.0,0.023473125,0.023473125,8.0232174e-05,0.0003,57744.266,0.007456777954101563,2666.27498793602,345000,,,,,,,,,,,,,,,,,,,,,,,
0.0032009918,0.0,1.1129639,0.035239305,100000.0,1000.0,20,10000.0,38827.906,19566.395,4364.382,-16620.268,90786.37,-71564.164,1966406.5,0.0,0.039220076,0.039220076,7.961267e-05,0.0003,39220.11,0.007148566198348999,2702.01789188385,350000,,,,,,,,,,,,,,,,,,,,,,,
0.003811277,0.0,1.1444701,0.03506988,100000.0,1000.0,20,10000.0,21369.855,25136.838,4390.745,-6913.261,57831.395,-33826.42,931561.75,0.0,0.04013643,0.04013643,7.898643e-05,0.0003,21771.225,0.007281363868713379,2738.424792289734,355000,,,,,,,,,,,,,,,,,,,,,,,
0.00434703,0.0,0.879106,0.033930507,100000.0,1000.0,20,10000.0,67625.22,20294.902,4230.1006,-10641.261,166913.7,-142971.5,2694719.8,0.0,0.029828511,0.029828511,7.835362e-05,0.0003,67923.51,0.007443846321105957,2775.6441349983215,360000,,,,,,,,,,,,,,,,,,,,,,,
0.0050522583,0.0,0.94912505,0.033463188,100000.0,1000.0,20,10000.0,52288.32,27175.207,4941.3745,-11474.393,39185.91,-76949.24,2055076.0,0.0,0.03176075,0.03176075,7.7714445e-05,0.0003,52605.934,0.007307835388183594,2812.1834359169006,365000,,,,,,,,,,,,,,,,,,,,,,,
0.00420657,0.0,1.150117,0.033635285,100000.0,1000.0,20,10000.0,36972.984,20523.693,4894.1846,-7378.695,67238.51,-96087.95,1904215.6,0.0,0.038684517,0.038684517,7.706907e-05,0.0003,37359.832,0.007417378282546997,2849.270430803299,370000,,,,,,,,,,,,,,,,,,,,,,,
0.0036231359,0.0,0.7803191,0.033993144,100000.0,1000.0,20,10000.0,37256.312,15243.176,4586.623,-10161.697,104713.42,-140419.98,2864012.5,0.0,0.026525497,0.026525497,7.641764e-05,0.0003,37521.57,0.007038058137893676,2884.4608182907104,375000,,,,,,,,,,,,,,,,,,,,,,,
0.003403673,0.0,1.5059615,0.03313985,100000.0,1000.0,20,10000.0,41903.86,17315.955,4636.5806,-2969.0398,81427.586,-49005.58,1848837.8,0.0,0.04990734,0.04990734,7.5760356e-05,0.0003,42402.938,0.007260227155685425,2920.7620453834534,380000,,,,,,,,,,,,,,,,,,,,,,,
0.0036496974,0.0,1.0588301,0.033603087,100000.0,1000.0,20,10000.0,44218.125,28868.469,4499.115,-8049.849,264306.06,-87211.98,2702395.5,0.0,0.03557996,0.03557996,7.50974e-05,0.0003,44573.93,0.0071224899291992185,2956.3745715618134,385000,,,,,,,,,,,,,,,,,,,,,,,
0.0031569055,0.0,0.9644212,0.03229804,100000.0,1000.0,20,10000.0,51867.617,28754.982,5197.2334,-16787.713,399908.7,-380233.75,7058446.5,0.0,0.031148914,0.031148914,7.442894e-05,0.0003,52179.11,0.007301478004455566,2992.882061481476,390000,,,,,,,,,,,,,,,,,,,,,,,
0.004528005,0.0,1.4502026,0.032258365,100000.0,1000.0,20,10000.0,221991.3,20896.912,4806.2163,-11770.248,360526.25,-782622.56,12231725.0,0.0,0.046781167,0.046781167,7.375519e-05,0.0003,222459.11,0.007062964820861817,3028.1969854831696,395000,,,,,,,,,,,,,,,,,,,,,,,
0.0029126515,0.0,0.73141605,0.032345146,100000.0,1000.0,20,10000.0,53659.156,20503.209,4874.3506,-20699.719,35342.81,-79176.91,1758154.5,0.0,0.02365776,0.02365776,7.30763e-05,0.0003,53895.74,0.007225358390808106,3064.323868751526,400000,,,,,,,,,,,,,,,,,,,,,,,
0.0039789444,0.0,0.960142,0.031615067,100000.0,1000.0,20,10000.0,19368.354,27952.17,4761.6343,-18155.143,16506.65,-50550.508,898653.1,0.0,0.030354954,0.030354954,7.239246e-05,0.0003,19671.906,0.009523494338989257,3111.941474914551,405000,,,,,,,,,,,,,,,,,,,,,,,
0.003385401,0.0,1.3292854,0.031895224,100000.0,1000.0,20,10000.0,30240.871,15698.341,4170.5625,-11991.903,89562.516,-73476.664,1668408.5,0.0,0.042397857,0.042397857,7.170388e-05,0.0003,30664.854,0.007600473070144653,3149.9439635276794,410000,,,,,,,,,,,,,,,,,,,,,,,
0.0029771547,0.0,1.0244398,0.032021523,100000.0,1000.0,20,10000.0,21596.2,30374.025,4813.5327,-937.5497,31043.127,-26062.334,999937.1,0.0,0.032804124,0.032804124,7.101073e-05,0.0003,21924.244,0.007636237144470215,3188.1252698898315,415000,,,,,,,,,,,,,,,,,,,,,,,
0.0037818812,0.0,1.3455533,0.032073956,100000.0,1000.0,20,10000.0,27075.05,16772.094,4660.935,-19102.627,22315.447,-25507.713,1167496.4,0.0,0.043157216,0.043157216,7.0313195e-05,0.0003,27506.627,0.007789134216308594,3227.071091413498,420000,,,,,,,,,,,,,,,,,,,,,,,
0.0034320808,0.0,0.986834,0.030811084,100000.0,1000.0,20,10000.0,62090.555,30888.86,4862.6104,-2239.4229,126162.516,-217267.77,3692282.0,0.0,0.030405425,0.030405425,6.961148e-05,0.0003,62394.613,0.007876332664489746,3266.452880382538,425000,,,,,,,,,,,,,,,,,,,,,,,
0.002947993,0.0,1.0268836,0.032183517,100000.0,1000.0,20,10000.0,35982.6,31680.516,4732.632,-11433.468,27785.406,-43434.97,1402411.0,0.0,0.033048727,0.033048727,6.890576e-05,0.0003,36313.094,0.0075921014785766605,3304.413500070572,430000,,,,,,,,,,,,,,,,,,,,,,,
0.0028571496,0.0,1.0904132,0.031895123,100000.0,1000.0,20,10000.0,25372.67,18764.615,4473.048,-5329.1245,54277.87,-44490.664,1533361.2,0.0,0.034778863,0.034778863,6.8196256e-05,0.0003,25720.46,0.007811197757720947,3343.4696118831635,435000,,,,,,,,,,,,,,,,,,,,,,,
0.0025957606,0.0,0.82308483,0.032832514,100000.0,1000.0,20,10000.0,38271.348,23717.924,4660.024,-14727.627,30057.473,-33184.598,1507835.9,0.0,0.027023943,0.027023943,6.748313e-05,0.0003,38541.59,0.007621951007843018,3381.5795001983643,440000,,,,,,,,,,,,,,,,,,,,,,,
0.00294221,0.0,0.7377179,0.032529984,100000.0,1000.0,20,10000.0,40499.523,26352.43,4833.7896,-8673.153,37049.242,-46143.297,1592791.5,0.0,0.023997951,0.023997951,6.67666e-05,0.0003,40739.508,0.00756130747795105,3419.3861548900604,445000,,,,,,,,,,,,,,,,,,,,,,,
0.0035446563,0.0,0.90025103,0.03218795,100000.0,1000.0,20,10000.0,21712.227,33139.473,4585.831,-15486.323,57801.594,-22692.666,832302.4,0.0,0.028977236,0.028977236,6.604685e-05,0.0003,22002.002,0.007734174919128418,3458.057150363922,450000,,,,,,,,,,,,,,,,,,,,,,,
0.0034101126,0.0,0.72474074,0.03206066,100000.0,1000.0,20,10000.0,25355.41,23999.271,4915.7056,-801.427,49568.664,-417467.94,2003515.0,0.0,0.023235666,0.023235666,6.5324086e-05,0.0003,25587.771,0.00747828369140625,3495.4486808776855,455000,,,,,,,,,,,,,,,,,,,,,,,
0.002949303,0.0,0.9047679,0.03241331,100000.0,1000.0,20,10000.0,40655.543,34695.77,5004.5786,-8802.127,163393.98,-289721.62,3742715.5,0.0,0.029326523,0.029326523,6.4598484e-05,0.0003,40948.812,0.007632204008102417,3533.609791278839,460000,,,,,,,,,,,,,,,,,,,,,,,
0.012114771,0.0,1.0180576,0.031575006,100000.0,1000.0,20,10000.0,19885.55,20961.889,4370.4834,-7508.309,24692.066,-52216.52,968727.6,0.0,0.032145172,0.032145172,6.387027e-05,0.0003,20207.014,0.007265696525573731,3569.9383294582367,465000,,,,,,,,,,,,,,,,,,,,,,,
0.00282069,0.0,0.79004765,0.0301055,100000.0,1000.0,20,10000.0,110143.305,25349.66,5067.758,-742.7019,158975.86,-106113.234,4515531.5,0.0,0.023784779,0.023784779,6.3139625e-05,0.0003,110381.16,0.007311032056808471,3606.493596315384,470000,,,,,,,,,,,,,,,,,,,,,,,
0.0031726107,0.0,0.87901574,0.02999911,100000.0,1000.0,20,10000.0,63343.406,19914.537,4981.013,-850.9068,132566.33,-116581.08,3443686.0,0.0,0.02636969,0.02636969,6.2406754e-05,0.0003,63607.105,0.0072508340835571285,3642.7478737831116,475000,,,,,,,,,,,,,,,,,,,,,,,
0.003759302,0.0,0.74935424,0.029675422,100000.0,1000.0,20,10000.0,64611.914,16955.336,4422.6074,-719.57745,125625.08,-144445.23,4020823.0,0.0,0.022237401,0.022237401,6.167186e-05,0.0003,64834.293,0.007458389329910278,3680.0399198532104,480000,,,,,,,,,,,,,,,,,,,,,,,
0.0026589602,0.0,1.0955884,0.030045021,100000.0,1000.0,20,10000.0,33130.613,23369.312,5200.5703,-703.05304,41077.164,-43165.617,1348168.5,0.0,0.032916978,0.032916978,6.093515e-05,0.0003,33459.785,0.0074304353713989255,3717.1921916007996,485000,,,,,,,,,,,,,,,,,,,,,,,
0.0036228518,0.0,0.73609126,0.030493854,100000.0,1000.0,20,10000.0,35950.11,37780.43,4712.494,-5744.0127,268917.53,-107621.33,1669006.2,0.0,0.022446258,0.022446258,6.0196806e-05,0.0003,36174.574,0.00739819917678833,3754.1832978725433,490000,,,,,,,,,,,,,,,,,,,,,,,
0.0030318878,0.0,0.8401468,0.029635886,100000.0,1000.0,20,10000.0,25085.926,15672.842,4647.1846,-740.96027,50502.46,-56802.965,1181333.2,0.0,0.024898496,0.024898496,5.945705e-05,0.0003,25334.914,0.00732488431930542,3790.807824611664,495000,,,,,,,,,,,,,,,,,,,,,,,
0.0033071812,0.0,0.8772329,0.029301092,100000.0,1000.0,20,10000.0,16838.332,38726.297,4608.997,-720.4413,70278.58,-25500.58,795288.94,0.0,0.025703881,0.025703881,5.8716072e-05,0.0003,17095.375,0.007206487703323364,3826.8403463363647,500000,,,,,,,,,,,,,,,,,,,,,,,
0.0031003058,0.0,0.9111641,0.028374467,100000.0,1000.0,20,10000.0,37708.758,17767.705,4759.3677,-3325.0957,62219.836,-95521.01,1790588.1,0.0,0.025853794,0.025853794,5.7974077e-05,0.0003,37967.3,0.009655467176437378,3875.1178052425385,505000,,,,,,,,,,,,,,,,,,,,,,,
0.0029367497,0.0,1.1396536,0.02891382,100000.0,1000.0,20,10000.0,741798.1,30405.375,4988.086,-1203.8519,11160367.0,-1251225.6,65379828.0,0.0,0.03295174,0.03295174,5.7231267e-05,0.0003,742127.6,0.008020111465454102,3915.2184920310974,510000,,,,,,,,,,,,,,,,,,,,,,,
0.0025930044,0.0,0.78844905,0.029519964,100000.0,1000.0,20,10000.0,34313.83,17954.014,4618.71,-1082.4944,75295.89,-34863.816,1599759.6,0.0,0.023274986,0.023274986,5.6487854e-05,0.0003,34546.582,0.007644359922409058,3953.4404077529907,515000,,,,,,,,,,,,,,,,,,,,,,,
0.002996844,0.0,0.9073865,0.028583905,100000.0,1000.0,20,10000.0,35450.66,31167.26,4731.457,-10672.373,96155.22,-137657.39,2558308.2,0.0,0.02593665,0.02593665,5.574403e-05,0.0003,35710.03,0.007890135478973388,3992.8912053108215,520000,,,,,,,,,,,,,,,,,,,,,,,
0.0032268944,0.0,1.185745,0.029671906,100000.0,1000.0,20,10000.0,42191.973,33636.58,4793.3535,-2588.347,71958.88,-70585.01,1767083.2,0.0,0.03518331,0.03518331,5.5000004e-05,0.0003,42543.81,0.007849542236328125,4032.1390278339386,525000,,,,,,,,,,,,,,,,,,,,,,,
0.0031275582,0.0,0.8640659,0.029789988,100000.0,1000.0,20,10000.0,48140.08,24246.527,4710.873,-31734.494,56129.89,-1605900.8,4444083.0,0.0,0.025740512,0.025740512,5.4255972e-05,0.0003,48397.49,0.008055797338485719,4072.418136358261,530000,,,,,,,,,,,,,,,,,,,,,,,
0.0029639853,0.0,0.64994806,0.030548045,100000.0,1000.0,20,10000.0,60759.2,40193.367,4949.8066,-1278.644,33201.83,-513641.56,2378645.0,0.0,0.019854644,0.019854644,5.3512147e-05,0.0003,60957.75,0.008324193811416625,4114.0391726493835,535000,,,,,,,,,,,,,,,,,,,,,,,
0.0025536416,0.0,1.3707252,0.03001785,100000.0,1000.0,20,10000.0,54664.754,23971.352,4768.506,-2701.778,130914.664,-81496.73,2839423.0,0.0,0.041146223,0.041146223,5.276873e-05,0.0003,55076.22,0.008179979515075684,4154.939159154892,540000,,,,,,,,,,,,,,,,,,,,,,,
0.003092435,0.0,0.8638412,0.030565096,100000.0,1000.0,20,10000.0,51745.76,22805.742,4587.236,-13795.697,236607.05,-549602.3,4797492.5,0.0,0.02640339,0.02640339,5.2025924e-05,0.0003,52009.8,0.007935847377777099,4194.618517398834,545000,,,,,,,,,,,,,,,,,,,,,,,
0.0031585149,0.0,0.65443754,0.029506845,100000.0,1000.0,20,10000.0,25811.564,19889.168,4723.037,-498.50888,17746.97,-52966.1,1042017.6,0.0,0.019310387,0.019310387,5.1283936e-05,0.0003,26004.672,0.007917711496353149,4234.2071940898895,550000,,,,,,,,,,,,,,,,,,,,,,,
0.0028601005,0.0,0.9991975,0.02822007,100000.0,1000.0,20,10000.0,69102.89,45271.902,4977.0376,-515.87933,203889.7,-196597.48,4246895.5,0.0,0.028197424,0.028197424,5.0542945e-05,0.0003,69384.87,0.007729177665710449,4272.853196144104,555000,,,,,,,,,,,,,,,,,,,,,,,
0.0023839911,0.0,0.6902515,0.028930834,100000.0,1000.0,20,10000.0,58627.59,22827.766,4714.239,-858.31445,47419.156,-97862.64,1847237.4,0.0,0.019969553,0.019969553,4.9803188e-05,0.0003,58827.29,0.00759401068687439,4310.82336139679,560000,,,,,,,,,,,,,,,,,,,,,,,
0.0029475964,0.0,1.2270836,0.027121289,100000.0,1000.0,20,10000.0,36041.72,46397.12,4671.6387,-1853.6938,62257.15,-177527.48,2057210.8,0.0,0.03328009,0.03328009,4.9064853e-05,0.0003,36374.523,0.007481336402893066,4348.230139255524,565000,,,,,,,,,,,,,,,,,,,,,,,
0.0019375866,0.0,0.9903423,0.026072046,100000.0,1000.0,20,10000.0,162683.12,44263.14,5108.842,-1944.909,167675.33,-295189.5,5615820.0,0.0,0.025820252,0.025820252,4.8328133e-05,0.0003,162941.33,0.007304643106460572,4384.7534301280975,570000,,,,,,,,,,,,,,,,,,,,,,,
0.0025484264,0.0,1.0639769,0.02563045,100000.0,1000.0,20,10000.0,48718.22,29131.291,4582.0244,-9858.426,191965.62,-1361974.1,5761292.0,0.0,0.027270207,0.027270207,4.7593247e-05,0.0003,48990.926,0.007444088935852051,4421.973917722702,575000,,,,,,,,,,,,,,,,,,,,,,,
0.003111233,0.0,0.48916903,0.025585204,100000.0,1000.0,20,10000.0,24302.238,17425.42,4259.5273,-1263.9144,37615.094,-69247.805,1428856.2,0.0,0.012515489,0.012515489,4.686038e-05,0.0003,24427.396,0.006990868616104126,4456.92836523056,580000,,,,,,,,,,,,,,,,,,,,,,,
0.0023898715,0.0,1.0375704,0.024850583,100000.0,1000.0,20,10000.0,69023.96,49820.59,4888.474,-10516.706,404831.25,-471241.2,6412930.0,0.0,0.025784228,0.025784228,4.612974e-05,0.0003,69281.805,0.007194339895248413,4492.900164604187,585000,,,,,,,,,,,,,,,,,,,,,,,
0.0029091637,0.0,0.74280506,0.024771446,100000.0,1000.0,20,10000.0,26676.346,50749.137,4798.4976,-618.9656,36702.65,-69578.26,1379990.9,0.0,0.018400356,0.018400356,4.540152e-05,0.0003,26860.352,0.007170789861679077,4528.754207134247,590000,,,,,,,,,,,,,,,,,,,,,,,
0.0023882068,0.0,0.6622063,0.024880156,100000.0,1000.0,20,10000.0,36699.78,45068.395,4697.241,-585.8004,147347.64,-116103.84,2530876.0,0.0,0.016475797,0.016475797,4.467592e-05,0.0003,36864.543,0.007347238540649414,4565.490492343903,595000,,,,,,,,,,,,,,,,,,,,,,,
0.0031390032,0.0,0.83378273,0.024552053,100000.0,1000.0,20,10000.0,41927.164,45646.215,5070.8135,-2773.8848,209531.75,-41790.73,2126037.2,0.0,0.020471077,0.020471077,4.3953154e-05,0.0003,42131.88,0.007148693180084228,4601.234061002731,600000,,,,,,,,,,,,,,,,,,,,,,,
0.003663833,0.0,1.5388532,0.024599554,100000.0,1000.0,20,10000.0,83125.01,42431.758,5024.1206,-564.82074,162481.25,-179662.58,2989453.2,0.0,0.037855104,0.037855104,4.3233405e-05,0.0003,83503.56,0.009472880411148072,4648.59858083725,605000,,,,,,,,,,,,,,,,,,,,,,,
0.0032022567,0.0,1.0357131,0.02499054,100000.0,1000.0,20,10000.0,50200.598,43073.195,5097.1553,-563.82196,52072.01,-204348.22,2183762.0,0.0,0.02588303,0.02588303,4.251687e-05,0.0003,50459.434,0.00779843373298645,4687.5908834934235,610000,,,,,,,,,,,,,,,,,,,,,,,
0.002398701,0.0,1.1693519,0.024172325,100000.0,1000.0,20,10000.0,68577.94,33510.137,5312.423,-748.6268,308644.5,-267218.34,4595381.0,0.0,0.028265955,0.028265955,4.1803753e-05,0.0003,68860.59,0.007250452709197998,4723.843272447586,615000,,,,,,,,,,,,,,,,,,,,,,,
0.002983474,0.0,1.3435555,0.024207084,100000.0,1000.0,20,10000.0,56791.633,44103.68,5258.7803,-6535.6284,338068.7,-70560.766,3265703.0,0.0,0.032523558,0.032523558,4.1094238e-05,0.0003,57116.87,0.007641054725646973,4762.048673629761,620000,,,,,,,,,,,,,,,,,,,,,,,
0.0028589834,0.0,1.1364673,0.025306135,100000.0,1000.0,20,10000.0,160818.86,39860.94,4983.907,-1635.7672,470888.5,-419728.0,9005206.0,0.0,0.028759597,0.028759597,4.0388528e-05,0.0003,161106.45,0.007440290403366089,4799.250237941742,625000,,,,,,,,,,,,,,,,,,,,,,,
0.0025651874,0.0,0.6748328,0.026008582,100000.0,1000.0,20,10000.0,46395.227,17146.967,4518.036,-4835.0063,138034.2,-233725.64,3167952.5,0.0,0.017551444,0.017551444,3.9686805e-05,0.0003,46570.746,0.007592442989349365,4837.212555646896,630000,,,,,,,,,,,,,,,,,,,,,,,
0.003204421,0.0,1.2533619,0.02469074,100000.0,1000.0,20,10000.0,43246.445,18318.281,4730.4814,-1652.9431,110039.805,-144110.12,1805607.1,0.0,0.030946434,0.030946434,3.8989278e-05,0.0003,43555.914,0.007392348337173462,4874.174401760101,635000,,,,,,,,,,,,,,,,,,,,,,,
0.0026310345,0.0,0.6437198,0.0246044,100000.0,1000.0,20,10000.0,46694.64,56134.42,5014.882,-589.6684,216936.8,-38922.637,2252690.8,0.0,0.01583834,0.01583834,3.8296123e-05,0.0003,46853.027,0.0075576497554779055,4911.962746620178,640000,,,,,,,,,,,,,,,,,,,,,,,
0.0024184657,0.0,1.2859696,0.024588777,100000.0,1000.0,20,10000.0,53572.426,50314.97,5042.8486,-5712.8545,251647.94,-65938.91,3156369.0,0.0,0.03162042,0.03162042,3.7607537e-05,0.0003,53888.633,0.00754530668258667,4949.68936920166,645000,,,,,,,,,,,,,,,,,,,,,,,
0.0031735112,0.0,1.1934123,0.024276335,100000.0,1000.0,20,10000.0,89091.95,48501.11,5644.1514,-567.13885,167509.42,-116417.375,3970407.5,0.0,0.028971676,0.028971676,3.692371e-05,0.0003,89381.67,0.0070751644134521485,4985.065284252167,650000,,,,,,,,,,,,,,,,,,,,,,,
0.0026837029,0.0,1.1022463,0.024765557,100000.0,1000.0,20,10000.0,104049.305,54279.8,5214.331,-2147.6826,205260.9,-1606899.8,8984686.0,0.0,0.027297745,0.027297745,3.6244823e-05,0.0003,104322.28,0.007316348600387573,5021.647135019302,655000,,,,,,,,,,,,,,,,,,,,,,,
0.0031341927,0.0,0.89832133,0.025564898,100000.0,1000.0,20,10000.0,210390.92,53221.49,4718.1436,-50169.78,4335717.5,-9151064.0,90908170.0,0.0,0.022965493,0.022965493,3.5571058e-05,0.0003,210620.58,0.007396512222290039,5058.629793643951,660000,,,,,,,,,,,,,,,,,,,,,,,
0.0025993227,0.0,1.243072,0.023904627,100000.0,1000.0,20,10000.0,31364.281,21367.043,4551.9385,-684.1493,53682.055,-224000.14,1649672.1,0.0,0.029715175,0.029715175,3.490261e-05,0.0003,31661.436,0.0073619977951049805,5095.439841032028,665000,,,,,,,,,,,,,,,,,,,,,,,
0.0030025986,0.0,1.136059,0.023453657,100000.0,1000.0,20,10000.0,89771.43,21880.727,4992.1094,-566.9972,198340.17,-245125.44,4864320.5,0.0,0.026644738,0.026644738,3.4239645e-05,0.0003,90037.875,0.0072488222599029544,5131.684004545212,670000,,,,,,,,,,,,,,,,,,,,,,,
0.002641404,0.0,1.1986461,0.024433611,100000.0,1000.0,20,10000.0,49755.836,62888.297,4846.1533,-522.2295,148492.88,-667553.1,4847950.0,0.0,0.02928725,0.02928725,3.3582368e-05,0.0003,50048.71,0.007370587062835694,5168.536982297897,675000,,,,,,,,,,,,,,,,,,,,,,,
0.0027009374,0.0,0.9509325,0.024276545,100000.0,1000.0,20,10000.0,74671.64,54160.51,4896.801,-2873.506,617219.75,-332938.56,6813773.0,0.0,0.023085358,0.023085358,3.2930948e-05,0.0003,74902.49,0.0072140465259552,5204.607301235199,680000,,,,,,,,,,,,,,,,,,,,,,,
0.0030948508,0.0,0.86137617,0.024582935,100000.0,1000.0,20,10000.0,55389.83,24546.008,5306.646,-988.2658,436050.1,-391189.06,5633622.5,0.0,0.021175155,0.021175155,3.228555e-05,0.0003,55601.582,0.007527084970474243,5242.242825269699,685000,,,,,,,,,,,,,,,,,,,,,,,
0.0036756601,0.0,1.1540147,0.024751423,100000.0,1000.0,20,10000.0,54598.918,52910.152,4847.214,-2506.6365,1183728.1,-214114.36,8863274.0,0.0,0.028563507,0.028563507,3.1646374e-05,0.0003,54884.56,0.007402719163894653,5279.256520032883,690000,,,,,,,,,,,,,,,,,,,,,,,
0.0026169678,0.0,0.7928713,0.024508702,100000.0,1000.0,20,10000.0,59520.574,52252.03,4953.1865,-532.3965,343293.03,-138901.8,3340394.8,0.0,0.019432247,0.019432247,3.1013573e-05,0.0003,59714.902,0.007381729030609131,5316.1652364730835,695000,,,,,,,,,,,,,,,,,,,,,,,
0.0019344536,0.0,0.9868837,0.023640094,100000.0,1000.0,20,10000.0,20821.787,32489.33,4566.0205,-609.0975,25917.625,-102271.38,1136834.1,0.0,0.023330025,0.023330025,3.0387337e-05,0.0003,21055.09,0.007052648448944092,5351.428537607193,700000,,,,,,,,,,,,,,,,,,,,,,,
0.0021017152,0.0,0.7807817,0.024706108,100000.0,1000.0,20,10000.0,112744.45,30943.836,4595.17,-37417.574,273171.78,-1056570.9,6358902.0,0.0,0.019290078,0.019290078,2.9767822e-05,0.0003,112937.35,0.009543920516967773,5399.148278951645,705000,,,,,,,,,,,,,,,,,,,,,,,
0.0025862502,0.0,1.5502834,0.025084464,100000.0,1000.0,20,10000.0,210873.25,53687.57,4918.5693,-2081.5835,1597884.0,-5566759.0,24894912.0,0.0,0.038888026,0.038888026,2.9155208e-05,0.0003,211262.12,0.0076112644672393795,5437.204740047455,710000,,,,,,,,,,,,,,,,,,,,,,,
0.0021876553,0.0,0.6324487,0.025937205,100000.0,1000.0,20,10000.0,34228.89,42767.844,4558.691,-2733.0266,75045.75,-93319.4,2182701.5,0.0,0.01640395,0.01640395,2.8549664e-05,0.0003,34392.934,0.007497601747512818,5474.69286441803,715000,,,,,,,,,,,,,,,,,,,,,,,
0.002515238,0.0,0.9832461,0.025387794,100000.0,1000.0,20,10000.0,309542.66,50242.066,4957.481,-2391.8586,383855.9,-1110069.9,17802872.0,0.0,0.02496245,0.02496245,2.7951346e-05,0.0003,309792.28,0.0073747100353240965,5511.566529989243,720000,,,,,,,,,,,,,,,,,,,,,,,
0.002652512,0.0,0.8703848,0.024931995,100000.0,1000.0,20,10000.0,1717776.1,72881.13,5654.7803,-743.026,37310120.0,-6315681.5,182683940.0,0.0,0.02170043,0.02170043,2.736043e-05,0.0003,1717993.1,0.007733625078201294,5550.23478770256,725000,,,,,,,,,,,,,,,,,,,,,,,
0.002593101,0.0,0.78510594,0.02445595,100000.0,1000.0,20,10000.0,38793.016,37283.582,4509.3086,-5078.7734,78484.27,-100333.57,2170013.2,0.0,0.019200511,0.019200511,2.6777061e-05,0.0003,38985.023,0.007605532455444336,5588.262563467026,730000,,,,,,,,,,,,,,,,,,,,,,,
0.002462936,0.0,0.5560452,0.02383679,100000.0,1000.0,20,10000.0,42142.062,34722.008,4799.4023,-64034.758,55033.812,-566790.4,2412446.2,0.0,0.013254331,0.013254331,2.6201416e-05,0.0003,42274.61,0.007825473070144653,5627.390028953552,735000,,,,,,,,,,,,,,,,,,,,,,,
0.0023792963,0.0,1.2576505,0.023303786,100000.0,1000.0,20,10000.0,921085.0,51565.348,4860.4917,-10286.333,25029878.0,-8720701.0,246301000.0,0.0,0.02930802,0.02930802,2.5633639e-05,0.0003,921378.06,0.0075373175144195555,5665.076708078384,740000,,,,,,,,,,,,,,,,,,,,,,,
0.0021931715,0.0,0.93727666,0.022828668,100000.0,1000.0,20,10000.0,118550.03,75537.4,5598.7466,-8199.704,193369.94,-605126.25,6824438.0,0.0,0.021396779,0.021396779,2.5073889e-05,0.0003,118764.0,0.007547093820571899,5702.812295198441,745000,,,,,,,,,,,,,,,,,,,,,,,
0.0023609137,0.0,1.1192735,0.022621194,100000.0,1000.0,20,10000.0,40949.24,30423.17,4404.325,-743.2099,72595.164,-159799.45,2447292.5,0.0,0.025319302,0.025319302,2.4522331e-05,0.0003,41202.434,0.007352051019668579,5739.572670459747,750000,,,,,,,,,,,,,,,,,,,,,,,
0.002373727,0.0,1.0772122,0.021632122,100000.0,1000.0,20,10000.0,40757.67,32162.635,4617.0674,-1681.3663,144392.89,-86125.11,2439506.0,0.0,0.023302386,0.023302386,2.3979092e-05,0.0003,40990.7,0.007411433792114258,5776.629948139191,755000,,,,,,,,,,,,,,,,,,,,,,,
0.0023516114,0.0,1.4510909,0.021635095,100000.0,1000.0,20,10000.0,102927.56,41067.555,4845.1406,-2726.9124,320090.56,-487292.1,6035401.0,0.0,0.03139449,0.03139449,2.3444345e-05,0.0003,103241.51,0.007186093235015869,5812.560522079468,760000,,,,,,,,,,,,,,,,,,,,,,,
0.0029029862,0.0,1.1007967,0.021619687,100000.0,1000.0,20,10000.0,72974.92,81885.08,5436.585,-2497.1526,241393.97,-137124.86,5043854.0,0.0,0.02379888,0.02379888,2.2918219e-05,0.0003,73212.914,0.007383321666717529,5849.47722196579,765000,,,,,,,,,,,,,,,,,,,,,,,
0.0023778353,0.0,0.9271551,0.02143816,100000.0,1000.0,20,10000.0,30750.293,19053.346,4783.5566,-3000.609,61975.543,-54012.17,1307648.8,0.0,0.019876499,0.019876499,2.2400869e-05,0.0003,30949.06,0.007252366161346436,5885.739096879959,770000,,,,,,,,,,,,,,,,,,,,,,,
0.0026401966,0.0,1.3470534,0.021084435,100000.0,1000.0,20,10000.0,109285.33,61885.098,5043.981,-9100.096,409948.56,-344886.1,8011945.0,0.0,0.028401861,0.028401861,2.1892429e-05,0.0003,109569.34,0.007486930084228516,5923.173800945282,775000,,,,,,,,,,,,,,,,,,,,,,,
0.0019955307,0.0,0.9415443,0.021450708,100000.0,1000.0,20,10000.0,63328.64,29707.598,4528.7534,-1571.7489,152148.58,-312349.94,4052311.0,0.0,0.02019679,0.02019679,2.1393029e-05,0.0003,63530.613,0.007454221057891845,5960.444942235947,780000,,,,,,,,,,,,,,,,,,,,,,,
0.002937959,0.0,0.99492854,0.021295518,100000.0,1000.0,20,10000.0,40969.688,39908.91,4606.4785,-2187.549,912980.4,-503314.53,7041650.0,0.0,0.021187518,0.021187518,2.0902831e-05,0.0003,41181.566,0.007635664749145508,5998.623369693756,785000,,,,,,,,,,,,,,,,,,,,,,,
0.0023445336,0.0,1.5458399,0.021349112,100000.0,1000.0,20,10000.0,183422.53,78018.75,4791.8896,-72248.87,5334708.5,-1846081.2,24717260.0,0.0,0.03300231,0.03300231,2.0421947e-05,0.0003,183752.55,0.007454863023757935,6035.897762775421,790000,,,,,,,,,,,,,,,,,,,,,,,
0.0022145985,0.0,0.9125892,0.022019988,100000.0,1000.0,20,10000.0,52991.47,50692.492,4841.3125,-7642.3193,81336.17,-101539.39,2402860.0,0.0,0.020095203,0.020095203,1.9950523e-05,0.0003,53192.426,0.0074525866031646725,6073.160800933838,795000,,,,,,,,,,,,,,,,,,,,,,,
0.0025681704,0.0,1.1822344,0.022703035,100000.0,1000.0,20,10000.0,84571.96,36896.426,4861.4453,-73985.09,1746406.9,-227210.16,7341533.0,0.0,0.02684031,0.02684031,1.9488682e-05,0.0003,84840.37,0.007517038774490357,6110.746097326279,800000,,,,,,,,,,,,,,,,,,,,,,,
0.002038265,0.0,1.0719585,0.023436083,100000.0,1000.0,20,10000.0,470139.12,41722.797,5249.547,-784.635,4318682.0,-3299823.2,64258692.0,0.0,0.02512251,0.02512251,1.9036543e-05,0.0003,470390.34,0.00976495623588562,6159.57102227211,805000,,,,,,,,,,,,,,,,,,,,,,,
0.0022295904,0.0,0.6627839,0.023475153,100000.0,1000.0,20,10000.0,113710.93,29447.145,4783.368,-2973.9922,657859.06,-373107.38,7514194.0,0.0,0.015558954,0.015558954,1.859424e-05,0.0003,113866.516,0.007140162992477417,6195.271969795227,810000,,,,,,,,,,,,,,,,,,,,,,,
0.002216753,0.0,1.1190333,0.024193252,100000.0,1000.0,20,10000.0,153403.38,88797.266,5599.541,-2873.476,1843400.8,-467867.0,10471562.0,0.0,0.027073056,0.027073056,1.8161878e-05,0.0003,153674.11,0.007495288276672363,6232.748530864716,815000,,,,,,,,,,,,,,,,,,,,,,,
0.0025289846,0.0,0.96734184,0.024541656,100000.0,1000.0,20,10000.0,80889.4,90050.71,5288.9297,-60834.375,1699330.5,-309100.34,8476384.0,0.0,0.02374017,0.02374017,1.7739603e-05,0.0003,81126.8,0.0076784073829650875,6271.140692234039,820000,,,,,,,,,,,,,,,,,,,,,,,
0.0019823879,0.0,0.8303342,0.025350094,100000.0,1000.0,20,10000.0,351233.66,41423.54,5123.3584,-5100.8716,633384.6,-2405758.8,26570112.0,0.0,0.021049049,0.021049049,1.7327511e-05,0.0003,351444.16,0.0074574797153472904,6308.428209781647,825000,,,,,,,,,,,,,,,,,,,,,,,
0.002422353,0.0,0.8082319,0.024915142,100000.0,1000.0,20,10000.0,83636.91,84104.586,5112.733,-834.15967,612745.5,-133084.88,4684615.0,0.0,0.020137213,0.020137213,1.6925713e-05,0.0003,83838.28,0.007509184026718139,6345.974226474762,830000,,,,,,,,,,,,,,,,,,,,,,,
0.0018839224,0.0,1.4355766,0.024417866,100000.0,1000.0,20,10000.0,378723.56,33120.305,5060.668,-5094.481,641932.4,-2290760.0,17636358.0,0.0,0.035053715,0.035053715,1.653433e-05,0.0003,379074.1,0.007470932340621949,6383.328973054886,835000,,,,,,,,,,,,,,,,,,,,,,,
0.001950288,0.0,0.6708586,0.023959959,100000.0,1000.0,20,10000.0,210397.4,88514.72,5443.7275,-2970.3066,1034235.7,-4197237.5,22256154.0,0.0,0.016073745,0.016073745,1.6153459e-05,0.0003,210558.14,0.00752317943572998,6420.944959163666,840000,,,,,,,,,,,,,,,,,,,,,,,
0.0020687138,0.0,1.0159417,0.023054665,100000.0,1000.0,20,10000.0,26145.734,85035.81,4754.46,-2638.1226,109610.305,-101588.99,1500988.5,0.0,0.023422197,0.023422197,1.5783213e-05,0.0003,26379.959,0.007665764904022217,6459.273873567581,845000,,,,,,,,,,,,,,,,,,,,,,,
0.0022446935,0.0,1.0155783,0.02295851,100000.0,1000.0,20,10000.0,54373.31,26960.19,4761.1436,-2366.6045,986216.75,-2099722.5,14917530.0,0.0,0.023316164,0.023316164,1.542368e-05,0.0003,54606.473,0.007323158645629883,6495.889766693115,850000,,,,,,,,,,,,,,,,,,,,,,,
0.0024593715,0.0,0.9664757,0.02300361,100000.0,1000.0,20,10000.0,89290.8,94999.22,5826.4844,-902.412,225330.19,-991245.4,5615617.0,0.0,0.02223243,0.02223243,1.5074969e-05,0.0003,89513.125,0.007232414722442627,6532.051955938339,855000,,,,,,,,,,,,,,,,,,,,,,,
0.0024397625,0.0,0.66054344,0.023008736,100000.0,1000.0,20,10000.0,25273.299,33385.68,4655.4805,-963.9118,194180.78,-22165.373,1433613.5,0.0,0.015198269,0.015198269,1.4737181e-05,0.0003,25425.283,0.00740820894241333,6569.093116283417,860000,,,,,,,,,,,,,,,,,,,,,,,
0.0025447323,0.0,0.82888913,0.022733131,100000.0,1000.0,20,10000.0,68094.484,92371.75,5117.917,-1013.69586,107567.23,-680812.2,4035578.0,0.0,0.018843245,0.018843245,1.4410394e-05,0.0003,68282.914,0.007059348726272583,6604.3899528980255,865000,,,,,,,,,,,,,,,,,,,,,,,
0.0021204872,0.0,0.7246004,0.02289446,100000.0,1000.0,20,10000.0,72977.41,41394.406,4741.012,-1022.3264,442622.9,-600841.0,7609331.5,0.0,0.016589334,0.016589334,1.4094706e-05,0.0003,73143.3,0.007347923231124878,6641.1296598911285,870000,,,,,,,,,,,,,,,,,,,,,,,
0.0022946612,0.0,0.9987939,0.02264128,100000.0,1000.0,20,10000.0,31020.795,20875.635,4826.8687,-23140.193,52383.625,-107300.54,1803901.9,0.0,0.022613972,0.022613972,1.37902e-05,0.0003,31246.938,0.0071215332984924315,6676.737386226654,875000,,,,,,,,,,,,,,,,,,,,,,,
0.0023390339,0.0,0.9333238,0.022870265,100000.0,1000.0,20,10000.0,352097.9,22703.277,4841.2847,-1058.5894,377744.53,-270825.28,6263221.0,0.0,0.021345362,0.021345362,1.3496962e-05,0.0003,352311.38,0.00728236722946167,6713.149281263351,880000,,,,,,,,,,,,,,,,,,,,,,,
0.0027225714,0.0,0.9314985,0.023014573,100000.0,1000.0,20,10000.0,254258.88,26673.451,4555.4824,-1057.4662,541683.5,-855189.6,9723770.0,0.0,0.021438042,0.021438042,1.3215067e-05,0.0003,254473.25,0.00712058973312378,6748.752268791199,885000,,,,,,,,,,,,,,,,,,,,,,,
0.0021967667,0.0,0.77277,0.023264995,100000.0,1000.0,20,10000.0,49864.03,97749.76,4973.2803,-1742.3656,2805017.8,-415831.38,7819895.0,0.0,0.01797849,0.01797849,1.2944596e-05,0.0003,50043.82,0.007275952672958374,6785.132130861282,890000,,,,,,,,,,,,,,,,,,,,,,,
0.0023183206,0.0,1.199073,0.022735871,100000.0,1000.0,20,10000.0,39409.805,99396.42,5182.803,-1074.5695,58764.746,-73967.0,1572391.5,0.0,0.027261967,0.027261967,1.26856285e-05,0.0003,39682.43,0.007209333086013794,6821.178903579712,895000,,,,,,,,,,,,,,,,,,,,,,,
0.0018007895,0.0,1.1148094,0.022723733,100000.0,1000.0,20,10000.0,336272.88,73953.78,5237.4443,-1100.8108,896136.56,-9654469.0,29364794.0,0.0,0.02533263,0.02533263,1.2438221e-05,0.0003,336526.2,0.0074598399639129636,6858.478199005127,900000,,,,,,,,,,,,,,,,,,,,,,,
0.0022236095,0.0,0.94776595,0.023054669,100000.0,1000.0,20,10000.0,65838.516,95746.96,5715.4395,-1439.0985,1683306.1,-165464.6,6118106.0,0.0,0.02185043,0.02185043,1.22024585e-05,0.0003,66057.02,0.009382397413253784,6905.390300750732,905000,,,,,,,,,,,,,,,,,,,,,,,
0.0020024576,0.0,0.70994115,0.02335822,100000.0,1000.0,20,10000.0,142547.08,25337.64,5098.411,-1640.5541,716830.8,-1018481.75,10605158.0,0.0,0.016582962,0.016582962,1.1978389e-05,0.0003,142712.9,0.007451099729537964,6942.645927429199,910000,,,,,,,,,,,,,,,,,,,,,,,
0.002754687,0.0,0.9663687,0.023408344,100000.0,1000.0,20,10000.0,176321.31,85315.516,4688.8574,-906.1393,516009.4,-460812.53,13059304.0,0.0,0.02262109,0.02262109,1.1766084e-05,0.0003,176547.52,0.007881444311141968,6982.053274154663,915000,,,,,,,,,,,,,,,,,,,,,,,
0.0022830851,0.0,1.0596056,0.023641557,100000.0,1000.0,20,10000.0,1801826.1,78434.89,4404.6597,-820.33276,1655607.0,-2483529.2,33605020.0,0.0,0.025050724,0.025050724,1.1565597e-05,0.0003,1802076.6,0.007674018001556397,7020.423482656479,920000,,,,,,,,,,,,,,,,,,,,,,,
0.0022051996,0.0,0.7497649,0.022881506,100000.0,1000.0,20,10000.0,28459.807,102020.266,4898.911,-5700.7515,29001.236,-142354.31,1314050.6,0.0,0.017155752,0.017155752,1.1376989e-05,0.0003,28631.365,0.007640939426422119,7058.628307104111,925000,,,,,,,,,,,,,,,,,,,,,,,
0.0021073779,0.0,0.8677766,0.022640858,100000.0,1000.0,20,10000.0,46154.06,32823.266,4750.9473,-3885.282,316695.2,-129408.96,2538644.2,0.0,0.019647205,0.019647205,1.1200302e-05,0.0003,46350.535,0.007367484474182129,7095.465855360031,930000,,,,,,,,,,,,,,,,,,,,,,,
0.0023029377,0.0,1.4742483,0.022472844,100000.0,1000.0,20,10000.0,52725.793,24914.168,4532.049,-687.5626,107354.48,-118400.54,2962431.8,0.0,0.03313055,0.03313055,1.103559e-05,0.0003,53057.1,0.007494370841979981,7132.937829256058,935000,,,,,,,,,,,,,,,,,,,,,,,
0.002428617,0.0,1.5049765,0.021829594,100000.0,1000.0,20,10000.0,69414.99,105040.15,4800.6294,-2627.1675,158472.33,-1999057.0,6694184.0,0.0,0.032853026,0.032853026,1.0882903e-05,0.0003,69743.52,0.007402834558486939,7169.952117919922,940000,,,,,,,,,,,,,,,,,,,,,,,
0.0022374762,0.0,0.73313004,0.022105975,100000.0,1000.0,20,10000.0,45585.13,40037.84,4770.014,-3636.7004,137955.97,-230334.86,3008272.5,0.0,0.016206555,0.016206555,1.0742272e-05,0.0003,45747.2,0.007482536315917969,7207.3649134635925,945000,,,,,,,,,,,,,,,,,,,,,,,
0.0023489536,0.0,0.7848205,0.0221477,100000.0,1000.0,20,10000.0,71372.016,37973.195,4987.298,-4930.9272,284308.56,-334465.72,4791657.5,0.0,0.017381968,0.017381968,1.061374e-05,0.0003,71545.836,0.007348080205917359,7244.1054039001465,950000,,,,,,,,,,,,,,,,,,,,,,,
0.0022688087,0.0,0.9829305,0.021903679,100000.0,1000.0,20,10000.0,66827.0,22259.713,5043.092,-668.1919,196509.66,-139565.94,3016452.0,0.0,0.021529794,0.021529794,1.0497346e-05,0.0003,67042.3,0.007488351774215698,7281.547259807587,955000,,,,,,,,,,,,,,,,,,,,,,,
0.002333376,0.0,1.0530726,0.02160471,100000.0,1000.0,20,10000.0,119935.57,35794.402,4354.204,-604.5084,883302.4,-335958.66,8594875.0,0.0,0.022751328,0.022751328,1.0393118e-05,0.0003,120163.086,0.007636897373199463,7319.73183298111,960000,,,,,,,,,,,,,,,,,,,,,,,
0.0024738908,0.0,0.76082796,0.023180187,100000.0,1000.0,20,10000.0,33464.32,109071.43,5569.8057,-622.79205,166421.22,-79179.45,2105736.5,0.0,0.017636135,0.017636135,1.0301083e-05,0.0003,33640.688,0.00742449631690979,7356.854408979416,965000,,,,,,,,,,,,,,,,,,,,,,,
0.0025265184,0.0,0.61807996,0.023530206,100000.0,1000.0,20,10000.0,27938.777,17830.135,4097.2656,-638.8301,117862.266,-52169.008,1519636.9,0.0,0.014543548,0.014543548,1.0221269e-05,0.0003,28084.215,0.007397763013839722,7393.843328475952,970000,,,,,,,,,,,,,,,,,,,,,,,
0.0025076796,0.0,1.0118767,0.023696305,100000.0,1000.0,20,10000.0,272283.34,109608.79,5259.243,-9466.149,4705774.0,-2308826.5,28394384.0,0.0,0.02397774,0.02397774,1.0153698e-05,0.0003,272523.12,0.0073536946773529056,7430.611886978149,975000,,,,,,,,,,,,,,,,,,,,,,,
0.0026666597,0.0,0.9347829,0.023625894,100000.0,1000.0,20,10000.0,30116.014,25631.54,4825.6875,-3900.3018,91139.2,-53077.055,1739376.5,0.0,0.022085082,0.022085082,1.0098386e-05,0.0003,30336.867,0.0074176586151123046,7467.700229406357,980000,,,,,,,,,,,,,,,,,,,,,,,
0.0025479752,0.0,1.0528704,0.022936601,100000.0,1000.0,20,10000.0,28420.693,16614.984,4594.6997,-631.0739,67635.54,-51325.125,1668923.6,0.0,0.024149269,0.024149269,1.005535e-05,0.0003,28662.188,0.0075095664978027344,7505.248174190521,985000,,,,,,,,,,,,,,,,,,,,,,,
0.002360145,0.0,0.9708718,0.022944095,100000.0,1000.0,20,10000.0,22329.002,28291.074,4806.0493,-1213.5161,38549.824,-67961.76,1221505.5,0.0,0.022275774,0.022275774,1.0024603e-05,0.0003,22551.762,0.007377439880371094,7542.135454654694,990000,,,,,,,,,,,,,,,,,,,,,,,
0.0026778623,0.0,1.3091561,0.023014437,100000.0,1000.0,20,10000.0,44350.94,28740.771,4718.3623,-1072.3718,79996.94,-99511.73,1874172.2,0.0,0.03012949,0.03012949,1.000615e-05,0.0003,44652.24,0.007557104587554932,7579.921086072922,995000,,,,,,,,,,,,,,,,,,,,,,,
0.002534803,0.0,1.0575584,0.023028178,100000.0,1000.0,20,10000.0,46819.32,14391.988,4538.7695,-4246.7197,90696.984,-80047.68,1850601.0,0.0,0.024353644,0.024353644,1e-05,0.0003,47062.86,0.00735330696105957,7616.687707662582,1000000,,,,,,,,,,,,,,,,,,,,,,,
0.004536101,0.0,,,,,,,1285964.6,90625.34,17485.184,2283.9502,16303362.0,-1505938.0,67825610.0,,,,,,1286055.1,0.027724746990203858,7755.3114466667175,1005000,0.40234375,0.032226562,0.0,90.44567,0.83952975,0.004536101,17333.93,90.44113,0.0,270.01263,270.01263,0.1,1.0,0.030225608,3.3475385,14864.513,0.0,5000.0,0.33595247395326366,-33.03290706922996,100.0,1.8834753036499023,-4.3379518996253275
0.0009808814,0.0,,,,,,,181275.56,65520.477,16703.352,1887.2706,1469152.2,-402943.8,9573064.0,,,,,,181286.55,0.019502971982955933,7852.826311826706,1010000,0.20703125,0.01155599,0.0,10.988991,0.30651248,0.0009808814,16615.016,10.988009,0.0,143.91376,143.91376,0.1,1.0,0.016738733,1.4252188,12393.429,0.0,9953.0,0.45070320028311156,43.56609159984314,100.0,1.8987841606140137,-1.7680075303360143
0.0014157242,0.0,,,,,,,93786.266,42798.76,15989.105,1632.5087,501834.34,-519467.84,3559556.8,,,,,,93796.195,0.019250212335586547,7949.077378511429,1015000,0.38671875,0.0226237,0.0,9.927906,0.40111828,0.0014157242,15950.141,9.926491,0.0,98.28283,98.28283,0.1,1.0,0.009697026,1.6060202,16447.223,0.0,14953.0,0.6518987722145163,62.598305797659734,100.0,1.8922526836395264,-1.1294648266108935
0.0004454689,0.0,,,,,,,36149.156,35416.36,16019.151,6318.0713,593800.1,-176880.88,2033006.1,,,,,,36150.28,0.019546960830688475,8046.8121864795685,1020000,0.21484375,0.01171875,0.0,1.123762,0.15799153,0.0004454689,16050.043,1.1233165,0.0,47.07993,47.07993,0.1,1.0,0.005284466,0.470447,17129.828,0.0,19953.0,-0.40870782173536835,-46.199228372664,100.0,1.8769171237945557,-4.7796902237018255
0.00039125816,0.0,,,,,,,18468.375,28187.97,14228.977,5011.134,65133.055,-7920.528,663778.94,,,,,,18469.406,0.01943339729309082,8143.979177713394,1025000,0.19921875,0.011067709,0.0,1.0305225,0.12694252,0.00039125816,14244.077,1.0301312,0.0,38.971443,38.971443,0.1,1.0,0.0042670453,0.409791,14711.471,0.0,24953.0,10.864060325351323,663.3577552464627,100.0,1.8980648517608643,19.026390879524556
0.0002263332,0.0,,,,,,,18337.096,23114.111,12695.146,4515.1704,13347.5,-16478.152,587725.75,,,,,,18338.46,0.019571100282669066,8241.834684610367,1030000,0.21875,0.0107421875,0.0,1.3661759,0.1397965,0.0002263332,12714.841,1.3659495,0.0,21.84047,21.84047,0.1,1.0,0.003598946,0.46323296,14127.962,0.0,29953.0,0.06504673322773101,-1.6939517765947345,100.0,1.9060823917388916,-3.286510326065499
0.00019875998,0.0,,,,,,,4840.7104,19801.713,11241.898,6228.7676,25470.562,-25671.207,226036.19,,,,,,4841.232,0.019812955951690674,8340.899469614029,1035000,0.19140625,0.009928386,0.0,0.52145493,0.09406257,0.00019875998,11262.66,0.52125615,0.0,14.656503,14.656503,0.1,1.0,0.0028574602,0.47543925,12188.614,0.0,34953.0,-0.31694280856952284,-46.64110229017285,100.0,1.9040935039520264,-4.794515370322132
0.00013594597,0.0,,,,,,,7286.361,17323.482,10184.341,-1852.2141,41545.863,-16473.346,381954.34,,,,,,7286.848,0.019657330322265625,8439.186125993729,1040000,0.18359375,0.0094401045,0.0,0.48715845,0.06774366,0.00013594597,10199.908,0.4870225,0.0,7.504678,7.504678,0.1,1.0,0.0036369853,0.3076793,9678.973,1.0,39953.0,60.948555023946014,5161.895055419243,100.0,1.8991756439208984,169.9551341463049
0.00042956648,0.0,,,,,,,4433.3696,13593.525,9105.16,5566.505,10872.162,-6293.1055,228626.39,,,,,,4433.754,0.019526292848587035,8536.817595243454,1045000,0.28125,0.01546224,0.0,0.38430816,0.26152575,0.00042956648,9128.848,0.3838786,0.0,6.899124,6.899124,0.1,1.0,0.0019854037,0.32652104,9696.232,0.0,44953.0,-0.58901626834287,-63.856382277077415,100.0,2.3355016708374023,-5.372098793562719
0.00039082096,0.0,,,,,,,11386.506,14075.559,8612.109,2983.107,28934.266,-87414.22,375975.06,,,,,,11387.689,0.019457508325576783,8634.105141878128,1050000,0.1875,0.01171875,0.0,1.183425,0.17165112,0.00039082096,8636.215,1.1830342,0.0,13.292221,13.292221,0.1,1.0,0.003958837,0.43636578,9004.965,0.0,49953.0,0.7503762241577011,70.23569729843506,100.0,1.8776249885559082,-0.8732255594597385
0.00019281238,0.0,,,,,,,6353.3354,12210.978,8068.237,-729.69824,48678.61,-8298.228,241819.72,,,,,,6353.84,0.019318875455856324,8730.699524402618,1055000,0.19140625,0.009765625,0.0,0.50430125,0.1395185,0.00019281238,8085.4297,0.5041084,0.0,8.337952,8.337952,0.1,1.0,0.0038177362,0.39740378,7856.794,0.0,54953.0,10.898151965688923,1422.8397726975827,100.0,1.885025978088379,44.50748812933814
0.0001855224,0.0,,,,,,,4331.4717,11361.444,7482.3037,-674.2822,5191.4863,-39391.21,190207.97,,,,,,4331.759,0.01929568009376526,8827.177929639816,1060000,0.1484375,0.008626303,0.0,0.28732213,0.10047066,0.0001855224,7499.364,0.2871366,0.0,7.2757683,7.2757683,0.1,1.0,0.003825373,0.4085668,7228.017,1.0,59953.0,60.94825181048478,4405.226245143698,100.0,1.8773119449615479,144.56842175877586
0.00024076857,0.0,,,,,,,3627.7468,10351.949,7008.084,3468.4167,2672.5967,-16447.781,126164.53,,,,,,3627.9885,0.01929263219833374,8923.641095399857,1065000,0.234375,0.0126953125,0.0,0.24177521,0.12789428,0.00024076857,7027.0986,0.24153444,0.0,7.733054,7.733054,0.1,1.0,0.0037057046,0.4062512,6863.424,1.0,64953.0,60.95394696500358,5200.767467632064,100.0,1.869201421737671,171.25932791675646
0.00021565489,0.0,,,,,,,3271.3965,9533.203,6641.6465,666.92975,59320.72,-2237.0098,183614.6,,,,,,3272.203,0.019370964574813843,9020.495923757553,1070000,0.26953125,0.013671875,0.0,0.80628425,0.10215831,0.00021565489,6668.8066,0.8060686,0.0,7.966818,7.966818,0.1,1.0,0.004573255,0.369065,6748.5654,1.0,69953.0,60.9187620709615,5260.494502140008,100.0,1.8851027488708496,173.26320732373378
0.0002364438,0.0,,,,,,,4368.2046,8719.824,6559.7573,3060.419,46567.453,-4610.173,212075.1,,,,,,4368.6025,0.019324560594558716,9117.118731975555,1075000,0.234375,0.013671875,0.0,0.39791608,0.07903886,0.0002364438,6577.043,0.39767963,0.0,7.024931,7.024931,0.1,1.0,0.003835281,0.3195293,7028.744,0.0,74953.0,0.6432195721880801,27.477176490168183,100.0,1.8688488006591797,-2.3078007066504336
0.00011397132,0.0,,,,,,,4448.8076,9222.643,6236.044,2663.8792,42797.008,-65513.35,226687.19,,,,,,4449.122,0.01941258816719055,9214.18167757988,1080000,0.1328125,0.0076497397,0.0,0.31468153,0.10825384,0.00011397132,6248.359,0.31456757,0.0,5.752773,5.752773,0.1,1.0,0.0041369386,0.34570932,6200.666,1.0,79953.0,60.963623278295344,3895.0949245992215,100.0,1.8824567794799805,127.45319652593321
3.9334176e-05,0.0,,,,,,,3583.528,11469.691,6145.9727,2433.2656,70327.06,-5254.298,240884.25,,,,,,3583.7996,0.019311137390136717,9310.737369298935,1085000,0.09375,0.0040690107,0.0,0.2713846,0.050240397,3.9334176e-05,6164.0195,0.27134526,0.0,5.241475,5.241475,0.1,1.0,0.0022223718,0.37107205,6537.98,0.0,84953.0,10.90090464214277,1406.920165582979,100.0,1.9005608558654785,43.97337534227383
0.0001075573,0.0,,,,,,,4739.5806,8596.229,5807.1016,38.743702,14230.878,-46826.43,211524.86,,,,,,4739.8193,0.0193204806804657,9407.339777231216,1090000,0.1640625,0.0087890625,0.0,0.23898461,0.048568368,0.0001075573,5824.0273,0.23887706,0.0,6.3318663,6.3318663,0.1,1.0,0.0034943456,0.39369345,5952.2236,1.0,89953.0,60.95331056919139,4797.995825981416,100.0,1.8795068264007568,157.7460871361375
9.6152675e-05,0.0,,,,,,,3900.602,10484.351,5625.946,629.8688,6528.0586,-12951.135,148871.34,,,,,,3901.108,0.01924117407798767,9503.545652627945,1095000,0.18359375,0.0094401045,0.0,0.50590503,0.050628662,9.6152675e-05,5641.8613,0.5058089,0.0,6.5086203,6.5086203,0.1,1.0,0.0054177744,0.29186398,5653.044,1.0,94953.0,60.93347757187895,4957.074078253206,100.0,1.8713366985321045,163.08326210977503
9.131874e-05,0.0,,,,,,,2915.8325,10523.881,5391.463,1144.6017,3451.5874,-24670.887,152729.62,,,,,,2916.2231,0.019485975694656373,9600.975536823273,1100000,0.15625,0.0071614585,0.0,0.3905036,0.06340432,9.131874e-05,5410.124,0.39041227,0.0,6.256376,6.256376,0.1,1.0,0.0026694052,0.4107445,5161.9297,1.0,99953.0,60.90137005648793,3205.3108274466244,100.0,1.8744432926177979,104.31050814483352
0.00017554441,0.0,,,,,,,9200.676,12110.687,5820.427,96.894455,6673.4976,-21508.018,317700.44,,,,,,9201.234,0.021059256315231322,9706.271825313568,1105000,0.15234375,0.008300781,0.0,0.55847996,0.1761595,0.00017554441,5839.704,0.5583044,0.0,9.053638,9.053638,0.1,1.0,0.008917119,0.37154135,5398.155,1.0,104953.0,60.90372051839918,4757.015731481165,100.0,2.358713388442993,156.37117930517672
0.00019983988,0.0,,,,,,,4145.9253,9808.424,5704.75,528.505,35431.312,-3249.2202,200509.38,,,,,,4146.2373,0.01934307017326355,9802.987182617188,1110000,0.1484375,0.009277344,0.0,0.31221932,0.11084485,0.00019983988,5742.063,0.31201947,0.0,10.08519,10.08519,0.1,1.0,0.004304778,0.45123953,5933.164,1.0,109953.0,60.96308083462957,4252.608818772062,100.0,1.866492748260498,139.44801153965932
0.0002578983,0.0,,,,,,,5456.46,8445.473,5788.0796,391.39886,7081.93,-52742.68,280504.62,,,,,,5456.798,0.019391985940933228,9899.947117567062,1115000,0.31640625,0.019042969,0.0,0.3377941,0.07853103,0.0002578983,5812.126,0.3375362,0.0,10.701569,10.701569,0.1,1.0,0.0040249727,0.4250108,5657.3174,1.0,114953.0,60.91559507162462,5111.363324458709,100.0,1.8841946125030518,168.25976293116003
9.6691096e-05,0.0,,,,,,,3132.521,9995.219,5924.9854,247.22903,2285.5361,-8375.139,118283.18,,,,,,3132.786,0.019403973722457887,9996.96699333191,1120000,0.20703125,0.009765625,0.0,0.26498428,0.042633176,9.6691096e-05,5941.1787,0.2648876,0.0,6.6603518,6.6603518,0.1,1.0,0.0047711283,0.33831686,6066.299,1.0,119953.0,60.90864134790026,5279.063819397351,100.0,1.8761932849884033,173.88621954525416
0.00010537737,0.0,,,,,,,5091.4883,8385.321,5607.3486,-163.66417,6566.6753,-26004.404,231375.94,,,,,,5091.7466,0.019244423627853394,10093.18911767006,1125000,0.18359375,0.009114584,0.0,0.25812677,0.046500564,0.00010537737,5616.3,0.25802138,0.0,7.2514086,7.2514086,0.1,1.0,0.00676089,0.38982314,5502.799,1.0,124953.0,60.91925077568929,2850.881457247364,100.0,1.8706481456756592,92.41918084185522
0.00017438372,0.0,,,,,,,4472.549,10819.863,5448.4595,-27.052008,4771.3066,-53959.215,234980.62,,,,,,4472.7593,0.019431679964065553,10190.34752368927,1130000,0.203125,0.01171875,0.0,0.21055757,0.09969902,0.00017438372,5467.878,0.21038318,0.0,5.6462917,5.6462917,0.1,1.0,0.00881966,0.4274529,5565.365,0.0,129953.0,0.6627234224039605,26.84108721209275,100.0,1.8774921894073486,-2.3291419002294464
6.361576e-05,0.0,,,,,,,4160.4473,11811.407,5416.551,-174.04057,5846.9556,-27812.922,205069.56,,,,,,4160.735,0.019397294187545776,10287.3340010643,1135000,0.1328125,0.0060221357,0.0,0.28779963,0.040455222,6.361576e-05,5433.582,0.287736,0.0,5.3841057,5.3841057,0.1,1.0,0.0026322133,0.38666272,5762.838,0.0,134953.0,0.6215352690675409,47.46584521378592,100.0,1.8750557899475098,-1.6371683546822164
0.00015980288,0.0,,,,,,,5427.411,8340.821,5474.952,-60.962765,8180.294,-16626.594,176022.12,,,,,,5427.5723,0.019327323389053346,10383.970623970032,1140000,0.1796875,0.010091146,0.0,0.16112569,0.083029985,0.00015980288,5477.572,0.16096589,0.0,6.356306,6.356306,0.1,1.0,0.0043864287,0.2529393,5227.4487,0.0,139953.0,0.43878196628149224,54.173370234474795,100.0,1.885767936706543,-1.412126690191811
6.4953754e-05,0.0,,,,,,,3306.3354,9748.54,5487.572,-229.2539,22407.594,-5685.383,141127.4,,,,,,3306.975,0.019476171731948853,10481.351494789124,1145000,0.09375,0.004557292,0.0,0.6395505,0.057230353,6.4953754e-05,5505.0215,0.63948554,0.0,7.6424046,7.6424046,0.1,1.0,0.0042366,0.3662288,5401.0977,0.0,144953.0,-0.0887541432637653,-18.48183917322287,100.0,2.3307697772979736,-3.849754460282189
6.572493e-05,0.0,,,,,,,9031.306,9602.988,5431.3433,-37.675327,20994.264,-4158.784,242619.62,,,,,,9031.855,0.019315917015075682,10577.931085586548,1150000,0.0859375,0.00390625,0.0,0.5501427,0.07138467,6.572493e-05,5460.623,0.55007696,0.0,9.582801,9.582801,0.1,1.0,0.0075432654,0.39759895,5576.965,0.0,149953.0,10.865240040121789,3553.782289936843,100.0,1.8856914043426514,116.00194391351451
0.00013603059,0.0,,,,,,,4166.693,10752.341,5245.5283,-150.31924,4349.529,-5287.0234,130222.81,,,,,,4167.3394,0.01941702980995178,10675.016240358353,1155000,0.2421875,0.012207031,0.0,0.64631224,0.08433044,0.00013603059,5263.7803,0.6461762,0.0,7.9622993,7.9622993,0.1,1.0,0.008406894,0.37883574,5151.965,1.0,154953.0,60.926686300191676,5151.521320801851,100.0,1.8508906364440918,169.6070888541772
0.00013618676,0.0,,,,,,,3624.7651,8113.853,5625.5703,-239.85649,9536.537,-6588.07,151413.33,,,,,,3625.4065,0.01930278420448303,10771.53016614914,1160000,0.1875,0.009765625,0.0,0.6414549,0.09926844,0.00013618676,5643.1274,0.6413187,0.0,5.856634,5.856634,0.1,1.0,0.0038107524,0.40381944,5933.541,0.0,159953.0,-0.4851934042388592,-67.31416099696982,100.0,1.8700335025787354,-5.4881094347700135
0.00020308545,0.0,,,,,,,4522.494,9987.705,5208.0757,-359.61795,23210.496,-1803.1149,167680.7,,,,,,4522.6797,0.01940208616256714,10868.540602207184,1165000,0.27734375,0.016601562,0.0,0.18539347,0.12646484,0.00020308545,5240.715,0.18519038,0.0,6.4003983,6.4003983,0.1,1.0,0.006100479,0.4060859,5155.416,0.0,164953.0,10.865454291073526,1762.2446634946361,100.0,1.8585340976715088,55.89473474050454
0.00017305723,0.0,,,,,,,3970.7168,7954.8667,5131.5415,-368.20297,25092.54,-2186.289,149938.0,,,,,,3971.0137,0.019480678987503053,10965.944003343582,1170000,0.28125,0.013671875,0.0,0.29692703,0.15393507,0.00017305723,5158.1143,0.29675397,0.0,8.009956,8.009956,0.1,1.0,0.0038830375,0.33752114,5991.6553,0.0,169953.0,-0.42718957965142584,-45.08403878982518,100.0,1.8848304748535156,-4.7422749149000945
0.00010666851,0.0,,,,,,,3782.0933,8231.356,5284.202,-373.6907,2133.3748,-3633.2888,106871.69,,,,,,3782.328,0.0193648551940918,11062.768284320831,1175000,0.140625,0.0071614585,0.0,0.2346811,0.0623008,0.00010666851,5303.6733,0.23457444,0.0,7.2292233,7.2292233,0.1,1.0,0.005249291,0.39669126,5296.452,1.0,174953.0,60.93550112068655,3299.751015876816,100.0,1.8812427520751953,107.47903560221378
6.012797e-05,0.0,,,,,,,3068.683,8311.874,5387.968,-315.55368,3384.7021,-11064.807,114396.69,,,,,,3068.9668,0.019434076976776123,11159.93867444992,1180000,0.12890625,0.006510417,0.0,0.283721,0.04607153,6.012797e-05,5407.178,0.28366086,0.0,6.2843165,6.2843165,0.1,1.0,0.014145656,0.37394017,5176.499,1.0,179953.0,60.95190631205054,4248.510609950288,100.0,1.8756225109100342,139.31051406751627
0.00011602869,0.0,,,,,,,2435.3286,7539.779,5477.033,-244.93703,7940.5425,-5980.618,92170.06,,,,,,2435.4954,0.01934265089035034,11256.651933908463,1185000,0.28125,0.013671875,0.0,0.1666374,0.055496454,0.00011602869,5493.454,0.16652137,0.0,5.596916,5.596916,0.1,1.0,0.0031063526,0.35125893,5649.4785,0.0,184953.0,-0.028209145391651074,-16.124476227060633,100.0,1.8692994117736816,-3.7706634573301234
0.00016032375,0.0,,,,,,,3002.3613,8637.297,5433.5273,-175.1067,7304.992,-6146.0728,93440.06,,,,,,3002.6897,0.019499269104003906,11354.148285150528,1190000,0.1953125,0.010904948,0.0,0.3284691,0.15764332,0.00016032375,5452.538,0.32830876,0.0,6.3364596,6.3364596,0.1,1.0,0.0038218803,0.42950362,5310.915,1.0,189953.0,60.893726586721804,5278.454152014098,100.0,1.8948590755462646,173.86576482279105
7.835211e-05,0.0,,,,,,,4312.8896,7875.888,5289.9556,-35.475407,2957.4224,-18078.768,164695.33,,,,,,4313.593,0.01949224224090576,11451.609501600266,1195000,0.109375,0.0053710938,0.0,0.7029349,0.055477142,7.835211e-05,5304.069,0.70285654,0.0,7.8972034,7.8972034,0.1,1.0,0.005915938,0.37973833,5182.7446,1.0,194953.0,60.93402010047839,5341.258772324285,100.0,1.8969876766204834,175.97289916052335
0.0001112959,0.0,,,,,,,4828.1997,9304.023,5436.002,-149.95586,9667.754,-3038.3777,147076.16,,,,,,4828.4937,0.019416540098190306,11548.692207813263,1200000,0.171875,0.0094401045,0.0,0.2937627,0.07198489,0.0001112959,5457.031,0.29365143,0.0,6.0225325,6.0225325,0.1,1.0,0.004975849,0.35886773,5632.4272,1.0,199953.0,60.95573163275118,4453.449741413635,100.0,1.8881292343139648,146.18635025470545
3.079915e-05,0.0,,,,,,,2220.3105,7898.312,5283.4185,-196.19408,12801.429,-1193.9368,93333.86,,,,,,2220.6677,0.021310807704925536,11655.246252775192,1205000,0.0625,0.0026041667,0.0,0.35723665,0.034052372,3.079915e-05,5298.7065,0.35720587,0.0,4.4618945,4.4618945,0.1,1.0,0.0034328029,0.38629255,5078.311,1.0,204953.0,60.91644476769008,4839.872672952003,100.0,2.39605450630188,159.15108157399695
0.00014356998,0.0,,,,,,,3392.8,8437.776,5166.548,-189.39668,19144.098,-1500.6674,130658.58,,,,,,3393.0713,0.019436885929107667,11752.430689811707,1210000,0.2109375,0.011881511,0.0,0.271168,0.07430494,0.00014356998,5191.4917,0.27102444,0.0,8.2122555,8.2122555,0.1,1.0,0.0032753628,0.3661706,5314.1562,1.0,209953.0,60.950436864936286,4675.093515383247,100.0,1.8949639797210693,153.62263765791428
5.8067322e-05,0.0,,,,,,,2497.744,9607.164,5453.4277,-139.22255,1967.938,-1637.8076,85047.44,,,,,,2498.4336,0.019384257411956787,11849.351983070374,1215000,0.1328125,0.0068359375,0.0,0.6897266,0.036424637,5.8067322e-05,5473.587,0.68966854,0.0,7.0737553,7.0737553,0.1,1.0,0.0039475346,0.41625378,5454.7275,1.0,214953.0,60.95020430014095,4232.674513163269,100.0,1.8932628631591797,138.77920310423403
8.155722e-05,0.0,,,,,,,4010.629,9393.203,5525.2915,-143.34187,2434.123,-2018.8507,103651.6,,,,,,4010.9033,0.01948427529335022,11946.773364067078,1220000,0.16015625,0.0074869795,0.0,0.27452374,0.056523442,8.155722e-05,5546.593,0.27444217,0.0,6.197494,6.197494,0.1,1.0,0.0030334366,0.31915587,5954.6763,1.0,219953.0,60.930936214209744,1492.6174598739922,100.0,2.3570380210876465,46.8485732267527
7.722009e-05,0.0,,,,,,,3517.7146,8777.392,5406.0264,-183.28365,6634.4365,-3539.8247,122707.914,,,,,,3518.059,0.019443068075180054,12043.988710403442,1225000,0.14453125,0.0066731772,0.0,0.34456983,0.061059713,7.722009e-05,5431.34,0.3444926,0.0,8.110937,8.110937,0.1,1.0,0.0067179576,0.40779552,5548.711,1.0,224953.0,60.90319051270282,3919.1573894705407,100.0,1.8788602352142334,128.26050728954291
2.2131097e-05,0.0,,,,,,,3374.4282,8572.822,5395.1006,-207.82309,2090.3257,-11145.934,109629.45,,,,,,3374.618,0.019308787727355958,12140.532655000687,1230000,0.05078125,0.0021158855,0.0,0.18974458,0.039858222,2.2131097e-05,5412.21,0.18972245,0.0,5.9453745,5.9453745,0.1,1.0,0.005039109,0.39815223,5770.6875,0.0,229953.0,0.6692705129685492,36.56791193546267,100.0,1.8860459327697754,-2.0028008401212896
4.8318685e-05,0.0,,,,,,,3081.454,8798.082,5587.6396,746.55,3466.977,-2173.5054,94443.92,,,,,,3081.7031,0.019497091484069824,12238.018117904663,1235000,0.09765625,0.0048828125,0.0,0.24890368,0.035672307,4.8318685e-05,5614.437,0.24885535,0.0,7.1757555,7.1757555,0.1,1.0,0.0072008306,0.3875214,5512.4756,0.0,234953.0,-0.7443336770144986,-78.08476236643175,100.0,1.8825011253356934,-5.849469854935456
7.9499696e-05,0.0,,,,,,,2268.666,8293.081,5789.309,1383.3331,1807.375,-2047.421,76168.836,,,,,,2268.8147,0.01947278447151184,12335.382046699524,1240000,0.16015625,0.0076497397,0.0,0.14877236,0.03779757,7.9499696e-05,5807.294,0.14869286,0.0,4.207363,4.207363,0.1,1.0,0.0032338835,0.31820753,5823.865,1.0,239953.0,60.93896186753602,3464.9233560562466,100.0,1.894176959991455,113.02067104108346
0.000108639186,0.0,,,,,,,3734.4526,8705.314,5479.8555,2233.626,2125.1196,-6003.4004,101989.23,,,,,,3734.6162,0.019535875272750854,12433.061429023743,1245000,0.203125,0.010904948,0.0,0.16351736,0.046846986,0.000108639186,5504.0225,0.16340871,0.0,4.8508883,4.8508883,0.1,1.0,0.004681171,0.35845456,5433.615,0.0,244953.0,0.08460042006380739,-4.014443553928445,100.0,1.8749704360961914,-3.3643642782157728
9.5947806e-05,0.0,,,,,,,3679.891,8315.377,5424.315,1774.1042,2034.2887,-5349.334,104546.8,,,,,,3680.1448,0.01940101885795593,12530.066529273987,1250000,0.12109375,0.006510417,0.0,0.25372437,0.059681773,9.5947806e-05,5450.411,0.25362843,0.0,5.6011543,5.6011543,0.1,1.0,0.0053947605,0.34545767,5443.3374,1.0,249953.0,60.921653424286305,1500.3345269993883,100.0,1.8786427974700928,47.10748566100031
7.6525226e-05,0.0,,,,,,,2770.124,9027.5,5628.9434,1299.9226,10798.096,-1096.2363,86075.12,,,,,,2770.4395,0.019368760442733765,12626.910336494446,1255000,0.19921875,0.009765625,0.0,0.31544736,0.028122067,7.6525226e-05,5648.129,0.31537083,0.0,6.686224,6.686224,0.1,1.0,0.002590351,0.41985768,6108.123,1.0,254953.0,60.92479110961253,5209.301236560143,100.0,1.868408441543579,171.54564120787768
7.857288e-05,0.0,,,,,,,2682.5342,9998.4,5523.205,-280.43604,7989.434,-3944.55,107836.625,,,,,,2682.8206,0.01930188856124878,12723.419784545898,1260000,0.140625,0.0063476562,0.0,0.28637734,0.037816048,7.857288e-05,5547.8145,0.28629878,0.0,7.1960006,7.1960006,0.1,1.0,0.0055347453,0.42012292,5852.414,0.0,259953.0,0.8540707436054553,515.1879802591621,100.0,1.8659677505493164,14.055202149335308
6.786012e-05,0.0,,,,,,,3739.1606,9677.678,5609.536,1147.9774,5441.918,-3946.2583,130019.875,,,,,,3739.444,0.01937992067337036,12820.319394826889,1265000,0.18359375,0.0087890625,0.0,0.2834436,0.03535378,6.786012e-05,5634.2607,0.28337574,0.0,5.322462,5.322462,0.1,1.0,0.0041127903,0.3379829,5820.548,1.0,264953.0,60.94477029717224,3878.792691112392,100.0,2.348468780517578,126.90624638449184
8.45254e-05,0.0,,,,,,,3499.4448,10205.606,5663.5205,848.7419,2262.3828,-8963.373,144032.12,,,,,,3499.7395,0.019455942583084106,12917.599113702774,1270000,0.15234375,0.0071614585,0.0,0.29470098,0.06293893,8.45254e-05,5681.3994,0.29461646,0.0,6.793685,6.793685,0.1,1.0,0.0062406496,0.4007004,5523.876,1.0,269953.0,60.947046717320504,5332.955144667235,100.0,1.873506784439087,175.69430725315257
0.000112207745,0.0,,,,,,,3725.002,8935.377,5397.9766,73.70115,4697.766,-13271.076,168663.1,,,,,,3725.492,0.019339953184127807,13014.298884868622,1275000,0.1875,0.008951823,0.0,0.48987576,0.043934703,0.000112207745,5435.601,0.48976356,0.0,9.012577,9.012577,0.1,1.0,0.003436185,0.33675945,5709.5625,0.0,274953.0,10.899280160757213,3206.9400397591553,100.0,1.870100498199463,104.36516923808168
3.054199e-05,0.0,,,,,,,2948.1226,8980.905,5677.712,179.28188,1370.8107,-13832.497,94493.3,,,,,,2948.2234,0.019350170946121216,13111.049744844437,1280000,0.046875,0.002278646,0.0,0.10076241,0.031816006,3.054199e-05,5699.7715,0.10073187,0.0,5.445901,5.445901,0.1,1.0,0.0018753674,0.29505712,5565.0034,1.0,279953.0,60.90949744690691,4837.189058231245,100.0,2.3425698280334473,159.06104461971836
7.005333e-05,0.0,,,,,,,3420.6846,9976.66,5813.8096,356.53696,3289.3374,-1897.1686,105333.59,,,,,,3420.8472,0.019358092975616456,13207.840215444565,1285000,0.06640625,0.0037434897,0.0,0.16255426,0.08697629,7.005333e-05,5837.26,0.16248421,0.0,4.845319,4.845319,0.1,1.0,0.0041862614,0.32113838,5968.5195,0.0,284953.0,0.9103824836190832,686.1013042655742,100.0,1.8697502613067627,19.78945119042807
6.7705274e-05,0.0,,,,,,,4214.4185,9561.616,5772.3076,1890.496,5871.007,-8768.627,147141.3,,,,,,4214.7383,0.019504163122177124,13305.36103630066,1290000,0.12109375,0.0063476562,0.0,0.31978038,0.039284825,6.7705274e-05,5796.437,0.31971267,0.0,6.6831493,6.6831493,0.1,1.0,0.005368944,0.36244643,5930.593,0.0,289953.0,0.48699781042836393,21.78289922747779,100.0,2.3319358825683594,-2.498847274395343
7.1869465e-05,0.0,,,,,,,3511.9316,11390.08,5729.0674,41.489807,5000.6377,-7576.3516,116670.88,,,,,,3512.0789,0.019418322229385377,13402.452652692795,1295000,0.13671875,0.006510417,0.0,0.14726497,0.050321817,7.1869465e-05,5752.159,0.1471931,0.0,5.786973,5.786973,0.1,1.0,0.004572383,0.35256863,5920.9834,1.0,294953.0,60.94159852651513,4358.642534363681,100.0,1.8843657970428467,143.00550909281637
9.083665e-05,0.0,,,,,,,3268.9897,9881.981,5691.5957,1522.3738,7660.573,-2950.1553,127672.21,,,,,,3269.1296,0.019443481636047363,13499.67006611824,1300000,0.17578125,0.009765625,0.0,0.14001319,0.037538767,9.083665e-05,5714.7607,0.13992235,0.0,5.9683332,5.9683332,0.1,1.0,0.0026958473,0.3127078,5784.1543,1.0,299953.0,60.92115767754929,680.5203845107924,100.0,1.8808531761169434,19.60220783805449
5.9611106e-05,0.0,,,,,,,3486.8718,10171.376,5873.7637,1849.629,14523.7295,-3220.4495,130099.68,,,,,,3487.1096,0.02129397311210632,13606.139937877655,1305000,0.1640625,0.008138021,0.0,0.23789379,0.04553342,5.9611106e-05,5892.082,0.23783419,0.0,8.141553,8.141553,0.1,1.0,0.0047956095,0.40113157,6152.773,0.0,304953.0,10.902857391201115,801.404074352506,100.0,1.8809406757354736,23.65793132590027
6.3954794e-05,0.0,,,,,,,5237.417,10036.978,5734.6855,-101.047134,35965.645,-20968.715,187813.11,,,,,,5238.6465,0.019331326818466187,13702.796578168869,1310000,0.16796875,0.008463542,0.0,1.2294341,0.022779703,6.3954794e-05,5763.343,1.2293702,0.0,14.094942,14.094942,0.1,1.0,0.0056375456,0.43686426,5706.335,0.0,309943.0,10.880347345795524,1167.421943371393,100.0,1.875260829925537,35.9380600206393
6.8580404e-05,0.0,,,,,,,8322.08,10363.556,6162.4736,1271.9154,11539.209,-3610.7217,224855.02,,,,,,8322.351,0.01942589454650879,13799.926057338715,1315000,0.12890625,0.0071614585,0.0,0.27056935,0.0353868,6.8580404e-05,6197.891,0.27050078,0.0,6.198344,6.198344,0.1,1.0,0.003970854,0.3336771,6361.8896,0.0,314943.0,-0.07763844309741927,-27.19037923687698,100.0,1.8800957202911377,-4.141931432438281
5.160796e-05,0.0,,,,,,,4771.5645,10475.426,6364.5713,2898.3826,5826.8438,-5653.5356,132259.1,,,,,,4772.17,0.019477832078933714,13897.315224170685,1320000,0.11328125,0.0047200522,0.0,0.6052289,0.034032106,5.160796e-05,6383.769,0.6051773,0.0,7.3521066,7.3521066,0.1,1.0,0.0038905307,0.37626263,6509.555,1.0,319943.0,60.91290769604043,2760.0727195292234,100.0,1.8867847919464111,89.37249082976724
6.27336e-05,0.0,,,,,,,3491.5815,10605.644,6243.698,2424.2446,1681.048,-9571.93,109148.92,,,,,,3491.8374,0.01941300048828125,13994.380232572556,1325000,0.1015625,0.0053710938,0.0,0.25587758,0.04188323,6.27336e-05,6263.3926,0.25581485,0.0,6.0668674,6.0668674,0.1,1.0,0.0027749066,0.423642,5875.6875,1.0,324943.0,60.91570736852884,5150.312733838407,100.0,1.9870531558990479,169.5665400047736
3.240112e-05,0.0,,,,,,,3173.099,9265.888,6027.9067,439.12094,1190.1917,-15905.229,108059.6,,,,,,3173.5698,0.0193952871799469,14091.356674432755,1330000,0.0703125,0.0034179688,0.0,0.47077233,0.026461482,3.240112e-05,6050.8315,0.47073993,0.0,10.395962,10.395962,0.1,1.0,0.005401291,0.44699335,5891.168,1.0,329943.0,60.94033176789215,5139.504503081435,100.0,1.891695499420166,169.20391709509482
0.00014080356,0.0,,,,,,,4333.8657,9606.971,6030.747,2582.0757,4418.797,-3554.8882,131393.66,,,,,,4334.053,0.019369292306900026,14188.203141450882,1335000,0.21484375,0.01155599,0.0,0.18740338,0.087833285,0.00014080356,6063.583,0.18726258,0.0,5.0366383,5.0366383,0.1,1.0,0.0024486622,0.40000185,6145.3623,1.0,334943.0,60.90437609716717,4462.130158042478,100.0,1.8815081119537354,146.4775836680136
8.61064e-05,0.0,,,,,,,7615.734,8851.435,6125.135,449.4676,11649.045,-9699.66,239319.4,,,,,,7615.8535,0.019375892543792725,14285.082610368729,1340000,0.125,0.0060221357,0.0,0.119829245,0.11773789,8.61064e-05,6149.3867,0.11974314,0.0,3.7699242,3.7699242,0.1,1.0,0.0022239937,0.37059307,5893.66,1.0,339943.0,60.95952905045407,4017.293302017801,100.0,1.8735318183898926,131.55302860519987
0.00022349528,0.0,,,,,,,5990.783,9134.209,5924.576,1588.6338,9258.197,-4426.0654,172377.64,,,,,,5991.032,0.01948546471595764,14382.509939432144,1345000,0.296875,0.016601562,0.0,0.24901067,0.12437034,0.00022349528,5942.415,0.24878716,0.0,5.75253,5.75253,0.1,1.0,0.005496959,0.34525752,5899.809,1.0,344943.0,60.921980926050395,4663.264823666918,100.0,1.8797883987426758,153.22577764406776
8.983012e-05,0.0,,,,,,,3622.873,9495.965,6065.685,2576.7598,1736.7882,-7946.467,95122.09,,,,,,3623.0955,0.019285010862350464,14478.934998989105,1350000,0.1640625,0.008951823,0.0,0.2224693,0.07507253,8.983012e-05,6094.2603,0.22237948,0.0,5.8791933,5.8791933,0.1,1.0,0.0039035797,0.33971345,5955.803,1.0,349943.0,60.94583151244486,4769.7248304710365,100.0,1.8763482570648193,156.7975775343346
7.773123e-05,0.0,,,,,,,4515.571,8338.731,5920.9053,2410.421,7048.4927,-23742.373,206242.19,,,,,,4515.8335,0.019396248531341552,14575.916247844696,1355000,0.12109375,0.0053710938,0.0,0.26277983,0.09562886,7.773123e-05,5943.0605,0.2627021,0.0,5.586382,5.586382,0.1,1.0,0.0025762394,0.4211784,5825.334,1.0,354943.0,60.9119147922801,2947.0786263994196,100.0,1.8705391883850098,95.64665610262144
7.7540426e-05,0.0,,,,,,,1909.2722,8303.171,5678.6113,2130.1987,2117.5742,-1300.9861,60809.406,,,,,,1909.4463,0.019307110214233397,14672.45180439949,1360000,0.12890625,0.006184896,0.0,0.17401992,0.061669588,7.7540426e-05,5696.508,0.17394237,0.0,5.9522386,5.9522386,0.1,1.0,0.0038852335,0.33530462,5976.5996,1.0,359943.0,60.89917572450956,3985.6022888297525,100.0,1.8827130794525146,130.48977526880105
4.040355e-05,0.0,,,,,,,3107.0908,8339.222,5587.708,147.08463,4940.132,-10730.873,120084.01,,,,,,3107.1624,0.01949202661514282,14769.911943435669,1365000,0.078125,0.0040690107,0.0,0.071496,0.035763144,4.040355e-05,5607.258,0.0714556,0.0,3.3575468,3.3575468,0.1,1.0,0.002220218,0.37246546,6070.384,1.0,364943.0,60.961313264684186,4304.94208919635,100.0,1.8721210956573486,141.20382553188188
6.547879e-05,0.0,,,,,,,3156.7686,8154.9727,5698.702,1265.288,5938.625,-6674.3584,139019.97,,,,,,3157.0706,0.01943919701576233,14867.107934236526,1370000,0.12890625,0.0074869795,0.0,0.3019841,0.04301524,6.547879e-05,5730.321,0.30191863,0.0,5.1162076,5.1162076,0.1,1.0,0.0032777209,0.35684562,5856.337,1.0,369943.0,60.937978676370676,3931.35668077092,100.0,1.8832144737243652,128.66980115149244
6.360262e-05,0.0,,,,,,,2857.256,8741.852,5615.4497,-12.96771,2129.3818,-11262.544,102923.69,,,,,,2857.4834,0.01938755774497986,14964.045728445053,1375000,0.1171875,0.005859375,0.0,0.22735755,0.048167348,6.360262e-05,5636.407,0.22729395,0.0,6.9152966,6.9152966,0.1,1.0,0.0036884095,0.43764636,6003.4375,1.0,374943.0,60.91236490750568,3623.5610312488648,100.0,1.8787851333618164,118.34306437783893
9.9094e-05,0.0,,,,,,,2273.4246,8979.079,5747.7305,33.467964,2343.6477,-5802.858,89990.5,,,,,,2273.5564,0.019356644725799562,15060.828957796097,1380000,0.12890625,0.006510417,0.0,0.13185689,0.072299,9.9094e-05,5772.325,0.1317578,0.0,4.194825,4.194825,0.1,1.0,0.02368427,0.41191167,5845.201,1.0,379943.0,60.964847376257524,2627.5542874404073,100.0,2.3306143283843994,84.92641445421269
3.880792e-05,0.0,,,,,,,4178.762,9167.533,5570.2993,360.32205,2745.7725,-4702.1396,133652.08,,,,,,4179.006,0.01931465849876404,15157.402255773544,1385000,0.07421875,0.0032552085,0.0,0.24343976,0.046393514,3.880792e-05,5589.8926,0.24340096,0.0,6.4281015,6.4281015,0.1,1.0,0.005743805,0.38441205,5820.293,1.0,384943.0,60.95312906828164,4475.065398468398,100.0,1.908186674118042,146.91156908395376
8.868803e-05,0.0,,,,,,,2558.83,9093.193,5600.413,-21.919588,11414.078,-3107.0964,109957.76,,,,,,2558.9358,0.019422665500640868,15254.515589237213,1390000,0.203125,0.010579428,0.0,0.105788976,0.06505954,8.868803e-05,5620.2476,0.105700284,0.0,4.9072495,4.9072495,0.1,1.0,0.0054516164,0.48125392,5780.488,1.0,389943.0,60.933999621479074,4856.834332506477,100.0,1.8680264949798584,159.72015587292017
6.5231405e-05,0.0,,,,,,,3922.2715,9176.716,5810.1714,175.88266,7154.98,-12550.98,155630.52,,,,,,3922.4539,0.019421048641204836,15351.620837211609,1395000,0.16015625,0.008463542,0.0,0.18240106,0.028302312,6.5231405e-05,5833.2466,0.18233582,0.0,5.8615046,5.8615046,0.1,1.0,0.0057995785,0.5821663,5311.427,1.0,394943.0,60.94104812968026,3583.6258957807427,100.0,1.8942387104034424,117.00321557672733
6.172133e-05,0.0,,,,,,,5271.652,10640.581,5730.1934,65.28342,4808.798,-14084.744,137386.73,,,,,,5271.8228,0.01942222270965576,15448.731956243515,1400000,0.1328125,0.0063476562,0.0,0.17091411,0.05610943,6.172133e-05,5754.134,0.1708524,0.0,4.70173,4.70173,0.1,1.0,0.0029318891,0.38337022,5941.7676,1.0,399943.0,60.939048525633396,3710.0049550158715,100.0,1.8875670433044434,121.24331214875383
7.033073e-05,0.0,,,,,,,2368.8403,7993.9565,5628.5664,-326.9013,1890.7944,-2516.5078,92626.73,,,,,,2369.019,0.021177771520614622,15554.620819807053,1405000,0.14453125,0.006998698,0.0,0.17863351,0.035045505,7.033073e-05,5644.706,0.17856318,0.0,4.6197667,4.6197667,0.1,1.0,0.0035180685,0.34860548,6206.048,0.0,404943.0,0.7993012103693621,38.00792263383384,100.0,1.8792650699615479,-1.9544875795004357
4.0777883e-05,0.0,,,,,,,2340.3123,10191.062,5426.4277,-234.72322,3270.8074,-7281.352,80314.15,,,,,,2340.5745,0.019545363092422486,15652.347640991211,1410000,0.0859375,0.0040690107,0.0,0.26220527,0.093301654,4.0777883e-05,5454.06,0.2621645,0.0,7.891095,7.891095,0.1,1.0,0.0043334607,0.36192036,5710.5376,1.0,409943.0,60.933632645942566,4295.100332002685,100.0,2.337430953979492,140.87362841542813
1.8524355e-05,0.0,,,,,,,2788.3354,9334.144,5773.4795,-256.07352,2067.2327,-1686.4337,92820.266,,,,,,2788.5293,0.01950129790306091,15749.854136228561,1415000,0.05859375,0.0027669272,0.0,0.19381288,0.026566982,1.8524355e-05,5792.745,0.19379435,0.0,6.3432245,6.3432245,0.1,1.0,0.007396695,0.3917225,5674.5386,1.0,414943.0,60.891944446190095,916.5820309739883,100.0,1.880920648574829,27.522223891452274
6.0818158e-05,0.0,,,,,,,3223.021,9540.447,5762.702,-337.79007,3721.7935,-2420.3347,93315.19,,,,,,3223.1448,0.019384112215042115,15846.7747027874,1420000,0.125,0.005859375,0.0,0.12372924,0.10946119,6.0818158e-05,5779.64,0.12366842,0.0,4.9177203,4.9177203,0.1,1.0,0.003366359,0.3668346,5931.474,1.0,419943.0,60.907309421757034,2796.4172183003952,100.0,1.8893585205078125,90.59187152134966
3.046655e-05,0.0,,,,,,,2571.0327,10615.986,5695.3564,-323.83032,1076.2529,-5492.218,77966.84,,,,,,2571.466,0.019473352670669554,15944.141472101212,1425000,0.07421875,0.0034179688,0.0,0.43325883,0.027487278,3.046655e-05,5719.1636,0.43322837,0.0,8.318875,8.318875,0.1,1.0,0.0043648942,0.3914207,5734.316,1.0,424943.0,60.907807026187555,4778.988451329955,100.0,1.9081671237945557,157.10837781474638
7.844637e-05,0.0,,,,,,,3087.7407,11175.155,5630.736,-362.50192,5967.8125,-1449.3416,87805.43,,,,,,3087.9028,0.01931898169517517,16040.736386299133,1430000,0.1171875,0.005859375,0.0,0.16211265,0.26158464,7.844637e-05,5650.337,0.16203421,0.0,4.6029997,4.6029997,0.1,1.0,0.0026838852,0.34412014,6014.3203,1.0,429943.0,60.91383536606932,2441.3482210747748,100.0,1.8799571990966797,78.67908433112218
4.071145e-05,0.0,,,,,,,3784.498,10250.505,5566.8535,-388.33844,8637.795,-8605.967,154686.03,,,,,,3784.6614,0.019421742582321166,16137.845105171204,1435000,0.1328125,0.005859375,0.0,0.16342825,0.035853148,4.071145e-05,5587.1104,0.16338754,0.0,4.275465,4.275465,0.1,1.0,0.0030178723,0.37942064,6236.6426,1.0,434943.0,60.934199703086435,5078.084469357292,100.0,1.898690938949585,167.14323650430984
3.3334036e-05,0.0,,,,,,,1853.3777,9560.3955,5687.0527,-430.09744,3516.7515,-2153.2258,70089.805,,,,,,1853.5955,0.019436083173751832,16235.025527477264,1440000,0.08203125,0.0035807292,0.0,0.2177789,0.0366081,3.3334036e-05,5706.0337,0.21774557,0.0,4.253564,4.253564,0.1,1.0,0.0029067984,0.37720442,5885.2344,1.0,439943.0,60.9149201285814,2576.07372829852,100.0,1.8783526420593262,83.19920945945634
2.267429e-05,0.0,,,,,,,2403.039,9179.924,5872.6665,-431.10205,7990.275,-6078.274,91746.766,,,,,,2403.1812,0.019382409620285035,16331.937581300735,1445000,0.03515625,0.0017903646,0.0,0.14209768,0.045107007,2.267429e-05,5894.665,0.142075,0.0,4.81703,4.81703,0.1,1.0,0.03193879,0.3269103,5809.84,1.0,444943.0,60.92312051884498,4564.452911378593,100.0,1.880924940109253,149.9105761138078
9.0641886e-05,0.0,,,,,,,2770.8833,8583.112,5620.159,-461.1717,1999.6041,-3766.836,100811.44,,,,,,2771.1033,0.01940040202140808,16428.939596652985,1450000,0.1171875,0.0060221357,0.0,0.22007622,0.08722067,9.0641886e-05,5652.6953,0.21998557,0.0,11.088158,11.088158,0.1,1.0,0.0053473637,0.44626495,5564.955,1.0,449943.0,60.914197736735886,5271.2639182886,100.0,1.8955719470977783,173.62452797899687
3.0494044e-05,0.0,,,,,,,2041.1517,10185.25,5636.673,-426.60263,1590.5024,-3664.3162,79445.62,,,,,,2041.2917,0.01931549196243286,16525.517062425613,1455000,0.08203125,0.0037434897,0.0,0.14006329,0.03962052,3.0494044e-05,5656.473,0.1400328,0.0,4.784398,4.784398,0.1,1.0,0.0065171737,0.34104556,5911.1875,0.0,454943.0,0.8081897732304822,119.89549361252337,100.0,1.8707013130187988,0.7928917023181661
5.9004273e-05,0.0,,,,,,,2204.0635,9255.169,5729.2515,-56.02538,3929.8188,-8896.643,84802.766,,,,,,2204.2878,0.0195189293384552,16623.11171412468,1460000,0.12890625,0.005859375,0.0,0.22427565,0.091489434,5.9004273e-05,5750.18,0.22421664,0.0,5.82423,5.82423,0.1,1.0,0.0033271126,0.35471493,6068.503,1.0,459943.0,60.92820260275525,1862.5523144809679,100.0,1.8937621116638184,59.26011924066826
4.9752998e-05,0.0,,,,,,,2397.6465,9443.482,5670.6465,-443.17795,7993.8525,-2153.47,75429.484,,,,,,2397.8113,0.01952774486541748,16720.750443935394,1465000,0.109375,0.0055338545,0.0,0.16468821,0.042559147,4.9752998e-05,5690.766,0.16463846,0.0,5.0672226,5.0672226,0.1,1.0,0.004812007,0.40136585,5476.9043,0.0,464943.0,10.8818354136544,1136.6830455864288,100.0,2.357071876525879,34.906750752199436
6.0569826e-05,0.0,,,,,,,1912.01,9838.288,5582.082,-397.62488,1417.988,-3484.0652,73356.03,,,,,,1912.1602,0.019305260276794432,16817.276750564575,1470000,0.12890625,0.0068359375,0.0,0.15012829,0.02447927,6.0569826e-05,5603.8867,0.15006772,0.0,4.8713703,4.8713703,0.1,1.0,0.0054707164,0.40771925,5569.81,1.0,469943.0,60.90391427528022,3473.082902539141,100.0,1.8710377216339111,113.29442893484212
3.6333728e-05,0.0,,,,,,,2109.8933,10344.103,5572.502,-433.98972,2194.3853,-3163.9033,78336.39,,,,,,2110.1602,0.019398993349075317,16914.271723031998,1475000,0.109375,0.0048828125,0.0,0.26673368,0.02363789,3.6333728e-05,5593.975,0.26669735,0.0,5.2059875,5.2059875,0.1,1.0,0.0046573803,0.38831884,5990.243,1.0,474943.0,60.921298634632855,3217.5633325811646,100.0,1.8804609775543213,104.72158736423998
2.6380876e-05,0.0,,,,,,,3024.1094,9288.881,5722.6484,-842.65027,5792.121,-1987.3271,78778.87,,,,,,3024.194,0.019483653450012208,17011.689995765686,1480000,0.09375,0.0040690107,0.0,0.0848035,0.019024134,2.6380876e-05,5743.112,0.08477712,0.0,3.5948677,3.5948677,0.1,1.0,0.0036170122,0.3785079,5695.9863,1.0,479943.0,60.940936767039645,4612.725860343036,100.0,2.3488733768463135,151.53016377860388
6.871236e-05,0.0,,,,,,,2428.3723,9450.669,5760.1904,-364.5533,3365.484,-3172.1562,85742.11,,,,,,2428.467,0.01939279236793518,17108.653963565826,1485000,0.12109375,0.0063476562,0.0,0.09476358,0.06521666,6.871236e-05,5784.609,0.09469487,0.0,4.7102976,4.7102976,0.1,1.0,0.008050991,0.38432226,6120.205,1.0,484943.0,60.9098702673043,4827.351756793052,100.0,1.8887150287628174,158.73099699665073
3.953484e-05,0.0,,,,,,,1907.0085,9332.176,5913.5205,-290.63428,2525.4568,-3282.6313,75721.79,,,,,,1907.187,0.01938131046295166,17205.560520648956,1490000,0.0859375,0.0043945312,0.0,0.17841901,0.031122208,3.953484e-05,5932.198,0.17837948,0.0,5.966297,5.966297,0.1,1.0,0.0061286287,0.35742384,6079.646,0.0,489943.0,0.5493418237572328,19.149272050863978,100.0,2.368262767791748,-2.5872071152672405
7.905868e-05,0.0,,,,,,,3081.791,9180.132,5684.754,-258.17764,5312.0513,-8862.363,123238.27,,,,,,3082.054,0.019365015172958373,17302.38560318947,1495000,0.08203125,0.0043945312,0.0,0.26281875,0.10363817,7.905868e-05,5696.3994,0.2627397,0.0,5.9435463,5.9435463,0.1,1.0,0.01107965,0.58043,5512.2705,1.0,494943.0,60.92946032522338,4443.660849166325,100.0,1.8911714553833008,145.85792679030433
3.940655e-05,0.0,,,,,,,2220.3132,9509.276,5849.49,-243.64789,4995.1836,-4892.6772,80140.336,,,,,,2220.4736,0.019400457668304442,17399.3878967762,1500000,0.0859375,0.0040690107,0.0,0.16031978,0.051512837,3.940655e-05,5871.0854,0.16028036,0.0,5.1451974,5.1451974,0.1,1.0,0.0040451605,0.39372024,5915.0254,1.0,499943.0,60.91689388030862,4500.706517544399,100.0,1.904663324356079,147.77184468463534
4.8867485e-05,0.0,,,,,,,2826.415,9431.482,5710.914,-172.5061,3504.9888,-3385.399,118540.92,,,,,,2827.9182,0.021182518672943115,17505.30049610138,1505000,0.12109375,0.0066731772,0.0,1.5031252,0.024630427,4.8867485e-05,5734.7627,1.5030763,0.0,10.179924,10.179924,0.1,1.0,0.004437714,0.47967017,5826.219,1.0,504943.0,60.91596222776988,5390.17520346652,100.0,1.884190320968628,177.61407605531312
6.604369e-05,0.0,,,,,,,3200.4067,9592.689,5863.624,-28.78319,2943.7278,-4908.2935,122874.67,,,,,,3200.5095,0.01947764277458191,17602.688715934753,1510000,0.109375,0.005859375,0.0,0.102809034,0.052936316,6.604369e-05,5886.1104,0.10274299,0.0,5.9795017,5.9795017,0.1,1.0,0.0026725023,0.34914395,6131.127,1.0,509943.0,60.91818210410323,5198.588755648243,100.0,1.8798675537109375,171.18623076545668
6.807805e-05,0.0,,,,,,,2603.4922,10507.701,5874.3604,1107.3723,2559.3328,-3528.4307,102159.0,,,,,,2603.7173,0.019448539638519287,17699.931419849396,1515000,0.1015625,0.004557292,0.0,0.22516762,0.06611729,6.807805e-05,5899.383,0.22509953,0.0,4.902256,4.902256,0.1,1.0,0.0025985623,0.42576057,5899.701,1.0,514943.0,60.91946910380892,4357.98854914327,100.0,1.8784685134887695,142.98356747916608
4.3605767e-05,0.0,,,,,,,2509.6455,10481.88,5961.8193,1445.8838,3643.598,-3111.0637,89441.67,,,,,,2509.877,0.019358711767196654,17796.724984169006,1520000,0.109375,0.005045573,0.0,0.23135477,0.029886961,4.3605767e-05,5981.8247,0.23131117,0.0,5.814908,5.814908,0.1,1.0,0.0027208347,0.343565,6061.7627,1.0,519943.0,60.953808637553465,2378.8514349046127,100.0,1.8684093952178955,76.58227802154397
1.9666739e-05,0.0,,,,,,,2746.7832,9606.585,5841.8086,1941.0278,4991.8706,-2990.4043,89827.1,,,,,,2746.9182,0.019464858341217042,17894.049282312393,1525000,0.0703125,0.003092448,0.0,0.13488811,0.021219015,1.9666739e-05,5858.172,0.13486844,0.0,3.1733456,3.1733456,0.1,1.0,0.003069431,0.43477392,6153.588,1.0,524943.0,60.95574155376736,4717.160798640247,100.0,1.8902912139892578,155.03402135242823
3.7725687e-05,0.0,,,,,,,6056.1025,9465.419,5803.776,1532.1636,6772.3457,-11560.275,160986.28,,,,,,6056.247,0.019552448654174805,17991.81153178215,1530000,0.10546875,0.004557292,0.0,0.14475432,0.033130288,3.7725687e-05,5821.5356,0.14471659,0.0,4.6533494,4.6533494,0.1,1.0,0.0034821278,0.3903936,5787.1763,1.0,529943.0,60.93928823133997,4380.026005745611,100.0,2.3505871295928955,143.72293794735359
5.59312e-05,0.0,,,,,,,2027.1049,8686.864,5942.438,1386.297,2873.4785,-1101.8483,62373.836,,,,,,2027.6434,0.019467221784591676,18089.147646427155,1535000,0.16796875,0.0076497397,0.0,0.5385549,0.05248356,5.59312e-05,5961.518,0.538499,0.0,5.308483,5.308483,0.1,1.0,0.003525234,0.44372988,5849.8984,1.0,534943.0,60.96569471963664,3856.7157357235164,100.0,1.8803057670593262,126.16555070728322
4.8951093e-05,0.0,,,,,,,2563.1216,8343.109,5749.589,-494.1559,4311.5654,-11019.766,106422.336,,,,,,2563.4314,0.019406620454788207,18186.180753946304,1540000,0.10546875,0.004557292,0.0,0.30985406,0.04078865,4.8951093e-05,5769.853,0.3098051,0.0,5.4362864,5.4362864,0.1,1.0,0.0061986456,0.38086185,5931.334,1.0,539943.0,60.939534810591276,3940.71689907037,100.0,2.3515267372131348,128.98384233652038
3.9251387e-05,0.0,,,,,,,2106.09,8189.5635,5887.3267,967.96356,1194.7375,-7815.9585,74918.31,,,,,,2106.2622,0.019392500400543213,18283.143261909485,1545000,0.1171875,0.0052083335,0.0,0.17223573,0.041553497,3.9251387e-05,5901.439,0.17219648,0.0,5.4296627,5.4296627,0.1,1.0,0.0027021738,0.41212088,6239.7725,1.0,544943.0,60.94370900334141,4832.909146451151,100.0,1.8753647804260254,158.91745089954682
3.9459555e-05,0.0,,,,,,,1998.2274,8121.561,5726.417,-259.17206,5987.323,-2270.3584,77867.18,,,,,,1998.3867,0.01946474452018738,18380.46698999405,1550000,0.109375,0.0053710938,0.0,0.15932575,0.030854225,3.9459555e-05,5751.1973,0.15928629,0.0,5.6057854,5.6057854,0.1,1.0,0.0035636777,0.39841372,5999.635,0.0,549943.0,0.1235482703835751,-45.5088482373104,100.0,1.8804640769958496,-4.7565275378658605
5.0809565e-05,0.0,,,,,,,2585.8823,8286.489,5601.792,83.51107,7204.9336,-5689.7534,129008.08,,,,,,2585.9834,0.019309012413024903,18477.012056589127,1555000,0.15234375,0.0066731772,0.0,0.10103875,0.053660154,5.0809565e-05,5621.7856,0.10098793,0.0,5.25727,5.25727,0.1,1.0,0.0040931413,0.3905755,5564.7104,1.0,554943.0,60.9101646393282,5329.467448699771,100.0,1.9086666107177734,175.577292869556
3.5413465e-05,0.0,,,,,,,3401.4521,9302.533,5786.2783,1326.441,4853.0205,-5338.5723,133305.56,,,,,,3401.541,0.019480883979797362,18574.416481494904,1560000,0.0703125,0.0035807292,0.0,0.08883729,0.035139084,3.5413465e-05,5803.1084,0.088801876,0.0,4.1432495,4.1432495,0.1,1.0,0.0019689887,0.3211522,6106.8945,1.0,559943.0,60.933427806620436,5271.399946891844,100.0,1.8537533283233643,173.62909182381264
6.225882e-05,0.0,,,,,,,3848.8154,10075.987,5532.6294,92.005806,8420.829,-10171.734,189023.28,,,,,,3849.062,0.0193964946269989,18671.39895939827,1565000,0.12890625,0.005859375,0.0,0.24649274,0.07601106,6.225882e-05,5553.7686,0.24643049,0.0,5.446949,5.446949,0.1,1.0,0.0037896042,0.40646625,5735.6084,1.0,564943.0,60.928417818534946,3447.733685347194,100.0,1.8822574615478516,112.44394682515055
6.3394895e-05,0.0,,,,,,,1682.7085,7494.047,5517.1514,-206.82835,3063.2544,-921.0837,54598.766,,,,,,1682.9702,0.019397760725021362,18768.38776731491,1570000,0.16015625,0.0078125,0.0,0.26177704,0.037293434,6.3394895e-05,5533.079,0.26171365,0.0,4.949325,4.949325,0.1,1.0,0.002392184,0.32264212,5904.47,1.0,569943.0,60.96021436467595,4001.6397610351232,100.0,2.35310959815979,131.02784250346411
8.285063e-05,0.0,,,,,,,1805.8833,8194.202,5455.379,-551.0862,1418.1677,-3348.321,60537.297,,,,,,1806.0168,0.01941593532562256,18865.46744799614,1575000,0.1484375,0.006998698,0.0,0.1336018,0.057201624,8.285063e-05,5471.8687,0.13351895,0.0,7.3032427,7.3032427,0.1,1.0,0.0044818274,0.38160622,5545.3896,0.0,574943.0,10.912219600075689,1958.5430733135127,100.0,1.8848543167114258,62.480669305967076
4.6327128e-05,0.0,,,,,,,3061.6396,11384.077,5521.5273,-827.2857,7871.5723,-8491.51,149585.64,,,,,,3061.7546,0.01948664507865906,18962.900678634644,1580000,0.0859375,0.004231771,0.0,0.11491073,0.049617648,4.6327128e-05,5540.11,0.1148644,0.0,4.1988373,4.1988373,0.1,1.0,0.00292542,0.37888348,5343.19,1.0,579943.0,60.92079290795995,3316.3527828927067,100.0,1.8913500308990479,108.03603528111387
5.8723286e-05,0.0,,,,,,,3621.272,9927.108,5611.7812,-960.09296,18914.584,-21703.56,265189.2,,,,,,3621.433,0.01940723671913147,19059.936866998672,1585000,0.0625,0.0032552085,0.0,0.16101448,0.07373619,5.8723286e-05,5628.5693,0.16095576,0.0,5.5523653,5.5523653,0.1,1.0,0.004261505,0.36930534,5555.6787,1.0,584943.0,60.9372437104265,5016.30137652926,100.0,1.8857228755950928,165.07037505325297
5.8267404e-05,0.0,,,,,,,5175.9526,12478.325,5656.162,-1048.8168,10118.282,-10237.481,244044.28,,,,,,5178.132,0.01939772834777832,19156.925513982773,1590000,0.11328125,0.0055338545,0.0,2.1791577,0.052565575,5.8267404e-05,5677.343,2.1790996,0.0,4.8361206,4.8361206,0.1,1.0,0.006478604,0.45360488,5579.2603,1.0,589943.0,60.92633254829134,4161.509128510336,100.0,1.881981611251831,136.39155988754854
2.728946e-05,0.0,,,,,,,2347.208,9708.625,5591.7583,-1166.5479,1832.5493,-7227.383,96580.05,,,,,,2347.748,0.019560492086410523,19254.72797870636,1595000,0.0703125,0.003092448,0.0,0.5399731,0.03276241,2.728946e-05,5606.0215,0.5399458,0.0,5.8543844,5.8543844,0.1,1.0,0.004168248,0.4560424,5258.1323,1.0,594943.0,60.95802340085051,4298.177473302966,100.0,1.8714618682861328,140.97686843286402
2.8340495e-05,0.0,,,,,,,3180.1833,10903.565,5597.473,-1068.0863,6747.9067,-13393.375,144294.81,,,,,,3180.3462,0.019395790147781374,19351.706934928894,1600000,0.08984375,0.00390625,0.0,0.16285682,0.026785612,2.8340495e-05,5614.788,0.16282848,0.0,5.8673997,5.8673997,0.1,1.0,0.00323964,0.36983237,5612.7905,0.0,599943.0,10.890386575617436,1813.844780708416,100.0,1.9061131477355957,57.62595098343648
6.0173898e-05,0.0,,,,,,,3767.819,9980.934,5701.339,-1063.8186,8210.783,-3704.433,184998.11,,,,,,3767.9673,0.021363031530380248,19458.522099256516,1605000,0.125,0.0063476562,0.0,0.14822176,0.054707646,6.0173898e-05,5719.778,0.14816159,0.0,4.6345496,4.6345496,0.1,1.0,0.0036009024,0.33451957,5699.377,1.0,604943.0,60.937574041966315,5018.461771305871,100.0,2.4064781665802,165.14285765078117
5.511185e-05,0.0,,,,,,,5348.8203,10524.719,5651.9336,-1005.43445,14083.906,-13114.436,254887.12,,,,,,5348.963,0.01948836350440979,19555.963923454285,1610000,0.09765625,0.0047200522,0.0,0.1425557,0.04534483,5.511185e-05,5670.9463,0.1425006,0.0,4.994958,4.994958,0.1,1.0,0.004121117,0.3336388,5433.4805,1.0,609904.0,60.932468294995594,5150.149104966519,100.0,1.885258436203003,169.56105015366236
7.343337e-05,0.0,,,,,,,4229.6562,11051.286,5854.7334,-217.63808,2851.3389,-9826.873,144456.64,,,,,,4229.745,0.019515466356277465,19653.541260957718,1615000,0.17578125,0.008463542,0.0,0.08910827,0.037609577,7.343337e-05,5888.642,0.08903484,0.0,3.776678,3.776678,0.1,1.0,0.0026685083,0.37171465,5841.045,0.0,614972.0,0.094822706178993,3.6022277638919453,100.0,1.9024286270141602,-3.1088201861770983
2.6649388e-05,0.0,,,,,,,6202.7573,9864.89,5816.34,-720.6409,42294.668,-23008.914,310974.4,,,,,,6202.883,0.019448891115188598,19750.785722970963,1620000,0.0703125,0.0035807292,0.0,0.12539613,0.031956553,2.6649388e-05,5851.2563,0.12536949,0.0,5.7121983,5.7121983,0.1,1.0,0.0034299702,0.36200818,5935.12,1.0,619972.0,60.94333191106,5029.004775021196,100.0,1.8906354904174805,165.49658202713564
0.00016222795,0.0,,,,,,,3831.7373,9008.657,5853.5703,-641.4088,2946.868,-3917.066,114073.12,,,,,,3831.8667,0.019463328742980956,19848.102373361588,1625000,0.359375,0.020345053,0.0,0.1293767,0.052140236,0.00016222795,5873.3965,0.12921447,0.0,4.691306,4.691306,0.1,1.0,0.0036817584,0.34684312,5822.8564,1.0,624972.0,60.922345469057475,5150.680743564578,100.0,1.8989160060882568,169.578886961523
6.917106e-05,0.0,,,,,,,2338.4285,8888.856,5833.662,-589.0035,2023.948,-5291.824,71832.8,,,,,,2338.602,0.019477303838729858,19945.488898277283,1630000,0.12109375,0.0066731772,0.0,0.17355427,0.089022994,6.917106e-05,5854.1074,0.1734851,0.0,5.280752,5.280752,0.1,1.0,0.00421244,0.35433215,5813.2856,1.0,629972.0,60.92747055508251,4010.1454654030426,100.0,1.8807823657989502,131.31321421101882
6.597305e-05,0.0,,,,,,,2534.0288,8805.908,5772.1865,-529.4819,10735.155,-6538.8926,135384.06,,,,,,2534.1182,0.019497002172470093,20042.97391462326,1635000,0.1796875,0.009114584,0.0,0.08941926,0.04825306,6.597305e-05,5790.6533,0.089353286,0.0,4.0307407,4.0307407,0.1,1.0,0.0036228593,0.36945996,5459.962,1.0,634972.0,60.95173624972864,4136.874275366433,100.0,1.8820810317993164,135.56504513898167
3.4595298e-05,0.0,,,,,,,2324.9685,8805.0205,5720.0586,-539.84174,1378.6688,-5002.3555,64313.285,,,,,,2325.163,0.0194714825630188,20140.33133339882,1640000,0.09765625,0.0043945312,0.0,0.19451314,0.037531376,3.4595298e-05,5738.7607,0.19447854,0.0,4.0571346,4.0571346,0.1,1.0,0.0028678174,0.39444315,5349.4204,1.0,639972.0,60.91195355877145,4603.038676877153,100.0,1.8983025550842285,151.20515270750653
6.346741e-05,0.0,,,,,,,2120.5461,8211.185,5722.899,-551.60815,1743.4565,-2273.8975,63463.293,,,,,,2120.636,0.019451659393310547,20237.589636325836,1645000,0.12890625,0.0056966147,0.0,0.08990393,0.04487884,6.346741e-05,5744.0117,0.089840464,0.0,5.7824535,5.7824535,0.1,1.0,0.0026181377,0.44662488,5247.1323,1.0,644972.0,60.9392158050901,4153.983142292451,100.0,1.8830289840698242,136.1390583373969
4.113683e-05,0.0,,,,,,,1614.2245,8025.458,5576.4893,1454.4536,1646.5311,-2512.21,67680.16,,,,,,1614.4025,0.01948095831871033,20334.99443435669,1650000,0.08203125,0.0048828125,0.0,0.17792612,0.028225183,4.113683e-05,5591.6504,0.17788498,0.0,5.2997293,5.2997293,0.1,1.0,0.0031297915,0.41308594,5606.428,1.0,649972.0,60.946526787158845,3809.073892781629,100.0,1.9015939235687256,124.56713704472311
5.104686e-05,0.0,,,,,,,1719.2236,8334.358,5590.921,813.8323,1329.5349,-2355.651,45615.906,,,,,,1719.3484,0.019464148569107057,20432.315183877945,1655000,0.15625,0.0073242188,0.0,0.1247806,0.04780364,5.104686e-05,5607.484,0.12472956,0.0,3.6089973,3.6089973,0.1,1.0,0.0023333356,0.3925129,5872.6196,1.0,654972.0,60.970455184075995,3792.25044974795,100.0,1.8953838348388672,124.0026999966195
7.682317e-05,0.0,,,,,,,6874.9746,7463.218,5503.489,-872.9163,25837.463,-29482.545,570618.1,,,,,,6875.2783,0.01958534688949585,20530.241923570633,1660000,0.16015625,0.0078125,0.0,0.30362856,0.08234894,7.682317e-05,5525.9766,0.30355173,0.0,5.512387,5.512387,0.1,1.0,0.003398723,0.4362805,5544.907,1.0,659972.0,60.934624830123624,3734.69528078347,100.0,1.8838186264038086,122.07168803858094
3.860569e-05,0.0,,,,,,,2825.4692,9561.264,5616.7773,-989.1347,2936.2417,-2750.1077,73352.55,,,,,,2825.5781,0.01946162619590759,20627.550060272217,1665000,0.08984375,0.00390625,0.0,0.108968504,0.03209865,3.860569e-05,5631.882,0.108929895,0.0,4.145876,4.145876,0.1,1.0,0.0021759728,0.42427844,5895.624,1.0,664972.0,60.92966472686554,1545.1695892128996,100.0,1.8878676891326904,48.61173007260346
5.522e-05,0.0,,,,,,,2478.2925,7751.0845,5513.822,-907.1992,3706.5674,-1429.7688,73718.68,,,,,,2478.4524,0.019506234788894652,20725.081238746643,1670000,0.12109375,0.006184896,0.0,0.15992023,0.05808425,5.522e-05,5532.3574,0.159865,0.0,4.57452,4.57452,0.1,1.0,0.0045727855,0.36376342,5671.332,1.0,669972.0,60.938855323780096,5270.977919042782,100.0,1.892390251159668,173.61493252521575
2.8706138e-05,0.0,,,,,,,2347.5156,8171.4575,5446.0986,-880.2148,5226.0854,-5229.5693,103039.78,,,,,,2347.8381,0.019428391551971437,20822.223201274872,1675000,0.1171875,0.0053710938,0.0,0.32247883,0.01837051,2.8706138e-05,5470.273,0.32245013,0.0,10.737946,10.737946,0.1,1.0,0.0027269023,0.39498585,5658.199,1.0,674972.0,60.96687367222159,4111.677070428812,100.0,1.879525899887085,134.71966313560813
4.264462e-05,0.0,,,,,,,2763.918,8180.164,5392.5693,-841.42365,1966.8551,-1648.957,82433.19,,,,,,2764.032,0.0194160879611969,20919.303646802902,1680000,0.1484375,0.006998698,0.0,0.11412253,0.020878315,4.264462e-05,5411.366,0.114079885,0.0,4.056348,4.056348,0.1,1.0,0.0022348696,0.35768038,5462.3774,1.0,679964.0,60.912215613917716,1915.0693636172957,100.0,1.8730533123016357,61.02209912375633
6.526065e-05,0.0,,,,,,,2034.9788,7777.348,5425.1816,-829.3698,2730.9766,-4151.8516,89074.25,,,,,,2035.0806,0.01943897190093994,21016.49851155281,1685000,0.171875,0.008463542,0.0,0.10174866,0.04865265,6.526065e-05,5438.3403,0.1016834,0.0,3.915341,3.915341,0.1,1.0,0.007058767,0.43194675,5301.127,1.0,684964.0,60.9151486800741,4854.953030737608,100.0,1.8820195198059082,159.65703702056118
6.636551e-05,0.0,,,,,,,1709.7935,7923.342,5635.548,-749.91724,1930.7932,-2441.5671,59223.7,,,,,,1709.8995,0.019370774793624878,21113.352391004562,1690000,0.11328125,0.0052083335,0.0,0.106090255,0.050807595,6.636551e-05,5652.461,0.10602389,0.0,6.007593,6.007593,0.1,1.0,0.0026662908,0.35485107,5917.5757,1.0,689964.0,60.92080241326954,5269.2709705165025,100.0,1.9307770729064941,173.5576633333203
5.6911766e-05,0.0,,,,,,,2103.5254,7724.537,5515.769,-696.6084,2098.0618,-3298.5732,72449.99,,,,,,2103.8247,0.019469991970062255,21210.702355861664,1695000,0.15625,0.0074869795,0.0,0.2992378,0.045474052,5.6911766e-05,5531.293,0.29918087,0.0,5.547634,5.547634,0.1,1.0,0.003963932,0.38469344,5328.6875,1.0,694964.0,60.941554338717765,4088.3527622553024,100.0,1.9080936908721924,133.93711799142102
7.8564786e-05,0.0,,,,,,,3902.7358,8362.167,5651.19,-688.64624,9304.112,-8662.4375,143793.83,,,,,,3902.8748,0.01945050024986267,21307.954862833023,1700000,0.2109375,0.010904948,0.0,0.13882022,0.038591266,7.8564786e-05,5668.665,0.13874166,0.0,6.253298,6.253298,0.1,1.0,0.0033624258,0.35417628,5848.6934,0.0,699964.0,10.879785748307402,960.7923570433995,100.0,2.36802077293396,29.00550801423026
4.2187807e-05,0.0,,,,,,,7132.8174,7834.0264,5663.0195,-0.32893974,41176.715,-62875.03,717654.75,,,,,,7132.8926,0.021236492347717285,21414.137330055237,1705000,0.12890625,0.0074869795,0.0,0.07508099,0.02974379,4.2187807e-05,5678.6523,0.075038806,0.0,3.5785034,3.5785034,0.1,1.0,0.0024733138,0.32127932,5744.2485,1.0,704964.0,60.90566757120484,4953.460930818497,100.0,1.8760030269622803,162.96203875089853
4.1122705e-05,0.0,,,,,,,1708.0945,7860.3496,5504.2075,-161.38266,4047.4092,-1631.8402,56630.27,,,,,,1708.4824,0.019511294031143187,21511.693805933,1710000,0.078125,0.0035807292,0.0,0.3879333,0.06409705,4.1122705e-05,5519.259,0.3878922,0.0,5.407673,5.407673,0.1,1.0,0.0043752273,0.36097214,5280.7725,1.0,709964.0,60.94256935342839,5139.817961868553,100.0,1.9119617938995361,169.21443383368086
4.8857182e-05,0.0,,,,,,,2390.0347,7798.645,5473.548,-161.26709,3509.047,-3667.6313,79594.8,,,,,,2390.0928,0.01951033034324646,21609.245463848114,1715000,0.12890625,0.005859375,0.0,0.058053624,0.05213082,4.8857182e-05,5495.8613,0.058004767,0.0,4.105984,4.105984,0.1,1.0,0.0027832787,0.3170448,5530.0225,1.0,714964.0,60.916839567896204,5149.86385742457,100.0,1.8896710872650146,169.5514799200167
2.3688539e-05,0.0,,,,,,,3021.204,7591.995,5694.7183,1482.2299,1898.3789,-1853.8306,83290.05,,,,,,3021.3232,0.01951839294433594,21706.83743405342,1720000,0.09375,0.0040690107,0.0,0.11921694,0.018795967,2.3688539e-05,5712.1953,0.119193256,0.0,5.498395,5.498395,0.1,1.0,0.003070096,0.3966419,5542.1714,0.0,719964.0,0.8854690178178438,4503.613401477122,100.0,1.8745908737182617,147.86937246077972
3.5312474e-05,0.0,,,,,,,2464.5403,7667.1885,5469.9546,-236.34589,2386.2578,-2457.3794,79516.89,,,,,,2464.7476,0.019551417922973633,21804.594529867172,1725000,0.10546875,0.0048828125,0.0,0.20737918,0.053556323,3.5312474e-05,5493.4185,0.20734386,0.0,6.289145,6.289145,0.1,1.0,0.0043515917,0.41524526,5534.208,1.0,724964.0,60.92264103749484,5211.102519541982,100.0,2.34519624710083,171.60607537982648
5.553655e-05,0.0,,,,,,,2858.2979,8091.7515,5661.0186,2118.278,2916.0176,-1555.7932,83581.71,,,,,,2858.4626,0.01935826983451843,21901.38588476181,1730000,0.12890625,0.0060221357,0.0,0.16488665,0.05193925,5.553655e-05,5677.9814,0.16483112,0.0,5.2691026,5.2691026,0.1,1.0,0.0036051564,0.32501152,5588.726,1.0,729964.0,60.94541495938496,5078.678880158153,100.0,1.898845911026001,167.16317935888057
6.127381e-05,0.0,,,,,,,1858.3486,8793.204,5476.6704,-376.1287,1949.5181,-2171.927,67292.7,,,,,,1858.5167,0.019517549657821657,21998.973638296127,1735000,0.1875,0.008951823,0.0,0.16805315,0.050573707,6.127381e-05,5498.028,0.16799188,0.0,5.7956557,5.7956557,0.1,1.0,0.003099462,0.47963524,5431.4033,1.0,734964.0,60.90894911522208,5450.102072638384,100.0,2.399717092514038,179.62466004039533
4.967884e-05,0.0,,,,,,,1700.7148,9916.708,5660.1523,1639.087,1703.1494,-3449.2908,55871.062,,,,,,1700.8048,0.019424973154067993,22096.09851002693,1740000,0.1171875,0.006184896,0.0,0.09000994,0.043488264,4.967884e-05,5676.294,0.08996026,0.0,3.5308995,3.5308995,0.1,1.0,0.0020257183,0.4052024,5861.976,1.0,739964.0,60.89996064896442,4232.819174039929,100.0,1.875875473022461,138.78405656722816
4.8558868e-05,0.0,,,,,,,1810.4261,9739.172,5687.8916,1250.4769,1974.8804,-2655.638,70298.984,,,,,,1810.4866,0.019463442182540893,22193.41572713852,1745000,0.140625,0.008138021,0.0,0.060435645,0.027048111,4.8558868e-05,5707.164,0.060387086,0.0,5.1177316,5.1177316,0.1,1.0,0.0036518476,0.3649518,6006.882,1.0,744964.0,60.94086141276638,3933.120552051251,100.0,2.3767924308776855,128.7289801374296
7.7223056e-05,0.0,,,,,,,4308.89,9120.987,5596.2593,950.9208,6520.929,-10885.156,134208.2,,,,,,4309.032,0.01933803462982178,22290.10590648651,1750000,0.12890625,0.006184896,0.0,0.14199272,0.16591299,7.7223056e-05,5619.1826,0.1419155,0.0,4.065125,4.065125,0.1,1.0,0.004155471,0.3005008,5497.3867,1.0,749964.0,60.930933497682084,5331.848788789949,100.0,1.9042038917541504,175.65718832070354
5.425678e-05,0.0,,,,,,,3187.501,8427.954,5584.784,-139.32135,3881.3184,-1712.8275,85806.0,,,,,,3187.7217,0.01941244993209839,22387.168161153793,1755000,0.13671875,0.0074869795,0.0,0.22077273,0.03800571,5.425678e-05,5608.4917,0.22071847,0.0,6.177696,6.177696,0.1,1.0,0.009434709,0.3473086,5740.4863,1.0,754964.0,60.89922640673025,4952.068389959243,100.0,2.332650899887085,162.91531813310422
2.0346644e-05,0.0,,,,,,,3692.7378,9060.112,5787.533,584.15247,1677.1111,-3817.4282,99400.914,,,,,,3692.8657,0.01934247660636902,22483.880549669266,1760000,0.08203125,0.0040690107,0.0,0.1279806,0.013778806,2.0346644e-05,5807.076,0.12796026,0.0,4.4655905,4.4655905,0.1,1.0,0.0037385903,0.42240846,5837.3022,1.0,759964.0,60.927998143192795,3469.341484508482,100.0,1.8874232769012451,113.16890201715239
4.7825608e-05,0.0,,,,,,,4585.621,10723.078,5869.5273,278.27554,2463.436,-3967.4678,127582.72,,,,,,4585.7783,0.019489132404327394,22581.32621717453,1765000,0.09375,0.005045573,0.0,0.15745562,0.03981495,4.7825608e-05,5893.71,0.15740779,0.0,4.3050413,4.3050413,0.1,1.0,0.00326856,0.34339887,6106.657,1.0,764964.0,60.90027878318005,2855.066592545355,100.0,1.8830256462097168,92.5595947517061
5.459578e-05,0.0,,,,,,,2996.784,10196.36,5765.2217,165.40942,4198.0503,-4404.2793,113909.0,,,,,,2996.979,0.0194412850856781,22678.53264760971,1770000,0.12890625,0.005859375,0.0,0.19498432,0.042085886,5.459578e-05,5780.7783,0.19492972,0.0,5.943005,5.943005,0.1,1.0,0.004766546,0.40669072,5577.532,1.0,769964.0,60.90816484693538,3633.050373691675,100.0,1.9100215435028076,118.66143775873019
2.8788889e-05,0.0,,,,,,,2891.1816,9337.247,5792.863,44.514153,1881.9419,-3093.0864,91647.64,,,,,,2891.3855,0.019463853454589845,22775.85192012787,1775000,0.1015625,0.0043945312,0.0,0.20378911,0.026307225,2.8788889e-05,5812.6343,0.20376033,0.0,5.2460785,5.2460785,0.1,1.0,0.0026832714,0.3302882,6042.249,1.0,774964.0,60.951184363503,5090.053625202086,100.0,1.8860509395599365,167.54480917762072
2.4247332e-05,0.0,,,,,,,2718.584,8944.744,5834.3105,-59.890923,2139.5818,-12613.254,103828.9,,,,,,2718.7065,0.01944176139831543,22873.0607316494,1780000,0.07421875,0.0034179688,0.0,0.12257448,0.044806242,2.4247332e-05,5852.6763,0.122550234,0.0,4.030292,4.030292,0.1,1.0,0.007827512,0.37217927,5916.9053,1.0,779964.0,60.93408982600772,3821.7518404604198,100.0,1.9106919765472412,124.99249012788825
8.675356e-05,0.0,,,,,,,2516.7473,9305.214,5619.764,-152.95244,2921.1238,-2034.426,76150.66,,,,,,2517.012,0.01945172481536865,22970.31936120987,1785000,0.11328125,0.0063476562,0.0,0.2646957,0.122385025,8.675356e-05,5637.789,0.26460895,0.0,6.2202864,6.2202864,0.1,1.0,0.0047997236,0.43277633,5369.253,1.0,784964.0,60.920419714704835,4190.243924150957,100.0,1.886803150177002,137.35563027413843
6.515467e-05,0.0,,,,,,,2276.635,8125.942,5701.0254,186.84514,1630.7593,-2429.1877,66957.84,,,,,,2276.7673,0.01944641122817993,23067.55142211914,1790000,0.12890625,0.005859375,0.0,0.13238573,0.07168639,6.515467e-05,5723.508,0.13232058,0.0,6.7508864,6.7508864,0.1,1.0,0.004802122,0.39391816,5496.333,1.0,789964.0,60.95651141436608,5028.434422080677,100.0,1.894559621810913,165.47744632884374
5.242799e-05,0.0,,,,,,,3391.796,7841.205,5619.652,11.3007145,16799.203,-20358.57,224467.66,,,,,,3392.002,0.019414077472686767,23164.621814727783,1795000,0.1484375,0.0071614585,0.0,0.20610489,0.053489447,5.242799e-05,5640.8486,0.20605247,0.0,7.945009,7.945009,0.1,1.0,0.005162295,0.3613317,5597.465,1.0,794964.0,60.94868591541461,4004.1857761160986,100.0,1.8871972560882568,131.11326290366733
2.9742001e-05,0.0,,,,,,,2097.0647,8395.301,5699.5938,-52.44857,2199.819,-4107.3184,67775.87,,,,,,2097.168,0.019429836320877074,23261.771001815796,1800000,0.0546875,0.0026041667,0.0,0.103202544,0.05972755,2.9742001e-05,5717.8076,0.1031728,0.0,4.5554376,4.5554376,0.1,1.0,0.00353308,0.42155105,5720.76,1.0,799964.0,60.904865115703856,5096.495220436074,100.0,1.8961710929870605,167.76092873125026
4.047078e-05,0.0,,,,,,,2103.0752,8339.143,5664.595,195.03604,3429.4917,-1472.352,71043.8,,,,,,2103.1921,0.021394579315185548,23368.74390411377,1805000,0.10546875,0.0048828125,0.0,0.11683811,0.05296254,4.047078e-05,5678.6274,0.11679764,0.0,4.2208967,4.2208967,0.1,1.0,0.004263306,0.39608258,5713.635,1.0,804964.0,60.90264371787377,3335.4137831953926,100.0,1.887366533279419,108.67554377668232
8.1921135e-05,0.0,,,,,,,1715.0864,8108.938,5731.6855,1597.7062,934.54407,-2395.4624,57828.61,,,,,,1715.2305,0.019524418306350707,23466.366001844406,1810000,0.1953125,0.008951823,0.0,0.14400533,0.057656527,8.1921135e-05,5748.911,0.1439234,0.0,4.740919,4.740919,0.1,1.0,0.0028529577,0.3919108,5876.716,1.0,809964.0,60.91642296529772,5259.590846822155,100.0,1.8991994857788086,173.23288912197862
5.712595e-05,0.0,,,,,,,2061.9878,7726.5107,5562.753,-179.53148,754.6485,-1365.5566,54732.688,,,,,,2062.189,0.019475030040740967,23563.74115729332,1815000,0.09375,0.0043945312,0.0,0.20126249,0.10915542,5.712595e-05,5577.1455,0.20120536,0.0,6.214327,6.214327,0.1,1.0,0.0049894215,0.3839513,5656.8906,1.0,814964.0,60.92833158090809,5451.052336578743,100.0,1.8891851902008057,179.65654199062047
4.901607e-05,0.0,,,,,,,2642.346,8239.367,5666.592,-159.94765,1440.8878,-2611.709,80465.8,,,,,,2642.4636,0.01941815814971924,23660.83195400238,1820000,0.1171875,0.0052083335,0.0,0.117713265,0.045575738,4.901607e-05,5680.911,0.11766425,0.0,4.050456,4.050456,0.1,1.0,0.0041179843,0.37217137,5651.782,1.0,819964.0,60.95219586767043,3779.1257925996338,100.0,1.8946523666381836,123.56235953103602
5.713802e-05,0.0,,,,,,,2683.7297,8343.387,5666.286,-145.38145,2175.9775,-3494.6133,70954.9,,,,,,2683.8005,0.019492398643493652,23758.29395341873,1825000,0.109375,0.0055338545,0.0,0.07074711,0.050218463,5.713802e-05,5683.1445,0.07068997,0.0,3.5350943,3.5350943,0.1,1.0,0.002000093,0.41712245,5749.2627,0.0,824964.0,0.690245299058642,302.08115809936976,100.0,1.8681018352508545,6.905334824923131
5.394723e-05,0.0,,,,,,,2407.7598,8031.9976,5719.6934,-87.19806,2805.806,-2434.6348,82576.69,,,,,,2407.8672,0.019506580257415772,23855.826860904694,1830000,0.140625,0.006998698,0.0,0.107306935,0.023804188,5.394723e-05,5743.5854,0.107252985,0.0,4.5568523,4.5568523,0.1,1.0,0.0039986996,0.32391468,5960.4375,1.0,829964.0,60.93658140567384,4583.9535200115,100.0,1.887054681777954,150.56483374412443
2.3928296e-05,0.0,,,,,,,2055.0874,7960.6123,5623.4478,2164.6213,1981.7341,-1936.9727,61950.82,,,,,,2055.1685,0.019468666458129884,23953.170199394226,1835000,0.08984375,0.0040690107,0.0,0.081029356,0.02827096,2.3928296e-05,5638.047,0.081005424,0.0,2.9268522,2.9268522,0.1,1.0,0.0028954623,0.3137092,5750.635,1.0,834964.0,60.89639186619205,2781.5829324817996,100.0,1.8759098052978516,90.09417194336132
1.393375e-05,0.0,,,,,,,2012.8544,8357.83,5707.6504,2048.6233,973.5786,-1416.838,64156.15,,,,,,2013.1902,0.019521498155593873,24050.77769589424,1840000,0.0390625,0.0017903646,0.0,0.33586508,0.029131413,1.393375e-05,5727.176,0.33585113,0.0,6.1088963,6.1088963,0.1,1.0,0.003433537,0.43357763,5833.9473,1.0,839964.0,60.91685709825647,3046.8850956300384,100.0,1.8960680961608887,98.99522564105636
6.73544e-05,0.0,,,,,,,1951.3279,10685.224,5760.3257,-383.10815,2995.3513,-4435.435,74381.14,,,,,,1951.4421,0.019454110431671143,24148.04825425148,1845000,0.16796875,0.0087890625,0.0,0.11431279,0.042637706,6.73544e-05,5781.695,0.11424544,0.0,4.0769725,4.0769725,0.1,1.0,0.0032190816,0.38614106,5776.15,1.0,844964.0,60.9077987107763,3153.6419151943223,100.0,2.350630283355713,102.5769837852818
4.1153962e-05,0.0,,,,,,,2221.433,10159.705,5662.553,-395.94162,2130.2932,-2758.1897,76699.75,,,,,,2221.5793,0.019463365125656128,24245.365085840225,1850000,0.1484375,0.006998698,0.0,0.14624588,0.045992374,4.1153962e-05,5682.714,0.14620472,0.0,6.12885,6.12885,0.1,1.0,0.004160683,0.45172864,5895.548,1.0,849964.0,60.90242077630188,3560.796720691457,100.0,1.870342493057251,116.23728245755305
7.334546e-05,0.0,,,,,,,4514.6084,9827.582,5811.161,-195.37575,11641.186,-2651.0073,117777.414,,,,,,4514.732,0.01931490454673767,24341.939615249634,1855000,0.10546875,0.0052083335,0.0,0.12341632,0.064192414,7.334546e-05,5831.866,0.123342976,0.0,5.2630987,5.2630987,0.1,1.0,0.003810676,0.38423282,5514.7666,1.0,854964.0,60.92261304941924,4704.750681658636,100.0,1.8959851264953613,154.61765415686082
4.60383e-05,0.0,,,,,,,2395.51,8713.411,5981.869,52.359447,1610.8718,-4449.6704,73130.49,,,,,,2395.6667,0.01943756561279297,24439.127448558807,1860000,0.13671875,0.0060221357,0.0,0.15666236,0.035268545,4.60383e-05,5995.4805,0.15661632,0.0,5.4282494,5.4282494,0.1,1.0,0.0025015087,0.36108312,5992.5566,0.0,859964.0,0.5208316018589064,42.324360459660255,100.0,1.8805272579193115,-1.8096683876230777
6.895966e-05,0.0,,,,,,,2345.2788,9444.857,5835.2725,1281.69,5430.325,-4666.9014,69756.5,,,,,,2345.4521,0.01959065947532654,24537.080749988556,1865000,0.12890625,0.0060221357,0.0,0.17330879,0.07016313,6.895966e-05,5851.9307,0.17323983,0.0,3.860458,3.860458,0.1,1.0,0.0029133996,0.41909122,5971.6255,0.0,864964.0,10.870883981243486,1800.322825778499,100.0,1.894024133682251,57.17228092850463
3.0608306e-05,0.0,,,,,,,2462.245,9621.292,5970.5225,-261.57465,4238.407,-1902.5182,89713.29,,,,,,2462.369,0.01944265856742859,24634.294048309326,1870000,0.0859375,0.0035807292,0.0,0.12367831,0.030403614,3.0608306e-05,5991.3223,0.123647705,0.0,4.567027,4.567027,0.1,1.0,0.0025992964,0.3632533,6086.948,1.0,869964.0,60.93352979743868,4655.3193319122665,100.0,1.883258581161499,152.95920142047615
2.7551821e-05,0.0,,,,,,,2606.7944,11061.328,5911.751,-41.24441,3912.542,-3189.8044,86272.76,,,,,,2606.8772,0.01948887438774109,24731.73842549324,1875000,0.0625,0.0027669272,0.0,0.082659416,0.035018563,2.7551821e-05,5936.151,0.08263186,0.0,3.4625134,3.4625134,0.1,1.0,0.0030786307,0.40639076,6165.8286,0.0,874964.0,10.905819834582466,3469.4083305630056,100.0,1.8917360305786133,113.1711447441386
3.8742593e-05,0.0,,,,,,,3536.67,10150.979,6041.8203,1304.1492,4225.04,-3479.5303,105692.66,,,,,,3536.8464,0.019367983150482177,24828.57834649086,1880000,0.09375,0.004557292,0.0,0.17658222,0.06431687,3.8742593e-05,6062.5566,0.17654347,0.0,5.333255,5.333255,0.1,1.0,0.0058304453,0.35837469,5912.971,1.0,879964.0,60.95073852519302,4220.00408780887,100.0,1.8826730251312256,138.3541023997625
6.909977e-05,0.0,,,,,,,2924.2612,10498.243,5999.4785,806.04425,3051.2744,-6993.4375,98636.78,,,,,,2924.3594,0.019478173780441282,24925.969221115112,1885000,0.1484375,0.008300781,0.0,0.09815706,0.043067813,6.909977e-05,6022.5,0.09808797,0.0,3.6782115,3.6782115,0.1,1.0,0.0036213817,0.43793434,6164.213,1.0,884964.0,60.93285938488755,4059.0811176214397,100.0,1.8979742527008057,132.95503598494946
4.8949965e-05,0.0,,,,,,,3362.7427,9919.292,6038.874,-145.1383,2149.9526,-4319.4893,95661.06,,,,,,3362.8623,0.019438039875030518,25023.15942621231,1890000,0.1328125,0.006184896,0.0,0.11954613,0.060927987,4.8949965e-05,6055.6846,0.11949718,0.0,5.1830053,5.1830053,0.1,1.0,0.0027888736,0.42786527,6198.8936,1.0,889964.0,60.93903391981367,3646.924901678951,100.0,1.8756754398345947,119.12693686050689
4.8163696e-05,0.0,,,,,,,2173.8381,9957.644,5967.539,-76.66761,4835.413,-1537.1353,90405.625,,,,,,2173.9146,0.01942170844078064,25120.267973661423,1895000,0.09765625,0.005045573,0.0,0.07640317,0.057246447,4.8163696e-05,5984.604,0.07635501,0.0,4.353636,4.353636,0.1,1.0,0.0037647835,0.44012484,5759.2466,0.0,894964.0,10.890936257974188,4059.407253139039,100.0,1.9813342094421387,132.96597803578095
5.467954e-05,0.0,,,,,,,1967.9722,9483.102,6022.337,159.80447,1631.6152,-1841.4703,67275.92,,,,,,1968.1061,0.019458002614974976,25217.55799150467,1900000,0.125,0.0056966147,0.0,0.13396381,0.025279045,5.467954e-05,6041.599,0.13390914,0.0,4.4943666,4.4943666,0.1,1.0,0.0030764889,0.3659137,5775.799,1.0,899964.0,60.94218956559076,5341.9487148933695,100.0,1.8813278675079346,175.99604716573702
4.2978423e-05,0.0,,,,,,,3155.705,10027.363,6073.6553,1939.037,4310.3896,-2033.8115,99017.766,,,,,,3155.9722,0.02120872745513916,25323.601634979248,1905000,0.06640625,0.0029296875,0.0,0.26713425,0.14411473,4.2978423e-05,6089.629,0.26709127,0.0,4.9187336,4.9187336,0.1,1.0,0.00458222,0.37530923,6078.672,1.0,904964.0,60.94540460645781,4139.186634305156,100.0,1.8785605430603027,135.642626229304
4.268628e-05,0.0,,,,,,,4696.137,8929.363,6024.0894,2026.4882,7394.476,-9320.767,193826.12,,,,,,4696.3394,0.019498725128173827,25421.09526705742,1910000,0.0703125,0.003092448,0.0,0.20214796,0.08698714,4.268628e-05,6041.931,0.20210527,0.0,4.905604,4.905604,0.1,1.0,0.003684707,0.38900918,6053.088,1.0,909964.0,60.97201828284237,4065.754847720144,100.0,1.8992559909820557,133.17894380864595
4.276703e-05,0.0,,,,,,,2318.8662,8742.23,5982.838,2045.8323,2990.2607,-2665.7268,81707.875,,,,,,2319.0676,0.01954372239112854,25518.813885211945,1915000,0.0625,0.0029296875,0.0,0.20146914,0.10578585,4.276703e-05,5996.329,0.20142637,0.0,4.0035315,4.0035315,0.1,1.0,0.003416587,0.3405499,6362.1475,1.0,914964.0,60.94117571072509,4088.0993067931054,100.0,2.3728203773498535,133.92861440195824
3.9856513e-05,0.0,,,,,,,2607.7634,8753.864,5897.335,3244.4355,4184.928,-1730.7755,86926.51,,,,,,2607.9592,0.01940239806175232,25615.825881004333,1920000,0.0703125,0.003092448,0.0,0.19577166,0.048339605,3.9856513e-05,5914.6597,0.1957318,0.0,5.685744,5.685744,0.1,1.0,0.0055769724,0.3360202,5773.578,1.0,919964.0,60.91058954812609,4655.693470145156,100.0,1.891993761062622,152.97175399246348
3.401035e-05,0.0,,,,,,,2937.1687,8446.666,5809.1445,1430.6594,4331.566,-11526.715,158657.83,,,,,,2937.247,0.019480010986328126,25713.225942373276,1925000,0.15234375,0.0066731772,0.0,0.078368075,0.022497177,3.401035e-05,5831.502,0.07833406,0.0,3.0502338,3.0502338,0.1,1.0,0.0021161833,0.38323665,5947.626,1.0,924964.0,60.90955483910986,5390.005961938112,100.0,1.8883121013641357,177.6083978960612
2.1288968e-05,0.0,,,,,,,1733.8635,8646.3125,5735.717,-82.30711,4176.0215,-995.2771,55687.14,,,,,,1733.9203,0.01937740240097046,25810.1129591465,1930000,0.09375,0.004231771,0.0,0.05672131,0.02639556,2.1288968e-05,5750.442,0.05670002,0.0,3.2682438,3.2682438,0.1,1.0,0.0027112297,0.3970601,5455.3643,1.0,929964.0,60.9044861796722,3665.7950513523715,100.0,1.8825733661651611,119.76004219795868
6.248053e-05,0.0,,,,,,,1911.2148,8659.869,5813.9287,-47.6365,1814.2241,-1783.5001,57943.133,,,,,,1911.387,0.019431500577926634,25907.270467996597,1935000,0.1640625,0.007975261,0.0,0.17213355,0.04597652,6.248053e-05,5828.085,0.17207107,0.0,5.023465,5.023465,0.1,1.0,0.0024314823,0.33506823,5803.125,1.0,934964.0,60.92337625661426,3297.4882777271323,100.0,1.895488977432251,107.40311932043471
4.36221e-05,0.0,,,,,,,1648.7683,8325.451,5800.5996,687.3781,3570.96,-1093.4753,59631.195,,,,,,1648.9557,0.01946696825027466,26004.605314731598,1940000,0.12890625,0.0060221357,0.0,0.1873755,0.030992627,4.36221e-05,5817.9233,0.18733189,0.0,4.6853247,4.6853247,0.1,1.0,0.004686732,0.4029356,5772.9487,1.0,939964.0,60.94736956920417,4648.714079547164,100.0,1.877680778503418,152.73759106762066
4.0181098e-05,0.0,,,,,,,2681.1345,8014.4614,5603.2554,17.053366,2701.4111,-2812.615,80653.8,,,,,,2681.2021,0.01943732476234436,26101.79194498062,1945000,0.09765625,0.0047200522,0.0,0.067524575,0.029891968,4.0181098e-05,5619.836,0.06748439,0.0,3.4866042,3.4866042,0.1,1.0,0.004207449,0.40997124,5705.3555,1.0,944964.0,60.955950329016034,4005.4544920749267,100.0,1.8851265907287598,131.155829118517
5.35026e-05,0.0,,,,,,,1804.645,7650.31,5708.417,369.73053,1999.5598,-2675.7385,67650.15,,,,,,1804.7129,0.0195083016872406,26199.33345913887,1950000,0.11328125,0.005859375,0.0,0.06789264,0.09777808,5.35026e-05,5720.6265,0.06783914,0.0,3.062515,3.062515,0.1,1.0,0.0032038686,0.38575697,5759.2764,1.0,949964.0,60.92780063870058,5321.76813679446,100.0,1.86549711227417,175.31897613405997
3.1343334e-05,0.0,,,,,,,1738.0114,7771.1123,5708.383,382.54138,4352.272,-1713.2756,81497.67,,,,,,1738.1508,0.01943753638267517,26296.52114701271,1955000,0.078125,0.0035807292,0.0,0.13944282,0.030390978,3.1343334e-05,5721.8945,0.13941148,0.0,5.8206615,5.8206615,0.1,1.0,0.0042952625,0.445194,5768.075,1.0,954964.0,60.94826635841421,4977.811753693165,100.0,1.8967175483703613,163.77902410608152
3.7189264e-05,0.0,,,,,,,3258.375,7945.8354,5743.957,2139.248,5683.4375,-5714.0894,112891.53,,,,,,3258.4402,0.019547650957107542,26394.259407758713,1960000,0.08984375,0.0047200522,0.0,0.06525303,0.041257024,3.7189264e-05,5761.2393,0.06521584,0.0,4.1406107,4.1406107,0.1,1.0,0.0027160286,0.32348186,5947.032,1.0,959964.0,60.937906393180654,5149.746266064329,100.0,1.8607940673828125,169.54753465624853
3.2006938e-05,0.0,,,,,,,3743.6724,9579.623,5727.7065,1504.4196,3293.375,-1714.6448,98142.25,,,,,,3743.8052,0.01939767279624939,26491.247776269913,1965000,0.0859375,0.0035807292,0.0,0.13285308,0.028747082,3.2006938e-05,5747.5913,0.13282107,0.0,3.114559,3.114559,0.1,1.0,0.0024071557,0.41014028,5749.3066,0.0,964950.0,0.8598909245595093,2357.980228825315,100.0,1.8693766593933105,75.88203598867487
2.5007428e-05,0.0,,,,,,,4856.1143,9968.805,5654.7983,1576.0264,5485.0156,-12320.35,180681.16,,,,,,4856.233,0.019440379571914673,26588.449679851532,1970000,0.0859375,0.0037434897,0.0,0.11852699,0.019184709,2.5007428e-05,5671.0405,0.11850198,0.0,4.3774734,4.3774734,0.1,1.0,0.0036604283,0.39023727,5685.9424,1.0,969950.0,60.89794134736708,4533.135626652008,100.0,1.8918328285217285,148.8598616013084
5.473996e-05,0.0,,,,,,,1847.0769,8938.773,5802.206,1705.0901,2151.228,-3101.564,59946.96,,,,,,1847.1393,0.019583186864852907,26686.36561870575,1975000,0.12109375,0.005859375,0.0,0.062335357,0.06289792,5.473996e-05,5816.172,0.062280618,0.0,3.2488985,3.2488985,0.1,1.0,0.0024738628,0.43305093,5688.077,1.0,974950.0,60.94584195230619,4582.400790141943,100.0,1.8826332092285156,150.51273868472902
5.5680168e-05,0.0,,,,,,,1869.4414,8547.889,5567.3047,1443.9656,5387.5024,-3046.3083,86955.74,,,,,,1869.5764,0.019438010931015014,26783.555678367615,1980000,0.16796875,0.008138021,0.0,0.13502733,0.02780521,5.5680168e-05,5581.5903,0.13497165,0.0,4.92339,4.92339,0.1,1.0,0.0033059434,0.40361094,5719.5264,1.0,979950.0,60.89732108018002,4451.330830321501,100.0,1.8761744499206543,146.11525946076728
3.3589662e-05,0.0,,,,,,,1821.181,8037.3125,5573.412,1212.29,3039.5073,-2625.3428,54278.688,,,,,,1821.3,0.019492691040039062,26881.0191385746,1985000,0.08984375,0.004231771,0.0,0.11898797,0.03338957,3.3589662e-05,5586.5664,0.11895438,0.0,3.4329333,3.4329333,0.1,1.0,0.0026146853,0.3925018,5732.882,1.0,984950.0,60.905651265439325,4574.599586117227,100.0,1.8901913166046143,150.25100340482527
2.3319793e-05,0.0,,,,,,,1679.3628,8383.686,5640.9824,1113.1146,1415.3119,-4104.748,59420.25,,,,,,1679.4465,0.019406616449356078,26978.052226305008,1990000,0.1171875,0.0055338545,0.0,0.08371881,0.023040056,2.3319793e-05,5652.425,0.083695486,0.0,3.121181,3.121181,0.1,1.0,0.0025034111,0.2997853,5840.34,1.0,989950.0,60.963228842073015,4064.8621527164028,100.0,1.8848810195922852,133.1489933322922
4.4842873e-05,0.0,,,,,,,1757.0518,8003.4043,5425.213,58.229412,1994.0913,-2554.0667,55828.97,,,,,,1757.1506,0.01951290764808655,27075.616769075394,1995000,0.1328125,0.0060221357,0.0,0.09887395,0.038008332,4.4842873e-05,5444.211,0.098829105,0.0,4.154932,4.154932,0.1,1.0,0.0029866435,0.47281143,5484.586,0.0,994950.0,10.901159147427537,2410.0322109984513,100.0,1.870591163635254,77.6284125839372
3.668693e-05,0.0,,,,,,,1385.3071,7589.617,5385.0737,-140.29497,1306.0032,-4081.8047,56424.824,,,,,,1385.4233,0.01946494550704956,27172.94150185585,2000000,0.12109375,0.0060221357,0.0,0.116265744,0.03308344,3.668693e-05,5400.3794,0.11622906,0.0,3.389078,3.389078,0.1,1.0,0.028121857,0.42198905,5465.1665,1.0,999950.0,60.939357068930505,4045.250631751741,100.0,1.9117646217346191,132.49101452379531
