training/actor/actor_loss,training/actor/bound_loss,training/actor/mse,training/actor/q,training/actor/q_loss,training/alpha/current_vs_historical_ratio,training/alpha/historical_avg_loss,training/alpha/max_alpha_bound,training/alpha/min_alpha_bound,training/alpha/valid_count,training/alpha_weight,training/critic/critic_loss,training/critic/q_max,training/critic/q_mean,training/critic/q_min,training/grad/max,training/grad/min,training/grad/norm,training/meanflow/consistency_loss,training/meanflow/flow_loss,training/meanflow/mean_flow_loss,training/metrics/actor_learning_rate,training/metrics/critic_learning_rate,training/total_loss,time/epoch_time,time/total_time,step,exploration/total.timesteps,exploration/episode.final_reward,exploration/episode.return,exploration/episode.length,exploration/episode.duration,exploration/episode.normalized_return
-0.3801117,0.0,0.6680316,0.3801117,-0.3801117,1.0,0.0,100.0,1.0,0,10.0,2.5135217,3.8394961,0.4164592,-3.5976086,23.952894,-22.743435,371.19025,0.114970766,1.1233623,1.1233623,0.0,0.0003,13.367033,0.00783005108833313,39.15025997161865,0,,,,,,
20.726032,0.049236152,0.36548266,-20.676796,20.676796,60120830.0,0.0,100.0,1.0,2,10.0,0.24717051,0.57610685,-20.71485,-24.796328,20.281748,-18.025822,439.6943,0.07206183,0.6012083,0.6012083,1e-05,0.0003,26.985287,0.021871064233779908,148.50558638572693,5000,,,,,,
37.00852,0.03168478,0.31885585,-36.976833,36.976833,59526892.0,0.0,100.0,1.0,4,10.0,0.3386342,-0.17604724,-36.995117,-41.486694,30.75905,-24.317266,448.5617,0.07997031,0.5952689,0.5952689,2e-05,0.0003,43.299843,0.0037054887771606447,167.033034324646,10000,,,,,,
47.25955,0.019649131,0.37647,-47.2399,47.2399,73203736.0,0.0,100.0,1.0,7,10.0,0.69148624,0.25036407,-47.279774,-55.316284,16.264204,-16.772,429.32574,0.10355468,0.73203737,0.73203737,3e-05,0.0003,55.271408,0.00373364953994751,185.70128560066223,15000,,,,,,
57.48958,0.04189945,0.352844,-57.447678,57.447678,58965310.0,0.0,100.0,1.0,9,10.0,0.29786468,0.3499173,-57.47526,-66.24578,7.4860663,-7.5634074,276.4982,0.07674796,0.58965313,0.58965313,4e-05,0.0003,63.68397,0.0036387327671051025,203.8949534893036,20000,,,,,,
60.929447,0.025903828,0.36671966,-60.90354,60.90354,2.8250096,0.20787907,100.0,1.0,12,10.0,1.1002147,-0.290723,-61.043148,-74.24984,7.5904884,-6.8209357,266.69714,0.07034074,0.58726037,0.58726037,5e-05,0.0003,67.90227,0.0037233192443847656,222.5115532875061,25000,,,,,,
65.95105,0.009413393,0.29520303,-65.941635,65.941635,1.7756963,0.35298866,100.0,1.0,14,10.0,0.45805758,-1.3124932,-65.97591,-80.84012,6.8846745,-5.551875,208.74423,0.07322827,0.62680066,0.62680066,6e-05,0.0003,72.67712,0.003637914514541626,240.7011296749115,30000,,,,,,
66.67329,0.018989827,0.3571033,-66.6543,66.6543,1.3381151,0.5083921,100.0,1.0,17,10.0,0.40997934,0.38216776,-66.67377,-85.30899,3.9841323,-6.939043,199.0448,0.08765117,0.6802871,0.6802871,6.9999995e-05,0.0003,73.88614,0.0037053640365600584,259.2279589176178,35000,,,,,,
68.24898,0.016816128,0.3179102,-68.23216,68.23216,1.0823472,0.61444885,100.0,1.0,19,10.0,0.5245813,0.37099144,-68.30492,-88.78621,3.529648,-4.793432,192.93765,0.07151848,0.66504693,0.66504693,8e-05,0.0003,75.42403,0.0037093740463256834,277.7748324871063,40000,,,,,,
71.650116,0.020762738,0.30684152,-71.62936,71.62936,0.8322448,0.6427199,100.0,1.0,20,10.0,0.49945104,-0.018741772,-71.68897,-92.12525,2.9068093,-3.4756548,153.42484,0.07115483,0.5349003,0.5349003,8.9999994e-05,0.0003,77.498566,0.0036636524200439453,296.0930984020233,45000,,,,,,
70.10643,0.01501579,0.31604677,-70.091415,70.091415,0.95043164,0.64351076,100.0,1.0,20,10.0,0.7336956,0.6699564,-70.14009,-94.28078,2.7079828,-4.0063214,144.95956,0.07802988,0.611613,0.611613,1e-04,0.0003,76.95625,0.00370940728187561,314.64013934135437,50000,,,,,,
71.72086,0.011736529,0.2568,-71.70913,71.70913,0.82681847,0.645489,100.0,1.0,20,10.0,1.138998,-0.21197617,-71.77592,-95.30075,3.9008982,-2.856894,140.78491,0.056646388,0.5337022,0.5337022,9.999385e-05,0.0003,78.196884,0.0037092268466949463,333.18627762794495,55000,,,,,,
71.71274,0.021746801,0.27518752,-71.690994,71.690994,0.9547465,0.6464215,100.0,1.0,20,10.0,0.44609103,0.39811838,-71.75314,-98.06102,3.3920197,-3.0371706,125.22495,0.05719666,0.61716866,0.61716866,9.99754e-05,0.0003,78.33051,0.0036559749603271483,351.46615624427795,60000,,,,,,
71.3389,0.006420084,0.2811988,-71.33248,71.33248,0.84523684,0.6390939,100.0,1.0,20,10.0,0.9410845,0.49692333,-71.36255,-99.00864,1.9614029,-2.4875383,154.97678,0.0741128,0.5401857,0.5401857,9.994465e-05,0.0003,77.68184,0.003709282112121582,370.0125710964203,65000,,,,,,
70.786934,0.00832284,0.28277516,-70.77861,70.77861,0.7921603,0.635534,100.0,1.0,20,10.0,0.6790738,0.21764484,-70.7829,-98.96546,3.247788,-4.0235357,151.15189,0.0671685,0.5034448,0.5034448,9.990162e-05,0.0003,76.50046,0.003712009620666504,388.5726237297058,70000,,,,,,
73.83189,0.014013219,0.3218864,-73.81787,73.81787,1.0264668,0.61007684,100.0,1.0,20,10.0,3.0969996,0.2529623,-73.849945,-99.564964,3.4672263,-4.4275107,186.54024,0.07114754,0.6262237,0.6262237,9.984629e-05,0.0003,83.191124,0.0036605517387390137,406.87538599967957,75000,,,,,,
71.931755,0.010627194,0.30328143,-71.92113,71.92113,0.9217272,0.6003022,100.0,1.0,20,10.0,0.67247236,0.1480841,-71.964325,-99.48287,2.0711887,-2.3186765,110.09792,0.06864816,0.55331486,0.55331486,9.977873e-05,0.0003,78.137375,0.0037498109817504883,425.62444496154785,80000,,,,,,
70.19897,0.008707643,0.27549207,-70.19026,70.19026,0.9654995,0.5872857,100.0,1.0,20,10.0,0.31424737,0.30971503,-70.20661,-98.86783,2.3345551,-2.0288522,110.25139,0.07950325,0.56702405,0.56702405,9.969891e-05,0.0003,76.18346,0.0036426746368408204,443.8378221988678,85000,,,,,,
72.90194,0.0070854574,0.2646259,-72.89485,72.89485,0.98149526,0.57963854,100.0,1.0,20,10.0,0.34731406,0.24120483,-72.912476,-99.89626,2.5423193,-1.7915293,95.77046,0.07481998,0.5689125,0.5689125,9.9606885e-05,0.0003,78.93838,0.003720675802230835,462.441205739975,90000,,,,,,
68.179504,0.007667709,0.42500597,-68.17184,68.17184,1.073825,0.5730589,100.0,1.0,20,10.0,0.59338474,-0.07876404,-68.55977,-99.5236,2.0509844,-2.1347272,119.7318,0.06487171,0.615365,0.615365,9.950265e-05,0.0003,74.92654,0.0036941714763641356,480.9120674133301,95000,,,,,,
72.94271,0.010749909,0.2736709,-72.93196,72.93196,1.0187519,0.57369226,100.0,1.0,20,10.0,0.4645841,-3.1229126,-72.99332,-100.14402,1.9511404,-2.6825643,112.46509,0.07470329,0.58445007,0.58445007,9.938626e-05,0.0003,79.25179,0.0036500372886657715,499.1622574329376,100000,,,,,,
67.291084,0.009049984,0.27825105,-67.282036,67.282036,0.8815462,0.5680887,100.0,1.0,20,10.0,0.41113275,0.19746377,-67.29068,-100.12817,3.4638348,-1.658061,101.07349,0.078455776,0.50079644,0.50079644,9.9257726e-05,0.0003,72.71018,0.01491101279258728,573.7173309326172,105000,,,,,,
69.375404,0.02256312,0.555281,-69.352844,69.352844,1.6095086,0.57793945,100.0,1.0,20,10.0,0.3790654,0.019898936,-69.387405,-99.96047,3.4019272,-3.5050302,120.210495,0.13298166,0.93019855,0.93019855,9.91171e-05,0.0003,79.05646,0.0036996238231658935,592.2154541015625,110000,,,,,,
67.585075,0.012167426,0.3018307,-67.57291,67.57291,0.8369371,0.6034811,100.0,1.0,20,10.0,0.43642038,0.2488636,-67.8217,-100.02706,2.0077403,-2.146543,104.60479,0.070760265,0.50507575,0.50507575,9.896442e-05,0.0003,73.07225,0.0036979445934295654,610.705180644989,115000,,,,,,
73.02531,0.010303521,0.35011607,-73.015,73.015,0.7986805,0.59639746,100.0,1.0,20,10.0,0.45367128,0.18025833,-73.214554,-99.97655,1.2698299,-1.7063274,94.55349,0.06769447,0.476331,0.476331,9.8799705e-05,0.0003,78.242294,0.003648876428604126,628.9495670795441,120000,,,,,,
70.03837,0.014885741,0.35796443,-70.02348,70.02348,1.0823066,0.591022,100.0,1.0,20,10.0,0.50347495,-0.4956498,-70.32438,-100.221504,2.1796176,-1.5101141,111.71048,0.0576977,0.63966703,0.63966703,9.8623015e-05,0.0003,76.93851,0.0036967603206634523,647.4333727359772,125000,,,,,,
68.475876,0.005265536,0.3372832,-68.47061,68.47061,0.9097477,0.59824175,100.0,1.0,20,10.0,0.3541145,0.026978403,-68.668236,-99.79847,2.54169,-2.2241166,104.65048,0.057479784,0.54424906,0.54424906,9.843441e-05,0.0003,74.27248,0.0037081017494201662,665.9738855361938,130000,,,,,,
73.95363,0.0087745795,0.2793316,-73.944855,73.944855,0.8815907,0.5896652,100.0,1.0,20,10.0,0.46910805,-12.0970125,-73.95685,-100.67828,2.2232332,-1.9087645,104.141525,0.06436011,0.51984334,0.51984334,9.823391e-05,0.0003,79.62117,0.0036696410655975343,684.3220953941345,135000,,,,,,
73.34516,0.008703684,0.34738398,-73.33646,73.33646,0.90828836,0.5864381,100.0,1.0,20,10.0,0.2767042,0.53200734,-73.57329,-99.99491,2.816072,-2.697041,113.573166,0.05457297,0.53265494,0.53265494,9.8021614e-05,0.0003,78.94841,0.0037023926258087157,702.834062576294,140000,,,,,,
73.49797,0.0084639415,0.2695417,-73.48951,73.48951,0.8317051,0.5961346,100.0,1.0,20,10.0,0.21282831,0.36174262,-73.52832,-101.241,1.8039892,-1.570331,82.2945,0.058541536,0.49580818,0.49580818,9.779754e-05,0.0003,78.668884,0.0037027787208557127,721.3479604721069,145000,,,,,,
70.30195,0.006616294,0.2954149,-70.295334,70.295334,0.90538853,0.5867286,100.0,1.0,20,10.0,0.43120646,-3.0786104,-70.46036,-100.12564,1.9637613,-1.405671,99.05528,0.05729395,0.53121734,0.53121734,9.756177e-05,0.0003,76.04533,0.0036496488571166994,739.5962088108063,150000,,,,,,
72.06322,0.0073679625,0.2836213,-72.05585,72.05585,0.9576401,0.542746,100.0,1.0,20,10.0,0.24763097,0.4950096,-72.17158,-100.16179,2.9438875,-2.2121096,94.901794,0.06905829,0.51975536,0.51975536,9.7314376e-05,0.0003,77.5084,0.003704391622543335,758.118171453476,155000,,,,,,
67.06556,0.008384021,0.24047056,-67.057175,67.057175,0.87916356,0.5428135,100.0,1.0,20,10.0,0.41196445,0.1424463,-67.07628,-99.97259,2.2243447,-1.7260903,108.232025,0.068043426,0.47722182,0.47722182,9.7055396e-05,0.0003,72.24974,0.0036995904445648194,776.6161274909973,160000,,,,,,
69.83346,0.0073222537,0.30011228,-69.82613,69.82613,1.1488327,0.5436593,100.0,1.0,20,10.0,0.262119,-5.8293476,-69.91978,-100.0258,2.1862395,-2.0541592,109.583374,0.063621536,0.6245736,0.6245736,9.6784934e-05,0.0003,76.34131,0.00367180495262146,794.9751570224762,165000,,,,,,
69.14776,0.006153864,0.2557822,-69.1416,69.1416,1.0729284,0.54235464,100.0,1.0,20,10.0,0.27340144,0.2950527,-69.15939,-99.965,2.4233615,-2.2801683,87.80719,0.06240752,0.58190775,0.58190775,9.6503034e-05,0.0003,75.240234,0.0037157079219818116,813.5537011623383,170000,,,,,,
72.787926,0.012120851,0.26101825,-72.7758,72.7758,1.2729058,0.54348004,100.0,1.0,20,10.0,0.3418339,-1.4076695,-72.89508,-99.986946,2.535689,-2.214869,100.32324,0.05517835,0.6917989,0.6917989,9.62098e-05,0.0003,80.04775,0.0037202903270721435,832.155157327652,175000,,,,,,
67.515465,0.009837281,0.42399502,-67.50563,67.50563,1.1184374,0.55276716,100.0,1.0,20,10.0,0.31244862,0.28996065,-67.85698,-99.83069,2.109207,-2.0138419,80.990326,0.063729346,0.61823547,0.61823547,9.59053e-05,0.0003,74.01027,0.003656169366836548,850.4360082149506,180000,,,,,,
67.94235,0.0042860173,0.26661626,-67.938065,67.938065,0.9270302,0.55761164,100.0,1.0,20,10.0,0.2780282,0.14958476,-67.988,-99.98547,2.9759874,-2.6502137,81.23488,0.052813083,0.51692283,0.51692283,9.558961e-05,0.0003,73.38961,0.0037052316665649415,868.9621770381927,185000,,,,,,
71.5891,0.005269889,0.2690522,-71.58383,71.58383,0.7798063,0.56053084,100.0,1.0,20,10.0,0.2106995,-0.29447162,-71.5916,-99.860405,1.9316689,-1.9297689,80.0997,0.0666928,0.43710548,0.43710548,9.526282e-05,0.0003,76.17086,0.00371288423538208,887.5266025066376,190000,,,,,,
69.50675,0.0065841256,0.31314436,-69.50017,69.50017,0.94916105,0.5591641,100.0,1.0,20,10.0,0.29743737,0.19380178,-69.69672,-99.8798,3.1222887,-2.2434065,94.924805,0.054336134,0.5307368,0.5307368,9.4925024e-05,0.0003,75.11156,0.0037098099708557128,906.0756561756134,195000,,,,,,
70.80146,0.0066841324,0.26468092,-70.79478,70.79478,0.9552807,0.55987424,100.0,1.0,20,10.0,0.453709,-0.67355275,-70.83168,-100.19363,2.7911987,-2.7281482,119.76047,0.05936992,0.53483707,0.53483707,9.457632e-05,0.0003,76.603546,0.0036408294677734375,924.2798075675964,200000,,,,,,
71.19032,0.0045944713,0.24577759,-71.18573,71.18573,0.9103251,0.56869334,100.0,1.0,20,10.0,0.22736548,-0.33609968,-71.17126,-99.60115,1.751787,-3.2680688,94.53073,0.062812574,0.51769584,0.51769584,9.42168e-05,0.0003,76.59464,0.013197043561935426,990.265029668808,205000,,,,,,
72.54319,0.003398078,0.23771074,-72.539795,72.539795,0.8538544,0.5616247,100.0,1.0,20,10.0,0.26882797,0.38402236,-72.58504,-99.77439,2.7562819,-2.4474666,97.31517,0.03838486,0.47954574,0.47954574,9.384654e-05,0.0003,77.607475,0.003724940872192383,1008.8897380828857,210000,,,,,,
70.169235,0.0068295384,0.27271146,-70.16241,70.16241,0.8826328,0.56565493,100.0,1.0,20,10.0,0.26904437,0.39689294,-70.19519,-99.188835,2.6566265,-2.4508526,87.204865,0.05041267,0.4992656,0.4992656,9.346567e-05,0.0003,75.43093,0.003658080768585205,1027.1801459789276,215000,,,,,,
70.8482,0.001837831,0.23165315,-70.84636,70.84636,0.8712955,0.55733246,100.0,1.0,20,10.0,0.26713753,0.16788374,-70.87916,-99.63723,3.6032615,-2.27421,99.84479,0.059448443,0.48560125,0.48560125,9.30743e-05,0.0003,75.971344,0.003702146530151367,1045.6908829212189,220000,,,,,,
67.21845,0.007929029,0.36036855,-67.210526,67.210526,0.9922143,0.5363881,100.0,1.0,20,10.0,0.2178062,0.60688156,-67.50344,-99.57634,1.8657159,-1.6459143,82.70208,0.06347279,0.53221196,0.53221196,9.267249e-05,0.0003,72.75838,0.0036867979049682617,1064.1248769760132,225000,,,,,,
72.24108,0.00637219,0.23883262,-72.23471,72.23471,0.89035267,0.5283797,100.0,1.0,20,10.0,0.16573103,0.5488074,-72.26044,-99.77321,1.9804465,-2.5037937,81.57229,0.042155474,0.47044426,0.47044426,9.2260394e-05,0.0003,77.11126,0.0036450392246246337,1082.3500771522522,230000,,,,,,
68.92315,0.0076063676,0.26371932,-68.91554,68.91554,1.125472,0.5313305,100.0,1.0,20,10.0,0.27807587,0.01435335,-68.93959,-99.98136,3.4031963,-2.5748065,95.95099,0.05974517,0.59799767,0.59799767,9.183811e-05,0.0003,75.1812,0.003688161373138428,1100.7908878326416,235000,,,,,,
70.10098,0.003900232,0.27593428,-70.097084,70.097084,0.98435587,0.54219085,100.0,1.0,20,10.0,0.19985332,0.57606536,-70.25112,-99.47434,3.078486,-2.382399,85.95625,0.06754653,0.53370875,0.53370875,9.1405775e-05,0.0003,75.637924,0.0037024646282196043,1119.3032195568085,240000,,,,,,
68.2266,0.004595244,0.34513247,-68.22201,68.22201,1.0001761,0.53437775,100.0,1.0,20,10.0,0.2685478,-0.12106928,-68.46324,-99.363754,1.8791775,-1.9255599,89.1707,0.07068982,0.53447187,0.53447187,9.0963455e-05,0.0003,73.83987,0.003703128719329834,1137.818866968155,245000,,,,,,
68.05906,0.010605161,0.23253876,-68.048454,68.048454,0.9439987,0.5403696,100.0,1.0,20,10.0,0.4077217,-0.33170366,-68.08294,-99.66261,2.4183052,-2.8390105,102.20558,0.07418324,0.5101082,0.5101082,9.051133e-05,0.0003,73.56786,0.003647004747390747,1156.0538942813873,250000,,,,,,
69.889336,0.0057358295,0.23609844,-69.8836,69.8836,0.8872927,0.5283651,100.0,1.0,20,10.0,0.19301608,0.42244068,-69.916824,-99.505356,3.019101,-2.904874,72.10394,0.05492478,0.46881446,0.46881446,9.004948e-05,0.0003,74.77049,0.003722070598602295,1174.6642515659332,255000,,,,,,
69.23146,0.01389703,0.39329696,-69.21756,69.21756,1.2227572,0.5277651,100.0,1.0,20,10.0,0.42417943,-1.7663171,-69.574196,-99.5322,2.5303574,-2.207235,99.27656,0.07029624,0.6453286,0.6453286,8.9578054e-05,0.0003,76.108925,0.0037023587703704833,1193.1760501861572,260000,,,,,,
71.49103,0.0049943076,0.23258923,-71.48603,71.48603,0.8493766,0.53503,100.0,1.0,20,10.0,0.1908848,0.3829481,-71.495865,-99.85405,2.1350873,-3.0767608,84.306885,0.053907923,0.45444196,0.45444196,8.909717e-05,0.0003,76.22633,0.0036518120765686034,1211.4351217746735,265000,,,,,,
68.66413,0.008080689,0.38367265,-68.65605,68.65605,0.9463554,0.5434677,100.0,1.0,20,10.0,0.23623726,0.19981582,-69.00525,-100.05761,1.8071934,-1.9267592,84.755615,0.06305837,0.5143136,0.5143136,8.860696e-05,0.0003,74.0435,0.003700740957260132,1229.9388301372528,270000,,,,,,
70.80934,0.010648198,0.38449705,-70.79869,70.79869,1.2212286,0.54222935,100.0,1.0,20,10.0,0.21776588,0.0217136,-71.0818,-100.08834,3.5369341,-2.8548613,102.954285,0.062234085,0.66218597,0.66218597,8.810758e-05,0.0003,77.648964,0.003701318073272705,1248.4454238414764,275000,,,,,,
69.770706,0.008085117,0.3717418,-69.76262,69.76262,1.1295865,0.5439031,100.0,1.0,20,10.0,0.18267356,0.2520609,-70.10153,-99.84944,1.6580659,-2.2352586,72.17583,0.04672405,0.6143856,0.6143856,8.759914e-05,0.0003,76.09723,0.0036504372596740725,1266.6976144313812,280000,,,,,,
68.58199,0.0027840047,0.25902367,-68.57921,68.57921,0.81905097,0.5423268,100.0,1.0,20,10.0,0.20218703,0.015633672,-68.67733,-100.02374,1.8225367,-2.2160366,84.61193,0.056997906,0.4441933,0.4441933,8.708179e-05,0.0003,73.22611,0.003718857526779175,1285.2919063568115,285000,,,,,,
69.935234,0.0029454888,0.2651566,-69.93229,69.93229,0.825097,0.55338806,100.0,1.0,20,10.0,0.24506395,-7.334937,-69.9527,-99.956215,1.5548924,-3.167161,76.37218,0.06453175,0.45659885,0.45659885,8.655565e-05,0.0003,74.746284,0.0037058589458465576,1303.8212056159973,290000,,,,,,
65.35405,0.0074233133,0.33359462,-65.34663,65.34663,0.87610143,0.5695099,100.0,1.0,20,10.0,0.19398218,0.54867977,-65.57475,-100.02475,1.9191563,-1.5810391,67.86872,0.0537699,0.49894848,0.49894848,8.602091e-05,0.0003,70.53752,0.0036414995670318606,1322.028707742691,295000,,,,,,
68.820786,0.009537935,0.31375742,-68.81125,68.81125,1.085974,0.5666634,100.0,1.0,20,10.0,0.35261837,0.23585254,-69.060135,-100.00352,1.9480526,-2.2910929,89.67639,0.059402462,0.61538166,0.61538166,8.547767e-05,0.0003,75.32722,0.0036963615894317625,1340.5105204582214,300000,,,,,,
62.007294,0.008774336,0.4125619,-61.99852,61.99852,1.3059888,0.5725293,100.0,1.0,20,10.0,0.83719265,-1.2490228,-62.446243,-99.060295,3.1851213,-3.175163,93.60602,0.0644841,0.7477169,0.7477169,8.49261e-05,0.0003,70.321655,0.012983142757415772,1405.4262392520905,305000,,,,,,
60.24622,0.008440651,0.30071786,-60.237778,60.237778,1.0978531,0.58100307,100.0,1.0,20,10.0,0.4970532,0.026663288,-60.43621,-99.38341,3.2294145,-5.297548,92.64987,0.06362127,0.637856,0.637856,8.436636e-05,0.0003,67.12183,0.0036978928565979,1423.9157083034515,310000,,,,,,
62.972153,0.006539831,0.3128277,-62.965614,62.965614,1.0093442,0.5913864,100.0,1.0,20,10.0,0.21105832,0.1452495,-63.13662,-99.17804,2.618694,-2.22592,86.01883,0.058743715,0.5969124,0.5969124,8.3798586e-05,0.0003,69.152336,0.0036481664657592775,1442.156545162201,315000,,,,,,
63.593033,0.0038436847,0.25096917,-63.589188,63.589188,0.8741788,0.5858535,100.0,1.0,20,10.0,0.2708146,0.2771747,-63.638992,-99.1396,3.702287,-3.4367445,82.277756,0.054036416,0.51214075,0.51214075,8.322294e-05,0.0003,68.98525,0.0036985466480255126,1460.6492829322815,320000,,,,,,
64.412476,0.010727474,0.41098922,-64.40175,64.40175,1.0036684,0.59725255,100.0,1.0,20,10.0,0.19056107,0.23151557,-64.7287,-99.18845,2.4303727,-5.5540195,84.453384,0.059082933,0.59944355,0.59944355,8.263957e-05,0.0003,70.59747,0.0037092419147491456,1479.195496559143,325000,,,,,,
68.801216,0.0071143615,0.29492274,-68.794106,68.794106,0.9844716,0.5805549,100.0,1.0,20,10.0,0.17125824,-0.14283364,-68.97908,-99.81773,1.7725575,-3.3234231,76.99959,0.060054664,0.5715398,0.5715398,8.2048646e-05,0.0003,74.687874,0.003642680597305298,1497.4089028835297,330000,,,,,,
67.9721,0.0020577947,0.22664875,-67.97004,67.97004,0.9890698,0.5787504,100.0,1.0,20,10.0,0.20955305,0.5239831,-67.97994,-99.19002,3.602946,-4.684911,84.28377,0.052470174,0.57242453,0.57242453,8.1450344e-05,0.0003,73.9059,0.00371402268409729,1515.9790205955505,335000,,,,,,
67.218445,0.0029801936,0.25596595,-67.21546,67.21546,0.7168468,0.5651427,100.0,1.0,20,10.0,0.22833708,0.10484457,-67.24532,-99.39945,1.6032933,-2.1400843,80.055664,0.044241026,0.40512073,0.40512073,8.0844795e-05,0.0003,71.49799,0.0037096595287323,1534.5273218154907,340000,,,,,,
68.575294,0.005350015,0.32916844,-68.56995,68.56995,1.0721505,0.5419383,100.0,1.0,20,10.0,0.4049787,0.12221062,-68.83232,-99.18803,2.8264837,-2.355074,92.71303,0.05199274,0.5810394,0.5810394,8.0232174e-05,0.0003,74.790665,0.0036417356491088865,1552.736004114151,345000,,,,,,
68.53709,0.003409945,0.22859187,-68.533676,68.533676,0.83099324,0.53114647,100.0,1.0,20,10.0,0.16673878,0.16215047,-68.530174,-99.18158,3.1474545,-3.6494312,78.25313,0.050587267,0.44137913,0.44137913,7.961267e-05,0.0003,73.117615,0.0037076508045196534,1571.2742624282837,350000,,,,,,
70.47089,0.041816883,0.43233547,-70.42907,70.42907,1.4396614,0.5396763,100.0,1.0,20,10.0,0.19233021,-0.3848086,-70.41761,-99.26304,2.7600477,-2.1294277,106.36385,0.10911698,0.77695113,0.77695113,7.898643e-05,0.0003,78.432724,0.0036983869552612305,1589.7662012577057,355000,,,,,,
69.44882,0.029411454,0.41516584,-69.41941,69.41941,1.3706801,0.56370085,100.0,1.0,20,10.0,0.34195304,0.29108858,-69.4843,-98.90769,3.0475726,-2.330715,129.20201,0.107663244,0.7726535,0.7726535,7.835362e-05,0.0003,77.5173,0.003643774700164795,1607.9850826263428,360000,,,,,,
64.8519,0.015881345,0.39500478,-64.83601,64.83601,1.4176981,0.593026,100.0,1.0,20,10.0,0.26421654,0.16476429,-64.85222,-98.9697,2.9881496,-1.9838018,140.43117,0.08841421,0.8407318,0.8407318,7.7714445e-05,0.0003,73.52343,0.0037060787200927734,1626.5154836177826,365000,,,,,,
69.800964,0.014513699,0.39039272,-69.78645,69.78645,1.2911267,0.6186561,100.0,1.0,20,10.0,0.20613728,0.5985167,-69.81973,-98.819214,3.2438388,-2.7480397,110.044785,0.097154975,0.7987634,0.7987634,7.706907e-05,0.0003,77.994736,0.0036999844074249266,1645.0154099464417,370000,,,,,,
68.96634,0.013898838,0.3275907,-68.95244,68.95244,0.9946145,0.64449,100.0,1.0,20,10.0,0.20321292,-0.01598768,-69.02617,-98.721695,1.372095,-2.474153,99.59372,0.08022337,0.6410191,0.6410191,7.641764e-05,0.0003,75.57975,0.003676368284225464,1663.3972551822662,375000,,,,,,
69.610886,0.017617282,0.33700264,-69.59327,69.59327,1.0998039,0.6789663,100.0,1.0,20,10.0,0.2431751,1.7830899,-69.66728,-98.8637,2.9045486,-4.7898426,115.15822,0.08570447,0.7467298,0.7467298,7.5760356e-05,0.0003,77.32136,0.0037038532733917238,1681.9165260791779,380000,,,,,,
69.747154,0.013694114,0.32145888,-69.73346,69.73346,1.1379446,0.7334596,100.0,1.0,20,10.0,0.22011857,0.03779702,-69.83119,-98.92464,3.1226873,-2.7291784,107.81597,0.07701629,0.83463633,0.83463633,7.50974e-05,0.0003,78.31363,0.0036974010467529296,1700.403535604477,385000,,,,,,
71.77436,0.016382396,0.34982094,-71.75798,71.75798,0.8834109,0.75488454,100.0,1.0,20,10.0,0.30757684,0.24191187,-71.79222,-99.07308,2.7763362,-2.2845826,111.06972,0.07378426,0.66687316,0.66687316,7.442894e-05,0.0003,78.75067,0.0037157915592193605,1718.9824976921082,390000,,,,,,
69.18771,0.010158576,0.35823643,-69.17755,69.17755,0.93442947,0.77676153,100.0,1.0,20,10.0,0.17518306,0.36622855,-69.199326,-99.13938,1.8249193,-2.0465193,93.5036,0.082278624,0.7258288,0.7258288,7.375519e-05,0.0003,76.621185,0.003642129135131836,1737.1931476593018,395000,,,,,,
68.159096,0.014950154,0.33396298,-68.14414,68.14414,0.8784991,0.7630386,100.0,1.0,20,10.0,0.24759518,0.4080944,-68.18938,-99.078735,2.4400496,-3.012694,101.90709,0.066761985,0.6703287,0.6703287,7.30763e-05,0.0003,75.10998,0.0037109858989715578,1755.7480809688568,400000,,,,,,
68.48798,0.01723563,0.35193485,-68.47075,68.47075,0.921218,0.7381772,100.0,1.0,20,10.0,0.38336498,0.19945763,-68.56721,-99.09222,3.3654332,-1.5214436,103.39772,0.09478974,0.6800221,0.6800221,7.239246e-05,0.0003,75.67157,0.018103750610351563,1846.266837835312,405000,,,,,,
70.046074,0.01130382,0.35415336,-70.03477,70.03477,1.1055933,0.7301559,100.0,1.0,20,10.0,0.17307553,0.0655027,-70.10814,-98.77353,2.0400734,-2.9554622,104.688644,0.07977546,0.80725545,0.80725545,7.170388e-05,0.0003,78.2917,0.003637794351577759,1864.4558131694794,410000,,,,,,
69.78567,0.009606374,0.3249777,-69.77606,69.77606,1.0029471,0.72177774,100.0,1.0,20,10.0,0.21545233,0.19443464,-69.78977,-98.8676,1.991547,-1.9159843,102.342834,0.07341811,0.72390485,0.72390485,7.101073e-05,0.0003,77.24017,0.0037126088619232177,1883.0188658237457,415000,,,,,,
70.18428,0.0152860815,0.31298724,-70.16899,70.16899,0.83174163,0.72498435,100.0,1.0,20,10.0,0.18675618,0.1276508,-70.25087,-99.17714,2.0253868,-2.8509872,107.79144,0.081634715,0.6029996,0.6029996,7.0313195e-05,0.0003,76.40104,0.003704838228225708,1901.5430612564087,420000,,,,,,
71.7008,0.00792817,0.3116049,-71.69287,71.69287,1.0141684,0.7001247,100.0,1.0,20,10.0,0.18019086,0.21825765,-71.754036,-98.9656,2.039105,-2.383724,89.65419,0.06554994,0.7100443,0.7100443,6.961148e-05,0.0003,78.98143,0.0036352123737335203,1919.7191271781921,425000,,,,,,
70.175255,0.012322696,0.32344612,-70.16293,70.16293,0.89971524,0.7001068,100.0,1.0,20,10.0,0.16109838,-0.00010587275,-70.270676,-118.42874,2.1115744,-1.9977529,96.62175,0.064095795,0.62989676,0.62989676,6.890576e-05,0.0003,76.635315,0.003708933210372925,1938.2638027668,430000,,,,,,
66.18107,0.006265976,0.28609633,-66.174805,66.174805,0.982813,0.6919447,100.0,1.0,20,10.0,0.2378942,0.19668613,-66.26582,-98.5854,2.582641,-2.236316,110.48386,0.082604125,0.6800523,0.6800523,6.8196256e-05,0.0003,73.21948,0.0037079029560089113,1956.8033215999603,435000,,,,,,
71.90834,0.01046897,0.27039796,-71.89787,71.89787,0.7595452,0.6846313,100.0,1.0,20,10.0,0.17965487,0.33155954,-71.925835,-98.96336,2.0962257,-1.779476,87.16109,0.06803201,0.52000844,0.52000844,6.748313e-05,0.0003,77.288086,0.003643241310119629,1975.0195326805115,440000,,,,,,
66.901924,0.0097550955,0.34753063,-66.892166,66.892166,0.92876273,0.68491095,100.0,1.0,20,10.0,0.21007009,-0.025131226,-66.993484,-98.76678,3.017117,-2.8674846,99.60611,0.067901015,0.6361198,0.6361198,6.67666e-05,0.0003,73.47319,0.003712637233734131,1993.582722902298,445000,,,,,,
68.93646,0.0085404385,0.29804006,-68.927925,68.927925,0.87774354,0.69536173,100.0,1.0,20,10.0,0.24029619,0.0012166649,-68.918785,-99.430336,2.307549,-1.8330885,92.1322,0.06170392,0.6103493,0.6103493,6.604685e-05,0.0003,75.28025,0.0037125851154327393,2012.1456525325775,450000,,,,,,
67.76147,0.012799138,0.38318908,-67.748665,67.748665,0.9969729,0.6871054,100.0,1.0,20,10.0,0.16269667,0.11174996,-67.99263,-98.6037,2.3861914,-1.8357432,91.25687,0.08314851,0.68502545,0.68502545,6.5324086e-05,0.0003,74.77442,0.003681046772003174,2030.5508902072906,455000,,,,,,
67.844795,0.012322541,0.39032,-67.83247,67.83247,1.1216884,0.6830737,100.0,1.0,20,10.0,0.16571683,0.17473026,-67.97201,-98.82443,2.2500424,-2.0689785,89.54463,0.0777016,0.7661958,0.7661958,6.4598484e-05,0.0003,75.67247,0.0037063201904296876,2049.082495212555,460000,,,,,,
66.68184,0.012452289,0.32992786,-66.66939,66.66939,0.9913476,0.69929767,100.0,1.0,20,10.0,0.24385333,0.2077346,-66.8,-98.937935,2.6831214,-3.9660594,101.10945,0.055940945,0.693247,0.693247,6.387027e-05,0.0003,73.85816,0.003697157049179077,2067.568284511566,465000,,,,,,
69.96198,0.006513704,0.33210155,-69.95547,69.95547,0.85499835,0.69888467,100.0,1.0,20,10.0,0.16006655,0.13702795,-70.12764,-98.83063,2.5640066,-3.3971167,93.62623,0.0613773,0.59754527,0.59754527,6.3139625e-05,0.0003,76.0975,0.003647914981842041,2085.807863473892,470000,,,,,,
68.28683,0.0091355555,0.2989681,-68.277695,68.277695,0.90816474,0.68908006,100.0,1.0,20,10.0,0.1891428,0.011486992,-68.361725,-131.56609,2.5276701,-2.1120663,90.298256,0.082391016,0.62579817,0.62579817,6.2406754e-05,0.0003,74.73395,0.003709505033493042,2104.355392217636,475000,,,,,,
69.30061,0.0068817423,0.3168139,-69.29373,69.29373,1.0059447,0.69444567,100.0,1.0,20,10.0,0.2458802,-3.762541,-69.41584,-99.52261,2.472751,-3.0857706,86.73314,0.05668082,0.698574,0.698574,6.167186e-05,0.0003,76.532234,0.0037034502029418947,2122.8726472854614,480000,,,,,,
68.93808,0.008190731,0.34970078,-68.929886,68.929886,0.9632738,0.7001236,100.0,1.0,20,10.0,0.14370865,0.36030316,-69.09358,-99.057724,2.433776,-1.5610592,90.6033,0.08636781,0.67441076,0.67441076,6.093515e-05,0.0003,75.8259,0.003655477809906006,2141.150040626526,485000,,,,,,
68.584694,0.00782233,0.32414138,-68.57687,68.57687,0.9725559,0.68537754,100.0,1.0,20,10.0,0.12901643,0.23993048,-68.71665,-98.80863,2.210078,-2.1839323,88.164764,0.07795036,0.6665679,0.6665679,6.0196806e-05,0.0003,75.37939,0.0037074913024902345,2159.68750166893,490000,,,,,,
66.536766,0.007864771,0.2706262,-66.5289,66.5289,0.83026177,0.6853232,100.0,1.0,20,10.0,0.18000656,0.24440584,-66.532646,-99.34313,1.4158431,-1.6733049,83.509964,0.07227294,0.5689976,0.5689976,5.945705e-05,0.0003,72.40675,0.0036431180477142335,2177.903095960617,495000,,,,,,
69.78587,0.009106638,0.32227165,-69.776764,69.776764,1.0384372,0.672349,100.0,1.0,20,10.0,0.14226723,0.10881886,-69.925476,-99.12416,1.6478701,-1.7069694,93.60354,0.0592613,0.6981922,0.6981922,5.8716072e-05,0.0003,76.91006,0.003703954267501831,2196.422871828079,500000,,,,,,
67.84875,0.008726769,0.35441542,-67.84002,67.84002,1.2460227,0.6660854,100.0,1.0,20,10.0,0.15959111,0.60177404,-68.052864,-98.8349,1.8157257,-1.9157467,99.48774,0.076802425,0.82995754,0.82995754,5.7974077e-05,0.0003,76.307915,0.01263878893852234,2259.6168205738068,505000,,,,,,
65.71682,0.008691423,0.3667465,-65.70813,65.70813,1.2064785,0.66134185,100.0,1.0,20,10.0,0.15847957,0.16426402,-65.90175,-98.71685,2.5659657,-2.449058,94.31993,0.068145014,0.7978947,0.7978947,5.7231267e-05,0.0003,73.85425,0.0036952853679656983,2278.093251466751,510000,,,,,,
68.07338,0.010559033,0.26823887,-68.06282,68.06282,1.0528125,0.67682904,100.0,1.0,20,10.0,0.14223625,0.23636135,-68.05681,-98.801544,3.3512003,-2.9884887,99.223495,0.061365575,0.712574,0.712574,5.6487854e-05,0.0003,75.341354,0.003654269790649414,2296.3646042346954,515000,,,,,,
68.68647,0.007288307,0.30762172,-68.679184,68.679184,0.95712084,0.675343,100.0,1.0,20,10.0,0.14086266,0.0039963424,-68.71959,-98.77688,1.4342461,-2.0274212,83.428314,0.08022047,0.64638484,0.64638484,5.574403e-05,0.0003,75.29118,0.0036959436416625978,2314.844326019287,520000,,,,,,
68.70355,0.009542711,0.3647951,-68.69401,68.69401,0.9804636,0.6728472,100.0,1.0,20,10.0,0.24150537,-0.017094702,-68.876465,-98.979645,2.8448956,-2.7429237,102.8553,0.066838905,0.6597022,0.6597022,5.5000004e-05,0.0003,75.54208,0.0037171891212463377,2333.4302756786346,525000,,,,,,
66.88402,0.009031935,0.37999398,-66.874985,66.874985,1.0419912,0.6764112,100.0,1.0,20,10.0,0.1455493,0.112527296,-67.066345,-98.68336,3.556479,-4.2858496,109.65444,0.06927352,0.7048145,0.7048145,5.4255972e-05,0.0003,74.077705,0.0036401372909545897,2351.6309661865234,530000,,,,,,
66.12479,0.0070820814,0.29828098,-66.11771,66.11771,1.0144587,0.6775701,100.0,1.0,20,10.0,0.14102273,-0.02506864,-66.23399,-98.881996,3.4076989,-2.229874,86.74324,0.07192093,0.68736684,0.68736684,5.3512147e-05,0.0003,73.13948,0.0037101593971252443,2370.1817715168,535000,,,,,,
70.80906,0.0061672083,0.30718395,-70.802895,70.802895,1.0678444,0.68170184,100.0,1.0,20,10.0,0.23618567,-0.043627188,-70.951454,-139.06802,2.7274168,-2.1025338,100.90787,0.06638114,0.72795147,0.72795147,5.276873e-05,0.0003,78.32476,0.003693500852584839,2388.6492800712585,540000,,,,,,
68.35896,0.0075635156,0.35219675,-68.3514,68.3514,0.93742293,0.67790496,100.0,1.0,20,10.0,0.14052993,-9.101227,-68.52818,-98.828125,2.7959905,-2.593434,92.855515,0.08444458,0.6354836,0.6354836,5.2025924e-05,0.0003,74.85433,0.0036404839992523193,2406.8517043590546,545000,,,,,,
66.35303,0.0073570483,0.2860026,-66.34567,66.34567,0.8121268,0.66739064,100.0,1.0,20,10.0,0.15329142,0.08733915,-66.42987,-98.613,2.6625154,-4.007272,105.30387,0.077661544,0.54200584,0.54200584,5.1283936e-05,0.0003,71.92638,0.00370939826965332,2425.398699760437,550000,,,,,,
68.01206,0.00472076,0.3277037,-68.00734,68.00734,1.0933318,0.6407508,100.0,1.0,20,10.0,0.11157426,0.16426449,-68.13823,-98.04906,4.047225,-3.2238133,101.54992,0.06700456,0.70055324,0.70055324,5.0542945e-05,0.0003,75.129166,0.003710559892654419,2443.951503753662,555000,,,,,,
65.795525,0.007774311,0.29663146,-65.78775,65.78775,1.1030549,0.64373773,100.0,1.0,20,10.0,0.2512419,0.5182493,-65.94176,-98.86625,4.241576,-4.244873,126.862854,0.06387201,0.71007806,0.71007806,4.9803188e-05,0.0003,73.14755,0.003649847412109375,2462.200744867325,560000,,,,,,
67.44157,0.009145811,0.3303057,-67.43242,67.43242,0.9900575,0.6431349,100.0,1.0,20,10.0,0.14149605,0.15565276,-67.66235,-128.71654,2.0122468,-2.1130264,91.48367,0.05119811,0.63674057,0.63674057,4.9064853e-05,0.0003,73.95047,0.003705122709274292,2480.7263629436493,565000,,,,,,
64.9296,0.007393327,0.29996806,-64.92221,64.92221,1.0350271,0.6481828,100.0,1.0,20,10.0,0.20431995,0.102992564,-64.98219,-98.43867,2.9736261,-1.9383502,95.07369,0.069008335,0.6708868,0.6708868,4.8328133e-05,0.0003,71.8428,0.0037101295471191407,2499.277014732361,570000,,,,,,
65.231995,0.008057814,0.30438256,-65.22394,65.22394,0.86865413,0.64655817,100.0,1.0,20,10.0,0.17999947,-3.5545511,-65.374146,-98.46689,2.3263857,-3.2281666,106.563354,0.05474154,0.56163543,0.56163543,4.7593247e-05,0.0003,71.02835,0.003640228509902954,2517.4781622886658,575000,,,,,,
67.76798,0.009571531,0.3618108,-67.75841,67.75841,0.9117532,0.64820546,100.0,1.0,20,10.0,0.14755888,0.35570294,-67.9736,-99.46271,2.3487754,-2.4084873,97.618675,0.05939728,0.5910034,0.5910034,4.686038e-05,0.0003,73.82558,0.003703458261489868,2535.995457649231,580000,,,,,,
66.0117,0.008711338,0.3658191,-66.00299,66.00299,0.90457577,0.6430385,100.0,1.0,20,10.0,0.16825089,0.16878825,-66.23872,-98.54083,1.2698522,-2.037128,81.362236,0.0611516,0.5816771,0.5816771,4.612974e-05,0.0003,71.99673,0.0037025253295898436,2554.508088827133,585000,,,,,,
64.99708,0.0073306197,0.3560652,-64.989746,64.989746,1.0337957,0.6463555,100.0,1.0,20,10.0,0.18727297,0.12748873,-65.157104,-117.07958,2.8063827,-2.9202712,93.91013,0.07425375,0.66819954,0.66819954,4.540152e-05,0.0003,71.86635,0.0037317588329315184,2573.1668877601624,590000,,,,,,
66.84763,0.0073845075,0.3239426,-66.84025,66.84025,1.0574349,0.6560549,100.0,1.0,20,10.0,0.11960015,0.08468695,-67.02699,-99.47264,2.8394744,-2.5598216,96.69629,0.06873374,0.69373536,0.69373536,4.467592e-05,0.0003,73.90459,0.003645220947265625,2591.392996072769,595000,,,,,,
65.08193,0.009239441,0.4029895,-65.07269,65.07269,0.92376786,0.65258867,100.0,1.0,20,10.0,0.102494285,0.16115306,-65.3503,-112.94289,3.073777,-3.3707986,104.04431,0.060881875,0.6028404,0.6028404,4.3953154e-05,0.0003,71.21283,0.0036970263481140137,2609.8781321048737,600000,,,,,,
64.98112,0.009183561,0.37909538,-64.97193,64.97193,1.0260661,0.64540005,100.0,1.0,20,10.0,0.12356405,0.36815527,-65.16482,-111.94338,3.268411,-2.1603055,93.77625,0.08079505,0.66222304,0.66222304,4.3233405e-05,0.0003,71.72691,0.012514200496673584,2672.449138402939,605000,,,,,,
67.014046,0.0061256886,0.35284176,-67.00792,67.00792,1.1229578,0.6418485,100.0,1.0,20,10.0,0.122758016,0.20649289,-67.17789,-98.08711,2.795334,-4.7896843,129.61192,0.063967586,0.72076875,0.72076875,4.251687e-05,0.0003,74.34449,0.0036521809101104736,2690.7100479602814,610000,,,,,,
66.63114,0.008290357,0.30829751,-66.62285,66.62285,0.971399,0.6412156,100.0,1.0,20,10.0,0.15054137,-2.3619137,-66.72754,-98.72044,3.5316913,-2.4197178,107.248375,0.07529861,0.6228762,0.6228762,4.1803753e-05,0.0003,73.010445,0.0037154170989990233,2709.287138223648,615000,,,,,,
65.76611,0.00872648,0.3467343,-65.757385,65.757385,1.0080112,0.63727105,100.0,1.0,20,10.0,0.11500192,0.47124726,-65.972595,-98.58101,2.7091503,-4.679158,102.55885,0.06947704,0.6423763,0.6423763,4.1094238e-05,0.0003,72.304886,0.003697298812866211,2727.773636341095,620000,,,,,,
66.22584,0.0086344695,0.38210553,-66.2172,66.2172,1.0329412,0.63301367,100.0,1.0,20,10.0,0.096116245,-0.118555546,-66.428474,-98.330635,3.1281943,-2.419034,113.07712,0.07492924,0.65386593,0.65386593,4.0388528e-05,0.0003,72.86061,0.0036462295532226565,2746.0047886371613,625000,,,,,,
62.642815,0.009017298,0.38806516,-62.633797,62.633797,0.82934886,0.6328724,100.0,1.0,20,10.0,0.154282,0.59235024,-62.906273,-98.67913,2.5423467,-3.1355658,90.5758,0.0645417,0.524872,0.524872,3.9686805e-05,0.0003,68.045815,0.0036997267246246337,2764.5034260749817,630000,,,,,,
64.68615,0.008218246,0.31044263,-64.67793,64.67793,0.9618358,0.62774724,100.0,1.0,20,10.0,0.29232907,0.23646611,-64.81461,-97.77064,2.7780547,-2.1750684,101.637276,0.05906143,0.6037898,0.6037898,3.8989278e-05,0.0003,71.01637,0.0037211894512176515,2783.109377861023,635000,,,,,,
65.65945,0.008274419,0.32850608,-65.65117,65.65117,0.9806071,0.6272363,100.0,1.0,20,10.0,0.10840918,0.044252187,-65.82434,-98.63034,2.7424865,-4.01107,102.970406,0.0657272,0.61507237,0.61507237,3.8296123e-05,0.0003,71.91858,0.0037299149513244628,2801.758956670761,640000,,,,,,
65.322655,0.008121401,0.32479656,-65.31454,65.31454,0.9919371,0.6357347,100.0,1.0,20,10.0,0.12922738,0.19910763,-65.54839,-106.24405,2.493362,-2.2151372,103.91958,0.07560541,0.6306088,0.6306088,3.7607537e-05,0.0003,71.75797,0.003649169063568115,2820.0048060417175,645000,,,,,,
65.48557,0.007195737,0.35595685,-65.47838,65.47838,0.8503909,0.6368993,100.0,1.0,20,10.0,0.119554006,0.33887947,-65.71691,-98.46533,1.90072,-3.4800982,94.907326,0.059030585,0.54161334,0.54161334,3.692371e-05,0.0003,71.021255,0.003699632263183594,2838.5029711723328,650000,,,,,,
62.586952,0.007856218,0.3547391,-62.579098,62.579098,1.2430761,0.6371851,100.0,1.0,20,10.0,0.14111601,0.30433843,-62.734932,-98.45082,3.9233675,-2.7465005,107.98016,0.06013516,0.79206955,0.79206955,3.6244823e-05,0.0003,70.648766,0.003705798053741455,2857.031965970993,655000,,,,,,
64.77817,0.010098668,0.40336272,-64.76807,64.76807,0.9289035,0.63323015,100.0,1.0,20,10.0,0.16610244,0.11719614,-65.13115,-99.36331,2.5655289,-2.8771493,97.25296,0.064153,0.5882097,0.5882097,3.5571058e-05,0.0003,70.82636,0.00364140625,2875.239002227783,660000,,,,,,
62.388634,0.008523947,0.38448885,-62.380108,62.380108,0.970001,0.64452857,100.0,1.0,20,10.0,0.13214976,0.18464823,-62.61575,-99.351166,2.3653646,-2.1787379,95.451416,0.07077905,0.62519336,0.62519336,3.490261e-05,0.0003,68.77271,0.003715013551712036,2893.8140738010406,665000,,,,,,
66.783585,0.0061026774,0.30875683,-66.77748,66.77748,1.1441866,0.6455064,100.0,1.0,20,10.0,0.14665687,-0.17855895,-66.95792,-98.38497,2.3123956,-2.4780343,102.93269,0.066243455,0.73857975,0.73857975,3.4239645e-05,0.0003,74.31604,0.003699352788925171,2912.3108415603638,670000,,,,,,
66.17985,0.0061404733,0.313458,-66.173706,66.173706,1.0286736,0.649773,100.0,1.0,20,10.0,0.10447028,0.11925183,-66.333786,-99.552925,3.9506629,-3.0709455,106.10932,0.06273885,0.66840434,0.66840434,3.3582368e-05,0.0003,72.96836,0.0036508140087127684,2930.5649156570435,675000,,,,,,
62.75121,0.0052280705,0.32459113,-62.74598,62.74598,0.8900878,0.6446247,100.0,1.0,20,10.0,0.14712425,0.24996573,-62.907703,-97.54544,1.8559636,-3.3945515,96.15003,0.057808448,0.57377255,0.57377255,3.2930948e-05,0.0003,68.63606,0.003698060369491577,2949.0552220344543,680000,,,,,,
63.29318,0.006832636,0.3390668,-63.286346,63.286346,0.9382684,0.64239764,100.0,1.0,20,10.0,0.12206967,0.10940269,-63.38633,-98.415504,1.9528556,-2.4855616,92.50224,0.067975916,0.6027414,0.6027414,3.228555e-05,0.0003,69.442665,0.0036961713790893557,2967.53608250618,685000,,,,,,
63.870964,0.006371026,0.31347597,-63.864594,63.864594,1.0773075,0.6431188,100.0,1.0,20,10.0,0.1332258,-0.029234469,-64.03641,-98.15054,4.327491,-5.0238614,116.22969,0.073676094,0.69283664,0.69283664,3.1646374e-05,0.0003,70.932556,0.003651037120819092,2985.791272163391,690000,,,,,,
64.764465,0.0049906094,0.33824262,-64.759476,64.759476,1.0739326,0.64383674,100.0,1.0,20,10.0,0.13710941,0.043329954,-64.946594,-97.88052,5.550743,-3.7360313,121.84918,0.069553286,0.6914373,0.6914373,3.1013573e-05,0.0003,71.81595,0.003737621736526489,3004.4793853759766,695000,,,,,,
64.87443,0.008189299,0.36355057,-64.86624,64.86624,0.8644114,0.64890414,100.0,1.0,20,10.0,0.12816386,0.12772931,-65.085175,-97.909546,3.9786918,-1.8561735,101.50333,0.062237673,0.5609201,0.5609201,3.0387337e-05,0.0003,70.61179,0.0037062776565551757,3023.0107822418213,700000,,,,,,
67.374535,0.005874784,0.26659763,-67.36866,67.36866,1.1024519,0.63630086,100.0,1.0,20,10.0,0.12818088,0.14097935,-67.47914,-99.579735,3.8180563,-4.8107014,125.37469,0.07303571,0.7014911,0.7014911,2.9767822e-05,0.0003,74.517624,0.012560645818710327,3085.8140211105347,705000,,,,,,
66.41293,0.006807207,0.31195164,-66.40613,66.40613,0.96596074,0.6412546,100.0,1.0,20,10.0,0.24720468,0.02778098,-66.49414,-97.99124,3.7627242,-1.8373188,127.68486,0.07527886,0.6194268,0.6194268,2.9155208e-05,0.0003,72.85441,0.003641361141204834,3104.0208308696747,710000,,,,,,
66.67424,0.006363461,0.35256642,-66.66788,66.66788,1.0001761,0.63684714,100.0,1.0,20,10.0,0.12295897,0.13774604,-66.85888,-99.425766,2.7584968,-3.0893245,96.718124,0.052287824,0.6369593,0.6369593,2.8549664e-05,0.0003,73.16679,0.003700799083709717,3122.524830341339,715000,,,,,,
65.34565,0.00843803,0.36194545,-65.33721,65.33721,0.96489406,0.6482848,100.0,1.0,20,10.0,0.123991184,0.2856422,-65.54834,-98.09281,2.5375032,-2.6692889,107.85329,0.06411829,0.62552613,0.62552613,2.7951346e-05,0.0003,71.72491,0.0036971723079681396,3141.010695695877,720000,,,,,,
67.18037,0.006733264,0.31290677,-67.17363,67.17363,0.8836213,0.64999366,100.0,1.0,20,10.0,0.1180805,0.45545793,-67.29379,-97.96439,3.0775666,-3.301803,102.7674,0.070498064,0.5743482,0.5743482,2.736043e-05,0.0003,73.04193,0.003645374059677124,3159.2375695705414,725000,,,,,,
63.415188,0.008693193,0.35638574,-63.406494,63.406494,0.9741506,0.6509544,100.0,1.0,20,10.0,0.11720887,0.44779086,-63.616276,-97.52173,1.6129432,-1.9282284,100.476105,0.06182395,0.6341276,0.6341276,2.6777061e-05,0.0003,69.87367,0.0037021238327026368,3177.748194217682,730000,,,,,,
64.25005,0.009296566,0.36748192,-64.24075,64.24075,1.0117649,0.6465001,100.0,1.0,20,10.0,0.2619248,-0.105611265,-64.4798,-97.055664,2.9990833,-2.5217578,116.42113,0.07098715,0.6541061,0.6541061,2.6201416e-05,0.0003,71.05304,0.0037033931255340577,3196.265170097351,735000,,,,,,
65.50829,0.007831555,0.34981745,-65.500465,65.500465,1.0856204,0.642669,100.0,1.0,20,10.0,0.13218693,0.049771085,-65.69266,-99.121956,4.388268,-2.7171197,121.03423,0.08698315,0.69769466,0.69769466,2.5633639e-05,0.0003,72.617424,0.003648844575881958,3214.5093970298767,740000,,,,,,
65.10319,0.0067801783,0.3317598,-65.096405,65.096405,1.0186275,0.6502337,100.0,1.0,20,10.0,0.18968347,0.25210825,-65.28514,-97.46518,2.2346864,-4.109994,121.08274,0.06824261,0.6623459,0.6623459,2.5073889e-05,0.0003,71.91633,0.0036969889640808104,3232.9943454265594,745000,,,,,,
62.950912,0.0066770585,0.31716383,-62.944237,62.944237,1.2334883,0.6408804,100.0,1.0,20,10.0,0.11879323,0.23480156,-63.110203,-97.397095,3.038653,-2.6380315,114.03706,0.078450866,0.7905185,0.7905185,2.4522331e-05,0.0003,70.97489,0.003708726501464844,3251.537986278534,750000,,,,,,
66.07889,0.0070404755,0.32340884,-66.071846,66.071846,1.082347,0.6537706,100.0,1.0,20,10.0,0.10879473,0.02977021,-66.1534,-98.91718,4.504808,-4.143949,136.93198,0.06356749,0.7076067,0.7076067,2.3979092e-05,0.0003,73.26375,0.0036519176483154297,3269.797579050064,755000,,,,,,
66.337166,0.0045644185,0.32934946,-66.3326,66.3326,0.8620792,0.6476917,100.0,1.0,20,10.0,0.18074733,-0.05754657,-66.496124,-97.538475,2.837066,-3.4509606,125.74837,0.077250525,0.5583616,0.5583616,2.3444345e-05,0.0003,72.10153,0.003698951530456543,3288.2923402786255,760000,,,,,,
63.50389,0.0057818294,0.34124655,-63.498108,63.498108,1.2616419,0.644558,100.0,1.0,20,10.0,0.35954916,0.13293703,-63.62529,-97.66501,3.8420367,-4.5502906,142.62122,0.065357044,0.81320137,0.81320137,2.2918219e-05,0.0003,71.99545,0.0037008747577667238,3306.796717643738,765000,,,,,,
64.13298,0.012041232,0.39680958,-64.12094,64.12094,1.1019197,0.6308775,100.0,1.0,20,10.0,0.10634438,0.3192246,-64.38982,-97.6057,2.5226793,-2.7836661,109.09409,0.0824465,0.69517636,0.69517636,2.2400869e-05,0.0003,71.19109,0.0036525869846343994,3325.05965590477,770000,,,,,,
63.82949,0.0064562866,0.33892754,-63.823036,63.823036,1.2057074,0.63518435,100.0,1.0,20,10.0,0.12186852,-0.05905661,-63.957535,-97.504555,3.9450965,-3.5312908,135.49062,0.07737969,0.7658465,0.7658465,2.1892429e-05,0.0003,71.609825,0.003700209331512451,3343.5607068538666,775000,,,,,,
61.628613,0.006656787,0.35229862,-61.621956,61.621956,1.0013539,0.6335029,100.0,1.0,20,10.0,0.08359948,0.27029514,-61.835865,-98.449326,4.279753,-3.211366,110.881714,0.06000597,0.63436055,0.63436055,2.1393029e-05,0.0003,68.05582,0.0037300131797790527,3362.210776567459,780000,,,,,,
64.69261,0.0069190976,0.33627498,-64.68569,64.68569,1.0224227,0.63125885,100.0,1.0,20,10.0,0.15719533,0.08990881,-64.836105,-97.689865,3.8263178,-3.9748569,109.553925,0.057968225,0.64541334,0.64541334,2.0902831e-05,0.0003,71.30394,0.0036416635513305665,3380.419098854065,785000,,,,,,
65.22283,0.007812133,0.33960068,-65.21502,65.21502,1.0358893,0.6340024,100.0,1.0,20,10.0,0.12520097,0.4220621,-65.35448,-97.24681,2.3262124,-2.5669382,112.788055,0.07235197,0.6567563,0.6567563,2.0421947e-05,0.0003,71.915596,0.0037211682319641115,3399.0249445438385,790000,,,,,,
63.345417,0.0052568363,0.31614876,-63.34016,63.34016,0.8761401,0.6300555,100.0,1.0,20,10.0,0.11941506,0.43327188,-63.54915,-97.2168,2.2903683,-3.8944607,97.166245,0.072698824,0.5520169,0.5520169,1.9950523e-05,0.0003,68.985,0.003699722623825073,3417.5235617160797,795000,,,,,,
63.4502,0.00566448,0.3517843,-63.444534,63.444534,1.0894009,0.6362094,100.0,1.0,20,10.0,0.10262522,-2.4753919,-63.623062,-98.9052,4.778267,-2.2052267,132.51453,0.05651799,0.6930871,0.6930871,1.9488682e-05,0.0003,70.483696,0.0036432150363922117,3435.7396409511566,800000,,,,,,
64.53643,0.006653978,0.30735898,-64.52978,64.52978,0.9319596,0.64221287,100.0,1.0,20,10.0,0.1279047,0.20252533,-64.70046,-98.51222,2.9622772,-3.3059974,108.33385,0.06190654,0.59851646,0.59851646,1.9036543e-05,0.0003,70.649506,0.012590106439590455,3498.6901772022247,805000,,,,,,
62.803833,0.0060715117,0.34416124,-62.79776,62.79776,1.1236452,0.6504937,100.0,1.0,20,10.0,0.14379518,0.21621549,-62.99607,-96.93142,3.1604562,-2.4852943,118.45611,0.061380617,0.7309241,0.7309241,1.859424e-05,0.0003,70.25687,0.0037007907390594484,3517.1941351890564,810000,,,,,,
60.990864,0.006351633,0.3168499,-60.984512,60.984512,1.0549313,0.65411824,100.0,1.0,20,10.0,0.12575659,0.056370944,-61.13224,-98.54641,3.1880224,-5.7723346,153.2623,0.0735636,0.69004977,0.69004977,1.8161878e-05,0.0003,68.01712,0.0036461970329284667,3535.4251244068146,815000,,,,,,
62.94265,0.006070294,0.3431187,-62.93658,62.93658,0.8995649,0.6563425,100.0,1.0,20,10.0,0.14305964,0.074980274,-63.11924,-96.864876,2.6857626,-3.508328,118.57744,0.07697013,0.5904227,0.5904227,1.7739603e-05,0.0003,68.98994,0.0036988572120666505,3553.9194145202637,820000,,,,,,
63.721054,0.007388068,0.40133017,-63.713665,63.713665,1.2536411,0.65569586,100.0,1.0,20,10.0,0.19553058,0.13030007,-63.895126,-96.44533,4.027029,-3.1726944,143.13222,0.073415406,0.8220073,0.8220073,1.7327511e-05,0.0003,72.13666,0.0037083775997161865,3572.4613070487976,825000,,,,,,
62.83869,0.007962853,0.34272936,-62.83073,62.83073,1.1396226,0.65993375,100.0,1.0,20,10.0,0.14003447,0.05700834,-63.01848,-96.52367,2.3162756,-6.0303893,130.43988,0.06371793,0.7520754,0.7520754,1.6925713e-05,0.0003,70.49948,0.003649395990371704,3590.7082908153534,830000,,,,,,
63.654972,0.005002407,0.30441302,-63.64997,63.64997,0.82647115,0.6634423,100.0,1.0,20,10.0,0.18002397,0.04922895,-63.82118,-97.08982,2.3716333,-4.1123,110.0165,0.066580445,0.54831594,0.54831594,1.653433e-05,0.0003,69.31815,0.0037096825599670412,3609.2567076683044,835000,,,,,,
64.65144,0.006243656,0.30923253,-64.6452,64.6452,1.0192986,0.65606266,100.0,1.0,20,10.0,0.12939216,0.00828217,-64.77042,-97.6652,2.2533677,-3.2348666,108.97685,0.06378599,0.6687237,0.6687237,1.6153459e-05,0.0003,71.46808,0.0037081908226013183,3627.7976655960083,840000,,,,,,
67.057526,0.0051377835,0.2955711,-67.05239,67.05239,0.76093376,0.65111727,100.0,1.0,20,10.0,0.17742419,0.048212826,-67.217926,-96.32147,1.8752613,-2.9495578,102.69675,0.060874097,0.4954571,0.4954571,1.5783213e-05,0.0003,72.18952,0.0036415749073028564,3646.005544424057,845000,,,,,,
63.51762,0.006602249,0.34151477,-63.511017,63.511017,1.0346717,0.65396416,100.0,1.0,20,10.0,0.117884606,-3.8317876,-63.670662,-95.98823,2.67195,-3.521904,123.3145,0.07848469,0.6766382,0.6766382,1.542368e-05,0.0003,70.401886,0.0037104225635528564,3664.5576667785645,850000,,,,,,
62.71969,0.0054941867,0.34556103,-62.714195,62.714195,1.0105288,0.6507397,100.0,1.0,20,10.0,0.11539744,0.11721076,-62.928085,-95.80706,4.0403113,-3.8026955,123.5076,0.07409291,0.6575912,0.6575912,1.5074969e-05,0.0003,69.410995,0.0037011311054229736,3683.0633256435394,855000,,,,,,
62.43213,0.005306439,0.30538583,-62.426823,62.426823,0.94176596,0.65555906,100.0,1.0,20,10.0,0.12657395,-0.06506476,-62.54207,-96.92467,2.3732226,-2.5607677,115.011856,0.058832403,0.61738324,0.61738324,1.4737181e-05,0.0003,68.73254,0.003649041748046875,3701.308539390564,860000,,,,,,
61.91076,0.0058018556,0.2944155,-61.904957,61.904957,1.1264051,0.6560331,100.0,1.0,20,10.0,0.103189945,0.2809443,-62.121452,-97.01634,3.9074636,-3.3631332,118.05339,0.055342115,0.738959,0.738959,1.4410394e-05,0.0003,69.40354,0.003717043685913086,3719.8937618732452,865000,,,,,,
61.036713,0.005622359,0.34092653,-61.03109,61.03109,1.113102,0.6581879,100.0,1.0,20,10.0,0.098039664,0.049265385,-61.215237,-96.2603,4.195429,-4.3122683,144.69612,0.069249466,0.73263025,0.73263025,1.4094706e-05,0.0003,68.46106,0.0037378313064575196,3738.5829224586487,870000,,,,,,
62.79261,0.006862232,0.3404536,-62.785748,62.785748,1.0378041,0.66146326,100.0,1.0,20,10.0,0.11777864,0.14477192,-62.92753,-96.88144,7.8496547,-4.816009,150.75703,0.07478452,0.68646926,0.68646926,1.37902e-05,0.0003,69.775085,0.0036492838382720947,3756.8293459415436,875000,,,,,,
61.999226,0.0054819165,0.3407497,-61.993744,61.993744,0.84659547,0.6642887,100.0,1.0,20,10.0,0.11814453,0.174043,-62.22367,-96.51046,2.2844687,-2.8778925,107.586876,0.05014646,0.56238383,0.56238383,1.3496962e-05,0.0003,67.74121,0.003712358093261719,3775.3911411762238,880000,,,,,,
63.4797,0.0060735233,0.32306457,-63.473625,63.473625,1.0175238,0.66075647,100.0,1.0,20,10.0,0.12590699,0.15280819,-63.601173,-95.453125,2.777874,-3.2715287,133.96376,0.069005616,0.67233545,0.67233545,1.3215067e-05,0.0003,70.328964,0.00370028395652771,3793.892565011978,885000,,,,,,
61.208057,0.005895254,0.3407774,-61.202164,61.202164,0.9217801,0.65567094,100.0,1.0,20,10.0,0.20099199,-2.6937284,-61.36134,-96.38642,3.0279958,-3.16627,113.157234,0.06046596,0.6043844,0.6043844,1.2944596e-05,0.0003,67.452896,0.0036461624145507814,3812.1233825683594,890000,,,,,,
60.42597,0.0060296403,0.3510604,-60.419937,60.419937,0.9944058,0.65312064,100.0,1.0,20,10.0,0.13264263,0.060076676,-60.576958,-95.598656,3.0980232,-3.1535678,127.337685,0.054053742,0.64946693,0.64946693,1.26856285e-05,0.0003,67.053276,0.0037005816459655763,3830.626295566559,895000,,,,,,
60.601482,0.0054884423,0.37442592,-60.595993,60.595993,1.1990058,0.6433358,100.0,1.0,20,10.0,0.12664258,0.073066406,-60.837845,-95.620705,4.416339,-2.7506952,123.46649,0.08461054,0.77136344,0.77136344,1.2438221e-05,0.0003,68.44176,0.0037007716178894044,3849.130157470703,900000,,,,,,
61.65601,0.0051136995,0.3151362,-61.650894,61.650894,0.82034165,0.64607567,100.0,1.0,20,10.0,0.18973304,0.346996,-61.83818,-96.294655,2.5445557,-4.0794067,117.32923,0.054419003,0.5300028,0.5300028,1.22024585e-05,0.0003,67.14577,0.010509901475906372,3901.679668903351,905000,,,,,,
63.2343,0.0052931593,0.34347022,-63.229004,63.229004,0.9793886,0.64006543,100.0,1.0,20,10.0,0.11701055,-5.994422,-63.460266,-95.840866,4.0342894,-2.2443686,110.954254,0.06531948,0.6268728,0.6268728,1.1978389e-05,0.0003,69.62004,0.0036382043838500975,3919.870694875717,910000,,,,,,
60.800686,0.006526184,0.385316,-60.79416,60.79416,0.9672914,0.63046324,100.0,1.0,20,10.0,0.10329898,0.22825977,-61.04506,-95.49107,3.027151,-3.071941,127.8737,0.07671608,0.6098417,0.6098417,1.1766084e-05,0.0003,67.0024,0.003704725980758667,3938.3943285942078,915000,,,,,,
62.055172,0.006199049,0.3227275,-62.048973,62.048973,1.0904456,0.63362235,100.0,1.0,20,10.0,0.13894989,0.26174247,-62.227173,-96.29911,5.1634736,-3.7284486,116.51185,0.06798152,0.6909307,0.6909307,1.1565597e-05,0.0003,69.10343,0.0037203339576721193,3956.996002435684,920000,,,,,,
61.774677,0.006870729,0.38086152,-61.767807,61.767807,1.0060222,0.646393,100.0,1.0,20,10.0,0.16082302,-0.036991,-62.047146,-95.34961,4.003027,-4.802026,150.93045,0.06696461,0.6502857,0.6502857,1.1376989e-05,0.0003,68.438354,0.0036432775497436524,3975.2123942375183,925000,,,,,,
59.56776,0.0061648656,0.3338009,-59.561596,59.561596,1.0271626,0.64157116,100.0,1.0,20,10.0,0.13183871,0.16320774,-59.699677,-95.73397,2.5972176,-2.7859762,115.62656,0.071115315,0.6589979,0.6589979,1.1200302e-05,0.0003,66.28958,0.003720409679412842,3993.814446926117,930000,,,,,,
62.014587,0.0049624136,0.3176666,-62.009624,62.009624,1.1136361,0.65415114,100.0,1.0,20,10.0,0.13351491,-5.7428665,-62.17676,-95.45072,4.4341164,-2.8368988,124.987045,0.058791198,0.72848636,0.72848636,1.103559e-05,0.0003,69.43297,0.0037164031028747557,4012.396470785141,935000,,,,,,
60.3972,0.00586752,0.33524495,-60.391335,60.391335,0.9951482,0.66213983,100.0,1.0,20,10.0,0.123417534,-0.013798974,-60.604294,-95.8073,3.7554698,-2.9685657,126.92224,0.06752836,0.65892726,0.65892726,1.0882903e-05,0.0003,67.10989,0.003646895933151245,4030.63095498085,940000,,,,,,
60.81385,0.0052259453,0.3426112,-60.808624,60.808624,1.0558783,0.66735905,100.0,1.0,20,10.0,0.113231316,0.100382425,-60.993095,-94.60816,3.998142,-2.2033,113.728,0.06886737,0.7046499,0.7046499,1.0742272e-05,0.0003,67.97358,0.003709533452987671,4049.1786267757416,945000,,,,,,
60.555798,0.006188002,0.36776978,-60.54961,60.54961,0.88885385,0.6653798,100.0,1.0,20,10.0,0.14055124,0.20861244,-60.754967,-91.83517,3.3308647,-3.9933257,129.7586,0.067667186,0.5914254,0.5914254,1.061374e-05,0.0003,66.6106,0.0037097922325134277,4067.7275924682617,950000,,,,,,
60.307144,0.004522755,0.31991744,-60.30262,60.30262,1.0132914,0.66648513,100.0,1.0,20,10.0,0.13530931,5.9683204,-60.460423,-95.00934,2.9701636,-3.131271,113.423,0.070242204,0.67534363,0.67534363,1.0497346e-05,0.0003,67.19589,0.003642098379135132,4085.9380881786346,955000,,,,,,
60.55298,0.007058933,0.33757317,-60.54592,60.54592,0.89905584,0.6561622,100.0,1.0,20,10.0,0.13684598,0.15684044,-60.74238,-93.680725,3.3312957,-2.982758,125.20267,0.075271875,0.5899265,0.5899265,1.0393118e-05,0.0003,66.58909,0.0037090584754943846,4104.483384847641,960000,,,,,,
61.229095,0.0062901676,0.33248687,-61.222805,61.222805,0.8804756,0.65200526,100.0,1.0,20,10.0,0.24331707,0.07035637,-61.44555,-93.383125,2.7220743,-3.7904718,137.72371,0.06281866,0.57407475,0.57407475,1.0301083e-05,0.0003,67.21316,0.003717571401596069,4123.071246147156,965000,,,,,,
60.057922,0.004960715,0.32480016,-60.052963,60.052963,1.1555197,0.6578761,100.0,1.0,20,10.0,0.17271549,0.084818594,-60.172546,-91.51649,4.1113515,-3.925871,130.02896,0.07659353,0.76018876,0.76018876,1.0221269e-05,0.0003,67.83253,0.0036697184085845947,4141.419842004776,970000,,,,,,
60.19108,0.005782048,0.38468945,-60.185295,60.185295,1.2021185,0.6607675,100.0,1.0,20,10.0,0.12600788,0.13013265,-60.36564,-93.11465,8.006144,-6.2965193,153.95764,0.079299,0.7943208,0.7943208,1.0153698e-05,0.0003,68.26029,0.003714884662628174,4159.994274377823,975000,,,,,,
60.982876,0.0064008604,0.38624442,-60.976475,60.976475,1.0842656,0.6562822,100.0,1.0,20,10.0,0.16081262,0.059906036,-61.224052,-92.7497,2.1914644,-2.9466,110.131294,0.062472545,0.7115842,0.7115842,1.0098386e-05,0.0003,68.25953,0.003705968427658081,4178.524120330811,980000,,,,,,
58.62499,0.0068005463,0.3526627,-58.618187,58.618187,0.91754955,0.6658087,100.0,1.0,20,10.0,0.36536664,0.6771978,-58.809246,-92.47523,4.952999,-3.7760398,145.79164,0.05984334,0.61091244,0.61091244,1.005535e-05,0.0003,65.09948,0.003675639009475708,4196.902319431305,985000,,,,,,
58.95096,0.0049976837,0.36379218,-58.94596,58.94596,1.0526564,0.6636378,100.0,1.0,20,10.0,0.14661297,0.25858176,-59.077904,-92.778885,2.2709272,-2.337497,130.88074,0.083449006,0.69858265,0.69858265,1.0024603e-05,0.0003,66.0834,0.0037074843883514405,4215.439745903015,990000,,,,,,
58.106705,0.004789447,0.33343306,-58.101913,58.101913,0.9611206,0.67047566,100.0,1.0,20,10.0,0.12810002,0.005548902,-58.25925,-92.550804,2.51657,-4.225095,116.963806,0.053658634,0.644408,0.644408,1.000615e-05,0.0003,64.67889,0.0036976780414581297,4233.928139925003,995000,,,,,,
61.501278,0.00571955,0.39211273,-61.49556,61.49556,1.0008804,0.67276347,100.0,1.0,20,10.0,0.1633896,-0.45193404,-61.726395,-92.39588,2.564332,-3.5697813,116.41577,0.072858736,0.67335576,0.67335576,1e-05,0.0003,68.398224,0.003704082250595093,4252.448554754257,1000000,,,,,,
59.418278,0.0057506002,0.36627865,-59.41253,59.41253,0.8611248,0.6673397,100.0,1.0,20,10.0,0.11105997,0.08741154,-59.560318,-90.41992,3.2289622,-3.9549537,122.283775,0.067585975,0.57466274,0.57466274,1e-05,0.0003,65.27596,0.022564223766326906,4365.269677877426,1005000,5000.0,0.0,0.0,1000.0,6.548182010650635,0.0
59.124935,0.0061026243,0.32953674,-59.11883,59.11883,1.1932081,0.67748344,100.0,1.0,20,10.0,0.10744275,-0.32252645,-59.322853,-92.42091,3.0973942,-5.55761,149.57077,0.063882194,0.8083787,0.8083787,1e-05,0.0003,67.31616,0.006720029211044311,4398.869827985764,1010000,9590.0,1.0,1.0,590.0,4.166316747665405,100.0
61.72618,0.0060410253,0.3414859,-61.72014,61.72014,1.1796063,0.6722204,100.0,1.0,20,10.0,0.13992968,0.07394063,-61.931587,-91.2424,5.391816,-4.8665185,152.26831,0.0751404,0.7929554,0.7929554,1e-05,0.0003,69.79567,0.006666671657562256,4432.203190088272,1015000,14126.0,0.0,0.0,1000.0,6.483745813369751,0.0
59.744938,0.005137201,0.31799325,-59.7398,59.7398,0.8039496,0.67535466,100.0,1.0,20,10.0,0.195072,0.08855216,-59.89174,-93.79466,3.698004,-4.118019,120.14615,0.0675331,0.5429511,0.5429511,1e-05,0.0003,65.36952,0.006617961645126342,4465.293002605438,1020000,19852.0,1.0,1.0,240.0,1.581993818283081,100.0
60.68139,0.0057991445,0.32185724,-60.67559,60.67559,0.7938501,0.65279305,100.0,1.0,20,10.0,0.14198425,0.18439126,-60.820442,-90.930855,2.1567166,-3.0226262,120.740326,0.059370983,0.5182198,0.5182198,1e-05,0.0003,66.00557,0.006677346134185791,4498.679737091064,1025000,24735.0,0.0,0.0,1000.0,6.860611438751221,0.0
61.951855,0.005274639,0.33466357,-61.94658,61.94658,0.91333014,0.6536668,100.0,1.0,20,10.0,0.13461393,0.42148995,-62.1111,-90.749695,2.4731061,-2.7445416,133.79338,0.057772547,0.5970136,0.5970136,1e-05,0.0003,68.0566,0.006582534551620484,4531.592413663864,1030000,29620.0,1.0,1.0,239.0,1.5187914371490479,100.0
63.56674,0.0054985443,0.29931492,-63.56124,63.56124,0.8271404,0.64711493,100.0,1.0,20,10.0,0.13622385,-0.020881549,-63.683315,-94.070885,5.1618605,-2.6333823,115.044586,0.05181425,0.5352549,0.5352549,1e-05,0.0003,69.05551,0.0066778791904449466,4564.981813907623,1035000,34810.0,0.0,0.0,1000.0,6.838770389556885,0.0
64.75274,0.0049094297,0.33144188,-64.74783,64.74783,1.3138672,0.6421969,100.0,1.0,20,10.0,0.110532224,0.25780487,-64.93571,-94.67224,8.239742,-6.476174,173.03062,0.05276897,0.84376144,0.84376144,1e-05,0.0003,73.30089,0.006692791604995727,4598.445776462555,1040000,39859.0,0.0,0.0,1000.0,6.882510662078857,0.0
62.958847,0.0045786663,0.2854715,-62.95427,62.95427,0.9953238,0.65082407,100.0,1.0,20,10.0,0.15804881,-0.17705417,-63.03321,-95.0273,4.9217367,-6.942116,182.51611,0.06427619,0.64778066,0.64778066,1e-05,0.0003,69.5947,0.006592021942138672,4631.40589094162,1045000,44945.0,1.0,1.0,233.0,1.4994068145751953,100.0
63.34573,0.005941172,0.3228246,-63.33979,63.33979,0.98169345,0.64763296,100.0,1.0,20,10.0,0.108716235,0.40161592,-63.55332,-94.313034,2.4779282,-3.054416,135.9747,0.050589643,0.63577706,0.63577706,1e-05,0.0003,69.81222,0.006644058561325074,4664.6261875629425,1050000,49985.0,1.0,1.0,276.0,1.7920732498168945,100.0
64.5475,0.00625744,0.35103583,-64.541245,64.541245,0.90288526,0.635168,100.0,1.0,20,10.0,0.10302347,0.081989124,-64.75737,-94.86353,2.606108,-2.5146708,137.71695,0.049730375,0.5734838,0.5734838,1e-05,0.0003,70.38536,0.006679137563705444,4698.02188038826,1055000,54278.0,0.0,0.0,1000.0,6.538192987442017,0.0
65.353195,0.004439728,0.3408472,-65.348755,65.348755,1.0958784,0.63896364,100.0,1.0,20,10.0,0.12258361,0.4061079,-65.50363,-93.11072,5.345678,-5.5849285,156.95082,0.06311636,0.7002264,0.7002264,1e-05,0.0003,72.47804,0.006599283695220947,4731.018303155899,1060000,59249.0,1.0,1.0,213.0,1.4306039810180664,100.0
67.20313,0.0040176264,0.30173275,-67.19911,67.19911,0.9574166,0.64843404,100.0,1.0,20,10.0,0.11473045,-0.41491324,-67.286835,-95.92903,4.231017,-3.2930958,135.22105,0.0651589,0.62082154,0.62082154,1e-05,0.0003,73.52608,0.006661807441711426,4764.327344655991,1065000,64774.0,1.0,1.0,201.0,1.31264066696167,100.0
65.51279,0.005379248,0.27409345,-65.50741,65.50741,0.95018536,0.649497,100.0,1.0,20,10.0,0.12387936,-0.14796276,-65.54957,-94.5122,4.4793444,-3.7098088,158.30972,0.053160347,0.6171425,0.6171425,1e-05,0.0003,71.80809,0.006592545413970947,4797.290076255798,1070000,69835.0,1.0,1.0,234.0,1.4864881038665771,100.0
63.85086,0.0033793368,0.3006816,-63.84748,63.84748,0.8790943,0.6527129,100.0,1.0,20,10.0,0.15245731,0.18197843,-63.993237,-94.77836,2.4448652,-3.882046,119.23686,0.051902503,0.57379615,0.57379615,1e-05,0.0003,69.74128,0.006697052907943726,4830.775346279144,1075000,74326.0,1.0,1.0,221.0,1.4231560230255127,100.0
62.89622,0.0060529388,0.35565972,-62.890167,62.890167,0.91228074,0.65971726,100.0,1.0,20,10.0,0.11076205,0.44660497,-63.039482,-95.81327,3.2558074,-3.3287687,135.48006,0.07639928,0.60184735,0.60184735,1e-05,0.0003,69.02546,0.006633298921585083,4863.941845417023,1080000,79903.0,1.0,1.0,205.0,1.417278528213501,100.0
66.43357,0.0044763205,0.3423871,-66.42909,66.42909,0.8904529,0.6448842,100.0,1.0,20,10.0,0.1157448,0.08638258,-66.59458,-96.85782,5.231032,-3.275961,161.03906,0.06431192,0.574239,0.574239,1e-05,0.0003,72.29171,0.006618429756164551,4897.0339987277985,1085000,84664.0,1.0,1.0,224.0,1.4477863311767578,100.0
66.30289,0.005385775,0.31730443,-66.2975,66.2975,0.9421135,0.63787115,100.0,1.0,20,10.0,0.15343933,-0.44390625,-66.47452,-95.17912,2.6523147,-3.1166613,128.38008,0.06430048,0.600947,0.600947,1e-05,0.0003,72.4658,0.0066466884136199954,4930.267445325851,1090000,89913.0,1.0,1.0,215.0,1.3610944747924805,100.0
61.5576,0.008221392,0.3361075,-61.549377,61.549377,1.056025,0.6363749,100.0,1.0,20,10.0,0.16585168,0.16261461,-61.75701,-96.18408,3.6703606,-2.8324656,162.62659,0.07310792,0.6720278,0.6720278,1e-05,0.0003,68.443726,0.006568366813659668,4963.109283924103,1095000,94866.0,1.0,1.0,217.0,1.3680965900421143,100.0
63.52672,0.0056077903,0.2940425,-63.52111,63.52111,1.0766943,0.626248,100.0,1.0,20,10.0,0.18620737,24.173513,-63.643505,-97.339516,3.803941,-3.0494435,128.04788,0.067070425,0.6742776,0.6742776,1e-05,0.0003,70.4557,0.006543294525146484,4995.82576084137,1100000,99992.0,1.0,1.0,227.0,1.4435606002807617,100.0
65.130005,0.004530851,0.32374716,-65.12547,65.12547,0.9645939,0.62686825,100.0,1.0,20,10.0,0.29555786,0.0158699,-65.34497,-95.89296,3.3002393,-2.6827862,136.72948,0.065334365,0.60467327,0.60467327,1e-05,0.0003,71.47229,0.012633391904830933,5058.992728710175,1105000,104023.0,1.0,1.0,240.0,1.5143964290618896,100.0
65.99586,0.004759333,0.33499387,-65.9911,65.9911,1.154482,0.62811697,100.0,1.0,20,10.0,0.2915193,16.137928,-66.08283,-96.2524,2.5376246,-4.9410625,146.96948,0.05019985,0.72514975,0.72514975,1e-05,0.0003,73.53887,0.007505754375457764,5096.521506786346,1110000,109624.0,1.0,1.0,206.0,1.3040094375610352,100.0
65.43178,0.005279109,0.3227989,-65.4265,65.4265,0.84624404,0.62807834,100.0,1.0,20,10.0,0.21614863,9.51307,-65.54769,-95.91847,3.3204377,-2.7654748,124.43379,0.07429427,0.53150755,0.53150755,1e-05,0.0003,70.963005,0.00648655071258545,5128.954264640808,1115000,114885.0,1.0,1.0,199.0,1.2435264587402344,100.0
65.17543,0.006329947,0.30244833,-65.1691,65.1691,0.9083699,0.63428736,100.0,1.0,20,10.0,0.19014965,-0.31272525,-65.29009,-96.167114,2.5657425,-3.8646789,129.68076,0.07902047,0.5761676,0.5761676,1e-05,0.0003,71.12725,0.006603900194168091,5161.973769187927,1120000,119795.0,1.0,1.0,223.0,1.4179327487945557,100.0
62.302864,0.0038035943,0.31581205,-62.29906,62.29906,1.0880216,0.641397,100.0,1.0,20,10.0,0.19853002,2.8907914,-62.43516,-96.725105,1.9673649,-3.6648042,127.99991,0.064596,0.6978538,0.6978538,1e-05,0.0003,69.47993,0.0066549046993255615,5195.248297214508,1125000,124682.0,1.0,1.0,255.0,1.6623313426971436,100.0
66.55821,0.0037852633,0.33015284,-66.55443,66.55443,0.99217284,0.63948643,100.0,1.0,20,10.0,0.2158923,12.643448,-66.640396,-96.451,2.633035,-2.9498653,128.27676,0.055340398,0.6344811,0.6344811,1e-05,0.0003,73.11891,0.006632849740982056,5228.412550449371,1130000,129905.0,1.0,1.0,219.0,1.4011316299438477,100.0
62.07064,0.0060482635,0.3227505,-62.06459,62.06459,1.0806739,0.6387057,100.0,1.0,20,10.0,0.31911632,0.52397764,-62.274666,-96.53305,3.794564,-3.9320571,169.69864,0.07535118,0.6902325,0.6902325,1e-05,0.0003,69.29208,0.006688043928146362,5261.852774143219,1135000,134854.0,1.0,1.0,204.0,1.3500311374664307,100.0
67.800766,0.0047426242,0.2930748,-67.79602,67.79602,0.94769037,0.6386195,100.0,1.0,20,10.0,0.18803132,-0.3293696,-67.91446,-96.97215,3.379027,-3.192836,129.92795,0.06985348,0.6052135,0.6052135,1e-05,0.0003,74.04094,0.0067382223606109615,5295.543890476227,1140000,139806.0,1.0,1.0,242.0,1.9075226783752441,100.0
65.85989,0.0041524754,0.3042445,-65.85574,65.85574,1.064489,0.6295549,100.0,1.0,20,10.0,0.19733924,-0.0017346367,-65.90294,-95.27381,2.119493,-3.1452155,123.16348,0.06313239,0.67015433,0.67015433,1e-05,0.0003,72.75878,0.00666149091720581,5328.851349592209,1145000,144378.0,1.0,1.0,202.0,1.3340251445770264,100.0
63.90125,0.0047942614,0.30631435,-63.896454,63.896454,0.9714225,0.6245808,100.0,1.0,20,10.0,0.19654354,-0.23868468,-64.05147,-97.033714,2.424153,-4.812574,129.03142,0.06793385,0.60673183,0.60673183,1e-05,0.0003,70.165115,0.006674980640411377,5362.226256608963,1150000,149925.0,1.0,1.0,198.0,1.291778802871704,100.0
62.1196,0.004646536,0.32912737,-62.114952,62.114952,1.0395397,0.61187214,100.0,1.0,20,10.0,0.1917333,0.41480136,-62.215397,-95.56561,4.1992273,-3.4595873,134.16476,0.05905173,0.63606536,0.63606536,1e-05,0.0003,68.67199,0.006665412998199463,5395.553325891495,1155000,154795.0,1.0,1.0,321.0,2.4188036918640137,100.0
66.025475,0.005076553,0.30062753,-66.0204,66.0204,1.0765373,0.60514057,100.0,1.0,20,10.0,0.15053785,0.3912927,-66.11376,-97.26138,2.8344705,-4.687896,136.26956,0.05625562,0.65145636,0.65145636,1e-05,0.0003,72.690575,0.006614357948303223,5428.625119447708,1160000,159843.0,1.0,1.0,235.0,1.5197691917419434,100.0
64.47997,0.006094732,0.32799292,-64.47388,64.47388,0.9230568,0.6061594,100.0,1.0,20,10.0,0.2060143,-0.38451406,-64.634964,-96.73273,2.5298345,-4.111147,129.9607,0.063840576,0.5595195,0.5595195,1e-05,0.0003,70.28118,0.006740253496170044,5462.326391220093,1165000,164835.0,1.0,1.0,236.0,1.585038185119629,100.0
67.05595,0.0042482074,0.28133017,-67.0517,67.0517,1.0270585,0.6173708,100.0,1.0,20,10.0,0.16271737,-1.3579408,-67.13141,-96.18964,3.6444242,-3.319296,128.54486,0.059046753,0.6340759,0.6340759,1e-05,0.0003,73.559425,0.0067866246223449705,5496.259518623352,1170000,169834.0,1.0,1.0,276.0,1.8271307945251465,100.0
64.42584,0.004895035,0.30913866,-64.420944,64.420944,1.0209458,0.6194577,100.0,1.0,20,10.0,0.40781543,0.18315536,-64.50198,-98.07994,3.2217586,-3.5131323,165.13498,0.05744222,0.63243276,0.63243276,1e-05,0.0003,71.15798,0.006730380201339722,5529.911423206329,1175000,174545.0,0.0,0.0,1000.0,6.647607326507568,0.0
68.18881,0.0037678375,0.33785376,-68.18504,68.18504,1.0069168,0.62867844,100.0,1.0,20,10.0,0.19686636,-3.7124975,-68.279175,-97.53659,3.8000534,-3.3385768,139.12187,0.07097885,0.6330269,0.6330269,1e-05,0.0003,74.71595,0.006694737768173218,5563.385120391846,1180000,179865.0,1.0,1.0,175.0,1.1106791496276855,100.0
64.32096,0.006251816,0.31341338,-64.31471,64.31471,0.9236211,0.6366622,100.0,1.0,20,10.0,0.21560103,0.22947782,-64.43329,-97.70487,4.0426645,-2.7950776,128.66516,0.075958475,0.58803463,0.58803463,1e-05,0.0003,70.41691,0.006573687887191772,5596.253563642502,1185000,184848.0,1.0,1.0,373.0,2.39705491065979,100.0
64.37577,0.0044661686,0.335305,-64.37131,64.37131,1.179727,0.63426596,100.0,1.0,20,10.0,0.18628894,0.5992753,-64.44543,-97.31153,3.4243464,-3.4323514,154.07312,0.091131344,0.7482606,0.7482606,1e-05,0.0003,72.04466,0.00658458456993103,5629.176490783691,1190000,189844.0,1.0,1.0,203.0,1.2964723110198975,100.0
63.415337,0.00505656,0.3377487,-63.41028,63.41028,1.0254546,0.6473889,100.0,1.0,20,10.0,0.25281417,0.061619624,-63.49877,-97.90013,2.7784488,-4.306371,144.87125,0.06422438,0.66386795,0.66386795,1e-05,0.0003,70.30683,0.006713021326065063,5662.741601705551,1195000,194873.0,1.0,1.0,189.0,1.221078634262085,100.0
64.86928,0.004046609,0.32188782,-64.865234,64.865234,1.0292972,0.6567508,100.0,1.0,20,10.0,0.23364474,-0.03928528,-64.97672,-98.21547,3.9059448,-2.3202472,148.27512,0.06815814,0.6759918,0.6759918,1e-05,0.0003,71.86284,0.006716721391677856,5696.325212955475,1200000,199864.0,1.0,1.0,201.0,1.352966547012329,100.0
65.10419,0.0059980187,0.3144265,-65.09819,65.09819,1.1421549,0.6502744,100.0,1.0,20,10.0,0.23435457,0.29330748,-65.21077,-98.05943,5.72909,-4.0094357,165.07892,0.07589361,0.7427141,0.7427141,1e-05,0.0003,72.76568,0.0116574640750885,5754.61253786087,1205000,204873.0,1.0,1.0,225.0,1.4331903457641602,100.0
65.347786,0.004948619,0.31972727,-65.342834,65.342834,0.9104864,0.6499017,100.0,1.0,20,10.0,0.2172651,0.14777452,-65.40935,-96.88382,3.0594285,-3.8936327,134.35954,0.06457974,0.59172666,0.59172666,1e-05,0.0003,71.482315,0.006480505704879761,5787.015070438385,1210000,209840.0,1.0,1.0,207.0,1.2939212322235107,100.0
64.68509,0.005536171,0.33947533,-64.67955,64.67955,0.99923736,0.65583,100.0,1.0,20,10.0,0.24628708,0.11573749,-64.83468,-98.10622,2.8251305,-4.0562315,141.71806,0.068161555,0.6553299,0.6553299,1e-05,0.0003,71.48467,0.007236793088912964,5823.199040174484,1215000,214844.0,1.0,1.0,221.0,1.3907651901245117,100.0
66.041245,0.00391926,0.2882757,-66.03732,66.03732,0.9132768,0.6467939,100.0,1.0,20,10.0,0.26961762,0.3952257,-66.090355,-97.98886,3.3331664,-2.9817913,134.80234,0.063616544,0.5907019,0.5907019,1e-05,0.0003,72.21788,0.006559689474105835,5855.997492074966,1220000,219832.0,1.0,1.0,202.0,1.2920467853546143,100.0
63.7575,0.0046685897,0.2978505,-63.75283,63.75283,0.8709515,0.6374323,100.0,1.0,20,10.0,0.71709275,0.068162836,-63.79087,-96.01339,2.357625,-4.4656534,153.1333,0.05518274,0.55517256,0.55517256,1e-05,0.0003,70.02632,0.006612220335006714,5889.058597803116,1225000,224387.0,1.0,1.0,180.0,1.173191785812378,100.0
63.511993,0.004814215,0.32229692,-63.50718,63.50718,0.96563154,0.64381313,100.0,1.0,20,10.0,0.15554982,-0.7342127,-63.591354,-96.06062,3.327575,-3.2816062,123.332,0.064069256,0.6216863,0.6216863,1e-05,0.0003,69.88441,0.007261089324951172,5925.364048480988,1230000,229886.0,1.0,1.0,208.0,1.3338799476623535,100.0
63.818485,0.0042224466,0.30829677,-63.814262,63.814262,1.0516626,0.643923,100.0,1.0,20,10.0,0.21943179,0.15447278,-63.941357,-96.50842,2.8023202,-3.7556684,139.71774,0.062215053,0.6771897,0.6771897,1e-05,0.0003,70.809814,0.0066549639225006105,5958.638872146606,1235000,234255.0,1.0,1.0,186.0,1.2070863246917725,100.0
64.00836,0.0058150687,0.33647615,-64.00255,64.00255,0.94386905,0.62994826,100.0,1.0,20,10.0,3.4628282,0.487401,-64.12166,-98.44301,3.6455736,-3.9324634,156.73068,0.070779786,0.59458864,0.59458864,1e-05,0.0003,73.417076,0.0066290627479553225,5991.7841901779175,1240000,239854.0,1.0,1.0,188.0,1.227193832397461,100.0
63.459625,0.005560127,0.33507007,-63.454063,63.454063,0.962762,0.6302941,100.0,1.0,20,10.0,0.39811277,1.0646784,-63.54097,-98.41036,1.8859366,-2.5818555,123.766304,0.08752547,0.6068232,0.6068232,1e-05,0.0003,69.92597,0.006527031087875366,6024.419350385666,1245000,244851.0,1.0,1.0,220.0,1.3962156772613525,100.0
65.87772,0.0043373657,0.2771968,-65.87338,65.87338,0.8772476,0.6200702,100.0,1.0,20,10.0,0.34886205,-5.963237,-65.99902,-97.52969,2.3104124,-2.4134977,137.76604,0.056581326,0.5439551,0.5439551,1e-05,0.0003,71.66614,0.006544644927978516,6057.142578840256,1250000,249961.0,1.0,1.0,225.0,1.3972477912902832,100.0
65.87246,0.005031178,0.30624124,-65.86743,65.86743,0.85175735,0.6065658,100.0,1.0,20,10.0,0.17033899,-3.2087843,-65.92311,-97.97626,4.401405,-2.9914918,122.87928,0.052300356,0.51664686,0.51664686,1e-05,0.0003,71.20927,0.006648841810226441,6090.386792421341,1255000,254841.0,1.0,1.0,188.0,1.2297618389129639,100.0
64.97089,0.006046698,0.3364527,-64.964836,64.964836,0.83715266,0.6103175,100.0,1.0,20,10.0,0.2697033,-4.062862,-65.113106,-97.93977,4.8682027,-2.4679036,128.62091,0.062362216,0.5109289,0.5109289,1e-05,0.0003,70.349884,0.006673306035995483,6123.753326892853,1260000,259991.0,1.0,1.0,182.0,1.182952880859375,100.0
62.28997,0.0036663637,0.33783472,-62.286304,62.286304,0.99033743,0.60617155,100.0,1.0,20,10.0,0.2273183,-1.6618176,-62.352276,-96.98641,4.6952543,-2.4495306,142.87265,0.07271157,0.6003144,0.6003144,1e-05,0.0003,68.52043,0.006766578674316406,6157.586224555969,1265000,264383.0,1.0,1.0,239.0,1.847670316696167,100.0
62.567867,0.0038350134,0.30990025,-62.564034,62.564034,0.9721902,0.60893506,100.0,1.0,20,10.0,0.18431774,-0.4597937,-62.69606,-96.92072,4.411084,-2.4671302,132.75056,0.073615015,0.5920007,0.5920007,1e-05,0.0003,68.672195,0.006748094129562378,6191.326699256897,1270000,269821.0,1.0,1.0,265.0,2.065824031829834,100.0
62.293278,0.0047884714,0.32254067,-62.28849,62.28849,0.9522838,0.59596235,100.0,1.0,20,10.0,0.33316395,0.30195788,-62.391006,-97.470856,3.678616,-4.917414,147.65263,0.054558787,0.56752527,0.56752527,1e-05,0.0003,68.3017,0.006625830268859863,6224.455854654312,1275000,274984.0,0.0,0.0,1000.0,6.5774617195129395,0.0
64.83963,0.004792114,0.30734965,-64.83484,64.83484,0.9111531,0.6061268,100.0,1.0,20,10.0,0.19761017,0.73041785,-64.96959,-97.2738,2.3179295,-3.8838234,123.24172,0.065578714,0.5522743,0.5522743,1e-05,0.0003,70.55998,0.006724073648452759,6258.07622718811,1280000,279953.0,1.0,1.0,204.0,1.305988073348999,100.0
66.74589,0.0045871483,0.29662603,-66.7413,66.7413,1.0062108,0.6099774,100.0,1.0,20,10.0,0.14346783,0.27142859,-66.84044,-97.18542,2.0622084,-3.6536174,113.70909,0.062047698,0.61376584,0.61376584,1e-05,0.0003,73.027016,0.0067146177768707275,6291.649320602417,1285000,284917.0,1.0,1.0,184.0,1.180450201034546,100.0
65.37669,0.0054417024,0.31950286,-65.371254,65.371254,0.9561058,0.61144567,100.0,1.0,20,10.0,0.16769671,-1.843936,-65.46254,-98.16047,3.84732,-2.9708867,138.6949,0.06741631,0.58460677,0.58460677,1e-05,0.0003,71.39046,0.006696841144561767,6325.13353061676,1290000,289943.0,1.0,1.0,175.0,1.1415126323699951,100.0
63.075855,0.003931618,0.3314058,-63.071922,63.071922,1.0355618,0.61698204,100.0,1.0,20,10.0,0.19570667,-0.11939539,-63.16602,-98.23129,4.41158,-4.5734954,130.8868,0.07258749,0.63892305,0.63892305,1e-05,0.0003,69.66079,0.006695391988754272,6358.610495328903,1295000,294831.0,1.0,1.0,189.0,1.2057390213012695,100.0
61.753906,0.0059414096,0.35829243,-61.747963,61.747963,0.84348243,0.61982495,100.0,1.0,20,10.0,0.25748402,-0.275382,-61.838272,-96.67946,2.7249603,-3.4069202,146.95282,0.07906625,0.5228115,0.5228115,1e-05,0.0003,67.2395,0.006728842067718506,6392.254709720612,1300000,299823.0,0.0,0.0,1000.0,6.8597588539123535,0.0
66.03132,0.004634113,0.32887977,-66.02669,66.02669,0.90377903,0.6219138,100.0,1.0,20,10.0,0.18831187,-0.11226912,-66.13187,-98.42343,3.2322116,-2.8155441,140.90636,0.07229865,0.56207263,0.56207263,1e-05,0.0003,71.840355,0.011334705781936646,6448.928242683411,1305000,304911.0,1.0,1.0,224.0,1.3861041069030762,100.0
61.659306,0.00491904,0.33628845,-61.65439,61.65439,1.2282889,0.6175065,100.0,1.0,20,10.0,0.38617375,0.4634454,-61.731926,-97.44822,9.119332,-4.6534376,200.38638,0.064377695,0.7584764,0.7584764,1e-05,0.0003,69.63024,0.006492352533340454,6481.390009880066,1310000,309812.0,1.0,1.0,186.0,1.1814384460449219,100.0
63.9695,0.0053218245,0.31044877,-63.96418,63.96418,0.86873895,0.6243125,100.0,1.0,20,10.0,0.24122393,0.029749952,-64.07756,-97.52519,2.7539136,-3.180998,124.794365,0.053397026,0.5423646,0.5423646,1e-05,0.0003,69.63437,0.006771955299377442,6515.249790430069,1315000,314857.0,1.0,1.0,175.0,1.1304726600646973,100.0
68.24375,0.0056566056,0.2696201,-68.2381,68.2381,1.1143006,0.6134596,100.0,1.0,20,10.0,0.16221762,0.072804764,-68.3129,-97.1191,3.100502,-5.6207676,166.0847,0.07258548,0.6835784,0.6835784,1e-05,0.0003,75.24175,0.006826318168640137,6549.381385803223,1320000,319929.0,1.0,1.0,246.0,1.9369473457336426,100.0
61.27932,0.004892003,0.30549502,-61.27443,61.27443,0.96007216,0.61665696,100.0,1.0,20,10.0,0.16602616,-0.20250124,-61.33802,-97.84204,5.142946,-3.660677,175.64775,0.0669353,0.5920352,0.5920352,1e-05,0.0003,67.3657,0.006744656038284302,6583.104669809341,1325000,324900.0,1.0,1.0,196.0,1.3196816444396973,100.0
65.43204,0.005411218,0.28673494,-65.42663,65.42663,1.1596221,0.61930513,100.0,1.0,20,10.0,0.15909953,-0.3723796,-65.534424,-98.79319,4.5463233,-4.908084,147.471,0.06081422,0.71815985,0.71815985,1e-05,0.0003,72.772736,0.006782535028457642,6617.0173490047455,1330000,329769.0,1.0,1.0,194.0,1.2544946670532227,100.0
60.89315,0.0053258045,0.3447569,-60.887825,60.887825,1.024668,0.62865937,100.0,1.0,20,10.0,0.16514406,-0.023823887,-61.041473,-97.33279,2.3051019,-4.9731317,138.2583,0.07715809,0.6441671,0.6441671,1e-05,0.0003,67.49997,0.0068187563419342045,6651.111135005951,1335000,334928.0,1.0,1.0,181.0,1.4965155124664307,100.0
62.710217,0.005192451,0.3454133,-62.705025,62.705025,1.0045141,0.6241595,100.0,1.0,20,10.0,0.22211948,0.00090381503,-62.78932,-97.64886,3.2267609,-4.5148273,148.60071,0.08031447,0.626977,0.626977,1e-05,0.0003,69.2021,0.006745635938644409,6684.839318752289,1340000,339799.0,1.0,1.0,192.0,1.2547252178192139,100.0
65.97217,0.0048779873,0.30783826,-65.96729,65.96729,1.0297663,0.62782514,100.0,1.0,20,10.0,0.35887808,-0.029936112,-66.06264,-97.934814,4.265668,-3.4988918,151.84619,0.057023637,0.6465132,0.6465132,1e-05,0.0003,72.79618,0.006849392747879028,6719.0862872600555,1345000,344949.0,1.0,1.0,290.0,1.916877031326294,100.0
62.77466,0.004479399,0.3348273,-62.77018,62.77018,1.0037786,0.6315799,100.0,1.0,20,10.0,0.36608997,0.55735326,-62.895416,-97.7644,3.5860958,-3.938159,146.95312,0.07927087,0.6339663,0.6339663,1e-05,0.0003,69.48041,0.006761632204055786,6752.894452571869,1350000,349862.0,1.0,1.0,196.0,1.2942287921905518,100.0
65.95987,0.00515638,0.28132623,-65.95471,65.95471,0.8789559,0.63020146,100.0,1.0,20,10.0,0.18664706,-5.496195,-66.033936,-97.9105,3.9971027,-3.6608262,137.17001,0.06511894,0.5539193,0.5539193,1e-05,0.0003,71.68571,0.0067442121028900145,6786.615517139435,1355000,354873.0,1.0,1.0,238.0,1.585425853729248,100.0
66.632225,0.004505374,0.32056725,-66.627716,66.627716,1.1587996,0.634726,100.0,1.0,20,10.0,0.1999135,-0.27718753,-66.73001,-97.75013,4.0001693,-2.3504994,139.65167,0.058343336,0.73552024,0.73552024,1e-05,0.0003,74.18734,0.006768616342544556,6820.458603382111,1360000,359787.0,1.0,1.0,229.0,1.4893710613250732,100.0
66.27941,0.004539839,0.2883093,-66.27487,66.27487,0.880372,0.64232296,100.0,1.0,20,10.0,0.16294698,-0.6000319,-66.37549,-97.75818,1.8662384,-2.9086592,113.26716,0.06254742,0.56548315,0.56548315,1e-05,0.0003,72.09719,0.006761991500854493,6854.268564939499,1365000,364870.0,1.0,1.0,181.0,1.137770652770996,100.0
62.929802,0.004199281,0.31924656,-62.925602,62.925602,0.95048445,0.6349557,100.0,1.0,20,10.0,0.18763588,0.56758606,-63.052734,-97.43494,3.1808834,-5.117208,141.69089,0.058505625,0.6035155,0.6035155,1e-05,0.0003,69.152596,0.006434089040756225,6886.43901515007,1370000,369941.0,1.0,1.0,214.0,1.3981211185455322,100.0
63.102203,0.004548151,0.35521084,-63.097656,63.097656,1.0624269,0.62631446,100.0,1.0,20,10.0,0.24635872,-2.5429685,-63.25625,-97.52051,3.6286182,-5.845095,157.112,0.08177303,0.6654134,0.6654134,1e-05,0.0003,70.00269,0.0065384297370910645,6919.131167888641,1375000,374624.0,1.0,1.0,246.0,1.5655970573425293,100.0
62.769207,0.00517233,0.3437685,-62.764034,62.764034,0.9433209,0.6245615,100.0,1.0,20,10.0,0.26862136,-0.035571963,-62.904606,-97.64874,3.8394022,-2.369339,132.73607,0.065706626,0.5891619,0.5891619,1e-05,0.0003,68.92944,0.006730351209640503,6952.782927751541,1380000,379824.0,1.0,1.0,191.0,1.253016710281372,100.0
62.273827,0.0046523707,0.32834262,-62.269173,62.269173,0.81274897,0.63535064,100.0,1.0,20,10.0,0.14438727,1.0326002,-62.315483,-98.20438,3.509133,-3.6210063,156.58163,0.08392635,0.5163806,0.5163806,1e-05,0.0003,67.582016,0.0066901341438293455,6986.233603239059,1385000,384818.0,1.0,1.0,188.0,1.2191243171691895,100.0
62.21823,0.0049872934,0.31172,-62.213245,62.213245,1.0630026,0.63224024,100.0,1.0,20,10.0,0.24391228,0.29974362,-62.29032,-98.59482,3.193684,-4.297407,138.20793,0.07177873,0.67207307,0.67207307,1e-05,0.0003,69.18288,0.006740179109573364,7019.934503316879,1390000,389833.0,1.0,1.0,169.0,1.0866296291351318,100.0
61.673084,0.007020137,0.34386027,-61.666065,61.666065,1.1662235,0.632498,100.0,1.0,20,10.0,0.26607633,0.011028096,-61.738144,-96.996666,3.4145699,-4.5963445,138.93307,0.078285895,0.73763406,0.73763406,1e-05,0.0003,69.3155,0.0067438058853149414,7053.65353679657,1395000,394860.0,1.0,1.0,181.0,1.1692414283752441,100.0
63.65427,0.0045120222,0.3279628,-63.649757,63.649757,1.0361549,0.6348974,100.0,1.0,20,10.0,0.2125729,-1.6091651,-63.741486,-97.878136,2.706454,-3.5951376,137.97351,0.06908736,0.65785205,0.65785205,1e-05,0.0003,70.445366,0.00680797061920166,7087.693394184113,1400000,399897.0,1.0,1.0,244.0,1.598710298538208,100.0
63.39464,0.0059268894,0.31603712,-63.388714,63.388714,1.0410554,0.6231415,100.0,1.0,20,10.0,0.2700277,-0.12652189,-63.439484,-97.715355,4.6406784,-4.3795004,155.82118,0.0763101,0.64872485,0.64872485,1e-05,0.0003,70.15192,0.011188442039489746,7143.635608673096,1405000,404870.0,1.0,1.0,247.0,1.6330597400665283,100.0
62.571846,0.0032394938,0.33910823,-62.568607,62.568607,1.0319254,0.62745804,100.0,1.0,20,10.0,0.1638769,-0.39119017,-62.658905,-97.22618,3.8462236,-4.738545,153.103,0.08032361,0.6474899,0.6474899,1e-05,0.0003,69.21062,0.006704585981369019,7177.158542871475,1410000,409971.0,1.0,1.0,181.0,1.1809287071228027,100.0
63.14158,0.0050875256,0.31904668,-63.13649,63.13649,0.94806135,0.6276209,100.0,1.0,20,10.0,0.2251311,0.028126083,-63.218315,-98.607346,3.9714158,-4.8843555,136.14682,0.06106525,0.5950231,0.5950231,1e-05,0.0003,69.31694,0.006723343181610108,7210.775263309479,1415000,414831.0,1.0,1.0,175.0,1.4351942539215088,100.0
64.78086,0.0050248653,0.28265798,-64.77583,64.77583,1.0232847,0.63335294,100.0,1.0,20,10.0,0.14896373,0.20637569,-64.77909,-98.402855,3.013126,-2.9973207,135.47685,0.09062663,0.6481004,0.6481004,1e-05,0.0003,71.41083,0.006625167369842529,7243.901104688644,1420000,419969.0,1.0,1.0,175.0,1.1317486763000488,100.0
63.75116,0.0054850946,0.30652034,-63.745674,63.745674,0.9835986,0.6221207,100.0,1.0,20,10.0,0.27552947,-2.6709092,-63.845783,-97.99246,6.0878577,-4.7939596,177.54282,0.06793706,0.611917,0.611917,1e-05,0.0003,70.14586,0.006710454463958741,7277.453380346298,1425000,424806.0,1.0,1.0,196.0,1.2747828960418701,100.0
63.34095,0.0048015094,0.30108663,-63.336147,63.336147,0.78847337,0.62268466,100.0,1.0,20,10.0,0.14295426,-0.02362544,-63.455803,-97.15915,3.8764565,-3.280062,138.93243,0.058233604,0.49097025,0.49097025,1e-05,0.0003,68.39361,0.006562096214294434,7310.263866186142,1430000,429923.0,1.0,1.0,184.0,1.1591081619262695,100.0
63.1595,0.004977718,0.30835184,-63.154522,63.154522,1.1749253,0.6183699,100.0,1.0,20,10.0,0.23134956,-0.14405677,-63.27735,-98.473335,4.4140053,-3.5830956,158.26437,0.07171247,0.7265384,0.7265384,1e-05,0.0003,70.656235,0.0064951364994049075,7342.739552497864,1435000,434953.0,1.0,1.0,191.0,1.2076539993286133,100.0
64.06087,0.0040876637,0.33470422,-64.05678,64.05678,1.1908334,0.6209799,100.0,1.0,20,10.0,0.15601079,0.22926563,-64.18108,-97.686714,3.1794946,-5.0304804,147.57834,0.08325967,0.7394836,0.7394836,1e-05,0.0003,71.61172,0.006603007555007935,7375.754594564438,1440000,439986.0,1.0,1.0,163.0,1.0297601222991943,100.0
63.496033,0.006709528,0.32714862,-63.489323,63.489323,1.0294524,0.63076943,100.0,1.0,20,10.0,0.17656836,0.64378154,-63.601765,-98.45532,3.1530032,-2.9083867,157.69893,0.0635121,0.6493471,0.6493471,1e-05,0.0003,70.16607,0.0067813742637634275,7409.661470174789,1445000,444980.0,1.0,1.0,346.0,2.2556142807006836,100.0
61.667088,0.003404809,0.33599865,-61.66368,61.66368,0.89997673,0.6313033,100.0,1.0,20,10.0,0.18317902,0.13464263,-61.732185,-98.06344,3.552661,-3.572784,143.73965,0.06678949,0.56815827,0.56815827,1e-05,0.0003,67.531845,0.006663477849960327,7442.978863477707,1450000,449973.0,1.0,1.0,269.0,1.750108003616333,100.0
66.50632,0.004849602,0.32522807,-66.501465,66.501465,1.1227483,0.62678194,100.0,1.0,20,10.0,0.14798445,-4.967019,-66.64444,-97.734566,4.507339,-3.7909749,167.85368,0.059285186,0.7037183,0.7037183,1e-05,0.0003,73.69149,0.006737166118621826,7476.664698123932,1455000,454880.0,1.0,1.0,196.0,1.2915494441986084,100.0
66.625336,0.0039074216,0.30983448,-66.62143,66.62143,0.99457926,0.6245295,100.0,1.0,20,10.0,0.1536052,0.25031808,-66.6416,-98.61777,5.066595,-5.352388,144.72675,0.06994335,0.62114406,0.62114406,1e-05,0.0003,72.99038,0.006689949941635132,7510.114452600479,1460000,459903.0,1.0,1.0,191.0,1.228618860244751,100.0
63.52729,0.004262141,0.29920703,-63.52303,63.52303,0.9986498,0.6286135,100.0,1.0,20,10.0,0.23945701,0.5443428,-63.611816,-97.9167,3.9439268,-3.7688541,159.23656,0.06439762,0.6277647,0.6277647,1e-05,0.0003,70.044395,0.006765325450897217,7543.9410841465,1465000,464414.0,1.0,1.0,196.0,1.2894365787506104,100.0
64.10293,0.0042210557,0.34733272,-64.09871,64.09871,0.9384156,0.6295938,100.0,1.0,20,10.0,0.19624847,-2.8612723,-64.23373,-98.35274,3.860057,-3.845894,162.35896,0.064573474,0.5908206,0.5908206,1e-05,0.0003,70.20738,0.00671607723236084,7577.521474838257,1470000,469856.0,1.0,1.0,183.0,1.1871278285980225,100.0
63.32658,0.0032676887,0.34854233,-63.32331,63.32331,0.9104815,0.6267014,100.0,1.0,20,10.0,0.18709268,-0.22400647,-63.411667,-98.435646,3.5337584,-5.035196,139.09583,0.08192476,0.57060003,0.57060003,1e-05,0.0003,69.21967,0.0067283682346344,7611.163319826126,1475000,474952.0,1.0,1.0,200.0,1.2885711193084717,100.0
63.45259,0.004008357,0.3153147,-63.44858,63.44858,1.0992769,0.6174755,100.0,1.0,20,10.0,0.18782556,-0.031947047,-63.54059,-97.907845,5.4956694,-3.518853,156.86961,0.08310017,0.67877656,0.67877656,1e-05,0.0003,70.42818,0.006784423685073852,7645.08544254303,1480000,479842.0,1.0,1.0,171.0,1.4206647872924805,100.0
60.77861,0.0040192427,0.29875785,-60.77459,60.77459,1.2018256,0.6070945,100.0,1.0,20,10.0,0.38244432,-1.6544957,-60.903458,-98.1716,2.5276196,-2.5716243,131.82881,0.05934101,0.72962177,0.72962177,1e-05,0.0003,68.45727,0.006665165996551514,7678.411277294159,1485000,484878.0,1.0,1.0,183.0,1.187199592590332,100.0
67.091324,0.0049171424,0.31505293,-67.08641,67.08641,1.0519154,0.6132633,100.0,1.0,20,10.0,0.18200341,0.28776717,-67.159096,-98.48702,2.8670135,-3.682352,154.54745,0.06396274,0.64510113,0.64510113,1e-05,0.0003,73.72434,0.006626585435867309,7711.544209718704,1490000,489929.0,1.0,1.0,183.0,1.1612255573272705,100.0
62.526756,0.004082289,0.3264357,-62.522675,62.522675,0.88498807,0.6227767,100.0,1.0,20,10.0,0.19894737,0.50657845,-62.590385,-97.55715,3.3961284,-3.1660063,132.13745,0.066010684,0.5511499,0.5511499,1e-05,0.0003,68.237206,0.006646492767333984,7744.776678800583,1495000,494924.0,1.0,1.0,216.0,1.3986451625823975,100.0
64.03797,0.0034542077,0.30797812,-64.034515,64.034515,1.13868,0.6205111,100.0,1.0,20,10.0,0.19931579,-0.55900145,-64.112976,-98.37996,3.7578268,-3.774537,168.13744,0.06511709,0.7065636,0.7065636,1e-05,0.0003,71.302925,0.006502713060379028,7777.290248155594,1500000,499958.0,1.0,1.0,190.0,1.2100820541381836,100.0
63.553318,0.005724367,0.32039654,-63.547592,63.547592,0.96005744,0.63261026,100.0,1.0,20,10.0,0.1569476,0.1150624,-63.67579,-97.85477,3.9843843,-3.791157,154.01595,0.04519909,0.6073422,0.6073422,1e-05,0.0003,69.78369,0.010514077758789063,7829.860641002655,1505000,504955.0,1.0,1.0,167.0,1.0728397369384766,100.0
65.50343,0.0041213306,0.28697947,-65.49931,65.49931,0.8774095,0.6375828,100.0,1.0,20,10.0,0.16899338,-0.44296986,-65.57782,-98.17325,3.6099138,-6.6502433,153.88116,0.055288203,0.5594212,0.5594212,1e-05,0.0003,71.26663,0.006788820266723633,7863.804746627808,1510000,509188.0,0.0,0.0,1000.0,6.651734352111816,0.0
62.121033,0.0049735373,0.2795828,-62.11606,62.11606,0.97046244,0.63859016,100.0,1.0,20,10.0,0.23324835,0.54421055,-62.127117,-98.04594,5.6769614,-3.351285,152.37932,0.060281347,0.61972773,0.61972773,1e-05,0.0003,68.55156,0.006659384679794312,7897.101674079895,1515000,514846.0,1.0,1.0,176.0,1.1402833461761475,100.0
61.7725,0.003432533,0.31144595,-61.769066,61.769066,0.884487,0.6383488,100.0,1.0,20,10.0,0.1827027,-0.32466406,-61.757233,-97.60897,11.5793705,-5.9736643,175.74275,0.065770864,0.5646112,0.5646112,1e-05,0.0003,67.60131,0.006804701995849609,7931.12518787384,1520000,519774.0,1.0,1.0,263.0,1.7319762706756592,100.0
63.13136,0.0074700946,0.3725282,-63.12389,63.12389,0.8246897,0.64019686,100.0,1.0,20,10.0,0.15977247,-0.36395305,-63.209496,-98.36681,4.020249,-4.6658645,133.30774,0.060798097,0.52796376,0.52796376,1e-05,0.0003,68.57077,0.006741903114318847,7964.834707736969,1525000,524851.0,1.0,1.0,239.0,1.5637290477752686,100.0
62.380787,0.004780125,0.31813622,-62.376007,62.376007,0.8947184,0.6382758,100.0,1.0,20,10.0,0.17065136,0.92744505,-62.445686,-97.70629,3.280066,-2.5319028,140.11435,0.061900318,0.5710771,0.5710771,1e-05,0.0003,68.26221,0.006726352214813233,7998.466473579407,1530000,529963.0,1.0,1.0,241.0,1.582231044769287,100.0
60.958168,0.0036860479,0.2817726,-60.954483,60.954483,1.0459608,0.6267888,100.0,1.0,20,10.0,0.25884184,-0.40652984,-60.997536,-98.069565,3.1763723,-4.929753,144.25511,0.069030076,0.6555965,0.6555965,1e-05,0.0003,67.77297,0.006719619083404541,8032.064574241638,1535000,534974.0,1.0,1.0,191.0,1.2223138809204102,100.0
63.194294,0.0042324327,0.2799636,-63.19006,63.19006,0.84805757,0.6287314,100.0,1.0,20,10.0,0.21969642,-1.8066375,-63.27839,-98.24552,3.194158,-3.6054723,132.40948,0.05930887,0.53320044,0.53320044,1e-05,0.0003,68.745995,0.006751611280441284,8065.822635412216,1540000,539928.0,1.0,1.0,164.0,1.0997319221496582,100.0
61.595707,0.0044173785,0.3093981,-61.59129,61.59129,1.0928764,0.6140968,100.0,1.0,20,10.0,0.20207882,-0.14111851,-61.673126,-97.85202,4.328384,-4.590463,147.45929,0.06868289,0.6711319,0.6711319,1e-05,0.0003,68.50911,0.006787369632720947,8099.75948882103,1545000,544835.0,1.0,1.0,207.0,1.3719780445098877,100.0
63.977417,0.005165783,0.32397717,-63.97225,63.97225,0.9067199,0.6090309,100.0,1.0,20,10.0,0.20453699,0.22189364,-64.119446,-97.84025,3.3394563,-5.972978,148.93213,0.059520066,0.55222046,0.55222046,1e-05,0.0003,69.704155,0.00660291748046875,8132.774080753326,1550000,549957.0,1.0,1.0,162.0,1.029357671737671,100.0
60.744305,0.003689589,0.28052488,-60.740616,60.740616,0.92679954,0.6157558,100.0,1.0,20,10.0,0.27815604,0.43166512,-60.732056,-98.28089,3.6009827,-4.221117,153.43073,0.07396445,0.57068217,0.57068217,1e-05,0.0003,66.72928,0.006830487585067749,8166.926523208618,1555000,554862.0,1.0,1.0,198.0,1.3962795734405518,100.0
61.52646,0.004199723,0.33319905,-61.52226,61.52226,0.9550774,0.6168983,100.0,1.0,20,10.0,0.20157927,-0.66391844,-61.623623,-97.84754,15.718831,-5.4719048,184.69838,0.06762098,0.58918566,0.58918566,1e-05,0.0003,67.619896,0.00683945460319519,8201.123800039291,1560000,559878.0,1.0,1.0,166.0,1.3979253768920898,100.0
64.517555,0.0041582915,0.32736698,-64.5134,64.5134,1.2056526,0.61635077,100.0,1.0,20,10.0,0.2614489,0.18269344,-64.62089,-97.829346,3.7872062,-4.5796995,170.04631,0.07304449,0.74310493,0.74310493,1e-05,0.0003,72.21005,0.0065932134628295894,8234.089871644974,1565000,564490.0,0.0,0.0,1000.0,6.418385744094849,0.0
63.3242,0.0064869625,0.34220383,-63.31771,63.31771,1.0424395,0.6139626,100.0,1.0,20,10.0,0.18165892,-0.13587172,-63.447414,-97.94998,2.653487,-2.730796,139.41963,0.07437101,0.6400188,0.6400188,1e-05,0.0003,69.90605,0.006654707860946655,8267.363415718079,1570000,569847.0,1.0,1.0,166.0,1.067986249923706,100.0
62.622177,0.0041641686,0.33143538,-62.61801,62.61801,1.1113943,0.6288423,100.0,1.0,20,10.0,0.2466059,-0.59098953,-62.631805,-98.070984,7.974991,-4.522055,172.81691,0.07330297,0.69889176,0.69889176,1e-05,0.0003,69.8577,0.006735041856765747,8301.038628816605,1575000,574831.0,1.0,1.0,175.0,1.1822504997253418,100.0
60.000706,0.003868092,0.3250994,-59.996838,59.996838,0.9744055,0.64454216,100.0,1.0,20,10.0,0.2716467,0.17092201,-60.04589,-97.88004,3.3096523,-4.1573524,174.34201,0.075655654,0.62804544,0.62804544,1e-05,0.0003,66.55281,0.0066494681358337405,8334.28597354889,1580000,579875.0,1.0,1.0,172.0,1.112318515777588,100.0
60.122128,0.0050922846,0.3123241,-60.117035,60.117035,0.9011246,0.6432019,100.0,1.0,20,10.0,0.22131422,0.41495925,-60.166107,-98.18432,2.7329803,-3.243664,132.5453,0.090723604,0.57960504,0.57960504,1e-05,0.0003,66.13949,0.006704726886749267,8367.809611797333,1585000,584093.0,1.0,1.0,215.0,1.7219150066375732,100.0
60.833687,0.0051471787,0.3050228,-60.82854,60.82854,0.92425126,0.6408679,100.0,1.0,20,10.0,0.2040686,-1.6481034,-60.916622,-98.1526,3.8286588,-8.328727,161.92651,0.07073921,0.59232295,0.59232295,1e-05,0.0003,66.96098,0.006713024234771729,8401.374737024307,1590000,589890.0,1.0,1.0,173.0,1.1165883541107178,100.0
60.451683,0.0052573704,0.32792747,-60.446426,60.446426,1.1247343,0.6436122,100.0,1.0,20,10.0,0.21019727,0.29153785,-60.497158,-98.02962,3.4079106,-2.7974749,171.34131,0.0658603,0.72389275,0.72389275,1e-05,0.0003,67.90081,0.006748749923706054,8435.11849117279,1595000,594933.0,1.0,1.0,187.0,1.2362751960754395,100.0
62.736366,0.0038613477,0.31112123,-62.732506,62.732506,0.908081,0.65010524,100.0,1.0,20,10.0,0.19489922,-0.12279298,-62.775093,-98.36124,2.7067647,-3.4041138,137.2792,0.05697286,0.5903482,0.5903482,1e-05,0.0003,68.83475,0.006845256042480469,8469.344775438309,1600000,599759.0,1.0,1.0,183.0,1.191347599029541,100.0
62.806755,0.0042861085,0.31688493,-62.802467,62.802467,0.82544374,0.6475695,100.0,1.0,20,10.0,0.21767044,-2.4864354,-62.873135,-97.71183,4.137327,-4.452969,138.4439,0.067438364,0.5345322,0.5345322,1e-05,0.0003,68.36975,0.010610753011703491,8522.398544549942,1605000,604948.0,1.0,1.0,179.0,1.1260313987731934,100.0
61.516296,0.004609733,0.32917762,-61.51169,61.51169,1.1363467,0.637651,100.0,1.0,20,10.0,0.19686416,0.48038828,-61.6158,-98.08087,11.857542,-5.2485027,195.04105,0.077289715,0.7245926,0.7245926,1e-05,0.0003,68.95909,0.006574884939193726,8555.272973299026,1610000,609952.0,1.0,1.0,178.0,1.5176358222961426,100.0
63.973606,0.0051020714,0.31395912,-63.968506,63.968506,0.9914121,0.6331491,100.0,1.0,20,10.0,0.18447761,-1.4259939,-64.032555,-98.56836,5.986397,-2.3187294,148.28003,0.06546068,0.62771165,0.62771165,1e-05,0.0003,70.435196,0.006694389629364013,8588.744925737381,1615000,614819.0,1.0,1.0,164.0,1.0668833255767822,100.0
57.985218,0.0044987323,0.309935,-57.98072,57.98072,1.0444516,0.62000054,100.0,1.0,20,10.0,0.28305906,1.285851,-57.989243,-98.53938,3.1493766,-3.3959813,160.96591,0.0789241,0.64756054,0.64756054,1e-05,0.0003,64.74388,0.006768838500976562,8622.58912229538,1620000,619939.0,1.0,1.0,227.0,1.4352200031280518,100.0
62.952152,0.004550138,0.29589623,-62.9476,62.9476,0.99057466,0.6214271,100.0,1.0,20,10.0,0.21356015,-1.0586146,-63.03976,-98.555305,3.8573568,-6.5372796,174.84885,0.05792728,0.61556995,0.61556995,1e-05,0.0003,69.32141,0.006720460939407349,8656.191431760788,1625000,624912.0,1.0,1.0,202.0,1.6240839958190918,100.0
61.598278,0.0058612386,0.2993698,-61.59242,61.59242,1.149651,0.6240349,100.0,1.0,20,10.0,0.20520794,0.6545626,-61.643604,-97.87071,3.275701,-5.224792,151.76874,0.0725514,0.71742237,0.71742237,1e-05,0.0003,68.97771,0.0064818662166595455,8688.600766897202,1630000,629930.0,1.0,1.0,180.0,1.1277003288269043,100.0
63.223164,0.004772545,0.32548594,-63.21839,63.21839,1.2450444,0.6212687,100.0,1.0,20,10.0,0.42847195,-0.28410736,-63.265743,-98.53901,4.4510393,-4.979773,210.2829,0.06884423,0.7735071,0.7735071,1e-05,0.0003,71.3867,0.0065697627067565914,8721.449585437775,1635000,634899.0,1.0,1.0,170.0,1.0761666297912598,100.0
60.276573,0.0066088075,0.3076508,-60.269966,60.269966,0.94690096,0.62129754,100.0,1.0,20,10.0,0.33591253,0.53452265,-60.310402,-98.50049,2.5179522,-5.7972293,162.3776,0.070046216,0.58830726,0.58830726,1e-05,0.0003,66.49556,0.006685196876525879,8754.87557387352,1640000,639209.0,1.0,1.0,186.0,1.2105975151062012,100.0
59.44605,0.006106737,0.3340975,-59.43994,59.43994,0.9217762,0.62080187,100.0,1.0,20,10.0,0.27985924,0.078230135,-59.535088,-98.19326,2.720193,-3.3648934,134.34561,0.07200332,0.57224035,0.57224035,1e-05,0.0003,65.44831,0.0066410005569458004,8788.08058142662,1645000,644984.0,1.0,1.0,191.0,1.229900598526001,100.0
59.99021,0.006020164,0.34822047,-59.98419,59.98419,0.96011925,0.6310619,100.0,1.0,20,10.0,1.3087453,-2.156597,-60.09452,-98.226814,5.8090563,-3.68909,190.99182,0.08817781,0.6058947,0.6058947,1e-05,0.0003,67.3579,0.006751719045639038,8821.839181661606,1650000,649909.0,1.0,1.0,187.0,1.2043631076812744,100.0
62.295967,0.0044104727,0.29785824,-62.291557,62.291557,1.2615961,0.6233104,100.0,1.0,20,10.0,0.8777695,-2.4583187,-62.369965,-98.040016,4.080451,-4.2353415,174.7052,0.075148486,0.78636587,0.78636587,1e-05,0.0003,71.0374,0.006685485315322876,8855.266612529755,1655000,654989.0,1.0,1.0,190.0,1.232558012008667,100.0
60.006413,0.005121583,0.31038496,-60.00129,60.00129,0.9831208,0.6185617,100.0,1.0,20,10.0,0.41465348,0.27138308,-60.072147,-98.05507,3.2160256,-2.4795477,150.47992,0.05907512,0.60812086,0.60812086,1e-05,0.0003,66.50227,0.00665781135559082,8888.555673599243,1660000,659918.0,1.0,1.0,184.0,1.1737780570983887,100.0
62.625656,0.0040491885,0.29625773,-62.62161,62.62161,0.93858534,0.62008876,100.0,1.0,20,10.0,0.22801688,0.372438,-62.710327,-98.05889,4.0202885,-4.2009883,198.61902,0.06521545,0.5820062,0.5820062,1e-05,0.0003,68.67374,0.00670196418762207,8922.065499544144,1665000,664860.0,1.0,1.0,189.0,1.2220523357391357,100.0
61.022644,0.0046239793,0.34479678,-61.01802,61.01802,1.124894,0.6174804,100.0,1.0,20,10.0,0.2384548,-0.09305281,-61.08007,-98.05419,5.6416783,-5.9876604,195.93271,0.07347439,0.6946,0.6946,1e-05,0.0003,68.2071,0.006603524351119995,8955.083125591278,1670000,669987.0,1.0,1.0,176.0,1.1167819499969482,100.0
61.83247,0.003442824,0.2878036,-61.829025,61.829025,1.0206718,0.6196004,100.0,1.0,20,10.0,0.30546385,0.72480774,-61.92189,-98.13016,4.491332,-3.7309625,168.5404,0.06541586,0.6324087,0.6324087,1e-05,0.0003,68.46202,0.006633472633361817,8988.250492811203,1675000,674835.0,1.0,1.0,163.0,1.0634419918060303,100.0
59.305786,0.0044800695,0.31929365,-59.301308,59.301308,1.0594738,0.6204634,100.0,1.0,20,10.0,0.3685433,-0.56357986,-59.344124,-98.03797,3.2262962,-4.7588067,161.95497,0.072563805,0.65736467,0.65736467,1e-05,0.0003,66.24797,0.006771540927886963,9022.10820221901,1680000,679963.0,1.0,1.0,171.0,1.1222150325775146,100.0
64.33766,0.0042550657,0.2696699,-64.333405,64.333405,1.0048312,0.623759,100.0,1.0,20,10.0,0.6148546,0.42940766,-64.30347,-98.606766,6.8264956,-6.11099,205.66699,0.05322927,0.62677246,0.62677246,1e-05,0.0003,71.22024,0.006729153060913086,9055.753972053528,1685000,684895.0,1.0,1.0,180.0,1.1639134883880615,100.0
58.397934,0.0046545705,0.32662815,-58.39328,58.39328,1.0195278,0.61921316,100.0,1.0,20,10.0,0.16821608,0.12789783,-58.44056,-97.90602,4.851845,-3.1064987,152.8537,0.0872271,0.631305,0.631305,1e-05,0.0003,64.8792,0.006704446458816528,9089.276208162308,1690000,689844.0,1.0,1.0,180.0,1.1610352993011475,100.0
62.155575,0.003766477,0.29958895,-62.15181,62.15181,1.0970453,0.6247252,100.0,1.0,20,10.0,0.18272366,0.5453249,-62.197746,-97.98165,3.752739,-4.0848303,158.56369,0.06567706,0.68535185,0.68535185,1e-05,0.0003,69.19182,0.0065690149307250974,9122.12128663063,1695000,694851.0,1.0,1.0,170.0,1.091219186782837,100.0
61.554504,0.0043859957,0.32152072,-61.550117,61.550117,0.90271366,0.62727106,100.0,1.0,20,10.0,0.22902788,-0.018230744,-61.56668,-98.32098,4.8781524,-4.940788,150.23184,0.055985637,0.56624615,0.56624615,1e-05,0.0003,67.44599,0.006592950630187988,9155.086044073105,1700000,699481.0,1.0,1.0,161.0,1.0075068473815918,100.0
62.091946,0.0046644793,0.30664164,-62.08728,62.08728,1.0335273,0.6172782,100.0,1.0,20,10.0,0.19499633,0.08153633,-62.14171,-97.89701,3.2007587,-4.0191965,158.96445,0.073948845,0.6379739,0.6379739,1e-05,0.0003,68.66668,0.010255997705459595,9206.366036653519,1705000,704951.0,0.0,0.0,1000.0,6.86725640296936,0.0
61.196102,0.004266899,0.2939297,-61.191833,61.191833,0.9483133,0.615353,100.0,1.0,20,10.0,0.18889734,-3.6311631,-61.269882,-97.923775,2.3274949,-2.8438504,122.65265,0.07031581,0.5835474,0.5835474,1e-05,0.0003,67.220474,0.0066703184127807616,9239.717633008957,1710000,709970.0,1.0,1.0,191.0,1.227142572402954,100.0
61.740635,0.004748393,0.31937844,-61.735886,61.735886,0.9589685,0.60245085,100.0,1.0,20,10.0,0.17509282,0.37813258,-61.843258,-98.18413,4.123404,-3.806042,155.78667,0.06928679,0.5777314,0.5777314,1e-05,0.0003,67.69305,0.006778664302825928,9273.610958576202,1715000,714892.0,1.0,1.0,156.0,0.9946088790893555,100.0
58.557697,0.0038390865,0.32204875,-58.55386,58.55386,1.1594481,0.59497917,100.0,1.0,20,10.0,0.20030066,0.12726185,-58.573715,-98.6259,4.136075,-5.053793,175.07109,0.06778827,0.68984747,0.68984747,1e-05,0.0003,65.65647,0.006691386842727661,9307.067896842957,1720000,719956.0,1.0,1.0,165.0,1.0653831958770752,100.0
61.961082,0.005188221,0.2923205,-61.955894,61.955894,0.90410525,0.59408385,100.0,1.0,20,10.0,0.22422603,0.9366298,-62.02565,-98.54783,5.474951,-5.1060886,144.53537,0.07098789,0.5371143,0.5371143,1e-05,0.0003,67.55646,0.0066497114658355715,9340.316459178925,1725000,724924.0,1.0,1.0,163.0,1.0458462238311768,100.0
60.25441,0.005777713,0.31485313,-60.24863,60.24863,0.94143426,0.590879,100.0,1.0,20,10.0,0.23896427,0.5144024,-60.31922,-97.9189,5.428192,-2.9740634,135.82513,0.061789498,0.55627376,0.55627376,1e-05,0.0003,66.056114,0.00672879433631897,9373.960435152054,1730000,729970.0,1.0,1.0,179.0,1.1433889865875244,100.0
62.091114,0.0040022344,0.30737394,-62.087112,62.087112,0.92204684,0.5842598,100.0,1.0,20,10.0,0.22797447,0.4326708,-62.124,-98.332375,2.5939298,-3.1228473,134.06818,0.060812492,0.5387149,0.5387149,1e-05,0.0003,67.70624,0.006694821691513061,9407.43454861641,1735000,734898.0,1.0,1.0,172.0,1.106468915939331,100.0
60.2139,0.0033371763,0.3269571,-60.210564,60.210564,1.0708718,0.58535963,100.0,1.0,20,10.0,0.27256364,1.4526448,-60.32895,-98.657936,5.138728,-2.9750695,148.96638,0.06336758,0.6268451,0.6268451,1e-05,0.0003,66.75491,0.006647563600540161,9440.672370672226,1740000,739859.0,1.0,1.0,162.0,1.0457439422607422,100.0
59.31703,0.0044703917,0.32265913,-59.31256,59.31256,0.8843672,0.6004378,100.0,1.0,20,10.0,0.24464932,0.71820086,-59.34234,-98.197296,2.1951008,-2.974711,130.58975,0.07605539,0.5310075,0.5310075,1e-05,0.0003,64.87176,0.006759396886825562,9474.469359636307,1745000,744248.0,1.0,1.0,165.0,1.0669095516204834,100.0
60.013016,0.0049675815,0.3253644,-60.00805,60.00805,1.0063701,0.606718,100.0,1.0,20,10.0,0.27762514,-1.8451385,-60.09026,-98.61552,3.59746,-7.1677337,168.98775,0.059780568,0.6105828,0.6105828,1e-05,0.0003,66.39647,0.0067352985382080075,9508.145857810974,1750000,749842.0,1.0,1.0,179.0,1.1865499019622803,100.0
61.89868,0.005155581,0.33143848,-61.893524,61.893524,0.88400835,0.6146554,100.0,1.0,20,10.0,0.16735794,0.09559345,-61.996826,-98.78034,2.2872887,-4.1864085,128.10333,0.065872625,0.5433605,0.5433605,1e-05,0.0003,67.49964,0.0066781807422637935,9541.536766052246,1755000,754554.0,1.0,1.0,172.0,1.1073648929595947,100.0
59.80885,0.0042222966,0.28579372,-59.804626,59.804626,0.99261254,0.6220516,100.0,1.0,20,10.0,0.26119706,0.308528,-59.902416,-98.24218,3.588135,-3.3246465,164.46457,0.07362598,0.6174562,0.6174562,1e-05,0.0003,66.244606,0.006629083919525146,9574.68219089508,1760000,759862.0,1.0,1.0,195.0,1.231558084487915,100.0
62.768234,0.005009235,0.33216944,-62.763226,62.763226,1.0924691,0.6197431,100.0,1.0,20,10.0,0.14065719,0.108009554,-62.8208,-98.185905,4.140623,-6.6542745,153.4485,0.09062633,0.67705023,0.67705023,1e-05,0.0003,69.67939,0.0065743720531463625,9607.55405497551,1765000,764854.0,1.0,1.0,161.0,1.0012977123260498,100.0
62.275845,0.0035450014,0.2975488,-62.2723,62.2723,0.8768446,0.6324126,100.0,1.0,20,10.0,0.21729296,-0.07020041,-62.303963,-98.78566,2.964362,-5.0867,162.43176,0.07067409,0.5545276,0.5545276,1e-05,0.0003,68.038414,0.006658390140533447,9640.846009731293,1770000,769901.0,1.0,1.0,180.0,1.489579439163208,100.0
61.985012,0.004975026,0.31481236,-61.980038,61.980038,0.91102785,0.63636833,100.0,1.0,20,10.0,0.20819248,-0.60648155,-62.04063,-98.17258,6.076334,-3.494916,148.41986,0.07461848,0.5797493,0.5797493,1e-05,0.0003,67.99069,0.006614180183410644,9673.916914463043,1775000,774966.0,1.0,1.0,166.0,1.0882236957550049,100.0
62.236675,0.0039707897,0.29097757,-62.232704,62.232704,0.8899508,0.64776844,100.0,1.0,20,10.0,0.1636895,-6.031696,-62.306473,-98.388176,2.9158924,-4.4820256,138.17569,0.066093996,0.57648206,0.57648206,1e-05,0.0003,68.165184,0.0066798179626464844,9707.316009521484,1780000,779210.0,1.0,1.0,162.0,1.3752644062042236,100.0
60.124756,0.0051048524,0.31187385,-60.11965,60.11965,1.0199909,0.63605636,100.0,1.0,20,10.0,0.17174809,0.25645944,-60.18849,-98.42621,5.5113993,-5.11207,164.33105,0.06835271,0.6487717,0.6487717,1e-05,0.0003,66.784225,0.006667951583862305,9740.655772209167,1785000,784842.0,1.0,1.0,211.0,1.6797170639038086,100.0
60.661266,0.004613489,0.3082865,-60.656654,60.656654,0.8430076,0.6285252,100.0,1.0,20,10.0,0.24299842,0.72579485,-60.725777,-98.26685,4.2400465,-4.4519334,149.7256,0.07060252,0.52985156,0.52985156,1e-05,0.0003,66.20278,0.006606521797180176,9773.688385248184,1790000,789849.0,1.0,1.0,158.0,1.0224876403808594,100.0
62.8683,0.0044600493,0.29240042,-62.863842,62.863842,0.951068,0.6261372,100.0,1.0,20,10.0,0.18071282,1.0175177,-62.96006,-98.72764,3.3133545,-4.4568963,151.09723,0.06195661,0.59549904,0.59549904,1e-05,0.0003,69.004005,0.006771939325332641,9807.548086643219,1795000,794973.0,1.0,1.0,158.0,1.0278029441833496,100.0
60.28008,0.0058986596,0.3272505,-60.27418,60.27418,0.98286855,0.6249079,100.0,1.0,20,10.0,0.24507509,2.6269948,-60.36536,-98.66281,5.9974413,-3.4536848,145.09352,0.060235698,0.6142023,0.6142023,1e-05,0.0003,66.667175,0.006741809368133545,9841.257137775421,1800000,799418.0,1.0,1.0,169.0,1.112501859664917,100.0
59.274673,0.0038063708,0.32367754,-59.270866,59.270866,0.86463207,0.6285743,100.0,1.0,20,10.0,0.18683591,-2.3474033,-59.35523,-98.46987,3.1533704,-5.086334,143.43365,0.0592535,0.5434855,0.5434855,1e-05,0.0003,64.89636,0.010092556715011596,9891.719925642014,1805000,804842.0,1.0,1.0,160.0,1.0250492095947266,100.0
59.756584,0.006519322,0.25894284,-59.750065,59.750065,0.96752954,0.6199768,100.0,1.0,20,10.0,1.6416544,0.5634202,-59.760666,-98.29311,3.5540028,-2.8137784,147.23055,0.05824133,0.5998459,0.5998459,1e-05,0.0003,67.3967,0.006663390779495239,9925.036883592606,1810000,809861.0,1.0,1.0,168.0,1.0890860557556152,100.0
61.980457,0.004511486,0.32576907,-61.975945,61.975945,0.97698504,0.6150402,100.0,1.0,20,10.0,1.0651848,0.33447218,-62.076515,-98.46552,5.1095476,-7.9116206,175.32751,0.05886434,0.60088503,0.60088503,1e-05,0.0003,69.05449,0.006697101497650146,9958.52239537239,1815000,814452.0,1.0,1.0,178.0,1.4619653224945068,100.0
61.820286,0.005395825,0.291569,-61.81489,61.81489,0.9931655,0.59278697,100.0,1.0,20,10.0,0.17416674,-4.206502,-61.866356,-98.60878,2.9000614,-4.725545,164.94997,0.06272236,0.5887356,0.5887356,1e-05,0.0003,67.881805,0.006608992195129395,9991.567360639572,1820000,819910.0,1.0,1.0,161.0,1.0437099933624268,100.0
59.828457,0.0053001577,0.3039103,-59.82316,59.82316,0.98174685,0.6014766,100.0,1.0,20,10.0,0.3561666,1.9154098,-59.779488,-98.47218,3.3582883,-2.2920542,142.88681,0.06618374,0.5904978,0.5904978,1e-05,0.0003,66.0896,0.006648957204818726,10024.8121509552,1825000,824905.0,1.0,1.0,188.0,1.184419870376587,100.0
61.39042,0.0062385662,0.30321229,-61.384182,61.384182,1.0029306,0.60844517,100.0,1.0,20,10.0,0.24547416,1.5038048,-61.431366,-98.36575,2.8387258,-2.7444358,133.62628,0.064192116,0.6102283,0.6102283,1e-05,0.0003,67.738174,0.006532753801345825,10057.475924015045,1830000,829965.0,0.0,0.0,1000.0,6.775001287460327,0.0
58.360653,0.0047435947,0.29563448,-58.355907,58.355907,0.9077488,0.62000006,100.0,1.0,20,10.0,0.23666124,0.9457129,-58.423912,-98.18929,4.199911,-3.0753353,135.50656,0.06902638,0.56280434,0.56280434,1e-05,0.0003,64.22536,0.006622137069702149,10090.586612939835,1835000,834953.0,1.0,1.0,183.0,1.5232648849487305,100.0
60.945843,0.005157477,0.3165105,-60.940685,60.940685,0.9368844,0.6215455,100.0,1.0,20,10.0,0.41703838,2.0779068,-60.9709,-98.53283,3.2159858,-4.0813737,158.85074,0.06970936,0.5823163,0.5823163,1e-05,0.0003,67.18604,0.006673301553726196,10123.953125,1840000,839893.0,1.0,1.0,182.0,1.167701005935669,100.0
61.87808,0.0039105294,0.32332402,-61.87417,61.87417,0.9720114,0.6256153,100.0,1.0,20,10.0,0.18147662,-0.20533942,-61.960114,-98.24112,3.939964,-3.2116237,150.54047,0.06894289,0.6081052,0.6081052,1e-05,0.0003,68.14061,0.006699892520904541,10157.45259141922,1845000,844897.0,1.0,1.0,175.0,1.1245067119598389,100.0
63.18488,0.0039209356,0.3164007,-63.180958,63.180958,1.0304756,0.6218413,100.0,1.0,20,10.0,0.5299278,0.10530515,-63.187843,-98.563774,5.00157,-3.7431443,190.08853,0.07221288,0.6407923,0.6407923,1e-05,0.0003,70.12273,0.006742184114456176,10191.163515806198,1850000,849185.0,1.0,1.0,390.0,2.5313634872436523,100.0
62.53827,0.004186921,0.28068367,-62.53408,62.53408,0.83491206,0.62719387,100.0,1.0,20,10.0,0.2774599,-0.6677938,-62.536995,-98.54189,5.374782,-5.148059,153.44379,0.06620477,0.5236517,0.5236517,1e-05,0.0003,68.052246,0.006707707118988037,10224.702055692673,1855000,854959.0,1.0,1.0,156.0,1.0217413902282715,100.0
61.457367,0.0049664318,0.3325417,-61.4524,61.4524,0.90946245,0.6338152,100.0,1.0,20,10.0,0.16335846,0.1870699,-61.4546,-98.52635,4.440101,-2.1729958,154.9885,0.0679123,0.57643116,0.57643116,1e-05,0.0003,67.38503,0.006738819980621338,10258.396159648895,1860000,859889.0,1.0,1.0,206.0,1.3543708324432373,100.0
61.73599,0.0034511639,0.2781676,-61.732536,61.732536,0.98826003,0.6293995,100.0,1.0,20,10.0,0.1554859,-2.2578835,-61.77321,-98.49848,4.969248,-3.0744886,138.00531,0.05495518,0.62201035,0.62201035,1e-05,0.0003,68.11158,0.006698703241348266,10291.88968038559,1865000,864923.0,1.0,1.0,205.0,1.3052904605865479,100.0
59.73978,0.004098929,0.28184953,-59.73568,59.73568,0.99652034,0.6219937,100.0,1.0,20,10.0,0.24953008,0.4804175,-59.765385,-98.41112,5.4477277,-3.5466406,178.1685,0.072251536,0.6198294,0.6198294,1e-05,0.0003,66.18761,0.006652900123596191,10325.154185533524,1870000,869897.0,1.0,1.0,169.0,1.1053667068481445,100.0
60.34704,0.0063627344,0.3327725,-60.340675,60.340675,0.96072435,0.6139068,100.0,1.0,20,10.0,0.19599202,-3.9011068,-60.453957,-97.938286,5.454056,-5.3768306,165.83609,0.05545198,0.58979523,0.58979523,1e-05,0.0003,66.44098,0.00673848261833191,10358.846602201462,1875000,874872.0,1.0,1.0,187.0,1.215723991394043,100.0
58.82352,0.00371932,0.28582034,-58.8198,58.8198,0.86790067,0.6061014,100.0,1.0,20,10.0,0.18685512,-1.2667862,-58.89295,-98.154015,4.349323,-4.032647,152.6251,0.074392855,0.5260358,0.5260358,1e-05,0.0003,64.27074,0.00670467791557312,10392.369996070862,1880000,879954.0,1.0,1.0,181.0,1.1537179946899414,100.0
60.01942,0.005311846,0.2908759,-60.01411,60.01411,1.0575191,0.59732693,100.0,1.0,20,10.0,0.18359232,0.3927138,-60.09855,-98.223595,4.1441264,-6.577616,191.61174,0.057369307,0.63168466,0.63168466,1e-05,0.0003,66.51986,0.006677897024154663,10425.75948548317,1885000,884994.0,1.0,1.0,164.0,1.0529487133026123,100.0
57.625126,0.004222159,0.2874566,-57.620903,57.620903,1.0132444,0.60626405,100.0,1.0,20,10.0,0.28531736,-2.2238555,-57.718987,-98.42299,3.10501,-3.2163217,130.98561,0.06450597,0.6142937,0.6142937,1e-05,0.0003,64.053375,0.006682356977462768,10459.171274662018,1890000,889886.0,1.0,1.0,173.0,1.1075184345245361,100.0
59.66779,0.004415972,0.30664176,-59.663372,59.663372,0.9593106,0.6105878,100.0,1.0,20,10.0,0.1816612,0.9962781,-59.70236,-98.047356,4.0513644,-2.5112298,152.58015,0.07803479,0.5857433,0.5857433,1e-05,0.0003,65.70688,0.006610181331634522,10492.222185134888,1895000,894924.0,0.0,0.0,1000.0,6.621318578720093,0.0
59.512863,0.0048968075,0.32041234,-59.507965,59.507965,1.0092071,0.62112635,100.0,1.0,20,10.0,0.21973132,0.58308375,-59.5906,-98.49124,4.0006304,-3.8609412,142.36108,0.06089455,0.6268452,0.6268452,1e-05,0.0003,66.001045,0.0064804323196411134,10524.624351263046,1900000,899862.0,1.0,1.0,174.0,1.1037170886993408,100.0
59.687553,0.0054564336,0.30056867,-59.6821,59.6821,0.9305193,0.6216625,100.0,1.0,20,10.0,0.31880203,0.033279344,-59.696648,-98.13214,3.5926948,-3.0230293,141.34735,0.07904948,0.5784689,0.5784689,1e-05,0.0003,65.791046,0.010655500078201294,10577.90185713768,1905000,904906.0,1.0,1.0,153.0,0.9645397663116455,100.0
61.28585,0.004466054,0.33726627,-61.281384,61.281384,0.9507505,0.6227967,100.0,1.0,20,10.0,0.28462636,1.1478034,-61.337616,-98.12543,3.538999,-3.9230776,161.39905,0.07801555,0.5921243,0.5921243,1e-05,0.0003,67.49172,0.006630457162857055,10611.054147481918,1910000,909897.0,1.0,1.0,159.0,1.0509655475616455,100.0
61.565907,0.005236496,0.29764572,-61.56067,61.56067,1.1172335,0.62445384,100.0,1.0,20,10.0,0.15290856,-0.38546103,-61.55148,-98.4736,6.573201,-6.1217594,204.77788,0.063468315,0.69766074,0.69766074,1e-05,0.0003,68.69542,0.006495514917373657,10643.531728982925,1915000,914894.0,1.0,1.0,198.0,1.231238603591919,100.0
59.41271,0.006144928,0.32110313,-59.406563,59.406563,1.0915715,0.6364006,100.0,1.0,20,10.0,0.22351146,-1.3468697,-59.47,-98.32041,6.3380423,-3.7565103,156.85754,0.06799643,0.6946767,0.6946767,1e-05,0.0003,66.582985,0.0066406028747558596,10676.73474740982,1920000,919910.0,1.0,1.0,187.0,1.1765995025634766,100.0
57.611313,0.00491435,0.33106256,-57.6064,57.6064,0.9624066,0.64105743,100.0,1.0,20,10.0,0.23339175,0.8067452,-57.73334,-98.224014,3.3136563,-3.852699,158.32204,0.060972966,0.6169579,0.6169579,1e-05,0.0003,64.01428,0.006473916053771973,10709.104331731796,1925000,924985.0,1.0,1.0,199.0,1.2483484745025635,100.0
60.948574,0.003083361,0.28863254,-60.94549,60.94549,0.7973957,0.63943046,100.0,1.0,20,10.0,0.29469424,1.2636203,-60.954308,-98.31938,2.9708014,-2.8807952,150.41199,0.063429125,0.5098791,0.5098791,1e-05,0.0003,66.34206,0.0064344372749328615,10741.276522636414,1930000,929215.0,1.0,1.0,141.0,0.8838794231414795,100.0
61.00558,0.0034632166,0.28218123,-61.002117,61.002117,0.91757756,0.6418387,100.0,1.0,20,10.0,0.21274713,0.14571849,-61.007614,-98.36837,4.1232815,-4.472767,158.86224,0.04986155,0.5889368,0.5889368,1e-05,0.0003,67.1077,0.006351776933670044,10773.035411596298,1935000,934908.0,1.0,1.0,174.0,1.0753657817840576,100.0
60.79691,0.0042302916,0.30100447,-60.79268,60.79268,1.0653625,0.6319258,100.0,1.0,20,10.0,0.2110906,-3.7512383,-60.826233,-98.27507,6.0045805,-4.0670185,177.79318,0.076100886,0.67323005,0.67323005,1e-05,0.0003,67.7403,0.006444714689254761,10805.258989095688,1940000,939940.0,1.0,1.0,167.0,1.067087173461914,100.0
59.999702,0.0038671712,0.30678302,-59.995834,59.995834,0.84094584,0.64244723,100.0,1.0,20,10.0,0.20390454,0.502838,-60.030952,-98.23891,3.1936615,-3.709681,149.02985,0.062969,0.5402633,0.5402633,1e-05,0.0003,65.60624,0.006408495712280273,10837.301471471786,1945000,944864.0,1.0,1.0,182.0,1.1315200328826904,100.0
60.35349,0.0053201444,0.30874217,-60.348167,60.348167,0.91863096,0.6471963,100.0,1.0,20,10.0,0.25306126,-1.510492,-60.421417,-98.5542,4.313271,-3.5867107,163.09262,0.072020225,0.5945345,0.5945345,1e-05,0.0003,66.551895,0.006371452236175537,10869.158737421036,1950000,949849.0,1.0,1.0,159.0,0.977851390838623,100.0
61.75072,0.003948085,0.26713115,-61.746773,61.746773,1.0169227,0.640392,100.0,1.0,20,10.0,0.17431471,0.37917444,-61.719658,-98.109665,2.8825533,-4.496706,152.48518,0.05704364,0.6512292,0.6512292,1e-05,0.0003,68.43733,0.006497322177886963,10901.645352602005,1955000,954861.0,1.0,1.0,154.0,0.9458329677581787,100.0
60.114807,0.0053050714,0.3076879,-60.1095,60.1095,0.9409684,0.64164895,100.0,1.0,20,10.0,0.1857742,-1.5268224,-60.189167,-98.51401,6.1693916,-4.521768,181.67516,0.07391001,0.6037714,0.6037714,1e-05,0.0003,66.338295,0.006450946760177613,10933.900090456009,1960000,959905.0,1.0,1.0,149.0,0.9222731590270996,100.0
60.263805,0.004592633,0.29151633,-60.259212,60.259212,0.93543595,0.6426477,100.0,1.0,20,10.0,0.24723275,1.0360087,-60.292572,-98.27945,4.7904096,-4.516837,164.9825,0.061375134,0.60115576,0.60115576,1e-05,0.0003,66.5226,0.006374407577514648,10965.77213215828,1965000,964853.0,1.0,1.0,158.0,0.988785982131958,100.0
59.71263,0.004593731,0.3301307,-59.70804,59.70804,1.0789763,0.6376694,100.0,1.0,20,10.0,0.21262294,0.8068065,-59.685078,-98.12382,5.050111,-5.1560483,188.4075,0.06829763,0.6880301,0.6880301,1e-05,0.0003,66.80556,0.006508831691741944,10998.316294908524,1970000,969922.0,1.0,1.0,178.0,1.0963809490203857,100.0
58.202637,0.0053371275,0.37879407,-58.1973,58.1973,1.0438709,0.6358945,100.0,1.0,20,10.0,0.2120098,-2.0572557,-58.27482,-98.24048,3.0372143,-4.753024,161.21442,0.06299284,0.6637918,0.6637918,1e-05,0.0003,65.05257,0.006445085477828979,11030.541726589203,1975000,974838.0,1.0,1.0,186.0,1.1729223728179932,100.0
61.979916,0.0046011074,0.31362456,-61.975315,61.975315,0.9738084,0.64372325,100.0,1.0,20,10.0,0.25555837,-3.1010277,-62.032887,-98.53655,2.9534247,-4.1713505,165.28589,0.055999085,0.6268631,0.6268631,1e-05,0.0003,68.504105,0.006470606470108033,11062.894762992859,1980000,979883.0,1.0,1.0,194.0,1.2018921375274658,100.0
60.236794,0.005248881,0.30358934,-60.231544,60.231544,1.0118344,0.63865906,100.0,1.0,20,10.0,0.3491427,0.28403562,-60.307,-98.084236,4.241233,-4.3071685,175.33832,0.06902409,0.6462172,0.6462172,1e-05,0.0003,67.04811,0.006556580829620361,11095.677671909332,1985000,984974.0,1.0,1.0,173.0,1.0894317626953125,100.0
59.676304,0.005433633,0.3062057,-59.67087,59.67087,0.90761894,0.6341458,100.0,1.0,20,10.0,0.2493943,-0.2470892,-59.72068,-98.43852,4.6379533,-3.5486586,144.30325,0.07585141,0.5755627,0.5755627,1e-05,0.0003,65.68133,0.006422600269317627,11127.79067826271,1990000,989889.0,1.0,1.0,155.0,0.9782774448394775,100.0
60.561565,0.0041013663,0.30351445,-60.557465,60.557465,1.0047144,0.64741355,100.0,1.0,20,10.0,0.26341796,1.3740537,-60.58181,-98.14327,6.7614937,-5.9811606,198.60785,0.074471675,0.6504657,0.6504657,1e-05,0.0003,67.329636,0.006379855251312256,11159.689959287643,1995000,994831.0,1.0,1.0,152.0,0.9432508945465088,100.0
60.224228,0.0039527104,0.32717758,-60.220276,60.220276,0.91889966,0.6428584,100.0,1.0,20,10.0,0.2905193,0.20921576,-60.31578,-98.17555,3.969336,-3.8210797,179.98013,0.08639678,0.5907224,0.5907224,1e-05,0.0003,66.421974,0.006510841178894043,11192.24416923523,2000000,999976.0,1.0,1.0,167.0,1.0436532497406006,100.0
