training/actor/actor_loss,training/actor/bound_loss,training/actor/mse,training/actor/q,training/actor/q_loss,training/alpha/current_vs_historical_ratio,training/alpha/historical_avg_loss,training/alpha/max_alpha_bound,training/alpha/min_alpha_bound,training/alpha/valid_count,training/alpha_weight,training/critic/critic_loss,training/critic/q_max,training/critic/q_mean,training/critic/q_min,training/grad/max,training/grad/min,training/grad/norm,training/meanflow/consistency_loss,training/meanflow/flow_loss,training/meanflow/mean_flow_loss,training/metrics/actor_learning_rate,training/metrics/critic_learning_rate,training/total_loss,time/epoch_time,time/total_time,step,exploration/total.timesteps,exploration/episode.final_reward,exploration/episode.return,exploration/episode.length,exploration/episode.duration,exploration/episode.normalized_return
-0.24057941,0.0,0.6569352,0.24057941,-0.24057941,1.0,0.0,1300.0,13.0,0,130.0,2.927113,4.144663,0.347093,-3.3033063,358.49414,-347.9659,4218.1577,0.1279962,1.0800068,1.0800068,0.0,0.0003,143.08743,0.0072713477611541745,36.35674428939819,0,,,,,,
23.417532,0.05555875,0.341864,-23.361973,23.361973,52344292.0,0.0,1300.0,13.0,2,130.0,0.004024923,-20.62357,-23.357227,-24.485228,204.65744,-179.48297,4566.69,0.06421895,0.5234429,0.5234429,1e-05,0.0003,91.46913,0.017020378065109254,121.4586386680603,5000,,,,,,
40.405552,0.03434322,0.3213287,-40.37121,40.37121,54974948.0,0.0,1300.0,13.0,4,130.0,0.024766808,-37.55682,-40.369896,-41.547443,276.72864,-290.57794,4912.253,0.0715885,0.5497495,0.5497495,2e-05,0.0003,111.89775,0.0037008161067962645,139.9627230167389,10000,,,,,,
53.806187,0.030680895,0.3261702,-53.775505,53.775505,53054380.0,0.0,1300.0,13.0,7,130.0,0.001535892,-50.597713,-53.774628,-54.651546,92.708,-184.40695,3668.8643,0.076394334,0.5305438,0.5305438,3e-05,0.0003,122.77842,0.0036956094741821288,158.44077396392822,15000,,,,,,
64.23393,0.027222442,0.27694684,-64.20671,64.20671,51508390.0,0.0,1300.0,13.0,9,130.0,0.0008501939,-60.807114,-64.20697,-64.832214,133.61165,-94.90169,3146.5283,0.0684375,0.5150839,0.5150839,4e-05,0.0003,131.19568,0.0036361382484436035,176.62146925926208,20000,,,,,,
72.42865,0.017167138,0.31476402,-72.41148,72.41148,2.9696863,0.19813538,1300.0,13.0,12,130.0,0.0016054555,-70.30128,-72.40972,-72.983475,74.80849,-82.58169,2358.0947,0.058814425,0.5883999,0.5883999,5e-05,0.0003,148.92224,0.0037017054080963133,195.12999987602234,25000,,,,,,
78.81563,0.02232397,0.29320145,-78.793304,78.793304,1.446245,0.33655202,1300.0,13.0,14,130.0,0.0033112469,-72.32795,-78.79306,-79.33279,63.30153,-62.58828,1862.8654,0.061302736,0.48673666,0.48673666,6e-05,0.0003,142.0947,0.0037066765308380128,213.6633861064911,30000,,,,,,
83.706635,0.010953847,0.27273038,-83.69568,83.69568,1.0989513,0.47380263,1300.0,13.0,17,130.0,0.0031033005,-78.91481,-83.69451,-84.27459,69.91114,-50.493988,1568.311,0.06385101,0.52068603,0.52068603,6.9999995e-05,0.0003,151.39893,0.0036384244918823243,231.8555121421814,35000,,,,,,
87.48885,0.013583983,0.24982488,-87.47527,87.47527,0.88680685,0.540254,1300.0,13.0,19,130.0,0.0024636895,-84.56649,-87.47533,-87.94569,52.17553,-60.682743,1612.9209,0.061168008,0.47910094,0.47910094,8e-05,0.0003,149.77444,0.0037026506900787355,250.36877298355103,40000,,,,,,
90.4306,0.016114347,0.32004383,-90.41449,90.41449,0.87340885,0.56044436,1300.0,13.0,20,130.0,0.0012764857,-86.15979,-90.41406,-90.810196,38.57064,-42.0402,1251.9636,0.06897522,0.48949707,0.48949707,8.9999994e-05,0.0003,154.0665,0.003719265174865723,268.96510219573975,45000,,,,,,
92.69696,0.017807484,0.27436095,-92.67915,92.67915,0.9920167,0.5477156,1300.0,13.0,20,130.0,0.0014298153,-87.463394,-92.67919,-93.17826,38.19439,-37.503815,1820.6146,0.056384802,0.543343,0.543343,1e-04,0.0003,163.33298,0.003657077741622925,287.25049448013306,50000,,,,,,
94.28147,0.026775463,0.25534654,-94.25469,94.25469,0.8147552,0.5511591,1300.0,13.0,20,130.0,0.0026123342,-88.48604,-94.25505,-94.96288,45.9549,-47.687412,1103.9531,0.06043565,0.44905972,0.44905972,9.999385e-05,0.0003,152.66185,0.0037237626075744628,305.86931133270264,55000,,,,,,
95.65388,0.010324879,0.25697422,-95.643555,95.643555,1.0365164,0.54492104,1300.0,13.0,20,130.0,0.0042765783,-92.04101,-95.643005,-96.194115,55.71975,-47.869408,1357.6544,0.06652807,0.5648196,0.5648196,9.99754e-05,0.0003,169.0847,0.003716192579269409,324.45027780532837,60000,,,,,,
96.37305,0.008488642,0.25312924,-96.364555,96.364555,1.0229855,0.5371455,1300.0,13.0,20,130.0,0.0067567094,-90.90662,-96.36826,-97.36192,39.30742,-31.663687,1149.3044,0.06713271,0.549492,0.549492,9.994465e-05,0.0003,167.81377,0.00364636812210083,342.6821219921112,65000,,,,,,
96.93645,0.016997067,0.29367575,-96.91945,96.91945,1.094387,0.52512884,1300.0,13.0,20,130.0,0.0058664344,-92.01552,-96.92062,-97.91145,33.509666,-46.59348,1276.1154,0.052266616,0.5746942,0.5746942,9.990162e-05,0.0003,171.65256,0.003712766742706299,361.24595952033997,70000,,,,,,
97.23086,0.01300662,0.25039813,-97.21785,97.21785,0.9459527,0.5177669,1300.0,13.0,20,130.0,0.005684953,-93.82588,-97.21434,-98.61722,29.380518,-41.012424,1131.8999,0.051613815,0.489783,0.489783,9.984629e-05,0.0003,160.90833,0.0037102488040924074,379.79720997810364,75000,,,,,,
97.54341,0.008487359,0.23727088,-97.53493,97.53493,0.88352066,0.51733017,1300.0,13.0,20,130.0,0.004198485,-95.0915,-97.529884,-99.112915,26.464079,-18.656815,1011.59644,0.057369933,0.4570719,0.4570719,9.977873e-05,0.0003,156.96695,0.0036483062267303468,398.0387444496155,80000,,,,,,
97.906105,0.024878623,0.36329708,-97.881226,97.881226,1.431218,0.51615953,1300.0,13.0,20,130.0,0.0069821533,-93.22421,-97.88254,-99.39132,53.48408,-46.828476,2037.5886,0.093008965,0.7387368,0.7387368,9.969891e-05,0.0003,193.94887,0.003698663568496704,416.5320658683777,85000,,,,,,
98.15978,0.008259295,0.2467037,-98.15152,98.15152,0.94839174,0.52547723,1300.0,13.0,20,130.0,0.0017075845,-94.708565,-98.1505,-99.57082,44.963085,-33.41568,1017.8712,0.06728527,0.49835825,0.49835825,9.9606885e-05,0.0003,162.94806,0.003720123529434204,435.13269090652466,90000,,,,,,
98.476425,0.013365902,0.234079,-98.46306,98.46306,0.98813987,0.5134632,1300.0,13.0,20,130.0,0.0016879877,-96.34526,-98.463356,-100.00193,42.36388,-30.889963,1095.9601,0.057089068,0.50737345,0.50737345,9.950265e-05,0.0003,164.43666,0.0037079240322113035,453.6723144054413,95000,,,,,,
98.64659,0.008712358,0.2363328,-98.63788,98.63788,0.83490247,0.5063984,1300.0,13.0,20,130.0,0.0021946034,-92.98081,-98.63957,-99.95522,26.81884,-20.133257,873.07324,0.049300913,0.42279327,0.42279327,9.938626e-05,0.0003,153.61191,0.0036418329715728758,471.8814833164215,100000,,,,,,
98.70792,0.018374866,0.24794781,-98.689545,98.689545,0.9698235,0.5009039,1300.0,13.0,20,130.0,0.0055982578,-91.11265,-98.69057,-100.018196,27.918926,-30.396801,1114.9641,0.071847126,0.48578835,0.48578835,9.9257726e-05,0.0003,161.866,0.010538136386871337,524.572169303894,105000,,,,,,
98.8797,0.011003014,0.23259303,-98.8687,98.8687,0.9314745,0.5040912,1300.0,13.0,20,130.0,0.0022232821,-89.76212,-98.87106,-100.23719,31.894701,-33.78621,1086.8289,0.05477068,0.4695481,0.4695481,9.91171e-05,0.0003,159.92317,0.0036921401023864747,543.0328743457794,110000,,,,,,
98.97422,0.004235118,0.24805272,-98.969986,98.969986,0.9338123,0.4952279,1300.0,13.0,20,130.0,0.38929316,-88.25697,-98.9693,-100.24921,28.735737,-22.587805,830.20593,0.04789662,0.4624499,0.4624499,9.896442e-05,0.0003,159.482,0.00365493540763855,561.3075556755066,115000,,,,,,
98.93105,0.011330631,0.2520849,-98.91972,98.91972,0.95026594,0.48926648,1300.0,13.0,20,130.0,0.017537473,-89.13591,-98.92006,-100.4002,18.274786,-25.48894,888.9933,0.052289613,0.46493328,0.46493328,9.8799705e-05,0.0003,159.38992,0.0036972841262817384,579.7939810752869,120000,,,,,,
98.937744,0.0039062295,0.25060794,-98.93384,98.93384,1.0014269,0.47360167,1300.0,13.0,20,130.0,0.0097554065,-85.85075,-98.93622,-100.28358,22.640766,-25.65654,939.60516,0.06390455,0.4742775,0.4742775,9.8623015e-05,0.0003,160.60358,0.003709295654296875,598.3404633998871,125000,,,,,,
98.632965,0.009691782,0.2276986,-98.623276,98.623276,0.9407712,0.4732793,1300.0,13.0,20,130.0,0.01661208,-83.13167,-98.6185,-100.40555,22.214426,-24.761436,863.55554,0.048422754,0.44524756,0.44524756,9.843441e-05,0.0003,156.53175,0.0037054256439208984,616.8675997257233,130000,,,,,,
98.76034,0.007648016,0.2537923,-98.75269,98.75269,0.99775535,0.46606922,1300.0,13.0,20,130.0,0.0070698885,-88.55063,-98.75401,-100.36334,27.993069,-27.793316,918.89087,0.059887864,0.46502304,0.46502304,9.823391e-05,0.0003,159.2204,0.0036474956035614015,635.1050820350647,135000,,,,,,
98.45179,0.008814958,0.26402777,-98.44298,98.44298,1.1104114,0.45715424,1300.0,13.0,20,130.0,0.011271097,-88.90042,-98.44406,-100.33906,29.948555,-24.879314,947.2051,0.05528991,0.5076293,0.5076293,9.8021614e-05,0.0003,164.45486,0.0037042396068573,653.6262838840485,140000,,,,,,
98.20398,0.0054051606,0.28477353,-98.19858,98.19858,1.0661526,0.4604561,1300.0,13.0,20,130.0,0.19794753,-88.44409,-98.184555,-100.25463,16.761475,-19.431326,925.7367,0.05473155,0.4909165,0.4909165,9.779754e-05,0.0003,162.22107,0.0037274105072021483,672.263340473175,145000,,,,,,
98.07404,0.007964057,0.21927348,-98.06608,98.06608,1.0449834,0.45456657,1300.0,13.0,20,130.0,0.01592986,-86.85515,-98.06882,-100.157425,21.368301,-25.406027,830.8219,0.056872137,0.4750145,0.4750145,9.756177e-05,0.0003,159.84186,0.0036492329120635988,690.5095083713531,150000,,,,,,
98.005974,0.0070701083,0.23260581,-97.9989,97.9989,1.118526,0.45335007,1300.0,13.0,20,130.0,0.014419053,-88.76902,-98.00235,-100.193985,22.4541,-26.920105,994.63306,0.05183453,0.50708383,0.50708383,9.7314376e-05,0.0003,163.94128,0.0037030794620513917,709.0249094963074,155000,,,,,,
97.70095,0.008048942,0.2350006,-97.6929,97.6929,1.0043797,0.454056,1300.0,13.0,20,130.0,0.031226315,-89.05577,-97.67941,-100.16514,23.450874,-26.235157,811.54517,0.04807079,0.45604464,0.45604464,9.7055396e-05,0.0003,157.01797,0.003699336385726929,727.5215947628021,160000,,,,,,
97.674164,0.00563503,0.22767225,-97.668526,97.668526,0.9575926,0.45428285,1300.0,13.0,20,130.0,0.009955404,-91.89787,-97.66467,-99.96531,17.231476,-20.348595,794.791,0.048498727,0.43501788,0.43501788,9.6784934e-05,0.0003,154.23645,0.004242408466339111,748.7336413860321,165000,,,,,,
97.859215,0.006233602,0.23304178,-97.85298,97.85298,1.1418413,0.44745183,1300.0,13.0,20,130.0,0.009208621,-92.770935,-97.855316,-100.112366,23.276978,-33.017963,1055.3752,0.04630485,0.510919,0.510919,9.6503034e-05,0.0003,164.28789,0.0036466526985168457,766.9669089317322,170000,,,,,,
97.18815,0.010829046,0.2635634,-97.17732,97.17732,1.0678527,0.44427872,1300.0,13.0,20,130.0,1.1122781,-3.0228672,-97.22049,-100.085396,20.786268,-22.835752,1026.6836,0.045579903,0.4744242,0.4744242,9.62098e-05,0.0003,159.97559,0.0036981072425842287,785.4574537277222,175000,,,,,,
97.815674,0.0075911437,0.24231744,-97.80808,97.80808,1.0649405,0.4522315,1300.0,13.0,20,130.0,0.03891639,-91.6972,-97.804504,-100.03495,21.938599,-21.001984,892.64014,0.0470442,0.48159957,0.48159957,9.59053e-05,0.0003,160.46254,0.0037058115005493162,803.986515045166,180000,,,,,,
97.98034,0.008993508,0.2487366,-97.971344,97.971344,1.2204444,0.44800383,1300.0,13.0,20,130.0,0.029783376,-92.91627,-97.972244,-99.99599,40.379433,-20.85029,927.0686,0.05099394,0.5467638,0.5467638,9.558961e-05,0.0003,169.08942,0.003656415939331055,822.2685985565186,185000,,,,,,
98.11511,0.00573524,0.22722515,-98.109375,98.109375,0.8976075,0.44851962,1300.0,13.0,20,130.0,0.005428988,-92.11693,-98.11142,-99.966576,23.136389,-20.205578,732.1249,0.04947494,0.4025946,0.4025946,9.526282e-05,0.0003,150.45784,0.003695914554595947,840.7481763362885,190000,,,,,,
98.207695,0.008585915,0.24486147,-98.19911,98.19911,1.0443317,0.44268775,1300.0,13.0,20,130.0,0.005899817,-92.39569,-98.19861,-99.93034,24.274105,-19.415594,796.59607,0.06423414,0.46231285,0.46231285,9.4925024e-05,0.0003,158.31427,0.004193603992462158,861.7162001132965,195000,,,,,,
98.088135,0.0053227544,0.21334632,-98.08281,98.08281,0.9722023,0.44364223,1300.0,13.0,20,130.0,0.0048089214,-93.46329,-98.08195,-99.89079,17.418003,-20.581871,719.7677,0.038650386,0.43131,0.43131,9.457632e-05,0.0003,154.16324,0.0036446210861206057,879.9393105506897,200000,,,,,,
98.45287,0.015040926,0.2402338,-98.437836,98.437836,1.0208457,0.44132686,1300.0,13.0,20,130.0,0.003471355,-90.6776,-98.43744,-99.94598,14.976155,-22.56689,861.7487,0.047051486,0.45052662,0.45052662,9.42168e-05,0.0003,157.02481,0.011014472484588624,935.0116767883301,205000,,,,,,
98.34954,0.005593758,0.2504951,-98.34395,98.34395,1.2194908,0.4386796,1300.0,13.0,20,130.0,0.099441506,-88.14492,-98.34469,-99.964165,26.65854,-20.317215,940.0864,0.056473274,0.53496575,0.53496575,9.384654e-05,0.0003,167.99454,0.0036963214874267576,953.4932885169983,210000,,,,,,
98.49914,0.007329624,0.23917446,-98.491806,98.491806,0.9865811,0.44680262,1300.0,13.0,20,130.0,0.0351758,-94.639,-98.48965,-100.00056,20.427664,-22.13647,855.9696,0.05126013,0.44080698,0.44080698,9.346567e-05,0.0003,155.83923,0.003705849838256836,972.0225415229797,215000,,,,,,
98.71137,0.007298968,0.23824659,-98.70407,98.70407,1.0357802,0.4437653,1300.0,13.0,20,130.0,0.002588265,-94.83378,-98.70358,-100.053,18.761364,-15.221232,729.38306,0.06158077,0.4596433,0.4596433,9.30743e-05,0.0003,158.46759,0.003636843538284302,990.2067625522614,220000,,,,,,
98.617874,0.003853086,0.20031074,-98.61402,98.61402,1.0631437,0.44532448,1300.0,13.0,20,130.0,0.013963316,-94.823105,-98.61537,-100.06358,20.074606,-18.06277,825.62415,0.04841277,0.47344393,0.47344393,9.267249e-05,0.0003,160.17955,0.0037078214168548584,1008.745876789093,225000,,,,,,
98.68288,0.0076942286,0.22618335,-98.675186,98.675186,1.0147284,0.44647846,1300.0,13.0,20,130.0,0.026900865,-93.2982,-98.67772,-100.008835,18.705353,-17.095165,827.3131,0.051915154,0.4530544,0.4530544,9.2260394e-05,0.0003,157.60684,0.003694982099533081,1027.2207918167114,230000,,,,,,
98.68866,0.008701203,0.2179872,-98.67996,98.67996,1.03323,0.45188195,1300.0,13.0,20,130.0,0.0037343246,-90.69895,-98.679016,-100.11192,22.121706,-19.418976,792.8877,0.045935787,0.46689796,0.46689796,9.183811e-05,0.0003,159.38913,0.0037059336185455323,1045.750463962555,235000,,,,,,
98.759315,0.0043385825,0.2050337,-98.754974,98.754974,0.93506396,0.45543113,1300.0,13.0,20,130.0,0.0067013283,-93.72768,-98.75437,-100.1835,20.042137,-14.4501705,733.9914,0.059697688,0.42585725,0.42585725,9.1405775e-05,0.0003,154.12746,0.0036323225021362305,1063.9120829105377,240000,,,,,,
98.664856,0.0050833323,0.22560522,-98.659775,98.659775,0.91770566,0.45346385,1300.0,13.0,20,130.0,0.008597254,-88.56761,-98.65358,-100.13658,36.394024,-32.75072,699.9641,0.044416264,0.41614634,0.41614634,9.0963455e-05,0.0003,152.77248,0.0037007845878601073,1082.4160134792328,245000,,,,,,
98.586754,0.009406587,0.20978096,-98.57735,98.57735,0.8142406,0.45540053,1300.0,13.0,20,130.0,4.2067018,-91.15991,-98.57703,-100.18474,20.974985,-15.639841,735.9343,0.042156976,0.3708056,0.3708056,9.051133e-05,0.0003,150.99818,0.003699256944656372,1100.9123022556305,250000,,,,,,
98.57578,0.0056567243,0.21287708,-98.57013,98.57013,0.97983116,0.4416742,1300.0,13.0,20,130.0,0.008108115,-85.835266,-98.57109,-100.234406,22.561665,-27.890284,778.9241,0.04929138,0.4327661,0.4327661,9.004948e-05,0.0003,154.84349,0.0036454798698425292,1119.1397054195404,255000,,,,,,
98.288635,0.00500866,0.22734755,-98.28363,98.28363,1.0390432,0.44520316,1300.0,13.0,20,130.0,0.013224153,-88.77841,-98.287766,-100.235916,19.618809,-22.911654,838.31995,0.050346747,0.46258527,0.46258527,8.9578054e-05,0.0003,158.43794,0.003701115655899048,1137.645287513733,260000,,,,,,
98.240685,0.002522216,0.2020496,-98.23816,98.23816,1.0511681,0.44102916,1300.0,13.0,20,130.0,0.025215328,-89.19065,-98.2431,-100.247475,14.847033,-19.842596,737.2412,0.04601729,0.46359575,0.46359575,8.909717e-05,0.0003,158.53336,0.003696645450592041,1156.1285190582275,265000,,,,,,
98.049095,0.004859199,0.19384602,-98.044235,98.044235,0.9616134,0.4420304,1300.0,13.0,20,130.0,0.056359895,-88.63026,-98.033844,-100.24824,20.577866,-14.9686365,714.72046,0.047546152,0.42506236,0.42506236,8.860696e-05,0.0003,153.36356,0.0036531495571136474,1174.3942711353302,270000,,,,,,
97.725075,0.004795162,0.21875979,-97.720276,97.720276,0.89006466,0.44071665,1300.0,13.0,20,130.0,0.008722083,-87.036,-97.730064,-100.180725,15.889548,-21.602474,715.11194,0.05606825,0.39226633,0.39226633,8.810758e-05,0.0003,148.72842,0.003695158576965332,1192.8700683116913,275000,,,,,,
97.40644,0.0044738385,0.24322236,-97.40197,97.40197,1.0761106,0.43253312,1300.0,13.0,20,130.0,0.05907052,-91.20333,-97.39774,-100.13239,16.479107,-15.94918,739.255,0.049505383,0.4654535,0.4654535,8.759914e-05,0.0003,157.97446,0.003698454236984253,1211.362347126007,280000,,,,,,
97.60946,0.0050222296,0.22595221,-97.60444,97.60444,0.9596703,0.4329972,1300.0,13.0,20,130.0,0.010800971,-87.5483,-97.59941,-100.17223,22.153067,-26.3141,823.4851,0.04001642,0.41553456,0.41553456,8.708179e-05,0.0003,151.63976,0.003705095100402832,1229.8878259658813,285000,,,,,,
97.168816,0.006033049,0.24122123,-97.16278,97.16278,1.071874,0.43098122,1300.0,13.0,20,130.0,0.013986271,-89.04197,-97.16385,-100.22439,19.110403,-16.964981,777.7773,0.046729144,0.46195757,0.46195757,8.655565e-05,0.0003,157.23729,0.0036391469001770017,1248.0835642814636,290000,,,,,,
97.01238,0.004692954,0.23184606,-97.00769,97.00769,1.0802025,0.4323536,1300.0,13.0,20,130.0,0.052604686,-91.47933,-97.00815,-100.2211,23.079273,-19.715696,825.2388,0.048497953,0.46702942,0.46702942,8.602091e-05,0.0003,157.77881,0.0036900457859039308,1266.5337972640991,295000,,,,,,
96.89843,0.008506169,0.21439645,-96.88992,96.88992,1.0829273,0.42692104,1300.0,13.0,20,130.0,0.016414825,-86.61486,-96.88691,-100.14449,20.09554,-19.847153,832.7468,0.041772634,0.46232444,0.46232444,8.547767e-05,0.0003,157.01703,0.0037012852668762207,1285.040227174759,300000,,,,,,
96.81732,0.0066810953,0.25169587,-96.81064,96.81064,0.9193916,0.4286914,1300.0,13.0,20,130.0,0.019280564,-88.98499,-96.812935,-100.11866,18.650326,-26.573984,692.301,0.059802502,0.39413524,0.39413524,8.49261e-05,0.0003,148.07419,0.00952049880027771,1332.6427247524261,305000,,,,,,
96.631836,0.0054879547,0.20115814,-96.62635,96.62635,1.0881255,0.42352477,1300.0,13.0,20,130.0,0.016692596,-85.15186,-96.62894,-100.0559,20.862896,-18.77054,803.6953,0.045543693,0.4608481,0.4608481,8.436636e-05,0.0003,156.55878,0.003698097276687622,1351.133214712143,310000,,,,,,
96.612625,0.006610318,0.21910365,-96.60602,96.60602,1.120117,0.4301879,1300.0,13.0,20,130.0,0.022423917,-86.670845,-96.60104,-100.05771,16.48629,-24.134357,783.8761,0.06010203,0.48186076,0.48186076,8.3798586e-05,0.0003,159.27695,0.0037058804035186767,1369.6626210212708,315000,,,,,,
96.54201,0.0058426578,0.18993504,-96.53616,96.53616,1.0006351,0.42792335,1300.0,13.0,20,130.0,0.028738204,-83.647156,-96.537224,-100.01808,15.729485,-15.010494,750.50964,0.051057007,0.42819515,0.42819515,8.322294e-05,0.0003,152.23611,0.0036967133522033692,1388.1461911201477,320000,,,,,,
96.68977,0.0048092054,0.2267923,-96.68497,96.68497,0.9768311,0.42906195,1300.0,13.0,20,130.0,0.018109433,-89.979614,-96.68146,-100.16116,17.335382,-24.450523,837.5555,0.038090773,0.41912103,0.41912103,8.263957e-05,0.0003,151.19362,0.0036345307350158693,1406.3188486099243,325000,,,,,,
96.53649,0.004964032,0.21135122,-96.531525,96.531525,0.9328524,0.4311194,1300.0,13.0,20,130.0,0.011092914,-90.21603,-96.53128,-99.924576,22.53797,-23.093674,779.87897,0.041013703,0.40217078,0.40217078,8.2048646e-05,0.0003,148.82979,0.0037190713882446287,1424.9142136573792,330000,,,,,,
96.60926,0.004740743,0.19934487,-96.60452,96.60452,0.9871873,0.4338405,1300.0,13.0,20,130.0,0.012736501,-92.05793,-96.61036,-100.09782,18.58873,-14.447838,657.4174,0.04499003,0.42828184,0.42828184,8.1450344e-05,0.0003,152.29863,0.003707774353027344,1443.4530897140503,335000,,,,,,
96.38368,0.0048208293,0.2398251,-96.37886,96.37886,0.94884765,0.43603358,1300.0,13.0,20,130.0,0.013935186,-89.77965,-96.38446,-100.09537,20.832985,-22.835173,765.18896,0.044107504,0.41372946,0.41372946,8.0844795e-05,0.0003,150.18245,0.003650350284576416,1461.7048449516296,340000,,,,,,
96.71098,0.005277881,0.23194847,-96.7057,96.7057,1.0414668,0.43327698,1300.0,13.0,20,130.0,0.009318219,-92.649445,-96.70656,-100.09514,27.769081,-23.377169,731.8802,0.053588513,0.45124358,0.45124358,8.0232174e-05,0.0003,155.38196,0.0037065869331359864,1480.2377836704254,345000,,,,,,
96.93502,0.0053949333,0.20143431,-96.92963,96.92963,0.91525966,0.43998027,1300.0,13.0,20,130.0,0.006873279,-91.562805,-96.92479,-100.03336,23.034386,-27.583498,732.0293,0.041713707,0.40269616,0.40269616,7.961267e-05,0.0003,149.29239,0.00369375319480896,1498.706553220749,350000,,,,,,
96.61996,0.0049519185,0.23095877,-96.615005,96.615005,1.0512259,0.4300939,1300.0,13.0,20,130.0,0.015502296,-4.7644897,-96.598785,-100.10369,23.430853,-14.682741,746.7428,0.0605656,0.45212582,0.45212582,7.898643e-05,0.0003,155.41182,0.0037089885234832766,1517.251499414444,355000,,,,,,
97.19218,0.0048805326,0.19896899,-97.187294,97.187294,1.0298271,0.4328637,1300.0,13.0,20,130.0,0.0051036654,-92.88117,-97.18727,-100.00613,19.247866,-14.740405,810.0006,0.04383801,0.4457748,0.4457748,7.835362e-05,0.0003,155.14801,0.0036498285293579103,1535.5006456375122,360000,,,,,,
97.230705,0.0047403206,0.21696043,-97.22597,97.22597,0.96383494,0.43405,1300.0,13.0,20,130.0,0.018755743,-93.078476,-97.2244,-100.0059,20.300295,-22.804409,762.87085,0.04306817,0.41835254,0.41835254,7.7714445e-05,0.0003,151.63528,0.0037081929206848143,1554.0416188240051,365000,,,,,,
97.44383,0.0040625366,0.20002094,-97.43977,97.43977,0.8419356,0.42957196,1300.0,13.0,20,130.0,0.006177509,-93.84605,-97.4379,-100.030716,18.214909,-21.267738,682.9441,0.045466147,0.3616719,0.3616719,7.706907e-05,0.0003,144.46736,0.003705878448486328,1572.5710151195526,370000,,,,,,
97.57621,0.0050691683,0.21404755,-97.571144,97.571144,0.9552174,0.4246169,1300.0,13.0,20,130.0,0.0048087696,-91.077484,-97.5717,-100.03472,23.546358,-26.808191,738.8145,0.04662144,0.40560144,0.40560144,7.641764e-05,0.0003,150.3092,0.0036514083385467528,1590.8280611038208,375000,,,,,,
97.61433,0.004075258,0.21223807,-97.61025,97.61025,1.17071,0.42258665,1300.0,13.0,20,130.0,0.0100877425,-91.59064,-97.60896,-100.03003,16.492704,-17.128052,761.28955,0.042221755,0.4947264,0.4947264,7.5760356e-05,0.0003,161.93884,0.0037008405685424804,1609.3322682380676,380000,,,,,,
97.738754,0.005466194,0.20287481,-97.73329,97.73329,1.0899496,0.42793995,1300.0,13.0,20,130.0,0.015472544,-91.21315,-97.73684,-100.02452,21.809332,-24.41563,859.62085,0.03589524,0.466433,0.466433,7.50974e-05,0.0003,158.39052,0.0037064899921417237,1627.864722251892,385000,,,,,,
97.725174,0.0031143213,0.19478276,-97.72206,97.72206,1.0498711,0.42391583,1300.0,13.0,20,130.0,0.0059725465,-92.450584,-97.71975,-100.010544,23.952633,-25.576786,750.7975,0.03986716,0.44505697,0.44505697,7.442894e-05,0.0003,155.58856,0.0037066396236419678,1646.3979244232178,390000,,,,,,
97.84768,0.0037713584,0.18489699,-97.84391,97.84391,1.0142814,0.42612228,1300.0,13.0,20,130.0,0.0061789243,-92.92574,-97.84712,-100.03926,30.948986,-44.43087,891.58105,0.03742016,0.43220788,0.43220788,7.375519e-05,0.0003,154.04088,0.003642419767379761,1664.6100270748138,395000,,,,,,
97.8326,0.0031964695,0.19688559,-97.82941,97.82941,0.8951944,0.4254891,1300.0,13.0,20,130.0,0.0047502005,-91.758446,-97.8333,-100.06449,15.489505,-16.96965,635.1913,0.03636998,0.38089547,0.38089547,7.30763e-05,0.0003,147.35376,0.003706439924240112,1683.142230272293,400000,,,,,,
97.87421,0.005007452,0.19358131,-97.8692,97.8692,0.95084244,0.41668072,1300.0,13.0,20,130.0,0.0059421705,-92.91941,-97.86452,-100.013794,22.44387,-15.61417,735.2157,0.06594964,0.3961977,0.3961977,7.239246e-05,0.0003,149.38585,0.009361956071853637,1729.9520146846771,405000,,,,,,
97.995,0.0038056562,0.20824248,-97.991196,97.991196,1.0255562,0.42106184,1300.0,13.0,20,130.0,0.0048322473,-93.047104,-97.99125,-100.05433,38.944748,-39.887707,995.9714,0.037315723,0.4318226,0.4318226,7.170388e-05,0.0003,154.13676,0.003640477085113525,1748.154403924942,410000,,,,,,
97.99783,0.0056760926,0.23814258,-97.99216,97.99216,1.0862826,0.425433,1300.0,13.0,20,130.0,0.0050309347,-95.475105,-97.9918,-100.06692,45.23979,-23.632994,857.20984,0.061547887,0.46214047,0.46214047,7.101073e-05,0.0003,158.08112,0.0036969637393951416,1766.6392269134521,415000,,,,,,
98.06221,0.0048191203,0.1981098,-98.05739,98.05739,1.0810527,0.42645127,1300.0,13.0,20,130.0,0.0041455817,-93.87959,-98.05493,-100.086426,23.85849,-20.639605,727.4971,0.04210966,0.4610163,0.4610163,7.0313195e-05,0.0003,157.99847,0.003692229509353638,1785.1003787517548,420000,,,,,,
98.089554,0.0059430515,0.20068543,-98.08361,98.08361,0.96201986,0.42281857,1300.0,13.0,20,130.0,0.004237025,-92.86001,-98.081924,-99.98299,42.187027,-27.139025,893.9995,0.040875763,0.40675986,0.40675986,6.961148e-05,0.0003,150.97256,0.003705699920654297,1803.628881931305,425000,,,,,,
98.12139,0.0039016344,0.21998265,-98.11749,98.11749,1.0789618,0.4238541,1300.0,13.0,20,130.0,0.0053849914,-93.89522,-98.11574,-99.977585,22.396694,-32.924942,815.13,0.0494982,0.45732236,0.45732236,6.890576e-05,0.0003,157.57869,0.003645596647262573,1821.8568694591522,430000,,,,,,
98.0904,0.0046311673,0.21294905,-98.08577,98.08577,0.969,0.4229756,1300.0,13.0,20,130.0,0.005200484,-93.83234,-98.08391,-100.08052,15.875601,-22.089787,657.0598,0.050481737,0.40986335,0.40986335,6.8196256e-05,0.0003,151.37784,0.0036945176601409914,1840.3294620513916,435000,,,,,,
98.21393,0.003690264,0.20264202,-98.210236,98.210236,0.89077306,0.41991478,1300.0,13.0,20,130.0,0.0035263472,-94.15955,-98.20857,-100.07861,22.520052,-16.760279,673.7654,0.042345572,0.37404877,0.37404877,6.748313e-05,0.0003,146.8438,0.003690937566757202,1858.7841536998749,440000,,,,,,
98.08184,0.0039866893,0.19959548,-98.07785,98.07785,1.0475196,0.42237493,1300.0,13.0,20,130.0,0.006769576,-94.74395,-98.07327,-100.04632,25.985033,-23.922272,792.14746,0.038949206,0.44244602,0.44244602,6.67666e-05,0.0003,155.6066,0.003646123695373535,1877.0147759914398,445000,,,,,,
98.198975,0.0051140897,0.21007068,-98.19386,98.19386,0.8386394,0.41994983,1300.0,13.0,20,130.0,0.007260609,-95.07852,-98.19479,-100.04606,15.362731,-12.772766,664.8215,0.03930077,0.35218647,0.35218647,6.604685e-05,0.0003,143.99048,0.003722847843170166,1895.6290245056152,450000,,,,,,
98.2792,0.004129212,0.20571214,-98.27507,98.27507,1.0190305,0.41476956,1300.0,13.0,20,130.0,0.0037677968,-93.947815,-98.27601,-100.00741,23.198214,-15.841647,688.7775,0.039907955,0.4226628,0.4226628,6.5324086e-05,0.0003,153.22913,0.0037091495513916018,1914.174780368805,455000,,,,,,
98.27611,0.0038304003,0.19859922,-98.27228,98.27228,1.2287678,0.41321015,1300.0,13.0,20,130.0,0.03265318,-7.313156,-98.02817,-100.035545,17.97219,-27.544115,847.7517,0.046555907,0.5077393,0.5077393,6.4598484e-05,0.0003,164.31488,0.00371133713722229,1932.7314701080322,460000,,,,,,
98.41244,0.0036089234,0.20539813,-98.40883,98.40883,1.0376097,0.41808137,1300.0,13.0,20,130.0,0.0021494864,-94.263115,-98.40865,-100.011696,13.896781,-30.90208,713.5502,0.041230984,0.4338053,0.4338053,6.387027e-05,0.0003,154.80928,0.0036530406951904297,1950.996677160263,465000,,,,,,
98.51567,0.0052490067,0.24299471,-98.51042,98.51042,1.1173981,0.4169391,1300.0,13.0,20,130.0,0.0020495835,-94.54507,-98.5105,-100.10541,32.472107,-17.574112,753.03424,0.044388253,0.46588698,0.46588698,6.3139625e-05,0.0003,159.08304,0.003699194669723511,1969.4926550388336,470000,,,,,,
98.52918,0.0046620537,0.2247181,-98.52452,98.52452,1.0751477,0.4156913,1300.0,13.0,20,130.0,0.002266343,-94.47414,-98.52297,-99.99721,38.43304,-16.429083,791.30884,0.045053672,0.44692954,0.44692954,6.2406754e-05,0.0003,156.6323,0.003697809028625488,1987.9817039966583,475000,,,,,,
98.5851,0.0040595676,0.21668153,-98.58104,98.58104,1.1096334,0.42124733,1300.0,13.0,20,130.0,0.0043096812,-95.972275,-98.58098,-100.04209,19.203287,-17.00547,789.1628,0.033377416,0.4674301,0.4674301,6.167186e-05,0.0003,159.35532,0.0036476122856140135,2006.2197692394257,480000,,,,,,
98.759346,0.0032220907,0.18432727,-98.75613,98.75613,1.0256722,0.42104325,1300.0,13.0,20,130.0,0.009848759,-95.81812,-98.75775,-100.071526,19.717548,-20.428207,762.73975,0.04653275,0.43185234,0.43185234,6.093515e-05,0.0003,154.91,0.003695929002761841,2024.6994180679321,485000,,,,,,
98.76583,0.004962264,0.2143045,-98.76087,98.76087,1.1717763,0.41763115,1300.0,13.0,20,130.0,0.0016936904,-94.51523,-98.76248,-100.08491,35.62959,-31.2359,803.8694,0.055728532,0.48937032,0.48937032,6.0196806e-05,0.0003,162.38567,0.0037040862083435057,2043.2198531627655,490000,,,,,,
98.81044,0.0030222675,0.22306138,-98.80742,98.80742,0.920964,0.4291455,1300.0,13.0,20,130.0,0.0024432822,-94.41219,-98.80975,-100.059326,22.191553,-21.853874,668.92773,0.05140533,0.39522755,0.39522755,5.945705e-05,0.0003,150.19246,0.003649886083602905,2061.4692873954773,495000,,,,,,
98.84657,0.004466836,0.19788752,-98.84211,98.84211,0.8758308,0.42836905,1300.0,13.0,20,130.0,0.0012775371,-95.31616,-98.84363,-100.053024,17.173956,-16.472876,662.0016,0.050068337,0.3751788,0.3751788,5.8716072e-05,0.0003,147.6211,0.003698624038696289,2079.962411403656,500000,,,,,,
98.93898,0.0033206227,0.19650738,-98.93566,98.93566,0.92609054,0.4206627,1300.0,13.0,20,130.0,0.002033548,-95.02931,-98.9325,-100.05726,18.251272,-25.51946,791.3046,0.061372332,0.38957173,0.38957173,5.7974077e-05,0.0003,149.58534,0.009770220804214478,2128.813519716263,505000,,,,,,
98.88484,0.004199695,0.19584803,-98.880646,98.880646,1.0808898,0.42111298,1300.0,13.0,20,130.0,0.0034662466,-94.8671,-98.8828,-100.0343,23.115513,-22.770145,816.1643,0.05339703,0.4551767,0.4551767,5.7231267e-05,0.0003,158.06128,0.003732403039932251,2147.4755384922028,510000,,,,,,
98.926216,0.003919406,0.1884085,-98.922295,98.922295,1.022767,0.42533824,1300.0,13.0,20,130.0,0.0035611368,-96.17089,-98.92052,-100.04279,23.724695,-31.803396,811.3004,0.05266194,0.43502188,0.43502188,5.6487854e-05,0.0003,155.48262,0.003649770212173462,2165.7243943214417,515000,,,,,,
98.98381,0.0052193357,0.19290736,-98.97859,98.97859,0.94141686,0.41949248,1300.0,13.0,20,130.0,0.0022469556,-94.39385,-98.9796,-100.067055,19.106903,-22.515125,650.5498,0.052069932,0.3949173,0.3949173,5.574403e-05,0.0003,150.32532,0.003709141492843628,2184.270105600357,520000,,,,,,
98.90959,0.0045642965,0.2235979,-98.90503,98.90503,1.0510314,0.42041954,1300.0,13.0,20,130.0,0.002327021,-91.941734,-98.90565,-100.04916,19.861168,-28.580307,746.4418,0.048114125,0.4418741,0.4418741,5.5000004e-05,0.0003,156.35555,0.0037015931606292725,2202.778075695038,525000,,,,,,
99.01692,0.0044819135,0.19491695,-99.01244,99.01244,0.9650787,0.42572656,1300.0,13.0,20,130.0,0.0010514872,-96.71451,-99.01179,-100.07351,13.180133,-17.124542,676.81885,0.045066513,0.41085964,0.41085964,5.4255972e-05,0.0003,152.42973,0.0036462228775024415,2221.0091943740845,530000,,,,,,
98.98869,0.0057485243,0.18279137,-98.98295,98.98295,0.9427876,0.4214426,1300.0,13.0,20,130.0,0.017402878,-96.20526,-98.98268,-100.01553,15.035275,-14.671836,636.0672,0.04591037,0.39733082,0.39733082,5.3512147e-05,0.0003,150.6591,0.003712168025970459,2239.5700418949127,535000,,,,,,
99.04466,0.003996441,0.18021017,-99.040665,99.040665,0.909877,0.42562327,1300.0,13.0,20,130.0,0.002736052,-96.75954,-99.04237,-100.06583,25.520212,-16.679127,711.47217,0.04171528,0.38726482,0.38726482,5.276873e-05,0.0003,149.39183,0.0037301191806793214,2258.220641851425,540000,,,,,,
99.025536,0.0036848462,0.20474833,-99.02185,99.02185,0.95989996,0.42729545,1300.0,13.0,20,130.0,0.002889672,-97.03409,-99.022644,-100.06761,20.156864,-16.455872,731.6111,0.047572814,0.4101609,0.4101609,5.2025924e-05,0.0003,152.34933,0.003718690347671509,2276.8140983581543,545000,,,,,,
99.0768,0.0039425055,0.19147104,-99.07285,99.07285,0.88675433,0.42294875,1300.0,13.0,20,130.0,0.009149319,-95.666664,-99.07627,-100.042854,23.947048,-20.664986,743.63696,0.043619964,0.37505162,0.37505162,5.1283936e-05,0.0003,147.84265,0.0036442875385284423,2295.0355405807495,550000,,,,,,
99.02787,0.0044168746,0.19707367,-99.02345,99.02345,0.88050693,0.41820145,1300.0,13.0,20,130.0,0.011839447,-95.58784,-99.02017,-100.132515,13.484192,-16.787617,676.229,0.0405086,0.36822927,0.36822927,5.0542945e-05,0.0003,146.90952,0.0037000171661376955,2313.535630464554,555000,,,,,,
99.01329,0.0029275075,0.18525234,-99.01036,99.01036,1.1233494,0.4215788,1300.0,13.0,20,130.0,0.0042758193,-95.00463,-99.003006,-100.11349,27.31997,-25.594826,1072.9236,0.04555403,0.4735803,0.4735803,4.9803188e-05,0.0003,160.58301,0.0037032756328582764,2332.052012681961,560000,,,,,,
98.91598,0.0045701424,0.190067,-98.91141,98.91141,0.8882442,0.42264333,1300.0,13.0,20,130.0,0.0024915265,-94.27326,-98.90777,-100.06407,15.5699415,-12.571818,624.9522,0.0361779,0.3754105,0.3754105,4.9064853e-05,0.0003,147.72183,0.003650051498413086,2350.3022739887238,565000,,,,,,
98.9624,0.005175451,0.18249105,-98.95723,98.95723,0.8810297,0.41743287,1300.0,13.0,20,130.0,0.0062183584,-95.397156,-98.958855,-100.13882,19.569105,-16.031647,740.8829,0.05460286,0.36777076,0.36777076,4.8328133e-05,0.0003,146.77882,0.0036926605701446532,2368.7655806541443,570000,,,,,,
98.99125,0.005117194,0.20463026,-98.98613,98.98613,1.0535871,0.40591988,1300.0,13.0,20,130.0,0.0025403409,-94.56307,-98.98488,-100.10858,32.723152,-20.993738,757.261,0.04797909,0.42767197,0.42767197,4.7593247e-05,0.0003,154.59114,0.0037157725811004638,2387.344450712204,575000,,,,,,
98.97917,0.004245813,0.17789033,-98.97492,98.97492,1.004227,0.4031878,1300.0,13.0,20,130.0,0.0018777553,-95.2792,-98.97574,-100.075066,12.69796,-12.8839855,676.5508,0.033196356,0.4048921,0.4048921,4.686038e-05,0.0003,151.61702,0.003709600257873535,2405.892456293106,580000,,,,,,
99.04046,0.003277285,0.19028649,-99.03718,99.03718,0.9909281,0.4031933,1300.0,13.0,20,130.0,0.0093531255,-96.57867,-99.03835,-100.06783,14.8049345,-17.402925,686.1574,0.044348683,0.39953557,0.39953557,4.612974e-05,0.0003,150.98944,0.0036304643630981443,2424.0447821617126,585000,,,,,,
99.0061,0.003887794,0.17021576,-99.00221,99.00221,0.9092237,0.4041833,1300.0,13.0,20,130.0,0.0013953107,-96.47634,-99.00263,-100.09828,25.108837,-23.474714,719.8393,0.039883196,0.36749303,0.36749303,4.540152e-05,0.0003,146.78159,0.0037235078811645506,2442.6623256206512,590000,,,,,,
99.009766,0.003932962,0.1851089,-99.00583,99.00583,1.0818746,0.4003031,1300.0,13.0,20,130.0,0.0021326302,-97.48315,-99.00722,-100.076836,28.404724,-24.782253,766.9098,0.04639472,0.43307778,0.43307778,4.467592e-05,0.0003,155.31201,0.003698505449295044,2461.1548562049866,595000,,,,,,
98.96619,0.003770437,0.20798051,-98.96242,98.96242,1.0386548,0.3935965,1300.0,13.0,20,130.0,0.0023141848,-93.35145,-98.96408,-100.04221,13.342234,-15.56736,697.12994,0.04054257,0.4088109,0.4088109,4.3953154e-05,0.0003,152.11392,0.00363835186958313,2479.3466198444366,600000,,,,,,
98.981735,0.004323775,0.17624828,-98.97741,98.97741,0.9914749,0.38871142,1300.0,13.0,20,130.0,0.0014692626,-96.45566,-98.9756,-100.037094,28.442272,-21.935202,749.2204,0.03800273,0.38539764,0.38539764,4.3233405e-05,0.0003,149.0849,0.008713974571228028,2522.9164967536926,605000,,,,,,
99.03221,0.004974684,0.19190744,-99.02724,99.02724,0.96746564,0.39184245,1300.0,13.0,20,130.0,0.0020278217,-96.451744,-99.02861,-100.08556,18.287983,-18.100067,760.08374,0.040692184,0.37909412,0.37909412,4.251687e-05,0.0003,148.31647,0.0037086465835571287,2541.459738254547,610000,,,,,,
99.123985,0.0044828695,0.18535288,-99.1195,99.1195,0.87190974,0.39555544,1300.0,13.0,20,130.0,0.0035166019,-95.4548,-99.120056,-100.096634,15.929552,-14.851732,609.32983,0.034837954,0.34488863,0.34488863,4.1803753e-05,0.0003,143.96303,0.0037191694259643554,2560.0555894374847,615000,,,,,,
99.103745,0.0039690067,0.2035453,-99.09978,99.09978,1.069934,0.39133093,1300.0,13.0,20,130.0,0.0009949922,-96.08731,-99.1006,-100.05799,18.002518,-22.837421,728.0547,0.05241083,0.41869825,0.41869825,4.1094238e-05,0.0003,153.5355,0.003645042848587036,2578.2808084487915,620000,,,,,,
99.11147,0.0039513763,0.19544429,-99.10752,99.10752,1.1427557,0.38970277,1300.0,13.0,20,130.0,0.0014718733,-96.12929,-99.10643,-100.075485,20.159092,-35.808228,799.8404,0.047598913,0.4453351,0.4453351,4.0388528e-05,0.0003,157.0065,0.003724021339416504,2596.9009222984314,625000,,,,,,
99.09974,0.0038657845,0.17531297,-99.09587,99.09587,1.0264646,0.39214396,1300.0,13.0,20,130.0,0.0017492395,-95.9409,-99.09514,-100.0557,25.69381,-24.231634,766.1449,0.043640137,0.40252188,0.40252188,3.9686805e-05,0.0003,151.42932,0.0037080328464508057,2615.4410905838013,630000,,,,,,
99.08616,0.003977747,0.18639289,-99.082184,99.082184,1.1717774,0.39920723,1300.0,13.0,20,130.0,0.0024256585,-96.36855,-99.083115,-100.09676,27.841463,-21.702122,962.8501,0.04157512,0.467782,0.467782,3.8989278e-05,0.0003,159.90024,0.0036668221473693846,2633.775205373764,635000,,,,,,
99.08688,0.004335765,0.20563188,-99.08255,99.08255,0.9929089,0.40450144,1300.0,13.0,20,130.0,0.002585109,-96.25721,-99.08159,-100.061005,25.823193,-16.451075,761.2849,0.037577048,0.40163305,0.40163305,3.8296123e-05,0.0003,151.30176,0.003708676815032959,2652.318593978882,640000,,,,,,
98.96737,0.0042705704,0.20994183,-98.9631,98.9631,0.9932954,0.40776715,1300.0,13.0,20,130.0,0.0015886278,-95.01822,-98.966644,-100.08359,33.381702,-20.267294,772.3669,0.042341486,0.40503323,0.40503323,3.7607537e-05,0.0003,151.62328,0.0037115851402282716,2670.8765230178833,645000,,,,,,
99.01133,0.003895656,0.19398713,-99.00743,99.00743,0.8943804,0.40763822,1300.0,13.0,20,130.0,0.00527944,-93.359795,-99.008575,-100.08379,22.674967,-23.205797,716.0718,0.04824777,0.36458364,0.36458364,3.692371e-05,0.0003,146.41248,0.003663518333435059,2689.194118976593,650000,,,,,,
99.07713,0.00424181,0.18743615,-99.07289,99.07289,1.0385443,0.4093586,1300.0,13.0,20,130.0,0.015183352,-95.944496,-99.07468,-100.08686,21.664068,-18.799685,794.5442,0.040953517,0.425137,0.425137,3.6244823e-05,0.0003,154.36012,0.0037088759422302248,2707.738503217697,655000,,,,,,
99.01173,0.0049646194,0.21097109,-99.00676,99.00676,1.0795621,0.4117949,1300.0,13.0,20,130.0,0.0047841454,-95.83636,-99.00662,-100.090324,20.03061,-22.511887,838.4517,0.047173068,0.44455814,0.44455814,3.5571058e-05,0.0003,156.80907,0.0037107842922210693,2726.2924287319183,660000,,,,,,
98.91158,0.0040997583,0.19961362,-98.907486,98.907486,1.1533896,0.41241246,1300.0,13.0,20,130.0,0.01318448,-94.86716,-98.90837,-100.05997,24.14755,-23.223751,915.57513,0.050417595,0.47567222,0.47567222,3.490261e-05,0.0003,160.76215,0.0037146702766418455,2744.8657846450806,665000,,,,,,
98.91575,0.0038224044,0.19280586,-98.91193,98.91193,1.0538149,0.41481462,1300.0,13.0,20,130.0,0.004521278,-94.89001,-98.911606,-100.066956,17.039268,-15.008727,706.7905,0.035768826,0.43713784,0.43713784,3.4239645e-05,0.0003,155.7482,0.003651333045959473,2763.122453689575,670000,,,,,,
99.02266,0.0047573196,0.21896198,-99.0179,99.0179,1.0097952,0.41440985,1300.0,13.0,20,130.0,0.0024037443,-95.66837,-99.01868,-100.08809,39.868965,-20.684992,824.2544,0.03665253,0.41846907,0.41846907,3.3582368e-05,0.0003,153.42604,0.003708385896682739,2781.664386987686,675000,,,,,,
98.95066,0.004158048,0.18145058,-98.9465,98.9465,1.0591468,0.41768917,1300.0,13.0,20,130.0,0.004075903,-94.24965,-98.94694,-100.06925,17.77866,-25.683233,917.20544,0.034839436,0.44239414,0.44239414,3.2930948e-05,0.0003,156.46597,0.003701802635192871,2800.1734046936035,680000,,,,,,
98.87922,0.003305369,0.17405872,-98.875916,98.875916,0.9592023,0.41817197,1300.0,13.0,20,130.0,0.0035803043,-94.364265,-98.87524,-100.02332,28.566887,-18.954145,784.1216,0.03903904,0.40111148,0.40111148,3.228555e-05,0.0003,151.02728,0.003636159610748291,2818.3542079925537,685000,,,,,,
98.963356,0.003533828,0.2052012,-98.95982,98.95982,1.012546,0.4207871,1300.0,13.0,20,130.0,0.0026097938,-94.82481,-98.95727,-100.075554,23.736328,-47.3296,889.60364,0.04179707,0.42606628,0.42606628,3.1646374e-05,0.0003,154.35458,0.003704960012435913,2836.879016160965,690000,,,,,,
98.94905,0.0032172988,0.1714088,-98.94583,98.94583,0.9148203,0.42120886,1300.0,13.0,20,130.0,0.0058128783,-94.813995,-98.94609,-100.06518,15.359478,-11.40931,701.22473,0.030364957,0.38533044,0.38533044,3.1013573e-05,0.0003,149.04782,0.0036996652126312255,2855.3773458004,695000,,,,,,
99.002525,0.0036553508,0.18484062,-98.99887,98.99887,0.8315091,0.42290267,1300.0,13.0,20,130.0,0.0036932612,-94.46943,-98.99974,-100.07844,20.309214,-23.125055,709.94745,0.045543566,0.35164744,0.35164744,3.0387337e-05,0.0003,144.72038,0.0036386281490325928,2873.57049036026,700000,,,,,,
98.97442,0.0026178167,0.19104467,-98.9718,98.9718,0.9028615,0.4184235,1300.0,13.0,20,130.0,0.0016619547,-95.697975,-98.970184,-100.0647,66.90713,-49.495167,930.9624,0.04148283,0.37777847,0.37777847,2.9767822e-05,0.0003,148.08728,0.008062600564956664,2913.883497238159,705000,,,,,,
98.95538,0.003206987,0.17083935,-98.95218,98.95218,1.0138103,0.41528502,1300.0,13.0,20,130.0,0.018063793,-94.89914,-98.95082,-100.09568,56.031055,-69.975586,1110.5833,0.042136587,0.42102024,0.42102024,2.9155208e-05,0.0003,153.70609,0.0036965619564056397,2932.366311788559,710000,,,,,,
99.0058,0.0031886424,0.19273299,-99.00261,99.00261,0.97819096,0.4094524,1300.0,13.0,20,130.0,0.0030717272,-95.020836,-99.0018,-100.068855,18.750422,-20.69835,789.93054,0.04731276,0.40052265,0.40052265,2.8549664e-05,0.0003,151.07681,0.003691971683502197,2950.826174259186,715000,,,,,,
98.99205,0.0037201825,0.19132817,-98.98833,98.98833,1.0945748,0.4052828,1300.0,13.0,20,130.0,0.00728002,-95.31442,-98.98782,-100.04525,22.191319,-17.012232,807.9035,0.045755327,0.44361234,0.44361234,2.7951346e-05,0.0003,156.66893,0.003642327070236206,2969.0378139019012,720000,,,,,,
98.934944,0.0043103066,0.17762667,-98.93063,98.93063,0.9097949,0.40352035,1300.0,13.0,20,130.0,0.0024668984,-94.543465,-98.93024,-100.08926,25.370346,-13.675174,734.6387,0.044393152,0.36712074,0.36712074,2.736043e-05,0.0003,146.6631,0.003715065860748291,2987.6131472587585,725000,,,,,,
98.87747,0.0041199015,0.22130392,-98.87335,98.87335,0.908052,0.40117693,1300.0,13.0,20,130.0,0.0028545433,-94.98341,-98.87445,-100.04064,25.436996,-17.159912,730.8689,0.045245487,0.36428952,0.36428952,2.6777061e-05,0.0003,146.23796,0.003699108600616455,3006.1086943149567,730000,,,,,,
98.99464,0.0037242468,0.17671601,-98.99091,98.99091,0.9050586,0.40151235,1300.0,13.0,20,130.0,0.0016305182,-95.99524,-98.992386,-100.07166,15.39239,-25.32973,799.92456,0.041095138,0.3633922,0.3633922,2.6201416e-05,0.0003,146.23726,0.0036466589450836182,3024.3419938087463,735000,,,,,,
98.9016,0.0038041952,0.20862648,-98.8978,98.8978,0.9728609,0.39939737,1300.0,13.0,20,130.0,0.0022374187,-86.228096,-98.89876,-100.04441,39.59137,-26.63776,919.5567,0.040739425,0.3885581,0.3885581,2.5633639e-05,0.0003,149.41638,0.0036970616817474365,3042.827306032181,740000,,,,,,
98.97445,0.0034966967,0.1665779,-98.970955,98.970955,1.0035663,0.39858186,1300.0,13.0,20,130.0,0.0020690542,-95.69149,-98.971466,-100.03428,23.256712,-24.269436,922.29846,0.037742935,0.40000328,0.40000328,2.5073889e-05,0.0003,150.97694,0.0037020843029022216,3061.3377311229706,745000,,,,,,
98.98704,0.0037543878,0.19486398,-98.983284,98.983284,1.0661188,0.39468428,1300.0,13.0,20,130.0,0.0019528556,-96.21534,-98.984726,-100.04827,24.42877,-24.369629,892.16534,0.04386981,0.42078033,0.42078033,2.4522331e-05,0.0003,153.69043,0.0037039666175842285,3079.8575711250305,750000,,,,,,
99.03608,0.0030886116,0.17310727,-99.03299,99.03299,0.9394453,0.39647982,1300.0,13.0,20,130.0,0.0010623203,-94.92862,-99.03345,-100.06559,27.104027,-18.632595,775.6934,0.042409323,0.3724711,0.3724711,2.3979092e-05,0.0003,147.45837,0.00364916672706604,3098.1034083366394,755000,,,,,,
99.099846,0.0038042197,0.20301875,-99.09604,99.09604,1.0745435,0.3946688,1300.0,13.0,20,130.0,0.00095570914,-96.72709,-99.096504,-100.06413,41.238598,-37.04477,923.41534,0.039193653,0.42408878,0.42408878,2.3444345e-05,0.0003,154.23235,0.003692780065536499,3116.5673129558563,760000,,,,,,
99.07894,0.0046446775,0.18969002,-99.074295,99.074295,1.0383195,0.39219472,1300.0,13.0,20,130.0,0.0012536879,-96.30094,-99.07558,-100.04886,25.958899,-14.46808,679.7607,0.042177215,0.4072234,0.4072234,2.2918219e-05,0.0003,152.01923,0.0037217148303985595,3135.1758949756622,765000,,,,,,
99.1164,0.005752351,0.19417578,-99.11065,99.11065,0.9881355,0.391609,1300.0,13.0,20,130.0,0.00081140327,-85.54385,-99.11214,-100.04456,29.280434,-27.638277,749.0563,0.049012877,0.38696277,0.38696277,2.2400869e-05,0.0003,149.42236,0.0036483068943023683,3153.4174330234528,770000,,,,,,
99.21515,0.0029399158,0.1832651,-99.21221,99.21221,1.0460209,0.38869756,1300.0,13.0,20,130.0,0.033641513,-96.02765,-99.21111,-100.06995,15.893436,-17.276447,700.83905,0.044046108,0.40658575,0.40658575,2.1892429e-05,0.0003,152.10493,0.0036958545207977293,3171.8967094421387,775000,,,,,,
99.22721,0.0036728582,0.1650082,-99.22354,99.22354,1.069806,0.3884432,1300.0,13.0,20,130.0,0.0023067435,-97.86215,-99.22517,-100.08491,43.08215,-26.96354,978.911,0.04338903,0.41555887,0.41555887,2.1393029e-05,0.0003,153.25217,0.003705750560760498,3190.4254660606384,780000,,,,,,
99.244995,0.0042191762,0.18476368,-99.240776,99.240776,0.8636401,0.39041352,1300.0,13.0,20,130.0,0.001817222,-96.984474,-99.24228,-100.050514,18.461365,-13.033909,691.8883,0.036533095,0.3371768,0.3371768,2.0902831e-05,0.0003,143.0798,0.0036662471294403075,3208.7567059993744,785000,,,,,,
99.2066,0.0038739988,0.15588094,-99.20272,99.20272,0.9672692,0.39453724,1300.0,13.0,20,130.0,0.0015653095,-95.96362,-99.20076,-100.0437,58.299206,-35.318245,905.4431,0.04284896,0.38162372,0.38162372,2.0421947e-05,0.0003,148.81924,0.0037186516284942626,3227.349972486496,790000,,,,,,
99.20012,0.0042529423,0.1969155,-99.19587,99.19587,1.0517019,0.39172336,1300.0,13.0,20,130.0,0.0015285849,-97.81543,-99.19599,-100.05071,21.85938,-22.456112,818.87665,0.03631335,0.41197622,0.41197622,1.9950523e-05,0.0003,152.75854,0.0037281521320343017,3245.9907405376434,795000,,,,,,
99.23464,0.0035796072,0.16871488,-99.231064,99.231064,0.98405325,0.3960487,1300.0,13.0,20,130.0,0.0037419454,-94.4237,-99.22923,-100.05865,16.724112,-18.597652,885.25024,0.048119925,0.38973302,0.38973302,1.9488682e-05,0.0003,149.90367,0.0037184932231903076,3264.5832149982452,800000,,,,,,
99.24039,0.0034142067,0.16489992,-99.23697,99.23697,0.9731635,0.395389,1300.0,13.0,20,130.0,0.0011763916,-95.37839,-99.23608,-100.047134,45.995045,-49.338013,1026.7014,0.038130213,0.3847781,0.3847781,1.9036543e-05,0.0003,149.26273,0.008366151237487794,3306.4139752388,805000,,,,,,
99.326454,0.003138762,0.17318481,-99.32332,99.32332,1.0844069,0.39427042,1300.0,13.0,20,130.0,0.00075095467,-97.45206,-99.32547,-100.04737,20.164867,-29.945532,904.66394,0.042200312,0.42754957,0.42754957,1.859424e-05,0.0003,154.90865,0.0037142714977264402,3324.985335826874,810000,,,,,,
99.30196,0.004125476,0.17705551,-99.29784,99.29784,0.9458796,0.39941058,1300.0,13.0,20,130.0,0.008986853,-95.26135,-99.29636,-100.05709,19.429945,-26.014553,770.8535,0.03783884,0.37779433,0.37779433,1.8161878e-05,0.0003,148.42421,0.003707212781906128,3343.5214042663574,815000,,,,,,
99.34528,0.003454526,0.1863915,-99.34183,99.34183,0.9402284,0.39698562,1300.0,13.0,20,130.0,0.6312208,-97.041504,-99.34109,-100.073715,27.592562,-19.328812,883.13574,0.041427046,0.37325716,0.37325716,1.7739603e-05,0.0003,148.49994,0.0036455207347869875,3361.7490117549896,820000,,,,,,
99.34259,0.0034015654,0.19969563,-99.33919,99.33919,0.96733123,0.40098706,1300.0,13.0,20,130.0,0.0007353565,-97.26199,-99.33973,-100.04048,16.128784,-21.960283,797.78955,0.036419366,0.3878873,0.3878873,1.7327511e-05,0.0003,149.76868,0.0037045023918151855,3380.2715280056,825000,,,,,,
99.36973,0.0037843613,0.17167574,-99.365944,99.365944,0.97770023,0.4033547,1300.0,13.0,20,130.0,0.0007995342,-97.56403,-99.36711,-100.06025,22.726278,-27.060387,934.41943,0.036305152,0.39435998,0.39435998,1.6925713e-05,0.0003,150.63733,0.003706084108352661,3398.8019530773163,830000,,,,,,
99.31075,0.0036608092,0.16589114,-99.30709,99.30709,0.9455158,0.41235352,1300.0,13.0,20,130.0,0.0009924839,-97.61685,-99.30635,-100.02515,28.610111,-19.282784,802.7865,0.037210163,0.38988677,0.38988677,1.653433e-05,0.0003,149.99702,0.0037064266204833982,3417.3340899944305,835000,,,,,,
99.35748,0.0036858208,0.18437043,-99.3538,99.3538,0.9636107,0.4086403,1300.0,13.0,20,130.0,0.0010579815,-97.26606,-99.35484,-100.03213,26.128044,-28.919455,831.0873,0.032943934,0.39377016,0.39377016,1.6153459e-05,0.0003,150.54866,0.0036463441848754883,3435.5658156871796,840000,,,,,,
99.36969,0.0029275282,0.20339029,-99.36676,99.36676,1.0240316,0.41126505,1300.0,13.0,20,130.0,0.0012972613,-96.95212,-99.36881,-100.02916,21.051268,-14.699389,816.9824,0.03820833,0.42114845,0.42114845,1.5783213e-05,0.0003,154.12029,0.003693353033065796,3454.0325849056244,845000,,,,,,
99.41538,0.0040612705,0.17448765,-99.41132,99.41132,0.88556844,0.41064835,1300.0,13.0,20,130.0,0.0030767513,-97.97054,-99.41275,-100.0583,24.091066,-23.998499,812.2079,0.03802292,0.36365724,0.36365724,1.542368e-05,0.0003,146.6939,0.0037230860233306885,3472.648022890091,850000,,,,,,
99.349884,0.0029179463,0.15948707,-99.34697,99.34697,1.0698025,0.4018777,1300.0,13.0,20,130.0,0.0021409262,-97.20137,-99.34682,-100.03386,15.9808855,-18.302778,780.1272,0.03971421,0.4299298,0.4299298,1.5074969e-05,0.0003,155.2429,0.003642937421798706,3490.8627138137817,855000,,,,,,
99.34633,0.0027474388,0.19405103,-99.34358,99.34358,0.83946264,0.4006261,1300.0,13.0,20,130.0,0.0014483822,-97.44197,-99.342834,-100.0187,17.985147,-17.732883,776.9863,0.05715914,0.33631063,0.33631063,1.4737181e-05,0.0003,143.06816,0.003690937948226929,3509.317407846451,860000,,,,,,
99.337135,0.0033800988,0.18671283,-99.333755,99.333755,1.0730358,0.39566994,1300.0,13.0,20,130.0,0.0018315664,-97.49594,-99.33397,-100.014496,18.267841,-15.685326,745.03894,0.046348277,0.42456803,0.42456803,1.4410394e-05,0.0003,154.5328,0.0037026611328125,3527.8307173252106,865000,,,,,,
99.288,0.0035788962,0.17803422,-99.284424,99.284424,1.0215461,0.39281046,1300.0,13.0,20,130.0,0.0012956106,-97.72245,-99.28459,-100.01614,18.765793,-17.099838,843.70276,0.04034011,0.40127403,0.40127403,1.4094706e-05,0.0003,151.45493,0.0037091586589813232,3546.3765144348145,870000,,,,,,
99.22938,0.0033482527,0.2037713,-99.22603,99.22603,0.94966596,0.38906106,1300.0,13.0,20,130.0,0.002018657,-89.66524,-99.22789,-100.00819,21.780987,-23.64386,815.1874,0.039966997,0.36947805,0.36947805,1.37902e-05,0.0003,147.26355,0.0036572895050048827,3564.662966489792,875000,,,,,,
99.211975,0.0034933372,0.18101954,-99.20848,99.20848,0.905402,0.3944275,1300.0,13.0,20,130.0,0.003222816,-97.46302,-99.20837,-100.0551,21.233618,-12.257309,738.02454,0.04864013,0.35711548,0.35711548,1.3496962e-05,0.0003,145.6402,0.0037327158927917482,3583.3265545368195,880000,,,,,,
99.196205,0.0035256299,0.19209348,-99.19268,99.19268,0.9737699,0.39470986,1300.0,13.0,20,130.0,0.0025911434,-97.3783,-99.19445,-100.06136,24.51743,-27.411621,829.931,0.038862795,0.38435656,0.38435656,1.3215067e-05,0.0003,149.16516,0.0037187587261199953,3601.9203548431396,885000,,,,,,
99.019554,0.0031556238,0.17307483,-99.016396,99.016396,1.0278643,0.40033484,1300.0,13.0,20,130.0,0.0036457176,-96.41884,-99.01591,-100.02582,22.395882,-24.109493,794.07404,0.03966423,0.41148987,0.41148987,1.2944596e-05,0.0003,152.51688,0.0036554792881011962,3620.1977553367615,890000,,,,,,
98.94539,0.003417584,0.16847841,-98.94197,98.94197,0.9352454,0.4107336,1300.0,13.0,20,130.0,0.0029494858,-96.12992,-98.94327,-100.024185,24.488737,-46.92106,949.7764,0.032451637,0.3841367,0.3841367,1.26856285e-05,0.0003,148.88611,0.0037388216495513917,3638.8918709754944,895000,,,,,,
98.719505,0.0035596192,0.18393478,-98.71594,98.71594,0.98957133,0.41459775,1300.0,13.0,20,130.0,0.0060143685,-95.27154,-98.717125,-100.0411,23.576084,-46.144653,1010.5733,0.035160232,0.41027403,0.41027403,1.2438221e-05,0.0003,152.06114,0.003723210287094116,3657.5079305171967,900000,,,,,,
98.61903,0.002962712,0.17504545,-98.61607,98.61607,0.9426504,0.41207495,1300.0,13.0,20,130.0,0.0064824545,-94.263626,-98.61581,-100.017914,31.26107,-35.797333,871.02747,0.040095396,0.3884426,0.3884426,1.22024585e-05,0.0003,149.12306,0.009084954977035523,3702.932708978653,905000,,,,,,
98.477165,0.0035617966,0.17599158,-98.4736,98.4736,0.9936988,0.40845296,1300.0,13.0,20,130.0,0.011912128,-96.270035,-98.4725,-99.9965,16.374367,-17.094446,824.7411,0.038804293,0.4058792,0.4058792,1.1978389e-05,0.0003,151.25337,0.003682183074951172,3721.3436291217804,910000,,,,,,
98.40199,0.004152312,0.18072239,-98.39784,98.39784,0.9776949,0.40541336,1300.0,13.0,20,130.0,0.006631747,-94.30633,-98.3954,-100.018135,40.21176,-27.45758,956.01154,0.037586644,0.3963706,0.3963706,1.1766084e-05,0.0003,149.9368,0.0037148335456848145,3739.917804002762,915000,,,,,,
98.342964,0.0039579337,0.16630262,-98.339005,98.339005,0.88938236,0.3981609,1300.0,13.0,20,130.0,0.0057730665,-95.38815,-98.34363,-99.98971,29.088793,-20.519371,865.5768,0.036032826,0.35411727,0.35411727,1.1565597e-05,0.0003,144.38399,0.0037055421352386476,3758.4455182552338,920000,,,,,,
98.09676,0.003707665,0.16921878,-98.093056,98.093056,1.0360696,0.39758608,1300.0,13.0,20,130.0,0.0149852745,-94.49803,-98.09174,-99.99095,36.043327,-37.601086,1025.713,0.03297566,0.41192684,0.41192684,1.1376989e-05,0.0003,151.66223,0.0036493062019348145,3776.692053079605,925000,,,,,,
97.989784,0.0040387055,0.17444941,-97.98575,97.98575,1.1116834,0.3903225,1300.0,13.0,20,130.0,0.010098424,-93.77076,-97.98634,-99.99548,15.854266,-30.377293,808.34717,0.0443762,0.43391502,0.43391502,1.1200302e-05,0.0003,154.40884,0.003717641925811768,3795.280266523361,930000,,,,,,
97.87792,0.0040214285,0.18675166,-97.8739,97.8739,0.9438206,0.39214334,1300.0,13.0,20,130.0,20.6113,-94.45101,-97.87928,-100.01253,15.646062,-18.16729,848.64355,0.04351082,0.37011296,0.37011296,1.103559e-05,0.0003,166.60391,0.003709314680099487,3813.826843738556,935000,,,,,,
97.94687,0.003788838,0.19119789,-97.94308,97.94308,1.0212511,0.39010674,1300.0,13.0,20,130.0,0.006898812,-95.84401,-97.9439,-99.99523,19.713366,-22.314165,744.99536,0.039817777,0.3983969,0.3983969,1.0882903e-05,0.0003,149.74536,0.0036410820960998537,3832.032257795334,940000,,,,,,
97.98627,0.003956451,0.20315199,-97.98231,97.98231,1.027281,0.39171633,1300.0,13.0,20,130.0,26.38863,-82.01987,-97.97902,-100.01216,21.903332,-22.88866,991.0011,0.04197102,0.40240276,0.40240276,1.0742272e-05,0.0003,176.68726,0.0036992856502532957,3850.5286898612976,945000,,,,,,
98.14809,0.0033085132,0.17769793,-98.144775,98.144775,0.9939707,0.39553407,1300.0,13.0,20,130.0,0.0053891772,-95.528366,-98.1417,-99.98896,35.439545,-51.78023,1005.43823,0.034421317,0.39314926,0.39314926,1.061374e-05,0.0003,149.26288,0.00371027045249939,3869.080049753189,950000,,,,,,
97.67654,0.0034815185,0.17859459,-97.67306,97.67306,1.0000848,0.3961887,1300.0,13.0,20,130.0,0.007070204,-1.7317263,-97.672455,-99.97737,19.824095,-16.881636,846.343,0.04183983,0.3962223,0.3962223,1.0497346e-05,0.0003,149.1925,0.00365297966003418,3887.344955921173,955000,,,,,,
98.258644,0.003269656,0.16961756,-98.25537,98.25537,0.94415396,0.39943013,1300.0,13.0,20,130.0,0.008909795,-96.28333,-98.255264,-100.00511,19.196728,-22.090033,725.2219,0.030188477,0.37712353,0.37712353,1.0393118e-05,0.0003,147.29361,0.0036992100715637207,3905.841010570526,960000,,,,,,
98.36659,0.0038584396,0.16737011,-98.36273,98.36273,0.8532026,0.3951321,1300.0,13.0,20,130.0,0.0031394055,-96.97243,-98.36193,-99.997826,22.056921,-27.105185,820.076,0.03780452,0.33712775,0.33712775,1.0301083e-05,0.0003,142.19633,0.0037142258644104003,3924.41214799881,965000,,,,,,
98.42551,0.003279341,0.19090559,-98.422226,98.422226,1.0208013,0.39600307,1300.0,13.0,20,130.0,0.0023795506,-97.080696,-98.42171,-100.00012,21.418734,-17.339802,821.3058,0.03762442,0.40424043,0.40424043,1.0221269e-05,0.0003,150.97914,0.003650916290283203,3942.6667335033417,970000,,,,,,
98.54829,0.0032170175,0.17757599,-98.54507,98.54507,1.0259241,0.3857911,1300.0,13.0,20,130.0,0.004678599,-96.471634,-98.54497,-100.00738,56.65115,-54.726906,952.81165,0.036117222,0.3957924,0.3957924,1.0153698e-05,0.0003,150.00598,0.0036930158615112304,3961.1318163871765,975000,,,,,,
98.758064,0.0036092526,0.18017586,-98.754456,98.754456,0.9322486,0.3842305,1300.0,13.0,20,130.0,0.0015976187,-97.758064,-98.75304,-100.01756,13.980161,-33.150467,757.14233,0.034847416,0.35819834,0.35819834,1.0098386e-05,0.0003,145.32544,0.003711033296585083,3979.686986923218,980000,,,,,,
98.8655,0.0031367377,0.17098896,-98.862366,98.862366,1.0070354,0.38707212,1300.0,13.0,20,130.0,0.0010498279,-97.18121,-98.861984,-100.04572,39.63533,-24.33324,897.07385,0.03402003,0.3897953,0.3897953,1.005535e-05,0.0003,149.53995,0.0037069841384887695,3998.2219111919403,985000,,,,,,
98.92042,0.0035932227,0.18996274,-98.916824,98.916824,0.99951506,0.3868667,1300.0,13.0,20,130.0,0.0031279954,-96.890236,-98.91672,-100.03496,48.238274,-53.68847,947.8822,0.041726656,0.38667905,0.38667905,1.0024603e-05,0.0003,149.19182,0.0036431736469268797,4016.437783718109,990000,,,,,,
98.970795,0.0033762283,0.1643894,-98.967415,98.967415,0.90544045,0.38763192,1300.0,13.0,20,130.0,0.0026867697,-97.73944,-98.96768,-100.04843,21.014975,-28.8703,892.286,0.029187053,0.3509776,0.3509776,1.000615e-05,0.0003,144.60057,0.0037173221111297607,4035.024398088455,995000,,,,,,
99.14132,0.0035602853,0.17899717,-99.13776,99.13776,0.9917113,0.38491356,1300.0,13.0,20,130.0,0.001078572,-98.03314,-99.141525,-100.05071,24.462627,-25.406345,801.8028,0.038045626,0.38172317,0.38172317,1e-05,0.0003,148.7664,0.0036977595329284667,4053.5131998062134,1000000,,,,,,
99.139984,0.003360739,0.20261556,-99.13663,99.13663,0.97483456,0.38960278,1300.0,13.0,20,130.0,0.0010060898,-97.63108,-99.13628,-100.048,33.76384,-22.73101,852.9344,0.036563545,0.37979823,0.37979823,1e-05,0.0003,148.51477,0.010655413484573365,4106.790270805359,1005000,4410.0,1.0,1.0,384.0,2.4581286907196045,100.0
99.107216,0.0039345557,0.2070837,-99.10328,99.10328,1.1976061,0.3893217,1300.0,13.0,20,130.0,0.003145281,-97.211266,-99.10101,-100.01821,34.86855,-35.084114,1239.9434,0.061210908,0.46625406,0.46625406,1e-05,0.0003,159.72339,0.006684757852554321,4140.214064121246,1010000,9364.0,1.0,1.0,138.0,0.9061551094055176,100.0
99.13402,0.003018385,0.18972003,-99.131,99.131,1.0549098,0.39301997,1300.0,13.0,20,130.0,0.0031746349,-97.71306,-99.13173,-100.03621,27.688908,-31.908482,978.807,0.04174083,0.41460064,0.41460064,1e-05,0.0003,153.03528,0.006653359317779541,4173.48086476326,1015000,14854.0,1.0,1.0,128.0,0.8325860500335693,100.0
99.0311,0.0029611052,0.19074231,-99.02814,99.02814,1.014575,0.39791957,1300.0,13.0,20,130.0,0.0017570519,-97.226845,-99.02577,-99.99085,15.48231,-32.297512,831.03235,0.040864214,0.40371925,0.40371925,1e-05,0.0003,151.51636,0.006610805320739746,4206.534895658493,1020000,19963.0,1.0,1.0,146.0,0.9377577304840088,100.0
98.98337,0.0035536299,0.19695354,-98.97981,98.97981,0.9152979,0.39654657,1300.0,13.0,20,130.0,0.0026128092,-96.89592,-98.980896,-99.98085,14.469702,-17.171183,851.1929,0.03962026,0.36295825,0.36295825,1e-05,0.0003,146.17055,0.006633587598800659,4239.702837705612,1025000,24928.0,1.0,1.0,170.0,1.0610356330871582,100.0
98.84502,0.0033433945,0.19636813,-98.841675,98.841675,1.1123706,0.3970701,1300.0,13.0,20,130.0,0.003857408,-97.16493,-98.84085,-99.981285,22.574903,-15.193234,911.0104,0.037070274,0.44168913,0.44168913,1e-05,0.0003,156.26846,0.006483538389205933,4272.120533704758,1030000,29304.0,1.0,1.0,318.0,1.9953856468200684,100.0
98.7725,0.0037907907,0.18561627,-98.76871,98.76871,0.9101675,0.39870867,1300.0,13.0,20,130.0,0.008564368,-95.25223,-98.76765,-99.95854,15.675825,-20.327522,796.3673,0.0417744,0.36289167,0.36289167,1e-05,0.0003,145.95699,0.006526710414886475,4304.754089832306,1035000,34336.0,1.0,1.0,176.0,1.1045317649841309,100.0
98.397545,0.0031480733,0.17646696,-98.394394,98.394394,1.0556496,0.39814055,1300.0,13.0,20,130.0,0.011768397,-95.83672,-98.387566,-99.991974,37.21135,-18.02639,875.5692,0.041189272,0.4202969,0.4202969,1e-05,0.0003,153.04791,0.00657777271270752,4337.642957687378,1040000,39718.0,1.0,1.0,169.0,1.0935349464416504,100.0
98.21571,0.0029787475,0.18318103,-98.21274,98.21274,0.8649983,0.40010023,1300.0,13.0,20,130.0,0.009606281,-95.87925,-98.21623,-99.99284,71.66782,-60.994,1220.5463,0.03765932,0.34608603,0.34608603,1e-05,0.0003,143.2165,0.006668829441070557,4370.987108707428,1045000,44909.0,1.0,1.0,194.0,1.2424168586730957,100.0
97.68715,0.0031495106,0.1819943,-97.684,97.684,0.8752243,0.40098906,1300.0,13.0,20,130.0,0.017653707,-93.923836,-97.68524,-99.965744,36.089943,-44.08677,890.4431,0.0306136,0.35095537,0.35095537,1e-05,0.0003,143.32901,0.006712037801742554,4404.547301769257,1050000,49767.0,1.0,1.0,155.0,1.3554861545562744,100.0
96.92113,0.0036273613,0.17724457,-96.9175,96.9175,0.9252745,0.3962671,1300.0,13.0,20,130.0,0.039309394,-82.32896,-96.92802,-99.99347,15.581393,-19.639885,786.7377,0.04120226,0.36665583,0.36665583,1e-05,0.0003,144.62569,0.0065880044460296635,4437.487328290939,1055000,54975.0,0.0,0.0,700.0,4.471455097198486,0.0
96.38848,0.0034415638,0.1866284,-96.38504,96.38504,0.9799753,0.39583072,1300.0,13.0,20,130.0,0.051505193,-90.92252,-96.37729,-99.958084,18.859358,-26.39542,917.6642,0.045076642,0.38790435,0.38790435,1e-05,0.0003,146.86755,0.006663497114181518,4470.8048183918,1060000,59862.0,0.0,0.0,700.0,4.499738931655884,0.0
95.11624,0.0029437423,0.18640241,-95.1133,95.1133,1.0103226,0.39500836,1300.0,13.0,20,130.0,0.06195594,-81.37058,-95.12259,-99.90002,34.78217,-40.172398,948.4292,0.041228153,0.39908585,0.39908585,1e-05,0.0003,147.05936,0.006672323417663574,4504.166440248489,1065000,64544.0,0.0,0.0,700.0,4.8054540157318115,0.0
94.15948,0.0035836222,0.16491821,-94.15589,94.15589,0.8930668,0.39616278,1300.0,13.0,20,130.0,0.108664766,-84.92021,-94.15039,-99.8686,38.823795,-33.719925,951.4993,0.036090583,0.35379982,0.35379982,1e-05,0.0003,140.26212,0.006625471448898315,4537.293802022934,1070000,69780.0,1.0,1.0,464.0,2.962104558944702,100.0
93.670425,0.0046264846,0.19103724,-93.6658,93.6658,0.9567697,0.39321682,1300.0,13.0,20,130.0,0.2340127,-85.09295,-93.666245,-99.84887,19.06656,-19.679743,822.66455,0.036226626,0.37621796,0.37621796,1e-05,0.0003,142.81277,0.006526621341705322,4569.926912784576,1075000,74583.0,0.0,0.0,700.0,4.5487213134765625,0.0
92.01131,0.003804023,0.20267902,-92.0075,92.0075,1.0746307,0.3934408,1300.0,13.0,20,130.0,0.18370056,-1.2752903,-91.93973,-99.94598,27.617296,-51.248272,926.7391,0.04253547,0.42280358,0.42280358,1e-05,0.0003,147.15947,0.006665325450897217,4603.253544330597,1080000,79973.0,1.0,1.0,397.0,2.554534673690796,100.0
91.279045,0.0028587244,0.17448041,-91.276184,91.276184,0.9070385,0.39294976,1300.0,13.0,20,130.0,0.18430331,-78.45927,-91.26462,-99.80598,24.3767,-26.487507,893.7837,0.04392104,0.35642055,0.35642055,1e-05,0.0003,137.79802,0.006630214500427246,4636.404621362686,1085000,84311.0,1.0,1.0,408.0,2.602499008178711,100.0
90.56146,0.0027592392,0.1855503,-90.5587,90.5587,1.0485071,0.39704192,1300.0,13.0,20,130.0,0.24899891,-76.27915,-90.55847,-99.81318,17.671444,-17.272053,883.0873,0.045557555,0.41630125,0.41630125,1e-05,0.0003,144.92963,0.006565283727645874,4669.231044054031,1090000,89892.0,1.0,1.0,180.0,1.141430377960205,100.0
88.90711,0.0032295347,0.20626841,-88.903885,88.903885,1.0872283,0.40179697,1300.0,13.0,20,130.0,0.41614097,-67.62889,-88.91004,-99.53071,20.69677,-17.065413,994.2044,0.05611269,0.43684506,0.43684506,1e-05,0.0003,146.11311,0.00662828631401062,4702.372479915619,1095000,94991.0,1.0,1.0,186.0,1.1924872398376465,100.0
85.30474,0.0031133108,0.16585141,-85.30163,85.30163,0.9017068,0.39874446,1300.0,13.0,20,130.0,1.305887,-54.647205,-85.293564,-99.658195,14.635685,-15.7029,730.7873,0.052627165,0.3595506,0.3595506,1e-05,0.0003,133.3522,0.006580239200592041,4735.273679733276,1100000,99467.0,1.0,1.0,192.0,1.201305866241455,100.0
83.634285,0.0034566235,0.17106941,-83.63083,83.63083,1.0639434,0.39936364,1300.0,13.0,20,130.0,0.83452374,-52.613297,-83.718094,-99.71047,19.11828,-19.28141,829.16473,0.04385099,0.42490032,0.42490032,1e-05,0.0003,139.70586,0.010383905792236327,4787.193213224411,1105000,104903.0,1.0,1.0,224.0,1.4247925281524658,100.0
77.19891,0.0037438706,0.18860793,-77.19517,77.19517,1.0570722,0.39758128,1300.0,13.0,20,130.0,0.97094035,-51.028305,-77.23198,-99.61215,14.729673,-24.221073,761.5579,0.042520806,0.4202721,0.4202721,1e-05,0.0003,132.80524,0.006523969507217407,4819.8130650520325,1110000,109868.0,1.0,1.0,152.0,0.9369230270385742,100.0
74.22997,0.0028806694,0.19492334,-74.22709,74.22709,0.995906,0.3989581,1300.0,13.0,20,130.0,1.5368235,-46.391407,-74.22906,-99.52721,29.904003,-17.807344,890.6633,0.046609018,0.39732474,0.39732474,1e-05,0.0003,127.41902,0.006541157388687133,4852.518856525421,1115000,114864.0,1.0,1.0,181.0,1.133091926574707,100.0
71.980675,0.0031215525,0.19182743,-71.977554,71.977554,0.89637357,0.3977144,1300.0,13.0,20,130.0,4.596471,-33.32633,-72.0352,-99.42867,23.234518,-26.991055,887.58386,0.043316454,0.3565007,0.3565007,1e-05,0.0003,122.92224,0.006635483837127686,4885.696280002594,1120000,119871.0,1.0,1.0,171.0,1.4403867721557617,100.0
68.121864,0.0033185822,0.20759663,-68.118546,68.118546,1.0500004,0.3939204,1300.0,13.0,20,130.0,1.501087,-35.767174,-68.124016,-99.434616,27.546144,-16.889723,776.7347,0.046711702,0.4136166,0.4136166,1e-05,0.0003,123.393105,0.006618216943740845,4918.787368297577,1125000,124946.0,1.0,1.0,135.0,0.8655014038085938,100.0
66.74248,0.0038181776,0.1847196,-66.73866,66.73866,0.91321385,0.39058596,1300.0,13.0,20,130.0,1.3747272,-23.038345,-66.77416,-99.174805,12.792855,-17.919168,819.34644,0.031803686,0.3566885,0.3566885,1e-05,0.0003,114.48671,0.0067183871746063235,4952.379308223724,1130000,129987.0,1.0,1.0,147.0,0.9273393154144287,100.0
65.05858,0.0037823594,0.1847612,-65.054794,65.054794,0.9741291,0.38752666,1300.0,13.0,20,130.0,1.3246838,-33.342762,-65.04234,-99.40563,16.97859,-16.920692,802.3994,0.04029777,0.37750098,0.37750098,1e-05,0.0003,115.45839,0.006784343576431274,4986.301029920578,1135000,134871.0,1.0,1.0,176.0,1.1602985858917236,100.0
63.83006,0.0027336269,0.18329355,-63.827324,63.827324,1.1622412,0.38988808,1300.0,13.0,20,130.0,0.9863624,-27.514475,-63.80383,-99.150505,29.744999,-29.54335,1026.3784,0.049211703,0.453144,0.453144,1e-05,0.0003,123.72514,0.006628432369232178,5019.443196058273,1140000,139933.0,1.0,1.0,164.0,1.0528104305267334,100.0
61.19072,0.0030811774,0.19892555,-61.187637,61.187637,0.95662403,0.3921005,1300.0,13.0,20,130.0,1.2565333,-34.47976,-61.21237,-99.11842,24.487606,-17.740858,756.1894,0.039086975,0.37509277,0.37509277,1e-05,0.0003,111.20932,0.006746441793441772,5053.175409793854,1145000,144812.0,1.0,1.0,157.0,1.0008835792541504,100.0
59.878387,0.0029505803,0.20195004,-59.87544,59.87544,1.2666631,0.39394256,1300.0,13.0,20,130.0,1.1233585,-26.461458,-59.875755,-99.09601,20.82946,-22.425373,952.14124,0.04028987,0.4989925,0.4989925,1e-05,0.0003,125.87077,0.006710695075988769,5086.728889942169,1150000,149888.0,1.0,1.0,159.0,1.0671415328979492,100.0
61.346806,0.003054609,0.16906713,-61.34375,61.34375,0.8648767,0.39663187,1300.0,13.0,20,130.0,0.88808453,-25.84872,-61.383263,-99.10394,36.54938,-18.918839,789.27905,0.037634466,0.34303766,0.34303766,1e-05,0.0003,106.82979,0.006682328653335571,5120.140542268753,1155000,154955.0,1.0,1.0,154.0,1.3214111328125,100.0
62.02925,0.0031113504,0.18847671,-62.02614,62.02614,1.0608292,0.40027648,1300.0,13.0,20,130.0,0.8740883,-25.068232,-62.059822,-98.89865,25.225512,-20.433037,854.4226,0.048180416,0.42462495,0.42462495,1e-05,0.0003,118.10458,0.006527515983581543,5152.778126478195,1160000,159919.0,1.0,1.0,193.0,1.2327563762664795,100.0
60.171494,0.0032560828,0.17567211,-60.168236,60.168236,0.80048394,0.40946093,1300.0,13.0,20,130.0,1.5212469,-21.008442,-60.19712,-98.62867,17.936201,-24.005184,769.26306,0.031979106,0.3277669,0.3277669,1e-05,0.0003,104.30244,0.006640170955657959,5185.978985548019,1165000,164854.0,1.0,1.0,152.0,0.988640308380127,100.0
55.559525,0.002717426,0.19957456,-55.55681,55.55681,1.0245507,0.40843883,1300.0,13.0,20,130.0,2.1504233,-24.11123,-55.394146,-98.864265,24.901764,-26.539083,850.0215,0.043240577,0.41846627,0.41846627,1e-05,0.0003,112.110565,0.006718735456466675,5219.5726680755615,1170000,169924.0,1.0,1.0,155.0,1.0121819972991943,100.0
57.627373,0.003029514,0.19275703,-57.624344,57.624344,0.9177867,0.41623002,1300.0,13.0,20,130.0,1.3678964,-25.49244,-57.59941,-98.9254,19.627834,-15.418327,776.7024,0.04202327,0.38201037,0.38201037,1e-05,0.0003,108.65662,0.006431316375732422,5251.729254722595,1175000,174903.0,1.0,1.0,154.0,0.9450125694274902,100.0
58.019386,0.0034720972,0.17264864,-58.015915,58.015915,1.1028585,0.4122239,1300.0,13.0,20,130.0,1.4598198,-22.862389,-58.055744,-98.594635,44.163666,-36.61561,1183.2542,0.04150312,0.45462465,0.45462465,1e-05,0.0003,118.580414,0.006630830335617065,5284.883410692215,1180000,179908.0,1.0,1.0,139.0,0.9020595550537109,100.0
56.535324,0.0039109755,0.20272782,-56.531414,56.531414,1.0601252,0.4095451,1300.0,13.0,20,130.0,1.6087147,-19.782553,-56.575363,-98.944176,35.94192,-43.85058,918.625,0.04581993,0.43416908,0.43416908,1e-05,0.0003,114.58602,0.006577066040039063,5317.768745422363,1185000,184642.0,1.0,1.0,147.0,1.3338768482208252,100.0
55.314404,0.003713279,0.16899815,-55.31069,55.31069,0.90706885,0.40372697,1300.0,13.0,20,130.0,2.115652,-10.1960745,-55.388844,-98.64182,16.633152,-17.306744,795.983,0.034641277,0.36620814,0.36620814,1e-05,0.0003,105.03711,0.0065076235294342045,5350.306867599487,1190000,189884.0,1.0,1.0,139.0,0.8856680393218994,100.0
52.604507,0.0037582563,0.18801248,-52.60075,52.60075,1.00559,0.39991948,1300.0,13.0,20,130.0,2.2409058,-21.258642,-52.556908,-98.69963,18.07044,-24.496397,921.3081,0.042931825,0.40215504,0.40215504,1e-05,0.0003,107.125565,0.006695676231384277,5383.785253286362,1195000,194493.0,1.0,1.0,136.0,0.8711328506469727,100.0
55.01461,0.0026916978,0.19077906,-55.011917,55.011917,1.1119872,0.4017048,1300.0,13.0,20,130.0,1.4442704,-14.678238,-55.07779,-99.10607,38.807785,-35.044098,1101.1417,0.05623884,0.4466906,0.4466906,1e-05,0.0003,114.528656,0.006678365325927735,5417.177084445953,1200000,199651.0,1.0,1.0,168.0,1.1096138954162598,100.0
53.248787,0.002937605,0.18394631,-53.24585,53.24585,0.9464474,0.39473823,1300.0,13.0,20,130.0,1.5057347,-9.902433,-53.284218,-99.157585,23.131315,-15.177406,779.10364,0.035938136,0.37359896,0.37359896,1e-05,0.0003,103.32239,0.009951213216781616,5466.933155298233,1205000,204967.0,1.0,1.0,132.0,0.8312201499938965,100.0
54.441116,0.0029245252,0.20725848,-54.43819,54.43819,1.0070673,0.39007565,1300.0,13.0,20,130.0,1.5314255,-7.6397653,-54.42379,-99.14367,23.091991,-19.182512,873.57837,0.03348544,0.39283246,0.39283246,1e-05,0.0003,107.04076,0.006593900680541992,5499.902662754059,1210000,209714.0,1.0,1.0,156.0,0.9868760108947754,100.0
49.202614,0.002915136,0.18873131,-49.1997,49.1997,1.0770979,0.38587078,1300.0,13.0,20,130.0,2.29288,-7.051275,-49.31528,-98.55652,33.89478,-41.38563,1193.8148,0.050352275,0.4156206,0.4156206,1e-05,0.0003,105.52617,0.0066329822063446045,5533.067577600479,1215000,214991.0,1.0,1.0,191.0,1.2206504344940186,100.0
54.508797,0.002913103,0.16237283,-54.505882,54.505882,1.0030612,0.38949955,1300.0,13.0,20,130.0,1.6464541,-10.219711,-54.49419,-99.245125,20.248028,-24.588066,843.6742,0.039356884,0.39069188,0.39069188,1e-05,0.0003,106.94519,0.0066041735649108885,5566.088450193405,1220000,219878.0,1.0,1.0,176.0,1.144831895828247,100.0
53.922596,0.003611146,0.19256367,-53.918983,53.918983,1.1676382,0.38575727,1300.0,13.0,20,130.0,1.1842358,-11.312068,-53.90361,-99.36964,28.389462,-19.963772,1035.0421,0.05835776,0.4504249,0.4504249,1e-05,0.0003,113.66206,0.006587365818023681,5599.025283336639,1225000,224913.0,1.0,1.0,150.0,0.949580192565918,100.0
53.74167,0.0030248186,0.18911222,-53.738644,53.738644,1.0205922,0.38564843,1300.0,13.0,20,130.0,1.3026199,-15.790871,-53.731567,-98.364006,16.16334,-23.847754,817.7197,0.04002307,0.3935898,0.3935898,1e-05,0.0003,106.21096,0.006591080141067505,5631.98068857193,1230000,229908.0,1.0,1.0,145.0,0.9262886047363281,100.0
55.15506,0.0027933028,0.1903356,-55.152267,55.152267,1.0647912,0.3854092,1300.0,13.0,20,130.0,1.4452841,-14.396929,-55.197887,-99.172264,16.87854,-18.110212,862.2362,0.039215297,0.41038033,0.41038033,1e-05,0.0003,109.94978,0.006578679800033569,5664.874091386795,1235000,234960.0,0.0,0.0,700.0,4.838330507278442,0.0
52.689873,0.003091442,0.1928953,-52.686783,52.686783,1.048472,0.3913856,1300.0,13.0,20,130.0,1.6911579,-6.9607,-52.7807,-99.53588,24.733246,-13.978291,824.16254,0.049958847,0.41035688,0.41035688,1e-05,0.0003,107.727425,0.006581061601638794,5697.779403448105,1240000,239997.0,1.0,1.0,144.0,1.2514660358428955,100.0
54.27633,0.0026090594,0.18374965,-54.27372,54.27372,0.9813072,0.39173123,1300.0,13.0,20,130.0,1.2144318,-13.172591,-54.401634,-99.23122,18.361177,-17.511547,888.24426,0.03946126,0.38440868,0.38440868,1e-05,0.0003,105.46389,0.006537246417999267,5730.465639591217,1245000,244798.0,1.0,1.0,184.0,1.1676852703094482,100.0
52.346447,0.0035023221,0.210215,-52.342945,52.342945,1.1565624,0.39850122,1300.0,13.0,20,130.0,2.076469,-6.17104,-52.319565,-98.93875,26.789364,-35.51025,917.98425,0.04612395,0.46089152,0.46089152,1e-05,0.0003,114.33881,0.006508946657180786,5763.0103764534,1250000,249860.0,1.0,1.0,192.0,1.18076753616333,100.0
56.854,0.0023468805,0.17451423,-56.851654,56.851654,0.9404763,0.4011821,1300.0,13.0,20,130.0,1.5461708,-17.569227,-56.89606,-99.24398,12.876531,-16.00044,783.74646,0.039708123,0.37730223,0.37730223,1e-05,0.0003,107.44946,0.006508582782745361,5795.553295135498,1255000,254860.0,1.0,1.0,134.0,0.8248238563537598,100.0
53.846035,0.0031940932,0.19150403,-53.842842,53.842842,0.97410583,0.40140858,1300.0,13.0,20,130.0,1.1709726,-13.135411,-53.86259,-98.67981,20.591888,-15.286424,788.89233,0.04158471,0.39101446,0.39101446,1e-05,0.0003,105.848885,0.006388292026519775,5827.494761943817,1260000,259899.0,1.0,1.0,147.0,0.9609267711639404,100.0
51.903595,0.0026782078,0.19607686,-51.900917,51.900917,0.966279,0.4099455,1300.0,13.0,20,130.0,1.3527387,-11.521061,-51.93729,-99.300514,20.07359,-18.156252,794.38135,0.044713207,0.3961217,0.3961217,1e-05,0.0003,104.75215,0.006324998760223389,5859.1197600364685,1265000,264697.0,1.0,1.0,124.0,0.7526628971099854,100.0
55.12,0.0024750582,0.1883403,-55.117523,55.117523,0.9538897,0.40894657,1300.0,13.0,20,130.0,1.4710968,-10.357267,-55.090946,-99.11642,20.970827,-15.169156,959.24475,0.047876455,0.39008993,0.39008993,1e-05,0.0003,107.30278,0.006369011974334717,5890.9648241996765,1270000,269343.0,1.0,1.0,136.0,0.8496828079223633,100.0
55.020454,0.0029515305,0.1865934,-55.0175,55.0175,0.9376111,0.40872702,1300.0,13.0,20,130.0,1.0954468,-15.522253,-55.051933,-98.81376,16.451086,-14.44769,793.38965,0.040743455,0.383227,0.383227,1e-05,0.0003,105.93541,0.006300156736373901,5922.465612411499,1275000,274912.0,1.0,1.0,150.0,0.922513484954834,100.0
53.068535,0.0034198686,0.17386536,-53.065117,53.065117,1.0967977,0.40297756,1300.0,13.0,20,130.0,1.2915078,-7.251806,-52.991055,-99.00039,113.3914,-87.46846,1443.3224,0.037835635,0.44198483,0.44198483,1e-05,0.0003,111.81807,0.006335883378982544,5954.145033121109,1280000,279819.0,1.0,1.0,131.0,0.7906272411346436,100.0
51.542953,0.00337893,0.2078595,-51.539574,51.539574,1.0486609,0.40162975,1300.0,13.0,20,130.0,8.0229,-13.413235,-51.548584,-98.85916,18.800941,-40.88788,1033.9019,0.042727813,0.4211734,0.4211734,1e-05,0.0003,114.31839,0.006397102451324463,5986.130549669266,1285000,284333.0,1.0,1.0,144.0,1.1894495487213135,100.0
51.53144,0.0030078895,0.17092797,-51.52843,51.52843,0.94074905,0.40021688,1300.0,13.0,20,130.0,1.9534492,-13.040196,-51.673325,-98.99557,21.303041,-18.48039,840.39185,0.044956945,0.37650365,0.37650365,1e-05,0.0003,102.43036,0.006373347663879395,6017.997292041779,1290000,289920.0,1.0,1.0,128.0,1.0904340744018555,100.0
53.959835,0.0029240386,0.18083008,-53.95691,53.95691,1.0684435,0.39789748,1300.0,13.0,20,130.0,1.0253005,-2.8311925,-53.89251,-99.03438,21.724236,-26.613873,819.7573,0.042808436,0.42513102,0.42513102,1e-05,0.0003,110.25217,0.006324087381362915,6049.617733716965,1295000,294898.0,1.0,1.0,161.0,0.9921729564666748,100.0
52.10125,0.00308407,0.21736407,-52.098167,52.098167,1.1247963,0.399262,1300.0,13.0,20,130.0,1.5215313,-8.346674,-52.065434,-98.97008,121.40361,-123.82555,1833.7468,0.05283247,0.44908842,0.44908842,1e-05,0.0003,112.00427,0.0063731560230255125,6081.48351764679,1300000,299895.0,1.0,1.0,137.0,0.8262460231781006,100.0
51.70901,0.0027966462,0.19110999,-51.706215,51.706215,1.051592,0.39744955,1300.0,13.0,20,130.0,0.8733593,-6.5372844,-51.69422,-98.840225,22.51028,-22.846634,980.47864,0.035982944,0.4179548,0.4179548,1e-05,0.0003,106.9165,0.008722576379776002,6125.096403121948,1305000,304876.0,1.0,1.0,145.0,0.8913178443908691,100.0
51.105274,0.0031966828,0.16462898,-51.102077,51.102077,1.0054215,0.40299088,1300.0,13.0,20,130.0,1.5317669,-8.971959,-51.179417,-99.01267,13.494791,-17.978838,799.3501,0.038891677,0.4051757,0.4051757,1e-05,0.0003,105.309875,0.006351884365081787,6156.855828762054,1310000,309990.0,1.0,1.0,130.0,0.7993776798248291,100.0
52.30427,0.0032393765,0.20023188,-52.301033,52.301033,0.9909427,0.4050664,1300.0,13.0,20,130.0,1.1455675,-12.819889,-52.336987,-99.45815,22.593504,-21.613539,974.1697,0.044488557,0.4013976,0.4013976,1e-05,0.0003,105.63153,0.006416044664382934,6188.936055898666,1315000,314877.0,1.0,1.0,185.0,1.1552259922027588,100.0
50.771603,0.0030986723,0.1776364,-50.768505,50.768505,0.8552248,0.40363073,1300.0,13.0,20,130.0,1.0961171,-6.4501143,-50.820904,-99.18279,27.846487,-11.894082,777.71405,0.048843365,0.345195,0.345195,1e-05,0.0003,96.74307,0.006354465007781983,6220.708384990692,1320000,319913.0,1.0,1.0,118.0,0.7182934284210205,100.0
50.42117,0.0028581,0.1950591,-50.418312,50.418312,1.0859474,0.39694232,1300.0,13.0,20,130.0,1.3566763,-4.520324,-50.304436,-98.80057,19.30137,-23.867811,872.6389,0.040540524,0.43105847,0.43105847,1e-05,0.0003,107.815445,0.006350157213211059,6252.459175825119,1325000,324860.0,1.0,1.0,132.0,0.805168867111206,100.0
49.399876,0.0032576213,0.18607046,-49.396618,49.396618,1.0498136,0.39369166,1300.0,13.0,20,130.0,1.2260377,-11.110309,-49.406364,-98.576164,25.09536,-19.732656,1007.8193,0.04566606,0.4133029,0.4133029,1e-05,0.0003,104.355286,0.006298982381820679,6283.954092025757,1330000,329876.0,1.0,1.0,114.0,0.6903717517852783,100.0
51.454575,0.0028790403,0.18583712,-51.451694,51.451694,1.0661259,0.39211464,1300.0,13.0,20,130.0,1.0192835,-9.270549,-51.356697,-99.046104,17.300291,-22.388334,868.8438,0.03822004,0.41804355,0.41804355,1e-05,0.0003,106.81952,0.006363722038269043,6315.772706985474,1335000,334907.0,1.0,1.0,129.0,0.7930574417114258,100.0
50.68301,0.0030111526,0.17510042,-50.68,50.68,0.84843576,0.38798895,1300.0,13.0,20,130.0,1.2941413,-7.8139915,-50.651634,-98.76419,26.702211,-39.438595,759.6355,0.03432122,0.3291837,0.3291837,1e-05,0.0003,94.77103,0.006372300148010254,6347.634212017059,1340000,339872.0,1.0,1.0,158.0,0.9877493381500244,100.0
49.079487,0.0029408094,0.20243017,-49.076546,49.076546,1.18449,0.3839309,1300.0,13.0,20,130.0,1.6745412,-4.567174,-49.07859,-98.77218,28.515265,-24.964735,1104.5771,0.035638284,0.45476228,0.45476228,1e-05,0.0003,109.87312,0.006300482606887817,6379.136629104614,1345000,344868.0,1.0,1.0,124.0,0.7541987895965576,100.0
51.40237,0.0026833713,0.19285777,-51.39969,51.39969,1.1314174,0.38199925,1300.0,13.0,20,130.0,1.2590551,-12.0812845,-51.37016,-99.01661,17.739883,-17.411945,933.09314,0.035368796,0.43220058,0.43220058,1e-05,0.0003,108.8475,0.00643090500831604,6411.29115819931,1350000,349880.0,1.0,1.0,137.0,0.8393237590789795,100.0
52.842564,0.003245979,0.19471577,-52.839317,52.839317,1.0482533,0.38238475,1300.0,13.0,20,130.0,1.0665616,-7.1222944,-52.82595,-99.065315,26.766281,-27.762848,940.2173,0.04390473,0.40083605,0.40083605,1e-05,0.0003,106.017815,0.006380800199508667,6443.1951632499695,1355000,354403.0,0.0,0.0,700.0,4.385910749435425,0.0
47.325603,0.0032363525,0.21525955,-47.32237,47.32237,1.0215065,0.38146693,1300.0,13.0,20,130.0,1.2643789,-5.0862293,-47.362694,-98.422165,20.890762,-13.9093,886.642,0.04044862,0.38967097,0.38967097,1e-05,0.0003,99.24721,0.006355289554595947,6474.971616029739,1360000,359967.0,1.0,1.0,206.0,1.2921793460845947,100.0
50.706814,0.0030999677,0.17612703,-50.703712,50.703712,1.1228446,0.38281065,1300.0,13.0,20,130.0,1.1969663,2.6623523,-50.537872,-98.8471,20.518028,-23.16191,881.80316,0.03954824,0.42983687,0.42983687,1e-05,0.0003,107.78258,0.006342941474914551,6506.686328411102,1365000,364649.0,1.0,1.0,145.0,0.8723714351654053,100.0
51.660885,0.0034616436,0.20085266,-51.657425,51.657425,1.0966038,0.386142,1300.0,13.0,20,130.0,0.8689798,-8.089243,-51.62875,-99.8801,34.08101,-28.4249,928.01013,0.035311326,0.42344475,0.42344475,1e-05,0.0003,107.57768,0.006325676727294922,6538.314716339111,1370000,369832.0,1.0,1.0,142.0,0.8582868576049805,100.0
52.266552,0.0032956493,0.18980432,-52.263256,52.263256,0.96221006,0.38829976,1300.0,13.0,20,130.0,1.3321959,-3.9798827,-52.147335,-100.08111,19.300804,-26.356916,900.3967,0.03792296,0.37362593,0.37362593,1e-05,0.0003,102.17012,0.006293529462814331,6569.782373428345,1375000,374911.0,1.0,1.0,130.0,1.0767261981964111,100.0
50.642525,0.0028988074,0.21258253,-50.639626,50.639626,1.0749416,0.39190108,1300.0,13.0,20,130.0,0.890641,-0.60961556,-50.58736,-98.783165,38.087162,-58.562912,1099.1765,0.044587277,0.4212708,0.4212708,1e-05,0.0003,106.29837,0.00628609676361084,6601.2128620147705,1380000,379945.0,1.0,1.0,124.0,0.7595055103302002,100.0
51.276108,0.0033041998,0.17273957,-51.272804,51.272804,0.8905342,0.3968818,1300.0,13.0,20,130.0,1.4062648,-11.025843,-51.24131,-98.73539,14.054006,-19.426708,845.0217,0.04267934,0.35343683,0.35343683,1e-05,0.0003,98.629166,0.006371310377120971,6633.069418430328,1385000,384859.0,0.0,0.0,700.0,4.28655219078064,0.0
49.515102,0.0032467553,0.1986161,-49.511856,49.511856,1.1169959,0.39941645,1300.0,13.0,20,130.0,0.8796141,-3.8981247,-49.618927,-99.14805,22.089476,-22.060862,906.01306,0.038079824,0.44614655,0.44614655,1e-05,0.0003,108.39377,0.006579607105255127,6665.96745800972,1390000,389856.0,1.0,1.0,129.0,0.7879343032836914,100.0
47.16701,0.0039177714,0.15959032,-47.163094,47.163094,0.9469853,0.3983081,1300.0,13.0,20,130.0,1.4451584,0.09028053,-47.170723,-98.90887,31.115084,-21.332672,924.7249,0.04358784,0.3771919,0.3771919,1e-05,0.0003,97.64712,0.006277157211303711,6697.353248357773,1395000,394964.0,1.0,1.0,119.0,0.7215211391448975,100.0
50.283154,0.0026144632,0.20013113,-50.28054,50.28054,0.99777305,0.4005507,1300.0,13.0,20,130.0,0.98378074,-7.8658586,-50.278297,-99.59354,33.21166,-19.696747,1034.633,0.038568255,0.39965868,0.39965868,1e-05,0.0003,103.222565,0.00625323486328125,6728.6194269657135,1400000,399933.0,1.0,1.0,161.0,0.9884757995605469,100.0
49.80755,0.02347511,0.2949369,-49.784073,49.784073,1.5570872,0.40520355,1300.0,13.0,20,130.0,1.1073008,-0.6324533,-49.811996,-98.91502,41.99996,-94.82042,1300.4888,0.06210321,0.6309372,0.6309372,1e-05,0.0003,132.93668,0.008684394931793214,6772.041406154633,1405000,404871.0,1.0,1.0,129.0,0.7762064933776855,100.0
48.76018,0.039965887,0.26374483,-48.720215,48.720215,1.4326122,0.429142,1300.0,13.0,20,130.0,1.117768,-6.388974,-48.776863,-98.66403,25.361324,-37.538765,1347.2733,0.06608588,0.6147941,0.6147941,1e-05,0.0003,129.80118,0.006250346517562866,6803.293142557144,1410000,409933.0,1.0,1.0,135.0,1.111154317855835,100.0
48.653564,0.021405281,0.25283015,-48.63216,48.63216,1.0058348,0.4514316,1300.0,13.0,20,130.0,0.8457308,-8.279625,-48.75847,-98.79068,58.46423,-45.08851,1592.3749,0.062293645,0.45406565,0.45406565,1e-05,0.0003,108.52783,0.006178195905685425,6834.184126138687,1415000,414961.0,1.0,1.0,147.0,0.879887580871582,100.0
47.066196,0.021701917,0.22493267,-47.044495,47.044495,1.0943699,0.4673031,1300.0,13.0,20,130.0,0.6961654,-5.3742127,-47.145805,-98.33687,27.770634,-34.58213,1415.2983,0.047343288,0.5114024,0.5114024,1e-05,0.0003,114.244675,0.006274316167831421,6865.55571103096,1420000,419432.0,1.0,1.0,152.0,0.9182782173156738,100.0
47.04034,0.017566355,0.24220347,-47.022774,47.022774,1.0235109,0.4794034,1300.0,13.0,20,130.0,0.86219215,-5.273533,-47.080917,-98.45143,49.288853,-52.607594,1622.7253,0.0603154,0.49067467,0.49067467,1e-05,0.0003,111.69025,0.006227961730957032,6896.695524215698,1425000,424932.0,1.0,1.0,192.0,1.1510274410247803,100.0
46.16735,0.014850457,0.27839783,-46.1525,46.1525,1.077588,0.48656186,1300.0,13.0,20,130.0,0.9266944,-3.1655252,-46.174267,-98.78677,51.694035,-49.916367,1558.8524,0.07068452,0.5243132,0.5243132,1e-05,0.0003,115.25476,0.0061563148021698,6927.477101564407,1430000,429905.0,1.0,1.0,115.0,0.6832401752471924,100.0
49.53757,0.0140851885,0.21995062,-49.523487,49.523487,0.8464636,0.50699455,1300.0,13.0,20,130.0,1.7549579,-3.539508,-49.45765,-98.711685,33.874638,-29.721746,1283.2139,0.0507111,0.42915243,0.42915243,1e-05,0.0003,107.082344,0.00626420431137085,6958.798127412796,1435000,434927.0,1.0,1.0,125.0,0.7496271133422852,100.0
45.626965,0.010877182,0.22965291,-45.61609,45.61609,0.9305034,0.51479745,1300.0,13.0,20,130.0,0.6646785,-8.3506775,-45.653633,-98.875114,69.96096,-79.517334,2046.0724,0.062077522,0.4790208,0.4790208,1e-05,0.0003,108.56435,0.006236468362808227,6989.98047375679,1440000,439361.0,1.0,1.0,135.0,0.818408727645874,100.0
48.008842,0.01253076,0.22472385,-47.99631,47.99631,0.861721,0.52745646,1300.0,13.0,20,130.0,1.0255938,-4.4723725,-48.068695,-98.24009,44.28452,-44.497726,1628.1058,0.058541,0.4545203,0.4545203,1e-05,0.0003,108.12207,0.006210013008117676,7021.030547618866,1445000,444896.0,1.0,1.0,109.0,0.6501059532165527,100.0
46.74741,0.010614667,0.23815897,-46.736794,46.736794,1.0538352,0.51345444,1300.0,13.0,20,130.0,0.8814055,-6.76404,-46.652794,-98.66749,41.676754,-53.408512,2152.874,0.050089873,0.5410963,0.5410963,1e-05,0.0003,117.97134,0.006251386642456055,7052.287484884262,1450000,449950.0,1.0,1.0,131.0,0.7961359024047852,100.0
48.589035,0.008924916,0.25540355,-48.58011,48.58011,0.9428476,0.5050089,1300.0,13.0,20,130.0,0.7402191,-7.853815,-48.63763,-98.20501,39.321693,-34.322155,1780.362,0.07108543,0.4761464,0.4761464,1e-05,0.0003,111.22829,0.006265855360031128,7083.616765737534,1455000,454904.0,1.0,1.0,121.0,0.7308640480041504,100.0
48.38797,0.0096145915,0.2257999,-48.378357,48.378357,1.0077343,0.4958926,1300.0,13.0,20,130.0,0.99043417,-4.0314803,-48.36254,-98.83332,48.034794,-52.768124,1587.5332,0.060553372,0.49972802,0.49972802,1e-05,0.0003,114.34305,0.00630336685180664,7115.133604049683,1460000,459995.0,1.0,1.0,151.0,0.9151294231414795,100.0
48.711075,0.009255298,0.2292189,-48.70182,48.70182,0.9516539,0.48989806,1300.0,13.0,20,130.0,1.1095471,-5.80917,-48.781464,-98.698456,50.57718,-74.029495,1565.7542,0.048557453,0.4662134,0.4662134,1e-05,0.0003,110.42836,0.006204828643798828,7146.157751321793,1465000,464858.0,1.0,1.0,119.0,0.724067211151123,100.0
46.218132,0.008263458,0.24871516,-46.20987,46.20987,0.934763,0.48684812,1300.0,13.0,20,130.0,2.2017293,-4.1108174,-46.257896,-98.86917,53.89275,-41.145985,1649.7695,0.055160657,0.4550876,0.4550876,1e-05,0.0003,107.58125,0.006284737634658814,7177.581443071365,1470000,469853.0,1.0,1.0,112.0,0.6755647659301758,100.0
46.75991,0.0083558345,0.22655746,-46.751556,46.751556,1.1049396,0.47514778,1300.0,13.0,20,130.0,1.0176654,-4.939873,-46.722878,-98.34313,30.467638,-27.718596,1514.7307,0.05872681,0.52500963,0.52500963,1e-05,0.0003,116.028824,0.006217048645019531,7208.666690587997,1475000,474901.0,1.0,1.0,129.0,0.7746553421020508,100.0
49.305878,0.010013552,0.24481854,-49.295864,49.295864,0.9016752,0.471453,1300.0,13.0,20,130.0,1.3992089,0.3318691,-49.24047,-98.9633,44.89986,-62.69756,1761.5193,0.052732285,0.42509753,0.42509753,1e-05,0.0003,105.967766,0.00617977089881897,7239.565549373627,1480000,479882.0,1.0,1.0,133.0,0.8161866664886475,100.0
46.895702,0.008127961,0.22843067,-46.887573,46.887573,0.96739554,0.46542946,1300.0,13.0,20,130.0,0.7930374,0.7301737,-46.846493,-98.829094,51.078583,-36.346085,1670.3564,0.04786693,0.45025438,0.45025438,1e-05,0.0003,106.22181,0.006202762174606323,7270.579365968704,1485000,484964.0,0.0,0.0,700.0,4.229356527328491,0.0
45.792675,0.0067704762,0.2398758,-45.785904,45.785904,1.1162875,0.4592378,1300.0,13.0,20,130.0,1.4512532,-2.8949423,-45.880165,-98.57712,44.292007,-79.35369,1987.2561,0.0437276,0.51264143,0.51264143,1e-05,0.0003,113.887314,0.006305136203765869,7302.105050802231,1490000,489969.0,1.0,1.0,124.0,0.7443485260009766,100.0
46.382298,0.0063269963,0.22077249,-46.37597,46.37597,0.8805221,0.4535202,1300.0,13.0,20,130.0,1.1823674,-5.7980213,-46.43741,-98.74907,47.634914,-31.93002,1566.6012,0.046235986,0.39933455,0.39933455,1e-05,0.0003,99.47816,0.006248016119003296,7333.3451359272,1495000,494976.0,1.0,1.0,124.0,1.0481815338134766,100.0
48.02694,0.0074923877,0.22848043,-48.019447,48.019447,0.9009053,0.4501148,1300.0,13.0,20,130.0,1.5405388,-5.2619176,-48.040497,-98.96726,69.80119,-67.27111,1800.8417,0.05037976,0.40551078,0.40551078,1e-05,0.0003,102.283875,0.00615128903388977,7364.101585149765,1500000,499877.0,1.0,1.0,139.0,0.8262920379638672,100.0
46.881912,0.00690406,0.22529967,-46.875008,46.875008,1.0388812,0.4501779,1300.0,13.0,20,130.0,0.93495786,-3.52085,-46.936844,-98.57226,39.223873,-35.208347,1662.3228,0.049982633,0.46768135,0.46768135,1e-05,0.0003,108.61545,0.009210662508010864,7410.154901981354,1505000,504940.0,1.0,1.0,122.0,0.7376575469970703,100.0
49.312145,0.0065128533,0.24150734,-49.305634,49.305634,1.0050069,0.45035645,1300.0,13.0,20,130.0,2.0179396,1.174312,-49.28302,-98.819496,40.80878,-27.470695,1536.9467,0.045768715,0.4526114,0.4526114,1e-05,0.0003,110.16957,0.0062402644157409665,7441.356227636337,1510000,509988.0,1.0,1.0,128.0,0.7594232559204102,100.0
47.890415,0.0066180937,0.19960055,-47.883797,47.883797,0.95713764,0.44512627,1300.0,13.0,20,130.0,0.9156325,-4.641325,-47.921535,-98.76477,38.148266,-45.738373,1610.4392,0.04533595,0.4260471,0.4260471,1e-05,0.0003,104.19217,0.006171587896347046,7472.2141716480255,1515000,514920.0,1.0,1.0,124.0,0.7617325782775879,100.0
50.92294,0.0069670766,0.23135595,-50.915974,50.915974,0.9748274,0.44523016,1300.0,13.0,20,130.0,0.81028175,-7.4721823,-50.91343,-98.783104,33.27749,-38.592163,1353.6918,0.047291454,0.43402255,0.43402255,1e-05,0.0003,108.15616,0.0062097189903259275,7503.262771129608,1520000,519923.0,1.0,1.0,124.0,0.7566854953765869,100.0
48.32446,0.00835608,0.21758844,-48.316105,48.316105,1.0199069,0.4510622,1300.0,13.0,20,130.0,0.8759688,0.98490924,-48.294525,-98.693756,38.16392,-36.682915,1653.8904,0.050088413,0.4600414,0.4600414,1e-05,0.0003,109.00581,0.006223475122451782,7534.380150556564,1525000,524884.0,1.0,1.0,107.0,0.635427713394165,100.0
52.27612,0.00708326,0.19962253,-52.269035,52.269035,0.9058067,0.45132214,1300.0,13.0,20,130.0,4.8940163,-2.0232372,-52.279827,-98.672195,32.865597,-37.416092,1557.6416,0.040591076,0.40881062,0.40881062,1e-05,0.0003,110.31551,0.006323641061782837,7565.9983603954315,1530000,529355.0,1.0,1.0,120.0,0.743772029876709,100.0
50.715057,0.007246398,0.19189799,-50.70781,50.70781,0.97212905,0.44603062,1300.0,13.0,20,130.0,1.0297441,-5.033055,-50.76563,-98.80403,29.429707,-23.009535,1262.6072,0.041894995,0.4335993,0.4335993,1e-05,0.0003,108.11271,0.006289516973495483,7597.445952415466,1535000,534995.0,1.0,1.0,126.0,0.7844452857971191,100.0
45.645668,0.0063421945,0.21563509,-45.639324,45.639324,1.1186067,0.44607922,1300.0,13.0,20,130.0,0.79176575,-3.6062977,-45.713093,-98.7625,40.888947,-43.509167,1755.2361,0.04819294,0.4989872,0.4989872,1e-05,0.0003,111.30577,0.006256917715072632,7628.730545759201,1540000,539968.0,1.0,1.0,113.0,0.6833860874176025,100.0
47.65186,0.0068720756,0.21226531,-47.64499,47.64499,1.1595708,0.44592005,1300.0,13.0,20,130.0,1.0086182,-6.4626007,-47.58542,-98.58279,30.58369,-46.27129,1784.2672,0.04843548,0.5170759,0.5170759,1e-05,0.0003,115.88034,0.006216016864776611,7659.810634613037,1545000,544904.0,1.0,1.0,118.0,0.764894962310791,100.0
49.78422,0.0065361084,0.21042071,-49.777687,49.777687,1.0166508,0.44731823,1300.0,13.0,20,130.0,0.9328553,-5.2470055,-49.74187,-98.69369,35.68981,-45.6778,1601.8713,0.046775818,0.45476645,0.45476645,1e-05,0.0003,109.836716,0.006275481414794922,7691.188045740128,1550000,549370.0,1.0,1.0,111.0,0.6619861125946045,100.0
49.219986,0.006860686,0.19574156,-49.213127,49.213127,0.95556366,0.4466482,1300.0,13.0,20,130.0,1.1969756,-4.4818215,-49.22258,-98.746895,46.354107,-43.044453,1816.189,0.047928393,0.4268008,0.4268008,1e-05,0.0003,105.90106,0.0062330551624298096,7722.353325843811,1555000,554975.0,1.0,1.0,156.0,0.9400124549865723,100.0
50.54584,0.005684589,0.20689702,-50.540157,50.540157,1.017488,0.44567925,1300.0,13.0,20,130.0,0.93578273,-2.7361932,-50.54132,-98.591255,37.954372,-35.528713,1563.7418,0.047839284,0.4534733,0.4534733,1e-05,0.0003,110.43315,0.006283186054229737,7753.769260644913,1560000,559951.0,1.0,1.0,120.0,0.725175142288208,100.0
49.409306,0.0060932855,0.22829355,-49.403214,49.403214,1.0574327,0.4404509,1300.0,13.0,20,130.0,0.7607181,-0.9086464,-49.39636,-98.44232,48.136475,-31.375206,1613.8909,0.052740768,0.46574712,0.46574712,1e-05,0.0003,110.71715,0.006224468994140625,7784.891609668732,1565000,564952.0,1.0,1.0,183.0,1.12412691116333,100.0
48.192078,0.005429803,0.24793412,-48.18665,48.18665,1.047855,0.44221792,1300.0,13.0,20,130.0,0.9729247,1.0882499,-48.19474,-98.617,32.84326,-43.83668,1467.6536,0.046347253,0.46338022,0.46338022,1e-05,0.0003,109.404434,0.00623836522102356,7816.0834403038025,1570000,569926.0,1.0,1.0,111.0,0.6676223278045654,100.0
48.125015,0.0056961793,0.18368505,-48.11932,48.11932,0.94037473,0.44237185,1300.0,13.0,20,130.0,1.1498864,2.7363102,-48.053425,-98.928764,38.14887,-32.009136,1449.0929,0.03842946,0.4159953,0.4159953,1e-05,0.0003,103.354294,0.0062276273250579835,7847.221581697464,1575000,574629.0,1.0,1.0,134.0,0.7980568408966064,100.0
45.65873,0.005155828,0.21221736,-45.653572,45.653572,1.0456686,0.44025493,1300.0,13.0,20,130.0,0.81577283,-0.44961295,-45.64322,-98.92015,31.980581,-37.638718,1559.0999,0.04775993,0.4603607,0.4603607,1e-05,0.0003,106.321396,0.006202272319793701,7878.2329478263855,1580000,579989.0,1.0,1.0,146.0,0.8804256916046143,100.0
51.882664,0.0056499382,0.21138763,-51.877014,51.877014,0.9964812,0.44240257,1300.0,13.0,20,130.0,0.81706184,-2.6907625,-51.826324,-98.98946,22.57265,-32.69245,1441.7029,0.054199874,0.44084582,0.44084582,1e-05,0.0003,110.00968,0.006272370672225952,7909.5948050022125,1585000,584921.0,1.0,1.0,156.0,0.933936595916748,100.0
43.34888,0.00597642,0.2609819,-43.342903,43.342903,1.1143752,0.43972874,1300.0,13.0,20,130.0,0.83010864,-2.308771,-43.35926,-98.894,59.300526,-43.858356,1758.3984,0.048795942,0.49002278,0.49002278,1e-05,0.0003,107.88195,0.006184794569015503,7940.518781900406,1590000,589932.0,1.0,1.0,118.0,0.6966469287872314,100.0
50.83314,0.004429126,0.21039839,-50.828712,50.828712,0.92252475,0.443369,1300.0,13.0,20,130.0,0.7114573,-4.568203,-50.82154,-99.23397,21.856047,-23.007626,1322.3448,0.042210605,0.40901887,0.40901887,1e-05,0.0003,104.71706,0.006136752271652222,7971.202547073364,1595000,594952.0,1.0,1.0,261.0,1.577031135559082,100.0
47.4056,0.0057502585,0.22170535,-47.399853,47.399853,1.0617672,0.442871,1300.0,13.0,20,130.0,0.7880347,-3.6228728,-47.44998,-99.061615,47.96217,-44.14598,1681.18,0.041234553,0.47022587,0.47022587,1e-05,0.0003,109.323,0.0062210467338562015,8002.307784795761,1600000,599422.0,1.0,1.0,116.0,0.6895318031311035,100.0
50.826183,0.0041613095,0.22103384,-50.82202,50.82202,0.92768544,0.44382372,1300.0,13.0,20,130.0,1.0060384,-4.7959175,-50.793453,-99.10959,37.429035,-43.036346,1379.6185,0.048779458,0.4117288,0.4117288,1e-05,0.0003,105.356964,0.008504535627365112,8044.8304669857025,1605000,604891.0,1.0,1.0,114.0,0.6816303730010986,100.0
49.363823,0.006748505,0.21759717,-49.357075,49.357075,1.1016241,0.43975687,1300.0,13.0,20,130.0,1.3122985,0.068218194,-49.26403,-99.11088,47.231922,-55.609764,2155.9688,0.05041376,0.48444673,0.48444673,1e-05,0.0003,113.6542,0.006198894023895263,8075.824941158295,1610000,609934.0,1.0,1.0,122.0,0.7663207054138184,100.0
46.75653,0.0045004273,0.213976,-46.75203,46.75203,0.91501695,0.44201383,1300.0,13.0,20,130.0,0.82323897,-5.474997,-46.723335,-99.04522,39.239323,-34.23277,1580.5461,0.044259675,0.40445012,0.40445012,1e-05,0.0003,100.15828,0.006202888822555542,8106.839389324188,1615000,614872.0,1.0,1.0,122.0,0.7266623973846436,100.0
48.91867,0.006067021,0.21869741,-48.912605,48.912605,1.1205013,0.44362083,1300.0,13.0,20,130.0,0.7259505,-1.8307341,-48.89194,-98.79647,70.14476,-47.44458,1872.6499,0.045378126,0.4970777,0.4970777,1e-05,0.0003,114.264725,0.00620167875289917,8137.847786903381,1620000,619866.0,1.0,1.0,110.0,0.6579666137695312,100.0
46.307777,0.0045227325,0.196306,-46.303253,46.303253,0.9875548,0.43897104,1300.0,13.0,20,130.0,0.6031777,0.07592049,-46.296593,-98.62353,29.117657,-29.868324,1332.9697,0.047141086,0.43350798,0.43350798,1e-05,0.0003,103.26699,0.0063043327808380125,8169.36945438385,1625000,624923.0,1.0,1.0,118.0,1.0147569179534912,100.0
47.318363,0.0063495394,0.21905729,-47.312016,47.312016,1.0198593,0.43625662,1300.0,13.0,20,130.0,0.97440106,-7.4000335,-47.298122,-98.96126,47.19677,-46.4748,1606.1233,0.04869735,0.44492042,0.44492042,1e-05,0.0003,106.132416,0.00613892068862915,8200.064062356949,1630000,629972.0,1.0,1.0,137.0,0.8210244178771973,100.0
47.784767,0.0058471225,0.18337673,-47.77892,47.77892,0.99118537,0.4340647,1300.0,13.0,20,130.0,0.63347507,-1.0367653,-47.731796,-98.56935,40.38691,-26.704813,1443.7076,0.041598186,0.43023854,0.43023854,1e-05,0.0003,104.34926,0.006352232885360718,8231.825231313705,1635000,634949.0,1.0,1.0,113.0,0.6801273822784424,100.0
48.227566,0.006045815,0.20605206,-48.22152,48.22152,0.8924382,0.43172,1300.0,13.0,20,130.0,1.0281211,-3.9828916,-48.198616,-98.526306,30.74207,-36.421402,1268.9233,0.033273388,0.3852834,0.3852834,1e-05,0.0003,99.34253,0.006293492794036865,8263.292699575424,1640000,639954.0,1.0,1.0,139.0,0.8318512439727783,100.0
48.63361,0.005008982,0.21449253,-48.6286,48.6286,1.0032715,0.42725587,1300.0,13.0,20,130.0,0.7194613,-3.1274981,-48.610176,-98.55008,45.419952,-43.320766,1607.3451,0.04967618,0.4286536,0.4286536,1e-05,0.0003,105.07803,0.006232210445404052,8294.45375919342,1645000,644664.0,1.0,1.0,127.0,0.7910261154174805,100.0
47.772663,0.0050377036,0.22364494,-47.767624,47.767624,0.96866894,0.4356636,1300.0,13.0,20,130.0,1.0457586,-4.67807,-47.76259,-98.650894,38.652256,-45.35534,1503.0874,0.06273036,0.42201382,0.42201382,1e-05,0.0003,103.68022,0.006228834867477417,8325.597937345505,1650000,649937.0,1.0,1.0,134.0,0.8108999729156494,100.0
46.506836,0.004702715,0.20273453,-46.502132,46.502132,0.96914417,0.4318791,1300.0,13.0,20,130.0,1.7217914,-5.3054724,-46.46179,-97.78507,30.298086,-36.363293,1571.2898,0.05044476,0.4185531,0.4185531,1e-05,0.0003,102.64053,0.006244457197189331,8356.820227384567,1655000,654340.0,1.0,1.0,133.0,0.8088352680206299,100.0
47.5471,0.005748399,0.19940516,-47.54135,47.54135,1.0692664,0.43274936,1300.0,13.0,20,130.0,0.8354033,-4.9651237,-47.675735,-98.480064,58.081593,-56.30165,1867.7458,0.04866665,0.46272433,0.46272433,1e-05,0.0003,108.53667,0.00614448504447937,8387.54265666008,1660000,659991.0,1.0,1.0,125.0,0.7453229427337646,100.0
49.024036,0.005314729,0.20507368,-49.018723,49.018723,1.0194954,0.43193188,1300.0,13.0,20,130.0,0.65354586,-1.727124,-49.05433,-97.922935,42.99546,-37.717236,1788.8003,0.04328179,0.44035256,0.44035256,1e-05,0.0003,106.923416,0.006237668371200562,8418.731004953384,1665000,664988.0,1.0,1.0,107.0,0.6397452354431152,100.0
45.63651,0.005963642,0.21548086,-45.630547,45.630547,1.0049335,0.43326625,1300.0,13.0,20,130.0,0.73675835,-2.3621576,-45.72077,-98.24455,33.74178,-39.07151,1659.1969,0.048628423,0.43540376,0.43540376,1e-05,0.0003,102.97575,0.006239595651626587,8449.928987264633,1670000,669961.0,1.0,1.0,115.0,0.6930124759674072,100.0
48.955044,0.0048414925,0.19343585,-48.950203,48.950203,0.965764,0.43044147,1300.0,13.0,20,130.0,1.1381754,0.40601242,-48.941746,-97.16453,37.33382,-28.661232,1560.1669,0.043854073,0.41570488,0.41570488,1e-05,0.0003,104.13486,0.006262134790420532,8481.239665031433,1675000,674972.0,1.0,1.0,117.0,0.7051198482513428,100.0
48.918327,0.0050611203,0.1895555,-48.913265,48.913265,0.9075864,0.4300034,1300.0,13.0,20,130.0,0.6577541,1.970169,-48.92443,-97.37919,42.38912,-27.76737,1431.0215,0.045089968,0.39026526,0.39026526,1e-05,0.0003,100.31056,0.006197754716873169,8512.228442192078,1680000,679870.0,0.0,0.0,700.0,4.24882960319519,0.0
49.926384,0.0053219614,0.21324876,-49.921062,49.921062,0.9306172,0.42765227,1300.0,13.0,20,130.0,0.651004,-3.5957308,-49.973892,-98.137665,30.839445,-40.393402,1381.9149,0.04659144,0.39798057,0.39798057,1e-05,0.0003,102.314865,0.006246178007125854,8543.459336519241,1685000,684767.0,1.0,1.0,133.0,0.7955639362335205,100.0
44.092197,0.004965688,0.21377106,-44.08723,44.08723,0.99094915,0.42035612,1300.0,13.0,20,130.0,1.0048978,0.26584882,-44.034122,-97.75725,42.99204,-32.20341,1628.3634,0.053566787,0.41655153,0.41655153,1e-05,0.0003,99.248795,0.006260014772415161,8574.759414672852,1690000,689986.0,1.0,1.0,115.0,0.9946804046630859,100.0
48.81275,0.0033599606,0.2060148,-48.80939,48.80939,1.0468216,0.4150655,1300.0,13.0,20,130.0,0.68887126,-1.2284647,-48.700108,-98.275955,29.550535,-32.040268,1431.0475,0.050317585,0.4344995,0.4344995,1e-05,0.0003,105.98656,0.0061524560928344725,8605.521698951721,1695000,694865.0,1.0,1.0,155.0,0.9416975975036621,100.0
46.599876,0.0050451867,0.1940133,-46.59483,46.59483,0.86981094,0.4102005,1300.0,13.0,20,130.0,1.0807797,-4.6379952,-46.655293,-97.776115,16.612623,-24.553247,1112.6548,0.03500364,0.35679686,0.35679686,1e-05,0.0003,94.06425,0.00623225507736206,8636.682978630066,1700000,699988.0,1.0,1.0,129.0,0.7860298156738281,100.0
47.187572,0.004752905,0.22358823,-47.18282,47.18282,1.0735177,0.40688714,1300.0,13.0,20,130.0,1.4331468,-3.1009617,-47.17678,-97.28402,28.998941,-31.0636,1497.2339,0.049909852,0.43680054,0.43680054,1e-05,0.0003,105.404785,0.008401260137557983,8678.689282894135,1705000,704942.0,1.0,1.0,153.0,0.9446654319763184,100.0
48.021675,0.0041403864,0.20341237,-48.017536,48.017536,1.0984596,0.4021569,1300.0,13.0,20,130.0,0.8077594,-4.6264343,-48.00261,-97.84549,46.35162,-46.793022,1529.1624,0.04948781,0.4417531,0.4417531,1e-05,0.0003,106.25734,0.006167218160629272,8709.525377750397,1710000,709957.0,0.0,0.0,700.0,4.281730890274048,0.0
46.563038,0.004609967,0.20982987,-46.55843,46.55843,1.0131975,0.40517765,1300.0,13.0,20,130.0,1.2815472,-3.804277,-46.584732,-98.204704,32.97409,-22.835457,1503.4666,0.040253732,0.41052496,0.41052496,1e-05,0.0003,101.21283,0.006297677278518677,8741.013768196106,1715000,714410.0,1.0,1.0,121.0,0.7439584732055664,100.0
50.02103,0.0046362644,0.18932256,-50.016396,50.016396,0.9553027,0.40544137,1300.0,13.0,20,130.0,0.6896678,-0.97854054,-50.09359,-97.80404,24.31026,-25.454344,1348.6635,0.03551436,0.38731924,0.38731924,1e-05,0.0003,101.062195,0.006308141660690308,8772.55448102951,1720000,719939.0,1.0,1.0,140.0,0.8863513469696045,100.0
45.797478,0.004430674,0.22588208,-45.79305,45.79305,1.0280014,0.411234,1300.0,13.0,20,130.0,0.80899894,-0.61587286,-45.773575,-98.60508,31.589582,-32.781845,1621.7793,0.04778173,0.42274913,0.42274913,1e-05,0.0003,101.56386,0.006170553874969483,8803.407254457474,1725000,724903.0,0.0,0.0,700.0,4.245732545852661,0.0
45.317722,0.0050018127,0.19873583,-45.31272,45.31272,0.99180347,0.41271663,1300.0,13.0,20,130.0,0.8287698,-4.2993917,-45.303047,-97.81605,42.969727,-21.945946,1273.3328,0.045441337,0.40933377,0.40933377,1e-05,0.0003,99.35988,0.006237586784362793,8834.595192432404,1730000,729999.0,1.0,1.0,116.0,0.6990292072296143,100.0
48.931667,0.005741329,0.23454145,-48.925926,48.925926,0.88340735,0.41637588,1300.0,13.0,20,130.0,0.8234162,-2.3804085,-48.925056,-97.07259,35.499218,-22.9929,1136.874,0.04912266,0.3678295,0.3678295,1e-05,0.0003,97.57292,0.006258599758148194,8865.88819527626,1735000,734909.0,1.0,1.0,102.0,0.6334190368652344,100.0
43.80037,0.0045559863,0.2060186,-43.795815,43.795815,1.0242753,0.41610652,1300.0,13.0,20,130.0,1.0360557,-1.0599896,-43.687378,-97.654274,19.135302,-20.20875,1297.2554,0.050255984,0.42620763,0.42620763,1e-05,0.0003,100.24342,0.006243366193771362,8897.105030536652,1740000,739993.0,1.0,1.0,114.0,0.6843974590301514,100.0
48.551174,0.004089286,0.18368208,-48.547085,48.547085,0.90246224,0.41866875,1300.0,13.0,20,130.0,0.5850706,-0.14471619,-48.50276,-97.950836,20.529024,-18.788301,1080.2092,0.048925746,0.37783274,0.37783274,1e-05,0.0003,98.2545,0.006243135833740234,8928.320713758469,1745000,744906.0,1.0,1.0,116.0,0.6923985481262207,100.0
46.266056,0.0053574843,0.22630766,-46.2607,46.2607,1.2206516,0.42107716,1300.0,13.0,20,130.0,0.6783176,-0.5979355,-46.2407,-97.78295,42.88073,-26.239214,1584.5283,0.042587705,0.5139885,0.5139885,1e-05,0.0003,113.76288,0.006222754096984863,8959.43448805809,1750000,749892.0,1.0,1.0,113.0,0.692756175994873,100.0
47.405365,0.0060853,0.2071147,-47.39928,47.39928,0.9244881,0.41987106,1300.0,13.0,20,130.0,0.59476304,-4.161618,-47.452854,-98.05302,30.781963,-42.632877,1576.6151,0.049160946,0.3881658,0.3881658,1e-05,0.0003,98.461685,0.006321455574035645,8991.041769981384,1755000,754977.0,1.0,1.0,143.0,1.1701369285583496,100.0
49.310604,0.0044825887,0.20915364,-49.30612,49.30612,1.0013344,0.41819778,1300.0,13.0,20,130.0,0.781541,-3.5015063,-49.304882,-99.17515,35.718502,-24.403387,1540.9893,0.051825542,0.41875583,0.41875583,1e-05,0.0003,104.5304,0.006237106323242187,9022.227306604385,1760000,759925.0,1.0,1.0,113.0,0.6838772296905518,100.0
46.127487,0.0039610844,0.20162866,-46.123528,46.123528,1.1489395,0.41735536,1300.0,13.0,20,130.0,0.69158745,-3.408547,-46.021103,-97.41153,30.289873,-35.290504,1503.2234,0.056509934,0.47951603,0.47951603,1e-05,0.0003,109.15616,0.006285255336761475,9053.653587341309,1765000,764961.0,1.0,1.0,129.0,0.7696151733398438,100.0
48.10187,0.0042923735,0.21947323,-48.09758,48.09758,1.0397896,0.41386333,1300.0,13.0,20,130.0,1.4008347,1.4535433,-48.067085,-97.88742,28.032682,-29.684782,1406.5945,0.04044243,0.43033075,0.43033075,1e-05,0.0003,105.4457,0.006224018812179565,9084.773685216904,1770000,769988.0,1.0,1.0,118.0,0.7111561298370361,100.0
49.12797,0.0036648526,0.18890584,-49.124306,49.124306,0.9361136,0.41522145,1300.0,13.0,20,130.0,1.040544,-3.316036,-49.03897,-98.72572,34.81095,-21.200985,1446.1279,0.041484866,0.38869447,0.38869447,1e-05,0.0003,100.69879,0.006159074640274048,9115.56906247139,1775000,774972.0,1.0,1.0,104.0,0.6362664699554443,100.0
48.42978,0.003084054,0.2184785,-48.426697,48.426697,0.99338204,0.4175577,1300.0,13.0,20,130.0,0.7579473,-2.0066478,-48.43866,-98.615944,25.846312,-33.259716,1301.7355,0.044480175,0.41479433,0.41479433,1e-05,0.0003,103.11099,0.0062369050979614255,9146.75359249115,1780000,779854.0,1.0,1.0,112.0,0.6686728000640869,100.0
45.73756,0.003824892,0.18642396,-45.733734,45.733734,1.1886353,0.41210198,1300.0,13.0,20,130.0,0.85949016,3.1005518,-45.640015,-97.868576,31.1825,-30.60353,1486.3329,0.049629606,0.489839,0.489839,1e-05,0.0003,110.27612,0.006316489267349243,9178.33604311943,1785000,784940.0,1.0,1.0,113.0,0.6935248374938965,100.0
45.906773,0.0042547146,0.1997107,-45.90252,45.90252,0.910776,0.41740203,1300.0,13.0,20,130.0,0.8736676,-3.1558402,-45.8622,-98.95176,29.433512,-23.268818,1353.6211,0.041808415,0.38015977,0.38015977,1e-05,0.0003,96.20121,0.006244489049911499,9209.558492183685,1790000,789938.0,1.0,1.0,111.0,0.6848247051239014,100.0
48.929554,0.004269191,0.18821608,-48.925285,48.925285,1.0135957,0.41779128,1300.0,13.0,20,130.0,0.7400434,-3.6941535,-48.990498,-98.43258,23.417137,-27.355902,1513.7627,0.052533872,0.42347142,0.42347142,1e-05,0.0003,104.72089,0.006302618360519409,9241.07158780098,1795000,794875.0,1.0,1.0,123.0,0.7396068572998047,100.0
43.73717,0.004744539,0.19857138,-43.732426,43.732426,0.9566294,0.41684175,1300.0,13.0,20,130.0,0.86910295,-5.371542,-43.799408,-97.618034,40.319042,-29.743755,1380.53,0.051101122,0.3987631,0.3987631,1e-05,0.0003,96.44548,0.006218290567398072,9272.163044691086,1800000,799925.0,1.0,1.0,120.0,0.7279562950134277,100.0
50.710106,0.002863083,0.20281826,-50.70724,50.70724,1.028692,0.4126888,1300.0,13.0,20,130.0,0.5814485,-0.734516,-50.65248,-97.41378,29.393959,-38.623,1328.9615,0.045475878,0.4245296,0.4245296,1e-05,0.0003,106.48041,0.008403764963150024,9314.18187379837,1805000,804912.0,1.0,1.0,131.0,0.7861874103546143,100.0
47.052074,0.0039214557,0.21529919,-47.048153,47.048153,1.0046777,0.4129826,1300.0,13.0,20,130.0,0.69183373,-4.5359216,-47.109207,-97.621056,30.826784,-23.736586,1345.5414,0.0524827,0.41491437,0.41491437,1e-05,0.0003,101.68278,0.006337717437744141,9345.870465040207,1810000,809964.0,1.0,1.0,103.0,0.6285436153411865,100.0
42.247734,0.004700011,0.21782191,-42.243034,42.243034,1.0060818,0.4103318,1300.0,13.0,20,130.0,0.6986029,-0.52303594,-42.314972,-97.522415,34.464104,-36.56726,1479.3691,0.046336763,0.41282734,0.41282734,1e-05,0.0003,96.61389,0.006218706893920898,9376.964004039764,1815000,814887.0,1.0,1.0,122.0,0.7303016185760498,100.0
48.983997,0.00480384,0.21918723,-48.979195,48.979195,1.0877429,0.41083583,1300.0,13.0,20,130.0,0.6569766,0.20039475,-48.9673,-97.92158,43.723515,-34.012558,1668.2513,0.040942103,0.4468838,0.4468838,1e-05,0.0003,107.73587,0.00617548098564148,9407.841412782669,1820000,819890.0,1.0,1.0,116.0,0.7007637023925781,100.0
44.721493,0.004800994,0.21512285,-44.71669,44.71669,0.99168396,0.41452008,1300.0,13.0,20,130.0,0.67459506,0.17197509,-44.599724,-97.53658,31.303417,-30.728662,1404.4916,0.05642459,0.4110729,0.4110729,1e-05,0.0003,98.83557,0.006210596799850464,9438.894400596619,1825000,824940.0,1.0,1.0,100.0,0.6010777950286865,100.0
47.006214,0.0031733033,0.21322021,-47.00304,47.00304,1.1060307,0.412988,1300.0,13.0,20,130.0,1.3997188,-3.2805576,-47.05145,-96.946075,37.518787,-33.71856,1701.2854,0.050265357,0.45677742,0.45677742,1e-05,0.0003,107.787,0.006196688270568847,9469.877845525742,1830000,829929.0,1.0,1.0,110.0,0.6541383266448975,100.0
45.43715,0.0044772616,0.22839096,-45.43267,45.43267,1.0412568,0.413591,1300.0,13.0,20,130.0,1.0793519,0.81525356,-45.347614,-98.20328,37.506413,-36.833035,1603.0615,0.041947883,0.4306544,0.4306544,1e-05,0.0003,102.50157,0.006237856531143188,9501.067132234573,1835000,834565.0,1.0,1.0,125.0,0.762383222579956,100.0
46.250957,0.004551569,0.21923235,-46.246407,46.246407,0.87710744,0.41950193,1300.0,13.0,20,130.0,0.5145288,-3.623344,-46.29019,-98.4948,26.079147,-22.1539,1289.2952,0.038409337,0.36794826,0.36794826,1e-05,0.0003,94.59876,0.006212684488296509,9532.130558490753,1840000,839948.0,1.0,1.0,131.0,0.8064360618591309,100.0
48.1032,0.003049766,0.1841659,-48.10015,48.10015,0.92032695,0.42245913,1300.0,13.0,20,130.0,0.82926005,-2.0685904,-48.0494,-97.515434,32.292305,-19.518639,1267.48,0.05027467,0.38880053,0.38880053,1e-05,0.0003,99.47653,0.0063034363746643065,9563.64774465561,1845000,844925.0,1.0,1.0,102.0,0.6138746738433838,100.0
47.617413,0.0037109992,0.22825952,-47.6137,47.6137,1.0448025,0.423882,1300.0,13.0,20,130.0,1.3092606,-0.6456558,-47.616493,-97.258064,39.22318,-46.419014,1430.2881,0.048700705,0.442873,0.442873,1e-05,0.0003,106.50017,0.006256198263168335,9594.928739786148,1850000,849751.0,1.0,1.0,128.0,0.775036096572876,100.0
44.534912,0.0034790884,0.18897793,-44.531433,44.531433,0.8167008,0.4258742,1300.0,13.0,20,130.0,0.80455446,-2.7423851,-44.443718,-98.36179,27.960367,-32.373158,1450.6765,0.040241502,0.34781182,0.34781182,1e-05,0.0003,90.55501,0.006184964752197266,9625.853567361832,1855000,854955.0,1.0,1.0,102.0,0.6094543933868408,100.0
45.551872,0.00489408,0.20321521,-45.546978,45.546978,0.9909357,0.42542148,1300.0,13.0,20,130.0,0.6392395,-1.3377222,-45.567917,-97.306404,20.282715,-19.829596,1119.896,0.045243304,0.42156532,0.42156532,1e-05,0.0003,100.994606,0.0062725332736969,9657.216237068176,1860000,859886.0,1.0,1.0,118.0,0.7087876796722412,100.0
44.258045,0.0034718688,0.20424357,-44.254574,44.254574,0.977013,0.42691955,1300.0,13.0,20,130.0,0.9424048,-0.85374177,-44.170982,-97.12293,21.499626,-29.197268,1566.8923,0.0411331,0.41710594,0.41710594,1e-05,0.0003,99.424225,0.006245625686645508,9688.444369792938,1865000,864896.0,1.0,1.0,113.0,0.6758732795715332,100.0
48.17192,0.0045562787,0.18607357,-48.167366,48.167366,0.8877205,0.42542887,1300.0,13.0,20,130.0,0.67716384,0.2813966,-48.104717,-98.51374,25.533487,-33.694813,1390.9873,0.049289513,0.37766194,0.37766194,1e-05,0.0003,97.94514,0.006191092109680176,9719.399833917618,1870000,869936.0,1.0,1.0,116.0,0.6953122615814209,100.0
46.171135,0.005053782,0.19637436,-46.16608,46.16608,0.86138994,0.42087585,1300.0,13.0,20,130.0,0.5296331,-0.41334948,-46.436653,-98.1802,22.474564,-17.722315,1234.7035,0.043104135,0.36253822,0.36253822,1e-05,0.0003,93.830734,0.006244838953018189,9750.624032258987,1875000,874905.0,1.0,1.0,111.0,0.662355899810791,100.0
46.104275,0.0044528535,0.21196228,-46.099823,46.099823,0.9585229,0.4221823,1300.0,13.0,20,130.0,0.66384524,0.547294,-46.08928,-98.17576,23.277298,-24.410702,1312.7795,0.04238075,0.40467137,0.40467137,1e-05,0.0003,99.3754,0.006250792455673218,9781.87799835205,1880000,879389.0,1.0,1.0,139.0,0.8369758129119873,100.0
46.69962,0.004314582,0.18716227,-46.695305,46.695305,0.95161146,0.42103052,1300.0,13.0,20,130.0,1.2489054,-0.8141334,-46.681892,-97.77592,21.236485,-24.139427,1354.191,0.03914842,0.40065747,0.40065747,1e-05,0.0003,100.034,0.006185901212692261,9812.80750823021,1885000,884970.0,1.0,1.0,103.0,0.614405632019043,100.0
46.87676,0.004374408,0.2100248,-46.872383,46.872383,0.835964,0.41936502,1300.0,13.0,20,130.0,0.7469914,-2.8536544,-46.92681,-97.02954,23.573137,-30.45179,1176.2949,0.045520104,0.35057408,0.35057408,1e-05,0.0003,93.19838,0.006242992830276489,9844.022476196289,1890000,889918.0,1.0,1.0,110.0,0.6597304344177246,100.0
48.532326,0.0053892722,0.20895071,-48.526936,48.526936,0.961069,0.41592702,1300.0,13.0,20,130.0,0.8317332,-1.5920261,-48.740208,-96.769554,33.649662,-25.512037,1579.5558,0.0484653,0.39973456,0.39973456,1e-05,0.0003,101.32955,0.006280556106567383,9875.425260305405,1895000,894968.0,1.0,1.0,117.0,0.7092695236206055,100.0
45.259613,0.0038381144,0.2019383,-45.255775,45.255775,0.8409185,0.41755128,1300.0,13.0,20,130.0,1.0728086,-0.328189,-45.248184,-96.6896,16.956615,-22.215046,1057.7546,0.0421639,0.3511266,0.3511266,1e-05,0.0003,91.97888,0.0062117217540740965,9906.48387336731,1900000,899948.0,1.0,1.0,109.0,0.6602530479431152,100.0
46.44523,0.0032660156,0.21371788,-46.441963,46.441963,1.0399542,0.41787368,1300.0,13.0,20,130.0,0.6755111,-0.40823662,-46.397385,-98.035995,28.488743,-32.944443,1524.604,0.05347686,0.43456948,0.43456948,1e-05,0.0003,103.61478,0.008473229265213014,9948.850023269653,1905000,904908.0,1.0,1.0,127.0,0.7675492763519287,100.0
45.518734,0.004079351,0.22564775,-45.514656,45.514656,0.8962114,0.41585127,1300.0,13.0,20,130.0,0.6023047,-3.024001,-45.44192,-97.47592,27.979845,-26.433052,1398.2986,0.04834891,0.37269062,0.37269062,1e-05,0.0003,94.570816,0.006273205327987671,9980.216053962708,1910000,909953.0,0.0,0.0,700.0,4.548928499221802,0.0
49.79382,0.0034873076,0.18643871,-49.790333,49.790333,0.9604357,0.41379133,1300.0,13.0,20,130.0,4.1647654,-3.87906,-49.79229,-97.426926,26.187176,-20.249416,1299.1638,0.03313749,0.39741996,0.39741996,1e-05,0.0003,105.623184,0.006228575134277344,10011.35893368721,1915000,914505.0,1.0,1.0,134.0,0.7947933673858643,100.0
47.38804,0.005928767,0.19083259,-47.38211,47.38211,0.942608,0.40879598,1300.0,13.0,20,130.0,0.62112933,-2.9716604,-47.361794,-97.52395,36.702732,-38.011593,1518.5245,0.044223443,0.38533437,0.38533437,1e-05,0.0003,98.10263,0.006161082220077514,10042.164348840714,1920000,919888.0,0.0,0.0,700.0,4.250046253204346,0.0
47.181904,0.0043969303,0.19799492,-47.177505,47.177505,1.0429138,0.4084623,1300.0,13.0,20,130.0,0.7799064,-1.0274483,-47.122307,-97.41485,31.716188,-25.453005,1376.5403,0.03795501,0.42599094,0.42599094,1e-05,0.0003,103.34064,0.0061857038974761965,10073.092872858047,1925000,924947.0,1.0,1.0,130.0,0.7787699699401855,100.0
48.479866,0.0029128552,0.21703732,-48.47695,48.47695,1.0775645,0.40910855,1300.0,13.0,20,130.0,0.92933536,0.021499304,-48.524734,-97.636826,25.522392,-31.398266,1523.2966,0.045765653,0.44084084,0.44084084,1e-05,0.0003,106.71851,0.006257899522781372,10104.382374286652,1930000,929902.0,1.0,1.0,99.0,0.6141660213470459,100.0
48.41941,0.0032182792,0.19724648,-48.41619,48.41619,1.1660992,0.4125843,1300.0,13.0,20,130.0,0.53200585,-0.87728935,-48.347534,-97.83058,26.621225,-27.847773,1646.99,0.040081948,0.48111424,0.48111424,1e-05,0.0003,111.49626,0.006211298942565918,10135.438872337341,1935000,934733.0,1.0,1.0,112.0,0.684922456741333,100.0
49.964912,0.0043423814,0.17044209,-49.96057,49.96057,0.89021957,0.41345748,1300.0,13.0,20,130.0,0.822139,-3.501419,-49.885292,-97.933136,27.480204,-37.01809,1280.6788,0.040502496,0.36806792,0.36806792,1e-05,0.0003,98.63588,0.0062865999221801755,10166.871876478195,1940000,939987.0,1.0,1.0,131.0,0.7874736785888672,100.0
44.50433,0.004451827,0.19190656,-44.499878,44.499878,0.9687753,0.40864164,1300.0,13.0,20,130.0,1.3376915,-2.3153555,-44.492775,-97.75117,17.84968,-19.052263,1179.9668,0.03981205,0.3958819,0.3958819,1e-05,0.0003,97.30667,0.006212940406799317,10197.936582326889,1945000,944935.0,1.0,1.0,133.0,0.7992167472839355,100.0
48.513325,0.003580948,0.1919874,-48.509743,48.509743,0.9969099,0.41179705,1300.0,13.0,20,130.0,0.5726166,-3.777857,-48.536514,-97.59904,22.572447,-59.800697,1318.1672,0.052039508,0.41052455,0.41052455,1e-05,0.0003,102.45413,0.006183411026000976,10228.853645324707,1950000,949668.0,1.0,1.0,176.0,1.0647311210632324,100.0
47.70047,0.00421875,0.20634401,-47.69625,47.69625,1.0623689,0.4097924,1300.0,13.0,20,130.0,0.6529715,-3.2669718,-47.636833,-97.611046,23.864887,-18.244402,1367.0942,0.043351375,0.43535072,0.43535072,1e-05,0.0003,104.949036,0.006273845672607422,10260.22287774086,1955000,954960.0,1.0,1.0,164.0,0.9915993213653564,100.0
48.593826,0.0035177576,0.18476927,-48.59031,48.59031,1.0906084,0.40841824,1300.0,13.0,20,130.0,0.5783273,-5.073784,-48.548565,-98.08708,29.758448,-23.680477,1415.3658,0.04492485,0.44542432,0.44542432,1e-05,0.0003,107.07732,0.006275483655929565,10291.60030055046,1960000,959928.0,1.0,1.0,109.0,0.6525328159332275,100.0
44.26348,0.0039746473,0.2260851,-44.259506,44.259506,1.0505844,0.41211578,1300.0,13.0,20,130.0,0.58440304,0.598171,-44.21986,-98.03958,58.244812,-42.51349,1966.4535,0.045250632,0.43296242,0.43296242,1e-05,0.0003,101.132996,0.006273678970336914,10322.968699455261,1965000,964951.0,1.0,1.0,117.0,0.7053885459899902,100.0
46.525684,0.004872003,0.22161047,-46.520813,46.520813,0.913976,0.41099557,1300.0,13.0,20,130.0,0.76839256,-3.5405548,-46.54215,-98.25344,26.810005,-47.051926,1338.3668,0.045830965,0.3756401,0.3756401,1e-05,0.0003,96.12729,0.006318403673171997,10354.560722112656,1970000,969447.0,1.0,1.0,109.0,0.6720483303070068,100.0
44.390102,0.0031833341,0.20940748,-44.38692,44.38692,1.0537351,0.40672508,1300.0,13.0,20,130.0,0.56898934,-0.12880778,-44.318336,-98.18533,38.22817,-30.586437,1327.8074,0.047498878,0.4285805,0.4285805,1e-05,0.0003,100.67456,0.006297357082366943,10386.047511577606,1975000,974928.0,1.0,1.0,117.0,0.7049133777618408,100.0
46.043625,0.002969738,0.21485417,-46.040657,46.040657,1.0211164,0.4006145,1300.0,13.0,20,130.0,2.8010993,-3.1427236,-46.249588,-98.33497,40.178986,-28.62934,1686.9385,0.052130237,0.40907404,0.40907404,1e-05,0.0003,102.02435,0.006170238208770752,10416.898707151413,1980000,979889.0,1.0,1.0,115.0,0.6995871067047119,100.0
45.38671,0.0035686635,0.20219603,-45.38314,45.38314,1.0129725,0.4065821,1300.0,13.0,20,130.0,0.65163636,-1.8859923,-45.32895,-98.124245,24.381218,-33.07357,1233.407,0.041212283,0.41185647,0.41185647,1e-05,0.0003,99.57969,0.006286910963058472,10448.333266019821,1985000,984888.0,1.0,1.0,134.0,0.8090672492980957,100.0
46.226585,0.004019221,0.17990933,-46.222565,46.222565,0.98467606,0.40249678,1300.0,13.0,20,130.0,0.46211883,-6.6220937,-46.271065,-98.10339,19.777725,-38.93032,1253.1213,0.044667646,0.39632893,0.39632893,1e-05,0.0003,98.211464,0.006270727825164795,10479.686909198761,1990000,989880.0,1.0,1.0,124.0,0.7583515644073486,100.0
48.212845,0.003600656,0.190815,-48.209244,48.209244,0.95453316,0.4064961,1300.0,13.0,20,130.0,0.5588269,-0.6782766,-48.27691,-98.099144,34.359093,-21.06143,1268.9875,0.038188256,0.38801402,0.38801402,1e-05,0.0003,99.21349,0.006309124040603638,10511.232533931732,1995000,994998.0,1.0,1.0,129.0,1.082343339920044,100.0
45.767754,0.004297061,0.1906934,-45.76346,45.76346,0.8936227,0.40803647,1300.0,13.0,20,130.0,1.0444201,-1.0063373,-45.751686,-98.35458,27.540293,-30.181978,1439.9966,0.056489747,0.36463064,0.36463064,1e-05,0.0003,94.21416,0.00620809850692749,10542.273030042648,2000000,999463.0,1.0,1.0,107.0,0.6395082473754883,100.0
