training/actor/bound_loss,training/actor/q_loss,training/alpha/current_vs_historical_ratio,training/alpha/historical_avg_loss,training/alpha/max_alpha_bound,training/alpha/min_alpha_bound,training/alpha/valid_count,training/alpha_weight,training/critic/critic_loss,training/critic/q_max,training/critic/q_mean,training/critic/q_min,training/grad/max,training/grad/min,training/grad/norm,training/meanflow/consistency_loss,training/meanflow/flow_loss,training/meanflow/mean_flow_loss,training/metrics/actor_learning_rate,training/metrics/critic_learning_rate,training/total_loss,time/epoch_time,time/total_time,step,training/actor/any_oob,training/actor/coordinate_oob,training/actor/jacobian,training/actor/loss,training/actor/max_clip,training/actor/mean_clip,training/actor/q,training/actor/transport,training/control/adjoint_clip_fraction,training/control/adjoint_norm,training/control/applied_adjoint_norm,training/control/eta,training/control/gate,training/control/relative_critic_disagreement,training/teacher/endpoint_variance,training/teacher/q,exploration/total.timesteps,exploration/episode.final_reward,exploration/episode.return,exploration/episode.length,exploration/episode.duration,exploration/episode.normalized_return
0.0,0.0,1.0,0.0,500.0,5.0,0,50.0,2.5767741,3.8674161,0.43789184,-4.210252,142.52103,-151.11485,1663.2534,0.0,1.2234755,1.2234755,0.0,0.0003,63.75055,0.0017128427505493165,8.564274311065674,0,,,,,,,,,,,,,,,,,,,,,,
0.04111819,0.0,67190730.0,0.0,500.0,5.0,2,50.0,0.034332603,-2.3510249,-23.028603,-24.806019,74.6152,-76.40203,1939.9609,0.0,0.6719073,0.6719073,1e-05,0.0003,33.670815,0.025593200922012328,136.53042316436768,5000,,,,,,,,,,,,,,,,,,,,,,
0.029291723,0.0,67571640.0,0.0,500.0,5.0,4,50.0,0.17280327,-1.1836905,-38.983562,-41.834934,130.51556,-150.18977,2279.5728,0.0,0.6757164,0.6757164,2e-05,0.0003,33.987915,0.00781970043182373,175.62903666496277,10000,,,,,,,,,,,,,,,,,,,,,,
0.01017556,0.0,57535480.0,0.0,500.0,5.0,7,50.0,0.30327964,-5.0394807,-51.15645,-55.178337,82.47497,-38.845585,1564.383,0.0,0.5753548,0.5753548,3e-05,0.0003,29.081196,0.0077223870754241945,214.24109554290771,15000,,,,,,,,,,,,,,,,,,,,,,
0.015984079,0.0,56426764.0,0.0,500.0,5.0,9,50.0,1.3903995,-17.581942,-60.300804,-66.38742,28.34455,-41.640827,1243.4924,0.0,0.56426764,0.56426764,4e-05,0.0003,29.619766,0.007791921091079712,253.2008137702942,20000,,,,,,,,,,,,,,,,,,,,,,
0.011562189,0.0,2.0171802,0.24026564,500.0,5.0,12,50.0,3.8027205,-0.09083187,-66.89104,-74.91496,21.385698,-23.643616,1160.1077,0.0,0.48465908,0.48465908,5e-05,0.0003,28.047237,0.007467053604125976,290.5361955165863,25000,,,,,,,,,,,,,,,,,,,,,,
0.009699313,0.0,1.3424281,0.382042,500.0,5.0,14,50.0,0.5949904,-0.020977706,-71.97186,-81.338486,20.789585,-25.60036,757.6721,0.0,0.5128639,0.5128639,6e-05,0.0003,26.247885,0.00781702151298523,329.62140798568726,30000,,,,,,,,,,,,,,,,,,,,,,
0.009300106,0.0,1.0197551,0.49830207,500.0,5.0,17,50.0,8.883831,-0.17444259,-73.72575,-86.27507,17.90132,-20.597975,1075.5378,0.0,0.5081461,0.5081461,6.9999995e-05,0.0003,34.300438,0.007488005113601684,367.0615429878235,35000,,,,,,,,,,,,,,,,,,,,,,
0.012109184,0.0,0.902883,0.55630726,500.0,5.0,19,50.0,1.0258396,-0.7315888,-74.38831,-90.08533,12.162817,-11.688233,627.4788,0.0,0.50228035,0.50228035,8e-05,0.0003,26.151966,0.007361848592758178,403.87090015411377,40000,,,,,,,,,,,,,,,,,,,,,,
0.013932035,0.0,0.9340272,0.54937524,500.0,5.0,20,50.0,0.6940532,-3.090915,-77.4711,-92.07568,8.485392,-7.56831,514.47327,0.0,0.5131314,0.5131314,8.9999994e-05,0.0003,26.364553,0.007724826288223266,442.495108127594,45000,,,,,,,,,,,,,,,,,,,,,,
0.007961879,0.0,0.88481826,0.5293259,500.0,5.0,20,50.0,0.4717875,-3.623552,-79.48432,-94.3328,10.919767,-11.706284,523.2545,0.0,0.4683572,0.4683572,1e-04,0.0003,23.89761,0.007558705091476441,480.28873014450073,50000,,,,,,,,,,,,,,,,,,,,,,
0.0052184444,0.0,0.8293867,0.5057012,500.0,5.0,20,50.0,0.96039677,0.30280775,-79.23158,-95.56194,6.6856585,-8.274726,489.1903,0.0,0.41942182,0.41942182,9.999385e-05,0.0003,21.936705,0.007796694946289063,519.2722978591919,55000,,,,,,,,,,,,,,,,,,,,,,
0.009788851,0.0,1.0379171,0.49902922,500.0,5.0,20,50.0,1.119382,-28.186817,-80.38143,-96.94991,7.008519,-8.66992,507.3673,0.0,0.517951,0.517951,9.99754e-05,0.0003,27.026722,0.007564624834060669,557.0955145359039,60000,,,,,,,,,,,,,,,,,,,,,,
0.008556743,0.0,1.099868,0.4921963,500.0,5.0,20,50.0,0.8134891,-10.162225,-79.007324,-104.07928,9.269735,-8.29745,479.22064,0.0,0.541351,0.541351,9.994465e-05,0.0003,27.889597,0.007518494606018066,594.6880750656128,65000,,,,,,,,,,,,,,,,,,,,,,
0.009993067,0.0,0.9367525,0.48374304,500.0,5.0,20,50.0,1.1256758,-12.245176,-78.592514,-107.33999,7.9407907,-6.937575,492.03613,0.0,0.45314753,0.45314753,9.990162e-05,0.0003,23.793047,0.007453245973587036,631.9543912410736,70000,,,,,,,,,,,,,,,,,,,,,,
0.009039462,0.0,0.86786324,0.4679856,500.0,5.0,20,50.0,0.6929048,0.5496554,-77.514244,-98.010315,8.02772,-7.324773,351.03424,0.0,0.40614748,0.40614748,9.984629e-05,0.0003,21.009317,0.007311660242080688,668.512772321701,75000,,,,,,,,,,,,,,,,,,,,,,
0.008452385,0.0,1.0520762,0.46259156,500.0,5.0,20,50.0,0.66370237,-1.5041499,-78.060326,-98.59223,5.6432385,-7.767686,372.44693,0.0,0.48668158,0.48668158,9.977873e-05,0.0003,25.006235,0.0077225942611694335,707.1258225440979,80000,,,,,,,,,,,,,,,,,,,,,,
0.0045104306,0.0,0.9190154,0.45855203,500.0,5.0,20,50.0,2.3652987,-1.8217475,-75.23468,-98.42787,19.783905,-19.337763,703.8753,0.0,0.4214164,0.4214164,9.969891e-05,0.0003,23.440628,0.007487379121780395,744.5628101825714,85000,,,,,,,,,,,,,,,,,,,,,,
0.0078045144,0.0,0.9836952,0.45462218,500.0,5.0,20,50.0,1.1822056,-10.868197,-76.260925,-98.79076,9.875158,-6.117835,356.90228,0.0,0.4472097,0.4472097,9.9606885e-05,0.0003,23.550495,0.00750320234298706,782.0788991451263,90000,,,,,,,,,,,,,,,,,,,,,,
0.009846239,0.0,1.0308194,0.44681722,500.0,5.0,20,50.0,0.5740307,-4.621005,-76.08067,-98.43244,7.0820236,-8.621565,362.05212,0.0,0.46058786,0.46058786,9.950265e-05,0.0003,23.61327,0.0069828921794891355,816.993438243866,95000,,,,,,,,,,,,,,,,,,,,,,
0.010690563,0.0,1.0343978,0.44372326,500.0,5.0,20,50.0,0.7029861,-4.446257,-77.00206,-99.18158,7.076715,-8.015903,392.66098,0.0,0.4589864,0.4589864,9.938626e-05,0.0003,23.662996,0.007180695152282715,852.8969993591309,100000,,,,,,,,,,,,,,,,,,,,,,
0.009352886,0.0,1.0011977,0.43982086,500.0,5.0,20,50.0,0.6518878,0.22875263,-77.73483,-98.95545,8.230145,-7.8661237,369.0337,0.0,0.4403476,0.4403476,9.9257726e-05,0.0003,22.678621,0.022275908613204956,964.2767624855042,105000,,,,,,,,,,,,,,,,,,,,,,
0.0055218036,0.0,0.95369256,0.44446713,500.0,5.0,20,50.0,0.81703687,-0.12521158,-77.965164,-98.933426,5.1960464,-7.4432216,362.96436,0.0,0.42388496,0.42388496,9.91171e-05,0.0003,22.016808,0.008262345314025879,1005.5887145996094,110000,,,,,,,,,,,,,,,,,,,,,,
0.0039046034,0.0,0.9982096,0.44444433,500.0,5.0,20,50.0,0.4096254,-10.039042,-78.22878,-135.64899,5.430884,-6.8257704,383.98706,0.0,0.44364858,0.44364858,9.896442e-05,0.0003,22.595959,0.008154225492477418,1046.3600568771362,115000,,,,,,,,,,,,,,,,,,,,,,
0.0070745237,0.0,0.995711,0.4437623,500.0,5.0,20,50.0,0.59369004,-13.493938,-79.08649,-99.0624,6.521943,-7.8724804,362.04016,0.0,0.441859,0.441859,9.8799705e-05,0.0003,22.693716,0.008554784870147705,1089.1341989040375,120000,,,,,,,,,,,,,,,,,,,,,,
0.01005645,0.0,0.98602146,0.4419384,500.0,5.0,20,50.0,0.29904348,-15.390946,-77.81363,-99.0187,5.31214,-6.1964316,371.56528,0.0,0.4357607,0.4357607,9.8623015e-05,0.0003,22.097134,0.008623365116119384,1132.2512516975403,125000,,,,,,,,,,,,,,,,,,,,,,
0.0067396704,0.0,1.1860236,0.4405589,500.0,5.0,20,50.0,0.5872899,-9.344615,-80.28265,-137.6169,5.0938077,-5.677588,345.639,0.0,0.5225133,0.5225133,9.843441e-05,0.0003,26.719694,0.00858466453552246,1175.1747930049896,130000,,,,,,,,,,,,,,,,,,,,,,
0.012897098,0.0,0.9147017,0.44198456,500.0,5.0,20,50.0,0.6987848,-11.038834,-78.55817,-136.05595,4.9228506,-5.466162,312.6774,0.0,0.40428403,0.40428403,9.823391e-05,0.0003,20.925882,0.0084416757106781,1217.3834052085876,135000,,,,,,,,,,,,,,,,,,,,,,
0.0068661263,0.0,1.0724711,0.4369777,500.0,5.0,20,50.0,0.5784712,-2.1415005,-80.42551,-133.7809,7.4903636,-7.422349,366.2605,0.0,0.468646,0.468646,9.8021614e-05,0.0003,24.017635,0.008600320291519165,1260.3852167129517,140000,,,,,,,,,,,,,,,,,,,,,,
0.007803422,0.0,1.0603813,0.43726286,500.0,5.0,20,50.0,0.5622024,0.4719834,-76.48422,-134.81976,6.3420095,-6.959642,363.17664,0.0,0.46366534,0.46366534,9.779754e-05,0.0003,23.753273,0.008056761646270751,1300.6692101955414,145000,,,,,,,,,,,,,,,,,,,,,,
0.0083406735,0.0,1.0304093,0.43641073,500.0,5.0,20,50.0,0.6539918,3.2863457,-75.267914,-99.05818,10.357091,-5.8282423,322.8103,0.0,0.4496817,0.4496817,9.756177e-05,0.0003,23.146418,0.008392861938476562,1342.6337189674377,150000,,,,,,,,,,,,,,,,,,,,,,
0.008308253,0.0,1.101587,0.4398934,500.0,5.0,20,50.0,1.0635151,-5.8708477,-75.33215,-99.064316,6.0651283,-6.075915,342.84372,0.0,0.48458087,0.48458087,9.7314376e-05,0.0003,25.300867,0.008851867389678955,1386.8932538032532,155000,,,,,,,,,,,,,,,,,,,,,,
0.006297146,0.0,0.8715398,0.44018194,500.0,5.0,20,50.0,1.477215,-0.10257994,-76.89167,-99.06407,7.566109,-7.5409713,455.5199,0.0,0.38363606,0.38363606,9.7055396e-05,0.0003,20.665316,0.00846479992866516,1429.2174489498138,160000,,,,,,,,,,,,,,,,,,,,,,
0.006429322,0.0,1.0298884,0.4360717,500.0,5.0,20,50.0,0.62392724,-8.144016,-77.57657,-122.19446,4.4911966,-6.247286,300.23987,0.0,0.44910514,0.44910514,9.6784934e-05,0.0003,23.085613,0.008360750818252563,1471.0214035511017,165000,,,,,,,,,,,,,,,,,,,,,,
0.010958671,0.0,1.0593133,0.4330515,500.0,5.0,20,50.0,0.5508141,-11.669846,-80.16546,-116.77432,7.0458975,-6.5416026,340.94934,0.0,0.45873722,0.45873722,9.6503034e-05,0.0003,23.498634,0.008477728462219239,1513.410255908966,170000,,,,,,,,,,,,,,,,,,,,,,
0.007966068,0.0,1.0033337,0.4340652,500.0,5.0,20,50.0,0.44814056,0.12321064,-77.517265,-98.75492,5.2676396,-4.625422,273.56168,0.0,0.43551224,0.43551224,9.62098e-05,0.0003,22.231718,0.008245585918426513,1554.638381242752,175000,,,,,,,,,,,,,,,,,,,,,,
0.0068871016,0.0,0.86802703,0.4351174,500.0,5.0,20,50.0,0.5730335,-0.23133817,-77.496826,-114.790115,5.3188047,-5.8237667,269.56897,0.0,0.37769365,0.37769365,9.59053e-05,0.0003,19.464602,0.008281396293640136,1596.0456490516663,180000,,,,,,,,,,,,,,,,,,,,,,
0.007602884,0.0,0.92550445,0.4289674,500.0,5.0,20,50.0,0.49700555,-28.414019,-79.63878,-99.127266,7.6591835,-6.2247233,290.42322,0.0,0.39701122,0.39701122,9.558961e-05,0.0003,20.35517,0.008071742343902589,1636.4045577049255,185000,,,,,,,,,,,,,,,,,,,,,,
0.010330616,0.0,1.0558537,0.42538378,500.0,5.0,20,50.0,1.0560205,-26.776058,-76.4232,-99.124886,5.755042,-6.6327147,311.46545,0.0,0.44914305,0.44914305,9.526282e-05,0.0003,23.523504,0.008405275583267213,1678.4310910701752,190000,,,,,,,,,,,,,,,,,,,,,,
0.0076017166,0.0,1.0740616,0.42153707,500.0,5.0,20,50.0,0.41835877,0.31687373,-77.6886,-99.038605,5.746721,-7.290081,319.37305,0.0,0.4527568,0.4527568,9.4925024e-05,0.0003,23.0638,0.008091592693328858,1718.8892335891724,195000,,,,,,,,,,,,,,,,,,,,,,
0.0060633714,0.0,1.0598822,0.4172217,500.0,5.0,20,50.0,0.54560214,-5.1616383,-75.8979,-99.126434,7.5848346,-5.004145,314.92236,0.0,0.44220585,0.44220585,9.457632e-05,0.0003,22.661959,0.008396171522140504,1760.870290517807,200000,,,,,,,,,,,,,,,,,,,,,,
0.008479661,0.0,1.0444221,0.41861197,500.0,5.0,20,50.0,0.39008754,-8.327712,-80.68304,-98.8251,6.138843,-6.2990527,283.8561,0.0,0.43720764,0.43720764,9.42168e-05,0.0003,22.25895,0.02157345371246338,1868.7377066612244,205000,,,,,,,,,,,,,,,,,,,,,,
0.0065831663,0.0,0.9259663,0.42458558,500.0,5.0,20,50.0,0.360549,-1.8040272,-79.2121,-103.249504,5.6166587,-5.7357,288.2401,0.0,0.3931519,0.3931519,9.384654e-05,0.0003,20.024727,0.008269578456878661,1910.085744380951,210000,,,,,,,,,,,,,,,,,,,,,,
0.008343829,0.0,1.0334224,0.417202,500.0,5.0,20,50.0,0.5128684,-6.8902154,-74.6519,-101.45992,7.055313,-7.5906353,292.77396,0.0,0.43114585,0.43114585,9.346567e-05,0.0003,22.078505,0.008143653869628906,1950.8041577339172,215000,,,,,,,,,,,,,,,,,,,,,,
0.007899417,0.0,0.93940854,0.41830322,500.0,5.0,20,50.0,0.83802235,-4.52501,-76.40102,-99.09825,5.8918304,-5.494294,276.7271,0.0,0.39295763,0.39295763,9.30743e-05,0.0003,20.493803,0.008246577835083008,1992.037184715271,220000,,,,,,,,,,,,,,,,,,,,,,
0.0073224716,0.0,1.0477673,0.4197085,500.0,5.0,20,50.0,0.402636,-10.190911,-79.180214,-98.90597,6.088859,-5.2695417,296.51392,0.0,0.4397568,0.4397568,9.267249e-05,0.0003,22.397799,0.007868561553955078,2031.3801329135895,225000,,,,,,,,,,,,,,,,,,,,,,
0.007306874,0.0,1.0260899,0.42183495,500.0,5.0,20,50.0,0.373784,0.20570068,-77.705826,-99.11288,6.1328,-4.703081,273.54477,0.0,0.43284056,0.43284056,9.2260394e-05,0.0003,22.023117,0.008208694791793824,2072.4237587451935,230000,,,,,,,,,,,,,,,,,,,,,,
0.006976099,0.0,1.0290058,0.4165527,500.0,5.0,20,50.0,0.42218703,0.28446823,-76.097176,-98.94352,9.740581,-5.614915,317.61096,0.0,0.42863512,0.42863512,9.183811e-05,0.0003,21.860918,0.0081658438205719,2113.253121137619,235000,,,,,,,,,,,,,,,,,,,,,,
0.0064293193,0.0,0.9582182,0.4239063,500.0,5.0,20,50.0,0.27845976,-0.038776368,-76.88614,-98.753456,4.5141892,-4.837406,268.04156,0.0,0.40619475,0.40619475,9.1405775e-05,0.0003,20.594627,0.007937561368942261,2152.9410762786865,240000,,,,,,,,,,,,,,,,,,,,,,
0.010158642,0.0,0.8985311,0.42215443,500.0,5.0,20,50.0,0.42430884,-10.240985,-75.90422,-98.82766,7.3598785,-4.438147,275.8886,0.0,0.3793189,0.3793189,9.0963455e-05,0.0003,19.400412,0.008112787532806396,2193.505160331726,245000,,,,,,,,,,,,,,,,,,,,,,
0.007349326,0.0,0.990799,0.41689745,500.0,5.0,20,50.0,0.5465452,-1.0318882,-76.35773,-98.70967,5.5619383,-5.4190755,290.49014,0.0,0.4130616,0.4130616,9.051133e-05,0.0003,21.206974,0.008210394668579101,2234.5572714805603,250000,,,,,,,,,,,,,,,,,,,,,,
0.0062394217,0.0,0.9040696,0.41786844,500.0,5.0,20,50.0,0.6891453,-6.419151,-75.428444,-98.642815,5.8582783,-4.439955,290.80225,0.0,0.37778214,0.37778214,9.004948e-05,0.0003,19.584492,0.007834973430633545,2273.7322783470154,255000,,,,,,,,,,,,,,,,,,,,,,
0.007934682,0.0,1.0184528,0.41746506,500.0,5.0,20,50.0,0.5761881,-18.730913,-75.81114,-98.8277,10.171297,-6.5327725,336.86646,0.0,0.42516842,0.42516842,8.9578054e-05,0.0003,21.842545,0.008071106767654419,2314.0879538059235,260000,,,,,,,,,,,,,,,,,,,,,,
0.006390381,0.0,1.0490887,0.4144941,500.0,5.0,20,50.0,0.48079118,0.88967395,-76.5238,-98.5409,4.968874,-4.8607893,269.02496,0.0,0.4348411,0.4348411,8.909717e-05,0.0003,22.229235,0.0082325843334198,2355.2509245872498,265000,,,,,,,,,,,,,,,,,,,,,,
0.007863123,0.0,1.0494264,0.40897486,500.0,5.0,20,50.0,0.37585524,1.2826638,-76.24619,-98.83586,5.6482673,-5.598117,271.45972,0.0,0.42918903,0.42918903,8.860696e-05,0.0003,21.84317,0.0075190464973449705,2392.8462908267975,270000,,,,,,,,,,,,,,,,,,,,,,
0.0059711593,0.0,0.9547066,0.41121197,500.0,5.0,20,50.0,0.6026197,-1.2400641,-73.99972,-98.97149,4.936602,-4.2899685,265.3484,0.0,0.39258677,0.39258677,8.810758e-05,0.0003,20.23793,0.007719340515136719,2431.443100452423,275000,,,,,,,,,,,,,,,,,,,,,,
0.0069775535,0.0,0.897686,0.40328056,500.0,5.0,20,50.0,0.3922559,-0.43421316,-76.676575,-99.39344,5.281735,-5.4625893,264.70877,0.0,0.3620193,0.3620193,8.759914e-05,0.0003,18.500198,0.008037365865707398,2471.6299664974213,280000,,,,,,,,,,,,,,,,,,,,,,
0.00621727,0.0,1.0634005,0.4011099,500.0,5.0,20,50.0,0.45076072,-8.04797,-77.69855,-100.6569,7.222639,-7.958977,300.74817,0.0,0.4265405,0.4265405,8.708179e-05,0.0003,21.784002,0.007830433750152587,2510.782269716263,285000,,,,,,,,,,,,,,,,,,,,,,
0.005665065,0.0,0.9636933,0.40572724,500.0,5.0,20,50.0,0.45881915,0.33601058,-76.2206,-98.57198,5.3846354,-7.7689104,280.11713,0.0,0.3909966,0.3909966,8.655565e-05,0.0003,20.014313,0.007829584169387817,2549.93021941185,290000,,,,,,,,,,,,,,,,,,,,,,
0.0073934067,0.0,1.0473572,0.4069217,500.0,5.0,20,50.0,0.29025552,-12.632593,-77.03856,-98.22608,5.3298116,-4.8963757,274.55246,0.0,0.42619237,0.42619237,8.602091e-05,0.0003,21.607267,0.007609094047546386,2587.975734472275,295000,,,,,,,,,,,,,,,,,,,,,,
0.008505275,0.0,0.9891725,0.40528736,500.0,5.0,20,50.0,0.47786304,-13.724553,-76.41432,-98.71694,10.314897,-8.700411,292.2569,0.0,0.40089908,0.40089908,8.547767e-05,0.0003,20.531322,0.007530929231643677,2625.6304848194122,300000,,,,,,,,,,,,,,,,,,,,,,
0.0057949107,0.0,1.023494,0.40823418,500.0,5.0,20,50.0,0.5003975,-15.294662,-77.074684,-99.44992,5.2621837,-8.308062,275.82394,0.0,0.41782522,0.41782522,8.49261e-05,0.0003,21.397455,0.019820385551452636,2724.7326321601868,305000,,,,,,,,,,,,,,,,,,,,,,
0.007838117,0.0,0.9125804,0.4091676,500.0,5.0,20,50.0,0.34537363,-8.168189,-76.9321,-98.776054,5.578865,-5.8748755,245.28249,0.0,0.3733983,0.3733983,8.436636e-05,0.0003,19.023127,0.00828729281425476,2766.169312953949,310000,,,,,,,,,,,,,,,,,,,,,,
0.0071502933,0.0,1.048592,0.40821758,500.0,5.0,20,50.0,0.2807554,-8.687243,-75.844406,-98.57954,4.4247036,-5.622619,258.28406,0.0,0.42805368,0.42805368,8.3798586e-05,0.0003,21.69059,0.008787619066238404,2810.107625246048,315000,,,,,,,,,,,,,,,,,,,,,,
0.0067267045,0.0,0.90952754,0.406816,500.0,5.0,20,50.0,0.3777696,-9.882323,-77.54474,-98.76482,6.8965473,-4.460406,265.3084,0.0,0.37001038,0.37001038,8.322294e-05,0.0003,18.885015,0.008670236778259278,2853.459013223648,320000,,,,,,,,,,,,,,,,,,,,,,
0.005808974,0.0,0.8316793,0.40740284,500.0,5.0,20,50.0,0.33794945,-9.468609,-74.98308,-99.10614,5.407544,-4.6588254,255.09258,0.0,0.3388285,0.3388285,8.263957e-05,0.0003,17.285183,0.008847915506362915,2897.6987915039062,325000,,,,,,,,,,,,,,,,,,,,,,
0.007980856,0.0,1.0232289,0.40622184,500.0,5.0,20,50.0,0.25428674,-8.567249,-79.314705,-98.6018,4.912297,-4.7590833,244.97153,0.0,0.4156579,0.4156579,8.2048646e-05,0.0003,21.045164,0.00862690315246582,2940.8335020542145,330000,,,,,,,,,,,,,,,,,,,,,,
0.0054266425,0.0,0.9374557,0.40264317,500.0,5.0,20,50.0,0.35616344,0.64120793,-74.70248,-98.83251,6.179202,-7.2986317,270.4386,0.0,0.37746012,0.37746012,8.1450344e-05,0.0003,19.234596,0.00890432906150818,2985.3553624153137,335000,,,,,,,,,,,,,,,,,,,,,,
0.007575645,0.0,1.008686,0.40150252,500.0,5.0,20,50.0,0.56034434,-7.648064,-73.63228,-98.78923,5.180478,-6.936261,257.27603,0.0,0.40498996,0.40498996,8.0844795e-05,0.0003,20.81742,0.00902170729637146,3030.464099884033,340000,,,,,,,,,,,,,,,,,,,,,,
0.0073054917,0.0,1.0084419,0.39814827,500.0,5.0,20,50.0,0.3205409,-4.416807,-77.163055,-98.69739,7.8986588,-7.045466,280.92834,0.0,0.4015094,0.4015094,8.0232174e-05,0.0003,20.403316,0.008530077362060547,3073.1146805286407,345000,,,,,,,,,,,,,,,,,,,,,,
0.0070411903,0.0,1.0375617,0.40237832,500.0,5.0,20,50.0,0.35569334,-1.9338287,-75.63933,-99.05764,5.582439,-8.000295,268.84677,0.0,0.41749233,0.41749233,7.961267e-05,0.0003,21.23735,0.008249509954452514,3114.362401008606,350000,,,,,,,,,,,,,,,,,,,,,,
0.007566616,0.0,0.99433684,0.4046033,500.0,5.0,20,50.0,0.4237036,-12.4119,-76.91996,-98.9768,6.7118025,-8.787176,328.42178,0.0,0.40231198,0.40231198,7.898643e-05,0.0003,20.54687,0.008079794836044311,3154.7615621089935,355000,,,,,,,,,,,,,,,,,,,,,,
0.0067643793,0.0,0.97508174,0.40697756,500.0,5.0,20,50.0,0.37388152,0.4944988,-75.403694,-99.00918,5.3890452,-5.3963346,251.58841,0.0,0.3968364,0.3968364,7.835362e-05,0.0003,20.222466,0.008253354740142823,3196.028505086899,360000,,,,,,,,,,,,,,,,,,,,,,
0.0084224865,0.0,0.85284746,0.4024856,500.0,5.0,20,50.0,0.34024227,-6.4260902,-77.65394,-99.04917,5.059877,-6.266744,259.24286,0.0,0.34325883,0.34325883,7.7714445e-05,0.0003,17.511606,0.008364676332473755,3237.852059841156,365000,,,,,,,,,,,,,,,,,,,,,,
0.008127476,0.0,1.063554,0.39753264,500.0,5.0,20,50.0,0.27278298,-1.7974384,-73.76113,-99.03545,6.264931,-8.03411,292.06482,0.0,0.42279744,0.42279744,7.706907e-05,0.0003,21.420782,0.008275646257400513,3279.2304561138153,370000,,,,,,,,,,,,,,,,,,,,,,
0.010043215,0.0,0.9441699,0.3975599,500.0,5.0,20,50.0,1.0416604,0.33384037,-76.15732,-98.44465,5.159498,-6.486217,326.37543,0.0,0.3753641,0.3753641,7.641764e-05,0.0003,19.81991,0.008467724180221558,3321.5692603588104,375000,,,,,,,,,,,,,,,,,,,,,,
0.008157927,0.0,0.9514857,0.39933547,500.0,5.0,20,50.0,0.31988186,0.2607491,-74.67738,-98.82791,5.7286687,-5.879281,251.01056,0.0,0.379962,0.379962,7.5760356e-05,0.0003,19.32614,0.008293035936355591,3363.0346205234528,380000,,,,,,,,,,,,,,,,,,,,,,
0.0068386495,0.0,0.9266778,0.39904687,500.0,5.0,20,50.0,0.3301659,-2.0577931,-75.92801,-98.733025,6.307407,-6.6505036,251.53738,0.0,0.36978787,0.36978787,7.50974e-05,0.0003,18.826397,0.008581266593933105,3405.9411392211914,385000,,,,,,,,,,,,,,,,,,,,,,
0.0067451335,0.0,0.9169278,0.39516473,500.0,5.0,20,50.0,0.29432613,0.18838549,-75.358505,-98.255806,5.486071,-4.709078,239.52673,0.0,0.36233753,0.36233753,7.442894e-05,0.0003,18.417948,0.008627139616012573,3449.0770211219788,390000,,,,,,,,,,,,,,,,,,,,,,
0.0077462797,0.0,1.0141468,0.39530247,500.0,5.0,20,50.0,0.33632824,-12.087214,-75.70484,-98.48895,7.5986342,-7.1200647,273.81323,0.0,0.40089476,0.40089476,7.375519e-05,0.0003,20.388813,0.008663597536087036,3492.395182132721,395000,,,,,,,,,,,,,,,,,,,,,,
0.007723222,0.0,1.0108063,0.39483765,500.0,5.0,20,50.0,0.31092507,0.589591,-75.59065,-98.82159,5.206349,-4.6076436,258.57928,0.0,0.39910442,0.39910442,7.30763e-05,0.0003,20.273869,0.008562285232543945,3535.2067699432373,400000,,,,,,,,,,,,,,,,,,,,,,
0.005383416,0.0,1.0150603,0.3963605,500.0,5.0,20,50.0,0.3649793,-1.1986394,-73.995186,-99.23174,4.5014453,-4.4108067,259.98184,0.0,0.40232977,0.40232977,7.239246e-05,0.0003,20.486853,0.017307435035705566,3621.7441029548645,405000,,,,,,,,,,,,,,,,,,,,,,
0.0090036765,0.0,0.90602225,0.3952402,500.0,5.0,20,50.0,0.29442886,-18.53871,-78.12267,-98.344185,5.741847,-6.138088,251.1372,0.0,0.35809642,0.35809642,7.170388e-05,0.0003,18.208254,0.008073813724517822,3662.113337993622,410000,,,,,,,,,,,,,,,,,,,,,,
0.0060814703,0.0,0.9592045,0.3944228,500.0,5.0,20,50.0,0.43618044,-11.208471,-76.50188,-98.67723,3.5661368,-4.199419,234.2927,0.0,0.37833214,0.37833214,7.101073e-05,0.0003,19.35887,0.00845742049217224,3704.400628566742,415000,,,,,,,,,,,,,,,,,,,,,,
0.006747956,0.0,0.91544956,0.39585206,500.0,5.0,20,50.0,0.2700884,0.35698777,-77.32152,-98.59175,4.721481,-4.376144,241.751,0.0,0.3623826,0.3623826,7.0313195e-05,0.0003,18.395966,0.008368008327484132,3746.240838766098,420000,,,,,,,,,,,,,,,,,,,,,,
0.0056468537,0.0,0.8780548,0.39741632,500.0,5.0,20,50.0,0.8325757,-2.40366,-73.92244,-98.775826,5.8320537,-6.586793,286.14612,0.0,0.3489533,0.3489533,6.961148e-05,0.0003,18.285889,0.008368874216079712,3788.0853521823883,425000,,,,,,,,,,,,,,,,,,,,,,
0.006682726,0.0,1.0138067,0.39470086,500.0,5.0,20,50.0,0.25961134,0.89760244,-75.71704,-99.025444,5.2943377,-4.881589,256.495,0.0,0.4001504,0.4001504,6.890576e-05,0.0003,20.273813,0.007982106494903565,3827.9960775375366,430000,,,,,,,,,,,,,,,,,,,,,,
0.006522257,0.0,0.9133406,0.39237884,500.0,5.0,20,50.0,0.33376598,-7.940678,-76.73227,-98.796875,8.237416,-8.867378,275.8801,0.0,0.35837552,0.35837552,6.8196256e-05,0.0003,18.259064,0.008317241430282592,3869.58247923851,435000,,,,,,,,,,,,,,,,,,,,,,
0.0055082496,0.0,1.020405,0.39408055,500.0,5.0,20,50.0,0.29961994,-19.313946,-77.78487,-98.71014,4.29662,-5.916983,255.4076,0.0,0.40212178,0.40212178,6.748313e-05,0.0003,20.411217,0.007932771635055543,3909.2465255260468,440000,,,,,,,,,,,,,,,,,,,,,,
0.009019039,0.0,0.9805651,0.39738044,500.0,5.0,20,50.0,0.23747882,0.17591533,-77.17317,-99.16765,6.1499887,-7.618044,254.82895,0.0,0.38965738,0.38965738,6.67666e-05,0.0003,19.729366,0.008248865509033204,3950.4910385608673,445000,,,,,,,,,,,,,,,,,,,,,,
0.005012001,0.0,0.9067283,0.3999218,500.0,5.0,20,50.0,0.4265129,-12.072088,-77.86289,-98.33806,5.643168,-4.3820844,260.89374,0.0,0.36262044,0.36262044,6.604685e-05,0.0003,18.562546,0.008191232633590699,3991.4473905563354,450000,,,,,,,,,,,,,,,,,,,,,,
0.008650373,0.0,1.0539521,0.39863417,500.0,5.0,20,50.0,0.48527482,-13.870245,-74.59213,-98.96193,5.663595,-4.5276723,269.83182,0.0,0.42014134,0.42014134,6.5324086e-05,0.0003,21.500992,0.00839509654045105,4033.423048019409,455000,,,,,,,,,,,,,,,,,,,,,,
0.00866371,0.0,0.9080582,0.39843798,500.0,5.0,20,50.0,0.5523237,-4.347254,-76.97687,-98.585556,7.14033,-6.437452,266.84424,0.0,0.36180487,0.36180487,6.4598484e-05,0.0003,18.651232,0.008868820810317993,4077.767328977585,460000,,,,,,,,,,,,,,,,,,,,,,
0.00872435,0.0,0.9475851,0.39231914,500.0,5.0,20,50.0,0.3223998,-17.22346,-75.57416,-98.91341,6.9672675,-5.811473,261.0586,0.0,0.37175578,0.37175578,6.387027e-05,0.0003,18.918913,0.008838955640792847,4121.96230506897,465000,,,,,,,,,,,,,,,,,,,,,,
0.0060637295,0.0,0.9381714,0.39248765,500.0,5.0,20,50.0,0.23113337,0.59248817,-77.694916,-99.293076,5.5719604,-5.713116,251.3875,0.0,0.3682207,0.3682207,6.3139625e-05,0.0003,18.648232,0.008887673997879028,4166.400853872299,470000,,,,,,,,,,,,,,,,,,,,,,
0.008441344,0.0,0.9831361,0.3909255,500.0,5.0,20,50.0,0.46281534,-6.8307467,-74.974144,-99.35305,6.430375,-4.6216774,274.17038,0.0,0.38433295,0.38433295,6.2406754e-05,0.0003,19.687904,0.008412126922607422,4208.461663007736,475000,,,,,,,,,,,,,,,,,,,,,,
0.007267303,0.0,0.9971836,0.38914254,500.0,5.0,20,50.0,0.895417,-0.5889237,-74.89201,-99.02481,8.715008,-6.136744,353.26953,0.0,0.38804656,0.38804656,6.167186e-05,0.0003,20.305014,0.008388105201721192,4250.4023678302765,480000,,,,,,,,,,,,,,,,,,,,,,
0.0075053303,0.0,0.99127495,0.3839778,500.0,5.0,20,50.0,0.22698724,0.5208942,-77.385254,-98.60919,6.4268546,-6.864719,264.2952,0.0,0.38062757,0.38062757,6.093515e-05,0.0003,19.265871,0.00820072636604309,4291.406165599823,485000,,,,,,,,,,,,,,,,,,,,,,
0.0060987854,0.0,1.0517014,0.38233152,500.0,5.0,20,50.0,0.32162157,-10.554101,-73.98796,-98.658936,5.9024806,-7.802636,266.14313,0.0,0.4020986,0.4020986,6.0196806e-05,0.0003,20.43265,0.007939856243133545,4331.10559129715,490000,,,,,,,,,,,,,,,,,,,,,,
0.008392295,0.0,0.9511249,0.38263687,500.0,5.0,20,50.0,0.37582704,-13.967277,-76.02816,-99.0259,3.4312308,-9.05841,249.57047,0.0,0.36393547,0.36393547,5.945705e-05,0.0003,18.580994,0.008021392631530762,4371.212728500366,495000,,,,,,,,,,,,,,,,,,,,,,
0.006861888,0.0,0.9635937,0.37760147,500.0,5.0,20,50.0,0.28955486,-0.24711098,-75.539925,-98.74636,5.225184,-6.5490117,265.8071,0.0,0.3638544,0.3638544,5.8716072e-05,0.0003,18.489138,0.007792060804367065,4410.173202037811,500000,,,,,,,,,,,,,,,,,,,,,,
0.00818714,0.0,0.92749184,0.3794808,500.0,5.0,20,50.0,0.61244404,-3.1311934,-75.88008,-98.64821,4.735238,-4.7405496,262.8837,0.0,0.35196534,0.35196534,5.7974077e-05,0.0003,18.218897,0.016255099725723268,4491.448937654495,505000,,,,,,,,,,,,,,,,,,,,,,
0.006538739,0.0,1.1129621,0.37678418,500.0,5.0,20,50.0,0.2544304,-12.251566,-78.3105,-98.84284,4.4781137,-4.384135,243.55428,0.0,0.4193465,0.4193465,5.7231267e-05,0.0003,21.228294,0.008447161865234375,4533.684982061386,510000,,,,,,,,,,,,,,,,,,,,,,
0.0077605057,0.0,0.89745295,0.37893754,500.0,5.0,20,50.0,0.32584336,-10.219406,-79.00493,-98.435455,6.613997,-6.5593185,261.32468,0.0,0.34007862,0.34007862,5.6487854e-05,0.0003,17.337536,0.008250822925567627,4574.939291477203,515000,,,,,,,,,,,,,,,,,,,,,,
0.0060866578,0.0,0.87296695,0.37924492,500.0,5.0,20,50.0,0.2361326,-0.05794777,-77.27199,-98.95129,3.8503413,-4.6286097,246.83876,0.0,0.33106828,0.33106828,5.574403e-05,0.0003,16.795633,0.008293823719024658,4616.408625364304,520000,,,,,,,,,,,,,,,,,,,,,,
0.00899625,0.0,1.0053822,0.3782642,500.0,5.0,20,50.0,0.31772202,-12.346701,-78.67249,-98.92785,6.0417047,-6.639401,274.10938,0.0,0.38030005,0.38030005,5.5000004e-05,0.0003,19.34172,0.008327500200271606,4658.04633307457,525000,,,,,,,,,,,,,,,,,,,,,,
0.007547962,0.0,1.0633966,0.3750314,500.0,5.0,20,50.0,0.387852,-3.2198474,-77.411835,-99.554146,16.683765,-14.279163,321.11035,0.0,0.3988071,0.3988071,5.4255972e-05,0.0003,20.335754,0.008085121011734009,4698.472115278244,530000,,,,,,,,,,,,,,,,,,,,,,
0.0074669477,0.0,1.0570146,0.38014147,500.0,5.0,20,50.0,0.539478,-13.116269,-77.35181,-98.76852,6.551182,-8.908738,278.36212,0.0,0.40181506,0.40181506,5.3512147e-05,0.0003,20.6377,0.008335825681686402,4740.1514184474945,535000,,,,,,,,,,,,,,,,,,,,,,
0.0063508865,0.0,1.0118743,0.3809592,500.0,5.0,20,50.0,0.3290974,0.32445228,-76.38168,-98.95766,4.0301843,-4.8535275,244.44829,0.0,0.38548285,0.38548285,5.276873e-05,0.0003,19.609592,0.008763467836380006,4783.968946933746,540000,,,,,,,,,,,,,,,,,,,,,,
0.006274624,0.0,0.97034854,0.37920633,500.0,5.0,20,50.0,0.7201441,0.109898806,-72.715775,-99.61328,4.5134015,-4.1193466,259.55,0.0,0.3679623,0.3679623,5.2025924e-05,0.0003,19.124535,0.008477261304855347,4826.355418205261,545000,,,,,,,,,,,,,,,,,,,,,,
0.0084949415,0.0,0.99667984,0.3843978,500.0,5.0,20,50.0,0.24593483,-0.077458635,-75.34917,-98.781006,6.87343,-7.9947944,269.04764,0.0,0.38312155,0.38312155,5.1283936e-05,0.0003,19.410507,0.008594066333770752,4869.325925827026,550000,,,,,,,,,,,,,,,,,,,,,,
0.0052945977,0.0,0.96528685,0.38157156,500.0,5.0,20,50.0,0.48477796,0.09872663,-75.819275,-99.414795,6.2333016,-8.015717,301.8267,0.0,0.368326,0.368326,5.0542945e-05,0.0003,18.906372,0.008331597423553466,4910.984085321426,555000,,,,,,,,,,,,,,,,,,,,,,
0.0070945434,0.0,0.99901146,0.38134778,500.0,5.0,20,50.0,0.4176075,0.7806109,-75.590256,-98.67289,5.233911,-9.438284,275.94122,0.0,0.38097078,0.38097078,4.9803188e-05,0.0003,19.47324,0.008185525369644165,4951.911875009537,560000,,,,,,,,,,,,,,,,,,,,,,
0.0062630884,0.0,0.9925741,0.3828349,500.0,5.0,20,50.0,0.29829663,-11.838322,-77.66622,-98.53966,6.3226585,-5.2511086,268.0838,0.0,0.379992,0.379992,4.9064853e-05,0.0003,19.30416,0.008377616119384765,4993.8001317977905,565000,,,,,,,,,,,,,,,,,,,,,,
0.008012557,0.0,1.0693811,0.38694406,500.0,5.0,20,50.0,0.22853167,-5.9007516,-75.910614,-98.44331,5.014425,-5.353003,272.38776,0.0,0.41379064,0.41379064,4.8328133e-05,0.0003,20.926075,0.008392978763580323,5035.76519370079,570000,,,,,,,,,,,,,,,,,,,,,,
0.009059794,0.0,1.2333419,0.3824813,500.0,5.0,20,50.0,0.33567908,-0.09289709,-75.30257,-98.48956,6.5362434,-8.497751,316.64966,0.0,0.47173023,0.47173023,4.7593247e-05,0.0003,23.93125,0.008312589263916016,5077.328305482864,575000,,,,,,,,,,,,,,,,,,,,,,
0.0071074544,0.0,0.89498144,0.38221464,500.0,5.0,20,50.0,0.2655424,-8.815463,-76.33511,-99.26056,3.783955,-4.9241023,242.41106,0.0,0.342075,0.342075,4.686038e-05,0.0003,17.3764,0.00825297818183899,5118.59335565567,580000,,,,,,,,,,,,,,,,,,,,,,
0.00789544,0.0,0.98725426,0.38174587,500.0,5.0,20,50.0,0.3400061,-11.684164,-75.829384,-99.53009,4.4179797,-6.1866183,238.97516,0.0,0.37688023,0.37688023,4.612974e-05,0.0003,19.191914,0.008512505531311035,5161.1560599803925,585000,,,,,,,,,,,,,,,,,,,,,,
0.007308794,0.0,0.8545601,0.3805637,500.0,5.0,20,50.0,0.27602506,-6.150773,-76.40915,-98.70726,5.4833727,-4.3126187,265.58795,0.0,0.32521453,0.32521453,4.540152e-05,0.0003,16.544062,0.008053726387023926,5201.424866199493,590000,,,,,,,,,,,,,,,,,,,,,,
0.0065798853,0.0,1.0679952,0.37902996,500.0,5.0,20,50.0,0.2646687,-5.276788,-75.98532,-98.856064,6.2733655,-5.800351,270.57562,0.0,0.40480217,0.40480217,4.467592e-05,0.0003,20.511356,0.0081626136302948,5242.238099098206,595000,,,,,,,,,,,,,,,,,,,,,,
0.0069935713,0.0,0.97398305,0.3776339,500.0,5.0,20,50.0,0.31656265,-2.37884,-74.88855,-98.729294,4.501632,-3.7684288,247.74602,0.0,0.367809,0.367809,4.3953154e-05,0.0003,18.714006,0.008011759328842164,5282.297067403793,600000,,,,,,,,,,,,,,,,,,,,,,
0.007675537,0.0,0.9905023,0.37617174,500.0,5.0,20,50.0,0.28255814,-3.1137722,-76.81867,-98.5683,4.985334,-4.6562796,266.41357,0.0,0.37259898,0.37259898,4.3233405e-05,0.0003,18.920183,0.017179463243484495,5368.194537162781,605000,,,,,,,,,,,,,,,,,,,,,,
0.008177578,0.0,1.1055005,0.37300453,500.0,5.0,20,50.0,0.2414774,-15.41871,-75.732445,-98.65229,5.79125,-5.504811,282.73602,0.0,0.41235667,0.41235667,4.251687e-05,0.0003,20.867489,0.008061118793487549,5408.500292062759,610000,,,,,,,,,,,,,,,,,,,,,,
0.0063755326,0.0,1.1162082,0.3731837,500.0,5.0,20,50.0,0.27518928,0.0752687,-74.368004,-98.2877,6.0581636,-9.078841,294.03546,0.0,0.4165507,0.4165507,4.1803753e-05,0.0003,21.1091,0.008273443841934205,5449.867662668228,615000,,,,,,,,,,,,,,,,,,,,,,
0.007935322,0.0,0.8764507,0.3741397,500.0,5.0,20,50.0,0.31896368,-12.685627,-78.26613,-98.54081,4.8478975,-6.6159334,258.52136,0.0,0.327915,0.327915,4.1094238e-05,0.0003,16.722649,0.007657374429702758,5488.154669284821,620000,,,,,,,,,,,,,,,,,,,,,,
0.008910153,0.0,1.0573889,0.3732998,500.0,5.0,20,50.0,0.27454504,-14.687495,-77.31827,-98.65632,8.160352,-4.4774427,275.03815,0.0,0.39472306,0.39472306,4.0388528e-05,0.0003,20.019608,0.007889465141296386,5527.602150440216,625000,,,,,,,,,,,,,,,,,,,,,,
0.0080525605,0.0,0.97769076,0.3725701,500.0,5.0,20,50.0,0.25294977,-7.407323,-76.52803,-98.42872,4.927411,-4.9127126,257.98785,0.0,0.36425835,0.36425835,3.9686805e-05,0.0003,18.473919,0.007989612340927123,5567.55033993721,630000,,,,,,,,,,,,,,,,,,,,,,
0.0082858885,0.0,1.0882678,0.37235588,500.0,5.0,20,50.0,0.2933961,-11.4575,-77.13158,-98.58211,5.6842117,-5.263155,288.71136,0.0,0.4052229,0.4052229,3.8989278e-05,0.0003,20.562826,0.00818365445137024,5608.468752861023,635000,,,,,,,,,,,,,,,,,,,,,,
0.0074951295,0.0,1.0951418,0.37093076,500.0,5.0,20,50.0,0.44245762,-10.049192,-77.988434,-98.45273,10.40222,-14.074402,377.69742,0.0,0.40622175,0.40622175,3.8296123e-05,0.0003,20.76104,0.008229033708572388,5649.614057064056,640000,,,,,,,,,,,,,,,,,,,,,,
0.0085182,0.0,0.9952718,0.37427315,500.0,5.0,20,50.0,0.28806147,-25.20233,-77.98875,-98.98356,5.399528,-4.5982976,254.84996,0.0,0.37250352,0.37250352,3.7607537e-05,0.0003,18.921755,0.00823407974243164,5690.784604549408,645000,,,,,,,,,,,,,,,,,,,,,,
0.0074711447,0.0,1.0282954,0.375284,500.0,5.0,20,50.0,0.2864763,-10.679496,-75.34726,-98.67304,7.4233584,-7.7611904,275.64648,0.0,0.3859028,0.3859028,3.692371e-05,0.0003,19.589087,0.008385933923721313,5732.714410305023,650000,,,,,,,,,,,,,,,,,,,,,,
0.008996949,0.0,0.9764617,0.37615195,500.0,5.0,20,50.0,0.39406735,0.6082736,-74.72395,-98.768456,7.2310643,-5.806893,277.7373,0.0,0.367298,0.367298,3.6244823e-05,0.0003,18.767965,0.007935273027420043,5772.390917301178,655000,,,,,,,,,,,,,,,,,,,,,,
0.006840678,0.0,0.81948614,0.3749141,500.0,5.0,20,50.0,0.30982476,-10.966125,-77.03923,-98.95331,3.4998043,-5.277963,232.58582,0.0,0.3072369,0.3072369,3.5571058e-05,0.0003,15.678511,0.00809488935470581,5812.865511894226,660000,,,,,,,,,,,,,,,,,,,,,,
0.005926712,0.0,0.9936048,0.37402162,500.0,5.0,20,50.0,0.4566046,0.013017699,-77.780396,-98.33486,6.0045004,-7.0395565,280.71674,0.0,0.37162966,0.37162966,3.490261e-05,0.0003,19.044014,0.008218829774856568,5853.959780454636,665000,,,,,,,,,,,,,,,,,,,,,,
0.0072552105,0.0,1.078541,0.37553033,500.0,5.0,20,50.0,0.47742227,-7.832013,-75.812836,-98.82182,5.951527,-5.8728566,279.20706,0.0,0.4050249,0.4050249,3.4239645e-05,0.0003,20.735922,0.008001204013824464,5893.965918064117,670000,,,,,,,,,,,,,,,,,,,,,,
0.0076792897,0.0,1.0952033,0.37500188,500.0,5.0,20,50.0,0.3242224,-14.625035,-76.05689,-98.72745,5.307095,-6.390643,290.0533,0.0,0.41070327,0.41070327,3.3582368e-05,0.0003,20.867065,0.007997851800918578,5933.955300807953,675000,,,,,,,,,,,,,,,,,,,,,,
0.0059074527,0.0,0.94116986,0.37555793,500.0,5.0,20,50.0,0.27890423,-20.680243,-77.42368,-98.509834,5.696779,-7.612509,268.46417,0.0,0.35346383,0.35346383,3.2930948e-05,0.0003,17.958002,0.008023347854614258,5974.072189331055,680000,,,,,,,,,,,,,,,,,,,,,,
0.007882834,0.0,0.9553981,0.37251103,500.0,5.0,20,50.0,0.26107383,-9.479931,-75.90469,-100.912796,6.321285,-8.970723,283.36343,0.0,0.35589632,0.35589632,3.228555e-05,0.0003,18.063774,0.007896969509124756,6013.557182312012,685000,,,,,,,,,,,,,,,,,,,,,,
0.008079363,0.0,1.0576619,0.3714558,500.0,5.0,20,50.0,0.27291352,0.1618465,-76.29851,-98.940445,7.140723,-5.6096787,280.49985,0.0,0.3928746,0.3928746,3.1646374e-05,0.0003,19.924723,0.007853467559814453,6052.824673652649,690000,,,,,,,,,,,,,,,,,,,,,,
0.006620767,0.0,0.87801003,0.371179,500.0,5.0,20,50.0,0.24494371,0.48313397,-76.79146,-98.789604,4.7716026,-5.0254097,257.36472,0.0,0.3258989,0.3258989,3.1013573e-05,0.0003,16.546509,0.007971623992919922,6092.682939291,695000,,,,,,,,,,,,,,,,,,,,,,
0.007769985,0.0,1.0676697,0.37477416,500.0,5.0,20,50.0,0.4808864,-0.12582639,-73.72273,-98.74827,8.876528,-4.6090612,290.82477,0.0,0.40013504,0.40013504,3.0387337e-05,0.0003,20.495409,0.00784842004776001,6131.9251828193665,700000,,,,,,,,,,,,,,,,,,,,,,
0.006960674,0.0,1.0192333,0.38143966,500.0,5.0,20,50.0,0.274419,-16.541027,-78.05023,-98.79387,4.645319,-5.236617,285.94693,0.0,0.38877603,0.38877603,2.9767822e-05,0.0003,19.72018,0.017288448333740235,6218.367615699768,705000,,,,,,,,,,,,,,,,,,,,,,
0.00917845,0.0,0.9533484,0.38078675,500.0,5.0,20,50.0,0.29276818,0.6400306,-75.69862,-98.560196,4.81137,-4.5125375,268.52478,0.0,0.36302245,0.36302245,2.9155208e-05,0.0003,18.45307,0.008664172887802125,6261.688664197922,710000,,,,,,,,,,,,,,,,,,,,,,
0.007080207,0.0,1.0287311,0.37928638,500.0,5.0,20,50.0,0.25983402,-5.456329,-73.33661,-98.89093,4.822141,-4.3452096,264.0398,0.0,0.3901837,0.3901837,2.8549664e-05,0.0003,19.776098,0.008276303291320801,6303.0703954696655,715000,,,,,,,,,,,,,,,,,,,,,,
0.0057476102,0.0,1.0065886,0.37419713,500.0,5.0,20,50.0,1.29632,0.3986198,-76.79542,-104.05952,4.7185407,-4.6123204,261.2,0.0,0.37666252,0.37666252,2.7951346e-05,0.0003,20.135193,0.008667787027359009,6346.409525871277,720000,,,,,,,,,,,,,,,,,,,,,,
0.007006366,0.0,0.89143705,0.37977767,500.0,5.0,20,50.0,0.22694692,-7.768617,-77.58592,-98.70336,5.8877406,-4.4741783,271.0336,0.0,0.3385479,0.3385479,2.736043e-05,0.0003,17.161348,0.008516920852661133,6388.99433016777,725000,,,,,,,,,,,,,,,,,,,,,,
0.006659487,0.0,0.9693922,0.38324028,500.0,5.0,20,50.0,0.36525753,-9.872923,-78.718445,-98.720474,6.2626476,-4.049478,259.0639,0.0,0.37151015,0.37151015,2.6777061e-05,0.0003,18.947426,0.008633055114746093,6432.159773826599,730000,,,,,,,,,,,,,,,,,,,,,,
0.007272063,0.0,0.9691816,0.3818162,500.0,5.0,20,50.0,0.26950997,-22.582684,-75.7632,-98.66863,5.065723,-6.1472316,273.26962,0.0,0.37004924,0.37004924,2.6201416e-05,0.0003,18.779243,0.008369537353515625,6474.007632017136,735000,,,,,,,,,,,,,,,,,,,,,,
0.0073996447,0.0,0.9900533,0.3785162,500.0,5.0,20,50.0,0.784453,0.4453467,-77.33847,-97.893845,50.49306,-47.506134,842.9995,0.0,0.3747512,0.3747512,2.5633639e-05,0.0003,19.529413,0.008540817499160767,6516.711891174316,740000,,,,,,,,,,,,,,,,,,,,,,
0.0071728886,0.0,1.0165565,0.36999017,500.0,5.0,20,50.0,0.28172034,0.16464204,-76.593475,-98.95058,4.0129557,-3.8570278,261.1275,0.0,0.37611592,0.37611592,2.5073889e-05,0.0003,19.094688,0.008245668983459473,6557.940408706665,745000,,,,,,,,,,,,,,,,,,,,,,
0.008345549,0.0,0.8956863,0.3669867,500.0,5.0,20,50.0,0.23638262,-0.01756601,-76.354095,-98.63723,5.319967,-5.075669,269.7867,0.0,0.32870495,0.32870495,2.4522331e-05,0.0003,16.679976,0.008284645891189575,6599.363808870316,750000,,,,,,,,,,,,,,,,,,,,,,
0.0076569016,0.0,0.90806764,0.3681719,500.0,5.0,20,50.0,0.27792782,0.027038947,-76.094986,-98.63586,5.629796,-4.8985567,236.72601,0.0,0.334325,0.334325,2.3979092e-05,0.0003,17.001835,0.008484452772140503,6641.786237478256,755000,,,,,,,,,,,,,,,,,,,,,,
0.008892521,0.0,1.0364181,0.3697404,500.0,5.0,20,50.0,0.1675973,0.41463393,-75.08452,-98.612404,6.2054014,-5.587209,276.3476,0.0,0.38320565,0.38320565,2.3444345e-05,0.0003,19.336771,0.008348197078704834,6683.527383089066,760000,,,,,,,,,,,,,,,,,,,,,,
0.010262037,0.0,0.9623774,0.36372545,500.0,5.0,20,50.0,0.21167949,0.56206703,-76.22154,-98.93378,5.281224,-6.1542745,277.6353,0.0,0.35004115,0.35004115,2.2918219e-05,0.0003,17.723999,0.008312741756439208,6725.0912544727325,765000,,,,,,,,,,,,,,,,,,,,,,
0.0093564745,0.0,1.0073156,0.36155662,500.0,5.0,20,50.0,0.3205949,0.0701835,-75.53436,-98.73503,5.907502,-5.117626,289.3225,0.0,0.36420164,0.36420164,2.2400869e-05,0.0003,18.540033,0.00831888689994812,6766.685865879059,770000,,,,,,,,,,,,,,,,,,,,,,
0.007771397,0.0,1.0028952,0.35977432,500.0,5.0,20,50.0,0.28029072,-0.030241892,-74.78633,-98.55591,5.3282323,-4.817882,240.79721,0.0,0.36081594,0.36081594,2.1892429e-05,0.0003,18.32886,0.008139583110809326,6807.383945465088,775000,,,,,,,,,,,,,,,,,,,,,,
0.007576737,0.0,1.0322018,0.35860762,500.0,5.0,20,50.0,0.26482654,-11.648787,-77.44459,-98.56487,5.452989,-4.3512945,271.06287,0.0,0.3701554,0.3701554,2.1393029e-05,0.0003,18.780174,0.008125915670394897,6848.013692140579,780000,,,,,,,,,,,,,,,,,,,,,,
0.006814796,0.0,1.0398136,0.3618321,500.0,5.0,20,50.0,0.26519144,-7.7501335,-76.98586,-98.740425,5.2907047,-4.0669637,260.24133,0.0,0.37623796,0.37623796,2.0902831e-05,0.0003,19.083904,0.008123754405975342,6888.6326406002045,785000,,,,,,,,,,,,,,,,,,,,,,
0.00784749,0.0,1.0911367,0.36039487,500.0,5.0,20,50.0,0.18878548,1.3465241,-75.89163,-98.78249,6.2673492,-6.1720037,304.002,0.0,0.39324006,0.39324006,2.0421947e-05,0.0003,19.858635,0.00838500714302063,6930.557855844498,790000,,,,,,,,,,,,,,,,,,,,,,
0.006567438,0.0,1.0243398,0.36200726,500.0,5.0,20,50.0,0.32078886,-4.6052594,-76.79491,-98.48056,8.376938,-6.304399,293.75592,0.0,0.37081844,0.37081844,1.9950523e-05,0.0003,18.868279,0.008127206897735596,6971.194070100784,795000,,,,,,,,,,,,,,,,,,,,,,
0.008303161,0.0,1.0574046,0.36524138,500.0,5.0,20,50.0,0.24830109,-11.344152,-75.93354,-98.88968,5.1198335,-7.338185,299.77307,0.0,0.38620797,0.38620797,1.9488682e-05,0.0003,19.567003,0.008147435855865479,7011.93141579628,800000,,,,,,,,,,,,,,,,,,,,,,
0.007908338,0.0,1.0279927,0.3642499,500.0,5.0,20,50.0,0.2436665,-6.646442,-75.49162,-98.55316,6.166405,-5.6428695,317.32846,0.0,0.37444627,0.37444627,1.9036543e-05,0.0003,18.973888,0.01709605383872986,7097.411878585815,805000,,,,,,,,,,,,,,,,,,,,,,
0.007894633,0.0,1.0632906,0.36748493,500.0,5.0,20,50.0,0.18996993,-3.1923053,-75.93956,-98.188065,7.076138,-5.4679747,279.11594,0.0,0.3907433,0.3907433,1.859424e-05,0.0003,19.73503,0.00833646993637085,7139.09437251091,810000,,,,,,,,,,,,,,,,,,,,,,
0.006571463,0.0,0.9566606,0.36647648,500.0,5.0,20,50.0,0.23105036,0.34016857,-76.92282,-98.935905,6.435145,-5.7335935,264.7389,0.0,0.35059363,0.35059363,1.8161878e-05,0.0003,17.767303,0.008171286535263061,7179.950973749161,815000,,,,,,,,,,,,,,,,,,,,,,
0.007242103,0.0,0.95368665,0.3659397,500.0,5.0,20,50.0,0.17907311,-4.442941,-76.662575,-99.02778,5.8087893,-5.1155515,255.40005,0.0,0.3489918,0.3489918,1.7739603e-05,0.0003,17.635906,0.008308104419708253,7221.491670370102,820000,,,,,,,,,,,,,,,,,,,,,,
0.008000008,0.0,1.0763028,0.36758155,500.0,5.0,20,50.0,0.25716746,0.00015103817,-76.91902,-98.18343,6.553649,-5.938974,300.4152,0.0,0.39562905,0.39562905,1.7327511e-05,0.0003,20.04662,0.00818087387084961,7262.396166086197,825000,,,,,,,,,,,,,,,,,,,,,,
0.0073062833,0.0,1.0303195,0.37007758,500.0,5.0,20,50.0,0.27079442,-13.7795315,-76.510735,-98.76432,6.5845375,-7.104386,292.83777,0.0,0.38129812,0.38129812,1.6925713e-05,0.0003,19.343008,0.00833068447113037,7304.049786567688,830000,,,,,,,,,,,,,,,,,,,,,,
0.0060401876,0.0,0.9999134,0.36916032,500.0,5.0,20,50.0,0.3123911,-10.27554,-75.4861,-98.91134,7.45493,-6.711849,309.27902,0.0,0.36912835,0.36912835,1.653433e-05,0.0003,18.774849,0.008293758535385132,7345.518795490265,835000,,,,,,,,,,,,,,,,,,,,,,
0.008744638,0.0,0.9265151,0.36733654,500.0,5.0,20,50.0,0.21463947,-0.2615044,-75.80248,-98.82393,5.52496,-11.594485,330.99426,0.0,0.34034285,0.34034285,1.6153459e-05,0.0003,17.240528,0.00795537748336792,7385.29586148262,840000,,,,,,,,,,,,,,,,,,,,,,
0.0073789572,0.0,0.9763395,0.36654708,500.0,5.0,20,50.0,0.22298223,-13.236072,-74.74372,-101.74432,6.7091537,-7.510825,296.4463,0.0,0.3578744,0.3578744,1.5783213e-05,0.0003,18.12408,0.008286856746673585,7426.730281352997,845000,,,,,,,,,,,,,,,,,,,,,,
0.008150574,0.0,0.93191314,0.35877594,500.0,5.0,20,50.0,0.2454599,-8.354808,-73.60664,-98.685776,4.8841605,-4.139255,267.63202,0.0,0.33434802,0.33434802,1.542368e-05,0.0003,16.971012,0.008151708173751831,7467.488964557648,850000,,,,,,,,,,,,,,,,,,,,,,
0.008557607,0.0,0.9875373,0.35780472,500.0,5.0,20,50.0,0.22540367,-9.55073,-74.92771,-98.33104,6.6157713,-9.304743,306.54193,0.0,0.3533455,0.3533455,1.5074969e-05,0.0003,17.901237,0.008262420701980591,7508.801204204559,855000,,,,,,,,,,,,,,,,,,,,,,
0.0078090364,0.0,1.0287977,0.35675701,500.0,5.0,20,50.0,0.23276044,0.21291503,-75.65019,-98.62081,5.709233,-4.257936,273.14932,0.0,0.3670308,0.3670308,1.4737181e-05,0.0003,18.59211,0.008023761892318725,7548.9201736450195,860000,,,,,,,,,,,,,,,,,,,,,,
0.00951998,0.0,1.0209067,0.3552402,500.0,5.0,20,50.0,0.21214448,0.40644345,-76.553696,-98.69013,4.800158,-5.600915,285.2575,0.0,0.36266708,0.36266708,1.4410394e-05,0.0003,18.355019,0.008111118412017823,7589.475911140442,865000,,,,,,,,,,,,,,,,,,,,,,
0.00976927,0.0,1.0108147,0.3527011,500.0,5.0,20,50.0,0.353326,-0.71714807,-74.285,-98.35578,6.866048,-6.923283,283.18042,0.0,0.35651547,0.35651547,1.4094706e-05,0.0003,18.188868,0.0075451884746551515,7627.202003002167,870000,,,,,,,,,,,,,,,,,,,,,,
0.0070810234,0.0,1.1484289,0.3471513,500.0,5.0,20,50.0,0.5239718,-7.5592804,-74.007614,-98.717804,5.6340237,-6.2382793,319.15985,0.0,0.3986786,0.3986786,1.37902e-05,0.0003,20.464983,0.007938587093353272,7666.895078897476,875000,,,,,,,,,,,,,,,,,,,,,,
0.007964393,0.0,0.9433094,0.34707865,500.0,5.0,20,50.0,0.23313175,-12.690744,-76.36568,-98.27671,5.4678183,-7.1339245,286.19434,0.0,0.32740256,0.32740256,1.3496962e-05,0.0003,16.611225,0.007454698848724365,7704.168715238571,880000,,,,,,,,,,,,,,,,,,,,,,
0.008424932,0.0,1.0972606,0.34727508,500.0,5.0,20,50.0,0.19742277,0.18035991,-75.23306,-98.40905,5.637068,-4.546794,265.17957,0.0,0.38105124,0.38105124,1.3215067e-05,0.0003,19.25841,0.007512134456634521,7741.7295207977295,885000,,,,,,,,,,,,,,,,,,,,,,
0.00814564,0.0,1.1203663,0.35148326,500.0,5.0,20,50.0,0.26121953,1.2515017,-75.41885,-98.549324,5.51991,-6.704384,319.55713,0.0,0.39379004,0.39379004,1.2944596e-05,0.0003,19.958868,0.007523910284042358,7779.349214792252,890000,,,,,,,,,,,,,,,,,,,,,,
0.01051641,0.0,1.1631796,0.35120764,500.0,5.0,20,50.0,0.21456409,0.20996654,-72.95859,-98.92745,10.283956,-6.6117554,357.28937,0.0,0.40851757,0.40851757,1.26856285e-05,0.0003,20.650959,0.007563924741744995,7817.16895866394,895000,,,,,,,,,,,,,,,,,,,,,,
0.007748763,0.0,1.0545775,0.355517,500.0,5.0,20,50.0,0.20671974,-14.012394,-76.07254,-98.88981,6.7277045,-8.702268,297.112,0.0,0.37492022,0.37492022,1.2438221e-05,0.0003,18.96048,0.0076737544059753415,7855.537887573242,900000,,,,,,,,,,,,,,,,,,,,,,
0.008421653,0.0,0.8689157,0.35433432,500.0,5.0,20,50.0,0.17866814,0.15875742,-77.57477,-99.70913,5.186489,-5.8302755,264.58606,0.0,0.30788666,0.30788666,1.22024585e-05,0.0003,15.581423,0.016217000818252565,7936.623096227646,905000,,,,,,,,,,,,,,,,,,,,,,
0.008176548,0.0,1.1111189,0.35726196,500.0,5.0,20,50.0,0.24892607,-6.6113243,-75.61444,-98.340614,6.0971093,-6.154073,295.90686,0.0,0.39696053,0.39696053,1.1978389e-05,0.0003,20.10513,0.00771749587059021,7975.2107808589935,910000,,,,,,,,,,,,,,,,,,,,,,
0.0077127833,0.0,0.96830577,0.36302847,500.0,5.0,20,50.0,0.38027427,0.008787587,-75.450935,-99.52425,5.665027,-4.015671,260.46326,0.0,0.35152256,0.35152256,1.1766084e-05,0.0003,17.964115,0.007704882144927978,8013.735333681107,915000,,,,,,,,,,,,,,,,,,,,,,
0.0075873155,0.0,0.78890646,0.3668041,500.0,5.0,20,50.0,0.29455078,0.07486634,-75.21915,-98.902756,4.325462,-4.0633345,251.581,0.0,0.2893741,0.2893741,1.1565597e-05,0.0003,14.770844,0.0076581064224243165,8052.026031970978,920000,,,,,,,,,,,,,,,,,,,,,,
0.0075676055,0.0,0.9702099,0.362184,500.0,5.0,20,50.0,0.29252613,-9.635842,-75.89374,-99.24773,7.6569724,-7.5813026,288.82648,0.0,0.3513945,0.3513945,1.1376989e-05,0.0003,17.86982,0.007490696859359741,8089.479675531387,925000,,,,,,,,,,,,,,,,,,,,,,
0.007628501,0.0,0.99313337,0.361765,500.0,5.0,20,50.0,0.21202263,-2.1475017,-76.309616,-98.62819,8.215412,-6.49717,274.47098,0.0,0.35928088,0.35928088,1.1200302e-05,0.0003,18.183695,0.007659441709518432,8127.777045249939,930000,,,,,,,,,,,,,,,,,,,,,,
0.0069551724,0.0,0.87584984,0.35875618,500.0,5.0,20,50.0,0.2778227,0.22538689,-76.75345,-99.26288,6.3168836,-5.896474,275.96255,0.0,0.31421655,0.31421655,1.103559e-05,0.0003,15.995605,0.0071887754440307615,8163.721087932587,935000,,,,,,,,,,,,,,,,,,,,,,
0.008875155,0.0,1.0823673,0.3561046,500.0,5.0,20,50.0,0.16188018,-2.8036973,-75.40027,-98.67722,7.2852683,-9.880553,320.21146,0.0,0.385436,0.385436,1.0882903e-05,0.0003,19.442554,0.007530407238006592,8201.373288154602,940000,,,,,,,,,,,,,,,,,,,,,,
0.009211245,0.0,1.1206242,0.3573929,500.0,5.0,20,50.0,0.17512327,-26.750334,-77.35988,-98.69004,6.191649,-7.2826138,317.6942,0.0,0.4005031,0.4005031,1.0742272e-05,0.0003,20.209488,0.007309909868240356,8237.922995090485,945000,,,,,,,,,,,,,,,,,,,,,,
0.00997162,0.0,1.0397784,0.35652277,500.0,5.0,20,50.0,0.24965608,-14.863406,-75.769325,-98.94678,7.750668,-9.594937,315.58594,0.0,0.37070465,0.37070465,1.061374e-05,0.0003,18.79486,0.00741484260559082,8274.997366428375,950000,,,,,,,,,,,,,,,,,,,,,,
0.0065714465,0.0,1.0712192,0.35218263,500.0,5.0,20,50.0,0.17972907,0.52068037,-76.142136,-98.61272,4.8933215,-5.096593,262.8305,0.0,0.37726483,0.37726483,1.0497346e-05,0.0003,19.049541,0.007303943634033203,8311.517244815826,955000,,,,,,,,,,,,,,,,,,,,,,
0.008328799,0.0,0.90644693,0.34753785,500.0,5.0,20,50.0,0.24524644,-0.39565778,-74.839134,-98.64817,5.9329576,-4.96774,270.17834,0.0,0.3150246,0.3150246,1.0393118e-05,0.0003,16.004805,0.007383886528015137,8348.436837434769,960000,,,,,,,,,,,,,,,,,,,,,,
0.0095101725,0.0,1.0827888,0.34815875,500.0,5.0,20,50.0,0.18050864,-4.1482224,-77.49381,-98.90847,5.1716833,-4.8801737,269.8989,0.0,0.3769824,0.3769824,1.0301083e-05,0.0003,19.039139,0.007210545587539673,8384.48972249031,965000,,,,,,,,,,,,,,,,,,,,,,
0.006917326,0.0,1.0090735,0.34873906,500.0,5.0,20,50.0,0.14943144,0.048133686,-77.11862,-98.56934,4.5353703,-5.4430103,239.36201,0.0,0.35190332,0.35190332,1.0221269e-05,0.0003,17.751514,0.0072418888092041014,8420.699326515198,970000,,,,,,,,,,,,,,,,,,,,,,
0.0073158904,0.0,1.0167065,0.3488208,500.0,5.0,20,50.0,0.34748375,-0.30721503,-75.48364,-98.559395,6.1235647,-5.0293756,275.68182,0.0,0.35464838,0.35464838,1.0153698e-05,0.0003,18.08722,0.007166890335083008,8456.533935308456,975000,,,,,,,,,,,,,,,,,,,,,,
0.008238238,0.0,1.0343502,0.3471566,500.0,5.0,20,50.0,0.19125165,-19.19381,-75.047,-98.76998,4.2138762,-5.026666,277.16104,0.0,0.3590815,0.3590815,1.0098386e-05,0.0003,18.153564,0.0072374317646026615,8492.721256256104,980000,,,,,,,,,,,,,,,,,,,,,,
0.008062657,0.0,0.9669755,0.34586117,500.0,5.0,20,50.0,0.15570761,0.047293007,-76.06839,-98.84712,6.335295,-5.3249884,270.9674,0.0,0.33443928,0.33443928,1.005535e-05,0.0003,16.885735,0.007094419479370117,8528.193514585495,985000,,,,,,,,,,,,,,,,,,,,,,
0.0074005956,0.0,1.2493383,0.34490958,500.0,5.0,20,50.0,0.2040838,0.32241982,-75.44144,-98.81602,5.7866955,-7.0911517,304.23364,0.0,0.43090874,0.43090874,1.0024603e-05,0.0003,21.756922,0.007299418497085572,8564.690774679184,990000,,,,,,,,,,,,,,,,,,,,,,
0.006589642,0.0,1.1331904,0.35118434,500.0,5.0,20,50.0,0.16409507,0.2153928,-78.297455,-98.68712,6.0429945,-6.1434736,302.10666,0.0,0.39795876,0.39795876,1.000615e-05,0.0003,20.068623,0.007042426872253418,8599.90306019783,995000,,,,,,,,,,,,,,,,,,,,,,
0.0075697196,0.0,0.9442997,0.35510096,500.0,5.0,20,50.0,0.28348053,-1.7087524,-76.8468,-98.33891,5.0588207,-4.7159142,247.5369,0.0,0.33532172,0.33532172,1e-05,0.0003,17.057137,0.007067724084854126,8635.241831541061,1000000,,,,,,,,,,,,,,,,,,,,,,
0.00032057153,0.0,,,,,,,0.21903045,0.30063158,-76.869934,-98.58233,0.36921784,-0.28916383,9.771185,,,,,,0.22202197,0.03410614371299744,8805.772554397583,1005000,0.1015625,0.013671875,0.0,0.0029915133,0.067536,0.00032057153,-76.8445,0.0026709419,0.0,0.16445147,0.16445147,0.1,1.0,0.0063090767,0.5805956,-76.049515,4624.0,1.0,1.0,580.0,11.257398843765259,100.0
0.000387193,0.0,,,,,,,0.21357112,1.035245,-77.37674,-99.18188,0.13940108,-0.4202791,9.518723,,,,,,0.2191915,0.019482850456237794,8903.186810731888,1010000,0.07421875,0.009277344,0.0,0.0056203837,0.15032911,0.000387193,-77.366196,0.0052331905,0.0,0.22484846,0.22484846,0.1,1.0,0.0020038304,0.58279335,-76.2573,9146.0,1.0,1.0,547.0,10.41971468925476,100.0
0.00019448687,0.0,,,,,,,0.19356622,0.25434995,-77.4964,-98.86839,0.25975865,-0.25863898,9.229906,,,,,,0.19794606,0.01922332992553711,8999.303465366364,1015000,0.078125,0.0107421875,0.0,0.0043798345,0.07655108,0.00019448687,-77.5294,0.004185348,0.0,0.22178473,0.22178473,0.1,1.0,0.0019852559,0.5821051,-76.76611,14973.0,1.0,1.0,303.0,5.632147789001465,100.0
0.00017600966,0.0,,,,,,,0.5313283,0.08980845,-79.24254,-98.51116,3.4674535,-3.7357125,46.169144,,,,,,0.53453887,0.019120393419265747,9094.905436515808,1020000,0.05859375,0.0073242188,0.0,0.003210563,0.0912379,0.00017600966,-79.3055,0.0030345533,0.0,0.117306344,0.117306344,0.1,1.0,0.0024713746,0.56387997,-83.652885,19489.0,1.0,1.0,431.0,8.466715335845947,100.0
0.00038234016,0.0,,,,,,,0.35964924,-10.987748,-78.06062,-98.893814,1.2852577,-1.2257146,29.531563,,,,,,0.3654579,0.01931029586791992,9191.456920146942,1025000,0.07421875,0.009765625,0.0,0.005808666,0.18341792,0.00038234016,-78.115944,0.005426326,0.0,0.27380502,0.27380502,0.1,1.0,0.00365648,0.5792953,-72.36928,24304.0,1.0,1.0,302.0,5.646209478378296,100.0
0.00029149663,0.0,,,,,,,0.15130928,-33.62177,-80.95134,-98.796814,0.2320997,-0.30553588,8.12525,,,,,,0.15432735,0.019161350297927857,9287.263675928116,1030000,0.0859375,0.0107421875,0.0,0.0030180733,0.13455164,0.00029149663,-80.93422,0.0027265768,0.0,0.21760473,0.21760473,0.1,1.0,0.0017295711,0.5411756,-79.016594,29568.0,0.0,0.0,1000.0,19.109901189804077,0.0
0.0001245215,0.0,,,,,,,0.466517,0.2596987,-77.19025,-99.05076,0.95577884,-0.7211669,17.562725,,,,,,0.47053212,0.019196180295944214,9383.244582891464,1035000,0.0546875,0.0073242188,0.0,0.004015115,0.05923915,0.0001245215,-77.158745,0.0038905938,0.0,0.19068077,0.19068077,0.1,1.0,0.004998823,0.54649526,-80.21965,34468.0,1.0,1.0,302.0,5.644459962844849,100.0
0.00020771497,0.0,,,,,,,0.24020688,-0.1933156,-80.02075,-99.654625,0.41845995,-0.36000896,13.4043665,,,,,,0.2453296,0.019250650453567504,9479.497845172882,1040000,0.0625,0.008300781,0.0,0.0051227193,0.102305055,0.00020771497,-80.03203,0.0049150046,0.0,0.3242873,0.3242873,0.1,1.0,0.0030651388,0.63135,-76.77702,39869.0,1.0,1.0,342.0,6.372310161590576,100.0
0.0001237152,0.0,,,,,,,0.30377734,-12.489234,-78.59079,-99.72493,0.3021572,-0.25709552,10.749189,,,,,,0.30876195,0.019176630401611328,9575.381001710892,1045000,0.0546875,0.0073242188,0.0,0.004984614,0.113868356,0.0001237152,-78.560974,0.004860899,0.0,0.2155348,0.2155348,0.1,1.0,0.0019591255,0.5738079,-80.88701,44762.0,1.0,1.0,300.0,6.120929002761841,100.0
0.00022080762,0.0,,,,,,,0.37712878,0.63216627,-78.43006,-98.80415,0.70870817,-0.708049,20.952164,,,,,,0.38223216,0.019181744480133055,9671.28972864151,1050000,0.0703125,0.0087890625,0.0,0.005103378,0.069695234,0.00022080762,-78.456406,0.0048825704,0.0,0.21157862,0.21157862,0.1,1.0,0.0025301124,0.6470695,-81.560425,49977.0,1.0,1.0,269.0,5.0285539627075195,100.0
0.00031431223,0.0,,,,,,,0.24001218,-16.080029,-82.06708,-99.41409,0.215511,-0.23624668,8.724171,,,,,,0.24371523,0.01945130958557129,9768.546281337738,1055000,0.08203125,0.011230469,0.0,0.0037030417,0.14760435,0.00031431223,-82.08211,0.0033887294,0.0,0.25176758,0.25176758,0.1,1.0,0.0039127227,0.56269366,-77.309425,54844.0,1.0,1.0,285.0,5.399823188781738,100.0
0.00020516891,0.0,,,,,,,0.21534774,-3.3391047,-80.946075,-98.47268,0.90634257,-0.56901073,14.943798,,,,,,0.22085765,0.0192156156539917,9864.62436413765,1060000,0.06640625,0.0087890625,0.0,0.0055099167,0.07531154,0.00020516891,-80.93773,0.0053047477,0.0,0.17189851,0.17189851,0.1,1.0,0.0017949052,0.57255155,-83.05731,59229.0,1.0,1.0,394.0,7.818279027938843,100.0
0.0003145928,0.0,,,,,,,0.8510067,-0.09341025,-79.30492,-99.04123,1.6313993,-2.0661366,32.410896,,,,,,0.8551426,0.019300976943969726,9961.129254102707,1065000,0.078125,0.010253906,0.0,0.004135896,0.20358396,0.0003145928,-79.32591,0.0038213034,0.0,0.17694479,0.17694479,0.1,1.0,0.0037289527,0.6484445,-78.053696,64943.0,1.0,1.0,399.0,8.041478872299194,100.0
0.00017410959,0.0,,,,,,,0.5623619,-5.983452,-80.85109,-99.2941,0.99156785,-1.2188444,22.501595,,,,,,0.56560665,0.01930118865966797,10057.635202169418,1070000,0.0390625,0.0048828125,0.0,0.0032447868,0.12371528,0.00017410959,-80.91755,0.0030706772,0.0,0.15666945,0.15666945,0.1,1.0,0.0019976217,0.566298,-83.0853,69759.0,1.0,1.0,291.0,5.479546785354614,100.0
0.00022505352,0.0,,,,,,,0.26807034,-7.254363,-80.413055,-98.92379,0.18730786,-0.3519467,10.552611,,,,,,0.2724228,0.01930916051864624,10154.181008815765,1075000,0.07421875,0.009277344,0.0,0.004352458,0.082616925,0.00022505352,-80.35546,0.004127404,0.0,0.1209328,0.1209328,0.1,1.0,0.0025436538,0.61139286,-82.69871,74790.0,1.0,1.0,233.0,4.401831150054932,100.0
0.0003116185,0.0,,,,,,,0.22458634,-17.916668,-80.25453,-99.63912,0.42840895,-0.51979053,10.440105,,,,,,0.22812915,0.01936507406234741,10251.006383419037,1080000,0.0859375,0.011230469,0.0,0.0035428165,0.07896125,0.0003116185,-80.30022,0.003231198,0.0,0.14651096,0.14651096,0.1,1.0,0.001915742,0.6319727,-82.17114,79709.0,1.0,1.0,383.0,7.688809394836426,100.0
0.0002203536,0.0,,,,,,,0.3695329,0.020593047,-78.6637,-98.73724,0.6187338,-0.6689933,19.558117,,,,,,0.37422493,0.01945333867073059,10348.273081541061,1085000,0.0390625,0.0048828125,0.0,0.0046920036,0.17409396,0.0002203536,-78.63336,0.00447165,0.0,0.351129,0.351129,0.1,1.0,0.008675199,0.5597324,-73.262115,84725.0,1.0,1.0,278.0,5.740792512893677,100.0
0.0001693599,0.0,,,,,,,0.19742814,-15.316395,-82.2161,-98.86752,0.3796665,-0.38382035,12.804362,,,,,,0.20219146,0.019552705574035645,10446.036614894867,1090000,0.05859375,0.0073242188,0.0,0.0047633196,0.072327256,0.0001693599,-82.192215,0.0045939595,0.0,0.20448586,0.20448586,0.1,1.0,0.0026222214,0.5761855,-83.07434,89834.0,1.0,1.0,269.0,5.100112199783325,100.0
0.00046186888,0.0,,,,,,,0.24265948,-0.9435073,-80.3462,-99.50387,0.7346045,-0.86324173,19.710121,,,,,,0.24778461,0.01938463554382324,10542.959797143936,1095000,0.078125,0.0107421875,0.0,0.0051251277,0.27362323,0.00046186888,-80.40617,0.004663259,0.0,0.22260618,0.22260618,0.1,1.0,0.0058575384,0.59117377,-77.90967,94768.0,1.0,1.0,291.0,5.9715776443481445,100.0
0.0001737802,0.0,,,,,,,0.33225814,-12.510479,-79.989136,-99.89099,0.45402047,-0.47395316,15.502513,,,,,,0.3416174,0.01922977223396301,10639.108662843704,1100000,0.05859375,0.0073242188,0.0,0.009359273,0.06115985,0.0001737802,-79.96265,0.009185493,0.0,0.23050927,0.23050927,0.1,1.0,0.0056049977,0.61026704,-72.13722,99925.0,1.0,1.0,276.0,5.72822380065918,100.0
0.00019444118,0.0,,,,,,,0.2627241,-21.082878,-81.13883,-99.22309,0.414559,-0.24259378,12.450328,,,,,,0.26641008,0.026495558643341063,10771.586463451385,1105000,0.05078125,0.0063476562,0.0,0.0036859945,0.11079395,0.00019444118,-81.158035,0.0034915532,0.0,0.2068364,0.2068364,0.1,1.0,0.0026274812,0.58287084,-80.10329,104935.0,1.0,1.0,232.0,4.813180208206177,100.0
0.00017716485,0.0,,,,,,,0.35213453,-14.09954,-79.773674,-99.19789,0.56095886,-0.5835359,16.381273,,,,,,0.3570061,0.019282890796661376,10868.00092291832,1110000,0.05078125,0.0063476562,0.0,0.004871571,0.109108925,0.00017716485,-79.81412,0.004694406,0.0,0.19595754,0.19595754,0.1,1.0,0.0027862182,0.58367836,-72.72837,109774.0,1.0,1.0,221.0,4.142085075378418,100.0
0.00017442118,0.0,,,,,,,0.8916031,-0.36604935,-79.839874,-99.41709,7.6210394,-6.7950892,108.86209,,,,,,0.89442277,0.01931012463569641,10964.551552534103,1115000,0.08203125,0.010253906,0.0,0.002819639,0.10917902,0.00017442118,-79.861824,0.0026452178,0.0,0.18512349,0.18512349,0.1,1.0,0.0030787804,0.5629238,-83.1921,114993.0,1.0,1.0,373.0,7.478006362915039,100.0
0.00019154756,0.0,,,,,,,0.34402534,-18.020754,-79.43259,-98.652504,0.49423385,-0.4575418,13.760455,,,,,,0.3483815,0.019388824510574342,11061.495680570602,1120000,0.0625,0.0078125,0.0,0.0043561435,0.18823552,0.00019154756,-79.37167,0.004164596,0.0,0.39350533,0.39350533,0.1,1.0,0.0037177703,0.5997009,-78.38808,119795.0,1.0,1.0,284.0,5.3381946086883545,100.0
0.00014780922,0.0,,,,,,,0.24861494,0.28360206,-80.23781,-98.97547,0.26798844,-0.44551045,10.65341,,,,,,0.25285232,0.01934150252342224,11158.203199148178,1125000,0.0703125,0.009277344,0.0,0.0042373952,0.047737956,0.00014780922,-80.22838,0.004089586,0.0,0.13801372,0.13801372,0.1,1.0,0.0016729847,0.5768186,-84.983765,124858.0,1.0,1.0,282.0,5.281487941741943,100.0
0.00013505865,0.0,,,,,,,0.41776568,-9.155691,-81.046844,-98.66467,0.96530443,-0.8323809,21.040184,,,,,,0.42496678,0.019561456203460694,11256.01048541069,1130000,0.05078125,0.0078125,0.0,0.0072011063,0.049691677,0.00013505865,-81.08469,0.0070660478,0.0,0.192035,0.192035,0.1,1.0,0.0022766304,0.59108657,-84.102295,129564.0,1.0,1.0,259.0,4.895885705947876,100.0
0.00014194334,0.0,,,,,,,0.24163571,-7.8879805,-79.61357,-98.611694,0.44043595,-0.35995096,13.991543,,,,,,0.24481176,0.019634207487106325,11354.181529521942,1135000,0.06640625,0.008300781,0.0,0.0031760433,0.052844644,0.00014194334,-79.641846,0.0030341,0.0,0.13709551,0.13709551,0.1,1.0,0.002200135,0.5825275,-83.80716,134725.0,1.0,1.0,337.0,6.403408527374268,100.0
0.00016368629,0.0,,,,,,,0.6662695,0.9969809,-81.36663,-98.7525,0.6092032,-0.5419807,13.125685,,,,,,0.672186,0.019536298894882204,11451.863029956818,1140000,0.0625,0.008300781,0.0,0.005916564,0.07776666,0.00016368629,-81.392075,0.0057528773,0.0,0.1814867,0.1814867,0.1,1.0,0.0040150774,0.61988723,-81.32367,139210.0,0.0,0.0,1000.0,19.48213028907776,0.0
0.00023538468,0.0,,,,,,,0.25232714,-0.8422352,-81.705795,-98.56578,0.26474515,-0.23732354,10.612058,,,,,,0.25641033,0.019555734300613404,11549.641707897186,1145000,0.07421875,0.009765625,0.0,0.0040831966,0.09066701,0.00023538468,-81.77,0.0038478118,0.0,0.250313,0.250313,0.1,1.0,0.006382884,0.5649401,-78.94798,144565.0,1.0,1.0,291.0,5.570686340332031,100.0
0.0003881388,0.0,,,,,,,0.40015733,-2.0295098,-79.13059,-98.879166,0.62634355,-1.0462319,16.33471,,,,,,0.4045768,0.019500045967102052,11647.141945123672,1150000,0.0859375,0.0107421875,0.0,0.004419463,0.16360188,0.0003881388,-79.1804,0.0040313243,0.0,0.23694746,0.23694746,0.1,1.0,0.0042388947,0.5943489,-75.689255,149593.0,1.0,1.0,584.0,11.050768375396729,100.0
0.00016671786,0.0,,,,,,,0.40405798,-1.7902187,-79.5007,-98.587234,0.60966575,-0.48760685,13.928953,,,,,,0.4089012,0.019628974914550783,11745.286832809448,1155000,0.05859375,0.008300781,0.0,0.004843221,0.09667277,0.00016671786,-79.56182,0.004676503,0.0,0.24416025,0.24416025,0.1,1.0,0.004207343,0.5122396,-75.6998,154893.0,1.0,1.0,433.0,8.836364030838013,100.0
0.00018274714,0.0,,,,,,,0.3705579,-0.20780303,-80.04246,-98.77121,0.71798396,-0.7628995,16.735289,,,,,,0.37369207,0.019550606346130373,11843.03987121582,1160000,0.1015625,0.013183594,0.0,0.0031341466,0.042903423,0.00018274714,-80.07074,0.0029513994,0.0,0.20460206,0.20460206,0.1,1.0,0.0025578698,0.5642283,-78.146324,159655.0,1.0,1.0,232.0,4.849605560302734,100.0
9.422633e-05,0.0,,,,,,,0.3287924,-0.034019172,-78.65799,-98.92589,0.91228133,-0.7897139,18.392002,,,,,,0.3333105,0.01955663614273071,11940.823058843613,1165000,0.046875,0.005859375,0.0,0.0045181196,0.059201956,9.422633e-05,-78.63726,0.004423893,0.0,0.21827334,0.21827334,0.1,1.0,0.002787237,0.63049567,-77.439316,164621.0,1.0,1.0,220.0,4.681951999664307,100.0
0.0002504242,0.0,,,,,,,0.32753617,-11.427995,-79.22589,-98.73253,0.4057511,-0.47321466,10.608243,,,,,,0.33095106,0.019529162645339965,12038.468877792358,1170000,0.09765625,0.012207031,0.0,0.003414888,0.06716704,0.0002504242,-79.29826,0.0031644637,0.0,0.22106957,0.22106957,0.1,1.0,0.0032136603,0.5926877,-80.01335,169908.0,0.0,0.0,1000.0,19.50080370903015,0.0
0.00022937165,0.0,,,,,,,0.55749446,-3.1191697,-80.53159,-98.83957,0.81783414,-1.1249852,16.54301,,,,,,0.56252915,0.019400974082946776,12135.473754405975,1175000,0.05859375,0.008300781,0.0,0.005034679,0.12830412,0.00022937165,-80.57125,0.0048053074,0.0,0.25672883,0.25672883,0.1,1.0,0.005511336,0.55293715,-74.7784,174820.0,1.0,1.0,240.0,4.572997093200684,100.0
0.00025044737,0.0,,,,,,,0.20066634,-22.3478,-80.57384,-98.68154,0.20767222,-0.16257444,7.3449783,,,,,,0.20327073,0.019292986345291138,12231.938693523407,1180000,0.078125,0.009765625,0.0,0.0026043972,0.14268613,0.00025044737,-80.57886,0.00235395,0.0,0.124052495,0.124052495,0.1,1.0,0.0025108918,0.60934156,-81.4194,179994.0,1.0,1.0,261.0,4.880884647369385,100.0
0.00017454854,0.0,,,,,,,0.43947548,-4.358843,-78.515594,-98.852264,1.5000515,-1.3153356,28.080664,,,,,,0.4424226,0.01932868437767029,12328.582122087479,1185000,0.0546875,0.0068359375,0.0,0.0029471316,0.06882048,0.00017454854,-78.51935,0.0027725832,0.0,0.23040718,0.23040718,0.1,1.0,0.0020659575,0.50983655,-80.87557,184210.0,1.0,1.0,248.0,4.6692893505096436,100.0
0.00023121998,0.0,,,,,,,0.5066805,0.057812065,-77.06705,-98.69733,0.63941383,-0.74708694,16.25011,,,,,,0.5116881,0.019338414859771728,12425.274202823639,1190000,0.0703125,0.009765625,0.0,0.005007613,0.11008227,0.00023121998,-77.0723,0.004776393,0.0,0.20325544,0.20325544,0.1,1.0,0.002656518,0.596969,-80.51354,189724.0,1.0,1.0,237.0,4.4708781242370605,100.0
0.00013112876,0.0,,,,,,,0.36424235,-11.492169,-80.04163,-98.64411,1.2519017,-0.94520295,17.668482,,,,,,0.36766696,0.019231078958511352,12521.429602861404,1195000,0.0546875,0.0073242188,0.0,0.0034246063,0.048793316,0.00013112876,-80.069824,0.0032934775,0.0,0.2826893,0.2826893,0.1,1.0,0.0041829464,0.56811196,-82.78034,194801.0,1.0,1.0,247.0,4.614449739456177,100.0
0.00021490309,0.0,,,,,,,0.5009147,-0.076935664,-77.36303,-99.24718,0.6954417,-0.5192558,15.232042,,,,,,0.50703955,0.019297562074661254,12617.917423963547,1200000,0.0625,0.008300781,0.0,0.006124829,0.1610645,0.00021490309,-77.40106,0.005909926,0.0,0.16992763,0.16992763,0.1,1.0,0.0022903841,0.6303301,-76.87132,199448.0,1.0,1.0,244.0,5.081912279129028,100.0
0.00017244276,0.0,,,,,,,0.21491128,-11.439629,-78.77448,-98.760284,0.46744168,-0.44772527,12.930831,,,,,,0.2174686,0.025806838178634644,12746.951627254486,1205000,0.05859375,0.0073242188,0.0,0.0025573152,0.04879582,0.00017244276,-78.74625,0.0023848724,0.0,0.16624737,0.16624737,0.1,1.0,0.0040653194,0.5760132,-75.349075,204927.0,1.0,1.0,269.0,5.054095983505249,100.0
0.00013216952,0.0,,,,,,,0.32239538,-0.040798604,-79.22149,-99.08986,0.70612544,-0.49578816,12.2080555,,,,,,0.32577497,0.019263308668136598,12843.268176078796,1210000,0.05078125,0.0063476562,0.0,0.0033795752,0.083417654,0.00013216952,-79.267395,0.0032474056,0.0,0.15275851,0.15275851,0.1,1.0,0.014448366,0.6092979,-78.25221,209835.0,1.0,1.0,209.0,4.3684401512146,100.0
0.00018131844,0.0,,,,,,,0.46250802,2.432865,-79.0217,-98.55363,0.7016388,-0.7871904,19.092932,,,,,,0.4674089,0.019301403379440307,12939.7751994133,1215000,0.0703125,0.0087890625,0.0,0.0049008615,0.099565625,0.00018131844,-79.056046,0.0047195433,0.0,0.17206663,0.17206663,0.1,1.0,0.0024217106,0.56030786,-82.078026,214803.0,1.0,1.0,849.0,16.440802812576294,100.0
0.00027677405,0.0,,,,,,,0.34286386,-2.8246486,-77.67211,-98.482864,0.77555436,-0.99870867,13.2116375,,,,,,0.34904188,0.019296880865097045,13036.25960946083,1220000,0.0859375,0.011230469,0.0,0.0061780224,0.096974015,0.00027677405,-77.740974,0.005901248,0.0,0.23160441,0.23160441,0.1,1.0,0.003257936,0.5894272,-77.23811,219834.0,1.0,1.0,313.0,5.846728801727295,100.0
0.0001331573,0.0,,,,,,,1.0268872,-3.3312192,-79.57399,-99.22557,1.8002746,-1.6362847,39.454,,,,,,1.0319318,0.019265293788909912,13132.586085319519,1225000,0.04296875,0.0053710938,0.0,0.0050445865,0.08538723,0.0001331573,-79.57686,0.0049114292,0.0,0.26268363,0.26268363,0.1,1.0,0.01754575,0.6477865,-77.091995,224582.0,1.0,1.0,472.0,9.338255643844604,100.0
0.00029669807,0.0,,,,,,,0.36360386,-2.2820907,-77.929054,-99.152695,0.46341532,-0.4582454,16.412964,,,,,,0.36968237,0.019337205696105957,13229.272120952606,1230000,0.0703125,0.0087890625,0.0,0.006078526,0.11010516,0.00029669807,-77.9003,0.005781828,0.0,0.19523033,0.19523033,0.1,1.0,0.0048988163,0.5555107,-76.37441,229667.0,1.0,1.0,231.0,4.322764158248901,100.0
7.733755e-05,0.0,,,,,,,0.58540124,-10.560332,-79.35274,-99.02584,1.8036081,-1.9764634,35.16833,,,,,,0.59008133,0.01951270065307617,13326.835630893707,1235000,0.08203125,0.010253906,0.0,0.004680075,0.025028825,7.733755e-05,-79.41411,0.0046027377,0.0,0.24796829,0.24796829,0.1,1.0,0.0045171008,0.5716977,-75.28436,234856.0,1.0,1.0,257.0,4.907445192337036,100.0
0.00021554157,0.0,,,,,,,0.25474995,0.45024818,-78.476715,-98.61414,0.25782776,-0.31985828,10.862589,,,,,,0.25987464,0.019670433282852173,13425.187803506851,1240000,0.08984375,0.011230469,0.0,0.0051246854,0.07499838,0.00021554157,-78.458435,0.004909144,0.0,0.2087059,0.2087059,0.1,1.0,0.002853016,0.61324286,-79.83554,239821.0,1.0,1.0,531.0,10.188735246658325,100.0
0.00042475533,0.0,,,,,,,0.35834748,-3.3223674,-78.13065,-98.4884,0.44477546,-0.44394636,18.211618,,,,,,0.36218816,0.01956002206802368,13522.987918138504,1245000,0.06640625,0.008300781,0.0,0.0038406798,0.2077322,0.00042475533,-78.176346,0.0034159245,0.0,0.12661415,0.12661415,0.1,1.0,0.0023629023,0.624544,-79.11427,244804.0,1.0,1.0,273.0,5.185049533843994,100.0
0.00012946542,0.0,,,,,,,0.25561154,-12.525755,-79.31863,-98.76999,0.2771383,-0.30826005,9.511292,,,,,,0.25951844,0.019574336624145507,13620.859607934952,1250000,0.04296875,0.0053710938,0.0,0.003906897,0.07042825,0.00012946542,-79.40001,0.0037774313,0.0,0.14641574,0.14641574,0.1,1.0,0.0023102,0.59269214,-82.877716,249768.0,0.0,0.0,1000.0,19.002771854400635,0.0
0.00027730083,0.0,,,,,,,0.3901049,-5.861618,-76.9236,-98.643196,0.56907105,-0.7064235,14.733898,,,,,,0.39445263,0.019494610786437987,13718.332667827606,1255000,0.07421875,0.009277344,0.0,0.0043477523,0.2743113,0.00027730083,-76.96689,0.0040704515,0.0,0.3048436,0.3048436,0.1,1.0,0.007325954,0.6037358,-73.643196,254911.0,0.0,0.0,1000.0,19.613202571868896,0.0
0.00016450649,0.0,,,,,,,1.0125198,-7.805103,-80.189865,-99.37448,6.1462574,-6.3774014,132.39572,,,,,,1.0167334,0.01924047040939331,13814.535025835037,1260000,0.07421875,0.009765625,0.0,0.0042135487,0.05963719,0.00016450649,-80.2619,0.0040490422,0.0,0.18340048,0.18340048,0.1,1.0,0.004453674,0.6204651,-80.274284,259876.0,1.0,1.0,238.0,4.405795574188232,100.0
0.00028755824,0.0,,,,,,,1.1302919,-12.025712,-77.21887,-98.79048,1.8348911,-1.770187,34.886787,,,,,,1.1350713,0.019451508045196533,13911.792571544647,1265000,0.08984375,0.01171875,0.0,0.004779302,0.10392535,0.00028755824,-77.245026,0.0044917436,0.0,0.26755613,0.26755613,0.1,1.0,0.0072758505,0.59658957,-77.99242,264756.0,0.0,0.0,1000.0,19.55394411087036,0.0
0.00017894321,0.0,,,,,,,0.43254665,-8.994804,-77.72073,-98.73986,0.34149614,-0.32636705,14.650219,,,,,,0.4371259,0.01940899338722229,14008.837550878525,1270000,0.06640625,0.0087890625,0.0,0.0045792605,0.09015393,0.00017894321,-77.77286,0.004400317,0.0,0.3051508,0.3051508,0.1,1.0,0.004268558,0.5362173,-75.59502,269242.0,1.0,1.0,213.0,4.013048887252808,100.0
0.00018553826,0.0,,,,,,,0.32557526,-1.7845882,-77.73986,-98.80302,0.25939003,-0.34029463,10.522226,,,,,,0.33061147,0.019229831457138063,14104.986713647842,1275000,0.046875,0.0063476562,0.0,0.005036213,0.08925605,0.00018553826,-77.80357,0.004850675,0.0,0.22568092,0.22568092,0.1,1.0,0.0046927957,0.6211384,-76.47395,274852.0,1.0,1.0,233.0,4.378695249557495,100.0
0.0001712314,0.0,,,,,,,0.8939328,-0.14904544,-74.755905,-99.27231,1.7344011,-1.5031782,53.36164,,,,,,0.90435785,0.019246500158309938,14201.219220638275,1280000,0.06640625,0.008300781,0.0,0.010425027,0.06404269,0.0001712314,-74.7538,0.010253796,0.0,0.21013448,0.21013448,0.1,1.0,0.0041387407,0.59916866,-80.90784,279615.0,1.0,1.0,490.0,9.17297077178955,100.0
0.0001525511,0.0,,,,,,,0.41393483,-8.157059,-76.746796,-98.88898,0.60131127,-0.5979703,15.097662,,,,,,0.4197189,0.019402284145355223,14298.23064661026,1285000,0.05859375,0.0073242188,0.0,0.005784065,0.06984568,0.0001525511,-76.872154,0.005631514,0.0,0.21682894,0.21682894,0.1,1.0,0.0055687358,0.60477304,-78.010574,284959.0,1.0,1.0,285.0,5.793810606002808,100.0
0.00019099639,0.0,,,,,,,0.33189085,-0.21395417,-77.23786,-99.32531,0.7725067,-0.6876644,16.34253,,,,,,0.33711308,0.0193209388256073,14394.835347414017,1290000,0.05859375,0.0073242188,0.0,0.0052222395,0.06616068,0.00019099639,-77.24227,0.005031243,0.0,0.26003227,0.26003227,0.1,1.0,0.0033420871,0.5375662,-74.76686,289763.0,1.0,1.0,231.0,4.308451414108276,100.0
0.00014500611,0.0,,,,,,,0.3382777,-3.953168,-79.31749,-99.1917,0.5197795,-0.6467893,16.744429,,,,,,0.34388375,0.019269685745239257,14491.183782815933,1295000,0.0625,0.0087890625,0.0,0.005606056,0.07153523,0.00014500611,-79.412704,0.00546105,0.0,0.19392273,0.19392273,0.1,1.0,0.0037759133,0.58898515,-81.378876,294846.0,1.0,1.0,229.0,4.780697345733643,100.0
8.54769e-05,0.0,,,,,,,0.3269379,-0.5213824,-80.81535,-98.85463,0.32010671,-0.30202857,13.638838,,,,,,0.3321409,0.01919077982902527,14587.137687683105,1300000,0.06640625,0.0087890625,0.0,0.005202965,0.031885147,8.54769e-05,-80.85231,0.005117488,0.0,0.17965627,0.17965627,0.1,1.0,0.004561357,0.5309178,-81.63622,299788.0,1.0,1.0,270.0,5.050652265548706,100.0
0.00024321466,0.0,,,,,,,0.53003955,-0.0006237924,-77.225174,-99.08201,0.53325826,-0.553667,18.8746,,,,,,0.5345708,0.02590421977043152,14716.6587972641,1305000,0.09765625,0.0126953125,0.0,0.004531281,0.11941445,0.00024321466,-77.29883,0.004288066,0.0,0.19136435,0.19136435,0.1,1.0,0.0058769207,0.59401596,-75.94809,304991.0,1.0,1.0,404.0,8.119942426681519,100.0
8.804968e-05,0.0,,,,,,,0.41065118,-11.222412,-77.81621,-98.90041,1.6108279,-1.652393,28.375874,,,,,,0.41676462,0.019388488245010375,14813.601244449615,1310000,0.0546875,0.0073242188,0.0,0.0061134486,0.032884,8.804968e-05,-77.849075,0.006025399,0.0,0.17599723,0.17599723,0.1,1.0,0.002124985,0.5808787,-80.5945,309889.0,1.0,1.0,234.0,4.861292839050293,100.0
0.00011234585,0.0,,,,,,,0.3659163,-8.404049,-76.51772,-98.79281,1.0124812,-0.93541116,26.031322,,,,,,0.37147754,0.019351837682724,14910.360439777374,1315000,0.05078125,0.0068359375,0.0,0.0055612186,0.08701539,0.00011234585,-76.46294,0.0054488727,0.0,0.41072315,0.41072315,0.1,1.0,0.02033791,0.570486,-73.27321,314770.0,1.0,1.0,334.0,6.2783238887786865,100.0
0.00021575973,0.0,,,,,,,0.3607499,-15.370974,-77.08287,-98.79021,0.74780804,-0.75166214,14.887665,,,,,,0.36462292,0.019250086450576784,15006.610879182816,1320000,0.08984375,0.01171875,0.0,0.0038730206,0.19531894,0.00021575973,-77.099,0.003657261,0.0,0.28524685,0.28524685,0.1,1.0,0.004530549,0.56546086,-76.22099,319908.0,1.0,1.0,286.0,5.38060736656189,100.0
0.00017362798,0.0,,,,,,,0.41574407,-7.637324,-77.51268,-98.87525,0.35793343,-0.5324668,14.120401,,,,,,0.41950873,0.019443147706985475,15103.826623678207,1325000,0.06640625,0.009277344,0.0,0.0037646536,0.10751462,0.00017362798,-77.5392,0.0035910255,0.0,0.22575563,0.22575563,0.1,1.0,0.0032459372,0.56169915,-73.57683,324974.0,1.0,1.0,229.0,4.780472993850708,100.0
0.00012497097,0.0,,,,,,,0.5751684,-1.1273148,-78.58776,-98.57374,1.2799815,-1.4268173,28.507812,,,,,,0.5802313,0.01928422727584839,15200.247766494751,1330000,0.078125,0.009765625,0.0,0.005062927,0.06297958,0.00012497097,-78.68753,0.004937956,0.0,0.30597383,0.30597383,0.1,1.0,0.005522663,0.58660585,-75.264595,329961.0,1.0,1.0,298.0,6.063750267028809,100.0
0.00017466705,0.0,,,,,,,0.48713917,-4.565254,-75.67805,-98.79177,0.8068089,-0.73519427,19.232716,,,,,,0.4918815,0.019361228895187377,15297.053917169571,1335000,0.0625,0.009277344,0.0,0.0047423127,0.068360806,0.00017466705,-75.71973,0.0045676455,0.0,0.21728599,0.21728599,0.1,1.0,0.0031845907,0.5175108,-74.58299,334872.0,1.0,1.0,194.0,4.1351706981658936,100.0
0.00011429767,0.0,,,,,,,0.3193587,0.8844701,-75.55214,-99.25346,0.4935544,-0.47838384,15.711752,,,,,,0.32937977,0.019273879384994506,15393.423320531845,1340000,0.04296875,0.0053710938,0.0,0.01002107,0.05507028,0.00011429767,-75.7296,0.0099067725,0.0,0.36367851,0.36367851,0.1,1.0,0.005656695,0.5418471,-77.9247,339829.0,1.0,1.0,327.0,6.1922948360443115,100.0
7.266732e-05,0.0,,,,,,,0.79377913,-7.435848,-74.182396,-99.159935,1.9861826,-1.5086478,33.95853,,,,,,0.79766226,0.019396006202697755,15490.403357505798,1345000,0.078125,0.009765625,0.0,0.0038831446,0.018251419,7.266732e-05,-74.26673,0.0038104772,0.0,0.3162873,0.3162873,0.1,1.0,0.011878607,0.5605377,-74.2726,344865.0,1.0,1.0,367.0,6.9459216594696045,100.0
0.00010140176,0.0,,,,,,,0.37516534,-1.9445822,-74.503235,-99.52726,0.66000384,-0.74403816,18.271973,,,,,,0.381107,0.019407953453063963,15587.44312953949,1350000,0.0625,0.0078125,0.0,0.0059416573,0.033370018,0.00010140176,-74.53683,0.0058402554,0.0,0.1897005,0.1897005,0.1,1.0,0.0019724884,0.54771507,-80.12427,349419.0,1.0,1.0,251.0,4.71138072013855,100.0
0.00032229832,0.0,,,,,,,0.7422897,-7.2373943,-76.23758,-98.743996,0.7597526,-0.8614658,24.395302,,,,,,0.74989414,0.019419755029678343,15684.541910648346,1355000,0.07421875,0.009277344,0.0,0.007604399,0.16262007,0.00032229832,-76.32232,0.007282101,0.0,0.19513191,0.19513191,0.1,1.0,0.003759216,0.5837256,-74.54896,354848.0,1.0,1.0,555.0,10.522000551223755,100.0
0.00030138734,0.0,,,,,,,0.40113956,-11.882053,-74.73303,-98.63821,0.47076324,-0.6046985,14.857035,,,,,,0.40450406,0.01927400178909302,15780.911925792694,1360000,0.078125,0.009765625,0.0,0.0033645106,0.09988892,0.00030138734,-74.78321,0.0030631232,0.0,0.17671901,0.17671901,0.1,1.0,0.004714043,0.5971031,-75.780685,359956.0,0.0,0.0,1000.0,19.228705883026123,0.0
0.00021851482,0.0,,,,,,,1.0187644,-2.9560657,-76.674225,-98.800804,2.2324636,-2.5762775,50.363174,,,,,,1.0229498,0.019323539447784425,15877.5296292305,1365000,0.06640625,0.008300781,0.0,0.0041854545,0.1331768,0.00021851482,-76.751205,0.0039669396,0.0,0.22130373,0.22130373,0.1,1.0,0.0053220266,0.5462646,-76.27221,364886.0,1.0,1.0,231.0,4.3301842212677,100.0
0.00019931921,0.0,,,,,,,0.49209243,-3.6935449,-78.20157,-98.61619,1.9436566,-2.2714934,38.683075,,,,,,0.49549007,0.019387715435028076,15974.46821308136,1370000,0.0703125,0.009765625,0.0,0.0033976315,0.093658686,0.00019931921,-78.29557,0.0031983121,0.0,0.22788137,0.22788137,0.1,1.0,0.0031847036,0.5380628,-79.34764,369598.0,1.0,1.0,216.0,4.040693283081055,100.0
0.00033508567,0.0,,,,,,,0.37003598,-2.4188485,-74.82913,-98.59331,0.45907143,-0.46777758,13.705904,,,,,,0.37417102,0.019320304203033448,16071.069740772247,1375000,0.08203125,0.0107421875,0.0,0.0041350406,0.21263134,0.00033508567,-74.92218,0.003799955,0.0,0.18938272,0.18938272,0.1,1.0,0.0035173392,0.5753769,-77.41968,374924.0,1.0,1.0,304.0,5.744750738143921,100.0
8.061988e-05,0.0,,,,,,,0.3834284,1.1939325,-77.00767,-99.49642,0.72365004,-0.89012104,17.580347,,,,,,0.38789928,0.019447698974609375,16168.308241844177,1380000,0.0546875,0.0073242188,0.0,0.0044708746,0.02425456,8.061988e-05,-77.00207,0.0043902546,0.0,0.23554951,0.23554951,0.1,1.0,0.0042357333,0.5289834,-76.310455,379225.0,1.0,1.0,262.0,4.924915313720703,100.0
0.00014212664,0.0,,,,,,,0.40261003,-4.0527296,-76.05109,-99.34658,0.34220588,-0.4738019,14.422291,,,,,,0.40588638,0.019426704931259156,16265.441772460938,1385000,0.05078125,0.0063476562,0.0,0.0032763456,0.1335485,0.00014212664,-76.13994,0.003134219,0.0,0.13537021,0.13537021,0.1,1.0,0.0017198608,0.62001765,-80.48205,384925.0,1.0,1.0,240.0,4.537914037704468,100.0
0.00022808253,0.0,,,,,,,0.42346507,-15.371457,-75.549,-99.87172,0.8329244,-0.9098937,16.370012,,,,,,0.427817,0.019384788179397584,16362.365719079971,1390000,0.08203125,0.0107421875,0.0,0.004351901,0.09151578,0.00022808253,-75.6642,0.0041238186,0.0,0.15616214,0.15616214,0.1,1.0,0.0021659113,0.6195095,-80.71837,389881.0,1.0,1.0,394.0,7.456977605819702,100.0
7.42391e-05,0.0,,,,,,,0.37505192,-14.118152,-77.53056,-98.96509,0.6249741,-0.61931425,13.610211,,,,,,0.37870243,0.019387178802490235,16459.301619052887,1395000,0.05078125,0.0063476562,0.0,0.0036505214,0.045666575,7.42391e-05,-77.60606,0.0035762824,0.0,0.35841182,0.35841182,0.1,1.0,0.0039009491,0.6219866,-68.71178,394101.0,1.0,1.0,267.0,5.010303735733032,100.0
0.00020033546,0.0,,,,,,,1.285955,-5.5682445,-77.33392,-99.69902,3.3399158,-3.795333,58.452354,,,,,,1.294173,0.01930432415008545,16555.82324576378,1400000,0.0625,0.008300781,0.0,0.008218028,0.097601056,0.00020033546,-77.39375,0.008017692,0.0,0.46967524,0.46967524,0.1,1.0,0.007176337,0.5650095,-73.955605,399584.0,1.0,1.0,234.0,4.383021116256714,100.0
0.0001729331,0.0,,,,,,,0.43588465,0.4151034,-77.53279,-99.79034,1.173001,-0.9757187,22.379065,,,,,,0.44207764,0.02463625988960266,16679.004552602768,1405000,0.03515625,0.0043945312,0.0,0.006192995,0.13174272,0.0001729331,-77.58673,0.0060200617,0.0,0.20793945,0.20793945,0.1,1.0,0.015621848,0.55692124,-78.55763,404567.0,1.0,1.0,227.0,4.281596422195435,100.0
0.00015432131,0.0,,,,,,,0.42132142,0.9717574,-72.26492,-99.34449,0.5607817,-0.3629156,16.483437,,,,,,0.42450407,0.01940551061630249,16776.03211259842,1410000,0.06640625,0.009765625,0.0,0.0031826443,0.04686892,0.00015432131,-72.29177,0.003028323,0.0,0.1888211,0.1888211,0.1,1.0,0.008523101,0.6143986,-70.08682,409670.0,1.0,1.0,285.0,5.385432958602905,100.0
0.00017636275,0.0,,,,,,,0.5898626,3.2804239,-75.14732,-99.479805,1.7281946,-1.3464686,29.473293,,,,,,0.59299266,0.01940169563293457,16873.040597438812,1415000,0.0625,0.008300781,0.0,0.0031300574,0.06988382,0.00017636275,-75.22252,0.0029536947,0.0,0.14489478,0.14489478,0.1,1.0,0.0025478795,0.59145355,-77.511856,414850.0,1.0,1.0,253.0,4.803232669830322,100.0
0.00018728385,0.0,,,,,,,0.38341984,-0.17955646,-75.34714,-99.02652,0.68937546,-0.68328667,17.028357,,,,,,0.38791123,0.01944688277244568,16970.27501821518,1420000,0.08203125,0.010253906,0.0,0.004491388,0.088110566,0.00018728385,-75.48511,0.004304104,0.0,0.16104588,0.16104588,0.1,1.0,0.00516692,0.60687554,-77.75427,419829.0,1.0,1.0,231.0,4.419711351394653,100.0
0.00023075665,0.0,,,,,,,0.6099794,2.4038486,-74.00496,-99.50768,1.4316809,-1.3339834,23.602692,,,,,,0.6133513,0.019478369426727295,17067.666871786118,1425000,0.046875,0.0068359375,0.0,0.00337192,0.11975491,0.00023075665,-74.14323,0.0031411634,0.0,0.18564194,0.18564194,0.1,1.0,0.003757428,0.61273336,-77.408455,424883.0,1.0,1.0,225.0,4.259952783584595,100.0
8.425681e-05,0.0,,,,,,,0.35577488,0.058705658,-75.70598,-99.5198,0.49304822,-0.5696914,12.712833,,,,,,0.35924426,0.019424582052230834,17164.789787769318,1430000,0.0390625,0.005859375,0.0,0.0034693647,0.038069963,8.425681e-05,-75.71832,0.003385108,0.0,0.17860782,0.17860782,0.1,1.0,0.0010083703,0.5693599,-81.49035,429986.0,1.0,1.0,253.0,5.234484672546387,100.0
0.00011941919,0.0,,,,,,,0.2646214,-5.758552,-76.51796,-99.381516,0.42197034,-0.39734313,10.290932,,,,,,0.26796487,0.019288136768341065,17261.23047876358,1435000,0.0546875,0.0068359375,0.0,0.0033434518,0.08261061,0.00011941919,-76.55565,0.0032240325,0.0,0.19417483,0.19417483,0.1,1.0,0.0036048596,0.6038352,-73.02213,434790.0,0.0,0.0,1000.0,19.302030324935913,0.0
0.00019868871,0.0,,,,,,,0.36781532,-8.354204,-76.32382,-99.48391,0.465581,-0.54385036,14.65514,,,,,,0.37184158,0.019357112073898314,17358.016045570374,1440000,0.08203125,0.0107421875,0.0,0.004026274,0.0735451,0.00019868871,-76.45424,0.0038275856,0.0,0.16547373,0.16547373,0.1,1.0,0.002002312,0.6085243,-79.85971,439832.0,1.0,1.0,238.0,4.505080699920654,100.0
0.00017193821,0.0,,,,,,,0.5907359,1.9201237,-76.62818,-99.036934,1.2928395,-1.2117393,35.490517,,,,,,0.5994126,0.01934287095069885,17454.730405807495,1445000,0.0625,0.0087890625,0.0,0.008676729,0.096814156,0.00017193821,-76.76422,0.008504791,0.0,0.44717246,0.44717246,0.1,1.0,0.019730601,0.56727076,-68.23607,444131.0,1.0,1.0,205.0,3.871838331222534,100.0
0.00012934714,0.0,,,,,,,0.44393602,-2.2981317,-73.749084,-98.67611,0.5155117,-0.5329287,15.510644,,,,,,0.45320275,0.019281984424591066,17551.140333890915,1450000,0.0390625,0.0053710938,0.0,0.009266736,0.16213536,0.00012934714,-73.91443,0.009137389,0.0,0.62777114,0.62777114,0.1,1.0,0.005244571,0.5555594,-72.858826,449806.0,1.0,1.0,233.0,4.397147178649902,100.0
0.000108658685,0.0,,,,,,,0.31970945,-8.389462,-77.399216,-99.52656,0.5406418,-0.62979597,13.331545,,,,,,0.32274818,0.019447958087921144,17648.380130529404,1455000,0.0546875,0.0068359375,0.0,0.0030387458,0.071466446,0.000108658685,-77.45458,0.0029300873,0.0,0.22401494,0.22401494,0.1,1.0,0.0033503026,0.6623768,-78.27513,454863.0,1.0,1.0,250.0,4.668782711029053,100.0
0.00021036132,0.0,,,,,,,0.4586684,-4.365323,-76.70265,-99.23649,0.7151381,-0.6354702,20.961996,,,,,,0.46249065,0.019372317790985107,17745.241726398468,1460000,0.07421875,0.009765625,0.0,0.0038222366,0.17874205,0.00021036132,-76.75009,0.0036118752,0.0,0.17714006,0.17714006,0.1,1.0,0.00937506,0.57558906,-75.98476,459909.0,0.0,0.0,1000.0,19.44350028038025,0.0
8.707377e-05,0.0,,,,,,,2.4440472,1.4842737,-74.194916,-99.10191,2.1922014,-2.1212552,58.04415,,,,,,2.4475682,0.019371824312210083,17842.1008541584,1465000,0.0546875,0.0068359375,0.0,0.0035209248,0.062969685,8.707377e-05,-74.206726,0.003433851,0.0,0.13368765,0.13368765,0.1,1.0,0.0013823039,0.5987172,-78.17361,464767.0,1.0,1.0,238.0,4.461907625198364,100.0
0.00016962271,0.0,,,,,,,0.5026337,-1.2234597,-76.138626,-98.92351,0.4975293,-0.45978272,12.806708,,,,,,0.50630116,0.01937058882713318,17938.95380449295,1470000,0.05078125,0.0063476562,0.0,0.003667498,0.09502578,0.00016962271,-76.15416,0.0034978753,0.0,0.25404263,0.25404263,0.1,1.0,0.0020193665,0.5882238,-80.05182,469835.0,1.0,1.0,208.0,3.888972043991089,100.0
0.00010173954,0.0,,,,,,,0.3973279,-13.03652,-73.38838,-98.57529,0.49984172,-0.5248153,13.307954,,,,,,0.4019618,0.019294852781295776,18035.428074121475,1475000,0.0625,0.0078125,0.0,0.0046339054,0.08255851,0.00010173954,-73.47258,0.004532166,0.0,0.28480256,0.28480256,0.1,1.0,0.0036100098,0.5287095,-69.71561,474770.0,1.0,1.0,257.0,5.271799564361572,100.0
0.0001485789,0.0,,,,,,,2.3388553,-1.3719027,-74.97009,-99.50952,155.81339,-165.44269,1565.5085,,,,,,2.3495038,0.019404694318771364,18132.451552152634,1480000,0.08203125,0.011230469,0.0,0.010648374,0.054077268,0.0001485789,-75.02452,0.010499796,0.0,0.22268781,0.22268781,0.1,1.0,0.0022431854,0.56792307,-77.43111,479695.0,1.0,1.0,246.0,5.122278213500977,100.0
0.00017766323,0.0,,,,,,,0.3865248,-4.552955,-76.54658,-98.82392,0.35222685,-0.42171195,14.083043,,,,,,0.39187458,0.019433662700653075,18229.61987566948,1485000,0.0703125,0.0087890625,0.0,0.005349773,0.06881547,0.00017766323,-76.65085,0.0051721097,0.0,0.19192463,0.19192463,0.1,1.0,0.0021677928,0.5843178,-79.85339,484826.0,1.0,1.0,202.0,3.788074016571045,100.0
0.00027186016,0.0,,,,,,,0.4008231,-6.82864,-74.96417,-99.264366,0.89565957,-0.72670096,28.350143,,,,,,0.4057649,0.019399589300155638,18326.61782860756,1490000,0.0703125,0.0087890625,0.0,0.0049418076,0.18236196,0.00027186016,-75.078156,0.0046699475,0.0,0.15291423,0.15291423,0.1,1.0,0.0028143767,0.61297286,-77.271255,489968.0,1.0,1.0,734.0,14.314741849899292,100.0
0.00020004011,0.0,,,,,,,0.58155,-8.261162,-75.550644,-98.586235,0.8338323,-0.99776363,17.355946,,,,,,0.5857679,0.019339629983901978,18423.31598496437,1495000,0.0703125,0.0087890625,0.0,0.0042179404,0.068751454,0.00020004011,-75.68614,0.0040179,0.0,0.36113864,0.36113864,0.1,1.0,0.004294469,0.6355642,-74.385574,494880.0,1.0,1.0,235.0,4.431211948394775,100.0
0.00010855537,0.0,,,,,,,0.35150316,0.07425703,-75.47591,-99.32374,0.54108274,-0.62248135,13.130411,,,,,,0.3555299,0.019378699398040773,18520.2094912529,1500000,0.05078125,0.0068359375,0.0,0.0040267413,0.057580948,0.00010855537,-75.48349,0.003918186,0.0,0.2215744,0.2215744,0.1,1.0,0.0030025123,0.598001,-73.64576,499992.0,0.0,0.0,1000.0,19.394740343093872,0.0
0.000151999,0.0,,,,,,,0.37521094,-1.7475212,-74.811005,-99.132484,0.45061082,-0.5929498,16.970768,,,,,,0.37936926,0.025303936624526978,18646.729185819626,1505000,0.05859375,0.0073242188,0.0,0.004158313,0.067475915,0.000151999,-74.85495,0.004006314,0.0,0.15498728,0.15498728,0.1,1.0,0.0041159354,0.63758683,-78.33789,504923.0,0.0,0.0,1000.0,19.59482216835022,0.0
0.00017507712,0.0,,,,,,,0.29183316,-10.546464,-75.38808,-98.53045,0.47915262,-0.36534414,11.536413,,,,,,0.29753977,0.019476256370544433,18744.11047387123,1510000,0.0703125,0.009765625,0.0,0.005706603,0.0713315,0.00017507712,-75.49293,0.005531526,0.0,0.4080153,0.4080153,0.1,1.0,0.008260759,0.5521426,-74.881,509853.0,1.0,1.0,279.0,5.744711875915527,100.0
0.000230268,0.0,,,,,,,0.4756449,-0.35176784,-74.43872,-99.206894,1.1766485,-0.59291327,18.153873,,,,,,0.48114794,0.019362771224975588,18840.92433667183,1515000,0.0625,0.0078125,0.0,0.005503071,0.11558807,0.000230268,-74.5732,0.005272803,0.0,0.21383071,0.21383071,0.1,1.0,0.0029322258,0.6200764,-79.84627,514875.0,1.0,1.0,221.0,4.141232967376709,100.0
0.00025094568,0.0,,,,,,,0.94075316,-1.70735,-76.19238,-99.10774,5.1270247,-4.5044537,59.33723,,,,,,0.9464287,0.01934672966003418,18937.65799021721,1520000,0.0859375,0.011230469,0.0,0.0056755496,0.14515352,0.00025094568,-76.27493,0.005424604,0.0,0.21045424,0.21045424,0.1,1.0,0.00455881,0.5911485,-73.95137,519815.0,1.0,1.0,272.0,5.1352715492248535,100.0
0.00011089572,0.0,,,,,,,0.7026187,-7.066939,-75.629295,-99.23619,1.4146087,-1.1434113,30.62626,,,,,,0.7063228,0.019306766176223754,19034.191826343536,1525000,0.046875,0.005859375,0.0,0.0037040855,0.1360594,0.00011089572,-75.76219,0.0035931896,0.0,0.22718945,0.22718945,0.1,1.0,0.0051860823,0.6321823,-71.3702,524534.0,1.0,1.0,238.0,4.5054919719696045,100.0
0.00014299713,0.0,,,,,,,0.38099775,-3.031507,-73.23784,-98.59862,0.7849134,-1.0790477,17.646763,,,,,,0.38452923,0.019408304262161256,19131.233354091644,1530000,0.03515625,0.0043945312,0.0,0.0035314732,0.093493104,0.00014299713,-73.3355,0.003388476,0.0,0.17543247,0.17543247,0.1,1.0,0.010679948,0.6270486,-76.0183,529810.0,1.0,1.0,246.0,4.671546220779419,100.0
0.0001972572,0.0,,,,,,,0.29281586,-5.4884486,-75.1372,-98.73918,0.4051465,-0.524046,12.648501,,,,,,0.29707974,0.019320863389968874,19227.837676763535,1535000,0.078125,0.010253906,0.0,0.004263881,0.08924568,0.0001972572,-75.18396,0.0040666237,0.0,0.18835592,0.18835592,0.1,1.0,0.0029888016,0.62039846,-80.257515,534968.0,0.0,0.0,1000.0,19.3163640499115,0.0
0.00014935521,0.0,,,,,,,0.5956234,-4.1838784,-74.67722,-99.173294,0.77302563,-0.8226175,22.01027,,,,,,0.6021797,0.019321480846405028,19324.445087194443,1540000,0.05078125,0.0068359375,0.0,0.0065563256,0.06606519,0.00014935521,-74.7802,0.0064069703,0.0,0.22454706,0.22454706,0.1,1.0,0.013476786,0.5738448,-77.6663,539814.0,1.0,1.0,216.0,4.537944316864014,100.0
0.0002979283,0.0,,,,,,,0.4275596,-7.6151686,-73.929825,-98.67601,0.38987097,-0.39624906,12.940158,,,,,,0.43091896,0.019388065242767333,19421.38541984558,1545000,0.06640625,0.008300781,0.0,0.0033593343,0.15871942,0.0002979283,-73.966995,0.003061406,0.0,0.2005423,0.2005423,0.1,1.0,0.003179443,0.5385581,-73.77946,544342.0,1.0,1.0,275.0,5.701862096786499,100.0
0.00015386788,0.0,,,,,,,0.48402497,-2.0732439,-74.20904,-99.18605,0.6429999,-0.70852804,20.693684,,,,,,0.49166095,0.019297025203704833,19517.870552539825,1550000,0.0703125,0.010253906,0.0,0.0076359874,0.075439215,0.00015386788,-74.34009,0.0074821194,0.0,0.25760463,0.25760463,0.1,1.0,0.0074289553,0.60093164,-66.18975,549527.0,1.0,1.0,224.0,4.604348421096802,100.0
0.00012289331,0.0,,,,,,,0.45479912,0.27980298,-73.86598,-98.8275,0.55755913,-0.61205614,15.075514,,,,,,0.4612695,0.019344997310638427,19614.595546007156,1555000,0.05078125,0.0063476562,0.0,0.0064703687,0.056239128,0.00012289331,-73.80739,0.0063474756,0.0,0.25603625,0.25603625,0.1,1.0,0.008531056,0.5892699,-69.992355,554878.0,1.0,1.0,350.0,7.111898899078369,100.0
0.0001352391,0.0,,,,,,,0.31492743,-0.28132966,-74.43973,-99.08076,0.29624668,-0.28564405,11.901063,,,,,,0.32048637,0.019335394382476806,19711.272523641586,1560000,0.05859375,0.0078125,0.0,0.005558946,0.10008228,0.0001352391,-74.46785,0.005423707,0.0,0.228333,0.228333,0.1,1.0,0.021725688,0.59796464,-71.18727,559930.0,1.0,1.0,347.0,6.99306321144104,100.0
0.00018989976,0.0,,,,,,,0.78618586,-5.2361636,-74.39345,-98.864555,1.9804212,-1.9729285,57.448944,,,,,,0.79096365,0.019282014608383177,19807.682601690292,1565000,0.0703125,0.0087890625,0.0,0.004777774,0.0742389,0.00018989976,-74.514885,0.0045878743,0.0,0.31163907,0.31163907,0.1,1.0,0.0095208995,0.64475304,-70.39353,564928.0,1.0,1.0,293.0,5.963317155838013,100.0
0.00021116133,0.0,,,,,,,0.50823,-0.24718589,-73.63401,-98.60617,0.724836,-0.9665044,22.387545,,,,,,0.51771057,0.01931477117538452,19904.256464242935,1570000,0.08203125,0.010253906,0.0,0.0094806,0.08412111,0.00021116133,-73.64807,0.009269439,0.0,0.4688718,0.4688718,0.1,1.0,0.0029753242,0.5447837,-74.73279,569871.0,1.0,1.0,225.0,4.238715410232544,100.0
9.016541e-05,0.0,,,,,,,1.1956161,-7.169983,-72.876465,-99.19536,3.978499,-5.107281,58.840984,,,,,,1.2027707,0.019385802268981935,20001.18548154831,1575000,0.03515625,0.0043945312,0.0,0.0071545453,0.046241045,9.016541e-05,-72.98194,0.0070643798,0.0,0.30928898,0.30928898,0.1,1.0,0.004952326,0.6067356,-70.899315,574256.0,1.0,1.0,221.0,4.143463611602783,100.0
0.00015158317,0.0,,,,,,,0.4522198,-12.312448,-74.455154,-99.165306,0.6272548,-0.73800945,16.735226,,,,,,0.45727012,0.01939857063293457,20098.178340435028,1580000,0.07421875,0.009277344,0.0,0.005050308,0.063411355,0.00015158317,-74.53494,0.004898725,0.0,0.16212267,0.16212267,0.1,1.0,0.0022227296,0.6061665,-80.81774,579038.0,1.0,1.0,229.0,4.302833080291748,100.0
0.00019872625,0.0,,,,,,,0.50906545,-3.1697316,-73.72733,-98.83651,0.91456807,-0.86986053,19.557121,,,,,,0.51464635,0.019300379514694214,20194.6802444458,1585000,0.06640625,0.008300781,0.0,0.0055809254,0.14041018,0.00019872625,-73.777374,0.0053821993,0.0,0.20413882,0.20413882,0.1,1.0,0.009637948,0.54751384,-69.35283,584698.0,1.0,1.0,251.0,5.159257650375366,100.0
0.00014430791,0.0,,,,,,,0.3542259,-6.0188866,-75.493935,-99.2494,0.27908006,-0.29797935,10.176827,,,,,,0.3575541,0.01949324493408203,20292.146475553513,1590000,0.04296875,0.0063476562,0.0,0.0033282088,0.1342144,0.00014430791,-75.56503,0.0031839008,0.0,0.14698905,0.14698905,0.1,1.0,0.0066797975,0.6629725,-76.29081,589913.0,1.0,1.0,216.0,4.097237586975098,100.0
0.000161462,0.0,,,,,,,0.44168106,-10.628199,-72.73648,-99.05748,0.41507947,-0.38409713,15.835573,,,,,,0.45185575,0.019476555490493774,20389.529259443283,1595000,0.05078125,0.0068359375,0.0,0.010174679,0.076007724,0.000161462,-72.7592,0.010013217,0.0,0.4811156,0.4811156,0.1,1.0,0.006899523,0.5330523,-70.93729,594936.0,1.0,1.0,304.0,6.23972749710083,100.0
0.00013498578,0.0,,,,,,,0.6523571,4.4565387,-72.98285,-99.03099,0.82485044,-0.81033945,18.810703,,,,,,0.65789765,0.019457877254486083,20486.81865119934,1600000,0.0859375,0.0107421875,0.0,0.0055405637,0.05001664,0.00013498578,-73.18405,0.005405578,0.0,0.26013717,0.26013717,0.1,1.0,0.0033959886,0.6223394,-76.606125,599841.0,1.0,1.0,235.0,4.906377792358398,100.0
0.00018791371,0.0,,,,,,,0.49462402,0.11392854,-72.37651,-98.50201,0.72560203,-1.0232562,21.06493,,,,,,0.4995829,0.024978759956359863,20611.712457180023,1605000,0.0703125,0.0087890625,0.0,0.004958855,0.097818136,0.00018791371,-72.437836,0.004770941,0.0,0.24987617,0.24987617,0.1,1.0,0.0044698277,0.6184172,-72.301346,604961.0,1.0,1.0,215.0,4.0674521923065186,100.0
4.889292e-05,0.0,,,,,,,0.49766046,-2.0938191,-73.595535,-99.18394,0.5986763,-0.54254746,15.257147,,,,,,0.50103694,0.019469827365875245,20709.0616042614,1610000,0.02734375,0.00390625,0.0,0.003376464,0.044133067,4.889292e-05,-73.631584,0.0033275709,0.0,0.13224405,0.13224405,0.1,1.0,0.0019980427,0.5975739,-79.714005,609981.0,1.0,1.0,215.0,4.05376410484314,100.0
0.00018000026,0.0,,,,,,,0.5440844,-0.1322914,-73.77429,-98.98819,0.38863546,-0.46738288,14.29736,,,,,,0.548408,0.019456771087646485,20806.345469236374,1615000,0.0625,0.0078125,0.0,0.004323517,0.095259905,0.00018000026,-73.85969,0.0041435165,0.0,0.22328681,0.22328681,0.1,1.0,0.0056381496,0.62558436,-68.0688,614103.0,1.0,1.0,235.0,4.478771448135376,100.0
0.00021370308,0.0,,,,,,,0.41758937,-0.0934373,-73.00397,-98.5519,0.6896761,-0.54196256,15.0100975,,,,,,0.4238505,0.019498558187484742,20903.838273525238,1620000,0.05859375,0.0073242188,0.0,0.0062611313,0.1266452,0.00021370308,-73.087105,0.006047428,0.0,0.25444764,0.25444764,0.1,1.0,0.004679165,0.5993823,-76.98346,619932.0,1.0,1.0,230.0,4.367354154586792,100.0
0.00017342676,0.0,,,,,,,0.40026227,0.7570045,-72.230156,-99.233,0.32680246,-0.39662308,11.326793,,,,,,0.40484494,0.01949920129776001,21001.334285974503,1625000,0.08203125,0.01171875,0.0,0.00458268,0.0556854,0.00017342676,-72.42984,0.004409253,0.0,0.23420428,0.23420428,0.1,1.0,0.002311191,0.56504416,-75.96014,624418.0,1.0,1.0,244.0,4.6409995555877686,100.0
0.0001837603,0.0,,,,,,,1.0363404,-2.5173976,-73.03448,-98.915016,3.215823,-2.167243,53.737076,,,,,,1.04006,0.019390313339233398,21098.285858631134,1630000,0.05859375,0.0073242188,0.0,0.0037197364,0.07461047,0.0001837603,-73.09032,0.0035359762,0.0,0.16442618,0.16442618,0.1,1.0,0.007357005,0.55257124,-77.62517,629862.0,1.0,1.0,207.0,4.385267496109009,100.0
0.00014334213,0.0,,,,,,,0.3652827,-5.510686,-77.36798,-99.16891,0.5146626,-0.45812452,13.75846,,,,,,0.37018946,0.019361090517044068,21195.091317892075,1635000,0.07421875,0.009277344,0.0,0.0049067372,0.1087091,0.00014334213,-77.43922,0.004763395,0.0,0.23387995,0.23387995,0.1,1.0,0.007899412,0.5751438,-74.134254,634210.0,1.0,1.0,254.0,4.836529016494751,100.0
0.00022260763,0.0,,,,,,,0.55103946,-2.617813,-74.65346,-99.099304,2.352098,-1.8517721,37.888947,,,,,,0.55640376,0.0193889196395874,21292.03592276573,1640000,0.08984375,0.011230469,0.0,0.0053642895,0.09708631,0.00022260763,-74.67603,0.005141682,0.0,0.26836133,0.26836133,0.1,1.0,0.012645729,0.65070146,-79.55491,639854.0,1.0,1.0,233.0,4.871208667755127,100.0
0.00017890811,0.0,,,,,,,0.6922556,-1.1491671,-73.0427,-99.105255,1.5721617,-1.8778679,29.267876,,,,,,0.696541,0.01935268545150757,21388.79935646057,1645000,0.046875,0.005859375,0.0,0.004285381,0.092867255,0.00017890811,-73.178856,0.004106473,0.0,0.26906002,0.26906002,0.1,1.0,0.0042649126,0.5887855,-69.32059,644199.0,1.0,1.0,241.0,4.521835565567017,100.0
0.0002859836,0.0,,,,,,,0.31885603,-6.1181145,-73.43095,-98.84884,0.64690596,-0.78423166,11.534302,,,,,,0.3228618,0.019306329250335694,21485.331008672714,1650000,0.05859375,0.0073242188,0.0,0.0040057725,0.11006045,0.0002859836,-73.50105,0.0037197887,0.0,0.21605259,0.21605259,0.1,1.0,0.0027103839,0.5916661,-76.993416,649768.0,1.0,1.0,194.0,3.654623508453369,100.0
8.3011866e-05,0.0,,,,,,,2.163106,-2.8762846,-74.905106,-98.77246,0.7221767,-0.7008374,30.583239,,,,,,2.1675105,0.01957554817199707,21583.208760261536,1655000,0.0625,0.0078125,0.0,0.004404596,0.033234835,8.3011866e-05,-74.98334,0.004321584,0.0,0.19511278,0.19511278,0.1,1.0,0.003927572,0.61779785,-71.53999,654743.0,1.0,1.0,209.0,3.9463884830474854,100.0
8.2523096e-05,0.0,,,,,,,0.24449205,-11.938855,-75.87929,-98.89299,0.3338409,-0.41311532,9.847174,,,,,,0.24851821,0.01941440267562866,21680.28078508377,1660000,0.03515625,0.0043945312,0.0,0.004026163,0.06381619,8.2523096e-05,-75.952835,0.00394364,0.0,0.19051643,0.19051643,0.1,1.0,0.0024527195,0.6137608,-80.61299,659859.0,1.0,1.0,300.0,5.649672031402588,100.0
4.039769e-05,0.0,,,,,,,0.59304136,-0.8515482,-71.71625,-99.08457,1.9094374,-1.4319245,27.422516,,,,,,0.59817487,0.01936015257835388,21777.08155465126,1665000,0.0390625,0.0048828125,0.0,0.005133487,0.021051645,4.039769e-05,-71.83443,0.0050930893,0.0,0.35640076,0.35640076,0.1,1.0,0.011193516,0.5735296,-74.47601,664900.0,1.0,1.0,258.0,4.827630519866943,100.0
0.0002700009,0.0,,,,,,,0.45653108,-3.8656416,-71.88177,-99.05561,0.91319066,-0.9210219,19.82114,,,,,,0.46033123,0.019380829620361327,21873.985713005066,1670000,0.0546875,0.0087890625,0.0,0.0038001474,0.118299484,0.0002700009,-72.08943,0.0035301466,0.0,0.16339788,0.16339788,0.1,1.0,0.002031123,0.5755745,-75.93733,669471.0,0.0,0.0,1000.0,19.415852308273315,0.0
0.00013216055,0.0,,,,,,,0.39802146,1.48258,-74.840324,-98.986084,0.4328941,-0.5180475,13.152886,,,,,,0.40376416,0.019300856113433837,21970.49000644684,1675000,0.05859375,0.0078125,0.0,0.005742692,0.049172044,0.00013216055,-75.00098,0.005610531,0.0,0.24845062,0.24845062,0.1,1.0,0.0036741279,0.5775629,-80.44188,674558.0,1.0,1.0,305.0,5.727343797683716,100.0
0.00017902383,0.0,,,,,,,0.58635354,0.5700429,-71.244446,-98.771034,1.3330692,-1.2149388,24.376133,,,,,,0.59464943,0.019434782600402833,22067.663925647736,1680000,0.078125,0.009765625,0.0,0.008295914,0.07524681,0.00017902383,-71.43495,0.008116891,0.0,0.24548642,0.24548642,0.1,1.0,0.0041994946,0.5851156,-73.76372,679939.0,1.0,1.0,237.0,4.9501354694366455,100.0
0.00013734691,0.0,,,,,,,1.0198531,1.9840219,-73.42772,-98.91041,1.76293,-1.6039954,43.202866,,,,,,1.0246402,0.01918915772438049,22163.60972094536,1685000,0.0390625,0.0053710938,0.0,0.0047871117,0.07018876,0.00013734691,-73.5083,0.004649765,0.0,0.19882235,0.19882235,0.1,1.0,0.004551545,0.5804794,-75.99791,684998.0,1.0,1.0,251.0,4.704385280609131,100.0
0.0001554942,0.0,,,,,,,0.38031876,-11.646634,-73.78472,-99.33367,0.3291582,-0.5095534,11.703817,,,,,,0.3865745,0.019323872089385987,22260.229090690613,1690000,0.06640625,0.008300781,0.0,0.006255738,0.048453808,0.0001554942,-73.83821,0.006100244,0.0,0.25473595,0.25473595,0.1,1.0,0.0061649987,0.5953779,-68.01661,689813.0,1.0,1.0,217.0,4.084228038787842,100.0
0.00011526042,0.0,,,,,,,0.4028437,-3.0407252,-76.92792,-98.853745,1.2343256,-0.8980344,18.253403,,,,,,0.4065713,0.019308465242385865,22356.77142238617,1695000,0.0546875,0.0068359375,0.0,0.0037275807,0.06428659,0.00011526042,-77.02707,0.0036123202,0.0,0.21258205,0.21258205,0.1,1.0,0.0048927497,0.54507774,-76.69416,694944.0,1.0,1.0,313.0,5.86330509185791,100.0
0.00012813968,0.0,,,,,,,0.38114285,0.38753885,-72.42203,-98.872055,0.7427249,-0.8601495,13.272724,,,,,,0.38592604,0.019315546321868896,22453.34916114807,1700000,0.05859375,0.0073242188,0.0,0.0047831777,0.0781014,0.00012813968,-72.63672,0.004655038,0.0,0.1734831,0.1734831,0.1,1.0,0.0024562038,0.61696833,-83.96555,699125.0,1.0,1.0,208.0,3.898900270462036,100.0
0.00017561176,0.0,,,,,,,0.71768546,-1.716736,-73.657,-99.08443,4.319253,-4.7809887,62.748917,,,,,,0.7224095,0.024206352281570434,22574.380928754807,1705000,0.0703125,0.0087890625,0.0,0.0047240187,0.09978533,0.00017561176,-73.72577,0.004548407,0.0,0.13869214,0.13869214,0.1,1.0,0.0019728788,0.60349023,-72.91475,704841.0,1.0,1.0,591.0,11.681187868118286,100.0
0.0001554577,0.0,,,,,,,0.4466653,-0.13227847,-73.46526,-98.95103,0.6676953,-0.59600997,13.455251,,,,,,0.45117572,0.019346524715423585,22671.113559007645,1710000,0.046875,0.005859375,0.0,0.0045104376,0.08367658,0.0001554577,-73.57157,0.00435498,0.0,0.21076559,0.21076559,0.1,1.0,0.0032749835,0.56349224,-73.97049,709154.0,1.0,1.0,265.0,4.969693422317505,100.0
0.0002976397,0.0,,,,,,,0.27993864,-7.458766,-73.06384,-99.259865,0.46257752,-0.60618097,15.035811,,,,,,0.28831095,0.019355807161331177,22767.892600297928,1715000,0.1015625,0.0126953125,0.0,0.008372314,0.13491666,0.0002976397,-73.167915,0.008074675,0.0,0.24122608,0.24122608,0.1,1.0,0.004795311,0.6061837,-69.55709,714733.0,1.0,1.0,218.0,4.097634315490723,100.0
0.00014662626,0.0,,,,,,,0.5542774,-0.9901651,-73.610985,-99.26748,1.1629406,-1.4235806,27.126331,,,,,,0.5654494,0.019299370336532593,22864.389458417892,1720000,0.0703125,0.0087890625,0.0,0.011171979,0.052345276,0.00014662626,-73.66011,0.011025352,0.0,0.42143258,0.42143258,0.1,1.0,0.004093841,0.5503917,-74.05606,719841.0,1.0,1.0,292.0,5.4978110790252686,100.0
0.00015777227,0.0,,,,,,,0.64191556,-0.5021895,-72.68408,-99.09843,1.2200122,-1.0821052,23.583145,,,,,,0.6451807,0.019300153923034667,22960.890233516693,1725000,0.05078125,0.0068359375,0.0,0.0032651133,0.1035552,0.00015777227,-72.85956,0.003107341,0.0,0.18393244,0.18393244,0.1,1.0,0.0030536107,0.5801872,-74.26759,724876.0,1.0,1.0,267.0,4.971362829208374,100.0
0.0002928438,0.0,,,,,,,0.5401986,-9.006335,-72.89513,-98.99878,0.97564495,-0.80388886,23.560213,,,,,,0.55278635,0.019349704027175903,23057.6387591362,1730000,0.09765625,0.012207031,0.0,0.012587753,0.10745239,0.0002928438,-72.94983,0.012294909,0.0,0.44813177,0.44813177,0.1,1.0,0.0049321633,0.57631254,-69.484146,729925.0,1.0,1.0,383.0,7.206047534942627,100.0
6.400212e-05,0.0,,,,,,,0.31701094,-4.77993,-75.03796,-99.25182,0.38488957,-0.375139,13.712756,,,,,,0.32226735,0.01932023320198059,23154.239931583405,1735000,0.0703125,0.009277344,0.0,0.005256405,0.029659986,6.400212e-05,-75.129196,0.0051924028,0.0,0.32049283,0.32049283,0.1,1.0,0.006600152,0.60669464,-66.591705,734941.0,1.0,1.0,215.0,4.030496835708618,100.0
6.6163135e-05,0.0,,,,,,,0.38514638,-5.5010366,-72.886894,-99.09734,0.4651369,-0.3006866,13.474457,,,,,,0.3891987,0.019336991596221924,23250.92489552498,1740000,0.03515625,0.0048828125,0.0,0.0040523144,0.03637469,6.6163135e-05,-72.91813,0.0039861514,0.0,0.27484477,0.27484477,0.1,1.0,0.003727015,0.57353246,-76.34807,739850.0,1.0,1.0,221.0,4.1422929763793945,100.0
0.0001690968,0.0,,,,,,,0.40395075,4.2400208,-70.56236,-99.2448,0.7004556,-0.55276173,16.351496,,,,,,0.4094383,0.01933165888786316,23347.58319544792,1745000,0.0859375,0.012207031,0.0,0.0054875645,0.07769132,0.0001690968,-70.665016,0.0053184675,0.0,0.27304447,0.27304447,0.1,1.0,0.008139845,0.5646827,-65.58934,744938.0,1.0,1.0,208.0,4.367771863937378,100.0
0.00013429672,0.0,,,,,,,0.5225599,-5.143814,-73.22461,-98.78563,0.8191497,-0.9448189,18.555923,,,,,,0.5258745,0.019374875831604004,23444.457580566406,1750000,0.03515625,0.0043945312,0.0,0.003314614,0.12487328,0.00013429672,-73.29821,0.0031803173,0.0,0.1757254,0.1757254,0.1,1.0,0.0029386808,0.595477,-77.104126,749969.0,1.0,1.0,467.0,9.234729766845703,100.0
0.00014999002,0.0,,,,,,,0.4362952,-6.363928,-72.46939,-99.24967,0.76596475,-0.4881181,14.030413,,,,,,0.44253796,0.019298537492752076,23540.950274705887,1755000,0.05859375,0.0073242188,0.0,0.006242752,0.09118807,0.00014999002,-72.60228,0.006092762,0.0,0.2127887,0.2127887,0.1,1.0,0.0038730113,0.5936362,-76.654724,754251.0,1.0,1.0,219.0,4.087462663650513,100.0
0.00010601425,0.0,,,,,,,0.60516,-6.0874047,-72.92914,-98.998276,1.3333644,-2.3425827,23.756191,,,,,,0.6110782,0.019337908458709717,23637.63982272148,1760000,0.04296875,0.0053710938,0.0,0.0059181806,0.091481924,0.00010601425,-72.95131,0.0058121663,0.0,0.34359643,0.34359643,0.1,1.0,0.004123591,0.59495926,-74.95748,759853.0,1.0,1.0,239.0,4.451217174530029,100.0
0.00022603909,0.0,,,,,,,0.5066123,-2.9216342,-75.63542,-99.48703,2.610758,-1.975936,31.011864,,,,,,0.51107466,0.01926133499145508,23733.946503400803,1765000,0.08984375,0.011230469,0.0,0.0044623413,0.09623301,0.00022603909,-75.78778,0.0042363023,0.0,0.19827792,0.19827792,0.1,1.0,0.004242944,0.5829171,-78.266495,764988.0,1.0,1.0,238.0,4.434816837310791,100.0
0.00018764473,0.0,,,,,,,0.65739596,2.1310403,-67.97925,-99.10367,1.1065843,-0.8752547,29.273884,,,,,,0.662477,0.01931993103027344,23830.54616379738,1770000,0.08203125,0.0107421875,0.0,0.0050810296,0.06256592,0.00018764473,-68.21117,0.004893385,0.0,0.27651212,0.27651212,0.1,1.0,0.0052704653,0.59507465,-69.49994,769857.0,1.0,1.0,298.0,5.609376668930054,100.0
0.00011562888,0.0,,,,,,,0.93406236,-2.5828257,-70.003235,-98.982346,2.485947,-2.6512547,34.95225,,,,,,0.9409571,0.019285419130325318,23926.973267793655,1775000,0.0703125,0.009277344,0.0,0.006894739,0.033241868,0.00011562888,-70.1156,0.00677911,0.0,0.27782276,0.27782276,0.1,1.0,0.016473228,0.58368695,-70.145096,774490.0,1.0,1.0,218.0,4.086195468902588,100.0
0.00024247426,0.0,,,,,,,0.5065762,-3.3186586,-74.05409,-99.39084,1.7326083,-1.9611953,34.653545,,,,,,0.5198503,0.019288177490234374,24023.41416144371,1780000,0.078125,0.010253906,0.0,0.013274112,0.09082186,0.00024247426,-74.1801,0.013031637,0.0,0.5966542,0.5966542,0.1,1.0,0.003907992,0.587073,-71.14468,779794.0,1.0,1.0,278.0,5.205670595169067,100.0
0.0001353441,0.0,,,,,,,0.40125567,0.12278032,-75.72304,-99.03117,0.6186094,-0.5167346,12.84893,,,,,,0.40431637,0.01932714524269104,24120.049894332886,1785000,0.06640625,0.008300781,0.0,0.003060713,0.07265186,0.0001353441,-75.77179,0.002925369,0.0,0.17923586,0.17923586,0.1,1.0,0.0017419396,0.5282928,-81.95249,784944.0,1.0,1.0,210.0,3.9508395195007324,100.0
0.00013534521,0.0,,,,,,,0.3349017,-3.6268754,-73.40174,-99.01185,0.73692507,-0.6862633,12.932884,,,,,,0.34064606,0.01932328643798828,24216.66633272171,1790000,0.05078125,0.0063476562,0.0,0.005744359,0.10475755,0.00013534521,-73.45345,0.0056090136,0.0,0.34471875,0.34471875,0.1,1.0,0.01223651,0.5644579,-72.36897,789967.0,1.0,1.0,309.0,5.833860874176025,100.0
0.00014371646,0.0,,,,,,,0.3859805,-2.879463,-73.956116,-99.46348,0.49581552,-0.65149957,15.513591,,,,,,0.3902483,0.019331600856781005,24313.32434296608,1795000,0.046875,0.0063476562,0.0,0.0042678122,0.06815481,0.00014371646,-74.03803,0.0041240957,0.0,0.23923597,0.23923597,0.1,1.0,0.0029767693,0.58592,-80.762054,794748.0,1.0,1.0,700.0,13.734253883361816,100.0
0.00019382552,0.0,,,,,,,0.36889753,-6.4839687,-73.965454,-98.7544,0.7823232,-1.0084686,18.232418,,,,,,0.37247506,0.019298541927337647,24409.817058324814,1800000,0.07421875,0.009765625,0.0,0.0035775246,0.07202268,0.00019382552,-74.05351,0.003383699,0.0,0.18160026,0.18160026,0.1,1.0,0.0048944815,0.5608211,-78.597565,799865.0,1.0,1.0,238.0,4.481802701950073,100.0
9.178888e-05,0.0,,,,,,,0.48496687,-8.404224,-74.57214,-99.29896,1.3087964,-0.91481304,17.135456,,,,,,0.48790878,0.024944282054901123,24534.538474559784,1805000,0.0390625,0.0048828125,0.0,0.0029419176,0.050052404,9.178888e-05,-74.63486,0.0028501288,0.0,0.2013996,0.2013996,0.1,1.0,0.002629328,0.6078044,-76.53867,804191.0,1.0,1.0,228.0,4.256353855133057,100.0
9.0293994e-05,0.0,,,,,,,0.51723343,1.2159841,-73.64379,-99.26211,0.81012195,-0.782254,19.371098,,,,,,0.5212567,0.019345839548110963,24631.26767897606,1810000,0.06640625,0.008300781,0.0,0.0040232814,0.033901453,9.0293994e-05,-73.753586,0.0039329873,0.0,0.14862886,0.14862886,0.1,1.0,0.0028634085,0.6074122,-79.04846,809886.0,1.0,1.0,254.0,5.223669052124023,100.0
0.00032438582,0.0,,,,,,,0.40938064,-5.818912,-71.559555,-99.0809,0.5663329,-0.86469966,17.70934,,,,,,0.41718033,0.019247616386413573,24727.505767822266,1815000,0.06640625,0.0087890625,0.0,0.0077996706,0.35059357,0.00032438582,-71.63489,0.007475285,0.0,0.28262025,0.28262025,0.1,1.0,0.0076339734,0.57462454,-73.12989,814951.0,1.0,1.0,494.0,9.31656551361084,100.0
0.00015792961,0.0,,,,,,,0.9412437,0.5602048,-69.13043,-99.39349,3.7445664,-3.60706,47.16971,,,,,,0.9456933,0.019397180080413818,24824.491674423218,1820000,0.06640625,0.0087890625,0.0,0.0044495887,0.116170526,0.00015792961,-69.28445,0.004291659,0.0,0.5243013,0.5243013,0.1,1.0,0.009611,0.5388757,-67.23619,819656.0,1.0,1.0,289.0,5.444351673126221,100.0
6.319629e-05,0.0,,,,,,,0.31061527,-0.4467708,-70.265724,-99.307014,0.3548944,-0.26437598,9.1009655,,,,,,0.31409666,0.01932975277900696,24921.140444517136,1825000,0.0390625,0.0048828125,0.0,0.003481388,0.047026157,6.319629e-05,-70.47483,0.0034181918,0.0,0.18208571,0.18208571,0.1,1.0,0.0028132824,0.6003355,-73.729675,824904.0,1.0,1.0,228.0,4.278745651245117,100.0
0.00013970595,0.0,,,,,,,0.4597739,0.7049674,-70.00746,-99.00925,0.8696675,-0.6639984,16.34432,,,,,,0.46600023,0.01933834147453308,25017.832158327103,1830000,0.08203125,0.010253906,0.0,0.0062263175,0.08201873,0.00013970595,-70.037735,0.0060866117,0.0,0.28447023,0.28447023,0.1,1.0,0.0568492,0.5784811,-75.47975,829905.0,1.0,1.0,696.0,13.090818881988525,100.0
0.00031210564,0.0,,,,,,,0.39214456,0.062310174,-73.330444,-99.15788,0.4528723,-0.42050877,13.244037,,,,,,0.3958023,0.01937956018447876,25114.729964971542,1835000,0.1015625,0.0126953125,0.0,0.0036577275,0.1054945,0.00031210564,-73.46136,0.0033456217,0.0,0.19463256,0.19463256,0.1,1.0,0.0037180763,0.66005194,-71.43077,834604.0,1.0,1.0,203.0,3.8193960189819336,100.0
0.00028383837,0.0,,,,,,,1.1983118,-7.6687098,-71.793144,-99.109375,8.638752,-10.726169,140.28273,,,,,,1.2036725,0.01922315034866333,25210.845722436905,1840000,0.07421875,0.009277344,0.0,0.0053607714,0.114804626,0.00028383837,-72.000885,0.005076933,0.0,0.25320223,0.25320223,0.1,1.0,0.0063345353,0.6361751,-71.159615,839780.0,1.0,1.0,408.0,7.696747779846191,100.0
5.983864e-05,0.0,,,,,,,0.5205081,-13.076386,-72.1822,-99.060135,1.032407,-1.7004031,17.720415,,,,,,0.5237352,0.019371606016159056,25307.70375919342,1845000,0.04296875,0.0053710938,0.0,0.003227095,0.029468298,5.983864e-05,-72.28302,0.0031672562,0.0,0.2156804,0.2156804,0.1,1.0,0.0050893817,0.6211637,-71.43908,844309.0,1.0,1.0,248.0,5.165461540222168,100.0
0.00013808609,0.0,,,,,,,1.0193267,-4.3503594,-72.55562,-99.013664,1.9983759,-2.1046205,33.01102,,,,,,1.024434,0.019376832914352417,25404.587930202484,1850000,0.03515625,0.0043945312,0.0,0.0051072347,0.1513499,0.00013808609,-72.68114,0.0049691484,0.0,0.23595117,0.23595117,0.1,1.0,0.011006778,0.6045338,-71.136246,849702.0,1.0,1.0,255.0,4.796022653579712,100.0
4.6311296e-05,0.0,,,,,,,1.1395398,-7.176326,-71.04793,-99.27476,14.165611,-12.28564,204.16618,,,,,,1.1452262,0.019301369857788086,25501.09479022026,1855000,0.0390625,0.0048828125,0.0,0.0056863884,0.030924201,4.6311296e-05,-71.24556,0.005640077,0.0,0.36822662,0.36822662,0.1,1.0,0.01094351,0.60234404,-63.930183,854420.0,1.0,1.0,472.0,9.400587797164917,100.0
0.000113977236,0.0,,,,,,,0.6366881,-5.8268476,-73.32811,-99.03298,1.6140525,-1.5382712,32.649837,,,,,,0.6415854,0.019290522146224974,25597.547406435013,1860000,0.046875,0.005859375,0.0,0.004897305,0.089268565,0.000113977236,-73.45622,0.0047833277,0.0,0.23895858,0.23895858,0.1,1.0,0.0040753447,0.57633543,-77.07413,859858.0,1.0,1.0,419.0,7.862594366073608,100.0
0.00017770892,0.0,,,,,,,0.6555451,1.2108628,-70.45419,-99.03174,3.7244809,-2.7206218,40.610527,,,,,,0.6610436,0.019334513473510742,25694.219980716705,1865000,0.06640625,0.008300781,0.0,0.0054984563,0.08021712,0.00017770892,-70.531204,0.0053207474,0.0,0.22239418,0.22239418,0.1,1.0,0.0032376049,0.56239235,-76.49786,864014.0,1.0,1.0,231.0,4.345620632171631,100.0
6.570632e-05,0.0,,,,,,,0.37640986,-5.3153954,-72.79796,-98.80685,0.38713947,-0.3813516,11.347904,,,,,,0.38313293,0.019329975843429565,25790.86986541748,1870000,0.04296875,0.0053710938,0.0,0.0067230663,0.029175758,6.570632e-05,-72.91144,0.00665736,0.0,0.2135073,0.2135073,0.1,1.0,0.0035448065,0.5392423,-73.59898,869675.0,1.0,1.0,224.0,4.188017129898071,100.0
8.044642e-05,0.0,,,,,,,0.45015526,-3.4841769,-72.58287,-99.11032,0.6964988,-1.0067784,18.769257,,,,,,0.45450822,0.019446380519866944,25888.1017742157,1875000,0.04296875,0.0053710938,0.0,0.004352955,0.049167633,8.044642e-05,-72.723145,0.004272509,0.0,0.21696898,0.21696898,0.1,1.0,0.0047953418,0.5400264,-72.15389,874860.0,1.0,1.0,698.0,13.211598634719849,100.0
6.274076e-05,0.0,,,,,,,0.89930236,-3.725063,-73.55089,-99.39664,2.0381787,-2.5629666,45.55163,,,,,,0.9061308,0.019406193113327027,25985.132745981216,1880000,0.04296875,0.0053710938,0.0,0.006828398,0.02846849,6.274076e-05,-73.65849,0.006765657,0.0,0.3138061,0.3138061,0.1,1.0,0.0026952233,0.571663,-71.932236,879953.0,1.0,1.0,247.0,5.197391510009766,100.0
9.9180965e-05,0.0,,,,,,,0.5011426,-6.85159,-71.43994,-99.0565,1.1299847,-0.7120555,15.316444,,,,,,0.5053206,0.01928846025466919,26081.575053691864,1885000,0.0703125,0.009277344,0.0,0.0041780146,0.03710258,9.9180965e-05,-71.53981,0.0040788334,0.0,0.26248565,0.26248565,0.1,1.0,0.0050249267,0.60188305,-74.80194,884845.0,1.0,1.0,205.0,3.824007511138916,100.0
0.0001412498,0.0,,,,,,,0.3630106,-3.782296,-70.09566,-99.285164,0.45160586,-0.4293086,13.72846,,,,,,0.36619803,0.019295519495010377,26178.052658319473,1890000,0.0859375,0.011230469,0.0,0.0031874331,0.05052936,0.0001412498,-70.15817,0.0030461834,0.0,0.21728098,0.21728098,0.1,1.0,0.008086416,0.63382643,-67.65485,889899.0,1.0,1.0,230.0,4.294608116149902,100.0
0.0002653228,0.0,,,,,,,0.44112504,1.490576,-73.42376,-99.06117,0.6827803,-0.87983185,14.204636,,,,,,0.44838682,0.01920588164329529,26274.082072496414,1895000,0.06640625,0.0087890625,0.0,0.007261771,0.11972368,0.0002653228,-73.677765,0.006996448,0.0,0.5925481,0.5925481,0.1,1.0,0.0058910847,0.51527935,-72.942795,894729.0,1.0,1.0,236.0,4.433658838272095,100.0
0.00022350892,0.0,,,,,,,0.36224657,-9.834166,-73.67995,-99.04441,0.6058989,-0.47572228,13.521098,,,,,,0.3684753,0.019342111253738404,26370.792637825012,1900000,0.0703125,0.0087890625,0.0,0.0062287007,0.14851952,0.00022350892,-73.73428,0.0060051917,0.0,0.29894644,0.29894644,0.1,1.0,0.005578912,0.5843272,-72.54771,899910.0,1.0,1.0,246.0,4.662883043289185,100.0
0.0002114927,0.0,,,,,,,0.59424764,-3.5850234,-71.48476,-99.343254,1.4961325,-2.0891743,21.624554,,,,,,0.60136026,0.024496965980529785,26493.27747631073,1905000,0.0703125,0.009277344,0.0,0.0071126367,0.21473527,0.0002114927,-71.55516,0.006901144,0.0,0.5368816,0.5368816,0.1,1.0,0.009675441,0.6015882,-71.38132,904897.0,1.0,1.0,226.0,4.288723707199097,100.0
9.106303e-05,0.0,,,,,,,0.51428,-4.3592215,-71.86125,-98.80167,0.8953051,-1.0617505,17.150673,,,,,,0.5263978,0.019336935138702393,26589.962157726288,1910000,0.07421875,0.009765625,0.0,0.012117824,0.041407228,9.106303e-05,-71.96419,0.012026761,0.0,0.34628242,0.34628242,0.1,1.0,0.0117065115,0.6444404,-66.24434,909818.0,1.0,1.0,267.0,5.002846717834473,100.0
0.00017997791,0.0,,,,,,,0.29956707,-10.476377,-72.00981,-99.08442,0.41106325,-0.34414095,10.3917465,,,,,,0.30658856,0.019314645767211914,26686.53539276123,1915000,0.06640625,0.009277344,0.0,0.007021477,0.051944137,0.00017997791,-72.057724,0.006841499,0.0,0.20630401,0.20630401,0.1,1.0,0.0051842663,0.6078551,-70.34621,914989.0,1.0,1.0,259.0,4.841738939285278,100.0
0.00011095189,0.0,,,,,,,0.4193912,-4.850084,-73.028946,-99.08027,1.01984,-0.98323375,18.671318,,,,,,0.42476606,0.019341733407974245,26783.244065761566,1920000,0.04296875,0.0053710938,0.0,0.0053748484,0.07394552,0.00011095189,-73.10756,0.0052638967,0.0,0.2452214,0.2452214,0.1,1.0,0.0029653898,0.56330353,-76.05938,919893.0,1.0,1.0,319.0,6.012842416763306,100.0
0.00013951905,0.0,,,,,,,0.6474834,-3.6738343,-69.98924,-98.9225,1.681008,-1.2636609,31.232372,,,,,,0.6509623,0.019435081148147584,26880.419477701187,1925000,0.0546875,0.0068359375,0.0,0.0034789043,0.08620548,0.00013951905,-70.03688,0.0033393851,0.0,0.2667064,0.2667064,0.1,1.0,0.010646395,0.62269837,-67.420906,924929.0,1.0,1.0,239.0,4.508929252624512,100.0
0.0001473063,0.0,,,,,,,0.78951055,-1.5964441,-68.94119,-98.97396,1.6548734,-1.2211127,23.645683,,,,,,0.7941483,0.019258967685699464,26976.714323043823,1930000,0.08203125,0.0107421875,0.0,0.004637766,0.045488358,0.0001473063,-69.04964,0.00449046,0.0,0.25438693,0.25438693,0.1,1.0,0.0069373236,0.55674565,-72.57175,929958.0,1.0,1.0,176.0,3.302795171737671,100.0
0.00021192263,0.0,,,,,,,0.4015026,-2.8585258,-72.776344,-98.811295,0.47787675,-0.3317103,15.284712,,,,,,0.40915188,0.019337702512741087,27073.40284180641,1935000,0.0859375,0.011230469,0.0,0.007649271,0.10028291,0.00021192263,-72.8841,0.0074373484,0.0,0.37022507,0.37022507,0.1,1.0,0.0145483175,0.59180367,-72.84972,934937.0,1.0,1.0,242.0,4.558371305465698,100.0
7.391599e-05,0.0,,,,,,,0.5408862,-0.6366718,-70.834885,-99.10121,0.88280374,-0.7464843,18.381227,,,,,,0.543835,0.019299388122558592,27169.899789333344,1940000,0.0390625,0.0048828125,0.0,0.0029487398,0.053101182,7.391599e-05,-70.92459,0.0028748238,0.0,0.18395227,0.18395227,0.1,1.0,0.003216024,0.56880075,-75.385704,939832.0,1.0,1.0,204.0,3.771411895751953,100.0
4.689634e-05,0.0,,,,,,,0.6793852,0.45560646,-71.43411,-99.18789,2.8987908,-2.03927,36.490276,,,,,,0.68389076,0.0191032883644104,27265.41623711586,1945000,0.04296875,0.0053710938,0.0,0.004505589,0.028530717,4.689634e-05,-71.55,0.004458693,0.0,0.2365784,0.2365784,0.1,1.0,0.005799584,0.5660018,-69.8557,944843.0,1.0,1.0,215.0,4.440368890762329,100.0
0.00018179324,0.0,,,,,,,0.3831392,-5.114887,-73.95211,-99.059074,0.7724691,-1.3380729,14.450712,,,,,,0.38781074,0.019135688972473145,27361.0946893692,1950000,0.046875,0.005859375,0.0,0.0046715345,0.11138344,0.00018179324,-73.97117,0.0044897413,0.0,0.28399128,0.28399128,0.1,1.0,0.009692482,0.5029669,-68.8221,949508.0,1.0,1.0,248.0,4.626150369644165,100.0
0.0002197398,0.0,,,,,,,0.5176855,-4.078798,-71.01295,-99.35304,0.76403064,-0.60997844,16.32789,,,,,,0.52256143,0.018973829936981202,27455.96384525299,1955000,0.0859375,0.0107421875,0.0,0.0048759333,0.07181311,0.0002197398,-71.1482,0.0046561933,0.0,0.20002581,0.20002581,0.1,1.0,0.0035924795,0.62761164,-73.62483,954993.0,1.0,1.0,221.0,4.073837757110596,100.0
0.00014039892,0.0,,,,,,,0.49639037,-6.79603,-73.7442,-98.65052,0.9819909,-0.79936874,16.154947,,,,,,0.500182,0.0191519540309906,27551.723621845245,1960000,0.0390625,0.0048828125,0.0,0.0037915998,0.119047284,0.00014039892,-73.83014,0.0036512008,0.0,0.15161031,0.15161031,0.1,1.0,0.0039110477,0.60865164,-73.202034,959760.0,1.0,1.0,209.0,3.875962734222412,100.0
0.00013736624,0.0,,,,,,,0.4337129,-11.198129,-72.18549,-99.20996,2.6908946,-2.048609,29.839067,,,,,,0.43792143,0.019146234941482543,27647.454802036285,1965000,0.05859375,0.008300781,0.0,0.0042085443,0.04665363,0.00013736624,-72.32031,0.004071178,0.0,0.273958,0.273958,0.1,1.0,0.003006925,0.5740626,-70.42993,964821.0,1.0,1.0,228.0,4.705668210983276,100.0
0.00025632483,0.0,,,,,,,0.6377537,-6.2336645,-72.47367,-99.14747,0.53800124,-0.6672368,17.241688,,,,,,0.64362264,0.01880788803100586,27741.49424815178,1970000,0.1015625,0.0126953125,0.0,0.0058689346,0.15594876,0.00025632483,-72.58986,0.00561261,0.0,0.24703628,0.24703628,0.1,1.0,0.0024521148,0.5748826,-80.49652,969994.0,1.0,1.0,228.0,4.150394916534424,100.0
0.00026300934,0.0,,,,,,,1.3576422,-2.2483547,-69.72632,-98.821884,1.9612695,-1.9517622,37.044476,,,,,,1.3614918,0.01863342890739441,27834.661398410797,1975000,0.05859375,0.0078125,0.0,0.003849612,0.252455,0.00026300934,-69.79811,0.0035866029,0.0,0.30799246,0.30799246,0.1,1.0,0.010153426,0.5990507,-67.268364,974992.0,1.0,1.0,262.0,4.684900283813477,100.0
0.00023552519,0.0,,,,,,,0.44370294,0.22032486,-73.20019,-99.18794,0.94492024,-0.86373866,19.250748,,,,,,0.44726413,0.018307626962661742,27926.19953894615,1980000,0.0859375,0.011230469,0.0,0.0035611878,0.09001744,0.00023552519,-73.3371,0.0033256626,0.0,0.26443797,0.26443797,0.1,1.0,0.013448253,0.59436095,-67.46152,979862.0,0.0,0.0,1000.0,18.349014282226562,0.0
0.00019755575,0.0,,,,,,,0.4334039,-3.0473447,-71.01214,-99.03229,0.8944973,-1.0098344,16.574427,,,,,,0.43841517,0.018302856016159056,28017.713824510574,1985000,0.0859375,0.011230469,0.0,0.0050112563,0.06481016,0.00019755575,-71.041695,0.0048137004,0.0,0.24811582,0.24811582,0.1,1.0,0.006483034,0.571466,-70.531784,984846.0,1.0,1.0,372.0,7.106602430343628,100.0
0.00017585268,0.0,,,,,,,2.9264617,-0.28596953,-74.58259,-99.15797,3.9062073,-3.9911613,97.32337,,,,,,2.9317548,0.018354855108261108,28109.488105773926,1990000,0.05859375,0.0073242188,0.0,0.0052930596,0.11964834,0.00017585268,-74.73132,0.005117207,0.0,0.19753024,0.19753024,0.1,1.0,0.013897101,0.59128034,-74.60016,989853.0,0.0,0.0,1000.0,18.380167961120605,0.0
9.685132e-05,0.0,,,,,,,0.63649994,-6.409407,-71.73418,-99.140114,0.7985358,-0.8938988,23.738373,,,,,,0.6408155,0.018326685857772827,28201.121541023254,1995000,0.0546875,0.0068359375,0.0,0.004315543,0.07101333,9.685132e-05,-71.883835,0.0042186915,0.0,0.36106044,0.36106044,0.1,1.0,0.026337514,0.5653846,-70.8883,994909.0,1.0,1.0,246.0,4.400521278381348,100.0
0.00013147644,0.0,,,,,,,0.4600474,0.009655908,-71.81351,-98.63351,0.559336,-0.50548995,14.374287,,,,,,0.4652733,0.018280269479751587,28292.52289414406,2000000,0.08203125,0.0107421875,0.0,0.005225895,0.031979084,0.00013147644,-72.01482,0.005094419,0.0,0.26041508,0.26041508,0.1,1.0,0.003587639,0.61680436,-70.711105,999849.0,1.0,1.0,253.0,4.527497053146362,100.0
