training/actor/actor_loss,training/actor/bound_loss,training/actor/mse,training/actor/q,training/actor/q_loss,training/alpha/current_vs_historical_ratio,training/alpha/historical_avg_loss,training/alpha/max_alpha_bound,training/alpha/min_alpha_bound,training/alpha/valid_count,training/alpha_weight,training/critic/critic_loss,training/critic/q_max,training/critic/q_mean,training/critic/q_min,training/grad/max,training/grad/min,training/grad/norm,training/meanflow/consistency_loss,training/meanflow/flow_loss,training/meanflow/mean_flow_loss,training/metrics/actor_learning_rate,training/metrics/critic_learning_rate,training/total_loss,time/epoch_time,time/total_time,step,exploration/goal_achieved,exploration/total.timesteps,exploration/episode.final_reward,exploration/episode.return,exploration/episode.length,exploration/episode.duration,exploration/episode.normalized_return
0.012237668,0.0,0.7173909,-0.012237668,0.012237668,1.0,0.0,3000.0,30.0,0,300.0,1529.8164,3.8536587,-0.030983903,-3.040214,776.88354,-746.7713,17533.129,0.1352163,1.1686206,1.1686206,0.0,0.0003,1880.4148,0.01047050700187683,52.35253882408142,0,,,,,,,
-560.53906,0.06226283,0.09151393,560.6013,-560.6013,40541904.0,0.0,3000.0,30.0,2,300.0,704.24133,1018.99554,557.025,-6.760544,681.91644,-597.16895,43615.94,0.021974087,0.40541905,0.40541905,1e-05,0.0003,265.328,0.007333090591430664,89.01799821853638,5000,,,,,,,
-1674.3677,0.17161022,0.5044183,1674.5393,-1674.5393,78957620.0,0.0,3000.0,30.0,4,300.0,586.32166,2072.0615,1638.4429,24.32996,645.69403,-672.52795,66523.44,0.03898617,0.7895762,0.7895762,2e-05,0.0003,-851.17316,0.0037460310459136964,107.7481575012207,10000,,,,,,,
-2532.5156,0.06602891,0.14248534,2532.5815,-2532.5815,49806256.0,0.0,3000.0,30.0,7,300.0,749.14404,2946.5068,2520.8237,1299.8352,1925.9862,-378.21094,76622.125,0.016987545,0.49806255,0.49806255,3e-05,0.0003,-1633.9529,0.0037622852325439452,126.5595920085907,15000,,,,,,,
-3196.2393,0.059166506,0.16057089,3196.2983,-3196.2983,57354284.0,0.0,3000.0,30.0,9,300.0,591.5727,3635.7717,3180.8872,-44.189964,1265.5737,-304.09802,51319.93,0.010221555,0.57354283,0.57354283,4e-05,0.0003,-2432.6038,0.0036969738483428956,145.0444655418396,20000,,,,,,,
-3796.2893,0.13965723,0.5028888,3796.429,-3796.429,2.315778,0.16829054,3000.0,30.0,12,300.0,232.69101,4183.3877,3762.4856,2481.9656,387.74094,-506.92487,18691.68,0.012077394,0.38972354,0.38972354,5e-05,0.0003,-3446.6814,0.00374694447517395,163.77919149398804,25000,,,,,,,
-4241.6235,0.15573855,0.5396418,4241.7793,-4241.7793,1.7103628,0.32019478,3000.0,30.0,14,300.0,293.83478,4618.35,4204.3794,3118.0,585.915,-641.36224,27230.117,0.038053654,0.54764926,0.54764926,6e-05,0.0003,-3783.4941,0.0037734570503234863,182.6464807987213,30000,,,,,,,
-4547.585,0.17688276,0.5625388,4547.7617,-4547.7617,0.9861515,0.43579286,3000.0,30.0,17,300.0,247.91669,4969.452,4511.2817,3260.5098,282.55927,-295.35272,19503.738,0.0394005,0.42975777,0.42975777,6.9999995e-05,0.0003,-4170.741,0.0037456413745880126,201.37469172477722,35000,,,,,,,
-4812.841,0.103619054,0.37605137,4812.9443,-4812.9443,1.2800771,0.47112474,3000.0,30.0,19,300.0,557.2526,5245.507,4783.4365,3129.7517,362.57904,-318.79626,24555.496,0.025901344,0.603076,0.603076,8e-05,0.0003,-4074.6655,0.003680080795288086,219.7750997543335,40000,,,,,,,
-5081.534,0.14273101,0.41633672,5081.677,-5081.677,1.0758357,0.51938635,3000.0,30.0,20,300.0,220.80934,5469.0083,5046.503,3889.8584,263.70538,-322.69565,10701.947,0.03320252,0.5587744,0.5587744,8.9999994e-05,0.0003,-4693.0923,0.003756819248199463,238.55920433998108,45000,,,,,,,
-5287.857,0.1194204,0.46862754,5287.9766,-5287.9766,0.6363547,0.51503146,3000.0,30.0,20,300.0,198.19812,5644.3257,5252.8594,3955.5378,238.27866,-234.6286,11193.828,0.008058091,0.3277427,0.3277427,1e-04,0.0003,-4991.336,0.003756770658493042,257.3430619239807,50000,,,,,,,
-5397.462,0.157234,0.5375456,5397.619,-5397.619,1.6429657,0.45344806,3000.0,30.0,20,300.0,163.35983,5778.5933,5364.0674,4136.7847,659.9795,-998.13855,20756.516,0.020974856,0.74499965,0.74499965,9.999385e-05,0.0003,-5010.602,0.0037349740505218504,276.0179364681244,55000,,,,,,,
-5517.553,0.1220061,0.48734754,5517.6753,-5517.6753,0.8867524,0.45227274,3000.0,30.0,20,300.0,126.54409,5887.72,5484.031,4108.325,67.04751,-92.23748,5877.4355,0.010690829,0.40105394,0.40105394,9.99754e-05,0.0003,-5270.693,0.003688180685043335,294.45884442329407,60000,,,,,,,
-5602.0107,0.15622516,0.52453095,5602.167,-5602.167,0.71681005,0.42758775,3000.0,30.0,20,300.0,172.05258,5966.0737,5570.8525,-243.85405,159.79367,-157.67067,8509.865,0.013097912,0.30649918,0.30649918,9.994465e-05,0.0003,-5338.0083,0.003741484546661377,313.1662714481354,65000,,,,,,,
-5674.404,0.15863372,0.54885566,5674.5625,-5674.5625,0.7282964,0.42152414,3000.0,30.0,20,300.0,112.666405,6032.655,5641.1787,4389.7563,64.469574,-73.82006,5387.5967,0.014895823,0.3069945,0.3069945,9.990162e-05,0.0003,-5469.639,0.003732180881500244,331.82717967033386,70000,,,,,,,
-5744.992,0.11431226,0.468477,5745.1064,-5745.1064,0.68854064,0.42687008,3000.0,30.0,20,300.0,83.66406,6085.132,5715.3506,4486.098,106.239136,-113.19023,5897.581,0.0056494474,0.2939174,0.2939174,9.984629e-05,0.0003,-5573.153,0.0037360851287841796,350.50760984420776,75000,,,,,,,
-5800.978,0.14920309,0.48695692,5801.1274,-5801.1274,0.74416184,0.4005588,3000.0,30.0,20,300.0,92.3795,6126.886,5770.334,4668.7925,109.873955,-88.238304,4937.9487,0.012749024,0.29808056,0.29808056,9.977873e-05,0.0003,-5619.1743,0.003773131036758423,369.373272895813,80000,,,,,,,
-5745.4507,0.15598354,0.55095536,5745.6064,-5745.6064,0.69075733,0.36359984,3000.0,30.0,20,300.0,1065.9506,6149.6606,5714.501,-49.146976,661.1458,-640.7024,33751.31,0.013056336,0.25115925,0.25115925,9.969891e-05,0.0003,-4604.1523,0.0036866838932037354,387.80669689178467,85000,,,,,,,
-5797.7183,0.12343364,0.53136843,5797.842,-5797.842,0.78296196,0.32987696,3000.0,30.0,20,300.0,124.59087,6175.663,5766.301,4271.453,175.51501,-121.74372,7770.945,0.030184072,0.2582811,0.2582811,9.9606885e-05,0.0003,-5595.643,0.0037333674907684324,406.4735381603241,90000,,,,,,,
-5855.188,0.110642776,0.406669,5855.299,-5855.299,0.8590282,0.32518172,3000.0,30.0,20,300.0,108.68161,6201.1074,5827.4277,11.229941,125.69569,-127.79789,7309.3076,0.03254162,0.27934027,0.27934027,9.950265e-05,0.0003,-5662.704,0.003732535648345947,425.1362199783325,95000,,,,,,,
-5841.942,0.04474736,0.10639211,5841.987,-5841.987,1.0367353,0.32127127,3000.0,30.0,20,300.0,620.3212,6217.1924,5829.552,4692.7534,243.36209,-715.5651,26681.676,0.0037182611,0.33307326,0.33307326,9.938626e-05,0.0003,-5121.6987,0.0037461463928222657,443.8669595718384,100000,,,,,,,
-5832.895,0.15013021,0.56929314,5833.045,-5833.045,0.81639075,0.30706498,3000.0,30.0,20,300.0,105.18065,6225.3774,5794.8496,4645.3022,130.25438,-142.13116,5788.3325,0.021465633,0.250685,0.250685,9.9257726e-05,0.0003,-5652.509,0.005358614206314087,470.66003465652466,105000,,,,,,,
-5818.234,0.18539715,0.54827756,5818.4194,-5818.4194,0.93997234,0.31197995,3000.0,30.0,20,300.0,82.154816,6234.162,5785.1694,4621.5967,60.516518,-57.317207,4240.409,0.02586661,0.29325253,0.29325253,9.91171e-05,0.0003,-5648.1035,0.0037655321598052977,489.487699508667,110000,,,,,,,
-5849.2837,0.14524147,0.4638554,5849.4287,-5849.4287,0.7074762,0.2949768,3000.0,30.0,20,300.0,90.18723,6243.523,5816.616,4523.5293,62.758915,-65.6753,4343.5405,0.008949733,0.20868906,0.20868906,9.896442e-05,0.0003,-5696.4897,0.003743100357055664,508.2032058238983,115000,,,,,,,
-5868.4087,0.13538283,0.36206144,5868.544,-5868.544,0.4818254,0.29193485,3000.0,30.0,20,300.0,149.28429,6250.3525,5840.663,4578.8687,184.4753,-165.6891,11429.88,0.010223479,0.14066163,0.14066163,9.8799705e-05,0.0003,-5676.926,0.0037390514373779296,526.8984670639038,120000,,,,,,,
-5920.989,0.1507712,0.50518316,5921.1396,-5921.1396,0.46061152,0.28876334,3000.0,30.0,20,300.0,120.62738,6246.7324,5890.6587,4749.1787,135.03848,-167.20848,6590.866,0.0038128782,0.13300772,0.13300772,9.8623015e-05,0.0003,-5760.459,0.003692136812210083,545.3591554164886,125000,,,,,,,
-5921.228,0.13431558,0.5497448,5921.3623,-5921.3623,1.0620257,0.28841767,3000.0,30.0,20,300.0,144.20847,6239.965,5891.419,4702.878,96.92148,-95.243515,8572.176,0.036840122,0.30630696,0.30630696,9.843441e-05,0.0003,-5685.1274,0.0037394579887390137,564.0564496517181,130000,,,,,,,
-5940.013,0.019788582,0.011846996,5940.033,-5940.033,0.62215555,0.29126075,3000.0,30.0,20,300.0,1852.2615,6240.1836,5939.588,4974.605,522.70825,-645.19055,36655.695,0.0026544123,0.18120949,0.18120949,9.823391e-05,0.0003,-4033.389,0.003735161352157593,582.7322614192963,135000,,,,,,,
-5881.188,0.15434669,0.48405647,5881.3423,-5881.3423,0.990431,0.2900364,3000.0,30.0,20,300.0,337.41473,6240.8022,5849.007,172.94495,197.81267,-199.39946,14745.566,0.008866383,0.28726107,0.28726107,9.8021614e-05,0.0003,-5457.595,0.0037468003273010255,601.4662671089172,140000,,,,,,,
-5897.8677,0.14039522,0.5088477,5898.0083,-5898.0083,1.2297063,0.2860451,3000.0,30.0,20,300.0,78.65959,6239.5566,5862.992,4839.0146,71.04134,-97.903114,5118.9004,0.0243339,0.35175148,0.35175148,9.779754e-05,0.0003,-5713.6826,0.0037132215023040773,620.0323793888092,145000,,,,,,,
-5831.5415,0.015579951,0.01646997,5831.557,-5831.557,0.94822615,0.27432775,3000.0,30.0,20,300.0,1655.6542,6236.7954,5829.9775,4472.1016,402.64783,-396.11078,34020.234,0.002823985,0.26012474,0.26012474,9.756177e-05,0.0003,-4097.8496,0.003751687145233154,638.7908222675323,150000,,,,,,,
-5807.4375,0.15126768,0.5282308,5807.589,-5807.589,0.90068495,0.27105728,3000.0,30.0,20,300.0,83.62612,6235.9546,5774.5293,111.88345,73.42936,-64.76519,4167.8984,0.013363484,0.24413721,0.24413721,9.7314376e-05,0.0003,-5650.5703,0.0037484827995300295,657.5332412719727,155000,,,,,,,
-5836.484,0.024140667,0.02938813,5836.508,-5836.508,0.7057094,0.25843784,3000.0,30.0,20,300.0,1324.6023,6236.4927,5831.4297,4556.0977,1440.7684,-468.90607,35864.336,0.0036116901,0.18238202,0.18238202,9.7055396e-05,0.0003,-4457.167,0.003736894083023071,676.2177155017853,160000,,,,,,,
-5889.4434,0.15351993,0.51740587,5889.5967,-5889.5967,1.2663844,0.2705252,3000.0,30.0,20,300.0,163.3764,6239.6714,5856.293,4204.4233,76.54973,-69.06396,5610.994,0.007833317,0.34258887,0.34258887,9.6784934e-05,0.0003,-5623.29,0.003694475841522217,694.6900987625122,165000,,,,,,,
-5884.8794,0.15928519,0.5152255,5885.0386,-5885.0386,1.1874801,0.2652211,3000.0,30.0,20,300.0,117.921646,6240.924,5853.3926,4402.3677,139.01485,-107.66343,7082.811,0.017163238,0.31494477,0.31494477,9.6503034e-05,0.0003,-5672.474,0.003732975673675537,713.3549818992615,170000,,,,,,,
-5851.333,0.1574037,0.5819271,5851.49,-5851.49,1.7531785,0.2561933,3000.0,30.0,20,300.0,75.98854,6242.156,5817.5283,4355.6777,53.14115,-75.60359,3857.3943,0.027249103,0.4491526,0.4491526,9.62098e-05,0.0003,-5640.5986,0.0037287606239318847,731.9987893104553,175000,,,,,,,
-5857.988,0.15757392,0.5357813,5858.1455,-5858.1455,0.83752155,0.25295922,3000.0,30.0,20,300.0,86.56489,6237.6504,5822.6133,-26.899036,63.44709,-60.03161,4048.962,0.014565684,0.21185881,0.21185881,9.59053e-05,0.0003,-5707.865,0.003747508192062378,750.7363345623016,180000,,,,,,,
-5880.374,0.07218021,0.14525461,5880.4463,-5880.4463,1.5026459,0.2510248,3000.0,30.0,20,300.0,679.8665,6242.0654,5865.0654,4497.302,2029.9822,-415.97653,32867.855,0.0031941254,0.37720138,0.37720138,9.558961e-05,0.0003,-5087.3467,0.0036839569091796876,769.1561233997345,185000,,,,,,,
-5832.118,0.20426396,0.53770983,5832.3223,-5832.3223,0.6284627,0.24576195,3000.0,30.0,20,300.0,2332.0554,6229.0034,5799.039,4496.514,530.5788,-489.72537,40377.53,0.028330293,0.1544522,0.1544522,9.526282e-05,0.0003,-3453.727,0.0037453906536102297,787.8830802440643,190000,,,,,,,
-5886.997,0.17958446,0.4814503,5887.177,-5887.177,0.56897545,0.23219538,3000.0,30.0,20,300.0,79.72174,6240.5117,5856.5527,4661.7637,44.51131,-45.148674,3375.644,0.019789768,0.13211347,0.13211347,9.4925024e-05,0.0003,-5767.641,0.0037337244033813478,806.5517067909241,195000,,,,,,,
-5904.0396,0.18212448,0.51333547,5904.2217,-5904.2217,1.253261,0.24602209,3000.0,30.0,20,300.0,53.470688,6239.5244,5871.8228,4573.292,53.187572,-153.39743,4234.71,0.010394165,0.30832988,0.30832988,9.457632e-05,0.0003,-5758.07,0.00375396146774292,825.3215181827545,200000,,,,,,,
-5890.431,0.14530653,0.4643907,5890.5767,-5890.5767,1.0820894,0.24754834,3000.0,30.0,20,300.0,73.18314,6237.452,5858.8857,4689.796,74.78839,-72.83589,4525.714,0.0039492734,0.26786944,0.26786944,9.42168e-05,0.0003,-5736.887,0.005424811458587647,852.4455802440643,205000,,,,,,,
-5868.3413,0.1565722,0.5095193,5868.498,-5868.498,1.2122037,0.24048193,3000.0,30.0,20,300.0,65.376,6236.2905,5836.437,4594.196,49.18534,-43.827877,3827.8506,0.0128485225,0.2915131,0.2915131,9.384654e-05,0.0003,-5715.511,0.003670010995864868,870.7956404685974,210000,,,,,,,
-5774.2866,0.013406597,0.015773954,5774.3,-5774.3,0.55632776,0.23599143,3000.0,30.0,20,300.0,617.8261,6231.7686,5773.851,161.98969,394.00586,-680.1759,15876.8955,0.0024998754,0.13128859,0.13128859,9.346567e-05,0.0003,-5117.0737,0.0037415772914886473,889.5035328865051,215000,,,,,,,
-5861.254,0.1944913,0.58283305,5861.448,-5861.448,0.68152404,0.23514433,3000.0,30.0,20,300.0,89.44061,6241.967,5826.687,197.8953,55.510258,-85.55418,4125.597,0.01162828,0.1602565,0.1602565,9.30743e-05,0.0003,-5723.7363,0.0037418160915374758,908.2126176357269,220000,,,,,,,
-5912.144,0.15525654,0.51147336,5912.2993,-5912.2993,0.68213403,0.22972055,3000.0,30.0,20,300.0,46.05378,6237.2036,5882.671,4590.883,66.284935,-53.461113,2898.4907,0.020493584,0.15670021,0.15670021,9.267249e-05,0.0003,-5819.08,0.0037413073539733885,926.9191591739655,225000,,,,,,,
-5854.075,0.15707764,0.5627758,5854.2324,-5854.2324,1.0241277,0.22676392,3000.0,30.0,20,300.0,114.98724,6234.0957,5818.033,370.70337,214.25894,-250.32384,5321.5703,0.014461847,0.23223521,0.23223521,9.2260394e-05,0.0003,-5669.4175,0.0036844675540924072,945.3415014743805,230000,,,,,,,
-5906.8706,0.14608267,0.49977216,5907.0166,-5907.0166,0.7202463,0.23320793,3000.0,30.0,20,300.0,52.429478,6234.5684,5876.9053,4428.3228,50.647877,-123.98614,3989.7686,0.004579722,0.16796714,0.16796714,9.183811e-05,0.0003,-5804.051,0.003735490846633911,964.0189597606659,235000,,,,,,,
-5834.9917,0.18987602,0.5503775,5835.1816,-5835.1816,0.90507543,0.23199558,3000.0,30.0,20,300.0,967.53687,6231.579,5806.243,4558.7305,269.57364,-262.6163,21579.893,0.026160423,0.20997348,0.20997348,9.1405775e-05,0.0003,-4804.463,0.003764806318283081,982.8429956436157,240000,,,,,,,
-5840.335,0.013412684,0.013863986,5840.348,-5840.348,0.47382727,0.21654665,3000.0,30.0,20,300.0,244.21246,6225.018,5839.373,4523.4917,102.1771,-70.530685,5428.8047,0.0018175266,0.102605715,0.102605715,9.0963455e-05,0.0003,-5565.341,0.0037544564723968506,1001.6152818202972,245000,,,,,,,
-5832.682,0.17275444,0.52047986,5832.855,-5832.855,1.1504835,0.22323318,3000.0,30.0,20,300.0,62.26908,6232.4077,5801.669,4382.6636,56.823467,-53.685017,3957.1147,0.0049346276,0.25682607,0.25682607,9.051133e-05,0.0003,-5693.365,0.003679991722106934,1020.0152444839478,250000,,,,,,,
-5822.857,0.16997908,0.472943,5823.027,-5823.027,0.9088662,0.21732795,3000.0,30.0,20,300.0,79.58856,6233.3096,5790.761,4403.198,42.470272,-162.49152,4672.499,0.012483196,0.19752204,0.19752204,9.004948e-05,0.0003,-5684.0117,0.0037458480834960937,1038.744488954544,255000,,,,,,,
-5897.8633,0.13358039,0.41444027,5897.997,-5897.997,1.8817059,0.20798483,3000.0,30.0,20,300.0,226.40463,6241.173,5870.7173,4421.676,111.57566,-192.1675,8773.116,0.016260976,0.39136627,0.39136627,8.9578054e-05,0.0003,-5554.049,0.0037461895942687987,1057.475440979004,260000,,,,,,,
-5850.2446,0.15592723,0.5093079,5850.4004,-5850.4004,0.62434024,0.21419822,3000.0,30.0,20,300.0,67.646805,6234.091,5818.4824,4520.5947,46.332233,-48.45483,5008.298,0.026520913,0.13373257,0.13373257,8.909717e-05,0.0003,-5742.478,0.0037482603549957275,1076.2167468070984,265000,,,,,,,
-5897.6772,0.19669048,0.6138601,5897.874,-5897.874,0.8721656,0.21500571,3000.0,30.0,20,300.0,48.021782,6238.588,5862.8447,4513.456,43.669163,-48.511833,3486.9402,0.0026993137,0.1875206,0.1875206,8.860696e-05,0.0003,-5793.399,0.003683864212036133,1094.6360721588135,270000,,,,,,,
-5875.6553,0.16716903,0.52164453,5875.8223,-5875.8223,1.6413873,0.23493043,3000.0,30.0,20,300.0,51.133873,6236.722,5844.1895,4238.5127,104.53933,-119.92878,3809.9897,0.029303562,0.38561183,0.38561183,8.810758e-05,0.0003,-5708.838,0.0037612922191619875,1113.4425404071808,275000,,,,,,,
-5794.8145,0.17156252,0.5938278,5794.986,-5794.986,1.2552332,0.23785065,3000.0,30.0,20,300.0,150.18814,6244.874,5755.1294,74.15279,307.404,-251.48595,8269.956,0.014831454,0.29855803,0.29855803,8.759914e-05,0.0003,-5555.059,0.0037572269916534423,1132.228679895401,280000,,,,,,,
-5874.8525,0.015530162,0.014433424,5874.868,-5874.868,0.4996435,0.23562704,3000.0,30.0,20,300.0,824.96686,6243.401,5874.8022,4578.7817,244.89232,-279.35226,17653.932,0.0023604173,0.117729515,0.117729515,8.708179e-05,0.0003,-5014.567,0.0037565391540527343,1151.0113801956177,285000,,,,,,,
-5886.9775,0.16493373,0.57588685,5887.1426,-5887.1426,0.4536379,0.22868238,3000.0,30.0,20,300.0,876.32153,6249.78,5849.0474,4156.573,2221.7468,-2696.0566,37744.168,0.03159228,0.103739,0.103739,8.655565e-05,0.0003,-4979.5347,0.003690285110473633,1169.4628098011017,290000,,,,,,,
-5893.576,0.14846691,0.5387199,5893.7246,-5893.7246,0.6318622,0.23774007,3000.0,30.0,20,300.0,34.460773,6251.9014,5863.3945,1.0536225,105.38356,-30.366108,2714.082,0.02352262,0.15021896,0.15021896,8.602091e-05,0.0003,-5814.0493,0.0037495569229125977,1188.210598707199,295000,,,,,,,
-5887.8315,0.16553508,0.5688058,5887.997,-5887.997,0.97242683,0.24857628,3000.0,30.0,20,300.0,50.46727,6253.719,5855.2324,19.864355,86.36086,-47.003834,3085.0146,0.01842228,0.24172227,0.24172227,8.547767e-05,0.0003,-5764.8477,0.0037492003440856934,1206.9566087722778,300000,,,,,,,
-5866.415,0.10596662,0.3242513,5866.521,-5866.521,0.88428193,0.23940895,3000.0,30.0,20,300.0,108.85962,6259.119,5840.8374,4490.9683,1444.7684,-159.58006,15269.215,0.0076131476,0.21170501,0.21170501,8.49261e-05,0.0003,-5694.044,0.00532160096168518,1233.5646178722382,305000,,,,,,,
-5904.802,0.16219392,0.54424304,5904.964,-5904.964,0.7635596,0.24357414,3000.0,30.0,20,300.0,43.993416,6256.642,5873.46,4650.2285,52.593956,-39.598953,3197.5376,0.012504712,0.18598337,0.18598337,8.436636e-05,0.0003,-5805.013,0.0036855721950531006,1251.9924833774567,310000,,,,,,,
-5925.9507,0.16275764,0.5187167,5926.1133,-5926.1133,0.9373721,0.21004127,3000.0,30.0,20,300.0,56.20462,6251.2485,5894.631,4561.1553,88.31739,-35.657825,2907.1968,0.040988874,0.19688682,0.19688682,8.3798586e-05,0.0003,-5810.68,0.0037481181144714357,1270.7330827713013,315000,,,,,,,
-5908.864,0.16363698,0.56251955,5909.0273,-5909.0273,0.82578903,0.20492029,3000.0,30.0,20,300.0,51.391254,6247.1377,5876.3916,4619.5757,31.483425,-35.299652,2948.137,0.023911882,0.16922092,0.16922092,8.322294e-05,0.0003,-5806.7065,0.0037395281314849854,1289.430727481842,320000,,,,,,,
-5880.864,0.16435635,0.5079608,5881.0283,-5881.0283,0.96980554,0.20723967,3000.0,30.0,20,300.0,96.737915,6248.155,5849.024,4474.16,96.10231,-132.14293,7186.5,0.0039992323,0.20098217,0.20098217,8.263957e-05,0.0003,-5723.8315,0.0037477581024169923,1308.16952586174,325000,,,,,,,
-5894.261,0.16010967,0.5752511,5894.4214,-5894.4214,1.3721905,0.21416023,3000.0,30.0,20,300.0,56.374805,6248.236,5861.034,4683.1113,84.34883,-38.782715,3896.3313,0.030002013,0.29386863,0.29386863,8.2048646e-05,0.0003,-5749.7256,0.0036827744960784914,1326.5834028720856,330000,,,,,,,
-5882.191,0.17233068,0.5700844,5882.3633,-5882.3633,0.72964764,0.20773983,3000.0,30.0,20,300.0,51.174625,6241.6704,5850.772,4544.6353,64.61367,-60.375816,4410.865,0.0078293905,0.15157688,0.15157688,8.1450344e-05,0.0003,-5785.543,0.003742815399169922,1345.2974834442139,335000,,,,,,,
-5881.1743,0.16796625,0.60714746,5881.3423,-5881.3423,1.00011,0.19480918,3000.0,30.0,20,300.0,47.748566,6238.174,5845.8223,4519.4995,33.738285,-35.007786,2834.0105,0.017363455,0.19483063,0.19483063,8.0844795e-05,0.0003,-5774.9766,0.0037457430362701416,1364.026202917099,340000,,,,,,,
-5875.434,0.16376758,0.5827604,5875.5977,-5875.5977,1.4486659,0.19989052,3000.0,30.0,20,300.0,37.631973,6236.97,5843.2515,29.181759,48.390053,-34.609306,2622.08,0.0062931804,0.28957456,0.28957456,8.0232174e-05,0.0003,-5750.9297,0.0037313854694366456,1382.6831345558167,345000,,,,,,,
-5879.9033,0.15838957,0.57775605,5880.0615,-5880.0615,1.0327791,0.18544292,3000.0,30.0,20,300.0,55.66626,6236.912,5844.55,4609.9224,52.420933,-59.08062,3776.4883,0.018471796,0.19152158,0.19152158,7.961267e-05,0.0003,-5766.781,0.0036846743583679197,1401.1065101623535,350000,,,,,,,
-5842.6855,0.1571211,0.61390567,5842.843,-5842.843,1.1591635,0.18775181,3000.0,30.0,20,300.0,49.84993,6233.6567,5807.8013,4335.4995,97.38379,-57.13783,3545.903,0.011415884,0.21763507,0.21763507,7.898643e-05,0.0003,-5727.545,0.003739250564575195,1419.802767276764,355000,,,,,,,
-5890.728,0.1878153,0.57836986,5890.916,-5890.916,1.1442095,0.17793272,3000.0,30.0,20,300.0,33.236595,6235.4707,5856.424,4650.867,46.287186,-37.86426,2750.8413,0.021358464,0.20359233,0.20359233,7.835362e-05,0.0003,-5796.4136,0.003736374855041504,1438.4846456050873,360000,,,,,,,
-5875.1055,0.16015923,0.5838444,5875.2656,-5875.2656,1.2299746,0.17236197,3000.0,30.0,20,300.0,37.797565,6233.601,5843.074,20.64647,46.25235,-43.284927,2566.546,0.0145339295,0.21200085,0.21200085,7.7714445e-05,0.0003,-5773.708,0.0037412155628204348,1457.1907269954681,365000,,,,,,,
-5879.2104,0.053492323,0.0800344,5879.264,-5879.264,2.7057822,0.17505112,3000.0,30.0,20,300.0,1164.6997,6241.664,5869.6655,4688.8467,419.13852,-343.49756,28230.49,0.00796588,0.47365022,0.47365022,7.706907e-05,0.0003,-4572.4155,0.0037002297401428222,1475.6918799877167,370000,,,,,,,
-5847.542,0.19850564,0.60782874,5847.7407,-5847.7407,1.4696002,0.1879488,3000.0,30.0,20,300.0,51.186283,6230.518,5811.153,4708.277,69.847404,-54.683224,3016.3672,0.011198911,0.2762096,0.2762096,7.641764e-05,0.0003,-5713.4927,0.0037331120014190674,1494.3574450016022,375000,,,,,,,
-5883.2446,0.16949305,0.560344,5883.414,-5883.414,0.700779,0.2029845,3000.0,30.0,20,300.0,360.91647,6227.2046,5846.3604,830.9048,1025.7947,-874.1305,21177.527,0.009720274,0.14224727,0.14224727,7.5760356e-05,0.0003,-5479.654,0.003740738010406494,1513.0611398220062,380000,,,,,,,
-5859.0034,0.20112507,0.61454666,5859.2046,-5859.2046,1.5828327,0.20624112,3000.0,30.0,20,300.0,69.59012,6225.0166,5826.625,4398.335,154.74207,-81.944695,6681.0566,0.029133907,0.32644516,0.32644516,7.50974e-05,0.0003,-5691.4795,0.0037410046577453612,1531.766167640686,385000,,,,,,,
-5884.917,0.1373756,0.46288532,5885.054,-5885.054,0.36534002,0.20687845,3000.0,30.0,20,300.0,68.59213,6225.6753,5855.699,4622.892,66.44298,-68.069084,5406.6426,0.03149289,0.075580984,0.075580984,7.442894e-05,0.0003,-5793.6504,0.003683449029922485,1550.1834168434143,390000,,,,,,,
-5914.954,0.15431386,0.4780546,5915.1084,-5915.1084,0.7785862,0.20199278,3000.0,30.0,20,300.0,45.769257,6224.5786,5886.621,-13.842831,48.495453,-40.794453,2555.642,0.018373223,0.15726879,0.15726879,7.375519e-05,0.0003,-5822.0044,0.0037425673484802247,1568.8962578773499,395000,,,,,,,
-5852.8066,0.16210371,0.5661248,5852.9688,-5852.9688,2.019496,0.19842362,3000.0,30.0,20,300.0,108.516075,6228.613,5819.5654,365.75146,107.04959,-83.5703,3848.5964,0.030009005,0.4007157,0.4007157,7.30763e-05,0.0003,-5624.0757,0.003731963872909546,1587.5560810565948,400000,,,,,,,
-5867.2954,0.17621244,0.5936099,5867.4717,-5867.4717,1.1367489,0.21284966,3000.0,30.0,20,300.0,37.255444,6236.905,5833.5693,-58.58713,34.663017,-81.63926,3068.7913,0.023268756,0.24195664,0.24195664,7.239246e-05,0.0003,-5757.453,0.005267364072799683,1613.892904996872,405000,,,,,,,
-5894.6772,0.14411762,0.49517688,5894.8213,-5894.8213,1.7157683,0.2024957,3000.0,30.0,20,300.0,36.00827,6243.868,5863.0977,4775.529,51.21252,-46.717823,3085.5894,0.030399095,0.34743568,0.34743568,7.170388e-05,0.0003,-5754.4385,0.0036736074447631835,1632.2609467506409,410000,,,,,,,
-5870.778,0.16381606,0.5952372,5870.9414,-5870.9414,1.5342506,0.19280021,3000.0,30.0,20,300.0,42.894135,6241.1177,5839.8823,-48.746227,124.74407,-43.02668,4156.908,0.016616601,0.29580384,0.29580384,7.101073e-05,0.0003,-5739.1426,0.0037402280807495116,1650.9620914459229,415000,,,,,,,
-5911.9365,0.14945644,0.5364332,5912.086,-5912.086,0.52301306,0.1901457,3000.0,30.0,20,300.0,44.359314,6244.6455,5881.793,4637.0947,65.55866,-80.50664,4331.3374,0.042277552,0.09944869,0.09944869,7.0313195e-05,0.0003,-5837.7427,0.003741787815093994,1669.6710348129272,420000,,,,,,,
-5893.75,0.17224187,0.53604627,5893.9224,-5893.9224,1.3809154,0.1747016,3000.0,30.0,20,300.0,73.69119,6239.132,5861.7637,4713.5283,90.60512,-145.86957,6587.673,0.0191813,0.24124812,0.24124812,6.961148e-05,0.0003,-5747.684,0.0036878071784973146,1688.1100749969482,425000,,,,,,,
-5867.6323,0.14379215,0.5274426,5867.776,-5867.776,0.99798805,0.18438588,3000.0,30.0,20,300.0,49.563126,6238.7837,5835.3037,4741.9995,50.050163,-41.018486,4035.7764,0.016739907,0.18401492,0.18401492,6.890576e-05,0.0003,-5762.8647,0.0037327350616455078,1706.7737548351288,430000,,,,,,,
-5841.1216,0.17147344,0.5413333,5841.293,-5841.293,2.092011,0.19817674,3000.0,30.0,20,300.0,200.55678,6242.3247,5809.362,4647.9897,130.18274,-98.448746,9776.37,0.018297788,0.4145879,0.4145879,6.8196256e-05,0.0003,-5516.1885,0.003733048391342163,1725.4390003681183,435000,,,,,,,
-5897.681,0.13202655,0.47371817,5897.813,-5897.813,0.8095509,0.2050966,3000.0,30.0,20,300.0,33.091553,6239.0786,5868.1978,4523.086,130.09367,-22.257347,3023.1484,0.0161075,0.16603613,0.16603613,6.748313e-05,0.0003,-5814.779,0.0037336920738220217,1744.1074650287628,440000,,,,,,,
-5929.177,0.14021316,0.46807617,5929.317,-5929.317,0.9457462,0.19303426,3000.0,30.0,20,300.0,49.054153,6241.8687,5901.428,4789.1367,52.55693,-228.82288,4335.7407,0.013262352,0.18256141,0.18256141,6.67666e-05,0.0003,-5825.354,0.003690691137313843,1762.560925245285,445000,,,,,,,
-5880.0957,0.15897152,0.49288127,5880.255,-5880.255,0.86115277,0.20021108,3000.0,30.0,20,300.0,28.045864,6242.511,5852.9023,3332.2107,46.32925,-93.64805,3117.2715,0.011672903,0.17241232,0.17241232,6.604685e-05,0.0003,-5800.326,0.003745751428604126,1781.2896869182587,450000,,,,,,,
-5882.9463,0.13456175,0.49650118,5883.081,-5883.081,1.2282281,0.19205515,3000.0,30.0,20,300.0,41.988274,6237.4526,5853.4043,4779.2266,50.956474,-88.51052,3300.2324,0.020796081,0.23588753,0.23588753,6.5324086e-05,0.0003,-5770.192,0.0037426337718963624,1800.002863407135,455000,,,,,,,
-5882.6934,0.16761127,0.5600213,5882.861,-5882.861,1.9831735,0.18424116,3000.0,30.0,20,300.0,58.666847,6237.639,5851.135,4673.7334,82.038284,-399.01065,5697.441,0.006956896,0.3653822,0.3653822,6.4598484e-05,0.0003,-5714.4116,0.0037341352462768557,1818.6735439300537,460000,,,,,,,
-5822.7397,0.17060937,0.5669197,5822.91,-5822.91,1.249804,0.20985456,3000.0,30.0,20,300.0,47.014565,6238.28,5792.8457,4563.9272,61.82582,-22.311333,2504.3645,0.014385125,0.26227707,0.26227707,6.387027e-05,0.0003,-5697.042,0.003692105436325073,1837.1340746879578,465000,,,,,,,
-5836.494,0.18730655,0.5867747,5836.6816,-5836.6816,0.7217447,0.22604589,3000.0,30.0,20,300.0,43.026924,6232.1084,5801.2085,-54.905174,39.148922,-114.86048,3837.163,0.032979406,0.16314742,0.16314742,6.3139625e-05,0.0003,-5744.523,0.003730921506881714,1855.7886860370636,470000,,,,,,,
-5888.3237,0.14636582,0.5157479,5888.47,-5888.47,1.5364978,0.21908627,3000.0,30.0,20,300.0,29.91796,6233.557,5859.2583,-10.118399,30.278904,-29.081749,2328.2354,0.023229135,0.33662558,0.33662558,6.2406754e-05,0.0003,-5757.418,0.0037419168949127195,1874.4982748031616,475000,,,,,,,
-5789.447,0.008444105,0.010644148,5789.455,-5789.455,0.35378447,0.22486638,3000.0,30.0,20,300.0,931.6113,6227.811,5789.0137,4466.7544,298.4426,-383.15042,17531.482,0.0015133707,0.07955424,0.07955424,6.167186e-05,0.0003,-4833.969,0.00373107008934021,1893.1536288261414,480000,,,,,,,
-5862.8394,0.17669573,0.58114165,5863.016,-5863.016,0.82496476,0.21956268,3000.0,30.0,20,300.0,105.97713,6229.734,5829.339,4587.4673,189.49826,-49.593002,5139.3086,0.016189948,0.18113147,0.18113147,6.093515e-05,0.0003,-5702.523,0.0036877485752105713,1911.5923759937286,485000,,,,,,,
-5902.6895,0.17562012,0.56664276,5902.865,-5902.865,0.9392473,0.21674712,3000.0,30.0,20,300.0,45.155853,6230.9214,5872.249,2982.0247,43.168434,-56.708233,2784.3523,0.018130753,0.20357916,0.20357916,6.0196806e-05,0.0003,-5796.46,0.00374585165977478,1930.3216381072998,490000,,,,,,,
-5884.732,0.12693521,0.45088515,5884.859,-5884.859,0.37507135,0.22057746,3000.0,30.0,20,300.0,100.27855,6224.422,5859.718,4448.6406,151.93916,-109.21657,7447.288,0.026386797,0.08273229,0.08273229,5.945705e-05,0.0003,-5759.634,0.0037447927474975585,1949.0456063747406,495000,,,,,,,
-5835.8833,0.012228141,0.011424872,5835.8955,-5835.8955,0.35890394,0.2324587,3000.0,30.0,20,300.0,189.80305,6218.641,5835.122,4493.505,55.893166,-92.17636,4453.343,0.0027845385,0.08343034,0.08343034,5.8716072e-05,0.0003,-5621.051,0.0037375320434570314,1967.7332701683044,500000,,,,,,,
-5809.6177,0.076905586,0.2444353,5809.695,-5809.695,0.79460585,0.22080155,3000.0,30.0,20,300.0,268.9751,6224.792,5789.1416,4054.4375,1835.2089,-299.12274,20909.928,0.012273246,0.17545019,0.17545019,5.7974077e-05,0.0003,-5488.0073,0.005429877281188965,1994.8826608657837,505000,,,,,,,
-5893.1387,0.13585773,0.50348294,5893.2744,-5893.2744,0.6948047,0.20573388,3000.0,30.0,20,300.0,30.617392,6226.345,5864.832,4498.962,151.72879,-23.384977,2636.005,0.018457126,0.14294487,0.14294487,5.7231267e-05,0.0003,-5819.638,0.0037405754089355468,2013.5855453014374,510000,,,,,,,
-5841.4736,0.14659753,0.46910685,5841.62,-5841.62,0.81806934,0.20793994,3000.0,30.0,20,300.0,67.37692,6226.0063,5812.0596,5.705882,72.18254,-370.3254,6227.784,0.017010529,0.17010929,0.17010929,5.6487854e-05,0.0003,-5723.064,0.0037486249923706053,2032.3286747932434,515000,,,,,,,
-5854.4385,0.14608097,0.55194116,5854.5845,-5854.5845,0.86297095,0.20278703,3000.0,30.0,20,300.0,35.32566,6220.9463,5823.026,-1.4535599,108.85615,-27.476936,2473.5674,0.016030682,0.17499931,0.17499931,5.574403e-05,0.0003,-5766.613,0.003745052146911621,2051.0539417266846,520000,,,,,,,
-5857.1016,0.14240001,0.5093175,5857.244,-5857.244,0.67595696,0.20633744,3000.0,30.0,20,300.0,28.962605,6219.7065,5826.2344,4596.967,28.090979,-34.855354,2788.6401,0.034111276,0.13947523,0.13947523,5.5000004e-05,0.0003,-5786.2964,0.003689764356613159,2069.502767562866,525000,,,,,,,
-5861.4053,0.15240149,0.53753614,5861.5576,-5861.5576,1.165035,0.20703045,3000.0,30.0,20,300.0,30.648733,6217.276,5830.2803,4529.2627,72.609924,-120.094604,2917.242,0.0149098355,0.24119772,0.24119772,5.4255972e-05,0.0003,-5758.397,0.0037458533763885496,2088.2320399284363,530000,,,,,,,
-5893.594,0.1520303,0.5464491,5893.746,-5893.746,0.7940961,0.20861053,3000.0,30.0,20,300.0,37.070858,6219.5317,5862.334,4608.37,42.92724,-55.006104,3482.4397,0.017845556,0.16565682,0.16565682,5.3512147e-05,0.0003,-5806.826,0.003748208236694336,2106.9730854034424,535000,,,,,,,
-5875.701,0.14753091,0.53770876,5875.8486,-5875.8486,2.0744517,0.19171554,3000.0,30.0,20,300.0,26.114815,6214.625,5847.993,4554.8604,33.97151,-91.60931,2915.3245,0.019682566,0.3977046,0.3977046,5.276873e-05,0.0003,-5730.275,0.003738238334655762,2125.664281606674,540000,,,,,,,
-5898.856,0.14319982,0.5375199,5898.999,-5898.999,0.62929505,0.19459033,3000.0,30.0,20,300.0,23.452234,6212.233,5869.2,4660.5884,33.001564,-35.601746,2470.7502,0.010274832,0.12245473,0.12245473,5.2025924e-05,0.0003,-5838.6675,0.00367809476852417,2144.0547597408295,545000,,,,,,,
-5824.7847,0.14348051,0.5335558,5824.928,-5824.928,0.7373671,0.19204567,3000.0,30.0,20,300.0,42.019814,6211.0635,5793.1665,4590.6523,36.178635,-82.92562,3407.4138,0.013777232,0.14160816,0.14160816,5.1283936e-05,0.0003,-5740.282,0.003734327507019043,2162.7264018058777,550000,,,,,,,
-5859.896,0.14477175,0.5235503,5860.0405,-5860.0405,1.212641,0.18717046,3000.0,30.0,20,300.0,25.08113,6205.776,5830.0723,4649.823,65.65876,-32.244473,1984.7415,0.030884694,0.22697057,0.22697057,5.0542945e-05,0.0003,-5766.7236,0.003742368459701538,2181.4382479190826,555000,,,,,,,
-5874.0,0.16518149,0.5308471,5874.165,-5874.165,1.0163043,0.18315156,3000.0,30.0,20,300.0,43.718487,6207.3784,5842.044,4742.856,65.23758,-68.517456,4473.2554,0.020565938,0.1861377,0.1861377,4.9803188e-05,0.0003,-5774.4404,0.003685780239105225,2199.8671526908875,560000,,,,,,,
-5867.2188,0.14753842,0.515934,5867.366,-5867.366,1.230419,0.1778625,3000.0,30.0,20,300.0,23.479435,6202.092,5839.587,4573.523,41.261997,-113.57945,2399.2693,0.011198036,0.2188454,0.2188454,4.9064853e-05,0.0003,-5778.0854,0.0037344786167144775,2218.5395498275757,565000,,,,,,,
-5845.3057,0.1788936,0.5388147,5845.4844,-5845.4844,1.3576103,0.1890499,3000.0,30.0,20,300.0,35.8283,6203.115,5812.0923,4703.77,37.10401,-63.076633,2439.474,0.0048142974,0.25665608,0.25665608,4.8328133e-05,0.0003,-5732.4805,0.0037306469440460204,2237.192789077759,570000,,,,,,,
-5838.6235,0.007532055,0.011467422,5838.631,-5838.631,0.25382975,0.19204584,3000.0,30.0,20,300.0,691.4796,6198.4365,5838.7266,4785.878,255.52747,-156.00255,13694.774,0.0013231406,0.048746943,0.048746943,4.7593247e-05,0.0003,-5132.52,0.003744222021102905,2255.9139037132263,575000,,,,,,,
-5940.011,0.15408154,0.46598515,5940.1655,-5940.1655,0.3632415,0.1997153,3000.0,30.0,20,300.0,17.451513,6199.962,5911.9497,4772.495,75.784424,-23.940569,2076.5513,0.007723923,0.07254488,0.07254488,4.686038e-05,0.0003,-5900.796,0.0036794559478759764,2274.311187982559,580000,,,,,,,
-5792.945,0.16935374,0.597137,5793.1143,-5793.1143,1.1495777,0.1769924,3000.0,30.0,20,300.0,26.804317,6193.473,5758.883,140.6052,21.938635,-120.00709,2566.2769,0.014132607,0.20346653,0.20346653,4.612974e-05,0.0003,-5705.1006,0.0037458299160003663,2293.0403447151184,585000,,,,,,,
-5878.131,0.13789767,0.5181619,5878.2686,-5878.2686,0.96998143,0.17350267,3000.0,30.0,20,300.0,30.1477,6195.4727,5848.073,4653.9717,38.972267,-20.005634,2178.903,0.009692656,0.16829436,0.16829436,4.540152e-05,0.0003,-5797.495,0.0037516072750091553,2311.7983849048615,590000,,,,,,,
-5829.2827,0.13868771,0.5620803,5829.4214,-5829.4214,1.4493617,0.18835792,3000.0,30.0,20,300.0,27.815193,6196.292,5796.9307,-2.946199,95.91054,-54.911125,2845.853,0.008539603,0.27299875,0.27299875,4.467592e-05,0.0003,-5719.568,0.0037546010971069334,2330.571394920349,595000,,,,,,,
-5843.551,0.0737188,0.21267764,5843.6245,-5843.6245,1.067309,0.19113927,3000.0,30.0,20,300.0,311.2301,6193.39,5826.592,4033.2485,1428.4169,-299.4444,18210.89,0.0058231237,0.20400465,0.20400465,4.3953154e-05,0.0003,-5471.1196,0.003686421966552734,2349.003509283066,600000,,,,,,,
-5864.2344,0.15468778,0.5193112,5864.389,-5864.389,0.80821645,0.20426588,3000.0,30.0,20,300.0,21.408,6202.45,5834.568,4833.067,124.940926,-31.089308,2275.0884,0.011884375,0.16509104,0.16509104,4.3233405e-05,0.0003,-5793.299,0.005049270057678222,2374.24986410141,605000,,,,,,,
-5800.082,0.1741601,0.59713095,5800.2563,-5800.2563,0.86099434,0.20000327,3000.0,30.0,20,300.0,30.496883,6201.3335,5768.6167,29.125793,50.538338,-19.091738,2239.7192,0.015181261,0.17220168,0.17220168,4.251687e-05,0.0003,-5717.9243,0.0037495614528656007,2392.997675180435,610000,,,,,,,
-5858.5464,0.15422717,0.47569162,5858.7007,-5858.7007,0.74441934,0.19229388,3000.0,30.0,20,300.0,20.064022,6202.8584,5832.418,4730.522,22.289537,-55.5046,2059.5688,0.0039722994,0.14314727,0.14314727,4.1803753e-05,0.0003,-5795.538,0.0037335301399230958,2411.6653299331665,615000,,,,,,,
-5842.3223,0.15993428,0.5397641,5842.4824,-5842.4824,0.7044206,0.186145,3000.0,30.0,20,300.0,32.859276,6195.34,5813.006,4417.5215,44.57593,-54.75071,3025.2014,0.011571645,0.13112436,0.13112436,4.1094238e-05,0.0003,-5770.1255,0.003685807704925537,2430.094372987747,620000,,,,,,,
-5847.077,0.17886311,0.5679791,5847.256,-5847.256,0.51585996,0.193647,3000.0,30.0,20,300.0,26.131271,6200.6255,5816.158,24.914232,84.87893,-19.610603,2227.572,0.0058938675,0.099894725,0.099894725,4.0388528e-05,0.0003,-5790.9775,0.0037555142879486083,2448.8719482421875,625000,,,,,,,
-5814.2935,0.16820474,0.59671855,5814.4614,-5814.4614,0.9305362,0.19813469,3000.0,30.0,20,300.0,23.54167,6199.077,5782.841,4619.3203,22.45205,-38.098473,2302.8723,0.032441467,0.18437152,0.18437152,3.9686805e-05,0.0003,-5735.4404,0.003731747245788574,2467.5306894779205,630000,,,,,,,
-5864.2686,0.16161257,0.53553236,5864.43,-5864.43,0.8597186,0.18695383,3000.0,30.0,20,300.0,23.697586,6198.866,5833.9604,4770.372,32.524246,-114.54539,2455.3228,0.015456693,0.16072768,0.16072768,3.8989278e-05,0.0003,-5792.3525,0.0037459753036499024,2486.2605702877045,635000,,,,,,,
-5850.4673,0.14946844,0.55924153,5850.6167,-5850.6167,0.9712792,0.1902567,3000.0,30.0,20,300.0,318.65692,6201.882,5802.088,-31.162056,634.6984,-630.47217,13799.736,0.031030757,0.18479237,0.18479237,3.8296123e-05,0.0003,-5476.373,0.0036876999378204346,2504.699074983597,640000,,,,,,,
-5878.9727,0.14932105,0.5488875,5879.122,-5879.122,1.6414565,0.18530175,3000.0,30.0,20,300.0,23.416351,6201.721,5847.625,4452.1455,65.889915,-40.47382,2145.6416,0.009766054,0.30416477,0.30416477,3.7607537e-05,0.0003,-5764.3066,0.003738471269607544,2523.3914363384247,645000,,,,,,,
-5884.075,0.14371994,0.5660429,5884.2188,-5884.2188,0.40852046,0.1896389,3000.0,30.0,20,300.0,45.931923,6201.636,5853.0034,4379.4497,101.428154,-91.31951,3039.0723,0.0052888812,0.07747137,0.07747137,3.692371e-05,0.0003,-5814.902,0.003732229661941528,2542.0525884628296,650000,,,,,,,
-5837.535,0.17918272,0.5775795,5837.7144,-5837.7144,1.3660433,0.19871722,3000.0,30.0,20,300.0,33.16638,6197.3804,5803.5566,4717.1274,98.78635,-36.877243,3221.5122,0.011206946,0.27145633,0.27145633,3.6244823e-05,0.0003,-5722.9316,0.0037419962882995605,2560.7625744342804,655000,,,,,,,
-5832.687,0.16247058,0.58489347,5832.8496,-5832.8496,0.51937103,0.20656116,3000.0,30.0,20,300.0,23.404953,6198.8965,5800.7944,4768.753,55.19636,-29.163055,2162.1768,0.0119101405,0.10728188,0.10728188,3.5571058e-05,0.0003,-5777.0977,0.0036948962688446046,2579.237060070038,660000,,,,,,,
-5912.625,0.15022114,0.520955,5912.7754,-5912.7754,1.4174631,0.21492112,3000.0,30.0,20,300.0,28.712175,6196.981,5884.3203,4722.9272,182.61751,-37.764942,3370.6436,0.012312487,0.30464274,0.30464274,3.490261e-05,0.0003,-5792.5195,0.0037350249767303468,2597.912189245224,665000,,,,,,,
-5853.7705,0.18597965,0.5842135,5853.9565,-5853.9565,1.2340059,0.21436238,3000.0,30.0,20,300.0,22.305012,6196.3525,5823.332,4686.1797,206.0429,-43.28427,3012.6855,0.020896351,0.26452446,0.26452446,3.4239645e-05,0.0003,-5752.108,0.003732684135437012,2616.575614452362,670000,,,,,,,
-5875.583,0.14834437,0.49667022,5875.7314,-5875.7314,1.1111114,0.22092043,3000.0,30.0,20,300.0,18.244781,6197.509,5848.956,4330.3745,32.4797,-307.8364,3459.2083,0.008843822,0.2454672,0.2454672,3.3582368e-05,0.0003,-5783.698,0.0037416411876678465,2635.2838258743286,675000,,,,,,,
-5892.599,0.14106393,0.48287052,5892.74,-5892.74,1.1248891,0.216939,3000.0,30.0,20,300.0,20.772663,6193.617,5866.162,4651.7515,178.89186,-31.017431,2690.4087,0.017331272,0.24403234,0.24403234,3.2930948e-05,0.0003,-5798.617,0.0036806201457977297,2653.686930656433,680000,,,,,,,
-5868.008,0.17459658,0.54977834,5868.1826,-5868.1826,0.6751995,0.21840434,3000.0,30.0,20,300.0,18.905281,6193.823,5838.6533,-4.4319725,35.626335,-118.41329,2236.0945,0.018085398,0.14746651,0.14746651,3.228555e-05,0.0003,-5804.863,0.0037373939990997316,2672.373904466629,685000,,,,,,,
-5876.2344,0.18082765,0.54563963,5876.415,-5876.415,0.68264425,0.21075487,3000.0,30.0,20,300.0,16.03175,6195.2495,5847.1177,4702.516,26.803612,-41.064003,2224.0908,0.022301368,0.1438706,0.1438706,3.1646374e-05,0.0003,-5817.0415,0.0037441712856292725,2691.0947654247284,690000,,,,,,,
-5885.6455,0.13811886,0.49910578,5885.7837,-5885.7837,0.81812966,0.19877474,3000.0,30.0,20,300.0,25.190224,6195.1245,5857.6484,69.13759,113.057,-46.642025,2981.8606,0.009328085,0.16262351,0.16262351,3.1013573e-05,0.0003,-5811.668,0.0036902177810668947,2709.54585814476,695000,,,,,,,
-5826.386,0.18640506,0.5590901,5826.5728,-5826.5728,0.67312855,0.19472156,3000.0,30.0,20,300.0,24.754562,6199.7583,5794.993,4680.0938,23.15184,-58.31875,2184.522,0.028410383,0.13107264,0.13107264,3.0387337e-05,0.0003,-5762.31,0.0037381871223449705,2728.2367985248566,700000,,,,,,,
-5849.2705,0.156645,0.52894,5849.4272,-5849.4272,1.5659356,0.18149972,3000.0,30.0,20,300.0,26.211582,6198.618,5820.3564,-125.13239,102.15628,-96.368454,2838.5444,0.01567088,0.28421688,0.28421688,2.9767822e-05,0.0003,-5737.794,0.005046129512786865,2753.4674503803253,705000,,,,,,,
-5872.2163,0.16557808,0.5386568,5872.382,-5872.382,1.082561,0.18426688,3000.0,30.0,20,300.0,21.83068,6203.3413,5842.9995,-17.77592,27.790562,-40.83261,2296.0498,0.02090597,0.19948015,0.19948015,2.9155208e-05,0.0003,-5790.5415,0.0037434093952178954,2772.184501886368,710000,,,,,,,
-5873.719,0.18821907,0.57853025,5873.907,-5873.907,1.4062306,0.17480452,3000.0,30.0,20,300.0,19.944656,6209.4873,5842.109,4625.9287,55.85038,-98.58566,2299.282,0.0161165,0.24581546,0.24581546,2.8549664e-05,0.0003,-5780.03,0.0036775886535644533,2790.572449207306,715000,,,,,,,
-5827.522,0.17029168,0.6011948,5827.6924,-5827.6924,1.558431,0.17660671,3000.0,30.0,20,300.0,27.364674,6212.0884,5796.95,-8.614032,42.38227,-40.935997,2532.3936,0.020354226,0.2752294,0.2752294,2.7951346e-05,0.0003,-5717.5884,0.0037552985191345216,2809.348945379257,720000,,,,,,,
-5864.0483,0.16552359,0.5503431,5864.214,-5864.214,1.1220893,0.17551517,3000.0,30.0,20,300.0,29.567022,6210.106,5833.673,4064.3882,97.356415,-55.676826,3162.2427,0.016022451,0.1969437,0.1969437,2.736043e-05,0.0003,-5775.3984,0.0037312468528747558,2828.0051844120026,725000,,,,,,,
-5885.1616,0.15780298,0.5147811,5885.3193,-5885.3193,0.43907624,0.17168024,3000.0,30.0,20,300.0,21.331001,6210.1987,5857.9404,4299.5503,19.63573,-24.725155,2074.8872,0.027138688,0.07538071,0.07538071,2.6777061e-05,0.0003,-5841.2163,0.0037339561462402344,2846.6749691963196,730000,,,,,,,
-5843.1553,0.17848164,0.6128759,5843.334,-5843.334,0.7424379,0.16509001,3000.0,30.0,20,300.0,28.430023,6207.116,5808.7954,3922.0505,112.280205,-56.074184,2534.8745,0.004948877,0.122569084,0.122569084,2.6201416e-05,0.0003,-5777.9546,0.0036871538162231445,2865.1107432842255,735000,,,,,,,
-5886.6226,0.16198142,0.53647,5886.7847,-5886.7847,1.0197462,0.16669026,3000.0,30.0,20,300.0,23.75383,6206.866,5855.673,4512.6523,33.04822,-45.62833,2301.982,0.024872433,0.16998175,0.16998175,2.5633639e-05,0.0003,-5811.874,0.0037354442596435546,2883.7879688739777,740000,,,,,,,
-5891.977,0.16928145,0.5595505,5892.1465,-5892.1465,2.0291276,0.17185166,3000.0,30.0,20,300.0,27.518291,6209.204,5858.684,4071.8264,102.60461,-44.504925,3285.1787,0.016935458,0.34870893,0.34870893,2.5073889e-05,0.0003,-5759.846,0.003745321750640869,2902.5145823955536,745000,,,,,,,
-5849.7944,0.17019787,0.5412936,5849.965,-5849.965,1.8099371,0.16465805,3000.0,30.0,20,300.0,18.306263,6211.04,5819.795,4608.6465,73.0302,-565.2816,4476.1724,0.025852617,0.29802072,0.29802072,2.4522331e-05,0.0003,-5742.082,0.003733412981033325,2921.1816515922546,750000,,,,,,,
-5872.206,0.16553006,0.5486586,5872.3716,-5872.3716,1.3711175,0.17800389,3000.0,30.0,20,300.0,24.471687,6212.0195,5841.7593,4650.793,94.874725,-35.414494,3011.0376,0.015111315,0.24406426,0.24406426,2.3979092e-05,0.0003,-5774.515,0.00369224157333374,2939.6428632736206,755000,,,,,,,
-5826.3438,0.19633882,0.5894637,5826.54,-5826.54,1.0448694,0.17802054,3000.0,30.0,20,300.0,19.567974,6212.3516,5795.298,4017.2043,34.11301,-54.751194,2023.6101,0.019802863,0.1860082,0.1860082,2.3444345e-05,0.0003,-5750.9736,0.0037324650287628176,2958.3051919937134,760000,,,,,,,
-5829.465,0.19450389,0.64620167,5829.659,-5829.659,1.159137,0.17198375,3000.0,30.0,20,300.0,16.865803,6212.737,5793.8213,4510.877,91.272804,-72.88251,2428.0474,0.01583031,0.19935273,0.19935273,2.2918219e-05,0.0003,-5752.7935,0.0037398117065429687,2977.004254579544,765000,,,,,,,
-5887.745,0.15811396,0.5059215,5887.9033,-5887.9033,1.036049,0.16516848,3000.0,30.0,20,300.0,15.226893,6211.904,5856.695,61.03125,159.79182,-21.336613,2015.9836,0.010415144,0.17112264,0.17112264,2.2400869e-05,0.0003,-5821.181,0.0037325160026550294,2995.6668388843536,770000,,,,,,,
-5889.8945,0.16976202,0.5632043,5890.0645,-5890.0645,1.0037261,0.18165383,3000.0,30.0,20,300.0,15.390548,6213.453,5861.0703,4618.8857,24.841293,-46.351402,2101.7776,0.026968589,0.1823307,0.1823307,2.1892429e-05,0.0003,-5819.8047,0.003679323673248291,3014.0634620189667,775000,,,,,,,
-5900.8604,0.17367224,0.5358991,5901.034,-5901.034,1.2864964,0.17808619,3000.0,30.0,20,300.0,15.343314,6213.9873,5871.302,4781.1777,42.86268,-42.893185,1934.9198,0.010076797,0.22910723,0.22910723,2.1393029e-05,0.0003,-5816.785,0.003749468231201172,3032.8108072280884,780000,,,,,,,
-5894.3237,0.16434622,0.55230415,5894.4883,-5894.4883,1.0189972,0.18214099,3000.0,30.0,20,300.0,16.317398,6211.1304,5864.7495,4264.265,57.602234,-48.14633,2443.0347,0.017323364,0.18560115,0.18560115,2.0902831e-05,0.0003,-5822.326,0.0037359622955322265,3051.490622282028,785000,,,,,,,
-5859.3965,0.1854026,0.5883436,5859.582,-5859.582,1.6356288,0.19141774,3000.0,30.0,20,300.0,6256.243,6205.0605,5815.2607,560.3134,11287.406,-7928.5454,179182.52,0.029091582,0.31308836,0.31308836,2.0421947e-05,0.0003,490.7732,0.003741407537460327,3070.197664499283,790000,,,,,,,
-5917.833,0.15204999,0.50104326,5917.985,-5917.985,0.5168652,0.19209243,3000.0,30.0,20,300.0,24.106434,6212.571,5889.1074,4472.919,23.772923,-34.125675,2201.841,0.009665309,0.09928589,0.09928589,1.9950523e-05,0.0003,-5863.941,0.0036879472732543944,3088.6374051570892,795000,,,,,,,
-5851.79,0.1896147,0.5737929,5851.9795,-5851.9795,1.2216998,0.19213586,3000.0,30.0,20,300.0,21.276081,6208.8013,5821.948,21.724152,43.701363,-94.10601,2547.1877,0.026961606,0.23473236,0.23473236,1.9488682e-05,0.0003,-5760.094,0.0037360581398010254,3107.317699432373,800000,,,,,,,
-5902.042,0.16083986,0.56321704,5902.2026,-5902.2026,0.6997722,0.20615926,3000.0,30.0,20,300.0,14.723677,6208.386,5874.0225,4781.373,38.02118,-57.321976,1737.252,0.026010333,0.14426452,0.14426452,1.9036543e-05,0.0003,-5844.039,0.005106380891799927,3132.8496079444885,805000,,,,,,,
-5908.879,0.1776363,0.5786946,5909.0566,-5909.0566,1.3205605,0.21405517,3000.0,30.0,20,300.0,17.748543,6207.598,5877.5977,4772.881,285.02548,-43.114716,3063.9795,0.023916148,0.2826728,0.2826728,1.859424e-05,0.0003,-5806.3286,0.0036793813705444335,3151.2465205192566,810000,,,,,,,
-5873.07,0.18928313,0.6001698,5873.2593,-5873.2593,0.72487843,0.21230666,3000.0,30.0,20,300.0,30.60705,6208.123,5839.758,4669.1826,67.72785,-71.89978,2840.1436,0.042005163,0.15389651,0.15389651,1.8161878e-05,0.0003,-5796.294,0.0037365896224975585,3169.9294724464417,815000,,,,,,,
-5866.7344,0.15653111,0.5163225,5866.891,-5866.891,0.441238,0.22068214,3000.0,30.0,20,300.0,23.659042,6220.322,5837.5283,4579.6343,116.61002,-105.08642,3856.6646,0.019991599,0.09737335,0.09737335,1.7739603e-05,0.0003,-5813.8633,0.003741119575500488,3188.6350774765015,820000,,,,,,,
-5882.2197,0.1706555,0.58171797,5882.3906,-5882.3906,1.0056401,0.22136107,3000.0,30.0,20,300.0,14.480412,6212.7534,5852.578,-4.34149,107.515434,-36.29278,2582.8105,0.01249187,0.22260958,0.22260958,1.7327511e-05,0.0003,-5800.9565,0.0037382487297058105,3207.3263256549835,825000,,,,,,,
-5892.358,0.18210213,0.56147885,5892.54,-5892.54,1.1679126,0.21662675,3000.0,30.0,20,300.0,15.765015,6224.969,5862.493,4828.0625,110.24556,-66.821976,2362.141,0.007996808,0.2530011,0.2530011,1.6925713e-05,0.0003,-5800.6924,0.003683947992324829,3225.746069908142,830000,,,,,,,
-5889.398,0.1517614,0.5114694,5889.55,-5889.55,0.5495763,0.20518938,3000.0,30.0,20,300.0,23.415558,6217.679,5861.246,3931.1082,32.28666,-111.35221,2783.216,0.022958955,0.11276721,0.11276721,1.653433e-05,0.0003,-5832.1523,0.003746431303024292,3244.478231906891,835000,,,,,,,
-5890.426,0.1517703,0.5548284,5890.5776,-5890.5776,0.8502016,0.21239233,3000.0,30.0,20,300.0,22.15867,6224.0757,5862.5337,-2.7760203,66.00741,-80.28302,2300.142,0.013814147,0.1805763,0.1805763,1.6153459e-05,0.0003,-5814.094,0.0037494429111480715,3263.2254509925842,840000,,,,,,,
-5878.3516,0.16577968,0.5943547,5878.5176,-5878.5176,0.8803145,0.20690079,3000.0,30.0,20,300.0,14.869017,6219.4097,5846.5225,4547.226,69.346664,-88.20932,2436.9595,0.038306877,0.18213777,0.18213777,1.5783213e-05,0.0003,-5808.8413,0.003735498571395874,3281.902948141098,845000,,,,,,,
-5869.039,0.15563673,0.5593135,5869.195,-5869.195,0.72477186,0.20187703,3000.0,30.0,20,300.0,16.823538,6220.835,5840.893,4555.594,146.14053,-43.26497,2313.6213,0.03810694,0.14631478,0.14631478,1.542368e-05,0.0003,-5808.321,0.0036861043930053712,3300.333474636078,850000,,,,,,,
-5906.672,0.15758637,0.55645925,5906.8296,-5906.8296,0.61216336,0.20906329,3000.0,30.0,20,300.0,24.108246,6217.6733,5878.8438,4381.1294,42.350536,-218.24414,2485.5977,0.022606492,0.12798089,0.12798089,1.5074969e-05,0.0003,-5844.1694,0.0037376895427703857,3319.0219264030457,855000,,,,,,,
-5854.1016,0.17478561,0.5777815,5854.2764,-5854.2764,0.7026429,0.19789203,3000.0,30.0,20,300.0,20.786907,6220.312,5821.8267,4268.1763,45.31443,-25.764006,2386.5544,0.0013668354,0.13904743,0.13904743,1.4737181e-05,0.0003,-5791.6,0.003738394832611084,3337.7139043807983,860000,,,,,,,
-5848.777,0.16151313,0.5737722,5848.9385,-5848.9385,1.4294486,0.18949267,3000.0,30.0,20,300.0,15.610531,6228.385,5820.2207,4375.511,192.34798,-31.550251,2989.932,0.016462758,0.27087003,0.27087003,1.4410394e-05,0.0003,-5751.9053,0.003696133470535278,3356.194575548172,865000,,,,,,,
-5870.626,0.1554209,0.5834894,5870.7812,-5870.7812,1.0859578,0.18620625,3000.0,30.0,20,300.0,17.046331,6227.2197,5841.0312,-19.086157,26.926247,-140.96936,2282.4277,0.021466447,0.20221213,0.20221213,1.4094706e-05,0.0003,-5792.916,0.003744682741165161,3374.9179928302765,870000,,,,,,,
-5864.4473,0.1658393,0.52058417,5864.6133,-5864.6133,1.3332088,0.19558153,3000.0,30.0,20,300.0,23.417023,6218.974,5837.1943,3850.2998,109.773224,-46.70359,3807.6492,0.03092811,0.260751,0.260751,1.37902e-05,0.0003,-5762.805,0.0037356974601745604,3393.596484184265,875000,,,,,,,
-5898.153,0.18070433,0.5665237,5898.3335,-5898.3335,1.5920494,0.18649635,3000.0,30.0,20,300.0,15.8647175,6218.466,5867.728,4651.592,190.26314,-54.116802,3473.6484,0.025997406,0.2969114,0.2969114,1.3496962e-05,0.0003,-5793.215,0.0037666425228118894,3412.4297013282776,880000,,,,,,,
-5883.1865,0.18069698,0.5918664,5883.367,-5883.367,0.62294775,0.18846364,3000.0,30.0,20,300.0,19.16224,6228.25,5852.9697,4072.0603,152.38542,-35.41714,2576.3599,0.036939226,0.117403,0.117403,1.3215067e-05,0.0003,-5828.8037,0.0036853864192962645,3430.856637954712,885000,,,,,,,
-5902.5884,0.1496506,0.51596045,5902.738,-5902.738,0.5885698,0.18339159,3000.0,30.0,20,300.0,18.507965,6234.4067,5874.2593,4706.147,26.207752,-105.920975,2384.0251,0.017798657,0.10793875,0.10793875,1.2944596e-05,0.0003,-5851.6987,0.0037516932964324953,3449.615109205246,890000,,,,,,,
-5892.5225,0.15336743,0.5377385,5892.676,-5892.676,0.9406442,0.1699769,3000.0,30.0,20,300.0,15.853769,6218.4033,5863.9688,79.81441,48.454693,-44.702156,1920.9016,0.004786484,0.15988779,0.15988779,1.26856285e-05,0.0003,-5828.702,0.003738380765914917,3468.3070170879364,895000,,,,,,,
-5893.206,0.16501836,0.56225216,5893.371,-5893.371,1.2912843,0.17309184,3000.0,30.0,20,300.0,16.035797,6230.8423,5862.8164,-1.9664549,146.00772,-41.471622,2919.4775,0.012180093,0.22351077,0.22351077,1.2438221e-05,0.0003,-5810.117,0.0036826141834259032,3486.7200922966003,900000,,,,,,,
-5897.0376,0.18418707,0.5798961,5897.2217,-5897.2217,1.1186149,0.18175124,3000.0,30.0,20,300.0,13.0522,6215.924,5864.9165,4372.388,45.73238,-25.651688,1931.592,0.022183638,0.20330963,0.20330963,1.22024585e-05,0.0003,-5822.9927,0.005083521127700805,3512.137705564499,905000,,,,,,,
-5865.539,0.18252987,0.6305043,5865.7217,-5865.7217,1.0143666,0.18133289,3000.0,30.0,20,300.0,25.006983,6213.1353,5831.2007,4848.4004,49.352837,-314.7468,3979.793,0.02408972,0.18393803,0.18393803,1.1978389e-05,0.0003,-5785.3506,0.0037489476680755613,3530.8824486732483,910000,,,,,,,
-5880.156,0.17819206,0.59401906,5880.334,-5880.334,0.9448568,0.18554036,3000.0,30.0,20,300.0,19.166697,6215.1396,5850.2744,4652.616,91.57479,-47.14658,2570.1833,0.0152474325,0.17530908,0.17530908,1.1766084e-05,0.0003,-5808.3965,0.003769133186340332,3549.7281188964844,915000,,,,,,,
-5853.0654,0.16606545,0.55764997,5853.2314,-5853.2314,1.4065334,0.19143279,3000.0,30.0,20,300.0,15.827951,6223.0103,5822.0903,4748.153,107.4356,-24.116995,2925.4736,0.027842939,0.26925662,0.26925662,1.1565597e-05,0.0003,-5756.4604,0.003685286474227905,3568.154555797577,920000,,,,,,,
-5934.3965,0.15995292,0.5381238,5934.5566,-5934.5566,1.4495683,0.19694965,3000.0,30.0,20,300.0,13.826682,6224.7373,5907.2783,4521.023,74.08522,-72.47287,2581.5627,0.0123550575,0.28549197,0.28549197,1.1376989e-05,0.0003,-5834.9224,0.003738153028488159,3586.8453245162964,925000,,,,,,,
-5898.108,0.18013577,0.58784866,5898.288,-5898.288,0.6435545,0.2040226,3000.0,30.0,20,300.0,11.689926,6210.5825,5866.56,4581.372,21.92897,-38.140347,2105.9414,0.017984662,0.13129966,0.13129966,1.1200302e-05,0.0003,-5847.028,0.0037366958618164064,3605.528807401657,930000,,,,,,,
-5918.334,0.16597798,0.52344805,5918.5,-5918.5,1.5536331,0.21540236,3000.0,30.0,20,300.0,21.50694,6221.7437,5891.4434,4193.7974,87.392204,-41.262596,3122.8203,0.0016178337,0.33465624,0.33465624,1.103559e-05,0.0003,-5796.43,0.003737544822692871,3624.2165350914,935000,,,,,,,
-5893.8677,0.14941919,0.5380079,5894.017,-5894.017,0.7477112,0.22179468,3000.0,30.0,20,300.0,14.692794,6221.228,5866.6035,4484.345,26.297024,-115.71756,2053.6697,0.051092815,0.16583836,0.16583836,1.0882903e-05,0.0003,-5829.4233,0.003689174032211304,3642.662409543991,940000,,,,,,,
-5850.8228,0.1572355,0.5466532,5850.98,-5850.98,1.2794133,0.22165345,3000.0,30.0,20,300.0,25.218962,6208.744,5820.3047,35.438904,162.77707,-22.672935,2643.3171,0.012989802,0.28358638,0.28358638,1.0742272e-05,0.0003,-5740.5283,0.003737794542312622,3661.351387500763,945000,,,,,,,
-5889.661,0.16854224,0.57365406,5889.8296,-5889.8296,0.5093579,0.222212,3000.0,30.0,20,300.0,15.26951,6208.3506,5859.0967,4786.7803,25.99071,-23.440624,2020.5148,0.0051414385,0.11318545,0.11318545,1.061374e-05,0.0003,-5840.436,0.0037365379333496093,3680.0340809822083,950000,,,,,,,
-5879.2646,0.16377556,0.58357435,5879.428,-5879.428,1.4021653,0.21443713,3000.0,30.0,20,300.0,11.63859,6208.578,5849.996,4546.9814,143.64804,-88.52399,2997.9824,0.029336547,0.3006763,0.3006763,1.0497346e-05,0.0003,-5777.423,0.0036871912002563478,3698.4700412750244,955000,,,,,,,
-5877.982,0.14966309,0.5364009,5878.132,-5878.132,0.5634617,0.20917793,3000.0,30.0,20,300.0,12.024327,6207.7983,5849.13,4513.597,61.586487,-52.030754,2658.5225,0.016282577,0.11786376,0.11786376,1.0393118e-05,0.0003,-5830.5986,0.0037436612129211426,3717.1883521080017,960000,,,,,,,
-5869.291,0.15843958,0.5456333,5869.449,-5869.449,0.41156253,0.2006479,3000.0,30.0,20,300.0,26.820234,6218.84,5836.6636,4740.389,83.99187,-246.78394,3387.9197,0.010178234,0.08257916,0.08257916,1.0301083e-05,0.0003,-5817.697,0.0037338268280029297,3735.8574912548065,965000,,,,,,,
-5873.512,0.1799489,0.5901705,5873.6924,-5873.6924,1.3044214,0.2057124,3000.0,30.0,20,300.0,13.351515,6209.5103,5841.1016,4770.272,66.150406,-49.577305,2631.2334,0.04014661,0.26833564,0.26833564,1.0221269e-05,0.0003,-5779.66,0.0037479423999786377,3754.5972080230713,970000,,,,,,,
-5825.834,0.17810461,0.5879399,5826.012,-5826.012,0.9092991,0.20644961,3000.0,30.0,20,300.0,31.023705,6219.6855,5793.117,2618.9365,119.08545,-22.721642,2943.893,0.01650547,0.18772443,0.18772443,1.0153698e-05,0.0003,-5738.4927,0.0036874817848205565,3773.0346212387085,975000,,,,,,,
-5859.8916,0.16814512,0.5256411,5860.0596,-5860.0596,0.5618845,0.20224297,3000.0,30.0,20,300.0,30.753067,6209.536,5828.6543,280.83984,80.36765,-141.50345,3781.5073,0.011633484,0.113637194,0.113637194,1.0098386e-05,0.0003,-5795.0474,0.0037448349475860594,3791.758800268173,980000,,,,,,,
-5879.353,0.15964322,0.5325367,5879.5127,-5879.5127,0.432075,0.20380874,3000.0,30.0,20,300.0,22.374378,6213.1577,5850.9355,4663.5586,44.4193,-110.95781,2368.4126,0.031418912,0.08806066,0.08806066,1.005535e-05,0.0003,-5830.5605,0.00373639235496521,3810.4407663345337,985000,,,,,,,
-5922.1875,0.16253117,0.55839175,5922.35,-5922.35,0.68116754,0.20400925,3000.0,30.0,20,300.0,10.898258,6220.8755,5892.3403,4609.561,134.3106,-178.96753,2465.272,0.010193693,0.13896447,0.13896447,1.0024603e-05,0.0003,-5869.5996,0.003750138807296753,3829.1914660930634,990000,,,,,,,
-5874.293,0.17577806,0.57428735,5874.4688,-5874.4688,0.88610005,0.1971069,3000.0,30.0,20,300.0,15.336069,6212.4756,5845.1074,4712.9004,30.053562,-40.808674,2625.8013,0.008329794,0.17465644,0.17465644,1.000615e-05,0.0003,-5806.56,0.003676386833190918,3847.5734050273895,995000,,,,,,,
-5879.767,0.16364539,0.5274775,5879.9307,-5879.9307,1.474366,0.20154606,3000.0,30.0,20,300.0,9.912061,6210.3647,5851.17,4321.6953,74.40798,-147.49815,2409.2703,0.008995848,0.29715264,0.29715264,1e-05,0.0003,-5780.709,0.003741306209564209,3866.279940366745,1000000,,,,,,,
-5828.9185,0.16074938,0.48237127,5829.079,-5829.079,1.2300757,0.20228918,3000.0,30.0,20,300.0,58.51177,6215.1963,5802.211,14.622187,176.47897,-35.63399,3463.0527,0.010587223,0.248831,0.248831,1e-05,0.0003,-5695.7573,0.008274100160598754,3907.6504452228546,1005000,0.0,4957.0,0.007109170276206091,-3.5698657015071875,100.0,0.6725234985351562,-3.3494484128860336
-5806.434,0.16606158,0.41568136,5806.6,-5806.6,1.5219487,0.21310806,3000.0,30.0,20,300.0,87.58222,6213.9717,5778.197,3891.6658,88.37929,-42.0586,4070.675,0.007958058,0.3243395,0.3243395,1e-05,0.0003,-5621.5503,0.006825714635848999,3941.7790229320526,1010000,0.0,9966.0,0.7688626601413043,228.71142744896406,100.0,0.642864465713501,4.443734419728627
-5768.9634,0.15989728,0.34768495,5769.123,-5769.123,1.1619787,0.20948847,3000.0,30.0,20,300.0,291.2489,6208.4785,5745.757,112.98504,312.8758,-172.97578,8882.046,0.020097537,0.24342114,0.24342114,1e-05,0.0003,-5404.688,0.006743581771850586,3975.4969363212585,1015000,1.0,14972.0,60.944847697464084,4197.803579092672,100.0,0.6791374683380127,137.6092614310569
-5711.531,0.16394648,0.33617768,5711.695,-5711.695,1.5156486,0.21452098,3000.0,30.0,20,300.0,2314.6646,6217.84,5684.2637,1494.605,4345.1416,-4343.6665,83189.87,0.011929207,0.32513842,0.32513842,1e-05,0.0003,-3299.3247,0.006781561231613159,4009.40474653244,1020000,1.0,19957.0,60.96009234924024,5015.426499154715,100.0,0.641791820526123,165.04102236951564
-5697.0103,0.16929978,0.34296843,5697.1797,-5697.1797,0.5150598,0.22791524,3000.0,30.0,20,300.0,358.4497,6220.207,5668.5757,3138.6938,152.48174,-161.08936,10182.109,0.0057303393,0.11738998,0.11738998,1e-05,0.0003,-5303.3438,0.006738142061233521,4043.0954616069794,1025000,0.0,24982.0,0.8141074785904598,49.57397606194621,100.0,0.6493849754333496,-1.5664392446796065
-5698.819,0.17706849,0.33323202,5698.996,-5698.996,0.6644192,0.22455469,3000.0,30.0,20,300.0,308.75073,6222.75,5669.783,211.28722,229.72495,-221.43195,8868.792,0.018563662,0.14919843,0.14919843,1e-05,0.0003,-5345.3086,0.006667179012298584,4076.431360721588,1030000,0.0,29929.0,-4.212980721530299,1019.1845424539584,70.0,0.43776559829711914,30.964602398148784
-5706.728,0.14654459,0.29496267,5706.8745,-5706.8745,0.8779378,0.24146679,3000.0,30.0,20,300.0,578.9298,6223.8477,5680.3467,-22.705004,363.85162,-281.4016,14977.292,0.011478512,0.21199283,0.21199283,1e-05,0.0003,-5064.2007,0.006774659109115601,4110.304660558701,1035000,1.0,34960.0,60.95397187534708,4608.078604145366,100.0,0.6385891437530518,151.37424542320284
-5769.0854,0.14723605,0.3133216,5769.233,-5769.233,1.4438869,0.24354146,3000.0,30.0,20,300.0,548.2672,6225.6274,5740.5312,-17.855066,2235.9287,-2773.5925,38446.9,0.011352061,0.3516463,0.3516463,1e-05,0.0003,-5115.3247,0.006734720849990845,4143.978269338608,1040000,1.0,39918.0,60.963329600995436,4352.744757802371,100.0,0.646517276763916,142.80763499617777
-5695.08,0.14649433,0.31706047,5695.2266,-5695.2266,1.2818308,0.25304723,3000.0,30.0,20,300.0,503.85406,6227.432,5666.957,3.9409108,858.15845,-473.9195,25249.414,0.01982794,0.32436374,0.32436374,1e-05,0.0003,-5093.917,0.006678414821624756,4177.370347499847,1045000,1.0,44992.0,60.94501482614676,5271.4757013044255,100.0,0.6447083950042725,173.63163343178988
-5666.391,0.14955467,0.3396717,5666.5405,-5666.5405,1.1969551,0.24556069,3000.0,30.0,20,300.0,1153.281,6232.0845,5635.54,-9.467495,2372.6892,-2166.408,84333.43,0.0076126903,0.2939251,0.2939251,1e-05,0.0003,-4424.9326,0.006757139110565185,4211.156046628952,1050000,1.0,49950.0,60.93497826059527,2535.4384928649497,100.0,0.6428928375244141,81.83587186612283
-5653.508,0.15658842,0.30603954,5653.6646,-5653.6646,1.207702,0.25311553,3000.0,30.0,20,300.0,472.5965,6226.585,5628.4565,-12.815029,422.6984,-166.62486,12350.508,0.0244093,0.30568814,0.30568814,1e-05,0.0003,-5089.2046,0.006770117330551147,4245.006637811661,1055000,1.0,54923.0,60.91933868849438,5510.136064350958,100.0,0.6614570617675781,181.63883805379515
-5682.0522,0.16631721,0.32532546,5682.2188,-5682.2188,1.3480297,0.24791859,3000.0,30.0,20,300.0,563.45667,6220.7017,5654.296,9.247594,245.31157,-309.19046,14003.928,0.02823115,0.33420163,0.33420163,1e-05,0.0003,-5018.3354,0.006797283029556274,4278.993057489395,1060000,1.0,59925.0,60.953617408994674,1330.879611162568,100.0,0.647209882736206,41.42216712720778
-5685.098,0.15487126,0.30509406,5685.253,-5685.253,1.8801674,0.24639104,3000.0,30.0,20,300.0,397.42725,6229.156,5657.872,-23.371202,221.41684,-326.0833,11567.043,0.022951601,0.46325642,0.46325642,1e-05,0.0003,-5148.694,0.0067540555477142335,4312.763339757919,1065000,1.0,64925.0,60.94444449162146,5199.885494919451,100.0,0.6493985652923584,171.22973717998406
-5758.393,0.15134051,0.32342133,5758.5444,-5758.5444,1.1657385,0.25213298,3000.0,30.0,20,300.0,473.85855,6231.677,5730.7715,3908.0042,566.1802,-375.2326,13640.314,0.03154084,0.2939211,0.2939211,1e-05,0.0003,-5196.3584,0.0068412738800048825,4346.96971321106,1070000,1.0,69916.0,60.913128915210415,1308.3026803039108,100.0,0.6572220325469971,40.664696959918686
-5673.6553,0.15929152,0.3022947,5673.8145,-5673.8145,0.9349533,0.25744447,3000.0,30.0,20,300.0,307.05933,6234.0044,5646.794,-6.9195166,153.3363,-116.97853,8090.1646,0.025871899,0.24069856,0.24069856,1e-05,0.0003,-5294.386,0.006759281873703003,4380.766127109528,1075000,0.0,74916.0,0.053559959843366686,1785.9295989868378,100.0,0.6404726505279541,56.68937915704755
-5721.256,0.1359389,0.30216026,5721.3916,-5721.3916,0.5796031,0.25659975,3000.0,30.0,20,300.0,277.24365,6240.0713,5699.3535,-30.238716,290.96164,-236.86073,7814.795,0.018623786,0.14872602,0.14872602,1e-05,0.0003,-5399.3945,0.006815283250808716,4414.842547416687,1080000,1.0,80000.0,60.90235366530249,4817.571071204905,100.0,1.0426759719848633,158.4028488708033
-5798.5107,0.13431966,0.28800774,5798.645,-5798.645,1.3759129,0.24906206,3000.0,30.0,20,300.0,390.8187,6247.8286,5774.468,3886.4006,1954.1855,-1700.2964,39059.492,0.0123458905,0.34268773,0.34268773,1e-05,0.0003,-5304.8857,0.0067702939510345455,4448.694020986557,1085000,0.0,84928.0,-5.112938457812478,196.46577252496084,91.0,0.6082963943481445,3.3618725057889236
-5688.131,0.15424182,0.3023135,5688.285,-5688.285,1.5247797,0.25126567,3000.0,30.0,20,300.0,507.3352,6256.7695,5660.281,7.759358,380.2692,-225.16307,13075.887,0.0144043155,0.38312483,0.38312483,1e-05,0.0003,-5065.8584,0.006838659191131592,4482.887321233749,1090000,1.0,89981.0,60.939098244465825,4952.199293095862,100.0,0.6497046947479248,162.91971001530533
-5792.6553,0.14148344,0.30965847,5792.797,-5792.797,1.6717921,0.25952202,3000.0,30.0,20,300.0,321.38434,6262.699,5768.2305,73.94584,190.91861,-175.0522,10155.451,0.03435548,0.43386686,0.43386686,1e-05,0.0003,-5341.111,0.006770668649673462,4516.7406685352325,1095000,1.0,94981.0,60.89736192307532,4115.6112518681,100.0,0.6420116424560547,134.8516573863599
-5720.891,0.15166637,0.32423013,5721.043,-5721.043,0.8106662,0.27057302,3000.0,30.0,20,300.0,505.59293,6264.9644,5693.573,161.93896,336.53748,-304.39682,12978.232,0.022611398,0.2193444,0.2193444,1e-05,0.0003,-5149.495,0.006713008308410645,4550.305714607239,1100000,1.0,99965.0,60.95907491103881,5321.55119973911,100.0,0.6479752063751221,175.3116977600137
-5793.8447,0.14332432,0.3279444,5793.9883,-5793.9883,0.6994052,0.2685041,3000.0,30.0,20,300.0,392.26736,6271.533,5767.4297,58.634315,607.8896,-813.2085,20836.244,0.014242187,0.18779318,0.18779318,1e-05,0.0003,-5345.2393,0.0085643536567688,4593.127486944199,1105000,1.0,104965.0,60.907810266692124,4655.550859130129,100.0,0.6557884216308594,152.96696930361065
-5707.895,0.14696783,0.30460888,5708.042,-5708.042,1.2815253,0.2765601,3000.0,30.0,20,300.0,429.50336,6276.587,5685.065,203.75993,207.16466,-232.14476,10509.803,0.016499914,0.35441875,0.35441875,1e-05,0.0003,-5172.066,0.0068029642581939696,4627.142312288284,1110000,1.0,109925.0,60.948771003949865,5320.763990423906,100.0,0.6563622951507568,175.28528639456226
-5816.8657,0.13715248,0.30946225,5817.003,-5817.003,0.4691769,0.28686878,3000.0,30.0,20,300.0,284.65207,6280.543,5792.9443,9.306405,141.84094,-286.70105,8760.514,0.011042943,0.1345922,0.1345922,1e-05,0.0003,-5491.8364,0.006658426713943482,4660.434450387955,1115000,1.0,114947.0,60.93592613818911,4817.205323825074,100.0,0.6576776504516602,158.39057781719018
-5813.6284,0.1477809,0.33089158,5813.7764,-5813.7764,1.018745,0.3059792,3000.0,30.0,20,300.0,316.1808,6285.7295,5789.376,-45.237198,382.67474,-723.52576,14620.276,0.028190106,0.31171477,0.31171477,1e-05,0.0003,-5403.933,0.00670497784614563,4693.95934844017,1120000,1.0,119909.0,60.9672650024492,5292.937207564743,100.0,0.6454141139984131,174.35168040536004
-5777.523,0.15554136,0.3366962,5777.6787,-5777.6787,0.8385052,0.31795058,3000.0,30.0,20,300.0,409.4744,6287.145,5749.2,3462.5588,173.7891,-131.94527,9598.478,0.01968565,0.26660323,0.26660323,1e-05,0.0003,-5288.0674,0.0068157176971435545,4728.03794169426,1125000,1.0,124987.0,60.95036119680765,5260.381042220717,100.0,0.7028985023498535,173.25940067239648
-5706.0913,0.13601816,0.30766365,5706.2275,-5706.2275,1.0870697,0.30967718,3000.0,30.0,20,300.0,240.71527,6284.434,5683.666,-43.72799,130.03413,-93.70022,7205.936,0.015732838,0.3366407,0.3366407,1e-05,0.0003,-5364.384,0.006831598711013794,4762.1959393024445,1130000,1.0,129987.0,60.935173718663734,4903.619082841245,100.0,0.6704723834991455,161.2898135418263
-5761.7275,0.14624995,0.28891778,5761.874,-5761.874,1.1778526,0.29643264,3000.0,30.0,20,300.0,767.01984,6290.223,5737.7764,-12.281,369.75458,-376.9463,18842.996,0.023448726,0.34915397,0.34915397,1e-05,0.0003,-4889.9614,0.006830269002914429,4796.347288370132,1135000,1.0,134987.0,60.95566038102233,5332.880794654105,100.0,0.6515240669250488,175.69181276365634
-5721.4385,0.13860244,0.3002547,5721.577,-5721.577,0.99452883,0.29088992,3000.0,30.0,20,300.0,330.19116,6291.889,5698.1523,-37.49356,208.74612,-211.94818,11546.913,0.019978728,0.28929842,0.28929842,1e-05,0.0003,-5304.4575,0.006721942567825317,4829.9570055007935,1140000,1.0,139987.0,60.93851009254858,4225.018528050971,100.0,0.6477992534637451,138.52234000977356
-5744.919,0.16280036,0.33207643,5745.0815,-5745.0815,1.4505556,0.29564518,3000.0,30.0,20,300.0,281.3342,6303.1353,5719.9385,-15.053315,214.62642,-140.08896,7160.928,0.023007937,0.42884976,0.42884976,1e-05,0.0003,-5334.93,0.006858648777008057,4864.250253200531,1145000,1.0,144948.0,60.95056720506022,3945.250790134416,100.0,0.6748626232147217,129.13595722070255
-5758.6646,0.14019097,0.2837618,5758.8047,-5758.8047,1.2372935,0.29386517,3000.0,30.0,20,300.0,340.06635,6309.3643,5734.3877,189.692,224.03824,-382.5774,10368.642,0.019136576,0.36359748,0.36359748,1e-05,0.0003,-5309.519,0.006752795124053955,4898.014233589172,1150000,1.0,149948.0,60.92703486931212,4851.751481226094,100.0,0.6507925987243652,159.54962302973786
-5795.0156,0.15961565,0.3177228,5795.1753,-5795.1753,1.1846521,0.29348096,3000.0,30.0,20,300.0,385.5084,6308.3765,5770.9297,34.320164,244.57227,-144.04971,10919.533,0.030589294,0.34767282,0.34767282,1e-05,0.0003,-5305.2056,0.006695243644714356,4931.490455627441,1155000,1.0,154973.0,60.918973588178716,5196.393000219757,100.0,0.6687853336334229,171.11256179591632
-5717.6553,0.16102354,0.29408514,5717.8164,-5717.8164,1.4753373,0.28026283,3000.0,30.0,20,300.0,346.10254,6309.8364,5695.3037,-10.176666,338.22693,-172.94766,10732.483,0.014021235,0.4134822,0.4134822,1e-05,0.0003,-5247.5083,0.0067279622077941895,4965.130271196365,1160000,1.0,159959.0,60.966385588158815,4832.169089687275,100.0,0.6431593894958496,158.89262153171794
-5770.155,0.1604405,0.36017478,5770.3154,-5770.3154,0.92659205,0.2872166,3000.0,30.0,20,300.0,281.99854,6310.316,5743.277,14.785929,133.01372,-257.75183,8340.68,0.028254922,0.26613262,0.26613262,1e-05,0.0003,-5408.3164,0.006734852743148803,4998.804539442062,1165000,1.0,164959.0,60.942189375230114,5319.470026307025,100.0,0.6577749252319336,175.24187308820032
-5703.5225,0.16101713,0.33646974,5703.6836,-5703.6836,0.84745896,0.30672312,3000.0,30.0,20,300.0,385.22614,6306.729,5678.5117,51.47036,153.34476,-174.96078,9822.435,0.023257827,0.25993526,0.25993526,1e-05,0.0003,-5240.316,0.006781943941116333,5032.714263677597,1170000,1.0,169903.0,60.945153795049904,5024.3163282853775,100.0,0.9649171829223633,165.33928170338748
-5804.6284,0.14321536,0.28257918,5804.7715,-5804.7715,1.505834,0.3221041,3000.0,30.0,20,300.0,415.1892,6309.6206,5780.6465,3063.569,189.55939,-345.30402,13071.972,0.013559835,0.4850353,0.4850353,1e-05,0.0003,-5243.9287,0.006712188816070557,5066.27521276474,1175000,1.0,174952.0,60.94082977877262,4027.282637590348,100.0,0.6542649269104004,131.88817706867414
-5888.33,0.13859257,0.33111188,5888.4688,-5888.4688,1.1061842,0.33110675,3000.0,30.0,20,300.0,226.9898,6310.6387,5863.08,3283.1682,179.17479,-96.629684,8135.7656,0.0074001136,0.36626506,0.36626506,1e-05,0.0003,-5551.461,0.006791877698898315,5100.234606027603,1180000,1.0,179906.0,60.933240277502904,5027.578367289769,100.0,0.6465327739715576,165.4487251545735
-5836.4497,0.15147856,0.3004673,5836.601,-5836.601,0.48075894,0.33281714,3000.0,30.0,20,300.0,296.0727,6317.762,5812.745,3480.4487,235.3947,-105.13563,9202.383,0.03171307,0.16000481,0.16000481,1e-05,0.0003,-5492.3755,0.006757951307296753,5134.024366378784,1185000,1.0,184968.0,60.920231733271066,5014.190875455632,100.0,0.6553328037261963,164.99956642070174
-5762.381,0.15258756,0.31908005,5762.533,-5762.533,1.1258746,0.33174688,3000.0,30.0,20,300.0,409.44772,6320.2593,5737.926,-13.652713,347.71854,-328.87088,13369.085,0.027528096,0.3735054,0.3735054,1e-05,0.0003,-5240.8813,0.006727306747436524,5167.66090464592,1190000,0.0,189923.0,0.5596719473390718,16.52683626637644,100.0,0.6509883403778076,-2.6751914779255954
-5780.495,0.12104892,0.2542512,5780.616,-5780.616,1.2739066,0.32995486,3000.0,30.0,20,300.0,436.18823,6328.1836,5758.6543,-0.84187067,298.97302,-258.7964,14782.771,0.011063097,0.42033166,0.42033166,1e-05,0.0003,-5218.207,0.00680289740562439,5201.675396680832,1195000,1.0,194906.0,60.935934397146816,4997.882605606021,100.0,0.6426165103912354,164.45241375550924
-5739.767,0.1481455,0.30620915,5739.915,-5739.915,0.87726235,0.34403366,3000.0,30.0,20,300.0,271.53757,6336.4863,5716.2363,-39.851345,177.55011,-147.67932,8310.304,0.025801709,0.30180776,0.30180776,1e-05,0.0003,-5377.687,0.006817110204696655,5235.760952711105,1200000,0.0,199978.0,0.7536366065426884,53.36682264430427,100.0,0.6506695747375488,-1.4391868668773777
-5881.4844,0.1314135,0.28258464,5881.6157,-5881.6157,0.800885,0.34800467,3000.0,30.0,20,300.0,441.85095,6344.318,5858.632,-8.596184,221.23602,-162.3147,9375.367,0.024444178,0.27871174,0.27871174,1e-05,0.0003,-5356.02,0.008552221155166627,5278.5220630168915,1205000,1.0,204950.0,60.924356124490515,5006.6784734745015,100.0,0.6526491641998291,164.7475206301993
-5842.7563,0.13966995,0.3023297,5842.896,-5842.896,0.9964117,0.3464928,3000.0,30.0,20,300.0,274.7492,6354.1978,5817.6904,4390.9536,239.65532,-120.66064,10287.667,0.020998359,0.34524947,0.34524947,1e-05,0.0003,-5464.4326,0.0067862809658050536,5312.45347237587,1210000,0.0,209908.0,0.7778615696492032,152.29610212585814,100.0,0.6542980670928955,1.8799524062071256
-5878.3013,0.13412216,0.30675444,5878.4355,-5878.4355,1.0382428,0.34835294,3000.0,30.0,20,300.0,380.49188,6365.4556,5855.301,-9.727298,99.440125,-161.36864,10734.236,0.025089007,0.36167493,0.36167493,1e-05,0.0003,-5389.307,0.006751041507720947,5346.208684921265,1215000,1.0,214952.0,60.959359356980535,4124.586343329235,100.0,0.6404595375061035,135.1527773248078
-5828.594,0.1292165,0.25831276,5828.7236,-5828.7236,0.77874523,0.34607983,3000.0,30.0,20,300.0,351.94202,6367.305,5803.909,-28.034536,389.3942,-308.05435,15083.605,0.017634355,0.269508,0.269508,1e-05,0.0003,-5395.8,0.006729934644699097,5379.858363628387,1220000,1.0,219922.0,60.93829700544448,5135.956239909357,100.0,0.6555345058441162,169.0848706438581
-5737.209,0.14048424,0.27483726,5737.3496,-5737.3496,1.0996945,0.35296828,3000.0,30.0,20,300.0,513.00684,6364.6426,5712.3745,-9.820983,409.44604,-365.9809,16938.766,0.021338373,0.38815725,0.38815725,1e-05,0.0003,-5107.755,0.006786610174179077,5413.791419029236,1225000,1.0,224991.0,60.91159586037176,4022.1081888432445,100.0,0.9739551544189453,131.71457107312784
-5826.999,0.1378715,0.3020675,5827.1367,-5827.1367,0.8765511,0.36633196,3000.0,30.0,20,300.0,428.36664,6370.459,5803.554,-23.639952,314.68375,-118.36082,11777.18,0.02284167,0.3211087,0.3211087,1e-05,0.0003,-5302.3,0.00666303129196167,5447.106580257416,1230000,0.0,229948.0,0.807820143652853,58.98573540337401,100.0,0.6478407382965088,-1.2506688254198797
-5829.687,0.13821676,0.33511075,5829.825,-5829.825,0.7007774,0.3668501,3000.0,30.0,20,300.0,422.8955,6373.2144,5804.8447,-14.827751,248.33638,-227.59404,12279.508,0.016468339,0.25708026,0.25708026,1e-05,0.0003,-5329.6675,0.006805261039733887,5481.132890701294,1235000,1.0,234922.0,60.91103182605085,4408.003955196701,100.0,0.6555695533752441,144.66161567037088
-5814.1206,0.13636366,0.30696106,5814.257,-5814.257,1.3601085,0.35004386,3000.0,30.0,20,300.0,582.0394,6376.1895,5788.747,-46.38542,975.3141,-572.9784,21211.629,0.02772969,0.4760976,0.4760976,1e-05,0.0003,-5089.252,0.006792452526092529,5515.095158100128,1240000,0.0,239941.0,0.8329180190338982,2037.2044103088333,100.0,0.6581587791442871,65.11980641747496
-5882.156,0.12475071,0.30960643,5882.2803,-5882.2803,1.5285906,0.35336074,3000.0,30.0,20,300.0,327.15738,6380.3213,5858.285,3556.3071,231.17616,-196.25844,12039.69,0.0227146,0.5401439,0.5401439,1e-05,0.0003,-5392.9556,0.006725668668746948,5548.723505973816,1245000,1.0,244918.0,60.91602898513431,4098.721486250765,100.0,0.6824688911437988,134.28499517404552
-5749.7456,0.13896263,0.28219575,5749.885,-5749.885,0.92295444,0.359722,3000.0,30.0,20,300.0,373.52466,6388.994,5728.415,-126.52162,180.95874,-116.5824,10651.91,0.021728855,0.332007,0.332007,1e-05,0.0003,-5276.6187,0.006805946207046509,5582.75324177742,1250000,1.0,249959.0,60.93638202376359,5108.65318315775,100.0,0.6455309391021729,168.16883599350555
-5807.3604,0.12790099,0.2935892,5807.4883,-5807.4883,1.2614211,0.36651173,3000.0,30.0,20,300.0,255.55652,6383.8887,5783.7466,-3.6513214,184.11804,-129.96425,8824.426,0.013124226,0.46232563,0.46232563,1e-05,0.0003,-5413.106,0.00678140459060669,5616.660269498825,1255000,1.0,254959.0,60.88667286964008,5440.0854902051515,100.0,0.6514265537261963,179.2885974276839
-5886.9966,0.14085817,0.297004,5887.137,-5887.137,0.82037956,0.37401626,3000.0,30.0,20,300.0,544.91907,6388.9116,5865.005,3835.9663,268.50275,-271.9731,14050.582,0.018453293,0.3068353,0.3068353,1e-05,0.0003,-5250.027,0.006858648109436035,5650.953514575958,1260000,1.0,259914.0,60.91114779212769,2961.979131040459,100.0,0.9909024238586426,96.14657736356696
-5813.949,0.16383962,0.32657185,5814.1133,-5814.1133,0.97187763,0.36786392,3000.0,30.0,20,300.0,608.51245,6386.689,5785.782,-34.159832,580.14044,-403.06863,21956.457,0.02517208,0.35751873,0.35751873,1e-05,0.0003,-5098.1807,0.0067156087875366215,5684.531562566757,1265000,1.0,264981.0,60.882921819771,5378.964699945363,100.0,0.6510481834411621,177.23795664250508
-5846.178,0.11270051,0.2692454,5846.291,-5846.291,0.8655817,0.376387,3000.0,30.0,20,300.0,430.77628,6382.8687,5820.999,3538.411,249.81563,-325.88876,14978.972,0.02257136,0.3257937,0.3257937,1e-05,0.0003,-5317.6636,0.006767994213104248,5718.371538639069,1270000,1.0,269969.0,60.9720578481182,5333.362047357006,100.0,0.6426355838775635,175.70795909318437
-5914.298,0.15805928,0.31833693,5914.456,-5914.456,1.3306053,0.3799013,3000.0,30.0,20,300.0,474.37903,6383.909,5888.569,3488.0938,1049.2838,-2697.12,37926.246,0.013270642,0.50549865,0.50549865,1e-05,0.0003,-5288.2695,0.00675391435623169,5752.141114473343,1275000,0.0,274930.0,0.8185533861750814,2323.241924319986,100.0,0.6454668045043945,74.71654412046104
-5788.157,0.16025648,0.30982122,5788.3174,-5788.3174,1.0345398,0.38522756,3000.0,30.0,20,300.0,682.25867,6388.6675,5764.3145,-26.754864,1533.0614,-1432.7975,36790.863,0.03411723,0.39853323,0.39853323,1e-05,0.0003,-4986.3384,0.0067793478488922115,5786.037858724594,1280000,1.0,279930.0,60.918097077081825,4977.906450032138,100.0,0.6966164112091064,163.78220122755002
-5882.2734,0.16018496,0.32013866,5882.4336,-5882.4336,0.9362822,0.38522106,3000.0,30.0,20,300.0,513.2194,6405.08,5856.862,3379.2913,240.65533,-175.49048,12934.056,0.022085473,0.36067563,0.36067563,1e-05,0.0003,-5260.8516,0.006855211353302002,5820.313919782639,1285000,0.0,284926.0,10.902585839727356,2087.4828214026043,100.0,0.6610860824584961,66.8066785924688
-5941.9365,0.15703915,0.30379686,5942.0938,-5942.0938,0.8994956,0.38476786,3000.0,30.0,20,300.0,520.44006,6405.4087,5915.2236,3520.811,399.8328,-413.39493,15872.45,0.0180018,0.346097,0.346097,1e-05,0.0003,-5317.6675,0.0068151057243347165,5854.389453411102,1290000,1.0,289924.0,60.94272610777434,5025.15007946351,100.0,0.6563963890075684,165.36725457748324
-5922.221,0.15095918,0.2808959,5922.372,-5922.372,1.1512914,0.37609455,3000.0,30.0,20,300.0,775.436,6413.117,5896.9316,399.73743,2170.254,-2012.0992,52364.79,0.036972072,0.43299443,0.43299443,1e-05,0.0003,-5016.8867,0.006815096092224121,5888.464938402176,1295000,1.0,294910.0,60.945006026721735,4546.091439531779,100.0,0.661163330078125,149.29453723595708
-5920.841,0.14009403,0.3003685,5920.981,-5920.981,0.89255655,0.3799958,3000.0,30.0,20,300.0,258.98016,6427.732,5897.562,3624.272,105.22222,-154.94704,9918.106,0.028166901,0.3391677,0.3391677,1e-05,0.0003,-5560.1104,0.006737096691131592,5922.150426864624,1300000,1.0,299910.0,60.920359851126996,4785.883879435956,100.0,0.6695892810821533,157.33972374540818
-5857.0293,0.1518564,0.31919354,5857.181,-5857.181,1.0447747,0.38762107,3000.0,30.0,20,300.0,408.70123,6432.8345,5832.4434,6.4765167,165.10838,-117.28439,11421.559,0.023355272,0.40497667,0.40497667,1e-05,0.0003,-5326.835,0.008438831090927124,5964.344586610794,1305000,0.0,304991.0,10.878532782994254,5008.845063438082,100.0,0.6422781944274902,164.82021108012955
-5896.1904,0.14768797,0.30784136,5896.338,-5896.338,0.8738171,0.3808974,3000.0,30.0,20,300.0,535.3964,6432.574,5873.291,-13.241917,184.75322,-251.54651,12728.291,0.030791797,0.33283466,0.33283466,1e-05,0.0003,-5260.9434,0.006789651727676391,5998.29284954071,1310000,1.0,309905.0,60.902448293316816,5220.618811326789,100.0,0.6501445770263672,171.9253529280166
-5965.6196,0.13308325,0.30882123,5965.753,-5965.753,1.3055425,0.3722163,3000.0,30.0,20,300.0,353.456,6434.151,5941.2295,359.13504,446.7909,-504.12372,13303.889,0.012554186,0.4859442,0.4859442,1e-05,0.0003,-5466.3804,0.006673751974105835,6031.661613702774,1315000,1.0,314963.0,60.92839905205881,2632.8854130208097,100.0,0.6407573223114014,85.1052770556224
-5801.256,0.14439504,0.28237146,5801.4004,-5801.4004,1.1975433,0.38688084,3000.0,30.0,20,300.0,486.80933,6426.3975,5778.927,-173.60661,214.10886,-276.55255,11662.375,0.030901462,0.46330655,0.46330655,1e-05,0.0003,-5175.454,0.006741713857650757,6065.370186805725,1320000,1.0,319956.0,60.904265889774805,3119.171407169188,100.0,0.6523137092590332,101.42047665666442
-5914.537,0.14157797,0.3083886,5914.6787,-5914.6787,0.8461112,0.39616594,3000.0,30.0,20,300.0,346.77768,6422.0786,5892.5596,-57.317833,311.8825,-145.35236,10119.721,0.03673718,0.33520043,0.33520043,1e-05,0.0003,-5467.199,0.006836050128936767,6099.550441741943,1325000,1.0,324926.0,60.918397310109086,3887.528353825733,100.0,0.6640300750732422,127.1993333385283
-5857.3555,0.14203164,0.2875018,5857.4976,-5857.4976,1.2344294,0.4086938,3000.0,30.0,20,300.0,421.8523,6422.9946,5837.503,-40.74093,142.07617,-313.92957,13349.1045,0.035626132,0.5045036,0.5045036,1e-05,0.0003,-5284.152,0.006742776298522949,6133.264327287674,1330000,0.0,329983.0,0.28583008375646013,92.40348524353972,100.0,0.6440134048461914,-0.12948239311306264
-5911.8706,0.15730579,0.32725662,5912.028,-5912.028,0.78578407,0.4265996,3000.0,30.0,20,300.0,341.5175,6428.196,5886.853,3897.3142,160.31796,-153.56723,10193.27,0.021000303,0.33521515,0.33521515,1e-05,0.0003,-5469.7886,0.006684384965896606,6166.686257362366,1335000,1.0,334999.0,60.94260523440113,4988.642408735451,100.0,0.6522448062896729,164.14239936457398
-5877.2915,0.16030201,0.3236597,5877.4517,-5877.4517,0.56469375,0.42286035,3000.0,30.0,20,300.0,453.71695,6431.918,5852.772,-5.758947,399.59344,-372.00592,14554.322,0.017948858,0.2387866,0.2387866,1e-05,0.0003,-5351.939,0.006796101331710816,6200.666768312454,1340000,0.0,339983.0,-4.507355874230729,4146.4759013376215,98.0,0.6257045269012451,135.8871857025585
-5894.0234,0.1352272,0.2931962,5894.1587,-5894.1587,1.5368055,0.4151902,3000.0,30.0,20,300.0,2116.6284,6431.0503,5867.118,18.095272,7310.5454,-3282.3103,111553.22,0.018223614,0.6380666,0.6380666,1e-05,0.0003,-3585.975,0.006810436534881592,6234.718954801559,1345000,1.0,344928.0,60.960380387088456,4616.298437860321,100.0,0.7268314361572266,151.65002599134718
-5935.2495,0.14285922,0.31676683,5935.3926,-5935.3926,1.0481871,0.4159871,3000.0,30.0,20,300.0,491.3352,6426.3247,5911.4834,3973.1255,474.65088,-284.32483,13147.482,0.027265064,0.43603233,0.43603233,1e-05,0.0003,-5313.1045,0.006747950458526612,6268.4587116241455,1350000,1.0,349996.0,60.91155825394176,4591.527535809857,100.0,0.6492455005645752,150.81894671677554
-5932.8716,0.13067135,0.29153636,5933.0024,-5933.0024,0.8588107,0.4240133,3000.0,30.0,20,300.0,282.41046,6420.835,5912.7593,-56.77789,151.05533,-92.776054,8460.107,0.027144253,0.36414713,0.36414713,1e-05,0.0003,-5541.217,0.006806588697433472,6302.491659879684,1355000,1.0,354984.0,60.92162603347268,5208.623239100417,100.0,0.6574606895446777,171.5228939685627
-5874.3237,0.15279001,0.29698622,5874.4766,-5874.4766,1.3616657,0.41091987,3000.0,30.0,20,300.0,1079.6494,6417.7837,5849.1045,-2.0088496,1507.5665,-1700.1088,60840.32,0.015163505,0.5595355,0.5595355,1e-05,0.0003,-4626.8135,0.006795204591751099,6336.467688083649,1360000,1.0,359976.0,60.92577050269489,5317.506346898888,100.0,0.6607296466827393,175.17599041446155
-5960.823,0.1369611,0.28311557,5960.96,-5960.96,0.7682718,0.41348886,3000.0,30.0,20,300.0,363.3721,6421.1445,5941.25,14.260831,100.39456,-184.95549,10205.136,0.023020376,0.31767184,0.31767184,1e-05,0.0003,-5502.1494,0.006865746927261353,6370.796427249908,1365000,1.0,364976.0,60.93273819157483,4541.7502364409065,100.0,0.9706645011901855,149.1488871539302
-5833.6963,0.14808878,0.3080079,5833.844,-5833.844,1.2061368,0.39339772,3000.0,30.0,20,300.0,559.1105,6422.0293,5805.9287,36.701702,363.3788,-175.98674,17213.06,0.03432671,0.47449148,0.47449148,1e-05,0.0003,-5132.2383,0.006810843515396119,6404.850649356842,1370000,1.0,369939.0,60.92883178938727,4247.551311518014,100.0,0.6579580307006836,139.27832900443022
-5882.396,0.16590843,0.3220014,5882.562,-5882.562,0.9443938,0.38070792,3000.0,30.0,20,300.0,401.90723,6411.8716,5860.6987,-4.26872,356.41565,-260.4338,11592.976,0.030240763,0.3595382,0.3595382,1e-05,0.0003,-5372.6274,0.006953701162338257,6439.619159460068,1375000,0.0,374926.0,-5.512616615634126,459.9390303014153,87.0,0.5575885772705078,12.201565283056196
-5821.382,0.14298911,0.3137228,5821.525,-5821.525,1.4077122,0.3809306,3000.0,30.0,20,300.0,694.03424,6423.7046,5796.4824,3.5776114,526.5682,-405.00684,19979.344,0.025774356,0.5362407,0.5362407,1e-05,0.0003,-4966.4756,0.006861521100997925,6473.926769256592,1380000,1.0,379906.0,60.931507225305765,1028.0067284442152,100.0,0.6376121044158936,31.260592262303984
-5819.3594,0.17377573,0.36379287,5819.533,-5819.533,0.8970223,0.40983716,3000.0,30.0,20,300.0,465.75116,6439.7856,5793.254,54.451324,604.4104,-266.25104,17026.559,0.04823371,0.36763304,0.36763304,1e-05,0.0003,-5243.3184,0.006756717157363892,6507.71036028862,1385000,1.0,384937.0,60.945422918161604,5379.597150919852,100.0,0.6705329418182373,177.25917576872058
-5885.7437,0.14367256,0.2884696,5885.887,-5885.887,0.7219823,0.40948048,3000.0,30.0,20,300.0,388.02884,6438.962,5864.1904,1.9324247,196.35535,-230.07878,9783.075,0.017287608,0.29563767,0.29563767,1e-05,0.0003,-5409.0234,0.006851324462890625,6541.966986656189,1390000,1.0,389944.0,60.941331933655626,4704.956475887105,100.0,0.676645040512085,154.624558682088
-5995.3438,0.1405811,0.30702978,5995.4844,-5995.4844,0.9966296,0.40597764,3000.0,30.0,20,300.0,314.99014,6437.465,5961.9805,598.3872,419.49164,-209.62975,11550.389,0.024064122,0.40460932,0.40460932,1e-05,0.0003,-5558.9707,0.006800933980941773,6575.971660614014,1395000,0.0,394950.0,0.7508529312569349,65.50842047142095,100.0,0.6828494071960449,-1.0318286570817163
-5890.091,0.10932887,0.22834417,5890.2,-5890.2,0.9022469,0.4158039,3000.0,30.0,20,300.0,387.8926,6450.212,5871.571,154.94873,360.58472,-395.1021,16809.938,0.02447109,0.3751578,0.3751578,1e-05,0.0003,-5389.651,0.0067547361373901365,6609.745345592499,1400000,1.0,399950.0,60.93674762530441,4968.09746796597,100.0,0.6519265174865723,163.4531037371466
-5903.392,0.15860346,0.3166015,5903.551,-5903.551,1.0887139,0.40726024,3000.0,30.0,20,300.0,382.74255,6462.2554,5879.0796,-8.686086,708.4779,-242.41032,13037.599,0.024082609,0.44338986,0.44338986,1e-05,0.0003,-5387.6323,0.008578814888000488,6652.639424562454,1405000,1.0,404936.0,60.95021378466024,5078.885294374665,100.0,0.6509537696838379,167.17010468509477
-5989.8364,0.13126963,0.25624216,5989.968,-5989.968,0.85757124,0.4074069,3000.0,30.0,20,300.0,422.7874,6453.272,5970.256,3.0750527,243.31389,-356.36655,12520.056,0.025896637,0.34938043,0.34938043,1e-05,0.0003,-5462.235,0.00686858320236206,6686.982344865799,1410000,1.0,409988.0,60.92735348996828,5440.508786578784,100.0,0.6634080410003662,179.30279928607445
-5921.8945,0.15156603,0.31202817,5922.046,-5922.046,1.1034377,0.41300154,3000.0,30.0,20,300.0,447.20404,6454.409,5898.6387,-33.572693,298.81348,-197.8888,12615.361,0.027190875,0.45572144,0.45572144,1e-05,0.0003,-5337.974,0.006796558046340943,6720.965147972107,1415000,0.0,414929.0,10.877495623338849,4472.731350105785,100.0,0.6447038650512695,146.83326029987867
-5951.765,0.13749339,0.2803573,5951.903,-5951.903,0.93163556,0.4203541,3000.0,30.0,20,300.0,583.00757,6470.775,5930.849,-55.05773,1071.3735,-898.6339,22651.738,0.025996681,0.39161682,0.39161682,1e-05,0.0003,-5251.273,0.006775122022628784,6754.840762615204,1420000,1.0,419925.0,60.9531074172383,5318.9113214791105,100.0,0.6453835964202881,175.22312819137994
-5922.1123,0.14186457,0.2846316,5922.2544,-5922.2544,0.721155,0.40033728,3000.0,30.0,20,300.0,734.8295,6467.9365,5900.4707,3938.5344,420.1289,-611.7444,20806.686,0.019115534,0.28870523,0.28870523,1e-05,0.0003,-5100.671,0.00679801697731018,6788.830851554871,1425000,1.0,424914.0,60.95228223479866,5503.688582439524,100.0,0.6614363193511963,181.42252099845126
-5893.2285,0.16803882,0.32096943,5893.3965,-5893.3965,0.88581216,0.39011914,3000.0,30.0,20,300.0,330.00543,6475.0654,5870.458,-45.386265,260.12097,-370.14722,12897.994,0.043064445,0.3455723,0.3455723,1e-05,0.0003,-5459.5513,0.006910204553604126,6823.381878376007,1430000,1.0,429914.0,60.94204218729516,4848.333513389159,100.0,0.6500265598297119,159.43494806858212
-5934.885,0.13763435,0.29144937,5935.0225,-5935.0225,0.7524832,0.3960671,3000.0,30.0,20,300.0,4569.0474,6473.1733,5911.047,-19.018414,12473.625,-16399.107,337837.1,0.020671912,0.29803383,0.29803383,1e-05,0.0003,-1276.4272,0.006763688325881958,6857.200324296951,1435000,1.0,434987.0,60.93736041689805,4717.778193894045,100.0,0.6685991287231445,155.05473534978714
-6027.5493,0.12775107,0.26375458,6027.6772,-6027.6772,1.4691752,0.39269367,3000.0,30.0,20,300.0,385.44922,6478.7666,6008.1533,3575.1013,262.25394,-361.10278,12539.721,0.02898797,0.57693577,0.57693577,1e-05,0.0003,-5469.0195,0.006855602312088013,6891.478340387344,1440000,1.0,439962.0,60.93263982133952,5440.344060124458,100.0,0.6532800197601318,179.29727261038516
-5890.9434,0.16713886,0.3494514,5891.1104,-5891.1104,0.9112295,0.39933524,3000.0,30.0,20,300.0,589.9419,6490.5874,5866.9404,21.225426,723.7401,-593.40784,28516.852,0.030827288,0.36388606,0.36388606,1e-05,0.0003,-5191.8354,0.0069594343662261965,6926.27551651001,1445000,0.0,444972.0,0.7905901491348871,1503.8409241888226,100.0,0.6537871360778809,47.22512748230413
-6022.2627,0.15732834,0.33899233,6022.42,-6022.42,0.559559,0.40657076,3000.0,30.0,20,300.0,299.98584,6499.2827,5999.1484,4257.043,120.69206,-258.953,9803.025,0.021085426,0.22750032,0.22750032,1e-05,0.0003,-5654.027,0.006879506778717041,6960.673055171967,1450000,0.0,449948.0,-5.679307994828416,1785.3088975815822,76.0,0.8392400741577148,56.66855423623704
-5949.5884,0.15304852,0.2981341,5949.741,-5949.741,0.8569391,0.4030737,3000.0,30.0,20,300.0,561.7023,6502.4336,5928.6978,-108.799126,519.207,-179.11185,14729.434,0.016828878,0.34540957,0.34540957,1e-05,0.0003,-5284.263,0.006856286048889161,6994.954489469528,1455000,1.0,454948.0,60.941631419534616,4870.279990970697,100.0,0.6565179824829102,160.1712661336534
-5971.756,0.15975687,0.30438116,5971.9155,-5971.9155,1.0932372,0.3908344,3000.0,30.0,20,300.0,309.66803,6502.806,5947.848,0.3829552,267.53717,-232.77118,10659.35,0.022804864,0.42727464,0.42727464,1e-05,0.0003,-5533.9053,0.006919078493118286,7029.549885749817,1460000,1.0,459948.0,60.935330442180096,5074.1289447656445,100.0,0.6517152786254883,167.01052617743198
-5907.924,0.16619419,0.32595155,5908.09,-5908.09,1.5733552,0.3949639,3000.0,30.0,20,300.0,682.32104,6502.1816,5883.859,1913.7421,671.0268,-515.5735,21997.25,0.04096958,0.6214185,0.6214185,1e-05,0.0003,-5039.177,0.006907023000717163,7064.085005044937,1465000,1.0,464948.0,60.921833755106434,4430.5439924521215,100.0,0.6662063598632812,145.41784803416974
-5914.698,0.13647525,0.29308784,5914.835,-5914.835,0.64788705,0.39999253,3000.0,30.0,20,300.0,366.00497,6504.8945,5895.267,74.36141,279.98996,-226.88095,12525.951,0.02501252,0.25914997,0.25914997,1e-05,0.0003,-5470.948,0.006771246767044067,7097.941242694855,1470000,1.0,469983.0,60.909816171399896,5319.318360794559,100.0,0.6582305431365967,175.2367846152888
-6005.6064,0.13438284,0.2792629,6005.7407,-6005.7407,0.7560216,0.3978288,3000.0,30.0,20,300.0,430.82056,6513.2363,5981.332,-43.358864,329.8611,-433.40585,13501.3125,0.029953327,0.30076715,0.30076715,1e-05,0.0003,-5484.556,0.0068386034488677975,7132.13426399231,1475000,0.0,474983.0,0.8349002238800513,601.0820587810562,100.0,0.6430308818817139,16.93700226798047
-5865.738,0.18318734,0.3762841,5865.921,-5865.921,1.1417259,0.39735922,3000.0,30.0,20,300.0,430.49738,6506.881,5839.1523,0.49978352,149.47496,-595.9128,15473.152,0.041045092,0.45367533,0.45367533,1e-05,0.0003,-5299.1377,0.006788549852371216,7166.077017784119,1480000,1.0,479983.0,60.94298628282746,5341.554036598571,100.0,0.6386275291442871,175.9828054618111
-6026.1245,0.13412231,0.28780338,6026.259,-6026.259,0.88508666,0.38724586,3000.0,30.0,20,300.0,390.39954,6509.1406,6007.6016,-31.109516,241.94437,-415.67032,13129.2295,0.017400412,0.34274614,0.34274614,1e-05,0.0003,-5532.9014,0.006759094429016114,7199.872493982315,1485000,1.0,484955.0,60.90542586628687,4796.535714829758,100.0,0.6762049198150635,157.6970994927226
-5917.077,0.14377192,0.3042647,5917.2207,-5917.2207,0.6738578,0.39034286,3000.0,30.0,20,300.0,424.24408,6498.668,5895.16,-10.78139,296.74146,-229.10657,10852.643,0.013636842,0.2630356,0.2630356,1e-05,0.0003,-5413.9224,0.00681125841140747,7233.92878985405,1490000,1.0,489921.0,60.9285997617406,5022.037424052098,100.0,0.6502337455749512,165.26282303938106
-5881.2686,0.15331906,0.2976575,5881.422,-5881.422,1.3381828,0.4069631,3000.0,30.0,20,300.0,370.67896,6496.961,5860.7773,-82.526855,254.50595,-189.93091,11502.346,0.024069875,0.54459107,0.54459107,1e-05,0.0003,-5347.2124,0.00679966311454773,7267.927109718323,1495000,1.0,494920.0,60.945928591497406,5381.079128200199,100.0,0.6546521186828613,177.30889703444493
-5926.143,0.18306085,0.33215308,5926.326,-5926.326,1.0270331,0.40877032,3000.0,30.0,20,300.0,795.0687,6490.151,5902.663,307.9685,291.52182,-533.3049,16960.137,0.030436397,0.41982067,0.41982067,1e-05,0.0003,-5005.128,0.006749902677536011,7301.676627635956,1500000,1.0,499904.0,60.95026819657073,4990.085185530728,100.0,0.954338550567627,164.19080542947808
-6022.6367,0.14540304,0.27915943,6022.782,-6022.782,0.94114554,0.40771967,3000.0,30.0,20,300.0,494.7395,6482.9385,6002.131,38.67976,548.5211,-552.8887,18549.664,0.020485094,0.38372356,0.38372356,1e-05,0.0003,-5412.7803,0.008470464658737183,7344.028955221176,1505000,1.0,504953.0,60.94811527171624,5014.498399752022,100.0,0.6678895950317383,165.00988405340792
-5926.618,0.16352984,0.32855058,5926.7817,-5926.7817,1.0056365,0.42038685,3000.0,30.0,20,300.0,385.30438,6481.833,5903.2383,-0.24517846,437.9379,-337.7771,14126.438,0.03391228,0.4227563,0.4227563,1e-05,0.0003,-5414.4873,0.00682376184463501,7378.147769451141,1510000,1.0,509939.0,60.94135264971426,4890.105857024189,100.0,0.653911828994751,160.83643635409686
-5911.876,0.1474061,0.30569786,5912.0234,-5912.0234,0.9774083,0.4307355,3000.0,30.0,20,300.0,381.34222,6480.0054,5891.9316,3703.459,277.51605,-138.76823,12225.957,0.024488598,0.42100444,0.42100444,1e-05,0.0003,-5404.2324,0.0068010203838348385,7412.152876853943,1515000,1.0,514922.0,60.93511917253186,4539.326741575515,100.0,0.6332616806030273,149.0675773836782
-5996.74,0.1390045,0.28612232,5996.8794,-5996.8794,0.80907434,0.42808437,3000.0,30.0,20,300.0,397.40558,6484.321,5973.0747,4025.3052,264.4535,-332.64157,12598.887,0.02540516,0.3463521,0.3463521,1e-05,0.0003,-5495.4287,0.006810197925567627,7446.203870773315,1520000,1.0,519922.0,60.927177859837855,5511.888016004333,100.0,0.7187442779541016,181.69761712878423
-5932.249,0.1656315,0.33247483,5932.4146,-5932.4146,0.8381965,0.4227481,3000.0,30.0,20,300.0,288.72266,6483.075,5910.375,31.007284,90.390335,-207.41415,8058.4463,0.042968206,0.35434598,0.35434598,1e-05,0.0003,-5537.2227,0.006846913957595825,7480.438444852829,1525000,1.0,524918.0,60.93584671110103,4775.968647488171,100.0,0.6688001155853271,157.00706150494605
-5969.2876,0.13406095,0.31161374,5969.422,-5969.422,0.6812463,0.41828313,3000.0,30.0,20,300.0,243.17647,6478.434,5946.08,4053.1643,118.68988,-120.58124,8349.124,0.028273657,0.28495383,0.28495383,1e-05,0.0003,-5640.625,0.006833311557769776,7514.605007171631,1530000,1.0,529961.0,60.95210576017538,5501.321447977314,100.0,0.6595969200134277,181.3431021550172
-5953.127,0.16060409,0.30767506,5953.2876,-5953.2876,0.97721356,0.39109018,3000.0,30.0,20,300.0,698.99365,6482.6763,5932.634,-55.185562,867.10156,-1131.2415,27156.816,0.040812977,0.3821786,0.3821786,1e-05,0.0003,-5139.4795,0.006810449028015137,7548.657257080078,1535000,1.0,534926.0,60.94804265102437,5320.428718586042,100.0,0.6716203689575195,175.274037814465
-6025.516,0.11016689,0.24918298,6025.6265,-6025.6265,0.7442891,0.40044957,3000.0,30.0,20,300.0,514.4372,6512.4653,6008.191,4387.8325,255.14742,-413.56204,14781.929,0.018973494,0.29805025,0.29805025,1e-05,0.0003,-5421.664,0.006749924421310425,7582.406883478165,1540000,1.0,539975.0,60.933569989394535,5256.37351148449,100.0,0.6329445838928223,173.1249455068033
-5927.676,0.14076613,0.30912662,5927.8164,-5927.8164,0.97775763,0.39964148,3000.0,30.0,20,300.0,375.4901,6507.278,5905.7393,-41.76425,419.35605,-353.48367,14870.877,0.021167874,0.3907525,0.3907525,1e-05,0.0003,-5434.96,0.006868024253845215,7616.747008562088,1545000,1.0,544967.0,60.95117003401711,5269.588045879817,100.0,0.6476483345031738,173.56830141030238
-5956.9097,0.13124612,0.3101557,5957.041,-5957.041,0.7816838,0.3884448,3000.0,30.0,20,300.0,481.8604,6504.42,5933.9346,38.594715,181.67488,-270.3338,12391.355,0.026520027,0.30364102,0.30364102,1e-05,0.0003,-5383.957,0.006849203109741211,7650.9930284023285,1550000,1.0,549909.0,60.934865366409404,5450.526933441891,100.0,0.6518650054931641,179.63891438638777
-5925.7803,0.16302848,0.33050424,5925.9434,-5925.9434,1.1319708,0.37782377,3000.0,30.0,20,300.0,836.83655,6499.313,5899.741,3.20982,338.49023,-436.0056,17014.785,0.03634566,0.42768544,0.42768544,1e-05,0.0003,-4960.638,0.006729600477218628,7684.641035318375,1555000,1.0,554998.0,60.94381900160477,5145.431207703673,100.0,0.653296947479248,169.40276174629142
-5936.4146,0.12800989,0.28576764,5936.5425,-5936.5425,0.9212935,0.38184902,3000.0,30.0,20,300.0,568.3548,6497.4624,5916.467,11.141855,230.34464,-290.7388,14136.088,0.036280494,0.35179502,0.35179502,1e-05,0.0003,-5262.521,0.0068466105461120605,7718.874091863632,1560000,0.0,559968.0,0.4264372653137062,3189.2487121224276,100.0,0.6407766342163086,103.77161411810309
-5985.8804,0.13352178,0.24816841,5986.0137,-5986.0137,1.2489161,0.40491077,3000.0,30.0,20,300.0,446.55676,6502.2427,5969.3755,-71.158005,235.29018,-276.33643,13259.426,0.029300233,0.5056996,0.5056996,1e-05,0.0003,-5387.614,0.006861375331878662,7753.1809730529785,1565000,0.0,564958.0,0.34201406749147995,24.129528988165546,100.0,0.6513724327087402,-2.420116376536738
-5942.9263,0.13807948,0.28024095,5943.0645,-5943.0645,1.0231998,0.40482473,3000.0,30.0,20,300.0,443.25458,6513.513,5923.1953,3740.0474,419.5492,-233.83167,13517.0205,0.029852536,0.41421658,0.41421658,1e-05,0.0003,-5375.4067,0.006766736459732056,7787.014659166336,1570000,1.0,569917.0,60.9107658461872,4035.203409679789,100.0,0.6563043594360352,132.15392393201927
-5911.003,0.13476005,0.26621753,5911.1377,-5911.1377,1.094702,0.4166256,3000.0,30.0,20,300.0,572.0481,6520.469,5889.3535,4.6386166,234.09001,-386.37775,15667.79,0.023026317,0.45608085,0.45608085,1e-05,0.0003,-5202.131,0.006813218879699707,7821.080761909485,1575000,1.0,574917.0,60.93197061979669,5562.079651874044,100.0,0.6501996517181396,183.3815779406749
-5940.9785,0.13063318,0.2910633,5941.1094,-5941.1094,1.019451,0.42458144,3000.0,30.0,20,300.0,882.2633,6522.7827,5919.299,56.85279,1042.0514,-779.2912,38718.32,0.031538732,0.43284,0.43284,1e-05,0.0003,-4928.8633,0.006879322767257691,7855.477380037308,1580000,1.0,579917.0,60.945067907067,5503.027533342377,100.0,0.6576623916625977,181.40034238731332
-5946.1504,0.13888055,0.30708945,5946.289,-5946.289,0.9107001,0.42293343,3000.0,30.0,20,300.0,474.4557,6533.8594,5923.346,-48.35161,311.4239,-247.2027,14772.299,0.020465251,0.3851655,0.3851655,1e-05,0.0003,-5356.145,0.0068029820442199705,7889.492294549942,1585000,1.0,584917.0,60.951239958681214,5502.123946966363,100.0,0.9834902286529541,181.3700264986
-6010.928,0.14403808,0.29332054,6011.0723,-6011.0723,0.8502828,0.43552825,3000.0,30.0,20,300.0,348.08746,6545.4897,5991.756,74.73201,242.0391,-178.159,11362.6,0.031271987,0.37032214,0.37032214,1e-05,0.0003,-5551.744,0.006756764793395996,7923.276122570038,1590000,1.0,589963.0,60.93255618317089,4949.498436746426,100.0,0.6544392108917236,162.82909459358837
-5979.7017,0.15743977,0.31992584,5979.859,-5979.859,0.9048966,0.44132724,3000.0,30.0,20,300.0,4231.9883,6555.4067,5952.8984,-8.210913,8427.173,-8221.856,204043.45,0.03507735,0.39935553,0.39935553,1e-05,0.0003,-1627.9067,0.006850615072250366,7957.5292019844055,1595000,1.0,594963.0,60.91230015480872,4760.5673866509105,100.0,0.6742923259735107,156.49033956005914
-5971.3994,0.16408458,0.30648613,5971.5635,-5971.5635,1.1503202,0.44675952,3000.0,30.0,20,300.0,479.18716,6566.1943,5950.8076,3727.4321,354.63727,-199.7379,15808.715,0.029005907,0.5139165,0.5139165,1e-05,0.0003,-5338.0376,0.006750821733474731,7991.283315181732,1600000,1.0,599963.0,60.906795144062684,4870.790533306386,100.0,0.6676318645477295,160.1883951487017
-5943.13,0.15421699,0.30939728,5943.284,-5943.284,1.0600638,0.4288586,3000.0,30.0,20,300.0,745.57104,6573.537,5918.5195,-24.144005,652.3255,-424.96085,18594.434,0.014903,0.4546175,0.4546175,1e-05,0.0003,-5061.1733,0.008495384359359742,8033.760241270065,1605000,1.0,604963.0,60.92230352688165,4145.174312217063,100.0,0.6630327701568604,135.84351657254862
-5980.849,0.1364282,0.30074963,5980.9854,-5980.9854,1.031429,0.4241979,3000.0,30.0,20,300.0,452.72992,6588.154,5960.2207,10.216689,307.62112,-381.4626,16261.461,0.03173297,0.43753,0.43753,1e-05,0.0003,-5396.8604,0.006852693223953247,8068.02371263504,1610000,1.0,609963.0,60.92873135421402,5390.730064303783,100.0,0.6484634876251221,177.63269198384015
-6038.449,0.15162078,0.3043484,6038.601,-6038.601,0.88579714,0.42482138,3000.0,30.0,20,300.0,414.4538,6584.7954,6015.713,310.54453,808.24133,-501.11182,14218.455,0.021227932,0.37630558,0.37630558,1e-05,0.0003,-5511.104,0.00681074595451355,8102.077446460724,1615000,0.0,614935.0,0.6703057841943975,3874.7800438283657,100.0,0.6405913829803467,126.7716195555162
-5998.4336,0.14562863,0.33009928,5998.579,-5998.579,0.878841,0.41540128,3000.0,30.0,20,300.0,377.2658,6558.9536,5979.365,3759.9941,137.5188,-207.51505,12002.351,0.023743488,0.36507165,0.36507165,1e-05,0.0003,-5511.6465,0.006731991004943848,8135.737406015396,1620000,1.0,619920.0,60.94981201543642,5084.449115287429,100.0,0.6547000408172607,167.35677436061187
-6032.9766,0.17305087,0.34161043,6033.1494,-6033.1494,0.9951333,0.40928125,3000.0,30.0,20,300.0,3414.9453,6554.174,6008.84,1932.2645,2922.583,-7547.673,131441.12,0.023953285,0.4072894,0.4072894,1e-05,0.0003,-2495.8445,0.0067590451240539555,8169.532636165619,1625000,1.0,624920.0,60.93264243026197,4888.562364856494,100.0,0.6478471755981445,160.78465122538324
-6067.564,0.15095693,0.33545232,6067.715,-6067.715,1.1761038,0.40207645,3000.0,30.0,20,300.0,402.53702,6582.283,6043.7017,4340.445,280.39087,-223.58553,11721.785,0.018514227,0.47288364,0.47288364,1e-05,0.0003,-5523.1616,0.006871800994873047,8203.891645669937,1630000,1.0,629962.0,60.90407422254665,4649.348101130995,100.0,0.6690535545349121,152.75886288876305
-6100.7075,0.13280219,0.28691542,6100.8403,-6100.8403,1.2052839,0.4044044,3000.0,30.0,20,300.0,2453.1294,6590.717,6071.842,179.40631,2249.5005,-2246.4065,77697.68,0.029305272,0.48742208,0.48742208,1e-05,0.0003,-3501.3516,0.006990372228622437,8238.84351181984,1635000,0.0,634962.0,0.6404790709738185,468.9100786013755,100.0,0.6671302318572998,12.502549570914956
-6102.45,0.13486503,0.2866181,6102.585,-6102.585,0.83053046,0.39618057,3000.0,30.0,20,300.0,325.72885,6561.963,6081.0537,3981.4353,216.0855,-315.37842,12280.592,0.017914236,0.32904005,0.32904005,1e-05,0.0003,-5678.0093,0.0068644266128540035,8273.165650367737,1640000,1.0,639962.0,60.938644006456684,5612.911280813863,100.0,0.6802783012390137,185.0870109208117
-6073.1436,0.13184509,0.27802926,6073.2754,-6073.2754,0.91835386,0.40084043,3000.0,30.0,20,300.0,344.81805,6537.8936,6054.521,4264.1543,171.07957,-132.7694,9251.826,0.024568018,0.36811334,0.36811334,1e-05,0.0003,-5617.8916,0.0068801146030426025,8307.566227674484,1645000,1.0,644957.0,60.93410909173013,4538.432815600803,100.0,0.6470749378204346,149.0375856074776
-5988.9565,0.1668662,0.34607396,5989.1235,-5989.1235,0.7492228,0.4022815,3000.0,30.0,20,300.0,456.56702,6521.0957,5960.293,110.63257,705.0467,-830.21014,21446.152,0.040646143,0.3013985,0.3013985,1e-05,0.0003,-5441.97,0.006828313970565796,8341.707801580429,1650000,1.0,649943.0,60.929290357883545,5349.529645645635,100.0,0.6569514274597168,176.25039213942168
-5990.2275,0.12962824,0.30153656,5990.357,-5990.357,1.3481206,0.39587086,3000.0,30.0,20,300.0,304.58173,6513.836,5967.03,-32.866386,205.05972,-255.94778,10644.939,0.025426354,0.53368163,0.53368163,1e-05,0.0003,-5525.5415,0.0067196943283081055,8375.306277751923,1655000,1.0,654933.0,60.90485670347221,2495.835959648363,100.0,0.662595272064209,80.50718207881556
-5988.3394,0.14517748,0.3196118,5988.4844,-5988.4844,1.0162542,0.39563757,3000.0,30.0,20,300.0,775.2931,6514.187,5965.1694,1881.365,2866.3142,-2782.0735,64888.49,0.033292435,0.40206835,0.40206835,1e-05,0.0003,-5092.426,0.0068502762794494625,8409.557663917542,1660000,0.0,659933.0,0.0136134696592633,31.388575587506008,100.0,0.640002965927124,-2.176570817736687
-5965.36,0.16497444,0.34047922,5965.525,-5965.525,1.096302,0.40959334,3000.0,30.0,20,300.0,401.48273,6512.837,5942.768,62.40001,591.5572,-817.56195,19161.707,0.044589832,0.44903803,0.44903803,1e-05,0.0003,-5429.1655,0.00681137228012085,8443.614529132843,1665000,1.0,664986.0,60.93119155741334,4836.42331404897,100.0,0.6620986461639404,159.0353534229175
-6013.512,0.1200639,0.28009418,6013.6323,-6013.6323,0.8280933,0.40680128,3000.0,30.0,20,300.0,295.3477,6515.4487,5995.047,3443.3591,177.89354,-104.25606,9123.988,0.030299654,0.33686942,0.33686942,1e-05,0.0003,-5617.1035,0.006845401477813721,8477.841541528702,1670000,1.0,669986.0,60.91496107797534,4724.882995265939,100.0,0.6912086009979248,155.29310588462272
-5908.3633,0.15034783,0.28600085,5908.5137,-5908.5137,1.3569967,0.40214428,3000.0,30.0,20,300.0,601.094,6505.606,5881.313,175.887,537.6312,-967.82587,25690.146,0.022566337,0.5457084,0.5457084,1e-05,0.0003,-5143.557,0.0069093232631683345,8512.388162374496,1675000,1.0,674981.0,60.93865038563615,4962.068635958781,100.0,0.668879508972168,163.25083264823581
-6001.8794,0.104076475,0.2503229,6001.9834,-6001.9834,1.1961347,0.40863323,3000.0,30.0,20,300.0,382.8885,6491.413,5984.252,-21.440828,233.08368,-130.6567,12498.826,0.020476935,0.48878035,0.48878035,1e-05,0.0003,-5472.3564,0.0069038838386535645,8546.90758562088,1680000,1.0,679981.0,60.92305525786372,5082.7067077865295,100.0,0.6756618022918701,167.29831549791461
-5949.8105,0.14376229,0.30407935,5949.954,-5949.954,1.1519985,0.4182968,3000.0,30.0,20,300.0,292.59076,6488.5273,5927.9873,-3.5444026,171.61497,-179.23914,10501.99,0.0284444,0.4818773,0.4818773,1e-05,0.0003,-5512.6567,0.006908831644058228,8581.451748132706,1685000,1.0,684981.0,60.92854973946655,5561.883510531411,100.0,0.6706290245056152,183.3749972758119
-5974.581,0.13364689,0.28542978,5974.715,-5974.715,0.9281289,0.4339334,3000.0,30.0,20,300.0,363.21777,6490.7007,5954.874,-7.662688,170.40753,-298.8343,10506.224,0.02324064,0.40274614,0.40274614,1e-05,0.0003,-5490.5396,0.00680210108757019,8615.46225810051,1690000,1.0,689997.0,60.914416313044526,4488.149027223526,100.0,0.6748971939086914,147.35053302125505
-5936.2246,0.11152693,0.24725157,5936.336,-5936.336,0.84186023,0.44334054,3000.0,30.0,20,300.0,495.4829,6476.2305,5918.997,-1.3441132,470.37814,-451.62396,18756.064,0.016002625,0.3732308,0.3732308,1e-05,0.0003,-5328.7725,0.006885954284667969,8649.892034053802,1695000,1.0,694957.0,60.92643472763895,4580.789367742172,100.0,0.6581850051879883,150.45867445419344
-5956.502,0.13975284,0.3253299,5956.6416,-5956.6416,0.8998584,0.43442884,3000.0,30.0,20,300.0,450.50177,6486.485,5934.055,-34.214565,591.4857,-500.65607,15768.785,0.019247621,0.39092445,0.39092445,1e-05,0.0003,-5388.7227,0.006846818733215332,8684.126131534576,1700000,1.0,699936.0,60.942577072437885,5135.223739659229,100.0,0.6851043701171875,169.06029480179714
-5924.137,0.15711874,0.2913534,5924.2944,-5924.2944,1.756447,0.42497882,3000.0,30.0,20,300.0,31323.781,6484.059,5904.65,-24.026987,12466.127,-19898.57,411764.6,0.044287764,0.7464527,0.7464527,1e-05,0.0003,25623.58,0.008476008987426759,8726.506181001663,1705000,0.0,704906.0,10.88874916927194,4368.091876550681,100.0,0.6880223751068115,143.32254044007828
-5919.357,0.14024365,0.29881057,5919.497,-5919.497,1.2819226,0.42227736,3000.0,30.0,20,300.0,1640.3108,6486.8555,5897.8647,-0.8594967,4898.099,-2836.8354,93156.36,0.01873269,0.5413269,0.5413269,1e-05,0.0003,-4116.648,0.006778727626800537,8760.399824380875,1710000,1.0,709959.0,60.95754902189765,3596.4476981519724,100.0,0.6451106071472168,117.4333950749012
-5871.2036,0.15984854,0.33351177,5871.3633,-5871.3633,0.9741223,0.426584,3000.0,30.0,20,300.0,368.65262,6491.3755,5852.287,56.685722,243.70111,-192.36206,11057.392,0.037640646,0.415545,0.415545,1e-05,0.0003,-5377.887,0.006908921718597412,8794.944436788559,1715000,1.0,714911.0,60.893804806153,4282.085231857932,100.0,0.6385176181793213,140.43696365591543
-5955.1646,0.15079008,0.30524,5955.3154,-5955.3154,0.852133,0.43189526,3000.0,30.0,20,300.0,367.18787,6487.791,5937.5703,-11.681969,151.91547,-136.39513,9109.711,0.019452762,0.3680322,0.3680322,1e-05,0.0003,-5477.567,0.006880981349945068,8829.349347829819,1720000,1.0,719911.0,60.94152745233461,5141.704123931871,100.0,0.6418492794036865,169.27771575196203
-5983.4424,0.13845456,0.29040122,5983.581,-5983.581,1.0872306,0.4168604,3000.0,30.0,20,300.0,576.3324,6507.4067,5963.3203,27.575926,540.5883,-555.1499,19145.324,0.033088878,0.4532234,0.4532234,1e-05,0.0003,-5271.143,0.0067612316608428955,8863.155510663986,1725000,1.0,724983.0,60.928786268068286,4639.969509443983,100.0,0.6394951343536377,152.44420526507753
-5880.522,0.1643752,0.33919653,5880.6865,-5880.6865,0.954512,0.41237068,3000.0,30.0,20,300.0,753.2845,6518.7017,5853.6787,-2.8342888,1585.8313,-2161.6587,44790.15,0.03829579,0.39361274,0.39361274,1e-05,0.0003,-5009.1533,0.006808236217498779,8897.196696519852,1730000,1.0,729983.0,60.950098187741354,5208.387823397493,100.0,0.6779487133026123,171.51499562431948
-5890.827,0.14756832,0.338914,5890.9746,-5890.9746,1.0055318,0.412492,3000.0,30.0,20,300.0,373.1753,6526.272,5870.6665,-14.972769,175.21617,-181.9737,10105.214,0.024491135,0.4147738,0.4147738,1e-05,0.0003,-5393.2197,0.006809183406829834,8931.242617845535,1735000,1.0,734940.0,60.931647164199454,4715.477994443047,100.0,0.6437807083129883,154.97756221789183
-5918.2104,0.14795403,0.2912808,5918.3584,-5918.3584,0.8857549,0.41600618,3000.0,30.0,20,300.0,482.211,6533.751,5899.0703,-38.99291,298.6759,-319.06244,14934.5,0.023835026,0.3684795,0.3684795,1e-05,0.0003,-5325.4556,0.006731169652938843,8964.898469924927,1740000,1.0,739927.0,60.96199210234288,5024.3922314921765,100.0,0.6704299449920654,165.34182830350386
-5835.876,0.17976648,0.3417881,5836.0557,-5836.0557,0.72347754,0.4268267,3000.0,30.0,20,300.0,1037.5197,6469.5083,5809.513,-50.735043,1480.2169,-742.6729,31122.758,0.037009653,0.3087995,0.3087995,1e-05,0.0003,-4705.717,0.006842852115631104,8999.112735033035,1745000,0.0,744914.0,0.42328925452682814,489.7635752230784,100.0,0.6560423374176025,13.202197440392617
-5977.8037,0.13159364,0.2897696,5977.9355,-5977.9355,0.79955167,0.4370296,3000.0,30.0,20,300.0,313.84558,6539.5825,5958.756,-57.383976,131.99591,-135.23206,9457.023,0.03121568,0.34942776,0.34942776,1e-05,0.0003,-5559.13,0.006774655675888062,9032.98601770401,1750000,0.0,749982.0,10.912911690318639,2404.1883871428554,100.0,0.6574056148529053,77.43234863435883
-5960.3037,0.12552294,0.26878655,5960.429,-5960.429,0.8448509,0.43251696,3000.0,30.0,20,300.0,418.0066,6526.2837,5941.4976,-15.261847,342.31787,-199.919,11510.012,0.026040547,0.36541235,0.36541235,1e-05,0.0003,-5432.6733,0.006745380926132202,9066.712926149368,1755000,1.0,754982.0,60.939457065325215,5390.295382472122,100.0,0.9901814460754395,177.6181081362035
-5913.263,0.13423404,0.2866522,5913.3975,-5913.3975,1.3423102,0.4274621,3000.0,30.0,20,300.0,412.67175,6513.68,5890.7285,-75.6883,521.0508,-822.6466,18703.281,0.023830941,0.57378674,0.57378674,1e-05,0.0003,-5328.455,0.0067741229057312015,9100.583545207977,1760000,1.0,759982.0,60.93338129354639,4733.988267539551,100.0,0.6954479217529297,155.59859347084443
-5923.7036,0.14839125,0.33672103,5923.852,-5923.852,0.9136699,0.43927655,3000.0,30.0,20,300.0,337.33945,6506.238,5901.633,-63.320015,213.67297,-248.26306,11916.719,0.022749266,0.40135378,0.40135378,1e-05,0.0003,-5465.958,0.006956890392303467,9135.368001699448,1765000,1.0,764923.0,60.946087574187985,5513.331097231691,100.0,0.6744968891143799,181.74603340757528
-5942.5283,0.14287247,0.2695926,5942.6714,-5942.6714,0.59424216,0.43734646,3000.0,30.0,20,300.0,372.89905,6498.7246,5925.7236,23.96309,115.327,-304.13077,9891.995,0.028788274,0.25988972,0.25988972,1e-05,0.0003,-5491.6626,0.006929113864898682,9170.013575792313,1770000,1.0,769923.0,60.89841599921532,5500.25107287872,100.0,1.0088260173797607,181.3071904002233
-5980.0,0.1337325,0.29837322,5980.134,-5980.134,0.8098733,0.42268062,3000.0,30.0,20,300.0,318.93326,6498.908,5960.668,109.527534,296.23737,-228.54163,12050.648,0.030626653,0.34231773,0.34231773,1e-05,0.0003,-5558.3716,0.006867945384979248,9204.353307008743,1775000,1.0,774923.0,60.952512738561346,5181.486424016895,100.0,0.6781198978424072,170.61243683026984
-5911.437,0.13925898,0.28090173,5911.576,-5911.576,0.6724856,0.4275641,3000.0,30.0,20,300.0,317.6932,6498.0044,5894.5586,-56.62815,112.394554,-233.18109,10326.155,0.03409917,0.28753072,0.28753072,1e-05,0.0003,-5507.4844,0.006878236007690429,9238.74449133873,1780000,1.0,779933.0,60.943032643926415,5551.556306546066,100.0,0.6510558128356934,183.02851311552536
-5825.8477,0.14746091,0.29030094,5825.995,-5825.995,1.1209816,0.41725,3000.0,30.0,20,300.0,1222.886,6499.0044,5803.117,-11.540855,1258.6267,-955.9724,40969.938,0.027740648,0.4677296,0.4677296,1e-05,0.0003,-4462.643,0.006890946578979492,9273.19922876358,1785000,1.0,784913.0,60.94204224170046,4390.461919171868,100.0,0.699495792388916,144.07306937745318
-5883.6777,0.14286989,0.29854757,5883.821,-5883.821,1.2141311,0.40469465,3000.0,30.0,20,300.0,386.20447,6426.871,5863.53,-17.57331,222.22287,-178.22195,12241.945,0.026925594,0.49135238,0.49135238,1e-05,0.0003,-5350.0674,0.006799252700805664,9307.195496797562,1790000,1.0,789974.0,60.90328811396615,4111.282471509099,100.0,0.646151065826416,134.70642409476602
-5923.019,0.15468705,0.3071597,5923.174,-5923.174,1.1628385,0.41179487,3000.0,30.0,20,300.0,306.54224,6501.1187,5903.0903,3820.905,125.51193,-127.60243,10935.207,0.019196613,0.4788509,0.4788509,1e-05,0.0003,-5472.8213,0.006808282518386841,9341.236914396286,1795000,1.0,794936.0,60.91085446160837,5256.708632013239,100.0,0.6541543006896973,173.13618901038504
-5965.181,0.11931268,0.27500382,5965.3003,-5965.3003,1.0191977,0.40623426,3000.0,30.0,20,300.0,478.31482,6504.127,5945.4287,2.5513372,278.43488,-340.18835,15829.279,0.03963461,0.414033,0.414033,1e-05,0.0003,-5362.6562,0.006794642066955566,9375.210129976273,1800000,1.0,799936.0,60.882710302295486,1277.1865233239607,100.0,0.6509523391723633,39.62073040925891
-5886.233,0.14352444,0.294594,5886.3765,-5886.3765,1.0597845,0.39582735,3000.0,30.0,20,300.0,494.126,6506.919,5866.134,6.0895743,475.43155,-461.13382,16877.244,0.030589258,0.41949174,0.41949174,1e-05,0.0003,-5266.2593,0.008426443195343018,9417.34235048294,1805000,1.0,804986.0,60.93748313723431,4765.436662214591,100.0,0.6602163314819336,156.6537068042115
-5911.704,0.12418592,0.28723714,5911.828,-5911.828,1.5138384,0.39221522,3000.0,30.0,20,300.0,388.1984,6507.2646,5890.327,3428.973,297.82755,-287.82904,15262.305,0.024695283,0.5937505,0.5937505,1e-05,0.0003,-5345.381,0.006833225393295288,9451.50848197937,1810000,0.0,809986.0,0.8250388497438984,950.2017592518757,100.0,0.6377420425415039,28.650186826817357
-5965.187,0.14139664,0.29112768,5965.3286,-5965.3286,1.0698357,0.42537117,3000.0,30.0,20,300.0,377.46844,6511.1216,5943.1143,2.1066895,113.26134,-186.74556,10434.955,0.032723907,0.45507723,0.45507723,1e-05,0.0003,-5451.196,0.006789858722686767,9485.457779884338,1815000,1.0,814986.0,60.929849469304266,4764.445097502544,100.0,0.6533408164978027,156.62043918723495
-5915.2466,0.14213526,0.28958902,5915.3887,-5915.3887,1.1117893,0.4178836,3000.0,30.0,20,300.0,1782.1108,6504.361,5895.751,-4.716537,4817.446,-1646.117,90648.73,0.022147706,0.46459854,0.46459854,1e-05,0.0003,-3993.756,0.006714028120040893,9519.027924776077,1820000,1.0,819958.0,60.94874216890615,2221.248674669453,100.0,0.6473827362060547,71.2946067296432
-5954.474,0.14104453,0.28960627,5954.615,-5954.615,0.55758446,0.41758797,3000.0,30.0,20,300.0,307.14783,6515.3223,5936.542,2.1797624,162.86346,-160.00885,9255.673,0.038386613,0.23284055,0.23284055,1e-05,0.0003,-5577.474,0.006734062242507935,9552.698239803314,1825000,1.0,824925.0,60.92682098268087,5622.678130642167,100.0,0.6555647850036621,185.41469484825288
-5963.1006,0.1286437,0.26336455,5963.229,-5963.229,0.9375374,0.41911602,3000.0,30.0,20,300.0,467.57147,6518.1787,5945.151,3604.867,186.69789,-183.18459,11677.407,0.02777576,0.39293694,0.39293694,1e-05,0.0003,-5377.6484,0.006799685430526734,9586.69667172432,1830000,1.0,829925.0,60.93511353739933,4661.972843489059,100.0,0.6597952842712402,153.18243090010228
-5955.6807,0.1427199,0.28046113,5955.823,-5955.823,0.9574313,0.42018446,3000.0,30.0,20,300.0,320.97644,6522.0312,5936.585,4001.7847,205.25826,-129.8897,9850.429,0.024823949,0.40229777,0.40229777,1e-05,0.0003,-5514.0146,0.006873918199539184,9621.066267490387,1835000,1.0,834927.0,60.94166581327859,4329.949783991162,100.0,1.0297141075134277,142.04284935129874
-5945.707,0.14848527,0.28654695,5945.8555,-5945.8555,0.91135263,0.41960415,3000.0,30.0,20,300.0,348.22992,6525.5845,5927.3467,159.8282,195.31212,-165.00557,11782.783,0.030990243,0.38240737,0.38240737,1e-05,0.0003,-5482.755,0.006754830598831176,9654.84042596817,1840000,1.0,839927.0,60.94811735622255,4848.524550411701,100.0,0.6782326698303223,159.44135748030993
-5932.712,0.14735806,0.2930563,5932.8594,-5932.8594,0.8131272,0.430497,3000.0,30.0,20,300.0,198.82059,6538.1284,5912.6255,-18.9276,106.499886,-144.40839,8396.367,0.025909387,0.3500488,0.3500488,1e-05,0.0003,-5628.8765,0.006779513120651245,9688.73799586296,1845000,1.0,844927.0,60.90862277626169,5498.8174157951835,100.0,0.6384122371673584,181.2590903073586
-5968.3433,0.14126647,0.26794708,5968.4844,-5968.4844,1.2686793,0.42857346,3000.0,30.0,20,300.0,380.43008,6553.109,5951.708,4379.723,334.76477,-206.15584,12443.664,0.034940172,0.5437223,0.5437223,1e-05,0.0003,-5424.7964,0.0067776228904724125,9722.626115083694,1850000,1.0,849906.0,60.89866830241081,4836.562594285762,100.0,0.658139705657959,159.0400263620749
-5957.743,0.15011351,0.29851574,5957.893,-5957.893,0.96125746,0.4253776,3000.0,30.0,20,300.0,378.41507,6556.939,5935.8584,-55.522614,283.95645,-231.35515,11909.712,0.029226815,0.4088974,0.4088974,1e-05,0.0003,-5456.6587,0.006776463747024536,9756.508437871933,1855000,1.0,854906.0,60.964048541442395,5453.377653566056,100.0,0.6538662910461426,179.73455783158695
-6053.3853,0.11651561,0.25400674,6053.502,-6053.502,0.7644245,0.4298813,3000.0,30.0,20,300.0,270.93475,6559.2705,6037.551,3695.311,243.65598,-293.23923,10258.698,0.044368863,0.3286118,0.3286118,1e-05,0.0003,-5683.867,0.006694046211242676,9789.978672742844,1860000,1.0,859983.0,60.92159983403686,4518.520943437605,100.0,0.644336462020874,148.36952982819912
-5930.5015,0.13473721,0.27648208,5930.636,-5930.636,0.8209753,0.44407,3000.0,30.0,20,300.0,407.08783,6519.935,5911.3545,216.85176,249.88596,-347.6435,12576.947,0.032856118,0.36457053,0.36457053,1e-05,0.0003,-5414.0425,0.0069565126419067385,9824.761240720749,1865000,0.0,864973.0,0.6624756378409609,3251.5391955022246,100.0,0.6572971343994141,105.86149883988409
-6033.605,0.13550237,0.24280787,6033.7407,-6033.7407,1.2519394,0.4402822,3000.0,30.0,20,300.0,296.1541,6573.2065,6015.952,9.254655,161.1639,-284.69348,10788.021,0.025262106,0.5512066,0.5512066,1e-05,0.0003,-5572.089,0.006874090909957885,9859.13170003891,1870000,0.0,869972.0,10.864958527067627,778.9708299351012,100.0,0.6425683498382568,22.90528192868723
-6022.4844,0.10997025,0.2332901,6022.594,-6022.594,1.416784,0.43894368,3000.0,30.0,20,300.0,494.60352,6588.656,6007.5977,-21.021944,336.50003,-173.40346,13021.684,0.03523974,0.6218884,0.6218884,1e-05,0.0003,-5341.3145,0.006859596920013427,9893.429689645767,1875000,0.0,874929.0,10.885388593613639,4894.563003616841,100.0,0.6442933082580566,160.98597641320873
-5965.826,0.13452494,0.2981923,5965.961,-5965.961,0.8451647,0.44867215,3000.0,30.0,20,300.0,351.5562,6587.8916,5945.9736,-9.969718,271.6668,-272.44525,11260.194,0.03186636,0.3792019,0.3792019,1e-05,0.0003,-5500.5093,0.006913610792160034,9927.997747898102,1880000,1.0,879947.0,60.921618738933276,4405.393242991814,100.0,0.6941447257995605,144.57402464114907
-6040.405,0.14798409,0.29079077,6040.5527,-6040.5527,0.8350329,0.4300612,3000.0,30.0,20,300.0,338.25403,6548.2905,6020.217,69.91947,102.681305,-170.82445,10444.757,0.024175212,0.3591152,0.3591152,1e-05,0.0003,-5594.4165,0.006832901000976562,9962.162257194519,1885000,1.0,884947.0,60.91954032438679,5500.13928974385,100.0,0.6579813957214355,181.30344000605325
-6030.461,0.15429853,0.30232638,6030.615,-6030.615,0.9747511,0.43603286,3000.0,30.0,20,300.0,1059.1538,6580.7363,6011.5464,-83.82611,2480.4678,-3286.811,69220.99,0.027095784,0.42502353,0.42502353,1e-05,0.0003,-4843.8003,0.006859061527252197,9996.457569122314,1890000,0.0,889969.0,0.5768949255859478,743.9374350531236,100.0,0.6481430530548096,21.72988959356029
-5999.2183,0.13115872,0.30299613,5999.3496,-5999.3496,1.3240297,0.43423325,3000.0,30.0,20,300.0,306.54407,6576.5005,5982.0605,-57.16011,198.90695,-109.55258,9293.217,0.019947404,0.5749377,0.5749377,1e-05,0.0003,-5520.193,0.006798123502731323,10030.448191642761,1895000,1.0,894934.0,60.9453744343089,5318.799017416645,100.0,0.6726014614105225,175.21936031976287
-6055.619,0.109646365,0.2353059,6055.729,-6055.729,0.89229816,0.4433413,3000.0,30.0,20,300.0,418.4775,6570.1094,6036.51,291.20914,140.77533,-278.6485,13685.615,0.01757928,0.39559263,0.39559263,1e-05,0.0003,-5518.464,0.006776567554473877,10064.331033706665,1900000,0.0,899971.0,0.6774618407789036,676.4347177506572,100.0,0.6569907665252686,19.46513115993283
-5980.387,0.15497877,0.31042933,5980.542,-5980.542,0.6774798,0.44190556,3000.0,30.0,20,300.0,1741.3975,6560.1914,5960.176,-7.0287027,3586.4524,-3395.362,83136.09,0.019499207,0.2993821,0.2993821,1e-05,0.0003,-4149.1753,0.008519232177734376,10106.927198648453,1905000,1.0,904930.0,60.900834216810466,2496.1520332511964,100.0,0.6558637619018555,80.51778654610622
-6091.922,0.12699056,0.2625971,6092.049,-6092.049,0.7670148,0.4420879,3000.0,30.0,20,300.0,536.0442,6566.6978,6074.383,3946.3884,335.49622,-527.65936,16140.732,0.02037331,0.33908796,0.33908796,1e-05,0.0003,-5454.1514,0.006736562061309815,10140.610013008118,1910000,1.0,909999.0,60.93647946116067,5379.347164634563,100.0,0.6700789928436279,177.25078857231543
-6031.9165,0.14281301,0.2616512,6032.059,-6032.059,0.7795693,0.43498898,3000.0,30.0,20,300.0,387.81152,6572.3413,6012.794,8.473659,217.8574,-227.6699,12782.904,0.0308397,0.3391041,0.3391041,1e-05,0.0003,-5542.3735,0.0068282470703125,10174.751252889633,1915000,1.0,914950.0,60.92809169053605,4883.3478981124945,100.0,0.9817757606506348,160.60970260098304
-6023.279,0.13349435,0.26259923,6023.412,-6023.412,1.2812827,0.43117982,3000.0,30.0,20,300.0,457.72064,6532.1553,6007.3413,-38.343662,294.95535,-265.42654,14354.153,0.023911666,0.55246323,0.55246323,1e-05,0.0003,-5399.8193,0.006728620672225952,10208.394360780716,1920000,1.0,919949.0,60.90200138787789,4453.198517394204,100.0,0.6473150253295898,146.1779215315448
-5987.0176,0.12617075,0.29583335,5987.1436,-5987.1436,1.0145167,0.44327784,3000.0,30.0,20,300.0,578.63196,6594.765,5968.284,-19.797144,579.11395,-351.3236,17547.266,0.0435439,0.44971275,0.44971275,1e-05,0.0003,-5273.4717,0.006713952112197876,10241.964125394821,1925000,1.0,924926.0,60.92293920739854,5500.587079039139,100.0,0.6312847137451172,181.31846361730211
-6042.1733,0.13327688,0.2601087,6042.3066,-6042.3066,1.421365,0.44908902,3000.0,30.0,20,300.0,353.28897,6563.927,6024.666,-74.020325,365.43402,-221.54088,11049.711,0.022367384,0.6383194,0.6383194,1e-05,0.0003,-5497.3887,0.006796475505828858,10275.9465072155,1930000,1.0,929926.0,60.93201083181636,4763.872246151122,100.0,0.651679277420044,156.60121966569284
-6047.7534,0.12472971,0.26124102,6047.878,-6047.878,0.982718,0.45499268,3000.0,30.0,20,300.0,500.53168,6606.4834,6025.427,23.348612,397.0219,-536.7314,15866.531,0.030364487,0.4471295,0.4471295,1e-05,0.0003,-5413.083,0.0067306120872497556,10309.599572181702,1935000,1.0,934926.0,60.91442064923811,4453.092854407958,100.0,0.6493110656738281,146.1743764721933
-6011.482,0.12581839,0.28166336,6011.608,-6011.608,1.0449344,0.45141053,3000.0,30.0,20,300.0,5112.455,6604.0366,5990.2075,23.700258,27030.6,-28074.033,501586.62,0.039545845,0.4716944,0.4716944,1e-05,0.0003,-757.51855,0.006854914999008178,10343.874152898788,1940000,1.0,939926.0,60.94039495409143,5319.351673825181,100.0,0.655472993850708,175.23790228832576
-6105.4497,0.12079358,0.25052464,6105.5703,-6105.5703,1.0683622,0.4466711,3000.0,30.0,20,300.0,361.53928,6595.518,6088.111,4423.7456,327.14905,-177.84589,12242.367,0.030496826,0.47720653,0.47720653,1e-05,0.0003,-5600.7485,0.006845073318481445,10378.099524021149,1945000,1.0,944926.0,60.92095279302243,3664.6951926392067,100.0,0.6756389141082764,119.72314124943424
-5996.1787,0.13064523,0.27666482,5996.3096,-5996.3096,0.6347157,0.461807,3000.0,30.0,20,300.0,366.90414,6592.1387,5978.9287,7.6044273,712.8456,-245.00182,15216.974,0.023397341,0.29311615,0.29311615,1e-05,0.0003,-5541.3394,0.0067492894172668455,10411.845975399017,1950000,0.0,949926.0,10.849657915190551,3798.3162995279995,100.0,0.6612129211425781,124.20621305498914
-6036.0933,0.12329784,0.23920195,6036.217,-6036.217,1.129302,0.4657528,3000.0,30.0,20,300.0,521.2408,6580.301,6019.76,28.646885,480.8133,-784.12616,15619.215,0.032627545,0.5259756,0.5259756,1e-05,0.0003,-5357.06,0.006807758474349976,10445.88477230072,1955000,1.0,954926.0,60.91599435888598,4826.094184397898,100.0,0.672461986541748,158.6888046553401
-6090.4336,0.1076989,0.23440596,6090.5415,-6090.5415,0.9748376,0.4770579,3000.0,30.0,20,300.0,433.93936,6570.741,6073.628,-12.460929,1397.8392,-1994.107,39781.684,0.022309443,0.46505398,0.46505398,1e-05,0.0003,-5516.978,0.006798572444915772,10479.877638816833,1960000,1.0,959904.0,60.91791000668668,5512.134117246614,100.0,0.6471409797668457,181.7058739795638
-5961.415,0.14016856,0.26433903,5961.555,-5961.555,0.9391125,0.47991967,3000.0,30.0,20,300.0,385.49802,6569.5596,5942.9043,66.861855,410.26828,-208.97478,12013.794,0.03342564,0.45069855,0.45069855,1e-05,0.0003,-5440.7075,0.006697298336029053,10513.364134311676,1965000,1.0,964978.0,60.941469895322854,5562.569849170803,100.0,0.6317319869995117,183.39802436692764
-6020.9067,0.105824135,0.23055112,6021.0127,-6021.0127,0.7608161,0.47345263,3000.0,30.0,20,300.0,272.872,6568.621,6005.1865,-14.717372,281.67746,-200.83327,9777.844,0.025220206,0.3602104,0.3602104,1e-05,0.0003,-5639.9717,0.006827438497543335,10547.501330852509,1970000,1.0,969965.0,60.93781129303889,4454.3577184592195,100.0,0.6593563556671143,146.21681345313218
-6057.694,0.13605511,0.25815982,6057.83,-6057.83,0.7225895,0.44912878,3000.0,30.0,20,300.0,460.1899,6565.91,6038.8027,1286.8872,461.7544,-503.11307,22959.39,0.020850837,0.32453573,0.32453573,1e-05,0.0003,-5500.143,0.00677887978553772,10581.39573431015,1975000,0.0,974965.0,0.675369695459246,1259.9844657799893,100.0,0.6515095233917236,39.04359060725822
-6005.452,0.12766623,0.26036704,6005.5796,-6005.5796,1.0505536,0.44798714,3000.0,30.0,20,300.0,468.58466,6558.627,5989.1123,-25.015173,360.79053,-296.25055,13116.414,0.03726011,0.47063446,0.47063446,1e-05,0.0003,-5395.6772,0.0069254065990448,10616.022771596909,1980000,1.0,979959.0,60.9422554999656,4466.561020742922,100.0,0.7070560455322266,146.62624188608373
-5988.8545,0.14542216,0.3051216,5989.0,-5989.0,0.7715205,0.46684963,3000.0,30.0,20,300.0,740.2226,6506.056,5963.5312,787.241,808.93164,-1455.3258,32166.46,0.024570351,0.36018404,0.36018404,1e-05,0.0003,-5140.5767,0.006973317670822143,10650.889364004135,1985000,1.0,984946.0,60.90739027779176,5500.179691553697,100.0,0.6853818893432617,181.304795512072
-6025.6626,0.13338077,0.24744919,6025.796,-6025.796,0.9882686,0.45620847,3000.0,30.0,20,300.0,292.51675,6557.119,6007.998,3.101592,179.37866,-342.69574,10447.485,0.026703373,0.4508565,0.4508565,1e-05,0.0003,-5597.889,0.006896690464019775,10685.37282037735,1990000,1.0,989946.0,60.924323815516196,4392.269639277583,100.0,0.6359353065490723,144.1337195189388
-5991.4175,0.12804545,0.2576744,5991.5454,-5991.5454,0.8225254,0.45496097,3000.0,30.0,20,300.0,592.9497,6555.1743,5974.193,3291.1624,867.83563,-555.1323,20606.28,0.0344573,0.37421697,0.37421697,1e-05,0.0003,-5286.2026,0.006843465852737427,10719.590155124664,1995000,1.0,994946.0,60.890839687631335,2714.2743725382998,100.0,1.0099167823791504,87.83592761070257
-5981.318,0.14390145,0.2718323,5981.462,-5981.462,1.0375196,0.43913612,3000.0,30.0,20,300.0,580.11035,6540.28,5963.6187,3290.3044,315.69952,-802.29266,17240.488,0.042832784,0.4556123,0.4556123,1e-05,0.0003,-5264.524,0.006781173658370972,10753.496027946472,2000000,1.0,999925.0,60.94989425279722,5319.081322499382,100.0,0.6577160358428955,175.22883183205948
