training/actor/actor_loss,training/actor/bound_loss,training/actor/mse,training/actor/q,training/actor/q_loss,training/alpha/current_vs_historical_ratio,training/alpha/historical_avg_loss,training/alpha/max_alpha_bound,training/alpha/min_alpha_bound,training/alpha/valid_count,training/alpha_weight,training/critic/critic_loss,training/critic/q_max,training/critic/q_mean,training/critic/q_min,training/grad/max,training/grad/min,training/grad/norm,training/meanflow/consistency_loss,training/meanflow/flow_loss,training/meanflow/mean_flow_loss,training/metrics/actor_learning_rate,training/metrics/critic_learning_rate,training/total_loss,time/epoch_time,time/total_time,step,exploration/goal_achieved,exploration/total.timesteps,exploration/episode.final_reward,exploration/episode.return,exploration/episode.length,exploration/episode.duration,exploration/episode.normalized_return
0.28470463,0.0,0.43014118,-0.28470463,0.28470463,1.0,0.0,30000.0,300.0,0,3000.0,303.8808,3.1194437,-0.40330333,-3.7581298,5183.8115,-4457.176,105387.58,0.08416908,0.9195273,0.9195273,0.0,0.0003,3062.7473,0.008822185373306275,44.11093044281006,0,,,,,,,
-103.54533,0.03087598,0.09687518,103.5762,-103.5762,24825152.0,0.0,30000.0,300.0,2,3000.0,83.77681,1107.8306,102.795235,-35.9234,1990.0142,-1462.5393,41608.156,0.017310081,0.24825153,0.24825153,1e-05,0.0003,724.9861,0.009524249362945556,91.73218321800232,5000,,,,,,,
-213.48332,0.018760825,0.04876491,213.50209,-213.50209,16619031.0,0.0,30000.0,300.0,4,3000.0,141.27502,2628.1077,212.92447,-65.92799,3052.7175,-2858.1604,49994.348,0.008034276,0.16619031,0.16619031,2e-05,0.0003,426.3626,0.00370696587562561,110.26701712608337,10000,,,,,,,
-832.35706,0.018678647,0.06627268,832.37573,-832.37573,20482950.0,0.0,30000.0,300.0,7,3000.0,1139.4408,3602.7507,808.6735,-130.81226,2956.549,-2058.3708,61352.16,0.008633199,0.2048295,0.2048295,3e-05,0.0003,921.57227,0.0037014560222625734,128.77430200576782,15000,,,,,,,
-2577.679,0.029020686,0.13098046,2577.708,-2577.708,47133024.0,0.0,30000.0,300.0,9,3000.0,2302.2192,4230.7773,2530.1487,98.076706,2072.3787,-2682.7773,107800.56,0.008464981,0.47133023,0.47133023,4e-05,0.0003,1138.531,0.0036435410976409914,146.9920117855072,20000,,,,,,,
-2772.6016,0.014060484,0.087604746,2772.6157,-2772.6157,3.6626225,0.08505862,30000.0,300.0,12,3000.0,1626.7355,4910.8545,2735.8474,148.64882,2392.0498,-3674.1885,59099.453,0.0056177448,0.31153762,0.31153762,5e-05,0.0003,-211.25323,0.003751743984222412,165.75073623657227,25000,,,,,,,
-3128.2122,0.013487397,0.044459857,3128.2256,-3128.2256,1.4241215,0.12736188,30000.0,300.0,14,3000.0,484.5434,5572.0215,3121.6523,315.86496,2122.7522,-2880.4268,25742.047,0.005692848,0.18137878,0.18137878,6e-05,0.0003,-2099.5322,0.0036859426021575927,184.1804540157318,30000,,,,,,,
-3104.6497,0.012257892,0.053110905,3104.6619,-3104.6619,1.046069,0.20038019,30000.0,300.0,17,3000.0,365.38953,6246.2715,3096.5388,781.8619,2864.1235,-4397.2715,36675.46,0.01108248,0.2096115,0.2096115,6.9999995e-05,0.0003,-2110.4258,0.003700083112716675,202.6808741092682,35000,,,,,,,
-4409.6387,0.02359191,0.2525445,4409.662,-4409.662,2.6371882,0.22457926,30000.0,300.0,19,3000.0,3853.297,6763.5664,4183.514,-365.84088,2913.9927,-1726.7589,84156.67,0.014771681,0.59225774,0.59225774,8e-05,0.0003,1220.4316,0.0036453646183013918,220.9077022075653,40000,,,,,,,
-5163.024,0.030474931,0.17633031,5163.054,-5163.054,1.7603339,0.25246593,30000.0,300.0,20,3000.0,3430.1558,7063.3037,5083.9473,4128.348,1701.5258,-1620.126,56290.72,0.0147413965,0.44442433,0.44442433,8.9999994e-05,0.0003,-399.5952,0.003696460485458374,239.39000940322876,45000,,,,,,,
-4829.077,0.0050007286,0.03512538,4829.082,-4829.082,0.58784765,0.26614997,30000.0,300.0,20,3000.0,11094.291,7395.975,4816.1274,3687.3696,16908.432,-11885.984,305806.25,0.0049754223,0.15645564,0.15645564,1e-04,0.0003,6734.5806,0.0036922600746154785,257.85131454467773,50000,,,,,,,
-5630.6475,0.009706879,0.09177591,5630.657,-5630.657,1.8782405,0.2684042,30000.0,300.0,20,3000.0,13011.488,7717.8613,5574.256,2925.783,3009.6667,-4511.3677,163634.36,0.00679006,0.5041276,0.5041276,9.999385e-05,0.0003,8893.224,0.003694381809234619,276.32322812080383,55000,,,,,,,
-5790.712,0.0067869416,0.026676876,5790.7188,-5790.7188,0.5564894,0.27569363,30000.0,300.0,20,3000.0,1547.7349,7971.793,5787.288,485.96216,1173.4796,-717.9988,25908.95,0.0041572093,0.15342058,0.15342058,9.99754e-05,0.0003,-3782.7153,0.0036487902641296386,294.5671842098236,60000,,,,,,,
-6504.028,0.013066363,0.073002,6504.041,-6504.041,1.0792011,0.2757909,30000.0,300.0,20,3000.0,13015.984,8275.273,6457.3213,4889.7812,2154.5608,-2558.3967,172062.78,0.0076223286,0.29763383,0.29763383,9.994465e-05,0.0003,7404.858,0.003692323398590088,313.02880597114563,65000,,,,,,,
-6517.9243,0.0068020667,0.026415655,6517.931,-6517.931,0.50310636,0.28181458,30000.0,300.0,20,3000.0,6278.9243,8501.344,6515.5654,5272.3696,1203.7216,-949.9966,82355.43,0.0041448497,0.1417827,0.1417827,9.990162e-05,0.0003,186.34811,0.003698931312561035,331.52346754074097,70000,,,,,,,
-6137.977,0.0074909064,0.02528845,6137.9844,-6137.9844,0.5374819,0.27338988,30000.0,300.0,20,3000.0,561.24927,8674.869,6131.741,-311.13916,475.08337,-471.08206,16824.232,0.0035818901,0.14694211,0.14694211,9.984629e-05,0.0003,-5135.9014,0.003691868829727173,349.98281621932983,75000,,,,,,,
-7286.7285,0.097445115,0.77667165,7286.826,-7286.826,2.011436,0.26499957,30000.0,300.0,20,3000.0,16388.479,8929.483,7135.0312,265.2879,2291.5308,-2203.101,152939.12,0.03327478,0.5330297,0.5330297,9.977873e-05,0.0003,10700.839,0.003644243812561035,368.20403957366943,80000,,,,,,,
-7178.7314,0.033328086,0.38988328,7178.7646,-7178.7646,1.2787768,0.25865185,30000.0,300.0,20,3000.0,3593.9956,9075.623,7044.165,-348.3456,634.7113,-685.60944,34942.113,0.015539547,0.33075798,0.33075798,9.969891e-05,0.0003,-2592.462,0.0036893295764923095,386.650691986084,85000,,,,,,,
-7619.2705,0.006106938,0.028175497,7619.277,-7619.277,0.6411374,0.25069734,30000.0,300.0,20,3000.0,10472.772,9303.105,7613.538,5466.8936,2001.6189,-1180.5056,104369.63,0.005147371,0.16073145,0.16073145,9.9606885e-05,0.0003,3335.6963,0.0036872273445129394,405.0868327617645,90000,,,,,,,
-7539.552,0.058688708,0.5125604,7539.6104,-7539.6104,1.720111,0.27316803,30000.0,300.0,20,3000.0,5381.6724,9386.611,7381.5596,81.26708,606.6524,-1159.9517,74573.29,0.02809494,0.46987933,0.46987933,9.950265e-05,0.0003,-748.24146,0.0037110665798187254,423.64217019081116,95000,,,,,,,
-7914.486,0.0031440258,0.023371736,7914.489,-7914.489,0.6419896,0.26618263,30000.0,300.0,20,3000.0,226.53525,9575.874,7910.6553,6506.0947,685.3844,-612.6018,18207.875,0.0073060053,0.17088649,0.17088649,9.938626e-05,0.0003,-7175.291,0.0036219518661499022,441.75193428993225,100000,,,,,,,
-7957.2554,0.026606586,0.28707534,7957.2817,-7957.2817,1.350559,0.25314286,30000.0,300.0,20,3000.0,1925.0333,9656.434,7820.305,6389.6436,770.82837,-583.48193,52590.16,0.010597471,0.34188437,0.34188437,9.9257726e-05,0.0003,-5006.5693,0.007896946811676025,481.2366726398468,105000,,,,,,,
-7978.2305,0.006686452,0.04814374,7978.2373,-7978.2373,1.244957,0.23970513,30000.0,300.0,20,3000.0,2980.9946,9772.35,7953.327,2660.608,617.92725,-609.4926,47297.18,0.0052455883,0.29842257,0.29842257,9.91171e-05,0.0003,-4101.9683,0.003799111461639404,500.232234954834,110000,,,,,,,
-8200.277,0.010761442,0.1283473,8200.288,-8200.288,0.8273826,0.26645958,30000.0,300.0,20,3000.0,4083.5854,9857.258,8129.5996,-338.41098,1218.0701,-781.83905,80491.36,0.0061088055,0.22046402,0.22046402,9.896442e-05,0.0003,-3455.2998,0.003753155565261841,518.9980175495148,115000,,,,,,,
-8220.351,0.010367593,0.025486495,8220.361,-8220.361,0.4582594,0.2718427,30000.0,300.0,20,3000.0,304.9007,9946.047,8214.128,7132.2607,469.77454,-402.06357,14584.013,0.0058135474,0.12457447,0.12457447,9.8799705e-05,0.0003,-7541.7266,0.0036703177452087404,537.34961104393,120000,,,,,,,
-8233.098,0.007064209,0.028090166,8233.1045,-8233.1045,0.44709626,0.26016137,30000.0,300.0,20,3000.0,308.7201,10018.913,8224.203,4993.681,470.57443,-283.0356,11881.484,0.0041358275,0.11631717,0.11631717,9.8623015e-05,0.0003,-7575.426,0.003727894926071167,555.9890902042389,125000,,,,,,,
-8593.7295,0.058980823,0.61359406,8593.788,-8593.788,1.6753925,0.26282248,30000.0,300.0,20,3000.0,2309.2388,10152.724,8440.683,-302.13004,437.3688,-1131.8838,69873.06,0.022866497,0.4403308,0.4403308,9.843441e-05,0.0003,-4963.498,0.0037157043933868407,574.5676169395447,130000,,,,,,,
-8368.289,0.007575605,0.028350739,8368.297,-8368.297,0.72313124,0.2460809,30000.0,300.0,20,3000.0,1881.2007,10206.091,8363.648,-163.36635,889.3865,-345.5121,47447.43,0.0053069424,0.17794877,0.17794877,9.823391e-05,0.0003,-5953.242,0.0036657792568206785,592.8965227603912,135000,,,,,,,
-8478.731,0.0045773145,0.024015084,8478.736,-8478.736,0.6600354,0.23282507,30000.0,300.0,20,3000.0,392.66772,10250.661,8472.947,-87.085396,369.1435,-342.75183,14958.49,0.0038072332,0.15367278,0.15367278,9.8021614e-05,0.0003,-7625.045,0.0037091590881347656,611.4423227310181,140000,,,,,,,
-8836.24,0.005396176,0.027073963,8836.246,-8836.246,0.99933136,0.2315648,30000.0,300.0,20,3000.0,535.8412,10308.787,8826.473,66.12347,685.2613,-703.10345,33767.52,0.0034925556,0.23140997,0.23140997,9.779754e-05,0.0003,-7606.1694,0.003702513885498047,629.9548971652985,145000,,,,,,,
-8692.814,0.004971934,0.027732456,8692.819,-8692.819,1.0552622,0.24029373,30000.0,300.0,20,3000.0,2509.2446,10361.75,8680.289,-90.658646,1440.0751,-507.40283,64601.633,0.004390484,0.25357288,0.25357288,9.756177e-05,0.0003,-5422.851,0.003703974723815918,648.4747762680054,150000,,,,,,,
-8934.578,0.040938307,0.42292684,8934.619,-8934.619,1.850008,0.23460792,30000.0,300.0,20,3000.0,1672.9578,10400.723,8809.987,-84.45837,405.40167,-984.5454,51291.938,0.010665111,0.43402654,0.43402654,9.7314376e-05,0.0003,-5959.5405,0.0036356098651885984,666.6528301239014,155000,,,,,,,
-8732.208,0.02341249,0.14047246,8732.231,-8732.231,1.1815753,0.2251321,30000.0,300.0,20,3000.0,2277.8237,10458.637,8671.535,-62.476368,1905.2764,-1696.7639,63105.773,0.0064307144,0.26601052,0.26601052,9.7055396e-05,0.0003,-5656.3525,0.003699401617050171,685.1498422622681,160000,,,,,,,
-8865.155,0.0065229414,0.027315514,8865.162,-8865.162,0.63983816,0.2513783,30000.0,300.0,20,3000.0,291.54794,10523.457,8858.489,-71.67319,277.52582,-431.13867,10639.068,0.0048592906,0.16084144,0.16084144,9.6784934e-05,0.0003,-8091.083,0.003701745700836182,703.6585755348206,165000,,,,,,,
-8515.304,0.004546491,0.02273568,8515.309,-8515.309,0.54953897,0.26308075,30000.0,300.0,20,3000.0,212.76651,10505.202,8510.699,6904.073,486.28503,-381.69806,15186.693,0.0043819086,0.14457312,0.14457312,9.6503034e-05,0.0003,-7868.818,0.003722703218460083,722.272096157074,170000,,,,,,,
-9197.298,0.042511612,0.47967088,9197.341,-9197.341,2.5835743,0.26346207,30000.0,300.0,20,3000.0,1772.7153,10552.266,9078.256,7331.469,615.193,-1551.2261,68462.55,0.014608575,0.68067384,0.68067384,9.62098e-05,0.0003,-5382.561,0.003658070707321167,740.5624542236328,175000,,,,,,,
-9287.915,0.05004314,0.45091125,9287.965,-9287.965,1.2326306,0.27483678,30000.0,300.0,20,3000.0,655.3237,10631.355,9156.221,8023.9414,497.45166,-530.62354,27975.303,0.013530894,0.33877224,0.33877224,9.59053e-05,0.0003,-7616.275,0.0037086068630218507,759.1054930686951,180000,,,,,,,
-9134.162,0.012814447,0.197837,9134.175,-9134.175,1.2582912,0.30626234,30000.0,300.0,20,3000.0,778.08246,10640.833,9046.669,7984.815,746.7413,-340.83563,36393.11,0.0061361208,0.38536724,0.38536724,9.558961e-05,0.0003,-7199.9785,0.0037065109252929686,777.6380529403687,185000,,,,,,,
-9206.353,0.04051123,0.29549047,9206.393,-9206.393,0.6121051,0.30231345,30000.0,300.0,20,3000.0,783.3988,10666.89,9107.256,7732.9897,369.48935,-881.71625,38449.41,0.010476353,0.1850476,0.1850476,9.526282e-05,0.0003,-7867.8115,0.003704923105239868,796.1626732349396,190000,,,,,,,
-9151.741,0.0064521986,0.06352626,9151.748,-9151.748,0.47574365,0.2950265,30000.0,300.0,20,3000.0,6431.157,10700.945,9113.09,209.45703,2791.2974,-1114.4727,114760.58,0.0037829115,0.14035699,0.14035699,9.4925024e-05,0.0003,-2299.513,0.003638744401931763,814.3564002513885,195000,,,,,,,
-9060.31,0.0027223532,0.025664749,9060.3125,-9060.3125,0.52918255,0.31045347,30000.0,300.0,20,3000.0,311.30438,10511.57,9053.568,273.33612,429.24994,-288.49124,11787.309,0.0029275178,0.16428655,0.16428655,9.457632e-05,0.0003,-8256.1455,0.003712048578262329,832.9166474342346,200000,,,,,,,
-9055.282,0.006800024,0.06233967,9055.289,-9055.289,1.0003016,0.29348883,30000.0,300.0,20,3000.0,5423.14,10668.892,9010.96,945.3491,2612.7854,-891.018,91594.36,0.0033482446,0.29357734,0.29357734,9.42168e-05,0.0003,-2751.4102,0.007654321527481079,871.1882593631744,205000,,,,,,,
-9305.333,0.038183976,0.34946844,9305.371,-9305.371,1.6234353,0.27366886,30000.0,300.0,20,3000.0,287.37766,10708.4375,9185.194,8011.204,402.08435,-277.81293,18114.984,0.014149988,0.44428366,0.44428366,9.384654e-05,0.0003,-7685.104,0.003698532819747925,889.6809287071228,210000,,,,,,,
-9180.23,0.0044801603,0.019487053,9180.235,-9180.235,0.41068733,0.28185862,30000.0,300.0,20,3000.0,212.26854,10677.624,9176.475,8135.387,124.16294,-327.63745,10437.404,0.0027591817,0.11575577,0.11575577,9.346567e-05,0.0003,-8620.694,0.0036440821647644043,907.9013442993164,215000,,,,,,,
-9378.978,0.008732796,0.1590147,9378.986,-9378.986,0.6748414,0.2778121,30000.0,300.0,20,3000.0,1650.7035,10677.987,9301.406,7997.591,1306.1194,-493.12564,58563.56,0.0050320514,0.1874791,0.1874791,9.30743e-05,0.0003,-7165.837,0.0036934282779693605,926.3684906959534,220000,,,,,,,
-9379.8955,0.046907503,0.39046982,9379.942,-9379.942,1.3603144,0.25737634,30000.0,300.0,20,3000.0,576.4021,10692.484,9270.826,6510.636,267.31528,-473.50275,22431.676,0.024402542,0.35011274,0.35011274,9.267249e-05,0.0003,-7753.155,0.0037082112789154054,944.9095513820648,225000,,,,,,,
-9087.176,0.010885402,0.022247974,9087.187,-9087.187,0.43718362,0.2706977,30000.0,300.0,20,3000.0,718.08777,10613.651,9086.003,7863.051,539.07007,-527.2458,24787.445,0.0034794426,0.118344605,0.118344605,9.2260394e-05,0.0003,-8014.054,0.0036905311584472657,963.3622119426727,230000,,,,,,,
-9286.39,0.046409532,0.40947744,9286.437,-9286.437,1.1831381,0.24955674,30000.0,300.0,20,3000.0,356.1971,10667.563,9170.471,8240.8955,535.4739,-390.15625,20798.713,0.010661443,0.29526007,0.29526007,9.183811e-05,0.0003,-8044.412,0.0036365180492401125,981.5448064804077,235000,,,,,,,
-9391.86,0.0461767,0.4499757,9391.906,-9391.906,0.67854553,0.25847846,30000.0,300.0,20,3000.0,352.49643,10669.727,9265.479,5787.992,258.6316,-236.20828,13171.825,0.010014105,0.17538941,0.17538941,9.1405775e-05,0.0003,-8513.196,0.003690218877792358,999.9959051609039,240000,,,,,,,
-9145.632,0.040057644,0.42054808,9145.672,-9145.672,1.1488327,0.2512042,30000.0,300.0,20,3000.0,1060.8553,10678.707,9025.484,362.403,482.33377,-989.7124,40296.78,0.020932345,0.2885916,0.2885916,9.0963455e-05,0.0003,-7219.0015,0.0036896409511566162,1018.44411444664,245000,,,,,,,
-8942.278,0.003352473,0.018597439,8942.281,-8942.281,0.44475102,0.25892118,30000.0,300.0,20,3000.0,1079.6227,10670.87,8937.506,-3.6818974,672.09875,-315.68408,27807.082,0.0036555112,0.11515546,0.11515546,9.051133e-05,0.0003,-7517.1895,0.003722138547897339,1037.0548119544983,250000,,,,,,,
-9237.605,0.010058838,0.15250543,9237.615,-9237.615,1.1122228,0.233342,30000.0,300.0,20,3000.0,640.6112,10707.812,9166.521,7764.7153,421.03784,-627.30066,28564.164,0.0033253215,0.2595283,0.2595283,9.004948e-05,0.0003,-7818.409,0.003639731168746948,1055.2534725666046,255000,,,,,,,
-9314.588,0.025436442,0.29233602,9314.613,-9314.613,1.6437109,0.2348526,30000.0,300.0,20,3000.0,264.90076,10720.487,9213.969,7900.353,304.1698,-247.92027,29518.98,0.008047942,0.38602978,0.38602978,8.9578054e-05,0.0003,-7891.598,0.003687486982345581,1073.6909120082855,260000,,,,,,,
-9371.333,0.0290947,0.35507408,9371.362,-9371.362,0.9010712,0.24606748,30000.0,300.0,20,3000.0,354.8625,10724.802,9261.57,8188.6763,233.19466,-329.72528,18194.848,0.013337024,0.2217243,0.2217243,8.909717e-05,0.0003,-8351.298,0.0037419562816619874,1092.4006977081299,265000,,,,,,,
-9336.727,0.016598152,0.18301335,9336.743,-9336.743,0.9427396,0.23656817,30000.0,300.0,20,3000.0,564.77875,10745.847,9255.307,103.92601,465.18054,-171.31436,25965.457,0.004400583,0.22302218,0.22302218,8.860696e-05,0.0003,-8102.882,0.003639229393005371,1110.5968494415283,270000,,,,,,,
-9402.777,0.03733313,0.41048947,9402.814,-9402.814,1.8081616,0.27499768,30000.0,300.0,20,3000.0,1032.6458,10773.329,9287.6,7727.309,238.02637,-893.53784,37844.457,0.010832716,0.49724025,0.49724025,8.810758e-05,0.0003,-6878.411,0.003715277433395386,1129.1732430458069,275000,,,,,,,
-9136.52,0.0069462676,0.019855952,9136.526,-9136.526,0.44421408,0.25664344,30000.0,300.0,20,3000.0,240.07324,10780.943,9132.914,7999.363,272.5683,-203.80128,9945.382,0.0022140893,0.11400463,0.11400463,8.759914e-05,0.0003,-8554.433,0.0036977434158325193,1147.6619653701782,280000,,,,,,,
-9402.988,0.032159597,0.3817241,9403.0205,-9403.0205,1.1657574,0.25089845,30000.0,300.0,20,3000.0,314.9578,10814.421,9287.022,7212.512,229.3835,-337.14645,17862.418,0.011777502,0.29248673,0.29248673,8.708179e-05,0.0003,-8210.57,0.003696378993988037,1166.1438646316528,285000,,,,,,,
-9270.087,0.07522717,0.57201815,9270.162,-9270.162,0.78670526,0.23769937,30000.0,300.0,20,3000.0,7942.742,10809.073,9130.939,-346.44983,962.4625,-3583.3027,101889.86,0.03649744,0.18699935,0.18699935,8.655565e-05,0.0003,-766.3467,0.003639215326309204,1184.3399457931519,290000,,,,,,,
-9422.864,0.0608292,0.50706756,9422.925,-9422.925,0.76536024,0.259644,30000.0,300.0,20,3000.0,1362.0037,10844.857,9286.0625,4334.574,430.90784,-1152.5723,40969.758,0.023147209,0.1987212,0.1987212,8.602091e-05,0.0003,-7464.697,0.0037162426471710206,1202.9211628437042,295000,,,,,,,
-9356.088,0.013269848,0.18184613,9356.102,-9356.102,1.3406246,0.26008788,30000.0,300.0,20,3000.0,3311.5034,10860.478,9274.273,7855.9106,2123.0125,-495.29874,65840.57,0.0074203033,0.3486802,0.3486802,8.547767e-05,0.0003,-4998.544,0.003713303327560425,1221.487684249878,300000,,,,,,,
-9507.101,0.045752063,0.42026597,9507.146,-9507.146,1.0333227,0.24142165,30000.0,300.0,20,3000.0,849.65625,10827.345,9383.424,7902.8013,264.66425,-1002.9447,31940.738,0.015329666,0.24946648,0.24946648,8.49261e-05,0.0003,-7909.045,0.007484956836700439,1258.9124734401703,305000,,,,,,,
-9374.198,0.0124418335,0.16037022,9374.211,-9374.211,0.92286646,0.2496445,30000.0,300.0,20,3000.0,2215.8525,10846.355,9291.911,4072.7112,3455.4412,-3571.2437,87687.11,0.0038403487,0.23038855,0.23038855,8.436636e-05,0.0003,-6467.18,0.003640257501602173,1277.113766670227,310000,,,,,,,
-9408.689,0.0042749466,0.027524073,9408.693,-9408.693,0.8404739,0.21846166,30000.0,300.0,20,3000.0,4593.57,10876.081,9388.58,4198.9717,2892.0718,-602.7921,76342.39,0.0034080225,0.18361132,0.18361132,8.3798586e-05,0.0003,-4264.2856,0.0036948903560638426,1295.5882234573364,315000,,,,,,,
-9459.374,0.03624747,0.37454382,9459.41,-9459.41,1.4249308,0.22788718,30000.0,300.0,20,3000.0,678.55536,10845.28,9351.18,1005.58374,257.38593,-765.926,29833.588,0.013968531,0.32472345,0.32472345,8.322294e-05,0.0003,-7806.648,0.0036926567554473877,1314.0515122413635,320000,,,,,,,
-9441.863,0.050852366,0.44264957,9441.914,-9441.914,0.75663,0.24450245,30000.0,300.0,20,3000.0,531.50806,10789.555,9307.789,8024.2754,1500.614,-1903.5162,30458.799,0.005083141,0.18499789,0.18499789,8.263957e-05,0.0003,-8355.361,0.0037005004405975344,1332.5540192127228,325000,,,,,,,
-9403.38,0.031801187,0.3523736,9403.412,-9403.412,1.5608562,0.25685892,30000.0,300.0,20,3000.0,361.9945,10886.812,9293.132,7580.9224,214.55162,-428.8921,28916.523,0.010841446,0.40091985,0.40091985,8.2048646e-05,0.0003,-7838.626,0.003640644311904907,1350.7572448253632,330000,,,,,,,
-9105.597,0.003113761,0.020427883,9105.6,-9105.6,0.58271486,0.25053728,30000.0,300.0,20,3000.0,1408.9526,10842.976,9096.264,-296.12808,2868.9084,-3214.0308,51996.28,0.0030081477,0.1459918,0.1459918,8.1450344e-05,0.0003,-7258.6685,0.003702778339385986,1369.2711415290833,335000,,,,,,,
-9427.999,0.020983813,0.2662058,9428.02,-9428.02,0.6485989,0.2389773,30000.0,300.0,20,3000.0,478.4934,10905.068,9323.99,8170.309,499.98383,-329.21683,27839.44,0.004741741,0.15500042,0.15500042,8.0844795e-05,0.0003,-8484.505,0.0036979326248168945,1387.7608094215393,340000,,,,,,,
-9449.475,0.042824753,0.34849402,9449.518,-9449.518,1.8133324,0.25238967,30000.0,300.0,20,3000.0,710.4505,10925.933,9332.3,8149.7876,449.08118,-256.21017,24709.723,0.008090067,0.45766637,0.45766637,8.0232174e-05,0.0003,-7366.0254,0.0036962979316711424,1406.2423031330109,345000,,,,,,,
-9516.529,0.023400474,0.25295573,9516.553,-9516.553,0.7747784,0.25722417,30000.0,300.0,20,3000.0,959.7555,10891.246,9421.424,-244.03398,342.75992,-1085.6771,37334.78,0.008318679,0.19929174,0.19929174,7.961267e-05,0.0003,-7958.8984,0.0036387558460235594,1424.436086654663,350000,,,,,,,
-9600.744,0.034698166,0.3281152,9600.779,-9600.779,1.0167079,0.258629,30000.0,300.0,20,3000.0,769.6752,10921.559,9483.426,4136.469,4040.0396,-3390.4585,77687.75,0.006088653,0.26295012,0.26295012,7.898643e-05,0.0003,-8042.2188,0.0037190436363220216,1443.0313093662262,355000,,,,,,,
-9545.547,0.025262518,0.2660933,9545.572,-9545.572,1.0807195,0.25402996,30000.0,300.0,20,3000.0,1000.43463,10861.737,9458.582,8451.494,556.9956,-1161.0791,37050.03,0.008400315,0.27453512,0.27453512,7.835362e-05,0.0003,-7721.507,0.003704947805404663,1461.5560529232025,360000,,,,,,,
-9393.645,0.007913062,0.059732962,9393.652,-9393.652,0.9829655,0.2328244,30000.0,300.0,20,3000.0,4501.452,10850.91,9354.8955,5767.5063,2527.0872,-716.81085,75107.586,0.0028391613,0.22885835,0.22885835,7.7714445e-05,0.0003,-4205.617,0.003701677942276001,1480.0644476413727,365000,,,,,,,
-9473.117,0.0036959455,0.012299155,9473.121,-9473.121,1.5342718,0.23092262,30000.0,300.0,20,3000.0,9015.293,10862.248,9471.476,5636.3794,4088.8638,-820.63245,103118.336,0.002187483,0.35429808,0.35429808,7.706907e-05,0.0003,605.07007,0.003644479751586914,1498.2868514060974,370000,,,,,,,
-9326.192,0.07306573,0.39977008,9326.266,-9326.266,1.7347271,0.2383739,30000.0,300.0,20,3000.0,4194.536,10855.6455,9206.774,1258.6912,688.7203,-2332.0674,66464.695,0.0105523905,0.41351366,0.41351366,7.641764e-05,0.0003,-3891.1152,0.0036986083984375,1516.779897928238,375000,,,,,,,
-9525.1455,0.01107754,0.16509481,9525.156,-9525.156,0.8943801,0.24396124,30000.0,300.0,20,3000.0,221.60971,10831.889,9455.914,8286.418,260.33133,-457.0102,15554.566,0.00239238,0.21819407,0.21819407,7.5760356e-05,0.0003,-8648.954,0.003701578092575073,1535.2877926826477,380000,,,,,,,
-9428.923,0.034260377,0.35138854,9428.957,-9428.957,1.4543144,0.24906038,30000.0,300.0,20,3000.0,3128.7012,10829.986,9327.833,5862.39,577.5616,-2245.1453,58973.832,0.008255586,0.3622121,0.3622121,7.50974e-05,0.0003,-5213.5854,0.0037129099369049073,1553.852347612381,385000,,,,,,,
-9374.838,0.0023685188,0.02010822,9374.84,-9374.84,0.5863396,0.23393826,30000.0,300.0,20,3000.0,8074.488,10855.248,9361.189,8177.7153,3838.2683,-923.3655,94980.58,0.0025587608,0.13716727,0.13716727,7.442894e-05,0.0003,-888.84827,0.0036303109169006347,1572.0039072036743,390000,,,,,,,
-9420.871,0.037708268,0.3987469,9420.909,-9420.909,1.5239758,0.23646827,30000.0,300.0,20,3000.0,4116.5557,10818.013,9312.252,8099.564,730.69806,-2539.5117,69277.28,0.015089198,0.36037195,0.36037195,7.375519e-05,0.0003,-4223.1997,0.0037065150260925292,1590.53648686409,395000,,,,,,,
-9297.008,0.023820372,0.28779912,9297.031,-9297.031,1.9376283,0.22127071,30000.0,300.0,20,3000.0,264.909,10825.764,9201.035,251.00958,306.5888,-153.31696,21717.0,0.0091953715,0.42874038,0.42874038,7.30763e-05,0.0003,-7745.8774,0.0036973721027374266,1609.0233516693115,400000,,,,,,,
-9322.905,0.044084623,0.42136425,9322.949,-9322.949,1.2158127,0.25035924,30000.0,300.0,20,3000.0,749.1203,10819.507,9203.12,-449.89453,201.61829,-1036.3025,32823.164,0.014327113,0.30438995,0.30438995,7.239246e-05,0.0003,-7660.615,0.0073493397235870365,1645.7700550556183,405000,,,,,,,
-9433.206,0.010400226,0.17280161,9433.217,-9433.217,1.4563009,0.24142842,30000.0,300.0,20,3000.0,764.5266,10829.934,9356.996,-465.4337,1018.33575,-270.18942,35114.062,0.0040196767,0.35159242,0.35159242,7.170388e-05,0.0003,-7613.9023,0.003697930860519409,1664.259714603424,410000,,,,,,,
-9316.095,0.03266027,0.3667321,9316.127,-9316.127,1.4639307,0.24272697,30000.0,300.0,20,3000.0,1239.8116,10788.765,9207.588,6152.401,338.06754,-1206.5865,40297.355,0.0132105695,0.35533547,0.35533547,7.101073e-05,0.0003,-7010.277,0.003697780275344849,1682.748621225357,415000,,,,,,,
-9227.35,0.0071050134,0.017513439,9227.356,-9227.356,0.3326846,0.24334617,30000.0,300.0,20,3000.0,290.69452,10794.418,9224.113,7674.903,481.07397,-315.1005,12713.11,0.0020754382,0.08095752,0.08095752,7.0313195e-05,0.0003,-8693.783,0.003702236795425415,1701.2598133087158,420000,,,,,,,
-9429.529,0.029809663,0.2814046,9429.56,-9429.56,1.4602891,0.2238235,30000.0,300.0,20,3000.0,1548.0107,10823.465,9340.502,8127.7114,400.5625,-1451.5703,48767.125,0.013160133,0.32684705,0.32684705,6.961148e-05,0.0003,-6900.9775,0.0036526831626892088,1719.5232336521149,425000,,,,,,,
-9284.719,0.038945243,0.42330912,9284.758,-9284.758,1.4710704,0.23849618,30000.0,300.0,20,3000.0,623.75415,10822.643,9163.078,7181.486,234.17606,-637.383,25491.098,0.00963577,0.35084468,0.35084468,6.890576e-05,0.0003,-7608.4307,0.003696083450317383,1738.0036561489105,430000,,,,,,,
-9389.628,0.03636006,0.33064547,9389.664,-9389.664,1.9366807,0.25095624,30000.0,300.0,20,3000.0,396.01782,10856.512,9275.301,8222.595,463.58884,-247.25746,26111.928,0.00975387,0.4860221,0.4860221,6.8196256e-05,0.0003,-7535.544,0.003710806131362915,1756.557691335678,435000,,,,,,,
-9410.835,0.0403812,0.3158904,9410.875,-9410.875,0.942378,0.26847035,30000.0,300.0,20,3000.0,311.33286,10859.163,9311.321,6656.214,443.29016,-139.07825,18178.059,0.009130879,0.25300056,0.25300056,6.748313e-05,0.0003,-8340.5,0.003703523302078247,1775.0753128528595,440000,,,,,,,
-9286.584,0.0033411444,0.014025848,9286.587,-9286.587,0.3756436,0.25854453,30000.0,300.0,20,3000.0,214.95255,10872.943,9282.844,114.603836,187.59824,-245.01009,10481.064,0.0020899242,0.0971206,0.0971206,6.67666e-05,0.0003,-8780.2705,0.003635621166229248,1793.253423690796,445000,,,,,,,
-9465.406,0.029602695,0.33973038,9465.436,-9465.436,0.8186105,0.26911926,30000.0,300.0,20,3000.0,542.36365,10869.494,9359.433,80.04,234.2,-619.9072,23959.0,0.007162096,0.22030386,0.22030386,6.604685e-05,0.0003,-8262.132,0.003693768310546875,1811.722270488739,450000,,,,,,,
-9462.93,0.00801423,0.08854715,9462.9375,-9462.9375,1.204885,0.2584387,30000.0,300.0,20,3000.0,1310.0499,10850.615,9414.055,5845.614,960.5172,-343.03235,31071.676,0.0035991499,0.3113889,0.3113889,6.5324086e-05,0.0003,-7218.713,0.0037043293476104735,1830.2439217567444,455000,,,,,,,
-9519.653,0.034041137,0.40776744,9519.6875,-9519.6875,1.2664572,0.25873187,30000.0,300.0,20,3000.0,627.2993,10841.935,9401.641,6452.519,386.3608,-695.5369,31319.488,0.008460627,0.32767284,0.32767284,6.4598484e-05,0.0003,-7909.335,0.0036414774894714353,1848.451313495636,460000,,,,,,,
-9393.87,0.026902657,0.30441624,9393.897,-9393.897,1.5379943,0.27761522,30000.0,300.0,20,3000.0,225.40352,10835.73,9283.924,7532.115,324.9353,-383.30673,17860.082,0.005785855,0.4269706,0.4269706,6.387027e-05,0.0003,-7887.555,0.003700972127914429,1866.9561789035797,465000,,,,,,,
-9308.081,0.002930961,0.0139534045,9308.084,-9308.084,0.42278162,0.28572527,30000.0,300.0,20,3000.0,4693.39,10850.825,9305.166,5821.807,2824.094,-576.47327,68443.53,0.0020593025,0.12079939,0.12079939,6.3139625e-05,0.0003,-4252.293,0.0037148515224456786,1885.530441045761,470000,,,,,,,
-9228.233,0.043420997,0.27473223,9228.276,-9228.276,1.553408,0.26604316,30000.0,300.0,20,3000.0,3761.9797,10835.694,9133.734,1619.106,622.34283,-2430.2769,59681.95,0.0062515964,0.41327357,0.41327357,6.2406754e-05,0.0003,-4226.433,0.003699235773086548,1904.0266246795654,475000,,,,,,,
-9322.555,0.0037407158,0.01400784,9322.559,-9322.559,0.33597183,0.2677364,30000.0,300.0,20,3000.0,9527.457,10871.473,9317.23,6281.925,4283.4463,-899.84845,101462.2,0.0012663314,0.089951895,0.089951895,6.167186e-05,0.0003,474.75803,0.0036440499782562255,1922.2468791007996,480000,,,,,,,
-9462.772,0.028533248,0.34167904,9462.801,-9462.801,0.8837914,0.25464478,30000.0,300.0,20,3000.0,228.88055,10837.355,9365.516,7276.882,312.90695,-301.465,13663.242,0.008786188,0.22505286,0.22505286,6.093515e-05,0.0003,-8558.733,0.003699750471115112,1940.745635509491,485000,,,,,,,
-9284.203,0.030744411,0.32056263,9284.233,-9284.233,1.0703207,0.2516902,30000.0,300.0,20,3000.0,225.64809,10803.488,9182.514,6523.745,232.6726,-463.72034,14834.711,0.008603484,0.26938924,0.26938924,6.0196806e-05,0.0003,-8250.387,0.003704554605484009,1959.2684125900269,490000,,,,,,,
-9412.446,0.0068959943,0.051726982,9412.453,-9412.453,0.51177645,0.25853464,30000.0,300.0,20,3000.0,1944.5488,10851.252,9374.512,806.3565,1681.7178,-421.56265,55393.14,0.002474114,0.13231194,0.13231194,5.945705e-05,0.0003,-7070.9614,0.0036440866947174072,1977.488850593567,495000,,,,,,,
-9429.789,0.006212312,0.07535048,9429.795,-9429.795,1.2095027,0.27109423,30000.0,300.0,20,3000.0,3182.9087,10822.064,9384.826,5892.679,2451.0007,-873.1376,67199.47,0.0029066855,0.3278892,0.3278892,5.8716072e-05,0.0003,-5263.213,0.0036954745292663575,1995.9662277698517,500000,,,,,,,
-9389.566,0.027456125,0.28965992,9389.594,-9389.594,0.6882899,0.28808397,30000.0,300.0,20,3000.0,204.7198,10839.999,9291.547,6979.327,275.35916,-182.163,12892.125,0.012876876,0.19828528,0.19828528,5.7974077e-05,0.0003,-8589.991,0.007534023571014404,2033.6363503932953,505000,,,,,,,
-9381.847,0.036529295,0.32467857,9381.883,-9381.883,0.90465564,0.26751328,30000.0,300.0,20,3000.0,432.91772,10834.037,9280.304,8028.204,171.30232,-720.0997,25757.332,0.01351047,0.24200739,0.24200739,5.7231267e-05,0.0003,-8222.906,0.0037037513732910156,2052.1551129817963,510000,,,,,,,
-9254.93,0.0236157,0.26805654,9254.953,-9254.953,1.0545458,0.2777261,30000.0,300.0,20,3000.0,194.01488,10811.995,9160.348,7632.417,209.70192,-212.47668,11795.543,0.007928772,0.29287487,0.29287487,5.6487854e-05,0.0003,-8182.2905,0.003644473123550415,2070.3774859905243,515000,,,,,,,
-9171.749,0.031571083,0.28407082,9171.78,-9171.78,0.89796066,0.26834646,30000.0,300.0,20,3000.0,218.1661,10815.157,9074.454,-350.04807,502.96118,-188.42491,14490.163,0.0037565106,0.24096456,0.24096456,5.574403e-05,0.0003,-8230.689,0.0037122597217559812,2088.938793182373,520000,,,,,,,
-9252.471,0.0026396737,0.018550018,9252.474,-9252.474,0.71227473,0.27412555,30000.0,300.0,20,3000.0,4896.6484,10813.35,9240.617,8124.567,2839.5732,-665.87164,79679.22,0.0018908457,0.1952527,0.1952527,5.5000004e-05,0.0003,-3770.0642,0.003696704339981079,2107.422319173813,525000,,,,,,,
-9284.397,0.0064143315,0.023512268,9284.404,-9284.404,1.3113228,0.27079636,30000.0,300.0,20,3000.0,5227.4883,10807.544,9273.623,1193.637,2934.3154,-575.6649,73042.555,0.00261148,0.35510147,0.35510147,5.4255972e-05,0.0003,-2991.6047,0.003719024658203125,2126.017446756363,530000,,,,,,,
-9336.819,0.026059154,0.29700184,9336.846,-9336.846,0.9983502,0.2693605,30000.0,300.0,20,3000.0,355.6568,10780.376,9239.812,7414.8755,608.0982,-430.19818,18543.967,0.0063753133,0.26891613,0.26891613,5.3512147e-05,0.0003,-8174.4136,0.0036408146858215333,2144.221524953842,535000,,,,,,,
-9297.4375,0.03807991,0.40372792,9297.476,-9297.476,1.8548025,0.24472354,30000.0,300.0,20,3000.0,973.01526,10773.6,9189.787,7026.5273,291.71786,-1052.1223,38522.805,0.011961464,0.45391384,0.45391384,5.276873e-05,0.0003,-6962.6807,0.003700099754333496,2162.7220287323,540000,,,,,,,
-9392.947,0.032993365,0.34574133,9392.98,-9392.98,0.9303559,0.22302996,30000.0,300.0,20,3000.0,336.40875,10790.921,9288.897,7799.07,802.1088,-462.6493,23594.65,0.011142192,0.20749724,0.20749724,5.2025924e-05,0.0003,-8434.047,0.0037006492137908937,2181.2252790927887,545000,,,,,,,
-9199.241,0.026325073,0.38066733,9199.268,-9199.268,1.1747206,0.22417322,30000.0,300.0,20,3000.0,365.84357,10804.959,9103.557,-330.756,251.40015,-216.29558,13032.898,0.008061008,0.2633409,0.2633409,5.1283936e-05,0.0003,-8043.375,0.0036419368267059326,2199.4349665641785,550000,,,,,,,
-9206.185,0.03283003,0.36338016,9206.218,-9206.218,1.3512154,0.22399795,30000.0,300.0,20,3000.0,321.94733,10751.908,9104.766,-113.98457,388.22552,-349.17816,21792.412,0.015151162,0.3026695,0.3026695,5.0542945e-05,0.0003,-7976.229,0.003703882360458374,2217.9543890953064,555000,,,,,,,
-9236.202,0.03382402,0.40470043,9236.236,-9236.236,1.2672685,0.22053085,30000.0,300.0,20,3000.0,2531.913,10722.842,9144.672,7942.182,580.01404,-2040.3384,56967.54,0.011340362,0.2794718,0.2794718,4.9803188e-05,0.0003,-5865.8735,0.003694942235946655,2236.4291050434113,560000,,,,,,,
-9311.643,0.02413173,0.35598442,9311.667,-9311.667,1.0814229,0.21735418,30000.0,300.0,20,3000.0,367.33527,10706.856,9204.858,4472.3555,606.09296,-276.16934,28948.125,0.008284924,0.23505178,0.23505178,4.9064853e-05,0.0003,-8239.152,0.003716308069229126,2255.01064991951,565000,,,,,,,
-9094.246,0.0033429498,0.030692615,9094.249,-9094.249,1.0227145,0.21996136,30000.0,300.0,20,3000.0,305.2348,10736.279,9066.498,-459.83334,284.21335,-459.6027,18725.898,0.002185634,0.22495767,0.22495767,4.8328133e-05,0.0003,-8114.1387,0.003642513704299927,2273.2232234477997,570000,,,,,,,
-9217.147,0.02242289,0.31560165,9217.17,-9217.17,0.5596154,0.21898985,30000.0,300.0,20,3000.0,736.0078,10706.871,9124.297,352.37283,369.23373,-1012.9149,34086.984,0.00729593,0.12255008,0.12255008,4.7593247e-05,0.0003,-8113.4893,0.0037015849113464353,2291.7311520576477,575000,,,,,,,
-9112.599,0.03252344,0.36139798,9112.631,-9112.631,0.8394676,0.22950195,30000.0,300.0,20,3000.0,254.65561,10689.754,9018.084,7446.784,278.49823,-364.61475,18806.047,0.009804467,0.19265944,0.19265944,4.686038e-05,0.0003,-8279.965,0.0037053088665008546,2310.2577006816864,580000,,,,,,,
-9049.986,0.02135814,0.29704282,9050.008,-9050.008,1.3582411,0.21560466,30000.0,300.0,20,3000.0,253.35652,10629.087,8961.895,-474.59525,376.3457,-413.11447,19206.375,0.0067652147,0.2928431,0.2928431,4.612974e-05,0.0003,-7918.1006,0.003641450309753418,2328.4649567604065,585000,,,,,,,
-9168.043,0.026721258,0.2860604,9168.069,-9168.069,0.97348326,0.2218978,30000.0,300.0,20,3000.0,234.87259,10629.693,9078.41,3417.4841,544.42444,-499.9065,17384.355,0.003684806,0.21601379,0.21601379,4.540152e-05,0.0003,-8285.129,0.0037080548763275146,2347.0052347183228,590000,,,,,,,
-9080.658,0.02563896,0.3580508,9080.684,-9080.684,2.017102,0.22207148,30000.0,300.0,20,3000.0,901.9145,10593.23,8982.156,7245.3496,274.1001,-1062.5077,37599.89,0.0041697077,0.44794083,0.44794083,4.467592e-05,0.0003,-6834.921,0.0037064867973327638,2365.537672996521,595000,,,,,,,
-9065.647,0.0044051935,0.019188916,9065.652,-9065.652,0.9758926,0.22866666,30000.0,300.0,20,3000.0,9252.883,10623.386,9049.851,7618.125,4127.14,-884.7474,100911.4,0.0014472696,0.2231541,0.2231541,4.3953154e-05,0.0003,856.69763,0.003698260164260864,2384.0289781093597,600000,,,,,,,
-8988.245,0.01914573,0.23656484,8988.265,-8988.265,0.78507143,0.23428626,30000.0,300.0,20,3000.0,255.75969,10605.789,8902.204,-196.61615,334.9205,-284.4533,17510.443,0.0056283283,0.18393147,0.18393147,4.3233405e-05,0.0003,-8180.691,0.007499250411987304,2421.5252356529236,605000,,,,,,,
-9110.522,0.03043903,0.3265322,9110.553,-9110.553,0.83168787,0.24542323,30000.0,300.0,20,3000.0,667.76807,10550.069,9018.738,4039.1096,307.04254,-989.66846,29532.568,0.007946547,0.20411552,0.20411552,4.251687e-05,0.0003,-7830.407,0.0037501505851745606,2440.275996208191,610000,,,,,,,
-8941.943,0.029704422,0.31209937,8941.973,-8941.973,1.2851338,0.24496229,30000.0,300.0,20,3000.0,1603.318,10551.801,8852.971,7766.5273,350.49234,-1468.924,43159.938,0.009062187,0.31480932,0.31480932,4.1803753e-05,0.0003,-6394.1973,0.0037475857734680174,2459.0139338970184,615000,,,,,,,
-8998.985,0.03265989,0.32337344,8999.018,-8999.018,1.034933,0.2441939,30000.0,300.0,20,3000.0,167.98718,10567.653,8902.92,-396.78638,194.42401,-579.58386,17505.266,0.006947229,0.25272432,0.25272432,4.1094238e-05,0.0003,-8072.825,0.003711728525161743,2477.5725836753845,620000,,,,,,,
-8973.72,0.02940593,0.30500472,8973.749,-8973.749,0.7105612,0.25629017,30000.0,300.0,20,3000.0,192.23305,10548.387,8876.719,6629.2456,339.52008,-166.57832,16458.715,0.0018764414,0.18210986,0.18210986,4.0388528e-05,0.0003,-8235.156,0.003634434080123901,2495.744759082794,625000,,,,,,,
-8803.56,0.014970453,0.18166266,8803.574,-8803.574,0.8600229,0.25269803,30000.0,300.0,20,3000.0,406.15604,10491.742,8732.269,7545.1914,520.3533,-371.47183,27877.357,0.0055555888,0.2173261,0.2173261,3.9686805e-05,0.0003,-7745.425,0.003713146257400513,2514.3104977607727,630000,,,,,,,
-8773.867,0.0076613473,0.11416497,8773.875,-8773.875,0.92699146,0.24827059,30000.0,300.0,20,3000.0,785.2532,10471.283,8720.6,6237.9136,709.78174,-205.64444,29760.043,0.0044730227,0.23014471,0.23014471,3.8989278e-05,0.0003,-7298.18,0.003719970989227295,2532.9103574752808,635000,,,,,,,
-8768.138,0.011373014,0.14171521,8768.149,-8768.149,0.77803,0.2519149,30000.0,300.0,20,3000.0,1171.8066,10439.615,8706.792,7308.505,475.45755,-1240.1514,37706.0,0.007785025,0.19599733,0.19599733,3.8296123e-05,0.0003,-7008.339,0.003648236608505249,2551.1515452861786,640000,,,,,,,
-8830.725,0.021739341,0.28467014,8830.746,-8830.746,1.5823566,0.24852291,30000.0,300.0,20,3000.0,136.29303,10408.093,8741.436,7291.0063,318.24387,-328.7541,17478.125,0.00586137,0.3932519,0.3932519,3.7607537e-05,0.0003,-7514.676,0.0037279747009277345,2569.791422843933,645000,,,,,,,
-8786.133,0.021729942,0.23776616,8786.154,-8786.154,0.3546447,0.2502677,30000.0,300.0,20,3000.0,235.50186,10437.816,8702.295,1014.48895,315.64987,-149.38368,18557.164,0.0021530776,0.088756114,0.088756114,3.692371e-05,0.0003,-8284.362,0.0037042935848236084,2588.312894821167,650000,,,,,,,
-8841.573,0.02038621,0.27441478,8841.594,-8841.594,1.3816946,0.2549617,30000.0,300.0,20,3000.0,143.5177,10406.382,8756.053,5597.9097,286.55545,-268.16144,18959.92,0.005103511,0.3522792,0.3522792,3.6244823e-05,0.0003,-7641.2183,0.00370504207611084,2606.838109254837,655000,,,,,,,
-8762.546,0.02871616,0.2839814,8762.574,-8762.574,0.78576124,0.2625198,30000.0,300.0,20,3000.0,264.58868,10419.605,8669.863,492.02463,157.9246,-508.36444,19943.723,0.0032036284,0.20627788,0.20627788,3.5571058e-05,0.0003,-7879.1235,0.0036444713592529297,2625.0604705810547,660000,,,,,,,
-8767.192,0.023199964,0.28218865,8767.216,-8767.216,1.5249177,0.26401684,30000.0,300.0,20,3000.0,198.86456,10422.416,8673.626,356.65945,306.64777,-163.32872,20111.104,0.0053546685,0.40260395,0.40260395,3.490261e-05,0.0003,-7360.516,0.0037093674659729003,2643.6073145866394,665000,,,,,,,
-8746.351,0.029207246,0.30620867,8746.38,-8746.38,1.1921873,0.2662278,30000.0,300.0,20,3000.0,126.81529,10392.051,8651.922,262.36548,371.06265,-444.7887,15804.942,0.006623141,0.31739342,0.31739342,3.4239645e-05,0.0003,-7667.355,0.0036968573570251464,2662.0916056632996,670000,,,,,,,
-8782.983,0.02299736,0.28964254,8783.007,-8783.007,0.9924914,0.27301884,30000.0,300.0,20,3000.0,150.14285,10411.851,8693.767,7560.2573,178.95683,-287.078,14614.883,0.009984512,0.27096885,0.27096885,3.3582368e-05,0.0003,-7819.934,0.0037027296543121336,2680.605258703232,675000,,,,,,,
-8676.211,0.013315242,0.17745109,8676.225,-8676.225,1.0009062,0.26291254,30000.0,300.0,20,3000.0,537.71094,10360.453,8599.457,5702.4453,751.72986,-201.16727,23971.541,0.0051844227,0.2631508,0.2631508,3.2930948e-05,0.0003,-7349.0474,0.0036469423294067382,2698.8399755954742,680000,,,,,,,
-8846.779,0.026300762,0.28007835,8846.806,-8846.806,0.77929926,0.26630613,30000.0,300.0,20,3000.0,332.90405,10392.847,8752.984,7374.6846,507.65186,-241.61977,22232.531,0.010141824,0.20753217,0.20753217,3.228555e-05,0.0003,-7891.2783,0.003726279640197754,2717.471378326416,685000,,,,,,,
-8869.311,0.029400706,0.34550902,8869.34,-8869.34,1.0590532,0.25693136,30000.0,300.0,20,3000.0,152.19003,10414.288,8765.814,7331.2305,478.68073,-284.83817,13962.537,0.014987899,0.27210397,0.27210397,3.1646374e-05,0.0003,-7900.808,0.003717009925842285,2736.0564320087433,690000,,,,,,,
-8631.753,0.020824444,0.2287255,8631.773,-8631.773,0.8192777,0.24514619,30000.0,300.0,20,3000.0,540.7258,10405.771,8545.516,7434.0264,778.11414,-220.45259,31290.137,0.0045435117,0.2008428,0.2008428,3.1013573e-05,0.0003,-7488.499,0.0036545036792755125,2754.328954935074,695000,,,,,,,
-8866.411,0.027182357,0.27702257,8866.438,-8866.438,0.524496,0.24778076,30000.0,300.0,20,3000.0,462.31293,10426.849,8772.529,5129.847,187.60266,-596.93665,24810.797,0.0068163387,0.12996003,0.12996003,3.0387337e-05,0.0003,-8014.2188,0.003703446960449219,2772.846194267273,700000,,,,,,,
-8859.518,0.01553319,0.2170309,8859.533,-8859.533,1.4744278,0.22818069,30000.0,300.0,20,3000.0,197.3592,10458.731,8783.012,7501.707,442.18478,-256.78278,19709.262,0.0057583326,0.33643597,0.33643597,2.9767822e-05,0.0003,-7652.85,0.0075613664150238034,2810.653030395508,705000,,,,,,,
-8736.362,0.024015453,0.2886738,8736.387,-8736.387,1.1314698,0.23191087,30000.0,300.0,20,3000.0,413.57422,10373.14,8649.503,7361.999,307.03293,-644.02795,25302.668,0.003613324,0.26240015,0.26240015,2.9155208e-05,0.0003,-7535.588,0.003715203523635864,2829.2290523052216,710000,,,,,,,
-8728.36,0.022352587,0.28100902,8728.383,-8728.383,1.4638778,0.22825757,30000.0,300.0,20,3000.0,208.79724,10403.057,8642.8125,7541.0693,337.31934,-384.1957,19528.707,0.006966011,0.3341412,0.3341412,2.8549664e-05,0.0003,-7517.1396,0.003657821464538574,2847.5181646347046,715000,,,,,,,
-8699.264,0.025426686,0.29308805,8699.289,-8699.289,1.4244071,0.22895741,30000.0,300.0,20,3000.0,241.5438,10354.505,8608.966,5878.1797,255.52344,-218.62961,19634.219,0.009012512,0.32612854,0.32612854,2.7951346e-05,0.0003,-7479.334,0.00372388277053833,2866.1375844478607,720000,,,,,,,
-8407.531,0.0036308153,0.012372836,8407.535,-8407.535,0.9161548,0.22905312,30000.0,300.0,20,3000.0,401.9947,10340.244,8396.133,3510.1436,2590.1396,-2439.6765,40243.336,0.001386046,0.20984812,0.20984812,2.736043e-05,0.0003,-7375.992,0.0037164649963378907,2884.7199141979218,725000,,,,,,,
-8714.984,0.026317855,0.26148158,8715.011,-8715.011,0.52135205,0.22901738,30000.0,300.0,20,3000.0,264.0016,10365.308,8627.508,-342.95047,415.5478,-128.89124,19596.375,0.010724683,0.119398676,0.119398676,2.6777061e-05,0.0003,-8092.7866,0.0037119725227355957,2903.2797813415527,730000,,,,,,,
-8669.057,0.033553846,0.31180838,8669.09,-8669.09,0.8592722,0.22325185,30000.0,300.0,20,3000.0,297.18524,10341.42,8579.01,7268.9014,192.55453,-554.3173,21944.584,0.004162686,0.1918341,0.1918341,2.6201416e-05,0.0003,-7796.3687,0.0036371533393859865,2921.4655561447144,735000,,,,,,,
-8686.918,0.026267033,0.26779264,8686.944,-8686.944,1.1426783,0.21402577,30000.0,300.0,20,3000.0,338.72162,10338.794,8603.678,6985.7104,279.9712,-670.6943,25493.258,0.014780096,0.24456258,0.24456258,2.5633639e-05,0.0003,-7614.509,0.003706635522842407,2939.9987378120422,740000,,,,,,,
-8630.517,0.02471013,0.25909245,8630.541,-8630.541,1.7896867,0.23863159,30000.0,300.0,20,3000.0,1476.1793,10329.997,8538.456,-277.06027,13349.457,-11615.469,129458.06,0.006313736,0.4270758,0.4270758,2.5073889e-05,0.0003,-5873.11,0.003701292419433594,2958.505204439163,745000,,,,,,,
-8661.482,0.021297313,0.2684856,8661.504,-8661.504,1.5700719,0.22611506,30000.0,300.0,20,3000.0,182.07602,10312.783,8571.912,7523.291,312.9655,-213.99928,15688.122,0.008782634,0.3550169,0.3550169,2.4522331e-05,0.0003,-7414.3555,0.0036520798683166503,2976.7656083106995,750000,,,,,,,
-8828.881,0.01528012,0.17879942,8828.896,-8828.896,1.4676372,0.2347291,30000.0,300.0,20,3000.0,230.65186,10282.855,8761.899,7207.4404,213.86183,-295.45706,16556.434,0.008369802,0.3444971,0.3444971,2.3979092e-05,0.0003,-7564.7373,0.003699829959869385,2995.2647626399994,755000,,,,,,,
-8738.202,0.018802267,0.24126622,8738.221,-8738.221,0.8597108,0.2390478,30000.0,300.0,20,3000.0,143.44852,10297.655,8659.064,7394.1035,416.529,-295.69406,15819.032,0.0043222024,0.20551197,0.20551197,2.3444345e-05,0.0003,-7978.218,0.0037012317180633546,3013.7709262371063,760000,,,,,,,
-8754.871,0.02103739,0.23602593,8754.893,-8754.893,1.26637,0.22863415,30000.0,300.0,20,3000.0,179.58655,10258.529,8674.728,5878.5205,144.38731,-317.2644,22827.607,0.007923198,0.28953543,0.28953543,2.2918219e-05,0.0003,-7706.6777,0.0037028905391693115,3032.285383462906,765000,,,,,,,
-8662.458,0.026306368,0.2835702,8662.484,-8662.484,1.0808297,0.21648009,30000.0,300.0,20,3000.0,186.82455,10307.77,8572.524,-339.02292,109.24498,-577.45496,18390.895,0.0045005614,0.23397812,0.23397812,2.2400869e-05,0.0003,-7773.699,0.0036494667053222655,3050.532721757889,770000,,,,,,,
-8582.009,0.028760668,0.31663486,8582.037,-8582.037,1.0086342,0.2376379,30000.0,300.0,20,3000.0,509.00818,10319.232,8488.292,-315.327,363.0802,-710.349,26966.393,0.016128937,0.23968971,0.23968971,2.1892429e-05,0.0003,-7353.931,0.0037087582111358644,3069.0765166282654,775000,,,,,,,
-8777.265,0.022280443,0.27484927,8777.287,-8777.287,1.5416353,0.23665643,30000.0,300.0,20,3000.0,210.70932,10265.303,8693.73,-314.883,490.17548,-319.92535,22272.748,0.008138478,0.36483788,0.36483788,2.1393029e-05,0.0003,-7472.042,0.0037080638885498046,3087.616840362549,780000,,,,,,,
-8860.811,0.026798815,0.31144944,8860.837,-8860.837,0.8759345,0.23019648,30000.0,300.0,20,3000.0,178.69441,10289.363,8770.469,7247.187,917.7479,-419.58832,15068.089,0.010465675,0.20163703,0.20163703,2.0902831e-05,0.0003,-8077.205,0.003665411949157715,3105.9439046382904,785000,,,,,,,
-8742.403,0.013998177,0.15297167,8742.417,-8742.417,1.390921,0.24887834,30000.0,300.0,20,3000.0,628.26917,10227.349,8678.304,5334.5674,709.3918,-728.0167,33902.664,0.0065820925,0.34617013,0.34617013,2.0421947e-05,0.0003,-7075.624,0.003712157201766968,3124.504695415497,790000,,,,,,,
-8791.025,0.020810781,0.26456147,8791.046,-8791.046,0.77201945,0.24912082,30000.0,300.0,20,3000.0,91.059204,10278.911,8705.856,-307.32935,180.15361,-166.76303,16655.512,0.0033252623,0.19232613,0.19232613,1.9950523e-05,0.0003,-8122.9873,0.00369675555229187,3142.9884779453278,795000,,,,,,,
-8665.489,0.028691452,0.32138485,8665.518,-8665.518,1.1315026,0.24667425,30000.0,300.0,20,3000.0,197.6792,10275.244,8564.195,-280.1261,553.2503,-373.36374,13831.814,0.00826552,0.27911258,0.27911258,1.9488682e-05,0.0003,-7630.4727,0.0037092185497283937,3161.5345754623413,800000,,,,,,,
-8800.57,0.01781601,0.23378927,8800.588,-8800.588,0.68361694,0.27186054,30000.0,300.0,20,3000.0,361.00226,10355.427,8722.727,-446.93716,622.42053,-235.34973,25773.285,0.0064351563,0.18584846,0.18584846,1.9036543e-05,0.0003,-7882.023,0.007389904928207397,3198.48410487175,805000,,,,,,,
-8765.205,0.017865293,0.23048279,8765.223,-8765.223,1.3141935,0.28264284,30000.0,300.0,20,3000.0,122.37801,10274.87,8687.498,7335.148,651.1442,-419.46347,20531.582,0.008199732,0.37144738,0.37144738,1.859424e-05,0.0003,-7528.485,0.0037092304229736327,3217.030265569687,810000,,,,,,,
-8769.679,0.027019981,0.27395743,8769.706,-8769.706,0.867154,0.2773642,30000.0,300.0,20,3000.0,137.42369,10271.562,8683.959,-262.04794,561.0918,-330.9394,16548.236,0.01204054,0.24051747,0.24051747,1.8161878e-05,0.0003,-7910.7026,0.003696302890777588,3235.511784553528,815000,,,,,,,
-8679.347,0.014305197,0.13267398,8679.361,-8679.361,0.5222216,0.2879217,30000.0,300.0,20,3000.0,613.85974,10249.002,8621.73,4653.1157,689.067,-406.1275,34107.0,0.004990823,0.15035895,0.15035895,1.7739603e-05,0.0003,-7614.41,0.0037131265640258787,3254.077421426773,820000,,,,,,,
-8789.921,0.028815934,0.29921243,8789.95,-8789.95,1.0283926,0.28659603,30000.0,300.0,20,3000.0,752.00867,10226.405,8700.221,7452.7783,177.07857,-1092.5118,34493.562,0.0069278446,0.29473323,0.29473323,1.7327511e-05,0.0003,-7153.7124,0.0036405111789703367,3272.2799825668335,825000,,,,,,,
-8681.904,0.028008953,0.29635698,8681.933,-8681.933,1.286843,0.27535903,30000.0,300.0,20,3000.0,111.704285,10287.815,8595.611,-268.69968,212.53416,-383.63733,21316.81,0.0041107982,0.35434383,0.35434383,1.6925713e-05,0.0003,-7507.169,0.0037210329532623293,3290.885151863098,830000,,,,,,,
-8739.219,0.022158898,0.23895116,8739.241,-8739.241,0.55126125,0.2709808,30000.0,300.0,20,3000.0,191.22327,10274.042,8656.322,7049.8677,479.14093,-597.6678,23584.947,0.0048775263,0.14938122,0.14938122,1.653433e-05,0.0003,-8099.8516,0.0037055572509765624,3309.4129424095154,835000,,,,,,,
-8730.698,0.030658418,0.2885483,8730.729,-8730.729,0.66455495,0.2788634,30000.0,300.0,20,3000.0,578.7115,10247.12,8645.256,-294.20352,155.27866,-954.7166,27631.969,0.010208575,0.18532005,0.18532005,1.6153459e-05,0.0003,-7596.027,0.0036397886276245115,3327.611890077591,840000,,,,,,,
-8713.304,0.016201152,0.20149426,8713.32,-8713.32,0.59809035,0.2635397,30000.0,300.0,20,3000.0,243.60126,10223.047,8641.939,7469.9956,311.13678,-378.38904,23947.922,0.0045928843,0.15762055,0.15762055,1.5783213e-05,0.0003,-7996.8403,0.003693251371383667,3346.0781514644623,845000,,,,,,,
-8563.618,0.025283454,0.26058078,8563.644,-8563.644,0.74170977,0.2596874,30000.0,300.0,20,3000.0,131.03773,10219.38,8479.014,-264.8776,285.8486,-296.27448,16007.439,0.012923654,0.19261268,0.19261268,1.542368e-05,0.0003,-7854.742,0.0036874294757843016,3364.515303850174,850000,,,,,,,
-8787.583,0.020866768,0.2412096,8787.604,-8787.604,0.69691336,0.26470253,30000.0,300.0,20,3000.0,97.608826,10225.482,8707.558,1508.4655,177.40744,-342.63568,15612.939,0.009452145,0.18447474,0.18447474,1.5074969e-05,0.0003,-8136.5503,0.003634409713745117,3382.6873569488525,855000,,,,,,,
-8610.391,0.023618583,0.2554634,8610.414,-8610.414,0.7839989,0.2506716,30000.0,300.0,20,3000.0,279.854,10200.524,8527.217,7083.1196,261.84207,-488.5597,22112.904,0.001602883,0.19652626,0.19652626,1.4737181e-05,0.0003,-7740.9585,0.0037062018394470216,3401.2183747291565,860000,,,,,,,
-8676.371,0.023992449,0.24885425,8676.3955,-8676.3955,1.2924576,0.2386355,30000.0,300.0,20,3000.0,260.2575,10212.536,8592.19,-67.88702,407.31943,-222.4958,26014.34,0.006839127,0.30842623,0.30842623,1.4410394e-05,0.0003,-7490.8345,0.0036956408500671387,3419.6965839862823,865000,,,,,,,
-8660.011,0.0229587,0.25150424,8660.034,-8660.034,1.2711606,0.24008508,30000.0,300.0,20,3000.0,169.01065,10209.571,8575.369,5586.718,214.78279,-274.1547,22356.371,0.008097546,0.3051867,0.3051867,1.4094706e-05,0.0003,-7575.44,0.003706001138687134,3438.2265985012054,870000,,,,,,,
-8644.939,0.014843532,0.10660218,8644.954,-8644.954,1.4261211,0.24578951,30000.0,300.0,20,3000.0,734.7549,10192.905,8594.574,-154.10468,954.4209,-217.779,36036.95,0.0047304267,0.3505256,0.3505256,1.37902e-05,0.0003,-6858.608,0.003651561450958252,3456.4844105243683,875000,,,,,,,
-8684.426,0.028863017,0.293741,8684.455,-8684.455,1.627882,0.23819475,30000.0,300.0,20,3000.0,96.64255,10163.263,8598.026,-133.37343,183.67285,-281.88058,18294.72,0.015399299,0.38775292,0.38775292,1.3496962e-05,0.0003,-7424.5244,0.0037001404762268065,3474.9851171970367,880000,,,,,,,
-8664.361,0.026039848,0.28012884,8664.388,-8664.388,0.6327482,0.24678889,30000.0,300.0,20,3000.0,183.86853,10144.841,8578.061,-227.52414,241.13788,-425.92157,19036.883,0.015685476,0.15615523,0.15615523,1.3215067e-05,0.0003,-8012.0273,0.0037092185497283937,3493.531214952469,885000,,,,,,,
-8651.338,0.019160792,0.17918822,8651.357,-8651.357,0.5997745,0.24132256,30000.0,300.0,20,3000.0,195.56915,10164.586,8584.01,-120.7289,291.18027,-271.4061,25493.742,0.0057332288,0.14473912,0.14473912,1.2944596e-05,0.0003,-8021.5513,0.0036386346817016604,3511.724392414093,890000,,,,,,,
-8678.966,0.022178771,0.23155726,8678.988,-8678.988,0.7344436,0.22456239,30000.0,300.0,20,3000.0,224.05037,10155.989,8602.353,-210.76718,225.52858,-450.1595,19844.268,0.00296655,0.1649284,0.1649284,1.26856285e-05,0.0003,-7960.13,0.003692835855484009,3530.1885755062103,895000,,,,,,,
-8682.139,0.02888252,0.27344975,8682.168,-8682.168,0.8475542,0.23281763,30000.0,300.0,20,3000.0,107.303345,10177.788,8594.931,6795.072,662.4806,-201.08485,17646.713,0.004983175,0.19732556,0.19732556,1.2438221e-05,0.0003,-7982.8584,0.003696102476119995,3548.669093132019,900000,,,,,,,
-8709.671,0.025272965,0.2627601,8709.696,-8709.696,1.0494984,0.23691855,30000.0,300.0,20,3000.0,111.78344,10216.867,8621.973,834.62213,161.92783,-379.93246,16336.395,0.008470857,0.24864563,0.24864563,1.22024585e-05,0.0003,-7851.9507,0.007372391080856323,3585.531054496765,905000,,,,,,,
-8770.444,0.030651614,0.3024973,8770.475,-8770.475,1.0961838,0.2306865,30000.0,300.0,20,3000.0,205.72621,10194.569,8681.596,-221.41101,393.69836,-393.13867,20861.256,0.009329881,0.2528748,0.2528748,1.1978389e-05,0.0003,-7806.0933,0.0036445619106292727,3603.753868341446,910000,,,,,,,
-8772.336,0.026737629,0.2551673,8772.362,-8772.362,0.7797628,0.2333679,30000.0,300.0,20,3000.0,82.86218,10115.745,8688.021,7494.173,150.66997,-319.1508,17256.215,0.0064245914,0.18197161,0.18197161,1.1766084e-05,0.0003,-8143.5586,0.003709104061126709,3622.299393415451,915000,,,,,,,
-8769.51,0.029687094,0.29757267,8769.539,-8769.539,1.1891897,0.23453768,30000.0,300.0,20,3000.0,129.9317,10203.92,8681.3125,-150.75365,138.07642,-263.35513,16914.584,0.0074708234,0.2789098,0.2789098,1.1565597e-05,0.0003,-7802.8486,0.00371649489402771,3640.881872177124,920000,,,,,,,
-8755.401,0.030180886,0.2900183,8755.432,-8755.432,1.4071144,0.2322839,30000.0,300.0,20,3000.0,127.928505,10133.202,8662.965,7203.661,314.02292,-389.9495,20941.684,0.009230484,0.32685003,0.32685003,1.1376989e-05,0.0003,-7646.9224,0.0036435377597808837,3659.0995664596558,925000,,,,,,,
-8672.153,0.024646284,0.24916707,8672.178,-8672.178,0.6070525,0.23752956,30000.0,300.0,20,3000.0,124.594124,10171.149,8590.956,-169.60043,201.00893,-298.23972,15859.453,0.0031858766,0.1441929,0.1441929,1.1200302e-05,0.0003,-8114.981,0.003714843225479126,3677.6737866401672,930000,,,,,,,
-8751.645,0.0260548,0.2544938,8751.671,-8751.671,1.5234158,0.25428367,30000.0,300.0,20,3000.0,99.92017,10131.5,8669.826,-242.11826,266.3332,-310.78857,21104.65,0.0030260617,0.38737977,0.38737977,1.103559e-05,0.0003,-7489.5854,0.00369924955368042,3696.1700389385223,935000,,,,,,,
-8764.482,0.03080786,0.2636675,8764.514,-8764.514,0.76060003,0.25608078,30000.0,300.0,20,3000.0,107.57028,10133.306,8680.962,289.64792,812.1988,-290.34668,16244.399,0.009025784,0.19477504,0.19477504,1.0882903e-05,0.0003,-8072.587,0.003642236661911011,3714.3812267780304,940000,,,,,,,
-8744.657,0.028938372,0.26684397,8744.687,-8744.687,1.570289,0.25812456,30000.0,300.0,20,3000.0,249.52469,10187.783,8665.807,307.23477,214.92374,-527.7324,28497.088,0.006726092,0.40533018,0.40533018,1.0742272e-05,0.0003,-7279.142,0.003703628635406494,3732.8993747234344,945000,,,,,,,
-8697.766,0.031663343,0.2890343,8697.797,-8697.797,0.5533789,0.25764164,30000.0,300.0,20,3000.0,117.13084,10152.707,8605.443,-250.64558,319.34494,-231.24294,16915.328,0.0065796655,0.14257345,0.14257345,1.061374e-05,0.0003,-8152.9146,0.0036994832992553713,3751.3967955112457,950000,,,,,,,
-8671.656,0.019773558,0.14159703,8671.676,-8671.676,1.4192257,0.25433642,30000.0,300.0,20,3000.0,171.48654,10141.94,8611.625,248.40881,340.16327,-287.12927,16092.74,0.005887495,0.36096078,0.36096078,1.0497346e-05,0.0003,-7417.2876,0.003690246534347534,3769.8480319976807,955000,,,,,,,
-8676.341,0.018586477,0.18204059,8676.359,-8676.359,0.6476726,0.25196636,30000.0,300.0,20,3000.0,132.18341,10147.176,8609.057,5551.622,255.80952,-370.65436,21811.617,0.0034906934,0.1631917,0.1631917,1.0393118e-05,0.0003,-8054.582,0.0036589570999145506,3788.142822742462,960000,,,,,,,
-8745.273,0.022918405,0.21606015,8745.296,-8745.296,0.3610994,0.24412318,30000.0,300.0,20,3000.0,116.059746,10131.73,8671.644,4682.594,469.4764,-247.26363,20227.547,0.0052911066,0.08815273,0.08815273,1.0301083e-05,0.0003,-8364.756,0.003702825212478638,3806.656954050064,965000,,,,,,,
-8674.16,0.026961088,0.2292252,8674.1875,-8674.1875,1.1047498,0.24547839,30000.0,300.0,20,3000.0,112.092606,10142.473,8595.288,-193.89948,208.39635,-345.01328,20300.111,0.006168487,0.2711922,0.2711922,1.0221269e-05,0.0003,-7748.4907,0.003713939046859741,3825.226653575897,970000,,,,,,,
-8638.76,0.027458493,0.24950127,8638.787,-8638.787,1.0419178,0.23861332,30000.0,300.0,20,3000.0,114.207596,10159.41,8557.025,6347.7485,150.67554,-363.90683,16596.469,0.0063744495,0.24861546,0.24861546,1.0153698e-05,0.0003,-7778.7056,0.003641464328765869,3843.4339797496796,975000,,,,,,,
-8581.828,0.022260025,0.20788984,8581.851,-8581.851,0.68350667,0.23130517,30000.0,300.0,20,3000.0,217.81734,10072.161,8509.246,-45.07832,221.4103,-462.45255,23007.48,0.0047829556,0.15809864,0.15809864,1.0098386e-05,0.0003,-7889.715,0.0036901380062103273,3861.884674310684,980000,,,,,,,
-8712.132,0.026820505,0.24011375,8712.158,-8712.158,0.36357334,0.23478769,30000.0,300.0,20,3000.0,66.6656,10140.054,8632.629,6437.624,350.08582,-249.29735,19950.004,0.008894657,0.085362546,0.085362546,1.005535e-05,0.0003,-8389.378,0.003692826461791992,3880.3488104343414,985000,,,,,,,
-8595.137,0.031302296,0.293094,8595.168,-8595.168,0.8697426,0.24563396,30000.0,300.0,20,3000.0,164.91367,10161.767,8510.945,-261.2673,346.68277,-1399.0387,22926.941,0.005495872,0.2136383,0.2136383,1.0024603e-05,0.0003,-7789.3076,0.003707119989395142,3898.8844137191772,990000,,,,,,,
-8626.75,0.021880176,0.20140997,8626.771,-8626.771,0.9389156,0.23837209,30000.0,300.0,20,3000.0,138.03421,10147.404,8552.262,-240.81691,204.62135,-283.03986,20344.799,0.003459523,0.22381127,0.22381127,1.000615e-05,0.0003,-7817.282,0.0036365084648132323,3917.0669605731964,995000,,,,,,,
-8668.097,0.028696913,0.2599635,8668.125,-8668.125,1.1961743,0.24497102,30000.0,300.0,20,3000.0,68.31857,10162.441,8587.524,7322.8027,658.1783,-603.7856,15120.486,0.0057695494,0.29302803,0.29302803,1e-05,0.0003,-7720.6943,0.0037128440380096435,3935.6311848163605,1000000,,,,,,,
-8538.002,0.025310336,0.24309263,8538.027,-8538.027,1.3533834,0.2485584,30000.0,300.0,20,3000.0,177.54182,10132.043,8464.98,-142.17406,326.41864,-225.88295,19152.336,0.009266308,0.33639485,0.33639485,1e-05,0.0003,-7351.2754,0.010688310289382934,3989.072740316391,1005000,0.0,5000.0,-1.2311848729849764,-254.07338822783103,200.0,1.3357219696044922,0.15902673076323792
-8308.969,0.025850821,0.2604924,8308.994,-8308.994,1.6094006,0.261736,30000.0,300.0,20,3000.0,978.0083,10095.576,8234.152,-251.13995,2745.7947,-1922.4618,61425.508,0.004397091,0.4212381,0.4212381,1e-05,0.0003,-6067.246,0.00689627571105957,4023.5541231632233,1010000,0.0,10000.0,-1.1307970116543131,-242.88222656836425,200.0,1.3515746593475342,0.24465814113178033
-7987.072,0.021186478,0.21638821,7987.093,-7987.093,1.0017449,0.2602522,30000.0,300.0,20,3000.0,523.6203,10026.635,7918.913,5396.166,499.3634,-496.29202,25970.98,0.006673233,0.2607063,0.2607063,1e-05,0.0003,-6681.333,0.00715701870918274,4059.3392214775085,1015000,0.0,15000.0,0.9377847723484589,138.44679271542495,200.0,1.4662706851959229,3.1624733536483154
-7707.0923,0.016270896,0.17764199,7707.1084,-7707.1084,1.0671729,0.2674304,30000.0,300.0,20,3000.0,521.4552,9985.149,7644.004,-270.73547,384.7493,-310.5097,27436.562,0.0072292415,0.28539446,0.28539446,1e-05,0.0003,-6329.454,0.007014719915390015,4094.4128243923187,1020000,0.0,20000.0,1.140815632881049,123.06556360439392,200.0,1.4112122058868408,3.0447808046478184
-7437.6665,0.014042031,0.14605872,7437.6807,-7437.6807,0.37666768,0.273245,30000.0,300.0,20,3000.0,972.1218,9955.917,7381.7314,-269.7946,884.63763,-854.3631,45059.11,0.0064462656,0.10292256,0.10292256,1e-05,0.0003,-6156.7773,0.007053696584701538,4129.681311130524,1025000,0.0,25000.0,0.9365175688245704,98.01720489299878,200.0,1.681593894958496,2.8531182812082165
-7538.5977,0.01812667,0.18489142,7538.6157,-7538.6157,0.6025945,0.25589353,30000.0,300.0,20,3000.0,908.20483,9952.392,7472.9316,-235.70853,631.4025,-946.39056,33865.598,0.0074593434,0.15420003,0.15420003,1e-05,0.0003,-6167.7925,0.007135211849212646,4165.357373952866,1030000,0.0,30000.0,-1.2691537343357042,-257.36701041321146,200.0,1.3836989402770996,0.1338249222703129
-7453.1997,0.014048901,0.1677862,7453.214,-7453.214,0.81321883,0.26055664,30000.0,300.0,20,3000.0,622.079,9921.282,7389.7744,4580.3335,734.36743,-270.90033,28995.773,0.007083126,0.21188956,0.21188956,1e-05,0.0003,-6195.452,0.007190773344039917,4201.3112449646,1035000,1.0,35000.0,101.35380610997186,5493.412443851916,200.0,1.4349348545074463,44.137063403826
-7338.171,0.018758092,0.1789657,7338.1895,-7338.1895,1.2907622,0.25595725,30000.0,300.0,20,3000.0,1362.3433,9943.79,7272.4727,3760.7832,399.61926,-524.9541,32855.938,0.0032941357,0.33037993,0.33037993,1e-05,0.0003,-4984.688,0.007264283466339111,4237.632666110992,1040000,0.0,40000.0,-0.9315897548851539,1.6035928921312215,200.0,1.438748836517334,2.115390257471217
-7139.3027,0.013400325,0.14104488,7139.316,-7139.316,1.0745853,0.2564271,30000.0,300.0,20,3000.0,1108.713,9953.193,7051.4424,-210.15103,786.8025,-571.8271,43034.035,0.005946225,0.2755528,0.2755528,1e-05,0.0003,-5203.9316,0.007259781694412232,4273.931578159332,1045000,1.0,45000.0,101.74456811495753,10636.002963506277,200.0,1.458601713180542,83.48662268513479
-6936.6284,0.016918091,0.15004946,6936.6455,-6936.6455,1.3652622,0.24505118,30000.0,300.0,20,3000.0,2075.959,9969.162,6882.153,1617.3547,1536.6128,-1648.9926,66152.7,0.003107451,0.33455908,0.33455908,1e-05,0.0003,-3856.9922,0.007202151393890381,4309.942339420319,1050000,0.0,50000.0,1.0219151822210093,53.00627932481049,200.0,1.427145004272461,2.5087081872715435
-7045.846,0.009257365,0.048567332,7045.8555,-7045.8555,0.9242213,0.2505419,30000.0,300.0,20,3000.0,1523.3105,9981.557,7011.87,2933.7883,535.9747,-565.9093,32966.78,0.0036467963,0.23155615,0.23155615,1e-05,0.0003,-4827.867,0.00732804126739502,4346.582549095154,1055000,0.0,55000.0,26.759815314699797,3127.9566912626583,200.0,1.4178187847137451,26.037305896771002
-7128.1772,0.030534238,0.2333303,7128.208,-7128.208,1.2447392,0.23975232,30000.0,300.0,20,3000.0,4359.995,10050.934,7040.6255,2835.3196,8783.544,-8504.047,146339.33,0.012921802,0.29842913,0.29842913,1e-05,0.0003,-1872.8948,0.007225817728042603,4382.711642026901,1060000,0.0,60000.0,0.9127896589966653,138.79981689901393,200.0,1.378751516342163,3.1651745887528366
-7291.47,0.030485928,0.27980596,7291.5005,-7291.5005,1.8106674,0.23907606,30000.0,300.0,20,3000.0,1105.4014,10075.248,7179.8867,2224.3892,403.49716,-364.74896,35539.297,0.010728339,0.43288723,0.43288723,1e-05,0.0003,-4887.407,0.007009206199645996,4417.75767660141,1065000,0.0,65000.0,-1.16300062748441,-239.11904744726777,200.0,1.355696678161621,0.2734528583751282
-7079.535,0.009973742,0.09008302,7079.545,-7079.545,1.0341129,0.2426795,30000.0,300.0,20,3000.0,1719.8464,10108.704,7034.992,-232.27869,3585.9683,-1955.771,58464.516,0.007207977,0.250958,0.250958,1e-05,0.0003,-4606.8145,0.0068768200397491454,4452.141781330109,1070000,0.0,70000.0,-1.2971464020407386,-260.6845103625721,200.0,1.307624101638794,0.10844040829351678
-7003.0923,0.018019982,0.17435539,7003.1104,-7003.1104,1.1929806,0.24074426,30000.0,300.0,20,3000.0,1892.1506,10145.838,6936.092,4490.9,923.7041,-964.67004,42621.867,0.0054375664,0.28720325,0.28720325,1e-05,0.0003,-4249.3315,0.007041757440567017,4487.35057258606,1075000,0.0,75000.0,-1.1087118993214167,-222.17793242333556,200.0,1.6961309909820557,0.403081186234002
-7224.1357,0.015865657,0.13689514,7224.1514,-7224.1514,0.4599444,0.2369618,30000.0,300.0,20,3000.0,1107.9895,10162.059,7161.379,-150.88626,651.00793,-1365.9072,44088.46,0.0063596116,0.10898925,0.10898925,1e-05,0.0003,-5789.1787,0.007093812084197998,4522.819637060165,1080000,0.0,80000.0,-1.2401710610944432,-182.55763747745266,200.0,1.319493293762207,0.7062437924647511
-7062.406,0.018081047,0.15714195,7062.424,-7062.424,1.6591433,0.22567813,30000.0,300.0,20,3000.0,1510.5154,10208.763,6999.002,-239.9192,542.95984,-766.48254,45875.254,0.00418952,0.37443238,0.37443238,1e-05,0.0003,-4428.5938,0.0072741281509399415,4559.1902821063995,1085000,0.0,85000.0,-0.7715308932929601,-79.41066507831721,200.0,1.3517789840698242,1.4954934691782875
-7331.694,0.014897479,0.1419895,7331.709,-7331.709,1.4798055,0.22622533,30000.0,300.0,20,3000.0,1510.8931,10207.976,7272.9414,2517.0393,1060.5399,-409.24908,40692.73,0.0030036592,0.3347695,0.3347695,1e-05,0.0003,-4816.492,0.0072884623527526855,4595.632598161697,1090000,0.0,90000.0,0.7776114199898798,101.77167345512231,200.0,1.4091877937316895,2.8818463478684837
-7137.8584,0.019042015,0.16972488,7137.8774,-7137.8774,1.5631045,0.22540632,30000.0,300.0,20,3000.0,1641.6685,10245.027,7069.722,3488.4055,1058.5789,-1433.7329,46513.082,0.007523397,0.35233364,0.35233364,1e-05,0.0003,-4439.189,0.007279181003570557,4632.028506755829,1095000,0.0,95000.0,-1.202096483890746,-112.69877348985065,200.0,1.3780982494354248,1.2407828539161752
-7224.5156,0.013909727,0.14207296,7224.5293,-7224.5293,0.7239752,0.23895787,30000.0,300.0,20,3000.0,857.8914,10226.142,7171.26,400.52798,628.84204,-546.4347,37271.586,0.0064509967,0.17299956,0.17299956,1e-05,0.0003,-5847.6255,0.0071854053020477295,4667.955537080765,1100000,1.0,100000.0,101.75671835164432,13294.291063446097,200.0,1.419238805770874,103.82704543036438
-7386.5527,0.019251727,0.16942376,7386.572,-7386.572,0.6567277,0.23598313,30000.0,300.0,20,3000.0,5905.5215,10312.084,7315.3525,3878.2944,6162.7334,-4553.9214,134263.9,0.0036264975,0.15497667,0.15497667,1e-05,0.0003,-1016.10126,0.011343417406082154,4724.672629356384,1105000,1.0,105000.0,101.7389727762628,15775.719113036424,200.0,1.4561233520507812,122.81418814889835
-7590.316,0.028706722,0.25287643,7590.3447,-7590.3447,1.3680118,0.24768214,30000.0,300.0,20,3000.0,4363.747,10355.15,7497.498,-261.67896,3292.2527,-1470.7125,77609.41,0.0063727167,0.3388321,0.3388321,1e-05,0.0003,-2210.0725,0.007431693124771118,4761.831099510193,1110000,0.0,110000.0,-1.2322750364690311,-93.01281358016692,200.0,1.6991515159606934,1.3914139110682098
-7830.0273,0.018713964,0.17005202,7830.046,-7830.046,0.46450698,0.26475838,30000.0,300.0,20,3000.0,2442.4814,10380.574,7762.839,-235.22305,5179.5225,-2053.2974,79996.61,0.0051049828,0.122982115,0.122982115,1e-05,0.0003,-5018.5996,0.007248136186599732,4798.071785926819,1115000,0.0,115000.0,-1.2469891685270456,-170.84843977031574,200.0,1.4267325401306152,0.7958390591990189
-7710.2617,0.013782302,0.15249829,7710.2754,-7710.2754,1.0347116,0.27999967,30000.0,300.0,20,3000.0,1739.0239,10424.111,7643.5117,5148.4604,929.1864,-1473.8589,57385.285,0.007437181,0.2897189,0.2897189,1e-05,0.0003,-5102.081,0.0071968040943145755,4834.055810689926,1120000,0.0,120000.0,-1.2925846007957447,-141.94927196369508,200.0,1.3793573379516602,1.0169668181448237
-7615.6475,0.0111971125,0.12060452,7615.6587,-7615.6587,0.79791296,0.2889207,30000.0,300.0,20,3000.0,1941.6301,10475.575,7557.0796,4342.2085,1843.9014,-771.63074,56390.17,0.0060861777,0.23053357,0.23053357,1e-05,0.0003,-4982.417,0.0073424967765808105,4870.768298864365,1125000,1.0,125000.0,101.74749884604623,15990.970136363416,200.0,1.4355418682098389,124.46122437906217
-7654.692,0.023871437,0.21795318,7654.716,-7654.716,1.0523169,0.27783918,30000.0,300.0,20,3000.0,6779.5117,10470.351,7564.419,4036.1177,3212.9048,-3695.3171,109391.55,0.0108201895,0.29237485,0.29237485,1e-05,0.0003,1.944397,0.0072910258293151856,4907.223432064056,1130000,0.0,130000.0,1.5616649258752957,241.44506148344212,200.0,1.4945316314697266,3.9505851948049133
-7730.549,0.018460982,0.19772826,7730.5674,-7730.5674,1.0762392,0.26500472,30000.0,300.0,20,3000.0,1318.867,10546.429,7664.243,2106.6484,1288.6614,-425.49597,43170.254,0.0067941584,0.2852085,0.2852085,1e-05,0.0003,-5556.056,0.00717222728729248,4943.084573030472,1135000,0.0,135000.0,-1.1540721011379995,-179.51523733221615,200.0,1.366593599319458,0.7295233253023166
-7629.6064,0.0120085925,0.12033845,7629.6187,-7629.6187,0.76993454,0.25375497,30000.0,300.0,20,3000.0,1575.9187,10544.195,7573.438,2119.0269,1282.5977,-1620.5011,60603.11,0.0047224592,0.19537471,0.19537471,1e-05,0.0003,-5467.5635,0.007304642295837402,4979.60778927803,1140000,1.0,140000.0,101.79951233753926,14191.290704190837,200.0,1.4416863918304443,110.69061747715652
-7578.556,0.016890783,0.17707653,7578.573,-7578.573,1.2814211,0.24852133,30000.0,300.0,20,3000.0,4164.3193,10588.908,7503.74,3628.7205,8231.542,-6341.596,171782.62,0.0058673155,0.31846046,0.31846046,1e-05,0.0003,-2458.8555,0.0072596268653869625,5015.9059274196625,1145000,0.0,145000.0,-1.100524920628007,-121.86256493846474,200.0,1.3845956325531006,1.1706642719542912
-7703.461,0.015847936,0.14977558,7703.4766,-7703.4766,1.1539261,0.23913479,30000.0,300.0,20,3000.0,1181.3025,10562.34,7639.745,3506.2776,1084.2609,-958.8925,41529.742,0.006677313,0.27594388,0.27594388,1e-05,0.0003,-5694.3267,0.0072879547119140626,5052.345705270767,1150000,0.0,150000.0,-1.3545113639902506,-53.78118032227278,200.0,1.4144999980926514,1.6916025947061653
-7869.413,0.01731947,0.17612839,7869.43,-7869.43,1.2318053,0.23239122,30000.0,300.0,20,3000.0,1705.2964,10561.144,7800.998,4027.5134,616.07416,-790.6116,41561.875,0.008075696,0.28626072,0.28626072,1e-05,0.0003,-5305.3345,0.007234132051467896,5088.5163695812225,1155000,0.0,155000.0,0.8754568017724083,65.02647342526996,200.0,1.3942580223083496,2.600683105072438
-7833.1807,0.016742498,0.17789535,7833.1973,-7833.1973,1.5793388,0.22138755,30000.0,300.0,20,3000.0,1382.5806,10624.698,7764.9473,3822.726,1506.1412,-1315.2898,62977.71,0.0056334157,0.34964594,0.34964594,1e-05,0.0003,-5401.662,0.007256454992294312,5124.798648118973,1160000,0.0,160000.0,26.490507420383608,6230.162925007699,200.0,1.8377795219421387,49.774456974823515
-7882.48,0.021898113,0.21962607,7882.502,-7882.502,1.316213,0.22735003,30000.0,300.0,20,3000.0,2324.438,10638.533,7802.1924,-372.44626,1601.8127,-1276.0492,57179.523,0.0049963384,0.29924107,0.29924107,1e-05,0.0003,-4660.319,0.007212168121337891,5160.859493970871,1165000,1.0,165000.0,101.69488745956636,16897.628716291067,200.0,1.3996775150299072,131.39870372967712
-7894.2134,0.0150013175,0.1695248,7894.2285,-7894.2285,0.8459123,0.24451141,30000.0,300.0,20,3000.0,1412.0117,10624.143,7824.8955,3131.121,1105.4382,-958.3568,59271.258,0.008447943,0.2068352,0.2068352,1e-05,0.0003,-5861.6963,0.007188838624954223,5196.803691864014,1170000,0.0,170000.0,-0.54943135848013,18.17551000138775,200.0,1.35888671875,2.242193593689293
-8028.7334,0.016359862,0.16436617,8028.75,-8028.75,1.3169695,0.26031047,30000.0,300.0,20,3000.0,1832.4048,10606.106,7959.172,3144.5935,2259.2485,-1079.2036,64732.527,0.0038278024,0.34282094,0.34282094,1e-05,0.0003,-5167.8657,0.00713525447845459,5232.479968547821,1175000,0.0,175000.0,-0.6927335903234976,-60.098754920981285,200.0,1.3496642112731934,1.6432624098837734
-7777.5713,0.019553654,0.20620596,7777.591,-7777.591,1.2110276,0.2672008,30000.0,300.0,20,3000.0,1884.2596,10617.333,7702.9785,-261.9607,787.9336,-1020.0879,66340.664,0.0027996073,0.32358757,0.32358757,1e-05,0.0003,-4922.549,0.007139331960678101,5268.176633358002,1180000,1.0,180000.0,101.50705817791757,16488.805404179875,200.0,1.4337522983551025,128.27051043992992
-7917.316,0.009872251,0.052867882,7917.3257,-7917.3257,0.45358607,0.27434614,30000.0,300.0,20,3000.0,3016.3457,10571.667,7879.22,-233.84596,1898.9773,-2799.622,84919.52,0.0031167974,0.12443959,0.12443959,1e-05,0.0003,-4527.6514,0.007301390790939331,5304.6835923194885,1185000,0.0,185000.0,-0.8375172552086902,168.02042179130424,200.0,1.3950779438018799,3.388761887809686
-7988.103,0.018356603,0.17839986,7988.1216,-7988.1216,1.0071867,0.2733871,30000.0,300.0,20,3000.0,1398.5234,10591.483,7914.4814,-218.6502,1142.0282,-1247.1223,57885.465,0.0064921104,0.27535182,0.27535182,1e-05,0.0003,-5763.524,0.007154200601577758,5340.454599618912,1190000,0.0,190000.0,26.477365081321803,12753.843203890057,200.0,1.4015507698059082,99.69170060623746
-8046.186,0.009094675,0.08399705,8046.1953,-8046.1953,1.1922216,0.26964465,30000.0,300.0,20,3000.0,2134.5105,10636.621,7994.198,3667.3909,2412.6099,-1335.3354,72240.97,0.0032290996,0.32147616,0.32147616,1e-05,0.0003,-4947.247,0.007153694915771484,5376.223078727722,1195000,1.0,195000.0,99.45203210521798,15167.14139606865,200.0,1.7446715831756592,118.15753410273553
-8119.7725,0.0141622685,0.14154223,8119.7866,-8119.7866,0.94677263,0.28359565,30000.0,300.0,20,3000.0,1774.0438,10599.793,8057.0454,280.36865,2629.7466,-1715.5424,69871.27,0.006866096,0.2685006,0.2685006,1e-05,0.0003,-5540.2266,0.0071983009815216065,5412.214588165283,1200000,1.0,200000.0,101.68849952578832,17397.7684224056,200.0,1.3744192123413086,135.2256226608023
-8053.879,0.017148841,0.15545657,8053.896,-8053.896,0.63757217,0.28661963,30000.0,300.0,20,3000.0,1537.5302,10521.689,7991.5596,-214.04991,1142.5035,-650.7931,47464.406,0.005575424,0.1827407,0.1827407,1e-05,0.0003,-5968.1265,0.011152398490905761,5467.976585149765,1205000,1.0,205000.0,101.75726992076527,17312.608461715547,200.0,1.485149621963501,134.57400419949178
-8061.255,0.013584495,0.12729698,8061.2686,-8061.2686,0.8345081,0.28528872,30000.0,300.0,20,3000.0,1865.7388,10580.382,8000.6074,4278.41,1804.9794,-2522.6755,64882.73,0.005754284,0.23807576,0.23807576,1e-05,0.0003,-5481.289,0.007170864963531494,5503.8309144973755,1210000,1.0,210000.0,99.69015681386622,17221.68112546903,200.0,1.3434157371520996,133.87825551130646
-8138.461,0.023891237,0.2253189,8138.485,-8138.485,1.1946503,0.27732447,30000.0,300.0,20,3000.0,1668.634,10516.088,8056.5107,1366.3761,1523.9413,-2025.2413,60731.78,0.0056584324,0.33130574,0.33130574,1e-05,0.0003,-5475.91,0.0072034176349639895,5539.848006725311,1215000,1.0,215000.0,101.81224895750583,17183.34095589324,200.0,1.4429304599761963,133.58488804022122
-7985.6987,0.015116569,0.14164548,7985.714,-7985.714,0.7614335,0.27276802,30000.0,300.0,20,3000.0,1745.8617,10563.597,7920.287,157.95468,1863.0215,-1871.3748,57903.703,0.0042584664,0.20769471,0.20769471,1e-05,0.0003,-5616.753,0.007238987255096436,5576.042947769165,1220000,1.0,220000.0,99.66866127182777,13851.668399511225,200.0,1.345940351486206,108.0919295279275
-8185.367,0.014651336,0.13373412,8185.382,-8185.382,0.7745356,0.27692384,30000.0,300.0,20,3000.0,1092.7472,10531.692,8120.121,4440.613,2570.0684,-845.4267,54879.617,0.0045299106,0.21448737,0.21448737,1e-05,0.0003,-6449.158,0.007238316869735718,5612.234535932541,1225000,0.0,225000.0,1.4049005625114919,385.5824425681938,200.0,1.3901557922363281,5.053481176892213
-8081.885,0.019420706,0.18070582,8081.9043,-8081.9043,0.60603803,0.2887074,30000.0,300.0,20,3000.0,1289.6514,10520.619,8005.8125,-320.9296,1294.4893,-1049.1307,53378.016,0.008262734,0.17496768,0.17496768,1e-05,0.0003,-6267.3306,0.007274343013763428,5648.606255054474,1230000,0.0,230000.0,1.1562122643394974,199.049559765701,200.0,1.7016139030456543,3.6261875392406115
-8190.5195,0.017291285,0.1536752,8190.5366,-8190.5366,0.7521829,0.2806953,30000.0,300.0,20,3000.0,2877.6226,10573.714,8121.571,-237.41388,5253.064,-4209.2715,102769.64,0.003528272,0.2111342,0.2111342,1e-05,0.0003,-4679.494,0.007099478816986084,5684.103653430939,1235000,1.0,235000.0,99.55525089754623,17093.583829849085,200.0,1.3541755676269531,132.89809344930526
-8169.836,0.022445232,0.21262716,8169.8584,-8169.8584,1.4757391,0.263195,30000.0,300.0,20,3000.0,2137.9883,10514.24,8091.465,3018.2947,1933.6287,-1218.5547,67025.53,0.0060751433,0.38840717,0.38840717,1e-05,0.0003,-4866.626,0.007160711765289307,5719.90721654892,1240000,0.0,240000.0,24.558038627493463,4477.085509998519,200.0,1.3753507137298584,36.36043472222859
-8222.6,0.008812696,0.086516805,8222.608,-8222.608,1.5355493,0.25806698,30000.0,300.0,20,3000.0,2446.4712,10558.278,8175.7764,-154.68651,2294.7705,-1184.664,81291.42,0.005733195,0.39627457,0.39627457,1e-05,0.0003,-4587.3047,0.007225059938430786,5756.032520055771,1245000,1.0,245000.0,101.85922292154298,17910.14449389027,200.0,1.4075639247894287,139.14617058740745
-8233.176,0.01437372,0.1418157,8233.19,-8233.19,0.8149498,0.26296058,30000.0,300.0,20,3000.0,1951.1727,10645.01,8165.924,3153.4946,5068.027,-3569.813,86015.805,0.0048589306,0.21429968,0.21429968,1e-05,0.0003,-5639.104,0.007130525398254394,5791.685151815414,1250000,1.0,250000.0,101.75082688591775,17824.806295633767,200.0,1.4171040058135986,138.49318830573046
-8492.989,0.017145693,0.15351975,8493.007,-8493.007,1.3413645,0.27014977,30000.0,300.0,20,3000.0,1468.2078,10613.575,8422.994,3594.0154,1555.9219,-1514.7157,51330.5,0.0045969007,0.3623693,0.3623693,1e-05,0.0003,-5937.6733,0.0071304531574249265,5827.3374218940735,1255000,1.0,255000.0,101.74172125126978,17901.607221384133,200.0,1.4262351989746094,139.08084594036487
-8415.717,0.019945096,0.20009786,8415.736,-8415.736,0.75449044,0.27736828,30000.0,300.0,20,3000.0,1295.6722,10586.728,8340.721,2895.8875,663.61053,-648.812,46632.785,0.005792702,0.20927171,0.20927171,1e-05,0.0003,-6492.2295,0.007075208520889283,5862.7134692668915,1260000,1.0,260000.0,99.58816035951122,17479.454503880414,200.0,1.3400590419769287,135.85066004092548
-8309.675,0.025252372,0.23685889,8309.7,-8309.7,1.2077781,0.26775232,30000.0,300.0,20,3000.0,1235.5691,10611.023,8225.961,-190.61603,1260.5562,-3220.5684,63453.69,0.014134334,0.3233854,0.3233854,1e-05,0.0003,-6103.949,0.007057622718811035,5898.001586437225,1265000,1.0,265000.0,99.74369860646814,17684.346811815372,200.0,1.3306655883789062,137.4184344897285
-8506.467,0.017916802,0.17334938,8506.484,-8506.484,0.8401887,0.27124742,30000.0,300.0,20,3000.0,1388.9437,10627.831,8433.032,2955.4448,1024.4495,-1087.0596,57647.04,0.0070552235,0.22789901,0.22789901,1e-05,0.0003,-6433.826,0.007254454326629639,5934.273862361908,1270000,1.0,270000.0,101.78016921461281,18027.03539146009,200.0,1.4451425075531006,140.04058465475148
-8644.0205,0.022630692,0.21323325,8644.043,-8644.043,1.2963811,0.27813348,30000.0,300.0,20,3000.0,1872.4257,10652.178,8561.046,4847.668,1049.4332,-1402.8972,63849.105,0.0065695955,0.36056697,0.36056697,1e-05,0.0003,-5689.8936,0.007264346981048584,5970.595601320267,1275000,0.0,275000.0,1.4644516654425312,218.68634332870045,200.0,1.454387903213501,3.7764423137464393
-8608.773,0.01323406,0.12575844,8608.787,-8608.787,0.9949126,0.28006488,30000.0,300.0,20,3000.0,1499.8303,10669.028,8546.284,4052.7046,3567.2505,-4027.0574,84452.234,0.0057964604,0.2786401,0.2786401,1e-05,0.0003,-6273.023,0.007278868293762207,6006.989946842194,1280000,0.0,280000.0,-0.9993761655734318,-85.20577494789019,200.0,1.7134153842926025,1.4511510276630752
-8477.514,0.01999209,0.18403979,8477.533,-8477.533,0.83805877,0.28302094,30000.0,300.0,20,3000.0,2317.9658,10780.525,8400.801,-181.95326,1529.7283,-1479.429,66238.65,0.0047844136,0.23718819,0.23718819,1e-05,0.0003,-5447.9834,0.007248862028121948,6043.234260559082,1285000,1.0,285000.0,101.72889085696936,17911.533070263726,200.0,1.3395638465881348,139.15679555708275
-8684.437,0.021830015,0.2139572,8684.458,-8684.458,0.99871343,0.27924332,30000.0,300.0,20,3000.0,2697.059,10670.32,8602.452,-173.78783,4045.1902,-3351.3848,105683.83,0.010036602,0.27888405,0.27888405,1e-05,0.0003,-5150.725,0.007137200212478638,6078.92026591301,1290000,1.0,290000.0,99.66854450105075,17838.952985288917,200.0,1.3314111232757568,138.60143452931993
-8603.254,0.021255277,0.20259438,8603.275,-8603.275,1.1940228,0.27285406,30000.0,300.0,20,3000.0,993.036,10686.784,8526.719,4407.9204,1417.791,-1176.6388,47697.773,0.009870601,0.32579398,0.32579398,1e-05,0.0003,-6632.836,0.007280745649337768,6115.3239986896515,1295000,0.0,295000.0,26.780663926514926,16201.878760268602,200.0,1.4354603290557861,126.07503387207508
-8501.692,0.011169697,0.11311115,8501.703,-8501.703,0.91322416,0.27458087,30000.0,300.0,20,3000.0,1217.4724,10742.355,8445.055,3031.3623,734.80133,-626.0837,41703.71,0.0063356524,0.25075388,0.25075388,1e-05,0.0003,-6531.958,0.007319992113113403,6151.92396402359,1300000,1.0,300000.0,99.60729383345225,18008.738587061533,200.0,1.4051408767700195,139.90058299866243
-8515.729,0.01578509,0.1353196,8515.744,-8515.744,0.9958605,0.28174788,30000.0,300.0,20,3000.0,1239.9198,10731.685,8453.227,-137.10947,1515.8275,-828.0367,49222.574,0.008739397,0.2805816,0.2805816,1e-05,0.0003,-6434.064,0.011205368232727051,6207.950809717178,1305000,1.0,305000.0,99.51186722077584,17954.016418942134,200.0,1.4079034328460693,139.48186539122577
-8585.187,0.024101984,0.21428373,8585.211,-8585.211,0.8337488,0.28162012,30000.0,300.0,20,3000.0,1348.762,10871.547,8511.408,-163.65071,3560.6714,-2611.9473,64557.375,0.011181772,0.23480043,0.23480043,1e-05,0.0003,-6532.0234,0.007267683172225952,6244.289229631424,1310000,1.0,310000.0,101.72532060866791,18031.954672565327,200.0,1.435579776763916,140.07822551741248
-8564.778,0.017078564,0.13947971,8564.795,-8564.795,1.3749605,0.27235463,30000.0,300.0,20,3000.0,1546.4397,10719.249,8506.223,4144.785,2643.9458,-1694.8961,70477.83,0.0032638726,0.37447688,0.37447688,1e-05,0.0003,-5894.908,0.007195201206207275,6280.265239715576,1315000,1.0,315000.0,99.70951627876669,14192.324315977676,200.0,1.6898033618927002,110.6985263643457
-8582.62,0.010778544,0.106963895,8582.631,-8582.631,0.9422881,0.28176042,30000.0,300.0,20,3000.0,1330.6154,10711.912,8529.037,-173.67061,713.73627,-1114.958,45032.75,0.005613081,0.2654995,0.2654995,1e-05,0.0003,-6455.5063,0.007100659227371216,6315.768540382385,1320000,1.0,320000.0,101.6730247922469,18201.326461315304,200.0,1.3986756801605225,141.37420761369776
-8539.824,0.019956242,0.1597632,8539.844,-8539.844,0.66856885,0.281749,30000.0,300.0,20,3000.0,4839.348,10839.363,8472.391,4433.109,5411.758,-6520.2725,162519.48,0.012799222,0.18836862,0.18836862,1e-05,0.0003,-3135.37,0.007206701326370239,6351.802051782608,1325000,1.0,325000.0,99.70716846232685,17835.619292077678,200.0,1.347907543182373,138.57592610936308
-8531.672,0.022175135,0.19890013,8531.694,-8531.694,1.2893229,0.2953478,30000.0,300.0,20,3000.0,1901.239,10785.5625,8457.792,-347.88638,7889.1733,-8359.762,125284.44,0.009316469,0.3807987,0.3807987,1e-05,0.0003,-5488.0366,0.007124810647964478,6387.426108837128,1330000,1.0,330000.0,99.59149887027391,18005.037045854562,200.0,1.350442886352539,139.87225991623944
-8608.645,0.021075297,0.19235367,8608.666,-8608.666,0.6690418,0.30018976,30000.0,300.0,20,3000.0,1026.4033,10679.572,8531.773,4455.592,1120.9608,-1277.0886,46303.695,0.004698549,0.2008395,0.2008395,1e-05,0.0003,-6979.7227,0.007073670768737793,6422.794466972351,1335000,1.0,335000.0,99.42016615516405,17827.898715293475,200.0,1.3382911682128906,138.51685057288108
-8648.947,0.022991817,0.20284429,8648.971,-8648.971,0.5617425,0.29806986,30000.0,300.0,20,3000.0,925.16174,10757.455,8576.268,4811.7417,1182.9697,-1680.691,42916.543,0.0044602775,0.1674385,0.1674385,1e-05,0.0003,-7221.47,0.00717349100112915,6458.661926031113,1340000,1.0,340000.0,101.73777123443551,17905.55858896395,200.0,1.4602274894714355,139.11108061921593
-8502.818,0.015120219,0.14205003,8502.833,-8502.833,1.461485,0.2885299,30000.0,300.0,20,3000.0,1225.0002,10702.71,8435.368,1079.6832,1524.9218,-1841.053,54264.453,0.0041921036,0.42168212,0.42168212,1e-05,0.0003,-6012.772,0.007136358833312989,6494.343724966049,1345000,1.0,345000.0,99.53376705619802,17502.72205616228,200.0,1.3275508880615234,136.02869636801532
-8647.776,0.018361408,0.18213113,8647.795,-8647.795,1.055476,0.28283525,30000.0,300.0,20,3000.0,996.6619,10624.074,8577.207,4092.1475,544.7324,-714.5723,33704.5,0.008360615,0.2985258,0.2985258,1e-05,0.0003,-6755.5366,0.007084515953063965,6529.766308784485,1350000,1.0,350000.0,99.38817808321342,17857.789953254178,200.0,1.4042448997497559,138.74556935490955
-8735.758,0.021111954,0.22276624,8735.779,-8735.779,0.71343595,0.2879032,30000.0,300.0,20,3000.0,2804.9004,10640.682,8654.891,3910.705,6189.72,-5901.109,111247.48,0.0143073965,0.20540048,0.20540048,1e-05,0.0003,-5314.6562,0.007234337091445922,6565.93799829483,1355000,1.0,355000.0,101.77948210828133,18025.252280071094,200.0,1.426232099533081,140.02694082154363
-8761.926,0.022723781,0.20342813,8761.948,-8761.948,1.7405752,0.27741647,30000.0,300.0,20,3000.0,2049.0962,10785.581,8687.186,3928.6233,7009.5146,-3268.4182,104564.78,0.0075923237,0.48286423,0.48286423,1e-05,0.0003,-5264.237,0.007389402770996094,6602.885016679764,1360000,1.0,360000.0,101.73293399490308,18134.598205402544,200.0,1.415635585784912,140.8636230256886
-8603.473,0.015494879,0.15103783,8603.488,-8603.488,0.93632567,0.28512773,30000.0,300.0,20,3000.0,12614.068,10796.669,8544.381,3761.7478,3991.537,-3994.985,142738.67,0.008749832,0.26697242,0.26697242,1e-05,0.0003,4811.513,0.007248414087295532,6639.127092123032,1365000,1.0,365000.0,101.74815929559632,18304.428721828473,200.0,1.7965943813323975,142.16311516847867
-8648.482,0.010932248,0.08328564,8648.493,-8648.493,1.3311069,0.26274008,30000.0,300.0,20,3000.0,893.47217,10831.744,8604.32,4449.5933,1045.5358,-1184.2854,39462.656,0.006108558,0.34973514,0.34973514,1e-05,0.0003,-6705.8047,0.007153776550292969,6674.895978927612,1370000,1.0,370000.0,99.65701041948374,18030.487681199396,200.0,1.3652842044830322,140.06700053974834
-8794.142,0.020116284,0.18756697,8794.162,-8794.162,0.85810775,0.2560186,30000.0,300.0,20,3000.0,1006.975,10765.198,8730.354,5243.543,1571.7839,-1234.6309,57121.312,0.0070365663,0.21969156,0.21969156,1e-05,0.0003,-7128.092,0.007305840396881104,6711.425184726715,1375000,1.0,375000.0,99.56665582120408,18168.15942404586,200.0,1.3901658058166504,141.12042339847952
-8666.029,0.013431886,0.1295003,8666.043,-8666.043,1.3678433,0.25333592,30000.0,300.0,20,3000.0,1451.9453,10616.481,8607.749,409.9132,1959.0067,-1697.8269,59872.492,0.0049094674,0.34652385,0.34652385,1e-05,0.0003,-6174.5127,0.007236428880691528,6747.607333421707,1380000,1.0,380000.0,99.44800906364104,18280.43417025714,200.0,1.3774125576019287,141.97951606101014
-8710.822,0.021808848,0.2196066,8710.844,-8710.844,0.7967826,0.27561232,30000.0,300.0,20,3000.0,914.0635,10811.341,8634.705,4360.4883,1297.5833,-596.1334,45608.47,0.010839069,0.2196031,0.2196031,1e-05,0.0003,-7137.949,0.007106626510620117,6783.140470266342,1385000,1.0,385000.0,99.6789427647115,18077.76796261959,200.0,1.4254748821258545,140.42877506359395
-8700.809,0.011565589,0.09330417,8700.82,-8700.82,0.7561787,0.27471283,30000.0,300.0,20,3000.0,2277.0918,10629.296,8654.481,4265.4126,1946.1849,-1999.7776,76071.95,0.0042725564,0.20773199,0.20773199,1e-05,0.0003,-5800.521,0.007398807621002197,6820.134512424469,1390000,1.0,390000.0,101.78714370297435,18131.459681327044,200.0,1.44781494140625,140.83960798138503
-8746.669,0.019677415,0.19853571,8746.688,-8746.688,1.0704056,0.27421626,30000.0,300.0,20,3000.0,1365.8173,10880.444,8679.223,4436.425,1120.0278,-691.1651,50247.33,0.007451789,0.29352263,0.29352263,1e-05,0.0003,-6500.2837,0.007387940883636475,6857.074221372604,1395000,1.0,395000.0,101.7708288090564,18207.84571718545,200.0,1.457524061203003,141.42409100308134
-8702.131,0.016666338,0.17139156,8702.147,-8702.147,0.8219445,0.28669524,30000.0,300.0,20,3000.0,1266.3464,10881.182,8641.14,4425.945,1485.7642,-1081.0276,50618.547,0.0072088772,0.23564759,0.23564759,1e-05,0.0003,-6728.8413,0.007300161027908325,6893.57503080368,1400000,1.0,400000.0,101.76201727101548,18105.378606852897,200.0,1.5155773162841797,140.64004342686366
-8652.563,0.0167216,0.14906324,8652.58,-8652.58,1.1364846,0.27671847,30000.0,300.0,20,3000.0,1016.40295,10791.389,8594.917,372.31177,863.6845,-1863.4911,50302.582,0.0055390215,0.3144863,0.3144863,1e-05,0.0003,-6692.7017,0.011356613111495972,6950.358100891113,1405000,1.0,405000.0,101.79440869425686,15961.407660595758,200.0,1.4607548713684082,124.23502118666802
-8687.723,0.018127583,0.1905874,8687.741,-8687.741,0.8022674,0.28090534,30000.0,300.0,20,3000.0,888.40796,10854.118,8618.906,4204.158,889.68976,-595.9868,35439.945,0.007500893,0.22536118,0.22536118,1e-05,0.0003,-7123.231,0.0071571309566497805,6986.143759965897,1410000,1.0,410000.0,101.7315338242788,18203.61047738572,200.0,1.3823249340057373,141.3916842191982
-8682.053,0.017434344,0.1783605,8682.07,-8682.07,1.2181072,0.28418052,30000.0,300.0,20,3000.0,1759.7715,10749.278,8613.807,1573.0857,2351.0977,-2981.4573,72609.5,0.006657525,0.34616235,0.34616235,1e-05,0.0003,-5883.794,0.007160677862167358,7021.947153329849,1415000,1.0,415000.0,101.53935369181596,18047.556946159017,200.0,1.8093767166137695,140.19760943245524
-8728.463,0.014847457,0.16137604,8728.478,-8728.478,0.9741281,0.29097757,30000.0,300.0,20,3000.0,1567.2429,10785.315,8664.93,-156.40297,1893.9441,-1966.6145,58478.516,0.007487906,0.28344944,0.28344944,1e-05,0.0003,-6310.8716,0.007140355730056763,7057.648936510086,1420000,1.0,420000.0,101.54858766233957,18001.848434023774,200.0,1.3919684886932373,139.84786161546455
-8726.44,0.015841894,0.15681677,8726.456,-8726.456,0.61643636,0.27148777,30000.0,300.0,20,3000.0,953.19855,10778.305,8664.807,-136.57828,1285.0681,-548.28705,45162.41,0.0055424506,0.16735494,0.16735494,1e-05,0.0003,-7271.177,0.007247908306121826,7093.88848233223,1425000,1.0,425000.0,101.8105589074654,18014.804283147547,200.0,1.502540111541748,139.9469958846985
-8795.177,0.014782922,0.15870324,8795.191,-8795.191,0.7969328,0.262204,30000.0,300.0,20,3000.0,1281.0079,10815.656,8732.756,-211.30028,1394.7626,-1282.4293,53180.617,0.007368852,0.20895895,0.20895895,1e-05,0.0003,-6887.292,0.007244339036941529,7130.11018204689,1430000,1.0,430000.0,99.54015630714017,18080.336451201518,200.0,1.3712172508239746,140.44842836737766
-8776.561,0.017451108,0.19733329,8776.578,-8776.578,0.7239989,0.2568581,30000.0,300.0,20,3000.0,1451.4568,10880.354,8704.291,4778.736,11725.1,-6409.325,113928.38,0.0054630693,0.185965,0.185965,1e-05,0.0003,-6767.2085,0.007173841094970703,7165.97939157486,1435000,0.0,435000.0,24.47756185073993,9297.70614262656,200.0,1.3914499282836914,73.24637705641362
-8680.042,0.017046666,0.17773823,8680.059,-8680.059,1.5485822,0.24946621,30000.0,300.0,20,3000.0,1419.6638,10810.886,8618.051,-85.37842,1123.7234,-1051.0898,66261.07,0.010133548,0.38631895,0.38631895,1e-05,0.0003,-6101.421,0.007273884773254394,7202.348819494247,1440000,1.0,440000.0,99.65678700330534,18093.52872578015,200.0,1.3718948364257812,140.5493716932371
-8654.748,0.019602023,0.19118759,8654.768,-8654.768,1.0375129,0.25504625,30000.0,300.0,20,3000.0,1108.7761,10531.895,8581.042,3705.2134,3044.272,-3399.5898,65205.312,0.0063851317,0.26461378,0.26461378,1e-05,0.0003,-6752.1304,0.007168006849288941,7238.188858032227,1445000,0.0,445000.0,1.460578200379266,285.89572859497844,200.0,1.3551435470581055,4.290708359173964
-8731.603,0.02389596,0.24405842,8731.626,-8731.626,0.49460375,0.25603354,30000.0,300.0,20,3000.0,790.0176,10763.919,8659.322,2439.9478,871.0839,-968.1636,33208.156,0.007277481,0.12663515,0.12663515,1e-05,0.0003,-7561.6797,0.00722755069732666,7274.326617717743,1450000,1.0,450000.0,101.62459381917766,18230.87843253748,200.0,1.406393051147461,141.60033042846248
-8734.252,0.01184286,0.12014507,8734.264,-8734.264,0.85080045,0.25341097,30000.0,300.0,20,3000.0,1235.0938,10819.301,8685.315,-85.51329,1996.0625,-1964.8835,57936.016,0.0048070666,0.21560216,0.21560216,1e-05,0.0003,-6852.3516,0.007180941009521484,7310.231328725815,1455000,1.0,455000.0,101.68206709643539,18332.858315576606,200.0,1.398197889328003,142.38064988765572
-8752.286,0.01117901,0.09546224,8752.297,-8752.297,0.96320933,0.24663773,30000.0,300.0,20,3000.0,910.8078,10668.651,8709.204,4783.762,549.7011,-809.6687,41172.11,0.0063395416,0.23756376,0.23756376,1e-05,0.0003,-7128.787,0.007380081272125244,7347.131739139557,1460000,1.0,460000.0,101.62632950374247,18154.78665109048,200.0,1.4081079959869385,141.01809895321168
-8708.836,0.017330969,0.17785998,8708.854,-8708.854,1.6849121,0.24963379,30000.0,300.0,20,3000.0,709.6122,10914.364,8646.334,3273.028,446.73285,-744.296,47535.656,0.009582534,0.420611,0.420611,1e-05,0.0003,-6737.3906,0.007170926523208618,7382.986376285553,1465000,1.0,465000.0,99.67451022850992,15788.039936956588,200.0,1.3806993961334229,122.9084633958557
-8676.182,0.014728749,0.17160109,8676.196,-8676.196,0.44997093,0.25301313,30000.0,300.0,20,3000.0,1079.1318,10850.482,8615.428,2932.4421,2296.7026,-2030.8088,60898.105,0.005867511,0.11384856,0.11384856,1e-05,0.0003,-7255.504,0.007423438978195191,7420.103575468063,1470000,1.0,470000.0,101.61997827885122,18305.688101354066,200.0,1.4709498882293701,142.1727515626482
-8581.661,0.015777465,0.17848735,8581.677,-8581.677,0.82709426,0.25556618,30000.0,300.0,20,3000.0,1530.6963,10612.7705,8524.006,-62.977173,1573.9392,-1722.8674,62182.42,0.009560538,0.21137732,0.21137732,1e-05,0.0003,-6416.833,0.007111903953552246,7455.66309928894,1475000,1.0,475000.0,99.52687412502331,18177.110497597158,200.0,1.3430936336517334,141.1889143269312
-8497.453,0.016101401,0.15500568,8497.469,-8497.469,1.1846609,0.25398958,30000.0,300.0,20,3000.0,1392.728,10851.078,8439.605,-85.2409,2195.6904,-1079.3842,67640.39,0.0082248645,0.30089152,0.30089152,1e-05,0.0003,-6202.051,0.007117381811141968,7491.250011920929,1480000,1.0,480000.0,101.64127694677838,18061.050340318503,200.0,1.698378086090088,140.30085683497649
-8706.802,0.015065309,0.16278216,8706.816,-8706.816,0.893124,0.24510215,30000.0,300.0,20,3000.0,2420.2979,10954.011,8642.143,238.99207,3130.5583,-2623.725,98471.82,0.0030950985,0.2189066,0.2189066,1e-05,0.0003,-5629.784,0.007100858879089356,7526.754310369492,1485000,1.0,485000.0,101.71868136510024,18035.694501350754,200.0,1.4004137516021729,140.1068415648951
-8485.675,0.013654773,0.14875674,8485.688,-8485.688,0.46392637,0.2462658,30000.0,300.0,20,3000.0,1490.0803,10876.602,8427.469,-119.50916,1069.7119,-2141.287,58652.266,0.0055484967,0.1142492,0.1142492,1e-05,0.0003,-6652.847,0.007323725748062134,7563.372943401337,1490000,1.0,490000.0,101.72642250773453,18338.88987501352,200.0,1.454284906387329,142.42680157029787
-8749.915,0.020553501,0.22062884,8749.936,-8749.936,1.559021,0.2591841,30000.0,300.0,20,3000.0,1184.7803,10923.791,8681.646,4310.478,697.2047,-449.8178,39717.117,0.0035496878,0.40407345,0.40407345,1e-05,0.0003,-6352.9146,0.007243245840072632,7599.589176893234,1495000,1.0,495000.0,101.75351509589339,18202.603007742553,200.0,1.7291643619537354,141.38397536384673
-8828.598,0.01928901,0.19746982,8828.617,-8828.617,1.0223489,0.2612067,30000.0,300.0,20,3000.0,794.98,10875.07,8766.118,4291.174,785.17523,-844.7752,36974.797,0.0052018035,0.26704437,0.26704437,1e-05,0.0003,-7232.4844,0.007171491479873658,7635.4466381073,1500000,0.0,500000.0,1.558938680918088,273.26383417625107,200.0,1.4129979610443115,4.194052894118902
-8595.493,0.01633894,0.15719402,8595.51,-8595.51,0.8965022,0.2573729,30000.0,300.0,20,3000.0,1615.5618,10935.699,8539.883,-104.06074,1092.6415,-2099.4932,67716.67,0.004370387,0.23073536,0.23073536,1e-05,0.0003,-6287.7256,0.011440522003173827,7692.649252414703,1505000,1.0,505000.0,99.69485392728785,18195.303586029382,200.0,1.382106065750122,141.32812237957276
-8954.556,0.021856518,0.20786767,8954.577,-8954.577,1.212218,0.27105126,30000.0,300.0,20,3000.0,4143.542,10887.902,8891.572,-68.16228,8715.475,-12394.847,144766.44,0.009539669,0.32857326,0.32857326,1e-05,0.0003,-3825.294,0.007328788614273071,7729.293200016022,1510000,1.0,510000.0,101.74015891286945,18401.49768942676,200.0,1.4209060668945312,142.90585777656423
-8809.7295,0.014756288,0.14999452,8809.744,-8809.744,0.9493462,0.28496954,30000.0,300.0,20,3000.0,2168.0046,10860.555,8746.834,3791.3137,10513.877,-4107.7847,97597.47,0.006949709,0.27053475,0.27053475,1e-05,0.0003,-5830.12,0.007271457099914551,7765.6504900455475,1515000,1.0,515000.0,101.81671017945926,18241.423139796236,200.0,1.4385385513305664,141.68101536376824
-8817.933,0.012942292,0.1349648,8817.945,-8817.945,0.82693064,0.2831916,30000.0,300.0,20,3000.0,937.0678,10909.216,8763.543,2450.2244,855.3158,-401.29214,36971.95,0.0040039932,0.23417981,0.23417981,1e-05,0.0003,-7178.325,0.007274181032180786,7802.021400690079,1520000,1.0,520000.0,101.69578901052648,18326.206677309867,200.0,1.39180588722229,142.3297535479035
-8926.158,0.01999421,0.18483776,8926.178,-8926.178,0.81992644,0.2794808,30000.0,300.0,20,3000.0,1390.9155,10975.161,8861.458,1351.1649,930.4827,-1072.6764,50988.75,0.008451876,0.2291537,0.2291537,1e-05,0.0003,-6847.7817,0.0074417938232421875,7839.230374097824,1525000,1.0,525000.0,101.69568210035926,18303.74930524977,200.0,1.4537856578826904,142.1579164767224
-9000.864,0.01419428,0.15773705,9000.879,-9000.879,0.6348785,0.28271535,30000.0,300.0,20,3000.0,902.15155,11004.7705,8941.143,3430.7173,692.73615,-566.1437,42118.977,0.007670843,0.17948991,0.17948991,1e-05,0.0003,-7560.243,0.00730479474067688,7875.754351615906,1530000,1.0,530000.0,101.63805558343032,18280.922433206506,200.0,1.4063079357147217,141.98325210256303
-8866.428,0.017923012,0.17852572,8866.445,-8866.445,1.0216765,0.266164,30000.0,300.0,20,3000.0,3089.5627,10912.356,8804.649,-48.76394,21372.496,-9953.769,222203.44,0.008819665,0.27193353,0.27193353,1e-05,0.0003,-4961.0645,0.007356483364105225,7912.536772966385,1535000,1.0,535000.0,101.64416043878173,18398.06324340048,200.0,1.4590563774108887,142.87957842630425
-8760.487,0.009013455,0.060431484,8760.496,-8760.496,0.5896042,0.26744547,30000.0,300.0,20,3000.0,1175.6826,10797.398,8726.045,4862.0737,1808.5771,-1385.4132,57917.184,0.0040574423,0.15768698,0.15768698,1e-05,0.0003,-7111.7437,0.007400177431106567,7949.537664175034,1540000,1.0,540000.0,101.82047916985279,18254.326300418026,200.0,1.4396450519561768,141.77974647639775
-8834.857,0.01900575,0.17351617,8834.876,-8834.876,0.9329745,0.2707195,30000.0,300.0,20,3000.0,1102.1111,10983.443,8776.613,-96.282364,2124.9265,-1115.8893,55274.35,0.0056708376,0.25257438,0.25257438,1e-05,0.0003,-6975.023,0.007256125164031982,7985.818293809891,1545000,1.0,545000.0,101.57564780771919,18403.344661439005,200.0,1.357581615447998,142.91999025209557
-8866.452,0.0076085925,0.059498277,8866.46,-8866.46,0.7867713,0.25898007,30000.0,300.0,20,3000.0,1704.5026,10872.024,8835.51,2807.1155,3275.017,-1882.5938,68164.875,0.0038470516,0.20375809,0.20375809,1e-05,0.0003,-6550.6753,0.007350499629974365,8022.570797204971,1550000,1.0,550000.0,101.83809010749154,18311.86339160361,200.0,1.4050688743591309,142.22000303033263
-8617.325,0.012497207,0.117561534,8617.338,-8617.338,0.82718056,0.24366517,30000.0,300.0,20,3000.0,1346.6631,10973.23,8565.049,-122.46473,3154.9275,-2181.6572,67960.29,0.006224324,0.20155509,0.20155509,1e-05,0.0003,-6665.997,0.007364459085464478,8059.393097400665,1555000,1.0,555000.0,101.71527111266798,18354.016676922714,200.0,1.4427289962768555,142.54254731870765
-8654.119,0.013488362,0.17024286,8654.133,-8654.133,0.61162806,0.24212515,30000.0,300.0,20,3000.0,2155.0166,10820.559,8593.018,3980.4656,2752.1528,-2067.973,93427.55,0.006584144,0.14809054,0.14809054,1e-05,0.0003,-6054.831,0.0073319136142730714,8096.052669763565,1560000,1.0,560000.0,101.64997162787957,18154.096914157955,200.0,1.7317368984222412,141.01282129320526
-8880.4375,0.013235965,0.13978247,8880.451,-8880.451,1.4512384,0.25421295,30000.0,300.0,20,3000.0,2419.9482,10870.213,8820.378,3541.5745,3210.2864,-3618.8914,82837.97,0.006404734,0.36892357,0.36892357,1e-05,0.0003,-5353.7188,0.007234976625442505,8132.227557182312,1565000,1.0,565000.0,99.65836693002372,18239.2490833988,200.0,1.370927333831787,141.6643801366848
-8800.805,0.02031663,0.2070134,8800.825,-8800.825,0.93115,0.25291812,30000.0,300.0,20,3000.0,1896.7156,10849.556,8734.575,4307.0396,6094.1045,-9173.574,118515.53,0.0071168314,0.23550472,0.23550472,1e-05,0.0003,-6197.5747,0.007295365810394287,8168.704390048981,1570000,1.0,570000.0,101.7453190329458,18409.390636999124,200.0,1.5022239685058594,142.96625224258597
-8861.869,0.015658693,0.1599799,8861.885,-8861.885,1.2449346,0.25589326,30000.0,300.0,20,3000.0,1113.1104,10909.802,8807.668,4059.1125,794.8238,-1845.039,51660.473,0.0034318867,0.31857038,0.31857038,1e-05,0.0003,-6793.048,0.007365290307998657,8205.530845880508,1575000,1.0,575000.0,101.73712176732755,18232.098257677833,200.0,1.8095037937164307,141.6096641643471
-8884.733,0.016476003,0.17511876,8884.75,-8884.75,0.91187996,0.26230398,30000.0,300.0,20,3000.0,1088.4332,10818.988,8828.267,5571.1826,1074.4147,-1625.6914,49514.992,0.005160756,0.23918973,0.23918973,1e-05,0.0003,-7078.731,0.007399968242645264,8242.530691623688,1580000,1.0,580000.0,99.60222608630826,17847.09994982844,200.0,1.3688685894012451,138.66377265693976
-8958.94,0.012118107,0.15394327,8958.952,-8958.952,0.97803015,0.2564412,30000.0,300.0,20,3000.0,1616.4329,10898.483,8904.66,4661.8027,4716.794,-4882.463,100391.86,0.0044568474,0.25080723,0.25080723,1e-05,0.0003,-6590.086,0.007409065055847168,8279.576021194458,1585000,1.0,585000.0,101.75741884074023,18306.991125514964,200.0,1.4088935852050781,142.18272191246862
-8894.386,0.019387938,0.19420812,8894.405,-8894.405,0.9619122,0.26877794,30000.0,300.0,20,3000.0,870.85706,10822.313,8827.969,-116.80115,965.02216,-762.66656,45369.188,0.005441259,0.25854078,0.25854078,1e-05,0.0003,-7247.9062,0.007409133291244507,8316.621691703796,1590000,1.0,590000.0,101.81691462525673,18315.024497608418,200.0,1.477426528930664,142.24419086478207
-8806.76,0.022553869,0.239247,8806.782,-8806.782,0.8145033,0.27538526,30000.0,300.0,20,3000.0,1030.6007,10853.557,8738.18,-78.7416,892.8485,-1805.516,45620.723,0.011438104,0.2243022,0.2243022,1e-05,0.0003,-7103.2524,0.007229044008255005,8352.766916275024,1595000,0.0,595000.0,26.66484909684834,11737.059437900098,200.0,1.456308364868164,91.91157638223385
-8864.486,0.0232488,0.2151245,8864.51,-8864.51,1.4205269,0.2817154,30000.0,300.0,20,3000.0,1684.0673,10794.784,8800.141,3884.0425,811.2797,-2677.594,56094.234,0.0053904345,0.40018427,0.40018427,1e-05,0.0003,-5979.866,0.007318013381958008,8389.356987476349,1600000,1.0,600000.0,101.7554952356517,18442.61789267111,200.0,1.3937606811523438,143.22049723094796
-8784.149,0.019577764,0.18314381,8784.169,-8784.169,1.0692291,0.27131927,30000.0,300.0,20,3000.0,678.82776,10633.129,8723.238,-125.1517,618.4788,-573.1121,33794.613,0.0051733525,0.29010248,0.29010248,1e-05,0.0003,-7235.014,0.011597584867477417,8447.344915628433,1605000,1.0,605000.0,101.72748214894155,18437.827356887003,200.0,1.4291465282440186,143.1838414888457
-8985.757,0.019722294,0.1878069,8985.776,-8985.776,1.1285534,0.26318285,30000.0,300.0,20,3000.0,1542.9001,10887.01,8920.651,5154.353,5230.2905,-6237.3877,110217.87,0.0074833874,0.2970159,0.2970159,1e-05,0.0003,-6551.8086,0.00725376091003418,8483.613724470139,1610000,1.0,610000.0,101.65944943927587,18506.187139572467,200.0,1.400226354598999,143.70691003007187
-8753.912,0.017004397,0.17753099,8753.929,-8753.929,0.64643204,0.26501888,30000.0,300.0,20,3000.0,1359.2874,10622.786,8690.361,-26.076244,1757.0432,-851.4614,50644.86,0.0030150893,0.1713167,0.1713167,1e-05,0.0003,-6880.675,0.007368424892425537,8520.455852985382,1615000,1.0,615000.0,101.71176256212686,18428.096005355266,200.0,1.4838078022003174,143.1093801074618
-8829.519,0.014834921,0.15243395,8829.533,-8829.533,0.62519497,0.2602721,30000.0,300.0,20,3000.0,792.034,10918.475,8771.0,3891.604,1192.5831,-1186.3705,45483.887,0.005907321,0.16272078,0.16272078,1e-05,0.0003,-7549.3223,0.007363660430908203,8557.27415895462,1620000,0.0,620000.0,24.56812783974459,7967.993186850351,200.0,1.3503868579864502,63.07181258730691
-8938.53,0.016988661,0.15949745,8938.547,-8938.547,0.8618546,0.25579324,30000.0,300.0,20,3000.0,1062.9103,10885.678,8877.676,3166.044,1233.0417,-1396.024,46601.52,0.0041235336,0.22045659,0.22045659,1e-05,0.0003,-7214.2505,0.0073610637187957765,8594.079481601715,1625000,1.0,625000.0,101.69293232059081,18510.067272826214,200.0,1.7011075019836426,143.7365996452384
-8960.375,0.019503351,0.17726588,8960.395,-8960.395,1.2624605,0.2493203,30000.0,300.0,20,3000.0,819.4253,10892.361,8902.39,-112.16946,1775.4202,-1350.6531,46844.5,0.002835679,0.31475702,0.31475702,1e-05,0.0003,-7196.6787,0.007266590929031372,8630.412440776825,1630000,0.0,630000.0,26.740460872189086,17364.95836119174,200.0,1.4426705837249756,134.97456991922704
-8803.079,0.019022608,0.16940323,8803.098,-8803.098,1.0534832,0.24881354,30000.0,300.0,20,3000.0,922.58905,10799.344,8742.68,-69.38754,2650.4868,-3983.4473,71727.65,0.007269643,0.2621209,0.2621209,1e-05,0.0003,-7094.1274,0.00735775089263916,8667.201199293137,1635000,1.0,635000.0,101.79378431387256,16154.840993824355,200.0,1.403740406036377,125.71511500004273
-9023.27,0.016648142,0.18008369,9023.286,-9023.286,0.958436,0.24767748,30000.0,300.0,20,3000.0,952.46625,10930.541,8964.807,4524.9546,1852.947,-1637.5065,62118.234,0.010102133,0.23738301,0.23738301,1e-05,0.0003,-7358.6543,0.007320223379135132,8703.802320480347,1640000,1.0,640000.0,101.7043535530348,17078.019095616488,200.0,1.7396013736724854,132.77899677418742
-8995.327,0.017394323,0.14772534,8995.345,-8995.345,0.86732316,0.2535115,30000.0,300.0,20,3000.0,1387.7241,10788.8125,8942.007,4275.5444,2371.4019,-2882.6465,75953.03,0.006187584,0.2198764,0.2198764,1e-05,0.0003,-6947.9736,0.0072433355331420896,8740.019001960754,1645000,1.0,645000.0,101.71121685079811,18605.171712982552,200.0,1.4080259799957275,144.46431027892484
-8959.753,0.014513006,0.14377317,8959.768,-8959.768,0.48007306,0.25567526,30000.0,300.0,20,3000.0,3608.3381,10981.317,8906.8125,2492.688,19757.297,-38279.293,298637.97,0.0085684005,0.1227428,0.1227428,1e-05,0.0003,-4983.1865,0.00730701642036438,8776.554089069366,1650000,1.0,650000.0,101.68424409985073,18411.65378474557,200.0,1.435070276260376,142.9835691699343
-8942.941,0.015913108,0.15559924,8942.957,-8942.957,1.6353108,0.2464472,30000.0,300.0,20,3000.0,1510.0973,10593.664,8886.599,2702.271,2343.5354,-5025.8477,68140.234,0.008908549,0.40301776,0.40301776,1e-05,0.0003,-6223.791,0.007250221824645996,8812.805202245712,1655000,1.0,655000.0,99.63586590135253,18069.75835965602,200.0,1.356795310974121,140.3674879855289
-9010.341,0.014944797,0.1548263,9010.355,-9010.355,0.9306695,0.24001694,30000.0,300.0,20,3000.0,950.4796,10922.273,8953.52,-105.734764,2686.6885,-3275.3274,55819.594,0.008826299,0.22337644,0.22337644,1e-05,0.0003,-7389.732,0.00723973593711853,8849.00388622284,1660000,1.0,660000.0,101.72456140061179,18605.7699914023,200.0,1.4077718257904053,144.46888812583967
-8980.883,0.019558795,0.18845272,8980.902,-8980.902,0.9728969,0.25069755,30000.0,300.0,20,3000.0,1873.7949,10848.704,8922.052,3884.368,3224.2397,-4449.367,96428.45,0.008575311,0.24390286,0.24390286,1e-05,0.0003,-6375.3794,0.007292764616012574,8885.467713356018,1665000,1.0,665000.0,101.6798533872189,18508.519795951845,200.0,1.375765323638916,143.72475881661873
-8782.04,0.008554516,0.0854171,8782.049,-8782.049,0.97467846,0.24211979,30000.0,300.0,20,3000.0,1179.3875,10985.048,8745.408,35.87284,1531.2417,-818.06085,42450.5,0.007252119,0.23598894,0.23598894,1e-05,0.0003,-6894.6855,0.007369127416610718,8922.313354969025,1670000,1.0,670000.0,99.66928864418378,18078.858180078336,200.0,1.3309214115142822,140.4371170803963
-9020.536,0.02401726,0.2302465,9020.561,-9020.561,1.3821808,0.24054615,30000.0,300.0,20,3000.0,645.4504,10830.323,8949.254,4526.1265,753.1662,-978.49554,32642.96,0.00831526,0.33247826,0.33247826,1e-05,0.0003,-7377.6514,0.007251669597625732,8958.57170701027,1675000,1.0,675000.0,101.8155188853257,18442.807976067143,200.0,1.4717950820922852,143.22195169204727
-9007.217,0.014856141,0.15606026,9007.231,-9007.231,1.109739,0.24466781,30000.0,300.0,20,3000.0,615.89087,10907.038,8950.879,-32.98335,938.44,-771.24347,33653.484,0.005583032,0.2715174,0.2715174,1e-05,0.0003,-7576.774,0.0074234206199646,8995.688814401627,1680000,1.0,680000.0,101.82236240005591,16420.52178815364,200.0,1.4649593830108643,127.74802470312135
-8783.692,0.008674741,0.08439244,8783.701,-8783.701,1.4474807,0.24473195,30000.0,300.0,20,3000.0,1025.1547,10877.867,8744.497,3695.8186,815.26044,-1074.9229,44204.883,0.004387386,0.35424474,0.35424474,1e-05,0.0003,-6695.803,0.007421794128417969,9032.797789812088,1685000,0.0,685000.0,24.666577559143256,6013.810862319846,200.0,1.917060136795044,48.118995921910184
-9026.573,0.020452868,0.19740553,9026.594,-9026.594,1.3146031,0.25351313,30000.0,300.0,20,3000.0,985.7949,10919.521,8966.083,-79.22,2514.2048,-3144.982,67900.2,0.0081280265,0.33326915,0.33326915,1e-05,0.0003,-7040.9707,0.0072071418285369875,9068.83350276947,1690000,1.0,690000.0,101.73389040345194,18464.11004576526,200.0,1.4368455410003662,143.38494873627957
-8842.764,0.009798542,0.08752081,8842.773,-8842.773,0.8273334,0.26352933,30000.0,300.0,20,3000.0,1728.4841,10935.041,8801.512,3614.3325,3216.8318,-5947.947,90626.48,0.004379601,0.21802661,0.21802661,1e-05,0.0003,-6460.199,0.00719020471572876,9104.78453040123,1695000,1.0,695000.0,101.77433007328139,18439.932925518853,200.0,1.4767937660217285,143.19995266810122
-8901.341,0.017035509,0.16953877,8901.357,-8901.357,0.8635479,0.2583056,30000.0,300.0,20,3000.0,1097.6223,10820.041,8843.949,3947.1763,3030.3738,-4418.4634,74302.91,0.0043360773,0.22305927,0.22305927,1e-05,0.0003,-7134.541,0.007312245655059815,9141.345762729645,1700000,1.0,700000.0,101.7795959639962,18518.626568933872,200.0,1.4898545742034912,143.80209281027018
-9044.373,0.019404184,0.18703604,9044.393,-9044.393,1.8037181,0.25359416,30000.0,300.0,20,3000.0,679.8805,10797.4,8986.533,4094.794,413.6391,-1414.0298,36806.414,0.011067363,0.4574124,0.4574124,1e-05,0.0003,-6992.255,0.011570873832702637,9199.200135469437,1705000,1.0,705000.0,99.68940966444468,18170.582214630675,200.0,1.7350752353668213,141.13896186491564
-8880.226,0.015838766,0.15976411,8880.241,-8880.241,1.1751583,0.2554607,30000.0,300.0,20,3000.0,1341.8119,10950.81,8820.621,2084.476,4994.783,-4131.3027,72541.484,0.0044940934,0.30020678,0.30020678,1e-05,0.0003,-6637.793,0.007024514770507813,9234.322713136673,1710000,1.0,710000.0,101.81935742376389,18441.787517576704,200.0,1.3636701107025146,143.21414344993462
-8919.484,0.016523533,0.17114027,8919.501,-8919.501,0.823825,0.2520411,30000.0,300.0,20,3000.0,905.6487,10646.374,8861.102,3157.9778,2531.2317,-1916.0704,60548.316,0.0087340055,0.20763776,0.20763776,1e-05,0.0003,-7390.923,0.007343871212005615,9271.042076826096,1715000,1.0,715000.0,101.680053223778,18533.54117501407,200.0,1.4784648418426514,143.91621489987992
-8895.547,0.014551118,0.138182,8895.562,-8895.562,0.7701861,0.24927607,30000.0,300.0,20,3000.0,1152.7444,10985.307,8842.288,3093.3147,3980.8481,-4904.4937,73226.38,0.004120368,0.19198899,0.19198899,1e-05,0.0003,-7166.836,0.007238278293609619,9307.233472585678,1720000,1.0,720000.0,101.7899080496732,18515.28510466862,200.0,1.7252697944641113,143.77652492854028
-8915.233,0.014412256,0.13066186,8915.248,-8915.248,0.9504728,0.24204352,30000.0,300.0,20,3000.0,787.4314,10867.418,8867.324,26.82279,3346.1458,-2614.4753,56435.35,0.0053156447,0.23005578,0.23005578,1e-05,0.0003,-7437.6343,0.0072189486980438235,9343.328220129013,1725000,1.0,725000.0,99.49376369905373,17029.24823866614,200.0,1.425295114517212,132.40581681373104
-8991.089,0.014589187,0.16221298,8991.104,-8991.104,0.7425015,0.23826507,30000.0,300.0,20,3000.0,1015.673,10915.654,8936.676,-160.97664,1719.9098,-1211.6805,45502.64,0.0068923864,0.17691217,0.17691217,1e-05,0.0003,-7444.6797,0.0073542183399200435,9380.09931588173,1730000,1.0,730000.0,101.6267708189026,18330.697797126497,200.0,1.3847405910491943,142.36411824888222
-8955.754,0.016980546,0.16411774,8955.7705,-8955.7705,1.1215433,0.22785206,30000.0,300.0,20,3000.0,756.9933,10835.084,8907.24,4823.775,1073.5725,-1775.6423,40489.297,0.006551322,0.25554594,0.25554594,1e-05,0.0003,-7432.123,0.00729981598854065,9416.598399877548,1735000,1.0,735000.0,101.70289358661127,18503.640910428086,200.0,1.3756940364837646,143.68742704882385
-8903.822,0.017754197,0.18571043,8903.84,-8903.84,0.9090767,0.23011148,30000.0,300.0,20,3000.0,1858.6707,10932.923,8844.401,4195.6865,2300.9277,-1554.3511,67509.92,0.0067733666,0.20918898,0.20918898,1e-05,0.0003,-6417.5845,0.007295995759963989,9453.078382730484,1740000,1.0,740000.0,101.73584851384604,18537.741813876433,200.0,1.428161382675171,143.94835692777465
-9083.222,0.016331613,0.17226797,9083.238,-9083.238,0.61563265,0.23892896,30000.0,300.0,20,3000.0,1168.8191,10985.517,9025.143,4407.146,4512.5225,-2861.469,85332.44,0.008090996,0.14709246,0.14709246,1e-05,0.0003,-7473.125,0.007259907245635987,9489.377922773361,1745000,1.0,745000.0,101.73529785200863,15820.407318763346,200.0,1.3954026699066162,123.15612888746313
-8873.045,0.01668325,0.15781525,8873.062,-8873.062,0.8686229,0.24466978,30000.0,300.0,20,3000.0,1207.3397,10703.049,8821.092,1497.2677,1898.5753,-2542.9788,58310.016,0.007441068,0.21252577,0.21252577,1e-05,0.0003,-7028.128,0.007264214324951172,9525.698998689651,1750000,1.0,750000.0,101.65354007700681,18496.029923095266,200.0,1.354201078414917,143.62919005793424
-8921.2,0.014767829,0.14521606,8921.215,-8921.215,0.7224158,0.24517682,30000.0,300.0,20,3000.0,775.21484,10929.501,8870.764,6.591526,790.2153,-1473.155,38174.42,0.005907836,0.17711961,0.17711961,1e-05,0.0003,-7614.6265,0.007166125679016113,9561.529631853104,1755000,0.0,755000.0,26.768040940234194,7384.81805111196,200.0,1.3774299621582031,58.6095314689834
-8903.323,0.018479222,0.18818867,8903.342,-8903.342,1.6665535,0.24449933,30000.0,300.0,20,3000.0,1762.4438,10807.702,8843.691,4087.8516,5469.0366,-4031.8132,99176.8,0.00597688,0.40747118,0.40747118,1e-05,0.0003,-5918.466,0.007187232494354248,9597.46579861641,1760000,1.0,760000.0,101.64924532405041,18222.965979254936,200.0,1.377802848815918,141.53978671060042
-8923.387,0.01388536,0.14707145,8923.4,-8923.4,0.71034575,0.25659582,30000.0,300.0,20,3000.0,907.3861,10926.914,8868.3125,3607.4692,1885.9637,-1862.8516,53304.414,0.004841536,0.18227175,0.18227175,1e-05,0.0003,-7469.185,0.007305678462982178,9633.994195461273,1765000,0.0,765000.0,26.821164434966814,6961.706410709264,200.0,1.4145116806030273,55.372008179309404
-8902.868,0.015093682,0.14619057,8902.883,-8902.883,0.5226329,0.25529715,30000.0,300.0,20,3000.0,1559.9033,11020.545,8848.783,-4.969452,3154.981,-3581.3289,79740.34,0.007923795,0.1334267,0.1334267,1e-05,0.0003,-6942.6846,0.0071366399288177495,9669.677399396896,1770000,1.0,770000.0,101.76861961584667,18616.588791120234,200.0,1.415555477142334,144.5516703343835
-8876.246,0.015746558,0.17282696,8876.262,-8876.262,0.76847845,0.2551229,30000.0,300.0,20,3000.0,1006.72046,10570.699,8818.361,3290.8245,1095.634,-1342.0425,43559.508,0.008488301,0.19605646,0.19605646,1e-05,0.0003,-7281.356,0.007307367563247681,9706.214241027832,1775000,1.0,775000.0,101.72672672507078,18614.688013008938,200.0,1.4609284400939941,144.53712615073027
-8904.759,0.016398577,0.1513913,8904.775,-8904.775,0.42814174,0.26185557,30000.0,300.0,20,3000.0,859.3002,10675.282,8849.135,2968.6711,1591.1173,-2066.9868,48989.895,0.006788754,0.1121113,0.1121113,1e-05,0.0003,-7709.1245,0.007236725187301635,9742.397871732712,1780000,1.0,780000.0,101.80949664018979,18533.2694190655,200.0,1.3939294815063477,143.91413550491984
-8930.881,0.01135329,0.1196743,8930.893,-8930.893,0.83868957,0.2492363,30000.0,300.0,20,3000.0,920.1107,10705.729,8885.944,3443.5085,2211.063,-2038.0448,49704.742,0.006025514,0.20903188,0.20903188,1e-05,0.0003,-7383.6743,0.007381497764587402,9779.305364370346,1785000,1.0,785000.0,99.74226169689436,15086.268375331854,200.0,1.6880090236663818,117.53871801936693
-9038.59,0.01581039,0.14844063,9038.605,-9038.605,1.2945818,0.23899543,30000.0,300.0,20,3000.0,1366.5957,10826.412,8984.945,1544.4161,8954.224,-8125.511,108592.66,0.0041946187,0.30939913,0.30939913,1e-05,0.0003,-6743.797,0.007273288202285766,9815.67180943489,1790000,1.0,790000.0,101.74432140927192,17214.87414936182,200.0,1.420703649520874,133.8261705730184
-9076.558,0.01700283,0.1599402,9076.574,-9076.574,1.2751281,0.24629204,30000.0,300.0,20,3000.0,837.4992,10876.992,9025.76,2283.2349,1295.686,-1773.143,44365.14,0.00469702,0.3140539,0.3140539,1e-05,0.0003,-7296.897,0.007402730083465576,9852.685464382172,1795000,1.0,795000.0,101.81661311285936,18712.2873301541,200.0,1.4271845817565918,145.28392683438202
-8981.875,0.011286007,0.109292015,8981.887,-8981.887,1.1811489,0.24257396,30000.0,300.0,20,3000.0,1148.3239,10990.669,8941.445,3120.747,7776.0674,-4847.2397,89282.6,0.008150173,0.28651595,0.28651595,1e-05,0.0003,-6974.0034,0.0073517299175262455,9889.444118499756,1800000,1.0,800000.0,99.6010137174083,18398.089669072928,200.0,1.76981520652771,142.87978062761906
-9097.783,0.01777771,0.17441736,9097.801,-9097.801,1.0126834,0.22696947,30000.0,300.0,20,3000.0,815.5248,10823.839,9038.625,3982.8381,1510.5682,-1643.23,49758.297,0.009624729,0.2298482,0.2298482,1e-05,0.0003,-7592.7144,0.011453192949295045,9946.710087299347,1805000,1.0,805000.0,101.70860066512829,18553.615708647598,200.0,1.393141746520996,144.0698192065495
-8877.5625,0.011966023,0.12224274,8877.574,-8877.574,1.4912399,0.2240948,30000.0,300.0,20,3000.0,1063.9255,10995.816,8833.022,-137.58492,2599.4636,-2491.582,52146.848,0.0063244784,0.3341791,0.3341791,1e-05,0.0003,-6811.0996,0.007262531137466431,9983.022747039795,1810000,1.0,810000.0,101.82846447221378,18438.695612556025,200.0,1.4721553325653076,143.1904851206474
-8985.235,0.01275147,0.11588869,8985.248,-8985.248,0.8970873,0.24146374,30000.0,300.0,20,3000.0,832.92847,11032.7295,8939.91,4460.627,3773.9546,-2940.3528,46851.234,0.0061580413,0.21661405,0.21661405,1e-05,0.0003,-7502.4644,0.007278182506561279,10019.413663625717,1815000,1.0,815000.0,101.70027263349004,18633.221704115003,200.0,1.4309360980987549,144.67894039281163
-8750.375,0.018459704,0.17731594,8750.394,-8750.394,1.3949796,0.2285131,30000.0,300.0,20,3000.0,1369.3611,10764.583,8692.553,3096.7795,1089.0405,-1887.0984,54393.105,0.00676521,0.31877112,0.31877112,1e-05,0.0003,-6424.7,0.007224970054626465,10055.538518190384,1820000,1.0,820000.0,101.7363130941489,18538.502104199066,200.0,1.4071478843688965,143.95417444114793
-9084.959,0.0164445,0.16912527,9084.976,-9084.976,0.49263626,0.23302653,30000.0,300.0,20,3000.0,1664.9113,11039.6,9030.96,3271.2715,12037.346,-10793.626,148926.53,0.009732336,0.114797324,0.114797324,1e-05,0.0003,-7075.656,0.007274726152420044,10091.9121530056,1825000,1.0,825000.0,101.784806646173,18532.655613717343,200.0,1.4207160472869873,143.90943885060872
-8993.881,0.009411439,0.08232001,8993.891,-8993.891,1.1287302,0.2367978,30000.0,300.0,20,3000.0,992.4994,10622.746,8961.896,3984.397,1404.6025,-1886.9185,56553.66,0.0043858327,0.26728082,0.26728082,1e-05,0.0003,-7199.539,0.007255319166183472,10128.188752174377,1830000,1.0,830000.0,99.52659738303348,18585.554915839133,200.0,1.3990721702575684,144.3142084345034
-9029.944,0.020448161,0.17084436,9029.965,-9029.965,0.94377065,0.23685904,30000.0,300.0,20,3000.0,1478.3499,10801.265,8973.359,2665.2476,5270.1597,-4216.825,86395.8,0.0069591426,0.2235406,0.2235406,1e-05,0.0003,-6880.9727,0.007138173961639405,10163.879626512527,1835000,1.0,835000.0,101.80401537452592,18620.750999525924,200.0,1.3800780773162842,144.58351830395736
-8972.347,0.013480108,0.13862653,8972.36,-8972.36,0.7061831,0.23422408,30000.0,300.0,20,3000.0,851.2878,10712.072,8925.922,-151.90948,853.2229,-995.5685,40064.246,0.0071208137,0.16540508,0.16540508,1e-05,0.0003,-7624.8438,0.007300111770629883,10200.380190134048,1840000,1.0,840000.0,101.70053930275391,18553.863854894615,200.0,1.4230575561523438,144.07171794715896
-8989.312,0.014843687,0.15828657,8989.326,-8989.326,0.75614536,0.2412757,30000.0,300.0,20,3000.0,1190.9495,10914.141,8938.781,4109.2334,5334.7427,-4431.783,69276.734,0.006666441,0.1824395,0.1824395,1e-05,0.0003,-7251.044,0.007237795352935791,10236.569170713425,1845000,1.0,845000.0,101.68375156918049,18152.39181729781,200.0,1.4432740211486816,140.99977440375875
-8901.348,0.018429976,0.16580121,8901.366,-8901.366,1.1584634,0.23885934,30000.0,300.0,20,3000.0,1269.4171,10821.495,8840.337,-149.58331,1707.1522,-1532.8313,55039.117,0.008460153,0.2767098,0.2767098,1e-05,0.0003,-6801.8013,0.0071853235244750974,10272.495792150497,1850000,1.0,850000.0,101.79430076116958,18542.201403659765,200.0,1.4006788730621338,143.98248037040125
-8858.256,0.015575087,0.13984568,8858.271,-8858.271,1.0406414,0.23683885,30000.0,300.0,20,3000.0,1301.0315,10559.915,8810.61,3368.265,3118.6538,-3370.949,59512.598,0.0066367397,0.24646431,0.24646431,1e-05,0.0003,-6817.8315,0.007179014730453491,10308.390870571136,1855000,1.0,855000.0,99.733021078772,18211.513879905884,200.0,1.4011647701263428,141.45215868334282
-9011.493,0.016394723,0.14667265,9011.51,-9011.51,0.6841755,0.24237485,30000.0,300.0,20,3000.0,2336.3662,10882.165,8962.73,4453.4893,2913.6099,-2113.9756,76515.48,0.008089172,0.16582693,0.16582693,1e-05,0.0003,-6177.646,0.00728371410369873,10344.809445381165,1860000,1.0,860000.0,101.72427108310404,18508.72934787167,200.0,1.4421501159667969,143.7263622450193
-8946.309,0.011330456,0.10407975,8946.32,-8946.32,0.67601216,0.24773316,30000.0,300.0,20,3000.0,1508.9462,10825.083,8903.816,3329.507,1811.0385,-1593.3711,64200.965,0.0051645795,0.16747063,0.16747063,1e-05,0.0003,-6934.95,0.007306488752365112,10381.341893196106,1865000,1.0,865000.0,101.7758508934995,18607.149836807635,200.0,1.7099578380584717,144.47944628876724
-9093.238,0.00917922,0.090786666,9093.247,-9093.247,1.452511,0.24532221,30000.0,300.0,20,3000.0,927.94946,10615.037,9056.291,-153.00246,3079.5798,-1418.3644,48150.54,0.005983399,0.35633317,0.35633317,1e-05,0.0003,-7096.2896,0.007297141027450562,10417.827602624893,1870000,1.0,870000.0,101.60808233830446,17589.463905370387,200.0,1.4041953086853027,136.69241896551546
-9055.596,0.009641968,0.097553074,9055.605,-9055.605,1.6402596,0.24562049,30000.0,300.0,20,3000.0,984.83545,10993.081,9015.555,347.8711,2798.0154,-2463.4875,50837.09,0.005587813,0.40288138,0.40288138,1e-05,0.0003,-6862.116,0.00734702467918396,10454.56272983551,1875000,0.0,875000.0,26.689627883603183,15261.761920444083,200.0,1.4510526657104492,118.88154195809749
-9079.552,0.014681803,0.14465216,9079.566,-9079.566,0.80042684,0.25014755,30000.0,300.0,20,3000.0,1066.6042,10970.573,9030.586,3434.167,5499.4224,-5599.695,92214.8,0.005628587,0.20022482,0.20022482,1e-05,0.0003,-7412.273,0.007326006507873535,10491.192766904831,1880000,1.0,880000.0,101.8127443058122,18550.008371062915,200.0,1.8143627643585205,144.0422169419722
-9052.748,0.0137571525,0.14402595,9052.762,-9052.762,0.79772836,0.24025133,30000.0,300.0,20,3000.0,941.6439,10947.713,9006.189,-146.78038,474.49033,-1014.8629,34612.03,0.004701435,0.19165531,0.19165531,1e-05,0.0003,-7536.138,0.007352395677566528,10527.95474934578,1885000,1.0,885000.0,99.6806350183855,18214.000461279415,200.0,1.3977460861206055,141.47118525774954
-9053.023,0.020442896,0.19167805,9053.044,-9053.044,1.1588647,0.246644,30000.0,300.0,20,3000.0,640.8472,11031.422,8996.341,-57.839005,1481.0712,-1851.82,42400.473,0.00516888,0.28582704,0.28582704,1e-05,0.0003,-7554.695,0.007359394741058349,10564.751727819443,1890000,1.0,890000.0,101.72209376810525,18711.918885272033,200.0,1.4609863758087158,145.28110760472072
-9007.442,0.016490584,0.15082654,9007.459,-9007.459,1.5729223,0.2524336,30000.0,300.0,20,3000.0,704.8468,11097.619,8958.333,1341.8011,3411.9255,-3611.8252,81711.03,0.005357357,0.39705843,0.39705843,1e-05,0.0003,-7111.4204,0.007416023874282837,10601.83185172081,1895000,0.0,895000.0,26.755073751242097,14565.245724568547,200.0,1.7538933753967285,113.55200906310077
-9005.497,0.012800643,0.11873506,9005.51,-9005.51,0.9568986,0.2598028,30000.0,300.0,20,3000.0,1255.854,10838.407,8959.072,3242.265,5025.832,-6129.484,73866.41,0.00402516,0.24860492,0.24860492,1e-05,0.0003,-7003.828,0.007292619037628174,10638.294950723648,1900000,1.0,900000.0,101.66288573167806,18606.447208632184,200.0,1.4316749572753906,144.47406998883883
-9073.812,0.01640792,0.16557977,9073.828,-9073.828,0.62733877,0.2609978,30000.0,300.0,20,3000.0,1576.6611,11081.677,9017.02,2425.007,4689.9966,-4923.0728,97640.89,0.0042303046,0.16373403,0.16373403,1e-05,0.0003,-7005.948,0.011380964756011963,10695.199778318405,1905000,1.0,905000.0,101.73892501732844,18436.813339664823,200.0,1.3900580406188965,143.17608253338466
-9012.939,0.01868901,0.1695167,9012.958,-9012.958,0.84110945,0.26132327,30000.0,300.0,20,3000.0,1278.2742,10996.05,8957.244,2326.0862,7672.732,-7218.15,129947.64,0.0071325465,0.21980149,0.21980149,1e-05,0.0003,-7075.2607,0.007293336820602417,10731.666466712952,1910000,1.0,910000.0,101.67414093486605,18537.402608630415,200.0,1.695889949798584,143.94576143103313
-9057.398,0.019748531,0.18528605,9057.418,-9057.418,0.81843585,0.25729594,30000.0,300.0,20,3000.0,784.1599,11115.775,9000.221,2544.467,1590.4991,-1935.238,40931.79,0.006541245,0.21058023,0.21058023,1e-05,0.0003,-7641.4976,0.007077200746536255,10767.052474737167,1915000,1.0,915000.0,101.80740575072362,18653.73085735661,200.0,1.4202907085418701,144.83587027828582
-8885.318,0.017138865,0.17490903,8885.336,-8885.336,1.3723528,0.26143008,30000.0,300.0,20,3000.0,1787.0283,10967.643,8827.963,3301.097,5089.4,-7304.3657,100428.58,0.006921773,0.3587743,0.3587743,1e-05,0.0003,-6021.9673,0.007020782661437988,10802.156392097473,1920000,1.0,920000.0,101.6776966107389,18641.648488236435,200.0,1.4048750400543213,144.7434196158938
-9009.804,0.01336726,0.13287292,9009.817,-9009.817,1.0700226,0.27004647,30000.0,300.0,20,3000.0,1491.5505,11025.547,8961.872,2892.7615,20908.055,-18969.62,222393.73,0.00837905,0.2889558,0.2889558,1e-05,0.0003,-6651.3857,0.006919955205917358,10836.756172418594,1925000,1.0,925000.0,101.6838219802651,18642.44031268437,200.0,1.681086540222168,144.74947841893
-9163.423,0.0138565805,0.14498858,9163.437,-9163.437,1.3203276,0.27011395,30000.0,300.0,20,3000.0,1004.2385,10912.828,9113.025,3845.138,1751.1808,-1942.4768,51449.195,0.0061864736,0.3566389,0.3566389,1e-05,0.0003,-7089.2676,0.007016112852096558,10871.836740493774,1930000,1.0,930000.0,99.59662004309541,18124.363468989464,200.0,1.3382291793823242,140.78530989426665
-8911.317,0.016123086,0.1518803,8911.334,-8911.334,0.8859788,0.26833636,30000.0,300.0,20,3000.0,1304.0149,11081.572,8856.291,857.5635,1896.9365,-1565.8082,64811.594,0.0060171844,0.23774032,0.23774032,1e-05,0.0003,-6894.082,0.006991246509552002,10906.792977333069,1935000,1.0,935000.0,101.78685915595037,18722.42682188328,200.0,1.355611801147461,145.36151118206726
-9137.136,0.011196401,0.09458049,9137.146,-9137.146,0.9499829,0.2683837,30000.0,300.0,20,3000.0,935.7023,11126.906,9097.395,3736.7175,1960.1063,-2259.173,55687.71,0.005577176,0.25495994,0.25495994,1e-05,0.0003,-7436.5537,0.006943770551681518,10941.51183438301,1940000,1.0,940000.0,99.60128097622209,18552.257554844462,200.0,1.6228141784667969,144.05942702125196
-9020.859,0.0141028445,0.1277817,9020.873,-9020.873,0.8979511,0.2655687,30000.0,300.0,20,3000.0,1448.2496,11139.26,8968.045,3747.3955,9452.549,-4501.023,106402.0,0.006557185,0.23846772,0.23846772,1e-05,0.0003,-6857.2065,0.0069198291778564455,10976.110984802246,1945000,1.0,945000.0,99.67364299620897,18278.64383400324,200.0,1.2802813053131104,141.9658169453043
-9018.954,0.013905497,0.15130907,9018.968,-9018.968,0.46623427,0.27547404,30000.0,300.0,20,3000.0,698.3944,11035.802,8970.695,-9.181469,1832.2642,-1818.7655,39169.234,0.004468044,0.12843543,0.12843543,1e-05,0.0003,-7935.2534,0.00683885931968689,11010.305285453796,1950000,1.0,950000.0,98.44340505320602,18253.39368851381,200.0,1.2610020637512207,141.77261040999872
-9187.605,0.012415977,0.12567991,9187.618,-9187.618,1.1704879,0.26881036,30000.0,300.0,20,3000.0,798.88464,11058.156,9144.305,113.74128,1057.448,-790.2837,37103.156,0.006633291,0.31463927,0.31463927,1e-05,0.0003,-7444.8027,0.0066968027114868165,11043.78930234909,1955000,1.0,955000.0,101.7795239896503,18572.262262990953,200.0,1.334671974182129,144.2124970442505
-8987.659,0.014889449,0.15042377,8987.674,-8987.674,1.0413042,0.27690125,30000.0,300.0,20,3000.0,982.8742,11033.374,8934.487,-178.53696,1885.5963,-1611.4355,52556.348,0.008610431,0.28833845,0.28833845,1e-05,0.0003,-7139.7695,0.006688002490997314,11077.229319095612,1960000,1.0,960000.0,99.42033077844695,18578.832584956264,200.0,1.3405039310455322,144.26277117606855
-9052.085,0.018277336,0.1710269,9052.104,-9052.104,1.0171559,0.27823675,30000.0,300.0,20,3000.0,981.078,11056.94,8995.727,2663.8047,7782.222,-6962.027,93241.42,0.008261969,0.28301013,0.28301013,1e-05,0.0003,-7221.9766,0.006746550941467285,11110.962077379227,1965000,1.0,965000.0,101.68971814636691,18615.839282638397,200.0,1.3527560234069824,144.54593532042014
-9221.302,0.0063414653,0.06072326,9221.308,-9221.308,0.6990979,0.27765095,30000.0,300.0,20,3000.0,1030.0865,11181.972,9194.628,2942.0613,4629.126,-4342.2114,80754.04,0.0044570398,0.19410518,0.19410518,1e-05,0.0003,-7608.9,0.006703095817565918,11144.477560520172,1970000,1.0,970000.0,101.73136403751093,18510.51820978381,200.0,1.3116390705108643,143.74005007950444
-9173.348,0.016662136,0.16726309,9173.364,-9173.364,0.6770441,0.26082456,30000.0,300.0,20,3000.0,850.812,11021.515,9120.781,856.9891,4873.8296,-5233.6904,79635.89,0.0061293785,0.17658973,0.17658973,1e-05,0.0003,-7792.766,0.0067414490699768065,11178.184809684753,1975000,1.0,975000.0,101.756733812209,18634.636078821648,200.0,1.339543342590332,144.68976276359
-9106.698,0.018536244,0.1660241,9106.717,-9106.717,1.0962514,0.26067686,30000.0,300.0,20,3000.0,1826.0984,11184.793,9052.907,629.2562,4820.752,-5738.508,120296.84,0.007258333,0.28576738,0.28576738,1e-05,0.0003,-6423.2974,0.006775073671340942,11212.060181856155,1980000,1.0,980000.0,101.78828411532604,18590.108841551068,200.0,1.3363873958587646,144.34905370734393
-9110.771,0.010854477,0.099161975,9110.782,-9110.782,0.9022926,0.27117735,30000.0,300.0,20,3000.0,657.71814,10923.957,9071.897,2541.5093,1044.8127,-1048.7155,46125.324,0.0077865664,0.24468133,0.24468133,1e-05,0.0003,-7719.01,0.006787977981567383,11246.000075340271,1985000,1.0,985000.0,101.83405883739547,18664.467876031693,200.0,1.3617398738861084,144.9180267228336
-9034.9375,0.016073873,0.15488783,9034.953,-9034.953,1.0681436,0.26416075,30000.0,300.0,20,3000.0,928.48254,11052.155,8986.561,3658.4731,855.7954,-1078.7113,43620.53,0.0041554114,0.28216162,0.28216162,1e-05,0.0003,-7259.97,0.006730434656143189,11279.652252197266,1990000,1.0,990000.0,101.78154190797841,18637.841244258212,200.0,1.326540231704712,144.71428772758833
-9151.516,0.015755896,0.1321442,9151.531,-9151.531,0.79349494,0.27180484,30000.0,300.0,20,3000.0,1200.3085,11040.179,9104.959,967.22766,5308.9062,-4784.6304,94981.41,0.006746951,0.21567577,0.21567577,1e-05,0.0003,-7304.1797,0.006808040475845337,11313.692458629608,1995000,1.0,995000.0,101.72899109485813,18586.533331466188,200.0,1.3445050716400146,144.32169497724317
-9218.81,0.020187523,0.17839459,9218.83,-9218.83,0.990945,0.25883457,30000.0,300.0,20,3000.0,891.4128,11162.619,9162.667,3949.1357,3942.9705,-3439.0984,63964.54,0.009878197,0.25649083,0.25649083,1e-05,0.0003,-7557.924,0.006696693706512451,11347.175931453705,2000000,1.0,1000000.0,101.63298674546144,18601.362320876142,200.0,1.2794475555419922,144.43516195378714
