training/actor/actor_loss,training/actor/bound_loss,training/actor/mse,training/actor/q,training/actor/q_loss,training/alpha/current_vs_historical_ratio,training/alpha/historical_avg_loss,training/alpha/max_alpha_bound,training/alpha/min_alpha_bound,training/alpha/valid_count,training/alpha_weight,training/critic/critic_loss,training/critic/q_max,training/critic/q_mean,training/critic/q_min,training/grad/max,training/grad/min,training/grad/norm,training/meanflow/consistency_loss,training/meanflow/flow_loss,training/meanflow/mean_flow_loss,training/metrics/actor_learning_rate,training/metrics/critic_learning_rate,training/total_loss,time/epoch_time,time/total_time,step,exploration/goal_achieved,exploration/total.timesteps,exploration/episode.final_reward,exploration/episode.return,exploration/episode.length,exploration/episode.duration,exploration/episode.normalized_return
-0.19262886,0.0,0.51240224,0.19262886,-0.19262886,1.0,0.0,9000.0,90.0,0,900.0,16.909084,3.8560033,0.30027467,-3.086927,1332.5865,-1235.5657,24753.988,0.100370616,0.9441237,0.9441237,0.0,0.0003,866.42773,0.00813841381072998,40.69207406044006,0,,,,,,,
-45.836388,0.033521853,0.082925394,45.86991,-45.86991,25110242.0,0.0,9000.0,90.0,2,900.0,3.348752,449.76553,45.874947,-7.5658445,633.4382,-611.5263,18235.924,0.016120043,0.25110242,0.25110242,1e-05,0.0003,183.50453,0.010510550165176392,93.24483346939087,5000,,,,,,,
-126.4304,0.012911797,0.046850912,126.443306,-126.443306,20016044.0,0.0,9000.0,90.0,4,900.0,24.691473,820.8056,124.10434,-10.865449,743.23956,-1088.2314,19768.21,0.0071382434,0.20016044,0.20016044,2e-05,0.0003,78.40547,0.0036510921001434325,111.50030159950256,10000,,,,,,,
-436.42065,0.02824609,0.14361392,436.4489,-436.4489,52007092.0,0.0,9000.0,90.0,7,900.0,866.3379,1113.8495,401.44617,-16.009329,926.6461,-1457.6321,37432.188,0.017669523,0.5200709,0.5200709,3e-05,0.0003,897.9811,0.0036208818435668946,129.60471534729004,15000,,,,,,,
-891.178,0.0047803735,0.11332372,891.18274,-891.18274,47995640.0,0.0,9000.0,90.0,9,900.0,493.53784,1345.5796,881.8701,392.30936,1903.3467,-2489.8594,24403.35,0.026816603,0.47995642,0.47995642,4e-05,0.0003,34.32065,0.0036239524364471433,147.72448253631592,20000,,,,,,,
-957.2234,0.02073164,0.057935636,957.24414,-957.24414,2.3499439,0.08744855,9000.0,90.0,12,900.0,89.00274,1526.5264,953.1805,671.8685,1044.0734,-870.4955,10413.684,0.008745402,0.20549919,0.20549919,5e-05,0.0003,-683.27136,0.0035918843746185303,165.683908700943,25000,,,,,,,
-971.4765,0.009501394,0.040176988,971.486,-971.486,1.1541606,0.16047458,9000.0,90.0,14,900.0,44.07271,1702.9861,968.32916,618.00745,998.4369,-914.83356,8525.139,0.0055909897,0.18521345,0.18521345,6e-05,0.0003,-760.7117,0.003585481357574463,183.61131978034973,30000,,,,,,,
-1137.4951,0.011429435,0.03752121,1137.5066,-1137.5066,0.6740567,0.22470202,9000.0,90.0,17,900.0,21.45048,1850.6785,1135.7546,718.9174,1088.6893,-546.8743,6468.135,0.005578538,0.1514619,0.1514619,6.9999995e-05,0.0003,-979.729,0.003589003038406372,201.55633974075317,35000,,,,,,,
-1293.5785,0.013387415,0.05643232,1293.5919,-1293.5919,1.3783604,0.24405058,9000.0,90.0,19,900.0,271.20618,1969.6195,1283.8375,809.8838,635.76636,-803.6822,13634.889,0.0073699467,0.33638966,0.33638966,8e-05,0.0003,-719.6216,0.0035555262088775635,219.33397817611694,40000,,,,,,,
-1346.9735,0.016243309,0.035338026,1346.9897,-1346.9897,0.62278897,0.25073564,9000.0,90.0,20,900.0,19.00865,2047.3973,1345.9993,1008.3032,926.41144,-529.02106,7240.3667,0.0070315306,0.15615539,0.15615539,8.9999994e-05,0.0003,-1187.425,0.0035599716663360596,237.13384079933167,45000,,,,,,,
-1411.5852,0.028242655,0.23878862,1411.6134,-1411.6134,1.6684604,0.25885096,9000.0,90.0,20,900.0,607.14386,2101.3762,1368.0828,1012.36993,856.4025,-514.5488,11171.252,0.012028367,0.43188256,0.43188256,1e-04,0.0003,-415.74704,0.0035446226596832276,254.85695934295654,50000,,,,,,,
-1436.694,0.006246886,0.039885473,1436.7002,-1436.7002,0.77241695,0.27886134,9000.0,90.0,20,900.0,530.854,2181.858,1431.0037,956.64526,924.7259,-550.5488,15680.942,0.0059246393,0.21539724,0.21539724,9.999385e-05,0.0003,-711.9824,0.003509398365020752,272.40395617485046,55000,,,,,,,
-1489.5764,0.013445484,0.03239553,1489.5898,-1489.5898,0.54988813,0.25254208,9000.0,90.0,20,900.0,17.558857,2246.2334,1487.1487,1128.009,412.7933,-561.5731,4297.253,0.0050310763,0.1388699,0.1388699,9.99754e-05,0.0003,-1347.0347,0.003540772771835327,290.1078245639801,60000,,,,,,,
-1721.738,0.009407795,0.05818749,1721.7474,-1721.7474,0.7523951,0.24353567,9000.0,90.0,20,900.0,66.46392,2326.3071,1708.9535,1266.0901,540.9794,-420.09683,8361.275,0.0063781235,0.18323503,0.18323503,9.994465e-05,0.0003,-1490.3627,0.0035730624198913575,307.97314071655273,65000,,,,,,,
-1774.6212,0.022362534,0.22383943,1774.6436,-1774.6436,1.1023186,0.24060535,9000.0,90.0,20,900.0,118.54711,2354.6125,1736.6428,1346.3069,356.02356,-301.4919,7449.355,0.010069458,0.26522374,0.26522374,9.990162e-05,0.0003,-1417.3727,0.0035522539615631104,325.7344150543213,70000,,,,,,,
-1962.7692,0.009110479,0.03220389,1962.7783,-1962.7783,0.70446044,0.23393714,9000.0,90.0,20,900.0,31.036613,2379.207,1959.2577,1706.7574,362.1758,-375.8426,5770.698,0.004690087,0.16479947,0.16479947,9.984629e-05,0.0003,-1783.4131,0.003563266706466675,343.55075335502625,75000,,,,,,,
-1728.2877,0.008913644,0.06004473,1728.2966,-1728.2966,1.1168954,0.22277465,9000.0,90.0,20,900.0,102.065285,2372.3467,1715.6042,1460.2915,409.71576,-1019.1875,8640.209,0.006132914,0.24881598,0.24881598,9.977873e-05,0.0003,-1402.2881,0.00350331974029541,361.06735610961914,80000,,,,,,,
-1785.7314,0.018116064,0.18968369,1785.7495,-1785.7495,1.4115994,0.21249835,9000.0,90.0,20,900.0,168.80228,2393.001,1755.5002,1268.1011,217.2496,-252.13242,8088.9575,0.009382352,0.29996255,0.29996255,9.969891e-05,0.0003,-1346.9629,0.0035706440925598144,378.9205811023712,85000,,,,,,,
-1802.1549,0.0066300076,0.017630946,1802.1615,-1802.1615,0.45893738,0.20922518,9000.0,90.0,20,900.0,497.9724,2411.884,1802.2244,1335.7755,953.79614,-151.72002,11560.26,0.0023737787,0.09602125,0.09602125,9.9606885e-05,0.0003,-1217.7634,0.0035543771266937254,396.6924715042114,90000,,,,,,,
-2010.7278,0.03341253,0.3204514,2010.7612,-2010.7612,2.5685449,0.18524112,9000.0,90.0,20,900.0,341.9817,2471.9187,1965.2075,1499.1499,159.19653,-2286.852,16483.727,0.027956922,0.47580013,0.47580013,9.950265e-05,0.0003,-1240.526,0.0035536736965179443,414.46084427833557,95000,,,,,,,
-2087.871,0.010848257,0.020286335,2087.8818,-2087.8818,0.7262962,0.20589976,9000.0,90.0,20,900.0,122.42238,2476.2402,2087.189,1775.8824,165.34184,-3526.068,13787.845,0.0033287455,0.14954421,0.14954421,9.938626e-05,0.0003,-1830.8589,0.003553906869888306,432.2303833961487,100000,,,,,,,
-2140.8335,0.03712163,0.22809869,2140.8706,-2140.8706,2.192304,0.21920446,9000.0,90.0,20,900.0,425.56976,2480.2036,2104.3333,1635.6277,3041.1194,-404.06302,19063.162,0.013150365,0.48056275,0.48056275,9.9257726e-05,0.0003,-1282.7572,0.00787001886367798,471.58048272132874,105000,,,,,,,
-1845.6993,0.009633987,0.04237273,1845.709,-1845.709,1.099332,0.21851301,9000.0,90.0,20,900.0,65.701065,2435.7817,1836.6125,1548.5665,179.84871,-996.0186,6913.194,0.0037888614,0.24021834,0.24021834,9.91171e-05,0.0003,-1563.8018,0.003568863296508789,489.42480397224426,110000,,,,,,,
-1836.8818,0.011685635,0.021774003,1836.8936,-1836.8936,0.5988917,0.21870391,9000.0,90.0,20,900.0,24.63446,2427.4666,1835.3679,1453.6494,65.611244,-57.004875,3545.7527,0.0038141317,0.13097996,0.13097996,9.896442e-05,0.0003,-1694.3654,0.003624928855895996,507.54945254325867,115000,,,,,,,
-1827.3506,0.01028353,0.023023752,1827.3608,-1827.3608,0.35299292,0.24800122,9000.0,90.0,20,900.0,18.34772,2415.8035,1826.936,1579.601,45.17426,-169.64081,3290.0454,0.0026866023,0.08754268,0.08754268,9.8799705e-05,0.0003,-1730.2144,0.0036401628017425536,525.7502715587616,120000,,,,,,,
-1999.8228,0.024116708,0.24275537,1999.8469,-1999.8469,1.5491652,0.25010523,9000.0,90.0,20,900.0,153.12704,2430.0544,1960.6321,1646.5979,1378.7645,-165.64099,10768.174,0.010519697,0.38745433,0.38745433,9.8623015e-05,0.0003,-1497.9868,0.003628154420852661,543.8910484313965,125000,,,,,,,
-2072.523,0.018440293,0.20160724,2072.5415,-2072.5415,1.4330407,0.2517221,9000.0,90.0,20,900.0,169.02415,2423.0608,2044.5999,1736.8677,2767.7363,-197.41629,13997.727,0.011029773,0.36072803,0.36072803,9.843441e-05,0.0003,-1578.8435,0.003614354658126831,561.9628264904022,130000,,,,,,,
-1807.3289,0.0046706703,0.016322486,1807.3335,-1807.3335,0.29420605,0.25767818,9000.0,90.0,20,900.0,15.944963,2399.4294,1806.2222,1613.8613,155.79958,-27.268799,2932.91,0.002155878,0.07581048,0.07581048,9.823391e-05,0.0003,-1723.1545,0.003564523696899414,579.7854495048523,135000,,,,,,,
-1882.1185,0.0064331936,0.016841888,1882.125,-1882.125,0.48432127,0.23974817,9000.0,90.0,20,900.0,12.55862,2398.8552,1880.3872,1602.2842,72.53483,-142.16692,3705.9666,0.0030976513,0.11611514,0.11611514,9.8021614e-05,0.0003,-1765.0563,0.003638523817062378,597.9780735969543,140000,,,,,,,
-1867.9537,0.0090232,0.17321339,1867.9628,-1867.9628,2.1374333,0.22813009,9000.0,90.0,20,900.0,104.38641,2399.949,1841.5835,1527.6943,2104.0537,-220.61227,11729.912,0.011036752,0.48761287,0.48761287,9.779754e-05,0.0003,-1324.7158,0.003639391994476318,616.1750385761261,145000,,,,,,,
-1968.8909,0.006840616,0.038387753,1968.8977,-1968.8977,0.99828,0.22879453,9000.0,90.0,20,900.0,56.67118,2413.6016,1960.208,1621.6171,80.56271,-163.3841,4771.1934,0.003068197,0.228401,0.228401,9.756177e-05,0.0003,-1706.6588,0.0036349971771240234,634.3500292301178,150000,,,,,,,
-1927.9321,0.009581961,0.032510225,1927.9417,-1927.9417,0.97507745,0.23453386,9000.0,90.0,20,900.0,613.6758,2421.9255,1918.5875,1650.4296,572.39233,-5697.9023,29174.035,0.0026164406,0.22868867,0.22868867,9.7314376e-05,0.0003,-1108.4365,0.0036513980865478515,652.6070241928101,155000,,,,,,,
-1952.4327,0.006514676,0.023272183,1952.4392,-1952.4392,0.6995579,0.21678166,9000.0,90.0,20,900.0,152.63986,2400.5188,1947.9622,1588.2056,230.53488,-2420.4756,12658.836,0.0025194283,0.15165134,0.15165134,9.7055396e-05,0.0003,-1663.3066,0.003582806587219238,670.5210611820221,160000,,,,,,,
-2009.5621,0.009238498,0.11836563,2009.5714,-2009.5714,1.5443678,0.22597757,9000.0,90.0,20,900.0,201.53096,2384.6846,1984.6871,1683.6244,247.09117,-1867.3931,12856.314,0.0060596983,0.34899247,0.34899247,9.6784934e-05,0.0003,-1493.9379,0.003646358346939087,688.7528574466705,165000,,,,,,,
-1951.3541,0.0052531464,0.017940473,1951.3594,-1951.3594,0.48139486,0.22104435,9000.0,90.0,20,900.0,16.659807,2382.0598,1950.1213,1603.3181,29.308884,-109.5907,3068.5054,0.0021129418,0.10640961,0.10640961,9.6503034e-05,0.0003,-1838.9257,0.0036303552627563475,706.9046380519867,170000,,,,,,,
-2057.7559,0.014634224,0.19037238,2057.7705,-2057.7705,2.6229846,0.2139372,9000.0,90.0,20,900.0,124.477135,2402.647,2024.777,1629.2076,3406.4836,-300.49823,17485.268,0.009903272,0.56115395,0.56115395,9.62098e-05,0.0003,-1428.2401,0.0036466033935546875,725.137659072876,175000,,,,,,,
-1997.0667,0.019852675,0.21250239,1997.0865,-1997.0865,0.9394961,0.23212431,9000.0,90.0,20,900.0,69.90751,2401.7495,1962.9707,1692.5898,1313.7426,-148.38118,8359.735,0.008345003,0.2180799,0.2180799,9.59053e-05,0.0003,-1730.8872,0.0037295050621032715,743.7851886749268,180000,,,,,,,
-2084.036,0.02202187,0.20003672,2084.0579,-2084.0579,2.0922406,0.24275604,9000.0,90.0,20,900.0,92.72565,2408.5112,2052.2988,1773.6086,93.72049,-900.09436,8044.8457,0.0131161865,0.50790405,0.50790405,9.558961e-05,0.0003,-1534.1967,0.0037312859058380127,762.4416229724884,185000,,,,,,,
-1912.954,0.008214241,0.05450952,1912.9622,-1912.9622,0.5976876,0.23162471,9000.0,90.0,20,900.0,62.508835,2390.2646,1903.1924,1683.8427,1517.7076,-198.03473,9613.598,0.003784348,0.13843921,0.13843921,9.526282e-05,0.0003,-1725.8499,0.0036915831089019777,780.8995428085327,190000,,,,,,,
-1819.907,0.013938654,0.22237904,1819.9209,-1819.9209,1.4765152,0.22642827,9000.0,90.0,20,900.0,152.59164,2376.6118,1787.5938,1511.8135,155.49768,-141.60408,5694.62,0.013210127,0.33432478,0.33432478,9.4925024e-05,0.0003,-1366.423,0.003697048807144165,799.3847920894623,195000,,,,,,,
-1695.7793,0.0060995775,0.013982324,1695.7854,-1695.7854,0.38999888,0.21968992,9000.0,90.0,20,900.0,12.408211,2363.8179,1694.7894,1463.4484,48.563858,-58.23586,2986.9868,0.002123314,0.08567883,0.08567883,9.457632e-05,0.0003,-1606.2601,0.0036291746139526368,817.5306696891785,200000,,,,,,,
-1777.5947,0.009942613,0.01442821,1777.6046,-1777.6046,0.5094635,0.21774875,9000.0,90.0,20,900.0,13.622724,2382.6501,1776.1284,1530.354,68.85659,-100.73151,3195.9717,0.0020965897,0.110935025,0.110935025,9.42168e-05,0.0003,-1664.1305,0.008092440414428711,857.9928758144379,205000,,,,,,,
-1780.3718,0.008218698,0.041972402,1780.38,-1780.38,1.1617959,0.22572897,9000.0,90.0,20,900.0,42.59107,2405.5417,1771.3083,1591.1559,544.9308,-109.12688,6190.848,0.0039648367,0.262251,0.262251,9.384654e-05,0.0003,-1501.7549,0.0037107433795928956,876.5465977191925,210000,,,,,,,
-2015.4816,0.019389547,0.30602258,2015.501,-2015.501,1.7142762,0.24115463,9000.0,90.0,20,900.0,305.0657,2422.8894,1977.3871,1686.2633,3989.2344,-490.25018,22665.553,0.007852582,0.41340563,0.41340563,9.346567e-05,0.0003,-1338.3508,0.003660005044937134,894.8466277122498,215000,,,,,,,
-1902.6409,0.0054623177,0.013270686,1902.6464,-1902.6464,0.40354824,0.22574642,9000.0,90.0,20,900.0,15.168178,2415.4712,1901.2224,1681.3995,105.44826,-32.88903,2703.3208,0.0019130998,0.091099575,0.091099575,9.30743e-05,0.0003,-1805.483,0.003695495891571045,913.3241119384766,220000,,,,,,,
-1821.0825,0.0062956456,0.02483336,1821.0889,-1821.0889,0.45612624,0.21262018,9000.0,90.0,20,900.0,220.71161,2409.2075,1815.5122,1536.4646,1357.4045,-523.03973,12368.794,0.0026489375,0.096981645,0.096981645,9.267249e-05,0.0003,-1513.0874,0.0036963731288909914,931.8059821128845,225000,,,,,,,
-2046.7522,0.012448778,0.22140491,2046.7646,-2046.7646,1.2151722,0.226548,9000.0,90.0,20,900.0,143.10703,2435.6282,2017.2578,1702.3634,1634.0033,-283.05072,11494.989,0.00895467,0.27529484,0.27529484,9.2260394e-05,0.0003,-1655.8798,0.003694999074935913,950.2809841632843,230000,,,,,,,
-1867.5276,0.0065678107,0.054133013,1867.5342,-1867.5342,1.0412207,0.22787729,9000.0,90.0,20,900.0,33.31618,2421.293,1855.3439,1536.1871,266.771,-1288.4159,8804.596,0.0030739415,0.23727053,0.23727053,9.183811e-05,0.0003,-1620.668,0.0036234376430511477,968.3981771469116,235000,,,,,,,
-1998.1688,0.025958788,0.35201845,1998.1948,-1998.1948,1.1833163,0.22954069,9000.0,90.0,20,900.0,107.28064,2410.6465,1950.6482,1488.6769,168.64981,-1239.6102,9268.38,0.015607369,0.27161926,0.27161926,9.1405775e-05,0.0003,-1646.4309,0.0035539066314697267,986.1677153110504,240000,,,,,,,
-1872.7716,0.008129746,0.083975405,1872.7798,-1872.7798,0.7454619,0.22501914,9000.0,90.0,20,900.0,78.5811,2408.0288,1859.2129,1657.498,1191.0598,-182.588,7913.0464,0.009184044,0.16774319,0.16774319,9.0963455e-05,0.0003,-1643.2217,0.003591014814376831,1004.1227943897247,245000,,,,,,,
-1782.0112,0.0051034307,0.024682064,1782.0164,-1782.0164,0.89872706,0.20428263,9000.0,90.0,20,900.0,295.38782,2391.4526,1776.0098,1535.1105,632.64124,-2531.5635,15072.394,0.0027689408,0.18359433,0.18359433,9.051133e-05,0.0003,-1321.3885,0.0036009623527526857,1022.1276106834412,250000,,,,,,,
-1887.8772,0.007619843,0.012916071,1887.8848,-1887.8848,0.5796738,0.1892263,9000.0,90.0,20,900.0,24.369282,2405.97,1886.4963,1693.2317,499.19873,-87.20688,5125.279,0.0021285499,0.10968953,0.10968953,9.004948e-05,0.0003,-1764.7874,0.003606525754928589,1040.1602442264557,255000,,,,,,,
-1965.8156,0.010151129,0.18703555,1965.8257,-1965.8257,1.6137768,0.18349412,9000.0,90.0,20,900.0,35.618103,2416.7498,1940.2927,1711.3899,600.7969,-119.47598,5995.1484,0.012911444,0.29611856,0.29611856,8.9578054e-05,0.0003,-1663.6908,0.0035852954864501953,1058.0867269039154,260000,,,,,,,
-1901.2538,0.0053504664,0.103160515,1901.2592,-1901.2592,0.73512083,0.18217055,9000.0,90.0,20,900.0,42.86621,2412.695,1882.9215,1674.1271,525.83563,-121.82861,6452.671,0.005658586,0.13391738,0.13391738,8.909717e-05,0.0003,-1737.8619,0.0035293712615966795,1075.7335877418518,265000,,,,,,,
-1942.3511,0.004141733,0.10616302,1942.3552,-1942.3552,1.1870054,0.18331888,9000.0,90.0,20,900.0,184.98483,2423.5981,1925.521,1696.2798,516.1037,-1767.387,10775.18,0.003951182,0.2176005,0.2176005,8.860696e-05,0.0003,-1561.5258,0.0035862368106842043,1093.664776802063,270000,,,,,,,
-1882.3256,0.019847944,0.27722928,1882.3455,-1882.3455,1.9984955,0.19236657,9000.0,90.0,20,900.0,654.4258,2416.0403,1849.8147,1624.1383,2407.1284,-1105.246,15264.605,0.022316733,0.3844437,0.3844437,8.810758e-05,0.0003,-881.90045,0.003581221866607666,1111.5708906650543,275000,,,,,,,
-2022.1372,0.01752694,0.21703167,2022.1548,-2022.1548,1.9005207,0.1949522,9000.0,90.0,20,900.0,194.1122,2440.8901,1987.3372,1711.0176,2200.1428,-443.6891,14283.3125,0.010913846,0.3705107,0.3705107,8.759914e-05,0.0003,-1494.5654,0.0035849598407745363,1129.4956948757172,280000,,,,,,,
-1965.7874,0.0061407275,0.12079806,1965.7935,-1965.7935,1.1731341,0.19806318,9000.0,90.0,20,900.0,57.74609,2403.2803,1948.1536,1753.8887,1430.3818,-263.53546,10455.299,0.010288557,0.23235467,0.23235467,8.708179e-05,0.0003,-1698.9221,0.0035852386474609374,1147.4218926429749,285000,,,,,,,
-1989.6296,0.011518302,0.17510085,1989.6411,-1989.6411,0.6932694,0.21536055,9000.0,90.0,20,900.0,119.117935,2378.1326,1963.5168,1723.9027,362.46936,-2290.2368,12996.914,0.009159591,0.14930287,0.14930287,8.655565e-05,0.0003,-1736.1392,0.0035117626190185546,1164.9807102680206,290000,,,,,,,
-1816.971,0.004581439,0.016101973,1816.9756,-1816.9756,0.5768004,0.21105099,9000.0,90.0,20,900.0,12.827263,2347.8174,1814.4851,1585.0376,45.402817,-183.38106,3755.5005,0.0015829881,0.12173429,0.12173429,8.602091e-05,0.0003,-1694.5828,0.0035648079872131347,1182.8047547340393,295000,,,,,,,
-2000.1797,0.010805418,0.20311055,2000.1906,-2000.1906,1.6709299,0.21180479,9000.0,90.0,20,900.0,79.44928,2340.3633,1967.0166,1355.9541,304.8634,-1739.0664,10797.762,0.0077524753,0.35391098,0.35391098,8.547767e-05,0.0003,-1602.2106,0.0035530035972595217,1200.5697765350342,300000,,,,,,,
-1916.1859,0.002349779,0.04661221,1916.1882,-1916.1882,1.0170691,0.22034943,9000.0,90.0,20,900.0,35.29638,2324.1357,1907.6318,1697.0662,63.806282,-171.36282,4593.9604,0.0035127986,0.22411057,0.22411057,8.49261e-05,0.0003,-1679.1901,0.00782290186882019,1239.6842904090881,305000,,,,,,,
-1888.334,0.0075548077,0.092327766,1888.3416,-1888.3416,1.1005132,0.21041484,9000.0,90.0,20,900.0,74.01223,2335.5654,1869.7253,1622.317,411.0699,-2754.6494,14557.445,0.0036608786,0.23156431,0.23156431,8.436636e-05,0.0003,-1605.914,0.003642381477355957,1257.896202802658,310000,,,,,,,
-1848.9242,0.0045637335,0.053888485,1848.9287,-1848.9287,0.9558461,0.2063186,9000.0,90.0,20,900.0,34.653603,2324.3147,1837.3882,1617.7433,943.58655,-173.41507,7470.705,0.0030738958,0.19720882,0.19720882,8.3798586e-05,0.0003,-1636.7827,0.003590409278869629,1275.8482539653778,315000,,,,,,,
-1840.155,0.010239566,0.03582548,1840.1653,-1840.1653,1.1446848,0.21765816,9000.0,90.0,20,900.0,33.192352,2315.9785,1834.1802,1651.1433,1566.6678,-229.50034,9643.028,0.0044693546,0.24914998,0.24914998,8.322294e-05,0.0003,-1582.7277,0.0036427843570709228,1294.0621807575226,320000,,,,,,,
-1834.9817,0.018345026,0.21273385,1835.0,-1835.0,1.1094,0.2204148,9000.0,90.0,20,900.0,57.29007,2296.4692,1802.3772,1491.6095,869.3018,-136.02426,7843.213,0.0072614076,0.24452817,0.24452817,8.263957e-05,0.0003,-1557.6163,0.0036335477352142332,1312.2299239635468,325000,,,,,,,
-1769.5947,0.0066778334,0.010989164,1769.6014,-1769.6014,0.4357763,0.21046875,9000.0,90.0,20,900.0,11.670759,2284.9343,1768.7653,1542.2863,41.888504,-153.30588,3761.7935,0.0017112896,0.09171729,0.09171729,8.2048646e-05,0.0003,-1675.3784,0.0036406619071960447,1330.4332382678986,330000,,,,,,,
-1679.3632,0.004728756,0.05164263,1679.3679,-1679.3679,1.2811601,0.20818344,9000.0,90.0,20,900.0,74.56288,2267.9229,1667.5834,1472.2307,195.14192,-991.77185,8932.029,0.004665223,0.26671633,0.26671633,8.1450344e-05,0.0003,-1364.7556,0.0037320809364318848,1349.0936479568481,335000,,,,,,,
-1858.2942,0.008676717,0.09005055,1858.3029,-1858.3029,1.416964,0.20600943,9000.0,90.0,20,900.0,586.25464,2296.7202,1839.1592,1631.5557,716.8229,-4349.0283,28442.8,0.0050491816,0.29190794,0.29190794,8.0844795e-05,0.0003,-1009.3224,0.003646401071548462,1367.3256585597992,340000,,,,,,,
-1784.6182,0.004107326,0.015628073,1784.6223,-1784.6223,0.8771429,0.19525294,9000.0,90.0,20,900.0,11.111452,2303.559,1780.8721,1630.5247,192.39996,-96.08814,3475.5974,0.0017767394,0.17126472,0.17126472,8.0232174e-05,0.0003,-1619.3684,0.0036719453811645507,1385.685389995575,345000,,,,,,,
-1795.3125,0.0038146866,0.011843755,1795.3163,-1795.3163,0.4388116,0.20749176,9000.0,90.0,20,900.0,9.150538,2310.7878,1794.1149,1587.0476,64.06309,-32.326027,3006.0293,0.0012780037,0.09104979,0.09104979,7.961267e-05,0.0003,-1704.2172,0.0036673581123352053,1404.022185087204,350000,,,,,,,
-1811.3586,0.010290211,0.24403147,1811.3689,-1811.3689,1.6378398,0.2017711,9000.0,90.0,20,900.0,257.13013,2326.693,1781.905,1556.1432,951.4009,-376.87558,8964.396,0.012284202,0.3304687,0.3304687,7.898643e-05,0.0003,-1256.8066,0.003654932451248169,1422.2968521118164,355000,,,,,,,
-1710.0116,0.004258014,0.021246754,1710.0159,-1710.0159,0.93557775,0.17990911,9000.0,90.0,20,900.0,178.13933,2316.4792,1704.9683,1428.2867,263.18164,-1072.0135,10127.351,0.001959819,0.16831896,0.16831896,7.835362e-05,0.0003,-1380.3853,0.00365567102432251,1440.5752115249634,360000,,,,,,,
-1719.2211,0.0043269955,0.06714358,1719.2253,-1719.2253,0.7579825,0.16868661,9000.0,90.0,20,900.0,45.76104,2326.7854,1707.9374,1489.6113,321.6493,-1129.6545,8547.587,0.003809783,0.1278615,0.1278615,7.7714445e-05,0.0003,-1558.3848,0.003612705612182617,1458.6387445926666,365000,,,,,,,
-1857.8004,0.009713588,0.110764995,1857.8102,-1857.8102,2.2788088,0.17586802,9000.0,90.0,20,900.0,260.14954,2315.228,1835.5488,1556.1794,374.6577,-1766.4535,14231.587,0.004899904,0.4007696,0.4007696,7.706907e-05,0.0003,-1236.9583,0.0036859718322753907,1477.0686085224152,370000,,,,,,,
-1846.9435,0.009802716,0.10994915,1846.9532,-1846.9532,1.2287803,0.19002712,9000.0,90.0,20,900.0,75.928345,2316.0166,1826.363,1612.4562,253.19453,-650.5659,7677.2563,0.007224759,0.23350158,0.23350158,7.641764e-05,0.0003,-1560.8638,0.003645952892303467,1495.298377752304,375000,,,,,,,
-1936.4286,0.008291975,0.073363565,1936.4369,-1936.4369,1.6402302,0.18782997,9000.0,90.0,20,900.0,101.34503,2321.395,1918.1377,1613.0697,749.6081,-419.15192,9534.283,0.0037893553,0.30808437,0.30808437,7.5760356e-05,0.0003,-1557.8076,0.0037230235576629638,1513.9135041236877,380000,,,,,,,
-1784.0675,0.008837451,0.06220217,1784.0763,-1784.0763,1.1465096,0.19628073,9000.0,90.0,20,900.0,32.270523,2300.0842,1771.0281,1531.4303,75.645935,-74.70031,4286.167,0.00285407,0.22503774,0.22503774,7.50974e-05,0.0003,-1549.2631,0.0037075886726379396,1532.451452255249,385000,,,,,,,
-1778.5642,0.0033982806,0.01204835,1778.5676,-1778.5676,0.6615585,0.1832733,9000.0,90.0,20,900.0,107.75722,2303.0002,1776.107,1521.2177,225.66837,-779.3256,7549.4434,0.0012919443,0.12124601,0.12124601,7.442894e-05,0.0003,-1561.6855,0.0035928738117218017,1550.4158260822296,390000,,,,,,,
-1794.7296,0.008017054,0.027992979,1794.7377,-1794.7377,0.7338864,0.18490748,9000.0,90.0,20,900.0,32.165565,2328.1736,1788.4114,1591.0208,63.252743,-54.25422,4168.8506,0.002429039,0.13570109,0.13570109,7.375519e-05,0.0003,-1640.4331,0.003661298894882202,1568.7223255634308,395000,,,,,,,
-1903.603,0.012639178,0.16358137,1903.6157,-1903.6157,1.6824409,0.18895938,9000.0,90.0,20,900.0,306.27728,2332.3284,1880.3871,1681.1744,1638.708,-624.30817,16504.066,0.015350032,0.31791297,0.31791297,7.30763e-05,0.0003,-1311.204,0.0036693973541259764,1587.0693175792694,400000,,,,,,,
-1877.0217,0.0031999152,0.0774764,1877.0249,-1877.0249,1.379404,0.19712564,9000.0,90.0,20,900.0,124.736786,2334.748,1862.375,1652.7152,811.96576,-219.23402,9483.699,0.0052135456,0.2719159,0.2719159,7.239246e-05,0.0003,-1507.5605,0.008023930168151856,1627.1889729499817,405000,,,,,,,
-1739.9556,0.0045842994,0.016798481,1739.9602,-1739.9602,1.2309729,0.18477288,9000.0,90.0,20,900.0,55.523766,2317.6902,1735.1833,1542.6561,154.5176,-76.64123,4828.1357,0.0014217752,0.2274504,0.2274504,7.170388e-05,0.0003,-1479.7264,0.003744153833389282,1645.9097464084625,410000,,,,,,,
-1824.0406,0.005189866,0.061593756,1824.0459,-1824.0459,1.4575895,0.1826924,9000.0,90.0,20,900.0,93.22247,2317.077,1811.4065,1565.3618,912.8099,-483.61322,9342.553,0.003656693,0.26629052,0.26629052,7.101073e-05,0.0003,-1491.1566,0.0036174166679382325,1663.9968347549438,415000,,,,,,,
-1956.4988,0.020229068,0.24951017,1956.519,-1956.519,0.77752393,0.19413939,9000.0,90.0,20,900.0,49.85901,2326.1477,1921.7394,1676.4186,143.52628,-254.68916,5624.1685,0.013833451,0.15094803,0.15094803,7.0313195e-05,0.0003,-1770.7865,0.0036801653861999514,1682.3976662158966,420000,,,,,,,
-1773.712,0.002102729,0.009518921,1773.7141,-1773.7141,0.92109925,0.18757129,9000.0,90.0,20,900.0,87.33535,2308.104,1772.861,1582.6946,433.76935,-78.33081,7564.0444,0.0011352558,0.17277177,0.17277177,6.961148e-05,0.0003,-1530.8821,0.003786660623550415,1701.3309745788574,425000,,,,,,,
-1845.4893,0.008171082,0.092604496,1845.4974,-1845.4974,1.4213895,0.1978264,9000.0,90.0,20,900.0,318.95465,2346.2605,1828.267,1623.558,583.9523,-1598.5911,14094.682,0.0044211727,0.28118837,0.28118837,6.890576e-05,0.0003,-1273.4651,0.003698656702041626,1719.8242633342743,430000,,,,,,,
-1825.9241,0.011506071,0.29341567,1825.9355,-1825.9355,1.4905543,0.21199894,9000.0,90.0,20,900.0,100.86822,2360.0637,1795.647,1613.0435,187.09245,-140.8313,4915.7637,0.018175647,0.31599593,0.31599593,6.8196256e-05,0.0003,-1440.6595,0.003677519178390503,1738.2118639945984,435000,,,,,,,
-1831.2115,0.014585084,0.13661122,1831.2261,-1831.2261,1.2426591,0.22142032,9000.0,90.0,20,900.0,175.197,2364.48,1806.4155,1587.518,624.3175,-418.7392,10063.418,0.0060897185,0.27514997,0.27514997,6.748313e-05,0.0003,-1408.3795,0.0035868935108184816,1756.1463360786438,440000,,,,,,,
-1799.8097,0.0067493003,0.07779406,1799.8164,-1799.8164,0.8698849,0.21917744,9000.0,90.0,20,900.0,26.115673,2380.8962,1785.6505,1612.6177,61.490982,-103.69029,4494.085,0.0058767,0.19065915,0.19065915,6.67666e-05,0.0003,-1602.1007,0.003650042152404785,1774.3965520858765,445000,,,,,,,
-1830.5004,0.0023042394,0.008547217,1830.5027,-1830.5027,0.3935303,0.23780735,9000.0,90.0,20,900.0,43.546917,2388.9463,1829.1304,1605.6738,75.86286,-97.904526,4384.1426,0.0010412724,0.093584396,0.093584396,6.604685e-05,0.0003,-1702.7275,0.0036538954257965086,1792.6660335063934,450000,,,,,,,
-1837.4446,0.0055161356,0.073563695,1837.4501,-1837.4501,1.2510902,0.23482504,9000.0,90.0,20,900.0,154.36664,2280.0835,1822.4773,1631.295,623.5234,-425.21918,9978.454,0.0051256316,0.2937873,0.2937873,6.5324086e-05,0.0003,-1418.6693,0.0036602265834808348,1810.9671757221222,455000,,,,,,,
-1786.0564,0.0049235676,0.027947605,1786.0613,-1786.0613,0.5453408,0.23960899,9000.0,90.0,20,900.0,22.460676,2400.952,1780.1941,1586.639,94.833694,-91.43591,5055.538,0.00156478,0.13066855,0.13066855,6.4598484e-05,0.0003,-1645.994,0.003656325578689575,1829.2488086223602,460000,,,,,,,
-1798.0105,0.004352739,0.058696017,1798.0149,-1798.0149,0.99365056,0.23887789,9000.0,90.0,20,900.0,27.15569,2416.5066,1786.3927,1552.8168,235.67955,-191.53435,5087.5356,0.0024432903,0.23736115,0.23736115,6.387027e-05,0.0003,-1557.2299,0.0035843541622161863,1847.1705839633942,465000,,,,,,,
-1893.0266,0.003391488,0.04720152,1893.03,-1893.03,0.54060835,0.251141,9000.0,90.0,20,900.0,28.543238,2452.8562,1883.8508,1651.772,50.03741,-116.041405,4010.3628,0.0024299873,0.13576892,0.13576892,6.3139625e-05,0.0003,-1742.2914,0.003650909614562988,1865.4251363277435,470000,,,,,,,
-1878.6062,0.006350504,0.042892437,1878.6125,-1878.6125,1.3354006,0.23486792,9000.0,90.0,20,900.0,30.489664,2454.479,1868.0476,1593.0529,109.119156,-298.08954,6111.3804,0.0022270535,0.31364274,0.31364274,6.2406754e-05,0.0003,-1565.8381,0.0036683764457702637,1883.7670230865479,475000,,,,,,,
-1914.5887,0.004233008,0.011898979,1914.593,-1914.593,0.37086344,0.23861896,9000.0,90.0,20,900.0,17.191444,2463.1648,1910.3783,1604.3474,52.806877,-47.45136,3645.5537,0.0008520445,0.088495046,0.088495046,6.167186e-05,0.0003,-1817.7518,0.003775920295715332,1902.6466290950775,480000,,,,,,,
-1873.8617,0.007938046,0.12808894,1873.8696,-1873.8696,0.8482851,0.22927168,9000.0,90.0,20,900.0,101.06134,2443.8418,1853.73,1635.9692,249.0834,-373.59027,8145.163,0.0064580594,0.19448775,0.19448775,6.093515e-05,0.0003,-1597.7614,0.0036684707641601562,1920.9889879226685,485000,,,,,,,
-1947.9419,0.010193314,0.14597723,1947.9521,-1947.9521,1.2971976,0.22554092,9000.0,90.0,20,900.0,71.588104,2411.8208,1926.1699,1630.3784,303.36255,-108.42077,6551.2764,0.0043145837,0.29257113,0.29257113,6.0196806e-05,0.0003,-1613.0398,0.0035905694961547853,1938.9418404102325,490000,,,,,,,
-1784.4944,0.0026296931,0.009375108,1784.4971,-1784.4971,0.39739126,0.23524757,9000.0,90.0,20,900.0,29.42234,2379.634,1782.7078,1561.033,130.76497,-125.23931,5083.9043,0.0015468019,0.093485326,0.093485326,5.945705e-05,0.0003,-1670.9352,0.003622457218170166,1957.054131269455,495000,,,,,,,
-1784.4673,0.004188589,0.007391604,1784.4714,-1784.4714,0.23367953,0.22235797,9000.0,90.0,20,900.0,14.988193,2361.1565,1783.9724,1580.6608,45.200645,-79.634514,3577.4453,0.0012698496,0.051960506,0.051960506,5.8716072e-05,0.0003,-1722.7147,0.003627168369293213,1975.1899774074554,500000,,,,,,,
-1792.0732,0.0083222,0.08417569,1792.0815,-1792.0815,1.71501,0.21491705,9000.0,90.0,20,900.0,121.317764,2333.408,1773.6796,1429.7046,521.8754,-369.15732,10000.057,0.0037389204,0.3685849,0.3685849,5.7974077e-05,0.0003,-1339.029,0.008325750494003296,2016.818734407425,505000,,,,,,,
-1776.9166,0.0036006914,0.0085455505,1776.9202,-1776.9202,0.73835456,0.20334756,9000.0,90.0,20,900.0,11.392903,2320.92,1775.2136,1565.4021,57.6778,-49.292767,3282.2512,0.0008183627,0.1501426,0.1501426,5.7231267e-05,0.0003,-1630.3954,0.0037444193840026857,2035.5408368110657,510000,,,,,,,
-1767.4335,0.003982162,0.0069793104,1767.4375,-1767.4375,0.689857,0.21044953,9000.0,90.0,20,900.0,16.533339,2315.0544,1766.417,1525.9564,68.508255,-64.81313,3597.481,0.00060972635,0.14518008,0.14518008,5.6487854e-05,0.0003,-1620.238,0.0036640164375305174,2053.86092376709,515000,,,,,,,
-1649.5381,0.004236972,0.044060823,1649.5424,-1649.5424,0.6856146,0.19967814,9000.0,90.0,20,900.0,22.370352,2295.008,1640.1523,1383.2526,85.83118,-110.57856,4380.7334,0.00213427,0.13690224,0.13690224,5.574403e-05,0.0003,-1503.9557,0.003719010639190674,2072.455981731415,520000,,,,,,,
-1860.0775,0.0072171325,0.12491149,1860.0847,-1860.0847,0.8507338,0.20496841,9000.0,90.0,20,900.0,35.16559,2290.9229,1839.9388,1542.0562,229.64282,-268.52893,6268.3306,0.0069547435,0.17437355,0.17437355,5.5000004e-05,0.0003,-1667.9757,0.003757753324508667,2091.2447547912598,525000,,,,,,,
-1750.2792,0.004301143,0.010380665,1750.2834,-1750.2834,1.0124921,0.20106006,9000.0,90.0,20,900.0,95.00639,2273.1663,1747.4363,1442.4124,352.82364,-110.211624,7384.92,0.0009774398,0.20357169,0.20357169,5.4255972e-05,0.0003,-1472.0583,0.0037551990509033205,2110.0207583904266,530000,,,,,,,
-1754.5925,0.004586372,0.0822032,1754.5972,-1754.5972,1.3829932,0.1892815,9000.0,90.0,20,900.0,17.35859,2265.7332,1741.3236,1530.5969,182.52086,-98.28872,5138.3613,0.0047656125,0.26177502,0.26177502,5.3512147e-05,0.0003,-1501.6364,0.0038004270553588866,2129.0228984355927,535000,,,,,,,
-1642.0128,0.004227982,0.069459364,1642.0171,-1642.0171,1.3817723,0.1960866,9000.0,90.0,20,900.0,53.53824,2251.465,1629.9559,1382.4161,104.20204,-320.17206,6821.5566,0.0010381229,0.270947,0.270947,5.276873e-05,0.0003,-1344.6223,0.003753500270843506,2147.7904047966003,540000,,,,,,,
-1682.0752,0.0050659394,0.088137,1682.0803,-1682.0803,0.8348308,0.2061599,9000.0,90.0,20,900.0,15.683926,2247.5732,1665.6958,1383.0889,48.78847,-56.591583,3245.3171,0.0043851235,0.17210864,0.17210864,5.2025924e-05,0.0003,-1511.4934,0.003721245288848877,2166.396635532379,545000,,,,,,,
-1673.9451,0.0054002963,0.081539676,1673.9504,-1673.9504,0.59683645,0.19766353,9000.0,90.0,20,900.0,27.277885,2237.807,1659.053,1435.3212,168.37071,-82.80989,5430.8447,0.004302666,0.1179728,0.1179728,5.1283936e-05,0.0003,-1540.4917,0.003740607213973999,2185.0996804237366,550000,,,,,,,
-1685.3297,0.0067601064,0.09338902,1685.3364,-1685.3364,1.1038795,0.18531314,9000.0,90.0,20,900.0,11.46333,2222.8901,1669.5605,1439.1877,84.56573,-82.80476,3969.691,0.006468094,0.20456335,0.20456335,5.0542945e-05,0.0003,-1489.7593,0.003787945222854614,2204.039411306381,555000,,,,,,,
-1612.7458,0.002545374,0.0063682897,1612.7484,-1612.7484,0.6603939,0.18483247,9000.0,90.0,20,900.0,37.821648,2216.8152,1611.9546,1356.2456,64.76596,-158.39754,5148.337,0.00097292813,0.12206223,0.12206223,4.9803188e-05,0.0003,-1465.0682,0.003848832654953003,2223.283579826355,560000,,,,,,,
-1629.9529,0.00973084,0.102414064,1629.9626,-1629.9626,0.8213996,0.17679635,9000.0,90.0,20,900.0,22.90345,2210.9272,1612.4916,1336.3524,72.61314,-30.09795,3685.7383,0.0026268703,0.14522044,0.14522044,4.9064853e-05,0.0003,-1476.3511,0.003805470275878906,2242.310935974121,565000,,,,,,,
-1694.2877,0.0042393133,0.087792866,1694.292,-1694.292,0.9471444,0.18160534,9000.0,90.0,20,900.0,14.532156,2201.2876,1679.7755,1382.8569,78.44188,-74.66927,4553.664,0.0044906023,0.17200649,0.17200649,4.8328133e-05,0.0003,-1524.9498,0.003829002332687378,2261.455952167511,570000,,,,,,,
-1616.7244,0.005245043,0.038847126,1616.7296,-1616.7296,0.4859491,0.18001749,9000.0,90.0,20,900.0,14.803707,2187.7373,1608.0765,1323.9458,103.13991,-92.45386,4702.54,0.002840978,0.08747933,0.08747933,4.7593247e-05,0.0003,-1523.1892,0.0038251532077789308,2280.5817234516144,575000,,,,,,,
-1670.0209,0.01583598,0.15446046,1670.0367,-1670.0367,0.5684278,0.18345904,9000.0,90.0,20,900.0,43.32396,2181.4182,1645.271,1373.6628,66.54167,-83.756165,4618.6704,0.009300277,0.10428321,0.10428321,4.686038e-05,0.0003,-1532.842,0.003847375965118408,2299.818608045578,580000,,,,,,,
-1630.9097,0.0050039925,0.07473507,1630.9147,-1630.9147,1.6287063,0.17670268,9000.0,90.0,20,900.0,16.677029,2170.894,1617.2417,1376.3518,74.424736,-74.34987,4420.5493,0.0029380717,0.28779677,0.28779677,4.612974e-05,0.0003,-1355.2156,0.0037823630809783937,2318.73042845726,585000,,,,,,,
-1628.1162,0.009788856,0.11984581,1628.126,-1628.126,1.5644007,0.17799829,9000.0,90.0,20,900.0,24.209236,2166.445,1608.5173,1342.1758,143.56834,-111.77646,5139.898,0.004439897,0.27846065,0.27846065,4.540152e-05,0.0003,-1353.2924,0.003835914659500122,2337.9100065231323,590000,,,,,,,
-1656.8872,0.0077577834,0.11768378,1656.895,-1656.895,1.3345113,0.18902104,9000.0,90.0,20,900.0,30.586884,2167.516,1637.5918,1358.4193,179.57767,-185.0375,5876.4795,0.0058806916,0.2522507,0.2522507,4.467592e-05,0.0003,-1399.2747,0.003864076375961304,2357.2303931713104,595000,,,,,,,
-1629.5774,0.0040985215,0.058319777,1629.5815,-1629.5815,0.7599891,0.19519047,9000.0,90.0,20,900.0,14.238028,2171.1587,1617.8945,1384.0035,66.3722,-66.87449,3942.0945,0.0027363696,0.14834262,0.14834262,4.3953154e-05,0.0003,-1481.831,0.0038493159770965576,2376.476977825165,600000,,,,,,,
-1646.3568,0.0062202895,0.074414745,1646.363,-1646.363,0.66330075,0.1980155,9000.0,90.0,20,900.0,15.015105,2166.9292,1632.7114,1372.3846,117.94515,-56.21808,4347.4355,0.0030201494,0.13134383,0.13134383,4.3233405e-05,0.0003,-1513.1322,0.008680515432357788,2419.879559278488,605000,,,,,,,
-1645.4999,0.0047930055,0.089915365,1645.5046,-1645.5046,1.0362399,0.1897277,9000.0,90.0,20,900.0,13.858206,2158.363,1630.5397,1333.0894,64.04379,-50.873196,4151.7334,0.0019895488,0.1966034,0.1966034,4.251687e-05,0.0003,-1454.6986,0.0037189582347869872,2438.4743552207947,610000,,,,,,,
-1590.0923,0.004952173,0.076675534,1590.0973,-1590.0973,0.82508564,0.1840197,9000.0,90.0,20,900.0,9.013336,2154.4216,1576.6667,1314.715,77.572044,-64.09817,4110.051,0.0027611817,0.15183201,0.15183201,4.1803753e-05,0.0003,-1444.4302,0.003782584810256958,2457.387286901474,615000,,,,,,,
-1576.9364,0.007995086,0.10714529,1576.9443,-1576.9443,1.4279155,0.17677271,9000.0,90.0,20,900.0,16.941277,2147.77,1558.675,1274.2063,86.69707,-81.99925,5035.2075,0.005874007,0.2524165,0.2524165,4.1094238e-05,0.0003,-1332.8203,0.003791775131225586,2476.3461680412292,620000,,,,,,,
-1607.6925,0.0074375058,0.113809094,1607.7,-1607.7,0.8564036,0.18491812,9000.0,90.0,20,900.0,26.554626,2156.0105,1587.5022,1312.7383,90.77987,-54.999863,4479.8257,0.0055124527,0.15836455,0.15836455,4.0388528e-05,0.0003,-1438.6099,0.003786160373687744,2495.2769746780396,625000,,,,,,,
-1632.569,0.01045038,0.103847794,1632.5795,-1632.5795,1.137167,0.18896072,9000.0,90.0,20,900.0,16.107113,2166.143,1615.675,1357.463,73.81359,-85.116394,4346.5796,0.0039328896,0.21487989,0.21487989,3.9686805e-05,0.0003,-1423.0701,0.0037861021518707273,2514.207489967346,630000,,,,,,,
-1659.7184,0.0055914936,0.06630132,1659.724,-1659.724,0.72597826,0.1881664,9000.0,90.0,20,900.0,18.370804,2173.8596,1644.7529,1394.0837,63.60593,-61.51153,4731.9365,0.004131916,0.13660471,0.13660471,3.8989278e-05,0.0003,-1518.4033,0.0037143044471740724,2532.7790172100067,635000,,,,,,,
-1687.0135,0.004515756,0.089604564,1687.0181,-1687.0181,0.9586547,0.18635143,9000.0,90.0,20,900.0,72.31372,2177.7917,1671.0449,1427.8785,123.50723,-480.6521,8387.7705,0.0073022908,0.17864667,0.17864667,3.8296123e-05,0.0003,-1453.9178,0.00376647686958313,2551.611406326294,640000,,,,,,,
-1643.9856,0.0057343733,0.08132817,1643.9913,-1643.9913,1.2795526,0.19488205,9000.0,90.0,20,900.0,14.8653755,2188.2363,1627.655,1368.6991,70.23979,-79.24721,4186.1113,0.0021610565,0.24936181,0.24936181,3.7607537e-05,0.0003,-1404.6946,0.003764031219482422,2570.431567668915,645000,,,,,,,
-1646.4796,0.0076255016,0.08307412,1646.4872,-1646.4872,0.6002372,0.20131226,9000.0,90.0,20,900.0,102.377266,2189.4736,1630.5391,1387.0264,116.86106,-312.45126,6460.4395,0.004389712,0.120835096,0.120835096,3.692371e-05,0.0003,-1435.3507,0.0037585784435272217,2589.2244651317596,650000,,,,,,,
-1651.857,0.011478884,0.1327464,1651.8685,-1651.8685,1.3461262,0.21500595,9000.0,90.0,20,900.0,30.309967,2200.1787,1629.8745,1406.8601,187.87315,-133.14403,6047.7227,0.0058500883,0.28942513,0.28942513,3.6244823e-05,0.0003,-1361.0645,0.0038605401515960694,2608.5271711349487,655000,,,,,,,
-1577.8246,0.005952567,0.09386196,1577.8306,-1577.8306,0.5173013,0.21010426,9000.0,90.0,20,900.0,26.05617,2195.7866,1559.2991,1283.0321,94.50323,-80.35593,5120.6094,0.0030082467,0.10868721,0.10868721,3.5571058e-05,0.0003,-1453.95,0.004069510793685913,2628.8747305870056,660000,,,,,,,
-1715.7367,0.009138685,0.10743586,1715.7458,-1715.7458,1.0175357,0.21581851,9000.0,90.0,20,900.0,16.62769,2203.248,1695.6273,1414.5476,145.577,-92.03591,5094.1196,0.007246769,0.21960305,0.21960305,3.490261e-05,0.0003,-1501.4663,0.004639190006256104,2652.070685863495,665000,,,,,,,
-1545.3132,0.0042006113,0.019993136,1545.3174,-1545.3174,0.90942025,0.20875163,9000.0,90.0,20,900.0,11.441113,2193.1035,1539.9534,1326.994,66.16565,-70.1,4968.1357,0.0019209196,0.18984295,0.18984295,3.4239645e-05,0.0003,-1363.0134,0.004582663536071777,2674.984013557434,670000,,,,,,,
-1624.9104,0.006704804,0.11052581,1624.9171,-1624.9171,1.4403725,0.19956873,9000.0,90.0,20,900.0,21.991684,2181.4285,1601.1621,1233.824,72.08843,-66.16853,4636.746,0.0056288117,0.2874533,0.2874533,3.3582368e-05,0.0003,-1344.2107,0.0038399339199066164,2694.1836931705475,675000,,,,,,,
-1684.8219,0.0064488626,0.040072396,1684.8284,-1684.8284,1.1444695,0.19549222,9000.0,90.0,20,900.0,15.179507,2178.9204,1675.667,1394.8168,80.16665,-73.03488,5515.9673,0.0022244882,0.22373489,0.22373489,3.2930948e-05,0.0003,-1468.2809,0.003852232646942139,2713.444860935211,680000,,,,,,,
-1531.7084,0.0049231127,0.030255383,1531.7133,-1531.7133,0.72404796,0.18811087,9000.0,90.0,20,900.0,18.305435,2167.776,1523.9257,1227.3026,106.41969,-120.89613,5680.185,0.0019223826,0.13620129,0.13620129,3.228555e-05,0.0003,-1390.8218,0.003735141324996948,2732.120572566986,685000,,,,,,,
-1655.0475,0.010693744,0.13671994,1655.0582,-1655.0582,1.2249669,0.18983161,9000.0,90.0,20,900.0,35.503403,2176.6497,1630.1719,1373.976,144.47922,-246.26309,6761.5127,0.007641976,0.23253743,0.23253743,3.1646374e-05,0.0003,-1410.2604,0.003863469171524048,2751.4379279613495,690000,,,,,,,
-1575.6426,0.0043545635,0.029781701,1575.647,-1575.647,0.6002838,0.18047751,9000.0,90.0,20,900.0,19.271902,2163.5674,1568.616,1316.5609,64.57297,-50.481056,4540.9956,0.00095363695,0.10833773,0.10833773,3.1013573e-05,0.0003,-1458.8668,0.00388208589553833,2770.8483667373657,695000,,,,,,,
-1662.0739,0.0057377988,0.06804281,1662.0796,-1662.0796,0.3987145,0.19541745,9000.0,90.0,20,900.0,31.199696,2167.3635,1647.0205,1314.7319,135.37617,-115.285934,5006.535,0.0033128823,0.07791577,0.07791577,3.0387337e-05,0.0003,-1560.75,0.0038672152042388917,2790.1844477653503,700000,,,,,,,
-1638.1903,0.0045852987,0.045860693,1638.195,-1638.195,1.9225798,0.1778986,9000.0,90.0,20,900.0,10.941458,2162.5398,1628.645,1407.8025,69.275955,-85.79039,5328.13,0.002876656,0.34202427,0.34202427,2.9767822e-05,0.0003,-1319.427,0.008389841604232787,2832.133662700653,705000,,,,,,,
-1601.9095,0.0052504926,0.035690337,1601.9148,-1601.9148,0.8747944,0.17267585,9000.0,90.0,20,900.0,37.162956,2106.5361,1592.1891,1285.3413,81.79053,-145.97043,5739.8174,0.0015807444,0.15105587,0.15105587,2.9155208e-05,0.0003,-1428.7963,0.003937567138671875,2851.821503162384,710000,,,,,,,
-1655.3408,0.0077865254,0.09068571,1655.3486,-1655.3486,1.7301303,0.16857646,9000.0,90.0,20,900.0,32.190735,2160.4397,1638.9196,1307.8212,88.345795,-87.461655,4577.0083,0.0051060007,0.29165927,0.29165927,2.8549664e-05,0.0003,-1360.6567,0.003916991138458252,2871.406464099884,715000,,,,,,,
-1610.2693,0.007829646,0.112881854,1610.2771,-1610.2771,1.2436802,0.17572251,9000.0,90.0,20,900.0,27.522217,2162.3462,1589.388,1306.6816,154.30347,-137.89401,6655.12,0.0061122486,0.2185426,0.2185426,2.7951346e-05,0.0003,-1386.0587,0.004026546001434326,2891.539199113846,720000,,,,,,,
-1697.7751,0.007837804,0.08287467,1697.783,-1697.783,1.2745826,0.1841691,9000.0,90.0,20,900.0,19.757504,2156.9626,1681.0386,1391.9618,81.54942,-57.374866,4636.669,0.003414711,0.23473874,0.23473874,2.736043e-05,0.0003,-1466.7528,0.003998863410949707,2911.533521413803,725000,,,,,,,
-1630.3121,0.007110406,0.12472548,1630.3192,-1630.3192,1.0005394,0.17829476,9000.0,90.0,20,900.0,39.773823,2168.3755,1610.2178,1317.6364,342.3305,-294.89362,7686.7017,0.0062023806,0.17839094,0.17839094,2.6777061e-05,0.0003,-1429.9865,0.003930932950973511,2931.188191652298,730000,,,,,,,
-1628.83,0.0055053122,0.05177401,1628.8354,-1628.8354,0.7945256,0.17871732,9000.0,90.0,20,900.0,9.5461235,2169.996,1617.5781,1361.4252,111.7445,-58.520752,4393.1445,0.001795193,0.14199549,0.14199549,2.6201416e-05,0.0003,-1491.4879,0.004006611967086792,2951.221256494522,735000,,,,,,,
-1647.4794,0.005364256,0.07506769,1647.4847,-1647.4847,1.122111,0.17607222,9000.0,90.0,20,900.0,31.401047,2162.3037,1632.0139,1322.6133,91.91606,-90.99882,5011.2725,0.0043666367,0.19757257,0.19757257,2.5633639e-05,0.0003,-1438.2631,0.0039279456615448,2970.8609902858734,740000,,,,,,,
-1568.0394,0.0034606173,0.029100155,1568.0428,-1568.0428,1.4575484,0.17990908,9000.0,90.0,20,900.0,12.792454,2170.2434,1560.2578,1293.088,82.35264,-60.361275,5004.775,0.001452217,0.26222616,0.26222616,2.5073889e-05,0.0003,-1319.2434,0.003931617021560669,2990.519080400467,745000,,,,,,,
-1571.1606,0.004866273,0.048652474,1571.1655,-1571.1655,1.4138017,0.18641429,9000.0,90.0,20,900.0,13.708305,2164.6592,1559.6885,1281.0525,84.123276,-99.81904,4987.6226,0.0030101703,0.26355284,0.26355284,2.4522331e-05,0.0003,-1320.2549,0.003931945562362671,3010.178812980652,750000,,,,,,,
-1585.018,0.0050215563,0.047560122,1585.023,-1585.023,1.7046654,0.206049,9000.0,90.0,20,900.0,112.507996,2163.0374,1574.562,1280.2831,643.4973,-447.9577,11007.523,0.0020111348,0.3512446,0.3512446,2.3979092e-05,0.0003,-1156.3899,0.0038378617286682127,3029.3681268692017,755000,,,,,,,
-1594.2738,0.0042134,0.05423303,1594.2781,-1594.2781,0.4974948,0.19810751,9000.0,90.0,20,900.0,8.9089155,2150.1152,1582.8816,1313.2128,97.45156,-110.147606,3936.131,0.0027304937,0.09855745,0.09855745,2.3444345e-05,0.0003,-1496.6632,0.003903816032409668,3048.88721203804,760000,,,,,,,
-1517.7169,0.0035402644,0.013789276,1517.7205,-1517.7205,1.48072,0.18148904,9000.0,90.0,20,900.0,11.423061,2102.5613,1513.1328,1255.5615,87.019135,-114.64731,4749.6113,0.0007896098,0.26873446,0.26873446,2.2918219e-05,0.0003,-1264.4329,0.0038616394996643065,3068.195421218872,765000,,,,,,,
-1540.3065,0.0054419013,0.08737548,1540.312,-1540.312,1.0496604,0.1763896,9000.0,90.0,20,900.0,11.663821,2135.0603,1524.8082,1249.2135,95.46811,-105.36894,5201.833,0.0018637357,0.18514921,0.18514921,2.2400869e-05,0.0003,-1362.0084,0.0038987984657287596,3087.689419031143,770000,,,,,,,
-1560.6821,0.005090405,0.06761515,1560.6873,-1560.6873,0.49401972,0.18217562,9000.0,90.0,20,900.0,7.8062844,2134.5767,1547.0343,1249.3884,49.3666,-45.203785,3933.2065,0.0041578664,0.08999835,0.08999835,2.1892429e-05,0.0003,-1471.8773,0.0037686054706573486,3106.5324516296387,775000,,,,,,,
-1582.289,0.004909546,0.06852105,1582.2938,-1582.2938,1.9170438,0.17381527,9000.0,90.0,20,900.0,18.776846,2135.18,1568.6417,1257.9294,77.472694,-182.76508,6725.2524,0.00267718,0.33321148,0.33321148,2.1393029e-05,0.0003,-1263.6218,0.003877323579788208,3125.919075012207,780000,,,,,,,
-1555.0431,0.0073941154,0.09051183,1555.0505,-1555.0505,1.0940292,0.18454693,9000.0,90.0,20,900.0,11.046997,2122.9932,1538.7821,1264.8552,143.31253,-152.1345,5756.704,0.0057300585,0.20189974,0.20189974,2.0902831e-05,0.0003,-1362.2864,0.003939091491699219,3145.614537715912,785000,,,,,,,
-1559.772,0.0050614495,0.09428791,1559.777,-1559.777,1.1016711,0.19231075,9000.0,90.0,20,900.0,10.595864,2121.2256,1543.4834,1255.07,76.3464,-77.484276,4810.21,0.0068714246,0.21186319,0.21186319,2.0421947e-05,0.0003,-1358.4993,0.003966174697875977,3165.445416212082,790000,,,,,,,
-1559.8767,0.0038654953,0.048337582,1559.8806,-1559.8806,0.3662243,0.18020149,9000.0,90.0,20,900.0,20.62259,2121.0176,1548.5138,1275.1943,95.89524,-88.324486,6031.3164,0.001758523,0.06599416,0.06599416,1.9950523e-05,0.0003,-1479.8594,0.0039342788696289065,3185.1168162822723,795000,,,,,,,
-1587.9896,0.0066568633,0.110837415,1587.9963,-1587.9963,0.6526222,0.18595009,9000.0,90.0,20,900.0,15.037142,2116.1423,1570.4669,1273.5398,59.86033,-80.09491,4323.7705,0.005051454,0.12135515,0.12135515,1.9488682e-05,0.0003,-1463.7329,0.0038840200901031495,3204.5369217395782,800000,,,,,,,
-1536.2906,0.0020870576,0.0064183166,1536.2927,-1536.2927,0.8532777,0.19457993,9000.0,90.0,20,900.0,23.224344,2112.0269,1533.4628,1290.1133,69.41683,-58.53542,4367.552,0.00051944156,0.16603072,0.16603072,1.9036543e-05,0.0003,-1363.6387,0.008489039134979249,3246.9821226596832,805000,,,,,,,
-1544.664,0.005026301,0.07368429,1544.669,-1544.669,1.1080914,0.19910866,9000.0,90.0,20,900.0,9.893576,2113.7627,1530.0709,1227.3423,101.00711,-91.13461,4973.385,0.0024460566,0.22063059,0.22063059,1.859424e-05,0.0003,-1336.2029,0.00392567458152771,3266.6105008125305,810000,,,,,,,
-1567.2269,0.004414904,0.07243915,1567.2313,-1567.2313,0.6644857,0.20206593,9000.0,90.0,20,900.0,10.435497,2110.7021,1552.7825,1281.802,116.13307,-83.420586,5036.532,0.004748312,0.13426992,0.13426992,1.8161878e-05,0.0003,-1435.9485,0.003926275396347046,3286.2418830394745,815000,,,,,,,
-1553.196,0.0046500172,0.08265617,1553.2007,-1553.2007,0.5069335,0.20703661,9000.0,90.0,20,900.0,9.731824,2110.575,1537.6357,1250.8693,74.04602,-81.59621,4940.6895,0.0038691852,0.1049538,0.1049538,1.7739603e-05,0.0003,-1449.0059,0.003881504964828491,3305.649413585663,820000,,,,,,,
-1540.1248,0.0039025997,0.031576272,1540.1287,-1540.1287,1.6995229,0.19844477,9000.0,90.0,20,900.0,13.919422,2108.5857,1531.8496,1304.7985,90.863396,-82.619225,5655.9844,0.0016178981,0.3372614,0.3372614,1.7327511e-05,0.0003,-1222.67,0.003932958221435547,3325.3142092227936,825000,,,,,,,
-1561.3511,0.0072304504,0.104630664,1561.3583,-1561.3583,1.1332822,0.18969542,9000.0,90.0,20,900.0,12.863401,2106.7397,1544.654,1273.3263,107.72632,-103.29275,6106.4883,0.0058750575,0.21497843,0.21497843,1.6925713e-05,0.0003,-1355.0071,0.003934616088867187,3344.9872949123383,830000,,,,,,,
-1533.1188,0.004281026,0.03935676,1533.123,-1533.123,0.33386806,0.18515767,9000.0,90.0,20,900.0,56.180943,2102.6167,1523.4962,1226.8407,88.95399,-112.06277,6460.3955,0.0019878494,0.061818227,0.061818227,1.653433e-05,0.0003,-1421.3015,0.0038794495582580566,3364.384548187256,835000,,,,,,,
-1522.7347,0.0057938164,0.09104981,1522.7405,-1522.7405,0.7527539,0.18174635,9000.0,90.0,20,900.0,9.0056,2101.3267,1506.1208,1234.4445,73.628044,-88.65228,4351.3516,0.0042103934,0.13681027,0.13681027,1.6153459e-05,0.0003,-1390.5999,0.003940838575363159,3384.0887463092804,840000,,,,,,,
-1557.8055,0.0037585385,0.050688576,1557.8093,-1557.8093,0.49181315,0.17979889,9000.0,90.0,20,900.0,9.194475,2099.3306,1546.7096,1276.4712,83.11599,-63.74432,4931.649,0.0031854438,0.088427454,0.088427454,1.5783213e-05,0.0003,-1469.0264,0.00395988540649414,3403.88818192482,845000,,,,,,,
-1531.3687,0.004193062,0.055144116,1531.3728,-1531.3728,1.0201539,0.17802483,9000.0,90.0,20,900.0,66.19856,2102.5918,1519.1174,1275.6599,96.007744,-176.01508,7204.904,0.0039896397,0.18161272,0.18161272,1.542368e-05,0.0003,-1301.7186,0.004033957052230835,3424.0579731464386,850000,,,,,,,
-1546.2509,0.006404709,0.1114564,1546.2572,-1546.2572,0.5243938,0.17452721,9000.0,90.0,20,900.0,17.623756,2108.6357,1527.8325,1191.7937,91.22874,-124.18841,5278.0127,0.00628802,0.09152099,0.09152099,1.5074969e-05,0.0003,-1446.2582,0.003982322835922241,3443.9695925712585,855000,,,,,,,
-1554.0842,0.004337052,0.06224107,1554.0886,-1554.0886,0.9041007,0.1665447,9000.0,90.0,20,900.0,18.785181,2109.6108,1540.0916,1249.6876,110.12595,-143.03748,5362.9336,0.0012433588,0.1505732,0.1505732,1.4737181e-05,0.0003,-1399.7832,0.003994358539581299,3463.941390275955,860000,,,,,,,
-1562.7919,0.0052227676,0.077424645,1562.7971,-1562.7971,1.6131968,0.1607101,9000.0,90.0,20,900.0,17.442907,2110.4695,1547.2043,1276.3566,96.999504,-115.29274,5439.851,0.002837879,0.25925702,0.25925702,1.4410394e-05,0.0003,-1312.0177,0.0038693952083587646,3483.2883715629578,865000,,,,,,,
-1548.1018,0.0053154198,0.06522411,1548.1072,-1548.1072,1.2548635,0.16252276,9000.0,90.0,20,900.0,13.171,2110.0542,1535.223,1236.7483,72.53895,-138.46227,5433.094,0.0026300328,0.20394388,0.20394388,1.4094706e-05,0.0003,-1351.3813,0.003963427686691284,3503.1055150032043,870000,,,,,,,
-1543.2006,0.0059553636,0.07455372,1543.2065,-1543.2065,1.2115492,0.18395048,9000.0,90.0,20,900.0,16.28627,2100.9082,1527.3262,1242.1837,95.32132,-94.14307,4925.866,0.003999911,0.22286506,0.22286506,1.37902e-05,0.0003,-1326.3357,0.0038401825904846192,3522.3064334392548,875000,,,,,,,
-1591.2814,0.0062935054,0.10169139,1591.2877,-1591.2877,1.0056429,0.19109093,9000.0,90.0,20,900.0,11.410564,2121.0276,1574.0156,1304.5107,58.29636,-73.97283,5088.263,0.004649038,0.19216922,0.19216922,1.3496962e-05,0.0003,-1406.9186,0.003929690170288086,3541.954888820648,880000,,,,,,,
-1607.3263,0.005214464,0.07252516,1607.3315,-1607.3315,0.94932187,0.19947924,9000.0,90.0,20,900.0,11.031007,2115.9797,1593.3972,1352.5026,76.55555,-63.006172,4838.941,0.006737522,0.18937,0.18937,1.3215067e-05,0.0003,-1425.8623,0.004178219175338745,3562.845989704132,885000,,,,,,,
-1553.0597,0.0069941366,0.08522371,1553.0667,-1553.0667,0.40633526,0.19864036,9000.0,90.0,20,900.0,15.753754,2121.221,1535.5312,1216.1272,94.191376,-73.461754,4875.2188,0.003710817,0.08071458,0.08071458,1.2944596e-05,0.0003,-1464.6628,0.004100615835189819,3583.3490743637085,890000,,,,,,,
-1565.9634,0.003610011,0.04437595,1565.967,-1565.967,1.1228448,0.187157,9000.0,90.0,20,900.0,9.229731,2115.7344,1555.1079,1338.8707,85.33132,-85.980965,4637.57,0.0015334954,0.21014827,0.21014827,1.26856285e-05,0.0003,-1367.6002,0.004171583843231201,3604.2069985866547,895000,,,,,,,
-1537.4955,0.005971212,0.06667846,1537.5015,-1537.5015,0.8383397,0.18816692,9000.0,90.0,20,900.0,15.544205,2111.7297,1523.1439,1287.4391,72.420906,-90.566765,5463.6807,0.0028091995,0.1577478,0.1577478,1.2438221e-05,0.0003,-1379.9783,0.004171992015838623,3625.066964149475,900000,,,,,,,
-1572.9312,0.0065113567,0.11170252,1572.9376,-1572.9376,0.7535027,0.18661495,9000.0,90.0,20,900.0,10.216009,2110.676,1554.9452,1304.4591,73.84802,-93.567924,4648.2217,0.0037265655,0.14061487,0.14061487,1.22024585e-05,0.0003,-1436.1617,0.009089732837677002,3670.5156333446503,905000,,,,,,,
-1570.7251,0.005379081,0.06097736,1570.7305,-1570.7305,1.1780171,0.18160962,9000.0,90.0,20,900.0,14.76969,2102.5454,1557.7097,1307.4247,82.37829,-104.35293,5544.7695,0.0028884695,0.21393925,0.21393925,1.1978389e-05,0.0003,-1363.4102,0.004001154708862305,3690.521414041519,910000,,,,,,,
-1558.9,0.0066771777,0.066927746,1558.9067,-1558.9067,0.8829055,0.16994396,9000.0,90.0,20,900.0,11.6706915,2095.6045,1543.906,1321.0804,65.187256,-87.00125,4812.9023,0.005785102,0.15004446,0.15004446,1.1766084e-05,0.0003,-1412.1893,0.004006716060638428,3710.5549998283386,915000,,,,,,,
-1541.3088,0.005784584,0.066265956,1541.3146,-1541.3146,1.3535626,0.16112559,9000.0,90.0,20,900.0,13.414302,2090.525,1527.5164,1209.171,201.75218,-164.78023,6847.99,0.003458063,0.21809356,0.21809356,1.1565597e-05,0.0003,-1331.6104,0.0040034436702728275,3730.5722239017487,920000,,,,,,,
-1563.7843,0.0050300956,0.07896744,1563.7893,-1563.7893,1.5101948,0.16493066,9000.0,90.0,20,900.0,8.942214,2080.6614,1547.4757,1301.2217,95.22952,-135.08696,5985.8506,0.00240791,0.24907741,0.24907741,1.1376989e-05,0.0003,-1330.6724,0.0039598857879638676,3750.3716580867767,925000,,,,,,,
-1485.1978,0.0053096716,0.04077916,1485.203,-1485.203,0.97731555,0.1655608,9000.0,90.0,20,900.0,12.063143,2074.6738,1475.1113,1211.4119,92.09227,-74.97883,4451.9385,0.0012472069,0.16180514,0.16180514,1.1200302e-05,0.0003,-1327.51,0.004005781364440918,3770.400569677353,930000,,,,,,,
-1553.0879,0.005314268,0.07544106,1553.0933,-1553.0933,1.4851931,0.17666434,9000.0,90.0,20,900.0,17.031002,2079.4812,1538.0127,1223.8484,79.86231,-89.765594,5669.73,0.0013189669,0.26238066,0.26238066,1.103559e-05,0.0003,-1299.9143,0.003949739742279052,3790.1492738723755,935000,,,,,,,
-1521.8585,0.004685605,0.067000724,1521.8632,-1521.8632,1.0552119,0.18235938,9000.0,90.0,20,900.0,10.302984,2069.1465,1507.4666,1236.5028,97.46103,-143.06783,6396.9116,0.0051636132,0.19242778,0.19242778,1.0882903e-05,0.0003,-1338.3705,0.003955055379867554,3809.924555540085,940000,,,,,,,
-1515.6377,0.0044452907,0.036013775,1515.6421,-1515.6421,1.3074178,0.190727,9000.0,90.0,20,900.0,6.797928,2068.6934,1506.3936,1224.0004,115.28749,-133.46674,5895.1074,0.0017646613,0.24935985,0.24935985,1.0742272e-05,0.0003,-1284.4159,0.003950325679779053,3829.6761894226074,945000,,,,,,,
-1496.8468,0.00552547,0.06035901,1496.8523,-1496.8523,0.7601372,0.18640018,9000.0,90.0,20,900.0,10.631788,2053.558,1484.9314,1155.9812,152.02478,-104.83916,5540.45,0.004394134,0.1416897,0.1416897,1.061374e-05,0.0003,-1358.6942,0.003989893627166748,3849.6256623268127,950000,,,,,,,
-1524.8467,0.0060150754,0.06922068,1524.8527,-1524.8527,1.1297649,0.17843872,9000.0,90.0,20,900.0,8.514263,2056.7195,1509.9376,1209.0607,78.720055,-78.56109,4249.0273,0.0032097986,0.20159382,0.20159382,1.0497346e-05,0.0003,-1334.898,0.003903680229187012,3869.1440682411194,955000,,,,,,,
-1555.3562,0.0038616313,0.051257517,1555.3601,-1555.3601,0.45135602,0.17704968,9000.0,90.0,20,900.0,8.856843,2069.135,1543.9888,1287.6909,106.314316,-63.141903,5035.456,0.0025331657,0.07991244,0.07991244,1.0393118e-05,0.0003,-1474.5782,0.0039067345142364505,3888.6777460575104,960000,,,,,,,
-1530.7393,0.004901821,0.043672923,1530.7441,-1530.7441,0.57005876,0.16127877,9000.0,90.0,20,900.0,9.721377,2063.8154,1520.0234,1209.788,134.20877,-109.80561,5558.7227,0.0024582027,0.09193838,0.09193838,1.0301083e-05,0.0003,-1438.2733,0.0038683531761169432,3908.0195174217224,965000,,,,,,,
-1504.3325,0.0032136512,0.030704206,1504.3357,-1504.3357,1.111457,0.16153358,9000.0,90.0,20,900.0,8.4699335,2055.8572,1495.4978,1280.7373,96.428764,-146.10919,5660.5986,0.0012772015,0.17953762,0.17953762,1.0221269e-05,0.0003,-1334.2787,0.003917732524871826,3927.608184814453,970000,,,,,,,
-1509.2314,0.0041239993,0.053524982,1509.2356,-1509.2356,1.3226198,0.1648536,9000.0,90.0,20,900.0,9.735879,2053.1853,1496.9324,1222.6525,92.1902,-79.00569,4818.3013,0.0025351185,0.21803865,0.21803865,1.0153698e-05,0.0003,-1303.2609,0.0038724419593811035,3946.970399618149,975000,,,,,,,
-1467.1729,0.0034802612,0.030225027,1467.1764,-1467.1764,1.7343887,0.15815476,9000.0,90.0,20,900.0,4.792572,2048.9043,1458.9832,1231.1312,62.29426,-91.6216,5695.5557,0.0011074969,0.27430183,0.27430183,1.0098386e-05,0.0003,-1215.5085,0.003776591777801514,3965.853363275528,980000,,,,,,,
-1488.3086,0.0042542405,0.068070754,1488.3129,-1488.3129,0.5959946,0.17223763,9000.0,90.0,20,900.0,11.748921,2060.5718,1474.7816,1155.2614,112.102936,-110.1097,5764.2812,0.004000928,0.1026527,0.1026527,1.005535e-05,0.0003,-1384.1722,0.0038560835361480714,3985.133786201477,985000,,,,,,,
-1483.7665,0.002834125,0.03868719,1483.7693,-1483.7693,0.4736143,0.17323083,9000.0,90.0,20,900.0,7.128579,2058.5132,1473.9249,1218.2384,70.23521,-109.10833,4648.531,0.0020124787,0.0820446,0.0820446,1.0024603e-05,0.0003,-1402.7979,0.00394639892578125,4004.8657863140106,990000,,,,,,,
-1502.0164,0.003956477,0.045016892,1502.0203,-1502.0203,1.3036304,0.1708897,9000.0,90.0,20,900.0,7.656749,2058.7666,1491.2147,1218.8812,97.82176,-189.84357,6498.9463,0.0023054178,0.22277701,0.22277701,1.000615e-05,0.0003,-1293.8604,0.003882238531112671,4024.276983976364,995000,,,,,,,
-1469.7373,0.0047083073,0.056795016,1469.7421,-1469.7421,1.6186286,0.17638306,9000.0,90.0,20,900.0,10.021909,2049.9463,1457.2009,1209.1974,85.79819,-119.69911,5776.1396,0.0040982836,0.28549868,0.28549868,1e-05,0.0003,-1202.7666,0.003739966154098511,4042.9768192768097,1000000,,,,,,,
-1444.5074,0.0035931943,0.025855025,1444.511,-1444.511,1.0237954,0.18324432,9000.0,90.0,20,900.0,7.739479,2053.7532,1437.0548,1167.4149,111.34267,-144.5835,5409.874,0.0012454813,0.18760468,0.18760468,1e-05,0.0003,-1267.9237,0.011604638814926148,4101.000018358231,1005000,0.0,5000.0,-0.2782928794328212,-55.87244058769928,200.0,1.2886326313018799,0.02180369432649043
-1411.5624,0.004824735,0.044592135,1411.5673,-1411.5673,1.2251799,0.18959986,9000.0,90.0,20,900.0,13.742701,2049.53,1400.4214,1037.9949,64.39277,-128.94771,5107.384,0.0016626782,0.23229393,0.23229393,1e-05,0.0003,-1188.7551,0.006657653999328613,4134.288293838501,1010000,0.0,10000.0,-0.26359477886185984,-53.8599822759322,200.0,1.2962799072265625,0.09032266024760668
-1322.9476,0.0040849196,0.01959405,1322.9517,-1322.9517,1.1636679,0.18436423,9000.0,90.0,20,900.0,13.455936,2053.8154,1315.4047,916.7442,115.39868,-85.44848,5564.1836,0.0010123187,0.21453874,0.21453874,1e-05,0.0003,-1116.4069,0.006648075771331787,4167.5286774635315,1015000,0.0,15000.0,-0.2770557478592277,-55.492493942716564,200.0,1.283691167831421,0.03473988836697908
-1248.0242,0.004435051,0.03016626,1248.0286,-1248.0286,0.7748716,0.18680018,9000.0,90.0,20,900.0,18.476105,2051.0269,1237.7546,813.5667,191.79451,-183.20482,6478.1006,0.0013567774,0.14474615,0.14474615,1e-05,0.0003,-1099.2766,0.0065953400135040285,4200.5053832530975,1020000,0.0,20000.0,-0.3114165461967232,-55.89552859791965,200.0,1.3191657066345215,0.021017607689949456
-1316.7852,0.00514182,0.04230447,1316.7903,-1316.7903,0.5874875,0.17196341,9000.0,90.0,20,900.0,36.313488,2047.7749,1303.2218,849.9066,184.69388,-116.867805,6658.8887,0.001962233,0.101026356,0.101026356,1e-05,0.0003,-1189.548,0.0065338199615478515,4233.1744883060455,1025000,0.0,25000.0,-0.2762051973690629,-53.78845928508683,200.0,1.2623229026794434,0.09275783187012185
-1268.1576,0.0040302807,0.019708063,1268.1616,-1268.1616,0.9315368,0.1742046,9000.0,90.0,20,900.0,13.616339,2065.991,1260.8054,708.05945,207.50313,-266.7934,7119.832,0.0011505507,0.162278,0.162278,1e-05,0.0003,-1108.4911,0.006553913831710815,4265.944062709808,1030000,0.0,30000.0,-0.279538023990845,-54.61082292261359,200.0,1.263261318206787,0.06475849110117728
-1322.169,0.00419642,0.04904937,1322.1731,-1322.1731,1.0335834,0.18479928,9000.0,90.0,20,900.0,31.58845,2069.715,1308.1492,648.1293,139.86917,-86.09402,5088.3584,0.001713714,0.19100547,0.19100547,1e-05,0.0003,-1118.6755,0.006599606370925903,4298.942100286484,1035000,0.0,35000.0,-0.27842694106574206,-53.731675687246074,200.0,1.2656655311584473,0.09469116553600672
-1281.4388,0.0030889045,0.020121116,1281.4419,-1281.4419,1.7408421,0.1800541,9000.0,90.0,20,900.0,16.625992,2060.359,1274.6318,582.4787,91.89817,-67.39693,5538.9385,0.0015306269,0.31344575,0.31344575,1e-05,0.0003,-982.7117,0.0065578519821166996,4331.731365919113,1040000,0.0,40000.0,-0.2614567349785707,-53.133187319107755,200.0,1.2013323307037354,0.11506813625926417
-1315.7664,0.0037730807,0.03954592,1315.7701,-1315.7701,1.0051545,0.18544424,9000.0,90.0,20,900.0,26.018044,2076.751,1303.7998,766.71716,136.58145,-115.28288,6765.868,0.0024634616,0.18640012,0.18640012,1e-05,0.0003,-1121.9882,0.006060634040832519,4362.0345413684845,1045000,0.0,45000.0,-0.26839861312078217,-54.476656918457365,200.0,1.1723473072052002,0.0693264942308823
-1294.1906,0.002816495,0.015147739,1294.1934,-1294.1934,1.4720253,0.18247858,9000.0,90.0,20,900.0,23.046696,2074.3884,1288.6489,705.25073,77.40288,-122.38095,5527.25,0.0008670148,0.26861307,0.26861307,1e-05,0.0003,-1029.3921,0.00623158802986145,4393.1924867630005,1050000,0.0,50000.0,-0.2602172837075153,-52.4473574243769,200.0,1.332794427871704,0.13841885856241773
-1246.7816,0.002799937,0.017407151,1246.7844,-1246.7844,0.9706861,0.19116989,9000.0,90.0,20,900.0,29.647049,2060.3967,1239.3618,657.4208,92.57213,-116.84997,5109.2046,0.0011359499,0.18556595,0.18556595,1e-05,0.0003,-1050.1251,0.006856601667404175,4427.475500822067,1055000,0.0,55000.0,-0.25853529220077126,-52.714364076514265,200.0,1.2913410663604736,0.12932797723009967
-1206.8721,0.004697607,0.02582577,1206.8767,-1206.8767,0.9444716,0.19713931,9000.0,90.0,20,900.0,23.300423,2071.0754,1197.8046,595.9401,59.3426,-54.930954,4958.703,0.0022581879,0.18619248,0.18619248,1e-05,0.0003,-1015.9984,0.006859606122970581,4461.773537397385,1060000,0.0,60000.0,-0.2574703878812042,-52.79960862157456,200.0,1.3393864631652832,0.1264256224117189
-1236.7649,0.0038980024,0.020289851,1236.7688,-1236.7688,1.5045935,0.1983587,9000.0,90.0,20,900.0,24.722378,2071.5935,1228.9614,581.3,104.61525,-101.84301,6430.252,0.0021632202,0.29844922,0.29844922,1e-05,0.0003,-943.4382,0.006865255260467529,4496.099818944931,1065000,0.0,65000.0,-0.2633553882175782,-52.93418487871053,200.0,1.616783857345581,0.12184365123617982
-1197.6918,0.0035680118,0.017405707,1197.6953,-1197.6953,1.2502251,0.2007735,9000.0,90.0,20,900.0,117.38904,2070.904,1190.5808,513.0941,110.37205,-95.50172,7667.361,0.0014593018,0.2510121,0.2510121,1e-05,0.0003,-854.39185,0.006636509609222412,4529.282372236252,1070000,0.0,70000.0,-0.2543770268420329,-53.562377643585336,200.0,1.2814273834228516,0.10045532314179387
-1231.124,0.003623614,0.038520165,1231.1277,-1231.1277,0.6466301,0.2016582,9000.0,90.0,20,900.0,56.131527,2073.0845,1219.0691,519.0567,116.025536,-71.69792,5940.5566,0.0013929589,0.13039827,0.13039827,1e-05,0.0003,-1057.6342,0.006713581848144531,4562.850286483765,1075000,0.0,75000.0,-0.29975999590256075,-57.98379032296934,200.0,1.3011221885681152,-0.050082267093251275
-1253.9755,0.003593126,0.01635756,1253.979,-1253.979,0.46161667,0.20730196,9000.0,90.0,20,900.0,28.149054,2078.362,1248.0416,448.77036,112.81144,-110.8311,5851.262,0.001100112,0.095694035,0.095694035,1e-05,0.0003,-1139.7018,0.006662297105789185,4596.161777496338,1080000,0.0,80000.0,-0.2654358793886156,-53.145334125548324,200.0,1.3132574558258057,0.1146545691251351
-1174.268,0.0038371976,0.05324404,1174.2717,-1174.2717,1.0377154,0.19470845,9000.0,90.0,20,900.0,38.470474,2080.2,1162.0878,429.17,78.85332,-88.12471,6234.9854,0.002171797,0.20205197,0.20205197,1e-05,0.0003,-953.9507,0.006417846345901489,4628.251014471054,1085000,0.0,85000.0,-0.2729524454197492,-54.37787805483942,200.0,1.2285466194152832,0.07268965735848096
-1283.2157,0.0052575395,0.053415317,1283.221,-1283.221,1.3457114,0.19724838,9000.0,90.0,20,900.0,48.8758,2086.6174,1269.0403,452.26425,170.40956,-139.4375,7385.4385,0.0018074472,0.2654394,0.2654394,1e-05,0.0003,-995.4444,0.00634827470779419,4659.992393732071,1090000,0.0,90000.0,-0.27137688432559776,-53.64165892499861,200.0,1.2720496654510498,0.09775600192476525
-1331.7076,0.0039912066,0.009716803,1331.7117,-1331.7117,0.836713,0.19475125,9000.0,90.0,20,900.0,24.242382,2087.7727,1328.6948,861.0832,159.64758,-106.707306,6250.83,0.0011608282,0.1629509,0.1629509,1e-05,0.0003,-1160.8094,0.006604897975921631,4693.016888618469,1095000,0.0,95000.0,-0.28087111295480865,-57.6221542220516,200.0,1.2424538135528564,-0.037769499405223755
-1156.769,0.00372167,0.012253774,1156.7727,-1156.7727,0.7053064,0.18669064,9000.0,90.0,20,900.0,12.904791,2106.7422,1152.7661,793.1541,108.732,-81.74465,5192.9814,0.0009763506,0.13167411,0.13167411,1e-05,0.0003,-1025.3575,0.006469529247283935,4725.364540100098,1100000,0.0,100000.0,-0.3015148010370528,-55.01983651078655,200.0,1.2545900344848633,0.05083264332314904
-1197.0637,0.0038461257,0.014840579,1197.0676,-1197.0676,0.41579497,0.18796892,9000.0,90.0,20,900.0,46.39124,2099.2305,1190.384,672.6517,171.29,-194.4898,7509.0513,0.0010100363,0.07815653,0.07815653,1e-05,0.0003,-1080.3315,0.010941441392898559,4780.071752071381,1105000,0.0,105000.0,-0.27090277723194467,-52.775570089243,200.0,1.2285704612731934,0.12724407185138656
-1153.0651,0.0039054365,0.025238506,1153.069,-1153.069,1.1913518,0.19329259,9000.0,90.0,20,900.0,41.084507,2104.7979,1145.7576,615.112,95.4362,-151.61879,7070.323,0.0021526513,0.23027948,0.23027948,1e-05,0.0003,-904.72906,0.006524909353256225,4812.696303367615,1110000,0.0,110000.0,-0.2756186173125566,-54.1748197836264,200.0,1.2407324314117432,0.079603262814998
-1220.0017,0.004392673,0.024650188,1220.0061,-1220.0061,0.45835027,0.19846576,9000.0,90.0,20,900.0,34.04564,2109.7847,1211.3138,710.3628,98.35316,-102.71309,6810.134,0.0013841492,0.090966836,0.090966836,1e-05,0.0003,-1104.0859,0.0064414422035217285,4844.903520107269,1115000,0.0,115000.0,-0.2772553296953093,-55.81347102629551,200.0,1.2696311473846436,0.023811454360366743
-1124.038,0.0051149377,0.03139679,1124.0431,-1124.0431,0.9145033,0.20618796,9000.0,90.0,20,900.0,42.30008,2107.6465,1114.1086,695.54846,61.614983,-106.8817,6368.7783,0.0014974308,0.18855956,0.18855956,1e-05,0.0003,-912.0343,0.006423149490356445,4877.019273042679,1120000,0.0,120000.0,-0.26021835817642464,-52.40243712852239,200.0,1.219374179840088,0.1399482776827167
-1170.8226,0.003515591,0.021703782,1170.8262,-1170.8262,1.1417255,0.2146406,9000.0,90.0,20,900.0,85.413765,2104.6104,1163.4259,570.2306,162.84262,-205.46744,8728.451,0.0011864722,0.24506065,0.24506065,1e-05,0.0003,-864.85425,0.006351517200469971,4908.776864290237,1125000,0.0,125000.0,-0.2643467704499743,-53.678377200255554,200.0,1.2270276546478271,0.09650584025120311
-1168.4062,0.0036311452,0.020353552,1168.4099,-1168.4099,1.0788308,0.20539308,9000.0,90.0,20,900.0,32.131706,2108.962,1160.3931,512.5048,143.05936,-176.18932,6485.9097,0.0018542319,0.22158438,0.22158438,1e-05,0.0003,-936.8486,0.0063370479583740235,4940.462109804153,1130000,0.0,130000.0,-0.26610048621511007,-53.527026672091054,200.0,1.2194478511810303,0.10165893168212092
-1284.102,0.0053707724,0.0329059,1284.1074,-1284.1074,1.254035,0.20261672,9000.0,90.0,20,900.0,44.901962,2112.9028,1273.4277,781.1138,104.96561,-94.81984,6830.825,0.0019549024,0.25408846,0.25408846,1e-05,0.0003,-1010.52045,0.006568185138702392,4973.303042173386,1135000,0.0,135000.0,-0.26215011618372286,-52.6231547369468,200.0,1.693131923675537,0.13243341777163464
-1234.7001,0.0028258115,0.013711076,1234.7029,-1234.7029,0.81112987,0.20775738,9000.0,90.0,20,900.0,26.617966,2111.7556,1228.8344,715.9955,276.70584,-157.37444,7395.7607,0.001004008,0.16851822,0.16851822,1e-05,0.0003,-1056.4158,0.006615989398956299,5006.382995128632,1140000,0.0,140000.0,-0.26008572186097667,-52.48510912853017,200.0,1.2509510517120361,0.1371335113255496
-1165.9075,0.0034186947,0.0135144,1165.9109,-1165.9109,0.7991663,0.19892988,9000.0,90.0,20,900.0,28.90918,2120.346,1160.263,638.857,184.13782,-65.91703,5052.8784,0.0008176415,0.15897806,0.15897806,1e-05,0.0003,-993.918,0.006646077585220337,5039.613388299942,1145000,0.0,145000.0,-0.28277561322373107,-56.36118975878405,200.0,1.269864559173584,0.005163057548218108
-1306.8646,0.008101288,0.082668975,1306.8727,-1306.8727,1.5236344,0.19197609,9000.0,90.0,20,900.0,73.51667,2128.7043,1285.9677,621.34796,337.4512,-167.20334,8710.068,0.004705361,0.2925014,0.2925014,1e-05,0.0003,-970.0967,0.006864556980133056,5073.936179637909,1150000,0.0,150000.0,-0.25867749495594533,-52.17433622854106,200.0,1.3161664009094238,0.14771451944832797
-1333.422,0.0042633624,0.02407955,1333.4263,-1333.4263,0.9692852,0.19139837,9000.0,90.0,20,900.0,19.27695,2115.142,1326.793,898.66296,96.29411,-256.53107,5451.252,0.0016895245,0.18551959,0.18551959,1e-05,0.0003,-1147.1774,0.00666243405342102,5107.248355388641,1155000,0.0,155000.0,-0.24765942645492126,-50.237698976105776,200.0,1.3010399341583252,0.2136519757053276
-1204.5199,0.0033215466,0.0131311845,1204.5232,-1204.5232,0.82720405,0.17733723,9000.0,90.0,20,900.0,19.741081,2118.9587,1200.2104,778.6168,50.03355,-130.56488,5521.1562,0.0018633344,0.14669408,0.14669408,1e-05,0.0003,-1052.7542,0.006548116540908813,5139.988943815231,1160000,0.0,160000.0,-0.25129971280104035,-51.74574125544387,200.0,1.2587745189666748,0.16230706240134044
-1128.3116,0.0038021859,0.027826969,1128.3154,-1128.3154,1.1827085,0.17223549,9000.0,90.0,20,900.0,22.171034,2116.1423,1120.0237,619.8633,145.31894,-138.7866,6124.159,0.0013075209,0.20370437,0.20370437,1e-05,0.0003,-922.8067,0.006512046241760254,5172.549180984497,1165000,0.0,165000.0,-0.2655532380368444,-52.40501545938918,200.0,1.2394311428070068,0.13986049222959107
-1161.5903,0.003954339,0.026104864,1161.5942,-1161.5942,0.6061607,0.18315302,9000.0,90.0,20,900.0,34.356987,2088.5015,1151.8972,516.1244,326.79135,-213.17998,7659.562,0.0020088702,0.11102016,0.11102016,1e-05,0.0003,-1027.3153,0.006182840156555176,5203.463387012482,1170000,0.0,170000.0,-0.27202895495987506,-54.054325171468946,200.0,1.2383341789245605,0.08370579064169617
-1306.1537,0.0060849446,0.045866977,1306.1598,-1306.1598,1.5896528,0.18700457,9000.0,90.0,20,900.0,78.74698,2127.8828,1290.5502,602.8099,121.25541,-187.02167,7122.3496,0.0016529175,0.29727232,0.29727232,1e-05,0.0003,-959.86163,0.006634398698806763,5236.635386705399,1175000,0.0,175000.0,-0.27687491490503785,-55.208038297662675,200.0,1.2788548469543457,0.044424862478270065
-1381.8127,0.0033759498,0.031495124,1381.8162,-1381.8162,1.5818455,0.19190627,9000.0,90.0,20,900.0,42.251057,2129.9417,1371.7968,884.66077,131.16512,-75.63543,6581.8057,0.0012509406,0.3035661,0.3035661,1e-05,0.0003,-1066.3522,0.006599333095550537,5269.632057666779,1180000,0.0,180000.0,-0.2602764345688748,-51.175922121359875,200.0,1.5848469734191895,0.18170792034766886
-1255.2963,0.0028122955,0.008632402,1255.2991,-1255.2991,0.50776327,0.20778815,9000.0,90.0,20,900.0,43.40567,2122.8364,1252.2109,758.4981,92.23221,-97.416855,7568.97,0.0006150308,0.10550719,0.10550719,1e-05,0.0003,-1116.9342,0.006505396604537964,5302.159046888351,1185000,0.0,185000.0,-0.2657648509572462,-58.61951684107683,200.0,1.3147401809692383,-0.07172709987048716
-1150.7051,0.0029024347,0.01583398,1150.708,-1150.708,0.9694008,0.20443594,9000.0,90.0,20,900.0,34.103462,2114.5935,1144.2288,631.48254,438.39072,-108.68042,8588.995,0.001456939,0.19818038,0.19818038,1e-05,0.0003,-938.23926,0.006556645917892456,5334.942281961441,1190000,0.0,190000.0,-0.27211570917990546,-52.5536317709891,200.0,1.2574186325073242,0.134800493753948
-1121.4481,0.0033554728,0.017897747,1121.4514,-1121.4514,0.862671,0.20124285,9000.0,90.0,20,900.0,27.449085,2107.402,1114.4973,546.5318,152.53918,-72.013596,6405.0557,0.0010608813,0.17360637,0.17360637,1e-05,0.0003,-937.7533,0.006491052770614624,5367.397551774979,1195000,0.0,195000.0,-0.26663943214594343,-54.09149529340471,200.0,1.2566356658935547,0.08244024476513878
-1100.7804,0.0037809312,0.023062352,1100.7842,-1100.7842,1.2096281,0.21448998,9000.0,90.0,20,900.0,113.12817,2105.6665,1092.866,452.1755,117.50909,-309.62582,8112.3306,0.0015904286,0.25945312,0.25945312,1e-05,0.0003,-754.1444,0.0065136665344238285,5399.965889453888,1200000,0.0,200000.0,-0.2983546578218627,-56.14680050364128,200.0,1.5784931182861328,0.012462453506429183
-1231.6743,0.004418697,0.037934057,1231.6787,-1231.6787,1.1971349,0.23568724,9000.0,90.0,20,900.0,94.980255,2105.5479,1217.0156,432.25714,105.2044,-365.2199,9740.338,0.002273326,0.28214943,0.28214943,1e-05,0.0003,-882.7596,0.010850997447967529,5454.220882177353,1205000,0.0,205000.0,-0.2544377156780249,-52.135576300850786,200.0,1.3043992519378662,0.14903419407164112
-1281.7891,0.0035235614,0.018012771,1281.7926,-1281.7926,0.89847815,0.24062864,9000.0,90.0,20,900.0,34.027374,2113.0051,1274.8813,563.9921,255.08577,-161.07126,7443.1,0.0008734524,0.21619958,0.21619958,1e-05,0.0003,-1053.1821,0.006620337772369385,5487.322576522827,1210000,0.0,210000.0,-0.2785397553872644,-55.995048784137744,200.0,1.2847232818603516,0.017629204457907797
-1141.5026,0.0024163888,0.011127312,1141.505,-1141.505,0.7458974,0.23541163,9000.0,90.0,20,900.0,30.611324,2103.7856,1136.759,652.4921,72.63544,-168.39024,6432.7856,0.0013550079,0.17559293,0.17559293,1e-05,0.0003,-952.8576,0.006590891647338867,5520.277040243149,1215000,0.0,215000.0,-0.2915211625055902,-55.53510827801516,200.0,1.2440760135650635,0.03328898119985792
-1105.5336,0.003042024,0.015109503,1105.5366,-1105.5366,0.647884,0.23396054,9000.0,90.0,20,900.0,52.574837,2082.0806,1099.5574,550.7543,164.07849,-161.6703,7999.525,0.0012384143,0.15157929,0.15157929,1e-05,0.0003,-916.53735,0.006558990621566773,5553.071998357773,1220000,0.0,220000.0,-0.33073515206030013,-62.16091322956886,200.0,1.2349121570587158,-0.19230242659275004
-1163.191,0.0049317502,0.025913227,1163.1959,-1163.1959,0.51276165,0.22766249,9000.0,90.0,20,900.0,71.05022,2118.3076,1153.366,486.04117,302.6024,-141.78665,9335.809,0.002203466,0.1167366,0.1167366,1e-05,0.0003,-987.07794,0.0064496073246002195,5585.320039987564,1225000,0.0,225000.0,-0.2774819223074997,-52.05137692042031,200.0,1.5031118392944336,0.15190096375554532
-1144.832,0.0038840577,0.024016835,1144.8359,-1144.8359,0.94943184,0.24428983,9000.0,90.0,20,900.0,40.056957,2115.0754,1136.996,445.3182,333.1848,-198.2283,6842.681,0.0018214661,0.23193654,0.23193654,1e-05,0.0003,-896.0321,0.006313949346542358,5616.889791727066,1230000,0.0,230000.0,-0.2700499979787055,-57.06432032476021,200.0,1.2735011577606201,-0.018776707567170606
-1142.7637,0.0027292192,0.013194979,1142.7664,-1142.7664,1.1183602,0.24358419,9000.0,90.0,20,900.0,102.0019,2097.063,1137.7065,503.6677,463.30118,-112.6837,8904.712,0.00095040083,0.27241486,0.27241486,1e-05,0.0003,-795.5884,0.006522568845748902,5649.502642154694,1235000,0.0,235000.0,-0.31593246700386185,-60.969677516468124,200.0,1.2604656219482422,-0.15174395203816618
-1091.5874,0.003647606,0.016408598,1091.5911,-1091.5911,0.61167276,0.2337749,9000.0,90.0,20,900.0,65.54541,2120.142,1085.8154,406.67322,160.1079,-195.08623,7435.942,0.0012789551,0.14299373,0.14299373,1e-05,0.0003,-897.34766,0.0066720075607299804,5682.862685680389,1240000,0.0,240000.0,-0.2472094569000186,-51.15638798357356,200.0,1.3079562187194824,0.18237300688061855
-1143.4601,0.00397282,0.017313147,1143.4641,-1143.4641,1.1478329,0.21225713,9000.0,90.0,20,900.0,43.421722,2093.3794,1136.3253,433.23257,109.93894,-287.37283,8199.039,0.0014560272,0.24363571,0.24363571,1e-05,0.0003,-880.7662,0.0066772909641265865,5716.249146461487,1245000,0.0,245000.0,-0.2736593512625401,-53.65680730286558,200.0,1.3006186485290527,0.09724023909839603
-1176.809,0.0030488893,0.009324845,1176.812,-1176.812,0.75346994,0.2057569,9000.0,90.0,20,900.0,53.69304,2118.563,1173.1873,378.4724,295.14273,-72.634056,7680.8223,0.00088726653,0.15503165,0.15503165,1e-05,0.0003,-983.58746,0.006573090839385986,5749.114606618881,1250000,0.0,250000.0,-0.2794706287592454,-56.15063518591748,200.0,1.289684772491455,0.012331892558823512
-1030.1188,0.00364745,0.013836261,1030.1224,-1030.1224,1.1387087,0.20805383,9000.0,90.0,20,900.0,47.13125,2127.2988,1025.0402,378.22214,143.95529,-198.73776,7591.2026,0.0008589542,0.23691271,0.23691271,1e-05,0.0003,-769.7661,0.0066445611000061034,5782.3374173641205,1255000,0.0,255000.0,-0.3121874621893868,-60.83920067577932,200.0,1.2618370056152344,-0.14730155531949765
-1191.3232,0.0040213335,0.020919688,1191.3273,-1191.3273,0.6075463,0.2182682,9000.0,90.0,20,900.0,56.587795,2122.8057,1183.1836,303.90265,94.41675,-161.47018,5671.0757,0.001012369,0.13260806,0.13260806,1e-05,0.0003,-1015.38824,0.006671886587142945,5815.696855545044,1260000,0.0,260000.0,-0.24838378813079837,-52.170447318035485,200.0,1.2729318141937256,0.14784692672595634
-1172.5184,0.0030549394,0.024322588,1172.5215,-1172.5215,0.7867739,0.21124847,9000.0,90.0,20,900.0,91.29883,2124.9172,1164.841,321.8311,93.732475,-87.28671,6628.979,0.0017387434,0.16620478,0.16620478,1e-05,0.0003,-931.6353,0.006519921112060547,5848.296466350555,1265000,0.0,265000.0,-0.2557088698583293,-51.55688774661873,200.0,1.2795321941375732,0.1687370326817736
-1162.0685,0.0035146293,0.013648589,1162.072,-1162.072,1.2587103,0.20297949,9000.0,90.0,20,900.0,97.84011,2137.4126,1156.8025,413.088,208.10617,-121.26547,8555.499,0.0011751552,0.25549236,0.25549236,1e-05,0.0003,-834.2853,0.006442944097518921,5880.511192083359,1270000,0.0,270000.0,-0.27737586140968845,-52.633871213753416,200.0,1.2981390953063965,0.1320685496375653
-1119.934,0.0041136695,0.0527688,1119.9381,-1119.9381,0.7954595,0.19907534,9000.0,90.0,20,900.0,65.64911,2129.2937,1107.448,401.94162,115.553185,-199.6975,8304.584,0.0025941387,0.15835637,0.15835637,1e-05,0.0003,-911.76416,0.006698196411132813,5914.002179861069,1275000,0.0,275000.0,-0.2651839725734958,-53.57630346321319,200.0,1.314063549041748,0.0999811852404393
-1158.958,0.003561222,0.01825553,1158.9615,-1158.9615,0.74819964,0.2031536,9000.0,90.0,20,900.0,48.301193,2125.9133,1151.7324,347.41013,234.8589,-193.93675,9312.008,0.0010874432,0.15199946,0.15199946,1e-05,0.0003,-973.85736,0.006842953824996948,5948.216954231262,1280000,0.0,280000.0,-0.263839850259049,-51.557618603915174,200.0,1.2652432918548584,0.16871214889367445
-1135.5773,0.0035575829,0.014606346,1135.5808,-1135.5808,1.0042974,0.21593578,9000.0,90.0,20,900.0,49.745094,2124.8484,1130.325,308.9143,210.625,-110.824776,8549.215,0.0013090974,0.21686374,0.21686374,1e-05,0.0003,-890.6548,0.006569815587997437,5981.066036462784,1285000,0.0,285000.0,-0.3047223131236732,-60.21149488468684,200.0,1.2128572463989258,-0.1259298074145252
-1079.4384,0.003019686,0.015105484,1079.4414,-1079.4414,0.8690661,0.21897797,9000.0,90.0,20,900.0,34.30066,2120.5962,1074.2675,418.97058,154.42229,-135.49452,6713.158,0.0010932594,0.19030634,0.19030634,1e-05,0.0003,-873.862,0.00643631477355957,6013.247616052628,1290000,0.0,290000.0,-0.2655108991270962,-52.794721224049596,200.0,1.2531380653381348,0.12659202557271765
-1081.7526,0.0030026585,0.016294438,1081.7556,-1081.7556,0.74961066,0.21334934,9000.0,90.0,20,900.0,59.39592,2119.3936,1075.7817,369.2624,194.98868,-154.57881,8372.354,0.0012220644,0.15992895,0.15992895,1e-05,0.0003,-878.4206,0.006594073104858399,6046.217986822128,1295000,0.0,295000.0,1.8879969710166955,27.226788537169433,200.0,1.2536892890930176,2.8511160906057844
-1079.4073,0.003257448,0.017466368,1079.4106,-1079.4106,0.76756203,0.19981842,9000.0,90.0,20,900.0,431.14413,2128.6667,1073.582,334.85358,455.19708,-356.35815,14115.847,0.0011117203,0.15337303,0.15337303,1e-05,0.0003,-510.22745,0.006522268915176392,6078.829336166382,1300000,0.0,300000.0,-0.27673740016345455,-53.017432574170925,200.0,1.252882480621338,0.11900928394771979
-1008.53595,0.0036243713,0.024057703,1008.53955,-1008.53955,0.8595605,0.20116346,9000.0,90.0,20,900.0,59.278008,2128.7253,1001.5017,308.3311,488.25403,-133.92531,8851.941,0.0017528221,0.17291217,0.17291217,1e-05,0.0003,-793.63696,0.011236288833618165,6135.0107858181,1305000,0.0,305000.0,-0.2795570394252813,-54.18972852984642,200.0,1.262127161026001,0.07909565882230742
-1098.0413,0.0035901559,0.03367403,1098.0448,-1098.0448,0.9093785,0.2042784,9000.0,90.0,20,900.0,76.57784,2145.4136,1088.4436,253.79936,72.78641,-331.0475,9202.243,0.0023419957,0.18576638,0.18576638,1e-05,0.0003,-854.2737,0.006660269117355347,6168.312136650085,1310000,0.0,310000.0,-0.26900151149612306,-47.97717405816072,200.0,1.6378002166748047,0.2906169637057537
-1036.8942,0.0042213076,0.017468363,1036.8984,-1036.8984,1.1862204,0.19958648,9000.0,90.0,20,900.0,58.89623,2151.7979,1031.3093,195.16658,150.6851,-78.75629,6539.7764,0.0013269925,0.23675355,0.23675355,1e-05,0.0003,-764.91974,0.006580983781814575,6201.217061042786,1315000,0.0,315000.0,-0.2662222741204962,-51.145450918989106,200.0,1.309880256652832,0.1827453854542056
-1088.9679,0.0038253712,0.024172874,1088.9717,-1088.9717,1.0928725,0.19910403,9000.0,90.0,20,900.0,82.25682,2153.5713,1081.4669,204.59349,148.30263,-141.93709,7941.898,0.0020006537,0.21759531,0.21759531,1e-05,0.0003,-810.87524,0.006721383380889893,6234.823982715607,1320000,0.0,320000.0,-0.2499093495202495,-47.74922842232963,200.0,1.3151636123657227,0.29837791913129164
-1061.4097,0.0034447955,0.029397735,1061.4131,-1061.4131,0.923394,0.19289957,9000.0,90.0,20,900.0,52.38259,2163.328,1053.7949,233.21321,121.98329,-124.59766,7922.8223,0.0026092732,0.17812231,0.17812231,1e-05,0.0003,-848.71704,0.00669011378288269,6268.274557590485,1325000,0.0,325000.0,1.8293543603061775,30.856398437671302,200.0,1.3130302429199219,2.97469485774112
-1095.5912,0.0048050415,0.030056681,1095.596,-1095.596,1.8430524,0.1921787,9000.0,90.0,20,900.0,75.246704,2175.5742,1086.6162,239.86917,109.55708,-140.2323,7432.206,0.0027998365,0.35419542,0.35419542,1e-05,0.0003,-701.5686,0.006742285823822022,6301.985991716385,1330000,0.0,330000.0,-0.25514440523945153,-52.24132431815874,200.0,1.6470704078674316,0.1454337494056411
-1108.6227,0.004806042,0.018120967,1108.6274,-1108.6274,0.9096906,0.20377675,9000.0,90.0,20,900.0,56.895,2178.1985,1101.9468,312.9918,142.40033,-128.10582,7114.35,0.0016215852,0.18537378,0.18537378,1e-05,0.0003,-884.89124,0.006511639308929443,6334.544193744659,1335000,0.0,335000.0,-0.29515953023198754,-61.8124894690185,200.0,1.2140095233917236,-0.18043950469485764
-1081.2037,0.0043332623,0.021090593,1081.208,-1081.208,0.8330145,0.20191441,9000.0,90.0,20,900.0,93.62372,2178.7166,1074.9353,368.15704,358.3894,-97.51964,8964.006,0.0014967975,0.16819763,0.16819763,1e-05,0.0003,-836.20215,0.00660929594039917,6367.590678453445,1340000,0.0,340000.0,-0.3579114340676789,-49.35514541035724,200.0,1.3070833683013916,0.24370062682097984
-1063.7166,0.0033942852,0.021547105,1063.72,-1063.72,1.3548548,0.20346473,9000.0,90.0,20,900.0,82.55539,2181.2756,1057.2922,324.7233,545.9975,-306.6377,10145.797,0.0006106519,0.27566516,0.27566516,1e-05,0.0003,-733.0625,0.006384728908538818,6399.514328956604,1345000,0.0,345000.0,1.8651978481980453,112.6249136929732,200.0,1.2035856246948242,5.7586999113805835
-1013.8771,0.0029685698,0.016070515,1013.88007,-1013.88007,0.89594465,0.20294093,9000.0,90.0,20,900.0,47.569794,2189.9553,1008.9885,345.4911,172.8187,-251.26416,8033.5205,0.0012098707,0.18182382,0.18182382,1e-05,0.0003,-802.66583,0.006396883296966553,6431.498751163483,1350000,0.0,350000.0,1.8530118106652127,112.58080714885644,200.0,1.272601842880249,5.757198198388287
-963.8438,0.0038076225,0.027316887,963.8476,-963.8476,0.634439,0.20063269,9000.0,90.0,20,900.0,61.945946,2193.8484,956.3153,267.06613,151.16185,-360.53595,8591.766,0.001534987,0.1272892,0.1272892,1e-05,0.0003,-787.3376,0.006591903972625732,6464.458276748657,1355000,0.0,355000.0,1.8680464186397059,59.34523529693561,200.0,1.3201792240142822,3.9446655798566757
-1077.5687,0.0030377721,0.027736016,1077.5718,-1077.5718,1.8278989,0.19197114,9000.0,90.0,20,900.0,55.148018,2197.19,1070.3435,297.8499,275.10614,-108.70259,8842.641,0.0023637842,0.3509038,0.3509038,1e-05,0.0003,-706.6073,0.006774552965164184,6498.331047296524,1360000,1.0,360000.0,19.961031273554624,1509.3502855304555,200.0,1.3305208683013916,53.31356233735425
-1089.2666,0.0035679685,0.02487671,1089.2701,-1089.2701,1.1778437,0.20001669,9000.0,90.0,20,900.0,65.73558,2211.4014,1081.9832,322.50024,223.56432,-257.57233,10387.584,0.001317106,0.2355884,0.2355884,1e-05,0.0003,-811.50146,0.0067722347259521485,6532.192225933075,1365000,0.0,365000.0,9.952088882575701,214.2159119458307,200.0,1.2989115715026855,9.217608901682869
-1091.8252,0.0036008349,0.019246966,1091.8287,-1091.8287,1.1874425,0.19579174,9000.0,90.0,20,900.0,73.42372,2214.1145,1085.3729,386.26474,119.110756,-96.00024,6941.2056,0.0018797137,0.23249142,0.23249142,1e-05,0.0003,-809.1592,0.006779344940185547,6566.088955879211,1370000,0.0,370000.0,-0.2629706632829725,-25.06104212837241,200.0,1.3192667961120605,1.0708515919511603
-1178.2739,0.005516286,0.055022437,1178.2794,-1178.2794,1.2301587,0.18446243,9000.0,90.0,20,900.0,122.44176,2223.7622,1165.3931,457.9105,376.9582,-126.51742,10098.162,0.002457492,0.22691804,0.22691804,1e-05,0.0003,-851.6059,0.006693768787384033,6599.55780506134,1375000,1.0,375000.0,19.95579405130743,1862.1739275160226,200.0,1.2612504959106445,65.32628874267576
-1204.3376,0.0037140183,0.016960664,1204.3413,-1204.3413,1.5221742,0.18622127,9000.0,90.0,20,900.0,63.772087,2210.8022,1198.1262,592.9883,289.46136,-186.13327,9423.496,0.0012736068,0.2834612,0.2834612,1e-05,0.0003,-885.45044,0.006506886720657349,6632.092243909836,1380000,1.0,380000.0,19.961969000808953,2145.9625786392103,200.0,1.2770328521728516,74.98855344719787
-1113.559,0.0038862014,0.016921142,1113.5629,-1113.5629,0.4886719,0.20027688,9000.0,90.0,20,900.0,40.332855,2226.5063,1108.0594,630.4887,183.6785,-405.9676,7633.092,0.0014527584,0.09786968,0.09786968,1e-05,0.0003,-985.1434,0.006605767917633057,6665.12108874321,1385000,0.0,385000.0,-0.2698614650437543,-53.48880295132389,200.0,1.2711808681488037,0.10296034985575943
-1061.9359,0.003724656,0.01913602,1061.9397,-1061.9397,0.89112353,0.19818717,9000.0,90.0,20,900.0,61.001053,2220.4707,1055.873,532.94293,87.572044,-232.66443,7535.8975,0.0013816899,0.17660925,0.17660925,1e-05,0.0003,-841.9866,0.006672246742248535,6698.482327461243,1390000,1.0,390000.0,19.97027269533738,1931.9871934345606,200.0,1.2681992053985596,67.70324868283663
-1131.794,0.004942815,0.03620612,1131.7988,-1131.7988,1.5746543,0.19794922,9000.0,90.0,20,900.0,78.4987,2198.6865,1121.6174,521.8246,99.0579,-190.17892,7841.158,0.002198076,0.3117016,0.3117016,1e-05,0.0003,-772.76385,0.006599612331390381,6731.480393886566,1395000,1.0,395000.0,19.949113433242637,1883.6124127218745,200.0,1.3021767139434814,66.05621334714137
-1150.3606,0.003053467,0.017390756,1150.3636,-1150.3636,0.8931096,0.2049605,9000.0,90.0,20,900.0,61.618217,2195.0054,1144.5372,573.3659,91.23975,-129.2825,5783.792,0.0012250551,0.18305218,0.18305218,1e-05,0.0003,-923.9955,0.006709722852706909,6765.029013156891,1400000,1.0,400000.0,19.961432107561684,2217.6253683530285,200.0,1.3059754371643066,77.42848485720639
-1152.5779,0.0041781887,0.035305742,1152.582,-1152.582,1.379939,0.19700849,9000.0,90.0,20,900.0,169.99759,2233.0613,1142.8186,573.11176,187.98726,-183.86661,9933.625,0.002771291,0.27185968,0.27185968,1e-05,0.0003,-737.9066,0.01124275426864624,6821.242789268494,1405000,0.0,405000.0,9.940619104194223,1055.439764686836,200.0,1.2360122203826904,37.85909089460881
-1191.7351,0.0039377925,0.024845092,1191.739,-1191.739,1.1223687,0.19756313,9000.0,90.0,20,900.0,95.82451,2234.8325,1184.166,585.01855,186.82971,-318.34436,10682.269,0.0017243597,0.22173867,0.22173867,1e-05,0.0003,-896.3458,0.00653345160484314,6853.910052537918,1410000,0.0,410000.0,9.948989070271196,1212.1951309546382,200.0,1.3224406242370605,43.196202991020144
-1234.5305,0.0041979137,0.055969916,1234.5347,-1234.5347,1.1497623,0.19971009,9000.0,90.0,20,900.0,45.89142,2233.4688,1223.1187,613.9872,158.12434,-255.66994,8152.051,0.0017763714,0.22961912,0.22961912,1e-05,0.0003,-981.98193,0.006608397054672241,6886.952042341232,1415000,1.0,415000.0,19.958257557486327,2482.7972454507353,200.0,1.5858745574951172,86.45689687640605
-1192.7295,0.003343066,0.024539687,1192.7328,-1192.7328,1.0243238,0.20327209,9000.0,90.0,20,900.0,83.889626,2228.8628,1185.8335,647.3552,121.53582,-88.66142,8079.644,0.0020752847,0.20821644,0.20821644,1e-05,0.0003,-921.44507,0.006496961879730224,6919.436856508255,1420000,1.0,420000.0,19.95863703305662,2259.8832806320925,200.0,1.2259767055511475,78.86725674848807
-1196.1313,0.0043316106,0.048377056,1196.1356,-1196.1356,0.6612676,0.18929891,9000.0,90.0,20,900.0,73.19651,2214.6663,1185.0703,580.62463,139.54189,-137.07867,7912.186,0.0020400283,0.12517723,0.12517723,1e-05,0.0003,-1010.2753,0.006579751062393189,6952.335616350174,1425000,0.0,425000.0,-0.2210503991665031,-47.70491644476014,200.0,1.2687976360321045,0.2998866265977908
-1198.2383,0.004421698,0.031069493,1198.2427,-1198.2427,0.54928565,0.18362631,9000.0,90.0,20,900.0,70.73335,2241.5422,1189.729,682.65546,203.52289,-520.63293,8534.968,0.0018760765,0.1008633,0.1008633,1e-05,0.0003,-1036.7279,0.006647725248336792,6985.574248075485,1430000,0.0,430000.0,-0.26703552233373473,-51.55972731398434,200.0,1.2698869705200195,0.16864035280601297
-1244.2451,0.0038855595,0.028625669,1244.249,-1244.249,1.2070553,0.18529315,9000.0,90.0,20,900.0,52.442703,2238.4712,1236.6609,695.7772,102.335495,-187.75467,8669.229,0.0017420516,0.2236591,0.2236591,1e-05,0.0003,-990.50916,0.006602013301849365,7018.584319829941,1435000,1.0,435000.0,19.966062692106142,2089.967093252277,200.0,1.6117134094238281,73.08205295845251
-1211.3617,0.005456548,0.039685883,1211.3672,-1211.3672,1.6515445,0.18571946,9000.0,90.0,20,900.0,51.74968,2229.3064,1202.103,635.71313,167.58011,-136.9221,8388.516,0.002907026,0.30672392,0.30672392,1e-05,0.0003,-883.56055,0.006524260711669922,7051.205628156662,1440000,1.0,440000.0,19.960544331686812,1803.5731080573767,200.0,1.242720603942871,63.33108341198209
-1181.9089,0.004372952,0.027182724,1181.9133,-1181.9133,0.86266893,0.19199295,9000.0,90.0,20,900.0,159.67386,2237.816,1174.2437,651.16864,207.09122,-271.701,9345.165,0.0014973221,0.16562635,0.16562635,1e-05,0.0003,-873.1714,0.00659091272354126,7084.160196781158,1445000,1.0,445000.0,19.968584529110274,2227.6274323486086,200.0,1.256059169769287,77.76902909509035
-1201.9744,0.004148542,0.031743307,1201.9785,-1201.9785,0.69008636,0.18723641,9000.0,90.0,20,900.0,82.90579,2235.81,1194.0609,773.6736,117.53835,-331.71265,7131.3096,0.0020981699,0.1292093,0.1292093,1e-05,0.0003,-1002.7802,0.006668700218200684,7117.503702878952,1450000,1.0,450000.0,19.96857347824344,2411.5683572660405,200.0,1.322077751159668,84.0317386837672
-1229.9047,0.0041628582,0.020942593,1229.9088,-1229.9088,1.4146136,0.1845491,9000.0,90.0,20,900.0,54.272186,2229.5325,1223.3328,664.1606,107.616806,-221.25645,8649.973,0.0012353524,0.26106566,0.26106566,1e-05,0.0003,-940.67334,0.006818417882919312,7151.595796823502,1455000,0.0,455000.0,-0.2656149629778181,-52.58634946178899,200.0,1.665315866470337,0.13368654156531012
-1212.5219,0.004072744,0.028466018,1212.5259,-1212.5259,0.61380154,0.17832859,9000.0,90.0,20,900.0,79.12538,2234.3193,1204.6484,655.4576,126.495415,-218.79193,8318.139,0.0018255089,0.10945836,0.10945836,1e-05,0.0003,-1034.8839,0.006657403135299683,7184.8828184604645,1460000,0.0,460000.0,9.962377375089115,2151.0407172716773,200.0,1.2650866508483887,75.16145084629738
-1245.4539,0.003947748,0.026486432,1245.4578,-1245.4578,1.4887996,0.18149564,9000.0,90.0,20,900.0,68.4983,2234.0476,1238.1935,733.215,93.38801,-110.37291,7853.6616,0.0016103523,0.27021062,0.27021062,1e-05,0.0003,-933.766,0.006684733200073242,7218.306489706039,1465000,0.0,465000.0,1.8891608566655131,171.22060999282166,200.0,1.277806043624878,7.753730811855738
-1222.7662,0.0037832558,0.04712505,1222.77,-1222.77,0.3985777,0.18326281,9000.0,90.0,20,900.0,67.47052,2229.4338,1212.7494,521.5196,186.74777,-99.456184,6635.1577,0.0022963572,0.073044464,0.073044464,1e-05,0.0003,-1089.5557,0.006608187484741211,7251.3474316596985,1470000,0.0,470000.0,1.9125785375877,616.3321966413331,200.0,1.2803854942321777,22.90862145397959
-1245.5231,0.0040245233,0.043520354,1245.5271,-1245.5271,1.0195081,0.17693783,9000.0,90.0,20,900.0,82.45303,2219.2131,1235.6927,497.19806,169.8485,-94.09706,7652.356,0.0034222808,0.18038955,0.18038955,1e-05,0.0003,-1000.7195,0.006612946701049805,7284.412170886993,1475000,0.0,475000.0,9.94761578205769,1017.5181726666009,200.0,1.2459166049957275,36.567959418187094
-1228.796,0.003272268,0.015424185,1228.7993,-1228.7993,1.2722869,0.17292134,9000.0,90.0,20,900.0,78.50075,2220.264,1224.128,612.6321,93.79966,-127.214005,7169.861,0.0016729939,0.22000556,0.22000556,1e-05,0.0003,-952.2903,0.006531159496307373,7317.067973613739,1480000,0.0,480000.0,-0.26453717625527756,-52.66121662932158,200.0,1.2581992149353027,0.13113750943342387
-1215.3278,0.0035244094,0.030727904,1215.3313,-1215.3313,1.2867178,0.1668685,9000.0,90.0,20,900.0,83.419464,2223.6274,1207.2947,630.96155,137.22803,-220.52487,6705.8604,0.002093137,0.21471265,0.21471265,1e-05,0.0003,-938.66693,0.0066354939460754395,7350.2454488277435,1485000,1.0,485000.0,19.964671587732,2404.9474554860703,200.0,1.2739195823669434,83.80631421620122
-1263.6345,0.003620836,0.025797835,1263.6382,-1263.6382,0.88890463,0.17694949,9000.0,90.0,20,900.0,67.06671,2225.1565,1256.6455,646.6011,118.55791,-181.96162,7605.9194,0.0015544853,0.15729122,0.15729122,1e-05,0.0003,-1055.0057,0.006623276376724243,7383.3618359565735,1490000,1.0,490000.0,19.95794968722823,2010.203884610759,200.0,1.2441895008087158,70.3663233740378
-1233.3226,0.0044992184,0.038087215,1233.3271,-1233.3271,1.374897,0.19113679,9000.0,90.0,20,900.0,97.80041,2225.0413,1224.5479,663.5316,343.6225,-378.57608,12096.16,0.0017971159,0.2627934,0.2627934,1e-05,0.0003,-899.0082,0.006612792158126831,7416.425801515579,1495000,1.0,495000.0,19.96665325991291,2329.393987086054,200.0,1.2754831314086914,81.23391532661765
-1222.5067,0.0041894782,0.03339106,1222.5109,-1222.5109,1.211696,0.20384145,9000.0,90.0,20,900.0,69.91202,2222.585,1214.453,610.1078,147.7296,-94.96503,7798.8228,0.0020141562,0.24699388,0.24699388,1e-05,0.0003,-930.30023,0.006447152280807495,7448.661568403244,1500000,0.0,500000.0,-0.2542750046424844,-48.41236751382618,200.0,1.291125774383545,0.27579975960096337
-1323.1099,0.0032799246,0.032331705,1323.1132,-1323.1132,0.8673254,0.20763235,9000.0,90.0,20,900.0,96.2661,2221.445,1314.4308,679.9256,294.85492,-221.8206,10368.277,0.0017929114,0.18008481,0.18008481,1e-05,0.0003,-1064.7675,0.011522525262832642,7506.274199724197,1505000,1.0,505000.0,19.96656034350344,2582.639202369516,200.0,1.2943251132965088,89.85625556305061
-1266.8989,0.0038455229,0.03471998,1266.9028,-1266.9028,0.9917917,0.21760586,9000.0,90.0,20,900.0,56.814682,2226.07,1258.6523,701.9818,535.2615,-404.60443,10640.693,0.0022400368,0.21581969,0.21581969,1e-05,0.0003,-1015.8465,0.006665964031219483,7539.6040251255035,1510000,1.0,510000.0,19.96706397803551,2004.1146191873374,200.0,1.2426412105560303,70.15899974025497
-1217.6724,0.004600223,0.034922447,1217.677,-1217.677,1.1609342,0.22982192,9000.0,90.0,20,900.0,167.88728,2221.7583,1209.3334,632.3697,237.99669,-266.4047,11848.094,0.0019836333,0.26680815,0.26680815,1e-05,0.0003,-809.6577,0.006489725685119629,7572.052659034729,1515000,1.0,515000.0,19.948992457489712,2165.7387509566934,200.0,1.2465460300445557,75.66188062577773
-1286.2706,0.0039572855,0.024485977,1286.2745,-1286.2745,0.8153866,0.22655328,9000.0,90.0,20,900.0,123.6353,2222.8545,1278.8464,647.4526,295.02277,-199.71133,10923.478,0.0014301342,0.1847285,0.1847285,1e-05,0.0003,-996.37976,0.006448252248764038,7604.293926239014,1520000,1.0,520000.0,19.95928147890642,2491.08356880833,200.0,1.2603449821472168,86.7390246126332
-1249.8358,0.003559642,0.028030157,1249.8394,-1249.8394,0.32562467,0.2299592,9000.0,90.0,20,900.0,100.108925,2217.313,1242.354,663.01166,433.81534,-133.70569,8431.3125,0.0019285561,0.07488039,0.07488039,1e-05,0.0003,-1082.3346,0.006566361331939698,7637.1257429122925,1525000,1.0,525000.0,19.958261934520756,2299.9525817775193,200.0,1.274794101715088,80.23151212889181
-1256.5261,0.003919835,0.024829986,1256.53,-1256.53,0.7806099,0.22622637,9000.0,90.0,20,900.0,83.91295,2220.735,1250.032,589.6046,117.20653,-175.94652,7047.5825,0.0017756062,0.17659456,0.17659456,1e-05,0.0003,-1013.67804,0.006556740570068359,7669.909451246262,1530000,1.0,530000.0,19.96064026939854,2114.548070943141,200.0,1.257582664489746,73.91897125030476
-1286.2673,0.0037206265,0.03981027,1286.271,-1286.271,0.9259319,0.21702938,9000.0,90.0,20,900.0,65.0636,2218.583,1277.3273,686.2302,90.277145,-122.06839,6894.2104,0.0025528213,0.20095441,0.20095441,1e-05,0.0003,-1040.3447,0.006546598148345947,7702.642446756363,1535000,1.0,535000.0,19.967989994457056,2784.3824527063057,200.0,1.2800872325897217,96.72508798249285
-1295.4113,0.0033331201,0.026515476,1295.4146,-1295.4146,0.44365805,0.20781045,9000.0,90.0,20,900.0,115.63475,2214.834,1288.2402,771.5972,188.44456,-195.23727,8471.038,0.0013494699,0.09219678,0.09219678,1e-05,0.0003,-1096.7994,0.006580413961410523,7735.544522047043,1540000,1.0,540000.0,19.95179387436064,2331.518922769877,200.0,1.5941684246063232,81.30626385421354
-1258.1124,0.003111546,0.024543127,1258.1155,-1258.1155,0.6401219,0.20082557,9000.0,90.0,20,900.0,66.718735,2205.9521,1251.0029,721.52954,242.70407,-96.07151,6793.453,0.0020618127,0.12855284,0.12855284,1e-05,0.0003,-1075.6962,0.0065476667404174805,7768.282860517502,1545000,1.0,545000.0,19.960963149885686,2432.5994978641943,200.0,1.2460451126098633,84.74779426489462
-1282.1711,0.0039429436,0.017855834,1282.175,-1282.175,1.3135288,0.18881987,9000.0,90.0,20,900.0,72.210266,2208.7092,1276.7974,662.6395,211.79874,-144.57689,8227.574,0.0012392373,0.24802032,0.24802032,1e-05,0.0003,-986.7427,0.006507374048233032,7800.819735527039,1550000,0.0,550000.0,9.957062123564715,1411.0398724187442,200.0,1.2869317531585693,49.96634872984483
-1240.0529,0.005977395,0.048270628,1240.0588,-1240.0588,0.528597,0.19112982,9000.0,90.0,20,900.0,58.869476,2199.6748,1229.7502,721.6601,131.1515,-127.36015,6328.695,0.0033384443,0.10103065,0.10103065,1e-05,0.0003,-1090.2557,0.006513924694061279,7833.389364004135,1555000,1.0,555000.0,19.946715578903387,2489.113267143505,200.0,1.2507929801940918,86.6719409707823
-1311.1339,0.0045679375,0.034853354,1311.1384,-1311.1384,0.8460732,0.19425541,9000.0,90.0,20,900.0,86.06809,2188.9734,1303.0076,702.7703,210.86688,-233.85883,8184.096,0.002168728,0.16435431,0.16435431,1e-05,0.0003,-1077.147,0.006540213251113891,7866.090435743332,1560000,1.0,560000.0,19.961093139986904,2135.6050146214366,200.0,1.568453311920166,74.63590535913065
-1308.1074,0.0036178175,0.019123994,1308.1111,-1308.1111,1.6457942,0.1980639,9000.0,90.0,20,900.0,121.0905,2195.5632,1302.3369,688.85406,169.29271,-136.25986,8700.532,0.0014141505,0.3259724,0.3259724,1e-05,0.0003,-893.64185,0.006467919826507568,7898.4300401210785,1565000,1.0,565000.0,19.958706903077584,2451.3690182118094,200.0,1.245985507965088,85.3868475647986
-1277.8276,0.0043566967,0.04165649,1277.832,-1277.832,1.1195706,0.19762214,9000.0,90.0,20,900.0,113.09844,2188.265,1268.5925,650.88293,343.81348,-144.30731,8707.735,0.0017492324,0.22125193,0.22125193,1e-05,0.0003,-965.60254,0.006649827766418457,7931.679183959961,1570000,1.0,570000.0,19.961979620398825,2695.362857826901,200.0,1.2744052410125732,93.69420254641257
-1302.6858,0.0032477519,0.026955359,1302.6891,-1302.6891,1.0520493,0.19577353,9000.0,90.0,20,900.0,140.68207,2186.941,1295.7117,635.0829,243.61404,-157.52466,9488.305,0.0017165819,0.20596339,0.20596339,1e-05,0.0003,-976.6366,0.006409232759475708,7963.725353717804,1575000,1.0,575000.0,19.95348201442622,2622.6488782397587,200.0,1.2503008842468262,91.21848085807346
-1339.5796,0.004578454,0.033178777,1339.5842,-1339.5842,0.85930395,0.2045522,9000.0,90.0,20,900.0,68.38128,2185.8433,1331.6145,518.6619,128.23798,-173.16656,8803.6875,0.0021397723,0.17577252,0.17577252,1e-05,0.0003,-1113.003,0.006469488430023193,7996.072801351547,1580000,1.0,580000.0,19.95694937800593,2367.383628151021,200.0,1.554572582244873,82.52736369584139
-1293.3345,0.0043424703,0.03625631,1293.3389,-1293.3389,0.84080976,0.20657721,9000.0,90.0,20,900.0,96.7761,2179.2134,1285.2885,484.2653,177.35043,-340.28162,10149.637,0.0017861044,0.17369214,0.17369214,1e-05,0.0003,-1040.2355,0.006370115900039673,8027.923386096954,1585000,1.0,585000.0,19.946789843840165,2763.276765061011,200.0,1.231846809387207,96.00649426849941
-1316.3665,0.004386229,0.047662053,1316.3708,-1316.3708,0.605786,0.21575068,9000.0,90.0,20,900.0,137.32516,2178.7227,1305.7156,609.7064,215.97318,-181.76807,10610.158,0.0024035734,0.13069874,0.13069874,1e-05,0.0003,-1061.4124,0.006458007335662842,8060.213427782059,1590000,1.0,590000.0,19.96409635964436,2510.131637587452,200.0,1.2570116519927979,87.3875617614071
-1269.3103,0.004358995,0.039828934,1269.3147,-1269.3147,1.002725,0.21824706,9000.0,90.0,20,900.0,87.49399,2175.8838,1260.5122,701.37787,196.06412,-137.06856,8974.588,0.002807017,0.21884179,0.21884179,1e-05,0.0003,-984.85864,0.006390778732299805,8092.167327165604,1595000,1.0,595000.0,19.95102582256315,2599.3601542894653,200.0,1.2241296768188477,90.42556044160268
-1289.5131,0.004508795,0.04862403,1289.5176,-1289.5176,0.8221999,0.22331472,9000.0,90.0,20,900.0,63.52789,2175.4773,1279.6167,686.7716,206.80353,-119.222595,7069.4375,0.0014952478,0.18360932,0.18360932,1e-05,0.0003,-1060.7368,0.006592234754562378,8125.128506183624,1600000,1.0,600000.0,19.961056129769005,2798.2586045119615,200.0,1.3201897144317627,97.19753482381553
-1277.336,0.004482962,0.037013736,1277.3406,-1277.3406,0.724969,0.21234153,9000.0,90.0,20,900.0,74.96402,2168.3398,1269.1682,647.8311,117.09984,-98.44999,7020.757,0.0017443036,0.15394104,0.15394104,1e-05,0.0003,-1063.8252,0.011304675769805908,8181.651890039444,1605000,1.0,605000.0,19.965181291119066,2538.851912484608,200.0,1.2527508735656738,88.3654123461456
-1285.4883,0.0039299093,0.026941128,1285.4922,-1285.4922,1.0565221,0.20547174,9000.0,90.0,20,900.0,106.29357,2169.2205,1278.0237,632.7648,83.835,-127.514114,8396.795,0.0020136777,0.21708544,0.21708544,1e-05,0.0003,-983.8178,0.006627464914321899,8214.78922009468,1610000,1.0,610000.0,19.974702119412783,1543.0193314358232,200.0,1.2897894382476807,54.45990569040522
-1288.4459,0.004193185,0.029360194,1288.4501,-1288.4501,0.9558816,0.20869322,9000.0,90.0,20,900.0,96.48662,2167.6401,1281.6124,649.51404,98.71064,-82.50862,7390.914,0.0020851966,0.19948602,0.19948602,1e-05,0.0003,-1012.42194,0.006669778680801391,8248.138118743896,1615000,0.0,615000.0,1.8376270742391039,-17.59932052703213,200.0,1.2994787693023682,1.3249037852938188
-1328.0765,0.004327639,0.036944717,1328.0808,-1328.0808,1.0391735,0.20052055,9000.0,90.0,20,900.0,83.23813,2156.8413,1319.3257,718.75745,153.12134,-164.29745,7600.696,0.0021548057,0.20837563,0.20837563,1e-05,0.0003,-1057.3003,0.0065821508407592775,8281.048878192902,1620000,1.0,620000.0,19.950919638606248,2690.4317845760575,200.0,1.2531168460845947,93.52631234066101
-1297.3596,0.004237246,0.039314717,1297.3639,-1297.3639,0.9281315,0.2000896,9000.0,90.0,20,900.0,129.10287,2161.6204,1288.3364,757.12787,397.84003,-139.71869,9848.211,0.0029536502,0.18570948,0.18570948,1e-05,0.0003,-1001.11816,0.006336610507965088,8312.731941699982,1625000,0.0,625000.0,9.954752988447039,1338.0454351356443,200.0,1.2854056358337402,47.48107818715215
-1322.3584,0.0036999849,0.029364824,1322.362,-1322.362,1.0265913,0.19671828,9000.0,90.0,20,900.0,56.031593,2166.2195,1314.9727,698.39465,59.80417,-86.23789,5730.2983,0.0013632732,0.20194928,0.20194928,1e-05,0.0003,-1084.5724,0.006607233810424805,8345.768115758896,1630000,1.0,630000.0,19.95575748653223,2264.1964974562675,200.0,1.2656104564666748,79.01411055154975
-1285.9968,0.0044223843,0.034386992,1286.0012,-1286.0012,1.1510968,0.19333176,9000.0,90.0,20,900.0,111.84135,2158.0671,1277.9445,674.4903,218.63364,-373.74823,10541.667,0.0011753137,0.22254357,0.22254357,1e-05,0.0003,-973.86633,0.006546885967254639,8378.502551078796,1635000,1.0,635000.0,19.95191285656356,2558.291577881629,200.0,1.2740843296051025,89.02728234020617
-1323.983,0.0035458049,0.027076514,1323.9866,-1323.9866,1.0395163,0.19479802,9000.0,90.0,20,900.0,109.643654,2143.2458,1317.3477,648.8662,154.6165,-145.20753,9276.35,0.0020236652,0.20249572,0.20249572,1e-05,0.0003,-1032.0933,0.006540160846710205,8411.203362703323,1640000,1.0,640000.0,19.96287420617089,2652.9005636774823,200.0,1.2997539043426514,92.2484719845697
-1385.5952,0.0036959206,0.03594293,1385.5989,-1385.5989,0.8212534,0.20056804,9000.0,90.0,20,900.0,124.871124,2157.1782,1377.7483,669.5052,333.38327,-155.07031,8403.358,0.0025783828,0.16471718,0.16471718,1e-05,0.0003,-1112.4786,0.006482021999359131,8443.613478183746,1645000,1.0,645000.0,19.958925317690316,2704.5376451175903,200.0,1.2537403106689453,94.00658016637543
-1289.6443,0.003799549,0.03254889,1289.6481,-1289.6481,0.77531624,0.20238928,9000.0,90.0,20,900.0,61.809822,2116.5054,1281.3914,641.6329,221.61452,-167.85664,7425.164,0.0024109595,0.1569157,0.1569157,1e-05,0.0003,-1086.6104,0.006509163904190063,8476.159302711487,1650000,0.0,650000.0,1.880127503196113,455.7726547565008,200.0,1.2566783428192139,17.441987082280797
-1320.3141,0.0041383696,0.0368458,1320.3182,-1320.3182,1.632675,0.19117606,9000.0,90.0,20,900.0,137.83104,2153.1394,1311.6433,673.8186,134.4571,-258.32288,8640.017,0.0020758763,0.31212837,0.31212837,1e-05,0.0003,-901.5675,0.006482283401489258,8508.570724964142,1655000,1.0,655000.0,19.955930931740358,2666.5510997572733,200.0,1.2620761394500732,92.71323719783511
-1305.2767,0.004020055,0.028929552,1305.2808,-1305.2808,0.7079252,0.18850794,9000.0,90.0,20,900.0,121.056114,2157.2908,1298.5889,681.82465,132.6271,-233.51086,8791.209,0.001567417,0.13344952,0.13344952,1e-05,0.0003,-1064.116,0.006572209644317627,8541.431778430939,1660000,1.0,660000.0,19.961302573123298,2611.647441714492,200.0,1.2745873928070068,90.84391058749914
-1323.515,0.0039148224,0.034277666,1323.5189,-1323.5189,0.6788447,0.18783355,9000.0,90.0,20,900.0,108.499084,2152.434,1314.7623,642.0058,94.02222,-155.70447,7549.3105,0.0020612765,0.1275098,0.1275098,1e-05,0.0003,-1100.2571,0.006583844327926636,8574.351004838943,1665000,0.0,665000.0,9.95623768955979,1035.4965112576572,200.0,1.5757131576538086,37.180075039184594
-1341.7899,0.0037301537,0.020196553,1341.7937,-1341.7937,0.92221344,0.18617971,9000.0,90.0,20,900.0,68.99773,2144.3484,1336.2053,599.3415,183.97116,-126.57128,7157.0703,0.0019311488,0.17169742,0.17169742,1e-05,0.0003,-1118.2645,0.006379319238662719,8606.247606277466,1670000,1.0,670000.0,19.95733802570505,2740.7230965132267,200.0,1.2606289386749268,95.23860057470911
-1330.0947,0.0031505057,0.031219706,1330.0979,-1330.0979,1.206302,0.1791651,9000.0,90.0,20,900.0,90.77163,2147.7021,1322.6338,676.09717,78.46823,-170.66216,7191.0796,0.0012116258,0.21612722,0.21612722,1e-05,0.0003,-1044.8086,0.0065626936912536625,8639.061079740524,1675000,1.0,675000.0,19.95798635288425,2703.1281548962875,200.0,1.248664379119873,93.95859069405947
-1335.8644,0.0052296463,0.038495637,1335.8696,-1335.8696,1.068094,0.17442396,9000.0,90.0,20,900.0,69.43864,2142.483,1326.8911,645.7024,64.48308,-135.41696,6749.1953,0.0016706669,0.1863012,0.1863012,1e-05,0.0003,-1098.7546,0.006479993343353272,8671.46105146408,1680000,1.0,680000.0,19.946007521593508,264.0888579093218,200.0,1.2828435897827148,10.915652863576188
-1360.2164,0.003555247,0.021909961,1360.22,-1360.22,1.2780211,0.17212363,9000.0,90.0,20,900.0,87.70831,2146.347,1353.7656,583.5948,160.14442,-296.19077,9255.301,0.0013351556,0.21997762,0.21997762,1e-05,0.0003,-1074.5282,0.006500540065765381,8703.963757514954,1685000,1.0,685000.0,19.954817080771036,2637.1634486463504,200.0,1.601219654083252,91.71266419058465
-1316.0581,0.004729556,0.04740307,1316.0629,-1316.0629,1.2798582,0.18081053,9000.0,90.0,20,900.0,69.12646,2146.9785,1306.4519,660.7526,194.0793,-151.67993,8260.805,0.0014307132,0.23141183,0.23141183,1e-05,0.0003,-1038.661,0.006395618772506714,8735.941856145859,1690000,1.0,690000.0,19.96128793363936,2912.064858484961,200.0,1.1935515403747559,101.07234146800323
-1290.8934,0.003206511,0.024644684,1290.8966,-1290.8966,0.83683884,0.19073299,9000.0,90.0,20,900.0,55.979103,2145.9692,1284.2643,644.606,79.69645,-182.67169,6315.1396,0.0015568029,0.15961276,0.15961276,1e-05,0.0003,-1091.2628,0.006396563959121704,8767.924680948257,1695000,1.0,695000.0,19.95629981268151,1803.5188443074119,200.0,1.2487339973449707,63.329235872575765
-1328.0875,0.0037910878,0.028998189,1328.0913,-1328.0913,0.8801866,0.19534798,9000.0,90.0,20,900.0,93.10017,2141.8594,1321.0767,652.1352,105.76037,-315.68015,9348.484,0.0015026707,0.17194268,0.17194268,1e-05,0.0003,-1080.2389,0.006444409322738647,8800.146733760834,1700000,1.0,700000.0,19.96340099310367,2770.165426715214,200.0,1.2447929382324219,96.24103526264899
-1281.2451,0.004146915,0.042181328,1281.2493,-1281.2493,1.2366091,0.18735415,9000.0,90.0,20,900.0,75.410034,2126.4617,1271.6587,647.05817,89.87627,-96.07767,6405.151,0.0026816356,0.23168385,0.23168385,1e-05,0.0003,-997.3196,0.010905722379684448,8854.675351142883,1705000,0.0,705000.0,1.88265662327697,574.921953382671,200.0,1.5977790355682373,21.49871048586916
-1336.8541,0.0025761758,0.0251758,1336.8567,-1336.8567,1.3855263,0.187527,9000.0,90.0,20,900.0,99.62445,2141.1035,1330.0264,557.64197,99.235794,-129.28159,6839.0894,0.0018321692,0.2598236,0.2598236,1e-05,0.0003,-1003.3885,0.006465539169311523,8887.00305223465,1710000,1.0,710000.0,19.96444168574517,2627.7667435206845,200.0,1.2549479007720947,91.39273084612151
-1357.1654,0.003988529,0.02679882,1357.1694,-1357.1694,0.94859135,0.18584906,9000.0,90.0,20,900.0,85.35184,2136.6074,1350.148,548.45715,89.185814,-105.6644,6884.6885,0.00219497,0.17629479,0.17629479,1e-05,0.0003,-1113.1483,0.006531641960144043,8919.66126704216,1715000,1.0,715000.0,19.95663163815629,2466.739313524435,200.0,1.3166358470916748,85.91016610241272
-1343.6979,0.003929191,0.03078215,1343.7018,-1343.7018,1.1631242,0.18818277,9000.0,90.0,20,900.0,101.09641,2148.4858,1336.8345,487.60184,133.47481,-261.0904,8754.025,0.0011290477,0.21887995,0.21887995,1e-05,0.0003,-1045.6095,0.006538618755340576,8952.354365825653,1720000,1.0,720000.0,19.967752872512072,2660.779592776195,200.0,1.2205934524536133,92.51673241170478
-1332.5616,0.0037397244,0.030949265,1332.5654,-1332.5654,0.67819154,0.19216113,9000.0,90.0,20,900.0,88.55887,2137.3396,1325.9272,684.4829,122.00083,-139.68349,7657.4517,0.0018209197,0.13032205,0.13032205,1e-05,0.0003,-1126.713,0.006468819808959961,8984.698469638824,1725000,1.0,725000.0,19.968764120005265,2684.4507344707,200.0,1.6037812232971191,93.32267315671106
-1353.9945,0.004473646,0.03061417,1353.999,-1353.999,0.9676928,0.18237421,9000.0,90.0,20,900.0,72.556076,2131.6455,1346.4644,611.2858,102.16324,-273.16895,8157.036,0.0015635999,0.1764822,0.1764822,1e-05,0.0003,-1122.6045,0.006420610809326172,9016.801528930664,1730000,1.0,730000.0,19.952460979980717,2784.3121413775007,200.0,1.2475216388702393,96.72269406480814
-1322.5347,0.004162936,0.03171693,1322.5388,-1322.5388,1.3196541,0.1796211,9000.0,90.0,20,900.0,113.14408,2141.6272,1314.8019,519.5269,64.80798,-123.20174,8101.2607,0.0022694666,0.23703772,0.23703772,1e-05,0.0003,-996.05664,0.00647788462638855,9049.190957546234,1735000,1.0,735000.0,19.959016367521656,2691.07784042523,200.0,1.2782728672027588,93.54830886026778
-1361.03,0.004152246,0.025849646,1361.0342,-1361.0342,0.74981165,0.1742534,9000.0,90.0,20,900.0,53.086815,2134.289,1355.4214,665.1088,269.14673,-128.2062,7705.9326,0.0021271934,0.13065723,0.13065723,1e-05,0.0003,-1190.3517,0.006624782371520996,9082.314874649048,1740000,0.0,740000.0,1.9191453936315581,1411.2226265887944,200.0,1.272125005722046,49.97257103352008
-1374.4633,0.004260442,0.03794174,1374.4675,-1374.4675,0.6887309,0.17929584,9000.0,90.0,20,900.0,126.57748,2124.7676,1365.6782,671.2277,212.79216,-137.87917,8056.6,0.002342603,0.12348658,0.12348658,1e-05,0.0003,-1136.7478,0.006598091316223144,9115.30533695221,1745000,0.0,745000.0,-0.2707415142474283,-50.96287292915109,200.0,1.622152328491211,0.1889616906519377
-1307.92,0.003327863,0.026572777,1307.9233,-1307.9233,0.904007,0.17777847,9000.0,90.0,20,900.0,71.229164,2131.9397,1300.6647,586.7325,181.31017,-103.27046,9137.07,0.002683456,0.16071299,0.16071299,1e-05,0.0003,-1092.0492,0.006512947940826416,9147.870082378387,1750000,0.0,750000.0,-0.2631302619131577,375.70051188788744,200.0,1.299194097518921,14.715739091768256
-1305.7507,0.004423703,0.027648184,1305.7551,-1305.7551,0.79217845,0.18310256,9000.0,90.0,20,900.0,79.571045,2133.2808,1299.5946,572.8475,96.4465,-83.27883,6559.6914,0.0021022474,0.1450499,0.1450499,1e-05,0.0003,-1095.6348,0.006601431322097779,9180.877244472504,1755000,1.0,755000.0,19.95541422167993,2647.607273727004,200.0,1.308973789215088,92.0682492432554
-1331.1423,0.003147543,0.023365136,1331.1455,-1331.1455,1.209413,0.18214731,9000.0,90.0,20,900.0,87.97132,2131.8916,1324.4412,757.2336,162.45009,-240.41248,9734.349,0.0012547667,0.22029133,0.22029133,1e-05,0.0003,-1044.9088,0.00661827883720398,9213.968643426895,1760000,1.0,760000.0,19.965673862943383,96.66046624394082,200.0,1.2896757125854492,5.215152040443964
-1321.5526,0.0035603035,0.027520474,1321.5562,-1321.5562,1.1721767,0.18459411,9000.0,90.0,20,900.0,79.39806,2129.4382,1315.3342,636.9191,72.66856,-85.06635,6554.6953,0.002023986,0.2163769,0.2163769,1e-05,0.0003,-1047.4153,0.006560085344314575,9246.769075632095,1765000,1.0,765000.0,19.96361514137869,2752.8471811588,200.0,1.255680799484253,95.6513940908766
-1311.1519,0.0041479436,0.024884854,1311.156,-1311.156,0.71107227,0.19418073,9000.0,90.0,20,900.0,69.30056,2139.8179,1304.6062,686.0368,156.84885,-210.98567,8901.897,0.0016453023,0.13807653,0.13807653,1e-05,0.0003,-1117.5824,0.00642420482635498,9278.890105724335,1770000,1.0,770000.0,19.96021845044628,2762.385956804504,200.0,1.240906000137329,95.97616456665517
-1337.6304,0.0039909966,0.034573868,1337.6344,-1337.6344,0.6902739,0.18727438,9000.0,90.0,20,900.0,66.612076,2135.925,1329.4517,656.73114,129.68546,-95.634674,7195.792,0.0032291943,0.12927061,0.12927061,1e-05,0.0003,-1154.6748,0.006789630603790283,9312.838263988495,1775000,1.0,775000.0,19.97505545454849,2713.546748081074,200.0,1.3327422142028809,94.31331666636918
-1301.0513,0.005124274,0.040398598,1301.0564,-1301.0564,0.762695,0.19533072,9000.0,90.0,20,900.0,78.996735,2137.63,1292.7314,613.0712,157.34613,-109.28169,8438.824,0.0035523828,0.14897776,0.14897776,1e-05,0.0003,-1087.9746,0.006623207187652588,9345.954305171967,1780000,1.0,780000.0,19.95592343511053,2619.8562396151647,200.0,1.252652883529663,91.12339878376177
-1355.0148,0.0035560639,0.034232195,1355.0183,-1355.0183,0.659357,0.19384073,9000.0,90.0,20,900.0,68.48782,2137.7603,1347.3569,675.66315,142.91217,-255.18927,7250.026,0.0023416502,0.12781024,0.12781024,1e-05,0.0003,-1171.4978,0.006473841047286987,9378.323515415192,1785000,1.0,785000.0,19.953647869520996,2853.998010947492,200.0,1.248384714126587,99.09531649098746
-1408.0461,0.0033758301,0.023313276,1408.0496,-1408.0496,0.99267054,0.19705887,9000.0,90.0,20,900.0,104.99812,2125.3545,1401.7043,619.3554,121.174164,-120.71409,7943.5176,0.0013037964,0.19561455,0.19561455,1e-05,0.0003,-1126.9949,0.006382544040679932,9410.236241817474,1790000,1.0,790000.0,19.956955403400105,2627.393704542622,200.0,1.2832038402557373,91.38002984015498
-1368.029,0.0033641588,0.022238148,1368.0325,-1368.0325,1.1449609,0.19889489,9000.0,90.0,20,900.0,230.6925,2136.8916,1361.1549,673.2956,228.00064,-126.964645,11498.44,0.0010464704,0.22772685,0.22772685,1e-05,0.0003,-932.3824,0.006691806316375733,9443.69527888298,1795000,1.0,795000.0,19.961707331548464,2679.3588974960285,200.0,1.2836954593658447,93.14930936472422
-1365.5189,0.004023664,0.029454904,1365.523,-1365.523,0.81593096,0.19869354,9000.0,90.0,20,900.0,518.6074,2134.1997,1358.4943,593.6816,1609.7343,-753.6329,22502.473,0.0028152228,0.16212022,0.16212022,1e-05,0.0003,-701.0033,0.006615396165847778,9476.772265672684,1800000,1.0,800000.0,19.97068109109908,2689.0797711410996,200.0,1.2813782691955566,93.4802798032747
-1298.9584,0.0034622422,0.017199874,1298.9618,-1298.9618,0.5289204,0.18950772,9000.0,90.0,20,900.0,105.17882,2137.4583,1294.6421,611.3131,81.07729,-257.10403,8832.572,0.0015350698,0.10023451,0.10023451,1e-05,0.0003,-1103.5685,0.010838266277313232,9530.963601827621,1805000,1.0,805000.0,19.956724830298157,2693.268943858899,200.0,1.2496342658996582,93.62291022747293
-1362.2421,0.0031715874,0.02035082,1362.2452,-1362.2452,1.303702,0.18352014,9000.0,90.0,20,900.0,120.80818,2141.4966,1356.4373,569.595,162.96225,-275.9254,8536.874,0.0012241502,0.23925558,0.23925558,1e-05,0.0003,-1026.1038,0.006522959518432617,9563.578404426575,1810000,1.0,810000.0,19.969793127072265,2802.9086874681193,200.0,1.252570390701294,97.35585804161357
-1358.803,0.0034176048,0.019157866,1358.8064,-1358.8064,0.6603928,0.19935945,9000.0,90.0,20,900.0,109.43443,2135.8171,1354.1339,573.13403,209.25584,-198.10532,9087.898,0.0014948606,0.13165554,0.13165554,1e-05,0.0003,-1130.8785,0.0065256683349609376,9596.206751346588,1815000,1.0,815000.0,19.96365734970599,2744.630728126718,200.0,1.2388074398040771,95.37164525732021
-1358.7373,0.004406191,0.0314125,1358.7417,-1358.7417,1.1750525,0.18509763,9000.0,90.0,20,900.0,110.61237,2135.8542,1351.9045,656.88556,109.345665,-105.74607,8564.596,0.0014962429,0.21749945,0.21749945,1e-05,0.0003,-1052.3754,0.006545033788681031,9628.931925535202,1820000,1.0,820000.0,19.965830186084503,2920.4671302716674,200.0,1.2457332611083984,101.35841694636073
-1355.7104,0.0038960222,0.03666307,1355.7144,-1355.7144,0.7534865,0.1910143,9000.0,90.0,20,900.0,88.37259,2130.4314,1347.9904,680.3255,97.59238,-101.01207,7503.142,0.0029416645,0.14392671,0.14392671,1e-05,0.0003,-1137.8038,0.006466364526748657,9661.263753414154,1825000,1.0,825000.0,19.955872216068535,2712.9031530865,200.0,1.2431690692901611,94.29140393245447
-1384.0803,0.003440165,0.023340601,1384.0837,-1384.0837,0.61154765,0.18633568,9000.0,90.0,20,900.0,115.23912,2148.9692,1378.58,577.4707,139.88756,-90.63923,8810.621,0.0013669764,0.11395314,0.11395314,1e-05,0.0003,-1166.2833,0.006516027688980103,9693.843898057938,1830000,1.0,830000.0,19.959566484115314,2873.6576342786934,200.0,1.2847142219543457,99.76467548002898
-1368.8694,0.004355527,0.044666953,1368.8738,-1368.8738,0.7578968,0.1844329,9000.0,90.0,20,900.0,96.20596,2148.684,1360.0671,644.1979,150.19054,-105.5984,7636.1626,0.0030778996,0.1397811,0.1397811,1e-05,0.0003,-1146.8605,0.006492663431167603,9726.307220220566,1835000,1.0,835000.0,19.962067667668144,2624.9335239377824,200.0,1.2467982769012451,91.29626709583518
-1331.9105,0.0033066797,0.027121067,1331.9138,-1331.9138,0.45751378,0.18562022,9000.0,90.0,20,900.0,195.92796,2147.4243,1324.8013,633.041,196.99896,-259.79468,11003.557,0.0021723364,0.084923804,0.084923804,1e-05,0.0003,-1059.5511,0.006536248588562011,9758.988468885422,1840000,0.0,840000.0,1.9437652655936397,984.6734691112579,200.0,1.2519426345825195,35.449682775913885
-1341.5074,0.0042587803,0.039592754,1341.5117,-1341.5117,1.0667775,0.18472192,9000.0,90.0,20,900.0,125.21742,2132.9224,1333.5059,623.6696,99.15788,-240.42178,9184.217,0.0015195734,0.19705717,0.19705717,1e-05,0.0003,-1038.9386,0.006409909248352051,9791.038019895554,1845000,1.0,845000.0,19.96521241994237,2464.3070052953112,200.0,1.197859764099121,85.8273523399181
-1376.3806,0.0030197804,0.01706667,1376.3837,-1376.3837,1.5688539,0.18021081,9000.0,90.0,20,900.0,44.8035,2142.9763,1371.6118,658.6717,173.32693,-108.84695,6288.3936,0.0015082239,0.28272444,0.28272444,1e-05,0.0003,-1077.1251,0.006341181039810181,9822.743929862976,1850000,1.0,850000.0,19.952782943269213,2469.5599207196888,200.0,1.280271291732788,86.00620043373694
-1361.8264,0.004175485,0.032351654,1361.8306,-1361.8306,0.93702877,0.17956877,9000.0,90.0,20,900.0,56.62455,2154.6658,1354.4648,529.50354,77.40098,-81.4541,7413.8047,0.0023215325,0.1682611,0.1682611,1e-05,0.0003,-1153.767,0.006594610214233398,9855.716986179352,1855000,1.0,855000.0,19.95700551293036,2541.7126630210764,200.0,1.2618532180786133,88.46281345372185
-1379.0007,0.0033993907,0.032491248,1379.0042,-1379.0042,1.0131314,0.18867968,9000.0,90.0,20,900.0,63.430153,2149.755,1371.2717,651.9183,149.97778,-77.86291,6396.033,0.0024469506,0.19115731,0.19115731,1e-05,0.0003,-1143.5289,0.006581697654724121,9888.6254799366,1860000,1.0,860000.0,19.95286101545624,2462.9183890435042,200.0,1.6202049255371094,85.7800735719164
-1405.1106,0.0039829016,0.033549674,1405.1146,-1405.1146,0.91579336,0.19441836,9000.0,90.0,20,900.0,105.3687,2166.0781,1397.986,643.19226,173.213,-153.22975,8428.557,0.0016852352,0.17804703,0.17804703,1e-05,0.0003,-1139.4996,0.0065713027000427245,9921.481998682022,1865000,1.0,865000.0,19.95941296792715,2840.657869587929,200.0,1.2437636852264404,98.6411194098086
-1354.0221,0.0039414894,0.026815569,1354.026,-1354.026,1.2187778,0.1932846,9000.0,90.0,20,900.0,139.6884,2152.8474,1347.5662,608.7173,122.05614,-193.57495,9119.009,0.0019079099,0.23557098,0.23557098,1e-05,0.0003,-1002.3198,0.006574843120574951,9954.356219530106,1870000,1.0,870000.0,19.95837438797656,2805.2815712718016,200.0,1.2897131443023682,97.4366485571381
-1368.5247,0.0034068828,0.036079604,1368.5281,-1368.5281,1.2365825,0.19753927,9000.0,90.0,20,900.0,59.59339,2155.633,1360.5806,549.4204,102.60048,-151.11572,6547.5273,0.0013686292,0.2442736,0.2442736,1e-05,0.0003,-1089.0851,0.006644766139984131,9987.580055236816,1875000,1.0,875000.0,19.960194886631754,2451.2300807546862,200.0,1.2721853256225586,85.38211710611822
-1394.3602,0.0031443003,0.023244811,1394.3634,-1394.3634,0.7872331,0.1971315,9000.0,90.0,20,900.0,99.93581,2169.7014,1388.4443,698.4257,128.45831,-118.55097,8451.662,0.002508004,0.15518846,0.15518846,1e-05,0.0003,-1154.7549,0.006615582323074341,10020.657972097397,1880000,0.0,880000.0,9.943775428878471,1670.9428607503232,200.0,1.6396803855895996,58.81536880452691
-1376.4924,0.0036931592,0.024600323,1376.4961,-1376.4961,0.8819129,0.19081469,9000.0,90.0,20,900.0,69.63252,2163.502,1369.999,759.23047,85.88425,-153.22928,7295.706,0.0013356314,0.16828193,0.16828193,1e-05,0.0003,-1155.4061,0.006396279048919678,10052.639373064041,1885000,1.0,885000.0,19.96358669717064,2818.369307631225,200.0,1.204946517944336,97.88225190521862
-1374.1523,0.0032164962,0.026966741,1374.1555,-1374.1555,0.7833356,0.195029,9000.0,90.0,20,900.0,82.42479,2163.4988,1366.9541,567.61005,138.11221,-147.12062,8161.992,0.0013514219,0.15277317,0.15277317,1e-05,0.0003,-1154.2317,0.006591446685791016,10085.596612215042,1890000,1.0,890000.0,19.961458976368654,2929.6144486614735,200.0,1.265047311782837,101.66985932176598
-1405.9861,0.0036147651,0.022404883,1405.9897,-1405.9897,1.2719433,0.18772158,9000.0,90.0,20,900.0,86.79682,2181.4885,1400.1123,586.55774,116.850266,-270.659,9343.912,0.0018149265,0.23877123,0.23877123,1e-05,0.0003,-1104.2952,0.006571272325515747,10118.45297908783,1895000,1.0,895000.0,19.975890687858726,2980.9792169213392,200.0,1.2455711364746094,103.41869594877338
-1409.5717,0.0037666005,0.035699394,1409.5754,-1409.5754,1.3331171,0.19033916,9000.0,90.0,20,900.0,99.90451,2164.6816,1402.2091,685.30414,205.20587,-187.52124,9397.101,0.0013625169,0.2537444,0.2537444,1e-05,0.0003,-1081.2971,0.006544601392745972,10151.175991535187,1900000,1.0,900000.0,19.961907194702803,2777.4336141408253,200.0,1.646252155303955,96.48849812118962
-1396.7095,0.003377438,0.030385002,1396.7129,-1396.7129,0.715463,0.18826173,9000.0,90.0,20,900.0,121.15932,2154.614,1389.0851,556.03644,189.49788,-146.72105,9656.352,0.0020927226,0.13469431,0.13469431,1e-05,0.0003,-1154.3253,0.01102095971107483,10206.28079533577,1905000,1.0,905000.0,19.95102655012291,2831.347313569444,200.0,1.2973849773406982,98.32411921814895
-1355.8562,0.0041470593,0.029378116,1355.8604,-1355.8604,0.9125603,0.19094841,9000.0,90.0,20,900.0,126.244865,2165.7434,1348.6162,569.80115,178.87836,-157.04584,8971.918,0.0022403626,0.17425193,0.17425193,1e-05,0.0003,-1072.7845,0.006576380109786987,10239.162701368332,1910000,1.0,910000.0,19.982454360286972,2512.7138240538306,200.0,1.2640376091003418,87.47547848766037
-1384.4714,0.004064685,0.035174415,1384.4755,-1384.4755,0.74112004,0.18542881,9000.0,90.0,20,900.0,146.3584,2184.7454,1376.3708,601.7577,182.59889,-154.59306,11120.447,0.0021362484,0.137425,0.137425,1e-05,0.0003,-1114.4305,0.006533913040161133,10271.832271814346,1915000,0.0,915000.0,-0.2584120573160974,-50.45074121143813,200.0,1.264052391052246,0.20639844226458848
-1402.9039,0.0030869085,0.021834102,1402.907,-1402.907,1.3670247,0.186439,9000.0,90.0,20,900.0,86.5634,2184.5308,1397.5879,573.08417,113.934296,-83.32659,6996.2554,0.0019162543,0.25486672,0.25486672,1e-05,0.0003,-1086.9606,0.0065319345474243165,10304.491950273514,1920000,1.0,920000.0,19.968385676506088,2485.527807559888,200.0,1.6428766250610352,86.54986540698805
-1400.1722,0.0028463423,0.02313186,1400.175,-1400.175,1.1205487,0.19947754,9000.0,90.0,20,900.0,99.273865,2179.5767,1394.3763,616.4535,79.022675,-82.36805,7878.06,0.0018697244,0.2235243,0.2235243,1e-05,0.0003,-1099.7266,0.006588268852233886,10337.433299303055,1925000,1.0,925000.0,19.958299333240955,2873.62769991004,200.0,1.3230206966400146,99.76365629271282
-1355.5496,0.003877495,0.026859095,1355.5535,-1355.5535,1.0182105,0.19875348,9000.0,90.0,20,900.0,85.67952,2139.2852,1349.1777,698.91693,219.80255,-139.3727,8205.123,0.0018820182,0.2023729,0.2023729,1e-05,0.0003,-1087.7344,0.006651793384552002,10370.692271232605,1930000,1.0,930000.0,19.959391231408112,2905.0506379793787,200.0,1.2662360668182373,100.83352552186659
-1341.8578,0.0029799491,0.025268653,1341.8607,-1341.8607,0.9611018,0.20907994,9000.0,90.0,20,900.0,106.32767,2168.2092,1335.3899,591.5341,108.54028,-136.71785,8886.4375,0.0020440868,0.20094709,0.20094709,1e-05,0.0003,-1054.6777,0.006711694478988647,10404.250748872757,1935000,0.0,935000.0,9.946178875629089,1984.4846326169775,200.0,1.298612117767334,69.49064980575848
-1409.0115,0.0037731442,0.02047853,1409.0153,-1409.0153,0.99180543,0.20593695,9000.0,90.0,20,900.0,492.5828,2187.8733,1403.8586,681.4846,310.04147,-223.44016,11698.818,0.0019871946,0.2042494,0.2042494,1e-05,0.0003,-732.60425,0.00664215259552002,10437.461516857147,1940000,0.0,940000.0,9.971165341587518,1450.6219658279774,200.0,1.3240985870361328,51.314015955315085
-1386.0055,0.0037036329,0.030106848,1386.0092,-1386.0092,0.9385778,0.20845392,9000.0,90.0,20,900.0,154.50778,2191.0754,1378.7954,552.0852,196.67308,-114.81938,8958.112,0.0023441813,0.19565022,0.19565022,1e-05,0.0003,-1055.4125,0.006658525800704956,10470.754151582718,1945000,1.0,945000.0,19.953512915892453,2927.5433277979146,200.0,1.2755403518676758,101.59934304868892
-1382.381,0.004465701,0.032285016,1382.3855,-1382.3855,0.63620865,0.21749623,9000.0,90.0,20,900.0,68.94979,2173.5142,1375.0847,547.8265,116.085945,-145.8349,7526.7686,0.0018037495,0.13837299,0.13837299,1e-05,0.0003,-1188.8955,0.006559698629379273,10503.552650213242,1950000,1.0,950000.0,19.95159953725649,2952.3381980182353,200.0,1.245995283126831,102.4435438242831
-1437.0525,0.0033188583,0.024746867,1437.0558,-1437.0558,0.94696385,0.21563883,9000.0,90.0,20,900.0,96.945946,2184.133,1430.8921,793.3664,126.38625,-148.17352,7782.6035,0.0017103258,0.20420219,0.20420219,1e-05,0.0003,-1156.3246,0.0064360557079315185,10535.732933998108,1955000,1.0,955000.0,19.955913004073658,2901.765448997641,200.0,1.190974473953247,100.72167339028806
-1381.1152,0.0041698264,0.034390047,1381.1194,-1381.1194,0.8348456,0.22149096,9000.0,90.0,20,900.0,72.20677,2197.1262,1372.3737,713.60333,115.18118,-122.91119,7516.1577,0.001629856,0.18491076,0.18491076,1e-05,0.0003,-1142.4888,0.006280004835128784,10567.13296341896,1960000,1.0,960000.0,19.959870113634857,2869.3371121119467,200.0,1.2837648391723633,99.6175729490728
-1366.8063,0.0035931757,0.021859072,1366.8098,-1366.8098,0.9581397,0.22036548,9000.0,90.0,20,900.0,142.00854,2179.9192,1362.5435,592.1116,249.4031,-189.75322,11184.749,0.0017130348,0.21114093,0.21114093,1e-05,0.0003,-1034.7709,0.006349355888366699,10598.879748344421,1965000,1.0,965000.0,19.94981906810331,2921.2265272454015,200.0,1.231968879699707,101.38427243616623
-1425.1947,0.0023136113,0.013810794,1425.197,-1425.197,0.55664563,0.222289,9000.0,90.0,20,900.0,90.10964,2189.761,1421.2983,636.681,119.47,-240.1544,6817.0615,0.0012748367,0.1237362,0.1237362,1e-05,0.0003,-1223.7225,0.00635628399848938,10630.661173582077,1970000,1.0,970000.0,19.958308738017415,2826.3148977108526,200.0,1.2133097648620605,98.15277856045707
-1377.0662,0.0036951245,0.03707217,1377.0698,-1377.0698,1.0830995,0.21193278,9000.0,90.0,20,900.0,76.43759,2179.0535,1369.5757,632.0548,98.95022,-176.01872,7878.638,0.0029966498,0.22954428,0.22954428,1e-05,0.0003,-1094.0387,0.006235529136657715,10661.838823795319,1975000,1.0,975000.0,19.96098612497545,2884.3152727825764,200.0,1.1700637340545654,100.12754032308051
-1385.0972,0.003123326,0.029843975,1385.1003,-1385.1003,1.3041428,0.2164725,9000.0,90.0,20,900.0,72.76546,2187.085,1378.25,587.44775,130.04544,-117.7126,8078.7173,0.0018377847,0.28231105,0.28231105,1e-05,0.0003,-1058.2517,0.006050105047225952,10692.08935379982,1980000,1.0,980000.0,19.96255483875875,2913.803064627546,200.0,1.165703296661377,101.13152286160094
-1477.6503,0.003635217,0.022555603,1477.6539,-1477.6539,0.67375463,0.22643855,9000.0,90.0,20,900.0,94.39769,2169.5613,1472.4949,555.0138,132.51064,-158.89195,8717.704,0.0015543905,0.15256402,0.15256402,1e-05,0.0003,-1245.945,0.0061662980079650875,10722.92084813118,1985000,1.0,985000.0,19.96730418552629,2915.278399696735,200.0,1.192213535308838,101.18175417955517
-1413.7701,0.0036871606,0.025652906,1413.7738,-1413.7738,0.8055469,0.21376596,9000.0,90.0,20,900.0,52.761887,2179.4177,1407.0918,710.7338,76.61526,-72.23986,6472.7,0.0021151751,0.1721985,0.1721985,1e-05,0.0003,-1206.0297,0.006134543323516845,10753.593570232391,1990000,1.0,990000.0,19.956607918280362,2803.46936924197,200.0,1.1905765533447266,97.3749477962338
-1401.5276,0.0052885953,0.038089354,1401.5328,-1401.5328,1.07935,0.21939822,9000.0,90.0,20,900.0,91.054474,2188.553,1393.177,632.82056,810.07166,-999.2566,15513.282,0.0019794134,0.23680745,0.23680745,1e-05,0.0003,-1097.3464,0.006147240924835205,10784.32977938652,1995000,1.0,995000.0,19.958849212536546,2605.0741412078764,200.0,1.497102975845337,90.62010681935723
-1384.0311,0.004270467,0.0325742,1384.0354,-1384.0354,1.0641038,0.21114147,9000.0,90.0,20,900.0,120.450325,2167.616,1376.6069,629.87994,213.14717,-110.145584,8909.847,0.0022389882,0.22467645,0.22467645,1e-05,0.0003,-1061.3721,0.006117757320404053,10814.918571472168,2000000,1.0,1000000.0,19.968610444043648,2928.4962923036337,200.0,1.1718573570251465,101.63178900899013
