training/actor/bound_loss,training/actor/q_loss,training/alpha/current_vs_historical_ratio,training/alpha/historical_avg_loss,training/alpha/max_alpha_bound,training/alpha/min_alpha_bound,training/alpha/valid_count,training/alpha_weight,training/critic/critic_loss,training/critic/q_max,training/critic/q_mean,training/critic/q_min,training/grad/max,training/grad/min,training/grad/norm,training/meanflow/consistency_loss,training/meanflow/flow_loss,training/meanflow/mean_flow_loss,training/metrics/actor_learning_rate,training/metrics/critic_learning_rate,training/total_loss,time/epoch_time,time/total_time,step,training/actor/any_oob,training/actor/coordinate_oob,training/actor/jacobian,training/actor/loss,training/actor/max_clip,training/actor/mean_clip,training/actor/q,training/actor/transport,training/control/adjoint_clip_fraction,training/control/adjoint_norm,training/control/applied_adjoint_norm,training/control/eta,training/control/gate,training/control/relative_critic_disagreement,training/teacher/endpoint_variance,training/teacher/q,exploration/goal_achieved,exploration/total.timesteps,exploration/episode.final_reward,exploration/episode.return,exploration/episode.length,exploration/episode.duration,exploration/episode.normalized_return
0.0,0.0,1.0,0.0,90000.0,900.0,0,9000.0,19.623613,3.2689805,-0.1577662,-4.1600533,13023.967,-13474.731,318964.53,0.0,1.0952603,1.0952603,0.0,0.0003,9876.967,0.0017115358352661134,8.557692766189575,0,,,,,,,,,,,,,,,,,,,,,,,
0.014617637,0.0,25597402.0,0.0,90000.0,900.0,2,9000.0,2.2935534,454.98523,41.077187,-9.917514,3810.2373,-4310.815,227382.69,0.0,0.25597402,0.25597402,1e-05,0.0003,2306.0742,0.011767950963973999,67.39756846427917,5000,,,,,,,,,,,,,,,,,,,,,,,
0.006452927,0.0,18656174.0,0.0,90000.0,900.0,4,9000.0,1.813899,820.06683,92.49284,-14.762034,3270.1394,-4196.7617,231070.53,0.0,0.18656173,0.18656173,2e-05,0.0003,1680.8759,0.007387931299209595,104.33736181259155,10000,,,,,,,,,,,,,,,,,,,,,,,
0.010183897,0.0,16247031.0,0.0,90000.0,900.0,7,9000.0,2.0553014,1110.4419,121.31042,-18.584084,6228.843,-8130.69,171764.83,0.0,0.16247031,0.16247031,3e-05,0.0003,1464.2982,0.007661046123504638,142.64273691177368,15000,,,,,,,,,,,,,,,,,,,,,,,
0.009799484,0.0,14799997.0,0.0,90000.0,900.0,9,9000.0,4.1300178,1335.9965,180.45804,-20.283312,4273.1504,-4591.38,119035.266,0.0,0.14799997,0.14799997,4e-05,0.0003,1336.1395,0.007967099380493165,182.47831416130066,20000,,,,,,,,,,,,,,,,,,,,,,,
0.008423474,0.0,1.4720306,0.10080065,90000.0,900.0,12,9000.0,5.0560393,1509.9092,248.29857,-27.370777,5813.853,-4372.656,111605.11,0.0,0.14838164,0.14838164,5e-05,0.0003,1340.4991,0.007482203340530395,219.88946413993835,25000,,,,,,,,,,,,,,,,,,,,,,,
0.008536194,0.0,1.0481352,0.13469897,90000.0,900.0,14,9000.0,14.316593,1641.1239,256.13623,-45.758415,5867.913,-3862.5903,93797.92,0.0,0.14118274,0.14118274,6e-05,0.0003,1284.9697,0.00793418107032776,259.5605032444,30000,,,,,,,,,,,,,,,,,,,,,,,
0.0073750373,0.0,0.7962685,0.15772358,90000.0,900.0,17,9000.0,13.361174,1743.0244,289.9953,-74.697075,7014.4634,-4986.1797,89895.2,0.0,0.12559032,0.12559032,6.9999995e-05,0.0003,1143.6814,0.007622327280044556,297.67227721214294,35000,,,,,,,,,,,,,,,,,,,,,,,
0.008534705,0.0,0.6668307,0.16681658,90000.0,900.0,19,9000.0,20.799427,1823.9225,284.13052,-113.64619,2637.644,-3025.2268,63944.664,0.0,0.11123842,0.11123842,8e-05,0.0003,1021.95374,0.007879437065124511,337.06960701942444,40000,,,,,,,,,,,,,,,,,,,,,,,
0.0056928266,0.0,0.7201361,0.1449097,90000.0,900.0,20,9000.0,26.425209,1889.8097,361.2348,-150.26453,2210.0347,-2984.324,60762.938,0.0,0.10435471,0.10435471,8.9999994e-05,0.0003,965.6233,0.0074868749141693116,374.50410437583923,45000,,,,,,,,,,,,,,,,,,,,,,,
0.005160718,0.0,0.84054744,0.13150845,90000.0,900.0,20,9000.0,21.745827,1943.3693,348.36902,-200.16042,2090.4011,-2487.779,57565.633,0.0,0.11053909,0.11053909,1e-04,0.0003,1016.60284,0.00772065544128418,413.1075267791748,50000,,,,,,,,,,,,,,,,,,,,,,,
0.0068049794,0.0,0.97711253,0.12223963,90000.0,900.0,20,9000.0,19.246035,1987.085,365.18292,-154.2129,3254.5083,-3129.039,81012.41,0.0,0.11944187,0.11944187,9.999385e-05,0.0003,1094.2296,0.007699791383743286,451.60656929016113,55000,,,,,,,,,,,,,,,,,,,,,,,
0.0042427583,0.0,0.78342384,0.11751213,90000.0,900.0,20,9000.0,25.030127,2020.6001,370.8267,-247.97229,1363.3928,-1261.9042,47132.336,0.0,0.0920618,0.0920618,9.99754e-05,0.0003,853.5906,0.007736560201644898,490.28946232795715,60000,,,,,,,,,,,,,,,,,,,,,,,
0.004267038,0.0,0.9369625,0.108784,90000.0,900.0,20,9000.0,17.365498,2047.0747,393.11432,-177.30403,1874.0422,-1871.8268,54485.438,0.0,0.10192652,0.10192652,9.994465e-05,0.0003,934.70844,0.007411410999298096,527.346608877182,65000,,,,,,,,,,,,,,,,,,,,,,,
0.0063521056,0.0,0.9042857,0.10718798,90000.0,900.0,20,9000.0,18.888397,2065.0645,367.28342,-182.0781,1179.8274,-1354.9952,47669.07,0.0,0.09692857,0.09692857,9.990162e-05,0.0003,891.2519,0.0076802256107330324,565.7478737831116,70000,,,,,,,,,,,,,,,,,,,,,,,
0.0043070577,0.0,1.0220475,0.10388782,90000.0,900.0,20,9000.0,106.56132,2080.5737,385.2704,-197.5298,2072.031,-1402.7805,53940.32,0.0,0.10617828,0.10617828,9.984629e-05,0.0003,1062.1702,0.007420538520812988,602.8506960868835,75000,,,,,,,,,,,,,,,,,,,,,,,
0.004684198,0.0,0.758786,0.099755965,90000.0,900.0,20,9000.0,10.164297,2086.703,411.03778,-147.95827,1324.8557,-1217.3159,40177.508,0.0,0.07569343,0.07569343,9.977873e-05,0.0003,691.40985,0.007757446384429932,641.6380703449249,80000,,,,,,,,,,,,,,,,,,,,,,,
0.003086934,0.0,0.9458469,0.0945815,90000.0,900.0,20,9000.0,18.470907,2090.798,380.38678,-121.77479,859.9911,-1015.9093,42607.816,0.0,0.08945962,0.08945962,9.969891e-05,0.0003,823.6106,0.007889547920227051,681.0858943462372,85000,,,,,,,,,,,,,,,,,,,,,,,
0.0042678625,0.0,0.6700129,0.09209525,90000.0,900.0,20,9000.0,27.141127,2092.9897,374.598,-110.59025,2159.1567,-1664.6366,42746.81,0.0,0.06170501,0.06170501,9.9606885e-05,0.0003,582.4905,0.007656075096130371,719.3664033412933,90000,,,,,,,,,,,,,,,,,,,,,,,
0.0031772496,0.0,0.908643,0.0860399,90000.0,900.0,20,9000.0,9.105534,2093.621,393.11093,-110.41634,836.8725,-861.2481,41642.375,0.0,0.07817955,0.07817955,9.950265e-05,0.0003,712.7247,0.007539255809783935,757.0628061294556,95000,,,,,,,,,,,,,,,,,,,,,,,
0.004963834,0.0,1.1514956,0.084188454,90000.0,900.0,20,9000.0,9.988413,2093.3645,391.54474,-27.475298,959.2665,-939.83966,43881.36,0.0,0.096942626,0.096942626,9.938626e-05,0.0003,882.477,0.007733995723724366,795.7329096794128,100000,,,,,,,,,,,,,,,,,,,,,,,
0.0035229083,0.0,1.1197792,0.08300469,90000.0,900.0,20,9000.0,15.399294,2091.069,375.78934,-41.684,1410.3135,-1665.2051,50183.9,0.0,0.09294693,0.09294693,9.9257726e-05,0.0003,851.92523,0.011424731969833374,852.8566887378693,105000,,,,,,,,,,,,,,,,,,,,,,,
0.0034317742,0.0,0.79210347,0.08225583,90000.0,900.0,20,9000.0,11.479349,2088.2515,372.26727,-51.191437,975.1675,-1053.7543,43256.664,0.0,0.06515513,0.06515513,9.91171e-05,0.0003,597.87897,0.007996548461914062,892.8396053314209,110000,,,,,,,,,,,,,,,,,,,,,,,
0.0031721883,0.0,1.0211749,0.07904995,90000.0,900.0,20,9000.0,6.6065016,2086.2136,427.51242,-87.57539,958.8702,-1000.99493,45138.875,0.0,0.08072383,0.08072383,9.896442e-05,0.0003,733.12415,0.007870516061782837,932.1923594474792,115000,,,,,,,,,,,,,,,,,,,,,,,
0.0029834532,0.0,1.058002,0.07794379,90000.0,900.0,20,9000.0,8.246088,2081.1997,431.97842,-40.66981,650.01794,-883.1421,35664.203,0.0,0.08246468,0.08246468,9.8799705e-05,0.0003,750.4312,0.0076881585597991945,970.6333017349243,120000,,,,,,,,,,,,,,,,,,,,,,,
0.0035752244,0.0,1.0557634,0.078094594,90000.0,900.0,20,9000.0,7.266815,2077.65,418.36978,-25.715788,887.08246,-1142.1315,43235.45,0.0,0.08244941,0.08244941,9.8623015e-05,0.0003,749.31506,0.008162858724594116,1011.4477398395538,125000,,,,,,,,,,,,,,,,,,,,,,,
0.0032348942,0.0,0.9473878,0.07880654,90000.0,900.0,20,9000.0,7.8945894,2073.0796,407.25952,-44.018955,843.7959,-757.2155,39640.06,0.0,0.07466036,0.07466036,9.843441e-05,0.0003,679.84106,0.007808904695510864,1050.492399930954,130000,,,,,,,,,,,,,,,,,,,,,,,
0.004178012,0.0,0.8404893,0.07919872,90000.0,900.0,20,9000.0,5.397882,2069.076,395.82733,-12.346372,1071.2898,-844.32794,38271.406,0.0,0.06656568,0.06656568,9.823391e-05,0.0003,604.49316,0.00805934715270996,1090.7893023490906,135000,,,,,,,,,,,,,,,,,,,,,,,
0.00324195,0.0,0.9514942,0.07805957,90000.0,900.0,20,9000.0,5.6913805,2065.7378,376.05634,-62.34459,1408.4734,-1564.1892,47872.977,0.0,0.07427323,0.07427323,9.8021614e-05,0.0003,674.1537,0.008256054115295411,1132.06973528862,140000,,,,,,,,,,,,,,,,,,,,,,,
0.003303255,0.0,0.7867141,0.07670028,90000.0,900.0,20,9000.0,3.8514707,2062.327,390.17438,-56.960445,1485.9287,-1637.7217,41139.508,0.0,0.060341187,0.060341187,9.779754e-05,0.0003,546.9255,0.008043628406524658,1172.288034915924,145000,,,,,,,,,,,,,,,,,,,,,,,
0.0030105584,0.0,0.92675835,0.07448153,90000.0,900.0,20,9000.0,4.9959593,2060.6602,334.9632,-51.118275,777.2848,-1281.7919,39839.293,0.0,0.06902638,0.06902638,9.756177e-05,0.0003,626.2364,0.007883758211135863,1211.706993818283,150000,,,,,,,,,,,,,,,,,,,,,,,
0.0022832225,0.0,0.9940038,0.073381804,90000.0,900.0,20,9000.0,6.557172,2053.5684,370.05426,-37.734047,1015.117,-934.6316,36604.566,0.0,0.07294179,0.07294179,9.7314376e-05,0.0003,663.0355,0.00801980414390564,1251.8061790466309,155000,,,,,,,,,,,,,,,,,,,,,,,
0.00275768,0.0,0.9551045,0.07251897,90000.0,900.0,20,9000.0,4.860408,2054.6978,408.59848,-31.46843,854.06665,-891.4725,34389.914,0.0,0.06926319,0.06926319,9.7055396e-05,0.0003,628.2319,0.007930187129974365,1291.4572837352753,160000,,,,,,,,,,,,,,,,,,,,,,,
0.0032429884,0.0,0.87663376,0.06924196,90000.0,900.0,20,9000.0,5.7308636,2050.2612,364.9897,-45.575264,1104.6223,-611.51044,34775.125,0.0,0.060699843,0.060699843,9.6784934e-05,0.0003,552.0327,0.008124937391281128,1332.0821290016174,165000,,,,,,,,,,,,,,,,,,,,,,,
0.002615984,0.0,0.8466081,0.06838424,90000.0,900.0,20,9000.0,4.4758606,2048.3704,368.57407,-26.726639,1157.7919,-1247.6615,41994.676,0.0,0.05789465,0.05789465,9.6503034e-05,0.0003,525.53033,0.008055776262283326,1372.361183643341,170000,,,,,,,,,,,,,,,,,,,,,,,
0.0036094973,0.0,1.0895225,0.066314176,90000.0,900.0,20,9000.0,4.748348,2051.4382,398.00284,-32.45445,882.92975,-733.17206,39483.15,0.0,0.07225078,0.07225078,9.62098e-05,0.0003,655.00903,0.008007120037078857,1412.3969383239746,175000,,,,,,,,,,,,,,,,,,,,,,,
0.00295578,0.0,1.1378785,0.06457347,90000.0,900.0,20,9000.0,7.157132,2041.1086,357.86768,-25.749798,785.5526,-956.58844,40422.645,0.0,0.07347676,0.07347676,9.59053e-05,0.0003,668.4509,0.007884360933303834,1451.8189089298248,180000,,,,,,,,,,,,,,,,,,,,,,,
0.0025135265,0.0,0.8706105,0.061965264,90000.0,900.0,20,9000.0,4.200844,2050.7346,437.08038,-35.084053,1061.3413,-852.9824,36480.984,0.0,0.05394761,0.05394761,9.558961e-05,0.0003,489.73184,0.00799221339225769,1491.7801322937012,185000,,,,,,,,,,,,,,,,,,,,,,,
0.0032836169,0.0,1.192234,0.061692722,90000.0,900.0,20,9000.0,5.993556,2051.5232,367.2917,-32.46861,1002.42804,-949.7542,44010.74,0.0,0.07355216,0.07355216,9.526282e-05,0.0003,667.9663,0.007851365661621094,1531.037124633789,190000,,,,,,,,,,,,,,,,,,,,,,,
0.00355567,0.0,1.103739,0.060640704,90000.0,900.0,20,9000.0,4.3902206,2041.274,365.6629,-34.566296,831.2328,-1027.5166,43062.37,0.0,0.06693151,0.06693151,9.4925024e-05,0.0003,606.7774,0.008306547784805298,1572.570027589798,195000,,,,,,,,,,,,,,,,,,,,,,,
0.0032183253,0.0,0.8949025,0.05951023,90000.0,900.0,20,9000.0,7.6174603,2048.128,384.16757,-35.09473,1123.8649,-1316.8417,41265.12,0.0,0.053255856,0.053255856,9.457632e-05,0.0003,486.92337,0.0081527991771698,1613.334190607071,200000,,,,,,,,,,,,,,,,,,,,,,,
0.0031548548,0.0,1.0357524,0.058702525,90000.0,900.0,20,9000.0,4.7847347,2048.422,389.9348,-26.076138,990.3993,-989.3014,42568.047,0.0,0.060801283,0.060801283,9.42168e-05,0.0003,551.99945,0.011605274200439454,1671.3607161045074,205000,,,,,,,,,,,,,,,,,,,,,,,
0.0023091394,0.0,0.92271465,0.057278838,90000.0,900.0,20,9000.0,3.682286,2047.2252,376.325,-37.592297,1026.9404,-751.17615,31720.621,0.0,0.05285202,0.05285202,9.384654e-05,0.0003,479.35278,0.007792821168899536,1710.3249869346619,210000,,,,,,,,,,,,,,,,,,,,,,,
0.0024997988,0.0,1.0586284,0.05784733,90000.0,900.0,20,9000.0,3.8054874,2047.1921,351.32672,-33.474876,1069.0048,-1157.9048,44689.28,0.0,0.06123883,0.06123883,9.346567e-05,0.0003,554.95746,0.00796779055595398,1750.1640927791595,215000,,,,,,,,,,,,,,,,,,,,,,,
0.0031208033,0.0,1.0978379,0.057844963,90000.0,900.0,20,9000.0,3.4007185,2046.2034,391.1058,-33.0438,1906.6135,-2282.3833,41878.24,0.0,0.06350439,0.06350439,9.30743e-05,0.0003,574.94336,0.008029157590866089,1790.3100385665894,220000,,,,,,,,,,,,,,,,,,,,,,,
0.00211925,0.0,1.0016314,0.058445938,90000.0,900.0,20,9000.0,6.1551237,2045.2334,375.0935,-31.845207,941.16144,-697.80493,39836.766,0.0,0.058541283,0.058541283,9.267249e-05,0.0003,533.02875,0.007411214399337769,1827.3662388324738,225000,,,,,,,,,,,,,,,,,,,,,,,
0.0029402254,0.0,0.94940937,0.05831793,90000.0,900.0,20,9000.0,3.7755573,2043.9473,317.4427,-35.946255,657.9152,-800.33215,38888.5,0.0,0.05536759,0.05536759,9.2260394e-05,0.0003,502.0868,0.007524118614196777,1864.986977815628,230000,,,,,,,,,,,,,,,,,,,,,,,
0.003487191,0.0,0.9789594,0.05802077,90000.0,900.0,20,9000.0,5.71051,2043.7023,322.84143,-33.67967,652.8026,-666.89813,37889.086,0.0,0.056799978,0.056799978,9.183811e-05,0.0003,516.9138,0.007756313896179199,1903.7686989307404,235000,,,,,,,,,,,,,,,,,,,,,,,
0.0023468873,0.0,0.95942545,0.058116134,90000.0,900.0,20,9000.0,4.746685,2037.7985,334.28668,-30.303059,1026.9132,-866.788,35912.066,0.0,0.055758096,0.055758096,9.1405775e-05,0.0003,506.5719,0.00800520510673523,1943.7948756217957,240000,,,,,,,,,,,,,,,,,,,,,,,
0.0028508229,0.0,0.6858293,0.057769842,90000.0,900.0,20,9000.0,2.592507,2037.4902,330.88107,-24.201626,1353.4076,-1102.5386,36842.664,0.0,0.03962025,0.03962025,9.0963455e-05,0.0003,359.1776,0.007914427852630615,1983.3671638965607,245000,,,,,,,,,,,,,,,,,,,,,,,
0.0031280376,0.0,1.0618211,0.05754314,90000.0,900.0,20,9000.0,2.8580265,2039.2438,353.70273,-29.969334,657.1702,-656.5475,35913.805,0.0,0.06110052,0.06110052,9.051133e-05,0.0003,552.7658,0.007857588529586792,2022.6552453041077,250000,,,,,,,,,,,,,,,,,,,,,,,
0.0030774039,0.0,0.8262537,0.056692827,90000.0,900.0,20,9000.0,3.2016368,2041.0485,384.08328,-29.379856,1903.189,-1303.9604,41396.668,0.0,0.046842657,0.046842657,9.004948e-05,0.0003,424.78864,0.007924878549575807,2062.2797842025757,255000,,,,,,,,,,,,,,,,,,,,,,,
0.0022290023,0.0,1.0990069,0.05601082,90000.0,900.0,20,9000.0,1.8769588,2040.751,343.62457,-27.936996,736.0936,-812.4368,39621.82,0.0,0.061556276,0.061556276,8.9578054e-05,0.0003,555.8857,0.007835099983215332,2101.455426454544,260000,,,,,,,,,,,,,,,,,,,,,,,
0.0026565085,0.0,1.0208764,0.055114686,90000.0,900.0,20,9000.0,2.6423728,2039.3644,349.53687,-29.465553,882.4205,-964.4835,39975.98,0.0,0.056265287,0.056265287,8.909717e-05,0.0003,509.0326,0.007852041959762574,2140.7157804965973,265000,,,,,,,,,,,,,,,,,,,,,,,
0.0019589544,0.0,0.70897484,0.05501556,90000.0,900.0,20,9000.0,3.1714816,2034.0786,337.8548,-27.625002,581.8377,-829.91833,30451.273,0.0,0.039004646,0.039004646,8.860696e-05,0.0003,354.21524,0.007936357164382934,2180.397712469101,270000,,,,,,,,,,,,,,,,,,,,,,,
0.0026889527,0.0,0.8929378,0.053246524,90000.0,900.0,20,9000.0,1.5448959,2033.5381,394.76974,-27.718174,905.91223,-812.9231,35712.203,0.0,0.04754583,0.04754583,8.810758e-05,0.0003,429.46005,0.007676268100738525,2218.779191970825,275000,,,,,,,,,,,,,,,,,,,,,,,
0.0026699242,0.0,0.9485917,0.0527182,90000.0,900.0,20,9000.0,1.8012336,2036.715,379.84073,-28.10634,827.3888,-680.3002,39248.11,0.0,0.050008044,0.050008044,8.759914e-05,0.0003,451.87628,0.007870560073852539,2258.1321234703064,280000,,,,,,,,,,,,,,,,,,,,,,,
0.0030502246,0.0,0.66749895,0.051344823,90000.0,900.0,20,9000.0,2.3765867,2035.6089,330.03918,-27.242586,643.44305,-774.13855,31912.65,0.0,0.034272615,0.034272615,8.708179e-05,0.0003,310.83316,0.00784811658859253,2297.3728427886963,285000,,,,,,,,,,,,,,,,,,,,,,,
0.002478248,0.0,0.84385943,0.05099694,90000.0,900.0,20,9000.0,1.9862368,2032.9792,336.4063,-31.656288,686.2748,-629.7079,33004.52,0.0,0.043034248,0.043034248,8.655565e-05,0.0003,389.29694,0.007686239147186279,2335.8041439056396,290000,,,,,,,,,,,,,,,,,,,,,,,
0.0021214578,0.0,1.0582129,0.04957416,90000.0,900.0,20,9000.0,1.811789,2034.4222,353.3418,-31.197773,614.1456,-603.72064,34021.008,0.0,0.052460015,0.052460015,8.602091e-05,0.0003,473.95404,0.007656922578811645,2374.0888652801514,295000,,,,,,,,,,,,,,,,,,,,,,,
0.0034880699,0.0,0.97769994,0.04952369,90000.0,900.0,20,9000.0,1.5922501,2021.792,307.02234,-29.736464,641.29724,-856.15314,35719.367,0.0,0.048419308,0.048419308,8.547767e-05,0.0003,437.3695,0.007581038522720337,2411.994165658951,300000,,,,,,,,,,,,,,,,,,,,,,,
0.0022511808,0.0,0.9632052,0.04872505,90000.0,900.0,20,9000.0,3.491897,2031.5378,341.08292,-29.327381,744.4895,-665.8577,36270.742,0.0,0.04693222,0.04693222,8.49261e-05,0.0003,425.88412,0.011449483060836792,2469.2417361736298,305000,,,,,,,,,,,,,,,,,,,,,,,
0.0023820375,0.0,0.9392385,0.047744002,90000.0,900.0,20,9000.0,1.5185556,2029.4839,401.92383,-26.79616,993.8849,-871.023,41970.54,0.0,0.044843003,0.044843003,8.436636e-05,0.0003,405.10797,0.008160733938217164,2510.0455844402313,310000,,,,,,,,,,,,,,,,,,,,,,,
0.0028477996,0.0,1.0625614,0.04680444,90000.0,900.0,20,9000.0,2.5524302,2030.2217,330.1255,-28.21831,776.8365,-1026.0563,37252.14,0.0,0.04973259,0.04973259,8.3798586e-05,0.0003,450.14856,0.008165318202972413,2550.8723559379578,315000,,,,,,,,,,,,,,,,,,,,,,,
0.002584127,0.0,0.6971585,0.046945866,90000.0,900.0,20,9000.0,2.4433937,2028.9407,342.90228,-29.497824,553.7305,-447.01685,30479.455,0.0,0.03272871,0.03272871,8.322294e-05,0.0003,297.00436,0.008162657833099366,2591.685816049576,320000,,,,,,,,,,,,,,,,,,,,,,,
0.0020543349,0.0,1.1827368,0.047277104,90000.0,900.0,20,9000.0,2.0283625,2029.652,340.29443,-29.59299,1614.7822,-1702.8345,46233.332,0.0,0.05591637,0.05591637,8.263957e-05,0.0003,505.27774,0.008320504665374756,2633.288515329361,325000,,,,,,,,,,,,,,,,,,,,,,,
0.0030318568,0.0,1.0797338,0.0471719,90000.0,900.0,20,9000.0,2.1921873,2021.6469,344.0511,-27.698921,841.3659,-941.32666,37999.914,0.0,0.050933093,0.050933093,8.2048646e-05,0.0003,460.59305,0.008307593154907226,2674.8266570568085,330000,,,,,,,,,,,,,,,,,,,,,,,
0.0027980304,0.0,0.78281206,0.0474313,90000.0,900.0,20,9000.0,2.4421854,2017.5789,272.15433,-27.798431,811.39746,-709.4523,35401.05,0.0,0.037129793,0.037129793,8.1450344e-05,0.0003,336.61313,0.00770461630821228,2713.3499143123627,335000,,,,,,,,,,,,,,,,,,,,,,,
0.0025267587,0.0,0.9298833,0.046592094,90000.0,900.0,20,9000.0,2.0695217,2020.988,326.80548,-29.809906,1618.492,-1524.0863,44353.48,0.0,0.043325208,0.043325208,8.0844795e-05,0.0003,391.99893,0.007750647449493408,2752.103324651718,340000,,,,,,,,,,,,,,,,,,,,,,,
0.0029804425,0.0,1.0584946,0.04630857,90000.0,900.0,20,9000.0,1.4601581,2026.4554,353.93518,-27.905146,1090.7943,-992.3871,42387.203,0.0,0.04901737,0.04901737,8.0232174e-05,0.0003,442.61948,0.00824809799194336,2793.3439843654633,345000,,,,,,,,,,,,,,,,,,,,,,,
0.0019195589,0.0,0.96631277,0.046130292,90000.0,900.0,20,9000.0,0.8826907,2027.1399,422.0283,-28.407772,1124.9224,-1519.0725,39300.33,0.0,0.04457629,0.04457629,7.961267e-05,0.0003,402.07123,0.008312369346618652,2834.905990123749,350000,,,,,,,,,,,,,,,,,,,,,,,
0.002219466,0.0,1.1998683,0.04546097,90000.0,900.0,20,9000.0,1.5207065,2026.9136,379.9203,-28.026842,699.361,-707.08636,42001.58,0.0,0.05454718,0.05454718,7.898643e-05,0.0003,492.44754,0.008007576847076417,2874.9440400600433,355000,,,,,,,,,,,,,,,,,,,,,,,
0.0026521983,0.0,0.87658507,0.04400146,90000.0,900.0,20,9000.0,0.99202645,2026.7094,380.78497,-26.737694,633.2781,-984.7617,32912.33,0.0,0.038571022,0.038571022,7.835362e-05,0.0003,348.13388,0.008098438262939453,2915.4363923072815,360000,,,,,,,,,,,,,,,,,,,,,,,
0.0026742772,0.0,0.7908478,0.042251643,90000.0,900.0,20,9000.0,1.2901266,2021.3506,334.8642,-27.703249,1017.53644,-954.269,37995.543,0.0,0.033414617,0.033414617,7.7714445e-05,0.0003,302.02435,0.00788062744140625,2954.8396797180176,365000,,,,,,,,,,,,,,,,,,,,,,,
0.0016676926,0.0,0.89597,0.041550178,90000.0,900.0,20,9000.0,1.0244689,2021.4917,367.97955,-29.183762,1040.8901,-1051.2596,36030.11,0.0,0.037227713,0.037227713,7.706907e-05,0.0003,336.07553,0.007957093763351441,2994.6253232955933,370000,,,,,,,,,,,,,,,,,,,,,,,
0.0023927763,0.0,0.8103774,0.03997528,90000.0,900.0,20,9000.0,1.474882,2021.0287,300.27545,-29.247469,599.8193,-646.3531,33869.42,0.0,0.032395065,0.032395065,7.641764e-05,0.0003,293.03284,0.007900695610046386,3034.1289558410645,375000,,,,,,,,,,,,,,,,,,,,,,,
0.0017994063,0.0,1.1636897,0.039126847,90000.0,900.0,20,9000.0,1.2212441,2026.1084,357.9029,-27.1251,855.5418,-751.2171,42116.68,0.0,0.04553151,0.04553151,7.5760356e-05,0.0003,411.00665,0.008161263942718506,3074.9354226589203,380000,,,,,,,,,,,,,,,,,,,,,,,
0.002744798,0.0,1.2530794,0.039083615,90000.0,900.0,20,9000.0,1.0286081,2025.7625,360.33066,-27.354042,834.5355,-850.9034,41121.06,0.0,0.04897487,0.04897487,7.50974e-05,0.0003,441.80518,0.007906677865982056,3114.468947649002,385000,,,,,,,,,,,,,,,,,,,,,,,
0.0017145782,0.0,0.9678872,0.03743697,90000.0,900.0,20,9000.0,1.3545821,2023.9854,328.31744,-26.187576,1168.5996,-2026.2476,39123.695,0.0,0.036234763,0.036234763,7.442894e-05,0.0003,327.46915,0.008008485126495362,3154.5115156173706,390000,,,,,,,,,,,,,,,,,,,,,,,
0.0024443562,0.0,1.1957228,0.037270326,90000.0,900.0,20,9000.0,1.1167727,2023.9797,341.6582,-27.71845,1018.6859,-736.0212,39429.363,0.0,0.044564977,0.044564977,7.375519e-05,0.0003,402.20404,0.007858122110366822,3193.8022582530975,395000,,,,,,,,,,,,,,,,,,,,,,,
0.002393621,0.0,0.8794107,0.036862414,90000.0,900.0,20,9000.0,0.79974,2022.548,369.47482,-26.507704,635.4823,-677.3374,32175.025,0.0,0.0324172,0.0324172,7.30763e-05,0.0003,292.55692,0.00805288166999817,3234.0668065547943,400000,,,,,,,,,,,,,,,,,,,,,,,
0.0019219711,0.0,1.1428179,0.037128042,90000.0,900.0,20,9000.0,0.845582,2022.2294,357.27893,-28.194685,932.4399,-650.9616,37849.234,0.0,0.042430587,0.042430587,7.239246e-05,0.0003,382.72278,0.01151097993850708,3291.6218786239624,405000,,,,,,,,,,,,,,,,,,,,,,,
0.0019062983,0.0,0.8773184,0.03709276,90000.0,900.0,20,9000.0,1.1227089,2021.7183,347.02338,-27.747984,726.8816,-857.1549,35687.89,0.0,0.03254216,0.03254216,7.170388e-05,0.0003,294.00406,0.008451139068603515,3333.877722263336,410000,,,,,,,,,,,,,,,,,,,,,,,
0.0020282776,0.0,1.1064875,0.037317466,90000.0,900.0,20,9000.0,0.9248886,2013.8727,298.76727,-26.97677,979.8772,-1063.6138,46744.703,0.0,0.04129131,0.04129131,7.101073e-05,0.0003,372.5487,0.007772528409957886,3372.7405109405518,415000,,,,,,,,,,,,,,,,,,,,,,,
0.0020770086,0.0,1.1024652,0.03767712,90000.0,900.0,20,9000.0,1.036219,2021.568,305.31445,-26.870834,1358.7184,-1010.3333,42842.195,0.0,0.04153771,0.04153771,7.0313195e-05,0.0003,374.8777,0.008150000095367432,3413.4906463623047,420000,,,,,,,,,,,,,,,,,,,,,,,
0.0019181374,0.0,1.1504195,0.037412155,90000.0,900.0,20,9000.0,0.7146566,2021.0255,387.4557,-27.278282,967.8522,-646.7147,35279.344,0.0,0.043039672,0.043039672,6.961148e-05,0.0003,388.07364,0.008105201435089112,3454.01678442955,425000,,,,,,,,,,,,,,,,,,,,,,,
0.0022387807,0.0,0.7201458,0.03884099,90000.0,900.0,20,9000.0,1.1096096,2020.4921,285.16724,-26.440866,762.1894,-614.4358,30433.98,0.0,0.027971176,0.027971176,6.890576e-05,0.0003,252.85243,0.0080486478805542,3494.26016831398,430000,,,,,,,,,,,,,,,,,,,,,,,
0.0014631334,0.0,1.1015056,0.038384784,90000.0,900.0,20,9000.0,0.95574576,2019.728,331.93726,-26.22218,1214.4202,-914.46045,43308.094,0.0,0.042281054,0.042281054,6.8196256e-05,0.0003,381.4867,0.00809981026649475,3534.759360074997,435000,,,,,,,,,,,,,,,,,,,,,,,
0.0020602911,0.0,0.76749957,0.038831916,90000.0,900.0,20,9000.0,1.1301336,2019.7303,399.71957,-26.550282,592.3266,-704.31586,33770.598,0.0,0.02980348,0.02980348,6.748313e-05,0.0003,269.36353,0.00822822504043579,3575.90061378479,440000,,,,,,,,,,,,,,,,,,,,,,,
0.0017053151,0.0,0.9992627,0.037881486,90000.0,900.0,20,9000.0,0.7793712,2018.9694,306.28973,-27.315664,964.60175,-933.6097,42078.312,0.0,0.037853558,0.037853558,6.67666e-05,0.0003,341.46307,0.0076293617725372315,3614.047529697418,445000,,,,,,,,,,,,,,,,,,,,,,,
0.0025248677,0.0,0.8885218,0.037022095,90000.0,900.0,20,9000.0,0.9243667,2018.2313,371.415,-27.099226,1232.7052,-1068.6903,40212.133,0.0,0.03289494,0.03289494,6.604685e-05,0.0003,296.98132,0.007413444805145264,3651.114845752716,450000,,,,,,,,,,,,,,,,,,,,,,,
0.0023413252,0.0,1.1943424,0.0368232,90000.0,900.0,20,9000.0,0.9178619,2018.5632,340.8369,-27.69503,883.61066,-659.0571,37020.355,0.0,0.043979507,0.043979507,6.5324086e-05,0.0003,396.73575,0.007515289974212647,3688.6914114952087,455000,,,,,,,,,,,,,,,,,,,,,,,
0.0019902245,0.0,1.3713689,0.0367946,90000.0,900.0,20,9000.0,1.3074925,1998.9674,358.45154,-26.599916,887.3915,-947.6771,44745.562,0.0,0.05045897,0.05045897,6.4598484e-05,0.0003,455.44022,0.007933340406417846,3728.358227968216,460000,,,,,,,,,,,,,,,,,,,,,,,
0.0021934337,0.0,0.77167106,0.035978533,90000.0,900.0,20,9000.0,0.82226545,2017.6248,309.37665,-26.249407,756.51764,-713.96533,37414.234,0.0,0.027763592,0.027763592,6.387027e-05,0.0003,250.6968,0.007856514978408814,3767.6409056186676,465000,,,,,,,,,,,,,,,,,,,,,,,
0.0023661954,0.0,0.9723192,0.03496295,90000.0,900.0,20,9000.0,0.75728136,2017.346,310.59375,-37.218075,658.7079,-670.42126,37939.426,0.0,0.033995144,0.033995144,6.3139625e-05,0.0003,306.71594,0.007896552848815918,3807.1237967014313,470000,,,,,,,,,,,,,,,,,,,,,,,
0.0019510246,0.0,1.0206805,0.0346996,90000.0,900.0,20,9000.0,0.61799705,2017.3794,340.73376,-26.96922,678.07886,-906.2012,35218.23,0.0,0.035417207,0.035417207,6.2406754e-05,0.0003,319.3748,0.00785349612236023,3846.3913638591766,475000,,,,,,,,,,,,,,,,,,,,,,,
0.001740898,0.0,0.84142065,0.03500446,90000.0,900.0,20,9000.0,0.79642516,2017.5656,302.2663,-28.075827,607.4591,-765.36475,33575.97,0.0,0.029453475,0.029453475,6.167186e-05,0.0003,265.87943,0.007729102802276611,3885.0369775295258,480000,,,,,,,,,,,,,,,,,,,,,,,
0.0016172753,0.0,0.85000366,0.034773976,90000.0,900.0,20,9000.0,1.355541,2016.4718,343.93423,-27.617662,891.2096,-851.5173,43306.16,0.0,0.029558007,0.029558007,6.093515e-05,0.0003,267.3792,0.007855502796173097,3924.3145847320557,485000,,,,,,,,,,,,,,,,,,,,,,,
0.0013632956,0.0,0.7691947,0.03637239,90000.0,900.0,20,9000.0,0.728284,2017.176,347.07532,-26.952456,676.4095,-708.8646,40159.367,0.0,0.02797745,0.02797745,6.0196806e-05,0.0003,252.52669,0.007726600456237793,3962.9476804733276,490000,,,,,,,,,,,,,,,,,,,,,,,
0.0016709466,0.0,0.8748884,0.035828296,90000.0,900.0,20,9000.0,0.83546776,2017.2834,325.4854,-27.018028,703.07837,-810.8761,40304.625,0.0,0.031345762,0.031345762,5.945705e-05,0.0003,282.94897,0.007846682500839234,4002.1811900138855,495000,,,,,,,,,,,,,,,,,,,,,,,
0.0022977386,0.0,0.8600315,0.035529386,90000.0,900.0,20,9000.0,0.9138559,2017.1438,314.8622,-27.634087,1816.2152,-1844.9292,41262.984,0.0,0.03055639,0.03055639,5.8716072e-05,0.0003,275.92368,0.007796584463119507,4041.164203643799,500000,,,,,,,,,,,,,,,,,,,,,,,
0.0018323403,0.0,0.91715676,0.034399997,90000.0,900.0,20,9000.0,0.8129526,2017.1056,300.7644,-27.172846,673.81934,-699.05444,38905.86,0.0,0.03155019,0.03155019,5.7974077e-05,0.0003,284.7665,0.011480885028839111,4098.56879234314,505000,,,,,,,,,,,,,,,,,,,,,,,
0.0023281537,0.0,0.91512483,0.034662344,90000.0,900.0,20,9000.0,0.87009346,2017.5288,318.4001,-26.83154,802.70105,-779.28925,42327.21,0.0,0.03172037,0.03172037,5.7231267e-05,0.0003,286.35577,0.008136590194702148,4139.25189781189,510000,,,,,,,,,,,,,,,,,,,,,,,
0.002047442,0.0,0.74632806,0.034984704,90000.0,900.0,20,9000.0,1.2648208,1823.0828,278.6539,-28.182144,959.82837,-830.628,43232.48,0.0,0.026110066,0.026110066,5.6487854e-05,0.0003,236.25746,0.00802967038154602,4179.400398492813,515000,,,,,,,,,,,,,,,,,,,,,,,
0.0020615566,0.0,0.9980956,0.033552267,90000.0,900.0,20,9000.0,1.1662387,2018.1338,358.47183,-28.283936,747.59265,-814.3921,38952.25,0.0,0.03348837,0.03348837,5.574403e-05,0.0003,302.56363,0.008043781900405883,4219.61944937706,520000,,,,,,,,,,,,,,,,,,,,,,,
0.0022745137,0.0,1.0480537,0.03406379,90000.0,900.0,20,9000.0,0.78887606,2017.7117,295.49756,-28.115963,1371.8539,-1276.6812,43289.562,0.0,0.035700683,0.035700683,5.5000004e-05,0.0003,322.0973,0.008133412027359009,4260.286652088165,525000,,,,,,,,,,,,,,,,,,,,,,,
0.0020499784,0.0,0.806473,0.03301034,90000.0,900.0,20,9000.0,1.3651434,2017.629,336.7127,-28.50862,736.32715,-1030.787,39948.473,0.0,0.026621949,0.026621949,5.4255972e-05,0.0003,240.96472,0.00820697054862976,4301.321656942368,530000,,,,,,,,,,,,,,,,,,,,,,,
0.0015500077,0.0,0.85716784,0.032963596,90000.0,900.0,20,9000.0,0.9739412,2017.6156,309.0531,-28.108742,1071.5249,-790.1363,34320.9,0.0,0.028255334,0.028255334,5.3512147e-05,0.0003,255.2735,0.008068263149261474,4341.663139104843,535000,,,,,,,,,,,,,,,,,,,,,,,
0.0017407933,0.0,1.0736749,0.03247103,90000.0,900.0,20,9000.0,0.7720008,2017.6467,310.60962,-27.17029,608.78375,-477.8439,38197.742,0.0,0.03486333,0.03486333,5.276873e-05,0.0003,314.54373,0.008197824859619141,4382.652436494827,540000,,,,,,,,,,,,,,,,,,,,,,,
0.001498789,0.0,0.7020537,0.032387514,90000.0,900.0,20,9000.0,0.5892887,2016.7042,301.23557,-28.358437,626.11346,-672.2776,33913.395,0.0,0.022737775,0.022737775,5.2025924e-05,0.0003,205.23076,0.00799608678817749,4422.63303899765,545000,,,,,,,,,,,,,,,,,,,,,,,
0.0017013402,0.0,1.2071512,0.031093592,90000.0,900.0,20,9000.0,0.67095906,2016.9368,294.81653,-29.907215,805.71716,-843.91174,39899.305,0.0,0.037534665,0.037534665,5.1283936e-05,0.0003,338.48465,0.008024421072006226,4462.755311012268,550000,,,,,,,,,,,,,,,,,,,,,,,
0.001893012,0.0,1.077289,0.03100127,90000.0,900.0,20,9000.0,0.49721262,2016.4641,314.73798,-28.297272,1056.4386,-827.2698,41129.14,0.0,0.033397328,0.033397328,5.0542945e-05,0.0003,301.07507,0.007528966283798217,4500.400284767151,555000,,,,,,,,,,,,,,,,,,,,,,,
0.0019570743,0.0,0.87100005,0.030992523,90000.0,900.0,20,9000.0,0.591606,2016.1667,374.42426,-28.208868,524.0753,-545.79034,37568.844,0.0,0.02699449,0.02699449,4.9803188e-05,0.0003,243.54398,0.007416757106781005,4537.484217166901,560000,,,,,,,,,,,,,,,,,,,,,,,
0.0016371417,0.0,0.63991225,0.030587573,90000.0,900.0,20,9000.0,0.8852515,2015.9233,345.53867,-33.792053,719.1275,-789.6664,32769.86,0.0,0.019573363,0.019573363,4.9064853e-05,0.0003,177.04715,0.007548908853530884,4575.228876113892,565000,,,,,,,,,,,,,,,,,,,,,,,
0.0022254488,0.0,1.0061874,0.030264104,90000.0,900.0,20,9000.0,0.887135,2015.9991,302.6069,-29.335663,688.0123,-668.5656,35529.055,0.0,0.03045136,0.03045136,4.8328133e-05,0.0003,274.9516,0.007923756170272828,4614.84780049324,570000,,,,,,,,,,,,,,,,,,,,,,,
0.0020329305,0.0,0.9660688,0.030207489,90000.0,900.0,20,9000.0,0.9485289,2016.2557,334.5792,-28.249699,1140.6343,-880.2453,43429.105,0.0,0.029182512,0.029182512,4.7593247e-05,0.0003,263.59317,0.00780839581489563,4653.889901399612,575000,,,,,,,,,,,,,,,,,,,,,,,
0.0016744277,0.0,0.76931685,0.029695928,90000.0,900.0,20,9000.0,0.59922206,2016.7432,384.08154,-28.729765,705.1466,-496.24332,27014.688,0.0,0.022845577,0.022845577,4.686038e-05,0.0003,206.21109,0.008070938730239868,4694.244752883911,580000,,,,,,,,,,,,,,,,,,,,,,,
0.0015465578,0.0,1.0233135,0.029573992,90000.0,900.0,20,9000.0,0.5915126,2015.7374,340.4454,-29.4401,799.567,-1755.8348,51312.93,0.0,0.030263463,0.030263463,4.612974e-05,0.0003,272.9642,0.007916315698623657,4733.826479911804,585000,,,,,,,,,,,,,,,,,,,,,,,
0.0015618424,0.0,0.89866847,0.02963616,90000.0,900.0,20,9000.0,0.7606368,2016.0802,353.54645,-27.38568,839.95074,-631.9853,38650.99,0.0,0.02663308,0.02663308,4.540152e-05,0.0003,240.45992,0.008065077209472657,4774.152015686035,590000,,,,,,,,,,,,,,,,,,,,,,,
0.0016499736,0.0,0.86800945,0.028495196,90000.0,900.0,20,9000.0,2.8651366,2014.948,281.80756,-27.918718,690.7081,-876.43195,34534.023,0.0,0.024734098,0.024734098,4.467592e-05,0.0003,225.47368,0.007927723407745361,4813.790752887726,595000,,,,,,,,,,,,,,,,,,,,,,,
0.0017618664,0.0,0.639537,0.028105915,90000.0,900.0,20,9000.0,0.71209204,1974.9777,319.6138,-28.243244,542.82806,-617.5742,29556.32,0.0,0.017974772,0.017974772,4.3953154e-05,0.0003,162.4868,0.007697885274887085,4852.280312299728,600000,,,,,,,,,,,,,,,,,,,,,,,
0.0013584344,0.0,1.1490294,0.02741811,90000.0,900.0,20,9000.0,0.6793312,1943.1189,339.87427,-27.786865,1048.4048,-943.82434,46483.625,0.0,0.031504214,0.031504214,4.3233405e-05,0.0003,284.21863,0.011464570236206055,4909.603325366974,605000,,,,,,,,,,,,,,,,,,,,,,,
0.0011001158,0.0,0.81185734,0.027831374,90000.0,900.0,20,9000.0,1.0100536,2013.4381,330.8462,-29.871744,1349.8033,-566.3368,38320.89,0.0,0.022595104,0.022595104,4.251687e-05,0.0003,204.3671,0.008072060060501098,4949.963743925095,610000,,,,,,,,,,,,,,,,,,,,,,,
0.0018682356,0.0,0.90022737,0.026676988,90000.0,900.0,20,9000.0,0.48993704,2009.7214,309.91812,-27.770443,799.5585,-823.3261,36101.445,0.0,0.024015354,0.024015354,4.1803753e-05,0.0003,216.62999,0.007779357719421387,4988.860671281815,615000,,,,,,,,,,,,,,,,,,,,,,,
0.001719377,0.0,1.0762589,0.026472887,90000.0,900.0,20,9000.0,0.4621082,2012.7969,333.94153,-28.16035,602.70245,-628.6761,39024.508,0.0,0.02849168,0.02849168,4.1094238e-05,0.0003,256.88895,0.008178924465179444,5029.7554450035095,620000,,,,,,,,,,,,,,,,,,,,,,,
0.0014814783,0.0,0.9471003,0.025817866,90000.0,900.0,20,9000.0,0.49068394,2011.8347,330.35867,-28.072132,1318.2687,-1000.5198,43006.598,0.0,0.024452109,0.024452109,4.0388528e-05,0.0003,220.56116,0.007986141347885133,5069.686280012131,625000,,,,,,,,,,,,,,,,,,,,,,,
0.0015911644,0.0,1.1987256,0.025958845,90000.0,900.0,20,9000.0,0.60970896,2008.2937,295.24985,-28.069052,1872.0151,-1853.7534,55002.8,0.0,0.031117532,0.031117532,3.9686805e-05,0.0003,280.6691,0.007902912044525147,5109.200954198837,630000,,,,,,,,,,,,,,,,,,,,,,,
0.0018017585,0.0,0.9233114,0.026282087,90000.0,900.0,20,9000.0,0.6129254,2010.031,296.68976,-29.121464,864.4053,-697.64844,38343.21,0.0,0.02426655,0.02426655,3.8989278e-05,0.0003,219.01369,0.007954039907455444,5148.971275806427,635000,,,,,,,,,,,,,,,,,,,,,,,
0.0017944708,0.0,0.9812035,0.026814302,90000.0,900.0,20,9000.0,0.43769372,2010.717,342.7169,-28.5047,1050.259,-1093.9448,49490.95,0.0,0.026310287,0.026310287,3.8296123e-05,0.0003,237.23207,0.007769116830825805,5187.816979885101,640000,,,,,,,,,,,,,,,,,,,,,,,
0.0018494729,0.0,0.9224366,0.027468665,90000.0,900.0,20,9000.0,0.5823309,2009.9868,294.5217,-29.56734,719.5123,-1103.235,42350.47,0.0,0.0253381,0.0253381,3.7607537e-05,0.0003,228.62709,0.00782726354598999,5226.953400611877,645000,,,,,,,,,,,,,,,,,,,,,,,
0.0019343407,0.0,0.84990245,0.025868386,90000.0,900.0,20,9000.0,0.66726935,2009.1458,304.49866,-28.823284,890.21014,-1097.1628,41025.844,0.0,0.021985605,0.021985605,3.692371e-05,0.0003,198.53966,0.007711708164215088,5265.512040138245,650000,,,,,,,,,,,,,,,,,,,,,,,
0.0013599248,0.0,1.1187983,0.026146814,90000.0,900.0,20,9000.0,0.6810298,2010.5311,385.231,-28.149073,1049.4851,-1127.6807,46423.83,0.0,0.02925301,0.02925301,3.6244823e-05,0.0003,263.9595,0.007855850982666016,5304.791378259659,655000,,,,,,,,,,,,,,,,,,,,,,,
0.0017383806,0.0,0.8191971,0.026571784,90000.0,900.0,20,9000.0,0.7664565,2008.8414,347.07477,-28.259775,782.9433,-653.7602,34339.996,0.0,0.021767527,0.021767527,3.5571058e-05,0.0003,196.67593,0.007645293235778809,5343.017937660217,660000,,,,,,,,,,,,,,,,,,,,,,,
0.0015697007,0.0,0.8009801,0.02619733,90000.0,900.0,20,9000.0,0.5604521,2009.6384,312.98752,-30.05557,498.62692,-525.6639,30084.797,0.0,0.02098354,0.02098354,3.490261e-05,0.0003,189.41388,0.007717852354049683,5381.607286453247,665000,,,,,,,,,,,,,,,,,,,,,,,
0.001680445,0.0,1.0379084,0.026342154,90000.0,900.0,20,9000.0,0.42620587,2008.4741,347.5428,-29.00792,1415.0043,-1162.7388,47672.227,0.0,0.027340746,0.027340746,3.4239645e-05,0.0003,246.4946,0.007463500452041626,5418.924880981445,670000,,,,,,,,,,,,,,,,,,,,,,,
0.001720965,0.0,0.8905389,0.026214434,90000.0,900.0,20,9000.0,0.5519725,2008.8859,337.23096,-31.166075,897.3164,-1036.9716,38944.367,0.0,0.023344973,0.023344973,3.3582368e-05,0.0003,210.65845,0.007102959537506104,5454.439792633057,675000,,,,,,,,,,,,,,,,,,,,,,,
0.0014781838,0.0,0.7247366,0.025200823,90000.0,900.0,20,9000.0,0.6556617,2008.0048,324.70734,-28.750486,930.8853,-1096.9218,44437.273,0.0,0.018263958,0.018263958,3.2930948e-05,0.0003,165.03276,0.00737774076461792,5491.328580379486,680000,,,,,,,,,,,,,,,,,,,,,,,
0.001432574,0.0,1.2635064,0.023824139,90000.0,900.0,20,9000.0,0.415497,2008.3774,323.96313,-29.056423,659.20197,-667.393,39694.164,0.0,0.030101951,0.030101951,3.228555e-05,0.0003,271.3345,0.007497866868972778,5528.818034410477,685000,,,,,,,,,,,,,,,,,,,,,,,
0.0017841952,0.0,1.4671137,0.023938185,90000.0,900.0,20,9000.0,0.6160137,2008.3417,304.88843,-28.272442,813.6803,-834.34296,41780.695,0.0,0.03512004,0.03512004,3.1646374e-05,0.0003,316.69815,0.007670360231399536,5567.169947147369,690000,,,,,,,,,,,,,,,,,,,,,,,
0.0021636707,0.0,1.0155385,0.02363438,90000.0,900.0,20,9000.0,0.55871034,1974.5006,286.69434,-29.30344,1317.7523,-1086.5138,46584.742,0.0,0.02400162,0.02400162,3.1013573e-05,0.0003,216.57545,0.007654504585266114,5605.442604780197,695000,,,,,,,,,,,,,,,,,,,,,,,
0.0017043068,0.0,1.1615934,0.024295097,90000.0,900.0,20,9000.0,0.5361671,2008.008,327.75153,-29.159084,985.71045,-741.7159,48274.62,0.0,0.028221026,0.028221026,3.0387337e-05,0.0003,254.5271,0.00796122851371765,5645.248850107193,700000,,,,,,,,,,,,,,,,,,,,,,,
0.001806607,0.0,1.0092663,0.024782063,90000.0,900.0,20,9000.0,0.439041,2007.8907,315.87283,-29.353464,1587.4368,-1709.7454,45978.742,0.0,0.0250117,0.0250117,2.9767822e-05,0.0003,225.54614,0.011101849889755249,5700.758235454559,705000,,,,,,,,,,,,,,,,,,,,,,,
0.0013936809,0.0,1.137494,0.0241946,90000.0,900.0,20,9000.0,0.44577858,2006.693,345.73328,-29.253378,2261.2756,-3122.1296,48026.75,0.0,0.02752121,0.02752121,2.9155208e-05,0.0003,248.13806,0.008365157651901245,5742.584139347076,710000,,,,,,,,,,,,,,,,,,,,,,,
0.0017518733,0.0,0.8466962,0.023130132,90000.0,900.0,20,9000.0,0.34166542,2001.7264,297.7932,-30.14124,763.7854,-566.0567,32455.088,0.0,0.019584194,0.019584194,2.8549664e-05,0.0003,176.60117,0.007812402725219727,5781.646292924881,715000,,,,,,,,,,,,,,,,,,,,,,,
0.0014556847,0.0,1.2829369,0.02313798,90000.0,900.0,20,9000.0,0.45685065,2006.9108,353.86676,-28.091587,1379.1667,-1558.0668,48372.785,0.0,0.029684568,0.029684568,2.7951346e-05,0.0003,267.61942,0.008048774194717407,5821.89030790329,720000,,,,,,,,,,,,,,,,,,,,,,,
0.0013577797,0.0,1.0680722,0.023323925,90000.0,900.0,20,9000.0,0.36967325,2004.489,290.6053,-29.127748,866.71063,-695.3333,47121.68,0.0,0.024911636,0.024911636,2.736043e-05,0.0003,224.57576,0.008216199970245362,5862.9714522361755,725000,,,,,,,,,,,,,,,,,,,,,,,
0.0015734014,0.0,1.085786,0.022878086,90000.0,900.0,20,9000.0,0.3211059,2000.3398,322.37875,-31.287838,1150.5739,-1011.0513,52353.29,0.0,0.024840705,0.024840705,2.6777061e-05,0.0003,223.88902,0.008224433326721192,5904.093768119812,730000,,,,,,,,,,,,,,,,,,,,,,,
0.0017621957,0.0,0.9016056,0.022541022,90000.0,900.0,20,9000.0,0.4385358,1994.2225,234.25635,-31.340456,796.01904,-758.13806,43920.27,0.0,0.020323113,0.020323113,2.6201416e-05,0.0003,183.34831,0.00797526650428772,5943.970259189606,735000,,,,,,,,,,,,,,,,,,,,,,,
0.0016256946,0.0,1.1971272,0.021678615,90000.0,900.0,20,9000.0,0.34969842,1957.8448,314.78015,-30.8662,1148.4545,-1507.9751,44369.48,0.0,0.025952062,0.025952062,2.5633639e-05,0.0003,233.91988,0.007888723134994507,5983.413983821869,740000,,,,,,,,,,,,,,,,,,,,,,,
0.0011739492,0.0,1.2182012,0.02152108,90000.0,900.0,20,9000.0,0.35572675,2003.139,311.80762,-29.821892,951.1811,-707.1955,48208.062,0.0,0.026217004,0.026217004,2.5073889e-05,0.0003,236.30994,0.007971397638320922,6023.271091222763,745000,,,,,,,,,,,,,,,,,,,,,,,
0.0013386944,0.0,0.733384,0.021773973,90000.0,900.0,20,9000.0,0.36467206,2000.8342,330.26276,-30.260118,571.81177,-672.2423,33451.34,0.0,0.015968684,0.015968684,2.4522331e-05,0.0003,144.08417,0.008176528692245484,6064.153871297836,750000,,,,,,,,,,,,,,,,,,,,,,,
0.0016148326,0.0,1.0744318,0.022039428,90000.0,900.0,20,9000.0,0.40013617,2001.4619,310.46948,-31.870123,836.10223,-875.81177,39792.46,0.0,0.023679864,0.023679864,2.3979092e-05,0.0003,213.52052,0.00783158574104309,6103.31192278862,755000,,,,,,,,,,,,,,,,,,,,,,,
0.0016945052,0.0,1.1325202,0.022082658,90000.0,900.0,20,9000.0,0.4283371,1999.73,293.9089,-31.696474,1799.7805,-1327.9834,52716.707,0.0,0.025009055,0.025009055,2.3444345e-05,0.0003,225.51154,0.007859591007232667,6142.61003446579,760000,,,,,,,,,,,,,,,,,,,,,,,
0.0015954865,0.0,0.9821708,0.022159187,90000.0,900.0,20,9000.0,0.34827352,1999.0436,308.1447,-31.40833,637.59784,-753.73505,42113.164,0.0,0.021764107,0.021764107,2.2918219e-05,0.0003,196.22684,0.007796871948242187,6181.59450340271,765000,,,,,,,,,,,,,,,,,,,,,,,
0.0011053134,0.0,0.61665744,0.022180274,90000.0,900.0,20,9000.0,0.25981086,2001.0767,310.3196,-31.516134,1796.878,-1855.7468,41897.03,0.0,0.0136776315,0.0136776315,2.2400869e-05,0.0003,123.359604,0.007873431587219239,6220.961756706238,770000,,,,,,,,,,,,,,,,,,,,,,,
0.0016006095,0.0,0.96041447,0.02210799,90000.0,900.0,20,9000.0,0.49727643,2001.7977,306.3943,-31.641512,688.15875,-851.25183,39621.266,0.0,0.021232834,0.021232834,2.1892429e-05,0.0003,191.59438,0.007553813028335571,6258.730930805206,775000,,,,,,,,,,,,,,,,,,,,,,,
0.0014015586,0.0,1.2205738,0.02186488,90000.0,900.0,20,9000.0,0.38887638,1999.9619,317.51703,-29.8177,698.8137,-946.67694,45784.62,0.0,0.026687697,0.026687697,2.1393029e-05,0.0003,240.57954,0.007756492662429809,6297.513484954834,780000,,,,,,,,,,,,,,,,,,,,,,,
0.0012142308,0.0,0.6529971,0.022065682,90000.0,900.0,20,9000.0,0.5760115,1999.7573,364.15338,-29.520613,1332.4974,-936.2672,39266.54,0.0,0.014408826,0.014408826,2.0902831e-05,0.0003,130.25665,0.007164160966873169,6333.33438205719,785000,,,,,,,,,,,,,,,,,,,,,,,
0.0013527772,0.0,0.84730476,0.021760736,90000.0,900.0,20,9000.0,0.30940825,1998.3181,372.809,-31.808853,926.6827,-645.69464,40243.82,0.0,0.018437974,0.018437974,2.0421947e-05,0.0003,166.25253,0.007151355266571045,6369.091241836548,790000,,,,,,,,,,,,,,,,,,,,,,,
0.0013135078,0.0,0.69451106,0.021561429,90000.0,900.0,20,9000.0,0.32263178,1934.698,288.47968,-28.41652,1031.7892,-1255.3112,36231.598,0.0,0.01497465,0.01497465,1.9950523e-05,0.0003,135.0958,0.007546491146087646,6406.8238043785095,795000,,,,,,,,,,,,,,,,,,,,,,,
0.0014807709,0.0,0.69940966,0.022043895,90000.0,900.0,20,9000.0,0.44188243,1997.893,256.4312,-29.655157,729.76245,-775.267,32579.113,0.0,0.015417714,0.015417714,1.9488682e-05,0.0003,139.20279,0.0076577930450439455,6445.112874746323,800000,,,,,,,,,,,,,,,,,,,,,,,
0.0015860558,0.0,0.8661215,0.021092862,90000.0,900.0,20,9000.0,0.43035313,1999.1772,262.2814,-31.490202,1550.9087,-1237.3129,42872.695,0.0,0.018268982,0.018268982,1.9036543e-05,0.0003,164.85278,0.011368071460723876,6501.953377008438,805000,,,,,,,,,,,,,,,,,,,,,,,
0.0013239743,0.0,1.1634996,0.02102512,90000.0,900.0,20,9000.0,0.31860495,2001.2828,301.94763,-31.976633,589.7307,-579.64777,36765.58,0.0,0.024462719,0.024462719,1.859424e-05,0.0003,220.48439,0.00791907844543457,6541.548903465271,810000,,,,,,,,,,,,,,,,,,,,,,,
0.0013070104,0.0,0.83653045,0.02152889,90000.0,900.0,20,9000.0,0.4832578,1999.6871,309.77173,-28.122961,621.5159,-962.86523,37069.055,0.0,0.018009571,0.018009571,1.8161878e-05,0.0003,162.5707,0.008084786796569824,6581.972992658615,815000,,,,,,,,,,,,,,,,,,,,,,,
0.0011130669,0.0,0.718997,0.021415168,90000.0,900.0,20,9000.0,0.30843163,1997.4076,360.5241,-29.65184,1271.413,-804.5746,44584.56,0.0,0.0153974425,0.0153974425,1.7739603e-05,0.0003,138.88652,0.008152460050582885,6622.735421895981,820000,,,,,,,,,,,,,,,,,,,,,,,
0.0013108264,0.0,1.1645929,0.020530427,90000.0,900.0,20,9000.0,0.28289557,1997.7665,292.3436,-30.966381,938.68396,-853.5998,44406.234,0.0,0.023909587,0.023909587,1.7327511e-05,0.0003,215.47049,0.007822751903533936,6661.849305152893,825000,,,,,,,,,,,,,,,,,,,,,,,
0.0012803562,0.0,0.77629614,0.020415077,90000.0,900.0,20,9000.0,0.43039775,1999.4159,366.5086,-30.67554,1048.3193,-875.4407,42510.77,0.0,0.015848145,0.015848145,1.6925713e-05,0.0003,143.06497,0.008037556743621827,6702.037230968475,830000,,,,,,,,,,,,,,,,,,,,,,,
0.0011580237,0.0,1.183133,0.020590916,90000.0,900.0,20,9000.0,0.3465837,1999.8234,260.40338,-31.830536,1149.7421,-881.0668,53113.1,0.0,0.024361793,0.024361793,1.653433e-05,0.0003,219.60388,0.007878567790985107,6741.430197954178,835000,,,,,,,,,,,,,,,,,,,,,,,
0.0017708341,0.0,0.7725391,0.019712396,90000.0,900.0,20,9000.0,0.27223355,1999.7174,353.93246,-28.350403,955.2286,-1119.2418,41295.164,0.0,0.0152285965,0.0152285965,1.6153459e-05,0.0003,137.33138,0.007880908679962158,6780.83486700058,840000,,,,,,,,,,,,,,,,,,,,,,,
0.0014965294,0.0,0.9295643,0.019897081,90000.0,900.0,20,9000.0,0.28130388,1998.1787,273.09326,-31.890392,596.4012,-652.3048,38589.234,0.0,0.018495616,0.018495616,1.5783213e-05,0.0003,166.74335,0.0077700881958007815,6819.685410737991,845000,,,,,,,,,,,,,,,,,,,,,,,
0.0009733664,0.0,1.1077352,0.020194577,90000.0,900.0,20,9000.0,0.22006992,1997.0514,395.94232,-31.591898,2011.0406,-2852.919,51734.582,0.0,0.022370242,0.022370242,1.542368e-05,0.0003,201.5532,0.007819853734970093,6858.784767150879,850000,,,,,,,,,,,,,,,,,,,,,,,
0.0011479517,0.0,0.947156,0.019461256,90000.0,900.0,20,9000.0,0.39974427,1999.4269,307.91785,-29.716656,1718.5941,-1121.3246,45152.83,0.0,0.018432844,0.018432844,1.5074969e-05,0.0003,166.2965,0.007827915573120117,6897.924462795258,855000,,,,,,,,,,,,,,,,,,,,,,,
0.0015211585,0.0,0.86532986,0.019472783,90000.0,900.0,20,9000.0,0.4574651,1999.47,331.42374,-31.506268,782.82666,-730.03674,38761.88,0.0,0.01685038,0.01685038,1.4737181e-05,0.0003,152.11241,0.007679237556457519,6936.320751190186,860000,,,,,,,,,,,,,,,,,,,,,,,
0.00127353,0.0,0.78634095,0.019092744,90000.0,900.0,20,9000.0,0.30921602,1999.1097,298.375,-30.367422,1515.3612,-1418.9565,44181.2,0.0,0.015013406,0.015013406,1.4410394e-05,0.0003,135.43114,0.0076845200061798095,6974.743472337723,865000,,,,,,,,,,,,,,,,,,,,,,,
0.0012211509,0.0,1.5222377,0.018983772,90000.0,900.0,20,9000.0,0.32757133,1999.4592,372.50024,-30.393015,1909.1681,-2227.8535,62820.016,0.0,0.028897813,0.028897813,1.4094706e-05,0.0003,260.40912,0.007730709981918335,7013.397132158279,870000,,,,,,,,,,,,,,,,,,,,,,,
0.0011901818,0.0,0.7937082,0.019041514,90000.0,900.0,20,9000.0,0.45669675,1993.2104,284.62006,-30.103024,758.8491,-674.12555,39555.645,0.0,0.015113406,0.015113406,1.37902e-05,0.0003,136.47855,0.007931532239913941,7053.054895162582,875000,,,,,,,,,,,,,,,,,,,,,,,
0.0012541242,0.0,0.71415323,0.019102803,90000.0,900.0,20,9000.0,0.29284945,1997.7725,312.59354,-31.18471,1044.5149,-1033.5446,41186.094,0.0,0.013642328,0.013642328,1.3496962e-05,0.0003,123.07506,0.007657478380203247,7091.342348575592,880000,,,,,,,,,,,,,,,,,,,,,,,
0.0014287173,0.0,1.2895465,0.018801032,90000.0,900.0,20,9000.0,0.39291096,1996.853,310.37433,-31.226765,1095.8762,-2189.2827,54755.88,0.0,0.024244804,0.024244804,1.3215067e-05,0.0003,218.59756,0.007600010728836059,7129.342485904694,885000,,,,,,,,,,,,,,,,,,,,,,,
0.0013545237,0.0,1.0911832,0.018554673,90000.0,900.0,20,9000.0,0.43236774,1996.8849,308.45856,-30.800282,745.3984,-898.84045,40810.93,0.0,0.020246547,0.020246547,1.2944596e-05,0.0003,182.65263,0.007829647779464722,7168.490853071213,890000,,,,,,,,,,,,,,,,,,,,,,,
0.0013229217,0.0,0.87667656,0.018480262,90000.0,900.0,20,9000.0,0.27383634,1992.515,337.94366,-29.951153,915.91296,-1558.1937,45186.27,0.0,0.016201213,0.016201213,1.26856285e-05,0.0003,146.08607,0.00796196026802063,7208.300775766373,895000,,,,,,,,,,,,,,,,,,,,,,,
0.0012187771,0.0,1.070683,0.017825125,90000.0,900.0,20,9000.0,0.30430698,1993.2104,347.24115,-31.113335,852.1289,-1028.5076,41848.387,0.0,0.019085057,0.019085057,1.2438221e-05,0.0003,172.07104,0.007563704442977905,7246.119391202927,900000,,,,,,,,,,,,,,,,,,,,,,,
0.0011112309,0.0,0.9020585,0.01789209,90000.0,900.0,20,9000.0,0.33538333,1995.1888,305.82776,-30.629084,692.07336,-709.814,37054.688,0.0,0.016139712,0.016139712,1.22024585e-05,0.0003,145.59392,0.011221952629089356,7302.2292993068695,905000,,,,,,,,,,,,,,,,,,,,,,,
0.0014941159,0.0,1.0639001,0.01766905,90000.0,900.0,20,9000.0,0.30930245,1987.0806,312.65387,-31.183325,1530.9366,-2425.1438,43325.156,0.0,0.018798105,0.018798105,1.1978389e-05,0.0003,169.49374,0.007790384674072266,7341.181357860565,910000,,,,,,,,,,,,,,,,,,,,,,,
0.0015436593,0.0,0.8868372,0.017638592,90000.0,900.0,20,9000.0,0.40336472,1962.9713,283.48773,-29.278467,1845.4535,-2043.319,52803.42,0.0,0.01564256,0.01564256,1.1766084e-05,0.0003,141.18794,0.007900339031219483,7380.683174610138,915000,,,,,,,,,,,,,,,,,,,,,,,
0.0016111615,0.0,0.96292984,0.017907312,90000.0,900.0,20,9000.0,0.2591573,1996.3928,253.81297,-27.948055,652.93536,-710.35876,41744.16,0.0,0.017243486,0.017243486,1.1565597e-05,0.0003,155.45215,0.007889842462539673,7420.132536172867,920000,,,,,,,,,,,,,,,,,,,,,,,
0.0011742634,0.0,0.7379563,0.018366909,90000.0,900.0,20,9000.0,0.3630918,1984.2008,351.6559,-29.494587,1090.3613,-718.84937,32555.867,0.0,0.013553976,0.013553976,1.1376989e-05,0.0003,122.35005,0.008133695030212402,7460.801132440567,925000,,,,,,,,,,,,,,,,,,,,,,,
0.0015802745,0.0,1.0845917,0.01800745,90000.0,900.0,20,9000.0,0.25810534,1995.267,363.53244,-30.351171,2420.1401,-2184.088,58651.855,0.0,0.01953073,0.01953073,1.1200302e-05,0.0003,176.03625,0.0074490304946899415,7498.046386241913,930000,,,,,,,,,,,,,,,,,,,,,,,
0.0014196315,0.0,0.8788898,0.01773625,90000.0,900.0,20,9000.0,0.28209746,1990.9677,303.64014,-30.624271,1550.6373,-1505.5134,49188.516,0.0,0.01558821,0.01558821,1.103559e-05,0.0003,140.57741,0.007551525831222534,7535.8041298389435,935000,,,,,,,,,,,,,,,,,,,,,,,
0.0011449967,0.0,1.0793228,0.018066913,90000.0,900.0,20,9000.0,0.28580973,1987.8884,299.03244,-31.145046,810.09735,-1109.4215,46391.723,0.0,0.019500032,0.019500032,1.0882903e-05,0.0003,175.78725,0.007449204635620117,7573.050257205963,940000,,,,,,,,,,,,,,,,,,,,,,,
0.0012099047,0.0,0.81839955,0.01829253,90000.0,900.0,20,9000.0,0.25630963,1990.2506,317.38455,-30.51436,967.33453,-1214.6118,45402.617,0.0,0.014970598,0.014970598,1.0742272e-05,0.0003,134.9929,0.007938752841949464,7612.7441301345825,945000,,,,,,,,,,,,,,,,,,,,,,,
0.0011902255,0.0,0.668568,0.017991802,90000.0,900.0,20,9000.0,0.24269864,1980.481,287.4063,-30.483994,705.49615,-860.18396,39570.453,0.0,0.012028743,0.012028743,1.061374e-05,0.0003,108.50257,0.0074819765090942385,7650.1541085243225,950000,,,,,,,,,,,,,,,,,,,,,,,
0.0013927732,0.0,1.1196073,0.01721745,90000.0,900.0,20,9000.0,0.21060677,1980.0148,310.24246,-32.29168,3020.8323,-3141.3713,61989.96,0.0,0.019276783,0.019276783,1.0497346e-05,0.0003,173.70305,0.007774752378463745,7689.027953624725,955000,,,,,,,,,,,,,,,,,,,,,,,
0.0012118383,0.0,1.6482167,0.017061055,90000.0,900.0,20,9000.0,0.27675325,1989.6108,273.76294,-31.857029,783.97284,-760.01526,44976.195,0.0,0.028120317,0.028120317,1.0393118e-05,0.0003,253.36082,0.007548372030258179,7726.7699275016785,960000,,,,,,,,,,,,,,,,,,,,,,,
0.0011637541,0.0,0.78427637,0.017763222,90000.0,900.0,20,9000.0,0.2214963,1991.4996,342.45862,-29.84694,1136.2261,-1138.4642,38334.98,0.0,0.013931274,0.013931274,1.0301083e-05,0.0003,125.604126,0.007747564029693604,7765.507853984833,965000,,,,,,,,,,,,,,,,,,,,,,,
0.0013030942,0.0,0.75768536,0.018165737,90000.0,900.0,20,9000.0,0.20341961,1961.3727,269.06705,-29.346426,1405.0271,-2450.2625,47797.805,0.0,0.013763913,0.013763913,1.0221269e-05,0.0003,124.07993,0.007548009490966797,7803.248006105423,970000,,,,,,,,,,,,,,,,,,,,,,,
0.00094935315,0.0,0.9215314,0.01766865,90000.0,900.0,20,9000.0,0.23627274,1992.7194,338.80566,-32.015705,1167.61,-1010.13214,53810.094,0.0,0.016282216,0.016282216,1.0153698e-05,0.0003,146.77718,0.007590504932403565,7841.200626373291,975000,,,,,,,,,,,,,,,,,,,,,,,
0.0016757934,0.0,1.2582384,0.017299412,90000.0,900.0,20,9000.0,0.24107923,1992.574,290.80048,-31.17826,1046.2643,-1297.0731,53076.188,0.0,0.021766786,0.021766786,1.0098386e-05,0.0003,196.14383,0.007402408647537231,7878.212782382965,980000,,,,,,,,,,,,,,,,,,,,,,,
0.0013944409,0.0,0.7094688,0.016976176,90000.0,900.0,20,9000.0,0.27786338,1994.0935,320.93225,-29.854136,924.73126,-853.8241,46112.72,0.0,0.012044067,0.012044067,1.005535e-05,0.0003,108.67586,0.007565687990188598,7916.041344881058,985000,,,,,,,,,,,,,,,,,,,,,,,
0.0011989098,0.0,0.8833707,0.017248942,90000.0,900.0,20,9000.0,0.27495277,1990.3502,301.24277,-30.370077,900.82227,-744.37933,46577.73,0.0,0.015237209,0.015237209,1.0024603e-05,0.0003,137.41104,0.00765782413482666,7954.330575942993,990000,,,,,,,,,,,,,,,,,,,,,,,
0.0014127685,0.0,1.1454291,0.017424148,90000.0,900.0,20,9000.0,0.23685981,1992.6669,327.4526,-32.51979,1169.1478,-752.59644,48994.973,0.0,0.019958127,0.019958127,1.000615e-05,0.0003,179.8614,0.007809474706649781,7993.378047466278,995000,,,,,,,,,,,,,,,,,,,,,,,
0.0010660408,0.0,0.87145746,0.017624315,90000.0,900.0,20,9000.0,0.22191888,1988.852,338.59448,-31.073084,1157.7993,-989.8185,46270.4,0.0,0.01535884,0.01535884,1e-05,0.0003,138.45256,0.00749429988861084,8030.849640369415,1000000,,,,,,,,,,,,,,,,,,,,,,,
1.6299076e-05,0.0,,,,,,,0.52640545,1993.3558,274.36374,-30.56628,1.4602928,-0.8989879,45.624138,,,,,,0.5299835,0.028783918237686158,8174.769236087799,1005000,0.05859375,0.0023716518,0.0,0.0035780845,0.023078203,1.6299076e-05,274.5229,0.0035617854,0.0,0.072374314,0.072374314,0.1,1.0,0.002346957,0.24373463,373.25882,0.0,5000.0,-0.3372311061933425,-62.37015044537744,200.0,4.199277877807617,-0.19942640902537423
4.799139e-06,0.0,,,,,,,21.457554,1993.2146,350.84332,-32.041286,33.877487,-45.855564,977.01733,,,,,,21.459753,0.019252591037750243,8271.032196044922,1010000,0.0234375,0.00083705364,0.0,0.002199164,0.011664391,4.799139e-06,351.89624,0.0021943648,0.0,0.22863087,0.22863087,0.1,1.0,0.0058710314,0.17585965,467.16617,0.0,10000.0,-0.3249358721860951,-59.84753965518893,200.0,3.7487449645996094,-0.11353807943637782
1.1271515e-05,0.0,,,,,,,18.661556,1969.1078,330.70914,-33.06117,13.776874,-12.209244,450.51105,,,,,,18.666079,0.019472258949279786,8368.393496513367,1015000,0.07421875,0.0027901786,0.0,0.004521515,0.011118531,1.1271515e-05,332.3081,0.004510244,0.0,0.2475481,0.2475481,0.1,1.0,0.014767731,0.22285971,402.60657,0.0,15000.0,-0.25330125183824953,-53.762029544092115,200.0,3.8141350746154785,0.09365769573906861
1.0680108e-05,0.0,,,,,,,24.523815,1996.154,414.65356,-29.243727,11.688521,-16.576231,483.75232,,,,,,24.544096,0.019452347278594972,8465.655237436295,1020000,0.0390625,0.0013950893,0.0,0.02028083,0.027191997,1.0680108e-05,416.78384,0.02027015,0.0,0.5381587,0.5381587,0.1,1.0,0.015519709,0.2487842,389.33484,0.0,20000.0,-0.31791965105162945,-59.253334664975355,200.0,3.7431962490081787,-0.0933069465793443
4.9655027e-05,0.0,,,,,,,58.631477,2007.0178,393.35693,-23.099861,96.025764,-117.946686,4171.7017,,,,,,58.633766,0.01932529239654541,8562.281703948975,1025000,0.08203125,0.004185268,0.0,0.0022890526,0.058439493,4.9655027e-05,395.4396,0.0022393975,0.0,0.21044268,0.21044268,0.1,1.0,0.037189808,0.22650608,369.68542,0.0,25000.0,-0.31672886306152215,-55.218059827898,200.0,4.249068021774292,0.04408365546560458
3.864911e-05,0.0,,,,,,,25.922005,2020.4092,473.09393,-22.32111,23.399883,-48.24222,1414.8698,,,,,,25.93029,0.019306868553161622,8658.816051959991,1030000,0.09765625,0.004324777,0.0,0.0082848305,0.06393778,3.864911e-05,476.836,0.0082461815,0.0,0.63642013,0.63642013,0.1,1.0,0.010044037,0.22423282,489.28793,0.0,30000.0,-0.3223451037184164,-58.25446735863104,200.0,3.734433889389038,-0.05929811542843866
4.5237382e-05,0.0,,,,,,,39.833656,2020.0999,496.86407,-20.959688,54.15962,-37.37053,1730.0977,,,,,,40.9214,0.019210765171051025,8754.869882583618,1035000,0.05859375,0.0023716518,0.0,1.0877415,0.10089874,4.5237382e-05,501.1933,1.0876963,0.0,0.77031994,0.77031994,0.1,1.0,0.0075949035,0.20790961,602.2771,0.0,35000.0,-0.29165280134308486,-59.05066904585606,200.0,3.74981689453125,-0.08640670990431795
0.00030455267,0.0,,,,,,,1095.7092,2027.6312,809.6481,71.88546,806.82324,-244.49707,13247.798,,,,,,1095.7762,0.019453322553634644,8852.136500835419,1040000,0.328125,0.020368304,0.0,0.06697236,0.19382858,0.00030455267,851.90857,0.06666781,0.0,7.278467,7.278467,0.1,1.0,0.014784191,0.1826341,888.63153,0.0,40000.0,-0.2750448195393723,-56.344645235012976,200.0,4.252302646636963,0.005726355507645617
1.2924962e-05,0.0,,,,,,,20.457338,2027.2421,946.7711,620.8152,42.963833,-10.629265,729.99097,,,,,,20.462227,0.019070372915267943,8947.488371133804,1045000,0.05859375,0.002092634,0.0,0.0048888484,0.02528596,1.2924962e-05,949.2737,0.0048759235,0.0,0.6198377,0.6198377,0.1,1.0,0.0016732861,0.17937689,943.01117,0.0,45000.0,-0.3167157325863658,-58.323303566370015,200.0,3.716722249984741,-0.06164180908143376
1.7677236e-05,0.0,,,,,,,61.62159,2020.4292,893.6166,544.5399,20.125248,-18.322773,1030.4541,,,,,,61.63715,0.019231095838546753,9043.643854379654,1050000,0.046875,0.001953125,0.0,0.015561732,0.040875673,1.7677236e-05,901.8883,0.015544055,0.0,0.8764749,0.8764749,0.1,1.0,0.0023358944,0.21829495,991.4049,0.0,50000.0,-0.2615711314343142,-53.184988273735776,200.0,3.748194932937622,0.1133044486220668
3.43132e-05,0.0,,,,,,,8.229505,2011.9331,829.78467,541.3986,5.046708,-13.706553,380.81296,,,,,,8.232762,0.019382249450683595,9140.55510520935,1055000,0.09765625,0.00390625,0.0,0.0032573557,0.10432351,3.43132e-05,831.20386,0.0032230425,0.0,0.3611508,0.3611508,0.1,1.0,0.0013603067,0.18458097,909.6002,0.0,55000.0,-0.25748570851101094,-53.89531195114353,200.0,3.746736526489258,0.08911977679026735
7.859681e-06,0.0,,,,,,,18.290588,2027.0609,771.85693,479.39798,10.139135,-16.275194,569.052,,,,,,18.29352,0.019451327323913574,9237.811750173569,1060000,0.04296875,0.0018136161,0.0,0.002931466,0.013151288,7.859681e-06,774.28735,0.0029236064,0.0,0.71185327,0.71185327,0.1,1.0,0.0026127882,0.23794629,728.74915,0.0,60000.0,-0.2910166008919841,-58.66779005959732,200.0,3.7426726818084717,-0.07337067727796343
0.00014531976,0.0,,,,,,,30.914492,2025.0118,752.5519,380.07962,23.14243,-6.5099864,569.5642,,,,,,30.919783,0.01942216157913208,9334.922562360764,1065000,0.08984375,0.004603795,0.0,0.0052908827,0.33913636,0.00014531976,755.61017,0.005145563,0.0,0.6430651,0.6430651,0.1,1.0,0.0030093216,0.18747787,745.01263,0.0,65000.0,-0.28400286981196465,-57.56861284168477,200.0,4.227855920791626,-0.03594655480295616
9.3061e-05,0.0,,,,,,,19.882841,2025.7179,700.49414,368.5648,26.728249,-10.516184,673.9752,,,,,,19.888851,0.019441736268997194,9432.131248235703,1070000,0.0703125,0.0034877234,0.0,0.006010412,0.27067447,9.3061e-05,702.87476,0.0059173508,0.0,0.54273367,0.54273367,0.1,1.0,0.0024038274,0.211739,665.25714,0.0,70000.0,-0.298552326700702,-58.17799569554539,200.0,4.247782468795776,-0.05669445440040189
1.6707712e-05,0.0,,,,,,,22.433739,2027.9463,657.6362,313.97064,6.4818993,-13.42234,524.3906,,,,,,22.4407,0.019456490659713745,9529.413706064224,1075000,0.04296875,0.0016741073,0.0,0.0069611846,0.03722799,1.6707712e-05,660.0763,0.0069444766,0.0,0.5056313,0.5056313,0.1,1.0,0.0020804775,0.22741486,665.96606,0.0,75000.0,-0.2520194938015328,-51.68426662650684,200.0,3.7606287002563477,0.1644001134625825
3.5065095e-05,0.0,,,,,,,21.30938,2026.4637,685.2833,254.22691,21.194956,-14.509382,777.95215,,,,,,21.314434,0.019310949087142943,9625.96845626831,1080000,0.0546875,0.002232143,0.0,0.0050541353,0.16441345,3.5065095e-05,687.6019,0.00501907,0.0,0.5861894,0.5861894,0.1,1.0,0.0017473208,0.21803002,725.35315,0.0,80000.0,-0.31488755550306813,-55.52183025929708,200.0,3.764224052429199,0.03374106316683536
2.9979425e-05,0.0,,,,,,,45.43171,2027.9872,581.383,189.05286,13.028391,-15.791288,859.61426,,,,,,45.438404,0.01934819288253784,9722.70942568779,1085000,0.0703125,0.002511161,0.0,0.0066953334,0.061356902,2.9979425e-05,585.2288,0.006665354,0.0,0.8901175,0.8901175,0.1,1.0,0.0042310944,0.22509307,624.43115,0.0,85000.0,-0.2680406755916352,-52.44230802650718,200.0,3.761465072631836,0.13859077741337456
7.824311e-05,0.0,,,,,,,47.000717,2027.0444,747.4217,277.5584,18.915699,-23.896946,949.08405,,,,,,47.008755,0.019317461442947388,9819.29673743248,1090000,0.0546875,0.0023716518,0.0,0.008036431,0.17605042,7.824311e-05,751.8336,0.007958188,0.0,0.58536416,0.58536416,0.1,1.0,0.002540811,0.232421,764.52563,0.0,90000.0,-0.2920459941409783,-56.11937436206535,200.0,3.7459495067596436,0.013396242220958511
0.00014163039,0.0,,,,,,,16.776241,2018.7727,654.3426,246.74908,14.181709,-21.398912,569.03986,,,,,,16.780655,0.019388610982894898,9916.23979640007,1095000,0.046875,0.002232143,0.0,0.004412953,0.5385417,0.00014163039,655.9614,0.0042713224,0.0,0.38071558,0.38071558,0.1,1.0,0.0017702755,0.19824342,701.0066,0.0,95000.0,-0.32789699602595723,-56.396233801614734,200.0,3.757735013961792,0.003969899129773473
3.021731e-05,0.0,,,,,,,12.874253,2024.859,624.3429,300.46146,12.684412,-11.274553,620.94543,,,,,,12.87818,0.0192972797870636,10012.72620010376,1100000,0.0703125,0.0029296877,0.0,0.0039259996,0.06081617,3.021731e-05,626.06995,0.0038957822,0.0,0.38622606,0.38622606,0.1,1.0,0.0019525406,0.23600285,692.4702,0.0,100000.0,-0.26790356400376486,-54.74469247935583,200.0,3.7515358924865723,0.06020058123409445
6.9598905e-06,0.0,,,,,,,32.05673,2029.0088,621.5414,211.09682,19.89413,-19.050407,1098.865,,,,,,32.06176,0.022783526515960693,10126.64384007454,1105000,0.0390625,0.0013950893,0.0,0.005029712,0.013715863,6.9598905e-06,623.14056,0.005022752,0.0,0.5742061,0.5742061,0.1,1.0,0.003209163,0.23100305,640.8383,0.0,105000.0,-0.25881673437039315,-55.116515137604544,200.0,3.7886815071105957,0.04754098779045577
1.5071644e-05,0.0,,,,,,,161.76872,2028.4681,623.2767,216.96793,39.37787,-259.9577,2956.3538,,,,,,161.78009,0.019579546213150025,10224.541578531265,1110000,0.05078125,0.001953125,0.0,0.011360961,0.053955555,1.5071644e-05,632.63916,0.011345889,0.0,1.6172683,1.6172683,0.1,1.0,0.0059928233,0.2245765,622.21277,0.0,110000.0,-0.2635779910434403,-53.61580992749593,200.0,4.320580720901489,0.09863609298981979
2.7449903e-05,0.0,,,,,,,31.146915,2028.8588,739.02576,227.47682,8.948637,-6.453489,522.8772,,,,,,31.152819,0.01935582604408264,10321.320715427399,1115000,0.11328125,0.0048828125,0.0,0.0059039867,0.018773913,2.7449903e-05,741.19116,0.005876537,0.0,0.7241498,0.7241498,0.1,1.0,0.0032442487,0.18276018,775.9021,0.0,115000.0,-0.2766835547163978,-56.05236707357091,200.0,3.778200149536133,0.015677665935413147
2.5341154e-05,0.0,,,,,,,16.902624,2022.7944,662.7278,295.3152,6.6027775,-6.759528,391.3648,,,,,,16.906878,0.019381803274154664,10418.229739189148,1120000,0.0703125,0.0026506698,0.0,0.004252678,0.035618424,2.5341154e-05,664.30347,0.0042273365,0.0,0.47228214,0.47228214,0.1,1.0,0.001745668,0.19114073,703.7116,0.0,120000.0,-0.2717746643013448,-54.33145880766256,200.0,3.7739498615264893,0.07427011186866787
2.6801403e-05,0.0,,,,,,,62.856197,2029.6501,810.0016,261.5116,41.641777,-40.178986,1702.4242,,,,,,62.865356,0.0194411750793457,10515.435621976852,1125000,0.1015625,0.004185268,0.0,0.009158621,0.07962906,2.6801403e-05,817.0482,0.009131819,0.0,0.9363968,0.9363968,0.1,1.0,0.0024232676,0.1797805,797.182,0.0,125000.0,-0.3196592281871744,-57.83375276104544,200.0,3.76098370552063,-0.04497387874441424
2.0121408e-05,0.0,,,,,,,9.113054,2026.6598,749.61896,221.35501,9.744934,-17.221394,464.81342,,,,,,9.116181,0.019448597240447996,10612.678614377975,1130000,0.0625,0.0023716518,0.0,0.0031275547,0.03740716,2.0121408e-05,750.8258,0.0031074332,0.0,0.41705382,0.41705382,0.1,1.0,0.0014264765,0.20603916,769.51996,0.0,130000.0,-0.2850103892337551,-57.74267392342601,200.0,3.7769081592559814,-0.04187288145443772
1.118595e-05,0.0,,,,,,,9.632878,2025.4921,706.67725,298.06345,6.9763837,-7.174956,432.83157,,,,,,9.637383,0.019557152318954468,10710.464382886887,1135000,0.03515625,0.0012555805,0.0,0.004505545,0.05403018,1.118595e-05,708.0923,0.004494359,0.0,0.6087768,0.6087768,0.1,1.0,0.002162775,0.1463773,691.36304,0.0,135000.0,-0.2567152558295024,-52.62211692429795,200.0,3.8198533058166504,0.13246875259030072
2.5460215e-05,0.0,,,,,,,7.3907,2028.1857,604.04065,200.88786,6.475869,-5.0587473,287.50555,,,,,,7.394091,0.01941943907737732,10807.56158542633,1140000,0.0625,0.002511161,0.0,0.0033914172,0.097478986,2.5460215e-05,605.2012,0.003365957,0.0,0.31331152,0.31331152,0.1,1.0,0.0019836405,0.26468152,739.676,0.0,140000.0,-0.28141141211105924,-55.58798136606827,200.0,3.799269437789917,0.0314887902109205
2.415771e-05,0.0,,,,,,,11.096835,2028.6324,554.0,220.42973,6.076066,-5.538183,331.48755,,,,,,11.109189,0.019430535697937013,10904.71426987648,1145000,0.0703125,0.0030691966,0.0,0.012353802,0.032278538,2.415771e-05,555.0205,0.0123296445,0.0,0.46983498,0.46983498,0.1,1.0,0.003854272,0.19234927,630.1596,0.0,145000.0,-0.3208990065830272,-53.43230122906392,200.0,3.772083282470703,0.10488408639200404
2.0278152e-05,0.0,,,,,,,69.1539,2029.2122,587.088,199.21458,37.33618,-33.795074,1441.4766,,,,,,69.15849,0.019482647180557252,11002.127512216568,1150000,0.06640625,0.0023716518,0.0,0.0045913267,0.06183505,2.0278152e-05,589.7926,0.0045710485,0.0,0.43585747,0.43585747,0.1,1.0,0.0041935267,0.17864145,636.01,0.0,150000.0,-0.2683234351494057,-53.30080322319585,200.0,4.2318854331970215,0.109361251126342
6.4084643e-06,0.0,,,,,,,115.653656,2016.6769,632.4154,147.45338,35.118935,-106.388214,2297.6606,,,,,,115.68889,0.019336175680160522,11098.808396339417,1155000,0.046875,0.0016741073,0.0,0.035229784,0.01390779,6.4084643e-06,640.1299,0.035223376,0.0,1.09457,1.09457,0.1,1.0,0.005472295,0.18790103,622.8206,0.0,155000.0,-0.30695407937420244,-59.51504270007327,200.0,3.753246307373047,-0.10221742379683806
4.2152977e-05,0.0,,,,,,,18.637333,2029.0742,677.7883,182.52147,15.469473,-4.695404,443.97864,,,,,,18.641903,0.01942231297492981,11195.91996884346,1160000,0.0703125,0.0026506698,0.0,0.0045699514,0.10001159,4.2152977e-05,679.6245,0.0045277984,0.0,0.6568969,0.6568969,0.1,1.0,0.0024425508,0.22945596,652.05225,0.0,160000.0,-0.26745262714063356,-53.66721832831329,200.0,3.7735729217529297,0.09688577078783059
4.206139e-05,0.0,,,,,,,8.201328,2027.5367,585.3386,228.24051,4.461155,-3.6257715,261.14462,,,,,,8.20583,0.019396065187454223,11292.900301456451,1165000,0.06640625,0.0026506698,0.0,0.0045010955,0.1344527,4.206139e-05,586.6383,0.004459034,0.0,0.4303038,0.4303038,0.1,1.0,0.0018009238,0.21025689,590.5696,0.0,165000.0,-0.294985972749617,-59.54519615265586,200.0,3.765935182571411,-0.10324407035037396
5.2375955e-05,0.0,,,,,,,6.4708343,2026.5973,594.6991,194.01881,5.04432,-3.6345134,257.47174,,,,,,6.4749928,0.019454554510116576,11390.173081159592,1170000,0.0546875,0.002232143,0.0,0.0041587004,0.2816527,5.2375955e-05,595.72626,0.004106324,0.0,0.31010783,0.31010783,0.1,1.0,0.0016710861,0.20066415,707.12445,0.0,170000.0,-0.27965044982530185,-57.846311183075386,200.0,3.7523531913757324,-0.04540146031768786
3.983639e-05,0.0,,,,,,,64.2755,2011.6461,513.7535,193.88196,36.623375,-33.309742,1645.9615,,,,,,64.2797,0.019382139205932618,11487.083783864975,1175000,0.05859375,0.002232143,0.0,0.0042010434,0.078733325,3.983639e-05,515.6304,0.004161207,0.0,0.5535009,0.5535009,0.1,1.0,0.0035548103,0.21276157,495.07773,0.0,175000.0,1.7898785892809768,119.12464775260185,200.0,3.7750327587127686,5.979998933538693
4.9267932e-05,0.0,,,,,,,109.10301,2018.7938,609.92395,183.6857,286.17383,-60.41214,2997.2612,,,,,,109.11934,0.01947087435722351,11584.438162326813,1180000,0.0546875,0.002092634,0.0,0.016326796,0.20227718,4.9267932e-05,617.61334,0.016277527,0.0,1.0567803,1.0567803,0.1,1.0,0.0057358947,0.22142892,658.0916,0.0,180000.0,-0.2716112555972536,-53.28610248096105,200.0,4.29138445854187,0.10986177312489061
1.5607337e-05,0.0,,,,,,,33.956367,2021.0101,644.2815,217.46457,13.462901,-17.465807,755.8086,,,,,,33.960945,0.01943089723587036,11681.592654943466,1185000,0.05078125,0.002232143,0.0,0.004575963,0.031689048,1.5607337e-05,646.879,0.004560356,0.0,0.7204842,0.7204842,0.1,1.0,0.003871377,0.14716938,722.6261,0.0,185000.0,-0.2857046459280209,-55.63915210997386,200.0,3.7659029960632324,0.029746559608018513
2.7959719e-05,0.0,,,,,,,34.902775,2023.7966,627.315,198.35875,29.6611,-24.002575,1335.6261,,,,,,34.913914,0.01951475729942322,11779.166446685791,1190000,0.05859375,0.002092634,0.0,0.0111391265,0.108483195,2.7959719e-05,628.9249,0.011111166,0.0,0.9970112,0.9970112,0.1,1.0,0.0037503769,0.23358406,566.2292,0.0,190000.0,-0.2588945012843981,-54.21130400959199,200.0,3.791759729385376,0.07836106991044048
5.8094058e-05,0.0,,,,,,,121.34937,2015.939,541.03217,169.17393,50.643536,-57.348053,1823.1649,,,,,,121.41715,0.01937543349266052,11876.043620824814,1195000,0.08984375,0.0037667411,0.0,0.06777873,0.15028727,5.8094058e-05,545.60895,0.06772064,0.0,1.3623979,1.3623979,0.1,1.0,0.0059335576,0.16554996,628.6521,0.0,195000.0,-0.2650314062435884,-52.437451107891036,200.0,3.7981531620025635,0.13875614284688198
1.7348528e-05,0.0,,,,,,,38.506607,2020.3121,669.48596,214.49416,18.508385,-11.71183,906.033,,,,,,38.51121,0.019585476541519164,11973.971009969711,1200000,0.0703125,0.0027901786,0.0,0.004603705,0.058497787,1.7348528e-05,673.4618,0.004586356,0.0,0.94491637,0.94491637,0.1,1.0,0.0035794473,0.17672749,722.0259,0.0,200000.0,-0.2964918367879259,-56.77497181910418,200.0,4.265391111373901,-0.008925144291326714
3.68619e-05,0.0,,,,,,,33.320206,2033.5059,676.83636,258.8605,13.262791,-18.035303,815.5189,,,,,,33.327053,0.02268899636268616,12087.415998220444,1205000,0.06640625,0.0027901786,0.0,0.0068481043,0.050896645,3.68619e-05,678.87415,0.0068112426,0.0,0.862837,0.862837,0.1,1.0,0.00392598,0.18243188,515.3053,0.0,205000.0,-0.29769352363870105,-58.158594863242705,200.0,3.7960078716278076,-0.0560339065720984
1.651872e-05,0.0,,,,,,,71.60587,2032.2487,687.02527,195.71826,30.685337,-16.172148,1037.7482,,,,,,71.62603,0.019455954980850218,12184.69578075409,1210000,0.0703125,0.002511161,0.0,0.020156309,0.030962825,1.651872e-05,691.95654,0.020139791,0.0,1.3800015,1.3800015,0.1,1.0,0.0033489377,0.18553568,825.97015,0.0,210000.0,-0.31172682833005655,-58.99490521445373,200.0,4.233458518981934,-0.0845080966306188
8.6758504e-05,0.0,,,,,,,61.876274,2021.6627,618.2949,255.49947,17.630753,-22.996315,1130.602,,,,,,61.895172,0.019367215251922608,12281.53186416626,1215000,0.05078125,0.002232143,0.0,0.018897695,0.18817389,8.6758504e-05,622.4286,0.018810937,0.0,1.3908337,1.3908337,0.1,1.0,0.0058563296,0.16716523,613.46716,0.0,215000.0,-0.2835826085250012,-56.36782149509517,200.0,3.773191213607788,0.004937264193074996
3.2965494e-05,0.0,,,,,,,95.034515,2029.6688,659.6682,265.19162,27.013569,-27.865107,1457.2749,,,,,,95.0473,0.019359676265716552,12378.330251693726,1220000,0.07421875,0.0029296877,0.0,0.012784117,0.051914692,3.2965494e-05,664.94446,0.012751152,0.0,1.335461,1.335461,0.1,1.0,0.004574344,0.17427678,577.14734,0.0,220000.0,-0.25628312987399676,-52.67495120900525,200.0,3.771437168121338,0.13066988275426053
5.2710384e-05,0.0,,,,,,,30.865004,2021.6836,700.5525,232.98555,13.928927,-7.9252787,697.49243,,,,,,30.872908,0.01965345311164856,12476.597524404526,1225000,0.06640625,0.0033482146,0.0,0.007903871,0.15546787,5.2710384e-05,703.48486,0.007851161,0.0,0.7616046,0.7616046,0.1,1.0,0.0025091572,0.23097922,814.43646,0.0,225000.0,-0.2891090658831017,-56.111194938629886,200.0,3.7886276245117188,0.013674730293159555
8.360811e-05,0.0,,,,,,,17.945927,2020.3997,701.1368,252.8686,10.7786,-11.019316,564.51666,,,,,,17.950193,0.019479631614685057,12573.995690345764,1230000,0.07421875,0.0032087055,0.0,0.004266241,0.27212012,8.360811e-05,702.682,0.004182633,0.0,0.58374697,0.58374697,0.1,1.0,0.0019108786,0.18413682,798.114,0.0,230000.0,-0.2596484549732491,-53.31933318094914,200.0,4.290858507156372,0.10873035430905469
4.232364e-05,0.0,,,,,,,26.0393,2023.7476,652.76843,248.26212,10.188795,-14.172665,686.3938,,,,,,26.059975,0.019361446762084962,12670.802933692932,1235000,0.11328125,0.0053013396,0.0,0.020674134,0.04099071,4.232364e-05,654.13715,0.02063181,0.0,0.6234753,0.6234753,0.1,1.0,0.002743404,0.20704086,624.0328,0.0,235000.0,-0.25354080233048804,-51.18907068652671,200.0,3.7804226875305176,0.18126024593706852
2.3636368e-05,0.0,,,,,,,24.438025,2022.0048,574.3981,241.97565,9.791663,-20.354548,558.3115,,,,,,24.448,0.019531281089782714,12768.459345817566,1240000,0.0546875,0.002092634,0.0,0.009975308,0.054960012,2.3636368e-05,577.0791,0.009951672,0.0,0.8965055,0.8965055,0.1,1.0,0.0032837782,0.20802312,550.9528,0.0,240000.0,-0.29431141909265485,-54.26705033725199,200.0,4.247434854507446,0.07646305259359545
2.3002904e-05,0.0,,,,,,,68.83821,2029.1614,645.75,221.0964,27.296097,-47.0287,1547.5171,,,,,,68.85006,0.01938827977180481,12865.40075135231,1245000,0.05859375,0.002511161,0.0,0.011849361,0.049182415,2.3002904e-05,649.09143,0.011826358,0.0,1.7749188,1.7749188,0.1,1.0,0.005441854,0.20116271,567.8678,0.0,245000.0,-0.27436142119594675,-52.52876174786631,200.0,3.8099660873413086,0.1356472532902046
1.5713857e-05,0.0,,,,,,,52.77604,2032.7994,627.9679,204.76056,18.657497,-17.894764,1085.7992,,,,,,52.78956,0.019356596088409422,12962.183738470078,1250000,0.0546875,0.002092634,0.0,0.013518889,0.036191463,1.5713857e-05,631.2965,0.013503175,0.0,1.2460494,1.2460494,0.1,1.0,0.004958678,0.14764565,681.3401,0.0,250000.0,-0.24842630006230032,-51.28363577435759,200.0,3.7433459758758545,0.17804055090412052
4.8154285e-05,0.0,,,,,,,45.132133,2033.6663,648.05225,241.28937,11.299435,-11.861467,732.1847,,,,,,45.159737,0.019347014379501343,13058.918816328049,1255000,0.09765625,0.0036272323,0.0,0.027604941,0.13972867,4.8154285e-05,650.3804,0.027556786,0.0,0.95490634,0.95490634,0.1,1.0,0.0051662982,0.16255128,617.2844,0.0,255000.0,-0.28618176270253254,-56.60719139469433,200.0,3.758634567260742,-0.003212657669790506
1.5771799e-05,0.0,,,,,,,31.574934,2034.8336,625.41156,212.31834,19.542664,-12.458669,820.54944,,,,,,31.581831,0.01946172490119934,13156.227448701859,1260000,0.046875,0.0016741073,0.0,0.0068974765,0.07946515,1.5771799e-05,627.4414,0.0068817046,0.0,0.7801651,0.7801651,0.1,1.0,0.004044427,0.15170884,553.8714,0.0,260000.0,-0.26467856548737434,-54.852547747719974,200.0,3.7594239711761475,0.05652839015602595
1.0752253e-05,0.0,,,,,,,72.55877,2026.2585,616.2494,171.17262,27.741968,-52.892212,1391.5374,,,,,,72.5762,0.019451091194152833,13253.482911348343,1265000,0.03515625,0.0012555805,0.0,0.01743567,0.026276112,1.0752253e-05,622.6105,0.017424917,0.0,1.3245568,1.3245568,0.1,1.0,0.0037883087,0.212385,634.8059,0.0,265000.0,-0.2878265748350142,-56.05949241840181,200.0,3.7968103885650635,0.015435066495320544
2.7806698e-05,0.0,,,,,,,56.27816,2033.732,655.073,246.62202,15.064063,-14.92505,953.90076,,,,,,56.292747,0.019480030679702758,13350.88307094574,1270000,0.08984375,0.00390625,0.0,0.01458702,0.05303061,2.7806698e-05,657.49634,0.014559213,0.0,1.0478129,1.0478129,0.1,1.0,0.0030215844,0.1436065,691.5078,0.0,270000.0,-0.25375523039257286,-51.04776082337461,200.0,3.8276143074035645,0.18607147886598052
2.1539163e-06,0.0,,,,,,,54.487793,2031.402,632.5918,215.64653,15.598145,-18.364864,1112.662,,,,,,54.507774,0.01950156879425049,13448.390921115875,1275000,0.015625,0.00069754466,0.0,0.019980183,0.006872773,2.1539163e-06,636.40076,0.01997803,0.0,1.3421335,1.3421335,0.1,1.0,0.0043240795,0.21367241,664.4356,0.0,275000.0,-0.2541908723120543,-54.93896243734735,200.0,4.241096258163452,0.05358619496170023
2.4696365e-05,0.0,,,,,,,55.16424,2025.2783,607.66595,259.98523,30.277327,-14.930074,1189.907,,,,,,55.170887,0.01934527850151062,13545.117319345474,1280000,0.0546875,0.001953125,0.0,0.0066442513,0.055206895,2.4696365e-05,610.0296,0.006619555,0.0,0.9751156,0.9751156,0.1,1.0,0.0032669802,0.23022768,644.6673,0.0,280000.0,-0.2603322552204346,-52.79254283621591,200.0,3.7739098072052,0.1266661940068495
1.4608643e-05,0.0,,,,,,,72.18015,2026.5247,621.9285,255.69208,18.281206,-20.097641,1142.9534,,,,,,72.19059,0.019381332159042357,13642.02398610115,1285000,0.078125,0.0027901786,0.0,0.010438393,0.020308137,1.4608643e-05,624.25507,0.010423784,0.0,1.2613486,1.2613486,0.1,1.0,0.0065215994,0.17365693,658.2456,0.0,285000.0,-0.22704955432200297,-51.143644048936245,200.0,3.853661060333252,0.18280690467517624
0.000110309426,0.0,,,,,,,96.79878,2023.6232,651.43243,213.19804,23.982033,-31.85068,1492.7517,,,,,,96.81906,0.01945037794113159,13739.27588224411,1290000,0.09375,0.0036272323,0.0,0.020279432,0.16578019,0.000110309426,654.9281,0.020169122,0.0,1.396172,1.396172,0.1,1.0,0.0065412987,0.1936775,571.25165,0.0,290000.0,-0.2617411061753189,-52.68758392173005,200.0,3.838897705078125,0.1302397717762488
4.2137643e-05,0.0,,,,,,,161.10526,2023.5674,713.6674,199.58504,38.365982,-47.058384,2625.1982,,,,,,161.11595,0.01948845429420471,13836.718160390854,1295000,0.08984375,0.0040457593,0.0,0.010689469,0.08060384,4.2137643e-05,718.89056,0.010647331,0.0,1.047558,1.047558,0.1,1.0,0.0050690714,0.187887,832.12854,0.0,295000.0,-0.2591139905927865,-52.9892682337281,200.0,3.773719549179077,0.11996820641170779
2.1177511e-05,0.0,,,,,,,32.48795,2026.6309,682.4142,222.75632,36.217148,-42.75651,1444.633,,,,,,32.49676,0.019368900203704836,13933.56266784668,1300000,0.04296875,0.0018136161,0.0,0.008812324,0.06501019,2.1177511e-05,684.65,0.008791147,0.0,0.94824827,0.94824827,0.1,1.0,0.003057274,0.22134656,682.7894,0.0,300000.0,-0.30226737428175404,-56.94306961328945,200.0,3.779444694519043,-0.014648436527418755
1.225569e-05,0.0,,,,,,,39.40528,2021.2786,650.1912,244.0515,19.439795,-9.718835,758.8258,,,,,,39.413933,0.022821878051757814,14047.672067403793,1305000,0.0546875,0.002092634,0.0,0.008649894,0.019924164,1.225569e-05,652.07404,0.008637639,0.0,1.0906721,1.0906721,0.1,1.0,0.0045684604,0.1798181,584.65466,0.0,305000.0,-0.2505707515197377,-50.52796208832537,200.0,3.799196243286133,0.203769272457245
7.3505355e-05,0.0,,,,,,,78.66084,2028.443,672.2744,266.40585,38.08397,-35.784977,1653.5831,,,,,,78.668625,0.01951576199531555,14145.250883579254,1310000,0.04296875,0.002092634,0.0,0.0077792704,0.2645173,7.3505355e-05,675.4373,0.007705765,0.0,1.042857,1.042857,0.1,1.0,0.0038561416,0.18771261,747.7528,0.0,310000.0,-0.2840480998150886,-54.42887581816887,200.0,3.7830092906951904,0.07095331629382788
2.7065698e-05,0.0,,,,,,,247.34967,2027.745,623.9884,270.6904,122.93657,-66.386986,3936.268,,,,,,247.38408,0.019426377058029173,14242.38277554512,1315000,0.07421875,0.0032087055,0.0,0.034410518,0.027164698,2.7065698e-05,632.1232,0.034383453,0.0,1.3471848,1.3471848,0.1,1.0,0.007554251,0.18310894,606.081,0.0,315000.0,-0.25668371666952455,-52.06108955463745,200.0,3.8118655681610107,0.15157027384806399
4.9336715e-05,0.0,,,,,,,154.96484,2031.0885,782.56616,243.23271,61.13359,-64.62898,3067.4224,,,,,,154.98334,0.019525246715545654,14340.009015321732,1320000,0.05859375,0.0027901786,0.0,0.01849132,0.11226225,4.9336715e-05,786.54004,0.018441984,0.0,1.2350733,1.2350733,0.1,1.0,0.0070449505,0.23217906,799.152,0.0,320000.0,-0.22876153125147541,-48.71868951788413,200.0,3.8226115703582764,0.26537029289638114
4.663568e-05,0.0,,,,,,,109.61728,2028.7908,733.2539,318.27744,27.79982,-29.3014,1630.6791,,,,,,109.626724,0.019493609142303466,14437.47706747055,1325000,0.0859375,0.0036272323,0.0,0.009444171,0.08322096,4.663568e-05,738.0845,0.009397535,0.0,0.9833199,0.9833199,0.1,1.0,0.0036154673,0.15524642,776.48566,0.0,325000.0,-0.2547333966646643,-52.67496224024176,200.0,3.7964272499084473,0.130669507169378
7.1190466e-06,0.0,,,,,,,67.88646,2034.8375,842.6593,285.4128,21.330334,-23.886133,1517.4062,,,,,,67.95896,0.019404578495025634,14534.499965906143,1330000,0.05078125,0.001953125,0.0,0.072502986,0.02056086,7.1190466e-06,847.3684,0.07249586,0.0,1.2037694,1.2037694,0.1,1.0,0.0035252534,0.17117895,873.46045,0.0,330000.0,-0.2947064003416076,-58.00718876701753,200.0,4.239490032196045,-0.050878923193390484
4.6249297e-05,0.0,,,,,,,45.557297,2031.1722,772.17975,260.3297,29.4014,-37.31442,1375.6301,,,,,,45.568092,0.019344012308120728,14631.22003364563,1335000,0.09375,0.0036272323,0.0,0.010797483,0.11936939,4.6249297e-05,775.0427,0.010751233,0.0,1.0258384,1.0258384,0.1,1.0,0.001899216,0.19322152,821.22253,0.0,335000.0,-0.2508081970218074,-51.67970934477305,200.0,3.813042640686035,0.16455527704037418
4.4585675e-05,0.0,,,,,,,160.9292,2020.6617,910.5471,288.88766,96.162094,-59.043007,3370.75,,,,,,160.96036,0.019459835386276245,14728.519217014313,1340000,0.0859375,0.0032087055,0.0,0.031150902,0.0524019,4.4585675e-05,919.77454,0.031106316,0.0,1.7815894,1.7815894,0.1,1.0,0.004110094,0.21268538,1008.3213,0.0,340000.0,-0.2813394818314769,-56.12244246673831,200.0,4.228386402130127,0.013291781244897572
6.5510714e-05,0.0,,,,,,,39.666054,2033.8925,854.7582,322.29886,47.34724,-49.456825,1572.1838,,,,,,39.672146,0.019389872646331786,14825.468586444855,1345000,0.0859375,0.0034877234,0.0,0.0060921814,0.17769456,6.5510714e-05,856.0875,0.006026671,0.0,0.7082945,0.7082945,0.1,1.0,0.0020392449,0.14236344,872.5861,0.0,345000.0,-0.32281110227697635,-58.331542920057714,200.0,4.278292417526245,-0.06192233762269023
6.061189e-05,0.0,,,,,,,50.893497,2035.5941,778.5827,384.1685,14.8788185,-22.994993,964.9244,,,,,,50.90258,0.019379008388519286,14922.363637447357,1350000,0.1015625,0.004324777,0.0,0.009083377,0.1431917,6.061189e-05,780.36993,0.009022765,0.0,0.8336984,0.8336984,0.1,1.0,0.0027292613,0.19756167,878.4772,0.0,350000.0,-0.2520701354702487,-51.48174027155505,200.0,3.815101146697998,0.17129560855529072
4.045993e-05,0.0,,,,,,,50.001446,2033.247,700.4033,377.4014,19.246874,-18.406263,920.79034,,,,,,50.014885,0.019539941358566282,15020.06335067749,1355000,0.12890625,0.0051618307,0.0,0.013439563,0.09891546,4.045993e-05,702.2694,0.013399103,0.0,1.4667355,1.4667355,0.1,1.0,0.0034442283,0.21250978,649.8253,0.0,355000.0,-0.2867087991870736,-54.67327284197649,200.0,3.76692533493042,0.0626322339401802
6.615053e-05,0.0,,,,,,,98.519806,2026.3345,737.9473,327.7085,56.370342,-44.804222,2451.6206,,,,,,98.60068,0.01944707307815552,15117.298722982407,1360000,0.07421875,0.0027901786,0.0,0.08087023,0.13220239,6.615053e-05,744.0997,0.08080408,0.0,1.8700871,1.8700871,0.1,1.0,0.0054746657,0.20902805,701.3084,0.0,360000.0,-0.25814356088485935,-48.789567706207265,200.0,3.817140579223633,0.26295707512095357
7.869916e-05,0.0,,,,,,,50.59754,2033.398,727.29974,334.34378,17.375278,-18.478828,1109.7881,,,,,,50.6059,0.01945814199447632,15214.58943939209,1365000,0.22265625,0.009486607,0.0,0.008357386,0.11804247,7.869916e-05,730.40137,0.008278687,0.0,1.2671633,1.2671633,0.1,1.0,0.0038292394,0.22023922,805.48035,0.0,365000.0,-0.3268594011615619,-59.57863930945863,200.0,3.7667295932769775,-0.1043827227676016
5.810013e-05,0.0,,,,,,,35.72118,2021.565,695.1453,372.3958,19.363266,-10.641251,775.1995,,,,,,35.72917,0.01938272180557251,15311.503055095673,1370000,0.0703125,0.0034877234,0.0,0.007992984,0.12653005,5.810013e-05,696.96094,0.007934883,0.0,0.82881385,0.82881385,0.1,1.0,0.0017893875,0.17280047,732.2054,0.0,370000.0,-0.26007919965104714,-54.65821131142163,200.0,3.7619564533233643,0.06314503984168586
5.0724186e-05,0.0,,,,,,,43.838837,2033.6621,677.92896,312.97958,37.57936,-19.314932,987.9144,,,,,,43.84857,0.019510641860961915,15409.056271076202,1375000,0.1015625,0.004464286,0.0,0.009733502,0.076245904,5.0724186e-05,679.8235,0.009682777,0.0,0.90077615,0.90077615,0.1,1.0,0.0028544404,0.2030607,587.2366,0.0,375000.0,-0.2905939167579835,-52.89494834404098,200.0,3.788606882095337,0.1231795530862536
5.121029e-05,0.0,,,,,,,78.38015,2036.6641,654.83484,254.47224,21.326427,-23.713036,1092.8633,,,,,,78.38952,0.019437803888320924,15506.24529671669,1380000,0.06640625,0.0026506698,0.0,0.009371909,0.1853764,5.121029e-05,659.3013,0.009320699,0.0,1.7425945,1.7425945,0.1,1.0,0.005328401,0.21126853,739.16284,0.0,380000.0,-0.25289564493688677,-51.350121524839125,200.0,3.79990553855896,0.17577688420113974
9.0160596e-05,0.0,,,,,,,85.98453,2043.8307,695.81384,284.75323,40.636215,-52.3563,1989.2836,,,,,,85.99979,0.019484586429595947,15603.668234825134,1385000,0.06640625,0.0029296877,0.0,0.015261235,0.376575,9.0160596e-05,698.5601,0.015171074,0.0,1.6894832,1.6894832,0.1,1.0,0.0066721085,0.2244833,696.6824,0.0,385000.0,-0.25661563402011384,-52.370840228069255,200.0,3.798666477203369,0.14102406987811403
8.6863845e-05,0.0,,,,,,,77.56747,2041.8223,667.27576,272.2654,29.526419,-21.98333,1275.7052,,,,,,77.582245,0.019590337896347045,15701.619931221008,1390000,0.0625,0.0023716518,0.0,0.014779113,0.22469962,8.6863845e-05,671.41693,0.01469225,0.0,1.098181,1.098181,0.1,1.0,0.0033254032,0.20098849,776.3379,0.0,390000.0,-0.28714464618509883,-53.49356094312098,200.0,3.936042070388794,0.10279835262287679
5.947684e-05,0.0,,,,,,,76.817535,2038.0857,770.51355,293.41,36.781616,-44.517197,1679.5496,,,,,,76.87838,0.01950665922164917,15799.1532330513,1395000,0.08203125,0.0037667411,0.0,0.060843408,0.1759466,5.947684e-05,776.8611,0.06078393,0.0,1.6562192,1.6562192,0.1,1.0,0.0051199947,0.213013,854.0316,0.0,395000.0,-0.280820969097834,-55.1207444427713,200.0,3.773810625076294,0.0473969909608587
2.8048744e-05,0.0,,,,,,,59.068188,2045.8281,722.3085,324.19278,12.65318,-12.47109,902.8057,,,,,,59.077244,0.01932858486175537,15895.796164989471,1400000,0.09765625,0.0037667411,0.0,0.009055281,0.03675115,2.8048744e-05,724.2528,0.009027232,0.0,1.1115785,1.1115785,0.1,1.0,0.0043039448,0.19955023,727.4375,0.0,400000.0,-0.29277400100085055,-58.85894207673137,200.0,3.779841423034668,-0.07987890578196638
0.00013044183,0.0,,,,,,,75.64809,2042.3477,675.8768,282.04056,50.29192,-32.71299,1945.5486,,,,,,75.68066,0.022864575719833375,16010.11905002594,1405000,0.07421875,0.0032087055,0.0,0.03256858,0.6101619,0.00013044183,677.9431,0.03243814,0.0,0.8988923,0.8988923,0.1,1.0,0.003747636,0.21654448,680.3906,0.0,405000.0,-0.2628555072509107,-53.755615110149606,200.0,3.7966067790985107,0.09387609051432443
4.3757213e-05,0.0,,,,,,,345.25394,2039.3502,837.3329,254.54355,98.78663,-107.3261,4179.6367,,,,,,345.32144,0.019615639781951903,16108.197255134583,1410000,0.0703125,0.0027901786,0.0,0.06749999,0.056429982,4.3757213e-05,854.2949,0.06745623,0.0,3.4697223,3.4697223,0.1,1.0,0.0062546926,0.2172032,928.5658,0.0,410000.0,-0.28125007518651707,-54.71575797617808,200.0,4.2573089599609375,0.06118572573402671
4.9147326e-05,0.0,,,,,,,45.306854,2030.355,879.9873,286.99918,25.23661,-21.79357,1218.7965,,,,,,45.316402,0.019446452951431274,16205.429527282715,1415000,0.11328125,0.004603795,0.0,0.00954946,0.05588758,4.9147326e-05,882.8033,0.009500313,0.0,0.99283004,0.99283004,0.1,1.0,0.0046310644,0.2032836,862.28937,0.0,415000.0,-0.2962709357187445,-58.1576412104829,200.0,3.7835371494293213,-0.05600143717853752
7.287586e-05,0.0,,,,,,,60.347424,2036.624,795.624,342.3273,112.563965,-97.169655,4240.608,,,,,,60.356693,0.019390806722640992,16302.383567094803,1420000,0.140625,0.006417411,0.0,0.009269888,0.10247135,7.287586e-05,797.0891,0.009197012,0.0,1.0154228,1.0154228,0.1,1.0,0.0034089875,0.23080577,811.222,0.0,420000.0,-0.29601380093235874,-55.62407402030285,200.0,3.8108043670654297,0.030259929304316036
0.0001059152,0.0,,,,,,,36.798683,2034.8021,754.444,315.7218,54.86985,-42.366543,1767.0789,,,,,,36.80755,0.019479458379745483,16399.780865192413,1425000,0.09765625,0.004185268,0.0,0.0088672545,0.2798909,0.0001059152,755.75916,0.008761339,0.0,0.97691613,0.97691613,0.1,1.0,0.0032475314,0.18204156,725.22266,0.0,425000.0,1.8038955807887143,-49.10984466707344,200.0,3.8451178073883057,0.25205247846988615
4.6671885e-05,0.0,,,,,,,82.82987,2032.4229,752.53827,365.82098,44.148052,-37.280212,1732.6202,,,,,,82.84303,0.01962161383628845,16497.88894176483,1430000,0.09375,0.004324777,0.0,0.01316126,0.07060969,4.6671885e-05,758.897,0.013114587,0.0,1.4056346,1.4056346,0.1,1.0,0.004709906,0.21681932,667.5342,0.0,430000.0,-0.2856011147878093,-54.03685451324271,200.0,4.261317729949951,0.08430062106805762
2.2870323e-05,0.0,,,,,,,85.21533,2032.5577,867.0819,352.29404,31.617207,-31.549877,1479.8845,,,,,,85.23802,0.0193507550239563,16594.642723798752,1435000,0.0625,0.002511161,0.0,0.022687916,0.024267197,2.2870323e-05,872.4616,0.022665046,0.0,1.8544302,1.8544302,0.1,1.0,0.003763631,0.1888645,829.0581,0.0,435000.0,-0.28144939190570134,-56.54632421708493,200.0,3.772439479827881,-0.0011402887447064637
3.5019442e-05,0.0,,,,,,,80.133865,2033.8589,810.02875,303.64487,28.19706,-38.214256,1579.5162,,,,,,80.14985,0.019585709047317504,16692.571275949478,1440000,0.06640625,0.0026506698,0.0,0.01598704,0.13219702,3.5019442e-05,813.4093,0.01595202,0.0,1.4844198,1.4844198,0.1,1.0,0.0036098731,0.23956113,796.957,0.0,440000.0,-0.2909215054094151,-52.425344073027134,200.0,3.922241687774658,0.139168355862374
9.2519185e-05,0.0,,,,,,,54.2968,2039.742,781.82214,241.08507,46.101105,-36.36324,1422.5493,,,,,,54.30136,0.019411309576034545,16789.62783050537,1445000,0.07421875,0.0032087055,0.0,0.0045639975,0.1280427,9.2519185e-05,784.0427,0.0044714785,0.0,0.9439592,0.9439592,0.1,1.0,0.002922375,0.25556913,867.3663,0.0,445000.0,-0.2697327025626895,-56.17004113874664,200.0,3.781649112701416,0.011671170389925278
4.6265646e-05,0.0,,,,,,,43.01626,2035.5906,667.5779,198.52489,38.651505,-23.967625,1463.612,,,,,,43.02332,0.019427461099624635,16886.765142202377,1450000,0.046875,0.001953125,0.0,0.0070612608,0.17349076,4.6265646e-05,669.6975,0.007014995,0.0,0.92514503,0.92514503,0.1,1.0,0.0035269414,0.21763702,716.5252,0.0,450000.0,9.948056619495427,497.63465576333186,200.0,3.8066225051879883,18.867279225529312
5.9582893e-05,0.0,,,,,,,103.92679,2041.0605,673.9801,318.21506,56.71869,-25.556526,1649.1045,,,,,,103.94784,0.019570790100097657,16984.61909866333,1455000,0.16796875,0.0075334823,0.0,0.021053242,0.21119368,5.9582893e-05,679.02893,0.02099366,0.0,2.2274122,2.2274122,0.1,1.0,0.005539522,0.17684847,683.6669,0.0,455000.0,-0.2574355122258177,-53.157325476043326,200.0,4.266044855117798,0.11424629486121071
5.5409986e-05,0.0,,,,,,,137.9154,2040.5522,850.1878,290.8913,42.445435,-47.660778,1740.5881,,,,,,137.9547,0.01944087700843811,17081.823491096497,1460000,0.125,0.0047433036,0.0,0.039284017,0.114999294,5.5409986e-05,858.00366,0.039228607,0.0,2.0990286,2.0990286,0.1,1.0,0.0048718043,0.22444525,875.52014,0.0,460000.0,-0.28641915353202985,-57.92366292800469,200.0,3.802746534347534,-0.04803508584113829
0.00016092992,0.0,,,,,,,162.6877,2043.3025,805.4989,314.65884,152.29507,-85.29135,3925.423,,,,,,162.69832,0.019437784194946288,17179.012419700623,1465000,0.08203125,0.0034877234,0.0,0.010618738,0.2708987,0.00016092992,814.48706,0.010457808,0.0,2.0112514,2.0112514,0.1,1.0,0.0047582174,0.22254924,835.80457,0.0,465000.0,-0.2670437139167725,-52.74816732566624,200.0,4.25606369972229,0.1281770646059106
8.861443e-05,0.0,,,,,,,51.355217,2041.8601,838.9549,360.6847,29.265621,-19.259718,1475.323,,,,,,51.36103,0.019503393173217774,17276.52939248085,1470000,0.10546875,0.004324777,0.0,0.0058141905,0.1455977,8.861443e-05,842.2891,0.005725576,0.0,0.8933711,0.8933711,0.1,1.0,0.0026772832,0.20151743,896.1092,0.0,470000.0,-0.29077301141937256,-55.20442898788373,200.0,4.219608783721924,0.04454775007911935
3.3937245e-05,0.0,,,,,,,67.36301,2047.7411,778.478,301.7403,40.815777,-37.104816,1293.3079,,,,,,67.37306,0.019334152364730836,17373.200160741806,1475000,0.12890625,0.0048828125,0.0,0.010058929,0.03599572,3.3937245e-05,781.2108,0.010024992,0.0,0.78128904,0.78128904,0.1,1.0,0.0030718548,0.24355641,809.7456,0.0,475000.0,-0.3214040135587179,-55.36660597539164,200.0,3.773585557937622,0.03902604589510242
0.00011345899,0.0,,,,,,,138.82762,2039.7542,875.50287,273.5738,56.003357,-50.1174,2321.6423,,,,,,138.84995,0.01941943783760071,17470.297356128693,1480000,0.16796875,0.0075334823,0.0,0.022328725,0.2667117,0.00011345899,883.667,0.022215266,0.0,2.8509016,2.8509016,0.1,1.0,0.004526023,0.18805654,944.48975,0.0,480000.0,-0.28284949775015067,-52.97247490373841,200.0,3.8146488666534424,0.12053997557509243
8.957662e-05,0.0,,,,,,,87.34541,2042.5927,826.442,461.3546,29.388195,-28.631594,1555.4829,,,,,,87.36066,0.01940883355140686,17567.34153151512,1485000,0.0859375,0.0036272323,0.0,0.015242527,0.16329312,8.957662e-05,830.22784,0.015152951,0.0,1.1515362,1.1515362,0.1,1.0,0.0026713929,0.20715384,890.3831,0.0,485000.0,-0.3357283744285981,-58.436432235213275,200.0,3.7886860370635986,-0.06549354571610035
4.7439946e-05,0.0,,,,,,,80.75217,2044.7081,926.3053,422.14368,35.801567,-40.42289,2039.9298,,,,,,80.75768,0.01948587145805359,17664.770894289017,1490000,0.046875,0.002232143,0.0,0.005513221,0.13274407,4.7439946e-05,930.19696,0.005465781,0.0,0.96554184,0.96554184,0.1,1.0,0.0028570718,0.18822606,974.1367,0.0,490000.0,-0.2870103736396813,-57.04868034525967,200.0,3.7752366065979004,-0.018244206985102113
0.00012169214,0.0,,,,,,,60.63167,2046.8043,844.17,322.24768,33.89573,-57.534924,1595.9374,,,,,,60.64248,0.019458633947372437,17762.064069747925,1495000,0.12109375,0.005022322,0.0,0.010806785,0.58425117,0.00012169214,848.53046,0.010685093,0.0,1.2679608,1.2679608,0.1,1.0,0.004617695,0.23495048,853.5272,0.0,495000.0,-0.25497664716023505,-54.02604204503355,200.0,3.7704756259918213,0.08466875745946244
0.00018469428,0.0,,,,,,,43.269325,2044.013,895.9781,392.55322,15.229472,-16.50378,896.0569,,,,,,43.281994,0.019435281229019163,17859.240482091904,1500000,0.09765625,0.004464286,0.0,0.012669099,0.5007868,0.00018469428,899.3817,0.012484404,0.0,1.4605086,1.4605086,0.1,1.0,0.0026881744,0.21482915,915.31885,0.0,500000.0,-0.2783206043621279,-56.21524902006629,200.0,3.7646570205688477,0.01013195973328966
9.9069024e-05,0.0,,,,,,,39.880516,2028.7781,789.60925,423.0479,48.283665,-23.54978,940.3241,,,,,,39.89002,0.022762361478805542,17973.05229640007,1505000,0.1328125,0.0053013396,0.0,0.009501682,0.43014193,9.9069024e-05,791.00757,0.009402612,0.0,0.9424035,0.9424035,0.1,1.0,0.002650736,0.22919767,782.88837,0.0,505000.0,-0.2913315008064518,-53.428331034529236,200.0,3.779508113861084,0.1050192611791941
7.5797936e-05,0.0,,,,,,,53.198357,2050.9119,718.5879,361.94598,15.672742,-41.430527,1068.1665,,,,,,53.204784,0.019526731729507446,18070.685961961746,1510000,0.07421875,0.0032087055,0.0,0.0064274063,0.10079241,7.5797936e-05,720.8562,0.0063516083,0.0,1.0516332,1.0516332,0.1,1.0,0.0046710144,0.23273438,714.2303,0.0,510000.0,1.9017579545314616,33.066107041785685,200.0,3.8131706714630127,3.049929682559908
5.0520277e-05,0.0,,,,,,,78.0748,2049.8286,784.39905,364.37875,32.654297,-82.849106,2087.5623,,,,,,78.085045,0.019596904516220093,18168.670491218567,1515000,0.08984375,0.0032087055,0.0,0.010244032,0.06997633,5.0520277e-05,789.2584,0.010193512,0.0,1.6885426,1.6885426,0.1,1.0,0.0045708613,0.20142701,751.7379,0.0,515000.0,-0.28425077682227934,-55.91402251889291,200.0,3.770658016204834,0.020387937831197613
6.732934e-05,0.0,,,,,,,45.964176,2054.5032,739.1085,345.64825,23.143744,-44.886738,1506.2822,,,,,,45.972237,0.019466005420684815,18266.000524520874,1520000,0.078125,0.0037667411,0.0,0.008060865,0.076387286,6.732934e-05,741.58185,0.007993536,0.0,1.0904891,1.0904891,0.1,1.0,0.0037746686,0.21099147,713.55023,0.0,520000.0,-0.20238783288506937,171.38969066231104,200.0,3.796689987182617,7.759487568436942
0.00012539813,0.0,,,,,,,45.18098,2057.5432,743.3624,325.79364,33.73378,-31.448156,1337.3533,,,,,,45.192604,0.01955944609642029,18363.797761440277,1525000,0.078125,0.0032087055,0.0,0.011622494,0.34939027,0.00012539813,745.7654,0.011497096,0.0,1.0009463,1.0009463,0.1,1.0,0.002384889,0.20606491,700.9407,0.0,525000.0,-0.27496575023197545,-53.17380922708007,200.0,3.783815383911133,0.1136850660551605
0.00011530015,0.0,,,,,,,173.35349,2060.7402,769.6826,321.7868,55.720238,-44.524967,2169.2434,,,,,,173.40144,0.019556012678146363,18461.57783126831,1530000,0.06640625,0.0026506698,0.0,0.047953226,0.19025946,0.00011530015,776.655,0.047837924,0.0,2.8188024,2.8188024,0.1,1.0,0.0060073896,0.20757523,927.35504,0.0,530000.0,-0.25264823008249027,-51.96244331755104,200.0,3.790933609008789,0.15492892138756745
4.3477598e-05,0.0,,,,,,,127.16141,2064.5256,804.577,316.10965,83.13212,-114.41478,3686.73,,,,,,127.1837,0.019456066131591798,18558.85816836357,1535000,0.12109375,0.0051618307,0.0,0.02229067,0.08191323,4.3477598e-05,809.82886,0.022247192,0.0,1.3500409,1.3500409,0.1,1.0,0.0048965802,0.20086804,757.4347,0.0,535000.0,-0.28077607251698455,-57.5915857295194,200.0,3.843416452407837,-0.03672872182199305
9.6788055e-05,0.0,,,,,,,98.080795,2064.1711,809.2401,346.94525,23.904993,-82.18695,1445.812,,,,,,98.10975,0.019557140970230102,18656.643879175186,1540000,0.08984375,0.0036272323,0.0,0.028950287,0.16175961,9.6788055e-05,815.16626,0.028853498,0.0,2.318389,2.318389,0.1,1.0,0.0041445247,0.21831872,865.1305,0.0,540000.0,-0.2594072732510286,-50.60724863666711,200.0,3.7894480228424072,0.20106977191501488
5.6265904e-05,0.0,,,,,,,82.45621,2067.4875,820.1433,336.26694,53.537342,-39.057114,1801.9989,,,,,,82.523315,0.019459407997131348,18753.940925598145,1545000,0.09375,0.0040457593,0.0,0.067110375,0.04593146,5.6265904e-05,824.1466,0.06705411,0.0,1.5062033,1.5062033,0.1,1.0,0.0034981212,0.20030126,860.765,0.0,545000.0,-0.27648025401538046,-54.02164236962913,200.0,3.8384666442871094,0.08481855495207972
4.2996886e-05,0.0,,,,,,,52.46663,2070.9673,795.3623,302.91556,28.563957,-30.023521,910.14734,,,,,,52.474247,0.019615967416763306,18852.020770072937,1550000,0.12109375,0.0054408484,0.0,0.00761902,0.068798184,4.2996886e-05,797.5358,0.007576023,0.0,1.0716146,1.0716146,0.1,1.0,0.0030340212,0.18529813,801.21643,0.0,550000.0,-0.2533082228812458,-52.47926920379165,200.0,3.804342031478882,0.13733234555818966
0.00032756015,0.0,,,,,,,75.64697,2072.1223,722.04034,383.55768,72.50027,-45.833046,1812.148,,,,,,75.66678,0.019608327770233153,18950.062415122986,1555000,0.08203125,0.004324777,0.0,0.019807244,0.7615,0.00032756015,726.34216,0.019479683,0.0,1.62562,1.62562,0.1,1.0,0.0034149652,0.16368893,719.05066,0.0,555000.0,-0.25497409851649866,-51.730368060520355,200.0,3.7834300994873047,0.1628304796631559
0.00012896601,0.0,,,,,,,96.07491,2071.6355,760.261,288.07574,44.570366,-62.99212,2276.2168,,,,,,96.0933,0.019441683435440064,19047.270837783813,1560000,0.0625,0.0029296877,0.0,0.0183876,0.5301322,0.00012896601,763.3248,0.018258635,0.0,1.3554499,1.3554499,0.1,1.0,0.0055967793,0.24434105,749.4142,0.0,560000.0,-0.3131107149807188,-58.09175512125639,200.0,3.775067090988159,-0.05375818738002476
6.5603046e-05,0.0,,,,,,,105.01601,2072.5588,778.46436,335.93857,61.711056,-72.174,3141.5293,,,,,,105.03781,0.019712188291549682,19145.8317861557,1565000,0.0703125,0.0029296877,0.0,0.021804865,0.1446979,6.5603046e-05,784.20325,0.021739263,0.0,1.8351967,1.8351967,0.1,1.0,0.0058036256,0.18924929,810.535,0.0,565000.0,-0.2469564922495929,-49.34366755434576,200.0,3.8241429328918457,0.24409141793466388
7.604793e-05,0.0,,,,,,,129.80978,2074.0479,831.4789,280.38705,55.591454,-42.68182,2548.5222,,,,,,129.8376,0.019371856880187988,19242.69107747078,1570000,0.11328125,0.004464286,0.0,0.027823135,0.3652302,7.604793e-05,837.7521,0.027747087,0.0,2.1807868,2.1807868,0.1,1.0,0.0066988845,0.20267382,793.7508,0.0,570000.0,-0.2824927474984482,-56.26875515005007,200.0,3.7711193561553955,0.008310215314787737
0.00022000389,0.0,,,,,,,36.31968,2077.9634,785.35095,401.60822,18.633064,-20.51219,885.8677,,,,,,36.32405,0.01948783965110779,19340.1302819252,1575000,0.09765625,0.004185268,0.0,0.004372773,0.7010182,0.00022000389,787.2249,0.004152769,0.0,0.9676838,0.9676838,0.1,1.0,0.002525045,0.24709372,862.97064,0.0,575000.0,-0.25317594615506095,-55.474905621179495,200.0,4.279610872268677,0.03533872492272859
3.7876624e-05,0.0,,,,,,,27.184002,2079.691,682.26514,342.04468,13.202604,-20.43792,661.03064,,,,,,27.19169,0.01950036816596985,19437.632128715515,1580000,0.1015625,0.0037667411,0.0,0.0076893102,0.0501616,3.7876624e-05,683.807,0.007651434,0.0,0.9036575,0.9036575,0.1,1.0,0.0030873353,0.20048454,699.59656,0.0,580000.0,-0.28075226365574363,-52.07602630807758,200.0,4.248124122619629,0.1510617162824477
1.1076968e-05,0.0,,,,,,,55.846573,2085.7073,681.6483,270.53156,62.581192,-56.986897,1996.386,,,,,,55.866173,0.01951292552947998,19535.19676709175,1585000,0.05078125,0.001953125,0.0,0.019599488,0.018578768,1.1076968e-05,684.94635,0.01958841,0.0,1.8260999,1.8260999,0.1,1.0,0.004361951,0.21517581,699.40845,1.0,585000.0,19.961049240696077,753.6315112586118,200.0,3.8297841548919678,27.583305647061522
9.441215e-05,0.0,,,,,,,115.765015,2088.191,692.5732,245.40028,66.62367,-78.08193,2205.249,,,,,,115.78453,0.019584957122802733,19633.12155842781,1590000,0.0625,0.0023716518,0.0,0.019518536,0.23486161,9.441215e-05,696.7742,0.019424124,0.0,1.7489467,1.7489467,0.1,1.0,0.006322452,0.18019061,646.2523,0.0,590000.0,-0.2637651227112401,-50.23526490281302,200.0,3.7979159355163574,0.21373484956364333
3.6884267e-05,0.0,,,,,,,110.67562,2088.3528,804.59424,350.7148,121.187454,-64.57558,2177.194,,,,,,110.69275,0.019549200439453126,19730.86756658554,1595000,0.05078125,0.001953125,0.0,0.01713134,0.06870496,3.6884267e-05,810.0572,0.017094456,0.0,1.8369954,1.8369954,0.1,1.0,0.00510795,0.23989505,781.048,0.0,595000.0,-0.25720856884059307,-51.08535141930093,200.0,3.7775397300720215,0.1847916169447822
6.789297e-05,0.0,,,,,,,93.52074,2088.9033,769.30475,318.54514,139.82277,-131.09059,3699.6152,,,,,,93.53542,0.01956400375366211,19828.68759202957,1600000,0.1171875,0.004603795,0.0,0.014686793,0.17703962,6.789297e-05,772.5735,0.0146189,0.0,1.5289421,1.5289421,0.1,1.0,0.003483915,0.15787844,771.4965,0.0,600000.0,9.961335127320213,680.2402824509231,200.0,3.8300912380218506,25.084525386034745
0.0001977013,0.0,,,,,,,64.93901,2094.2324,766.6631,328.3795,57.510345,-34.72353,1538.0154,,,,,,64.95289,0.02319006199836731,19944.63790822029,1605000,0.08984375,0.004185268,0.0,0.013878124,0.27086103,0.0001977013,769.0164,0.013680423,0.0,1.7229682,1.7229682,0.1,1.0,0.004041859,0.17452,767.98303,0.0,605000.0,1.9096259212216697,137.59628838216574,200.0,3.875887632369995,6.608910204596455
7.0933136e-05,0.0,,,,,,,79.936874,2096.9185,737.2117,292.02557,70.44874,-110.940414,1750.6191,,,,,,79.94349,0.019636087942123414,20042.818354845047,1610000,0.05859375,0.002511161,0.0,0.0066184304,0.29066908,7.0933136e-05,739.5149,0.006547497,0.0,1.0319592,1.0319592,0.1,1.0,0.0035144687,0.1770503,694.9393,0.0,610000.0,1.858121374176774,33.968052613956935,200.0,4.320422410964966,3.080638581005629
8.3806364e-05,0.0,,,,,,,55.564354,2098.3777,644.44934,258.78275,39.688076,-32.03313,1270.3198,,,,,,55.573513,0.01951856245994568,20140.411174058914,1615000,0.046875,0.002092634,0.0,0.009158501,0.1730119,8.3806364e-05,647.3463,0.009074695,0.0,1.1117765,1.1117765,0.1,1.0,0.004419985,0.21417037,726.89087,0.0,615000.0,-0.272238608799455,-49.99843316418969,200.0,3.785176992416382,0.2217983536535848
0.0001220496,0.0,,,,,,,97.52057,2099.326,719.05505,240.62369,117.07335,-116.10232,2609.0044,,,,,,97.537865,0.01954666576385498,20238.14450955391,1620000,0.0703125,0.0030691966,0.0,0.017298868,0.25756848,0.0001220496,721.69543,0.017176818,0.0,1.7128856,1.7128856,0.1,1.0,0.00631947,0.17911431,690.3185,0.0,620000.0,-0.26796107904480365,-53.57532326637611,200.0,3.7970216274261475,0.10001455839072193
5.7117533e-05,0.0,,,,,,,113.49288,2104.026,701.62354,303.6866,33.13486,-34.706997,1905.4365,,,,,,113.54769,0.01965473704338074,20336.418200731277,1625000,0.03515625,0.0015345983,0.0,0.054811016,0.10956526,5.7117533e-05,705.6542,0.0547539,0.0,1.9107393,1.9107393,0.1,1.0,0.00569838,0.2366813,602.9791,0.0,625000.0,-0.24349457884963868,-49.308686073309026,200.0,3.822864294052124,0.245282446286909
7.8313606e-05,0.0,,,,,,,90.9563,2100.2197,735.5034,321.89273,116.71927,-49.9594,2240.397,,,,,,90.99334,0.019664648914337158,20434.741451978683,1630000,0.08203125,0.0033482146,0.0,0.037042815,0.12323964,7.8313606e-05,738.9408,0.036964502,0.0,2.0354264,2.0354264,0.1,1.0,0.004415572,0.23272674,771.3097,1.0,630000.0,19.94646524172517,452.9352321908375,200.0,3.891486883163452,17.345380231374268
6.4678214e-05,0.0,,,,,,,113.936905,2099.571,733.99023,263.8172,45.516422,-39.07081,2049.0132,,,,,,113.98961,0.01974032015800476,20533.44305896759,1635000,0.08984375,0.0037667411,0.0,0.052703083,0.09750271,6.4678214e-05,739.6409,0.052638404,0.0,1.9235073,1.9235073,0.1,1.0,0.004680978,0.19661112,852.3966,0.0,635000.0,-0.22475471295913174,-46.18184075280858,200.0,4.344844341278076,0.3517433884605863
0.00012935163,0.0,,,,,,,101.661575,2099.5105,762.75214,282.8916,34.15464,-53.287178,2323.6997,,,,,,101.68365,0.019515379667282104,20631.019963741302,1640000,0.07421875,0.0036272323,0.0,0.022069933,0.19401073,0.00012935163,768.7201,0.021940582,0.0,1.5634254,1.5634254,0.1,1.0,0.0043838862,0.1997488,859.8252,0.0,640000.0,9.94336906106186,758.8485577007299,200.0,3.8124444484710693,27.760932495422164
8.9602785e-05,0.0,,,,,,,125.658195,2098.7207,779.8736,305.80734,61.82431,-165.63333,2911.3535,,,,,,125.670334,0.019744025611877443,20729.740097999573,1645000,0.09375,0.0033482146,0.0,0.012140647,0.11835945,8.9602785e-05,783.3088,0.012051044,0.0,1.9596499,1.9596499,0.1,1.0,0.0052087205,0.20321898,716.10376,0.0,645000.0,-0.25762828415251016,-56.34938672996254,200.0,3.9977095127105713,0.005564919949470503
0.00014049196,0.0,,,,,,,102.45145,2098.4753,731.7192,267.11514,88.03454,-204.19482,3021.1133,,,,,,102.464935,0.01972534055709839,20828.36681008339,1650000,0.09375,0.0040457593,0.0,0.013485202,0.2151308,0.00014049196,734.4584,0.01334471,0.0,1.2533666,1.2533666,0.1,1.0,0.0036917469,0.19745855,751.8738,0.0,650000.0,-0.2771584829802294,-56.063461366822565,200.0,3.8249094486236572,0.015299934135065271
0.00011691906,0.0,,,,,,,224.59999,2101.2554,764.4381,252.89145,286.849,-384.41586,8219.991,,,,,,224.62396,0.019691349935531618,20926.823565721512,1655000,0.0546875,0.0026506698,0.0,0.02396466,0.18356657,0.00011691906,768.60144,0.023847742,0.0,2.4314842,2.4314842,0.1,1.0,0.004846557,0.22320287,715.9815,0.0,655000.0,9.970290996605204,822.3166649258637,200.0,3.8090977668762207,29.921856302195664
4.483136e-05,0.0,,,,,,,193.44774,2094.8862,769.6018,230.73851,130.9673,-116.729065,5571.331,,,,,,193.47179,0.019631521892547608,21024.981181383133,1660000,0.0703125,0.0027901786,0.0,0.0240482,0.16181147,4.483136e-05,774.44763,0.024003368,0.0,2.1008213,2.1008213,0.1,1.0,0.009146381,0.23284969,761.3464,0.0,660000.0,-0.26385441677146304,-50.65779722043348,200.0,4.409762620925903,0.19934872424501004
8.549563e-05,0.0,,,,,,,104.19737,2095.5867,780.40295,249.96794,40.148026,-83.20648,2124.9973,,,,,,104.21948,0.01977817440032959,21123.8720600605,1665000,0.09765625,0.0037667411,0.0,0.02211003,0.20375001,8.549563e-05,783.77155,0.022024535,0.0,1.4584179,1.4584179,0.1,1.0,0.0040248525,0.18580057,712.3059,1.0,665000.0,19.970529134720234,1060.3971578709804,200.0,3.8459229469299316,38.02787722556326
6.618702e-05,0.0,,,,,,,94.18762,2091.6484,795.2892,261.59305,196.57559,-78.45076,2995.3345,,,,,,94.20713,0.01984162163734436,21223.08017539978,1670000,0.0859375,0.0032087055,0.0,0.019509109,0.09059739,6.618702e-05,799.9358,0.019442922,0.0,1.2640901,1.2640901,0.1,1.0,0.0033835827,0.19540037,690.9651,0.0,670000.0,-0.2678515466204869,-52.22023438018185,200.0,3.8048298358917236,0.14615180688443083
5.7916943e-05,0.0,,,,,,,125.06508,2094.6157,789.7882,264.37625,53.95389,-35.60023,2153.1353,,,,,,125.0858,0.019733851051330565,21321.749437093735,1675000,0.07421875,0.0026506698,0.0,0.020723632,0.12339747,5.7916943e-05,792.9199,0.020665715,0.0,2.3581657,2.3581657,0.1,1.0,0.00459088,0.2167824,686.9921,0.0,675000.0,-0.2952927543248017,-55.665844466780136,200.0,3.838534116744995,0.02883775435442904
8.613696e-05,0.0,,,,,,,113.61007,2086.7178,769.2063,284.59454,57.27533,-35.12342,2372.9385,,,,,,113.63325,0.01959443655014038,21419.721626996994,1680000,0.078125,0.0030691966,0.0,0.023176124,0.3062799,8.613696e-05,773.7343,0.023089988,0.0,2.2432103,2.2432103,0.1,1.0,0.0078000478,0.18525633,806.9441,0.0,680000.0,-0.27171493632935045,-50.08564705985698,200.0,4.30173397064209,0.2188289475743962
2.3631614e-05,0.0,,,,,,,158.79877,2079.5957,785.10767,275.22308,175.96733,-40.87419,3118.2393,,,,,,158.82794,0.01951663465499878,21517.304807186127,1685000,0.046875,0.001953125,0.0,0.029175378,0.09356725,2.3631614e-05,789.8179,0.029151747,0.0,1.5765663,1.5765663,0.1,1.0,0.0068400893,0.23477808,843.625,0.0,685000.0,1.8182546900803238,169.3551490771075,200.0,3.8032031059265137,7.690216724550865
0.00011538569,0.0,,,,,,,88.46518,2082.5042,801.2218,228.95763,40.67581,-130.96149,2338.6743,,,,,,88.562294,0.019748610162734985,21616.047864675522,1690000,0.1015625,0.004324777,0.0,0.09711255,0.15105402,0.00011538569,805.0304,0.096997164,0.0,1.8291047,1.8291047,0.1,1.0,0.0054128626,0.17980307,717.48926,0.0,690000.0,9.954917991559064,609.5456682311603,200.0,3.8275461196899414,22.67755783087725
2.6605392e-05,0.0,,,,,,,121.83239,2081.1448,750.87396,330.00156,109.82298,-39.714275,2763.92,,,,,,121.84274,0.01975968475341797,21714.846295833588,1695000,0.0859375,0.0034877234,0.0,0.010355513,0.04700601,2.6605392e-05,755.1444,0.0103289075,0.0,1.4820954,1.4820954,0.1,1.0,0.0042299232,0.21186768,903.73065,1.0,695000.0,19.941810857229402,1312.5920003457834,200.0,3.8266024589538574,46.61445500259016
0.00010243375,0.0,,,,,,,91.161415,2085.8318,784.4822,286.43707,116.95726,-75.50355,2209.73,,,,,,91.32885,0.019701293325424193,21813.35276865959,1700000,0.078125,0.0030691966,0.0,0.16743752,0.37255883,0.00010243375,788.0196,0.1673351,0.0,2.4545796,2.4545796,0.1,1.0,0.0047319448,0.19198576,822.11316,0.0,700000.0,-0.26059369817968947,-52.989665084858096,200.0,3.7935354709625244,0.11995469466396468
7.0554255e-05,0.0,,,,,,,92.654724,2081.279,766.0175,236.25024,38.924854,-62.833782,2121.848,,,,,,92.68134,0.02299225392341614,21928.31404519081,1705000,0.15625,0.00655692,0.0,0.026617073,0.12134874,7.0554255e-05,770.77356,0.026546517,0.0,2.0384426,2.0384426,0.1,1.0,0.0071976404,0.2021844,787.944,0.0,705000.0,9.951839579191255,815.100703741681,200.0,3.7946584224700928,29.676171611200513
6.778387e-05,0.0,,,,,,,106.9004,2080.6506,787.1716,268.4341,67.753944,-64.91681,2340.1555,,,,,,106.9187,0.019635059022903443,22026.489347696304,1710000,0.046875,0.0018136161,0.0,0.018302951,0.24359703,6.778387e-05,791.3279,0.018235167,0.0,1.1534691,1.1534691,0.1,1.0,0.002444151,0.20248951,914.2169,0.0,710000.0,-0.25638194757949034,-56.50430480542181,200.0,3.819483757019043,0.0002903628215575607
9.7151365e-05,0.0,,,,,,,81.999756,2085.3367,818.9026,249.54909,127.43543,-38.44103,2105.9817,,,,,,82.010254,0.019662498807907103,22124.801847696304,1715000,0.0625,0.0026506698,0.0,0.010495141,0.22581089,9.7151365e-05,821.599,0.01039799,0.0,1.296291,1.296291,0.1,1.0,0.004391225,0.20338787,803.9403,0.0,715000.0,-0.2245562465367939,-5.688873325388633,200.0,3.8233954906463623,1.7304235027174697
0.00021421719,0.0,,,,,,,90.25977,2083.436,788.03467,328.56558,29.133295,-88.80587,2158.4148,,,,,,90.29449,0.019805095720291137,22223.827333688736,1720000,0.07421875,0.004324777,0.0,0.034712117,0.39697635,0.00021421719,791.353,0.0344979,0.0,2.9148812,2.9148812,0.1,1.0,0.004731408,0.22954531,802.62,1.0,720000.0,19.94955164044052,1482.492884341222,200.0,4.299214839935303,52.3991377522313
9.7920856e-05,0.0,,,,,,,94.00069,2083.513,811.3978,300.92722,88.94183,-152.14038,2682.58,,,,,,94.02128,0.019690377378463745,22322.279227256775,1725000,0.09765625,0.0037667411,0.0,0.020591581,0.16818237,9.7920856e-05,814.26733,0.02049366,0.0,1.8742138,1.8742138,0.1,1.0,0.005815685,0.15962668,772.7782,0.0,725000.0,9.954866785583206,957.8917012550673,200.0,3.838033437728882,34.53783330886368
7.1997056e-05,0.0,,,,,,,113.73005,2077.3906,787.9353,282.1341,59.534966,-67.53723,2329.5515,,,,,,113.766045,0.019657735109329225,22420.567909240723,1730000,0.1484375,0.006417411,0.0,0.035995293,0.07265973,7.1997056e-05,791.3846,0.035923295,0.0,2.0273418,2.0273418,0.1,1.0,0.0042269044,0.22493184,819.329,0.0,730000.0,9.967910510985558,1275.4647684109016,200.0,3.8245115280151367,45.35036941889536
0.00016624942,0.0,,,,,,,112.09986,2077.4702,734.82666,293.31796,33.544205,-36.13119,1970.7435,,,,,,112.131966,0.019572178649902343,22518.428809165955,1735000,0.1015625,0.0054408484,0.0,0.032107744,0.30614424,0.00016624942,739.3696,0.031941496,0.0,2.1794949,2.1794949,0.1,1.0,0.004875953,0.20404266,720.53284,0.0,735000.0,-0.2747895063015471,-51.40976565491873,200.0,3.7978312969207764,0.17374615686014427
0.00010897499,0.0,,,,,,,127.784,2077.0984,784.3099,228.38562,115.80609,-57.057365,3394.798,,,,,,127.86016,0.01966499195098877,22616.753776073456,1740000,0.0859375,0.0030691966,0.0,0.07616529,0.22682238,0.00010897499,788.4042,0.07605632,0.0,3.063204,3.063204,0.1,1.0,0.0059627155,0.24973857,842.3912,1.0,740000.0,19.9406448682807,1211.795289806872,200.0,3.852390766143799,43.18258944095679
7.4776406e-05,0.0,,,,,,,84.33124,2073.871,805.3612,232.16331,40.617683,-36.98364,1554.5105,,,,,,84.34724,0.0196429799079895,22714.968683242798,1745000,0.09765625,0.00390625,0.0,0.016000135,0.2095561,7.4776406e-05,808.4131,0.015925359,0.0,2.0666604,2.0666604,0.1,1.0,0.004900597,0.22177282,765.5852,1.0,745000.0,19.96197447843289,1622.0798199127412,200.0,3.845010280609131,57.15170948280285
7.7343066e-05,0.0,,,,,,,93.72656,2081.5955,817.6316,260.203,46.065666,-109.886375,2306.6404,,,,,,93.77795,0.019787090349197387,22813.904141664505,1750000,0.13671875,0.0054408484,0.0,0.051382814,0.11203563,7.7343066e-05,821.96204,0.05130547,0.0,1.9192442,1.9192442,0.1,1.0,0.0033371043,0.16845329,959.34937,0.0,750000.0,1.9365718479971084,462.6388780061063,200.0,3.8530330657958984,17.675764107173997
3.3495933e-05,0.0,,,,,,,157.876,2077.7603,790.36237,214.16298,57.304283,-130.65573,3748.7834,,,,,,157.94435,0.01963990478515625,22912.103672742844,1755000,0.06640625,0.0027901786,0.0,0.068346575,0.08358371,3.3495933e-05,793.94763,0.06831308,0.0,3.3223379,3.3223379,0.1,1.0,0.006221315,0.17169991,774.2274,0.0,755000.0,-0.28007443201819787,-51.250668255973856,200.0,3.8363685607910156,0.17916300907154234
9.798033e-05,0.0,,,,,,,129.26648,2079.1067,802.39246,236.79025,39.36504,-44.724483,2346.1965,,,,,,129.29218,0.019464595317840575,23009.426656484604,1760000,0.0703125,0.0027901786,0.0,0.025698751,0.19011283,9.798033e-05,805.18884,0.02560077,0.0,1.4860045,1.4860045,0.1,1.0,0.0030318648,0.24125077,806.0736,0.0,760000.0,9.966421153875608,756.3348204417098,200.0,3.7940893173217773,27.675346286466514
5.729548e-05,0.0,,,,,,,138.38329,2079.4482,745.03064,247.98367,91.72102,-55.516582,3665.4683,,,,,,138.50642,0.019733623838424683,23108.094782829285,1765000,0.12109375,0.0054408484,0.0,0.12313505,0.11019945,5.729548e-05,750.19556,0.12307776,0.0,2.8082633,2.8082633,0.1,1.0,0.006888181,0.19538444,750.76276,0.0,765000.0,1.9382783225724136,494.0133140640472,200.0,3.818516731262207,18.743981969118508
0.0003058697,0.0,,,,,,,93.636826,2079.1177,800.7058,213.82477,102.71675,-49.62517,2382.5244,,,,,,93.66127,0.01958475031852722,23206.018540620804,1770000,0.1015625,0.005022322,0.0,0.024443543,0.4370798,0.0003058697,804.0646,0.024137672,0.0,1.7650759,1.7650759,0.1,1.0,0.0039611054,0.24406213,784.38354,0.0,770000.0,9.927051172417183,454.08767333603635,200.0,3.8127222061157227,17.38461785189652
7.219964e-05,0.0,,,,,,,111.805214,2086.0674,825.3864,274.0956,55.516277,-47.598522,2072.8435,,,,,,111.82871,0.01968216700553894,23304.42938184738,1775000,0.08203125,0.0037667411,0.0,0.023497874,0.11126697,7.219964e-05,828.56476,0.023425674,0.0,1.5905113,1.5905113,0.1,1.0,0.0053601605,0.18231644,876.24335,1.0,775000.0,19.955037480321522,1013.2723851770652,200.0,3.8266336917877197,36.4234014084123
6.589843e-05,0.0,,,,,,,113.1606,2082.2454,774.7818,295.36133,62.269382,-67.22104,3155.971,,,,,,113.18351,0.019682790088653566,23402.84333872795,1780000,0.08203125,0.0032087055,0.0,0.022909256,0.17215371,6.589843e-05,777.28296,0.022843357,0.0,1.4179816,1.4179816,0.1,1.0,0.0053440933,0.21122725,691.29724,0.0,780000.0,1.8630295963305266,109.64718469553773,200.0,3.9426660537719727,5.6573159917711155
3.1698346e-05,0.0,,,,,,,121.199814,2087.213,811.3185,229.63489,107.94471,-51.6364,2188.8333,,,,,,121.22977,0.019520591735839844,23500.446306467056,1785000,0.10546875,0.00390625,0.0,0.029954236,0.03235948,3.1698346e-05,815.0179,0.029922538,0.0,1.7835878,1.7835878,0.1,1.0,0.006265565,0.17103119,769.5046,0.0,785000.0,-0.2697852519647745,-49.76585082526327,200.0,3.810281276702881,0.2297171767474951
0.000117918215,0.0,,,,,,,144.82495,2085.107,781.56,207.6978,41.594223,-61.88849,2424.195,,,,,,144.91154,0.01978329963684082,23599.362811803818,1790000,0.10546875,0.004464286,0.0,0.086595386,0.22475517,0.000117918215,784.8433,0.086477466,0.0,2.8743849,2.8743849,0.1,1.0,0.0062494315,0.24167444,763.3092,0.0,790000.0,-0.26141964886422553,-48.80877223569301,200.0,3.831181764602661,0.2623032108924769
0.00011444397,0.0,,,,,,,119.997955,2086.14,830.59973,246.75008,112.19627,-68.05025,2975.608,,,,,,120.04343,0.019605133390426636,23697.388485193253,1795000,0.07421875,0.0027901786,0.0,0.04547262,0.16134179,0.00011444397,832.1156,0.045358174,0.0,2.004755,2.004755,0.1,1.0,0.0049786284,0.20006202,897.279,0.0,795000.0,9.975532248306163,804.9704580538645,200.0,3.831571340560913,29.33126312042709
0.00013640789,0.0,,,,,,,163.509,2088.3123,839.9405,258.06674,69.42476,-80.55606,3091.82,,,,,,163.55562,0.019504541206359863,23794.911196947098,1800000,0.0703125,0.0032087055,0.0,0.0466227,0.2356962,0.00013640789,842.0802,0.046486292,0.0,2.1559682,2.1559682,0.1,1.0,0.00590691,0.22021475,873.19885,0.0,800000.0,9.956548539213928,861.099672634058,200.0,3.8354310989379883,31.242316740028436
9.789782e-05,0.0,,,,,,,135.35739,2089.1804,833.9178,210.45149,86.37571,-123.624374,3754.026,,,,,,135.42477,0.023230537843704224,23911.063893795013,1805000,0.1171875,0.0051618307,0.0,0.06737983,0.23211932,9.789782e-05,837.1018,0.06728193,0.0,2.4539022,2.4539022,0.1,1.0,0.0060900236,0.2759781,995.95483,0.0,805000.0,1.932190457430554,377.4596247045424,200.0,3.8019721508026123,14.775632303185862
9.192226e-05,0.0,,,,,,,127.59052,2082.4827,833.03357,217.46451,57.935898,-73.995926,2894.9077,,,,,,127.626495,0.019743949222564696,24009.783646583557,1810000,0.10546875,0.004324777,0.0,0.035975616,0.15428042,9.192226e-05,836.22687,0.035883695,0.0,1.9193381,1.9193381,0.1,1.0,0.005316513,0.20972495,750.2646,1.0,810000.0,19.949597621323072,1975.2954242212618,200.0,4.3026111125946045,69.17778118471598
0.00012808187,0.0,,,,,,,98.32996,2088.2156,814.1063,201.4496,54.083675,-37.543476,2001.2026,,,,,,98.42048,0.01958825330734253,24107.72492003441,1815000,0.0703125,0.0027901786,0.0,0.090517715,0.23220074,0.00012808187,817.67444,0.09038963,0.0,3.267592,3.267592,0.1,1.0,0.008375606,0.16826096,731.2466,1.0,815000.0,19.958310647323923,1781.2436846197722,200.0,3.8049991130828857,62.570824680353546
8.750982e-05,0.0,,,,,,,114.32298,2085.816,840.7505,274.7523,50.020134,-129.80086,2412.3923,,,,,,114.37225,0.01954196825027466,24205.434767723083,1820000,0.06640625,0.0033482146,0.0,0.049272593,0.21006,8.750982e-05,844.43146,0.049185082,0.0,3.0756254,3.0756254,0.1,1.0,0.007385116,0.2183818,868.2698,1.0,820000.0,19.970687358543792,1775.0657901044415,200.0,3.79813814163208,62.36048345674404
9.432031e-05,0.0,,,,,,,156.74106,2081.0676,836.8994,232.5562,60.459023,-60.294334,3281.0059,,,,,,156.76909,0.019578510236740114,24303.327330112457,1825000,0.06640625,0.0026506698,0.0,0.028023383,0.3377285,9.432031e-05,840.6465,0.027929062,0.0,4.18888,4.18888,0.1,1.0,0.0057362593,0.20427634,806.92126,0.0,825000.0,9.950412740584614,709.0351079719231,200.0,3.828613758087158,26.06491422541669
0.00013709169,0.0,,,,,,,149.69102,2081.5432,805.84467,192.252,56.17036,-57.93749,3359.3804,,,,,,149.8025,0.01967153844833374,24401.68503022194,1830000,0.1015625,0.004324777,0.0,0.11148602,0.24549747,0.00013709169,809.129,0.11134893,0.0,2.1070197,2.1070197,0.1,1.0,0.0064386306,0.20906562,889.0127,0.0,830000.0,-0.25907430610539794,-52.75651757082069,200.0,4.314426422119141,0.12789276049892587
6.8470705e-05,0.0,,,,,,,130.12518,2080.6858,815.17914,184.76714,56.331615,-43.20052,2461.0093,,,,,,130.16544,0.019567097282409667,24499.52052307129,1835000,0.13671875,0.005719866,0.0,0.04025465,0.175295,6.8470705e-05,818.2599,0.040186178,0.0,1.8995743,1.8995743,0.1,1.0,0.005377099,0.1870703,777.6992,0.0,835000.0,9.947172203056619,864.5981693105426,200.0,3.8213446140289307,31.36143144324964
7.426613e-05,0.0,,,,,,,137.28345,2071.8455,826.51904,224.75618,74.772385,-58.17575,2484.1826,,,,,,137.34572,0.01977211365699768,24598.38109755516,1840000,0.09375,0.0036272323,0.0,0.062268108,0.15330076,7.426613e-05,829.2737,0.06219384,0.0,2.278059,2.278059,0.1,1.0,0.0052011413,0.20860735,784.11035,0.0,840000.0,-0.25100826175934493,-49.41113181361863,200.0,4.298125267028809,0.2417944355549631
0.00011315547,0.0,,,,,,,137.25311,2085.8752,813.8833,214.18593,49.43433,-44.295982,2389.8362,,,,,,137.27704,0.019757162284851075,24697.166914224625,1845000,0.07421875,0.0032087055,0.0,0.023918532,0.24397719,0.00011315547,817.2151,0.023805376,0.0,2.5876467,2.5876467,0.1,1.0,0.006235997,0.20766895,710.2646,0.0,845000.0,9.956259615589122,1193.9427997154492,200.0,3.8033955097198486,42.574758633715284
0.00010415042,0.0,,,,,,,127.32054,2075.3171,881.09155,323.53644,106.50957,-90.517075,3385.4365,,,,,,127.34636,0.01964516544342041,24795.392748594284,1850000,0.11328125,0.004603795,0.0,0.02581461,0.22982347,0.00010415042,884.1399,0.02571046,0.0,1.7332504,1.7332504,0.1,1.0,0.0044341916,0.16956967,1003.4034,0.0,850000.0,9.945002895914088,1023.2730274059368,200.0,3.801438570022583,36.76389723884153
0.00015069314,0.0,,,,,,,118.3996,2074.413,836.5299,213.61069,89.13654,-130.60881,2743.6711,,,,,,118.42464,0.019712757349014284,24893.956542015076,1855000,0.1328125,0.0059988843,0.0,0.025036043,0.18412137,0.00015069314,839.39526,0.024885349,0.0,1.903952,1.903952,0.1,1.0,0.0037349034,0.23033714,892.9314,0.0,855000.0,9.952073287344135,1189.9627985949053,200.0,3.939459800720215,42.4392499578088
0.00017037861,0.0,,,,,,,150.83496,2078.1777,840.7693,234.0178,71.913826,-54.80107,3174.8264,,,,,,150.85863,0.01973397207260132,24992.626409053802,1860000,0.09765625,0.004185268,0.0,0.023659002,0.33562398,0.00017037861,844.42206,0.023488624,0.0,2.4827487,2.4827487,0.1,1.0,0.005240899,0.17475204,844.1289,0.0,860000.0,-0.25559918960662287,-58.292599475375084,200.0,4.265789031982422,-0.060596414723588295
8.771753e-05,0.0,,,,,,,120.995834,2085.3003,817.6092,282.5801,48.63584,-96.9724,2613.0264,,,,,,121.13465,0.019731177139282227,25091.28230190277,1865000,0.07421875,0.0029296877,0.0,0.13881676,0.14356303,8.771753e-05,820.6024,0.13872904,0.0,1.9668255,1.9668255,0.1,1.0,0.004264007,0.17840628,761.4776,1.0,865000.0,19.957650973556234,1785.4495518009774,200.0,3.8203811645507812,62.714023507565365
5.0175706e-05,0.0,,,,,,,193.59393,2072.5486,771.7456,184.96613,126.094795,-136.04205,4702.984,,,,,,193.71451,0.01962482876777649,25189.406451702118,1870000,0.07421875,0.0026506698,0.0,0.120581694,0.0692904,5.0175706e-05,775.3611,0.12053152,0.0,2.1348505,2.1348505,0.1,1.0,0.0054255123,0.20334707,727.81226,0.0,870000.0,9.952573620148147,662.6334398797652,200.0,3.795236825942993,24.485058237295487
0.0002674103,0.0,,,,,,,161.93326,2075.264,839.64685,226.87787,84.91738,-128.01288,3198.7544,,,,,,162.03305,0.01968495445251465,25287.831229925156,1875000,0.09375,0.0037667411,0.0,0.09979957,0.45105934,0.0002674103,842.91113,0.099532165,0.0,3.1441636,3.1441636,0.1,1.0,0.0072233444,0.23191144,927.5482,0.0,875000.0,9.980300039528117,712.8780942637345,200.0,3.8647241592407227,26.19575790313379
2.5098529e-05,0.0,,,,,,,115.274765,2083.9236,846.6155,205.8714,49.378815,-59.675472,2795.4517,,,,,,115.29489,0.01966993350982666,25386.180903434753,1880000,0.05859375,0.002232143,0.0,0.020126285,0.06653452,2.5098529e-05,849.75287,0.020101186,0.0,1.5105641,1.5105641,0.1,1.0,0.002897087,0.1777601,856.9303,1.0,880000.0,19.96209843114901,1628.1186660764865,200.0,3.8057894706726074,57.357316472064255
0.00015272372,0.0,,,,,,,124.211784,2075.0334,831.694,202.5374,65.682846,-100.77379,3522.4497,,,,,,124.231026,0.019565267038345338,25484.0072453022,1885000,0.08203125,0.0036272323,0.0,0.019243812,0.1472354,0.00015272372,834.06134,0.019091088,0.0,2.553617,2.553617,0.1,1.0,0.007851673,0.19564925,674.44116,1.0,885000.0,19.952367837783463,1359.8621165890436,200.0,3.8098762035369873,48.22387938918287
0.00023942643,0.0,,,,,,,110.03056,2094.1877,820.02454,187.50296,62.90262,-45.903984,2092.6973,,,,,,110.06422,0.01957207646369934,25581.86763525009,1890000,0.12109375,0.0051618307,0.0,0.03365348,0.3098986,0.00023942643,823.01086,0.03341405,0.0,2.3446136,2.3446136,0.1,1.0,0.005530598,0.17791417,945.9406,0.0,890000.0,9.975879118015722,1724.7196048642454,200.0,3.7965281009674072,60.64632692959484
0.00014746362,0.0,,,,,,,141.63585,2093.0708,820.2068,164.89983,163.81985,-143.34096,4029.383,,,,,,141.65897,0.01948693947792053,25679.302339076996,1895000,0.08984375,0.0034877234,0.0,0.023116115,0.38551044,0.00014746362,823.3895,0.022968652,0.0,2.8420143,2.8420143,0.1,1.0,0.0072281314,0.23063153,799.1885,1.0,895000.0,19.972547222908112,1392.4871999587094,200.0,3.7911901473999023,49.33467853593232
7.4146235e-05,0.0,,,,,,,123.704285,2088.8843,854.6069,177.68155,49.51468,-69.36363,2846.7983,,,,,,123.838715,0.019567281341552733,25777.1387526989,1900000,0.078125,0.0034877234,0.0,0.13443132,0.17430866,7.4146235e-05,857.3861,0.13435717,0.0,2.8306284,2.8306284,0.1,1.0,0.006355499,0.14980312,926.4553,0.0,900000.0,1.9365592167921823,91.14430525619609,200.0,3.8065285682678223,5.027341120573136
6.9542926e-05,0.0,,,,,,,139.45493,2096.107,807.16174,211.59154,42.408054,-124.65612,3260.5977,,,,,,139.5111,0.023298970174789428,25893.633610248566,1905000,0.14453125,0.006277902,0.0,0.05617348,0.049539447,6.9542926e-05,810.1001,0.056103937,0.0,3.3610091,3.3610091,0.1,1.0,0.006307019,0.16761073,797.7835,0.0,905000.0,1.948402696361508,58.28352048690255,200.0,3.847829580307007,3.9085169548336207
9.3572926e-05,0.0,,,,,,,159.63812,2069.1995,800.33844,193.3934,100.92753,-79.85464,3501.8042,,,,,,159.68587,0.019651458501815797,25991.890909671783,1910000,0.1328125,0.0058593755,0.0,0.047742292,0.14809108,9.3572926e-05,804.22034,0.04764872,0.0,2.052483,2.052483,0.1,1.0,0.0051081935,0.15696129,809.60596,1.0,910000.0,19.957925319831823,768.5453806796384,200.0,3.8329334259033203,28.091084071407618
5.3613814e-05,0.0,,,,,,,125.0499,2094.824,866.32684,174.55536,149.82907,-92.185356,3184.1938,,,,,,125.076546,0.019551783084869385,26089.649830579758,1915000,0.05078125,0.0018136161,0.0,0.026648125,0.17947173,5.3613814e-05,868.94727,0.02659451,0.0,2.2104263,2.2104263,0.1,1.0,0.004922915,0.22762007,939.49304,1.0,915000.0,19.96308528861676,1606.6588645963564,200.0,3.8076670169830322,56.62666610395808
0.00025583664,0.0,,,,,,,224.28162,2071.8782,832.73474,158.76978,159.71643,-96.30917,5338.1953,,,,,,224.32156,0.019753224182128905,26188.415957927704,1920000,0.125,0.006138393,0.0,0.03995392,0.4856243,0.00025583664,835.94415,0.039698083,0.0,2.2120478,2.2120478,0.1,1.0,0.0061259028,0.17772716,745.104,1.0,920000.0,19.956275891070355,660.5621554696972,200.0,3.808183431625366,24.41453639588563
0.00010118408,0.0,,,,,,,241.99864,2096.9019,876.68677,227.54233,159.11418,-122.97099,6239.8174,,,,,,242.14061,0.019600421333312988,26286.418073892593,1925000,0.08203125,0.0036272323,0.0,0.14196625,0.1569587,0.00010118408,883.52515,0.14186507,0.0,4.054711,4.054711,0.1,1.0,0.0084450785,0.19218768,928.1295,0.0,925000.0,-0.29592791793951095,-56.509644969424016,200.0,3.797056198120117,0.0001085441408222407
6.184927e-05,0.0,,,,,,,524.5386,2075.7341,968.2685,176.45375,186.52841,-161.82611,7100.833,,,,,,524.651,0.019554770469665528,26384.191932439804,1930000,0.12109375,0.005022322,0.0,0.112400316,0.0863961,6.184927e-05,976.91736,0.11233847,0.0,3.779855,3.779855,0.1,1.0,0.0067178896,0.21383046,995.3015,0.0,930000.0,-0.28854683479837917,-57.308276694834056,200.0,3.793632984161377,-0.027082786808460102
0.00018136665,0.0,,,,,,,88.1474,2092.2874,958.8003,286.8647,29.002743,-25.611223,2058.049,,,,,,88.16978,0.019634061431884765,26482.362247228622,1935000,0.11328125,0.005022322,0.0,0.022378698,0.36362636,0.00018136665,961.5973,0.022197332,0.0,1.6628512,1.6628512,0.1,1.0,0.0040149647,0.19319406,956.72046,0.0,935000.0,-0.27117792899734744,-58.358869681601114,200.0,4.302337408065796,-0.06285274270585568
0.00010194435,0.0,,,,,,,128.00815,2069.6528,853.35144,290.6146,169.30016,-190.90108,3188.5935,,,,,,128.02623,0.019525681161880495,26579.990659236908,1940000,0.109375,0.004464286,0.0,0.018081235,0.20487905,0.00010194435,856.4923,0.01797929,0.0,2.0316362,2.0316362,0.1,1.0,0.005464924,0.21134397,740.88184,0.0,940000.0,1.9391028314327068,538.8928369142602,200.0,3.8086957931518555,20.27201287477714
9.9383135e-05,0.0,,,,,,,110.4039,2067.4727,835.9539,219.5318,140.75906,-83.95006,3306.1465,,,,,,110.44726,0.019637568044662476,26678.178505182266,1945000,0.1015625,0.004185268,0.0,0.043360867,0.12092209,9.9383135e-05,838.3899,0.043261483,0.0,2.320772,2.320772,0.1,1.0,0.0036473218,0.2069122,825.8791,0.0,945000.0,1.9501281922443874,155.62794980412386,200.0,3.8015530109405518,7.222841329155943
0.00015511985,0.0,,,,,,,122.724396,2097.731,827.7532,225.2823,61.797443,-69.78351,3120.4312,,,,,,123.045204,0.019826123523712158,26777.309129953384,1950000,0.07421875,0.0032087055,0.0,0.32080743,0.41234374,0.00015511985,832.19226,0.3206523,0.0,3.5918436,3.5918436,0.1,1.0,0.0037271723,0.15705812,921.7506,0.0,950000.0,9.968218760711304,656.1890156603623,200.0,4.3129425048828125,24.265642371193515
9.6150216e-05,0.0,,,,,,,135.92442,2092.4346,869.75665,239.15984,132.90335,-72.06103,3054.6775,,,,,,135.96094,0.01955680809020996,26875.093177080154,1955000,0.12890625,0.0055803573,0.0,0.03650788,0.10819054,9.6150216e-05,873.1736,0.03641173,0.0,1.7385311,1.7385311,0.1,1.0,0.0058177253,0.19756085,870.5724,0.0,955000.0,-0.2584086252566313,-51.33716099746604,200.0,3.8030290603637695,0.176218156414434
0.00012420621,0.0,,,,,,,114.39055,2098.9875,868.5968,216.93138,48.135155,-48.40542,2394.0916,,,,,,114.43481,0.019721846294403076,26973.702414512634,1960000,0.12109375,0.0059988843,0.0,0.044257767,0.12750816,0.00012420621,872.1283,0.044133563,0.0,2.542284,2.542284,0.1,1.0,0.005575003,0.18839954,874.0847,0.0,960000.0,1.8577088970492928,188.20541854069475,200.0,3.8159432411193848,8.332019321616976
0.00011789781,0.0,,,,,,,115.473885,2101.5286,897.30945,218.42827,61.214893,-111.33363,2923.6401,,,,,,115.54295,0.019575003671646118,27071.57744050026,1965000,0.0859375,0.0033482146,0.0,0.069066435,0.13692367,0.00011789781,899.54114,0.06894854,0.0,2.221531,2.221531,0.1,1.0,0.0058485577,0.18753764,977.0018,0.0,965000.0,1.7978910224032296,362.8329534449358,200.0,3.8167479038238525,14.277632228492962
0.00013477169,0.0,,,,,,,122.21879,2065.4749,883.6428,224.70558,52.056305,-57.12109,2301.2021,,,,,,122.25385,0.01944880132675171,27168.821453094482,1970000,0.09765625,0.004324777,0.0,0.035065435,0.3353747,0.00013477169,885.8916,0.03493066,0.0,2.1976967,2.1976967,0.1,1.0,0.0051953034,0.22242898,887.44037,0.0,970000.0,9.935480135498318,250.28018490475316,200.0,3.8288276195526123,10.445503499744106
0.00012206599,0.0,,,,,,,146.80887,2108.0059,913.54236,210.25914,62.500343,-54.098396,3183.2144,,,,,,146.82861,0.019452065420150755,27266.08178639412,1975000,0.1171875,0.0053013396,0.0,0.019742431,0.11343682,0.00012206599,916.1759,0.019620365,0.0,2.22073,2.22073,0.1,1.0,0.0053780046,0.1606806,912.32117,1.0,975000.0,19.974174924882103,1867.2294554144394,200.0,3.7765560150146484,65.49841630514969
0.00010226857,0.0,,,,,,,131.43121,2063.5361,827.01196,161.30191,44.87628,-59.279694,2761.608,,,,,,131.52812,0.01946675705909729,27363.41557788849,1980000,0.1171875,0.0048828125,0.0,0.09691074,0.112775445,0.00010226857,829.2127,0.09680847,0.0,3.500543,3.500543,0.1,1.0,0.007001272,0.21444014,926.749,0.0,980000.0,9.967647336506559,780.2416417825261,200.0,4.314354181289673,28.489311309819104
0.00015275663,0.0,,,,,,,118.63835,2066.0786,836.8363,134.21808,107.63631,-74.535706,3460.7234,,,,,,118.810905,0.019442667627334594,27460.628922700882,1985000,0.0859375,0.0032087055,0.0,0.17255233,0.39697766,0.00015275663,840.1206,0.17239958,0.0,3.2026162,3.2026162,0.1,1.0,0.005399813,0.21657507,864.3363,1.0,985000.0,19.934691557056787,1399.106848121014,200.0,3.754267454147339,49.56006032108069
8.8548324e-05,0.0,,,,,,,96.579605,2114.5947,884.69366,141.09123,82.23534,-56.286945,2663.7256,,,,,,96.658966,0.019288945293426514,27557.07365489006,1990000,0.09765625,0.00390625,0.0,0.07936213,0.11739743,8.8548324e-05,887.0226,0.07927358,0.0,1.5201616,1.5201616,0.1,1.0,0.006603145,0.17606744,947.1705,1.0,990000.0,19.971947675437562,909.9310909299882,200.0,3.7554678916931152,32.90489939654105
0.00014669365,0.0,,,,,,,224.28358,2115.6292,867.75775,96.44669,112.86842,-113.69226,4898.4917,,,,,,224.38411,0.019513363456726076,27654.640478372574,1995000,0.0859375,0.0033482146,0.0,0.10053082,0.18504071,0.00014669365,869.9197,0.10038412,0.0,1.9753746,1.9753746,0.1,1.0,0.0062261596,0.23997453,815.545,1.0,995000.0,19.95169417713671,1663.260364334823,200.0,3.7459535598754883,58.55379980356682
0.00014253194,0.0,,,,,,,115.29572,2060.9846,795.082,94.060356,38.666695,-45.46875,2551.9795,,,,,,115.31544,0.019052884912490846,27749.90490913391,2000000,0.09375,0.0040457593,0.0,0.019712282,0.23180556,0.00014253194,797.1139,0.01956975,0.0,1.5175147,1.5175147,0.1,1.0,0.0047312295,0.20346072,821.6003,0.0,1000000.0,9.965662211895888,845.9258005376826,200.0,3.6964950561523438,30.72568590152426
