training/actor/actor_loss,training/actor/bound_loss,training/actor/mse,training/actor/q,training/actor/q_loss,training/alpha/current_vs_historical_ratio,training/alpha/historical_avg_loss,training/alpha/max_alpha_bound,training/alpha/min_alpha_bound,training/alpha/valid_count,training/alpha_weight,training/critic/critic_loss,training/critic/q_max,training/critic/q_mean,training/critic/q_min,training/grad/max,training/grad/min,training/grad/norm,training/meanflow/consistency_loss,training/meanflow/flow_loss,training/meanflow/mean_flow_loss,training/metrics/actor_learning_rate,training/metrics/critic_learning_rate,training/total_loss,time/epoch_time,time/total_time,step,exploration/goal_achieved,exploration/total.timesteps,exploration/episode.final_reward,exploration/episode.return,exploration/episode.length,exploration/episode.duration,exploration/episode.normalized_return
0.012237668,0.0,0.7173909,-0.012237668,0.012237668,1.0,0.0,30000.0,300.0,0,3000.0,1529.8362,3.8536587,-0.030983903,-3.040214,7738.262,-7481.4727,134990.48,0.1352163,1.1686206,1.1686206,0.0,0.0003,5035.71,0.01033788022994995,51.68940496444702,0,,,,,,,
-493.76843,0.059617054,0.08135901,493.82806,-493.82806,25531588.0,0.0,30000.0,300.0,2,3000.0,894.08215,1006.4189,496.23813,-8.475109,2525.929,-2494.7412,97193.664,0.018834703,0.25531587,0.25531587,1e-05,0.0003,1166.2614,0.007492842960357666,89.1536238193512,5000,,,,,,,
-1145.6747,0.049586736,0.05187598,1145.7242,-1145.7242,20049376.0,0.0,30000.0,300.0,4,3000.0,1391.7068,2074.627,1147.251,2.82903,4694.7734,-5974.365,101911.24,0.011642218,0.20049375,0.20049375,2e-05,0.0003,847.51337,0.0037270726680755616,107.78899145126343,10000,,,,,,,
-1822.4492,0.026799073,0.028842403,1822.4761,-1822.4761,17100156.0,0.0,30000.0,300.0,7,3000.0,5568.0605,3004.7632,1815.9874,-21.967035,21766.44,-22041.799,371708.62,0.0053857453,0.17100155,0.17100155,3e-05,0.0003,4258.616,0.0037333839416503907,126.45591592788696,15000,,,,,,,
-2437.354,0.026882896,0.026467245,2437.3809,-2437.3809,17286182.0,0.0,30000.0,300.0,9,3000.0,5184.1104,3742.7566,2430.3481,-93.72966,9203.699,-10083.726,264345.97,0.0046717916,0.17286183,0.17286183,4e-05,0.0003,3265.3418,0.0036662742137908936,144.78729128837585,20000,,,,,,,
-3125.7834,0.054522607,0.07657297,3125.838,-3125.838,3.3799317,0.09122485,30000.0,300.0,12,3000.0,3507.8362,4314.27,3126.0625,-19.934153,5032.2344,-8757.396,177883.06,0.012916179,0.30833375,0.30833375,5e-05,0.0003,1307.054,0.0037361690998077395,163.46814131736755,25000,,,,,,,
-3518.7263,0.026810423,0.031810205,3518.7532,-3518.7532,1.5303141,0.12762797,30000.0,300.0,14,3000.0,3913.0205,4754.1733,3514.9812,10.545589,3645.5981,-3608.3462,170508.1,0.006595278,0.19531088,0.19531088,6e-05,0.0003,980.2268,0.0037596569061279297,182.2664303779602,30000,,,,,,,
-3834.433,0.03274023,0.090458654,3834.4658,-3834.4658,1.4415483,0.18325269,30000.0,300.0,17,3000.0,7082.7783,5118.24,3796.6538,8.5219145,3177.5327,-3318.0403,192768.6,0.012345435,0.2641676,0.2641676,6.9999995e-05,0.0003,4040.8481,0.0037119592666625977,200.8262312412262,35000,,,,,,,
-4163.5947,0.030965485,0.020767435,4163.6255,-4163.6255,0.73681605,0.21178044,30000.0,300.0,19,3000.0,2328.1265,5405.901,4159.7607,44.245407,1296.3405,-1687.7651,82115.72,0.0045163915,0.15604323,0.15604323,8e-05,0.0003,-1367.3386,0.003718875789642334,219.4206154346466,40000,,,,,,,
-4516.294,0.022572163,0.020002242,4516.3164,-4516.3164,0.77323735,0.19652574,30000.0,300.0,20,3000.0,2078.0017,5647.3784,4512.9795,460.12842,2310.3386,-1998.8015,88999.95,0.00439785,0.15196103,0.15196103,8.9999994e-05,0.0003,-1982.4092,0.0036699100494384765,237.770170211792,45000,,,,,,,
-4801.507,0.042188104,0.14232168,4801.549,-4801.549,1.2440478,0.19699432,30000.0,300.0,20,3000.0,6117.8467,5822.891,4741.5635,909.84174,1996.9647,-1577.8326,122716.766,0.006816493,0.24507032,0.24507032,1e-04,0.0003,2051.5508,0.003730406618118286,256.42220759391785,50000,,,,,,,
-4941.2607,0.02455934,0.01977583,4941.285,-4941.285,0.6754752,0.19172688,30000.0,300.0,20,3000.0,1275.3516,5966.4175,4938.3164,1464.736,1097.3804,-1028.1367,58129.51,0.0037368946,0.12950674,0.12950674,9.999385e-05,0.0003,-3277.389,0.0037286961555480958,275.06569266319275,55000,,,,,,,
-4976.999,0.022235762,0.020433001,4977.0215,-4977.0215,0.78764117,0.19342846,30000.0,300.0,20,3000.0,1015.69934,6077.432,4970.549,309.7082,484.1552,-435.92276,38288.77,0.0039364416,0.15235221,0.15235221,9.99754e-05,0.0003,-3504.2432,0.003735346841812134,293.74243116378784,60000,,,,,,,
-5164.082,0.023250006,0.028261801,5164.1055,-5164.1055,0.8754469,0.17883119,30000.0,300.0,20,3000.0,1939.4335,6169.0024,5140.3833,-55.7648,1205.194,-1171.6636,67665.01,0.0037081684,0.15655722,0.15655722,9.994465e-05,0.0003,-2754.9768,0.0036720052242279052,312.10246109962463,65000,,,,,,,
-5290.094,0.020788131,0.023522943,5290.115,-5290.115,0.56872225,0.19711319,30000.0,300.0,20,3000.0,1337.2871,6246.475,5281.519,1828.1569,932.1255,-953.93835,50339.543,0.003705496,0.11210266,0.11210266,9.990162e-05,0.0003,-3616.499,0.003727287530899048,330.7389028072357,70000,,,,,,,
-5373.655,0.019117799,0.0188333,5373.674,-5373.674,0.7652447,0.18523942,30000.0,300.0,20,3000.0,1155.742,6291.994,5365.966,1626.147,1207.4581,-1517.7842,55134.18,0.004324,0.1417535,0.1417535,9.984629e-05,0.0003,-3792.6526,0.0037206292152404787,349.3420534133911,75000,,,,,,,
-5508.9604,0.052444905,0.2183923,5509.0127,-5509.0127,1.8001403,0.17130755,30000.0,300.0,20,3000.0,1203.207,6332.553,5441.5454,1892.3292,452.48837,-489.46393,36159.27,0.0048746597,0.30837762,0.30837762,9.977873e-05,0.0003,-3380.6206,0.003730284023284912,367.99347734451294,80000,,,,,,,
-5540.7075,0.040723775,0.23110807,5540.748,-5540.748,1.1836864,0.17665069,30000.0,300.0,20,3000.0,9195.117,6374.492,5475.492,382.24667,1680.5162,-1743.8665,92566.34,0.004738913,0.20909902,0.20909902,9.969891e-05,0.0003,4281.7065,0.0036711585998535157,386.3492748737335,85000,,,,,,,
-5502.899,0.019644404,0.07002332,5502.9185,-5502.9185,0.83571386,0.16434406,30000.0,300.0,20,3000.0,9549.904,6393.5347,5471.7705,132.14006,24572.412,-31597.498,387167.38,0.00512816,0.13734461,0.13734461,9.9606885e-05,0.0003,4459.039,0.0037306198596954348,405.0023777484894,90000,,,,,,,
-5591.4683,0.0073454464,0.017561372,5591.4756,-5591.4756,0.5861562,0.15846285,30000.0,300.0,20,3000.0,5930.34,6418.8394,5592.942,-16.484762,2198.007,-2197.6047,100937.41,0.004149375,0.09288399,0.09288399,9.950265e-05,0.0003,617.52356,0.0037233337879180907,423.6190505027771,95000,,,,,,,
-5380.481,0.015205707,0.010580007,5380.496,-5380.496,0.4972563,0.15687409,30000.0,300.0,20,3000.0,9051.29,6396.068,5379.3105,1860.726,5482.686,-5913.585,274648.25,0.0021156091,0.07800663,0.07800663,9.938626e-05,0.0003,3904.829,0.003735424518585205,442.2961769104004,100000,,,,,,,
-5552.342,0.021329548,0.013496995,5552.3633,-5552.3633,0.61113244,0.17005408,30000.0,300.0,20,3000.0,1162.9832,6465.1475,5549.8857,1566.3656,327.42703,-542.39746,34775.258,0.004249767,0.10392556,0.10392556,9.9257726e-05,0.0003,-4077.5818,0.005456719827651978,469.5797801017761,105000,,,,,,,
-5263.866,0.016835708,0.01162171,5263.883,-5263.883,0.62294525,0.14063184,30000.0,300.0,20,3000.0,2065.1233,6405.679,5263.7217,1489.8624,3057.6526,-3200.8389,93234.22,0.002212674,0.08760594,0.08760594,9.91171e-05,0.0003,-2935.925,0.0037407752990722657,488.2836608886719,110000,,,,,,,
-5471.1943,0.01585627,0.018123316,5471.21,-5471.21,0.8362847,0.13843954,30000.0,300.0,20,3000.0,1112.5648,6426.265,5467.865,398.77533,613.6648,-518.34796,35037.523,0.0061591296,0.11577486,0.11577486,9.896442e-05,0.0003,-4011.3047,0.0037246467113494874,506.90689873695374,115000,,,,,,,
-5616.907,0.084779605,0.34156245,5616.992,-5616.992,1.844126,0.14955293,30000.0,300.0,20,3000.0,12518.615,6434.5303,5531.291,1976.7223,2547.656,-2715.566,143925.5,0.008025894,0.27579445,0.27579445,9.8799705e-05,0.0003,7729.0913,0.003734494686126709,525.5793764591217,120000,,,,,,,
-5646.785,0.014668859,0.028852798,5646.8,-5646.8,0.53091586,0.15514183,30000.0,300.0,20,3000.0,1303.1626,6443.757,5631.6484,1822.7021,563.2012,-656.12933,41038.51,0.0024437578,0.08236726,0.08236726,9.8623015e-05,0.0003,-4096.521,0.00367448468208313,543.9518036842346,125000,,,,,,,
-5773.7817,0.07770788,0.3419503,5773.8594,-5773.8594,2.1070626,0.166422,30000.0,300.0,20,3000.0,4014.449,6447.114,5692.558,2947.92,941.7766,-1131.5613,64890.805,0.02881679,0.35066158,0.35066158,9.843441e-05,0.0003,-707.348,0.0037257116794586183,562.5803661346436,130000,,,,,,,
-5677.314,0.010459222,0.008542461,5677.324,-5677.324,0.32939148,0.18735155,30000.0,300.0,20,3000.0,587.61975,6442.345,5676.5693,3031.7708,332.7432,-325.40628,23699.951,0.0016394581,0.061712004,0.061712004,9.823391e-05,0.0003,-4904.558,0.0037990259170532226,581.5754995346069,135000,,,,,,,
-5535.7295,0.014744322,0.012182693,5535.744,-5535.744,0.43942234,0.18120138,30000.0,300.0,20,3000.0,355.50867,6444.61,5532.7217,80.460365,165.34851,-215.05354,17860.127,0.0026980266,0.07962394,0.07962394,9.8021614e-05,0.0003,-4941.349,0.0037273325443267823,600.2121663093567,140000,,,,,,,
-5501.657,0.007157989,0.009566236,5501.6646,-5501.6646,0.4006533,0.17237669,30000.0,300.0,20,3000.0,5347.6377,6434.683,5500.8906,3291.2534,5982.771,-4469.198,125415.836,0.0011829967,0.06906329,0.06906329,9.779754e-05,0.0003,53.17035,0.003675832939147949,618.5913355350494,145000,,,,,,,
-5540.608,0.011979115,0.010526463,5540.62,-5540.62,0.5478341,0.17831032,30000.0,300.0,20,3000.0,720.39496,6450.512,5538.086,487.57718,971.7394,-563.55,30805.518,0.0019367607,0.09768447,0.09768447,9.756177e-05,0.0003,-4527.1597,0.0037408389568328857,637.295535326004,150000,,,,,,,
-5440.4897,0.014052558,0.011936026,5440.504,-5440.504,0.35637125,0.1810954,30000.0,300.0,20,3000.0,1737.531,6455.0903,5439.0967,-45.851357,980.234,-1120.0361,47879.47,0.0017132997,0.0645372,0.0645372,9.7314376e-05,0.0003,-3509.3472,0.0037321014881134033,655.9560475349426,155000,,,,,,,
-5641.6606,0.045340523,0.20355073,5641.706,-5641.706,1.1202787,0.17132519,30000.0,300.0,20,3000.0,4528.903,6474.3506,5564.785,3000.773,537.61774,-657.2987,54688.67,0.0045397887,0.19193196,0.19193196,9.7055396e-05,0.0003,-536.9619,0.0037423365592956542,674.6677350997925,160000,,,,,,,
-5631.671,0.011851008,0.011584146,5631.6826,-5631.6826,0.52156085,0.1782681,30000.0,300.0,20,3000.0,2686.2197,6505.862,5631.467,347.90045,955.28784,-721.54645,54977.594,0.0019240042,0.09297766,0.09297766,9.6784934e-05,0.0003,-2666.518,0.0036718416690826416,693.0269482135773,165000,,,,,,,
-5759.793,0.04210738,0.21957664,5759.835,-5759.835,1.5793419,0.17372948,30000.0,300.0,20,3000.0,1739.6045,6502.4565,5697.116,2780.5205,1391.3433,-990.8356,61129.246,0.0021880623,0.27437824,0.27437824,9.6503034e-05,0.0003,-3197.0537,0.003733989906311035,711.6969015598297,170000,,,,,,,
-5526.3057,0.007824469,0.009918114,5526.3135,-5526.3135,0.434216,0.1747299,30000.0,300.0,20,3000.0,402.32385,6504.3975,5526.5117,-47.817223,255.70833,-235.99683,20033.322,0.0021537524,0.075870514,0.075870514,9.62098e-05,0.0003,-4896.3706,0.0037291098594665526,730.3424551486969,175000,,,,,,,
-5691.737,0.039824087,0.18046543,5691.777,-5691.777,1.2522227,0.18114941,30000.0,300.0,20,3000.0,1876.036,6516.0303,5642.3154,40.21887,402.1995,-718.68195,37867.047,0.003339916,0.2268394,0.2268394,9.59053e-05,0.0003,-3135.1826,0.003722095060348511,748.9529345035553,180000,,,,,,,
-5571.687,0.009475173,0.010768972,5571.6963,-5571.6963,0.6410818,0.17168759,30000.0,300.0,20,3000.0,1068.6967,6488.246,5569.4185,119.57582,521.61237,-597.70483,40189.395,0.0019582429,0.11006579,0.11006579,9.558961e-05,0.0003,-4172.793,0.003748287057876587,767.6943738460541,185000,,,,,,,
-5697.062,0.0072602434,0.009262122,5697.0693,-5697.0693,0.34186172,0.17493539,30000.0,300.0,20,3000.0,451.6812,6514.073,5695.463,1205.3617,278.42862,-802.0831,23763.816,0.0021405562,0.059803713,0.059803713,9.526282e-05,0.0003,-5065.9697,0.003675297451019287,786.0708651542664,190000,,,,,,,
-5660.531,0.009191167,0.00824967,5660.54,-5660.54,0.42818293,0.16875178,30000.0,300.0,20,3000.0,427.72058,6504.5483,5660.0996,3416.8335,265.32123,-260.6164,20761.668,0.0017731165,0.07225663,0.07225663,9.4925024e-05,0.0003,-5016.04,0.003719298267364502,804.6673607826233,195000,,,,,,,
-5654.993,0.0062267166,0.010989065,5654.9995,-5654.9995,0.407193,0.18063302,30000.0,300.0,20,3000.0,1554.3174,6492.5034,5651.9385,3064.9329,1032.642,-780.14636,42892.87,0.0016008693,0.073552504,0.073552504,9.457632e-05,0.0003,-3880.0183,0.003732765531539917,823.331193447113,200000,,,,,,,
-5753.306,0.009370882,0.01882259,5753.3154,-5753.3154,0.7088165,0.17444284,30000.0,300.0,20,3000.0,907.5213,6498.2095,5742.2803,3247.21,594.1585,-530.2007,32816.39,0.0015692818,0.123647965,0.123647965,9.42168e-05,0.0003,-4474.841,0.0055001278400421145,850.8318367004395,205000,,,,,,,
-5632.686,0.008168932,0.029022872,5632.6943,-5632.6943,1.0690922,0.1652783,30000.0,300.0,20,3000.0,793.0421,6482.2725,5619.451,723.08075,235.54181,-333.79193,26253.43,0.00217227,0.17669773,0.17669773,9.384654e-05,0.0003,-4309.551,0.0036610280990600585,869.1369812488556,210000,,,,,,,
-5551.2134,0.010092401,0.010594761,5551.2236,-5551.2236,0.7051108,0.14246556,30000.0,300.0,20,3000.0,365.1966,6474.1826,5547.7334,-19.26725,199.63264,-219.16302,16874.135,0.0016508399,0.100454,0.100454,9.346567e-05,0.0003,-4884.655,0.0037214114665985107,887.7440421581268,215000,,,,,,,
-5778.65,0.03858585,0.19228959,5778.6885,-5778.6885,1.0046828,0.13699044,30000.0,300.0,20,3000.0,1475.6301,6482.899,5712.158,580.8781,694.4769,-737.30444,40781.14,0.0019504696,0.13763194,0.13763194,9.30743e-05,0.0003,-3890.1238,0.0037276034355163573,906.382063627243,220000,,,,,,,
-5740.9575,0.01698131,0.063910946,5740.9746,-5740.9746,0.9143254,0.13852346,30000.0,300.0,20,3000.0,3205.587,6480.5596,5714.7646,40.899017,625.0872,-1094.4752,49686.547,0.0036563822,0.12665552,0.12665552,9.267249e-05,0.0003,-2155.404,0.003726332139968872,925.0137286186218,225000,,,,,,,
-5496.7246,0.011364512,0.016058734,5496.736,-5496.736,0.6949372,0.12606338,30000.0,300.0,20,3000.0,755.11414,6449.471,5491.6504,16.582737,384.7807,-245.23561,25801.566,0.0027430705,0.08760613,0.08760613,9.2260394e-05,0.0003,-4478.792,0.003672202968597412,943.3747477531433,230000,,,,,,,
-5706.419,0.0101220915,0.0138729615,5706.429,-5706.429,0.8040164,0.14332609,30000.0,300.0,20,3000.0,411.93274,6423.583,5699.366,7.514455,195.01904,-257.81702,18927.977,0.0009785199,0.11523653,0.11523653,9.183811e-05,0.0003,-4948.777,0.003728580141067505,962.0176527500153,235000,,,,,,,
-5722.4424,0.03734489,0.24336958,5722.4795,-5722.4795,0.72670615,0.13460873,30000.0,300.0,20,3000.0,2370.3137,6426.7246,5668.718,2794.6997,272.95563,-593.5846,28375.13,0.010187335,0.097821,0.097821,9.1405775e-05,0.0003,-3058.6658,0.0037356637477874758,980.6959760189056,240000,,,,,,,
-5690.7183,0.010943468,0.010116138,5690.729,-5690.729,0.7511292,0.11905555,30000.0,300.0,20,3000.0,511.70526,6402.865,5686.709,2987.3987,398.30215,-329.52228,22079.031,0.0012343999,0.0894261,0.0894261,9.0963455e-05,0.0003,-4910.735,0.0037284440994262693,999.3382003307343,245000,,,,,,,
-5587.966,0.023710163,0.04518751,5587.9897,-5587.9897,1.0303043,0.12085571,30000.0,300.0,20,3000.0,1799.611,6396.5015,5569.118,1330.7981,1312.425,-933.6018,47392.258,0.0012952989,0.12451816,0.12451816,9.051133e-05,0.0003,-3414.8005,0.0036731953144073484,1017.7041809558868,250000,,,,,,,
-5615.873,0.01582063,0.011267479,5615.8887,-5615.8887,0.8490192,0.117049634,30000.0,300.0,20,3000.0,4091.065,6392.6006,5613.601,2996.7231,1561.2966,-1043.6736,65533.86,0.001452171,0.099377386,0.099377386,9.004948e-05,0.0003,-1226.6759,0.0037359267711639405,1036.3838183879852,255000,,,,,,,
-5728.674,0.0066250283,0.009173841,5728.6807,-5728.6807,0.6865077,0.11308932,30000.0,300.0,20,3000.0,684.4601,6415.4717,5726.711,2235.9702,400.62515,-342.5763,26501.139,0.0013775367,0.0776367,0.0776367,8.9578054e-05,0.0003,-4811.3037,0.0037238900184631348,1055.0032737255096,260000,,,,,,,
-5666.7017,0.013206657,0.065690205,5666.715,-5666.715,0.810438,0.10897219,30000.0,300.0,20,3000.0,789.4801,6419.923,5641.1025,3224.9407,371.9182,-232.3623,22857.879,0.004780423,0.088315204,0.088315204,8.909717e-05,0.0003,-4612.276,0.00372619047164917,1073.6342301368713,265000,,,,,,,
-5678.202,0.0047374954,0.006345002,5678.207,-5678.207,0.5439206,0.12173708,30000.0,300.0,20,3000.0,4756.034,6424.6235,5678.331,3374.0723,2308.6812,-1665.8667,69954.05,0.00090463914,0.0662153,0.0662153,8.860696e-05,0.0003,-723.5221,0.003672146701812744,1091.9949669837952,270000,,,,,,,
-5760.886,0.055437,0.3119025,5760.942,-5760.942,3.2453659,0.10769854,30000.0,300.0,20,3000.0,2190.941,6427.251,5686.2607,2206.3677,687.8074,-1272.5125,56314.055,0.010296894,0.34952116,0.34952116,8.810758e-05,0.0003,-2521.3818,0.003734977197647095,1110.669857263565,275000,,,,,,,
-5501.4316,0.013808759,0.033471067,5501.4453,-5501.4453,2.3598118,0.09915056,30000.0,300.0,20,3000.0,630.5227,6436.817,5484.8994,95.925575,616.76526,-306.55542,27869.678,0.0024590583,0.23397666,0.23397666,8.759914e-05,0.0003,-4168.979,0.003736296892166138,1129.3513450622559,280000,,,,,,,
-5783.717,0.0067740697,0.013210389,5783.7236,-5783.7236,1.4370233,0.10685364,30000.0,300.0,20,3000.0,5858.641,6442.1646,5777.572,3664.8962,2729.2007,-1905.6238,83185.375,0.0012789802,0.15355116,0.15355116,8.708179e-05,0.0003,535.57776,0.0037230470657348635,1147.9665839672089,285000,,,,,,,
-5770.12,0.03217558,0.18340671,5770.1523,-5770.1523,0.58530116,0.11215281,30000.0,300.0,20,3000.0,1841.3857,6455.0894,5724.922,9.2918005,520.4167,-555.2986,37129.195,0.009910609,0.06564317,0.06564317,8.655565e-05,0.0003,-3731.805,0.0036702675342559815,1166.3179259300232,290000,,,,,,,
-5691.612,0.011445997,0.008101245,5691.623,-5691.623,0.42389807,0.1234645,30000.0,300.0,20,3000.0,221.08005,6434.921,5690.37,10.758451,168.66206,-187.21371,12687.314,0.0010734336,0.052336365,0.052336365,8.602091e-05,0.0003,-5313.5225,0.0037303675174713137,1184.9697670936584,295000,,,,,,,
-5840.114,0.05981682,0.29611158,5840.174,-5840.174,1.6248387,0.14062707,30000.0,300.0,20,3000.0,778.5736,6444.596,5764.2725,109.74542,223.70146,-346.95837,20013.605,0.009988425,0.22849631,0.22849631,8.547767e-05,0.0003,-4376.0513,0.003754565715789795,1203.7425999641418,300000,,,,,,,
-5725.923,0.037020683,0.24236536,5725.96,-5725.96,1.2197753,0.15569262,30000.0,300.0,20,3000.0,14085.55,6445.4106,5664.4844,1007.712,5235.68,-6991.022,187577.84,0.005445759,0.18991001,0.18991001,8.49261e-05,0.0003,8929.357,0.005283385324478149,1230.1595301628113,305000,,,,,,,
-5757.3276,0.009056458,0.012412916,5757.337,-5757.337,0.7573861,0.15424901,30000.0,300.0,20,3000.0,3169.808,6461.705,5749.379,3194.61,1030.7773,-594.925,51536.96,0.00092121743,0.11682606,0.11682606,8.436636e-05,0.0003,-2237.0413,0.003671703624725342,1248.5180530548096,310000,,,,,,,
-5894.4404,0.019960865,0.13809079,5894.4604,-5894.4604,1.0325063,0.15312532,30000.0,300.0,20,3000.0,1004.9122,6471.55,5853.4834,3382.357,601.6395,-687.659,32280.855,0.009834317,0.15810287,0.15810287,8.3798586e-05,0.0003,-4415.2197,0.0037245630741119386,1267.1408729553223,315000,,,,,,,
-5809.342,0.02480562,0.19138646,5809.3667,-5809.3667,0.8086772,0.15751792,30000.0,300.0,20,3000.0,674.12964,6460.8364,5764.595,3037.2693,277.31277,-269.4984,19261.707,0.003847471,0.12738115,0.12738115,8.322294e-05,0.0003,-4753.0684,0.003740901803970337,1285.8453862667084,320000,,,,,,,
-5647.4287,0.008703824,0.01660882,5647.4375,-5647.4375,0.5241775,0.15606545,30000.0,300.0,20,3000.0,457.95255,6448.3286,5639.729,2679.2776,161.27397,-155.58252,17553.982,0.0012545405,0.08180599,0.08180599,8.263957e-05,0.0003,-4944.058,0.003733935546875,1304.5150685310364,325000,,,,,,,
-5744.2495,0.0082715545,0.010943387,5744.258,-5744.258,0.5049506,0.1490471,30000.0,300.0,20,3000.0,566.75073,6455.928,5742.033,2741.2773,419.9809,-301.03052,19220.674,0.0017281866,0.07526143,0.07526143,8.2048646e-05,0.0003,-4951.715,0.0036766463279724122,1322.8983044624329,330000,,,,,,,
-5716.96,0.01621569,0.005721219,5716.976,-5716.976,0.37434092,0.14098299,30000.0,300.0,20,3000.0,391.21762,6458.375,5715.4834,233.40639,333.80634,-220.57005,19912.598,0.0012562985,0.0527757,0.0527757,8.1450344e-05,0.0003,-5167.415,0.0037398630619049074,1341.5976243019104,335000,,,,,,,
-5710.933,0.007583265,0.008560558,5710.941,-5710.941,0.46440125,0.12546213,30000.0,300.0,20,3000.0,783.7306,6451.585,5709.2393,2796.7905,511.98593,-421.8572,24681.316,0.001010743,0.05826477,0.05826477,8.0844795e-05,0.0003,-4752.408,0.0037377665519714356,1360.2864611148834,340000,,,,,,,
-5718.7407,0.007540634,0.044646736,5718.748,-5718.748,1.5777938,0.11465029,30000.0,300.0,20,3000.0,701.1729,6444.394,5699.342,-18.441767,342.07257,-191.59001,22960.418,0.0011774935,0.18089451,0.18089451,8.0232174e-05,0.0003,-4474.8843,0.0037344618797302245,1378.9587750434875,345000,,,,,,,
-5716.1167,0.005509156,0.008983981,5716.122,-5716.122,0.71149063,0.10356797,30000.0,300.0,20,3000.0,526.05676,6455.231,5714.8735,2844.281,414.03568,-314.93683,17207.096,0.0016451215,0.07368764,0.07368764,7.961267e-05,0.0003,-4968.997,0.0036766430854797364,1397.3419950008392,350000,,,,,,,
-5573.3677,0.01003383,0.01052089,5573.378,-5573.378,1.1691508,0.10160285,30000.0,300.0,20,3000.0,338.99872,6449.5264,5569.301,4.9055085,210.84988,-171.27194,15916.574,0.0013160178,0.11878906,0.11878906,7.898643e-05,0.0003,-4878.002,0.003730606460571289,1415.9950320720673,355000,,,,,,,
-5801.417,0.059414357,0.29774922,5801.4766,-5801.4766,2.8033185,0.09729501,30000.0,300.0,20,3000.0,2121.123,6453.8936,5735.3936,150.7666,823.39374,-1302.2485,54533.426,0.011431653,0.2727489,0.2727489,7.835362e-05,0.0003,-2862.0474,0.0037308876514434816,1434.649474620819,360000,,,,,,,
-5796.975,0.022290591,0.10404092,5796.9976,-5796.9976,1.5498124,0.10013225,30000.0,300.0,20,3000.0,2047.1589,6477.89,5767.254,76.51676,1171.5378,-547.9342,44881.773,0.0034192814,0.1551862,0.1551862,7.7714445e-05,0.0003,-3284.2576,0.0037342909336090086,1453.32093334198,365000,,,,,,,
-5791.6665,0.0052774074,0.007701315,5791.672,-5791.672,1.3534541,0.117351115,30000.0,300.0,20,3000.0,14703.372,6471.2397,5790.205,4057.551,3184.8105,-3789.6587,126923.5,0.0014776047,0.15882935,0.15882935,7.706907e-05,0.0003,9388.193,0.0036787636280059812,1471.7147557735443,370000,,,,,,,
-5791.5566,0.04889351,0.28175217,5791.6055,-5791.6055,2.475141,0.12146467,30000.0,300.0,20,3000.0,807.97675,6476.584,5733.5605,3495.9873,325.52106,-366.76416,23020.41,0.0039582374,0.3006422,0.3006422,7.641764e-05,0.0003,-4081.6536,0.0037254883766174316,1490.3422021865845,375000,,,,,,,
-5699.8384,0.007339811,0.008848505,5699.8457,-5699.8457,0.39246914,0.12874953,30000.0,300.0,20,3000.0,351.09198,6470.723,5695.342,-3.0890622,234.46133,-295.23502,16075.566,0.0011638659,0.050530218,0.050530218,7.5760356e-05,0.0003,-5197.156,0.003725062370300293,1508.9675183296204,380000,,,,,,,
-5646.739,0.0070101516,0.006341835,5646.7456,-5646.7456,0.5295154,0.12093425,30000.0,300.0,20,3000.0,325.96735,6472.1367,5644.5923,266.9319,340.37512,-277.34558,17190.281,0.00069005264,0.06403655,0.06403655,7.50974e-05,0.0003,-5128.6616,0.0037340986728668212,1527.6380157470703,385000,,,,,,,
-5778.291,0.042517617,0.2650805,5778.3335,-5778.3335,0.80350965,0.12060249,30000.0,300.0,20,3000.0,3069.0337,6465.089,5725.156,3554.2966,451.25293,-1239.2014,36222.047,0.016375624,0.09690527,0.09690527,7.442894e-05,0.0003,-2418.5415,0.0036605145454406737,1545.9405932426453,390000,,,,,,,
-5809.2524,0.005273415,0.0067439503,5809.258,-5809.258,0.71201915,0.124103926,30000.0,300.0,20,3000.0,721.68604,6466.65,5806.1514,-54.10805,365.1668,-149.7824,17015.79,0.00088546355,0.08836438,0.08836438,7.375519e-05,0.0003,-4822.473,0.003742976140975952,1564.6554782390594,395000,,,,,,,
-5776.9644,0.053491335,0.30954486,5777.018,-5777.018,3.4157946,0.122760214,30000.0,300.0,20,3000.0,1284.8075,6470.2075,5712.7056,-8.537298,432.5938,-452.06436,29633.2,0.01237044,0.41932368,0.41932368,7.30763e-05,0.0003,-3234.1855,0.003721665573120117,1583.2638096809387,400000,,,,,,,
-5774.966,0.0069415476,0.006683915,5774.9727,-5774.9727,0.46616554,0.12621759,30000.0,300.0,20,3000.0,1276.4237,6473.348,5774.033,-12.911008,961.3196,-391.01495,31067.21,0.00147654,0.05883829,0.05883829,7.239246e-05,0.0003,-4322.0273,0.0052658637046813965,1609.5931332111359,405000,,,,,,,
-5830.7515,0.03928983,0.21306561,5830.7905,-5830.7905,2.3667898,0.115132086,30000.0,300.0,20,3000.0,364.32773,6459.016,5775.816,3477.732,161.6242,-230.13979,19324.904,0.004671084,0.27249342,0.27249342,7.170388e-05,0.0003,-4648.9434,0.0037249225616455077,1628.217750787735,410000,,,,,,,
-5754.947,0.0131140575,0.005862819,5754.96,-5754.96,0.54886025,0.12157064,30000.0,300.0,20,3000.0,788.4616,6459.9517,5753.927,16.530458,945.39496,-1154.6268,32974.426,0.0009048175,0.0667253,0.0667253,7.101073e-05,0.0003,-4766.3096,0.0037181211471557615,1646.8083596229553,415000,,,,,,,
-5888.751,0.039026976,0.23333108,5888.79,-5888.79,0.90111125,0.12509963,30000.0,300.0,20,3000.0,669.6963,6456.419,5841.7085,1362.9297,187.69061,-229.21313,18917.389,0.018810311,0.112728685,0.112728685,7.0313195e-05,0.0003,-4880.8687,0.00373219633102417,1665.469345331192,420000,,,,,,,
-5746.388,0.0073586022,0.0062287115,5746.3955,-5746.3955,0.38698575,0.13249673,30000.0,300.0,20,3000.0,476.38672,6441.3047,5745.2593,3137.6511,275.1273,-169.96077,17441.996,0.0013903268,0.051274344,0.051274344,6.961148e-05,0.0003,-5116.178,0.0036686765193939207,1683.8127324581146,425000,,,,,,,
-5759.8257,0.0337457,0.23380801,5759.8594,-5759.8594,1.0335709,0.13391618,30000.0,300.0,20,3000.0,1020.87573,6444.1587,5710.8223,25.997002,230.82251,-527.69666,23778.732,0.006795186,0.13841188,0.13841188,6.890576e-05,0.0003,-4323.7144,0.0037215787410736084,1702.42062997818,430000,,,,,,,
-5739.1177,0.044474024,0.23145685,5739.162,-5739.162,2.7468746,0.13886838,30000.0,300.0,20,3000.0,707.14734,6435.2666,5693.121,2858.0647,218.9682,-163.70781,24766.69,0.007033437,0.381454,0.381454,6.8196256e-05,0.0003,-3887.6084,0.003721730184555054,1721.029284954071,435000,,,,,,,
-5680.5444,0.009384677,0.0070297793,5680.5537,-5680.5537,0.4692814,0.14645615,30000.0,300.0,20,3000.0,644.0748,6413.4746,5678.059,214.23131,257.3036,-491.93192,23592.816,0.00086851174,0.06872915,0.06872915,6.748313e-05,0.0003,-4830.282,0.003729524755477905,1739.6769127845764,440000,,,,,,,
-5840.623,0.013041492,0.07217029,5840.636,-5840.636,0.84401613,0.13758205,30000.0,300.0,20,3000.0,1433.1079,6440.055,5814.983,3910.5718,766.0504,-529.99335,38298.05,0.002683913,0.11612147,0.11612147,6.67666e-05,0.0003,-4059.1506,0.0036748869895935057,1758.0513517856598,445000,,,,,,,
-5789.7847,0.020757416,0.16113542,5789.8057,-5789.8057,1.0710062,0.13868824,30000.0,300.0,20,3000.0,496.25714,6433.7314,5752.4546,40.0089,273.18973,-380.36444,18713.387,0.007330545,0.14853595,0.14853595,6.604685e-05,0.0003,-4847.9194,0.0037339932918548585,1776.72132229805,450000,,,,,,,
-5826.4775,0.021759698,0.12881526,5826.4995,-5826.4995,1.844748,0.13649522,30000.0,300.0,20,3000.0,911.66693,6438.4546,5795.841,3665.7483,664.482,-488.30408,32158.188,0.0052717472,0.2517993,0.2517993,6.5324086e-05,0.0003,-4159.4126,0.003729337453842163,1795.368013381958,455000,,,,,,,
-5811.483,0.005169089,0.004578582,5811.4883,-5811.4883,0.7421008,0.13317384,30000.0,300.0,20,3000.0,2103.5586,6431.118,5812.045,3143.3105,1122.0596,-644.2821,38227.14,0.0008562274,0.09882841,0.09882841,6.4598484e-05,0.0003,-3411.439,0.003736816692352295,1814.0521008968353,460000,,,,,,,
-5690.671,0.035984658,0.22549574,5690.707,-5690.707,1.9317975,0.13236037,30000.0,300.0,20,3000.0,1219.861,6416.691,5643.493,3482.4465,358.9574,-470.65115,35939.223,0.0027757853,0.25569344,0.25569344,6.387027e-05,0.0003,-3703.7297,0.003671574068069458,1832.4099752902985,465000,,,,,,,
-5760.1147,0.05111061,0.28475046,5760.166,-5760.166,1.0232942,0.14377046,30000.0,300.0,20,3000.0,1237.6553,6425.339,5700.703,105.44551,410.54428,-542.30927,21100.514,0.009635944,0.14711948,0.14711948,6.3139625e-05,0.0003,-4081.101,0.0037314802169799806,1851.0673804283142,470000,,,,,,,
-5739.375,0.0070072073,0.0071310974,5739.382,-5739.382,0.5859483,0.13782367,30000.0,300.0,20,3000.0,211.7291,6415.1836,5735.9517,-1.3535429,169.96603,-173.93358,11606.094,0.0007268934,0.08075754,0.08075754,6.2406754e-05,0.0003,-5285.3735,0.003724595928192139,1869.6903641223907,475000,,,,,,,
-5679.65,0.009936634,0.005658211,5679.6597,-5679.6597,0.30517355,0.14260857,30000.0,300.0,20,3000.0,5259.304,6402.6504,5678.451,1983.0906,2864.3848,-1037.3776,65027.64,0.0005599699,0.04352036,0.04352036,6.167186e-05,0.0003,-289.7846,0.00372052206993103,1888.2929782867432,480000,,,,,,,
-5790.965,0.027574169,0.17307732,5790.992,-5790.992,0.9115661,0.13169016,30000.0,300.0,20,3000.0,424.8571,6414.231,5755.244,3690.4805,272.1333,-169.88513,16273.204,0.0035139848,0.12004428,0.12004428,6.093515e-05,0.0003,-5005.975,0.0036710879325866697,1906.648422241211,485000,,,,,,,
-5834.163,0.027502706,0.18098861,5834.1904,-5834.1904,1.2515593,0.1214469,30000.0,300.0,20,3000.0,811.7376,6420.375,5794.466,61.870544,247.1104,-528.43365,22279.492,0.0068763336,0.151998,0.151998,6.0196806e-05,0.0003,-4566.431,0.0037229201316833498,1925.263027191162,490000,,,,,,,
-5793.009,0.0047748126,0.0053998316,5793.0137,-5793.0137,0.4205664,0.11819388,30000.0,300.0,20,3000.0,1949.9806,6416.5674,5791.3525,3318.003,932.9905,-349.32855,33899.914,0.0011837282,0.049708374,0.049708374,5.945705e-05,0.0003,-3693.9033,0.0037340150833129883,1943.933106660843,495000,,,,,,,
-5797.7266,0.0069810916,0.0064001605,5797.7334,-5797.7334,0.53576267,0.11127477,30000.0,300.0,20,3000.0,379.08746,6420.2065,5796.173,1500.5637,174.36456,-187.12424,13901.489,0.0016788564,0.059616867,0.059616867,5.8716072e-05,0.0003,-5239.7886,0.0037320303916931153,1962.5932624340057,500000,,,,,,,
-5716.619,0.033149377,0.20451793,5716.6523,-5716.6523,0.90886825,0.12545817,30000.0,300.0,20,3000.0,599.4143,6415.4097,5671.869,-8.286402,379.73734,-344.03604,24296.734,0.008349848,0.114024945,0.114024945,5.7974077e-05,0.0003,-4775.1304,0.005512490510940552,1990.15571975708,505000,,,,,,,
-5788.4116,0.018891457,0.11455073,5788.4307,-5788.4307,0.9000849,0.126183,30000.0,300.0,20,3000.0,527.5388,6396.514,5761.7334,3025.5532,199.74948,-330.64987,21130.45,0.0025239193,0.113575414,0.113575414,5.7231267e-05,0.0003,-4920.147,0.00374249153137207,2008.8681814670563,510000,,,,,,,
-5668.838,0.0052263862,0.0055448017,5668.8433,-5668.8433,0.43329626,0.13068694,30000.0,300.0,20,3000.0,370.46268,6393.2803,5668.3267,-76.49096,513.5848,-144.91501,14134.94,0.000957737,0.056626163,0.056626163,5.6487854e-05,0.0003,-5128.4966,0.003731301975250244,2027.5246958732605,515000,,,,,,,
-5725.28,0.0072203763,0.011780567,5725.287,-5725.287,0.7522319,0.12618957,30000.0,300.0,20,3000.0,490.91174,6400.682,5720.134,-35.88718,174.5122,-342.1137,18707.527,0.0017564048,0.094923824,0.094923824,5.574403e-05,0.0003,-4949.5967,0.0037229180335998533,2046.1392896175385,520000,,,,,,,
-5653.403,0.0065379534,0.005148996,5653.409,-5653.409,0.43993804,0.13290392,30000.0,300.0,20,3000.0,280.13678,6387.53,5650.7207,3394.234,156.20969,-204.79343,13354.754,0.00066304154,0.05846949,0.05846949,5.5000004e-05,0.0003,-5197.8574,0.0036851778984069825,2064.565183401108,525000,,,,,,,
-5713.468,0.0045760134,0.0063572433,5713.472,-5713.472,0.5579465,0.13775043,30000.0,300.0,20,3000.0,601.32434,6396.332,5710.5063,1567.2692,487.6843,-200.84245,23194.684,0.00080217747,0.07685737,0.07685737,5.4255972e-05,0.0003,-4881.5713,0.003727906131744385,2083.204718351364,530000,,,,,,,
-5680.6543,0.0051254295,0.0066742613,5680.659,-5680.659,0.4075363,0.13496296,30000.0,300.0,20,3000.0,560.10004,6380.547,5679.455,-51.809963,262.73697,-309.3233,20397.52,0.0010720266,0.055002302,0.055002302,5.3512147e-05,0.0003,-4955.5474,0.003724993085861206,2101.829687833786,535000,,,,,,,
-5693.2324,0.006093917,0.006204716,5693.2383,-5693.2383,0.43816164,0.13061,30000.0,300.0,20,3000.0,220.21648,6380.535,5692.5635,3193.4749,354.2392,-102.66797,11495.39,0.0015070057,0.057228297,0.057228297,5.276873e-05,0.0003,-5301.331,0.003688459587097168,2120.2719905376434,540000,,,,,,,
-5812.336,0.030991923,0.21481422,5812.3667,-5812.3667,1.0408219,0.11647892,30000.0,300.0,20,3000.0,566.8924,6377.201,5765.079,3380.9893,205.25249,-502.15808,21262.309,0.0027698614,0.12123382,0.12123382,5.2025924e-05,0.0003,-4881.7417,0.003735207939147949,2138.948033809662,545000,,,,,,,
-5660.737,0.040619455,0.29658827,5660.7773,-5660.7773,2.3081155,0.105342984,30000.0,300.0,20,3000.0,7118.404,6369.5283,5597.8433,781.1076,3164.5835,-2525.6926,85673.78,0.0074628866,0.24314377,0.24314377,5.1283936e-05,0.0003,2187.0981,0.0037259591579437254,2157.5778341293335,550000,,,,,,,
-5580.6724,0.007788536,0.0067486907,5580.68,-5580.68,0.6334016,0.10582661,30000.0,300.0,20,3000.0,380.30716,6354.7715,5576.3174,3605.4832,176.95755,-432.19183,13591.532,0.000773984,0.06703074,0.06703074,5.0542945e-05,0.0003,-4999.273,0.0037257819175720215,2176.2067482471466,555000,,,,,,,
-5846.9907,0.035831176,0.23403418,5847.0264,-5847.0264,1.3391597,0.105336905,30000.0,300.0,20,3000.0,848.4943,6360.822,5797.132,3611.7932,525.45355,-533.252,23758.559,0.0042275805,0.14106295,0.14106295,4.9803188e-05,0.0003,-4575.3076,0.003690937805175781,2194.6614418029785,560000,,,,,,,
-5798.3003,0.01335159,0.065179795,5798.3135,-5798.3135,1.8307375,0.10331142,30000.0,300.0,20,3000.0,1432.5046,6365.002,5778.509,3633.7593,892.7258,-315.3818,32153.496,0.0014391658,0.18913609,0.18913609,4.9064853e-05,0.0003,-3798.3877,0.0037346128463745117,2213.334510564804,565000,,,,,,,
-5745.1113,0.028177457,0.24700877,5745.1396,-5745.1396,1.5206778,0.10865132,30000.0,300.0,20,3000.0,541.5331,6347.006,5697.55,3140.6365,266.57715,-287.86664,16504.992,0.00095784233,0.16522366,0.16522366,4.8328133e-05,0.0003,-4707.907,0.003735748815536499,2232.0132591724396,570000,,,,,,,
-5755.9653,0.008530383,0.02132648,5755.9736,-5755.9736,0.5948033,0.10637329,30000.0,300.0,20,3000.0,690.5185,6338.722,5747.2856,3469.3914,182.35193,-459.2118,18250.754,0.0006862157,0.06327118,0.06327118,4.7593247e-05,0.0003,-4875.6333,0.0037354499816894533,2250.6905133724213,575000,,,,,,,
-5862.469,0.019792492,0.15109715,5862.4893,-5862.4893,0.5962153,0.10917177,30000.0,300.0,20,3000.0,432.23434,6332.496,5830.079,3328.4424,270.79898,-458.5269,20834.742,0.0008074199,0.06508988,0.06508988,4.686038e-05,0.0003,-5234.9653,0.0036878238677978516,2269.129636526108,580000,,,,,,,
-5676.7036,0.034601606,0.23966813,5676.7383,-5676.7383,1.8478683,0.10222664,30000.0,300.0,20,3000.0,673.5825,6323.8145,5627.3037,616.6487,186.52888,-503.63943,20496.059,0.0029229845,0.18890136,0.18890136,4.612974e-05,0.0003,-4436.417,0.0037339329719543457,2287.799305677414,585000,,,,,,,
-5718.0786,0.008330545,0.005217094,5718.087,-5718.087,0.53383994,0.109018326,30000.0,300.0,20,3000.0,3854.6484,6312.562,5715.9297,291.22183,1899.1732,-624.2382,57154.555,0.0007112281,0.05819834,0.05819834,4.540152e-05,0.0003,-1688.8352,0.0037371332168579102,2306.484976053238,590000,,,,,,,
-5648.9956,0.005278181,0.0064608133,5649.001,-5649.001,0.6117,0.107030325,30000.0,300.0,20,3000.0,833.7216,6302.7227,5648.454,42.38478,668.01184,-701.66644,21411.262,0.001024466,0.06547045,0.06547045,4.467592e-05,0.0003,-4618.863,0.0037307538986206053,2325.1387498378754,595000,,,,,,,
-5724.008,0.025537651,0.1430516,5724.033,-5724.033,1.4808434,0.098534174,30000.0,300.0,20,3000.0,306.10828,6312.963,5690.708,-10.901168,227.47516,-265.0232,22228.25,0.0032411143,0.14591369,0.14591369,4.3953154e-05,0.0003,-4980.158,0.0036704346656799315,2343.4909286499023,600000,,,,,,,
-5670.462,0.007507236,0.0057598795,5670.469,-5670.469,0.68296105,0.10638404,30000.0,300.0,20,3000.0,3052.2146,6306.8037,5668.0205,3689.237,1785.9913,-545.8526,45539.047,0.00062190776,0.072656155,0.072656155,4.3233405e-05,0.0003,-2400.2788,0.005508153867721558,2371.031702041626,605000,,,,,,,
-5662.1714,0.038441278,0.28828427,5662.21,-5662.21,1.6434059,0.1032776,30000.0,300.0,20,3000.0,1284.7334,6309.9355,5609.7515,15.139468,435.2947,-1140.2173,30490.793,0.007191846,0.16972701,0.16972701,4.251687e-05,0.0003,-3868.2568,0.0037360247135162354,2389.7118299007416,610000,,,,,,,
-5765.4126,0.028769892,0.17732704,5765.4414,-5765.4414,1.273031,0.10098691,30000.0,300.0,20,3000.0,246.82352,6311.103,5726.6885,3329.124,286.2688,-572.5791,14929.256,0.0019625372,0.12855947,0.12855947,4.1803753e-05,0.0003,-5132.9106,0.00374288444519043,2408.4262566566467,615000,,,,,,,
-5747.558,0.032705005,0.20355062,5747.591,-5747.591,0.96014047,0.103235655,30000.0,300.0,20,3000.0,669.89246,6320.3706,5707.0996,3343.0142,252.79668,-146.21455,19693.83,0.0019602873,0.09912073,0.09912073,4.1094238e-05,0.0003,-4780.303,0.0036811846256256105,2426.8321833610535,620000,,,,,,,
-5699.8223,0.0067528784,0.0068414523,5699.829,-5699.829,0.49281362,0.10352446,30000.0,300.0,20,3000.0,200.21664,6313.087,5697.189,3.5628796,143.95197,-227.57979,12261.791,0.00093417027,0.051018264,0.051018264,4.0388528e-05,0.0003,-5346.551,0.0037304449558258055,2445.4844119548798,625000,,,,,,,
-5705.8774,0.032691576,0.22336039,5705.91,-5705.91,1.1926044,0.09919159,30000.0,300.0,20,3000.0,415.46542,6314.5146,5659.9336,3757.9688,463.2453,-212.61382,18254.324,0.010456504,0.118296325,0.118296325,3.9686805e-05,0.0003,-4935.523,0.003732155895233154,2464.1451959609985,630000,,,,,,,
-5700.331,0.0061333715,0.009579817,5700.3374,-5700.3374,0.91376996,0.098881826,30000.0,300.0,20,3000.0,634.19727,6294.728,5695.6084,3862.8384,845.65063,-219.23618,19319.652,0.0007645695,0.09035524,0.09035524,3.8989278e-05,0.0003,-4795.068,0.003731251811981201,2482.8014600276947,635000,,,,,,,
-5609.273,0.007757788,0.0065337364,5609.281,-5609.281,0.7664342,0.112979226,30000.0,300.0,20,3000.0,687.0944,6289.6113,5605.3027,31.365921,904.0354,-858.60657,30693.043,0.0007871973,0.08659114,0.08659114,3.8296123e-05,0.0003,-4662.4053,0.0036757331848144533,2501.1801302433014,640000,,,,,,,
-5782.665,0.03225684,0.21467248,5782.6973,-5782.6973,2.030231,0.10834002,30000.0,300.0,20,3000.0,365.63663,6303.4214,5734.757,3306.756,175.40826,-192.03477,14013.266,0.002465535,0.21995525,0.21995525,3.7607537e-05,0.0003,-4757.1626,0.003739454698562622,2519.8774077892303,645000,,,,,,,
-5737.731,0.019601526,0.12449637,5737.7505,-5737.7505,0.45125735,0.10841145,30000.0,300.0,20,3000.0,10332.955,6306.235,5690.045,85.83942,11663.618,-10001.016,226503.66,0.0013842316,0.048921466,0.048921466,3.692371e-05,0.0003,4741.9883,0.003740162706375122,2538.578225374222,650000,,,,,,,
-5750.6094,0.033157416,0.24025747,5750.6426,-5750.6426,1.7890196,0.122550026,30000.0,300.0,20,3000.0,427.4635,6311.4204,5698.6445,124.95044,248.25815,-164.2996,18173.215,0.0017641954,0.21924439,0.21924439,3.6244823e-05,0.0003,-4665.413,0.0037332743167877197,2557.244601249695,655000,,,,,,,
-5716.209,0.024868507,0.18257074,5716.234,-5716.234,0.52339464,0.13039063,30000.0,300.0,20,3000.0,243.5465,6309.152,5677.729,3631.0706,208.36192,-161.8177,15326.733,0.0022206083,0.06824575,0.06824575,3.5571058e-05,0.0003,-5267.9253,0.0036686338424682615,2575.5877747535706,660000,,,,,,,
-5723.0674,0.004219136,0.0036792771,5723.072,-5723.072,0.3303051,0.13688777,30000.0,300.0,20,3000.0,227.50082,6303.3247,5722.593,3581.7915,111.06504,-199.77649,11972.385,0.0007324197,0.045214728,0.045214728,3.490261e-05,0.0003,-5359.9224,0.003735329055786133,2594.2644238471985,665000,,,,,,,
-5737.0684,0.04479213,0.25166312,5737.1133,-5737.1133,1.5722381,0.14479262,30000.0,300.0,20,3000.0,303.09564,6310.589,5689.74,3728.2974,242.89647,-228.38113,21012.549,0.008358378,0.22764848,0.22764848,3.4239645e-05,0.0003,-4751.0273,0.0037287856101989748,2612.908355474472,670000,,,,,,,
-5687.0767,0.005483839,0.0060874876,5687.082,-5687.082,0.5366164,0.15249528,30000.0,300.0,20,3000.0,392.49957,6297.7173,5685.2153,2966.116,295.25848,-274.62802,17281.744,0.00081571983,0.08183146,0.08183146,3.3582368e-05,0.0003,-5049.083,0.003680561351776123,2631.3111662864685,675000,,,,,,,
-5808.481,0.0159639,0.12535673,5808.497,-5808.497,1.1032084,0.14828013,30000.0,300.0,20,3000.0,822.93915,6299.1753,5779.942,-31.173855,536.53345,-230.84457,29063.783,0.0038641328,0.16358389,0.16358389,3.2930948e-05,0.0003,-4494.7905,0.0037366377353668214,2649.9943590164185,680000,,,,,,,
-5704.509,0.007969639,0.004857082,5704.5166,-5704.5166,0.33299467,0.14749841,30000.0,300.0,20,3000.0,469.50598,6298.0703,5702.6504,13.042683,1950.4285,-1033.5626,38058.324,0.00073807046,0.049116183,0.049116183,3.228555e-05,0.0003,-5087.6543,0.003734752368927002,2668.6681249141693,685000,,,,,,,
-5751.1685,0.02716364,0.2045989,5751.196,-5751.196,0.8168408,0.15539481,30000.0,300.0,20,3000.0,361.9492,6297.4507,5708.858,3307.0942,178.86446,-552.2101,15134.83,0.007857334,0.12693281,0.12693281,3.1646374e-05,0.0003,-5008.421,0.0037493051528930663,2687.4146547317505,690000,,,,,,,
-5725.12,0.004962508,0.0042183986,5725.125,-5725.125,0.31548184,0.1399366,30000.0,300.0,20,3000.0,148.95741,6298.1416,5724.348,167.13483,631.476,-122.80194,12480.199,0.00045135012,0.044147454,0.044147454,3.1013573e-05,0.0003,-5443.72,0.003681693983078003,2705.823128938675,695000,,,,,,,
-5734.412,0.024424247,0.18124205,5734.4365,-5734.4365,0.8557468,0.13660496,30000.0,300.0,20,3000.0,262.34467,6293.759,5696.876,3990.2283,212.276,-144.41354,15033.919,0.013417381,0.11689926,0.11689926,3.0387337e-05,0.0003,-5121.3696,0.0037304423332214357,2724.4753456115723,700000,,,,,,,
-5719.1606,0.01921603,0.14851862,5719.1797,-5719.1797,1.7978482,0.13203362,30000.0,300.0,20,3000.0,232.69756,6288.3403,5687.319,498.55344,145.3652,-164.52118,19583.225,0.0058457376,0.2373764,0.2373764,2.9767822e-05,0.0003,-4774.3335,0.005402815961837768,2751.4894297122955,705000,,,,,,,
-5766.136,0.0236114,0.17766854,5766.1597,-5766.1597,1.0651977,0.12167447,30000.0,300.0,20,3000.0,236.97726,6286.781,5730.547,5.9290285,382.45944,-152.71869,14787.277,0.0029796758,0.12960736,0.12960736,2.9155208e-05,0.0003,-5140.337,0.003745145082473755,2770.2151596546173,710000,,,,,,,
-5736.816,0.01779184,0.17066601,5736.8335,-5736.8335,1.7007015,0.114314474,30000.0,300.0,20,3000.0,304.0463,6281.663,5698.049,3875.9075,216.66345,-382.64612,18788.385,0.0035287933,0.1944148,0.1944148,2.8549664e-05,0.0003,-4849.5254,0.0036790063858032226,2788.6101953983307,715000,,,,,,,
-5619.8745,0.0047116703,0.0069816625,5619.8794,-5619.8794,1.1753534,0.11124078,30000.0,300.0,20,3000.0,206.03064,6281.1953,5617.092,-54.297237,189.64183,-174.01819,12585.709,0.00081247295,0.13074723,0.13074723,2.7951346e-05,0.0003,-5021.602,0.0037286217212677,2807.2533078193665,720000,,,,,,,
-5628.4287,0.0036537666,0.006453044,5628.432,-5628.432,0.7237141,0.11451783,30000.0,300.0,20,3000.0,2339.4402,6272.527,5625.3335,2736.4424,2337.7864,-4111.911,48306.195,0.0009082856,0.08287817,0.08287817,2.736043e-05,0.0003,-3040.354,0.003721459865570068,2825.8606107234955,725000,,,,,,,
-5670.8203,0.004580317,0.0045743873,5670.8247,-5670.8247,0.28544524,0.102298714,30000.0,300.0,20,3000.0,238.56815,6279.515,5669.8423,2983.3232,191.01352,-233.44583,11070.963,0.0007055168,0.02920068,0.02920068,2.6777061e-05,0.0003,-5344.65,0.003731849479675293,2844.519862174988,730000,,,,,,,
-5670.5283,0.024283405,0.18190742,5670.5527,-5670.5527,1.0195183,0.09992156,30000.0,300.0,20,3000.0,385.0,6279.9507,5625.1357,2616.1504,528.82574,-374.66782,21700.953,0.00221157,0.101871856,0.101871856,2.6201416e-05,0.0003,-4979.9126,0.003669173049926758,2862.8657324314117,735000,,,,,,,
-5700.866,0.02036854,0.12621365,5700.8867,-5700.8867,1.4863961,0.096969455,30000.0,300.0,20,3000.0,920.5823,6284.19,5663.6997,-0.5459534,465.2073,-1272.105,30876.832,0.0023952136,0.14413501,0.14413501,2.5633639e-05,0.0003,-4347.879,0.0037309370040893553,2881.5204219818115,740000,,,,,,,
-5785.8457,0.022427462,0.15304843,5785.868,-5785.868,2.7360346,0.103935696,30000.0,300.0,20,3000.0,810.4908,6278.2456,5738.5215,2762.671,1853.3293,-1484.3722,50798.656,0.0033542332,0.28437167,0.28437167,2.5073889e-05,0.0003,-4122.2397,0.0037272626399993897,2900.1567385196686,745000,,,,,,,
-5690.01,0.023604829,0.18924193,5690.033,-5690.033,2.0733373,0.10660058,30000.0,300.0,20,3000.0,496.37247,6282.3555,5651.4717,3727.031,119.00842,-206.97986,17847.271,0.0060546994,0.22101897,0.22101897,2.4522331e-05,0.0003,-4530.58,0.003725974369049072,2918.786614894867,750000,,,,,,,
-5686.986,0.017145608,0.1402082,5687.003,-5687.003,1.6635875,0.11516879,30000.0,300.0,20,3000.0,188.02666,6265.3833,5653.6904,3822.9329,280.41394,-352.36145,15382.244,0.004142122,0.19159335,0.19159335,2.3979092e-05,0.0003,-4924.1787,0.003674731111526489,2937.1602745056152,755000,,,,,,,
-5651.2344,0.017804317,0.1770864,5651.252,-5651.252,1.0828311,0.11939881,30000.0,300.0,20,3000.0,189.39532,6268.828,5616.82,170.77367,316.29242,-148.031,12693.209,0.0043856325,0.12928875,0.12928875,2.3444345e-05,0.0003,-5073.9727,0.0037368744373321534,2955.8446509838104,760000,,,,,,,
-5630.4336,0.019545406,0.19789144,5630.453,-5630.453,1.3101519,0.11496878,30000.0,300.0,20,3000.0,1027.4309,6259.927,5592.5957,3731.6665,311.56958,-890.5841,31310.64,0.0037139743,0.15062657,0.15062657,2.2918219e-05,0.0003,-4151.123,0.0037326912879943846,2974.5081117153168,765000,,,,,,,
-5737.0376,0.013980602,0.11172938,5737.052,-5737.052,1.2542468,0.11485567,30000.0,300.0,20,3000.0,313.08725,6248.3623,5712.289,-16.866018,108.07704,-458.14905,16617.172,0.0005962653,0.14405736,0.14405736,2.2400869e-05,0.0003,-4991.7783,0.003674165058135986,2992.878941297531,770000,,,,,,,
-5706.531,0.01792778,0.14727136,5706.549,-5706.549,1.0042157,0.122403875,30000.0,300.0,20,3000.0,182.54736,6246.636,5672.833,3644.2642,167.64433,-139.43784,13505.163,0.0054670023,0.1229199,0.1229199,2.1892429e-05,0.0003,-5155.2236,0.0037314645290374756,3011.536268234253,775000,,,,,,,
-5754.869,0.01900554,0.16252619,5754.888,-5754.888,1.2623183,0.12420092,30000.0,300.0,20,3000.0,436.4154,6251.793,5721.707,3878.4587,404.55237,-198.70158,18001.625,0.0027639936,0.15678109,0.15678109,2.1393029e-05,0.0003,-4848.1104,0.0037396944046020507,3030.234744787216,780000,,,,,,,
-5725.022,0.014342237,0.14732417,5725.036,-5725.036,1.087761,0.1228103,30000.0,300.0,20,3000.0,326.03964,6248.237,5690.8257,2876.3196,462.6307,-117.3091,18287.883,0.004538772,0.13358825,0.13358825,2.0902831e-05,0.0003,-4998.218,0.003734256649017334,3048.9060323238373,785000,,,,,,,
-5664.8623,0.02553336,0.18406944,5664.8877,-5664.8877,2.0743945,0.12883516,30000.0,300.0,20,3000.0,167.28381,6234.591,5624.6626,-14.7525,226.14073,-1333.6106,19311.91,0.008653745,0.26725495,0.26725495,2.0421947e-05,0.0003,-4695.814,0.003677998638153076,3067.2960300445557,790000,,,,,,,
-5746.3877,0.017038628,0.107435584,5746.405,-5746.405,0.51439697,0.13129853,30000.0,300.0,20,3000.0,410.8117,6227.016,5718.3184,3535.6924,1205.8549,-693.8189,27165.549,0.0012103282,0.06753956,0.06753956,1.9950523e-05,0.0003,-5132.9575,0.0037292649269104004,3085.9423587322235,795000,,,,,,,
-5670.7915,0.02192577,0.18070793,5670.8135,-5670.8135,1.2761502,0.12889872,30000.0,300.0,20,3000.0,359.95288,6232.696,5635.321,-19.476494,271.9491,-404.28006,14433.052,0.0039491956,0.16449414,0.16449414,1.9488682e-05,0.0003,-4817.3564,0.0037265993118286134,3104.575360059738,800000,,,,,,,
-5641.4434,0.00315343,0.0054499595,5641.4463,-5641.4463,0.5922447,0.13516514,30000.0,300.0,20,3000.0,228.21637,6224.6816,5639.5605,3731.4739,485.3501,-626.9376,16715.771,0.00046204188,0.08005083,0.08005083,1.9036543e-05,0.0003,-5173.0747,0.005383371353149414,3131.492220878601,805000,,,,,,,
-5687.1567,0.016223662,0.14947838,5687.173,-5687.173,1.5443944,0.14270069,30000.0,300.0,20,3000.0,312.9604,6226.101,5653.7373,3470.0144,254.65337,-528.7868,17964.389,0.0033610412,0.22038615,0.22038615,1.859424e-05,0.0003,-4713.038,0.003742425632476807,3150.204353570938,810000,,,,,,,
-5703.214,0.025325391,0.19349894,5703.2393,-5703.2393,0.7611361,0.14959201,30000.0,300.0,20,3000.0,228.24448,6230.7837,5665.2637,3137.8281,118.34938,-200.45648,13177.377,0.016240893,0.11385988,0.11385988,1.8161878e-05,0.0003,-5133.3896,0.0037415867328643797,3168.912291288376,815000,,,,,,,
-5584.487,0.0058032083,0.01023579,5584.4927,-5584.4927,0.22146146,0.15595104,30000.0,300.0,20,3000.0,333.18048,6227.2466,5578.4976,3447.4666,294.07007,-221.26128,15572.5625,0.0008153258,0.034537144,0.034537144,1.7739603e-05,0.0003,-5147.695,0.0037509087085723877,3187.666839122772,820000,,,,,,,
-5754.902,0.018731961,0.15903425,5754.9204,-5754.9204,0.8457671,0.15838085,30000.0,300.0,20,3000.0,207.41452,6237.7383,5721.763,89.7834,262.3798,-566.7039,17967.787,0.005447489,0.13395332,0.13395332,1.7327511e-05,0.0003,-5145.6274,0.003700556468963623,3206.169625043869,825000,,,,,,,
-5713.254,0.014129657,0.124718785,5713.268,-5713.268,1.3678988,0.1561691,30000.0,300.0,20,3000.0,146.6391,6225.029,5685.76,4029.8823,646.17505,-187.34561,17744.66,0.0035465322,0.21362352,0.21362352,1.6925713e-05,0.0003,-4925.744,0.0037251724243164063,3224.7954919338226,830000,,,,,,,
-5670.821,0.015216869,0.11431816,5670.836,-5670.836,0.45564026,0.14720725,30000.0,300.0,20,3000.0,238.46844,6228.4463,5646.2354,82.985695,276.52313,-248.40216,19444.277,0.0039247097,0.06707355,0.06707355,1.653433e-05,0.0003,-5231.132,0.0037339036941528322,3243.4650144577026,835000,,,,,,,
-5738.0703,0.014898347,0.13975893,5738.0854,-5738.0854,0.79696393,0.15458481,30000.0,300.0,20,3000.0,375.74658,6221.9043,5711.0254,12.651329,339.76245,-434.46588,17399.598,0.0017457835,0.12319852,0.12319852,1.6153459e-05,0.0003,-4992.728,0.003728185224533081,3262.105945587158,840000,,,,,,,
-5674.5713,0.019649621,0.17901382,5674.591,-5674.591,0.8105672,0.15371601,30000.0,300.0,20,3000.0,182.74205,6222.3516,5639.3335,146.85709,166.58922,-257.44864,14801.062,0.006137145,0.124597155,0.124597155,1.5783213e-05,0.0003,-5118.0376,0.0036693978309631347,3280.4529390335083,845000,,,,,,,
-5645.1606,0.014984415,0.13717094,5645.176,-5645.176,0.6979901,0.15084258,30000.0,300.0,20,3000.0,115.76216,6209.9536,5617.241,-1.4334034,318.4299,-208.0284,13349.206,0.006022511,0.10528663,0.10528663,1.542368e-05,0.0003,-5213.5386,0.003743580961227417,3299.1708476543427,850000,,,,,,,
-5695.748,0.011161882,0.098420165,5695.7593,-5695.7593,0.288412,0.15142676,30000.0,300.0,20,3000.0,190.414,6211.3516,5672.0073,419.10693,250.53047,-447.34622,14764.813,0.0031870753,0.0436733,0.0436733,1.5074969e-05,0.0003,-5374.314,0.0037384965419769286,3317.8633346557617,855000,,,,,,,
-5635.681,0.019526565,0.1315043,5635.7007,-5635.7007,0.6222145,0.14250398,30000.0,300.0,20,3000.0,432.41537,6199.161,5608.814,2944.3342,253.85533,-686.60077,26302.805,0.00047960383,0.08866804,0.08866804,1.4737181e-05,0.0003,-4937.2617,0.0036767146110534667,3336.2469120025635,860000,,,,,,,
-5634.447,0.018098384,0.13373797,5634.465,-5634.465,1.4167997,0.13340728,30000.0,300.0,20,3000.0,197.67311,6214.6187,5605.8506,84.25352,950.4503,-394.404,18556.281,0.0017072277,0.1890114,0.1890114,1.4410394e-05,0.0003,-4869.7393,0.0037322712898254394,3354.908272743225,865000,,,,,,,
-5672.2646,0.013488052,0.12441766,5672.2783,-5672.2783,0.8996584,0.12940128,30000.0,300.0,20,3000.0,226.28555,6203.462,5646.7056,-50.315773,587.5131,-197.97403,14905.771,0.0022151917,0.116416946,0.116416946,1.4094706e-05,0.0003,-5096.728,0.0037318150997161866,3373.5673518180847,870000,,,,,,,
-5582.992,0.008026282,0.028185423,5583.0,-5583.0,1.0829415,0.13387005,30000.0,300.0,20,3000.0,1054.0588,6196.999,5572.4805,18.93376,1067.2725,-329.80533,30334.365,0.0023377738,0.14497344,0.14497344,1.37902e-05,0.0003,-4094.0132,0.0037287320137023927,3392.2110159397125,875000,,,,,,,
-5698.898,0.023687748,0.17273186,5698.922,-5698.922,1.4628646,0.12602983,30000.0,300.0,20,3000.0,171.85016,6197.1763,5663.44,3357.5127,245.01653,-508.45184,14780.009,0.0066380203,0.18436459,0.18436459,1.3496962e-05,0.0003,-4973.954,0.00367496976852417,3410.585869073868,880000,,,,,,,
-5661.4688,0.016843108,0.15278798,5661.4854,-5661.4854,0.6356724,0.124771655,30000.0,300.0,20,3000.0,176.7094,6193.9106,5627.865,297.5548,279.56964,-325.96878,13879.545,0.0055733873,0.0793139,0.0793139,1.3215067e-05,0.0003,-5246.8174,0.0037363126277923583,3429.2674367427826,885000,,,,,,,
-5659.969,0.0074827406,0.032997306,5659.9766,-5659.9766,0.51479816,0.12031841,30000.0,300.0,20,3000.0,200.68097,6194.828,5648.131,3330.4807,315.98663,-271.2287,17024.178,0.0007443791,0.061939694,0.061939694,1.2944596e-05,0.0003,-5273.469,0.0037429757595062257,3447.982319831848,890000,,,,,,,
-5635.212,0.00466506,0.016811334,5635.217,-5635.217,1.1505364,0.111173265,30000.0,300.0,20,3000.0,151.19504,6191.7617,5627.696,125.98936,211.2383,-162.53815,11048.264,0.00051711634,0.12790889,0.12790889,1.26856285e-05,0.0003,-5100.2905,0.0036780529499053955,3466.3725888729095,895000,,,,,,,
-5692.7695,0.021805212,0.16965732,5692.7915,-5692.7915,1.6929208,0.11180418,30000.0,300.0,20,3000.0,362.98273,6201.974,5655.672,-3.3845344,1525.8191,-1217.0355,41292.348,0.0030118774,0.18927561,0.18927561,1.2438221e-05,0.0003,-4761.96,0.003733079481124878,3485.037990093231,900000,,,,,,,
-5708.6396,0.018720515,0.15443417,5708.658,-5708.658,1.1908766,0.12266731,30000.0,300.0,20,3000.0,126.04321,6192.8403,5678.309,3252.0789,839.1857,-245.16068,13723.891,0.004430414,0.14608163,0.14608163,1.22024585e-05,0.0003,-5144.3516,0.005545666790008545,3512.7663288116455,905000,,,,,,,
-5665.1895,0.018086873,0.17376207,5665.2075,-5665.2075,1.2737246,0.1235188,30000.0,300.0,20,3000.0,304.8626,6193.2515,5627.591,3567.938,207.94131,-292.04022,20204.738,0.0042322204,0.15732893,0.15732893,1.1978389e-05,0.0003,-4888.34,0.0037348904132843016,3531.440784931183,910000,,,,,,,
-5663.6523,0.015277006,0.12963831,5663.6675,-5663.6675,0.8308659,0.1298558,30000.0,300.0,20,3000.0,646.57227,6190.4004,5636.3203,3625.81,541.5407,-1088.3519,26298.584,0.0018680005,0.10789275,0.10789275,1.1766084e-05,0.0003,-4693.402,0.0036905802726745606,3549.893690109253,915000,,,,,,,
-5568.126,0.003150429,0.0034308154,5568.129,-5568.129,1.0496536,0.13356444,30000.0,300.0,20,3000.0,263.93805,6186.0103,5567.282,3773.6682,164.78125,-309.0202,15059.258,0.00056062324,0.14019641,0.14019641,1.1565597e-05,0.0003,-4883.5986,0.003725850248336792,3568.5229456424713,920000,,,,,,,
-5743.6157,0.012189912,0.10886979,5743.628,-5743.628,1.197715,0.13854837,30000.0,300.0,20,3000.0,122.36051,6190.2847,5717.7173,3377.6685,371.03458,-175.9716,14968.47,0.0018256018,0.16594148,0.16594148,1.1376989e-05,0.0003,-5123.431,0.0037260622501373293,3587.153260946274,925000,,,,,,,
-5659.3916,0.004362372,0.007434349,5659.396,-5659.396,0.46962455,0.14333697,30000.0,300.0,20,3000.0,234.41743,6188.0723,5655.909,3852.1165,187.02554,-168.00699,12750.446,0.00066598615,0.06731456,0.06731456,1.1200302e-05,0.0003,-5223.0303,0.0037346503257751464,3605.826516151428,930000,,,,,,,
-5763.771,0.016010385,0.13529204,5763.787,-5763.787,1.7562456,0.15037642,30000.0,300.0,20,3000.0,138.2845,6190.3647,5734.4146,3245.8215,141.31696,-217.45776,17498.637,0.0005059198,0.26409793,0.26409793,1.103559e-05,0.0003,-4833.1924,0.003683136558532715,3624.242203235626,935000,,,,,,,
-5693.282,0.016969481,0.1336236,5693.2993,-5693.2993,0.77680445,0.15513377,30000.0,300.0,20,3000.0,131.33371,6187.9185,5666.2007,3036.1567,270.78964,-159.14719,13195.0205,0.012001349,0.120508604,0.120508604,1.0882903e-05,0.0003,-5200.423,0.003731432342529297,3642.8993690013885,940000,,,,,,,
-5601.1904,0.011872765,0.11192437,5601.202,-5601.202,1.4523402,0.15299717,30000.0,300.0,20,3000.0,203.44505,6186.6475,5576.2495,2.28007,146.84282,-803.3227,18047.604,0.0017405304,0.22220394,0.22220394,1.0742272e-05,0.0003,-4731.134,0.003731123638153076,3661.554991006851,945000,,,,,,,
-5673.7607,0.00978047,0.05752009,5673.7705,-5673.7705,0.42941904,0.15580894,30000.0,300.0,20,3000.0,274.75922,6181.1777,5655.041,4080.5295,494.67825,-296.39838,17572.865,0.0004671947,0.066907324,0.066907324,1.061374e-05,0.0003,-5198.2793,0.0036741311550140382,3679.9256508350372,950000,,,,,,,
-5706.178,0.014700727,0.12234052,5706.193,-5706.193,1.2197311,0.1467448,30000.0,300.0,20,3000.0,358.42065,6188.823,5678.417,531.12897,892.86554,-849.0879,30524.727,0.0057444563,0.1789892,0.1789892,1.0497346e-05,0.0003,-4810.79,0.0037427710056304932,3698.6395103931427,955000,,,,,,,
-5662.964,0.006396851,0.035258457,5662.97,-5662.97,0.46634406,0.14309186,30000.0,300.0,20,3000.0,270.3092,6165.117,5650.2065,3475.329,465.99786,-178.02792,17142.691,0.0011579391,0.06673004,0.06673004,1.0393118e-05,0.0003,-5192.465,0.0037353740215301514,3717.3163845539093,960000,,,,,,,
-5660.3784,0.0110217985,0.09494173,5660.3896,-5660.3896,0.33984512,0.13670167,30000.0,300.0,20,3000.0,152.47282,6184.1694,5634.9453,3789.9329,115.206215,-371.88605,14460.299,0.0018898224,0.0464574,0.0464574,1.0301083e-05,0.0003,-5368.5337,0.0037302339553833006,3735.967558145523,965000,,,,,,,
-5645.01,0.014897717,0.12750334,5645.025,-5645.025,1.2831506,0.1399268,30000.0,300.0,20,3000.0,152.59506,6186.591,5616.541,2621.6094,801.58966,-150.30731,15991.691,0.008828163,0.17954716,0.17954716,1.0221269e-05,0.0003,-4953.773,0.0036719836711883547,3754.3274805545807,970000,,,,,,,
-5606.6294,0.019319102,0.1431382,5606.649,-5606.649,0.86196816,0.1421641,30000.0,300.0,20,3000.0,158.68402,6188.0303,5576.531,41.516014,158.58931,-119.944664,12490.383,0.003993714,0.12254092,0.12254092,1.0153698e-05,0.0003,-5080.3228,0.0037236438274383544,3772.945703983307,975000,,,,,,,
-5607.0884,0.0041575227,0.013479631,5607.093,-5607.093,0.23746784,0.1420363,30000.0,300.0,20,3000.0,178.71803,6168.546,5600.615,167.78793,275.64102,-961.64435,18724.203,0.0006313544,0.033729054,0.033729054,1.0098386e-05,0.0003,-5327.183,0.0037316969871520997,3791.604193210602,980000,,,,,,,
-5659.5635,0.018642792,0.14200614,5659.582,-5659.582,0.32467726,0.13993889,30000.0,300.0,20,3000.0,174.13728,6184.2656,5629.0103,3445.8142,158.9801,-136.78238,13758.124,0.0036909962,0.045434974,0.045434974,1.005535e-05,0.0003,-5349.1216,0.0037324968814849853,3810.2666823863983,985000,,,,,,,
-5711.999,0.014487961,0.12569684,5712.0137,-5712.0137,0.69764125,0.13933295,30000.0,300.0,20,3000.0,149.74677,6184.385,5683.8813,3326.6,388.77084,-204.37985,14099.586,0.00087601366,0.09720442,0.09720442,1.0024603e-05,0.0003,-5270.639,0.003666677951812744,3828.600076198578,990000,,,,,,,
-5631.5137,0.0053819856,0.018480642,5631.519,-5631.519,0.9292936,0.13576011,30000.0,300.0,20,3000.0,255.34866,6178.396,5623.4775,2524.295,259.49854,-425.59064,17348.285,0.00084349624,0.12616101,0.12616101,1.000615e-05,0.0003,-4997.682,0.0037260490894317627,3847.230325937271,995000,,,,,,,
-5644.9507,0.013111099,0.11914506,5644.964,-5644.964,1.4367694,0.14297678,30000.0,300.0,20,3000.0,88.57803,6180.8643,5619.401,70.07928,143.4162,-211.24142,16374.88,0.0020672472,0.20542465,0.20542465,1e-05,0.0003,-4940.0986,0.0037388858795166014,3865.92475938797,1000000,,,,,,,
-5620.733,0.014348673,0.11554935,5620.747,-5620.747,1.5104955,0.1461558,30000.0,300.0,20,3000.0,163.03586,6181.5645,5598.833,-39.30698,154.60146,-260.48837,19533.861,0.0022461023,0.2207677,0.2207677,1e-05,0.0003,-4795.394,0.008783510875701905,3909.842317342758,1005000,0.0,5000.0,0.7797465546768558,459.4319344524739,100.0,0.6483361721038818,12.184551899796356
-5594.5654,0.018567078,0.14584199,5594.584,-5594.584,1.5325092,0.15384784,30000.0,300.0,20,3000.0,291.8844,6180.061,5559.532,2072.6094,186.85043,-354.63153,20838.4,0.0023449752,0.23577322,0.23577322,1e-05,0.0003,-4595.3613,0.006894005584716797,3944.3123490810394,1010000,0.0,9993.0,0.8289733069281037,163.6056343778286,100.0,0.681640625,2.2593942949427066
-5604.3535,0.011158837,0.074939445,5604.3647,-5604.3647,0.96446013,0.14951679,30000.0,300.0,20,3000.0,470.57462,6177.7,5584.031,2730.8242,433.84122,-346.2233,19248.164,0.0026918508,0.14420298,0.14420298,1e-05,0.0003,-4701.17,0.006825977802276611,3978.442242860794,1015000,0.0,14965.0,-0.05718441013839656,-9.869675942733336,100.0,0.6650574207305908,-3.560810991226984
-5446.422,0.011666811,0.08454966,5446.4336,-5446.4336,1.3426874,0.14799073,30000.0,300.0,20,3000.0,803.3102,6182.347,5422.583,1945.8833,898.1593,-883.43494,29672.953,0.0013652325,0.19870529,0.19870529,1e-05,0.0003,-4046.996,0.0066991497993469235,4011.937996149063,1020000,1.0,19970.0,60.92338739245285,5451.501199408594,100.0,0.714134931564331,179.67160161962613
-5445.128,0.011596976,0.05349008,5445.1396,-5445.1396,0.2981271,0.15434255,30000.0,300.0,20,3000.0,733.1775,6184.252,5428.5776,2528.4675,837.88904,-2332.1123,38666.344,0.0024418244,0.046013698,0.046013698,1e-05,0.0003,-4573.909,0.0067238805294036865,4045.557403087616,1025000,1.0,24923.0,60.940562555253734,4955.978755923524,100.0,0.6413886547088623,163.04651335975697
-5430.5796,0.018070675,0.11888247,5430.5977,-5430.5977,0.64671916,0.1466849,30000.0,300.0,20,3000.0,604.0676,6187.9785,5402.177,2132.609,360.96545,-627.8179,27849.984,0.0055376063,0.09486394,0.09486394,1e-05,0.0003,-4541.92,0.006789412260055542,4079.5044684410095,1030000,0.0,29923.0,0.7021303118809944,40.87568930599314,100.0,0.677769660949707,-1.8582722119420216
-5466.5234,0.011811158,0.08485244,5466.535,-5466.535,0.8521755,0.15209565,30000.0,300.0,20,3000.0,482.62512,6194.294,5446.679,-9.7284355,236.66478,-323.86032,20977.146,0.0011976166,0.12961218,0.12961218,1e-05,0.0003,-4595.062,0.006725693941116333,4113.132942438126,1035000,1.0,34923.0,60.93250699141189,4312.235356620714,100.0,0.6432383060455322,141.4485192207895
-5489.0757,0.014937263,0.080634646,5489.091,-5489.091,1.6106254,0.14564508,30000.0,300.0,20,3000.0,608.32367,6192.69,5469.3867,-62.210155,197.77612,-551.7855,22281.678,0.00069227174,0.23457967,0.23457967,1e-05,0.0003,-4177.0127,0.006721685314178467,4146.741372823715,1040000,0.0,39923.0,10.884003797767283,1778.1584301639978,100.0,0.6559057235717773,56.42865157697386
-5402.062,0.0107636405,0.03938937,5402.0728,-5402.0728,1.1404175,0.14829321,30000.0,300.0,20,3000.0,882.59265,6193.043,5386.383,-102.37996,257.22073,-720.2148,29490.309,0.0016870815,0.16911617,0.16911617,1e-05,0.0003,-4012.1206,0.006856970119476318,4181.02622795105,1045000,0.0,44923.0,0.7947491882586922,168.8462156396926,100.0,0.6504099369049072,2.4352190777693803
-5344.1196,0.012266114,0.07286567,5344.132,-5344.132,1.274759,0.14048533,30000.0,300.0,20,3000.0,873.34784,6200.9854,5324.9336,1644.0061,664.36346,-656.45667,31540.316,0.0019255364,0.17908496,0.17908496,1e-05,0.0003,-3933.517,0.006794031572341919,4214.996390342712,1050000,0.0,49923.0,10.888450418318653,4360.225968987833,100.0,0.657468318939209,143.05863431595483
-5411.137,0.007512937,0.024272813,5411.1445,-5411.1445,1.0458511,0.14237,30000.0,300.0,20,3000.0,1463.0403,6202.1597,5398.5684,2333.9966,455.16974,-1081.8298,37947.934,0.0019465595,0.14889783,0.14889783,1e-05,0.0003,-3501.4033,0.0068670130729675295,4249.331459760666,1055000,1.0,54923.0,60.94013856378235,3503.21756316076,100.0,0.6567213535308838,114.305465668097
-5383.7275,0.007888463,0.022154521,5383.7354,-5383.7354,1.1220653,0.13810831,30000.0,300.0,20,3000.0,813.06335,6203.315,5375.248,-86.911545,412.12366,-409.13995,29172.58,0.0012312299,0.15496653,0.15496653,1e-05,0.0003,-4105.7646,0.006733755445480346,4283.000241518021,1060000,0.0,59907.0,10.871125510175467,915.1083168293579,100.0,0.6571910381317139,27.472779859105362
-5407.76,0.012769781,0.063214615,5407.7725,-5407.7725,2.387681,0.13339908,30000.0,300.0,20,3000.0,1070.6736,6211.281,5386.166,1669.845,1285.0048,-464.1721,39131.68,0.0022086361,0.31851447,0.31851447,1e-05,0.0003,-3381.5425,0.006776666307449341,4316.883577108383,1065000,1.0,64907.0,60.92255138246433,5137.432445546728,100.0,0.6520991325378418,169.13439826734654
-5437.1206,0.01464433,0.070069164,5437.1353,-5437.1353,0.9754637,0.13744907,30000.0,300.0,20,3000.0,939.22473,6205.9585,5412.0303,1581.7383,460.6344,-796.68506,30444.68,0.003112757,0.13407658,0.13407658,1e-05,0.0003,-4095.6663,0.006840748977661132,4351.087326049805,1070000,0.0,69904.0,10.903899410358528,4859.466153817109,100.0,0.6642894744873047,159.8084551258576
-5300.4453,0.012530295,0.07011597,5300.458,-5300.458,0.8661499,0.1409819,30000.0,300.0,20,3000.0,1146.6348,6179.6333,5277.725,2056.6362,977.34814,-1024.0409,42183.883,0.005542538,0.122111455,0.122111455,1e-05,0.0003,-3787.476,0.006830632400512696,4385.240491867065,1075000,1.0,74980.0,60.9304210808515,3644.330264396232,100.0,1.0207188129425049,119.03988515498942
-5487.4146,0.010700531,0.06648176,5487.4253,-5487.4253,0.36382297,0.13996796,30000.0,300.0,20,3000.0,560.35175,6214.463,5470.229,1974.2124,284.87924,-424.9698,23294.584,0.0033039653,0.05092356,0.05092356,1e-05,0.0003,-4774.2925,0.006728313446044922,4418.882063150406,1080000,1.0,79952.0,60.94664443083009,4595.271200172977,100.0,0.6397364139556885,150.94454900032594
-5522.789,0.012081553,0.06484683,5522.8013,-5522.8013,1.4649208,0.12831886,30000.0,300.0,20,3000.0,928.54474,6190.56,5503.919,802.2018,814.901,-740.23645,32798.35,0.002329449,0.18797697,0.18797697,1e-05,0.0003,-4030.3132,0.0067917036056518556,4452.840584993362,1085000,1.0,84952.0,60.92884013106111,4530.598515823869,100.0,0.6452815532684326,148.77473994436343
-5388.4775,0.016193641,0.10198735,5388.4937,-5388.4937,1.9547443,0.13014524,30000.0,300.0,20,3000.0,1304.6864,6224.7144,5363.6533,1924.3309,1451.0305,-629.19336,41887.336,0.00154554,0.25440067,0.25440067,1e-05,0.0003,-3320.5889,0.006800967836380005,4486.845428466797,1090000,1.0,89942.0,60.953432954266965,4308.202017219904,100.0,0.6459934711456299,141.313198158339
-5486.4365,0.012698609,0.06388016,5486.449,-5486.449,1.9611073,0.13668394,30000.0,300.0,20,3000.0,931.33887,6228.536,5468.3887,-12.648885,1298.5023,-1560.0614,41197.87,0.003990776,0.26805186,0.26805186,1e-05,0.0003,-3750.9421,0.006687218523025513,4520.28152513504,1095000,1.0,94933.0,60.9486008789884,5149.635943418631,100.0,0.6520113945007324,169.5438332624047
-5461.7383,0.014604407,0.087021224,5461.753,-5461.753,0.8116786,0.14204213,30000.0,300.0,20,3000.0,797.8285,6239.8296,5438.3027,323.41574,895.15375,-658.4422,35499.6,0.0022763112,0.11529256,0.11529256,1e-05,0.0003,-4318.032,0.006793239545822144,4554.247727155685,1100000,1.0,99926.0,60.93207103325312,5147.567386849159,100.0,0.6421444416046143,169.4744318942323
-5484.157,0.016422221,0.09623204,5484.174,-5484.174,0.58724976,0.13916562,30000.0,300.0,20,3000.0,1399.6654,6243.7275,5456.7773,-66.39181,570.0277,-1046.9917,40834.9,0.0017100712,0.08172498,0.08172498,1e-05,0.0003,-3839.3167,0.008528296470642089,4596.88921380043,1105000,1.0,104910.0,60.924469370010144,3423.2798068927555,100.0,0.690629243850708,111.623503890736
-5479.1343,0.01339848,0.06805363,5479.1475,-5479.1475,1.396925,0.14427002,30000.0,300.0,20,3000.0,661.5863,6239.2314,5463.216,2660.4714,494.87106,-306.73712,25530.264,0.002771652,0.20153439,0.20153439,1e-05,0.0003,-4212.945,0.006784060144424438,4630.809518575668,1110000,1.0,109910.0,60.93654361753885,3788.9318759018015,100.0,0.6547229290008545,123.89135976609214
-5530.2427,0.014631145,0.088943265,5530.2573,-5530.2573,0.36807448,0.15257631,30000.0,300.0,20,3000.0,779.897,6246.044,5505.4565,41.89866,536.5071,-609.156,31566.139,0.0025397148,0.056159444,0.056159444,1e-05,0.0003,-4581.867,0.006772405385971069,4664.671549797058,1115000,1.0,114910.0,60.88431873610695,2116.065989347885,100.0,0.6494591236114502,67.76566177493544
-5557.3223,0.010613747,0.058961652,5557.333,-5557.333,0.97184587,0.16563265,30000.0,300.0,20,3000.0,620.8422,6242.3223,5539.535,563.708,841.89166,-604.36865,26581.814,0.004450239,0.1609694,0.1609694,1e-05,0.0003,-4453.572,0.006701982307434082,4698.181465387344,1120000,1.0,119998.0,60.911177163221666,2997.3190223722136,100.0,0.6498134136199951,97.3322528465026
-5467.297,0.016436161,0.08692573,5467.3135,-5467.3135,0.9684062,0.17415287,30000.0,300.0,20,3000.0,900.4435,6240.0947,5442.253,2561.2974,480.94998,-833.4138,30730.258,0.0026926955,0.16865072,0.16865072,1e-05,0.0003,-4060.9014,0.006802947759628296,4732.196207523346,1125000,1.0,124998.0,60.910864362927825,2694.4308272253293,100.0,0.6468935012817383,87.17016424003339
-5405.976,0.013017695,0.064835474,5405.9893,-5405.9893,1.0298818,0.16574405,30000.0,300.0,20,3000.0,1156.2456,6265.82,5386.0557,-41.875187,1677.0964,-1585.0237,44358.86,0.0034680567,0.1706968,0.1706968,1e-05,0.0003,-3737.6401,0.006824641370773315,4766.319418668747,1130000,1.0,129998.0,60.92475027530323,4914.818323121257,100.0,0.963752269744873,161.66555506584123
-5485.7476,0.012940785,0.057433095,5485.7607,-5485.7607,1.4354837,0.15235636,30000.0,300.0,20,3000.0,1789.2849,6282.8584,5466.2354,-9.8849,2037.9523,-2221.5872,68603.87,0.0035744335,0.21870506,0.21870506,1e-05,0.0003,-3040.3474,0.006817472219467163,4800.40678524971,1135000,0.0,134998.0,0.8232863575597422,742.7554727094723,100.0,0.656285285949707,21.690234016822245
-5468.7637,0.01247773,0.059744902,5468.7764,-5468.7764,0.9060963,0.15003169,30000.0,300.0,20,3000.0,4924.0625,6310.837,5449.272,69.75308,7096.8506,-3729.5728,122143.99,0.002454149,0.13594314,0.13594314,1e-05,0.0003,-136.87173,0.00690547456741333,4834.934162378311,1140000,1.0,139998.0,60.95132531459296,2222.8073634193506,100.0,0.6800293922424316,71.34690171320533
-5479.6553,0.014858327,0.07254605,5479.67,-5479.67,1.5909259,0.1507533,30000.0,300.0,20,3000.0,636.5927,6337.2925,5461.967,1663.0688,413.43027,-286.2154,29950.844,0.0038747813,0.23983735,0.23983735,1e-05,0.0003,-4123.5503,0.006791800117492676,4868.89316701889,1145000,1.0,144971.0,60.914664295876946,5270.2329000309,100.0,0.6719796657562256,173.58993667085906
-5526.135,0.010682317,0.058708392,5526.1455,-5526.1455,1.3762541,0.14720657,30000.0,300.0,20,3000.0,665.0934,6378.119,5509.356,-131.93964,487.69186,-482.69818,31056.898,0.0026804768,0.20259365,0.20259365,1e-05,0.0003,-4253.2607,0.006716657161712647,4902.476457357407,1150000,1.0,149971.0,60.90775888201852,1690.375151241711,100.0,0.6466615200042725,53.48346760193622
-5565.947,0.014286921,0.077996336,5565.961,-5565.961,0.9914883,0.14395188,30000.0,300.0,20,3000.0,1076.7648,6419.353,5545.056,2562.5364,646.7438,-640.1166,34180.457,0.004036839,0.1427266,0.1427266,1e-05,0.0003,-4061.0024,0.006824410724639893,4936.598515510559,1155000,1.0,154971.0,60.923585167637995,5380.972081106193,100.0,0.6640326976776123,177.30530553741144
-5486.564,0.01340721,0.07728413,5486.577,-5486.577,1.4694266,0.13219814,30000.0,300.0,20,3000.0,447.3681,6436.659,5466.6514,-81.89862,231.59694,-345.30084,23384.043,0.0022627185,0.19425547,0.19425547,1e-05,0.0003,-4456.429,0.006806354761123657,4970.630294084549,1160000,1.0,159971.0,60.92537895367424,4471.977979288587,100.0,0.6697003841400146,146.807984237224
-5494.3438,0.0153025035,0.08748418,5494.359,-5494.359,0.8536407,0.13640848,30000.0,300.0,20,3000.0,555.9189,6450.078,5473.6377,2002.471,239.30818,-454.21515,23103.37,0.0052933274,0.11644383,0.11644383,1e-05,0.0003,-4589.0933,0.006750745820999145,5004.384026765823,1165000,0.0,164971.0,-0.003935124689695806,-19.91958488230178,100.0,0.9868063926696777,-3.8979917290940214
-5480.0513,0.012775935,0.07051363,5480.064,-5480.064,0.9036635,0.14918916,30000.0,300.0,20,3000.0,973.04504,6231.165,5457.9204,2134.6855,759.67505,-702.86224,37277.47,0.0032877175,0.1348168,0.1348168,1e-05,0.0003,-4102.556,0.006731706809997558,5038.042565107346,1170000,1.0,169971.0,60.94208073726342,3888.5355343188107,100.0,0.6712603569030762,127.23312487473657
-5498.325,0.012991615,0.06040051,5498.3384,-5498.3384,1.7002593,0.15878735,30000.0,300.0,20,3000.0,1761.8162,6469.616,5469.781,553.379,3839.1462,-3242.7107,91130.24,0.00268149,0.2699797,0.2699797,1e-05,0.0003,-2926.5698,0.006779817676544189,5071.9416580200195,1175000,1.0,174971.0,60.904424802119934,5319.078950795115,100.0,0.695300817489624,175.22875225989625
-5588.4155,0.014893918,0.08986145,5588.4307,-5588.4307,1.2297351,0.16050163,30000.0,300.0,20,3000.0,793.4885,6476.042,5565.3823,2213.0742,565.66516,-797.25165,32703.93,0.0015194727,0.1973745,0.1973745,1e-05,0.0003,-4202.803,0.006804575490951538,5105.96454000473,1180000,0.0,179971.0,0.8013592121285738,1083.4723528504978,100.0,0.6798479557037354,33.121498692006355
-5556.2007,0.010335529,0.05644965,5556.211,-5556.211,0.34331647,0.16297887,30000.0,300.0,20,3000.0,503.00934,6477.1016,5541.873,70.78281,207.77272,-756.9904,24849.91,0.0030693773,0.05595333,0.05595333,1e-05,0.0003,-4885.3315,0.006777534580230713,5139.852216720581,1185000,0.0,184971.0,0.18275709862032774,-24.074032948131265,100.0,0.6437797546386719,-4.037376063090466
-5421.359,0.010340245,0.03938025,5421.369,-5421.369,1.0569313,0.15853225,30000.0,300.0,20,3000.0,1028.9521,6485.966,5405.3916,-40.486454,799.42444,-713.0351,43475.05,0.0021721628,0.1675577,0.1675577,1e-05,0.0003,-3889.7336,0.006846126651763916,5174.082854509354,1190000,1.0,189971.0,60.9615131481935,4305.725680036327,100.0,0.6463804244995117,141.23011549522363
-5453.072,0.011854012,0.047734134,5453.0835,-5453.0835,1.1190253,0.15514277,30000.0,300.0,20,3000.0,1483.334,6493.0864,5434.8906,-59.452637,1352.61,-2335.63,55721.984,0.0017941323,0.17360869,0.17360869,1e-05,0.0003,-3448.9116,0.0068013598442077635,5208.08965754509,1195000,1.0,194971.0,60.9531659937164,5200.180133741133,100.0,0.6561069488525391,171.2396224969453
-5496.0176,0.0118618095,0.043486215,5496.0293,-5496.0293,0.821642,0.16559118,30000.0,300.0,20,3000.0,871.9605,6499.7056,5479.6113,-20.589909,1128.8414,-607.79816,36633.42,0.0023726244,0.13605666,0.13605666,1e-05,0.0003,-4215.887,0.006826275730133057,5242.221040725708,1200000,1.0,199971.0,60.93325050241507,3978.602287409876,100.0,0.6787831783294678,130.25492083797818
-5595.105,0.009872372,0.04852922,5595.1147,-5595.1147,0.5635687,0.16706575,30000.0,300.0,20,3000.0,1159.2083,6508.1035,5577.6885,-68.3016,748.4543,-908.0359,37879.227,0.0034886103,0.09415303,0.09415303,1e-05,0.0003,-4153.4375,0.008487219285964966,5284.657141447067,1205000,1.0,204971.0,60.91426062899893,3556.774625568668,100.0,0.6637022495269775,116.10233864767096
-5518.759,0.01176797,0.05725147,5518.7705,-5518.7705,0.8975218,0.1627758,30000.0,300.0,20,3000.0,864.5028,6509.4854,5501.419,-7.3115263,704.8542,-1197.1647,33758.543,0.004490681,0.14609483,0.14609483,1e-05,0.0003,-4215.971,0.006827159023284912,5318.792940855026,1210000,1.0,209971.0,60.93489934890408,3820.122690188645,100.0,0.6589713096618652,124.93783111614631
-5564.085,0.011269997,0.06278966,5564.096,-5564.096,0.94578105,0.16126733,30000.0,300.0,20,3000.0,575.7844,6510.0796,5545.3154,-39.13984,469.63776,-433.08737,24766.537,0.0024759239,0.15252358,0.15252358,1e-05,0.0003,-4530.73,0.006820915222167968,5352.897520780563,1215000,1.0,214966.0,60.93760870891382,5088.087052436997,100.0,0.6565210819244385,167.47882942994445
-5559.8867,0.010506442,0.053606268,5559.8975,-5559.8975,0.71508014,0.16150074,30000.0,300.0,20,3000.0,925.3531,6503.83,5542.7783,62.48352,1224.692,-533.54565,35658.707,0.0026679207,0.115485966,0.115485966,1e-05,0.0003,-4288.0757,0.006742321395874024,5386.609132051468,1220000,1.0,219966.0,60.93367532897178,4597.1471169955985,100.0,0.9542982578277588,151.00748718436643
-5346.584,0.0060136793,0.019149326,5346.59,-5346.59,0.7866553,0.1678845,30000.0,300.0,20,3000.0,1007.4133,6500.5347,5344.498,815.0353,456.7505,-796.1858,37700.7,0.0042520585,0.13206723,0.13206723,1e-05,0.0003,-3942.9692,0.00670510139465332,5420.134643316269,1225000,1.0,224966.0,60.925763689318586,4235.976095780665,100.0,0.6370236873626709,138.88997326839734
-5579.412,0.015654292,0.08775406,5579.4277,-5579.4277,0.5925868,0.17922825,30000.0,300.0,20,3000.0,742.4385,6508.6636,5557.009,1871.3281,542.4413,-268.20062,26334.807,0.0022894097,0.106208295,0.106208295,1e-05,0.0003,-4518.3486,0.006731968975067139,5453.794492483139,1230000,1.0,229966.0,60.90839397668612,5268.638124900857,100.0,0.6522960662841797,173.5364309666469
-5513.7803,0.011750726,0.06680491,5513.792,-5513.792,0.72090167,0.17646597,30000.0,300.0,20,3000.0,761.32404,6506.7153,5493.2793,1839.8,653.38354,-501.56512,30682.617,0.002174961,0.12721461,0.12721461,1e-05,0.0003,-4370.812,0.0068214646816253666,5487.901820421219,1235000,0.0,234966.0,10.877068181718833,1245.2785836057003,100.0,0.6994807720184326,38.55019905193877
-5552.6636,0.01416339,0.07342602,5552.6777,-5552.6777,1.353355,0.15960695,30000.0,300.0,20,3000.0,1216.0873,6514.815,5533.01,76.60567,2058.1663,-886.85223,49195.258,0.0029887313,0.21600486,0.21600486,1e-05,0.0003,-3688.5615,0.006823581600189209,5522.019732952118,1240000,1.0,239966.0,60.933958536961725,5452.694269081512,100.0,0.65336012840271,179.7116298542161
-5457.9307,0.012466507,0.06626219,5457.9434,-5457.9434,1.8356098,0.15559994,30000.0,300.0,20,3000.0,877.9674,6519.8784,5436.032,-2.908341,430.5009,-726.6576,30834.953,0.003947961,0.28562078,0.28562078,1e-05,0.0003,-3723.101,0.006866811323165894,5556.3537940979,1245000,1.0,244966.0,60.93079175587628,4961.289824408796,100.0,0.6945672035217285,163.22470303306596
-5562.507,0.011952012,0.056465864,5562.5186,-5562.5186,1.1020329,0.15929241,30000.0,300.0,20,3000.0,928.7249,6523.0444,5545.472,-8.715599,1914.181,-1095.3098,47346.266,0.0027108942,0.17554548,0.17554548,1e-05,0.0003,-4107.1455,0.00685803370475769,5590.643966436386,1250000,1.0,249966.0,60.96058229802411,5028.628175687343,100.0,0.663661003112793,165.48394688366994
-5429.2925,0.005307841,0.01591453,5429.298,-5429.298,1.3933673,0.16541438,30000.0,300.0,20,3000.0,1094.4167,6515.0923,5427.192,-72.55792,1015.00397,-742.27966,36066.64,0.0023034941,0.230483,0.230483,1e-05,0.0003,-3643.427,0.006847512435913086,5624.881532907486,1255000,0.0,254966.0,10.856976617005152,3346.1299438658893,100.0,0.983102560043335,109.03507767730838
-5591.0244,0.013656049,0.06533911,5591.038,-5591.038,0.7282142,0.16815478,30000.0,300.0,20,3000.0,949.5288,6526.2847,5575.007,2515.6008,461.44595,-833.0258,34049.65,0.003984048,0.12245269,0.12245269,1e-05,0.0003,-4274.1377,0.006782349872589111,5658.793286323547,1260000,1.0,259966.0,60.93573387209528,2984.4334142014627,100.0,0.6438534259796143,96.89993262380156
-5656.5576,0.016784247,0.089572966,5656.574,-5656.574,1.1702133,0.15928702,30000.0,300.0,20,3000.0,979.0482,6532.7344,5633.2603,193.23589,827.4557,-518.07214,40200.277,0.0024113094,0.18639979,0.18639979,1e-05,0.0003,-4118.31,0.006834808349609375,5692.967332601547,1265000,1.0,264966.0,60.90909775162471,5259.742000226135,100.0,0.6595034599304199,173.23796041332974
-5622.3135,0.012918208,0.068978,5622.326,-5622.326,0.67797583,0.16012578,30000.0,300.0,20,3000.0,536.15765,6546.1016,5601.6987,2672.7124,657.8729,-359.35715,24919.621,0.002778845,0.10856141,0.10856141,1e-05,0.0003,-4760.4717,0.006910696744918823,5727.520820856094,1270000,1.0,269966.0,60.94235681568501,4535.69518197467,100.0,0.6636896133422852,148.94573628509872
-5615.1895,0.012138917,0.078733735,5615.2017,-5615.2017,1.298111,0.15939824,30000.0,300.0,20,3000.0,557.5115,6549.7812,5594.1836,1799.6711,531.88556,-544.49084,26617.805,0.0026657458,0.20691662,0.20691662,1e-05,0.0003,-4436.9277,0.006802289581298828,5761.532272815704,1275000,1.0,274966.0,60.932016780830644,5014.151044901981,100.0,0.6621198654174805,164.99823008068608
-5472.307,0.01107943,0.05822482,5472.3184,-5472.3184,0.79664755,0.16335778,30000.0,300.0,20,3000.0,558.0076,6546.194,5456.4814,-18.362156,506.97052,-417.7071,30790.363,0.0055313623,0.13013858,0.13013858,1e-05,0.0003,-4523.884,0.006879567670822144,5795.930115938187,1280000,1.0,279966.0,60.94246946341859,5210.397414731553,100.0,0.6534075736999512,171.5824186719216
-5591.959,0.013805963,0.07571433,5591.9727,-5591.9727,1.1785483,0.16272755,30000.0,300.0,20,3000.0,1068.2349,6286.4126,5571.9834,741.79584,1084.5286,-541.7034,39432.19,0.0020060695,0.1917823,0.1917823,1e-05,0.0003,-3948.3772,0.006858656167984009,5830.223400592804,1285000,1.0,284966.0,60.92883409182893,5097.822576112342,100.0,0.6362006664276123,167.8054623453384
-5452.628,0.0048639,0.013081066,5452.633,-5452.633,0.73222756,0.16158536,30000.0,300.0,20,3000.0,962.1719,6550.1787,5450.4297,2345.8584,313.0709,-465.12344,29346.834,0.0018576285,0.118317254,0.118317254,1e-05,0.0003,-4135.5044,0.006817747163772583,5864.31214094162,1290000,1.0,289966.0,60.92428549563392,5381.145063289683,100.0,0.6743471622467041,177.31110919798365
-5623.84,0.012523951,0.061845403,5623.8525,-5623.8525,1.4658052,0.1488707,30000.0,300.0,20,3000.0,886.5989,6555.0967,5608.8623,2255.2488,710.3654,-681.575,32245.375,0.0057449182,0.21821545,0.21821545,1e-05,0.0003,-4082.5947,0.00682405104637146,5898.432400226593,1295000,1.0,294966.0,60.91870919012054,4536.548679823191,100.0,0.6482489109039307,148.97437167235074
-5573.46,0.013390074,0.07188241,5573.473,-5573.473,1.0726011,0.14972876,30000.0,300.0,20,3000.0,1718.2235,6556.584,5551.6035,-25.704996,2440.8535,-1602.1241,71070.44,0.0024484622,0.16059922,0.16059922,1e-05,0.0003,-3373.4387,0.006856337356567383,5932.714091300964,1300000,1.0,299966.0,60.94834315552946,3758.513363009765,100.0,0.6608407497406006,122.87079961142517
-5495.3374,0.012103864,0.07335669,5495.3496,-5495.3496,1.2678149,0.15585239,30000.0,300.0,20,3000.0,693.202,6268.122,5478.8765,21.700882,621.45984,-451.02826,32105.668,0.0035136878,0.19759199,0.19759199,1e-05,0.0003,-4209.3594,0.008484296321868897,5975.13557767868,1305000,1.0,304966.0,60.93603786502092,4611.130871909098,100.0,0.6506905555725098,151.47665091791245
-5528.863,0.0152713265,0.082041666,5528.878,-5528.878,0.9119155,0.15735252,30000.0,300.0,20,3000.0,893.1519,6561.2925,5514.2056,36.24849,957.2229,-692.6697,35641.742,0.005607345,0.14349219,0.14349219,1e-05,0.0003,-4205.2344,0.006800154399871826,6009.136353969574,1310000,1.0,309966.0,60.933521016711666,4780.3193543396765,100.0,0.6564722061157227,157.15303044409313
-5513.1777,0.00478221,0.015526253,5513.1826,-5513.1826,1.3332803,0.15404724,30000.0,300.0,20,3000.0,1008.16345,6545.7485,5510.8047,2569.2463,388.41113,-370.67993,30485.363,0.0011185461,0.20538816,0.20538816,1e-05,0.0003,-3888.8496,0.006846371173858642,6043.36821436882,1315000,0.0,314966.0,10.840143014286316,1845.1634528531497,100.0,0.6700751781463623,58.67671204468353
-5493.855,0.009403167,0.04678996,5493.8643,-5493.8643,1.3053825,0.16478096,30000.0,300.0,20,3000.0,1095.1448,6550.4087,5480.8975,34.54873,681.8706,-1159.7058,43686.418,0.0030743126,0.21510218,0.21510218,1e-05,0.0003,-3753.4033,0.006767901754379272,6077.207727432251,1320000,1.0,319966.0,60.9430051656374,3944.046671722255,100.0,0.6690497398376465,129.09555829399255
-5690.5874,0.012103729,0.065345526,5690.5996,-5690.5996,0.86743826,0.17069584,30000.0,300.0,20,3000.0,765.63574,6545.6655,5673.7236,2375.234,490.76138,-630.3622,36377.906,0.0070250155,0.1480681,0.1480681,1e-05,0.0003,-4480.7476,0.006767562770843506,6111.045545578003,1325000,1.0,324966.0,60.928276246785856,4100.020225041123,100.0,0.6570324897766113,134.32856867369236
-5600.7705,0.0058247405,0.022994174,5600.7764,-5600.7764,1.4203995,0.18011132,30000.0,300.0,20,3000.0,1194.6919,6530.9487,5594.0254,434.6153,986.57837,-2146.2388,49668.633,0.003271912,0.25583002,0.25583002,1e-05,0.0003,-3638.5886,0.00676307053565979,6144.860902309418,1330000,0.0,329966.0,0.8716246135700535,171.40713651087137,100.0,0.6974461078643799,2.5211395765674753
-5601.0166,0.01309605,0.07633613,5601.03,-5601.03,0.6468929,0.19254065,30000.0,300.0,20,3000.0,516.7235,6538.2974,5584.402,119.05038,193.57965,-248.15816,21409.666,0.0047314693,0.12455318,0.12455318,1e-05,0.0003,-4710.6333,0.006809115982055664,6178.906487226486,1335000,1.0,334966.0,60.91958037569643,3969.2480249485466,100.0,0.6620731353759766,129.94107947504853
-5573.995,0.011261893,0.06366396,5574.0063,-5574.0063,0.39817706,0.19118321,30000.0,300.0,20,3000.0,463.65887,6543.182,5557.461,-16.94389,214.11882,-299.9215,23075.479,0.0027780794,0.076124765,0.076124765,1e-05,0.0003,-4881.962,0.006734553956985473,6212.579261541367,1340000,1.0,339966.0,60.95470691734627,4839.567900249853,100.0,0.6438174247741699,159.1408562590005
-5718.292,0.008539594,0.042731877,5718.3003,-5718.3003,1.2134821,0.18616472,30000.0,300.0,20,3000.0,949.52527,6566.0034,5702.83,2644.9634,1045.2661,-874.93036,39612.797,0.0019996685,0.22590756,0.22590756,1e-05,0.0003,-4091.044,0.006797186183929443,6246.565196275711,1345000,1.0,344966.0,60.92836941653441,2877.894912634132,100.0,0.6652669906616211,93.32549918507794
-5572.5317,0.011846876,0.060354948,5572.5435,-5572.5435,1.0868896,0.1812628,30000.0,300.0,20,3000.0,966.4115,6601.002,5555.0415,789.44446,1007.45374,-825.95874,43096.344,0.002971806,0.19701266,0.19701266,1e-05,0.0003,-4015.082,0.006849446439743042,6280.812433958054,1350000,1.0,349966.0,60.932254228307656,4167.446204626079,100.0,0.656146764755249,136.59075250884655
-5703.31,0.012440391,0.06634152,5703.3223,-5703.3223,0.6710214,0.18547128,30000.0,300.0,20,3000.0,717.1556,6622.0415,5686.5596,2426.0273,1169.0735,-451.62314,29460.223,0.0026630424,0.1244552,0.1244552,1e-05,0.0003,-4612.7886,0.00682711067199707,6314.947991132736,1355000,0.0,354940.0,0.6040056058505426,39.98610708839606,100.0,0.6468353271484375,-1.8881182523714841
-5622.3486,0.0119205825,0.07879494,5622.3604,-5622.3604,2.0415134,0.17622463,30000.0,300.0,20,3000.0,1443.5531,6651.3096,5601.9326,60.22775,1399.5331,-1239.4937,57633.367,0.0024323082,0.359765,0.359765,1e-05,0.0003,-3099.5005,0.006868239068984985,6349.289190292358,1360000,1.0,359913.0,60.94749281715242,4852.677211170374,100.0,0.6818027496337891,159.58068184903212
-5638.4707,0.0046471944,0.017299857,5638.4756,-5638.4756,0.7266383,0.18251549,30000.0,300.0,20,3000.0,851.67175,6648.188,5634.7646,2342.4622,549.69775,-889.57104,33893.477,0.0015979542,0.13262275,0.13262275,1e-05,0.0003,-4388.9307,0.006743631219863892,6383.007351398468,1365000,1.0,364913.0,60.93693905088289,5016.368514119106,100.0,0.6620621681213379,165.07262756143183
-5605.958,0.010355323,0.052223377,5605.9683,-5605.9683,0.95591813,0.16737215,30000.0,300.0,20,3000.0,734.83,6657.8135,5586.339,302.4904,592.9816,-440.9472,31447.28,0.005767092,0.15999408,0.15999408,1e-05,0.0003,-4391.1455,0.006863503551483154,6417.324873447418,1370000,1.0,369913.0,60.939574740322215,3660.358224505242,100.0,0.6566622257232666,119.5776332528634
-5544.317,0.016377887,0.087224506,5544.3335,-5544.3335,0.87774736,0.15810476,30000.0,300.0,20,3000.0,735.47687,6669.868,5525.1963,869.9212,397.1989,-611.0952,30326.492,0.0032933038,0.13877603,0.13877603,1e-05,0.0003,-4392.5117,0.00681925163269043,6451.421136140823,1375000,1.0,374913.0,60.919593278801855,4765.555821029115,100.0,0.6590335369110107,156.65770465705236
-5541.2764,0.0056115165,0.016720114,5541.2817,-5541.2817,1.1627004,0.15754694,30000.0,300.0,20,3000.0,1433.2085,6667.8774,5537.1274,-26.258718,766.6482,-626.24603,44301.46,0.0034191683,0.18317989,0.18317989,1e-05,0.0003,-3558.5283,0.0067688759803771975,6485.265519618988,1380000,1.0,379913.0,60.898896353332866,4981.458350581966,100.0,0.6698610782623291,163.90136971508787
-5590.6187,0.010312414,0.07914555,5590.629,-5590.629,0.80164796,0.17245999,30000.0,300.0,20,3000.0,887.4928,6672.3853,5566.66,232.65024,442.58893,-710.3344,27670.018,0.003271763,0.1382522,0.1382522,1e-05,0.0003,-4288.369,0.0068137110710144045,6519.334079504013,1385000,1.0,384913.0,60.92554932270262,5440.14524060618,100.0,0.642003059387207,179.29060209105225
-5519.946,0.0072747516,0.04586219,5519.953,-5519.953,0.6829919,0.17641,30000.0,300.0,20,3000.0,609.1288,6680.9233,5508.212,1.9524251,786.95715,-596.3067,29346.672,0.0025874854,0.12048662,0.12048662,1e-05,0.0003,-4549.357,0.006833194160461426,6553.500054359436,1390000,1.0,389913.0,60.887291572440645,5440.132345603272,100.0,0.6545314788818359,179.29016945563026
-5724.9346,0.0105952,0.055986367,5724.9453,-5724.9453,0.9136932,0.17064272,30000.0,300.0,20,3000.0,745.38586,6687.2275,5710.1826,1870.2947,1002.8525,-639.4545,26211.14,0.0029359707,0.15591508,0.15591508,1e-05,0.0003,-4511.8037,0.006765934991836548,6587.329733371735,1395000,1.0,394913.0,60.90831266319623,4601.919177445972,100.0,0.6579759120941162,151.16759280059424
-5649.6387,0.009302705,0.046228558,5649.648,-5649.648,0.69511193,0.17909552,30000.0,300.0,20,3000.0,804.5785,6682.5825,5634.2495,2280.2537,1108.0194,-1642.8608,45740.35,0.0067350715,0.12449144,0.12449144,1e-05,0.0003,-4471.586,0.006854618740081787,6621.602831125259,1400000,1.0,399913.0,60.900427657941094,3755.7147072491466,100.0,0.642486572265625,122.7769029582241
-5589.8184,0.012023155,0.07688659,5589.8306,-5589.8306,1.1999061,0.17018564,30000.0,300.0,20,3000.0,1368.6272,6475.583,5571.712,805.9483,1576.4794,-983.18097,48885.367,0.0037452858,0.20420678,0.20420678,1e-05,0.0003,-3608.571,0.00851024684906006,6664.154069185257,1405000,1.0,404936.0,60.937871443640496,5392.0890128753745,100.0,0.6398553848266602,177.67828555934892
-5734.188,0.008884861,0.059174523,5734.197,-5734.197,0.94755155,0.17066748,30000.0,300.0,20,3000.0,616.5305,6677.052,5720.3945,2743.732,560.0873,-634.2833,27090.29,0.005031013,0.16171624,0.16171624,1e-05,0.0003,-4632.5083,0.006851567316055298,6698.411909818649,1410000,1.0,409936.0,60.93676959865276,4049.66331798897,100.0,0.660240888595581,132.63906291014305
-5558.8755,0.013158504,0.075987265,5558.8887,-5558.8887,1.2390988,0.17455374,30000.0,300.0,20,3000.0,669.8696,6683.201,5541.002,46.46002,536.05237,-724.6332,29481.191,0.0064358404,0.21628933,0.21628933,1e-05,0.0003,-4240.1377,0.00674744291305542,6732.149128675461,1415000,1.0,414936.0,60.952362293845404,5259.453160353248,100.0,0.6654329299926758,173.22826965473172
-5607.894,0.015182429,0.08823405,5607.909,-5607.909,1.042297,0.17862406,30000.0,300.0,20,3000.0,665.8359,6683.0566,5590.7695,2440.2966,1371.2614,-342.04187,31197.371,0.0024165125,0.18617931,0.18617931,1e-05,0.0003,-4383.52,0.006787775564193726,6766.088011264801,1420000,1.0,419936.0,60.91858762602367,4089.7362742213904,100.0,0.6418144702911377,133.983535684196
-5700.0405,0.0053490577,0.01967426,5700.046,-5700.046,0.7374566,0.16959038,30000.0,300.0,20,3000.0,823.6861,6664.566,5695.0776,2303.7622,743.87524,-893.1498,33410.844,0.0024723543,0.12506555,0.12506555,1e-05,0.0003,-4501.1577,0.006754340267181396,6799.859716653824,1425000,1.0,424936.0,60.93931688908489,4471.488089995837,100.0,0.637152910232544,146.79154814469857
-5647.681,0.010450425,0.065736994,5647.6914,-5647.6914,0.5901431,0.15970585,30000.0,300.0,20,3000.0,946.10376,6651.262,5632.201,85.916664,1584.025,-1472.0037,44955.875,0.0044146287,0.09424929,0.09424929,1e-05,0.0003,-4418.829,0.006733087348937988,6833.52515745163,1430000,1.0,429936.0,60.935776899208776,5013.817918665406,100.0,0.6452076435089111,164.9870534868556
-5677.2974,0.01218889,0.080471985,5677.3096,-5677.3096,0.82700574,0.16047387,30000.0,300.0,20,3000.0,1138.2561,6413.4854,5659.843,332.06506,1300.2728,-830.39905,39658.56,0.0031195702,0.13271281,0.13271281,1e-05,0.0003,-4140.9023,0.006879646444320679,6867.92339348793,1435000,1.0,434936.0,60.93250029054641,5258.991554338452,100.0,0.669348955154419,173.2127824838918
-5644.4414,0.011015611,0.058025777,5644.4526,-5644.4526,1.9754035,0.15651526,30000.0,300.0,20,3000.0,715.7761,6666.8545,5630.0605,-47.07231,446.63092,-487.95947,33383.734,0.0048847385,0.3091808,0.3091808,1e-05,0.0003,-4001.1226,0.00690798077583313,6902.4633021354675,1440000,1.0,439936.0,60.96454858598895,4843.676180252756,100.0,0.6501531600952148,159.27869162557676
-5625.5405,0.012015646,0.07971616,5625.5527,-5625.5527,1.0533772,0.16560873,30000.0,300.0,20,3000.0,938.02875,6664.1543,5609.0654,1381.6532,654.8116,-978.1769,39421.91,0.0040520197,0.17444846,0.17444846,1e-05,0.0003,-4164.1665,0.006773388004302978,6936.330247163773,1445000,1.0,444936.0,60.95653285638088,5138.418802801613,100.0,0.9932279586791992,169.1674911708746
-5679.004,0.00989351,0.063412845,5679.0137,-5679.0137,0.4083553,0.17015441,30000.0,300.0,20,3000.0,871.4705,6652.809,5661.8545,-79.78491,691.10284,-814.2307,37996.906,0.0027825516,0.06948345,0.06948345,1e-05,0.0003,-4599.083,0.006831731510162354,6970.4889087677,1450000,1.0,449936.0,60.927063495157505,4333.931883558291,100.0,0.6955757141113281,142.17645128524447
-5684.956,0.010056321,0.06454779,5684.9663,-5684.9663,0.8934097,0.16775872,30000.0,300.0,20,3000.0,581.64,6649.814,5666.667,24.144737,387.06015,-448.1526,28811.098,0.0030038808,0.14987728,0.14987728,1e-05,0.0003,-4653.684,0.006928253126144409,7005.130178451538,1455000,0.0,454936.0,10.871594867660322,1162.7027423441275,100.0,0.6602425575256348,35.77972787115571
-5625.3667,0.008511974,0.057363447,5625.375,-5625.375,0.74739575,0.16410092,30000.0,300.0,20,3000.0,1060.9666,6663.193,5611.294,2456.9424,1768.0476,-1487.1177,64279.61,0.002717004,0.12264833,0.12264833,1e-05,0.0003,-4196.4556,0.006797686195373535,7039.118613958359,1460000,1.0,459936.0,60.91480073571859,4448.396480879675,100.0,0.6909980773925781,146.01681019959446
-5680.816,0.01234289,0.06743488,5680.828,-5680.828,1.9045941,0.1594833,30000.0,300.0,20,3000.0,550.45215,6668.4404,5666.5713,2427.4324,306.17474,-659.9813,28706.266,0.0035813805,0.30375093,0.30375093,1e-05,0.0003,-4219.111,0.006822823476791382,7073.232736110687,1465000,1.0,464936.0,60.953206227716755,5169.49956474287,100.0,0.6570892333984375,170.21027019582291
-5594.606,0.013587967,0.080184445,5594.6196,-5594.6196,0.5918505,0.16382931,30000.0,300.0,20,3000.0,800.8478,6679.71,5578.248,185.85855,514.2945,-1415.3568,31142.592,0.0051284186,0.09696247,0.09696247,1e-05,0.0003,-4502.871,0.0069368542671203615,7107.917011260986,1470000,1.0,469907.0,60.93039610906692,5512.078630830776,100.0,0.6576263904571533,181.70401237556857
-5745.116,0.0038765033,0.018461443,5745.12,-5745.12,0.70066166,0.16687797,30000.0,300.0,20,3000.0,647.16437,6663.2725,5743.0225,2709.9988,297.7206,-560.8903,24004.61,0.0023012916,0.116925,0.116925,1e-05,0.0003,-4747.177,0.006905125951766968,7142.442644834518,1475000,1.0,474907.0,60.90583592420242,3301.717132145399,100.0,0.6572971343994141,107.5450000341464
-5658.013,0.004497553,0.016846282,5658.0176,-5658.0176,1.018191,0.16485363,30000.0,300.0,20,3000.0,680.2271,6661.0366,5653.4023,25.212524,1095.7803,-514.42194,28026.941,0.002285315,0.16785248,0.16785248,1e-05,0.0003,-4474.2285,0.006797021675109863,7176.427757501602,1480000,1.0,479907.0,60.92819493337143,4735.466027723216,100.0,0.6651372909545898,155.64817325033445
-5780.3164,0.009117559,0.06142401,5780.3257,-5780.3257,1.1296592,0.15327038,30000.0,300.0,20,3000.0,482.7024,6662.1606,5771.0605,2425.0923,462.59106,-682.4111,29334.42,0.0030530586,0.1731433,0.1731433,1e-05,0.0003,-4778.1846,0.006779096364974976,7210.32324385643,1485000,1.0,484907.0,60.93996766228704,5036.120194262541,100.0,0.6462821960449219,165.73530879813993
-5731.558,0.00946456,0.056484304,5731.5674,-5731.5674,0.5020682,0.15407749,30000.0,300.0,20,3000.0,508.52402,6657.4478,5717.0557,2594.1191,304.43317,-701.43604,26585.773,0.0027800002,0.07735741,0.07735741,1e-05,0.0003,-4990.962,0.006758477306365967,7244.115634441376,1490000,1.0,489907.0,60.938473219617435,5098.860784724961,100.0,0.6440813541412354,167.84029489438618
-5706.271,0.012199622,0.069219165,5706.283,-5706.283,1.4620692,0.16499409,30000.0,300.0,20,3000.0,946.36145,6652.3506,5685.2573,-85.53553,2211.006,-1323.7753,44337.254,0.0031130824,0.24123277,0.24123277,1e-05,0.0003,-4036.2114,0.006811297178268433,7278.1721251010895,1495000,1.0,494907.0,60.952109272710445,3919.191086868678,100.0,0.9827151298522949,128.26163785835072
-5735.826,0.00914889,0.06253177,5735.8354,-5735.8354,1.0065055,0.16385601,30000.0,300.0,20,3000.0,725.37476,6641.5747,5722.1094,1895.5614,444.2118,-1172.5505,30240.215,0.003469125,0.16492197,0.16492197,1e-05,0.0003,-4515.685,0.006754099655151368,7311.942627668381,1500000,1.0,499907.0,60.92458383576556,4903.08900882185,100.0,0.6566176414489746,161.27202922655954
-5787.8223,0.009655092,0.068298385,5787.832,-5787.832,1.0748297,0.16668202,30000.0,300.0,20,3000.0,723.03143,6632.401,5772.6675,764.9615,910.912,-691.802,40889.156,0.0036197263,0.17915478,0.17915478,1e-05,0.0003,-4527.3267,0.008440368556976318,7354.14447426796,1505000,1.0,504907.0,60.941832419522925,5502.951857215959,100.0,0.6620321273803711,181.39780340588595
-5784.0884,0.015218962,0.09823029,5784.1035,-5784.1035,0.810092,0.17448775,30000.0,300.0,20,3000.0,494.17947,6638.5874,5764.041,2730.1792,512.5523,-298.96164,26748.621,0.005210206,0.14135112,0.14135112,1e-05,0.0003,-4865.8555,0.0068406229019165035,7388.347592592239,1510000,1.0,509907.0,60.928044157332515,4764.734888864911,100.0,0.6533956527709961,156.63016186890084
-5670.0576,0.009087663,0.05727409,5670.067,-5670.067,1.0484926,0.17595704,30000.0,300.0,20,3000.0,524.11224,6624.021,5656.996,-15.816101,508.61746,-407.84137,25379.383,0.0038377615,0.18448964,0.18448964,1e-05,0.0003,-4592.4766,0.006762326669692993,7422.159231185913,1515000,0.0,514967.0,0.8284518433870257,3592.9760891493675,100.0,0.6562082767486572,117.3169204190488
-5774.562,0.009094522,0.04895916,5774.5713,-5774.5713,1.0053449,0.17545466,30000.0,300.0,20,3000.0,780.30347,6617.4224,5761.492,88.84954,728.97504,-1505.1508,37970.824,0.0045534386,0.17639245,0.17639245,1e-05,0.0003,-4465.0815,0.006811702013015747,7456.217745780945,1520000,1.0,519967.0,60.89569851402886,5156.529887737561,100.0,0.6592764854431152,169.77512941108114
-5658.266,0.013357639,0.08246651,5658.2793,-5658.2793,0.65299976,0.17519906,30000.0,300.0,20,3000.0,789.09595,6619.7314,5641.5596,1780.6793,366.37973,-831.4322,34410.07,0.0049238633,0.11440494,0.11440494,1e-05,0.0003,-4525.955,0.006768049097061157,7490.057995557785,1525000,1.0,524967.0,60.91882520848378,3542.4804363323333,100.0,0.6361367702484131,115.62275964820937
-5601.3647,0.014263015,0.072018035,5601.379,-5601.379,0.5345244,0.1754182,30000.0,300.0,20,3000.0,528.02747,6603.902,5586.2817,2564.0378,274.34323,-484.5013,24143.977,0.0051839077,0.0937653,0.0937653,1e-05,0.0003,-4792.0415,0.0067582747936248775,7523.849374055862,1530000,1.0,529967.0,60.90725259738226,5257.293182592437,100.0,0.960242509841919,173.15580104834473
-5648.8745,0.011379297,0.06633341,5648.8857,-5648.8857,1.2311593,0.15941477,30000.0,300.0,20,3000.0,1244.7031,6587.777,5635.1543,1490.9236,1520.2651,-2341.5793,50494.965,0.00863139,0.19626497,0.19626497,1e-05,0.0003,-3815.3765,0.006740270805358887,7557.550732135773,1535000,0.0,534967.0,0.7437870145224912,49.19307408688536,100.0,0.6538217067718506,-1.5792187444520236
-5719.5596,0.006766205,0.034563143,5719.5664,-5719.5664,0.6303435,0.16385901,30000.0,300.0,20,3000.0,751.3811,6583.6914,5710.5464,2489.3486,556.48456,-415.87964,31240.268,0.0027661528,0.103287466,0.103287466,1e-05,0.0003,-4658.3164,0.006904354667663574,7592.072509765625,1540000,0.0,539967.0,0.8003617946641464,41.733181233942766,100.0,0.6757247447967529,-1.8295028208241855
-5708.8154,0.011289131,0.07263178,5708.8267,-5708.8267,0.8538829,0.15960146,30000.0,300.0,20,3000.0,685.81757,6577.2964,5693.6416,155.68158,588.3297,-1034.3632,34475.57,0.0028770748,0.13628095,0.13628095,1e-05,0.0003,-4614.1553,0.006832800531387329,7626.23651599884,1545000,1.0,544967.0,60.94925862529301,4442.970234144841,100.0,0.662135124206543,145.83475622389162
-5681.752,0.0054274388,0.022609737,5681.7573,-5681.7573,0.72327226,0.15211551,30000.0,300.0,20,3000.0,1284.9772,6580.2534,5677.161,14.020266,768.982,-431.5836,36465.63,0.0027910876,0.11002093,0.11002093,1e-05,0.0003,-4066.7122,0.006769760799407959,7660.085324287415,1550000,1.0,549967.0,60.942859457751084,4703.049150600583,100.0,0.6348409652709961,154.56056672441662
-5638.6694,0.004555122,0.017930754,5638.674,-5638.674,0.683495,0.14652835,30000.0,300.0,20,3000.0,1195.592,6574.014,5636.384,418.0157,4454.231,-4527.294,68056.39,0.0031012325,0.1001514,0.1001514,1e-05,0.0003,-4142.623,0.006789510583877564,7694.032880783081,1555000,1.0,554967.0,60.93767880569824,4501.303560388082,100.0,0.6481716632843018,147.79187584589081
-5660.059,0.00901773,0.056785464,5660.068,-5660.068,0.7807405,0.14471239,30000.0,300.0,20,3000.0,735.9286,6565.569,5646.8545,2474.8552,781.7551,-650.14105,32401.387,0.0040658745,0.112982824,0.112982824,1e-05,0.0003,-4585.1816,0.006824882745742798,7728.157299518585,1560000,1.0,559967.0,60.930394875440214,2286.859493704984,100.0,0.6686017513275146,73.49589079176636
-5835.0317,0.009070174,0.057296358,5835.041,-5835.041,1.6034915,0.15310077,30000.0,300.0,20,3000.0,673.58435,6562.516,5824.328,1388.0962,1381.5131,-971.0372,34645.395,0.004010761,0.2454958,0.2454958,1e-05,0.0003,-4424.96,0.0067478652477264405,7761.896630048752,1565000,1.0,564967.0,60.948721618359905,5026.67600654748,100.0,0.6705384254455566,165.41845038663914
-5637.02,0.011811764,0.06550655,5637.0317,-5637.0317,1.2798498,0.15226005,30000.0,300.0,20,3000.0,1054.7705,6565.0557,5615.3223,1748.5974,821.32214,-789.38434,35405.266,0.0055048536,0.19487,0.19487,1e-05,0.0003,-3997.6396,0.006863360071182251,7796.213433742523,1570000,1.0,569967.0,60.9302285597903,4890.627659720938,100.0,0.6556196212768555,160.85394316130962
-5755.7935,0.0108285565,0.06315648,5755.804,-5755.804,1.3216147,0.16103783,30000.0,300.0,20,3000.0,821.0171,6551.023,5737.698,2283.4233,561.6939,-512.1199,31329.15,0.0030194544,0.21282999,0.21282999,1e-05,0.0003,-4296.286,0.006855032873153686,7830.488602399826,1575000,1.0,574922.0,60.89807493411552,2682.2083493495675,100.0,0.6666264533996582,86.76009245396108
-5747.913,0.008666299,0.062087916,5747.922,-5747.922,0.6738184,0.16372858,30000.0,300.0,20,3000.0,585.9952,6547.775,5732.0225,1338.2341,596.96027,-299.6848,26211.902,0.0053734775,0.11032333,0.11032333,1e-05,0.0003,-4830.9478,0.006868718194961548,7864.832197666168,1580000,1.0,579922.0,60.947891391172895,4975.30444414415,100.0,1.05446195602417,163.6949023007118
-5755.4766,0.008726047,0.059744265,5755.4854,-5755.4854,1.0620965,0.16191442,30000.0,300.0,20,3000.0,2498.2437,6549.622,5736.711,1.7134521,9215.914,-9884.397,208837.25,0.0026180893,0.17196873,0.17196873,1e-05,0.0003,-2741.3267,0.006725807666778564,7898.461240053177,1585000,1.0,584922.0,60.94361307055952,4951.488162764789,100.0,0.65230393409729,162.89585114740984
-5813.9907,0.008774067,0.05220399,5813.9995,-5813.9995,0.68592125,0.1687461,30000.0,300.0,20,3000.0,581.2838,6528.7417,5801.9863,129.50688,463.89197,-472.32947,31164.695,0.0029789354,0.11574654,0.11574654,1e-05,0.0003,-4885.4673,0.006831769704818726,7932.620092391968,1590000,0.0,589997.0,0.8158448898072972,3845.7540404694373,100.0,0.6432981491088867,125.79777896763173
-5767.5547,0.012795694,0.072967805,5767.5674,-5767.5674,1.014866,0.17200223,30000.0,300.0,20,3000.0,1431.9242,6522.2603,5751.3926,1576.5309,2004.6904,-2127.3591,64546.78,0.0039993105,0.1745592,0.1745592,1e-05,0.0003,-3811.9526,0.006792406034469604,7966.5821261405945,1595000,1.0,594997.0,60.892160004899665,3551.8051938029253,100.0,0.6599705219268799,115.93561110022466
-5695.458,0.015361428,0.08849167,5695.473,-5695.473,1.4187266,0.17618012,30000.0,300.0,20,3000.0,801.07495,6512.5215,5673.539,1740.4497,1117.5723,-894.36743,36696.953,0.0065305373,0.24995142,0.24995142,1e-05,0.0003,-4144.5283,0.0067372186660766605,8000.268224239349,1600000,1.0,599997.0,60.92619961353957,5440.952992523727,100.0,0.6503233909606934,179.31770267367543
-5570.26,0.012585519,0.07667215,5570.2725,-5570.2725,1.1098759,0.16880912,30000.0,300.0,20,3000.0,1276.2313,6508.5005,5551.9814,38.560905,1035.0654,-2334.5964,49624.02,0.0021110934,0.18735717,0.18735717,1e-05,0.0003,-3731.9568,0.008482632303237914,8042.681389570236,1605000,1.0,604997.0,60.943005131320206,4826.990143909641,100.0,0.6506259441375732,158.7188646579814
-5747.4873,0.0076248017,0.05854167,5747.495,-5747.495,1.1346046,0.16324733,30000.0,300.0,20,3000.0,532.59186,6393.3716,5736.2344,1372.959,409.33463,-677.6035,31532.594,0.004093541,0.18522117,0.18522117,1e-05,0.0003,-4659.232,0.006890945100784302,8077.136119127274,1610000,1.0,609997.0,60.9257206198528,4500.749305757231,100.0,0.6522912979125977,147.77328025596853
-5758.0625,0.008655129,0.05692662,5758.0713,-5758.0713,0.8048891,0.16195054,30000.0,300.0,20,3000.0,576.05975,6503.4287,5744.1504,2575.3428,935.62494,-591.53516,30447.104,0.004108494,0.13035223,0.13035223,1e-05,0.0003,-4790.9463,0.0068096405506134034,8111.184325933456,1615000,1.0,614997.0,60.93146098379185,4546.519369530192,100.0,0.9708960056304932,149.3088945553605
-5664.4463,0.0041385824,0.01989891,5664.45,-5664.45,0.7912321,0.15733516,30000.0,300.0,20,3000.0,3134.1204,6509.839,5660.4053,2302.5833,4378.2764,-2537.6448,117824.47,0.0027111825,0.12448863,0.12448863,1e-05,0.0003,-2156.86,0.006778208351135254,8145.0753717422485,1620000,0.0,619997.0,0.6132984202214824,38.518240000013996,100.0,0.645949125289917,-1.93736611232002
-5618.449,0.011148443,0.06664987,5618.4604,-5618.4604,0.9985971,0.15947555,30000.0,300.0,20,3000.0,811.15063,6444.195,5601.495,1075.9432,391.99423,-621.8248,32303.824,0.004310727,0.15925181,0.15925181,1e-05,0.0003,-4329.5435,0.006778331899642945,8178.967036247253,1625000,1.0,624997.0,60.925951063360955,5510.497443867148,100.0,0.6719686985015869,181.6509625628481
-5722.237,0.011426779,0.068768114,5722.248,-5722.248,0.9387045,0.15735024,30000.0,300.0,20,3000.0,484.4776,6488.0566,5706.7,2739.5059,384.24457,-342.87027,22991.508,0.0030971195,0.14770538,0.14770538,1e-05,0.0003,-4794.643,0.006781021404266357,8212.87214756012,1630000,1.0,629997.0,60.92160713821776,5501.867587262283,100.0,0.66011643409729,181.36142547000355
-5708.473,0.005524387,0.036988832,5708.4785,-5708.4785,0.97093177,0.15883546,30000.0,300.0,20,3000.0,1395.4017,6476.494,5700.3906,2463.6084,1131.2418,-1759.1064,55087.21,0.0044742743,0.15421839,0.15421839,1e-05,0.0003,-3850.416,0.0067758718490600585,8246.751510858536,1635000,1.0,634997.0,60.90995530027087,4577.557086421758,100.0,0.6421098709106445,150.3502293919382
-5753.0903,0.009490795,0.05974303,5753.0996,-5753.0996,1.0194017,0.15920399,30000.0,300.0,20,3000.0,535.91644,6451.9653,5742.124,244.96754,750.38904,-955.38,33345.297,0.0029433053,0.16229281,0.16229281,1e-05,0.0003,-4730.2954,0.0068503231525421145,8281.003130435944,1640000,1.0,639997.0,60.957430317658236,4001.424620658796,100.0,0.6668379306793213,131.02062440912403
-5779.931,0.0036350507,0.02143633,5779.9346,-5779.9346,0.7031352,0.16537185,30000.0,300.0,20,3000.0,495.24722,6452.1367,5777.3184,2703.8628,857.5641,-259.29575,24660.398,0.0037305895,0.11627877,0.11627877,1e-05,0.0003,-4935.8477,0.006908826303482055,8315.54726600647,1645000,1.0,644969.0,60.927562440848405,5198.787306062202,100.0,0.6639635562896729,171.1928922561712
-5625.874,0.0039106077,0.020595511,5625.878,-5625.878,0.5507162,0.1698306,30000.0,300.0,20,3000.0,678.036,6445.621,5625.679,-3.5436387,1426.2755,-316.5348,30826.72,0.0028129555,0.09352847,0.09352847,1e-05,0.0003,-4667.2524,0.006825970935821533,8349.677124977112,1650000,1.0,649942.0,60.921798714442936,5146.585100673106,100.0,0.6639516353607178,169.44147557794827
-5640.731,0.005315313,0.027045138,5640.7363,-5640.7363,1.3000108,0.16453874,30000.0,300.0,20,3000.0,696.73816,6439.802,5633.5986,1752.3629,1136.4706,-369.82864,29241.219,0.0038430877,0.21390213,0.21390213,1e-05,0.0003,-4302.286,0.0068878453254699705,8384.116355895996,1655000,1.0,654942.0,60.94316763300304,5258.769951476013,100.0,0.6673245429992676,173.20534756909606
-5720.1978,0.010223184,0.077662244,5720.208,-5720.208,0.94833815,0.16451035,30000.0,300.0,20,3000.0,708.62573,6441.033,5704.1914,2480.9,411.6582,-324.75348,27123.977,0.004225361,0.15601145,0.15601145,1e-05,0.0003,-4543.538,0.0068455796718597415,8418.344259262085,1660000,1.0,659942.0,60.91073336449435,5440.604128734611,100.0,0.673647403717041,179.30599807510276
-5686.973,0.008229205,0.057920378,5686.9814,-5686.9814,0.9747777,0.17354323,30000.0,300.0,20,3000.0,654.9198,6446.5483,5677.2285,1337.5356,554.33484,-840.8744,36376.79,0.0047839438,0.16916607,0.16916607,1e-05,0.0003,-4524.555,0.0067585550308227535,8452.137038707733,1665000,0.0,664938.0,-6.0319147425301285,358.74888100681324,96.0,0.9328100681304932,8.806572412056642
-5682.402,0.0039303647,0.025915504,5682.406,-5682.406,0.6380164,0.17065799,30000.0,300.0,20,3000.0,704.0497,6438.2046,5677.2847,9.670037,458.3603,-1639.043,34431.934,0.0043198476,0.1088826,0.1088826,1e-05,0.0003,-4651.704,0.006787860679626465,8486.0763463974,1670000,1.0,669938.0,60.9477892120938,4714.60311084963,100.0,0.6527605056762695,154.94820932550746
-5649.546,0.011962049,0.068716645,5649.5576,-5649.5576,1.3491657,0.1693342,30000.0,300.0,20,3000.0,883.9605,6444.7534,5636.7935,-73.08954,1218.0852,-799.2244,40632.21,0.0042984276,0.22845991,0.22845991,1e-05,0.0003,-4080.2058,0.006858182621002198,8520.367263793945,1675000,1.0,674938.0,60.92639522042841,5391.394801370117,100.0,0.6412739753723145,177.65499432865363
-5826.3467,0.009180761,0.06512055,5826.356,-5826.356,1.1583012,0.1733717,30000.0,300.0,20,3000.0,636.4613,6446.3335,5813.0913,1543.3818,317.7493,-923.0668,28997.004,0.004057926,0.20081666,0.20081666,1e-05,0.0003,-4587.435,0.0067854990482330325,8554.29476261139,1680000,1.0,679938.0,60.9304571215375,5380.000427569997,100.0,0.6604504585266113,177.2727059528524
-5708.7295,0.008121723,0.0373238,5708.738,-5708.738,1.1814764,0.17170893,30000.0,300.0,20,3000.0,778.5754,6451.66,5698.6953,1832.2557,520.1101,-809.17163,36147.312,0.003178977,0.20287003,0.20287003,1e-05,0.0003,-4321.544,0.0067959329128265385,8588.274431705475,1685000,1.0,684938.0,60.92814836509219,4727.913107261972,100.0,0.6973309516906738,155.39476803945277
-5724.328,0.007609551,0.055188373,5724.336,-5724.336,0.6402756,0.17541833,30000.0,300.0,20,3000.0,822.4583,6458.5063,5712.332,29.407608,1124.2068,-860.1113,40716.598,0.0053812964,0.11231608,0.11231608,1e-05,0.0003,-4564.9214,0.006877685451507568,8622.662863254547,1690000,1.0,689938.0,60.92704907148577,4976.955999203594,100.0,0.665834903717041,163.7503130071092
-5740.1826,0.007830832,0.053488206,5740.1904,-5740.1904,0.8026505,0.17789327,30000.0,300.0,20,3000.0,725.56305,6392.139,5728.601,1299.9672,1473.0442,-749.54846,35147.895,0.0036642065,0.14278612,0.14278612,1e-05,0.0003,-4586.261,0.0069180788040161135,8657.253262043,1695000,0.0,694938.0,10.89271183731353,4976.443776904248,100.0,0.6567912101745605,163.73312762822826
-5682.499,0.008670808,0.0565993,5682.508,-5682.508,0.93994415,0.17344856,30000.0,300.0,20,3000.0,1551.7048,6460.97,5669.4897,2046.4458,3341.553,-3100.2314,78063.43,0.0034159857,0.16303197,0.16303197,1e-05,0.0003,-3641.698,0.006816159582138061,8691.334064483643,1700000,1.0,699919.0,60.93912941851946,4951.139954314171,100.0,0.6869544982910156,162.88416853585412
-5739.8003,0.00913737,0.054541506,5739.8096,-5739.8096,1.7004187,0.16729112,30000.0,300.0,20,3000.0,1243.2756,6457.3345,5726.1514,650.4575,1589.9008,-907.3164,48267.176,0.006079994,0.28446496,0.28446496,1e-05,0.0003,-3643.1296,0.008468554067611694,8733.676839113235,1705000,1.0,704919.0,60.95359038186797,5148.286167833354,100.0,0.6421732902526855,169.4985474463306
-5682.5986,0.010328436,0.07100022,5682.609,-5682.609,1.2592837,0.16423564,30000.0,300.0,20,3000.0,1216.2833,6452.0396,5668.0615,20.946285,1178.6594,-1078.5825,43616.44,0.0043928726,0.20681927,0.20681927,1e-05,0.0003,-3845.8577,0.006803773212432861,8767.695709943771,1710000,1.0,709919.0,60.92842652899432,5319.018115933716,100.0,0.6646945476531982,175.22671121220338
-5608.6836,0.0066978335,0.036102332,5608.6904,-5608.6904,0.78495824,0.16470723,30000.0,300.0,20,3000.0,641.65625,6443.345,5600.699,18.162066,505.64325,-801.37695,31326.363,0.0047276895,0.1292883,0.1292883,1e-05,0.0003,-4579.1626,0.006829882192611695,8801.845125675201,1715000,1.0,714919.0,60.92346369566618,5379.831940166466,100.0,0.6549291610717773,177.2670530949623
-5677.178,0.009953637,0.061838895,5677.188,-5677.188,1.1757207,0.16485864,30000.0,300.0,20,3000.0,555.432,6446.5347,5664.231,2494.5972,568.417,-601.6318,30336.707,0.0033969309,0.19382772,0.19382772,1e-05,0.0003,-4540.2627,0.006784144783020019,8835.765853643417,1720000,1.0,719919.0,60.95143963990188,5502.646441519542,100.0,0.6547122001647949,181.3875565180292
-5620.0186,0.010914017,0.06606108,5620.0293,-5620.0293,1.1025466,0.16414046,30000.0,300.0,20,3000.0,1288.7112,6440.7163,5607.769,-53.227486,2195.0496,-1671.122,56228.586,0.006606236,0.1809725,0.1809725,1e-05,0.0003,-3788.3901,0.006797017431259155,8869.750945329666,1725000,0.0,724919.0,0.8437792785014749,3227.3224944741037,100.0,0.6604170799255371,105.04901335663573
-5663.773,0.009327428,0.060939353,5663.782,-5663.782,1.0107404,0.16366313,30000.0,300.0,20,3000.0,1323.1133,6427.9463,5648.971,-96.567184,2473.5845,-2330.5256,57482.785,0.0061088996,0.16542093,0.16542093,1e-05,0.0003,-3844.397,0.0067477928638458255,8903.48991394043,1730000,1.0,729919.0,60.95148025687182,4516.7901329129345,100.0,0.6371939182281494,148.311460051316
-5633.5786,0.0112446,0.076915175,5633.59,-5633.59,1.0813969,0.16164121,30000.0,300.0,20,3000.0,658.2516,6418.7495,5609.3164,1053.7582,1254.5098,-1390.481,34356.86,0.0040424275,0.17479831,0.17479831,1e-05,0.0003,-4450.932,0.00673239426612854,8937.151889324188,1735000,1.0,734919.0,60.95779336809188,4591.109916344655,100.0,0.6593143939971924,150.80493532221752
-5697.3135,0.010693537,0.06217844,5697.324,-5697.324,1.1291926,0.16430962,30000.0,300.0,20,3000.0,2186.5835,6419.143,5683.8174,2173.9736,18882.709,-17689.334,184960.11,0.005686692,0.1855372,0.1855372,1e-05,0.0003,-2954.1184,0.006820254278182983,8971.253165483475,1740000,1.0,739919.0,60.955095638607446,4952.168593984049,100.0,0.6829080581665039,162.91868004088116
-5681.5854,0.011059829,0.082182065,5681.5967,-5681.5967,0.7564924,0.1718115,30000.0,300.0,20,3000.0,2624.1675,6326.4937,5665.94,1535.3486,4265.944,-1577.0365,76336.45,0.0076098735,0.1299741,0.1299741,1e-05,0.0003,-2667.4956,0.006802233028411865,9005.264335632324,1745000,1.0,744919.0,60.935833900761295,5389.996802883747,100.0,0.6593189239501953,177.6080906040521
-5769.1406,0.0044168057,0.029569905,5769.145,-5769.145,0.59764904,0.1774783,30000.0,300.0,20,3000.0,737.6406,6402.3765,5765.793,132.90562,315.06998,-304.4104,28084.254,0.0036174147,0.10606973,0.10606973,1e-05,0.0003,-4713.291,0.006907084655761718,9039.799763202667,1750000,1.0,749985.0,60.94323678453426,5562.1941989748075,100.0,0.9828875064849854,183.38542106763137
-5673.198,0.006402864,0.042226773,5673.2046,-5673.2046,0.73630464,0.17752238,30000.0,300.0,20,3000.0,4009.8484,6406.6216,5666.955,-5.6738467,4183.1904,-4480.9424,124956.63,0.00410946,0.13071054,0.13071054,1e-05,0.0003,-1271.2183,0.006792782402038574,9073.763680458069,1755000,1.0,754985.0,60.93054584348685,5196.456948173627,100.0,0.6677837371826172,171.11470728981092
-5810.781,0.0067412276,0.049947143,5810.7876,-5810.7876,1.5209594,0.17294304,30000.0,300.0,20,3000.0,1025.0308,6409.0244,5798.129,2767.483,3626.9233,-3054.3975,73755.2,0.0040462743,0.26303935,0.26303935,1e-05,0.0003,-3996.6318,0.006883718824386597,9108.1822783947,1760000,0.0,759985.0,0.35664940601347617,9.11894907285882,100.0,0.6568655967712402,-2.9237307318597012
-5604.707,0.008404721,0.053514283,5604.7153,-5604.7153,0.70083874,0.17330551,30000.0,300.0,20,3000.0,624.75757,6396.7583,5596.9033,1650.9828,464.73608,-1046.4813,30644.406,0.0045322394,0.121459216,0.121459216,1e-05,0.0003,-4615.572,0.006886759424209595,9142.616079807281,1765000,1.0,764985.0,60.92101960745983,3896.7483965499537,100.0,0.6621007919311523,127.50867154523367
-5659.1147,0.003351776,0.022558546,5659.118,-5659.118,0.5433123,0.1743071,30000.0,300.0,20,3000.0,1149.9463,6402.556,5657.5137,1391.3895,624.91455,-2115.0752,42065.047,0.0028463898,0.09470318,0.09470318,1e-05,0.0003,-4225.059,0.006682735395431519,9176.029761075974,1770000,1.0,769985.0,60.921883420804676,4454.782726578389,100.0,0.6562113761901855,146.23107274165736
-5811.7627,0.0093028955,0.06329794,5811.772,-5811.772,0.7075988,0.1714542,30000.0,300.0,20,3000.0,1552.5422,6389.839,5797.2583,2354.5344,2546.0862,-6366.995,83724.65,0.0071164034,0.12132079,0.12132079,1e-05,0.0003,-3895.2583,0.0068860288619995115,9210.459909915924,1775000,1.0,774922.0,60.944341254219815,5073.964231057267,100.0,0.6814165115356445,167.00499992937728
-5623.3687,0.0035932586,0.02344314,5623.372,-5623.372,0.5149005,0.17376624,30000.0,300.0,20,3000.0,651.5772,6388.7163,5623.1562,59.187057,954.4153,-1497.7544,38288.336,0.0038488153,0.08947232,0.08947232,1e-05,0.0003,-4703.3745,0.006873503684997558,9244.82743215561,1780000,1.0,779922.0,60.95701485861844,4210.735072609305,100.0,0.6693036556243896,138.04312113584422
-5592.6816,0.009611214,0.05797439,5592.6914,-5592.6914,0.8976072,0.16471606,30000.0,300.0,20,3000.0,596.6358,6375.1846,5582.259,1414.3076,619.3773,-309.7514,25888.39,0.0044693514,0.14785033,0.14785033,1e-05,0.0003,-4552.495,0.006770758819580078,9278.681230783463,1785000,1.0,784922.0,60.93175266207385,5073.738932023505,100.0,0.651268482208252,166.9974410057192
-5694.9614,0.0070959954,0.053955704,5694.9688,-5694.9688,1.2042528,0.1603251,30000.0,300.0,20,3000.0,680.65015,6279.398,5683.7603,2467.8796,417.8424,-552.5,31929.043,0.0036194376,0.19307196,0.19307196,1e-05,0.0003,-4435.0957,0.006836093378067017,9312.861701726913,1790000,1.0,789922.0,60.91937721423547,4960.681093349337,100.0,0.6920435428619385,163.2042797248524
-5690.8438,0.006019627,0.045841943,5690.8496,-5690.8496,1.3925483,0.16135603,30000.0,300.0,20,3000.0,504.79712,6390.221,5682.1035,1803.7562,301.4376,-1470.3846,27251.395,0.0042152302,0.22469607,0.22469607,1e-05,0.0003,-4511.9585,0.0067775017738342285,9346.7492146492,1795000,1.0,794922.0,60.93400336905983,5086.225023894422,100.0,0.6612482070922852,167.41635720639593
-5748.1787,0.009843376,0.07337677,5748.1885,-5748.1885,1.3336923,0.16024683,30000.0,300.0,20,3000.0,2948.3345,6393.528,5735.0747,9.914572,21202.744,-24686.744,279616.34,0.0046783183,0.21371998,0.21371998,1e-05,0.0003,-2158.6843,0.006757198238372803,9380.535209655762,1800000,1.0,799922.0,60.946827693142836,5270.128565844527,100.0,0.664984941482544,173.5864361935754
-5700.0415,0.010481034,0.059129976,5700.052,-5700.052,1.0422543,0.15773551,30000.0,300.0,20,3000.0,726.6195,6404.7114,5684.74,1672.3734,859.03625,-747.77734,38045.953,0.0067408844,0.16440052,0.16440052,1e-05,0.0003,-4480.22,0.008477404499053955,9422.922240018845,1805000,1.0,804922.0,60.96675967898429,4975.703295718924,100.0,0.6480722427368164,163.70828402079408
-5669.116,0.00668329,0.046862226,5669.123,-5669.123,1.1657442,0.14972678,30000.0,300.0,20,3000.0,1079.9133,6411.1636,5656.9683,1028.969,1124.8665,-1577.9354,57261.75,0.0032101353,0.17454311,0.17454311,1e-05,0.0003,-4065.5737,0.006856705808639526,9457.205773353577,1810000,1.0,809922.0,60.91395976946622,4725.211054160134,100.0,0.6471753120422363,155.30411246594338
-5705.412,0.004265572,0.030216854,5705.4165,-5705.4165,1.0180008,0.16416919,30000.0,300.0,20,3000.0,603.24207,6422.704,5701.2363,213.32222,351.93518,-1049.4324,30224.496,0.0042540235,0.16712439,0.16712439,1e-05,0.0003,-4600.797,0.006803438901901245,9491.222972154617,1815000,1.0,814922.0,60.938905926945544,5501.972880494102,100.0,0.6508691310882568,181.36495812386246
-5708.763,0.010627999,0.07680683,5708.774,-5708.774,1.3600101,0.15954354,30000.0,300.0,20,3000.0,1151.28,6424.184,5692.701,960.56274,3800.0002,-3375.7427,67724.36,0.004194457,0.21698083,0.21698083,1e-05,0.0003,-3906.541,0.00687494010925293,9525.597680330276,1820000,1.0,819922.0,60.94651167962178,5134.346922066565,100.0,0.6926741600036621,169.03087702252697
-5677.1206,0.009390216,0.06297891,5677.13,-5677.13,0.5032185,0.16287826,30000.0,300.0,20,3000.0,824.5262,6432.919,5662.8545,-31.699493,704.242,-1473.0665,38462.16,0.0066100466,0.081963345,0.081963345,1e-05,0.0003,-4606.704,0.00689106879234314,9560.053028821945,1825000,1.0,824991.0,60.90265428818315,5256.254064830326,100.0,0.6798551082611084,173.12093799676225
-5691.848,0.0030524684,0.02450712,5691.851,-5691.851,0.86012745,0.16091058,30000.0,300.0,20,3000.0,1079.9403,6437.633,5690.3447,611.04553,494.20663,-608.40497,37874.945,0.004555233,0.13840361,0.13840361,1e-05,0.0003,-4196.697,0.006778868579864502,9593.947376012802,1830000,0.0,829991.0,10.891920274853026,2082.531167741124,100.0,0.9878654479980469,66.6405475115526
-5656.9062,0.0067747547,0.051838785,5656.913,-5656.913,0.70395637,0.1625015,30000.0,300.0,20,3000.0,644.41785,6432.705,5645.948,1675.9185,730.88885,-598.93427,29470.71,0.0034747317,0.114393964,0.114393964,1e-05,0.0003,-4669.3066,0.006803436470031738,9627.964562654495,1835000,1.0,834991.0,60.9453763059859,5208.963532239179,100.0,0.6484537124633789,171.53431101644924
-5635.096,0.0061305095,0.044334486,5635.1025,-5635.1025,0.67271996,0.16186439,30000.0,300.0,20,3000.0,596.79407,6429.127,5627.4893,1919.0255,291.3513,-628.4934,28859.037,0.005859438,0.1088894,0.1088894,1e-05,0.0003,-4711.634,0.006818752813339234,9662.058330774307,1840000,1.0,839991.0,60.9473044553218,5401.812417267232,100.0,0.648352861404419,178.00451186519314
-5708.2246,0.0089632515,0.05860276,5708.2334,-5708.2334,0.6847275,0.16442095,30000.0,300.0,20,3000.0,775.3436,6428.437,5694.789,-12.436434,3375.5754,-3770.9507,73430.695,0.0041198665,0.11258354,0.11258354,1e-05,0.0003,-4595.1304,0.006904223251342773,9696.579451322556,1845000,1.0,844991.0,60.915605145271215,5269.916843711498,100.0,0.6612257957458496,173.57933278343836
-5654.457,0.007577717,0.053158127,5654.465,-5654.465,1.1246175,0.16411911,30000.0,300.0,20,3000.0,1001.1126,6437.1353,5642.414,1032.9001,2579.1838,-1942.1324,53875.227,0.0051533934,0.1845712,0.1845712,1e-05,0.0003,-4099.631,0.006764916229248047,9730.40403676033,1850000,1.0,849991.0,60.912953258485004,4523.595167463542,100.0,0.6637473106384277,148.53977322159264
-5697.6587,0.007400284,0.042518757,5697.666,-5697.666,0.85079384,0.163764,30000.0,300.0,20,3000.0,665.25757,6432.539,5686.1826,2255.3447,1174.8191,-1142.8903,36158.07,0.003807821,0.1393294,0.1393294,1e-05,0.0003,-4614.413,0.00686589241027832,9764.733503341675,1855000,1.0,854991.0,60.92574518812941,4827.837796522367,100.0,0.675396203994751,158.74730393391243
-5834.784,0.009597502,0.06265523,5834.794,-5834.794,0.66072655,0.16656882,30000.0,300.0,20,3000.0,694.1315,6427.98,5821.5503,2342.729,544.6228,-320.9818,26081.977,0.011077501,0.11005644,0.11005644,1e-05,0.0003,-4810.4834,0.006862283420562744,9799.044924020767,1860000,1.0,859991.0,60.92426604837598,5439.898121511764,100.0,0.6477260589599609,179.28231109069623
-5615.7188,0.0098573705,0.05961424,5615.7285,-5615.7285,0.64385605,0.16862835,30000.0,300.0,20,3000.0,704.9899,6285.3403,5601.2144,932.02124,407.09665,-546.35254,28435.291,0.0044500534,0.10857238,0.10857238,1e-05,0.0003,-4585.0117,0.006782366466522216,9832.956760883331,1865000,1.0,864947.0,60.93825468938441,4640.853613912649,100.0,0.65024733543396,152.47386752360035
-5605.8047,0.006009588,0.036049094,5605.8105,-5605.8105,1.0630442,0.1661602,30000.0,300.0,20,3000.0,751.2824,6442.231,5599.3887,240.03786,864.8745,-2291.7551,38289.535,0.0041505746,0.17663562,0.17663562,1e-05,0.0003,-4324.6157,0.006861192369461059,9867.262726545334,1870000,1.0,869947.0,60.955052642694525,4169.151508781903,100.0,0.6762633323669434,136.64796653108357
-5759.281,0.004162473,0.029808883,5759.285,-5759.285,1.66595,0.16729312,30000.0,300.0,20,3000.0,6831.282,6439.0273,5751.1045,108.384926,8876.425,-10407.255,193403.84,0.0044444613,0.27870196,0.27870196,1e-05,0.0003,1908.1074,0.006820644569396973,9901.365953207016,1875000,1.0,874947.0,60.94376759441266,4473.247402267331,100.0,0.6574108600616455,146.85057417303454
-5746.243,0.009037284,0.0557366,5746.2524,-5746.2524,0.91647935,0.17158756,30000.0,300.0,20,3000.0,536.76654,6428.979,5733.2827,719.7081,477.74106,-518.8314,29355.4,0.004179473,0.15725645,0.15725645,1e-05,0.0003,-4737.707,0.006675541067123413,9934.743663072586,1880000,1.0,879947.0,60.91885006789396,4466.1352919146775,100.0,0.6483798027038574,146.6119584173178
-5722.8994,0.0071494,0.056023672,5722.9067,-5722.9067,0.9892485,0.16351174,30000.0,300.0,20,3000.0,966.85095,6286.6846,5710.7344,2188.942,7249.6924,-5914.029,89617.695,0.0038280706,0.16175374,0.16175374,1e-05,0.0003,-4270.787,0.006863799667358399,9969.062665939331,1885000,1.0,884947.0,60.92956105882071,3475.544229786286,100.0,0.6498031616210938,113.37700800519141
-5726.6353,0.006459291,0.053492658,5726.6416,-5726.6416,0.87277454,0.1664553,30000.0,300.0,20,3000.0,452.67352,6438.4395,5714.37,666.1447,350.65826,-887.7405,28293.285,0.00391186,0.14527795,0.14527795,1e-05,0.0003,-4838.128,0.0069343345642089846,10003.734342813492,1890000,1.0,889947.0,60.947738809134194,5075.258909293648,100.0,0.6681647300720215,167.04843719489563
-5596.315,0.0074282466,0.057024997,5596.3223,-5596.3223,1.3038967,0.16427808,30000.0,300.0,20,3000.0,506.62445,6425.428,5587.3877,19.122738,366.7218,-659.58435,26682.516,0.0043761744,0.21420163,0.21420163,1e-05,0.0003,-4447.0854,0.006789455986022949,10037.681627511978,1895000,1.0,894947.0,60.95791756414836,5098.014670588494,100.0,0.652977466583252,167.81190723529696
-5780.1826,0.0078659635,0.05058375,5780.1904,-5780.1904,0.9424863,0.16958803,30000.0,300.0,20,3000.0,456.31018,6418.722,5771.241,2489.9956,894.4465,-460.54855,29181.379,0.0036821763,0.15983438,0.15983438,1e-05,0.0003,-4844.3696,0.006848227977752685,10071.922771453857,1900000,1.0,899947.0,60.914750752009226,4702.398295631095,100.0,0.6575667858123779,154.5387301326449
-5647.78,0.009065783,0.06452056,5647.789,-5647.789,0.7061051,0.17360415,30000.0,300.0,20,3000.0,940.45654,6418.9307,5633.6914,436.61682,756.5781,-590.8655,36829.97,0.003425295,0.12258278,0.12258278,1e-05,0.0003,-4339.5747,0.008444094657897949,10114.143248558044,1905000,1.0,904947.0,60.96809483409854,4259.535289409229,100.0,0.6791841983795166,139.68039896667963
-5771.528,0.008682255,0.0558204,5771.5366,-5771.5366,0.84073675,0.17549385,30000.0,300.0,20,3000.0,2251.6362,6414.108,5763.7256,1893.0482,9458.992,-4194.2993,143056.16,0.0045859045,0.14754413,0.14754413,1e-05,0.0003,-3077.2593,0.006853403520584106,10148.410270929337,1910000,1.0,909947.0,60.90399008956107,4322.838057390012,100.0,1.0140068531036377,141.80424647068526
-5720.423,0.006018467,0.04152569,5720.4287,-5720.4287,0.97356266,0.17290455,30000.0,300.0,20,3000.0,661.54443,6412.6685,5711.543,2077.8145,617.4685,-805.75726,32141.918,0.0035506762,0.16833341,0.16833341,1e-05,0.0003,-4553.878,0.006809819555282592,10182.459372997284,1915000,1.0,914947.0,60.931007748050206,5330.278105221426,100.0,0.6623091697692871,175.60449090346575
-5803.8857,0.0075687957,0.057128564,5803.8936,-5803.8936,1.0839002,0.17386645,30000.0,300.0,20,3000.0,908.8431,6265.0547,5793.587,39.293533,847.46924,-1327.9181,36499.855,0.0040076906,0.18845388,0.18845388,1e-05,0.0003,-4329.6807,0.00687930121421814,10216.85588312149,1920000,1.0,919947.0,60.925786069219505,5501.401042250932,100.0,0.6577780246734619,181.34577259273655
-5702.301,0.008365277,0.061447613,5702.309,-5702.309,1.1639203,0.17595606,30000.0,300.0,20,3000.0,2262.2358,6406.3813,5689.076,9.015041,3509.1462,-12390.729,142177.28,0.005725482,0.20479882,0.20479882,1e-05,0.0003,-2825.6685,0.006809509563446045,10250.903436899185,1925000,1.0,924947.0,60.90695650451172,4224.826601314083,100.0,0.6594705581665039,138.5159007475723
-5702.679,0.006437601,0.047427654,5702.6855,-5702.6855,1.4340727,0.18166654,30000.0,300.0,20,3000.0,485.28476,6293.459,5691.171,2158.9182,342.8217,-464.95547,27956.09,0.0039096614,0.26052302,0.26052302,1e-05,0.0003,-4435.825,0.006818203210830688,10284.994458198547,1930000,1.0,929947.0,60.93935347523212,4210.607093967815,100.0,0.6624150276184082,138.03882737228594
-5757.681,0.0082792705,0.05658886,5757.6895,-5757.6895,1.0870332,0.18838885,30000.0,300.0,20,3000.0,578.0016,6387.215,5738.0737,106.16963,1059.2294,-897.3023,34434.45,0.0039608767,0.20478493,0.20478493,1e-05,0.0003,-4565.3247,0.006788504600524902,10318.936985254288,1935000,1.0,934947.0,60.909417881912574,5218.246456964071,100.0,0.6438727378845215,171.84575895365194
-5669.5356,0.009171393,0.06267974,5669.545,-5669.545,0.95254487,0.18618493,30000.0,300.0,20,3000.0,1846.1177,6384.796,5656.864,2237.353,5775.383,-8024.5405,157772.6,0.0053884047,0.1773495,0.1773495,1e-05,0.0003,-3291.3696,0.006783108186721802,10352.85253071785,1940000,1.0,939947.0,60.93275221644488,4220.134599048078,100.0,0.6502599716186523,138.35848113356002
-5798.142,0.0062273485,0.045706347,5798.1484,-5798.1484,1.0068878,0.18038444,30000.0,300.0,20,3000.0,474.04352,6394.7803,5789.8613,2059.9326,557.531,-655.98755,29455.012,0.0045383554,0.18162689,0.18162689,1e-05,0.0003,-4779.218,0.006840027666091919,10387.052673339844,1945000,1.0,944947.0,60.92124781307871,5613.071722889398,100.0,0.674384355545044,185.0923938529098
-5678.104,0.008890369,0.060248017,5678.113,-5678.113,0.566079,0.18789867,30000.0,300.0,20,3000.0,712.3948,6405.1,5665.606,286.3639,684.3351,-515.6904,35116.4,0.0042235916,0.106365494,0.106365494,1e-05,0.0003,-4646.6123,0.006850356340408325,10421.304458856583,1950000,1.0,949947.0,60.938095052049356,5269.441069884653,100.0,0.6490867137908936,173.56337027363276
-5653.149,0.007181096,0.051616758,5653.1562,-5653.1562,1.0841799,0.18750252,30000.0,300.0,20,3000.0,1127.3168,6411.1274,5643.1084,-37.004417,602.5184,-569.1778,36921.93,0.005328309,0.20328647,0.20328647,1e-05,0.0003,-3915.9727,0.006868842506408691,10455.648675441742,1955000,1.0,954947.0,60.94672685145362,4476.140905329045,100.0,0.6649637222290039,146.94765301257786
-5784.012,0.006444977,0.039468355,5784.0186,-5784.0186,1.1384197,0.18774033,30000.0,300.0,20,3000.0,789.5396,6410.6655,5780.0444,-86.591156,667.0322,-933.7715,41303.96,0.004444786,0.2137273,0.2137273,1e-05,0.0003,-4353.291,0.006815661382675171,10489.726986408234,1960000,1.0,959947.0,60.95514662469664,4976.848808017647,100.0,0.6589164733886719,163.74671667570087
-5694.064,0.009178296,0.05607196,5694.073,-5694.073,0.99614614,0.1915419,30000.0,300.0,20,3000.0,1396.5311,6413.0,5675.8564,1627.0496,3818.43,-1984.9333,73239.18,0.0044358047,0.19080372,0.19080372,1e-05,0.0003,-3725.1216,0.006848022937774658,10523.967105388641,1965000,1.0,964947.0,60.9095691790102,4775.839497828044,100.0,0.6708400249481201,157.00272845297923
-5704.105,0.0072195027,0.053391457,5704.1123,-5704.1123,0.6860965,0.18804194,30000.0,300.0,20,3000.0,795.2417,6398.6177,5692.6533,1353.7815,635.0617,-458.51538,30519.238,0.004550516,0.12901491,0.12901491,1e-05,0.0003,-4521.8184,0.0068878038883209225,10558.40612912178,1970000,1.0,969947.0,60.94741156022125,3869.9590118520955,100.0,0.672579288482666,126.60987091393008
-5789.9194,0.00854414,0.060314894,5789.9277,-5789.9277,0.8005743,0.17504096,30000.0,300.0,20,3000.0,768.6227,6416.235,5777.0415,1966.93,581.04565,-379.4654,28317.453,0.0045320652,0.14013329,0.14013329,1e-05,0.0003,-4600.897,0.006837499141693115,10592.593629598618,1975000,0.0,974947.0,10.90506609676614,5351.263476680395,100.0,0.6489894390106201,176.30856325630967
-5780.295,0.0077022985,0.057143595,5780.3027,-5780.3027,0.90810645,0.17090271,30000.0,300.0,20,3000.0,419.73886,6420.635,5768.705,2179.2666,571.4325,-244.90039,23716.953,0.008104819,0.15519786,0.15519786,1e-05,0.0003,-4894.9624,0.006801038599014282,10626.59882736206,1980000,1.0,979947.0,60.91681551625163,5500.337769895422,100.0,0.659273624420166,181.31009913942066
-5562.613,0.007088132,0.04734845,5562.62,-5562.62,0.8105753,0.17448263,30000.0,300.0,20,3000.0,708.73865,6260.3037,5552.9766,225.67781,482.76077,-588.56604,30248.75,0.003483935,0.1414313,0.1414313,1e-05,0.0003,-4429.58,0.006804000377655029,10660.618833065033,1985000,1.0,984947.0,60.9051872549518,4515.118826477338,100.0,0.6564128398895264,148.25538667388096
-5870.58,0.0066304486,0.051981993,5870.587,-5870.587,0.9635566,0.17070661,30000.0,300.0,20,3000.0,266.01462,6433.618,5862.06,2775.6558,476.64377,-668.3989,21786.025,0.0036390591,0.16448548,0.16448548,1e-05,0.0003,-5111.109,0.0067801673412322995,10694.519674062729,1990000,1.0,989929.0,60.958466795327794,5412.962968528927,100.0,0.9772484302520752,178.37861984215598
-5695.171,0.005038402,0.03609615,5695.176,-5695.176,0.9122327,0.17243914,30000.0,300.0,20,3000.0,818.9058,6431.318,5688.673,437.49557,510.60236,-531.33167,34428.15,0.0044817487,0.15730461,0.15730461,1e-05,0.0003,-4404.351,0.006751097297668457,10728.275164842606,1995000,0.0,994929.0,10.865653683836317,3516.6454171176047,100.0,0.6589899063110352,114.75597857645916
-5766.281,0.009876976,0.056212705,5766.2905,-5766.2905,0.80739754,0.16916703,30000.0,300.0,20,3000.0,530.4726,6426.723,5753.257,1890.0452,999.8573,-828.30945,31790.125,0.0057380847,0.13658504,0.13658504,1e-05,0.0003,-4826.0527,0.006888152551651001,10762.715932130814,2000000,0.0,999929.0,10.839450983902829,4238.00959146667,100.0,0.6753754615783691,138.9581983219754
