training/actor/bound_loss,training/actor/q_loss,training/alpha/current_vs_historical_ratio,training/alpha/historical_avg_loss,training/alpha/max_alpha_bound,training/alpha/min_alpha_bound,training/alpha/valid_count,training/alpha_weight,training/critic/critic_loss,training/critic/q_max,training/critic/q_mean,training/critic/q_min,training/grad/max,training/grad/min,training/grad/norm,training/meanflow/consistency_loss,training/meanflow/flow_loss,training/meanflow/mean_flow_loss,training/metrics/actor_learning_rate,training/metrics/critic_learning_rate,training/total_loss,time/epoch_time,time/total_time,step,training/actor/any_oob,training/actor/coordinate_oob,training/actor/jacobian,training/actor/loss,training/actor/max_clip,training/actor/mean_clip,training/actor/q,training/actor/transport,training/control/adjoint_clip_fraction,training/control/adjoint_norm,training/control/applied_adjoint_norm,training/control/eta,training/control/gate,training/control/relative_critic_disagreement,training/teacher/endpoint_variance,training/teacher/q,exploration/goal_achieved,exploration/total.timesteps,exploration/episode.final_reward,exploration/episode.return,exploration/episode.length,exploration/episode.duration,exploration/episode.normalized_return
0.0,0.0,1.0,0.0,3000.0,30.0,0,300.0,1529.8123,3.855505,-0.030703232,-3.0409393,711.37463,-726.00366,19921.398,0.0,1.3777595,1.3777595,0.0,0.0003,1943.1401,0.008232958841323853,41.16506028175354,0,,,,,,,,,,,,,,,,,,,,,,,
0.02762871,0.0,21921778.0,0.0,3000.0,30.0,2,300.0,1070.5767,989.93066,473.86835,-7.184995,2157.6023,-1710.1194,59012.387,0.0,0.21921778,0.21921778,1e-05,0.0003,1136.3696,0.012535549259185791,103.84298658370972,5000,,,,,,,,,,,,,,,,,,,,,,,
0.010916807,0.0,17328996.0,0.0,3000.0,30.0,4,300.0,904.8335,2044.6901,1041.463,-3.3467834,762.96564,-608.4263,52494.5,0.0,0.17328997,0.17328997,2e-05,0.0003,956.8314,0.009398300743103027,150.83467864990234,10000,,,,,,,,,,,,,,,,,,,,,,,
0.014493046,0.0,11645354.0,0.0,3000.0,30.0,7,300.0,9187.334,3026.013,1532.8903,-8.928431,15809.219,-14171.075,319906.94,0.0,0.11645354,0.11645354,3e-05,0.0003,9222.285,0.009267120218276978,197.17047715187073,15000,,,,,,,,,,,,,,,,,,,,,,,
0.015228674,0.0,12738511.0,0.0,3000.0,30.0,9,300.0,14602.664,3839.071,2030.553,-62.818233,37211.715,-45196.066,1042734.75,0.0,0.12738511,0.12738511,4e-05,0.0003,14640.8955,0.009343636226654052,243.88885164260864,20000,,,,,,,,,,,,,,,,,,,,,,,
0.016347278,0.0,1.0866592,0.08696904,3000.0,30.0,12,300.0,15157.096,4493.5225,2355.2798,-150.69931,15836.3955,-17456.527,460518.56,0.0,0.09450571,0.09450571,5e-05,0.0003,15185.464,0.008781360578536988,287.79583168029785,25000,,,,,,,,,,,,,,,,,,,,,,,
0.01003888,0.0,0.8795903,0.11730832,3000.0,30.0,14,300.0,15273.125,5020.319,2706.8784,-245.60461,39527.336,-38731.44,823745.25,0.0,0.103183255,0.103183255,6e-05,0.0003,15304.09,0.008946521711349487,332.5286138057709,30000,,,,,,,,,,,,,,,,,,,,,,,
0.01282015,0.0,0.7279131,0.13594618,3000.0,30.0,17,300.0,8281.08,5442.0977,2908.1013,-330.43057,43025.8,-40409.914,920230.5,0.0,0.098957,0.098957,6.9999995e-05,0.0003,8310.78,0.008791125869750976,376.4844162464142,35000,,,,,,,,,,,,,,,,,,,,,,,
0.010214688,0.0,0.5114564,0.14000241,3000.0,30.0,19,300.0,10951.348,5778.341,3116.8032,-420.6832,11567.394,-10773.388,417517.8,0.0,0.07160512,0.07160512,8e-05,0.0003,10972.839,0.008860519075393676,420.78718614578247,40000,,,,,,,,,,,,,,,,,,,,,,,
0.009615423,0.0,0.48229778,0.11711301,3000.0,30.0,20,300.0,16493.555,6058.538,3274.3848,-1647.8031,10529.303,-9448.043,322817.94,0.0,0.056483343,0.056483343,8.9999994e-05,0.0003,16510.51,0.008522192859649658,463.3983254432678,45000,,,,,,,,,,,,,,,,,,,,,,,
0.009118385,0.0,0.596863,0.10728061,3000.0,30.0,20,300.0,7226.535,6390.773,3398.6829,-1912.7068,5191.839,-4764.519,251147.05,0.0,0.064031824,0.064031824,1e-04,0.0003,7245.754,0.008841694641113281,507.60696268081665,50000,,,,,,,,,,,,,,,,,,,,,,,
0.009017309,0.0,0.67571396,0.094594024,3000.0,30.0,20,300.0,20066.762,6717.9688,3703.3003,-2176.1765,11517.005,-12521.649,525093.1,0.0,0.0639185,0.0639185,9.999385e-05,0.0003,20085.947,0.008644136428833007,550.8278017044067,55000,,,,,,,,,,,,,,,,,,,,,,,
0.010243796,0.0,0.7164029,0.09019945,3000.0,30.0,20,300.0,11422.013,7011.813,3603.8555,-2494.779,22138.857,-22982.12,628083.6,0.0,0.06461915,0.06461915,9.99754e-05,0.0003,11441.408,0.00874564290046692,594.5561738014221,60000,,,,,,,,,,,,,,,,,,,,,,,
0.007389497,0.0,0.8320903,0.083490245,3000.0,30.0,20,300.0,25712.111,7255.072,3583.6797,-2725.488,30587.06,-39982.367,1212686.2,0.0,0.06947143,0.06947143,9.994465e-05,0.0003,25732.96,0.00860294919013977,637.5710718631744,65000,,,,,,,,,,,,,,,,,,,,,,,
0.008283633,0.0,1.1772709,0.079593085,3000.0,30.0,20,300.0,10691.586,7468.4907,3696.068,-3003.3545,10328.217,-8206.337,326769.9,0.0,0.09370262,0.09370262,9.990162e-05,0.0003,10719.704,0.008733843803405762,681.2404432296753,70000,,,,,,,,,,,,,,,,,,,,,,,
0.00640932,0.0,0.6902016,0.077846125,3000.0,30.0,20,300.0,9409.809,7601.816,3794.2488,-3244.6614,25476.918,-18809.406,457962.84,0.0,0.05372952,0.05372952,9.984629e-05,0.0003,9425.935,0.008488521337509155,723.6832008361816,75000,,,,,,,,,,,,,,,,,,,,,,,
0.0058167046,0.0,0.86147565,0.073962666,3000.0,30.0,20,300.0,9203.644,7669.5312,3902.3394,-3437.0293,24140.605,-24709.016,728487.44,0.0,0.06371704,0.06371704,9.977873e-05,0.0003,9222.765,0.008540380954742431,766.3852579593658,80000,,,,,,,,,,,,,,,,,,,,,,,
0.006790207,0.0,0.73409194,0.071224354,3000.0,30.0,20,300.0,8882.094,7774.683,3780.758,-3681.6423,16682.666,-11766.961,444754.94,0.0,0.052285224,0.052285224,9.969891e-05,0.0003,8897.786,0.008604568529129029,809.4082462787628,85000,,,,,,,,,,,,,,,,,,,,,,,
0.006942761,0.0,0.8641854,0.067109615,3000.0,30.0,20,300.0,28935.566,7822.0522,3517.774,-3875.109,65485.445,-62943.547,2066683.1,0.0,0.057995148,0.057995148,9.9606885e-05,0.0003,28952.973,0.008356921672821045,851.192996263504,90000,,,,,,,,,,,,,,,,,,,,,,,
0.006439531,0.0,0.9972588,0.06377704,3000.0,30.0,20,300.0,7350.792,7690.1885,3859.7705,-4069.8877,6745.4497,-5649.2607,272286.56,0.0,0.06360221,0.06360221,9.950265e-05,0.0003,7369.879,0.008709361696243286,894.7399456501007,95000,,,,,,,,,,,,,,,,,,,,,,,
0.006478866,0.0,1.1209544,0.06112888,3000.0,30.0,20,300.0,16688.078,7668.3047,3681.6167,-4259.459,89387.71,-107791.125,2094088.9,0.0,0.06852269,0.06852269,9.938626e-05,0.0003,16708.64,0.008481597328186034,937.1480822563171,100000,,,,,,,,,,,,,,,,,,,,,,,
0.0066505885,0.0,0.8468099,0.05938915,3000.0,30.0,20,300.0,6806.312,7622.655,3234.1248,-4480.4604,61034.355,-44406.008,582892.7,0.0,0.050291322,0.050291322,9.9257726e-05,0.0003,6821.4062,0.01181602053642273,996.2284405231476,105000,,,,,,,,,,,,,,,,,,,,,,,
0.0047342516,0.0,0.7989599,0.05828295,3000.0,30.0,20,300.0,8150.661,7621.8613,3204.665,-4641.6343,13447.723,-18432.75,416171.44,0.0,0.04656574,0.04656574,9.91171e-05,0.0003,8164.6357,0.00980790433883667,1045.2682375907898,110000,,,,,,,,,,,,,,,,,,,,,,,
0.0052395496,0.0,1.0400889,0.055011697,3000.0,30.0,20,300.0,11757.927,7764.757,3507.009,-4817.0444,13869.222,-15804.908,530047.4,0.0,0.057217054,0.057217054,9.896442e-05,0.0003,11775.097,0.009994240570068359,1095.2396903038025,115000,,,,,,,,,,,,,,,,,,,,,,,
0.0051733484,0.0,1.0391247,0.054212857,3000.0,30.0,20,300.0,7417.2812,8181.7427,3523.4668,-4987.414,20773.365,-24478.049,563451.75,0.0,0.05633392,0.05633392,9.8799705e-05,0.0003,7434.187,0.009860619783401489,1144.5430645942688,120000,,,,,,,,,,,,,,,,,,,,,,,
0.0056331437,0.0,0.6093379,0.051609453,3000.0,30.0,20,300.0,10946.703,8707.364,3776.0623,-5199.685,6943.855,-6332.146,395302.3,0.0,0.031447597,0.031447597,9.8623015e-05,0.0003,10956.144,0.009633360862731933,1192.7101237773895,125000,,,,,,,,,,,,,,,,,,,,,,,
0.004926215,0.0,0.9991903,0.05145645,3000.0,30.0,20,300.0,13587.445,8615.864,3883.7742,-5374.4985,105109.67,-90656.125,2810783.5,0.0,0.051414788,0.051414788,9.843441e-05,0.0003,13602.875,0.009488176822662354,1240.1512660980225,130000,,,,,,,,,,,,,,,,,,,,,,,
0.005230438,0.0,0.7453232,0.051096994,3000.0,30.0,20,300.0,6929.15,8477.435,3836.8457,-5581.225,5515.415,-5735.0137,298608.03,0.0,0.038083773,0.038083773,9.823391e-05,0.0003,6940.5806,0.009619808959960938,1288.2505626678467,135000,,,,,,,,,,,,,,,,,,,,,,,
0.0053458414,0.0,1.1273108,0.050435502,3000.0,30.0,20,300.0,19166.164,8913.985,3584.951,-5792.0435,33908.254,-38704.23,1075324.4,0.0,0.056856483,0.056856483,9.8021614e-05,0.0003,19183.227,0.009624382829666137,1336.3727395534515,140000,,,,,,,,,,,,,,,,,,,,,,,
0.0049985386,0.0,0.8381716,0.050798904,3000.0,30.0,20,300.0,24677.53,9085.499,3714.5894,-5987.4297,34359.23,-53819.152,885816.9,0.0,0.042578198,0.042578198,9.779754e-05,0.0003,24690.309,0.009694288539886475,1384.8444426059723,145000,,,,,,,,,,,,,,,,,,,,,,,
0.0049571106,0.0,0.6470089,0.049945544,3000.0,30.0,20,300.0,38863.188,9277.48,3441.184,-6139.393,101504.69,-101387.59,2187396.0,0.0,0.03231521,0.03231521,9.756177e-05,0.0003,38872.887,0.009506536626815797,1432.3773920536041,150000,,,,,,,,,,,,,,,,,,,,,,,
0.005238625,0.0,1.1006923,0.04793773,3000.0,30.0,20,300.0,10274.472,9341.105,3472.5564,-6369.7695,37942.008,-30893.625,753204.06,0.0,0.05276469,0.05276469,9.7314376e-05,0.0003,10290.306,0.009611750793457031,1480.4364113807678,155000,,,,,,,,,,,,,,,,,,,,,,,
0.0040201386,0.0,0.98505956,0.048129417,3000.0,30.0,20,300.0,12833.664,9360.795,3659.2322,-6587.7427,25118.867,-23632.76,604024.56,0.0,0.047410343,0.047410343,9.7055396e-05,0.0003,12847.891,0.00945126748085022,1527.6930048465729,160000,,,,,,,,,,,,,,,,,,,,,,,
0.004655504,0.0,1.0265913,0.047235083,3000.0,30.0,20,300.0,11321.123,9344.375,3643.7566,-6785.192,31211.426,-32004.48,501824.3,0.0,0.04849112,0.04849112,9.6784934e-05,0.0003,11335.675,0.009600460386276245,1575.6955449581146,165000,,,,,,,,,,,,,,,,,,,,,,,
0.005612723,0.0,0.7845378,0.046245594,3000.0,30.0,20,300.0,12213.678,9186.245,4060.2122,-7000.401,14356.917,-13553.783,496450.06,0.0,0.036281414,0.036281414,9.6503034e-05,0.0003,12224.568,0.009515730714797974,1623.274432182312,170000,,,,,,,,,,,,,,,,,,,,,,,
0.0034156207,0.0,0.95255405,0.044250567,3000.0,30.0,20,300.0,17252.5,9854.969,3469.1992,-6876.489,26116.969,-20733.285,737478.75,0.0,0.042151056,0.042151056,9.62098e-05,0.0003,17265.148,0.009255668020248414,1669.5530498027802,175000,,,,,,,,,,,,,,,,,,,,,,,
0.004310686,0.0,1.288445,0.044258278,3000.0,30.0,20,300.0,12089.223,11795.208,3956.5918,-7482.5767,9229.189,-9590.68,468709.8,0.0,0.057024352,0.057024352,9.59053e-05,0.0003,12106.334,0.009161660146713256,1715.3615686893463,180000,,,,,,,,,,,,,,,,,,,,,,,
0.0045157634,0.0,0.8608161,0.042628054,3000.0,30.0,20,300.0,9206.451,9577.698,3904.827,-7696.7524,14053.166,-8710.741,466463.7,0.0,0.036694914,0.036694914,9.558961e-05,0.0003,9217.465,0.009423685550689698,1762.4802119731903,185000,,,,,,,,,,,,,,,,,,,,,,,
0.005292186,0.0,1.0307809,0.041898258,3000.0,30.0,20,300.0,18101.885,12265.284,3935.022,-7944.3413,20315.38,-16853.453,615457.9,0.0,0.043187927,0.043187927,9.526282e-05,0.0003,18114.848,0.009160990381240845,1808.285372018814,190000,,,,,,,,,,,,,,,,,,,,,,,
0.005084689,0.0,0.9912673,0.042741396,3000.0,30.0,20,300.0,22190.84,12680.15,4021.4897,-8142.7007,28432.865,-25055.363,688584.5,0.0,0.042368148,0.042368148,9.4925024e-05,0.0003,22203.557,0.009408501291275025,1855.3280789852142,195000,,,,,,,,,,,,,,,,,,,,,,,
0.0043441914,0.0,0.8820246,0.041645456,3000.0,30.0,20,300.0,21041.748,12828.016,4183.914,-6333.0796,30653.945,-39299.355,1238394.5,0.0,0.036732316,0.036732316,9.457632e-05,0.0003,21052.771,0.009130895900726318,1900.982753753662,200000,,,,,,,,,,,,,,,,,,,,,,,
0.005638176,0.0,1.0452065,0.04160658,3000.0,30.0,20,300.0,14909.817,13096.767,3973.7847,-8602.451,8128.7886,-7717.484,546917.9,0.0,0.04348747,0.04348747,9.42168e-05,0.0003,14922.869,0.011526287698745728,1958.6144185066223,205000,,,,,,,,,,,,,,,,,,,,,,,
0.005453579,0.0,0.8267538,0.04131884,3000.0,30.0,20,300.0,21198.592,12748.799,4011.1272,-8595.532,14521.958,-16959.422,704439.75,0.0,0.03416051,0.03416051,9.384654e-05,0.0003,21208.846,0.008698397159576416,2002.1066188812256,210000,,,,,,,,,,,,,,,,,,,,,,,
0.003989962,0.0,1.0900763,0.040573057,3000.0,30.0,20,300.0,19487.42,12905.249,3911.68,-8166.7124,34805.484,-31691.033,1229216.5,0.0,0.044227727,0.044227727,9.346567e-05,0.0003,19500.691,0.009242524194717407,2048.319450855255,215000,,,,,,,,,,,,,,,,,,,,,,,
0.003755692,0.0,0.862352,0.04047562,3000.0,30.0,20,300.0,19015.693,14191.688,4103.0205,-7927.708,33956.758,-25133.057,999800.5,0.0,0.034904234,0.034904234,9.30743e-05,0.0003,19026.168,0.008852430629730224,2092.581800699234,220000,,,,,,,,,,,,,,,,,,,,,,,
0.0038291868,0.0,1.0227296,0.03855853,3000.0,30.0,20,300.0,33967.746,14362.9375,4504.045,-6278.6113,207420.64,-186824.95,3385785.5,0.0,0.039434955,0.039434955,9.267249e-05,0.0003,33979.582,0.00919400715827942,2138.5520346164703,225000,,,,,,,,,,,,,,,,,,,,,,,
0.004566172,0.0,1.4325827,0.03820641,3000.0,30.0,20,300.0,38799.28,14669.937,4531.4575,-5436.9175,43204.16,-42051.668,1665517.8,0.0,0.054733843,0.054733843,9.2260394e-05,0.0003,38815.707,0.008989254522323608,2183.4984974861145,230000,,,,,,,,,,,,,,,,,,,,,,,
0.0038351498,0.0,1.0513607,0.03762445,3000.0,30.0,20,300.0,28130.129,15267.045,4539.7236,-4267.404,65422.824,-88683.47,1466767.6,0.0,0.03955687,0.03955687,9.183811e-05,0.0003,28142.0,0.009167981672286987,2229.3385860919952,235000,,,,,,,,,,,,,,,,,,,,,,,
0.0041366275,0.0,1.145345,0.03815305,3000.0,30.0,20,300.0,27908.535,15358.259,4462.074,-3701.006,41083.566,-50522.855,1166384.2,0.0,0.0436984,0.0436984,9.1405775e-05,0.0003,27921.648,0.008976653051376344,2274.222038269043,240000,,,,,,,,,,,,,,,,,,,,,,,
0.0053976467,0.0,1.0065249,0.037205048,3000.0,30.0,20,300.0,16726.895,14590.455,4531.1377,-9028.461,27423.895,-24488.975,950359.5,0.0,0.03744781,0.03744781,9.0963455e-05,0.0003,16738.135,0.008911197662353515,2318.7782034873962,245000,,,,,,,,,,,,,,,,,,,,,,,
0.003857833,0.0,0.6767496,0.036294144,3000.0,30.0,20,300.0,66328.45,12914.683,4211.0093,-8477.195,488176.88,-476727.6,7344840.0,0.0,0.024562048,0.024562048,9.051133e-05,0.0003,66335.82,0.009065105199813843,2364.1039097309113,250000,,,,,,,,,,,,,,,,,,,,,,,
0.00420104,0.0,0.81655574,0.03612029,3000.0,30.0,20,300.0,34681.94,12207.898,4341.409,-1832.2334,98187.9,-78509.49,2771279.0,0.0,0.02949423,0.02949423,9.004948e-05,0.0003,34690.793,0.009001616048812866,2409.112164735794,255000,,,,,,,,,,,,,,,,,,,,,,,
0.004057019,0.0,0.97514886,0.03577824,3000.0,30.0,20,300.0,47510.168,16006.257,4562.5205,-2467.158,58053.254,-71964.38,1488246.4,0.0,0.03488911,0.03488911,8.9578054e-05,0.0003,47520.637,0.00899784951210022,2454.1015813350677,260000,,,,,,,,,,,,,,,,,,,,,,,
0.0061835535,0.0,1.1520057,0.03556329,3000.0,30.0,20,300.0,23123.104,17061.648,4203.9443,-8453.358,46411.06,-67917.76,1658588.9,0.0,0.04096911,0.04096911,8.909717e-05,0.0003,23135.4,0.008685550737380981,2497.5294942855835,265000,,,,,,,,,,,,,,,,,,,,,,,
0.0061736926,0.0,1.0977408,0.035488002,3000.0,30.0,20,300.0,30660.176,16326.122,3894.3315,-2005.7294,88457.195,-61505.26,1843503.2,0.0,0.038956627,0.038956627,8.860696e-05,0.0003,30671.87,0.008998710250854492,2542.5232059955597,270000,,,,,,,,,,,,,,,,,,,,,,,
0.0042555984,0.0,1.0336869,0.0345889,3000.0,30.0,20,300.0,31333.326,17342.729,4402.7646,-8488.147,24375.48,-35148.836,1101542.4,0.0,0.035754092,0.035754092,8.810758e-05,0.0003,31344.057,0.0088134850025177,2586.590826034546,275000,,,,,,,,,,,,,,,,,,,,,,,
0.003725566,0.0,1.2446603,0.03359823,3000.0,30.0,20,300.0,21294.096,17791.574,4202.795,-1298.2333,42974.81,-44505.0,1192062.2,0.0,0.04181838,0.04181838,8.759914e-05,0.0003,21306.645,0.008942020893096923,2631.3011133670807,280000,,,,,,,,,,,,,,,,,,,,,,,
0.0028742417,0.0,1.0721087,0.03457325,3000.0,30.0,20,300.0,18195.395,17058.66,4761.245,-1598.7509,36875.504,-50000.574,1192126.6,0.0,0.03706628,0.03706628,8.708179e-05,0.0003,18206.516,0.00870159330368042,2674.8092601299286,285000,,,,,,,,,,,,,,,,,,,,,,,
0.0035564841,0.0,1.1456718,0.03520106,3000.0,30.0,20,300.0,20637.305,13968.218,4188.4326,-10394.114,19099.379,-15165.962,791790.0,0.0,0.040328864,0.040328864,8.655565e-05,0.0003,20649.408,0.00885446810722351,2719.0817782878876,290000,,,,,,,,,,,,,,,,,,,,,,,
0.0034922676,0.0,0.8593018,0.035777327,3000.0,30.0,20,300.0,17846.975,17556.125,4657.589,-3159.2854,18723.377,-20600.006,793307.4,0.0,0.030743523,0.030743523,8.602091e-05,0.0003,17856.201,0.008755133819580077,2762.8576231002808,295000,,,,,,,,,,,,,,,,,,,,,,,
0.003275764,0.0,1.1124111,0.035231523,3000.0,30.0,20,300.0,53530.46,17594.004,4486.6772,-9005.965,81315.836,-79563.64,2504274.0,0.0,0.03919194,0.03919194,8.547767e-05,0.0003,53542.223,0.008849125862121582,2807.10342502594,300000,,,,,,,,,,,,,,,,,,,,,,,
0.0034297751,0.0,1.1217496,0.036248546,3000.0,30.0,20,300.0,23009.543,15991.61,4520.911,-10165.071,124423.11,-85182.19,1868830.6,0.0,0.040661793,0.040661793,8.49261e-05,0.0003,23021.746,0.011622546195983886,2865.216345310211,305000,,,,,,,,,,,,,,,,,,,,,,,
0.004372414,0.0,1.0339485,0.036341086,3000.0,30.0,20,300.0,45648.688,14024.824,4582.1675,-2727.6956,141187.22,-176489.6,3814191.0,0.0,0.037574813,0.037574813,8.436636e-05,0.0003,45659.965,0.008965505361557007,2910.04407453537,310000,,,,,,,,,,,,,,,,,,,,,,,
0.0026367742,0.0,0.7290564,0.036848128,3000.0,30.0,20,300.0,24278.588,17946.402,4745.9956,-1492.919,26580.566,-21259.203,1234044.1,0.0,0.026864365,0.026864365,8.3798586e-05,0.0003,24286.648,0.008966872310638427,2954.87863612175,315000,,,,,,,,,,,,,,,,,,,,,,,
0.004974876,0.0,1.0086951,0.036700044,3000.0,30.0,20,300.0,19597.611,15458.575,4534.964,-3157.8062,18524.568,-15289.095,865327.9,0.0,0.037019156,0.037019156,8.322294e-05,0.0003,19608.723,0.008907629156112672,2999.416978120804,320000,,,,,,,,,,,,,,,,,,,,,,,
0.0034390236,0.0,0.84798247,0.03607849,3000.0,30.0,20,300.0,38003.227,18105.002,4481.3037,-1440.9215,112901.336,-83899.34,2613084.0,0.0,0.030593926,0.030593926,8.263957e-05,0.0003,38012.41,0.009032239818572999,3044.5783789157867,325000,,,,,,,,,,,,,,,,,,,,,,,
0.0043553337,0.0,1.1299031,0.036044355,3000.0,30.0,20,300.0,21188.984,18315.697,4360.9263,-12357.744,27544.355,-21677.53,880126.6,0.0,0.04072663,0.04072663,8.2048646e-05,0.0003,21201.207,0.00914776177406311,3090.3173773288727,330000,,,,,,,,,,,,,,,,,,,,,,,
0.0029466744,0.0,0.81815904,0.035946384,3000.0,30.0,20,300.0,26502.004,14590.472,4197.948,-2595.877,63705.797,-49837.836,1843991.1,0.0,0.02940986,0.02940986,8.1450344e-05,0.0003,26510.83,0.008949590682983398,3135.0655167102814,335000,,,,,,,,,,,,,,,,,,,,,,,
0.004232588,0.0,0.74679613,0.03568578,3000.0,30.0,20,300.0,20102.227,14886.273,4024.3884,-1435.8323,29592.604,-20212.234,852170.75,0.0,0.026650004,0.026650004,8.0844795e-05,0.0003,20110.225,0.009294318532943725,3181.5373084545135,340000,,,,,,,,,,,,,,,,,,,,,,,
0.0029759486,0.0,0.81378746,0.034843523,3000.0,30.0,20,300.0,22451.453,13834.966,4187.002,-14112.062,128331.76,-114277.52,2357031.0,0.0,0.028355224,0.028355224,8.0232174e-05,0.0003,22459.963,0.00927912335395813,3227.9331209659576,345000,,,,,,,,,,,,,,,,,,,,,,,
0.0045320205,0.0,1.0716953,0.034159914,3000.0,30.0,20,300.0,35202.758,14229.367,4431.784,-4764.5757,71776.22,-29092.486,1556317.6,0.0,0.03660902,0.03660902,7.961267e-05,0.0003,35213.746,0.009371450519561767,3274.790561914444,350000,,,,,,,,,,,,,,,,,,,,,,,
0.0031958546,0.0,0.8727213,0.034482524,3000.0,30.0,20,300.0,29857.469,20665.066,4009.1614,-1561.8984,29030.502,-48442.863,1024859.4,0.0,0.030093633,0.030093633,7.898643e-05,0.0003,29866.5,0.00905457582473755,3320.0636315345764,355000,,,,,,,,,,,,,,,,,,,,,,,
0.0036737188,0.0,0.95903474,0.034563612,3000.0,30.0,20,300.0,23225.943,14731.066,3977.2588,-16068.34,24133.354,-34039.945,984979.2,0.0,0.033147704,0.033147704,7.835362e-05,0.0003,23235.89,0.009372527265548707,3366.926462173462,360000,,,,,,,,,,,,,,,,,,,,,,,
0.0032594963,0.0,0.8617693,0.03412958,3000.0,30.0,20,300.0,32016.277,15261.009,4143.4346,-14439.136,39001.098,-44852.613,1412495.2,0.0,0.029411823,0.029411823,7.7714445e-05,0.0003,32025.105,0.00917679533958435,3412.8106112480164,365000,,,,,,,,,,,,,,,,,,,,,,,
0.003467122,0.0,0.8506552,0.033781163,3000.0,30.0,20,300.0,18367.744,16925.967,4334.0605,-1486.4034,19897.234,-24837.242,819487.1,0.0,0.028736122,0.028736122,7.706907e-05,0.0003,18376.37,0.009336924076080323,3459.49542760849,370000,,,,,,,,,,,,,,,,,,,,,,,
0.0031291707,0.0,1.0981753,0.032872345,3000.0,30.0,20,300.0,20936.957,15804.534,3810.7285,-16465.404,45232.914,-125771.234,1322634.8,0.0,0.036099598,0.036099598,7.641764e-05,0.0003,20947.791,0.008860055828094482,3503.7958984375,375000,,,,,,,,,,,,,,,,,,,,,,,
0.0029728548,0.0,0.7192044,0.033471238,3000.0,30.0,20,300.0,20709.637,23651.443,4359.0327,-1417.839,33684.133,-29258.404,1126121.4,0.0,0.024072662,0.024072662,7.5760356e-05,0.0003,20716.863,0.009798122644424439,3552.7867155075073,380000,,,,,,,,,,,,,,,,,,,,,,,
0.004524666,0.0,1.2906152,0.032725576,3000.0,30.0,20,300.0,20719.234,14658.055,4165.034,-1326.8623,39206.49,-14648.275,834042.6,0.0,0.042236127,0.042236127,7.50974e-05,0.0003,20731.908,0.009505955457687378,3600.3166999816895,385000,,,,,,,,,,,,,,,,,,,,,,,
0.0028721946,0.0,0.83599526,0.032064255,3000.0,30.0,20,300.0,32056.854,24339.732,4379.1094,-7366.19,44968.0,-41585.07,1555347.5,0.0,0.026805567,0.026805567,7.442894e-05,0.0003,32064.896,0.009575853395462037,3648.1961538791656,390000,,,,,,,,,,,,,,,,,,,,,,,
0.0039039864,0.0,0.7867999,0.031168094,3000.0,30.0,20,300.0,24980.895,19728.645,4367.0117,-16999.95,46656.332,-53343.55,1366646.0,0.0,0.024523053,0.024523053,7.375519e-05,0.0003,24988.256,0.009265215253829956,3694.522432565689,395000,,,,,,,,,,,,,,,,,,,,,,,
0.0036669988,0.0,1.1180013,0.030225769,3000.0,30.0,20,300.0,21125.615,19181.574,4208.591,-1370.4247,23656.783,-23818.75,1064843.2,0.0,0.03379245,0.03379245,7.30763e-05,0.0003,21135.758,0.00945893201828003,3741.8172941207886,400000,,,,,,,,,,,,,,,,,,,,,,,
0.0033521417,0.0,1.5430754,0.029639859,3000.0,30.0,20,300.0,213566.58,15575.893,4484.4575,-16017.358,1034724.5,-627050.1,20318982.0,0.0,0.045736536,0.045736536,7.239246e-05,0.0003,213580.3,0.01219005274772644,3802.7677869796753,405000,,,,,,,,,,,,,,,,,,,,,,,
0.002953139,0.0,1.0416076,0.03014185,3000.0,30.0,20,300.0,52704.887,26339.752,4237.1455,-17524.9,118932.84,-71266.73,2578943.0,0.0,0.03139598,0.03139598,7.170388e-05,0.0003,52714.31,0.009562566804885864,3850.5808358192444,410000,,,,,,,,,,,,,,,,,,,,,,,
0.0035495213,0.0,0.76744425,0.030465363,3000.0,30.0,20,300.0,56454.29,16225.755,4465.096,-8642.438,523560.2,-465993.38,7974559.5,0.0,0.023380468,0.023380468,7.101073e-05,0.0003,56461.31,0.009764108991622925,3899.4016036987305,415000,,,,,,,,,,,,,,,,,,,,,,,
0.0029849864,0.0,0.802463,0.029354874,3000.0,30.0,20,300.0,126608.83,21726.709,4608.0396,-2725.0986,366127.62,-329770.1,9459933.0,0.0,0.023556199,0.023556199,7.0313195e-05,0.0003,126615.9,0.009535044288635254,3947.0770523548126,420000,,,,,,,,,,,,,,,,,,,,,,,
0.0025989464,0.0,1.5508865,0.029634198,3000.0,30.0,20,300.0,39244.613,14234.569,4112.2734,-5250.229,71704.586,-130523.734,2559197.0,0.0,0.04595928,0.04595928,6.961148e-05,0.0003,39258.406,0.009346886539459228,3993.811703681946,425000,,,,,,,,,,,,,,,,,,,,,,,
0.0027395706,0.0,1.0948198,0.03035207,3000.0,30.0,20,300.0,51642.44,28538.32,4660.8735,-17441.562,140866.48,-167233.9,3932969.5,0.0,0.033230048,0.033230048,6.890576e-05,0.0003,51652.414,0.009585252237319946,4041.7381842136383,430000,,,,,,,,,,,,,,,,,,,,,,,
0.0029126923,0.0,0.8639756,0.029719768,3000.0,30.0,20,300.0,19368.594,28321.787,4319.8687,-1570.1692,71739.266,-30877.266,1001549.0,0.0,0.025677152,0.025677152,6.8196256e-05,0.0003,19376.299,0.009566878700256347,4089.572806596756,435000,,,,,,,,,,,,,,,,,,,,,,,
0.003945587,0.0,1.0774759,0.029901356,3000.0,30.0,20,300.0,33806.85,16405.713,4235.0137,-22463.816,99425.555,-61705.383,1980976.6,0.0,0.032217987,0.032217987,6.748313e-05,0.0003,33816.52,0.009723742151260376,4138.191720247269,440000,,,,,,,,,,,,,,,,,,,,,,,
0.0027964222,0.0,1.148597,0.030242536,3000.0,30.0,20,300.0,31347.73,15973.557,4810.452,-3024.0586,48308.85,-49338.367,1350631.5,0.0,0.034736488,0.034736488,6.67666e-05,0.0003,31358.154,0.009590687322616576,4186.145330429077,445000,,,,,,,,,,,,,,,,,,,,,,,
0.0035425003,0.0,0.84452504,0.029809376,3000.0,30.0,20,300.0,29885.076,30207.854,4773.535,-16739.746,96241.62,-140502.1,2868938.0,0.0,0.025174763,0.025174763,6.604685e-05,0.0003,29892.633,0.00964063229560852,4234.348665714264,450000,,,,,,,,,,,,,,,,,,,,,,,
0.002966378,0.0,0.83617884,0.02939856,3000.0,30.0,20,300.0,15689.875,31195.564,4327.5615,-3479.203,17797.984,-17434.623,743869.5,0.0,0.024582455,0.024582455,6.5324086e-05,0.0003,15697.253,0.009600076246261597,4282.349212408066,455000,,,,,,,,,,,,,,,,,,,,,,,
0.0037156036,0.0,0.67925394,0.029139435,3000.0,30.0,20,300.0,41108.633,21482.617,4372.3164,-22529.287,60046.746,-73492.56,1760009.2,0.0,0.019793075,0.019793075,6.4598484e-05,0.0003,41114.574,0.009358336067199708,4329.141054391861,460000,,,,,,,,,,,,,,,,,,,,,,,
0.0023812242,0.0,1.075232,0.028246684,3000.0,30.0,20,300.0,28849.225,12788.337,3992.399,-9368.681,67899.23,-57776.14,1727262.8,0.0,0.030371739,0.030371739,6.387027e-05,0.0003,28858.338,0.00947539896965027,4376.518174409866,465000,,,,,,,,,,,,,,,,,,,,,,,
0.002957202,0.0,1.2149752,0.028692171,3000.0,30.0,20,300.0,32677.156,17454.719,3969.5103,-20440.629,241145.12,-285836.56,3285612.0,0.0,0.034860276,0.034860276,6.3139625e-05,0.0003,32687.62,0.00895260591506958,4421.281357765198,470000,,,,,,,,,,,,,,,,,,,,,,,
0.0030284096,0.0,0.9514224,0.028972546,3000.0,30.0,20,300.0,44796.203,23263.576,4555.0723,-14705.853,273883.12,-116440.83,3395720.5,0.0,0.02756513,0.02756513,6.2406754e-05,0.0003,44804.477,0.009004521512985229,4466.304095029831,475000,,,,,,,,,,,,,,,,,,,,,,,
0.002338449,0.0,1.0821817,0.028713493,3000.0,30.0,20,300.0,32569.8,26014.014,3822.6748,-17125.467,87974.664,-72723.49,1544183.6,0.0,0.031073216,0.031073216,6.167186e-05,0.0003,32579.125,0.009138185024261475,4511.995161771774,480000,,,,,,,,,,,,,,,,,,,,,,,
0.006935458,0.0,1.0093305,0.028885556,3000.0,30.0,20,300.0,48806.01,26644.762,4666.0605,-6524.496,176372.14,-150832.25,2920499.5,0.0,0.029155076,0.029155076,6.093515e-05,0.0003,48814.766,0.009238054513931275,4558.1855545043945,485000,,,,,,,,,,,,,,,,,,,,,,,
0.0035674642,0.0,0.9857925,0.028813077,3000.0,30.0,20,300.0,34641.57,22918.246,4613.993,-1123.6642,138867.47,-218531.77,2975468.2,0.0,0.028403716,0.028403716,6.0196806e-05,0.0003,34650.094,0.009628637886047363,4606.328867673874,490000,,,,,,,,,,,,,,,,,,,,,,,
0.0026757333,0.0,0.93996185,0.028632391,3000.0,30.0,20,300.0,39230.547,21477.541,4674.672,-1097.5892,40804.918,-41505.914,1338673.2,0.0,0.026913356,0.026913356,5.945705e-05,0.0003,39238.625,0.009567828750610352,4654.168130636215,495000,,,,,,,,,,,,,,,,,,,,,,,
0.0029488807,0.0,,,,,,,31264.668,20312.648,4693.5327,-15874.779,130470.44,-161443.05,2660060.5,,,,,,31828.738,0.014097540712356568,4724.655841112137,500000,0.9921875,0.25179037,545.30316,564.0697,0.17922008,0.0029488807,4688.291,18.763603,0.0,20.895403,20.895403,0.1,1.0,0.018929154,2.169571,5160.354,,,,,,,
0.00028857563,0.0,,,,,,,27727.172,19538.25,8924.748,102.75161,42246.168,-89928.36,1210563.9,,,,,,27765.049,0.016003791570663454,4804.674805879593,505000,0.2265625,0.011230469,33.289436,37.876503,0.15310133,0.00028857563,8983.016,4.586778,0.0,32.02493,32.02493,0.1,1.0,0.009988681,0.90729415,9252.216,,,,,,,
0.00048083998,0.0,,,,,,,25089.975,17332.521,10075.694,4505.328,44440.58,-15663.294,819775.1,,,,,,25091.346,0.011024155616760255,4859.7955894470215,510000,0.234375,0.01155599,0.37676507,1.3705809,0.44018805,0.00048083998,10146.225,0.99333495,0.0,18.612225,18.612225,0.1,1.0,0.005198556,0.40500367,9757.921,,,,,,,
0.00027007496,0.0,,,,,,,5040.101,14071.794,10394.482,-520.0678,3332.5146,-8457.401,178926.28,,,,,,5043.945,0.010924032020568847,4914.415755033493,515000,0.203125,0.009765625,3.549336,3.8437116,0.14686179,0.00027007496,10450.861,0.29410556,0.0,12.181381,12.181381,0.1,1.0,0.003147127,0.36811477,10549.614,,,,,,,
0.00027448658,0.0,,,,,,,5120.1416,11458.616,9680.848,167.51093,5951.595,-13489.181,267837.12,,,,,,5120.4834,0.010880515766143798,4968.818338871002,520000,0.3203125,0.017740887,0.10595025,0.34172863,0.09512329,0.00027448658,9711.646,0.23550391,0.0,6.9730854,6.9730854,0.1,1.0,0.0020517875,0.3861253,9655.649,,,,,,,
0.0001478658,0.0,,,,,,,1217.9763,10585.945,8889.102,6434.5854,2629.4563,-1596.7642,68253.695,,,,,,1218.6233,0.0106165207862854,5021.900947570801,525000,0.16796875,0.008463542,0.5822762,0.646967,0.12570393,0.0001478658,8916.682,0.06454287,0.0,3.731945,3.731945,0.1,1.0,0.0007457006,0.35597035,8800.418,,,,,,,
7.610136e-05,0.0,,,,,,,1536.6428,10095.771,8063.8447,5006.162,1141.0707,-1548.1921,57920.73,,,,,,1536.7777,0.010816800928115844,5075.984956979752,530000,0.15234375,0.0073242188,0.064642936,0.13490614,0.052814722,7.610136e-05,8091.6245,0.07018711,0.0,5.1453447,5.1453447,0.1,1.0,0.0011863731,0.3369269,8215.086,,,,,,,
5.629847e-05,0.0,,,,,,,1814.581,9515.417,7871.0776,-244.13385,1136.0803,-2352.7485,57342.203,,,,,,1815.7572,0.01064339771270752,5129.201950311661,535000,0.10546875,0.004557292,1.0978942,1.1761827,0.08326268,5.629847e-05,7899.1553,0.07823227,0.0,5.5132165,5.5132165,0.1,1.0,0.0012184638,0.41828066,7806.17,,,,,,,
0.00015494003,0.0,,,,,,,1303.9163,9806.004,7575.691,5411.3467,1210.5847,-1575.1381,61936.74,,,,,,1354.1509,0.010697489738464355,5182.689403772354,540000,0.16015625,0.0087890625,50.147564,50.23467,0.08713138,0.00015494003,7610.2896,0.08694993,0.0,7.2190614,7.2190614,0.1,1.0,0.0015573285,0.36212665,7573.574,,,,,,,
9.8347766e-05,0.0,,,,,,,821.47375,9495.321,7521.323,5174.215,686.27637,-1065.6283,38499.56,,,,,,823.06573,0.010685668277740479,5236.1177496910095,545000,0.203125,0.010091146,1.52019,1.591992,0.05933678,9.8347766e-05,7551.5957,0.071703695,0.0,6.2107573,6.2107573,0.1,1.0,0.0021402035,0.35186315,7524.455,,,,,,,
5.9059646e-05,0.0,,,,,,,1342.125,9198.874,7287.0146,3939.3389,1420.8721,-1415.4141,42877.07,,,,,,1343.2378,0.01068452672958374,5289.5403888225555,550000,0.140625,0.0068359375,1.0378659,1.112805,0.0346967,5.9059646e-05,7323.673,0.07488009,0.0,7.074229,7.074229,0.1,1.0,0.0013850585,0.37866187,7586.121,,,,,,,
0.00013290024,0.0,,,,,,,853.9961,9036.81,7123.7944,-95.20915,935.5859,-700.75806,32566.12,,,,,,867.309,0.010797403860092163,5343.527412891388,555000,0.2265625,0.01171875,13.220428,13.312946,0.089674234,0.00013290024,7152.7207,0.09238495,0.0,7.065301,7.065301,0.1,1.0,0.0017481338,0.39048964,7231.043,,,,,,,
5.4954766e-05,0.0,,,,,,,935.6349,9641.595,6889.076,3488.2522,1358.0785,-627.0266,36229.49,,,,,,937.0446,0.010654495334625244,5396.799894571304,560000,0.10546875,0.0048828125,1.3459957,1.4097059,0.03225994,5.4954766e-05,6920.207,0.06365524,0.0,5.4196,5.4196,0.1,1.0,0.0010747456,0.3635494,7105.56,,,,,,,
8.11973e-05,0.0,,,,,,,881.7379,8329.958,6920.4546,4164.363,1310.1003,-646.06464,37082.785,,,,,,881.90454,0.010635833358764649,5449.979066610336,565000,0.2109375,0.010091146,0.073443934,0.16662717,0.03421247,8.11973e-05,6951.788,0.09310204,0.0,4.5237093,4.5237093,0.1,1.0,0.001484779,0.4228855,6934.334,,,,,,,
5.4519955e-05,0.0,,,,,,,1462.6122,8820.058,6877.4863,4619.738,1119.8239,-1025.0502,54796.723,,,,,,1463.0579,0.010572358226776123,5502.840863227844,570000,0.11328125,0.0053710938,0.34679335,0.4456755,0.035945415,5.4519955e-05,6910.246,0.09882762,0.0,8.187483,8.187483,0.1,1.0,0.0023445121,0.3939529,6802.9424,,,,,,,
4.1130388e-05,0.0,,,,,,,1451.5499,9822.803,7081.8965,4314.013,613.98083,-771.5199,41840.766,,,,,,1451.8982,0.010741302824020386,5556.5473828315735,575000,0.07421875,0.0035807292,0.23594509,0.3483263,0.04775083,4.1130388e-05,7127.948,0.11234008,0.0,7.0873346,7.0873346,0.1,1.0,0.0020029421,0.44603205,7092.961,,,,,,,
3.159025e-05,0.0,,,,,,,1386.3235,9796.985,7320.589,4486.777,1191.4333,-1913.1853,66781.375,,,,,,1386.7827,0.010647758483886719,5609.786180734634,580000,0.08203125,0.00390625,0.34401792,0.459254,0.03477502,3.159025e-05,7359.992,0.115204476,0.0,11.000195,11.000195,0.1,1.0,0.0019276711,0.388685,7090.604,,,,,,,
4.355394e-05,0.0,,,,,,,1304.3547,10207.135,7222.9814,-176.15242,1259.8873,-892.8496,43547.438,,,,,,1304.6145,0.010647224855422974,5663.022310256958,585000,0.0859375,0.00390625,0.16589597,0.25976998,0.036360502,4.355394e-05,7262.256,0.093830466,0.0,8.54689,8.54689,0.1,1.0,0.0013487978,0.34297365,7256.131,,,,,,,
6.416596e-05,0.0,,,,,,,1488.8447,9156.582,7289.938,5131.0586,2084.069,-1026.6002,55648.086,,,,,,1489.1138,0.010630980157852172,5716.177216053009,590000,0.17578125,0.008138021,0.089479946,0.26907858,0.055162787,6.416596e-05,7327.834,0.17953447,0.0,5.9209623,5.9209623,0.1,1.0,0.0016343673,0.45247924,7342.949,,,,,,,
9.445231e-05,0.0,,,,,,,1448.5254,10579.322,7189.4097,107.340004,2318.0117,-1592.6158,49796.88,,,,,,1448.767,0.010643238258361816,5769.393413066864,595000,0.16796875,0.008463542,0.12719363,0.24157463,0.07093406,9.445231e-05,7221.4443,0.11428654,0.0,5.3210692,5.3210692,0.1,1.0,0.0021104044,0.39285168,7396.1953,,,,,,,
6.589852e-05,0.0,,,,,,,1438.0979,9860.711,7072.0244,264.67072,822.1712,-843.68024,40529.4,,,,,,1440.9025,0.01065065245628357,5822.646681308746,600000,0.08984375,0.004557292,2.65314,2.8045301,0.05596149,6.589852e-05,7107.451,0.15132426,0.0,8.816333,8.816333,0.1,1.0,0.002118424,0.35874236,7339.127,,,,,,,
4.8933765e-05,0.0,,,,,,,963.44086,9083.006,6999.376,4908.094,1038.1315,-1880.4509,38075.094,,,,,,963.61975,0.013205352783203126,5888.673451423645,605000,0.11328125,0.0055338545,0.13613126,0.17889655,0.030109167,4.8933765e-05,7028.035,0.042716347,0.0,6.1600566,6.1600566,0.1,1.0,0.0012876247,0.35485542,7176.597,,,,,,,
5.1580857e-05,0.0,,,,,,,911.037,9177.892,6935.6055,-20.608904,766.37805,-707.08636,33279.336,,,,,,911.19104,0.01093541293144226,5943.350522994995,610000,0.1328125,0.0060221357,0.08479142,0.15402313,0.055693507,5.1580857e-05,6967.099,0.069180116,0.0,5.5123463,5.5123463,0.1,1.0,0.0019962625,0.43250796,7029.084,,,,,,,
6.937451e-05,0.0,,,,,,,775.0283,8894.7295,6937.455,4298.307,706.0954,-1008.2089,31180.438,,,,,,775.17566,0.010884663105010987,5997.773844003677,615000,0.16796875,0.0074869795,0.06874045,0.1473411,0.06971693,6.937451e-05,6969.235,0.07853127,0.0,5.2543902,5.2543902,0.1,1.0,0.0018026179,0.39103538,6898.8423,,,,,,,
0.000110845045,0.0,,,,,,,1066.4866,8697.066,6905.6304,4957.816,729.57935,-997.28125,33847.27,,,,,,1067.2374,0.010901177501678468,6052.279739379883,620000,0.1953125,0.008951823,0.68066806,0.7509067,0.08691251,0.000110845045,6934.359,0.070127815,0.0,5.7638264,5.7638264,0.1,1.0,0.0014057677,0.41991758,6863.619,,,,,,,
4.5364082e-05,0.0,,,,,,,880.0329,8514.967,6802.3525,43.963787,1809.6426,-1187.926,40011.496,,,,,,880.2291,0.01083044695854187,6106.431980609894,625000,0.08984375,0.00390625,0.07173249,0.19623202,0.043249488,4.5364082e-05,6828.2827,0.12445416,0.0,6.3603907,6.3603907,0.1,1.0,0.0083591025,0.36832494,6482.988,,,,,,,
9.205515e-05,0.0,,,,,,,786.30365,8289.839,6558.9272,3145.79,1356.2532,-1722.1243,36701.18,,,,,,789.3386,0.010757430982589722,6160.219142198563,630000,0.19921875,0.011067709,2.9776025,3.0349793,0.038042665,9.205515e-05,6589.553,0.057284784,0.0,5.372313,5.372313,0.1,1.0,0.0017581347,0.3381728,6499.977,,,,,,,
5.018882e-05,0.0,,,,,,,871.56006,8613.854,6557.199,3383.6487,492.73413,-733.32135,34341.066,,,,,,871.69885,0.010746324348449706,6213.950769662857,635000,0.14453125,0.0066731772,0.095770344,0.13878876,0.025435567,5.018882e-05,6585.3833,0.042968225,0.0,3.9941695,3.9941695,0.1,1.0,0.0013850643,0.45997736,6643.2876,,,,,,,
5.9729966e-05,0.0,,,,,,,1227.595,8556.004,6642.1763,-133.81505,915.0662,-2112.648,49622.41,,,,,,1227.7534,0.010738411045074463,6267.642830848694,640000,0.1015625,0.0048828125,0.095199846,0.15848696,0.042998314,5.9729966e-05,6679.6514,0.063227385,0.0,4.5592556,4.5592556,0.1,1.0,0.0050549055,0.35680664,6355.52,,,,,,,
6.56676e-05,0.0,,,,,,,1304.0653,8757.83,6640.073,3613.8533,4249.5312,-1260.1222,69366.99,,,,,,1304.2616,0.010706035470962525,6321.1730144023895,645000,0.171875,0.008138021,0.14132512,0.19631834,0.04245019,6.56676e-05,6668.0254,0.054927558,0.0,5.1643143,5.1643143,0.1,1.0,0.0024470387,0.36830196,6721.1562,,,,,,,
4.1432642e-05,0.0,,,,,,,765.13135,9343.337,6545.4062,120.88669,659.3047,-575.0701,33095.844,,,,,,765.3634,0.010678177642822266,6374.563908100128,650000,0.1484375,0.0071614585,0.15116365,0.23205715,0.020730615,4.1432642e-05,6571.2397,0.080852084,0.0,5.5824823,5.5824823,0.1,1.0,0.008019592,0.3414945,6450.8447,,,,,,,
0.000109106826,0.0,,,,,,,857.09357,8833.584,6326.9316,3428.7144,1044.7566,-756.32874,33748.082,,,,,,857.2901,0.01069251675605774,6428.0264980793,655000,0.23046875,0.011067709,0.14110778,0.19653869,0.036535263,0.000109106826,6356.286,0.055321794,0.0,5.954384,5.954384,0.1,1.0,0.0015973295,0.34616756,6574.3955,,,,,,,
2.3264633e-05,0.0,,,,,,,574.74005,8410.445,6267.7456,2591.7498,566.24677,-650.1317,21974.164,,,,,,574.9132,0.010659570217132569,6481.3243544101715,660000,0.05859375,0.0026041667,0.07589255,0.1731568,0.0264287,2.3264633e-05,6291.6133,0.097240984,0.0,3.843917,3.843917,0.1,1.0,0.001203403,0.35086727,6387.126,,,,,,,
4.97478e-05,0.0,,,,,,,654.9048,8204.806,6323.167,3322.9595,481.15958,-439.3531,25419.102,,,,,,655.4577,0.010760913276672363,6535.1289258003235,665000,0.1328125,0.005859375,0.472512,0.5529308,0.03404081,4.97478e-05,6352.0117,0.08036901,0.0,6.0512486,6.0512486,0.1,1.0,0.0022147137,0.34051272,6572.356,,,,,,,
8.12344e-05,0.0,,,,,,,547.9332,7952.722,6214.6133,3256.0679,815.6609,-495.8756,26597.484,,,,,,548.08215,0.010681465578079224,6588.536258935928,670000,0.10546875,0.0048828125,0.103250585,0.14892676,0.109838724,8.12344e-05,6239.381,0.045594938,0.0,4.1409717,4.1409717,0.1,1.0,0.00126506,0.34459883,6215.807,,,,,,,
4.4781464e-05,0.0,,,,,,,585.63135,7918.793,6263.666,3382.3506,1124.6492,-481.4194,27968.895,,,,,,585.742,0.010548227262496948,6641.277401685715,675000,0.11328125,0.0052083335,0.06539569,0.11063797,0.054564238,4.4781464e-05,6287.67,0.0451975,0.0,3.699285,3.699285,0.1,1.0,0.0015336277,0.4144625,6210.785,,,,,,,
2.3390614e-05,0.0,,,,,,,561.07153,7749.653,6263.324,2837.088,445.33994,-779.8778,23579.27,,,,,,561.9859,0.010686789178848266,6694.711352586746,680000,0.08203125,0.0037434897,0.83903503,0.9143946,0.030991912,2.3390614e-05,6286.6377,0.07533625,0.0,6.8596716,6.8596716,0.1,1.0,0.001278335,0.33254158,6307.4775,,,,,,,
6.177049e-05,0.0,,,,,,,551.305,8615.028,6266.431,-45.812504,782.9438,-588.88403,27837.732,,,,,,551.4745,0.010784241819381713,6748.632567405701,685000,0.140625,0.0066731772,0.097310536,0.16947286,0.03631103,6.177049e-05,6295.759,0.072100565,0.0,4.8311186,4.8311186,0.1,1.0,0.0016722516,0.40036398,6167.8926,,,,,,,
8.776885e-05,0.0,,,,,,,821.4192,8773.115,6306.0527,122.638405,2280.088,-546.4634,38159.953,,,,,,914.0032,0.010664975261688232,6801.957449436188,690000,0.171875,0.008300781,92.492645,92.58398,0.15583599,8.776885e-05,6338.316,0.09123966,0.0,6.6456156,6.6456156,0.1,1.0,0.0029556535,0.38381228,6399.628,,,,,,,
3.9390987e-05,0.0,,,,,,,1147.2773,8563.452,6564.086,-100.23833,1142.373,-1370.4679,50260.125,,,,,,1147.4907,0.010661428833007813,6855.264599561691,695000,0.1171875,0.0048828125,0.12241441,0.2134309,0.032685995,3.9390987e-05,6596.365,0.090977095,0.0,5.5630445,5.5630445,0.1,1.0,0.0017545223,0.3944976,6902.37,,,,,,,
5.6197558e-05,0.0,,,,,,,925.6511,8344.238,6414.4326,4169.984,425.90936,-539.0973,27713.633,,,,,,925.8461,0.01068625349998474,6908.695872783661,700000,0.12890625,0.0068359375,0.11072302,0.19499217,0.02961111,5.6197558e-05,6443.593,0.08421295,0.0,6.3043756,6.3043756,0.1,1.0,0.0017595912,0.41022068,6363.1064,,,,,,,
9.6982156e-05,0.0,,,,,,,919.751,8060.8677,6568.444,437.6276,746.22064,-876.14453,32369.49,,,,,,919.95294,0.012990564012527466,6973.648698568344,705000,0.171875,0.008463542,0.13010228,0.20194714,0.048560977,9.6982156e-05,6602.541,0.071747884,0.0,4.7255945,4.7255945,0.1,1.0,0.0017607068,0.35099024,6444.757,,,,,,,
4.8460828e-05,0.0,,,,,,,661.44495,8440.914,6543.279,12.945148,1209.4008,-817.8047,32220.934,,,,,,661.66095,0.01084728879928589,7027.885149002075,710000,0.12890625,0.0053710938,0.043728314,0.21598569,0.061843514,4.8460828e-05,6572.5674,0.1722089,0.0,6.597327,6.597327,0.1,1.0,0.0014580277,0.39564428,6486.606,,,,,,,
9.513943e-05,0.0,,,,,,,572.2396,7847.7363,6385.529,3564.2515,1007.505,-1645.8936,36386.84,,,,,,572.33093,0.010621092510223388,7080.990617275238,715000,0.203125,0.010904948,0.048958883,0.09132548,0.061112046,9.513943e-05,6417.75,0.042271458,0.0,5.3543024,5.3543024,0.1,1.0,0.0013940581,0.40519392,6595.0737,,,,,,,
4.5230634e-05,0.0,,,,,,,661.3016,7911.8354,6280.657,-1.3897523,390.22638,-532.79156,20748.818,,,,,,661.4448,0.010707443809509278,7134.527842283249,720000,0.06640625,0.0032552085,0.089246176,0.14325868,0.10119605,4.5230634e-05,6302.7,0.053967267,0.0,4.5110397,4.5110397,0.1,1.0,0.0011697023,0.43734157,6428.37,,,,,,,
2.5478541e-05,0.0,,,,,,,522.6686,7881.764,6178.6924,194.70734,854.67365,-410.1955,24288.008,,,,,,522.7801,0.010678706455230712,7187.921380519867,725000,0.07421875,0.0035807292,0.062502936,0.11150928,0.023006916,2.5478541e-05,6207.6855,0.04898086,0.0,3.7663589,3.7663589,0.1,1.0,0.0019246328,0.3700077,6051.6772,,,,,,,
8.420078e-05,0.0,,,,,,,528.1695,8100.593,6205.4146,2015.8673,333.20074,-502.74863,25841.836,,,,,,528.2888,0.0108529128074646,7242.185950756073,730000,0.203125,0.010091146,0.08395128,0.11934953,0.07685542,8.420078e-05,6231.1196,0.035314053,0.0,5.534676,5.534676,0.1,1.0,0.0011643321,0.38332522,6251.542,,,,,,,
9.728571e-05,0.0,,,,,,,1019.9745,8314.838,6310.615,1809.3524,1865.3832,-633.5175,46248.336,,,,,,1020.1721,0.011825805377960205,7301.314982891083,735000,0.20703125,0.010416667,0.11691785,0.19761154,0.08877206,9.728571e-05,6349.3174,0.0805964,0.0,6.1085086,6.1085086,0.1,1.0,0.0019296214,0.33454198,6572.471,,,,,,,
4.2883563e-05,0.0,,,,,,,824.1426,8118.8687,6473.371,2327.6948,727.9189,-1164.8333,31657.32,,,,,,824.322,0.011654782676696777,7359.58890247345,740000,0.09765625,0.0048828125,0.09316393,0.1794183,0.053574443,4.2883563e-05,6502.836,0.08621149,0.0,4.675461,4.675461,0.1,1.0,0.0014130613,0.3409128,6429.3022,,,,,,,
3.574065e-05,0.0,,,,,,,962.9857,8277.455,6494.2734,2200.2131,1042.1936,-493.1868,30243.994,,,,,,963.2265,0.011620902252197265,7417.693419218063,745000,0.1015625,0.004557292,0.123819396,0.24078558,0.040132284,3.574065e-05,6527.5444,0.11693045,0.0,6.9921575,6.9921575,0.1,1.0,0.0028043909,0.44373888,6327.4434,,,,,,,
6.824131e-05,0.0,,,,,,,846.60077,8014.463,6324.6377,2655.3982,1420.5823,-1937.8394,39375.33,,,,,,850.84033,0.01164370698928833,7475.9119601249695,750000,0.1640625,0.0078125,4.127736,4.239558,0.035015106,6.824131e-05,6353.557,0.11175402,0.0,5.341565,5.341565,0.1,1.0,0.0013687895,0.37092814,6066.3184,,,,,,,
2.862967e-05,0.0,,,,,,,815.5064,8109.001,6350.3438,2994.2163,1258.9307,-1134.8347,38442.902,,,,,,815.68823,0.011620843839645385,7534.016185283661,755000,0.0859375,0.00390625,0.115816295,0.18183996,0.023031473,2.862967e-05,6379.3447,0.06599503,0.0,4.6720533,4.6720533,0.1,1.0,0.0015965467,0.3278482,6462.7188,,,,,,,
6.997473e-05,0.0,,,,,,,2803.029,8107.658,6323.496,-88.98867,7969.3027,-3827.4302,153091.11,,,,,,2803.2021,0.011610541820526123,7592.068900823593,760000,0.14453125,0.006998698,0.10972174,0.17318144,0.04225588,6.997473e-05,6348.8774,0.06338972,0.0,5.3786545,5.3786545,0.1,1.0,0.0013210003,0.40382695,6373.4785,,,,,,,
4.7715304e-05,0.0,,,,,,,944.824,8518.545,6351.4893,3123.261,754.51886,-728.61163,39515.98,,,,,,945.012,0.01165090970993042,7650.323453903198,765000,0.1328125,0.0056966147,0.114571385,0.18805905,0.03500235,4.7715304e-05,6383.193,0.07343995,0.0,5.9611697,5.9611697,0.1,1.0,0.0020099701,0.3532946,6312.4595,,,,,,,
2.4712199e-05,0.0,,,,,,,641.93713,8209.162,6489.699,-65.79168,1007.21936,-1463.476,35633.92,,,,,,1074.6769,0.011621967124938964,7708.43329501152,770000,0.0859375,0.0037434897,432.64838,432.73978,0.03054154,2.4712199e-05,6513.6514,0.0913804,0.0,7.285682,7.285682,0.1,1.0,0.0015899724,0.4014365,6326.351,,,,,,,
6.351878e-05,0.0,,,,,,,595.74634,7928.58,6483.0527,3302.5696,337.44397,-545.1787,27636.598,,,,,,595.9539,0.011618446397781371,7766.525532484055,775000,0.1953125,0.009277344,0.12524997,0.2075525,0.030621052,6.351878e-05,6506.578,0.082239,0.0,5.0113893,5.0113893,0.1,1.0,0.0016648975,0.41136062,6612.3374,,,,,,,
5.272159e-06,0.0,,,,,,,431.03732,7954.6426,6395.877,3495.4502,645.353,-663.4339,22863.516,,,,,,431.24997,0.011710245990753173,7825.076767444611,780000,0.04296875,0.0021158855,0.1333749,0.21264344,0.005379319,5.272159e-06,6421.9463,0.07926327,0.0,5.5736866,5.5736866,0.1,1.0,0.0018360878,0.3323037,6556.7046,,,,,,,
6.193169e-05,0.0,,,,,,,758.2273,8787.671,6466.7085,508.70688,469.76312,-2160.181,31768.312,,,,,,758.4212,0.011632753896713257,7883.240541934967,785000,0.16796875,0.008300781,0.11877452,0.19393115,0.030058146,6.193169e-05,6492.583,0.0750947,0.0,4.076992,4.076992,0.1,1.0,0.001800963,0.41576952,6364.2207,,,,,,,
9.463285e-05,0.0,,,,,,,791.8616,8368.048,6346.1753,-58.90193,497.7843,-579.0077,25895.656,,,,,,794.72424,0.011627723932266236,7941.3791670799255,790000,0.23046875,0.011881511,2.7832096,2.8626444,0.056806684,9.463285e-05,6376.915,0.07934016,0.0,4.877957,4.877957,0.1,1.0,0.0014840795,0.4185291,6592.561,,,,,,,
1.5652953e-05,0.0,,,,,,,475.11188,7885.712,6539.0625,3506.6846,788.5731,-493.8794,28873.18,,,,,,517.73615,0.011610898780822753,7999.433665752411,795000,0.046875,0.001953125,42.55683,42.624268,0.019672036,1.5652953e-05,6562.878,0.06742227,0.0,3.8517702,3.8517702,0.1,1.0,0.0012799109,0.4314817,6616.7026,,,,,,,
4.8910773e-05,0.0,,,,,,,587.0016,7866.7183,6333.1074,-99.168335,641.82214,-378.1751,23559.738,,,,,,587.23395,0.011634493064880371,8057.606135845184,800000,0.13671875,0.006510417,0.14633363,0.23238415,0.048686862,4.8910773e-05,6361.3906,0.0860016,0.0,5.0298247,5.0298247,0.1,1.0,0.0014204362,0.34094116,6497.9443,,,,,,,
2.7628286e-05,0.0,,,,,,,682.5867,7631.5024,6287.6753,2712.606,906.5147,-494.73468,29500.69,,,,,,682.80273,0.013938363790512085,8127.297960996628,805000,0.0703125,0.0032552085,0.15750213,0.21608828,0.025711417,2.7628286e-05,6313.2354,0.058558524,0.0,8.147108,8.147108,0.1,1.0,0.0017829702,0.38569683,6342.0234,,,,,,,
6.296715e-05,0.0,,,,,,,548.7859,7694.2305,6186.122,2103.8557,284.1194,-619.33386,21573.334,,,,,,548.8969,0.011489052629470826,8184.743229866028,810000,0.16015625,0.0076497397,0.06907018,0.11099676,0.05172944,6.296715e-05,6214.2666,0.041863613,0.0,4.28934,4.28934,0.1,1.0,0.001193293,0.39006302,6340.71,,,,,,,
5.6614634e-05,0.0,,,,,,,591.77484,7590.3975,5952.948,1614.6832,1297.6431,-794.47296,27923.719,,,,,,593.8348,0.011626615715026855,8242.87631392479,815000,0.09375,0.004231771,2.0132484,2.0599368,0.106451154,5.6614634e-05,5976.6577,0.04663181,0.0,4.562379,4.562379,0.1,1.0,0.001602167,0.42305875,5889.692,,,,,,,
3.5638244e-05,0.0,,,,,,,627.98224,7662.405,5978.8467,706.6776,624.14905,-959.86975,27261.07,,,,,,628.5122,0.011626484727859498,8301.008742332458,820000,0.1015625,0.005045573,0.27321422,0.5299637,0.0246377,3.5638244e-05,6007.1743,0.2567138,0.0,6.2911344,6.2911344,0.1,1.0,0.0021629285,0.3901566,6068.9727,,,,,,,
2.2497476e-05,0.0,,,,,,,491.6157,7988.1714,6152.7656,45.061577,345.5598,-809.42554,25153.764,,,,,,491.94183,0.011635227823257446,8359.18488740921,825000,0.09765625,0.0047200522,0.28927135,0.32613268,0.015162706,2.2497476e-05,6178.1934,0.036838822,0.0,4.0741973,4.0741973,0.1,1.0,0.001346403,0.4163148,5842.2783,,,,,,,
3.5544315e-05,0.0,,,,,,,447.36264,7714.561,6120.4805,3503.3123,341.25992,-1815.8499,25039.102,,,,,,448.8418,0.011637484121322633,8417.372312784195,830000,0.109375,0.0047200522,1.4161624,1.4791569,0.027825713,3.5544315e-05,6142.319,0.06295897,0.0,5.226166,5.226166,0.1,1.0,0.0012964195,0.37966248,6097.8613,,,,,,,
5.2270538e-05,0.0,,,,,,,620.0354,7804.6665,6100.838,-64.69114,283.90686,-651.1488,21505.684,,,,,,620.1653,0.011635486364364624,8475.549750566483,835000,0.140625,0.006998698,0.068505906,0.12988997,0.054025173,5.2270538e-05,6125.3135,0.06133178,0.0,5.3058205,5.3058205,0.1,1.0,0.0026135384,0.37079287,5890.4946,,,,,,,
4.1153264e-05,0.0,,,,,,,557.0215,7641.215,6163.2466,223.38316,342.3872,-311.64285,19704.844,,,,,,557.14435,0.011735117149353028,8534.22534275055,840000,0.06640625,0.0032552085,0.06851648,0.122843154,0.09650242,4.1153264e-05,6184.862,0.054285526,0.0,4.5188236,4.5188236,0.1,1.0,0.0013263158,0.41756353,6109.412,,,,,,,
3.5256886e-05,0.0,,,,,,,572.0781,7725.249,6113.0684,1905.6443,427.6692,-810.5206,20736.861,,,,,,572.2449,0.011649557876586914,8592.473138093948,845000,0.1171875,0.0056966147,0.10337206,0.1667773,0.031422615,3.5256886e-05,6140.629,0.06336998,0.0,5.065327,5.065327,0.1,1.0,0.0013556106,0.3415879,6349.58,,,,,,,
5.8623576e-05,0.0,,,,,,,446.29837,7786.483,5901.632,5.588071,400.10638,-785.14874,18568.629,,,,,,446.45605,0.011653937005996704,8650.742828845978,850000,0.171875,0.0078125,0.07792577,0.15767004,0.040122032,5.8623576e-05,5929.3984,0.07968564,0.0,5.626214,5.626214,0.1,1.0,0.0012983001,0.42438108,5981.9126,,,,,,,
6.2336316e-05,0.0,,,,,,,642.8413,7785.2007,6138.9756,-663.9789,377.40445,-1215.0762,25189.223,,,,,,642.9753,0.011567822742462158,8708.581947803497,855000,0.15625,0.0074869795,0.07725991,0.1339718,0.06912422,6.2336316e-05,6163.63,0.05664955,0.0,4.980885,4.980885,0.1,1.0,0.001843786,0.32277817,6026.199,,,,,,,
8.486883e-05,0.0,,,,,,,466.35828,7966.606,5956.9272,2611.3447,802.4116,-283.3064,19301.648,,,,,,466.48035,0.01174542565345764,8767.309082746506,860000,0.10546875,0.0048828125,0.08500054,0.12206824,0.23024893,8.486883e-05,5982.534,0.036982834,0.0,3.85455,3.85455,0.1,1.0,0.001929669,0.40086827,6052.0576,,,,,,,
2.8741624e-05,0.0,,,,,,,571.06976,7587.341,5895.2812,-79.19947,486.28302,-976.90576,23765.717,,,,,,573.85767,0.011651079750061036,8825.564487457275,865000,0.05859375,0.0029296875,2.7236583,2.787923,0.07509518,2.8741624e-05,5915.6494,0.06423599,0.0,3.9132657,3.9132657,0.1,1.0,0.0013375711,0.38173884,5955.577,,,,,,,
6.605984e-05,0.0,,,,,,,704.981,7866.097,5993.8467,5.2911515,538.4808,-805.8346,25355.14,,,,,,880.2219,0.011673736238479615,8883.9331741333,870000,0.15625,0.0073242188,175.10104,175.24089,0.052623034,6.605984e-05,6021.2114,0.13977815,0.0,6.833915,6.833915,0.1,1.0,0.0017384182,0.3919629,5748.295,,,,,,,
3.67822e-05,0.0,,,,,,,816.2323,8077.0703,6066.6104,108.97242,1475.9397,-361.1081,28960.371,,,,,,818.0178,0.011673594808578491,8942.301152944565,875000,0.12109375,0.0056966147,1.6600657,1.7855003,0.024275422,3.67822e-05,6094.0303,0.12539785,0.0,5.718507,5.718507,0.1,1.0,0.0019119933,0.43255532,6036.1875,,,,,,,
7.5179734e-05,0.0,,,,,,,4470.5073,8623.901,6107.0166,823.8391,34668.55,-46830.812,533318.75,,,,,,4475.111,0.011637142515182495,9000.486871480942,880000,0.10546875,0.0048828125,4.5570016,4.6035724,0.30597174,7.5179734e-05,6140.7627,0.046495333,0.0,5.107868,5.107868,0.1,1.0,0.001763142,0.3703544,5931.258,,,,,,,
7.865572e-05,0.0,,,,,,,930.41187,8413.594,6201.83,66.52087,1165.268,-1139.5588,36758.11,,,,,,930.53455,0.011395976305007934,9057.466759204865,885000,0.16796875,0.0074869795,0.07381143,0.12265926,0.08644986,7.865572e-05,6238.711,0.048769172,0.0,5.042302,5.042302,0.1,1.0,0.0018067101,0.39065894,6177.703,,,,,,,
6.131754e-05,0.0,,,,,,,659.9051,7933.114,6175.68,3454.219,706.6686,-520.0175,22632.445,,,,,,660.05255,0.01168910036087036,9115.912266492844,890000,0.125,0.0052083335,0.058665074,0.14743109,0.07495284,6.131754e-05,6195.907,0.08870469,0.0,4.122132,4.122132,0.1,1.0,0.0013038944,0.36622593,6124.371,,,,,,,
2.9180781e-05,0.0,,,,,,,415.3697,7721.321,6119.709,-4.0914693,1060.3589,-545.7148,19366.127,,,,,,415.5401,0.011671867561340333,9174.271610498428,895000,0.1015625,0.0047200522,0.057098,0.17041965,0.051795244,2.9180781e-05,6143.1367,0.11329247,0.0,4.602302,4.602302,0.1,1.0,0.0018230198,0.355179,6397.7334,,,,,,,
9.048544e-05,0.0,,,,,,,536.23846,7414.6123,5978.1606,-39.815784,530.7153,-1592.412,22406.602,,,,,,536.42224,0.011661658382415771,9232.57990860939,900000,0.15625,0.0076497397,0.053151876,0.18377002,0.06933725,9.048544e-05,6000.5,0.13052766,0.0,2.7052622,2.7052622,0.1,1.0,0.00085977337,0.36388844,6013.956,,,,,,,
6.791957e-05,0.0,,,,,,,404.44742,7250.1343,5854.795,1607.0017,386.35736,-974.5946,22154.7,,,,,,404.5595,0.01413596920967102,9303.259760379791,905000,0.16796875,0.007975261,0.063776955,0.112087995,0.060073018,6.791957e-05,5875.4805,0.048243117,0.0,3.7798357,3.7798357,0.1,1.0,0.0011984294,0.34868369,5922.7925,,,,,,,
7.302194e-05,0.0,,,,,,,435.93835,7420.347,5763.8315,1211.1118,565.2534,-965.99963,26930.46,,,,,,436.20212,0.011786812353134155,9362.19382929802,910000,0.16796875,0.0074869795,0.12595394,0.26376936,0.15778196,7.302194e-05,5792.204,0.1377424,0.0,7.1337223,7.1337223,0.1,1.0,0.0016054427,0.3539358,5650.283,,,,,,,
1.7924274e-05,0.0,,,,,,,593.0355,7141.9785,5835.691,915.06946,505.67007,-827.1237,22768.535,,,,,,593.1744,0.011728329944610595,9420.835485458374,915000,0.07421875,0.0032552085,0.073543444,0.13886769,0.0156184435,1.7924274e-05,5859.4917,0.06530631,0.0,4.3912334,4.3912334,0.1,1.0,0.0012859162,0.38375765,5907.657,,,,,,,
3.4655037e-05,0.0,,,,,,,370.04572,7254.067,5783.144,3528.6333,524.47626,-650.5952,14585.881,,,,,,370.14944,0.011728993129730225,9479.480456352234,920000,0.1171875,0.0056966147,0.068182774,0.10372152,0.033124804,3.4655037e-05,5803.3325,0.035504095,0.0,3.727582,3.727582,0.1,1.0,0.0012605288,0.38976002,5771.4307,,,,,,,
3.9856863e-05,0.0,,,,,,,363.4411,7343.6387,5977.885,2732.5332,374.44843,-753.37036,22763.676,,,,,,363.58844,0.011772818756103516,9538.344556093216,925000,0.109375,0.0055338545,0.08698194,0.14735068,0.04261899,3.9856863e-05,5998.4175,0.060328893,0.0,5.1430683,5.1430683,0.1,1.0,0.0014268971,0.41877306,5720.288,,,,,,,
5.0389288e-05,0.0,,,,,,,381.1258,7191.179,5903.5645,2146.0657,431.10544,-384.52142,14588.982,,,,,,381.2905,0.011737599515914916,9597.03256034851,930000,0.109375,0.0047200522,0.12910922,0.16471165,0.03203392,5.0389288e-05,5926.4517,0.035552036,0.0,4.1848783,4.1848783,0.1,1.0,0.0016091447,0.31188118,5991.7515,,,,,,,
3.1777814e-05,0.0,,,,,,,2836.426,8161.2734,5792.534,1727.218,34098.223,-33491.85,631748.3,,,,,,2840.521,0.011713308191299438,9655.599108219147,935000,0.1171875,0.0055338545,3.971647,4.094915,0.025086522,3.1777814e-05,5816.1455,0.123235844,0.0,3.9932637,3.9932637,0.1,1.0,0.0015734674,0.4135916,5645.158,,,,,,,
5.012116e-05,0.0,,,,,,,651.2367,8345.58,6017.573,2853.7812,1736.6062,-599.64734,29891.25,,,,,,651.46326,0.011605492973327637,9713.62657880783,940000,0.12109375,0.005859375,0.13986158,0.22658871,0.03821993,5.012116e-05,6043.9414,0.086677,0.0,5.89554,5.89554,0.1,1.0,0.0016457608,0.40671214,6207.2627,,,,,,,
7.7826786e-05,0.0,,,,,,,764.6123,8022.593,5885.1245,171.52893,773.7551,-2258.7456,39565.8,,,,,,764.7408,0.011287031364440918,9770.061742067337,945000,0.18359375,0.008463542,0.07938473,0.12850718,0.058763385,7.7826786e-05,5912.5664,0.04904463,0.0,3.9247997,3.9247997,0.1,1.0,0.0019419789,0.39775252,6015.69,,,,,,,
5.6605593e-05,0.0,,,,,,,1069.6322,7905.217,5951.1074,2281.923,1395.856,-1919.4854,45173.14,,,,,,1070.48,0.0116387779712677,9828.255640268326,950000,0.10546875,0.005045573,0.7941281,0.84772587,0.043050528,5.6605593e-05,5976.8374,0.053541116,0.0,5.1223207,5.1223207,0.1,1.0,0.0016797292,0.41021666,5813.232,,,,,,,
7.5422795e-05,0.0,,,,,,,563.0617,7597.5273,5946.168,1848.381,607.19666,-954.97723,27581.598,,,,,,593.76953,0.01173523654937744,9886.931828737259,955000,0.109375,0.0053710938,30.644318,30.707811,0.09287238,7.5422795e-05,5982.222,0.06341788,0.0,8.180584,8.180584,0.1,1.0,0.0024202908,0.39387378,5945.911,,,,,,,
4.533593e-05,0.0,,,,,,,446.15958,7410.643,5923.005,2349.6875,327.49316,-617.43823,23141.996,,,,,,446.3114,0.01166660304069519,9945.264850378036,960000,0.109375,0.0052083335,0.11322626,0.15181902,0.036383986,4.533593e-05,5944.463,0.038547438,0.0,4.1531167,4.1531167,0.1,1.0,0.001293815,0.36803836,6212.8794,,,,,,,
3.6807985e-05,0.0,,,,,,,573.99976,7236.6626,5772.4307,1340.8535,870.8171,-659.66516,27495.9,,,,,,574.40405,0.011684551095962524,10003.68761253357,965000,0.09765625,0.0040690107,0.20291495,0.4042968,0.067374706,3.6807985e-05,5800.826,0.20134503,0.0,5.2441893,5.2441893,0.1,1.0,0.0017520633,0.40007266,5880.199,,,,,,,
4.3900043e-05,0.0,,,,,,,568.88635,7267.0664,5765.1396,2278.8228,999.8064,-497.4791,21545.79,,,,,,569.55383,0.011673852109909058,10062.05687880516,970000,0.140625,0.0063476562,0.50355434,0.66746795,0.023775697,4.3900043e-05,5790.541,0.16386968,0.0,7.587613,7.587613,0.1,1.0,0.0024648847,0.33355877,6094.5723,,,,,,,
6.450608e-05,0.0,,,,,,,538.04395,7662.416,5650.665,5.3996773,1208.9208,-366.05902,26105.037,,,,,,538.1145,0.011677616691589355,10120.444968700409,975000,0.15234375,0.0078125,0.036750004,0.07058283,0.057168245,6.450608e-05,5680.2334,0.03376832,0.0,3.7691321,3.7691321,0.1,1.0,0.0011105721,0.32877517,5610.3076,,,,,,,
4.065396e-05,0.0,,,,,,,887.6696,9465.372,5919.3936,-71.7132,1066.4299,-865.6311,29844.021,,,,,,887.7734,0.011665859460830688,10178.77427148819,980000,0.109375,0.0055338545,0.05908389,0.10377839,0.023386002,4.065396e-05,5945.9404,0.044653848,0.0,5.595554,5.595554,0.1,1.0,0.0014636087,0.30585995,6098.766,,,,,,,
5.215651e-05,0.0,,,,,,,1092.4316,8294.657,6256.465,3118.504,1894.6414,-1630.5138,47011.14,,,,,,1095.9019,0.011662208890914917,10237.085321426392,985000,0.11328125,0.005045573,3.2438734,3.4702682,0.041939378,5.215651e-05,6293.2285,0.22634266,0.0,4.622225,4.622225,0.1,1.0,0.0013622202,0.42480248,6132.406,,,,,,,
2.6102625e-05,0.0,,,,,,,403.393,8148.011,6274.1113,4105.286,407.75543,-360.40842,19371.27,,,,,,403.5514,0.01161560983657837,10295.16337609291,990000,0.09765625,0.004231771,0.10153812,0.15838744,0.019536853,2.6102625e-05,6293.004,0.056823205,0.0,4.2626214,4.2626214,0.1,1.0,0.0012413887,0.35862923,6460.0464,,,,,,,
2.741026e-05,0.0,,,,,,,545.6363,7597.5806,6059.8706,3679.97,1011.31024,-528.55524,27507.492,,,,,,545.81525,0.011662071323394776,10353.473738908768,995000,0.08984375,0.0037434897,0.11290708,0.17895518,0.090530396,2.741026e-05,6083.256,0.06602069,0.0,4.3095803,4.3095803,0.1,1.0,0.0017736955,0.31726915,6075.4395,,,,,,,
4.1569623e-05,0.0,,,,,,,532.68805,7963.2905,5958.074,127.650116,446.3147,-645.47174,20923.39,,,,,,532.8783,0.011705944108963013,10412.003465652466,1000000,0.13671875,0.0063476562,0.07873453,0.1902613,0.02389884,4.1569623e-05,5982.7056,0.111485206,0.0,5.1314135,5.1314135,0.1,1.0,0.0018640255,0.3336624,6358.8735,,,,,,,
4.3694028e-05,0.0,,,,,,,615.8613,7682.54,6005.8213,-32.352875,488.8938,-571.0177,23060.428,,,,,,616.2788,0.01840965738296509,10504.051760196686,1005000,0.07421875,0.0034179688,0.3644707,0.41747195,0.043235183,4.3694028e-05,6031.9434,0.052957572,0.0,4.507613,4.507613,0.1,1.0,0.0018483896,0.36311018,6199.394,1.0,5000.0,60.947624398037014,4847.91820218332,100.0,1.497215747833252,159.4210141175711
4.649853e-05,0.0,,,,,,,757.8952,7786.408,5951.6475,2929.4258,945.1016,-960.7765,31844.555,,,,,,758.0372,0.014691275310516358,10577.50814294815,1010000,0.078125,0.004231771,0.076186284,0.14195114,0.05958736,4.649853e-05,5977.163,0.06571837,0.0,3.9687839,3.9687839,0.1,1.0,0.0017972629,0.3623092,5623.6543,1.0,10000.0,60.899269972622605,4730.0952880793675,100.0,1.3789992332458496,155.46798157229102
6.367074e-05,0.0,,,,,,,900.92883,7713.404,5984.091,2314.2383,945.49274,-1509.5754,32038.742,,,,,,901.6296,0.015708542537689208,10656.050862073898,1015000,0.16015625,0.008300781,0.62787503,0.7007484,0.04568124,6.367074e-05,6004.1816,0.072809674,0.0,4.6463447,4.6463447,0.1,1.0,0.0017496629,0.40096182,6184.841,1.0,15000.0,60.94187303543503,5028.861861260467,100.0,1.466658353805542,165.49178718097497
3.717062e-05,0.0,,,,,,,1113.2982,7550.1587,5682.964,1807.9331,1097.507,-500.017,36162.68,,,,,,1113.667,0.01556210331916809,10733.861384868622,1020000,0.10546875,0.0048828125,0.07938157,0.36872455,0.039208055,3.717062e-05,5703.3687,0.2893058,0.0,5.8736095,5.8736095,0.1,1.0,0.0039042975,0.39967605,5786.0195,0.0,20000.0,10.894900774009797,3377.8967249189855,100.0,1.4634430408477783,110.10087307302302
5.4107903e-05,0.0,,,,,,,1337.315,7559.082,5624.41,1372.3068,883.8888,-892.02106,41827.047,,,,,,1338.3589,0.015532833576202392,10811.525559425354,1025000,0.09765625,0.005045573,0.72729194,1.0438937,0.0440706,5.4107903e-05,5648.846,0.31654766,0.0,7.3367863,7.3367863,0.1,1.0,0.003158525,0.4483083,5346.332,1.0,25000.0,60.923268043703835,4369.288489371562,100.0,1.9837946891784668,143.36268754950106
5.283659e-05,0.0,,,,,,,1070.3264,7465.4487,5488.9243,145.58084,1242.2612,-922.05444,38643.414,,,,,,1070.5665,0.015408413982391357,10888.567635774612,1030000,0.1328125,0.0056966147,0.11595599,0.2400869,0.052886724,5.283659e-05,5504.5547,0.124078065,0.0,5.7693124,5.7693124,0.1,1.0,0.004004336,0.40268743,5563.7944,0.0,30000.0,10.874766256964223,2255.4586115313446,100.0,1.4808070659637451,72.44237153257212
5.0559756e-05,0.0,,,,,,,1577.3534,7204.3223,5478.0625,2.3437526,1313.0883,-1221.8474,50344.008,,,,,,1579.9734,0.0156139253616333,10966.637271165848,1035000,0.08984375,0.004231771,2.2955275,2.6200337,0.11584103,5.0559756e-05,5494.76,0.32445574,0.0,4.9564686,4.9564686,0.1,1.0,0.0029716303,0.43425417,5709.0234,1.0,35000.0,60.94584460473001,4910.715131928071,100.0,1.4658470153808594,161.52789043201747
8.440063e-05,0.0,,,,,,,2224.3345,7069.0366,5564.328,-12.905555,1994.1349,-1615.1819,66668.61,,,,,,2227.0422,0.015530395126342774,11044.289253234863,1040000,0.17578125,0.008300781,2.5703964,2.7076478,0.09922111,8.440063e-05,5583.9297,0.13716692,0.0,4.5868497,4.5868497,0.1,1.0,0.0032201787,0.4119751,5434.8994,1.0,40000.0,60.95113044302145,5150.680531461488,100.0,1.4746067523956299,169.5788798453315
3.8446666e-05,0.0,,,,,,,2588.7734,7065.968,5443.7905,43.395306,2078.1924,-1740.7113,77606.92,,,,,,2595.9563,0.015451664209365844,11121.547580003738,1045000,0.11328125,0.0053710938,7.0310946,7.182825,0.033871174,3.8446666e-05,5461.71,0.1516917,0.0,6.2573204,6.2573204,0.1,1.0,0.0030224633,0.37448832,5285.9985,0.0,45000.0,0.8282285419476583,37.57065550959987,100.0,1.4556353092193604,-1.9691581653217378
4.385538e-05,0.0,,,,,,,2342.722,7316.7603,5433.342,2173.236,1446.1633,-1475.8796,55638.43,,,,,,2343.191,0.015512621164321899,11199.110691547394,1050000,0.10546875,0.004557292,0.14527377,0.46906382,0.03769934,4.385538e-05,5453.4062,0.32374617,0.0,6.4422264,6.4422264,0.1,1.0,0.0029304072,0.3880365,5504.1084,1.0,50000.0,60.909402237106676,4562.7294619726645,100.0,1.4590723514556885,149.8527533070678
3.485038e-05,0.0,,,,,,,1644.4396,7157.7725,5467.59,1906.4286,1705.7175,-981.86145,58160.53,,,,,,1644.8589,0.015526215028762818,11276.741772413254,1055000,0.08984375,0.0047200522,0.25710613,0.41934612,0.034751296,3.485038e-05,5483.243,0.16220516,0.0,4.9581776,4.9581776,0.1,1.0,0.0021888758,0.382663,5329.697,0.0,55000.0,10.853426063239052,616.6027039963042,100.0,1.4602103233337402,17.4577296335037
3.838159e-05,0.0,,,,,,,1410.842,7987.7236,5457.5625,-16.672234,1372.8796,-745.23474,49420.44,,,,,,1411.1874,0.015385135221481324,11353.667454957962,1060000,0.10546875,0.0048828125,0.11932662,0.3452809,0.038374424,3.838159e-05,5474.5845,0.22591588,0.0,7.267332,7.267332,0.1,1.0,0.0028857244,0.35871965,5690.6045,1.0,60000.0,60.93999990261102,5076.369171729369,100.0,1.495929479598999,167.0856871948263
3.7138372e-05,0.0,,,,,,,1208.8964,7825.426,5369.409,468.0809,1214.3588,-1521.7457,45595.082,,,,,,1210.6193,0.01507787265777588,11429.05682516098,1065000,0.09765625,0.004231771,1.510967,1.7229012,0.027430892,3.7138372e-05,5384.4424,0.211897,0.0,5.8330092,5.8330092,0.1,1.0,0.0028958116,0.36096424,5334.1904,1.0,65000.0,60.929268890020104,3852.423267795771,100.0,1.323798656463623,126.02153572049568
4.6439665e-05,0.0,,,,,,,1334.4165,7742.5747,5484.6357,1069.331,1356.1764,-1125.145,47711.367,,,,,,1335.2695,0.014162334442138672,11499.868503570557,1070000,0.16796875,0.0074869795,0.66055536,0.85304826,0.039224982,4.6439665e-05,5507.158,0.19244644,0.0,6.9730844,6.9730844,0.1,1.0,0.0043793637,0.46511668,5226.694,1.0,70000.0,60.960763085204924,4657.3682640063835,100.0,1.3307631015777588,153.02794437521214
6.304977e-05,0.0,,,,,,,1288.7693,8912.554,5533.0244,850.3417,1768.3411,-1503.6248,54949.707,,,,,,1289.0608,0.014156761598587036,11570.652318239212,1075000,0.08203125,0.0040690107,0.0557129,0.2914962,0.05708468,6.304977e-05,5554.498,0.23572022,0.0,5.6636963,5.6636963,0.1,1.0,0.0031547311,0.40290523,5321.396,1.0,75000.0,60.933439375541624,4653.536165754418,100.0,1.320227861404419,152.8993750793164
5.7363533e-05,0.0,,,,,,,1567.8945,9179.881,5756.7974,639.2823,1647.7074,-1473.4067,56405.316,,,,,,1568.4961,0.014153036403656005,11641.417506933212,1080000,0.13671875,0.006510417,0.23817682,0.60158217,0.038585186,5.7363533e-05,5774.7466,0.36334798,0.0,7.037627,7.037627,0.1,1.0,0.0031026816,0.3182516,5698.0127,1.0,80000.0,60.897909650247435,3598.474336732581,100.0,1.3560893535614014,117.5013900682995
8.123071e-05,0.0,,,,,,,1769.8176,8820.557,5992.76,2.5924094,3558.9185,-2361.1392,58987.344,,,,,,1770.0106,0.014132152032852173,11712.078272819519,1085000,0.1328125,0.006998698,0.08670561,0.19304483,0.036895633,8.123071e-05,6008.8086,0.10625799,0.0,6.431049,6.431049,0.1,1.0,0.0026626748,0.35252917,6194.7197,1.0,85000.0,60.92978587546852,4902.905759946261,100.0,1.3424477577209473,161.2658811120387
8.0111866e-05,0.0,,,,,,,2444.6963,8151.073,5900.934,1652.048,2057.2627,-2932.7637,82646.39,,,,,,2449.9255,0.014107437229156495,11782.615464925766,1090000,0.12109375,0.0056966147,4.7666583,5.2292776,0.052339315,8.0111866e-05,5915.036,0.46253914,0.0,11.716925,11.716925,0.1,1.0,0.0023953626,0.3442553,5939.7344,0.0,90000.0,0.8294585779023022,122.06457041352,100.0,1.3174493312835693,0.8656655872009204
5.3549593e-05,0.0,,,,,,,1831.7787,8461.735,5893.4404,36.802116,2087.254,-2367.067,74094.72,,,,,,1832.0586,0.014239163494110108,11853.811288118362,1095000,0.09765625,0.004557292,0.093156874,0.2799631,0.061715007,5.3549593e-05,5914.3022,0.18675268,0.0,8.262614,8.262614,0.1,1.0,0.0037683481,0.32139653,5762.859,1.0,95000.0,60.89938076743242,5157.354168039571,100.0,1.3285424709320068,169.80278453135261
4.0493247e-05,0.0,,,,,,,1854.3418,7986.804,5627.324,-186.22697,2977.0989,-1523.2971,75117.766,,,,,,1854.8756,0.014142672920227051,11924.52465891838,1100000,0.10546875,0.0047200522,0.28535086,0.5338377,0.02781415,4.0493247e-05,5642.6836,0.24844633,0.0,8.230024,8.230024,0.1,1.0,0.0048537673,0.37786576,5670.92,0.0,100000.0,-0.41325535793377544,-56.86176546773753,100.0,1.3203883171081543,-5.137425019795005
7.6956545e-05,0.0,,,,,,,1703.0547,8135.842,5669.8774,-22.652906,1581.464,-2148.4788,66024.9,,,,,,1710.776,0.016451124858856202,12006.780291318893,1105000,0.18359375,0.008626303,7.430997,7.7213464,0.032548904,7.6956545e-05,5693.6284,0.29027286,0.0,6.45292,6.45292,0.1,1.0,0.0031659305,0.35074484,5631.6963,0.0,105000.0,10.89878890924581,836.2810553365799,100.0,1.8250312805175781,24.828075876810964
4.2030762e-05,0.0,,,,,,,2254.6558,7686.349,5730.876,1197.1628,1792.2303,-3324.245,76255.36,,,,,,2255.0713,0.014047625827789307,12077.018427848816,1110000,0.1015625,0.0043945312,0.12304288,0.4154938,0.038113713,4.2030762e-05,5749.145,0.29240888,0.0,6.7191978,6.7191978,0.1,1.0,0.0023424078,0.4130374,5863.3804,1.0,110000.0,60.92904952841394,4980.4175399087835,100.0,1.346916913986206,163.86644986527887
4.447603e-05,0.0,,,,,,,1371.2422,8013.948,5904.49,858.3225,829.7239,-1301.1067,41888.125,,,,,,1371.5874,0.01416724009513855,12147.854635953903,1115000,0.125,0.0056966147,0.1432913,0.34522143,0.045750856,4.447603e-05,5921.1504,0.20188567,0.0,5.9854794,5.9854794,0.1,1.0,0.0018940535,0.39084944,5975.0605,1.0,115000.0,60.931529614852096,5161.700571844458,100.0,1.8521971702575684,169.94860910059123
3.9008853e-05,0.0,,,,,,,1653.8474,8125.7217,5797.1655,2459.9915,1351.4879,-1543.4711,51782.133,,,,,,1654.1199,0.014045274829864502,12218.081017255783,1120000,0.09375,0.0052083335,0.09987347,0.27245212,0.037689567,3.9008853e-05,5811.6934,0.17253964,0.0,5.157504,5.157504,0.1,1.0,0.0020886343,0.35526058,5793.204,0.0,120000.0,10.894285418876064,784.5158185337498,100.0,1.321897268295288,23.091319768273557
6.177998e-05,0.0,,,,,,,1892.404,9338.765,5798.315,2071.3472,2893.4646,-1735.8607,63760.17,,,,,,1892.8927,0.014193286323547364,12289.047455787659,1125000,0.12890625,0.0063476562,0.061205737,0.4886628,0.042116642,6.177998e-05,5821.9736,0.42739528,0.0,6.2012324,6.2012324,0.1,1.0,0.0028079026,0.4209151,6123.142,1.0,125000.0,60.94514077457794,4582.730681690073,100.0,1.312727689743042,150.52380675273673
4.621991e-05,0.0,,,,,,,1090.3218,8209.148,5795.1987,2578.0059,494.37683,-842.12225,35639.586,,,,,,1091.1688,0.014015385007858277,12359.124387741089,1130000,0.1171875,0.0052083335,0.71098125,0.8470444,0.038562894,4.621991e-05,5814.7754,0.13601695,0.0,7.472705,7.472705,0.1,1.0,0.0025952933,0.4334221,5695.5684,1.0,130000.0,60.94812546580598,3984.193264960949,100.0,1.3344964981079102,130.4425016357152
5.399267e-05,0.0,,,,,,,1675.2559,8069.0215,5684.2764,-17.127531,3314.2258,-2833.2153,63740.07,,,,,,1675.5942,0.0141967782497406,12430.108284950256,1135000,0.15625,0.0078125,0.15867989,0.33842993,0.027409434,5.399267e-05,5702.51,0.17969605,0.0,5.850032,5.850032,0.1,1.0,0.0027051517,0.36193705,5857.3335,1.0,135000.0,60.92490624483079,5014.72452528177,100.0,1.347724199295044,165.01747070652385
5.1553325e-05,0.0,,,,,,,2221.1843,8239.612,5790.082,2031.3928,4012.372,-2450.2642,111179.34,,,,,,2221.6208,0.01414203977584839,12500.818491458893,1140000,0.10546875,0.0052083335,0.30440602,0.4366092,0.07786751,5.1553325e-05,5807.998,0.13215165,0.0,8.016539,8.016539,0.1,1.0,0.0020783064,0.36600286,5637.3984,1.0,140000.0,60.918239136725056,5149.905927112614,100.0,1.3424570560455322,169.55289138439335
7.151492e-05,0.0,,,,,,,1541.2299,7857.7812,5656.767,1905.9384,1222.9474,-1396.2058,51145.15,,,,,,1541.4412,0.01438970365524292,12572.767015695572,1145000,0.125,0.0056966147,0.054102313,0.21126378,0.04336357,7.151492e-05,5678.207,0.15708995,0.0,7.211646,7.211646,0.1,1.0,0.0027212938,0.38042662,5489.529,0.0,145000.0,0.5334385948545048,-3.318503347759105,100.0,1.3233861923217773,-3.341015048522395
3.4635636e-05,0.0,,,,,,,1386.9146,8587.688,5915.1016,-46.951756,1139.9219,-1481.8667,57863.258,,,,,,1387.1467,0.014250674772262573,12644.020396709442,1150000,0.125,0.0053710938,0.066261314,0.23216665,0.029095411,3.4635636e-05,5929.916,0.1658707,0.0,5.7682276,5.7682276,0.1,1.0,0.0028844872,0.34716627,6148.855,1.0,150000.0,60.927756092283595,4052.5130320086655,100.0,1.3668458461761475,132.73467259990727
3.0365813e-05,0.0,,,,,,,1958.4137,8636.897,5879.46,1678.7755,3207.9944,-5367.4214,87590.52,,,,,,1958.9054,0.01438476996421814,12715.944252967834,1155000,0.1015625,0.004231771,0.2676941,0.49169603,0.018087745,3.0365813e-05,5901.0747,0.22397159,0.0,7.762083,7.762083,0.1,1.0,0.002348898,0.33073512,6068.333,1.0,155000.0,60.93641337199804,4242.628021873977,100.0,1.3632569313049316,139.1131495540599
2.6910024e-05,0.0,,,,,,,1266.2477,8199.1,5580.1855,1261.8368,1101.0159,-2077.578,48496.38,,,,,,1266.7468,0.014249896812438965,12787.193742752075,1160000,0.078125,0.00390625,0.058083557,0.49912435,0.032374144,2.6910024e-05,5595.427,0.44101387,0.0,4.1600885,4.1600885,0.1,1.0,0.002027777,0.41244578,6093.253,1.0,160000.0,60.9098333349567,5075.558881873465,100.0,1.3504984378814697,167.0585014627821
3.451656e-05,0.0,,,,,,,1294.8236,8553.124,5792.8584,944.58026,1495.3591,-2180.815,56070.164,,,,,,1295.0737,0.014121660852432251,12857.802053928375,1165000,0.12109375,0.0063476562,0.102005765,0.2500919,0.01640129,3.451656e-05,5817.805,0.14805165,0.0,12.419934,12.419934,0.1,1.0,0.0016502775,0.39194816,5797.968,0.0,165000.0,0.9069237789254296,898.2086659878846,100.0,1.316608190536499,26.90578599133128
4.2973727e-05,0.0,,,,,,,1641.4377,8757.296,5745.201,552.9599,973.38837,-1472.4508,51005.62,,,,,,1684.0833,0.01423758134841919,12928.98996758461,1170000,0.109375,0.005045573,42.442314,42.64556,0.042280078,4.2973727e-05,5766.175,0.20320493,0.0,5.522197,5.522197,0.1,1.0,0.003120108,0.40446877,5313.581,0.0,170000.0,10.88994655907242,1440.3943688879465,100.0,1.8047490119934082,45.096455823674184
3.3086806e-05,0.0,,,,,,,1799.3677,8686.997,5854.2793,87.95074,1522.7795,-1594.4186,64079.875,,,,,,2313.6077,0.014147041463851928,12999.725182056427,1175000,0.0703125,0.0029296875,514.10583,514.24,0.05777216,3.3086806e-05,5875.831,0.13410813,0.0,7.8298454,7.8298454,0.1,1.0,0.0033659474,0.4132048,5724.7,1.0,175000.0,60.917788453732214,5168.542983708248,100.0,1.8335731029510498,170.17817630312967
8.85805e-05,0.0,,,,,,,2012.9862,8910.54,5972.3594,2377.2378,1881.3557,-1528.7762,58349.234,,,,,,2021.7333,0.014013602876663207,13069.793203115463,1180000,0.1640625,0.008138021,8.36366,8.7471285,0.04899788,8.85805e-05,5995.0728,0.38337964,0.0,7.0089355,7.0089355,0.1,1.0,0.0029163072,0.3761713,5910.093,1.0,180000.0,60.9588755439581,4918.57958410955,100.0,1.3432559967041016,161.79174772718466
5.9849954e-05,0.0,,,,,,,997.3809,8081.313,5988.0664,1896.7173,548.58264,-1515.9768,36084.414,,,,,,997.58386,0.01409599051475525,13140.273163795471,1185000,0.14453125,0.0068359375,0.11697291,0.20296218,0.043197274,5.9849954e-05,6005.6255,0.08592942,0.0,5.083542,5.083542,0.1,1.0,0.001967993,0.37284085,6012.004,1.0,185000.0,60.940771970729244,3958.973469861002,100.0,1.3202083110809326,129.59636171825036
3.0340065e-05,0.0,,,,,,,3834.784,8741.575,5865.6567,-135.64032,5067.646,-8851.656,141643.73,,,,,,3834.9978,0.014071631908416747,13210.631329536438,1190000,0.09765625,0.004557292,0.091340005,0.21378809,0.018509388,3.0340065e-05,5887.1445,0.12241775,0.0,4.5175123,4.5175123,0.1,1.0,0.002043466,0.40198016,5952.9854,1.0,190000.0,60.91669450913805,5270.974306281484,100.0,1.3428840637207031,173.614811314812
6.441212e-05,0.0,,,,,,,1238.8901,8592.974,6028.3794,-17.04736,1747.6982,-1766.2192,46437.855,,,,,,1239.1803,0.014193232917785644,13281.597501277924,1195000,0.08984375,0.0048828125,0.20154755,0.29014727,0.12607169,6.441212e-05,6048.921,0.08853531,0.0,4.3376,4.3376,0.1,1.0,0.0017236761,0.41675755,6133.4834,1.0,195000.0,60.93256567225853,4470.8326155725645,100.0,1.3203141689300537,146.7695565673598
5.971301e-05,0.0,,,,,,,1389.8695,8988.731,6005.5957,-23.976505,980.0215,-1293.3398,54636.98,,,,,,1390.0933,0.01407405776977539,13351.96779680252,1200000,0.1328125,0.006510417,0.05945324,0.22374173,0.0887717,5.971301e-05,6032.121,0.16422877,0.0,3.9065552,3.9065552,0.1,1.0,0.0014937393,0.3773237,6030.5586,1.0,200000.0,60.928567778234424,4903.012510952652,100.0,1.3399658203125,161.2694626751473
2.8524995e-05,0.0,,,,,,,1668.116,9026.681,6222.366,-17.199366,1814.8092,-2161.454,54556.094,,,,,,1668.3604,0.01643187007904053,13434.127153635025,1205000,0.0625,0.0027669272,0.1122766,0.24442093,0.048017025,2.8524995e-05,6242.2646,0.13211581,0.0,5.8768406,5.8768406,0.1,1.0,0.0014796592,0.36015505,6255.6016,1.0,205000.0,60.93491303191105,4310.80017910175,100.0,1.3392856121063232,141.40036811636415
4.128324e-05,0.0,,,,,,,1158.3839,8839.552,6072.457,3282.9397,1295.5002,-926.67004,38479.75,,,,,,1158.5618,0.01418070979118347,13505.030709028244,1210000,0.09375,0.004231771,0.09791124,0.17784527,0.06029594,4.128324e-05,6094.1616,0.079892755,0.0,4.2093754,4.2093754,0.1,1.0,0.0016144016,0.4000847,6222.756,1.0,210000.0,60.924375692566855,4417.9258682259015,100.0,1.3333287239074707,144.99450206529795
4.51174e-05,0.0,,,,,,,2046.5461,8738.347,6122.134,351.64252,1779.0632,-1678.1107,63667.117,,,,,,2046.7885,0.01421097002029419,13576.085566520691,1215000,0.08203125,0.00390625,0.12981139,0.24226305,0.054584384,4.51174e-05,6149.909,0.11240654,0.0,6.4379535,6.4379535,0.1,1.0,0.0026746073,0.4295195,6051.3823,1.0,215000.0,60.957557311437995,4989.9087116870505,100.0,1.3301427364349365,164.18488462152018
3.865313e-05,0.0,,,,,,,1897.2073,9437.732,6223.208,59.305027,1252.5283,-1951.9995,69068.625,,,,,,1897.3707,0.014159052419662475,13646.88083577156,1220000,0.08203125,0.0035807292,0.057218306,0.16344792,0.053617954,3.865313e-05,6240.784,0.106190965,0.0,5.388977,5.388977,0.1,1.0,0.0017126008,0.42815852,6237.3193,1.0,220000.0,60.94298912329907,4247.368723608413,100.0,1.3294858932495117,139.27220306573219
3.9048376e-05,0.0,,,,,,,1395.8668,8654.723,6088.0703,2914.1306,1468.5721,-3423.2815,50927.957,,,,,,1396.0068,0.014138848972320556,13717.57508778572,1225000,0.1015625,0.005045573,0.055555783,0.14004266,0.044149518,3.9048376e-05,6105.3,0.084447846,0.0,4.7026014,4.7026014,0.1,1.0,0.0022295383,0.42188448,6055.105,1.0,225000.0,60.93460929318424,3758.7016155710676,100.0,1.3281724452972412,122.87711560273486
8.256092e-05,0.0,,,,,,,1768.9407,8684.57,6133.9717,3288.7473,958.00653,-840.44324,46219.53,,,,,,1769.211,0.014021638202667237,13787.683285951614,1230000,0.19921875,0.008951823,0.109708965,0.27035627,0.115828514,8.256092e-05,6162.914,0.16056475,0.0,7.349505,7.349505,0.1,1.0,0.0033278293,0.35258973,6320.676,1.0,230000.0,60.91217349104047,2893.2654319797534,100.0,1.324254035949707,93.84118973367097
6.041608e-05,0.0,,,,,,,1419.2291,8616.834,6028.2344,2515.955,1560.0269,-959.8153,50747.43,,,,,,1438.4152,0.014294092750549317,13859.153756856918,1235000,0.12109375,0.0053710938,19.062155,19.186026,0.05917561,6.041608e-05,6046.0693,0.12380922,0.0,5.5178676,5.5178676,0.1,1.0,0.00234062,0.37165546,6120.4775,1.0,235000.0,60.92449521741859,5148.315031361606,100.0,1.3533446788787842,169.49951583577695
4.763913e-05,0.0,,,,,,,1186.947,9608.835,6019.189,378.14355,639.8956,-1608.5181,36178.883,,,,,,1187.331,0.014144075202941895,13929.874140262604,1240000,0.09765625,0.005045573,0.2574511,0.38407844,0.027693748,4.763913e-05,6032.3447,0.1265797,0.0,4.3586454,4.3586454,0.1,1.0,0.0016813928,0.4027749,6252.5156,1.0,240000.0,60.92653526249739,4672.5806145461565,100.0,1.331160306930542,153.53832826132853
2.9267298e-05,0.0,,,,,,,2071.8516,8527.953,5827.7554,3012.7124,1396.866,-1116.8778,56190.32,,,,,,2072.255,0.014253656530380248,14001.142430305481,1245000,0.07421875,0.0035807292,0.29398307,0.4034164,0.032836318,2.9267298e-05,5849.381,0.10940405,0.0,5.5386543,5.5386543,0.1,1.0,0.0022701654,0.3521845,5764.689,1.0,245000.0,60.92590885529113,3495.557152817717,100.0,1.3267359733581543,114.04845410437407
0.00010092223,0.0,,,,,,,2017.4008,9207.581,5974.72,-9.431606,2621.0728,-1411.1713,67119.76,,,,,,2020.8854,0.014163486766815185,14071.959870815277,1250000,0.11328125,0.0052083335,3.3989978,3.4846222,0.114483714,0.00010092223,5999.131,0.085523635,0.0,7.2510047,7.2510047,0.1,1.0,0.011884746,0.41738373,6035.133,1.0,250000.0,60.89210646168838,2811.2575650456,100.0,1.360994815826416,91.08977444722093
3.329907e-05,0.0,,,,,,,1346.9375,8649.125,5921.2783,24.175865,1456.5116,-694.1829,41241.79,,,,,,1347.0903,0.014129934644699096,14142.609550952911,1255000,0.0703125,0.0032552085,0.04681983,0.15278324,0.03374386,3.329907e-05,5937.956,0.10593011,0.0,5.2698584,5.2698584,0.1,1.0,0.0017686962,0.32415754,6015.005,1.0,255000.0,60.91827208396977,4298.055045010803,100.0,1.3503453731536865,140.9727608870011
2.7334474e-05,0.0,,,,,,,883.9529,9545.726,5901.2637,2748.4304,972.2244,-1650.1595,41638.688,,,,,,884.1566,0.0141255521774292,14213.237319231033,1260000,0.1015625,0.0047200522,0.06932549,0.20372985,0.024733186,2.7334474e-05,5916.3037,0.13437703,0.0,5.120687,5.120687,0.1,1.0,0.001444329,0.42223713,5935.866,1.0,260000.0,60.94976390334833,4735.380899025278,100.0,1.3215117454528809,155.64531712921368
2.9122826e-05,0.0,,,,,,,1236.6829,9027.799,5991.3467,-3.2805154,983.0618,-1456.5142,43005.586,,,,,,1236.9033,0.014169330263137818,14284.083976745605,1265000,0.09765625,0.0043945312,0.062485274,0.22047481,0.022530317,2.9122826e-05,6010.495,0.15796041,0.0,10.657158,10.657158,0.1,1.0,0.016279,0.37511605,5943.9595,1.0,265000.0,60.92130098992183,3721.7595857520464,100.0,1.3495519161224365,121.63768737034148
7.0189766e-05,0.0,,,,,,,1271.418,9201.307,5985.8384,3304.276,940.9158,-674.3857,43109.984,,,,,,1271.6346,0.014221744203567505,14355.192704439163,1270000,0.12109375,0.006184896,0.08528795,0.2167013,0.11233783,7.0189766e-05,6006.0977,0.13134316,0.0,5.1063414,5.1063414,0.1,1.0,0.0023101517,0.38420236,6299.7363,1.0,270000.0,60.92232748283139,4096.8811087466975,100.0,1.3511714935302734,134.2232493563961
5.2286585e-05,0.0,,,,,,,1329.997,8009.1006,5955.1504,3304.1797,1075.5189,-2921.7183,48536.965,,,,,,1332.1063,0.014130429697036742,14425.844859600067,1275000,0.13671875,0.006184896,1.8819236,2.1093585,0.077258825,5.2286585e-05,5973.7773,0.2273829,0.0,5.093974,5.093974,0.1,1.0,0.0021047723,0.41115877,5904.0566,1.0,275000.0,60.95538068345253,4867.554258795607,100.0,1.3323357105255127,160.07981611240928
9.838036e-05,0.0,,,,,,,1337.0969,8570.239,5847.4766,3312.8066,857.8913,-563.3394,40066.555,,,,,,1338.1033,0.01433525514602661,14497.521141290665,1280000,0.15625,0.0071614585,0.80407804,1.0063204,0.17650664,9.838036e-05,5865.4287,0.20214391,0.0,5.3168197,5.3168197,0.1,1.0,0.0020677517,0.37376842,5898.3145,1.0,280000.0,60.962108010438705,3756.5846390023125,100.0,1.3401789665222168,122.80608971326738
4.409442e-05,0.0,,,,,,,2065.829,8357.275,5896.3193,2843.275,3490.6135,-2523.9663,78991.77,,,,,,2066.1099,0.014307535648345948,14569.058826446533,1285000,0.1171875,0.0052083335,0.15283196,0.2807303,0.025153756,4.409442e-05,5915.587,0.12785424,0.0,4.821473,4.821473,0.1,1.0,0.0025224658,0.40508482,6060.4453,0.0,285000.0,10.914007860204078,2845.649299935803,100.0,1.3567335605621338,92.24363868783604
6.123597e-05,0.0,,,,,,,1132.0962,7794.092,5829.8926,2959.2974,888.6644,-1325.5094,40488.47,,,,,,1132.2849,0.014333256483078004,14640.725116729736,1290000,0.109375,0.0047200522,0.092611276,0.1886767,0.111370206,6.123597e-05,5848.5957,0.09600419,0.0,8.041679,8.041679,0.1,1.0,0.003313485,0.4218487,5923.335,1.0,290000.0,60.92384736005183,5452.076653987537,100.0,1.331834077835083,179.69090848108164
5.362571e-05,0.0,,,,,,,1061.3339,7874.1816,6022.5454,3000.5828,1378.572,-587.7425,36265.78,,,,,,1061.4949,0.01434212875366211,14712.435767412186,1295000,0.109375,0.0056966147,0.08084746,0.16104685,0.05482638,5.362571e-05,6038.1387,0.08014576,0.0,4.749052,4.749052,0.1,1.0,0.0020817458,0.3635038,6112.065,1.0,295000.0,60.93517564958418,4768.295318303521,100.0,1.3293266296386719,156.7496165059978
2.8865627e-05,0.0,,,,,,,1411.2119,7650.1167,5788.7734,180.63463,2264.874,-1691.9783,50100.3,,,,,,1411.4503,0.014306362009048461,14783.967584133148,1300000,0.08984375,0.0040690107,0.16702649,0.23841283,0.040539145,2.8865627e-05,5809.2354,0.071357474,0.0,3.8013356,3.8013356,0.1,1.0,0.0018701808,0.36561048,6146.385,0.0,300000.0,0.6963623985885278,46.780332397010454,100.0,1.3450307846069336,-1.6601677389321186
0.00012867559,0.0,,,,,,,1155.2544,8307.256,5796.2705,2041.8468,1068.4182,-673.1846,38166.664,,,,,,1155.6602,0.016726892137527465,14867.602051973343,1305000,0.1484375,0.0078125,0.26625937,0.40579167,0.1763804,0.00012867559,5815.6235,0.13940361,0.0,5.660396,5.660396,0.1,1.0,0.0021244134,0.40720198,5959.677,1.0,305000.0,60.93469485673485,3944.959081287374,100.0,1.8460447788238525,129.12617020622517
4.902585e-05,0.0,,,,,,,1017.0732,8254.184,5808.547,1534.0762,1277.3495,-1227.4202,44385.164,,,,,,1017.3034,0.014181234788894654,14938.508232831955,1310000,0.109375,0.005045573,0.06817132,0.23021835,0.036243796,4.902585e-05,5826.3467,0.161998,0.0,9.128847,9.128847,0.1,1.0,0.0018866085,0.3780529,5918.207,1.0,310000.0,60.92670706278827,4605.910450083819,100.0,1.3403794765472412,151.30150249680642
2.6897469e-05,0.0,,,,,,,1224.1125,7798.781,5749.995,2730.6794,764.8859,-2802.044,50135.633,,,,,,1226.0278,0.014208104419708252,15009.548761844635,1315000,0.08984375,0.00390625,1.808049,1.9152579,0.028367162,2.6897469e-05,5770.696,0.10718198,0.0,7.9330916,7.9330916,0.1,1.0,0.002088517,0.37692326,5898.062,1.0,315000.0,60.93274650094463,5028.103763902612,100.0,1.3366878032684326,165.46635253992164
3.2440083e-05,0.0,,,,,,,1038.7666,8570.94,5794.0034,-115.617,868.7623,-502.9388,33697.516,,,,,,1038.9893,0.014246950387954711,15080.783521652222,1320000,0.08984375,0.0047200522,0.08742096,0.22264455,0.019466281,3.2440083e-05,5808.085,0.13519114,0.0,5.425988,5.425988,0.1,1.0,0.002997337,0.34161747,5750.972,1.0,320000.0,60.934024522936426,4167.25776662021,100.0,1.3338289260864258,136.58443029575554
7.472725e-05,0.0,,,,,,,956.46674,7884.5347,5927.995,3199.8184,967.95636,-1539.1044,39732.47,,,,,,956.61273,0.014211661386489868,15151.84183549881,1325000,0.18359375,0.008626303,0.05776153,0.1460149,0.043198347,7.472725e-05,5944.9033,0.088178635,0.0,3.5182655,3.5182655,0.1,1.0,0.0014105147,0.36813492,6065.5654,1.0,325000.0,60.919414095843734,3376.310426047242,100.0,1.849489688873291,110.04765175258437
3.5983685e-05,0.0,,,,,,,1237.0681,7714.346,5900.1855,-101.63118,1188.869,-626.35065,35292.53,,,,,,1237.3535,0.014031820106506348,15222.000943422318,1330000,0.1171875,0.005045573,0.16170877,0.28539482,0.029191494,3.5983685e-05,5911.99,0.123650074,0.0,5.8736644,5.8736644,0.1,1.0,0.0021408908,0.3873335,5917.2886,1.0,330000.0,60.92869803295658,5271.288831738754,100.0,1.3601248264312744,173.62536384084962
2.271944e-05,0.0,,,,,,,1206.0026,7539.5723,5739.9434,1892.3495,573.536,-867.4994,36311.516,,,,,,1206.2029,0.014311411142349243,15293.558006763458,1335000,0.05859375,0.0027669272,0.09238951,0.20033886,0.06874478,2.271944e-05,5757.7373,0.10792663,0.0,4.083651,4.083651,0.1,1.0,0.0036331848,0.36481553,5591.8545,0.0,335000.0,0.7797787378060231,1254.6872139358627,100.0,1.351611852645874,38.86586449091126
4.699669e-05,0.0,,,,,,,953.02966,7952.2407,5648.501,1412.8855,789.21875,-492.90778,27343.436,,,,,,955.233,0.014244688320159913,15364.781455516815,1340000,0.140625,0.005859375,2.1051261,2.2032964,0.04509425,4.699669e-05,5663.583,0.098123394,0.0,4.6639433,4.6639433,0.1,1.0,0.0019428809,0.38217437,5717.8833,0.0,340000.0,-0.17148157511739093,-36.83862788681925,100.0,1.3050131797790527,-4.465636216081014
2.507654e-05,0.0,,,,,,,1136.542,7918.0693,5750.85,1031.6465,593.63574,-1146.0769,40542.68,,,,,,1136.8124,0.014191045427322387,15435.736689567566,1345000,0.06640625,0.0029296875,0.167164,0.2703798,0.030324101,2.507654e-05,5773.765,0.103190765,0.0,6.499228,6.499228,0.1,1.0,0.0021024821,0.3685324,5647.8633,1.0,345000.0,60.934074902254316,3948.9193083795712,100.0,1.3478035926818848,129.25903830494104
5.4147367e-05,0.0,,,,,,,1527.9495,7531.935,5708.535,1983.8273,715.99243,-1230.7393,38558.133,,,,,,1528.188,0.014267516946792602,15507.074281454086,1350000,0.14453125,0.0063476562,0.13576847,0.23855764,0.06794953,5.4147367e-05,5724.6465,0.10273501,0.0,4.033226,4.033226,0.1,1.0,0.0021391516,0.37479192,5769.7773,1.0,350000.0,60.931899202236075,5089.2279879472435,100.0,1.3574702739715576,167.51710853073206
4.1170126e-05,0.0,,,,,,,1614.545,7613.304,5814.131,2259.838,2905.3953,-2496.258,64406.906,,,,,,1614.923,0.01424829239845276,15578.315750598907,1355000,0.08984375,0.004557292,0.13649851,0.37790087,0.07677567,4.1170126e-05,5827.498,0.2413612,0.0,4.5863156,4.5863156,0.1,1.0,0.0018724108,0.37353498,5954.424,0.0,355000.0,10.869989505578067,1729.2010039785773,100.0,1.3306427001953125,54.78609927281538
2.9176144e-05,0.0,,,,,,,971.037,7546.226,5715.3613,183.23486,1083.2866,-554.8593,32227.379,,,,,,971.1921,0.014453331851959229,15650.582417011261,1360000,0.09765625,0.004557292,0.09426175,0.15512034,0.0483253,2.9176144e-05,5731.4736,0.060829416,0.0,4.047298,4.047298,0.1,1.0,0.0024174936,0.35319132,6060.955,0.0,360000.0,10.896560494701719,767.5437998736952,100.0,1.355755090713501,22.521897914871566
1.5003665e-05,0.0,,,,,,,1177.9329,7527.3457,5744.292,2072.67,682.4467,-1141.6511,46144.715,,,,,,1178.367,0.014306821966171265,15722.116533279419,1365000,0.0703125,0.0029296875,0.31537285,0.43412793,0.016457558,1.5003665e-05,5758.506,0.11874008,0.0,5.9906564,5.9906564,0.1,1.0,0.0021145567,0.39407608,5774.1104,1.0,365000.0,60.951816086965515,4344.745857286862,100.0,1.3431179523468018,142.53926687521644
5.8212532e-05,0.0,,,,,,,1359.511,8572.99,5794.702,-304.93668,1712.1472,-1311.6367,48830.277,,,,,,1361.9558,0.01436837158203125,15793.958399295807,1370000,0.1328125,0.006184896,2.3379474,2.4448195,0.05346656,5.8212532e-05,5815.2686,0.10681403,0.0,5.4391108,5.4391108,0.1,1.0,0.0023801562,0.4202784,5811.0547,1.0,370000.0,60.94250799559485,3846.327989584896,100.0,1.3376681804656982,125.81703531984469
3.8864422e-05,0.0,,,,,,,1378.3763,7983.0654,5775.404,2062.4756,1007.16113,-1429.3792,42264.03,,,,,,1378.6704,0.014254142904281616,15865.229120016098,1375000,0.078125,0.0035807292,0.22493547,0.29403493,0.06444061,3.8864422e-05,5790.457,0.069060594,0.0,3.6861053,3.6861053,0.1,1.0,0.0014792472,0.39377558,6261.762,1.0,375000.0,60.944859733558104,3726.7762072739047,100.0,1.3346984386444092,121.80599816365425
1.654838e-05,0.0,,,,,,,1551.9478,8559.767,5793.0596,25.438042,1179.3179,-1286.5934,57745.266,,,,,,1558.8309,0.014252520418167115,15936.491730690002,1380000,0.06640625,0.0027669272,6.798708,6.8831253,0.026746154,1.654838e-05,5811.028,0.084400475,0.0,5.770564,5.770564,0.1,1.0,0.0014248628,0.38831764,5955.0254,1.0,380000.0,60.93565172019627,4491.606299507069,100.0,1.343313455581665,147.4665266712057
4.690449e-05,0.0,,,,,,,1139.7615,8359.358,5762.8115,121.019066,1764.5377,-1375.4976,38289.18,,,,,,1139.9032,0.01421129822731018,16007.548228025436,1385000,0.09765625,0.0043945312,0.051525645,0.14178464,0.046415567,4.690449e-05,5784.29,0.09021208,0.0,4.7950993,4.7950993,0.1,1.0,0.0016395967,0.3398759,6134.4014,1.0,385000.0,60.940882618935625,4722.6776374766705,100.0,1.3336050510406494,155.2191147498654
3.2864784e-05,0.0,,,,,,,813.17615,7943.947,5930.3174,2691.3547,757.00037,-551.38116,26164.945,,,,,,813.487,0.014315575361251831,16079.126111030579,1390000,0.08984375,0.004231771,0.21748489,0.31083077,0.020759702,3.2864784e-05,5947.207,0.093313,0.0,3.9644694,3.9644694,0.1,1.0,0.0013676262,0.35416514,5930.7188,1.0,390000.0,60.93122890268219,3527.117970169307,100.0,1.8253490924835205,115.10733928893504
3.359174e-05,0.0,,,,,,,1130.4244,7834.9106,5869.654,2642.232,783.4134,-1203.3577,38774.977,,,,,,1130.614,0.014125436735153199,16149.753300666809,1395000,0.09765625,0.0043945312,0.079885,0.1896086,0.03888893,3.359174e-05,5887.846,0.109690025,0.0,6.0136003,6.0136003,0.1,1.0,0.0024102358,0.42390865,5913.967,1.0,395000.0,60.947467095142436,3694.481693027299,100.0,1.3484406471252441,120.72249698884703
4.0835934e-05,0.0,,,,,,,891.4662,8378.079,5781.5894,2626.0105,602.2842,-670.558,34062.07,,,,,,891.7704,0.0141999089717865,16220.752852678299,1400000,0.11328125,0.0053710938,0.22076815,0.30421007,0.035288095,4.0835934e-05,5799.247,0.083401084,0.0,5.4436746,5.4436746,0.1,1.0,0.0017635162,0.41073605,5525.5576,1.0,400000.0,60.92046288911162,3901.7148873613633,100.0,1.3352773189544678,127.67530042182057
3.813283e-05,0.0,,,,,,,1245.8088,7985.373,5833.808,3122.818,1210.8694,-3373.9175,45749.56,,,,,,1247.0132,0.016533743810653687,16303.421579360962,1405000,0.125,0.0055338545,0.9366398,1.2042909,0.02331376,3.813283e-05,5850.467,0.267613,0.0,5.1289167,5.1289167,0.1,1.0,0.0018295811,0.3764956,5812.7764,1.0,405000.0,60.944403712308095,4903.000133293557,100.0,1.3736851215362549,161.26904739693418
2.942568e-05,0.0,,,,,,,923.09644,7439.0654,5842.8057,2425.2502,1030.1755,-580.58655,30798.242,,,,,,923.2502,0.014308407306671142,16374.9636220932,1410000,0.06640625,0.0029296875,0.09754817,0.15374799,0.054329634,2.942568e-05,5857.0713,0.056170397,0.0,2.880875,2.880875,0.1,1.0,0.0012395405,0.41624373,6119.6514,1.0,410000.0,60.94459967680384,4533.056145781181,100.0,1.3372111320495605,148.85719496832368
3.0120194e-05,0.0,,,,,,,1047.8884,8698.122,5733.135,29.326488,1397.3866,-2143.4858,44733.297,,,,,,1048.2881,0.014365323305130006,16446.790245056152,1415000,0.07421875,0.003092448,0.18632516,0.39971426,0.04934156,3.0120194e-05,5745.289,0.21335898,0.0,6.4896145,6.4896145,0.1,1.0,0.0029883503,0.42952418,5476.4155,1.0,415000.0,60.9604205584895,5089.747744587634,100.0,1.3558952808380127,167.5345466914728
1.9869167e-05,0.0,,,,,,,1144.7898,8641.688,5727.834,1399.0393,737.0851,-581.2811,32806.56,,,,,,1144.9833,0.014246892023086547,16518.024711847305,1420000,0.078125,0.0035807292,0.097041845,0.19352087,0.014992118,1.9869167e-05,5740.529,0.096459165,0.0,4.602416,4.602416,0.1,1.0,0.0021649692,0.40236145,5770.8516,1.0,420000.0,60.929194087206895,4073.0514391169927,100.0,1.3351271152496338,133.42374901891182
4.6959012e-05,0.0,,,,,,,876.4169,7987.377,5779.642,2271.9497,500.80713,-934.32764,31388.523,,,,,,876.57355,0.014264472389221192,16589.34708094597,1425000,0.1015625,0.004557292,0.06367926,0.15665105,0.05311525,4.6959012e-05,5793.686,0.09292483,0.0,4.7840834,4.7840834,0.1,1.0,0.00318252,0.4226495,6008.6436,1.0,425000.0,60.9164633946919,4897.609479114306,100.0,1.3485233783721924,161.08818757375812
1.8346202e-05,0.0,,,,,,,1189.9867,8298.225,5736.8145,2305.003,915.04956,-960.2958,36167.52,,,,,,1190.1324,0.01426453356742859,16660.669756412506,1430000,0.078125,0.0032552085,0.0649172,0.14573242,0.01912558,1.8346202e-05,5748.425,0.08079687,0.0,4.148596,4.148596,0.1,1.0,0.0015849741,0.37609634,5925.6367,1.0,430000.0,60.925466156250565,2901.1947476626447,100.0,1.3377587795257568,94.10722323992609
3.201511e-05,0.0,,,,,,,765.3601,8291.022,5837.6177,1850.9663,599.1517,-1104.004,24651.197,,,,,,765.5323,0.014310518026351929,16732.22235417366,1435000,0.109375,0.0055338545,0.058449112,0.17220509,0.02172339,3.201511e-05,5848.156,0.11372398,0.0,4.794611,4.794611,0.1,1.0,0.0012941421,0.43590325,5981.536,1.0,435000.0,60.935990765453575,4653.210674492275,100.0,1.3779852390289307,152.88845464365886
6.348237e-05,0.0,,,,,,,903.2545,8190.7295,5804.0576,2104.5671,784.5665,-818.84766,34766.01,,,,,,903.40076,0.014537235689163208,16804.90854048729,1440000,0.12109375,0.006184896,0.05597396,0.14623137,0.0625695,6.348237e-05,5815.2935,0.09019393,0.0,3.8192878,3.8192878,0.1,1.0,0.002252786,0.3283616,5731.5996,1.0,440000.0,60.940384021131436,3990.935064376593,100.0,1.3733398914337158,130.66869322761792
4.1582894e-05,0.0,,,,,,,884.823,7552.2764,5609.675,2078.651,1108.6664,-914.7657,34389.008,,,,,,885.2042,0.014296548986434936,16876.391292095184,1445000,0.1015625,0.0043945312,0.2664383,0.38124025,0.035758734,4.1582894e-05,5628.8154,0.11476036,0.0,4.4011397,4.4011397,0.1,1.0,0.0019865278,0.49434194,5437.291,1.0,445000.0,60.94918003554102,5018.560277144408,100.0,1.3686389923095703,165.14616258334541
4.1098665e-05,0.0,,,,,,,693.64746,7828.7686,5654.5874,2762.5576,444.6508,-382.23425,23942.559,,,,,,693.8713,0.014318958139419555,16947.986090183258,1450000,0.16015625,0.0076497397,0.13807306,0.2238178,0.03050065,4.1098665e-05,5668.714,0.085703634,0.0,4.546021,4.546021,0.1,1.0,0.002108227,0.36830813,5694.042,1.0,450000.0,60.93434574947908,4281.326309201337,100.0,1.3457822799682617,140.4115013255726
2.8121616e-05,0.0,,,,,,,738.31934,7344.1553,5679.2373,-61.260464,573.60535,-1149.9087,28331.496,,,,,,738.51935,0.014523812246322631,17020.605159521103,1455000,0.08984375,0.004557292,0.10199526,0.20000769,0.017560601,2.8121616e-05,5694.366,0.097984314,0.0,3.6982467,3.6982467,0.1,1.0,0.0018524297,0.42405757,5703.188,1.0,455000.0,60.90570405132812,5258.34489726449,100.0,1.8934025764465332,173.19108673414357
4.1521078e-05,0.0,,,,,,,1302.3787,8099.559,5648.556,1720.7344,2135.0215,-992.5512,45576.617,,,,,,1303.2733,0.014309507083892822,17092.152702331543,1460000,0.12109375,0.006184896,0.65660393,0.89466685,0.036255598,4.1521078e-05,5661.9863,0.23802136,0.0,7.565933,7.565933,0.1,1.0,0.0024355412,0.37052906,5723.037,1.0,460000.0,60.95807414621235,4645.5682236025095,100.0,1.3652851581573486,152.63204563083906
3.8801692e-05,0.0,,,,,,,1048.5732,7104.9307,5701.0986,1342.711,772.3035,-770.27765,33841.14,,,,,,1048.7405,0.014540648412704468,17164.855951309204,1465000,0.12109375,0.0053710938,0.06342593,0.16725248,0.029721856,3.8801692e-05,5712.5337,0.10378774,0.0,4.0675907,4.0675907,0.1,1.0,0.0024051694,0.4538363,5351.2476,1.0,465000.0,60.92764981738561,4380.494174473392,100.0,1.3684117794036865,143.73864530132354
5.922686e-05,0.0,,,,,,,735.2023,7223.8633,5671.2285,-123.95617,423.77423,-555.23395,26044.68,,,,,,749.85266,0.014416811180114746,17236.940014123917,1470000,0.15234375,0.0071614585,14.580699,14.650418,0.028075576,5.922686e-05,5684.7676,0.06966019,0.0,3.6923976,3.6923976,0.1,1.0,0.0016849162,0.35121596,5946.0645,0.0,470000.0,10.885256252605943,1778.5278430732558,100.0,1.3397438526153564,56.44104561139449
3.6677113e-05,0.0,,,,,,,816.23083,7134.889,5739.315,2742.3208,1157.1672,-384.11697,26452.73,,,,,,816.4707,0.014438577890396119,17309.13291120529,1475000,0.09765625,0.005045573,0.13121256,0.23987643,0.029592752,3.6677113e-05,5750.5244,0.10862719,0.0,4.2934504,4.2934504,0.1,1.0,0.002664419,0.38742968,5708.089,1.0,475000.0,60.90980327990985,3435.129282565219,100.0,1.373824119567871,112.02106121932513
6.978144e-05,0.0,,,,,,,785.9341,7311.905,5697.4478,2083.863,1851.4092,-597.5061,35785.984,,,,,,786.6211,0.014351062297821045,17380.88822889328,1480000,0.07421875,0.0043945312,0.621849,0.68700206,0.09786129,6.978144e-05,5713.63,0.06508329,0.0,4.3289394,4.3289394,0.1,1.0,0.0019003865,0.3434702,5908.552,1.0,480000.0,60.92199874648042,5269.414605416105,100.0,1.357844352722168,173.56248237414172
1.763372e-05,0.0,,,,,,,726.9612,7859.6313,5724.4062,1733.7039,591.1601,-545.10266,30290.402,,,,,,727.1743,0.014345727157592773,17452.61687064171,1485000,0.078125,0.0034179688,0.062063824,0.21314284,0.019564748,1.763372e-05,5736.08,0.15106139,0.0,4.0603247,4.0603247,0.1,1.0,0.0017058407,0.30610323,6008.7256,1.0,485000.0,60.946310079512685,4492.345477595136,100.0,1.8457040786743164,147.491326558911
4.4371372e-05,0.0,,,,,,,1147.1582,7141.1675,5666.139,1355.1157,1143.5349,-937.1088,34915.902,,,,,,1147.316,0.014289108991622924,17524.06242275238,1490000,0.125,0.0055338545,0.053290885,0.15784502,0.05370295,4.4371372e-05,5683.379,0.10450976,0.0,4.095831,4.095831,0.1,1.0,0.002375688,0.35149127,5738.7466,1.0,490000.0,60.93517234479982,4695.032014406879,100.0,1.3350811004638672,154.29158678503325
5.0893694e-05,0.0,,,,,,,1107.3208,7944.1313,5802.899,37.58299,3770.252,-1580.5784,40399.953,,,,,,1107.508,0.014351837062835694,17595.821614027023,1495000,0.125,0.006184896,0.0756635,0.18729216,0.027818203,5.0893694e-05,5816.9697,0.11157777,0.0,4.434333,4.434333,0.1,1.0,0.00210036,0.39967752,5852.466,1.0,495000.0,60.90489669528989,3406.550851576792,100.0,1.34539794921875,111.06223696472708
3.957799e-05,0.0,,,,,,,1022.02466,7814.2026,5708.909,-61.6027,572.9861,-1002.13806,37156.95,,,,,,1022.46936,0.01426450114250183,17667.14412665367,1500000,0.07421875,0.0035807292,0.29633385,0.4446824,0.07193971,3.957799e-05,5724.074,0.14830896,0.0,5.2609572,5.2609572,0.1,1.0,0.0019825392,0.31403938,5631.865,1.0,500000.0,60.940187122171544,4280.846094318166,100.0,1.3368077278137207,140.3953898155464
5.552586e-05,0.0,,,,,,,935.10754,7744.591,5843.701,579.2033,2280.8892,-856.2486,45755.2,,,,,,935.77106,0.01658291230201721,17750.058693885803,1505000,0.10546875,0.0047200522,0.08036437,0.663512,0.04702556,5.552586e-05,5858.006,0.5830921,0.0,8.166136,8.166136,0.1,1.0,0.0024100193,0.38991457,5728.8037,1.0,505000.0,60.91405588494807,4478.473423286377,100.0,1.363633394241333,147.02591045059748
3.2642856e-05,0.0,,,,,,,1542.6193,7834.3706,5730.2495,411.33218,3629.8274,-3346.6367,63499.54,,,,,,1542.7554,0.014224783372879028,17821.18261742592,1510000,0.10546875,0.004557292,0.050031282,0.1360989,0.030949831,3.2642856e-05,5746.3047,0.086034976,0.0,4.1330795,4.1330795,0.1,1.0,0.0018818658,0.36290735,5803.464,1.0,510000.0,60.90171182792509,5288.937183165491,100.0,1.38382887840271,174.2174770820726
2.7324888e-05,0.0,,,,,,,1718.5176,8033.1514,5748.772,307.3681,1861.0671,-2051.6218,68681.2,,,,,,1721.8491,0.01418886857032776,17892.12696647644,1515000,0.08984375,0.0040690107,3.2270439,3.3315961,0.026039839,2.7324888e-05,5769.259,0.10452473,0.0,2.930472,2.930472,0.1,1.0,0.0020354628,0.4075073,5840.1045,0.0,515000.0,10.894621024821099,3066.3207453422588,100.0,1.362959623336792,99.64730385890867
1.2257951e-05,0.0,,,,,,,858.9616,7609.439,5829.514,212.47229,1050.8662,-401.55704,35177.043,,,,,,941.8348,0.014319954776763916,17963.72674679756,1520000,0.046875,0.001953125,82.75161,82.87316,0.026966572,1.2257951e-05,5841.9653,0.1215395,0.0,4.1845665,4.1845665,0.1,1.0,0.0018567368,0.4141221,5737.2275,0.0,520000.0,0.7277431110225449,41.466405125992516,100.0,1.3260860443115234,-1.838453326292927
2.295004e-05,0.0,,,,,,,1634.2728,10180.376,5784.838,154.05779,1395.5923,-1373.5704,57694.64,,,,,,1634.8301,0.014230875062942504,18034.88112974167,1525000,0.0703125,0.0029296875,0.40329218,0.55726576,0.02418518,2.295004e-05,5800.274,0.15395062,0.0,7.2307997,7.2307997,0.1,1.0,0.0036811598,0.3853836,5907.2686,1.0,525000.0,60.91594620479936,5109.790702496586,100.0,1.3511590957641602,168.2070004796032
2.9162038e-05,0.0,,,,,,,1225.3982,9676.85,5765.2744,124.88135,1763.6199,-1464.2489,45917.83,,,,,,1225.7924,0.01437254147529602,18106.743844032288,1530000,0.078125,0.0032552085,0.19630489,0.394135,0.03996265,2.9162038e-05,5779.827,0.19780093,0.0,5.439917,5.439917,0.1,1.0,0.002746564,0.4844185,5363.324,1.0,530000.0,60.92002674775968,5049.639117346643,100.0,1.3620247840881348,166.18887713274623
3.383844e-05,0.0,,,,,,,1529.7249,9097.263,5933.412,77.10514,2096.5498,-1630.1945,68388.71,,,,,,1529.8887,0.014280812692642211,18178.147914409637,1535000,0.1015625,0.0048828125,0.07196744,0.16376719,0.028879285,3.383844e-05,5951.077,0.09176591,0.0,5.823034,5.823034,0.1,1.0,0.0023081074,0.39729798,6248.016,1.0,535000.0,60.921196525775194,5048.658902156447,100.0,1.3409407138824463,166.1559902993345
3.9924693e-05,0.0,,,,,,,1321.6863,8770.397,5904.3,73.010155,1084.801,-1104.5759,44635.164,,,,,,1323.5844,0.014268346786499023,18249.489654779434,1540000,0.08984375,0.004231771,1.8147283,1.8981012,0.018572211,3.9924693e-05,5918.883,0.08333306,0.0,3.1031106,3.1031106,0.1,1.0,0.0018104406,0.3554932,6145.6377,1.0,540000.0,60.909599873374106,5087.799525784246,100.0,1.3542613983154297,167.4691827307043
5.3224816e-05,0.0,,,,,,,1625.0068,9119.428,5959.2686,1867.1095,1404.8862,-1774.9972,56479.707,,,,,,1682.0026,0.014235140132904053,18320.665361881256,1545000,0.140625,0.006510417,56.870632,56.995705,0.025463939,5.3224816e-05,5976.1475,0.12501957,0.0,6.328827,6.328827,0.1,1.0,0.0034398013,0.36011764,6061.7026,1.0,545000.0,60.914269599822795,5269.813340480712,100.0,1.3329081535339355,173.57586018523497
6.313238e-05,0.0,,,,,,,1411.7996,8643.863,5979.324,-168.57741,735.52856,-2000.1638,42508.55,,,,,,1412.0415,0.014359891176223756,18392.46482372284,1550000,0.14453125,0.006510417,0.16370977,0.24188386,0.04411316,6.313238e-05,5996.185,0.078110956,0.0,4.127665,4.127665,0.1,1.0,0.006348996,0.38339102,6040.81,1.0,550000.0,60.950233089143765,4370.749728484923,100.0,1.3378515243530273,143.4117130367374
3.1260715e-05,0.0,,,,,,,2102.6885,8946.429,6103.855,1721.0763,991.95917,-2397.543,60389.35,,,,,,2107.9375,0.01441483120918274,18464.538986444473,1555000,0.109375,0.004557292,5.1884494,5.2490797,0.02941811,3.1260715e-05,6119.7627,0.06059892,0.0,5.216998,5.216998,0.1,1.0,0.0018047208,0.41610503,6131.783,1.0,555000.0,60.93882173057764,5391.710960736013,100.0,1.3606433868408203,177.66560167334868
2.7227468e-05,0.0,,,,,,,1637.7687,9046.752,6035.2896,1525.723,1032.783,-1094.4546,49297.6,,,,,,1638.0726,0.014461876487731933,18536.848375320435,1560000,0.1015625,0.0043945312,0.076625094,0.30398357,0.0404253,2.7227468e-05,6052.1504,0.22733125,0.0,6.1750803,6.1750803,0.1,1.0,0.0034143995,0.47380924,5987.0225,0.0,560000.0,10.885437819038088,3189.567628159483,100.0,1.3745791912078857,103.78231395084173
5.6847213e-05,0.0,,,,,,,1610.662,8454.378,6178.9497,2566.6824,2507.8342,-2295.865,66606.31,,,,,,1652.1324,0.014362902116775513,18608.662891626358,1565000,0.140625,0.0066731772,41.35835,41.470516,0.044493675,5.6847213e-05,6196.038,0.11211106,0.0,4.827271,4.827271,0.1,1.0,0.0026386036,0.36837745,6225.7334,1.0,565000.0,60.92536991731511,3943.497150045519,100.0,1.3912339210510254,129.07712149764444
3.695566e-05,0.0,,,,,,,1297.6288,9110.819,6048.7324,2856.1484,2643.6052,-1482.5354,62853.39,,,,,,1297.8514,0.014396600198745727,18680.645898103714,1570000,0.12109375,0.0055338545,0.116899624,0.22271135,0.020716548,3.695566e-05,6063.441,0.10577478,0.0,5.351992,5.351992,0.1,1.0,0.0028258073,0.40720075,6338.758,1.0,570000.0,60.93575071742807,5272.104619715057,100.0,1.3695175647735596,173.65273403827598
2.7597573e-05,0.0,,,,,,,1273.5857,8260.99,6007.65,2762.9844,1372.5247,-1395.0997,52756.88,,,,,,1273.7413,0.014500890064239502,18753.150354862213,1575000,0.09765625,0.0048828125,0.047468927,0.15560874,0.017331243,2.7597573e-05,6023.798,0.108112216,0.0,4.4054885,4.4054885,0.1,1.0,0.0018469146,0.35639882,6066.313,1.0,575000.0,60.91090190545944,4951.045335425334,100.0,1.3442494869232178,162.88099401288622
3.9293587e-05,0.0,,,,,,,1171.1259,8888.258,5979.924,1932.0046,742.4993,-916.3268,44427.25,,,,,,1171.4718,0.014386911821365356,18825.084921121597,1580000,0.12890625,0.0060221357,0.14023101,0.34595487,0.024190784,3.9293587e-05,5996.085,0.20568457,0.0,5.654546,5.654546,0.1,1.0,0.0019409806,0.3622778,5982.513,1.0,580000.0,60.91078703962467,5096.910156947211,100.0,1.890756368637085,167.7748501110194
3.799781e-05,0.0,,,,,,,1222.3497,9929.126,6030.25,2686.0977,1702.4811,-2174.9453,46998.453,,,,,,1223.3514,0.014256141185760497,18896.36563396454,1585000,0.1171875,0.0053710938,0.89832354,1.0017458,0.021377325,3.799781e-05,6047.454,0.1033843,0.0,5.399705,5.399705,0.1,1.0,0.003023304,0.46005672,6069.878,1.0,585000.0,60.94827192622131,5077.90880683756,100.0,1.3694751262664795,167.13734291677838
3.475017e-05,0.0,,,,,,,1379.2888,9748.117,6060.671,925.6435,1300.4999,-1570.9137,50706.168,,,,,,1379.4757,0.014364433526992798,18968.18780851364,1590000,0.1015625,0.005045573,0.09309775,0.18689117,0.032031536,3.475017e-05,6079.583,0.093758665,0.0,4.628482,4.628482,0.1,1.0,0.0014665065,0.3221962,6197.575,1.0,590000.0,60.93792401385028,5088.218539102461,100.0,1.8545043468475342,167.48324088990373
4.656221e-05,0.0,,,,,,,1331.1666,8457.427,5973.154,2733.963,953.4917,-1044.8402,36469.203,,,,,,1331.3424,0.014463946533203126,19040.507548093796,1595000,0.0859375,0.0037434897,0.0787663,0.17582239,0.065624714,4.656221e-05,5988.7075,0.097009525,0.0,4.725945,4.725945,0.1,1.0,0.002098077,0.37681612,6257.9614,1.0,595000.0,60.93507489790231,4003.714360186263,100.0,1.357966661453247,131.09744660403518
