training/actor/actor_loss,training/actor/bound_loss,training/actor/mse,training/actor/q,training/actor/q_loss,training/alpha/current_vs_historical_ratio,training/alpha/historical_avg_loss,training/alpha/max_alpha_bound,training/alpha/min_alpha_bound,training/alpha/valid_count,training/alpha_weight,training/critic/critic_loss,training/critic/q_max,training/critic/q_mean,training/critic/q_min,training/grad/max,training/grad/min,training/grad/norm,training/meanflow/consistency_loss,training/meanflow/flow_loss,training/meanflow/mean_flow_loss,training/metrics/actor_learning_rate,training/metrics/critic_learning_rate,training/total_loss,time/epoch_time,time/total_time,step,exploration/goal_achieved,exploration/total.timesteps,exploration/episode.final_reward,exploration/episode.return,exploration/episode.length,exploration/episode.duration,exploration/episode.normalized_return
0.10818009,0.0,0.3877815,-0.10818009,0.10818009,1.0,0.0,10000.0,100.0,0,1000.0,123.2731,2.7377276,0.11762454,-3.5874968,1407.4473,-1270.286,25817.434,0.07599237,0.8313438,0.8313438,0.0,0.0003,954.7251,0.008518999004364014,42.59500002861023,0,,,,,,,
-128.96391,0.020665182,0.07881948,128.98457,-128.98457,22878266.0,0.0,10000.0,100.0,2,1000.0,23.063328,689.1912,128.69133,-6.8878264,471.83127,-509.22418,18948.785,0.014385163,0.22878265,0.22878265,1e-05,0.0003,122.882065,0.010655815601348878,95.87408328056335,5000,,,,,,,
-330.0292,0.014184242,0.06502303,330.0434,-330.0434,23305374.0,0.0,10000.0,100.0,4,1000.0,1249.1208,1238.629,318.23492,-10.71529,856.43726,-818.45886,48280.977,0.009751436,0.23305374,0.23305374,2e-05,0.0003,1152.1454,0.003628398036956787,114.01607847213745,10000,,,,,,,
-1063.2249,0.012557631,0.077141844,1063.2374,-1063.2374,27440452.0,0.0,10000.0,100.0,7,1000.0,365.42944,1635.7804,1055.303,646.3189,602.3235,-610.0791,19016.008,0.014484753,0.27440453,0.27440453,3e-05,0.0003,-423.39087,0.0036169857501983644,132.10101199150085,15000,,,,,,,
-1224.5348,0.008391093,0.049682453,1224.5432,-1224.5432,17979496.0,0.0,10000.0,100.0,9,1000.0,93.71834,1970.8041,1222.0664,636.20605,649.43414,-491.77844,10165.062,0.008005576,0.17979495,0.17979495,4e-05,0.0003,-951.0215,0.0036802470684051515,150.50225257873535,20000,,,,,,,
-1736.4315,0.018828504,0.10436778,1736.4503,-1736.4503,3.4523184,0.08639576,10000.0,100.0,12,1000.0,318.18454,2222.3713,1721.5706,1316.0934,719.8955,-447.70856,17089.158,0.013412039,0.2982657,0.2982657,5e-05,0.0003,-1119.9812,0.0037000065326690673,169.0022897720337,25000,,,,,,,
-2016.595,0.061021823,0.4830449,2016.656,-2016.656,4.117335,0.15070705,10000.0,100.0,14,1000.0,1119.393,2433.6128,1915.8861,1116.9918,613.1227,-715.9148,38210.93,0.03602071,0.62051135,0.62051135,6e-05,0.0003,-276.69067,0.0036928262233734133,187.46642541885376,30000,,,,,,,
-2032.9846,0.008243735,0.050499555,2032.9929,-2032.9929,1.0313638,0.21094014,10000.0,100.0,17,1000.0,26.229593,2603.0032,2028.7285,1641.1936,695.64246,-471.00946,7311.768,0.008772338,0.21755603,0.21755603,6.9999995e-05,0.0003,-1789.199,0.0036931958675384523,205.93240928649902,35000,,,,,,,
-2293.26,0.012961792,0.081704415,2293.273,-2293.273,1.8868469,0.2571587,10000.0,100.0,19,1000.0,2232.0798,2741.9531,2273.667,1700.4735,1033.9369,-459.40045,49245.188,0.009023476,0.48521912,0.48521912,8e-05,0.0003,424.03894,0.0036894724369049073,224.37977623939514,40000,,,,,,,
-2508.7542,0.02122761,0.1718134,2508.7754,-2508.7754,1.151253,0.3068286,10000.0,100.0,20,1000.0,374.2091,2849.3271,2481.8481,2097.9644,102.20661,-249.56123,13838.061,0.021922959,0.35323733,0.35323733,8.9999994e-05,0.0003,-1781.3076,0.003671423101425171,242.736896276474,45000,,,,,,,
-2462.8953,0.032388527,0.3051053,2462.9277,-2462.9277,1.6583023,0.32374057,10000.0,100.0,20,1000.0,452.00027,2940.2053,2402.9016,1852.4133,107.77054,-309.0313,17909.59,0.018399214,0.53685975,0.53685975,1e-04,0.0003,-1474.0353,0.0036655348777770995,261.06457591056824,50000,,,,,,,
-2449.7034,0.0100756,0.04464478,2449.7134,-2449.7134,0.7905391,0.3480641,10000.0,100.0,20,1000.0,94.16361,3009.9197,2445.0588,1529.6948,60.937233,-98.84783,7897.0938,0.007958217,0.2751583,0.2751583,9.999385e-05,0.0003,-2080.3816,0.003607607650756836,279.102618932724,55000,,,,,,,
-2511.2651,0.009197602,0.050528914,2511.2744,-2511.2744,0.55201054,0.33640587,10000.0,100.0,20,1000.0,42.01313,3071.2239,2509.232,1923.0195,65.865715,-78.941284,4244.0986,0.008421794,0.18569958,0.18569958,9.99754e-05,0.0003,-2283.5522,0.0036574292182922365,297.3897695541382,60000,,,,,,,
-2699.346,0.011109943,0.056843497,2699.3572,-2699.3572,0.6558449,0.32486475,10000.0,100.0,20,1000.0,414.226,3125.8699,2692.185,1776.4685,386.62546,-121.4216,17731.703,0.010863212,0.21306089,0.21306089,9.994465e-05,0.0003,-2072.059,0.0036433061599731443,315.6063051223755,65000,,,,,,,
-2530.51,0.008540126,0.053410348,2530.5186,-2530.5186,0.75385153,0.33209512,10000.0,100.0,20,1000.0,693.34656,3166.6345,2521.9387,1563.8689,532.7267,-158.64233,23920.115,0.007987548,0.25035042,0.25035042,9.990162e-05,0.0003,-1586.813,0.00363330774307251,333.77284812927246,70000,,,,,,,
-2714.0571,0.008607654,0.07980248,2714.0657,-2714.0657,0.72205,0.3417885,10000.0,100.0,20,1000.0,127.93876,3203.6487,2699.7212,2088.9048,72.33815,-228.62674,9650.496,0.008300156,0.24678838,0.24678838,9.984629e-05,0.0003,-2339.33,0.0036224013805389406,351.88485980033875,75000,,,,,,,
-2903.1907,0.018621542,0.17708099,2903.2092,-2903.2092,1.4320112,0.33191493,10000.0,100.0,20,1000.0,351.92618,3239.6755,2869.9055,2343.338,556.4987,-133.43643,17778.547,0.011430213,0.4753059,0.4753059,9.977873e-05,0.0003,-2075.9585,0.003576232671737671,369.7660279273987,80000,,,,,,,
-2964.6995,0.037851535,0.28885424,2964.7373,-2964.7373,1.2966568,0.32161832,10000.0,100.0,20,1000.0,123.46728,3264.5393,2915.044,2264.2568,45.413383,-152.42291,8850.137,0.019646872,0.4170286,0.4170286,9.969891e-05,0.0003,-2424.2036,0.003632007884979248,387.9260718822479,85000,,,,,,,
-2789.0093,0.0058464496,0.04076485,2789.0151,-2789.0151,0.5051181,0.31175944,10000.0,100.0,20,1000.0,17.499075,3277.2502,2787.845,2440.8943,38.086555,-46.01589,2897.5916,0.008788617,0.15747534,0.15747534,9.9606885e-05,0.0003,-2614.035,0.0036369810104370116,406.110981464386,90000,,,,,,,
-2859.3782,0.0088402685,0.04316725,2859.387,-2859.387,0.53596276,0.29157785,10000.0,100.0,20,1000.0,30.18092,3296.03,2857.4912,2243.167,47.378933,-48.079807,3126.333,0.006721945,0.15627486,0.15627486,9.950265e-05,0.0003,-2672.9224,0.003640131139755249,424.31164145469666,95000,,,,,,,
-2838.3093,0.0065138447,0.039866015,2838.316,-2838.316,0.5144116,0.30866098,10000.0,100.0,20,1000.0,1231.8942,3300.334,2838.4062,2339.1428,911.9814,-245.74251,29398.89,0.0074311374,0.1587788,0.1587788,9.938626e-05,0.0003,-1447.6364,0.003605424165725708,442.3387670516968,100000,,,,,,,
-2922.8455,0.022599341,0.22096288,2922.8682,-2922.8682,1.2354456,0.3259733,10000.0,100.0,20,1000.0,761.1829,3302.941,2886.4478,1628.4686,218.41246,-823.9373,24614.43,0.022826422,0.40272227,0.40272227,9.9257726e-05,0.0003,-1758.9403,0.010026747274398803,492.4725110530853,105000,,,,,,,
-2828.4126,0.008716932,0.03908236,2828.4214,-2828.4214,0.49631676,0.33035105,10000.0,100.0,20,1000.0,415.83154,3307.9548,2826.0176,2403.366,233.94388,-92.27952,11208.121,0.005728681,0.16395876,0.16395876,9.91171e-05,0.0003,-2248.6223,0.0038923780918121336,511.93440890312195,110000,,,,,,,
-2931.6514,0.01130157,0.10222272,2931.6626,-2931.6626,0.9741854,0.30473176,10000.0,100.0,20,1000.0,148.9218,3322.0251,2912.7952,2462.1213,75.43582,-322.54752,11974.503,0.010384035,0.29686522,0.29686522,9.896442e-05,0.0003,-2485.8643,0.003948386478424072,531.6763470172882,115000,,,,,,,
-3022.292,0.024816103,0.21016814,3022.317,-3022.317,0.8958545,0.31791076,10000.0,100.0,20,1000.0,104.596245,3324.967,2980.453,2358.1067,49.276215,-209.21948,8097.8047,0.014358717,0.28480178,0.28480178,9.8799705e-05,0.0003,-2632.894,0.004006977415084839,551.7112398147583,120000,,,,,,,
-3046.703,0.023542672,0.20719777,3046.7263,-3046.7263,1.0856916,0.30973434,10000.0,100.0,20,1000.0,192.28307,3323.5745,3011.2876,2342.656,82.57027,-117.48562,7567.098,0.014657514,0.336276,0.336276,9.8623015e-05,0.0003,-2518.144,0.00406568284034729,572.0396587848663,125000,,,,,,,
-2907.8062,0.0072402786,0.041011885,2907.8135,-2907.8135,0.51649827,0.31371397,10000.0,100.0,20,1000.0,145.2116,3323.2131,2905.9727,2452.6487,299.38214,-61.511356,9813.601,0.005940878,0.16203272,0.16203272,9.843441e-05,0.0003,-2600.5618,0.004066916847229004,592.3742516040802,130000,,,,,,,
-2857.1067,0.009715979,0.08357609,2857.1165,-2857.1165,1.3025823,0.3002402,10000.0,100.0,20,1000.0,239.0972,3322.0227,2843.5757,2220.9138,352.74127,-92.10733,13345.564,0.009681671,0.39108753,0.39108753,9.823391e-05,0.0003,-2226.9219,0.004014287757873535,612.4456968307495,135000,,,,,,,
-3013.9045,0.011178469,0.119271606,3013.9158,-3013.9158,1.0496268,0.29536846,10000.0,100.0,20,1000.0,164.04376,3331.6733,2994.088,1912.9836,291.46332,-62.195053,10272.028,0.00877587,0.31002668,0.31002668,9.8021614e-05,0.0003,-2539.8342,0.004072597789764404,632.8086905479431,140000,,,,,,,
-3028.089,0.011269882,0.14356051,3028.1003,-3028.1003,1.9899999,0.2984304,10000.0,100.0,20,1000.0,192.23553,3346.1394,3002.1729,1824.2545,264.9009,-90.86232,12288.278,0.011364491,0.5938765,0.5938765,9.779754e-05,0.0003,-2241.977,0.00406048583984375,653.1111249923706,145000,,,,,,,
-2906.8713,0.008498736,0.0399606,2906.88,-2906.88,0.64430577,0.29869923,10000.0,100.0,20,1000.0,23.206837,3360.7544,2902.5593,2339.8025,51.62619,-54.23659,3575.98,0.008050654,0.19245364,0.19245364,9.756177e-05,0.0003,-2691.211,0.004064576768875122,673.434014081955,150000,,,,,,,
-2994.4932,0.014973457,0.14956023,2994.508,-2994.508,1.2255181,0.289129,10000.0,100.0,20,1000.0,167.3718,3375.95,2959.784,1550.3121,261.6474,-71.42281,10593.997,0.01011953,0.3543328,0.3543328,9.7314376e-05,0.0003,-2472.7886,0.004047713232040406,693.6725850105286,155000,,,,,,,
-2956.3167,0.01526905,0.17091908,2956.332,-2956.332,1.5551047,0.27841327,10000.0,100.0,20,1000.0,97.10446,3379.4983,2925.92,1776.3896,84.54931,-122.91876,6843.025,0.011534584,0.4329618,0.4329618,9.7055396e-05,0.0003,-2426.2505,0.004019324350357055,713.769211769104,160000,,,,,,,
-2990.5774,0.008444916,0.044983253,2990.586,-2990.586,1.2730777,0.27971524,10000.0,100.0,20,1000.0,1689.5049,3370.8232,2982.454,984.57947,1181.8601,-335.9504,37623.8,0.0077849044,0.35609925,0.35609925,9.6784934e-05,0.0003,-944.97327,0.0040692192077636715,734.115312576294,165000,,,,,,,
-3000.4265,0.033856634,0.25824043,3000.4604,-3000.4604,1.3916408,0.28974578,10000.0,100.0,20,1000.0,503.67517,3370.6245,2956.6206,2409.4937,144.32562,-477.5605,19371.234,0.022102134,0.40322205,0.40322205,9.6503034e-05,0.0003,-2093.5293,0.004072329330444336,754.4769656658173,170000,,,,,,,
-2959.3403,0.033995908,0.271776,2959.3743,-2959.3743,2.1545646,0.30970076,10000.0,100.0,20,1000.0,254.91194,3371.4292,2907.3674,752.70435,67.33098,-174.25241,11573.689,0.021895653,0.6672703,0.6672703,9.62098e-05,0.0003,-2037.1582,0.004056021022796631,774.7570757865906,175000,,,,,,,
-2958.202,0.011467531,0.1441383,2958.2134,-2958.2134,0.97345155,0.329585,10000.0,100.0,20,1000.0,68.357155,3364.572,2933.8555,2579.7593,97.24765,-54.48049,4407.117,0.011866719,0.32083502,0.32083502,9.59053e-05,0.0003,-2569.0098,0.004065168046951294,795.0829215049744,180000,,,,,,,
-2924.6797,0.008848622,0.036489803,2924.6885,-2924.6885,0.7075239,0.34628615,10000.0,100.0,20,1000.0,33.52365,3353.8733,2921.6829,743.4331,51.155617,-49.73422,3934.7246,0.007376604,0.24500573,0.24500573,9.558961e-05,0.0003,-2646.1504,0.004048763132095337,815.3267426490784,185000,,,,,,,
-2859.3127,0.0055944193,0.04396968,2859.3184,-2859.3184,0.5432811,0.3445405,10000.0,100.0,20,1000.0,500.99377,3355.372,2854.6528,2292.6008,464.3835,-130.37021,18340.88,0.0070768967,0.18718234,0.18718234,9.526282e-05,0.0003,-2171.1365,0.003958624315261841,835.1198689937592,190000,,,,,,,
-2964.2502,0.019214101,0.22232501,2964.2695,-2964.2695,0.93545914,0.35326833,10000.0,100.0,20,1000.0,330.19537,3342.5454,2930.2822,508.29584,147.1982,-381.01447,15466.276,0.016280798,0.3304681,0.3304681,9.4925024e-05,0.0003,-2303.587,0.004013465070724487,855.1871993541718,195000,,,,,,,
-2923.8298,0.010439368,0.14372188,2923.8403,-2923.8403,0.615924,0.36156458,10000.0,100.0,20,1000.0,57.528908,3336.288,2900.141,2291.8372,45.81423,-59.48307,4222.6865,0.011199849,0.22269629,0.22269629,9.457632e-05,0.0003,-2643.6047,0.004021634006500244,875.2953751087189,200000,,,,,,,
-2835.5562,0.0067569194,0.04159721,2835.563,-2835.563,0.9763477,0.36079293,10000.0,100.0,20,1000.0,1004.02704,3340.6704,2830.5151,2229.0337,699.013,-246.63333,29115.828,0.007396531,0.35225934,0.35225934,9.42168e-05,0.0003,-1479.2698,0.008200348758697509,916.2971248626709,205000,,,,,,,
-2874.0244,0.014162909,0.1342893,2874.0386,-2874.0386,1.3369836,0.35016283,10000.0,100.0,20,1000.0,316.95648,3329.1567,2849.5762,2328.2979,217.19281,-352.02115,14381.155,0.011713732,0.46816194,0.46816194,9.384654e-05,0.0003,-2088.906,0.003787311029434204,935.2336852550507,210000,,,,,,,
-2949.0488,0.023523021,0.20390454,2949.0723,-2949.0723,1.6373518,0.36081934,10000.0,100.0,20,1000.0,153.7208,3328.386,2910.8945,2248.1816,193.28967,-112.06564,8019.8916,0.009966408,0.5907882,0.5907882,9.346567e-05,0.0003,-2204.54,0.0037201340675354004,953.8343617916107,215000,,,,,,,
-2914.105,0.0058134496,0.07584702,2914.1108,-2914.1108,0.6941706,0.33655125,10000.0,100.0,20,1000.0,246.25342,3322.4084,2898.176,2191.8364,323.72812,-126.614136,14020.455,0.00858431,0.23362398,0.23362398,9.30743e-05,0.0003,-2434.2275,0.0037925452709197996,972.7970933914185,220000,,,,,,,
-2908.137,0.01637116,0.1929748,2908.1533,-2908.1533,1.2093266,0.31572762,10000.0,100.0,20,1000.0,164.17279,3326.36,2872.191,2044.0808,72.42064,-80.93672,6261.1836,0.01783969,0.38181785,0.38181785,9.267249e-05,0.0003,-2362.1462,0.0037946129322052003,991.7701632976532,225000,,,,,,,
-2865.3035,0.013980366,0.16604929,2865.3174,-2865.3174,1.1272031,0.3130958,10000.0,100.0,20,1000.0,143.47766,3317.0046,2831.4214,1987.7242,99.07993,-113.492096,7305.383,0.009440271,0.35292256,0.35292256,9.2260394e-05,0.0003,-2368.903,0.003800498151779175,1010.7726595401764,230000,,,,,,,
-2912.3313,0.011574484,0.15340336,2912.3428,-2912.3428,1.144391,0.32394138,10000.0,100.0,20,1000.0,67.467804,3307.7612,2887.6492,2510.9285,105.00535,-48.13057,4414.959,0.013985452,0.3707156,0.3707156,9.183811e-05,0.0003,-2474.148,0.0038073442935943605,1029.809386253357,235000,,,,,,,
-2952.7158,0.026746059,0.26985833,2952.7427,-2952.7427,1.2107589,0.31543213,10000.0,100.0,20,1000.0,122.06305,3295.8242,2911.3706,2482.946,56.543747,-115.89932,4759.0635,0.020656565,0.3819123,0.3819123,9.1405775e-05,0.0003,-2448.7405,0.003727492094039917,1048.4468519687653,240000,,,,,,,
-2801.5464,0.005903233,0.07329933,2801.5522,-2801.5522,0.8675418,0.31637913,10000.0,100.0,20,1000.0,143.75882,3291.9705,2786.7769,2052.944,76.95345,-202.15112,9592.35,0.008041157,0.27447212,0.27447212,9.0963455e-05,0.0003,-2383.3154,0.003771356964111328,1067.3036444187164,245000,,,,,,,
-2849.5103,0.0070303194,0.039959773,2849.5173,-2849.5173,0.8938543,0.3182307,10000.0,100.0,20,1000.0,400.17432,3288.5012,2845.2192,1955.3368,265.76743,-83.55543,14215.271,0.0077617085,0.28445187,0.28445187,9.051133e-05,0.0003,-2164.884,0.0037750253677368163,1086.178781747818,250000,,,,,,,
-2791.7742,0.008274095,0.04395986,2791.7825,-2791.7825,0.72375077,0.31365767,10000.0,100.0,20,1000.0,75.05539,3287.728,2784.339,2412.7341,69.23216,-45.967556,4990.5527,0.0069020265,0.22700998,0.22700998,9.004948e-05,0.0003,-2489.7087,0.0037668694496154785,1105.0131335258484,255000,,,,,,,
-2879.4229,0.007225099,0.045652132,2879.4302,-2879.4302,1.101697,0.31181332,10000.0,100.0,20,1000.0,35.48728,3291.0955,2872.26,1892.1866,70.39265,-50.697807,3836.6138,0.0076968493,0.3435238,0.3435238,8.9578054e-05,0.0003,-2500.4116,0.0037108165740966795,1123.567221879959,260000,,,,,,,
-2985.3467,0.0075205914,0.13558076,2985.3542,-2985.3542,0.5679319,0.3113108,10000.0,100.0,20,1000.0,141.34921,3290.1064,2960.7769,2521.3928,103.072266,-87.58826,7387.413,0.012084463,0.17680334,0.17680334,8.909717e-05,0.0003,-2667.1943,0.003626063346862793,1141.697544336319,265000,,,,,,,
-2848.8118,0.007534274,0.10053112,2848.8193,-2848.8193,0.89770937,0.30704546,10000.0,100.0,20,1000.0,100.21823,3297.7192,2829.0112,2332.3196,158.13306,-67.987976,7997.423,0.006945913,0.27563757,0.27563757,8.860696e-05,0.0003,-2472.956,0.003723392486572266,1160.3145117759705,270000,,,,,,,
-2887.5051,0.012020165,0.11914654,2887.517,-2887.517,1.4087343,0.3159272,10000.0,100.0,20,1000.0,108.800995,3305.1223,2859.6191,1458.5942,92.65586,-69.8911,5536.332,0.011749839,0.4450575,0.4450575,8.810758e-05,0.0003,-2333.6465,0.0037320109367370603,1178.974571466446,275000,,,,,,,
-2851.9229,0.008917768,0.09348053,2851.932,-2851.932,0.95610535,0.33925593,10000.0,100.0,20,1000.0,83.789474,3307.215,2832.9912,2083.968,156.04924,-67.27002,5162.9263,0.006624723,0.32436442,0.32436442,8.759914e-05,0.0003,-2443.7688,0.0037110733032226562,1197.5299434661865,280000,,,,,,,
-2951.76,0.022712514,0.23713994,2951.7827,-2951.7827,1.1157676,0.3278058,10000.0,100.0,20,1000.0,271.37927,3306.234,2905.8728,2180.2185,101.22589,-225.52103,11842.727,0.016548555,0.36575508,0.36575508,8.708179e-05,0.0003,-2314.6257,0.003675914764404297,1215.909521818161,285000,,,,,,,
-2995.745,0.00944711,0.15719143,2995.7546,-2995.7546,0.5225003,0.31597432,10000.0,100.0,20,1000.0,91.80138,3319.779,2971.036,2316.3923,78.98392,-111.81527,4920.3096,0.012424086,0.16509667,0.16509667,8.655565e-05,0.0003,-2738.8472,0.0035818707942962646,1233.8188807964325,290000,,,,,,,
-2924.4873,0.029407758,0.26942205,2924.5166,-2924.5166,1.3545314,0.29833522,10000.0,100.0,20,1000.0,314.96863,3318.5347,2859.2988,2368.254,100.17737,-218.67462,13039.732,0.0245103,0.40410444,0.40410444,8.602091e-05,0.0003,-2205.414,0.0036032899379730226,1251.8353352546692,295000,,,,,,,
-2922.5684,0.014263487,0.14059815,2922.5825,-2922.5825,1.2175757,0.30692735,10000.0,100.0,20,1000.0,116.21638,3308.2595,2896.4233,2388.8574,140.6673,-92.55057,8539.197,0.009014103,0.37370726,0.37370726,8.547767e-05,0.0003,-2432.6448,0.003621281623840332,1269.9417486190796,300000,,,,,,,
-2902.149,0.008333544,0.09159713,2902.1572,-2902.1572,1.1763384,0.30202717,10000.0,100.0,20,1000.0,120.45234,3307.2957,2883.2012,2256.0945,93.55488,-48.118553,7253.5254,0.0089925155,0.35528618,0.35528618,8.49261e-05,0.0003,-2426.4104,0.00828378086090088,1311.3606579303741,305000,,,,,,,
-2846.2876,0.008064929,0.103703216,2846.2957,-2846.2957,0.97906464,0.31237993,10000.0,100.0,20,1000.0,107.265274,3310.7993,2825.9038,2305.518,77.709625,-129.68735,8177.194,0.009923375,0.30584013,0.30584013,8.436636e-05,0.0003,-2433.1821,0.0038736742496490477,1330.7290341854095,310000,,,,,,,
-2924.7913,0.007115963,0.1169863,2924.7983,-2924.7983,1.220148,0.29217476,10000.0,100.0,20,1000.0,80.39856,3320.5242,2902.0295,2387.8767,117.49237,-119.82932,7503.3945,0.008393935,0.35649645,0.35649645,8.3798586e-05,0.0003,-2487.896,0.0037927605628967284,1349.692842721939,315000,,,,,,,
-2812.7432,0.015536882,0.21603061,2812.7588,-2812.7588,1.5302597,0.2767108,10000.0,100.0,20,1000.0,325.19736,3327.201,2769.9824,2164.4993,77.129974,-242.45824,13789.682,0.018107789,0.42343938,0.42343938,8.322294e-05,0.0003,-2064.1064,0.003837221622467041,1368.8789575099945,320000,,,,,,,
-2911.819,0.014417143,0.18740833,2911.8335,-2911.8335,0.9784395,0.28718415,10000.0,100.0,20,1000.0,71.17764,3327.107,2879.0383,1162.3114,113.94279,-82.82084,5601.3496,0.007856078,0.28099233,0.28099233,8.263957e-05,0.0003,-2559.649,0.0038504350662231447,1388.1311378479004,325000,,,,,,,
-2836.83,0.010669326,0.15009359,2836.8408,-2836.8408,1.3380995,0.2938575,10000.0,100.0,20,1000.0,74.03686,3327.2427,2810.5317,2305.4744,121.46883,-52.35455,4603.736,0.013851275,0.3932106,0.3932106,8.2048646e-05,0.0003,-2369.5825,0.003802844762802124,1407.1453664302826,330000,,,,,,,
-2847.7432,0.007181945,0.04441773,2847.7502,-2847.7502,1.286124,0.30527735,10000.0,100.0,20,1000.0,117.421616,3319.2046,2841.6304,843.9147,88.994385,-76.6451,6899.959,0.006103781,0.3926245,0.3926245,8.1450344e-05,0.0003,-2337.697,0.0037996273040771483,1426.143508195877,335000,,,,,,,
-2944.8313,0.011073744,0.19249044,2944.8423,-2944.8423,1.2293373,0.29301706,10000.0,100.0,20,1000.0,209.07506,3314.6504,2912.9824,2131.9827,121.20086,-198.99219,9551.202,0.013468179,0.36021683,0.36021683,8.0844795e-05,0.0003,-2375.5396,0.0036453200340271,1444.37011384964,340000,,,,,,,
-2883.6648,0.008136432,0.031384796,2883.6729,-2883.6729,0.47212437,0.28594992,10000.0,100.0,20,1000.0,72.61587,3320.8757,2882.1826,2015.4965,54.902985,-88.33023,4306.1353,0.005059492,0.13500392,0.13500392,8.0232174e-05,0.0003,-2676.045,0.003807605504989624,1463.4081473350525,345000,,,,,,,
-2911.5757,0.006415101,0.029063245,2911.582,-2911.582,0.42505604,0.27686843,10000.0,100.0,20,1000.0,78.96557,3319.7964,2910.833,2130.227,64.6363,-87.403076,5564.28,0.0047341725,0.1176846,0.1176846,7.961267e-05,0.0003,-2714.9255,0.0038350330352783205,1482.583317041397,350000,,,,,,,
-2906.5098,0.016042218,0.20876577,2906.526,-2906.526,1.3313891,0.27304515,10000.0,100.0,20,1000.0,103.63374,3321.9165,2872.942,1969.9691,67.91025,-73.46548,6098.3467,0.015126046,0.36352932,0.36352932,7.898643e-05,0.0003,-2439.3467,0.003849402666091919,1501.8303365707397,355000,,,,,,,
-2824.0688,0.0044940347,0.028597476,2824.0732,-2824.0732,0.63013613,0.26547998,10000.0,100.0,20,1000.0,94.51108,3310.8853,2823.3286,2313.081,128.9818,-84.79056,5992.46,0.005649143,0.16728853,0.16728853,7.835362e-05,0.0003,-2562.2693,0.0038583802223205567,1521.1222426891327,360000,,,,,,,
-2930.1155,0.015850771,0.2079432,2930.1313,-2930.1313,1.0029103,0.24097131,10000.0,100.0,20,1000.0,111.5187,3310.3523,2892.0312,2367.9866,50.137627,-100.757866,4711.443,0.009116626,0.2416726,0.2416726,7.7714445e-05,0.0003,-2576.924,0.0038078919887542723,1540.16170835495,365000,,,,,,,
-2892.0332,0.009143209,0.031886987,2892.0422,-2892.0422,1.5639037,0.24964729,10000.0,100.0,20,1000.0,646.6555,3318.9087,2887.4626,2340.4355,409.38324,-311.45093,20677.633,0.005754427,0.3904243,0.3904243,7.706907e-05,0.0003,-1854.9534,0.003853286075592041,1559.4281437397003,370000,,,,,,,
-2937.0764,0.011564093,0.17222501,2937.088,-2937.088,1.3677349,0.25754175,10000.0,100.0,20,1000.0,283.21704,3322.1797,2903.0852,2214.4133,258.27026,-124.395325,13592.037,0.014229376,0.35224885,0.35224885,7.641764e-05,0.0003,-2301.6106,0.0038643338680267336,1578.7498180866241,375000,,,,,,,
-2865.4192,0.0060250293,0.098389685,2865.4253,-2865.4253,1.7300196,0.25163126,10000.0,100.0,20,1000.0,213.12396,3307.0068,2844.3013,2425.6423,78.05315,-227.24852,11153.186,0.008058621,0.43532702,0.43532702,7.5760356e-05,0.0003,-2216.9683,0.003881553077697754,1598.1575889587402,380000,,,,,,,
-2893.116,0.011750961,0.16099279,2893.1277,-2893.1277,1.4496378,0.26696268,10000.0,100.0,20,1000.0,87.62837,3295.5999,2865.8933,2123.3481,70.98897,-67.019424,5711.3516,0.007537453,0.3869992,0.3869992,7.50974e-05,0.0003,-2418.4883,0.0039012816429138185,1617.6640028953552,385000,,,,,,,
-2899.0386,0.0068603246,0.16355701,2899.0454,-2899.0454,0.6900624,0.2636602,10000.0,100.0,20,1000.0,65.03923,3303.1182,2868.4688,2100.7205,97.85274,-88.90567,5545.093,0.008159583,0.18194199,0.18194199,7.442894e-05,0.0003,-2652.0574,0.003870420503616333,1637.016110420227,390000,,,,,,,
-2902.2178,0.0071918964,0.058840733,2902.2249,-2902.2249,1.1725948,0.26807067,10000.0,100.0,20,1000.0,110.286255,3310.4436,2890.6316,2390.68,95.65592,-81.465385,6874.4307,0.0063753044,0.31433827,0.31433827,7.375519e-05,0.0003,-2477.5933,0.004101101350784302,1657.5216226577759,395000,,,,,,,
-2856.726,0.0072173914,0.10494303,2856.7334,-2856.7334,1.2720835,0.26514822,10000.0,100.0,20,1000.0,201.5274,3316.5566,2838.1191,2104.802,106.37438,-207.75497,10582.291,0.008144667,0.3372907,0.3372907,7.30763e-05,0.0003,-2317.908,0.004112361478805542,1678.083435535431,400000,,,,,,,
-2935.574,0.005652502,0.035465702,2935.5796,-2935.5796,1.2056372,0.2774745,10000.0,100.0,20,1000.0,180.48509,3312.528,2929.8916,1347.4901,105.330666,-204.04866,10664.205,0.0055529824,0.33453357,0.33453357,7.239246e-05,0.0003,-2420.5552,0.008428520441055298,1720.2260432243347,405000,,,,,,,
-2946.1914,0.016058315,0.20424522,2946.2075,-2946.2075,1.7815617,0.26165083,10000.0,100.0,20,1000.0,141.04242,3319.1125,2910.8882,1084.5099,102.260254,-162.33557,7147.5557,0.012926601,0.46614712,0.46614712,7.170388e-05,0.0003,-2339.0017,0.003957367658615112,1740.0128872394562,410000,,,,,,,
-2905.078,0.010392332,0.13365547,2905.0884,-2905.0884,1.4946444,0.2538757,10000.0,100.0,20,1000.0,116.249245,3309.0903,2876.7407,2187.4382,69.521355,-133.6947,6379.575,0.009436526,0.37945393,0.37945393,7.101073e-05,0.0003,-2409.3748,0.0038857051849365233,1759.441418647766,415000,,,,,,,
-2944.328,0.013524987,0.1956361,2944.3413,-2944.3413,0.7987557,0.26882803,10000.0,100.0,20,1000.0,99.59465,3299.4673,2911.9727,1064.1469,48.62321,-51.68064,3935.367,0.013556469,0.21472794,0.21472794,7.0313195e-05,0.0003,-2630.0051,0.003942638492584229,1779.1546165943146,420000,,,,,,,
-2931.3423,0.008264424,0.1475299,2931.3506,-2931.3506,1.8288524,0.26438084,10000.0,100.0,20,1000.0,53.312927,3306.775,2903.7546,720.5926,68.34764,-104.829285,5467.624,0.012003914,0.48351353,0.48351353,6.961148e-05,0.0003,-2394.5159,0.00394896993637085,1798.8994717597961,425000,,,,,,,
-2951.1616,0.008715723,0.14717771,2951.1704,-2951.1704,1.2718275,0.2723301,10000.0,100.0,20,1000.0,292.7262,3299.89,2923.6694,742.2807,110.125916,-258.02435,13135.533,0.009139041,0.3463569,0.3463569,6.890576e-05,0.0003,-2312.0786,0.003909840250015259,1818.4486782550812,430000,,,,,,,
-2829.6506,0.005064406,0.03317301,2829.6558,-2829.6558,0.4958013,0.28149152,10000.0,100.0,20,1000.0,64.06804,3293.4739,2826.608,380.30237,85.17246,-75.59133,3178.4446,0.0064320895,0.13956386,0.13956386,6.8196256e-05,0.0003,-2626.0186,0.0038908421039581297,1837.9028947353363,435000,,,,,,,
-2943.9512,0.011266271,0.17121895,2943.9624,-2943.9624,1.1412593,0.28916067,10000.0,100.0,20,1000.0,73.83284,3295.2197,2913.7744,840.7395,134.44604,-80.66045,4595.1694,0.013212221,0.3300073,0.3300073,6.748313e-05,0.0003,-2540.111,0.0038362719058990477,1857.0842592716217,440000,,,,,,,
-2871.7466,0.008708325,0.13517168,2871.7554,-2871.7554,1.0972147,0.29800382,10000.0,100.0,20,1000.0,451.10443,3288.2368,2846.7515,515.6214,134.51321,-331.95966,17111.066,0.015234053,0.32697418,0.32697418,6.67666e-05,0.0003,-2093.668,0.0038955311298370363,1876.5619206428528,445000,,,,,,,
-2889.2378,0.009870048,0.17765017,2889.2476,-2889.2476,1.0371435,0.3061946,10000.0,100.0,20,1000.0,680.8269,3287.8967,2857.2224,42.44694,150.49228,-425.83887,20194.799,0.0116906315,0.31756774,0.31756774,6.604685e-05,0.0003,-1890.8431,0.00390975079536438,1896.1106798648834,450000,,,,,,,
-2844.6536,0.009172454,0.1304982,2844.6628,-2844.6628,1.327214,0.29595855,10000.0,100.0,20,1000.0,103.37732,3293.4226,2819.149,2112.217,95.66525,-66.62246,6261.051,0.011366952,0.39280033,0.39280033,6.5324086e-05,0.0003,-2348.476,0.003927284622192383,1915.7471089363098,455000,,,,,,,
-2892.7886,0.008628741,0.14050183,2892.797,-2892.797,0.74698424,0.29957753,10000.0,100.0,20,1000.0,78.24527,3290.8345,2866.5508,115.01652,70.7111,-242.01074,5338.667,0.009660037,0.2237797,0.2237797,6.4598484e-05,0.0003,-2590.7634,0.003910556030273437,1935.29989361763,460000,,,,,,,
-2847.338,0.0092286905,0.14709161,2847.3472,-2847.3472,1.070273,0.3046684,10000.0,100.0,20,1000.0,171.52148,3290.3257,2819.527,128.26038,95.584595,-159.04224,9875.354,0.011750393,0.32607836,0.32607836,6.387027e-05,0.0003,-2349.738,0.003836007022857666,1954.479933977127,465000,,,,,,,
-2844.9592,0.0075723045,0.15549552,2844.9668,-2844.9668,0.70252043,0.3201577,10000.0,100.0,20,1000.0,102.522255,3292.256,2817.3115,2169.6091,106.06432,-136.63644,6202.6006,0.011230279,0.22491734,0.22491734,6.3139625e-05,0.0003,-2517.5198,0.0039177940368652344,1974.0689101219177,470000,,,,,,,
-2884.836,0.007319508,0.1253321,2884.8433,-2884.8433,1.1154084,0.30856654,10000.0,100.0,20,1000.0,106.57059,3288.526,2859.3374,396.14664,142.0681,-54.419388,8017.1494,0.008249864,0.34417772,0.34417772,6.2406754e-05,0.0003,-2434.0876,0.003908669376373291,1993.61226272583,475000,,,,,,,
-2784.8333,0.005494641,0.07237706,2784.8389,-2784.8389,0.6443574,0.30065566,10000.0,100.0,20,1000.0,65.085266,3287.4512,2770.7202,117.150345,42.987827,-69.635956,5924.6934,0.0055831913,0.1937297,0.1937297,6.167186e-05,0.0003,-2526.0183,0.003912166261672974,2013.1730992794037,480000,,,,,,,
-2854.427,0.0105532175,0.17041118,2854.4375,-2854.4375,0.86066025,0.29325923,10000.0,100.0,20,1000.0,164.70836,3298.0107,2822.836,2276.5024,82.00627,-106.48798,5963.954,0.011613459,0.25239658,0.25239658,6.093515e-05,0.0003,-2437.3223,0.003903392171859741,2032.6900656223297,485000,,,,,,,
-2817.4604,0.0061075035,0.032320987,2817.4666,-2817.4666,1.1467514,0.29545078,10000.0,100.0,20,1000.0,48.622948,3302.8645,2812.3926,1734.7833,77.41728,-102.45212,3686.318,0.006249784,0.3388086,0.3388086,6.0196806e-05,0.0003,-2430.0288,0.0038380581855773925,2051.880362033844,490000,,,,,,,
-2752.589,0.0061644074,0.028375551,2752.5952,-2752.5952,0.45676273,0.30799043,10000.0,100.0,20,1000.0,49.35244,3300.2476,2749.9185,1511.5148,46.445415,-53.340523,3596.1157,0.0042426717,0.14067855,0.14067855,5.945705e-05,0.0003,-2562.558,0.0038982016563415527,2071.3713755607605,495000,,,,,,,
-2820.3713,0.0071799317,0.06522815,2820.3784,-2820.3784,1.4930658,0.3091862,10000.0,100.0,20,1000.0,98.16425,3305.0642,2806.0764,2282.7766,121.01149,-159.03807,8820.333,0.006009371,0.46163535,0.46163535,5.8716072e-05,0.0003,-2260.5718,0.003804592847824097,2090.3943452835083,500000,,,,,,,
-2826.5115,0.007970462,0.025548264,2826.5195,-2826.5195,0.4014006,0.32110783,10000.0,100.0,20,1000.0,33.613342,3307.982,2825.2031,2369.8518,77.975494,-68.10754,3767.56,0.0036081467,0.12889287,0.12889287,5.7974077e-05,0.0003,-2664.0054,0.008328577899932861,2132.0372400283813,505000,,,,,,,
-2798.8484,0.009738273,0.13962108,2798.8582,-2798.8582,1.4674009,0.3086979,10000.0,100.0,20,1000.0,98.96984,3310.8333,2772.9792,263.36124,52.430702,-81.02727,5212.57,0.009589037,0.4529836,0.4529836,5.7231267e-05,0.0003,-2246.895,0.003883204984664917,2151.453270673752,510000,,,,,,,
-2771.5798,0.004714094,0.02918512,2771.5845,-2771.5845,1.3475374,0.3361639,10000.0,100.0,20,1000.0,147.0781,3297.5552,2766.9553,2195.1072,86.48955,-133.43797,7203.3184,0.003101386,0.45299345,0.45299345,5.6487854e-05,0.0003,-2171.5083,0.0038514214992523194,2170.7103831768036,515000,,,,,,,
-2775.137,0.009405034,0.111789286,2775.1465,-2775.1465,0.81124854,0.34178588,10000.0,100.0,20,1000.0,98.47395,3302.1982,2752.4785,1474.872,79.28992,-102.66379,5508.142,0.0057257446,0.2772733,0.2772733,5.574403e-05,0.0003,-2399.39,0.0038751699447631834,2190.0862386226654,520000,,,,,,,
-2878.252,0.012151154,0.15222296,2878.2642,-2878.2642,0.70304567,0.3448634,10000.0,100.0,20,1000.0,75.966805,3295.1748,2849.437,2149.2031,96.52663,-74.558945,4657.9365,0.014838054,0.24245474,0.24245474,5.5000004e-05,0.0003,-2559.8303,0.003893677377700806,2209.554630756378,525000,,,,,,,
-2796.5798,0.005099984,0.044179942,2796.585,-2796.585,1.2734517,0.34944394,10000.0,100.0,20,1000.0,51.138706,3296.1143,2785.5166,2245.817,148.78769,-52.99312,4810.5215,0.0045110886,0.445,0.445,5.4255972e-05,0.0003,-2300.4412,0.0038917540550231933,2229.0134065151215,530000,,,,,,,
-2738.2017,0.0049141017,0.029211251,2738.2065,-2738.2065,0.7908138,0.3494445,10000.0,100.0,20,1000.0,65.671455,3295.5496,2736.1128,2147.4744,43.140053,-57.659676,3856.144,0.0039010076,0.27634552,0.27634552,5.3512147e-05,0.0003,-2396.1848,0.00389664888381958,2248.496656179428,535000,,,,,,,
-2790.0024,0.011013845,0.1415792,2790.0134,-2790.0134,1.1941751,0.35399503,10000.0,100.0,20,1000.0,96.63712,3291.5466,2761.635,792.23505,138.1588,-45.33259,5654.1953,0.008982702,0.42273206,0.42273206,5.276873e-05,0.0003,-2270.6333,0.003847951030731201,2267.736416578293,540000,,,,,,,
-2809.3667,0.00610514,0.081057586,2809.3728,-2809.3728,0.88866234,0.3452212,10000.0,100.0,20,1000.0,71.96808,3287.829,2791.5256,2149.2083,47.501373,-75.089874,4658.534,0.0067613954,0.30678508,0.30678508,5.2025924e-05,0.0003,-2430.6135,0.003922973442077636,2287.351289510727,545000,,,,,,,
-2838.9324,0.009374696,0.13983172,2838.9417,-2838.9417,0.66879076,0.34351864,10000.0,100.0,20,1000.0,195.9866,3288.8647,2806.6206,2090.376,208.43773,-182.33214,11859.788,0.009746125,0.22974208,0.22974208,5.1283936e-05,0.0003,-2413.2036,0.003961684131622315,2307.1597154140472,550000,,,,,,,
-2747.571,0.01587931,0.1691941,2747.587,-2747.587,1.0921104,0.31740803,10000.0,100.0,20,1000.0,131.42584,3292.9053,2713.7234,525.18134,57.65207,-70.96279,5339.6533,0.013378538,0.3466446,0.3466446,5.0542945e-05,0.0003,-2269.5007,0.003981221199035645,2327.065826654434,555000,,,,,,,
-2785.8562,0.00682389,0.11673702,2785.863,-2785.863,1.4110086,0.31023163,10000.0,100.0,20,1000.0,119.44584,3291.0503,2760.5469,2051.4507,290.70236,-185.97325,9029.08,0.007586729,0.4377395,0.4377395,4.9803188e-05,0.0003,-2228.671,0.003936999845504761,2346.750831604004,560000,,,,,,,
-2775.864,0.0110318605,0.14524671,2775.875,-2775.875,0.8977109,0.31481075,10000.0,100.0,20,1000.0,140.30037,3296.371,2745.4807,306.68436,423.41003,-179.3285,9092.32,0.007966912,0.28260905,0.28260905,4.9064853e-05,0.0003,-2352.9546,0.0038659265041351316,2366.0804691314697,565000,,,,,,,
-2803.4043,0.006824359,0.08440851,2803.4111,-2803.4111,0.77314055,0.3160526,10000.0,100.0,20,1000.0,77.18671,3286.6147,2783.0261,358.93362,200.41144,-89.95169,7315.177,0.0045867795,0.24435309,0.24435309,4.8328133e-05,0.0003,-2481.8645,0.003965405893325806,2385.9075033664703,570000,,,,,,,
-2726.62,0.006404436,0.02664073,2726.6265,-2726.6265,0.43685746,0.31329548,10000.0,100.0,20,1000.0,130.69948,3281.381,2721.8281,1776.9973,317.6323,-125.75185,6564.487,0.0051166834,0.13686547,0.13686547,4.7593247e-05,0.0003,-2459.0552,0.003962377500534057,2405.7193965911865,575000,,,,,,,
-2814.969,0.01379497,0.16164075,2814.983,-2814.983,0.56278026,0.30505058,10000.0,100.0,20,1000.0,118.92108,3282.3909,2788.4312,2108.6245,84.81453,-113.15909,8097.25,0.011810766,0.17167644,0.17167644,4.686038e-05,0.0003,-2524.3713,0.003909519100189209,2425.2669973373413,580000,,,,,,,
-2780.7458,0.007627207,0.13157345,2780.7534,-2780.7534,1.4074368,0.2938675,10000.0,100.0,20,1000.0,85.78959,3289.8777,2754.1929,1888.2592,44.002472,-79.35326,5757.238,0.01097444,0.41359997,0.41359997,4.612974e-05,0.0003,-2281.3564,0.0038967412948608397,2444.7507104873657,585000,,,,,,,
-2713.1194,0.006984191,0.124406,2713.1265,-2713.1265,1.2545881,0.2888196,10000.0,100.0,20,1000.0,76.27702,3284.8179,2687.9321,2029.9231,75.86898,-94.66221,7036.2593,0.007020413,0.36234966,0.36234966,4.540152e-05,0.0003,-2274.4927,0.004046937656402588,2464.985404253006,590000,,,,,,,
-2748.9438,0.006846835,0.07561179,2748.9507,-2748.9507,1.6534663,0.30014846,10000.0,100.0,20,1000.0,106.75964,3288.5002,2731.8784,2081.5254,124.43759,-163.77531,11332.482,0.006928276,0.49628538,0.49628538,4.467592e-05,0.0003,-2145.8987,0.004090402889251709,2485.4374244213104,595000,,,,,,,
-2762.6572,0.0070482073,0.118420355,2762.6643,-2762.6643,0.7328192,0.3098217,10000.0,100.0,20,1000.0,59.504494,3291.3442,2739.786,111.52191,110.78021,-60.277637,4307.062,0.006284842,0.22704327,0.22704327,4.3953154e-05,0.0003,-2476.1096,0.004094396209716797,2505.909410715103,600000,,,,,,,
-2727.1423,0.00807511,0.103073835,2727.1504,-2727.1504,0.76403886,0.30076507,10000.0,100.0,20,1000.0,76.390884,3294.875,2706.206,1844.085,105.313614,-72.750404,4209.76,0.0073403073,0.2297962,0.2297962,4.3233405e-05,0.0003,-2420.9553,0.008382557535171508,2547.822203397751,605000,,,,,,,
-2733.1106,0.0051463847,0.025581425,2733.1157,-2733.1157,0.61619437,0.29872647,10000.0,100.0,20,1000.0,106.8214,3306.8508,2732.5234,66.700874,60.92942,-188.52202,5667.542,0.0040477165,0.18407357,0.18407357,4.251687e-05,0.0003,-2442.2158,0.003774650192260742,2566.6954600811005,610000,,,,,,,
-2729.981,0.007582858,0.12285983,2729.9885,-2729.9885,1.00424,0.2846211,10000.0,100.0,20,1000.0,63.99675,3319.7854,2707.1172,1616.9008,103.39375,-74.397804,4547.347,0.0059650396,0.2858279,0.2858279,4.1803753e-05,0.0003,-2380.1562,0.003814259386062622,2585.766762495041,615000,,,,,,,
-2752.517,0.0074272114,0.14668277,2752.5244,-2752.5244,1.3012921,0.28452882,10000.0,100.0,20,1000.0,83.828125,3319.3677,2725.8713,1512.1924,59.4374,-143.5615,5364.328,0.008707187,0.3702551,0.3702551,4.1094238e-05,0.0003,-2298.4338,0.003842166042327881,2604.977598428726,620000,,,,,,,
-2627.2244,0.01201332,0.1476288,2627.2363,-2627.2363,0.9005313,0.29389468,10000.0,100.0,20,1000.0,85.42056,3324.5823,2599.8667,1909.2688,53.63352,-72.91017,4611.4043,0.007074409,0.26466137,0.26466137,4.0388528e-05,0.0003,-2277.1423,0.003827864122390747,2624.1169242858887,625000,,,,,,,
-2781.9802,0.011520283,0.14764675,2781.9917,-2781.9917,0.94843554,0.29599437,10000.0,100.0,20,1000.0,103.316986,3318.5015,2753.8618,1726.9689,64.876366,-53.612717,5459.6074,0.0055413204,0.2807316,0.2807316,3.9686805e-05,0.0003,-2397.9316,0.003816000032424927,2643.196929693222,630000,,,,,,,
-2784.079,0.007041649,0.0681198,2784.0862,-2784.0862,0.8573144,0.2963264,10000.0,100.0,20,1000.0,71.370804,3325.4927,2768.524,1650.6813,68.89166,-115.75193,6420.2334,0.004665969,0.2540449,0.2540449,3.8989278e-05,0.0003,-2458.6633,0.0037560851573944093,2661.9773604869843,635000,,,,,,,
-2740.0967,0.008339078,0.11975474,2740.105,-2740.105,0.85195273,0.2953892,10000.0,100.0,20,1000.0,179.75623,3343.242,2715.7666,1118.2655,252.04105,-95.93532,9090.095,0.009797353,0.25165763,0.25165763,3.8296123e-05,0.0003,-2308.6826,0.0038257872581481936,2681.106302022934,640000,,,,,,,
-2741.0823,0.008906287,0.1421498,2741.091,-2741.091,1.0373297,0.3003983,10000.0,100.0,20,1000.0,133.26358,3347.6714,2715.2068,2113.9956,215.91212,-113.65083,7574.407,0.008820555,0.31161207,0.31161207,3.7607537e-05,0.0003,-2296.2065,0.003826633930206299,2700.239477157593,645000,,,,,,,
-2770.164,0.004608664,0.024461051,2770.1687,-2770.1687,0.39858854,0.30534896,10000.0,100.0,20,1000.0,72.44452,3347.4565,2768.7866,1859.288,95.24122,-99.733185,6624.35,0.0043581272,0.121708594,0.121708594,3.692371e-05,0.0003,-2576.011,0.0038309432983398436,2719.3941988945007,650000,,,,,,,
-2786.3752,0.007067543,0.10681342,2786.3823,-2786.3823,1.3467277,0.31579238,10000.0,100.0,20,1000.0,56.409637,3347.3867,2764.6514,940.39453,84.18248,-64.326645,5788.602,0.0059987684,0.42528635,0.42528635,3.6244823e-05,0.0003,-2304.6792,0.003855643129348755,2738.6724197864532,655000,,,,,,,
-2803.1538,0.0071773753,0.13887654,2803.161,-2803.161,0.49610364,0.3140518,10000.0,100.0,20,1000.0,75.23219,3350.9546,2776.8186,1963.7483,180.31226,-64.15513,6127.04,0.006190917,0.15580225,0.15580225,3.5571058e-05,0.0003,-2572.1194,0.0037853223323822023,2757.5990364551544,660000,,,,,,,
-2645.2615,0.007126319,0.12196062,2645.2686,-2645.2686,0.9291069,0.30533585,10000.0,100.0,20,1000.0,51.44953,3350.3564,2623.6274,1276.0894,96.41324,-60.04249,5333.5166,0.010482047,0.28368965,0.28368965,3.490261e-05,0.0003,-2310.1223,0.0038194371223449707,2776.6962275505066,665000,,,,,,,
-2771.6128,0.008299198,0.12745266,2771.621,-2771.621,1.1182609,0.30348665,10000.0,100.0,20,1000.0,91.06773,3341.2773,2745.5562,1914.9158,56.35331,-161.56485,6101.3164,0.009571535,0.33937722,0.33937722,3.4239645e-05,0.0003,-2341.168,0.0038317317962646485,2795.8548922538757,670000,,,,,,,
-2708.5396,0.007864073,0.10615524,2708.5474,-2708.5474,1.1259917,0.29630327,10000.0,100.0,20,1000.0,61.832687,3346.6956,2687.2197,1788.9254,123.97278,-170.03363,7116.3975,0.0074205133,0.333635,0.333635,3.3582368e-05,0.0003,-2313.0718,0.003827524185180664,2814.992518186569,675000,,,,,,,
-2851.757,0.008559126,0.121597685,2851.7656,-2851.7656,1.1548169,0.2900131,10000.0,100.0,20,1000.0,78.5045,3345.8857,2826.1008,859.39087,100.3986,-113.62483,7288.793,0.007096658,0.334912,0.334912,3.2930948e-05,0.0003,-2438.3408,0.003819391679763794,2834.0894813537598,680000,,,,,,,
-2772.7905,0.008108425,0.09469408,2772.7986,-2772.7986,0.868978,0.2878455,10000.0,100.0,20,1000.0,78.10922,3346.0989,2751.8403,635.3576,73.01184,-110.17662,6532.9854,0.0060708546,0.2501314,0.2501314,3.228555e-05,0.0003,-2444.55,0.003758412265777588,2852.8815500736237,685000,,,,,,,
-2845.8406,0.010059312,0.13674152,2845.8506,-2845.8506,1.0624126,0.27898818,10000.0,100.0,20,1000.0,122.088585,3346.6506,2816.2412,2102.0867,183.7231,-112.752304,7897.248,0.010927787,0.29640058,0.29640058,3.1646374e-05,0.0003,-2427.3513,0.003822483491897583,2871.9939727783203,690000,,,,,,,
-2782.6382,0.00953565,0.12235913,2782.6477,-2782.6477,1.1939058,0.2736523,10000.0,100.0,20,1000.0,75.103516,3370.1807,2756.1892,1906.5131,53.23784,-90.61283,5712.99,0.0072939964,0.32671505,0.32671505,3.1013573e-05,0.0003,-2380.8196,0.0038393957138061524,2891.1909568309784,695000,,,,,,,
-2839.492,0.0077194134,0.114651285,2839.4998,-2839.4998,0.45949742,0.2861643,10000.0,100.0,20,1000.0,84.8767,3370.0205,2816.2102,828.77106,112.18982,-107.21977,7857.7056,0.0058640908,0.13149177,0.13149177,3.0387337e-05,0.0003,-2623.1235,0.0038131343841552733,2910.256634235382,700000,,,,,,,
-2734.4849,0.00465184,0.02242239,2734.4895,-2734.4895,1.6118363,0.27995104,10000.0,100.0,20,1000.0,273.93677,3369.5234,2732.268,1772.2458,89.6568,-80.57382,7130.2974,0.0028549326,0.45123523,0.45123523,2.9767822e-05,0.0003,-2009.3129,0.008289554262161256,2951.7044112682343,705000,,,,,,,
-2764.0398,0.004999293,0.03558901,2764.0447,-2764.0447,0.86079973,0.27691415,10000.0,100.0,20,1000.0,121.5308,3372.372,2755.8765,1585.1694,196.25436,-82.90208,6660.8965,0.0056766574,0.23836763,0.23836763,2.9155208e-05,0.0003,-2404.1414,0.0037999573707580567,2970.7042033672333,710000,,,,,,,
-2761.3093,0.00846552,0.122714,2761.3179,-2761.3179,1.5575231,0.26802891,10000.0,100.0,20,1000.0,106.69011,3367.735,2735.6797,168.49739,245.26273,-159.10175,8598.93,0.008265441,0.41746122,0.41746122,2.8549664e-05,0.0003,-2237.158,0.0038798534870147705,2990.103476047516,715000,,,,,,,
-2856.4883,0.0072286264,0.106595606,2856.4956,-2856.4956,1.1807765,0.2768546,10000.0,100.0,20,1000.0,64.16129,3363.2744,2834.1323,203.74591,64.89428,-122.296646,6432.369,0.0057054833,0.3269034,0.3269034,2.7951346e-05,0.0003,-2465.4236,0.003872619581222534,3009.466578722,720000,,,,,,,
-2789.6226,0.0064083645,0.103202075,2789.629,-2789.629,0.9152408,0.2808847,10000.0,100.0,20,1000.0,42.929157,3371.161,2768.0955,1955.8707,62.859627,-147.00714,4224.837,0.0071393154,0.25707716,0.25707716,2.736043e-05,0.0003,-2489.6162,0.00388318510055542,3028.882508993149,725000,,,,,,,
-2808.1824,0.007977565,0.120501235,2808.1904,-2808.1904,0.8045875,0.28105327,10000.0,100.0,20,1000.0,93.63205,3356.7039,2784.257,65.98953,148.72444,-127.42702,7645.927,0.0077713397,0.22613195,0.22613195,2.6777061e-05,0.0003,-2488.4185,0.00381920108795166,3047.978519678116,730000,,,,,,,
-2811.2673,0.009067971,0.12555516,2811.2764,-2811.2764,0.7404267,0.27864707,10000.0,100.0,20,1000.0,85.39616,3354.2131,2787.9727,1661.1597,57.64492,-70.59921,6263.576,0.0070442692,0.20631774,0.20631774,2.6201416e-05,0.0003,-2519.5535,0.0038790523529052736,3067.373785972595,735000,,,,,,,
-2715.4019,0.009341614,0.1269817,2715.4111,-2715.4111,0.8133403,0.2653519,10000.0,100.0,20,1000.0,56.69158,3362.5505,2690.3015,37.892372,70.272835,-86.984726,5442.401,0.009897612,0.21582139,0.21582139,2.5633639e-05,0.0003,-2442.889,0.003887819766998291,3086.812889814377,740000,,,,,,,
-2698.8591,0.0076356465,0.09766729,2698.8667,-2698.8667,1.3182812,0.27297685,10000.0,100.0,20,1000.0,85.440674,3363.9456,2678.7676,47.749065,170.9697,-89.202385,6773.5986,0.008619143,0.35986024,0.35986024,2.5073889e-05,0.0003,-2253.558,0.003914981937408447,3106.3878049850464,745000,,,,,,,
-2755.1443,0.009282466,0.095300235,2755.1536,-2755.1536,1.2781962,0.27053282,10000.0,100.0,20,1000.0,196.42532,3362.3613,2733.4873,1482.7821,407.97354,-486.77646,11644.659,0.0067396825,0.34579402,0.34579402,2.4522331e-05,0.0003,-2212.925,0.0039231797695159915,3126.003709077835,750000,,,,,,,
-2720.0378,0.006352607,0.080622934,2720.0442,-2720.0442,1.1941824,0.28532752,10000.0,100.0,20,1000.0,46.186016,3351.3591,2702.225,1816.3944,72.70134,-69.60837,5105.8433,0.0058991914,0.3407331,0.3407331,2.3979092e-05,0.0003,-2333.1187,0.0038887717723846437,3145.44757270813,755000,,,,,,,
-2676.9236,0.005252691,0.067569435,2676.929,-2676.929,0.7035201,0.27958462,10000.0,100.0,20,1000.0,55.466053,3354.377,2660.387,1659.9424,68.79755,-54.370113,6391.2803,0.0054825204,0.19669339,0.19669339,2.3444345e-05,0.0003,-2424.7642,0.003956432628631591,3165.229743003845,760000,,,,,,,
-2729.5925,0.006507878,0.07844272,2729.599,-2729.599,1.9492791,0.26636335,10000.0,100.0,20,1000.0,148.0645,3342.5374,2710.295,848.3575,217.7377,-183.36302,10258.611,0.0076152915,0.51921654,0.51921654,2.2918219e-05,0.0003,-2062.3115,0.00395743260383606,3185.0169112682343,765000,,,,,,,
-2726.1855,0.0076588388,0.105262764,2726.193,-2726.193,0.7349281,0.2597477,10000.0,100.0,20,1000.0,68.4904,3336.554,2706.254,1045.681,85.99572,-57.955215,5418.2153,0.0049524526,0.19089589,0.19089589,2.2400869e-05,0.0003,-2466.799,0.003951568603515625,3204.7747592926025,770000,,,,,,,
-2665.106,0.006738254,0.09656551,2665.1128,-2665.1128,0.9158473,0.26751167,10000.0,100.0,20,1000.0,78.57555,3348.6382,2645.453,968.31104,177.8229,-96.05001,6138.784,0.0082056075,0.24499983,0.24499983,2.1892429e-05,0.0003,-2341.5308,0.003891417741775513,3224.2318527698517,775000,,,,,,,
-2783.356,0.005713015,0.08706798,2783.3616,-2783.3616,1.2029659,0.2656901,10000.0,100.0,20,1000.0,69.339554,3349.245,2763.8896,1842.936,53.03526,-66.16633,6182.84,0.006557068,0.3196161,0.3196161,2.1393029e-05,0.0003,-2394.4001,0.003961255502700806,3244.038135290146,780000,,,,,,,
-2710.9253,0.009126178,0.1448769,2710.9343,-2710.9343,1.1919125,0.26246276,10000.0,100.0,20,1000.0,113.76234,3348.8665,2682.1765,1147.2052,72.986694,-134.80872,7145.788,0.007935412,0.31283265,0.31283265,2.0902831e-05,0.0003,-2284.33,0.0039032986640930175,3263.5546338558197,785000,,,,,,,
-2775.907,0.0060385894,0.07054909,2775.913,-2775.913,1.0935081,0.27526525,10000.0,100.0,20,1000.0,61.21627,3344.4329,2759.977,1997.1575,76.11606,-137.87779,8543.648,0.0046575563,0.30100477,0.30100477,2.0421947e-05,0.0003,-2413.686,0.003910129308700562,3283.105284690857,790000,,,,,,,
-2579.3745,0.00793161,0.115097925,2579.3823,-2579.3823,0.5267771,0.26806274,10000.0,100.0,20,1000.0,55.59333,3359.9082,2555.7375,389.45718,220.66669,-75.036644,6046.287,0.006340374,0.1412093,0.1412093,1.9950523e-05,0.0003,-2382.572,0.003960851669311523,3302.9095475673676,795000,,,,,,,
-2809.8005,0.0055253906,0.09111853,2809.8062,-2809.8062,0.8961438,0.27036425,10000.0,100.0,20,1000.0,50.090023,3360.8496,2791.274,300.66046,103.028656,-123.37921,6370.236,0.005292446,0.24228525,0.24228525,1.9488682e-05,0.0003,-2517.4253,0.003952534198760987,3322.672223806381,800000,,,,,,,
-2696.1013,0.008655265,0.12633945,2696.1099,-2696.1099,0.9873496,0.2718816,10000.0,100.0,20,1000.0,93.045815,3360.1304,2669.8638,256.47586,96.74543,-146.19205,9082.196,0.009300518,0.2684422,0.2684422,1.9036543e-05,0.0003,-2334.6133,0.008361105442047118,3364.4777562618256,805000,,,,,,,
-2758.7546,0.0071784146,0.08922415,2758.7617,-2758.7617,1.1706141,0.27568206,10000.0,100.0,20,1000.0,49.872345,3369.693,2740.32,216.26003,73.01483,-97.79651,7189.702,0.0044046105,0.3227173,0.3227173,1.859424e-05,0.0003,-2386.165,0.003730010414123535,3383.127814054489,810000,,,,,,,
-2716.4248,0.0063952915,0.10705014,2716.4312,-2716.4312,0.8506008,0.2884572,10000.0,100.0,20,1000.0,46.069725,3361.5918,2694.8867,1741.984,80.459885,-58.481953,4989.619,0.009404117,0.24536192,0.24536192,1.8161878e-05,0.0003,-2424.9932,0.0037599080085754396,3401.927358865738,815000,,,,,,,
-2778.4949,0.008506766,0.12629351,2778.5034,-2778.5034,0.7630477,0.29558888,10000.0,100.0,20,1000.0,74.000656,3356.0144,2752.4038,1840.7123,118.320854,-109.27156,6922.824,0.010981314,0.22554842,0.22554842,1.7739603e-05,0.0003,-2478.9458,0.0036741168022155764,3420.2979476451874,820000,,,,,,,
-2822.8662,0.0051965457,0.07168886,2822.8713,-2822.8713,1.6932651,0.30234516,10000.0,100.0,20,1000.0,55.525696,3351.523,2807.738,67.75685,65.67529,-55.947556,6582.3257,0.005871458,0.5119505,0.5119505,1.7327511e-05,0.0003,-2255.3901,0.00381760106086731,3439.385957956314,825000,,,,,,,
-2860.6714,0.0044801896,0.085591115,2860.6758,-2860.6758,1.1004486,0.2954559,10000.0,100.0,20,1000.0,42.91097,3348.5562,2842.964,2047.1439,45.439972,-56.943474,5207.9775,0.0067505133,0.32513404,0.32513404,1.6925713e-05,0.0003,-2492.6265,0.0037975539207458497,3458.3737325668335,830000,,,,,,,
-2794.9717,0.005423588,0.07075987,2794.977,-2794.977,0.544826,0.29371545,10000.0,100.0,20,1000.0,55.614754,3339.0825,2778.1763,71.29195,161.24353,-131.06024,9229.994,0.0051504974,0.16002381,0.16002381,1.653433e-05,0.0003,-2579.333,0.0037866026401519775,3477.306751012802,835000,,,,,,,
-2839.5823,0.005518457,0.12596938,2839.588,-2839.588,0.83708304,0.29306176,10000.0,100.0,20,1000.0,49.548096,3332.852,2816.7695,2271.5984,66.488815,-69.54954,5203.4404,0.008239268,0.24531703,0.24531703,1.6153459e-05,0.0003,-2544.717,0.0037859865188598634,3496.23668885231,840000,,,,,,,
-2764.1943,0.004141465,0.07179601,2764.1985,-2764.1985,0.5773052,0.29454765,10000.0,100.0,20,1000.0,37.57523,3335.5718,2748.6797,2013.3296,104.68214,-65.035675,6841.395,0.0057948534,0.17004389,0.17004389,1.5783213e-05,0.0003,-2556.5752,0.0037259743213653566,3514.866566181183,845000,,,,,,,
-2785.3367,0.0065462124,0.11931972,2785.3433,-2785.3433,1.061039,0.2929359,10000.0,100.0,20,1000.0,83.642006,3332.3848,2760.4,1976.6384,101.63245,-154.30447,7496.8916,0.010030203,0.3108164,0.3108164,1.542368e-05,0.0003,-2390.8782,0.0037941336631774902,3533.837240457535,850000,,,,,,,
-2781.0066,0.0056926846,0.093123995,2781.0122,-2781.0122,0.5689655,0.28335938,10000.0,100.0,20,1000.0,49.48388,3337.7332,2761.7654,28.72226,108.74264,-90.339516,6596.306,0.00626299,0.16122171,0.16122171,1.5074969e-05,0.0003,-2570.301,0.0038007541656494143,3552.841016292572,855000,,,,,,,
-2764.9636,0.005645943,0.09296086,2764.9692,-2764.9692,0.8740229,0.270782,10000.0,100.0,20,1000.0,48.645866,3320.0583,2746.228,1886.1382,99.53511,-143.26593,8126.0093,0.0048296424,0.23666966,0.23666966,1.4737181e-05,0.0003,-2479.6482,0.0037935531616210935,3571.808788061142,860000,,,,,,,
-2739.7385,0.006059937,0.115578644,2739.7446,-2739.7446,1.7080673,0.25514242,10000.0,100.0,20,1000.0,54.947098,3323.6553,2717.7708,11.822807,142.95285,-69.117,6349.0234,0.008140585,0.43580043,0.43580043,1.4410394e-05,0.0003,-2248.991,0.0037516393184661863,3590.5669898986816,865000,,,,,,,
-2777.9155,0.007246685,0.11899991,2777.9229,-2777.9229,1.2292113,0.25089803,10000.0,100.0,20,1000.0,59.349247,3318.1091,2755.1338,5.468146,134.8623,-94.82159,7005.0596,0.008972491,0.3084067,0.3084067,1.4094706e-05,0.0003,-2410.1594,0.0038066741466522215,3609.6003658771515,870000,,,,,,,
-2765.198,0.007210298,0.1002396,2765.2053,-2765.2053,1.0881091,0.27007875,10000.0,100.0,20,1000.0,42.55962,3321.8667,2745.92,0.49872756,96.31638,-64.632805,5428.669,0.008342202,0.29387516,0.29387516,1.37902e-05,0.0003,-2428.7632,0.0037775023460388185,3628.487882375717,875000,,,,,,,
-2758.4875,0.007900815,0.12941007,2758.4954,-2758.4954,1.0161994,0.2693915,10000.0,100.0,20,1000.0,49.875492,3317.9177,2734.4546,-26.812899,61.35883,-55.26141,5359.414,0.008087453,0.27375546,0.27375546,1.3496962e-05,0.0003,-2434.8567,0.0037557614803314207,3647.266695022583,880000,,,,,,,
-2791.237,0.0054876474,0.09819541,2791.2424,-2791.2424,0.8276311,0.277786,10000.0,100.0,20,1000.0,52.945454,3309.2542,2771.052,1997.3939,128.5098,-129.27972,7855.534,0.0073299026,0.22990432,0.22990432,1.3215067e-05,0.0003,-2508.3872,0.003742272710800171,3665.978063583374,885000,,,,,,,
-2793.7075,0.0054191314,0.089612134,2793.713,-2793.713,0.5036381,0.2738813,10000.0,100.0,20,1000.0,40.43255,3321.088,2773.212,2155.2412,46.682182,-70.11836,6360.358,0.0041022734,0.13793704,0.13793704,1.2944596e-05,0.0003,-2615.338,0.003678008222579956,3684.3681099414825,890000,,,,,,,
-2753.7246,0.0049661994,0.09269406,2753.7295,-2753.7295,1.4982451,0.2581861,10000.0,100.0,20,1000.0,36.497036,3314.9768,2734.622,1933.9004,136.1961,-84.98613,7183.523,0.006092109,0.38682607,0.38682607,1.26856285e-05,0.0003,-2330.4014,0.0037370574474334716,3703.053402662277,895000,,,,,,,
-2700.548,0.0063398555,0.09047908,2700.5544,-2700.5544,0.8726758,0.2588957,10000.0,100.0,20,1000.0,43.153862,3307.5068,2681.3398,-9.455282,104.942276,-71.04427,5942.073,0.0076644463,0.225932,0.225932,1.2438221e-05,0.0003,-2431.4624,0.0037051846027374266,3721.5793306827545,900000,,,,,,,
-2731.0999,0.0069593703,0.11275705,2731.107,-2731.107,0.6938775,0.25942197,10000.0,100.0,20,1000.0,48.6371,3297.0964,2710.5867,13.173477,94.668724,-93.51146,5658.454,0.007891495,0.18000709,0.18000709,1.22024585e-05,0.0003,-2502.4556,0.008176418447494506,3762.461427927017,905000,,,,,,,
-2703.5674,0.0075282888,0.11570319,2703.575,-2703.575,0.872626,0.2544789,10000.0,100.0,20,1000.0,42.846977,3307.1382,2679.0186,1832.1172,83.253746,-195.89127,6288.4585,0.007038832,0.2220649,0.2220649,1.1978389e-05,0.0003,-2438.6555,0.0036785210609436036,3780.854038476944,910000,,,,,,,
-2693.6458,0.0076703,0.1149856,2693.6533,-2693.6533,0.8172576,0.23306409,10000.0,100.0,20,1000.0,47.103172,3315.147,2670.9817,-5.6669664,231.74397,-74.26293,7923.756,0.010243052,0.19047338,0.19047338,1.1766084e-05,0.0003,-2456.069,0.00371925368309021,3799.4503121376038,915000,,,,,,,
-2722.1377,0.0068568857,0.106014,2722.1445,-2722.1445,1.0885199,0.2301851,10000.0,100.0,20,1000.0,48.940742,3311.6516,2700.0315,12.596098,64.08407,-72.69877,5580.664,0.0066173845,0.25056106,0.25056106,1.1565597e-05,0.0003,-2422.636,0.0037258466243743895,3818.079550266266,920000,,,,,,,
-2682.8447,0.0086025465,0.117626704,2682.8533,-2682.8533,1.4408668,0.22692585,10000.0,100.0,20,1000.0,71.499626,3310.5066,2660.324,-6.5449877,139.64587,-145.33313,8869.444,0.0067827874,0.32696992,0.32696992,1.1376989e-05,0.0003,-2284.3752,0.0037628721714019777,3836.8939163684845,925000,,,,,,,
-2684.3438,0.006773129,0.083150454,2684.3506,-2684.3506,1.2501129,0.22742283,10000.0,100.0,20,1000.0,40.217747,3309.4343,2668.5063,1749.9459,253.6483,-83.53479,6303.989,0.0073318975,0.28430423,0.28430423,1.1200302e-05,0.0003,-2359.8218,0.0038053629398345948,3855.920736312866,930000,,,,,,,
-2679.7996,0.007186815,0.10553543,2679.8066,-2679.8066,1.2983515,0.2423892,10000.0,100.0,20,1000.0,60.594963,3308.9512,2657.0894,1944.516,105.740524,-187.98102,7817.386,0.006017936,0.3147064,0.3147064,1.103559e-05,0.0003,-2304.4983,0.003757214546203613,3874.7068140506744,935000,,,,,,,
-2644.932,0.006632251,0.0816255,2644.9385,-2644.9385,1.0789164,0.24851738,10000.0,100.0,20,1000.0,51.49876,3310.2776,2627.6465,3.1234155,97.1868,-87.345314,6129.8936,0.006759484,0.2681295,0.2681295,1.0882903e-05,0.0003,-2325.3037,0.0038492335319519045,3893.952986717224,940000,,,,,,,
-2671.961,0.0068798247,0.077455975,2671.9678,-2671.9678,1.4437253,0.26228246,10000.0,100.0,20,1000.0,62.70745,3310.8276,2653.8247,-7.441517,110.15311,-99.5513,7062.1714,0.0069807135,0.37866384,0.37866384,1.0742272e-05,0.0003,-2230.5896,0.003868312406539917,3913.2945532798767,945000,,,,,,,
-2665.963,0.008848416,0.10858241,2665.9717,-2665.9717,0.96077436,0.26132843,10000.0,100.0,20,1000.0,67.527985,3314.756,2644.0518,-3.1437628,109.26658,-79.6137,7815.0273,0.0060914736,0.25107765,0.25107765,1.061374e-05,0.0003,-2347.3572,0.0038555514335632322,3932.5723156929016,950000,,,,,,,
-2751.9119,0.007771171,0.09701921,2751.9197,-2751.9197,0.9885186,0.2657328,10000.0,100.0,20,1000.0,76.827415,3316.018,2730.0017,1559.2516,121.25855,-84.723816,6679.4106,0.008460081,0.2626818,0.2626818,1.0497346e-05,0.0003,-2412.4026,0.0037855879783630373,3951.5002603530884,955000,,,,,,,
-2730.2207,0.0059564584,0.07769168,2730.2266,-2730.2266,0.6763244,0.26471782,10000.0,100.0,20,1000.0,67.73581,3318.9229,2712.5,-3.8899038,190.69397,-114.98294,8688.82,0.0055550067,0.17903513,0.17903513,1.0393118e-05,0.0003,-2483.4497,0.004054516839981079,3971.772849559784,960000,,,,,,,
-2669.4287,0.006316108,0.080383636,2669.435,-2669.435,0.63372976,0.25904587,10000.0,100.0,20,1000.0,87.93084,3318.1252,2650.9976,1761.3174,83.88468,-66.243805,5203.4194,0.005826885,0.16416508,0.16416508,1.0301083e-05,0.0003,-2417.3328,0.0039226798534393315,3991.386253595352,965000,,,,,,,
-2721.6355,0.00592808,0.085616685,2721.6414,-2721.6414,0.9054723,0.26173267,10000.0,100.0,20,1000.0,82.84042,3322.1587,2703.757,1850.9764,121.34919,-301.8349,8145.972,0.00716655,0.23699167,0.23699167,1.0221269e-05,0.0003,-2401.8035,0.0038985921859741213,4010.8792204856873,970000,,,,,,,
-2549.6733,0.007674084,0.07301148,2549.681,-2549.681,1.2821724,0.26593468,10000.0,100.0,20,1000.0,69.60344,3318.7253,2534.5615,-3.0440762,63.04953,-78.223,6957.953,0.0061274217,0.34097412,0.34097412,1.0153698e-05,0.0003,-2139.0957,0.0038993618965148928,4030.376034975052,975000,,,,,,,
-2588.0586,0.007268709,0.10620598,2588.066,-2588.066,1.3491701,0.26356754,10000.0,100.0,20,1000.0,89.311455,3312.7231,2565.6846,1480.667,153.27475,-184.29282,9468.545,0.005271714,0.35559744,0.35559744,1.0098386e-05,0.0003,-2143.1497,0.0038280282974243163,4049.516181230545,980000,,,,,,,
-2685.57,0.005575328,0.08282892,2685.5757,-2685.5757,0.54464847,0.27350476,10000.0,100.0,20,1000.0,89.6391,3324.794,2668.6592,1609.9562,128.40842,-70.83739,7289.7583,0.008839427,0.14896396,0.14896396,1.005535e-05,0.0003,-2446.967,0.0039014087677001954,4069.0232305526733,985000,,,,,,,
-2653.1963,0.004835004,0.07552096,2653.2012,-2653.2012,0.5922778,0.27965698,10000.0,100.0,20,1000.0,49.753685,3324.6926,2635.9832,1708.6588,80.73696,-65.00082,6646.8506,0.0044842777,0.16563463,0.16563463,1.0024603e-05,0.0003,-2437.808,0.003916641473770141,4088.60644364357,990000,,,,,,,
-2645.4224,0.006322867,0.085823685,2645.4287,-2645.4287,1.3635579,0.27349588,10000.0,100.0,20,1000.0,85.320854,3312.7375,2625.7505,-10.285833,53.568626,-69.956924,5847.994,0.0057782186,0.3729275,0.3729275,1.000615e-05,0.0003,-2187.174,0.003893116760253906,4108.072031736374,995000,,,,,,,
-2686.107,0.0071121817,0.101482,2686.114,-2686.114,1.8562913,0.27899864,10000.0,100.0,20,1000.0,86.22065,3318.488,2665.6025,-19.48719,121.35335,-127.96226,8803.818,0.0062339935,0.51790273,0.51790273,1e-05,0.0003,-2081.9834,0.0038383328914642335,4127.263701438904,1000000,,,,,,,
-2540.5237,0.0050066486,0.06244969,2540.5288,-2540.5288,1.1230385,0.28887293,10000.0,100.0,20,1000.0,359.1838,3336.7432,2526.5828,-16.14709,646.48486,-437.876,22297.57,0.0059345695,0.32441542,0.32441542,1e-05,0.0003,-1856.9244,0.011768166160583496,4186.104537248611,1005000,0.0,5000.0,-0.02104511741424159,-4.007973313368216,200.0,1.3575053215026855,0.05702274772569557
-2501.398,0.0062913084,0.07337937,2501.4043,-2501.4043,1.193683,0.3023846,10000.0,100.0,20,1000.0,110.19719,3352.7183,2484.0664,271.20737,82.32846,-107.671005,8750.266,0.0047139646,0.36095136,0.36095136,1e-05,0.0003,-2030.2493,0.006709469270706177,4219.65188908577,1010000,0.0,10000.0,-0.015595101068866602,47.16653307460867,200.0,1.3205151557922363,1.2638822064628499
-2492.2961,0.00735397,0.07247414,2492.3035,-2492.3035,0.9050862,0.29507077,10000.0,100.0,20,1000.0,122.82692,3362.2878,2474.3494,-15.706693,129.97162,-119.0094,8160.16,0.0050341967,0.26706448,0.26706448,1e-05,0.0003,-2102.4048,0.0068486452579498295,4253.895121097565,1015000,0.0,15000.0,-0.025959668313356218,-4.810285362937438,200.0,1.326286792755127,0.038101649033693355
-2394.3074,0.006802327,0.054993823,2394.3142,-2394.3142,0.67447567,0.29851767,10000.0,100.0,20,1000.0,113.89537,3375.5837,2380.3042,-28.982912,79.971344,-125.90024,8001.5117,0.0034480216,0.20134291,0.20134291,1e-05,0.0003,-2079.069,0.006924027252197266,4288.515263080597,1020000,0.0,20000.0,-0.06188125261337893,-9.46822187741694,200.0,1.322371006011963,-0.07174747580354177
-2410.3948,0.008348874,0.070943214,2410.403,-2410.403,0.5395514,0.286122,10000.0,100.0,20,1000.0,149.41798,3384.9473,2394.1646,-65.533714,386.7397,-308.56042,18285.77,0.00604482,0.15437752,0.15437752,1e-05,0.0003,-2106.5994,0.0068265842914581295,4322.648190021515,1025000,0.0,25000.0,-0.021450727744934266,-4.790743866895105,200.0,1.306859016418457,0.038562500363802224
-2484.9797,0.0071334857,0.07062225,2484.9868,-2484.9868,0.77642477,0.27726144,10000.0,100.0,20,1000.0,142.60876,3393.3293,2469.1733,-8.704381,275.43066,-333.42148,15601.73,0.0056690555,0.21527265,0.21527265,1e-05,0.0003,-2127.0984,0.006822057485580444,4356.758483409882,1030000,0.0,30000.0,-0.018856544738839055,-3.319222626141456,200.0,1.3494312763214111,0.07326570423395064
-2441.9841,0.008251879,0.084252,2441.9924,-2441.9924,0.71529484,0.2789733,10000.0,100.0,20,1000.0,236.51083,3407.482,2422.0293,-63.898006,469.72064,-125.98455,12468.746,0.0066193114,0.19954817,0.19954817,1e-05,0.0003,-2005.9252,0.006727830457687378,4390.397641181946,1035000,0.0,35000.0,-0.07836501216227632,-10.546777193720935,200.0,1.247720718383789,-0.0971832792362943
-2478.9668,0.005673214,0.03222383,2478.9724,-2478.9724,2.2647438,0.2726008,10000.0,100.0,20,1000.0,189.72864,3425.5496,2470.798,0.44088912,196.01456,-125.21748,11532.648,0.0045296648,0.61737096,0.61737096,1e-05,0.0003,-1671.8673,0.006659970903396606,4423.697501182556,1040000,0.0,40000.0,-0.007413643620983766,-2.4910050265227337,200.0,1.3137085437774658,0.09279773911894705
-2481.9155,0.008235472,0.051736616,2481.9238,-2481.9238,0.8246117,0.281525,10000.0,100.0,20,1000.0,197.32892,3438.063,2467.1611,1051.7245,190.31949,-426.7406,14544.816,0.0039832946,0.23214881,0.23214881,1e-05,0.0003,-2052.438,0.0065033226013183594,4456.214119434357,1045000,0.0,45000.0,-0.02744972745926068,-3.375943190150175,200.0,1.284696340560913,0.07192805089813045
-2460.8574,0.005971656,0.047312405,2460.8633,-2460.8633,1.6547576,0.27350733,10000.0,100.0,20,1000.0,139.18793,3444.2922,2448.292,16.131687,131.16937,-103.35333,10623.318,0.00551342,0.45258832,0.45258832,1e-05,0.0003,-1869.081,0.00674007740020752,4489.91451215744,1050000,0.0,50000.0,-0.2476220003441769,-28.12321544437546,200.0,1.310725450515747,-0.5116922261891392
-2513.4282,0.006436382,0.059158336,2513.4346,-2513.4346,0.7627364,0.28998953,10000.0,100.0,20,1000.0,206.60564,3458.7727,2497.7998,346.8855,209.16124,-179.7937,15115.568,0.0049230335,0.22118556,0.22118556,1e-05,0.0003,-2085.637,0.006734215211868286,4523.5855939388275,1055000,0.0,55000.0,-0.05165035770841449,-3.7666690692494282,200.0,1.3054749965667725,0.06271347793499756
-2505.7363,0.007167306,0.06923118,2505.7434,-2505.7434,0.96809936,0.29145226,10000.0,100.0,20,1000.0,239.38255,3463.2375,2488.563,8.824099,309.49988,-370.7231,20567.71,0.0057929414,0.28215474,0.28215474,1e-05,0.0003,-1984.199,0.006744583368301391,4557.308516263962,1060000,0.0,60000.0,-0.025785543516301995,-4.981582873425624,200.0,1.3358135223388672,0.03406190277364219
-2476.153,0.0061475523,0.06746334,2476.1592,-2476.1592,1.1442211,0.29447266,10000.0,100.0,20,1000.0,247.41614,3472.3232,2458.255,-37.172825,356.44888,-164.71503,13874.206,0.0079095345,0.33694184,0.33694184,1e-05,0.0003,-1891.7949,0.006747683191299438,4591.046937465668,1065000,0.0,65000.0,-0.11896831902125177,-12.247142279996586,200.0,1.6135187149047852,-0.13728335703910266
-2521.8525,0.0063790316,0.054430287,2521.859,-2521.859,1.2094917,0.29843423,10000.0,100.0,20,1000.0,265.94592,3494.4768,2507.198,-13.162632,227.89613,-208.47328,14272.748,0.0075465506,0.36095375,0.36095375,1e-05,0.0003,-1894.953,0.0066827115058898925,4624.460500240326,1070000,0.0,70000.0,-0.1976234490033485,-17.60497845615188,200.0,1.290658950805664,-0.26363836706175536
-2270.4846,0.0071400246,0.07429424,2270.4917,-2270.4917,0.7625411,0.3113748,10000.0,100.0,20,1000.0,247.97345,3513.9197,2254.2432,-21.884167,321.526,-238.28607,15075.595,0.0050859284,0.2374361,0.2374361,1e-05,0.0003,-1785.0752,0.0067923898220062255,4658.4224553108215,1075000,0.0,75000.0,-0.027588953783529636,-3.660097217955391,200.0,1.32065749168396,0.06522678496710127
-2391.0015,0.00835828,0.07383899,2391.0098,-2391.0098,0.5866115,0.32169083,10000.0,100.0,20,1000.0,192.15018,3515.7314,2373.6135,-11.77092,220.74878,-172.23848,10057.57,0.005069634,0.18870753,0.18870753,1e-05,0.0003,-2010.1438,0.006790769863128662,4692.376310348511,1080000,0.0,80000.0,-0.14893372255207135,-13.388157108780733,200.0,1.281637191772461,-0.16419215667143347
-2345.8691,0.00871595,0.069872476,2345.878,-2345.878,0.99463636,0.29460588,10000.0,100.0,20,1000.0,334.71313,3516.5264,2329.9531,-17.218683,174.23509,-217.07837,15286.393,0.006802186,0.29302573,0.29302573,1e-05,0.0003,-1718.1302,0.006991351842880249,4727.333074808121,1085000,0.0,85000.0,-0.039148686471894054,-11.261760762833571,200.0,2.010328769683838,-0.1140448914750782
-2347.4072,0.0073486045,0.067523055,2347.4146,-2347.4146,0.95013875,0.295188,10000.0,100.0,20,1000.0,402.00793,3514.6,2331.5386,-19.213196,887.86707,-730.0308,26743.395,0.0056756306,0.28046957,0.28046957,1e-05,0.0003,-1664.9297,0.006839739894866944,4761.53178024292,1090000,0.0,90000.0,-0.03579797288459038,0.28941088092023076,200.0,1.3419358730316162,0.15836888916933933
-2411.354,0.0087836,0.080538586,2411.3628,-2411.3628,0.9988622,0.2768088,10000.0,100.0,20,1000.0,319.6704,3509.744,2390.8628,-19.964777,248.53983,-215.0553,16592.2,0.008871632,0.27649385,0.27649385,1e-05,0.0003,-1815.1897,0.007016251277923584,4796.613042116165,1095000,0.0,95000.0,-0.038193633817779994,-6.794118927324389,200.0,1.3455238342285156,-0.008683527233353918
-2436.6824,0.005662755,0.043876614,2436.688,-2436.688,1.2165082,0.26996544,10000.0,100.0,20,1000.0,369.35522,3509.1533,2427.0996,-22.065727,180.83792,-213.14618,15764.309,0.004361594,0.32841516,0.32841516,1e-05,0.0003,-1738.912,0.007089754962921142,4832.06182217598,1100000,0.0,100000.0,-0.03501179825764724,-4.4413182812087815,200.0,1.3398804664611816,0.046803079569650456
-2348.7454,0.007895124,0.07130895,2348.7532,-2348.7532,0.59261584,0.28499493,10000.0,100.0,20,1000.0,306.46976,3512.118,2333.5059,-25.015543,183.59647,-197.31331,13148.007,0.0053995266,0.1688925,0.1688925,1e-05,0.0003,-1873.3832,0.011580986738204955,4889.966761827469,1105000,0.0,105000.0,-0.021741119563000146,-3.200290754859009,200.0,1.3805408477783203,0.0760705002922523
-2316.9258,0.008092711,0.06895711,2316.9338,-2316.9338,1.1097227,0.29033133,10000.0,100.0,20,1000.0,282.72705,3504.991,2299.9575,-33.30555,137.39001,-155.54314,12782.566,0.006129429,0.3221873,0.3221873,1e-05,0.0003,-1712.0115,0.007077277565002441,4925.353155136108,1110000,0.0,110000.0,-0.03852892611308112,-6.159765272721283,200.0,1.3415284156799316,0.0062765722825665156
-2473.2666,0.0068162153,0.08857629,2473.2734,-2473.2734,0.54329103,0.2943346,10000.0,100.0,20,1000.0,962.3473,3503.9019,2450.0156,-15.187693,1269.1086,-1461.9957,36403.6,0.0066864197,0.15990935,0.15990935,1e-05,0.0003,-1351.01,0.006843318510055542,4959.569752931595,1115000,0.0,115000.0,-0.07687080454977518,-12.925755617245606,200.0,1.3202965259552002,-0.15328724222902573
-2414.6008,0.009573204,0.08048691,2414.6104,-2414.6104,0.9440737,0.30014548,10000.0,100.0,20,1000.0,346.67212,3492.704,2397.067,-43.164234,376.8268,-450.45532,16224.888,0.008964577,0.28335944,0.28335944,1e-05,0.0003,-1784.5693,0.006981922864913941,4994.479372501373,1120000,0.0,120000.0,-0.20733445505972836,3.6193060196978144,200.0,1.3655672073364258,0.236898526844179
-2563.2842,0.008900487,0.08224121,2563.293,-2563.293,1.0751586,0.31679758,10000.0,100.0,20,1000.0,227.42804,3489.511,2542.809,-18.752485,258.13196,-168.47571,12714.934,0.007339777,0.34060764,0.34060764,1e-05,0.0003,-1995.2485,0.007382393455505371,5031.391345024109,1125000,0.0,125000.0,-0.016932404606631,-7.317254737315805,200.0,1.373093605041504,-0.021020752251328788
-2418.2546,0.0070338165,0.050332017,2418.2617,-2418.2617,1.1189907,0.31015682,10000.0,100.0,20,1000.0,213.84645,3496.936,2405.692,-16.345716,158.95694,-270.34332,15523.36,0.005472017,0.3470626,0.3470626,1e-05,0.0003,-1857.3456,0.007439535665512085,5068.589029788971,1130000,0.0,130000.0,-0.014718109234410252,-2.4896979800845935,200.0,1.3504588603973389,0.09282856347795346
-2345.9204,0.006730546,0.06236815,2345.9272,-2345.9272,0.7856871,0.31351572,10000.0,100.0,20,1000.0,281.96066,3510.7415,2333.7268,-28.408247,363.81317,-346.14352,15047.168,0.008247011,0.24632525,0.24632525,1e-05,0.0003,-1817.6345,0.007210908126831055,5104.643576145172,1135000,0.0,135000.0,-0.026897589576301752,-3.2615100240434445,200.0,1.684586763381958,0.07462675301871592
-2213.481,0.0054175183,0.05436709,2213.4863,-2213.4863,0.7313182,0.31910735,10000.0,100.0,20,1000.0,208.60437,3510.5,2201.1968,-6.019724,183.66473,-144.51952,12291.335,0.00539068,0.23336901,0.23336901,1e-05,0.0003,-1771.5076,0.00712096848487854,5140.248423814774,1140000,0.0,140000.0,-0.039231531717836866,-3.0754871550459018,200.0,1.4394738674163818,0.0790137705951835
-2161.412,0.005407411,0.03460272,2161.4175,-2161.4175,0.83529663,0.2936637,10000.0,100.0,20,1000.0,204.81354,3517.6382,2153.355,-23.513609,445.6943,-197.53477,18646.21,0.0050345627,0.24529631,0.24529631,1e-05,0.0003,-1711.3024,0.006821073246002197,5174.353796720505,1145000,0.0,145000.0,-0.019302153730894524,-1.9250762825866703,200.0,1.3345351219177246,0.10614415915888595
-2179.9502,0.005910149,0.05588311,2179.956,-2179.956,1.0306286,0.2885661,10000.0,100.0,20,1000.0,309.14758,3528.5244,2167.392,-28.240595,830.44275,-1491.2493,25024.418,0.0049616206,0.29740447,0.29740447,1e-05,0.0003,-1573.3982,0.006765898752212524,5208.1832954883575,1150000,0.0,150000.0,-0.08792068613649519,-8.023355435367552,200.0,1.3584749698638916,-0.037672877819556416
-2179.535,0.006576653,0.06508166,2179.5415,-2179.5415,0.68833494,0.27648926,10000.0,100.0,20,1000.0,329.03345,3542.6785,2164.9873,-14.9734125,831.47797,-874.84625,19976.574,0.00611979,0.19031721,0.19031721,1e-05,0.0003,-1660.1842,0.007068169212341309,5243.524147748947,1155000,0.0,155000.0,-0.028514387126191434,-7.5319768623851395,200.0,1.3312275409698486,-0.026084590594495524
-2285.2034,0.0071894727,0.068568125,2285.2104,-2285.2104,1.0410913,0.26445046,10000.0,100.0,20,1000.0,333.7053,3543.337,2269.8975,-88.06522,147.71848,-201.9284,14014.461,0.0067538484,0.27531707,0.27531707,1e-05,0.0003,-1676.1809,0.007005601263046265,5278.552159786224,1160000,0.0,160000.0,-0.12637305134805696,77.39154329212892,200.0,1.3790054321289062,1.9766851633666322
-2177.369,0.006703674,0.063903034,2177.3755,-2177.3755,0.8700444,0.2540821,10000.0,100.0,20,1000.0,308.3019,3552.3389,2163.026,-18.405033,274.81622,-257.6769,16892.055,0.005507291,0.22106272,0.22106272,1e-05,0.0003,-1648.0043,0.007010535430908203,5313.604842185974,1165000,0.0,165000.0,-0.04547108013700357,-1.2058417570796187,200.0,1.314788579940796,0.12310602262226168
-2237.835,0.005834412,0.052224513,2237.8408,-2237.8408,0.9339644,0.2673896,10000.0,100.0,20,1000.0,287.73846,3555.1296,2226.4478,-22.846653,221.57779,-263.43,16711.006,0.006228374,0.24973236,0.24973236,1e-05,0.0003,-1700.364,0.006957782983779907,5348.393762588501,1170000,0.0,170000.0,-0.009126136366361162,-11.465889229829976,200.0,1.337050437927246,-0.11885889728735516
-2307.8608,0.008339289,0.07135266,2307.8691,-2307.8691,1.3389324,0.27031568,10000.0,100.0,20,1000.0,385.61142,3567.3572,2291.8584,-23.473986,465.46158,-234.60124,23516.307,0.0055600777,0.36193442,0.36193442,1e-05,0.0003,-1560.315,0.0070516841411590574,5383.652188777924,1175000,0.0,175000.0,-0.02954596576745422,-6.727332598799398,200.0,1.3144118785858154,-0.007108490794631198
-2270.3162,0.0074181007,0.0655604,2270.3235,-2270.3235,1.1889404,0.2737249,10000.0,100.0,20,1000.0,428.64532,3568.7441,2253.2112,-26.763475,526.4035,-355.8774,20204.84,0.0051412466,0.3254426,0.3254426,1e-05,0.0003,-1516.2283,0.007135171842575073,5419.3280527591705,1180000,0.0,180000.0,-0.024348953005119894,-6.765619690807342,200.0,1.6968865394592285,-0.008011423571100202
-2202.0557,0.0062803943,0.06483279,2202.062,-2202.062,0.76036674,0.29424658,10000.0,100.0,20,1000.0,367.2255,3554.6492,2189.068,-54.24175,175.4551,-235.2025,15498.346,0.0067851003,0.22373533,0.22373533,1e-05,0.0003,-1611.0948,0.006635153341293335,5452.5038249492645,1185000,0.0,185000.0,-0.05169427642615892,-8.438654059694159,200.0,1.2286279201507568,-0.04746695515113276
-2241.5684,0.0067688436,0.062581174,2241.5752,-2241.5752,0.93852246,0.29344514,10000.0,100.0,20,1000.0,369.1493,3548.5703,2227.3389,-23.36969,1572.5596,-1843.1411,30889.676,0.0066622454,0.27540487,0.27540487,1e-05,0.0003,-1597.0142,0.006433779621124267,5484.672728776932,1190000,0.0,190000.0,-0.02551851116339665,-5.032823731167798,200.0,1.2026915550231934,0.03285347853656002
-2111.4324,0.004668367,0.05011948,2111.437,-2111.437,1.0051018,0.2970498,10000.0,100.0,20,1000.0,229.44086,3551.879,2100.9363,-32.259586,458.6928,-184.70708,18152.883,0.0057087285,0.29856527,0.29856527,1e-05,0.0003,-1583.4261,0.006959581422805786,5519.470640897751,1195000,0.0,195000.0,0.8471822403051186,221.496419779839,200.0,1.5085639953613281,5.375141651072048
-2125.3428,0.0064898427,0.055816017,2125.3494,-2125.3494,0.84022456,0.30322596,10000.0,100.0,20,1000.0,305.89105,3553.876,2113.3452,-28.898336,334.41068,-299.61325,20410.21,0.005707343,0.2547779,0.2547779,1e-05,0.0003,-1564.6737,0.006946880435943603,5554.205050945282,1200000,0.0,200000.0,-0.12542648346240365,-10.030032690183617,200.0,1.713864803314209,-0.0849967817815584
-2050.2349,0.006105426,0.053806484,2050.241,-2050.241,1.2286668,0.31005776,10000.0,100.0,20,1000.0,288.07928,3548.7795,2040.6794,-49.661884,233.6234,-277.89346,16460.973,0.0074036415,0.3809577,0.3809577,1e-05,0.0003,-1381.1978,0.011629339170455933,5612.351752281189,1205000,0.0,205000.0,-0.0989365346168426,2.4716739467270563,200.0,1.3032433986663818,0.20983367131016864
-2211.3682,0.005444227,0.048610445,2211.3735,-2211.3735,1.0296018,0.31277534,10000.0,100.0,20,1000.0,240.62395,3547.5696,2199.9795,-21.36661,229.98608,-124.76747,11951.903,0.0057036355,0.32203406,0.32203406,1e-05,0.0003,-1648.7102,0.006877622795104981,5646.739872217178,1210000,0.0,210000.0,-0.025182619822114446,-3.6431312498977753,200.0,1.3422935009002686,0.06562689706338085
-2046.1573,0.0055672307,0.043903723,2046.163,-2046.163,1.0418522,0.31354976,10000.0,100.0,20,1000.0,234.24507,3537.8958,2036.048,-33.29889,154.0483,-243.79199,12914.627,0.0055901823,0.32667252,0.32667252,1e-05,0.0003,-1485.2397,0.006880047369003296,5681.140114545822,1215000,0.0,215000.0,-0.2036275208369805,-22.705257847525047,200.0,1.303006887435913,-0.3839193596914573
-2040.3748,0.007345766,0.056492,2040.3821,-2040.3821,0.7773877,0.30988944,10000.0,100.0,20,1000.0,380.13382,3542.219,2026.699,-22.24333,239.97087,-275.6294,16631.346,0.0049024126,0.24090424,0.24090424,1e-05,0.0003,-1419.3367,0.00696418251991272,5715.961032867432,1220000,0.0,220000.0,-0.1131193917248019,0.1513780986801202,200.0,1.31111478805542,0.15511363219432683
-2001.0356,0.0065663215,0.04356249,2001.0422,-2001.0422,0.71193117,0.29287168,10000.0,100.0,20,1000.0,440.4389,3538.858,1992.6586,-43.309597,298.654,-287.52414,24018.877,0.006431104,0.20850447,0.20850447,1e-05,0.0003,-1352.0922,0.006953326368331909,5750.727670431137,1225000,0.0,225000.0,-0.024473652721907775,-4.380355334177862,200.0,1.650383710861206,0.04824078194237022
-1969.985,0.0060821427,0.058237944,1969.9911,-1969.9911,0.677431,0.30580148,10000.0,100.0,20,1000.0,816.4628,3528.6768,1958.1323,-21.423035,1213.2428,-1078.9791,33515.72,0.0062250947,0.2071594,0.2071594,1e-05,0.0003,-946.3628,0.006463043546676636,5783.042893886566,1230000,0.0,230000.0,-0.013086462341264522,-5.03086582994875,200.0,1.258993148803711,0.03289965214471495
-2063.3188,0.012788761,0.1185346,2063.3315,-2063.3315,1.4719256,0.30409768,10000.0,100.0,20,1000.0,737.7928,3522.52,2034.4204,-14.91085,283.75366,-465.79764,24107.39,0.007328288,0.44760916,0.44760916,1e-05,0.0003,-877.917,0.0065013915538787844,5815.54985666275,1235000,0.0,235000.0,-0.03263560896200376,-6.61997307203317,200.0,1.2583417892456055,-0.004576607841407291
-2237.432,0.0061492673,0.054991048,2237.438,-2237.438,0.93893796,0.30094507,10000.0,100.0,20,1000.0,278.40015,3511.1492,2227.0195,-8.358855,175.41939,-278.90625,15424.479,0.007952652,0.28256875,0.28256875,1e-05,0.0003,-1676.463,0.006453586435317993,5847.817794084549,1240000,0.0,240000.0,-0.046521398202368995,-5.900205217872498,200.0,1.2346644401550293,0.012397833227023557
-2178.995,0.0049688155,0.029687796,2179.0,-2179.0,1.0482056,0.290462,10000.0,100.0,20,1000.0,225.93442,3517.6501,2176.5774,-20.297092,383.71194,-367.21982,17332.375,0.0053740186,0.3044639,0.3044639,1e-05,0.0003,-1648.5968,0.006393858957290649,5879.7870943546295,1245000,0.0,245000.0,0.6817443212752761,-0.42575877075363144,200.0,1.2259531021118164,0.14150288850524423
-1948.8982,0.005099419,0.035547953,1948.9033,-1948.9033,0.67182827,0.28526887,10000.0,100.0,20,1000.0,326.15878,3524.2063,1947.7334,-27.152103,448.4927,-335.33395,23529.588,0.0061577046,0.1916517,0.1916517,1e-05,0.0003,-1431.0876,0.006377317428588867,5911.673687458038,1250000,0.0,250000.0,-0.07033126934769714,-11.684957118035909,200.0,1.2615892887115479,-0.12402522270303165
-1945.688,0.0055281473,0.043254983,1945.6935,-1945.6935,1.2843664,0.2784723,10000.0,100.0,20,1000.0,267.60934,3536.6692,1936.5905,-20.379787,181.303,-237.23238,14417.924,0.0050307387,0.35766047,0.35766047,1e-05,0.0003,-1320.4182,0.0063953511238098145,5943.650448083878,1255000,0.0,255000.0,-0.027060417277016392,-4.330631324401016,200.0,1.2185564041137695,0.049413434025627534
-1915.7373,0.0057593845,0.0590049,1915.743,-1915.743,0.6219284,0.28601792,10000.0,100.0,20,1000.0,320.55737,3531.932,1904.0009,-27.405148,218.39456,-233.24945,18165.674,0.0062536085,0.17788266,0.17788266,1e-05,0.0003,-1417.2972,0.006510215473175049,5976.20153093338,1260000,0.0,260000.0,-0.028823539642150814,2.8773638278851488,200.0,1.2529385089874268,0.21940114357218982
-2083.4036,0.006937463,0.059523705,2083.4104,-2083.4104,0.6367831,0.27953428,10000.0,100.0,20,1000.0,224.39552,3532.8655,2069.7188,-19.618559,278.6074,-307.73196,13483.041,0.007199527,0.17800272,0.17800272,1e-05,0.0003,-1681.0054,0.006559186983108521,6008.997472047806,1265000,0.0,265000.0,-0.026158484787594083,-4.901953977865441,200.0,1.2642219066619873,0.035939808249994334
-1851.307,0.00733285,0.07061905,1851.3143,-1851.3143,1.2147939,0.2726225,10000.0,100.0,20,1000.0,300.72284,3531.9526,1839.7168,-24.394157,411.7638,-211.06,16571.854,0.008942274,0.33118016,0.33118016,1e-05,0.0003,-1219.404,0.006396100664138794,6040.9779806137085,1270000,0.0,270000.0,-0.028021924932357868,-3.7212409875712495,200.0,1.273470401763916,0.06378481821622937
-1885.2201,0.006494844,0.058226388,1885.2266,-1885.2266,0.9053764,0.2703642,10000.0,100.0,20,1000.0,316.45407,3538.616,1874.0388,-37.53725,277.73282,-234.99326,16545.47,0.005652738,0.24478135,0.24478135,1e-05,0.0003,-1323.9846,0.006503514719009399,6073.495559930801,1275000,0.0,275000.0,-0.18678337317076282,-29.444344607745546,200.0,1.2425248622894287,-0.5428487011522527
-1923.1628,0.00411004,0.03288267,1923.167,-1923.167,0.89330566,0.2685055,10000.0,100.0,20,1000.0,320.85657,3539.5586,1920.722,-40.784733,576.204,-478.76038,23238.887,0.005536133,0.2398575,0.2398575,1e-05,0.0003,-1362.4487,0.006449731588363647,6105.744223833084,1280000,0.0,280000.0,-0.02448974480990875,-2.181547092315171,200.0,1.2370202541351318,0.1000957525506389
-2022.6528,0.007981125,0.06454668,2022.6608,-2022.6608,1.2590545,0.2795764,10000.0,100.0,20,1000.0,475.16312,3533.7654,2008.3813,-29.585983,277.74384,-308.56833,18821.2,0.008506005,0.35200194,0.35200194,1e-05,0.0003,-1195.4878,0.006435470581054687,6137.921581983566,1285000,0.0,285000.0,-0.09974638673239393,-17.430005600044492,200.0,1.249253749847412,-0.25951194433059116
-2161.876,0.0117011005,0.08099094,2161.8877,-2161.8877,1.2450459,0.28363135,10000.0,100.0,20,1000.0,654.31055,3539.5305,2144.469,-15.480242,279.58286,-378.34912,22661.537,0.009562624,0.35313404,0.35313404,1e-05,0.0003,-1154.4314,0.0063406708240509035,6169.6249413490295,1290000,0.0,290000.0,-0.005274322814463074,-4.119828842945773,200.0,1.2936480045318604,0.054384834565199616
-2213.659,0.00707347,0.067323595,2213.666,-2213.666,0.874764,0.28940865,10000.0,100.0,20,1000.0,605.05304,3550.3809,2198.4893,-12.375749,362.22208,-326.9313,19945.59,0.008703318,0.2531643,0.2531643,1e-05,0.0003,-1355.4417,0.0064873323917388915,6202.061608552933,1295000,0.0,295000.0,-0.15747128772732075,-8.938216791562262,200.0,1.2621324062347412,-0.059248251166315054
-2148.5994,0.00499703,0.036438428,2148.6042,-2148.6042,0.705116,0.28488147,10000.0,100.0,20,1000.0,323.7464,3564.662,2147.8018,-28.98113,308.573,-184.58708,15707.279,0.005726943,0.20087448,0.20087448,1e-05,0.0003,-1623.9785,0.006638973140716552,6235.256479501724,1300000,0.0,300000.0,-0.007369485585703721,-4.52842402509675,200.0,1.2444159984588623,0.04474884596113187
-2002.7368,0.006562041,0.06251548,2002.7434,-2002.7434,0.91955453,0.28943703,10000.0,100.0,20,1000.0,381.14896,3568.849,1991.4869,-17.629232,555.67096,-466.55038,21710.543,0.010396406,0.26615313,0.26615313,1e-05,0.0003,-1355.4348,0.010794153118133545,6289.227250337601,1305000,0.0,305000.0,-0.17693108789312317,-15.623401964097114,200.0,1.1916353702545166,-0.21690641981996725
-2003.3959,0.0057954956,0.061071828,2003.4016,-2003.4016,0.86479545,0.29061326,10000.0,100.0,20,1000.0,243.03226,3568.301,1991.3678,-19.105284,485.56015,-249.90813,16320.504,0.0055458792,0.25132102,0.25132102,1e-05,0.0003,-1509.0426,0.006299538326263428,6320.724947452545,1310000,0.0,310000.0,-0.02652150580051333,-3.0407560107408598,200.0,1.5304577350616455,0.07983284268743827
-1885.9117,0.0068722283,0.06346122,1885.9186,-1885.9186,1.0817168,0.28366753,10000.0,100.0,20,1000.0,208.08823,3558.486,1875.286,-33.070583,283.43118,-269.89493,17851.201,0.008212544,0.30684793,0.30684793,1e-05,0.0003,-1370.9756,0.006252807378768921,6351.988990306854,1315000,0.0,315000.0,-0.08761088976238979,-9.649566093160782,200.0,1.2146241664886475,-0.07602415568782778
-1912.2048,0.0054204445,0.04560668,1912.2102,-1912.2102,1.1240066,0.28279266,10000.0,100.0,20,1000.0,290.58447,3561.5989,1902.0225,-68.797935,281.36423,-144.79567,17180.918,0.0063350536,0.31786084,0.31786084,1e-05,0.0003,-1303.7595,0.006422555828094483,6384.101774215698,1320000,0.0,320000.0,-0.21183979153422677,-23.960026068298916,200.0,1.2072491645812988,-0.4135108301842634
-1952.4055,0.00931007,0.08168331,1952.4148,-1952.4148,0.9435284,0.27934512,10000.0,100.0,20,1000.0,527.0555,3563.4363,1936.6332,-28.172386,483.43256,-354.5889,24324.812,0.012124893,0.26357007,0.26357007,1e-05,0.0003,-1161.78,0.00637728590965271,6415.9882090091705,1325000,0.0,325000.0,-0.10688847025995558,-19.83352137123311,200.0,1.2465541362762451,-0.3161945769033679
-1900.3079,0.00835677,0.06287862,1900.3162,-1900.3162,1.5660923,0.27415144,10000.0,100.0,20,1000.0,454.30774,3555.4636,1890.25,-22.589815,448.43304,-391.5557,23542.75,0.008343417,0.42934644,0.42934644,1e-05,0.0003,-1016.6537,0.00642065896987915,6448.091509342194,1330000,0.0,330000.0,-0.10714772922990211,-17.074055542525485,200.0,1.5863878726959229,-0.2511174970935627
-1953.4036,0.0059750928,0.054572422,1953.4095,-1953.4095,0.9632168,0.2798225,10000.0,100.0,20,1000.0,286.36386,3538.458,1943.151,-11.397033,348.51715,-204.53992,13678.145,0.0073190415,0.26952973,0.26952973,1e-05,0.0003,-1397.51,0.00649985089302063,6480.590769290924,1335000,0.0,335000.0,-0.020175749264356904,-4.812233774215969,200.0,1.2363312244415283,0.03805569922885933
-1925.9897,0.005157614,0.0600139,1925.9949,-1925.9949,0.9505557,0.26990244,10000.0,100.0,20,1000.0,286.11392,3535.647,1913.7388,-13.290723,469.2556,-213.92963,13861.949,0.007961158,0.2565573,0.2565573,1e-05,0.0003,-1383.3186,0.006504975175857544,6513.115650177002,1340000,0.0,340000.0,-0.022233465431590327,-4.843748007638767,200.0,1.2414617538452148,0.037312492242106844
-1868.1614,0.0058228876,0.055431366,1868.1672,-1868.1672,1.2739495,0.26977807,10000.0,100.0,20,1000.0,353.48065,3518.604,1858.1892,-12.686703,332.8087,-508.57324,19460.387,0.004054717,0.34368363,0.34368363,1e-05,0.0003,-1170.9971,0.006462928533554077,6545.4302983284,1345000,0.0,345000.0,-0.028217766087788382,-6.7174865741738605,200.0,1.2750020027160645,-0.006876289865125392
-1893.4736,0.0053497786,0.055856343,1893.479,-1893.479,1.2078532,0.2736735,10000.0,100.0,20,1000.0,416.85046,3508.4604,1882.5857,-31.882994,311.42426,-317.59866,19460.992,0.0077732126,0.3305574,0.3305574,1e-05,0.0003,-1146.0658,0.006452267551422119,6577.691642045975,1350000,0.0,350000.0,-0.012898128261282227,11.611340784842973,200.0,1.2394373416900635,0.42537641225349865
-1786.3604,0.0063041467,0.0640527,1786.3667,-1786.3667,0.66872793,0.28401476,10000.0,100.0,20,1000.0,319.9979,3500.7522,1774.5253,-19.452347,161.4938,-227.13777,14590.666,0.005587022,0.18992859,0.18992859,1e-05,0.0003,-1276.4338,0.0061846700191497805,6608.614998579025,1355000,0.0,355000.0,-0.07319907761555236,-3.3873688956117625,200.0,1.2220184803009033,0.07165859601361199
-1929.5996,0.005844345,0.068044156,1929.6055,-1929.6055,1.7881602,0.27759618,10000.0,100.0,20,1000.0,386.09866,3504.1052,1917.4788,-29.264654,287.69946,-215.59024,18955.625,0.008026281,0.4963864,0.4963864,1e-05,0.0003,-1047.1145,0.006465494966506958,6640.942479133606,1360000,0.0,360000.0,-0.043242584042136975,-4.884415615471149,200.0,1.2863829135894775,0.03635341924578664
-1875.5774,0.005510464,0.04847612,1875.5829,-1875.5829,1.3369355,0.2914504,10000.0,100.0,20,1000.0,359.44257,3507.036,1867.9773,-21.406239,199.79825,-226.68623,17237.71,0.005669555,0.3896504,0.3896504,1e-05,0.0003,-1126.4844,0.006474013376235962,6673.312551736832,1365000,0.0,365000.0,-0.025155827713559387,-2.7909165116504515,200.0,1.2842845916748047,0.08572486166183627
-1880.5579,0.005552355,0.050122082,1880.5634,-1880.5634,1.0035533,0.2884131,10000.0,100.0,20,1000.0,289.51132,3498.7874,1871.904,-55.525013,249.38405,-175.42041,13981.6875,0.0044448315,0.28943792,0.28943792,1e-05,0.0003,-1301.6086,0.006403060913085937,6705.327862024307,1370000,0.0,370000.0,-0.04687148201241447,-3.5229287873649517,200.0,1.2588551044464111,0.06846165775010667
-1768.17,0.0061992267,0.06324399,1768.1763,-1768.1763,1.1553329,0.275393,10000.0,100.0,20,1000.0,225.81639,3501.951,1757.0864,-35.23252,290.1897,-101.7236,12611.586,0.0073622377,0.3181706,0.3181706,1e-05,0.0003,-1224.1831,0.006331217861175537,6736.983956813812,1375000,0.0,375000.0,-0.10465480026842644,-6.7563145849779485,200.0,1.235469102859497,-0.007791979246623196
-1685.3151,0.00582672,0.040912155,1685.3209,-1685.3209,1.1476015,0.27621138,10000.0,100.0,20,1000.0,364.34372,3509.8567,1683.3604,-13.693151,259.41107,-432.4793,21333.11,0.00707289,0.3169806,0.3169806,1e-05,0.0003,-1003.9907,0.006455879592895508,6769.26335978508,1380000,0.0,380000.0,-0.008842856497581068,-1.4742754665335183,200.0,1.2329795360565186,0.11677549236091946
-1652.1357,0.0067906342,0.057580393,1652.1426,-1652.1426,0.6828926,0.28415808,10000.0,100.0,20,1000.0,267.65295,3511.182,1642.523,-18.729834,202.82997,-165.89575,14421.988,0.008127292,0.19404946,0.19404946,1e-05,0.0003,-1190.4333,0.006539839887619019,6801.962564706802,1385000,0.0,385000.0,-0.007200337129241049,-0.5633659651630065,200.0,1.2655143737792969,0.1382576682601447
-1756.7314,0.005862371,0.051456444,1756.7373,-1756.7373,0.923827,0.28399974,10000.0,100.0,20,1000.0,356.61035,3521.6846,1747.2512,-17.930817,534.66296,-194.22516,18508.918,0.006923213,0.26236662,0.26236662,1e-05,0.0003,-1137.7545,0.006542497682571411,6834.675058841705,1390000,0.0,390000.0,-0.06708772911582,-6.323609091639429,200.0,1.240415334701538,0.002412608043852558
-1799.0204,0.005252991,0.06234858,1799.0256,-1799.0256,0.8852266,0.27347168,10000.0,100.0,20,1000.0,358.92975,3524.4507,1787.6157,-51.380283,768.8284,-357.28006,23914.947,0.0071188807,0.24208441,0.24208441,1e-05,0.0003,-1198.0061,0.006417081928253174,6866.76047372818,1395000,0.0,395000.0,-0.0110347779827557,-4.123473204925485,200.0,1.2649707794189453,0.05429888878796177
-1679.1549,0.005449661,0.054794863,1679.1604,-1679.1604,0.9957431,0.2753056,10000.0,100.0,20,1000.0,336.6178,3526.4395,1671.2141,-30.429953,278.11017,-447.1544,20157.549,0.007152307,0.27413365,0.27413365,1e-05,0.0003,-1068.4034,0.006505454587936402,6899.287751913071,1400000,0.0,400000.0,-0.013028612773501626,2.457488168882034e-05,200.0,1.2730484008789062,0.15154422928842498
-1719.7665,0.0053156037,0.049607206,1719.7719,-1719.7719,1.3369102,0.26176852,10000.0,100.0,20,1000.0,366.75253,3537.5872,1712.5515,-33.05048,346.19434,-306.5062,21371.178,0.0072795623,0.349961,0.349961,1e-05,0.0003,-1003.0529,0.01102786717414856,6954.427093744278,1405000,0.0,405000.0,-0.01417877029454341,-2.86614122834803,200.0,1.2449696063995361,0.08395082088870193
-1658.002,0.005800221,0.062510565,1658.0078,-1658.0078,1.3719909,0.26184723,10000.0,100.0,20,1000.0,445.95157,3542.9265,1647.4028,-23.288942,322.51453,-331.39896,20504.703,0.008546247,0.35925204,0.35925204,1e-05,0.0003,-852.79834,0.006571063756942749,6987.2824177742,1410000,0.0,410000.0,-0.048841398581955325,256.28323944044934,200.0,1.3278303146362305,6.195526747285789
-1615.577,0.0061764577,0.06028747,1615.5833,-1615.5833,1.103911,0.26162186,10000.0,100.0,20,1000.0,418.142,3559.6975,1603.4387,-25.484673,341.50623,-330.75464,20545.287,0.006686915,0.28880727,0.28880727,1e-05,0.0003,-908.6278,0.006573690509796143,7020.150876045227,1415000,0.0,415000.0,-0.17273217910702982,-10.497230530855267,200.0,1.5861754417419434,-0.09601480956362267
-1697.6558,0.0051339995,0.05084941,1697.6609,-1697.6609,1.0694109,0.26236928,10000.0,100.0,20,1000.0,588.81616,3571.2283,1691.0776,-29.223528,455.72784,-423.69925,24818.393,0.007454633,0.28058058,0.28058058,1e-05,0.0003,-828.25903,0.00640906023979187,7052.196182727814,1420000,0.0,420000.0,-0.01367097417643317,5.587444879428771,200.0,1.250373363494873,0.2833135714948592
-1811.3137,0.0054941936,0.07011978,1811.3192,-1811.3192,0.6553187,0.25413322,10000.0,100.0,20,1000.0,426.10324,3576.9146,1799.2406,-51.526787,328.10822,-250.84816,21244.365,0.0067783063,0.16653824,0.16653824,1e-05,0.0003,-1218.6722,0.006492452716827393,7084.658451795578,1425000,0.0,425000.0,-0.048343327402821185,-4.089988852473542,200.0,1.2784419059753418,0.055088557518128745
-1720.9448,0.0055390773,0.06192682,1720.9503,-1720.9503,0.7124213,0.24385093,10000.0,100.0,20,1000.0,575.5709,3581.2517,1711.9279,-20.71887,317.04456,-329.5054,21098.016,0.006604747,0.1737246,0.1737246,1e-05,0.0003,-971.6493,0.006588146066665649,7117.599187850952,1430000,0.0,430000.0,-0.12864776361164842,-15.566070851335498,200.0,1.2870547771453857,-0.21555436778077963
-1632.496,0.005350626,0.058087353,1632.5013,-1632.5013,0.9683993,0.24837156,10000.0,100.0,20,1000.0,726.85376,3581.8757,1623.1139,-45.584835,693.1392,-740.5134,36436.367,0.0059068855,0.24052283,0.24052283,1e-05,0.0003,-665.1194,0.006598946428298951,7150.593925237656,1435000,0.0,435000.0,-0.11325982295596287,-2.1857068672966444,200.0,1.607517957687378,0.09999765167704089
-1650.888,0.0053234748,0.06276795,1650.8933,-1650.8933,1.5008177,0.25292894,10000.0,100.0,20,1000.0,559.48474,3581.5342,1642.8201,-21.350672,601.8373,-485.45554,28987.994,0.007747768,0.37960023,0.37960023,1e-05,0.0003,-711.803,0.006500058650970459,7183.094223976135,1440000,0.0,440000.0,-0.21225828325806387,-18.974671586220342,200.0,1.2649059295654297,-0.2959401365611636
-1700.4146,0.006090029,0.07459897,1700.4207,-1700.4207,0.7891756,0.2599748,10000.0,100.0,20,1000.0,505.72443,3585.2866,1689.1849,-28.25248,572.4806,-661.67993,26818.012,0.0056885504,0.20516577,0.20516577,1e-05,0.0003,-989.5244,0.006625984811782837,7216.224153280258,1445000,0.0,445000.0,-0.1671860637528755,-17.94943168285255,200.0,1.248687744140625,-0.27176168204958495
-1670.1722,0.0066716583,0.07235367,1670.179,-1670.179,0.75145376,0.26028824,10000.0,100.0,20,1000.0,408.9432,3590.3357,1657.4733,-29.634115,311.46313,-363.3158,20835.582,0.007601323,0.19559456,0.19559456,1e-05,0.0003,-1065.6344,0.006553051805496216,7248.989417552948,1450000,0.0,450000.0,-0.006592003939654233,-3.6654445297592604,200.0,1.2403411865234375,0.06510067815562778
-1763.9275,0.0057288986,0.054717436,1763.9332,-1763.9332,1.4544219,0.25646448,10000.0,100.0,20,1000.0,298.4972,3595.4731,1754.9832,-71.28999,318.19226,-165.56458,18333.719,0.0060133734,0.37300757,0.37300757,1e-05,0.0003,-1092.4227,0.006509526109695435,7281.537053823471,1455000,0.0,455000.0,-0.009506668466589228,-4.047074773215235,200.0,1.5694925785064697,0.05610060953624166
-1683.2853,0.005787166,0.054634456,1683.291,-1683.291,0.6713061,0.25233784,10000.0,100.0,20,1000.0,425.2968,3592.7808,1674.4297,-21.881222,403.31995,-412.2262,24759.297,0.006028466,0.16939592,0.16939592,1e-05,0.0003,-1088.5927,0.006439915227890015,7313.7366354465485,1460000,0.0,460000.0,-0.07624233430433999,-12.881515360278573,200.0,1.2439522743225098,-0.15224391467501205
-1635.008,0.006400613,0.06396957,1635.0144,-1635.0144,1.3741293,0.25839671,10000.0,100.0,20,1000.0,467.19888,3622.9653,1627.3792,-31.017954,303.66003,-353.79694,22944.885,0.00726893,0.3550705,0.3550705,1e-05,0.0003,-812.7387,0.006601145458221436,7346.742367982864,1465000,0.0,465000.0,-0.014978791968323977,-8.700077673941,200.0,1.254469871520996,-0.05363216482016394
-1658.3137,0.0056337137,0.0599288,1658.3193,-1658.3193,0.60262495,0.25836042,10000.0,100.0,20,1000.0,877.8754,3628.208,1651.4565,-24.763142,524.1778,-867.10815,37083.3,0.010145513,0.15569443,0.15569443,1e-05,0.0003,-624.7439,0.006463162708282471,7379.058187007904,1470000,0.0,470000.0,-0.029063310217016747,-6.467390672570461,200.0,1.2482621669769287,-0.0009782240947758631
-1772.7208,0.0064998204,0.06472653,1772.7273,-1772.7273,0.976709,0.24799216,10000.0,100.0,20,1000.0,494.02008,3642.0305,1761.8041,-34.410755,307.2093,-230.60954,20417.303,0.0076041077,0.24221618,0.24221618,1e-05,0.0003,-1036.4845,0.006592900228500366,7412.022695064545,1475000,0.0,475000.0,-0.04124859901293324,-5.763301762751272,200.0,1.26847243309021,0.01562645703619561
-1608.9288,0.004504421,0.05557163,1608.9333,-1608.9333,1.3438926,0.24029024,10000.0,100.0,20,1000.0,589.9785,3634.8428,1600.3687,-23.012978,783.1864,-1204.2695,27703.336,0.007324082,0.32292426,0.32292426,1e-05,0.0003,-696.02606,0.0065101718425750734,7444.573559045792,1480000,0.0,480000.0,-0.0858747448536618,-8.119512037519494,200.0,1.2801623344421387,-0.0399405597771954
-1616.0963,0.004727517,0.042381797,1616.1011,-1616.1011,1.1815059,0.23258165,10000.0,100.0,20,1000.0,463.6652,3638.4922,1613.0522,-42.875076,373.34207,-355.15588,19029.143,0.0058565047,0.2747966,0.2747966,1e-05,0.0003,-877.6345,0.0065628507137298585,7477.38781785965,1485000,0.0,485000.0,-0.02231209985739367,-6.272923468707046,200.0,1.261812686920166,0.003607938058257981
-1614.3801,0.005396322,0.045385927,1614.3855,-1614.3855,1.2227548,0.23268728,10000.0,100.0,20,1000.0,386.6702,3644.5325,1611.366,-19.209698,231.28253,-264.59586,17478.387,0.006970729,0.2845195,0.2845195,1e-05,0.0003,-943.1904,0.006566522550582886,7510.220435857773,1490000,0.0,490000.0,-0.06602763891816064,-13.614485787030237,200.0,1.2506518363952637,-0.16952971487000293
-1780.0256,0.005766465,0.06797921,1780.0314,-1780.0314,0.97833616,0.23691598,10000.0,100.0,20,1000.0,500.7286,3652.8115,1768.5442,-17.201591,527.921,-328.3033,24717.73,0.0067412746,0.23178346,0.23178346,1e-05,0.0003,-1047.5135,0.006564143180847168,7543.041157245636,1495000,0.0,495000.0,-0.04920408908227894,-2.1578676767138933,200.0,1.278515100479126,0.10065418933318668
-1684.2374,0.005768857,0.07084235,1684.2432,-1684.2432,0.87155193,0.24729948,10000.0,100.0,20,1000.0,340.31042,3656.884,1675.227,-53.65725,230.90912,-234.40045,15916.165,0.007534003,0.21553434,0.21553434,1e-05,0.0003,-1128.3927,0.006542460155487061,7575.753463506699,1500000,0.0,500000.0,-0.031224277519559862,-5.649167220563551,200.0,1.2868049144744873,0.018318116644274376
-1612.4758,0.004682848,0.053904824,1612.4805,-1612.4805,1.0137455,0.24423328,10000.0,100.0,20,1000.0,576.7416,3650.9612,1604.1228,-34.526703,526.1193,-722.6434,26876.193,0.005891495,0.2475904,0.2475904,1e-05,0.0003,-788.14386,0.011414054775238037,7632.823743104935,1505000,0.0,505000.0,-0.20318796792740068,-13.287211392274685,200.0,1.2885642051696777,-0.16181153199357734
-1570.0464,0.006704832,0.065974176,1570.0531,-1570.0531,0.7276747,0.25495532,10000.0,100.0,20,1000.0,495.10666,3647.3,1560.0762,-18.551434,306.17532,-520.4701,23500.55,0.00680923,0.18552455,0.18552455,1e-05,0.0003,-889.41516,0.006679389238357544,7666.220694303513,1510000,0.0,510000.0,-0.0300291443660633,-4.1669414376641525,200.0,1.3039131164550781,0.05327376804839809
-1627.3517,0.0052017528,0.047048762,1627.3569,-1627.3569,1.1490536,0.26703593,10000.0,100.0,20,1000.0,377.53537,3642.567,1620.1571,-16.76844,282.53595,-235.46857,20399.37,0.0065695234,0.3068386,0.3068386,1e-05,0.0003,-942.97766,0.007168242835998535,7702.061914682388,1515000,0.0,515000.0,-0.02327633334848827,15.22344405493147,200.0,1.5409986972808838,0.5105614253612343
-1521.5654,0.0065683653,0.06258165,1521.572,-1521.572,1.031883,0.2700804,10000.0,100.0,20,1000.0,629.2405,3643.201,1514.8708,-17.63023,511.32166,-453.36597,26019.027,0.0066672196,0.27869135,0.27869135,1e-05,0.0003,-613.6336,0.007335205602645874,7738.737948179245,1520000,0.0,520000.0,-0.00809527220883243,-2.8215434020732726,200.0,1.4010677337646484,0.08500258107708066
-1586.1296,0.003928737,0.04048866,1586.1335,-1586.1335,0.42830166,0.2678388,10000.0,100.0,20,1000.0,513.99884,3646.3293,1584.2947,-24.864573,304.80005,-277.2144,21279.37,0.0054045888,0.11471581,0.11471581,1e-05,0.0003,-957.41504,0.007187377738952637,7774.674842596054,1525000,0.0,525000.0,-0.07381498559995407,-6.449892598805784,200.0,1.3834035396575928,-0.000565563234454558
-1594.7397,0.004881297,0.05645197,1594.7446,-1594.7446,0.9441368,0.27365884,10000.0,100.0,20,1000.0,590.5728,3651.2207,1587.959,-68.70071,614.4305,-648.52155,29892.613,0.0074602636,0.25837138,0.25837138,1e-05,0.0003,-745.79553,0.006723593854904175,7808.292817354202,1530000,0.0,530000.0,-0.06120820327060761,-10.73550892158018,200.0,1.2741661071777344,-0.10163418041751705
-1532.5659,0.005383976,0.04581185,1532.5713,-1532.5713,1.0842162,0.27964303,10000.0,100.0,20,1000.0,868.98193,3631.7683,1529.9832,-70.00406,495.92847,-1114.2455,36547.727,0.0063499096,0.3031935,0.3031935,1e-05,0.0003,-360.39047,0.006667171335220337,7841.62867975235,1535000,0.0,535000.0,-0.054440507109983285,-5.200581691133511,200.0,1.294755220413208,0.028897206262468545
-1712.1887,0.004589946,0.05593672,1712.1934,-1712.1934,0.5126384,0.2809196,10000.0,100.0,20,1000.0,691.6051,3627.595,1703.3073,-35.660797,331.1272,-830.78204,31043.447,0.006513096,0.14401017,0.14401017,1e-05,0.0003,-876.5734,0.006795733165740967,7875.607351064682,1540000,0.0,540000.0,-0.04650637887840445,-5.185255997211659,200.0,1.6584551334381104,0.029258635418835426
-1667.1643,0.0061437376,0.05509253,1667.1704,-1667.1704,0.67742676,0.27518398,10000.0,100.0,20,1000.0,377.09265,3644.558,1659.2465,-12.149522,303.74533,-293.53015,19792.326,0.006821776,0.18641698,0.18641698,1e-05,0.0003,-1103.6547,0.006608711767196655,7908.650915622711,1545000,0.0,545000.0,-0.021548493856268974,-4.065214101009135,200.0,1.261791467666626,0.05567282584337647
-1556.8456,0.004724673,0.052332778,1556.8503,-1556.8503,1.2750105,0.2643634,10000.0,100.0,20,1000.0,459.06778,3646.6138,1550.9319,-37.02863,562.0918,-1084.4724,23989.346,0.008602995,0.3370661,0.3370661,1e-05,0.0003,-760.71173,0.006693301105499268,7942.117427349091,1550000,0.0,550000.0,-0.01192121141019295,-4.422142310505144,200.0,1.3259003162384033,0.04725531063659413
-1716.0676,0.0046726083,0.05788751,1716.0723,-1716.0723,0.6123771,0.270326,10000.0,100.0,20,1000.0,312.0389,3658.8127,1707.9137,-27.452728,265.79218,-533.0175,22297.639,0.010405333,0.16554146,0.16554146,1e-05,0.0003,-1238.4872,0.006743660736083984,7975.835736274719,1555000,0.0,555000.0,0.7548424276828163,58.095919999932214,200.0,1.3372578620910645,1.5216323035331336
-1546.2223,0.0054911836,0.06258089,1546.2278,-1546.2278,0.8092899,0.27187964,10000.0,100.0,20,1000.0,462.48346,3646.962,1539.4275,-20.59967,607.2733,-365.59158,26954.043,0.008039471,0.22002944,0.22002944,1e-05,0.0003,-863.70935,0.00669719672203064,8009.321725130081,1560000,0.0,560000.0,-0.023663031483859672,-4.143038814818036,200.0,1.6438226699829102,0.05383746877570477
-1444.7318,0.0046601202,0.04713197,1444.7365,-1444.7365,1.4540243,0.27926764,10000.0,100.0,20,1000.0,330.7088,3626.6448,1441.044,-30.122551,182.2329,-311.62994,14915.785,0.0065338197,0.40606195,0.40606195,1e-05,0.0003,-707.961,0.006621539163589478,8042.429427146912,1565000,0.0,565000.0,-0.019910308318824645,-5.45825195946398,200.0,1.2609734535217285,0.02282051256243849
-1469.8892,0.005939714,0.06445101,1469.8951,-1469.8951,0.7853125,0.26903844,10000.0,100.0,20,1000.0,431.30792,3623.6145,1461.7559,-21.241043,410.20493,-601.6772,24283.414,0.008257222,0.21127924,0.21127924,1e-05,0.0003,-827.30206,0.0067659306049346925,8076.259085655212,1570000,0.0,570000.0,-0.06490212512993523,-5.997300257308349,200.0,1.2872309684753418,0.010108019899832503
-1543.8594,0.0061409906,0.060983956,1543.8655,-1543.8655,0.9706554,0.25918546,10000.0,100.0,20,1000.0,530.31604,3631.145,1535.2521,-19.760948,461.5667,-449.32474,21640.83,0.007616696,0.25157976,0.25157976,1e-05,0.0003,-761.96356,0.006671662759780884,8109.617404460907,1575000,0.0,575000.0,-0.013048631242131443,-3.5348147611324263,200.0,1.2699620723724365,0.06818134825852457
-1432.5148,0.005971991,0.06470344,1432.5208,-1432.5208,0.9394682,0.2668925,10000.0,100.0,20,1000.0,447.81845,3623.512,1424.6157,-22.257757,540.4252,-381.83994,24232.535,0.008026344,0.250737,0.250737,1e-05,0.0003,-733.9593,0.006748298263549805,8143.358901262283,1580000,0.0,580000.0,-0.021417391239184715,6.890532627413597,200.0,1.5979819297790527,0.3140445718546295
-1482.0616,0.0048693744,0.062141612,1482.0665,-1482.0665,0.96616983,0.2745283,10000.0,100.0,20,1000.0,428.5187,3635.4546,1473.6445,-19.897497,489.3567,-210.78265,21418.059,0.0078538945,0.26524097,0.26524097,1e-05,0.0003,-788.302,0.0066475608348846435,8176.596710681915,1585000,0.0,585000.0,-0.020568250532010644,-2.566845827275015,200.0,1.304746389389038,0.09100916910222494
-1628.1918,0.0047899783,0.062214725,1628.1965,-1628.1965,0.69093823,0.28272963,10000.0,100.0,20,1000.0,319.9174,3631.0022,1619.3044,-25.09592,177.97765,-613.47943,18656.398,0.0074072476,0.19534871,0.19534871,1e-05,0.0003,-1112.9257,0.006857144355773926,8210.882437944412,1590000,0.0,590000.0,0.7401390554071086,-0.9969690054205473,200.0,1.3062794208526611,0.12803191392644106
-1494.9832,0.005214084,0.05773417,1494.9884,-1494.9884,1.0204237,0.27070954,10000.0,100.0,20,1000.0,402.21503,3619.4348,1489.1182,-22.419546,447.41815,-282.27374,21687.17,0.00696019,0.27623844,0.27623844,1e-05,0.0003,-816.52966,0.006784463834762573,8244.804761886597,1595000,0.0,595000.0,-0.1908489248702937,-21.504952490669915,200.0,1.279817819595337,-0.35561229870466426
-1564.3713,0.0064000664,0.075658485,1564.3777,-1564.3777,0.81235224,0.27061394,10000.0,100.0,20,1000.0,370.2555,3610.8342,1554.1409,-21.497658,304.73773,-304.2329,17141.816,0.009512165,0.21983385,0.21983385,1e-05,0.0003,-974.282,0.006824545907974243,8278.927496910095,1600000,0.0,600000.0,-0.027146428926145157,-7.075076928842304,200.0,1.3029100894927979,-0.01530942058480297
-1462.0621,0.0051744245,0.046208892,1462.0673,-1462.0673,0.99790895,0.26288316,10000.0,100.0,20,1000.0,538.9269,3614.2773,1455.6901,-20.302053,768.75134,-445.46823,28181.742,0.0071748313,0.26233345,0.26233345,1e-05,0.0003,-660.80176,0.011402521371841431,8335.940109014511,1605000,0.0,605000.0,-0.021612868887754117,-2.828722050912533,200.0,1.281076192855835,0.08483328544798496
-1569.9705,0.0056223376,0.05582195,1569.9761,-1569.9761,1.0206674,0.2620662,10000.0,100.0,20,1000.0,503.4582,3619.9485,1561.9644,-21.10997,430.96643,-414.23328,23691.305,0.00780295,0.26748243,0.26748243,1e-05,0.0003,-799.0298,0.006794717121124267,8369.913699865341,1610000,0.0,610000.0,-0.11920482005129965,-20.121589876612116,200.0,1.2941489219665527,-0.32298815880614534
-1716.9155,0.0065346193,0.0675766,1716.9221,-1716.9221,0.9137738,0.2658312,10000.0,100.0,20,1000.0,612.0205,3632.8438,1706.9508,-31.581429,350.83563,-481.24487,23437.45,0.0077981236,0.2429096,0.2429096,1e-05,0.0003,-861.9854,0.0067146702766418456,8403.487057209015,1615000,0.0,615000.0,-0.06829065724021367,-15.422478419539502,200.0,1.2890305519104004,-0.21216799638713624
-1602.3063,0.006600249,0.06949948,1602.3129,-1602.3129,1.2979788,0.2583749,10000.0,100.0,20,1000.0,375.36282,3596.1619,1592.8655,-16.851227,374.9704,-222.19237,18712.486,0.0075668856,0.33536512,0.33536512,1e-05,0.0003,-891.57837,0.006879837656021118,8437.88625049591,1620000,0.0,620000.0,-0.17233845257682168,-7.716650116524262,200.0,1.354858160018921,-0.030439779911689075
-1614.5627,0.0050716745,0.05665568,1614.5679,-1614.5679,0.64866555,0.262107,10000.0,100.0,20,1000.0,1074.6802,3588.485,1607.5515,-23.46494,984.587,-1079.6492,44579.727,0.006567833,0.17001979,0.17001979,1e-05,0.0003,-369.8628,0.006936332607269287,8472.567919015884,1625000,0.0,625000.0,0.7933676933290928,43.848190091625185,200.0,1.386387586593628,1.185625005778085
-1444.3469,0.0050756526,0.061416708,1444.352,-1444.352,0.9684966,0.2585714,10000.0,100.0,20,1000.0,613.94653,3575.7117,1436.8351,-28.23484,428.6031,-734.2125,26377.16,0.009178734,0.25042552,0.25042552,1e-05,0.0003,-579.97485,0.00695560302734375,8507.345939159393,1630000,0.0,630000.0,-0.13870899365407638,-13.773192706624116,200.0,1.289571762084961,-0.1732725345002849
-1644.3906,0.003646152,0.055052944,1644.3943,-1644.3943,1.0771435,0.26206803,10000.0,100.0,20,1000.0,411.8661,3610.1924,1637.4736,-38.81604,280.14938,-319.52484,19987.908,0.007635424,0.2822849,0.2822849,1e-05,0.0003,-950.2396,0.0068212635517120365,8541.45226240158,1635000,0.0,635000.0,-0.047692167392024275,-1.7247024959286181,200.0,1.3303864002227783,0.11086961753219945
-1495.1271,0.0039772657,0.04453987,1495.1311,-1495.1311,0.94170445,0.2625533,10000.0,100.0,20,1000.0,468.78012,3602.5933,1491.825,-31.009949,255.66396,-481.98297,22275.646,0.008964631,0.24724762,0.24724762,1e-05,0.0003,-779.0993,0.006892735481262207,8575.915944576263,1640000,0.0,640000.0,-0.09041068001342933,-0.8484918613600753,200.0,1.3284571170806885,0.13153348254651007
-1468.098,0.0062528444,0.07157196,1468.1042,-1468.1042,0.66311467,0.25788572,10000.0,100.0,20,1000.0,796.5941,3556.0767,1458.2153,-22.489597,817.74426,-441.7061,32250.344,0.009333814,0.17100781,0.17100781,1e-05,0.0003,-500.4961,0.006512120294570923,8608.476551771164,1645000,0.0,645000.0,-0.13078703600309205,-12.479754479859421,200.0,1.1916241645812988,-0.14276910088768577
-1599.261,0.0036341993,0.05469142,1599.2646,-1599.2646,0.86722773,0.25783145,10000.0,100.0,20,1000.0,527.17084,3578.1853,1592.1829,-25.470312,462.67697,-541.0369,22768.723,0.007556686,0.2235986,0.2235986,1e-05,0.0003,-848.49146,0.007263529396057129,8644.794203519821,1650000,0.0,650000.0,-0.13698477501979384,-6.53244492851996,200.0,1.2856566905975342,-0.002512412691115843
-1409.8871,0.0047245915,0.0552509,1409.8918,-1409.8918,1.5220441,0.25298578,10000.0,100.0,20,1000.0,691.0858,3584.2068,1404.8066,-37.903107,1014.094,-734.33453,39243.688,0.009677595,0.38505548,0.38505548,1e-05,0.0003,-333.7458,0.006914278507232666,8679.365600824356,1655000,0.0,655000.0,-0.02633799821827273,-6.944598240150412,200.0,1.2917697429656982,-0.012232313432706884
-1365.5686,0.004659986,0.060092546,1365.5732,-1365.5732,0.7723813,0.24623676,10000.0,100.0,20,1000.0,616.52466,3607.0757,1359.5134,-23.21826,574.3852,-624.0225,28831.61,0.010397057,0.19018868,0.19018868,1e-05,0.0003,-558.8553,0.006897422742843628,8713.852719783783,1660000,0.0,660000.0,-0.07091206690978506,70.25022404234221,200.0,1.4207508563995361,1.8082698860579356
-1472.036,0.0043037627,0.0596208,1472.0403,-1472.0403,0.6372482,0.23832281,10000.0,100.0,20,1000.0,458.48096,3604.3267,1463.7131,-34.05483,303.58725,-228.5559,21748.732,0.008544056,0.15187079,0.15187079,1e-05,0.0003,-861.68427,0.006854034996032715,8748.122900009155,1665000,0.0,665000.0,-0.03470242106291137,-0.2074332530382153,200.0,1.6735055446624756,0.1466517064369877
-1461.6592,0.0050419644,0.056170426,1461.6642,-1461.6642,0.798354,0.23603557,10000.0,100.0,20,1000.0,603.7767,3596.3289,1453.396,-23.9024,710.92847,-825.0141,32537.34,0.007035943,0.18843995,0.18843995,1e-05,0.0003,-669.44257,0.006657468843460083,8781.410249948502,1670000,0.0,670000.0,-0.019549289458742763,12.305766692107376,200.0,1.2870259284973145,0.44175320870406637
-1402.3002,0.005242966,0.056947283,1402.3054,-1402.3054,0.9230345,0.23073311,10000.0,100.0,20,1000.0,655.1484,3600.2283,1397.0652,-18.31097,283.41364,-487.50397,28294.434,0.009040267,0.21297461,0.21297461,1e-05,0.0003,-534.1772,0.006775172233581543,8815.286116361618,1675000,0.0,675000.0,-0.024215514901235306,-2.8233494888545176,200.0,1.2930901050567627,0.08495998774166633
-1557.9299,0.005423028,0.06610685,1557.9353,-1557.9353,0.83767754,0.23319204,10000.0,100.0,20,1000.0,756.8578,3620.367,1550.2753,-29.353537,687.3415,-588.4124,30995.656,0.009521706,0.19533974,0.19533974,1e-05,0.0003,-605.7324,0.0067493009090423585,8849.032626152039,1680000,0.0,680000.0,-0.017212979557230345,-4.200090995308467,200.0,1.2920372486114502,0.05249199485663179
-1524.4805,0.0041674892,0.04321824,1524.4846,-1524.4846,1.1832874,0.23525552,10000.0,100.0,20,1000.0,379.2082,3601.6565,1520.5421,-80.07658,238.95937,-425.22867,18507.957,0.005364132,0.2783749,0.2783749,1e-05,0.0003,-866.89734,0.00669820761680603,8882.523669719696,1685000,0.0,685000.0,-0.1536402386312655,-16.26197226757987,200.0,1.5989043712615967,-0.23196596147893445
-1368.8108,0.0052154725,0.06808769,1368.816,-1368.816,0.92409325,0.24171309,10000.0,100.0,20,1000.0,427.4359,3601.1697,1361.4231,-35.488823,289.02332,-379.84726,19993.332,0.008644604,0.22336546,0.22336546,1e-05,0.0003,-718.0094,0.0066277991771698,8915.662670373917,1690000,0.0,690000.0,-0.00794958448291243,-3.5190917497492635,200.0,1.2650678157806396,0.06855214743856435
-1424.7307,0.005733421,0.05211329,1424.7365,-1424.7365,0.9022428,0.24240363,10000.0,100.0,20,1000.0,609.4348,3600.2144,1422.4534,-19.43617,491.62338,-492.29443,30418.742,0.008539102,0.21870692,0.21870692,1e-05,0.0003,-596.589,0.006584369993209839,8948.584525823593,1695000,0.0,695000.0,-0.26869545943376255,-23.77362675531464,200.0,1.2040693759918213,-0.40911493484779105
-1411.7966,0.004721255,0.053737495,1411.8014,-1411.8014,0.92768264,0.24916874,10000.0,100.0,20,1000.0,392.76697,3646.4297,1404.5867,-32.2334,318.6482,-297.62662,18978.707,0.0063242945,0.23114952,0.23114952,1e-05,0.0003,-787.8801,0.006712779235839844,8982.148427248001,1700000,0.0,700000.0,-0.17871148915973753,-18.982255972986593,200.0,1.3373992443084717,-0.29611900079559655
-1321.2931,0.0038200866,0.05918949,1321.2969,-1321.2969,1.2729023,0.2420268,10000.0,100.0,20,1000.0,529.1024,3632.6914,1313.4127,-27.320704,490.87143,-956.73785,29898.771,0.008166192,0.30807644,0.30807644,1e-05,0.0003,-484.11423,0.011545814275741577,9039.877504110336,1705000,0.0,705000.0,0.5043756194777702,-1.1302194551198788,200.0,1.6596662998199463,0.12488943973467435
-1393.764,0.004969837,0.061308786,1393.769,-1393.769,0.8326614,0.24065557,10000.0,100.0,20,1000.0,546.61,3658.1948,1388.3413,-26.107752,338.16995,-302.35333,22767.457,0.010743789,0.2003846,0.2003846,1e-05,0.0003,-646.7695,0.0067161880493164065,9073.458449602127,1710000,0.0,710000.0,-0.21168664500277246,-29.341921114561725,200.0,1.2798185348510742,-0.5404332257472014
-1375.8665,0.005059575,0.059493434,1375.8715,-1375.8715,0.8708073,0.2394545,10000.0,100.0,20,1000.0,460.81735,3654.4111,1368.458,-33.000732,640.8221,-788.528,22409.906,0.0086161895,0.20851871,0.20851871,1e-05,0.0003,-706.5304,0.006806332397460937,9107.49011683464,1715000,0.0,715000.0,-0.05442870169099754,-1.59709637024222,200.0,1.2736883163452148,0.11387898040929038
-1386.3728,0.005375038,0.066553876,1386.3782,-1386.3782,0.96418184,0.24216007,10000.0,100.0,20,1000.0,391.08838,3590.2046,1378.6624,-24.184961,238.7484,-342.54697,18882.684,0.0065390747,0.23348634,0.23348634,1e-05,0.0003,-761.7981,0.006704161262512207,9141.010928153992,1720000,0.0,720000.0,-0.018546016565177428,-12.068126421746616,200.0,1.2614827156066895,-0.1330615873134706
-1479.235,0.0042133294,0.050125092,1479.2393,-1479.2393,0.79597336,0.24431124,10000.0,100.0,20,1000.0,488.9762,3618.2388,1475.0273,-23.797056,560.4223,-584.02673,26465.516,0.00949709,0.19446523,0.19446523,1e-05,0.0003,-795.7936,0.0066937632083892825,9174.479749441147,1725000,0.0,725000.0,-0.0733092206275686,-3.512710218848905,200.0,1.652254343032837,0.06870264446280396
-1371.8289,0.0047573103,0.05773187,1371.8336,-1371.8336,0.6646367,0.2368423,10000.0,100.0,20,1000.0,566.2716,3670.4133,1364.5892,-25.015072,653.9378,-528.9595,25364.002,0.0074017006,0.1574141,0.1574141,1e-05,0.0003,-648.1432,0.006656184530258178,9207.760677576065,1730000,0.0,730000.0,-0.004970123113952533,49.065170565235356,200.0,1.3371849060058594,1.3086581852852686
-1395.0079,0.005521253,0.06698663,1395.0134,-1395.0134,0.87346715,0.23303783,10000.0,100.0,20,1000.0,517.48267,3674.1235,1386.9067,-24.307022,327.5941,-256.0232,19546.47,0.008540675,0.20355089,0.20355089,1e-05,0.0003,-673.97437,0.006728313159942627,9241.402249574661,1735000,0.0,735000.0,-0.1022581025739541,15.006357462140219,200.0,1.3235220909118652,0.5054418252640911
-1293.1493,0.004818553,0.053933077,1293.154,-1293.154,0.9462792,0.2244911,10000.0,100.0,20,1000.0,629.6345,3658.007,1289.6882,-19.330898,310.16846,-542.0862,26626.777,0.008160591,0.21243125,0.21243125,1e-05,0.0003,-451.0835,0.006857650899887085,9275.690510034561,1740000,0.0,740000.0,-0.11862074609442073,26.064956271145334,200.0,1.2983982563018799,0.7662391541497654
-1397.6869,0.0051115984,0.064912826,1397.692,-1397.692,0.7732433,0.23062237,10000.0,100.0,20,1000.0,457.64938,3631.737,1391.5339,-42.887432,431.4191,-327.11218,22698.816,0.009226247,0.1783272,0.1783272,1e-05,0.0003,-761.71027,0.006735911417007447,9309.370072841644,1745000,0.0,745000.0,-0.03938768432889573,-3.7302898854824558,200.0,1.625098705291748,0.06357141609853251
-1336.8113,0.004335756,0.05549407,1336.8157,-1336.8157,1.1074703,0.23331204,10000.0,100.0,20,1000.0,477.48682,3670.605,1332.3359,-29.142838,329.25644,-366.8557,23732.938,0.00800931,0.25838614,0.25838614,1e-05,0.0003,-600.93835,0.006742263031005859,9343.081393241882,1750000,0.0,750000.0,-0.04736491988372915,-4.6036385660981,200.0,1.3102083206176758,0.042975045163643776
-1469.9021,0.0054238737,0.06338541,1469.9075,-1469.9075,0.82061285,0.24404775,10000.0,100.0,20,1000.0,526.0658,3679.675,1462.9418,-20.974268,272.26212,-392.50317,22852.21,0.008025058,0.20026872,0.20026872,1e-05,0.0003,-743.56757,0.006853931951522827,9377.351058244705,1755000,0.0,755000.0,-0.020394495851346065,-3.5056959315514105,200.0,1.3455965518951416,0.06886806391809097
-1403.3776,0.0060107857,0.063115604,1403.3835,-1403.3835,1.0111413,0.23856227,10000.0,100.0,20,1000.0,556.8939,3640.7349,1397.0491,-24.196922,379.84708,-306.6257,20983.463,0.009392133,0.24122018,0.24122018,1e-05,0.0003,-605.2635,0.006842143392562866,9411.56178021431,1760000,0.0,760000.0,-0.08937774734856674,-14.400461860087905,200.0,1.292942762374878,-0.18806555869269176
-1532.6938,0.004821821,0.04495309,1532.6987,-1532.6987,1.0415251,0.24818765,10000.0,100.0,20,1000.0,513.73627,3631.431,1531.169,-37.615425,310.03726,-311.69992,20895.602,0.00729615,0.2584937,0.2584937,1e-05,0.0003,-760.46387,0.006794826507568359,9445.535918235779,1765000,0.0,765000.0,-0.08534527114334968,-15.611600382503934,200.0,1.266068458557129,-0.21662810056729473
-1290.7407,0.0044010994,0.06255177,1290.7451,-1290.7451,1.0245683,0.25564662,10000.0,100.0,20,1000.0,546.94775,3665.583,1286.3802,-30.341066,386.80905,-524.11755,25711.344,0.00913499,0.26192743,0.26192743,1e-05,0.0003,-481.86554,0.006737648487091064,9479.224166631699,1770000,0.0,770000.0,-0.04371275393386816,-1.5483616957257194,200.0,1.3259124755859375,0.11502830078500258
-1338.6456,0.00472751,0.061535113,1338.6504,-1338.6504,0.902003,0.25891992,10000.0,100.0,20,1000.0,574.7986,3657.503,1332.6545,-22.887177,345.94547,-455.7346,25800.213,0.010009991,0.23354656,0.23354656,1e-05,0.0003,-530.3005,0.006858783149719238,9513.51808810234,1775000,0.0,775000.0,-0.0347915330881844,-3.111414502805881,200.0,1.3462893962860107,0.07816648817798257
-1308.2988,0.0060426127,0.058392774,1308.3049,-1308.3049,1.0470097,0.26780263,10000.0,100.0,20,1000.0,515.9806,3670.727,1303.9355,-23.43282,317.854,-351.68115,22129.264,0.0073693255,0.28039193,0.28039193,1e-05,0.0003,-511.9263,0.007082774209976196,9548.931965351105,1780000,0.0,780000.0,-0.04783950903588258,-4.482381253310784,200.0,1.3406448364257812,0.04583468261219968
-1436.0834,0.005253478,0.069185905,1436.0886,-1436.0886,0.76585954,0.26646328,10000.0,100.0,20,1000.0,748.45215,3719.787,1427.5822,-28.934149,400.90674,-438.6275,28664.26,0.009135376,0.20407346,0.20407346,1e-05,0.0003,-483.55777,0.0070043213844299314,9583.9535779953,1785000,0.0,785000.0,-0.05554048466116638,-0.12748953166938398,200.0,1.354992389678955,0.14853703651851613
-1596.2854,0.00535029,0.057461224,1596.2908,-1596.2908,0.94801795,0.26416907,10000.0,100.0,20,1000.0,581.5818,3711.346,1588.1017,-22.975618,869.0381,-643.8209,29650.854,0.0073066894,0.25043702,0.25043702,1e-05,0.0003,-764.2666,0.0071083731174469,9619.495448827744,1790000,0.0,790000.0,-0.00998306193981823,13.362598319012044,200.0,1.3684346675872803,0.46667669766852726
-1520.4113,0.005091123,0.06293481,1520.4164,-1520.4164,0.8708985,0.26145956,10000.0,100.0,20,1000.0,546.6323,3711.2603,1512.4525,-32.36134,429.31848,-289.36697,23265.979,0.008755966,0.22770473,0.22770473,1e-05,0.0003,-746.0742,0.007051015043258667,9654.750530004501,1795000,0.0,795000.0,-0.07241629208223437,1.32294205996879,200.0,1.3701326847076416,0.18274287862959854
-1471.0118,0.004813881,0.05794921,1471.0166,-1471.0166,1.0124005,0.26256308,10000.0,100.0,20,1000.0,519.8797,3707.6074,1463.7722,-19.047869,252.54039,-308.14038,22219.486,0.008322597,0.265819,0.265819,1e-05,0.0003,-685.3131,0.007007483386993408,9689.787952423096,1800000,0.0,800000.0,-0.12029754200534318,7.658701603787735,200.0,1.2913026809692383,0.33216046706262653
-1488.3308,0.005183323,0.061123893,1488.3359,-1488.3359,0.8766683,0.24762927,10000.0,100.0,20,1000.0,568.34326,3738.4905,1481.823,-20.273819,748.9709,-345.6966,26324.629,0.006873063,0.21708873,0.21708873,1e-05,0.0003,-702.8988,0.01154742226600647,9747.525069475174,1805000,0.0,805000.0,-0.06301375964737775,-3.1581980621104724,200.0,1.3043160438537598,0.07706318137455041
-1367.4525,0.005708572,0.068985604,1367.4583,-1367.4583,1.0613773,0.24330842,10000.0,100.0,20,1000.0,576.8385,3733.9675,1360.7993,-15.548258,442.82672,-403.6315,24144.658,0.009264032,0.25824204,0.25824204,1e-05,0.0003,-532.37195,0.006960753870010376,9782.328844308853,1810000,0.0,810000.0,-0.10953186113227475,-20.488734386721717,200.0,1.3128108978271484,-0.3316466072411905
-1399.5701,0.0046285028,0.056889866,1399.5747,-1399.5747,0.83061713,0.25292155,10000.0,100.0,20,1000.0,765.6259,3754.732,1393.5984,-17.915127,417.3494,-277.09198,26315.582,0.007898498,0.21008097,0.21008097,1e-05,0.0003,-423.8632,0.006992946338653564,9817.293580770493,1815000,0.0,815000.0,-0.08778283840827596,-10.177904350912174,200.0,1.3682243824005127,-0.08848407115717918
-1620.6349,0.0049723373,0.06393032,1620.6399,-1620.6399,0.8535652,0.24202302,10000.0,100.0,20,1000.0,493.7499,3732.7283,1611.6598,-20.82845,403.43433,-287.1346,23747.52,0.0076531055,0.20658243,0.20658243,1e-05,0.0003,-920.3026,0.007089106369018555,9852.739118337631,1820000,0.0,820000.0,-0.16963116857289762,-12.179462463303736,200.0,1.3862457275390625,-0.13568724927555903
-1469.6417,0.005000495,0.067451976,1469.6467,-1469.6467,0.8608047,0.24179374,10000.0,100.0,20,1000.0,736.99164,3792.6611,1462.742,-21.241358,365.61395,-503.31543,29342.453,0.0077445875,0.20813717,0.20813717,1e-05,0.0003,-524.51294,0.00698642053604126,9887.671226739883,1825000,0.0,825000.0,-0.009413573533419112,-3.5273074088806045,200.0,1.328589677810669,0.06835839577133285
-1495.0308,0.0045868987,0.058362573,1495.0354,-1495.0354,0.8523702,0.24402793,10000.0,100.0,20,1000.0,552.75006,3777.7383,1489.604,-19.09644,506.2798,-334.1506,26265.309,0.007064544,0.20800212,0.20800212,1e-05,0.0003,-734.27856,0.007123491811752319,9923.288690567017,1830000,0.0,830000.0,-0.17693496089789895,-14.573588773760521,200.0,1.375190258026123,-0.19214844816393942
-1488.5731,0.004999078,0.07077951,1488.5781,-1488.5781,0.76056767,0.24689662,10000.0,100.0,20,1000.0,518.4914,3784.3645,1479.6282,-34.9425,238.27945,-342.87363,20903.45,0.0090822615,0.18778159,0.18778159,1e-05,0.0003,-782.3002,0.0071276820659637455,9958.927106380463,1835000,0.0,835000.0,-0.005100080704665223,-2.316016560449909,200.0,1.3564019203186035,0.0969245299833043
-1499.289,0.0054482454,0.066093646,1499.2944,-1499.2944,0.61891127,0.25107938,10000.0,100.0,20,1000.0,618.53033,3808.7046,1491.7585,-23.595228,572.3014,-462.77783,29865.44,0.01110565,0.15539587,0.15539587,1e-05,0.0003,-725.36273,0.0071327963829040525,9994.59109377861,1840000,0.0,840000.0,-0.01574843293375495,-3.9769402557265963,200.0,1.3962810039520264,0.05775460703987007
-1547.3658,0.005055487,0.06685179,1547.3708,-1547.3708,0.878544,0.25931498,10000.0,100.0,20,1000.0,1642.4602,3807.0256,1539.1951,-29.22317,1418.8975,-1542.9265,61460.008,0.007616261,0.22781962,0.22781962,1e-05,0.0003,322.914,0.007091088628768921,10030.046541929245,1845000,0.0,845000.0,-0.19858011498122957,-21.94942423200174,200.0,1.3326060771942139,-0.3660943719678802
-1555.431,0.0055895913,0.067895,1555.4366,-1555.4366,1.1397882,0.25824413,10000.0,100.0,20,1000.0,771.46716,3768.441,1548.722,-20.278688,369.15524,-555.6722,29304.824,0.011001667,0.2943436,0.2943436,1e-05,0.0003,-489.62027,0.007092894315719605,10065.511018753052,1850000,0.0,850000.0,-0.005887817954719962,-2.9013412880534477,200.0,1.3303794860839844,0.0831206902630829
-1492.528,0.00413373,0.063651904,1492.5321,-1492.5321,0.7898707,0.2593718,10000.0,100.0,20,1000.0,685.51953,3771.0283,1485.1348,-21.221441,681.4378,-736.9267,29380.424,0.009325175,0.20487016,0.20487016,1e-05,0.0003,-602.13824,0.007232099056243896,10101.67151927948,1855000,0.0,855000.0,-0.030711019880658844,137.8294486614793,200.0,1.4705584049224854,3.402005364958227
-1486.8231,0.0057606054,0.07619825,1486.8289,-1486.8289,0.82544065,0.27214137,10000.0,100.0,20,1000.0,734.5353,3820.6345,1477.6154,-18.118036,727.2544,-800.29065,26724.547,0.0085649295,0.22463655,0.22463655,1e-05,0.0003,-527.6513,0.0069445885181427,10136.394467115402,1860000,0.0,860000.0,-0.02617732669701844,20.25051144003597,200.0,1.6578307151794434,0.6291158434034142
-1405.7078,0.0048905155,0.0709109,1405.7126,-1405.7126,0.9163254,0.28083846,10000.0,100.0,20,1000.0,800.7899,3814.3662,1398.5178,-27.6125,729.40607,-740.44916,32521.176,0.007839617,0.25733942,0.25733942,1e-05,0.0003,-347.57843,0.006753296995162964,10170.160957336426,1865000,0.0,865000.0,-0.00590314041389587,61.46668337915802,200.0,1.3229496479034424,1.6011257457666916
-1486.5768,0.0057147583,0.06578972,1486.5825,-1486.5825,1.2068578,0.2767963,10000.0,100.0,20,1000.0,1113.88,3871.9429,1476.4354,-19.022131,585.8554,-689.71985,44182.79,0.00895678,0.33405378,0.33405378,1e-05,0.0003,-38.643005,0.007010660028457642,10205.214265823364,1870000,0.0,870000.0,-0.17568466366562882,-5.2275373247551205,200.0,1.4182336330413818,0.02826150572134646
-1407.1025,0.004933216,0.056686383,1407.1074,-1407.1074,1.3102541,0.27589872,10000.0,100.0,20,1000.0,598.80457,3886.6453,1401.9136,-16.885942,494.02252,-263.11688,23916.562,0.008217268,0.36149743,0.36149743,1e-05,0.0003,-446.80054,0.00756468768119812,10243.03771018982,1875000,0.0,875000.0,-0.13001078260683582,-8.734503905904308,200.0,1.359895944595337,-0.054444046098678034
-1606.8794,0.0051251743,0.06509987,1606.8845,-1606.8845,0.7468998,0.2783929,10000.0,100.0,20,1000.0,914.90454,3836.2996,1598.0679,-47.257435,827.17365,-942.44574,39973.887,0.010118749,0.20793161,0.20793161,1e-05,0.0003,-484.04324,0.007158063650131226,10278.828033924103,1880000,0.0,880000.0,-0.17419006178518778,20.386301206286838,200.0,1.7408027648925781,0.632318202846945
-1425.4927,0.004426096,0.057647232,1425.4971,-1425.4971,0.999931,0.27128822,10000.0,100.0,20,1000.0,617.4043,3850.932,1423.5227,-15.07048,397.48553,-629.5601,26626.924,0.0058425553,0.2712695,0.2712695,1e-05,0.0003,-536.81885,0.006795193243026733,10312.804008483887,1885000,0.0,885000.0,-0.012549750789239126,8.665347875388795,200.0,1.3025829792022705,0.35590042393243343
-1643.0751,0.005224743,0.071438305,1643.0803,-1643.0803,0.98838603,0.2702311,10000.0,100.0,20,1000.0,720.5825,3774.0798,1633.5958,-28.844507,470.93384,-389.58792,31930.922,0.0076929135,0.26709265,0.26709265,1e-05,0.0003,-655.3999,0.006782924222946167,10346.71863436699,1890000,0.0,890000.0,-0.08932235747396039,-13.093115418242238,200.0,1.275986671447754,-0.15723412463398445
-1452.3763,0.0037510195,0.062299144,1452.3801,-1452.3801,1.3566148,0.2703816,10000.0,100.0,20,1000.0,641.2557,3832.242,1445.213,-46.82378,667.21027,-319.66446,28944.139,0.009111455,0.36680368,0.36680368,1e-05,0.0003,-444.317,0.006793166255950928,10380.684470653534,1895000,0.0,895000.0,-0.00791933066702409,-0.5078721090390949,200.0,1.3441309928894043,0.1395663918784477
-1451.8568,0.00502115,0.06748912,1451.8618,-1451.8618,1.1057122,0.26708257,10000.0,100.0,20,1000.0,999.7518,3847.019,1446.0293,-21.175728,1484.9596,-1374.5146,47104.855,0.008780867,0.29531646,0.29531646,1e-05,0.0003,-156.78857,0.006707243156433105,10414.220691919327,1900000,0.0,900000.0,-0.07982446411962849,-6.951995157016358,200.0,1.277541160583496,-0.012406756523910935
-1433.925,0.004588906,0.06636836,1433.9297,-1433.9297,1.0771089,0.26410505,10000.0,100.0,20,1000.0,942.7211,3886.6184,1426.4838,-34.43011,477.01428,-487.30704,33865.375,0.008795798,0.28446987,0.28446987,1e-05,0.0003,-206.73404,0.011574473524093628,10472.09306526184,1905000,0.0,905000.0,-0.03212605055054229,-3.5441258714566573,200.0,1.292109727859497,0.0679617623287464
-1442.6876,0.004523442,0.069073744,1442.6921,-1442.6921,0.7384642,0.2642145,10000.0,100.0,20,1000.0,854.11096,3847.826,1434.764,-17.358587,487.80276,-499.25485,29529.094,0.007827152,0.19511293,0.19511293,1e-05,0.0003,-393.46375,0.006867930364608765,10506.43272280693,1910000,0.0,910000.0,-0.0088438741166602,1.9295716220322456,200.0,1.3067982196807861,0.19704915487143182
-1461.0588,0.0038720968,0.06471381,1461.0627,-1461.0627,0.7830748,0.25713122,10000.0,100.0,20,1000.0,777.9007,3830.5847,1454.885,-35.097824,507.61343,-462.96204,29900.725,0.009921622,0.20135298,0.20135298,1e-05,0.0003,-481.80518,0.006789855146408081,10540.382003307343,1915000,0.0,915000.0,-0.19641574876416468,-5.447988286100987,200.0,1.2827017307281494,0.02306256299250237
-1393.8501,0.0049052904,0.06709961,1393.855,-1393.855,1.2016958,0.2541736,10000.0,100.0,20,1000.0,4099.962,3870.6062,1387.4878,-30.907133,952.5049,-693.9942,55184.42,0.01075818,0.30543935,0.30543935,1e-05,0.0003,3011.5513,0.006722099494934082,10573.992505550385,1920000,0.0,920000.0,-0.03945976837807544,-4.912890617149196,200.0,1.320296287536621,0.0356818871189857
-1579.743,0.0040653897,0.060383,1579.7471,-1579.7471,1.1617705,0.26418516,10000.0,100.0,20,1000.0,822.0735,3816.448,1572.0194,-37.3382,489.9894,-361.7141,30834.28,0.008733807,0.30692253,0.30692253,1e-05,0.0003,-450.74704,0.006875103092193604,10608.36802649498,1925000,0.0,925000.0,-0.008329146103277455,17.94560222560549,200.0,1.3495392799377441,0.574758670597945
-1571.4388,0.004229352,0.064637296,1571.4431,-1571.4431,1.0768324,0.26564357,10000.0,100.0,20,1000.0,645.62146,3854.6729,1563.9316,-19.625933,344.66858,-273.51965,25562.344,0.0075571146,0.2860536,0.2860536,1e-05,0.0003,-639.7638,0.006934744453430176,10643.04175400734,1930000,0.0,930000.0,-0.06021969180479989,-7.077291468938799,200.0,1.333613395690918,-0.015361646563143537
-1624.5997,0.0047791763,0.06550971,1624.6045,-1624.6045,1.0577236,0.27092084,10000.0,100.0,20,1000.0,684.4443,3842.7617,1618.9795,-21.361635,495.61465,-415.73627,29732.086,0.007343824,0.2865594,0.2865594,1e-05,0.0003,-653.59607,0.006912554359436035,10677.604531049728,1935000,0.0,935000.0,-0.019591855484588232,-2.8228003540148716,200.0,1.3326494693756104,0.08497293810742705
-1541.5974,0.004103399,0.054913644,1541.6016,-1541.6016,1.3137194,0.2669115,10000.0,100.0,20,1000.0,628.9042,3791.9058,1537.6857,-41.24447,297.9913,-281.9355,25230.969,0.007793124,0.35064682,0.35064682,1e-05,0.0003,-562.0464,0.006770993852615356,10711.459505558014,1940000,0.0,940000.0,-0.058825367663077,-1.372474008171028,200.0,1.3100640773773193,0.11917629818416571
-1499.6237,0.0036257668,0.05900776,1499.6273,-1499.6273,1.1578338,0.27445227,10000.0,100.0,20,1000.0,674.8882,3793.3413,1493.0526,-30.008787,384.70557,-473.91318,27831.89,0.01009088,0.3177701,0.3177701,1e-05,0.0003,-506.9654,0.006991695117950439,10746.417986869812,1945000,0.0,945000.0,-0.08904039157990162,-15.839850728453479,200.0,1.3143901824951172,-0.2220109778710991
-1508.8993,0.004508144,0.065703884,1508.9038,-1508.9038,0.62509483,0.27874753,10000.0,100.0,20,1000.0,586.9492,3784.2686,1502.3901,-21.316404,552.0662,-508.65634,29976.559,0.007892847,0.17424364,0.17424364,1e-05,0.0003,-747.7064,0.006881185674667358,10780.823920488358,1950000,0.0,950000.0,-0.1534080056636354,-14.58495093348323,200.0,1.2936968803405762,-0.19241640443554606
-1516.8142,0.00439259,0.0580873,1516.8186,-1516.8186,1.0654083,0.2812077,10000.0,100.0,20,1000.0,769.1278,3814.0945,1511.5247,-21.044651,761.9513,-562.4489,32537.943,0.009099997,0.29960102,0.29960102,1e-05,0.0003,-448.0854,0.006890528678894043,10815.276569128036,1955000,0.0,955000.0,-0.011776411050045309,3.2112898339356692,200.0,1.2897374629974365,0.22727619283724876
-1416.7094,0.0059597436,0.075123854,1416.7153,-1416.7153,0.93844956,0.28018153,10000.0,100.0,20,1000.0,1027.8662,3812.9744,1407.582,-33.74875,921.11395,-596.78345,36631.844,0.007901518,0.26293623,0.26293623,1e-05,0.0003,-125.90689,0.007214748620986938,10851.350318193436,1960000,0.0,960000.0,0.4085415401862963,50.79935329745402,200.0,1.393409013748169,1.3495557919507712
-1354.883,0.004121586,0.060449082,1354.8872,-1354.8872,0.808677,0.27908182,10000.0,100.0,20,1000.0,693.26416,3796.4397,1348.8177,-35.108727,486.82742,-382.73166,26842.93,0.0073718494,0.22568706,0.22568706,1e-05,0.0003,-435.93182,0.0073555512428283695,10888.128079414368,1965000,0.0,965000.0,-0.2131836302465271,-0.7033297982912842,200.0,1.3537280559539795,0.13495687089414107
-1434.8821,0.0036988175,0.053164817,1434.8857,-1434.8857,0.73493946,0.28226706,10000.0,100.0,20,1000.0,655.87476,3809.7952,1429.7041,-31.576876,549.7063,-682.94305,28583.271,0.008556128,0.2074492,0.2074492,1e-05,0.0003,-571.5581,0.007079067134857178,10923.52342057228,1970000,0.0,970000.0,-0.008063552093842933,57.24768636660798,200.0,1.3190891742706299,1.5016282261936238
-1537.5874,0.005327346,0.07322468,1537.5928,-1537.5928,0.67777485,0.27212068,10000.0,100.0,20,1000.0,683.31384,3802.7427,1529.5889,-38.156956,374.72525,-370.67014,27644.086,0.009122563,0.18443654,0.18443654,1e-05,0.0003,-669.83704,0.006599245929718018,10956.519654989243,1975000,0.0,975000.0,-0.007175375089952151,-4.8499261356729395,200.0,1.2771170139312744,0.037166792111678566
-1517.1691,0.0045634364,0.06456484,1517.1736,-1517.1736,0.8543341,0.27450177,10000.0,100.0,20,1000.0,1070.9948,3806.9292,1509.3746,-35.89941,421.98578,-379.68683,32366.04,0.009439539,0.23451623,0.23451623,1e-05,0.0003,-211.65808,0.006547268772125244,10989.256008148193,1980000,0.0,980000.0,-0.010811418682963071,-2.4431814427078007,200.0,1.1995282173156738,0.09392557304547655
-1371.147,0.0042011836,0.06716079,1371.1511,-1371.1511,0.9205518,0.2794519,10000.0,100.0,20,1000.0,661.1024,3823.6558,1365.1958,-47.762463,741.33246,-366.14893,28220.398,0.010222806,0.25724995,0.25724995,1e-05,0.0003,-452.79462,0.0070457603931427006,11024.48481798172,1985000,0.0,985000.0,-0.03608481476338977,-2.793030404224055,200.0,1.3746497631072998,0.08567500927580901
-1503.9017,0.005494007,0.068529114,1503.9072,-1503.9072,0.7585567,0.27647838,10000.0,100.0,20,1000.0,739.05133,3825.0154,1496.1882,-43.12619,308.2273,-338.2602,27776.33,0.00886466,0.20972455,0.20972455,1e-05,0.0003,-555.12585,0.007328440189361572,11061.12702512741,1990000,0.0,990000.0,-0.03700658202961957,-6.959481486027544,200.0,1.438305139541626,-0.012583308241085686
-1414.8969,0.0050428594,0.065899685,1414.9019,-1414.9019,1.04378,0.27672294,10000.0,100.0,20,1000.0,596.7155,3816.9229,1409.2456,-27.916689,562.1889,-352.4634,29530.172,0.008913948,0.28883785,0.28883785,1e-05,0.0003,-529.3435,0.007271862506866455,11097.486342668533,1995000,0.0,995000.0,-0.098883883271099,-8.620758422258039,200.0,1.687572956085205,-0.05176156174237784
-1416.5116,0.0055087972,0.0766226,1416.5171,-1416.5171,0.94279265,0.2775043,10000.0,100.0,20,1000.0,700.1195,3825.4722,1408.614,-15.35771,458.76236,-368.75333,27189.86,0.011115447,0.26162902,0.26162902,1e-05,0.0003,-454.76306,0.007013578319549561,11132.554239988327,2000000,0.0,1000000.0,-0.12715200143264102,-7.703890312244139,200.0,1.3338737487792969,-0.030138862686023005
